trial,samples,master_seed,trial_seed,key,secret_sbox,secret_delta,actual_sk28,actual_active_key,expected_public_missing,total_queries,empirical_rate,theoretical_rate,global_missing_count,detected_sbox,detected_missing,localization_success,filter_executed,tested_candidates,candidate_sample_evaluations,surviving_candidates,actual_candidate_present,recovered_active_bits,consensus_correct,delta_recovered,recovered_delta,delta_success,target_outcome_success,estimated_filter_cpu_seconds
0,64,0x5343454E45525932,0xF336F315FD08B629,2D8D22681EC6F73B1DBB,7,0x4,0x426DB137,0x2A943,0x0,376,0.170212765957,0.164132936375,3,NA,NA,0,0,0,0,0,0,0,0,0,NA,0,0,0.000000
0,96,0x5343454E45525932,0xF336F315FD08B629,2D8D22681EC6F73B1DBB,7,0x4,0x426DB137,0x2A943,0x0,535,0.179439252336,0.164132936375,1,7,0x0,1,1,1048576,55912656,26504,1,0,1,0,NA,0,0,0.064985
0,128,0x5343454E45525932,0xF336F315FD08B629,2D8D22681EC6F73B1DBB,7,0x4,0x426DB137,0x2A943,0x0,683,0.187408491947,0.164132936375,1,7,0x0,1,1,1048576,56283156,3432,1,0,1,0,NA,0,0,0.065415
0,160,0x5343454E45525932,0xF336F315FD08B629,2D8D22681EC6F73B1DBB,7,0x4,0x426DB137,0x2A943,0x0,859,0.186263096624,0.164132936375,1,7,0x0,1,1,1048576,56327840,340,1,0,1,0,NA,0,0,0.065467
0,192,0x5343454E45525932,0xF336F315FD08B629,2D8D22681EC6F73B1DBB,7,0x4,0x426DB137,0x2A943,0x0,1072,0.179104477612,0.164132936375,1,7,0x0,1,1,1048576,56332472,44,1,0,1,0,NA,0,0,0.065473
0,256,0x5343454E45525932,0xF336F315FD08B629,2D8D22681EC6F73B1DBB,7,0x4,0x426DB137,0x2A943,0x0,1513,0.169200264375,0.164132936375,1,7,0x0,1,1,1048576,56333372,8,1,9,1,0,NA,0,0,0.065474
0,320,0x5343454E45525932,0xF336F315FD08B629,2D8D22681EC6F73B1DBB,7,0x4,0x426DB137,0x2A943,0x0,1902,0.168243953733,0.164132936375,1,7,0x0,1,1,1048576,56333660,4,1,18,1,1,0x4,1,1,0.065474
0,384,0x5343454E45525932,0xF336F315FD08B629,2D8D22681EC6F73B1DBB,7,0x4,0x426DB137,0x2A943,0x0,2247,0.170894526035,0.164132936375,1,7,0x0,1,1,1048576,56333916,4,1,18,1,1,0x4,1,1,0.065474
0,512,0x5343454E45525932,0xF336F315FD08B629,2D8D22681EC6F73B1DBB,7,0x4,0x426DB137,0x2A943,0x0,2978,0.171927468099,0.164132936375,1,7,0x0,1,1,1048576,56334428,4,1,18,1,1,0x4,1,1,0.065475
1,64,0x5343454E45525932,0xBE7BE64E9F35FE51,94F734E6CAAB465FFBAF,2,0x3,0x0967B81B,0x26C2A,0x1,446,0.143497757848,0.164132936375,4,NA,NA,0,0,0,0,0,0,0,0,0,NA,0,0,0.000000
1,96,0x5343454E45525932,0xBE7BE64E9F35FE51,94F734E6CAAB465FFBAF,2,0x3,0x0967B81B,0x26C2A,0x1,604,0.158940397351,0.164132936375,2,NA,NA,0,0,0,0,0,0,0,0,0,NA,0,0,0.000000
1,128,0x5343454E45525932,0xBE7BE64E9F35FE51,94F734E6CAAB465FFBAF,2,0x3,0x0967B81B,0x26C2A,0x1,800,0.160000000000,0.164132936375,1,2,0x1,1,1,1048576,56262580,4244,1,0,1,0,NA,0,0,0.064601
1,160,0x5343454E45525932,0xBE7BE64E9F35FE51,94F734E6CAAB465FFBAF,2,0x3,0x0967B81B,0x26C2A,0x1,978,0.163599182004,0.164132936375,1,2,0x1,1,1,1048576,56317896,572,1,0,1,0,NA,0,0,0.064665
1,192,0x5343454E45525932,0xBE7BE64E9F35FE51,94F734E6CAAB465FFBAF,2,0x3,0x0967B81B,0x26C2A,0x1,1157,0.165946413137,0.164132936375,1,2,0x1,1,1,1048576,56326020,72,1,0,1,0,NA,0,0,0.064674
1,256,0x5343454E45525932,0xBE7BE64E9F35FE51,94F734E6CAAB465FFBAF,2,0x3,0x0967B81B,0x26C2A,0x1,1648,0.155339805825,0.164132936375,1,2,0x1,1,1,1048576,56327348,4,1,18,1,1,0x3,1,1,0.064676
1,320,0x5343454E45525932,0xBE7BE64E9F35FE51,94F734E6CAAB465FFBAF,2,0x3,0x0967B81B,0x26C2A,0x1,2047,0.156326331216,0.164132936375,1,2,0x1,1,1,1048576,56327604,4,1,18,1,1,0x3,1,1,0.064676
1,384,0x5343454E45525932,0xBE7BE64E9F35FE51,94F734E6CAAB465FFBAF,2,0x3,0x0967B81B,0x26C2A,0x1,2417,0.158874637981,0.164132936375,1,2,0x1,1,1,1048576,56327860,4,1,18,1,1,0x3,1,1,0.064676
1,512,0x5343454E45525932,0xBE7BE64E9F35FE51,94F734E6CAAB465FFBAF,2,0x3,0x0967B81B,0x26C2A,0x1,3262,0.156958920907,0.164132936375,1,2,0x1,1,1,1048576,56328372,4,1,18,1,1,0x3,1,1,0.064677
2,64,0x5343454E45525932,0x47A801F93B9683AE,32E7661AF47506873F72,7,0x6,0x0FBA64FB,0xB5BAC,0xC,339,0.188790560472,0.164132936375,3,NA,NA,0,0,0,0,0,0,0,0,0,NA,0,0,0.000000
2,96,0x5343454E45525932,0x47A801F93B9683AE,32E7661AF47506873F72,7,0x6,0x0FBA64FB,0xB5BAC,0xC,537,0.178770949721,0.164132936375,1,7,0xC,1,1,1048576,57579496,33924,1,0,1,0,NA,0,0,0.068254
2,128,0x5343454E45525932,0x47A801F93B9683AE,32E7661AF47506873F72,7,0x6,0x0FBA64FB,0xB5BAC,0xC,727,0.176066024759,0.164132936375,1,7,0xC,1,1,1048576,58053752,3928,1,0,1,0,NA,0,0,0.068816
2,160,0x5343454E45525932,0x47A801F93B9683AE,32E7661AF47506873F72,7,0x6,0x0FBA64FB,0xB5BAC,0xC,911,0.175631174533,0.164132936375,1,7,0xC,1,1,1048576,58108240,488,1,0,1,0,NA,0,0,0.068881
2,192,0x5343454E45525932,0x47A801F93B9683AE,32E7661AF47506873F72,7,0x6,0x0FBA64FB,0xB5BAC,0xC,1079,0.177942539388,0.164132936375,1,7,0xC,1,1,1048576,58115528,72,1,0,1,0,NA,0,0,0.068889
2,256,0x5343454E45525932,0x47A801F93B9683AE,32E7661AF47506873F72,7,0x6,0x0FBA64FB,0xB5BAC,0xC,1496,0.171122994652,0.164132936375,1,7,0xC,1,1,1048576,58116744,4,1,18,1,1,0x6,1,1,0.068891
2,320,0x5343454E45525932,0x47A801F93B9683AE,32E7661AF47506873F72,7,0x6,0x0FBA64FB,0xB5BAC,0xC,1887,0.169581346052,0.164132936375,1,7,0xC,1,1,1048576,58117000,4,1,18,1,1,0x6,1,1,0.068891
2,384,0x5343454E45525932,0x47A801F93B9683AE,32E7661AF47506873F72,7,0x6,0x0FBA64FB,0xB5BAC,0xC,2292,0.167539267016,0.164132936375,1,7,0xC,1,1,1048576,58117256,4,1,18,1,1,0x6,1,1,0.068891
2,512,0x5343454E45525932,0x47A801F93B9683AE,32E7661AF47506873F72,7,0x6,0x0FBA64FB,0xB5BAC,0xC,3014,0.169873921699,0.164132936375,1,7,0xC,1,1,1048576,58117768,4,1,18,1,1,0x6,1,1,0.068892
3,64,0x5343454E45525932,0x3FCCFF1AD58C0A7F,A4AA3FE4CE923D51B475,3,0x3,0xB2099E40,0x58164,0x5,329,0.194528875380,0.164132936375,5,NA,NA,0,0,0,0,0,0,0,0,0,NA,0,0,0.000000
3,96,0x5343454E45525932,0x3FCCFF1AD58C0A7F,A4AA3FE4CE923D51B475,3,0x3,0xB2099E40,0x58164,0x5,496,0.193548387097,0.164132936375,2,NA,NA,0,0,0,0,0,0,0,0,0,NA,0,0,0.000000
3,128,0x5343454E45525932,0x3FCCFF1AD58C0A7F,A4AA3FE4CE923D51B475,3,0x3,0xB2099E40,0x58164,0x5,683,0.187408491947,0.164132936375,2,NA,NA,0,0,0,0,0,0,0,0,0,NA,0,0,0.000000
3,160,0x5343454E45525932,0x3FCCFF1AD58C0A7F,A4AA3FE4CE923D51B475,3,0x3,0xB2099E40,0x58164,0x5,837,0.191158900836,0.164132936375,1,3,0x5,1,1,1048576,57289136,1160,1,0,1,0,NA,0,0,0.065488
3,192,0x5343454E45525932,0x3FCCFF1AD58C0A7F,A4AA3FE4CE923D51B475,3,0x3,0xB2099E40,0x58164,0x5,1041,0.184438040346,0.164132936375,1,3,0x5,1,1,1048576,57304368,148,1,0,1,0,NA,0,0,0.065505
3,256,0x5343454E45525932,0x3FCCFF1AD58C0A7F,A4AA3FE4CE923D51B475,3,0x3,0xB2099E40,0x58164,0x5,1467,0.174505794138,0.164132936375,1,3,0x5,1,1,1048576,57307348,8,1,8,1,0,NA,0,0,0.065509
3,320,0x5343454E45525932,0x3FCCFF1AD58C0A7F,A4AA3FE4CE923D51B475,3,0x3,0xB2099E40,0x58164,0x5,1858,0.172228202368,0.164132936375,1,3,0x5,1,1,1048576,57307644,4,1,18,1,1,0x3,1,1,0.065509
3,384,0x5343454E45525932,0x3FCCFF1AD58C0A7F,A4AA3FE4CE923D51B475,3,0x3,0xB2099E40,0x58164,0x5,2226,0.172506738544,0.164132936375,1,3,0x5,1,1,1048576,57307900,4,1,18,1,1,0x3,1,1,0.065509
3,512,0x5343454E45525932,0x3FCCFF1AD58C0A7F,A4AA3FE4CE923D51B475,3,0x3,0xB2099E40,0x58164,0x5,2937,0.174327545114,0.164132936375,1,3,0x5,1,1,1048576,57308412,4,1,18,1,1,0x3,1,1,0.065510
4,64,0x5343454E45525932,0x6E1DD2B1DEA5D149,774DD26E8744993CD990,7,0x5,0x4C3F16E0,0x37689,0xD,429,0.149184149184,0.164132936375,3,NA,NA,0,0,0,0,0,0,0,0,0,NA,0,0,0.000000
4,96,0x5343454E45525932,0x6E1DD2B1DEA5D149,774DD26E8744993CD990,7,0x5,0x4C3F16E0,0x37689,0xD,646,0.148606811146,0.164132936375,1,7,0xD,1,1,1048576,57345416,39568,1,0,1,0,NA,0,0,0.065607
4,128,0x5343454E45525932,0x6E1DD2B1DEA5D149,774DD26E8744993CD990,7,0x5,0x4C3F16E0,0x37689,0xD,849,0.150765606596,0.164132936375,1,7,0xD,1,1,1048576,57898560,5164,1,0,1,0,NA,0,0,0.066240
4,160,0x5343454E45525932,0x6E1DD2B1DEA5D149,774DD26E8744993CD990,7,0x5,0x4C3F16E0,0x37689,0xD,1030,0.155339805825,0.164132936375,1,7,0xD,1,1,1048576,57977332,860,1,0,1,0,NA,0,0,0.066330
4,192,0x5343454E45525932,0x6E1DD2B1DEA5D149,774DD26E8744993CD990,7,0x5,0x4C3F16E0,0x37689,0xD,1244,0.154340836013,0.164132936375,1,7,0xD,1,1,1048576,57986576,64,1,0,1,0,NA,0,0,0.066341
4,256,0x5343454E45525932,0x6E1DD2B1DEA5D149,774DD26E8744993CD990,7,0x5,0x4C3F16E0,0x37689,0xD,1597,0.160300563557,0.164132936375,1,7,0xD,1,1,1048576,57987676,4,1,18,1,1,0x5,1,1,0.066342
4,320,0x5343454E45525932,0x6E1DD2B1DEA5D149,774DD26E8744993CD990,7,0x5,0x4C3F16E0,0x37689,0xD,1964,0.162932790224,0.164132936375,1,7,0xD,1,1,1048576,57987932,4,1,18,1,1,0x5,1,1,0.066342
4,384,0x5343454E45525932,0x6E1DD2B1DEA5D149,774DD26E8744993CD990,7,0x5,0x4C3F16E0,0x37689,0xD,2301,0.166883963494,0.164132936375,1,7,0xD,1,1,1048576,57988188,4,1,18,1,1,0x5,1,1,0.066342
4,512,0x5343454E45525932,0x6E1DD2B1DEA5D149,774DD26E8744993CD990,7,0x5,0x4C3F16E0,0x37689,0xD,3038,0.168531928901,0.164132936375,1,7,0xD,1,1,1048576,57988700,4,1,18,1,1,0x5,1,1,0.066343
5,64,0x5343454E45525932,0x2FC82C980E36CD39,D22B67D69BF6BA501C9C,3,0x8,0xEC52B56E,0x5BD9D,0x1,388,0.164948453608,0.164132936375,3,NA,NA,0,0,0,0,0,0,0,0,0,NA,0,0,0.000000
5,96,0x5343454E45525932,0x2FC82C980E36CD39,D22B67D69BF6BA501C9C,3,0x8,0xEC52B56E,0x5BD9D,0x1,605,0.158677685950,0.164132936375,1,3,0x1,1,1,1048576,56003732,33988,1,0,1,0,NA,0,0,0.065147
5,128,0x5343454E45525932,0x2FC82C980E36CD39,D22B67D69BF6BA501C9C,3,0x8,0xEC52B56E,0x5BD9D,0x1,791,0.161820480405,0.164132936375,1,3,0x1,1,1,1048576,56469272,4096,1,0,1,0,NA,0,0,0.065688
5,160,0x5343454E45525932,0x2FC82C980E36CD39,D22B67D69BF6BA501C9C,3,0x8,0xEC52B56E,0x5BD9D,0x1,967,0.165460186143,0.164132936375,1,3,0x1,1,1,1048576,56517432,328,1,0,1,0,NA,0,0,0.065744
5,192,0x5343454E45525932,0x2FC82C980E36CD39,D22B67D69BF6BA501C9C,3,0x8,0xEC52B56E,0x5BD9D,0x1,1112,0.172661870504,0.164132936375,1,3,0x1,1,1,1048576,56522728,64,1,0,1,0,NA,0,0,0.065751
5,256,0x5343454E45525932,0x2FC82C980E36CD39,D22B67D69BF6BA501C9C,3,0x8,0xEC52B56E,0x5BD9D,0x1,1459,0.175462645648,0.164132936375,1,3,0x1,1,1,1048576,56523744,8,1,12,1,0,NA,0,0,0.065752
5,320,0x5343454E45525932,0x2FC82C980E36CD39,D22B67D69BF6BA501C9C,3,0x8,0xEC52B56E,0x5BD9D,0x1,1786,0.179171332587,0.164132936375,1,3,0x1,1,1,1048576,56524056,4,1,18,1,1,0x8,1,1,0.065752
5,384,0x5343454E45525932,0x2FC82C980E36CD39,D22B67D69BF6BA501C9C,3,0x8,0xEC52B56E,0x5BD9D,0x1,2234,0.171888988362,0.164132936375,1,3,0x1,1,1,1048576,56524312,4,1,18,1,1,0x8,1,1,0.065752
5,512,0x5343454E45525932,0x2FC82C980E36CD39,D22B67D69BF6BA501C9C,3,0x8,0xEC52B56E,0x5BD9D,0x1,3000,0.170666666667,0.164132936375,1,3,0x1,1,1,1048576,56524824,4,1,18,1,1,0x8,1,1,0.065753
6,64,0x5343454E45525932,0xDC6928461454A504,45A5D1D1DF1DAA902B5D,0,0x2,0x6322B1EC,0x4885C,0x7,366,0.174863387978,0.164132936375,2,NA,NA,0,0,0,0,0,0,0,0,0,NA,0,0,0.000000
6,96,0x5343454E45525932,0xDC6928461454A504,45A5D1D1DF1DAA902B5D,0,0x2,0x6322B1EC,0x4885C,0x7,584,0.164383561644,0.164132936375,1,0,0x7,1,1,1048576,54823172,32860,1,0,1,0,NA,0,0,0.062163
6,128,0x5343454E45525932,0xDC6928461454A504,45A5D1D1DF1DAA902B5D,0,0x2,0x6322B1EC,0x4885C,0x7,779,0.164313222080,0.164132936375,1,0,0x7,1,1,1048576,55253780,3328,1,0,1,0,NA,0,0,0.062651
6,160,0x5343454E45525932,0xDC6928461454A504,45A5D1D1DF1DAA902B5D,0,0x2,0x6322B1EC,0x4885C,0x7,951,0.168243953733,0.164132936375,1,0,0x7,1,1,1048576,55301444,408,1,0,1,0,NA,0,0,0.062705
6,192,0x5343454E45525932,0xDC6928461454A504,45A5D1D1DF1DAA902B5D,0,0x2,0x6322B1EC,0x4885C,0x7,1146,0.167539267016,0.164132936375,1,0,0x7,1,1,1048576,55308024,76,1,0,1,0,NA,0,0,0.062712
6,256,0x5343454E45525932,0xDC6928461454A504,45A5D1D1DF1DAA902B5D,0,0x2,0x6322B1EC,0x4885C,0x7,1515,0.168976897690,0.164132936375,1,0,0x7,1,1,1048576,55309408,4,1,18,1,1,0x2,1,1,0.062714
6,320,0x5343454E45525932,0xDC6928461454A504,45A5D1D1DF1DAA902B5D,0,0x2,0x6322B1EC,0x4885C,0x7,1941,0.164863472437,0.164132936375,1,0,0x7,1,1,1048576,55309664,4,1,18,1,1,0x2,1,1,0.062714
6,384,0x5343454E45525932,0xDC6928461454A504,45A5D1D1DF1DAA902B5D,0,0x2,0x6322B1EC,0x4885C,0x7,2319,0.165588615783,0.164132936375,1,0,0x7,1,1,1048576,55309920,4,1,18,1,1,0x2,1,1,0.062714
6,512,0x5343454E45525932,0xDC6928461454A504,45A5D1D1DF1DAA902B5D,0,0x2,0x6322B1EC,0x4885C,0x7,2960,0.172972972973,0.164132936375,1,0,0x7,1,1,1048576,55310432,4,1,18,1,1,0x2,1,1,0.062715
7,64,0x5343454E45525932,0x26361A9067594AC4,01E441B83367789D2299,3,0xF,0xE6C8FE06,0x7756D,0x9,380,0.168421052632,0.164132936375,3,NA,NA,0,0,0,0,0,0,0,0,0,NA,0,0,0.000000
7,96,0x5343454E45525932,0x26361A9067594AC4,01E441B83367789D2299,3,0xF,0xE6C8FE06,0x7756D,0x9,584,0.164383561644,0.164132936375,1,3,0x9,1,1,1048576,55409244,31152,1,0,1,0,NA,0,0,0.063418
7,128,0x5343454E45525932,0x26361A9067594AC4,01E441B83367789D2299,3,0xF,0xE6C8FE06,0x7756D,0x9,825,0.155151515152,0.164132936375,1,3,0x9,1,1,1048576,55827728,4380,1,0,1,0,NA,0,0,0.063897
7,160,0x5343454E45525932,0x26361A9067594AC4,01E441B83367789D2299,3,0xF,0xE6C8FE06,0x7756D,0x9,999,0.160160160160,0.164132936375,1,3,0x9,1,1,1048576,55885376,620,1,0,1,0,NA,0,0,0.063963
7,192,0x5343454E45525932,0x26361A9067594AC4,01E441B83367789D2299,3,0xF,0xE6C8FE06,0x7756D,0x9,1196,0.160535117057,0.164132936375,1,3,0x9,1,1,1048576,55893372,56,1,0,1,0,NA,0,0,0.063972
7,256,0x5343454E45525932,0x26361A9067594AC4,01E441B83367789D2299,3,0xF,0xE6C8FE06,0x7756D,0x9,1576,0.162436548223,0.164132936375,1,3,0x9,1,1,1048576,55894564,4,1,18,1,1,0xF,1,1,0.063974
7,320,0x5343454E45525932,0x26361A9067594AC4,01E441B83367789D2299,3,0xF,0xE6C8FE06,0x7756D,0x9,2051,0.156021452950,0.164132936375,1,3,0x9,1,1,1048576,55894820,4,1,18,1,1,0xF,1,1,0.063974
7,384,0x5343454E45525932,0x26361A9067594AC4,01E441B83367789D2299,3,0xF,0xE6C8FE06,0x7756D,0x9,2421,0.158612143742,0.164132936375,1,3,0x9,1,1,1048576,55895076,4,1,18,1,1,0xF,1,1,0.063974
7,512,0x5343454E45525932,0x26361A9067594AC4,01E441B83367789D2299,3,0xF,0xE6C8FE06,0x7756D,0x9,3216,0.159203980100,0.164132936375,1,3,0x9,1,1,1048576,55895588,4,1,18,1,1,0xF,1,1,0.063975
8,64,0x5343454E45525932,0x3130D6A3B78EA6D4,011EC248FBEC32858E13,6,0x4,0x7EAF012D,0xB3E1B,0x5,337,0.189910979228,0.164132936375,5,NA,NA,0,0,0,0,0,0,0,0,0,NA,0,0,0.000000
8,96,0x5343454E45525932,0x3130D6A3B78EA6D4,011EC248FBEC32858E13,6,0x4,0x7EAF012D,0xB3E1B,0x5,637,0.150706436421,0.164132936375,1,6,0x5,1,1,1048576,55766644,34060,1,0,1,0,NA,0,0,0.067070
8,128,0x5343454E45525932,0x3130D6A3B78EA6D4,011EC248FBEC32858E13,6,0x4,0x7EAF012D,0xB3E1B,0x5,830,0.154216867470,0.164132936375,1,6,0x5,1,1,1048576,56255700,4424,1,0,1,0,NA,0,0,0.067659
8,160,0x5343454E45525932,0x3130D6A3B78EA6D4,011EC248FBEC32858E13,6,0x4,0x7EAF012D,0xB3E1B,0x5,964,0.165975103734,0.164132936375,1,6,0x5,1,1,1048576,56318280,536,1,0,1,0,NA,0,0,0.067734
8,192,0x5343454E45525932,0x3130D6A3B78EA6D4,011EC248FBEC32858E13,6,0x4,0x7EAF012D,0xB3E1B,0x5,1171,0.163962425278,0.164132936375,1,6,0x5,1,1,1048576,56325468,52,1,0,1,0,NA,0,0,0.067742
8,256,0x5343454E45525932,0x3130D6A3B78EA6D4,011EC248FBEC32858E13,6,0x4,0x7EAF012D,0xB3E1B,0x5,1522,0.168199737188,0.164132936375,1,6,0x5,1,1,1048576,56326592,4,1,18,1,1,0x4,1,1,0.067744
8,320,0x5343454E45525932,0x3130D6A3B78EA6D4,011EC248FBEC32858E13,6,0x4,0x7EAF012D,0xB3E1B,0x5,1938,0.165118679051,0.164132936375,1,6,0x5,1,1,1048576,56326848,4,1,18,1,1,0x4,1,1,0.067744
8,384,0x5343454E45525932,0x3130D6A3B78EA6D4,011EC248FBEC32858E13,6,0x4,0x7EAF012D,0xB3E1B,0x5,2345,0.163752665245,0.164132936375,1,6,0x5,1,1,1048576,56327104,4,1,18,1,1,0x4,1,1,0.067744
8,512,0x5343454E45525932,0x3130D6A3B78EA6D4,011EC248FBEC32858E13,6,0x4,0x7EAF012D,0xB3E1B,0x5,3160,0.162025316456,0.164132936375,1,6,0x5,1,1,1048576,56327616,4,1,18,1,1,0x4,1,1,0.067745
9,64,0x5343454E45525932,0xE007F030802BD312,725A59532F40B8B8964D,3,0xF,0xB1D2E6A0,0xF6D04,0xF,364,0.175824175824,0.164132936375,3,NA,NA,0,0,0,0,0,0,0,0,0,NA,0,0,0.000000
9,96,0x5343454E45525932,0xE007F030802BD312,725A59532F40B8B8964D,3,0xF,0xB1D2E6A0,0xF6D04,0xF,642,0.149532710280,0.164132936375,1,3,0xF,1,1,1048576,56308012,33396,1,0,1,0,NA,0,0,0.064712
9,128,0x5343454E45525932,0xE007F030802BD312,725A59532F40B8B8964D,3,0xF,0xB1D2E6A0,0xF6D04,0xF,829,0.154402895054,0.164132936375,1,3,0xF,1,1,1048576,56825172,4468,1,0,1,0,NA,0,0,0.065306
9,160,0x5343454E45525932,0xE007F030802BD312,725A59532F40B8B8964D,3,0xF,0xB1D2E6A0,0xF6D04,0xF,1032,0.155038759690,0.164132936375,1,3,0xF,1,1,1048576,56884788,648,1,0,1,0,NA,0,0,0.065375
9,192,0x5343454E45525932,0xE007F030802BD312,725A59532F40B8B8964D,3,0xF,0xB1D2E6A0,0xF6D04,0xF,1264,0.151898734177,0.164132936375,1,3,0xF,1,1,1048576,56895256,104,1,0,1,0,NA,0,0,0.065387
9,256,0x5343454E45525932,0xE007F030802BD312,725A59532F40B8B8964D,3,0xF,0xB1D2E6A0,0xF6D04,0xF,1646,0.155528554070,0.164132936375,1,3,0xF,1,1,1048576,56896920,4,1,18,1,1,0xF,1,1,0.065389
9,320,0x5343454E45525932,0xE007F030802BD312,725A59532F40B8B8964D,3,0xF,0xB1D2E6A0,0xF6D04,0xF,1996,0.160320641283,0.164132936375,1,3,0xF,1,1,1048576,56897176,4,1,18,1,1,0xF,1,1,0.065389
9,384,0x5343454E45525932,0xE007F030802BD312,725A59532F40B8B8964D,3,0xF,0xB1D2E6A0,0xF6D04,0xF,2367,0.162230671736,0.164132936375,1,3,0xF,1,1,1048576,56897432,4,1,18,1,1,0xF,1,1,0.065389
9,512,0x5343454E45525932,0xE007F030802BD312,725A59532F40B8B8964D,3,0xF,0xB1D2E6A0,0xF6D04,0xF,3186,0.160703075957,0.164132936375,1,3,0xF,1,1,1048576,56897944,4,1,18,1,1,0xF,1,1,0.065390
10,64,0x5343454E45525932,0xACB9FA8FB4C0EE1E,1D05D8987E3A15EC6C6A,2,0x4,0x5E3D448A,0x52379,0x3,404,0.158415841584,0.164132936375,1,2,0x3,1,1,1048576,52642620,244048,1,0,1,0,NA,0,0,0.061083
10,96,0x5343454E45525932,0xACB9FA8FB4C0EE1E,1D05D8987E3A15EC6C6A,2,0x4,0x5E3D448A,0x52379,0x3,609,0.157635467980,0.164132936375,1,2,0x3,1,1,1048576,56037780,27068,1,0,1,0,NA,0,0,0.065022
10,128,0x5343454E45525932,0xACB9FA8FB4C0EE1E,1D05D8987E3A15EC6C6A,2,0x4,0x5E3D448A,0x52379,0x3,756,0.169312169312,0.164132936375,1,2,0x3,1,1,1048576,56448520,4264,1,0,1,0,NA,0,0,0.065499
10,160,0x5343454E45525932,0xACB9FA8FB4C0EE1E,1D05D8987E3A15EC6C6A,2,0x4,0x5E3D448A,0x52379,0x3,907,0.176405733186,0.164132936375,1,2,0x3,1,1,1048576,56514508,740,1,0,1,0,NA,0,0,0.065575
10,192,0x5343454E45525932,0xACB9FA8FB4C0EE1E,1D05D8987E3A15EC6C6A,2,0x4,0x5E3D448A,0x52379,0x3,1108,0.173285198556,0.164132936375,1,2,0x3,1,1,1048576,56526124,124,1,0,1,0,NA,0,0,0.065589
10,256,0x5343454E45525932,0xACB9FA8FB4C0EE1E,1D05D8987E3A15EC6C6A,2,0x4,0x5E3D448A,0x52379,0x3,1462,0.175102599179,0.164132936375,1,2,0x3,1,1,1048576,56528504,8,1,8,1,0,NA,0,0,0.065592
10,320,0x5343454E45525932,0xACB9FA8FB4C0EE1E,1D05D8987E3A15EC6C6A,2,0x4,0x5E3D448A,0x52379,0x3,1822,0.175631174533,0.164132936375,1,2,0x3,1,1,1048576,56528836,4,1,18,1,1,0x4,1,1,0.065592
10,384,0x5343454E45525932,0xACB9FA8FB4C0EE1E,1D05D8987E3A15EC6C6A,2,0x4,0x5E3D448A,0x52379,0x3,2112,0.181818181818,0.164132936375,1,2,0x3,1,1,1048576,56529092,4,1,18,1,1,0x4,1,1,0.065592
10,512,0x5343454E45525932,0xACB9FA8FB4C0EE1E,1D05D8987E3A15EC6C6A,2,0x4,0x5E3D448A,0x52379,0x3,2919,0.175402535115,0.164132936375,1,2,0x3,1,1,1048576,56529604,4,1,18,1,1,0x4,1,1,0.065593
11,64,0x5343454E45525932,0xBFFF1F7D580EA010,70ACA48331126C0AAD82,2,0xA,0x60A402C3,0x9302C,0x8,296,0.216216216216,0.164132936375,2,NA,NA,0,0,0,0,0,0,0,0,0,NA,0,0,0.000000
11,96,0x5343454E45525932,0xBFFF1F7D580EA010,70ACA48331126C0AAD82,2,0xA,0x60A402C3,0x9302C,0x8,470,0.204255319149,0.164132936375,1,2,0x8,1,1,1048576,55052348,29144,1,0,1,0,NA,0,0,0.064283
11,128,0x5343454E45525932,0xBFFF1F7D580EA010,70ACA48331126C0AAD82,2,0xA,0x60A402C3,0x9302C,0x8,655,0.195419847328,0.164132936375,1,2,0x8,1,1,1048576,55437712,3520,1,0,1,0,NA,0,0,0.064733
11,160,0x5343454E45525932,0xBFFF1F7D580EA010,70ACA48331126C0AAD82,2,0xA,0x60A402C3,0x9302C,0x8,873,0.183276059565,0.164132936375,1,2,0x8,1,1,1048576,55485640,368,1,0,1,0,NA,0,0,0.064789
11,192,0x5343454E45525932,0xBFFF1F7D580EA010,70ACA48331126C0AAD82,2,0xA,0x60A402C3,0x9302C,0x8,1086,0.176795580110,0.164132936375,1,2,0x8,1,1,1048576,55490224,52,1,0,1,0,NA,0,0,0.064794
11,256,0x5343454E45525932,0xBFFF1F7D580EA010,70ACA48331126C0AAD82,2,0xA,0x60A402C3,0x9302C,0x8,1527,0.167648984938,0.164132936375,1,2,0x8,1,1,1048576,55490968,4,1,18,1,1,0xA,1,1,0.064795
11,320,0x5343454E45525932,0xBFFF1F7D580EA010,70ACA48331126C0AAD82,2,0xA,0x60A402C3,0x9302C,0x8,2055,0.155717761557,0.164132936375,1,2,0x8,1,1,1048576,55491224,4,1,18,1,1,0xA,1,1,0.064795
11,384,0x5343454E45525932,0xBFFF1F7D580EA010,70ACA48331126C0AAD82,2,0xA,0x60A402C3,0x9302C,0x8,2437,0.157570783751,0.164132936375,1,2,0x8,1,1,1048576,55491480,4,1,18,1,1,0xA,1,1,0.064795
11,512,0x5343454E45525932,0xBFFF1F7D580EA010,70ACA48331126C0AAD82,2,0xA,0x60A402C3,0x9302C,0x8,3182,0.160905091138,0.164132936375,1,2,0x8,1,1,1048576,55491992,4,1,18,1,1,0xA,1,1,0.064796
12,64,0x5343454E45525932,0x9636B29F21608C75,4820A99C78473847FC49,6,0x1,0x3E485B19,0x15C61,0x7,404,0.158415841584,0.164132936375,2,NA,NA,0,0,0,0,0,0,0,0,0,NA,0,0,0.000000
12,96,0x5343454E45525932,0x9636B29F21608C75,4820A99C78473847FC49,6,0x1,0x3E485B19,0x15C61,0x7,568,0.169014084507,0.164132936375,2,NA,NA,0,0,0,0,0,0,0,0,0,NA,0,0,0.000000
12,128,0x5343454E45525932,0x9636B29F21608C75,4820A99C78473847FC49,6,0x1,0x3E485B19,0x15C61,0x7,759,0.168642951252,0.164132936375,2,NA,NA,0,0,0,0,0,0,0,0,0,NA,0,0,0.000000
12,160,0x5343454E45525932,0x9636B29F21608C75,4820A99C78473847FC49,6,0x1,0x3E485B19,0x15C61,0x7,908,0.176211453744,0.164132936375,1,6,0x7,1,1,1048576,57274044,520,1,0,1,0,NA,0,0,0.066745
12,192,0x5343454E45525932,0x9636B29F21608C75,4820A99C78473847FC49,6,0x1,0x3E485B19,0x15C61,0x7,1130,0.169911504425,0.164132936375,1,6,0x7,1,1,1048576,57282780,112,1,0,1,0,NA,0,0,0.066755
12,256,0x5343454E45525932,0x9636B29F21608C75,4820A99C78473847FC49,6,0x1,0x3E485B19,0x15C61,0x7,1539,0.166341780377,0.164132936375,1,6,0x7,1,1,1048576,57284968,4,1,18,1,1,0x1,1,1,0.066758
12,320,0x5343454E45525932,0x9636B29F21608C75,4820A99C78473847FC49,6,0x1,0x3E485B19,0x15C61,0x7,1959,0.163348647269,0.164132936375,1,6,0x7,1,1,1048576,57285224,4,1,18,1,1,0x1,1,1,0.066758
12,384,0x5343454E45525932,0x9636B29F21608C75,4820A99C78473847FC49,6,0x1,0x3E485B19,0x15C61,0x7,2359,0.162780839339,0.164132936375,1,6,0x7,1,1,1048576,57285480,4,1,18,1,1,0x1,1,1,0.066758
12,512,0x5343454E45525932,0x9636B29F21608C75,4820A99C78473847FC49,6,0x1,0x3E485B19,0x15C61,0x7,3152,0.162436548223,0.164132936375,1,6,0x7,1,1,1048576,57285992,4,1,18,1,1,0x1,1,1,0.066759
13,64,0x5343454E45525932,0xED551B9FD32FAA8F,F14A50EBF83530359B6E,7,0x1,0xB4C29666,0x0DE7A,0x6,476,0.134453781513,0.164132936375,6,NA,NA,0,0,0,0,0,0,0,0,0,NA,0,0,0.000000
13,96,0x5343454E45525932,0xED551B9FD32FAA8F,F14A50EBF83530359B6E,7,0x1,0xB4C29666,0x0DE7A,0x6,672,0.142857142857,0.164132936375,1,7,0x6,1,1,1048576,57306236,37564,1,0,1,0,NA,0,0,0.066393
13,128,0x5343454E45525932,0xED551B9FD32FAA8F,F14A50EBF83530359B6E,7,0x1,0xB4C29666,0x0DE7A,0x6,862,0.148491879350,0.164132936375,1,7,0x6,1,1,1048576,57831016,5028,1,0,1,0,NA,0,0,0.067001
13,160,0x5343454E45525932,0xED551B9FD32FAA8F,F14A50EBF83530359B6E,7,0x1,0xB4C29666,0x0DE7A,0x6,1118,0.143112701252,0.164132936375,1,7,0x6,1,1,1048576,57899788,652,1,0,1,0,NA,0,0,0.067081
13,192,0x5343454E45525932,0xED551B9FD32FAA8F,F14A50EBF83530359B6E,7,0x1,0xB4C29666,0x0DE7A,0x6,1327,0.144687264506,0.164132936375,1,7,0x6,1,1,1048576,57908556,76,1,0,1,0,NA,0,0,0.067091
13,256,0x5343454E45525932,0xED551B9FD32FAA8F,F14A50EBF83530359B6E,7,0x1,0xB4C29666,0x0DE7A,0x6,1615,0.158513931889,0.164132936375,1,7,0x6,1,1,1048576,57910260,4,1,18,1,1,0x1,1,1,0.067093
13,320,0x5343454E45525932,0xED551B9FD32FAA8F,F14A50EBF83530359B6E,7,0x1,0xB4C29666,0x0DE7A,0x6,1907,0.167802831673,0.164132936375,1,7,0x6,1,1,1048576,57910516,4,1,18,1,1,0x1,1,1,0.067093
13,384,0x5343454E45525932,0xED551B9FD32FAA8F,F14A50EBF83530359B6E,7,0x1,0xB4C29666,0x0DE7A,0x6,2291,0.167612396333,0.164132936375,1,7,0x6,1,1,1048576,57910772,4,1,18,1,1,0x1,1,1,0.067093
13,512,0x5343454E45525932,0xED551B9FD32FAA8F,F14A50EBF83530359B6E,7,0x1,0xB4C29666,0x0DE7A,0x6,3143,0.162901686287,0.164132936375,1,7,0x6,1,1,1048576,57911284,4,1,18,1,1,0x1,1,1,0.067094
14,64,0x5343454E45525932,0x6989EFF14FFA5150,A8D27BBEE075C313182A,5,0x5,0x1B4F69BB,0xBF8C9,0x9,381,0.167979002625,0.164132936375,4,NA,NA,0,0,0,0,0,0,0,0,0,NA,0,0,0.000000
14,96,0x5343454E45525932,0x6989EFF14FFA5150,A8D27BBEE075C313182A,5,0x5,0x1B4F69BB,0xBF8C9,0x9,625,0.153600000000,0.164132936375,1,5,0x9,1,1,1048576,54873000,26968,1,0,1,0,NA,0,0,0.063181
14,128,0x5343454E45525932,0x6989EFF14FFA5150,A8D27BBEE075C313182A,5,0x5,0x1B4F69BB,0xBF8C9,0x9,806,0.158808933002,0.164132936375,1,5,0x9,1,1,1048576,55271256,4244,1,0,1,0,NA,0,0,0.063639
14,160,0x5343454E45525932,0x6989EFF14FFA5150,A8D27BBEE075C313182A,5,0x5,0x1B4F69BB,0xBF8C9,0x9,1036,0.154440154440,0.164132936375,1,5,0x9,1,1,1048576,55338280,808,1,0,1,0,NA,0,0,0.063716
14,192,0x5343454E45525932,0x6989EFF14FFA5150,A8D27BBEE075C313182A,5,0x5,0x1B4F69BB,0xBF8C9,0x9,1226,0.156606851550,0.164132936375,1,5,0x9,1,1,1048576,55351464,156,1,0,1,0,NA,0,0,0.063732
14,256,0x5343454E45525932,0x6989EFF14FFA5150,A8D27BBEE075C313182A,5,0x5,0x1B4F69BB,0xBF8C9,0x9,1608,0.159203980100,0.164132936375,1,5,0x9,1,1,1048576,55354228,4,1,18,1,1,0x5,1,1,0.063735
14,320,0x5343454E45525932,0x6989EFF14FFA5150,A8D27BBEE075C313182A,5,0x5,0x1B4F69BB,0xBF8C9,0x9,2035,0.157248157248,0.164132936375,1,5,0x9,1,1,1048576,55354484,4,1,18,1,1,0x5,1,1,0.063735
14,384,0x5343454E45525932,0x6989EFF14FFA5150,A8D27BBEE075C313182A,5,0x5,0x1B4F69BB,0xBF8C9,0x9,2585,0.148549323017,0.164132936375,1,5,0x9,1,1,1048576,55354740,4,1,18,1,1,0x5,1,1,0.063735
14,512,0x5343454E45525932,0x6989EFF14FFA5150,A8D27BBEE075C313182A,5,0x5,0x1B4F69BB,0xBF8C9,0x9,3258,0.157151626765,0.164132936375,1,5,0x9,1,1,1048576,55355252,4,1,18,1,1,0x5,1,1,0.063736
15,64,0x5343454E45525932,0x6C5464CD80FDF835,74F6FF9604DB02906E8C,2,0x4,0x0C12DDC6,0xC06DA,0x9,405,0.158024691358,0.164132936375,4,NA,NA,0,0,0,0,0,0,0,0,0,NA,0,0,0.000000
15,96,0x5343454E45525932,0x6C5464CD80FDF835,74F6FF9604DB02906E8C,2,0x4,0x0C12DDC6,0xC06DA,0x9,553,0.173598553345,0.164132936375,2,NA,NA,0,0,0,0,0,0,0,0,0,NA,0,0,0.000000
15,128,0x5343454E45525932,0x6C5464CD80FDF835,74F6FF9604DB02906E8C,2,0x4,0x0C12DDC6,0xC06DA,0x9,730,0.175342465753,0.164132936375,1,2,0x9,1,1,1048576,57315032,5468,1,0,1,0,NA,0,0,0.066106
15,160,0x5343454E45525932,0x6C5464CD80FDF835,74F6FF9604DB02906E8C,2,0x4,0x0C12DDC6,0xC06DA,0x9,910,0.175824175824,0.164132936375,1,2,0x9,1,1,1048576,57390972,548,1,0,1,0,NA,0,0,0.066194
15,192,0x5343454E45525932,0x6C5464CD80FDF835,74F6FF9604DB02906E8C,2,0x4,0x0C12DDC6,0xC06DA,0x9,1063,0.180620884290,0.164132936375,1,2,0x9,1,1,1048576,57399528,80,1,0,1,0,NA,0,0,0.066204
15,256,0x5343454E45525932,0x6C5464CD80FDF835,74F6FF9604DB02906E8C,2,0x4,0x0C12DDC6,0xC06DA,0x9,1429,0.179146256123,0.164132936375,1,2,0x9,1,1,1048576,57400516,4,1,18,1,1,0x4,1,1,0.066205
15,320,0x5343454E45525932,0x6C5464CD80FDF835,74F6FF9604DB02906E8C,2,0x4,0x0C12DDC6,0xC06DA,0x9,1860,0.172043010753,0.164132936375,1,2,0x9,1,1,1048576,57400772,4,1,18,1,1,0x4,1,1,0.066205
15,384,0x5343454E45525932,0x6C5464CD80FDF835,74F6FF9604DB02906E8C,2,0x4,0x0C12DDC6,0xC06DA,0x9,2217,0.173207036536,0.164132936375,1,2,0x9,1,1,1048576,57401028,4,1,18,1,1,0x4,1,1,0.066205
15,512,0x5343454E45525932,0x6C5464CD80FDF835,74F6FF9604DB02906E8C,2,0x4,0x0C12DDC6,0xC06DA,0x9,2991,0.171180207289,0.164132936375,1,2,0x9,1,1,1048576,57401540,4,1,18,1,1,0x4,1,1,0.066206
16,64,0x5343454E45525932,0xFF51FF93E8E54398,3EB8ED8E076FE2B671D8,0,0x5,0x26607C9D,0xCCD88,0xD,443,0.144469525959,0.164132936375,6,NA,NA,0,0,0,0,0,0,0,0,0,NA,0,0,0.000000
16,96,0x5343454E45525932,0xFF51FF93E8E54398,3EB8ED8E076FE2B671D8,0,0x5,0x26607C9D,0xCCD88,0xD,652,0.147239263804,0.164132936375,1,0,0xD,1,1,1048576,57691208,39880,1,0,1,0,NA,0,0,0.068146
16,128,0x5343454E45525932,0xFF51FF93E8E54398,3EB8ED8E076FE2B671D8,0,0x5,0x26607C9D,0xCCD88,0xD,850,0.150588235294,0.164132936375,1,0,0xD,1,1,1048576,58255768,4768,1,0,1,0,NA,0,0,0.068813
16,160,0x5343454E45525932,0xFF51FF93E8E54398,3EB8ED8E076FE2B671D8,0,0x5,0x26607C9D,0xCCD88,0xD,1026,0.155945419103,0.164132936375,1,0,0xD,1,1,1048576,58319640,704,1,0,1,0,NA,0,0,0.068888
16,192,0x5343454E45525932,0xFF51FF93E8E54398,3EB8ED8E076FE2B671D8,0,0x5,0x26607C9D,0xCCD88,0xD,1216,0.157894736842,0.164132936375,1,0,0xD,1,1,1048576,58329492,100,1,0,1,0,NA,0,0,0.068900
16,256,0x5343454E45525932,0xFF51FF93E8E54398,3EB8ED8E076FE2B671D8,0,0x5,0x26607C9D,0xCCD88,0xD,1648,0.155339805825,0.164132936375,1,0,0xD,1,1,1048576,58331260,4,1,18,1,1,0x5,1,1,0.068902
16,320,0x5343454E45525932,0xFF51FF93E8E54398,3EB8ED8E076FE2B671D8,0,0x5,0x26607C9D,0xCCD88,0xD,2002,0.159840159840,0.164132936375,1,0,0xD,1,1,1048576,58331516,4,1,18,1,1,0x5,1,1,0.068902
16,384,0x5343454E45525932,0xFF51FF93E8E54398,3EB8ED8E076FE2B671D8,0,0x5,0x26607C9D,0xCCD88,0xD,2361,0.162642947903,0.164132936375,1,0,0xD,1,1,1048576,58331772,4,1,18,1,1,0x5,1,1,0.068902
16,512,0x5343454E45525932,0xFF51FF93E8E54398,3EB8ED8E076FE2B671D8,0,0x5,0x26607C9D,0xCCD88,0xD,3188,0.160602258469,0.164132936375,1,0,0xD,1,1,1048576,58332284,4,1,18,1,1,0x5,1,1,0.068903
17,64,0x5343454E45525932,0x8A864ACC3741BDAD,6DFCE0D90DA30FD1471D,6,0x1,0x663D3260,0x3529F,0x8,422,0.151658767773,0.164132936375,2,NA,NA,0,0,0,0,0,0,0,0,0,NA,0,0,0.000000
17,96,0x5343454E45525932,0x8A864ACC3741BDAD,6DFCE0D90DA30FD1471D,6,0x1,0x663D3260,0x3529F,0x8,608,0.157894736842,0.164132936375,2,NA,NA,0,0,0,0,0,0,0,0,0,NA,0,0,0.000000
17,128,0x5343454E45525932,0x8A864ACC3741BDAD,6DFCE0D90DA30FD1471D,6,0x1,0x663D3260,0x3529F,0x8,837,0.152927120669,0.164132936375,1,6,0x8,1,1,1048576,59320276,6964,1,0,1,0,NA,0,0,0.071487
17,160,0x5343454E45525932,0x8A864ACC3741BDAD,6DFCE0D90DA30FD1471D,6,0x1,0x663D3260,0x3529F,0x8,977,0.163766632549,0.164132936375,1,6,0x8,1,1,1048576,59412672,632,1,0,1,0,NA,0,0,0.071598
17,192,0x5343454E45525932,0x8A864ACC3741BDAD,6DFCE0D90DA30FD1471D,6,0x1,0x663D3260,0x3529F,0x8,1134,0.169312169312,0.164132936375,1,6,0x8,1,1,1048576,59421420,100,1,0,1,0,NA,0,0,0.071609
17,256,0x5343454E45525932,0x8A864ACC3741BDAD,6DFCE0D90DA30FD1471D,6,0x1,0x663D3260,0x3529F,0x8,1575,0.162539682540,0.164132936375,1,6,0x8,1,1,1048576,59423548,12,1,3,1,0,NA,0,0,0.071611
17,320,0x5343454E45525932,0x8A864ACC3741BDAD,6DFCE0D90DA30FD1471D,6,0x1,0x663D3260,0x3529F,0x8,1980,0.161616161616,0.164132936375,1,6,0x8,1,1,1048576,59424028,4,1,18,1,1,0x1,1,1,0.071612
17,384,0x5343454E45525932,0x8A864ACC3741BDAD,6DFCE0D90DA30FD1471D,6,0x1,0x663D3260,0x3529F,0x8,2335,0.164453961456,0.164132936375,1,6,0x8,1,1,1048576,59424284,4,1,18,1,1,0x1,1,1,0.071612
17,512,0x5343454E45525932,0x8A864ACC3741BDAD,6DFCE0D90DA30FD1471D,6,0x1,0x663D3260,0x3529F,0x8,3155,0.162282091918,0.164132936375,1,6,0x8,1,1,1048576,59424796,4,1,18,1,1,0x1,1,1,0.071613
18,64,0x5343454E45525932,0xC547D0BB5CE7D591,0A14173F6F19947AB5E2,2,0xD,0x24EECE0A,0x6307E,0xA,381,0.167979002625,0.164132936375,3,NA,NA,0,0,0,0,0,0,0,0,0,NA,0,0,0.000000
18,96,0x5343454E45525932,0xC547D0BB5CE7D591,0A14173F6F19947AB5E2,2,0xD,0x24EECE0A,0x6307E,0xA,596,0.161073825503,0.164132936375,1,2,0xA,1,1,1048576,56636204,36972,1,0,1,0,NA,0,0,0.065272
18,128,0x5343454E45525932,0xC547D0BB5CE7D591,0A14173F6F19947AB5E2,2,0xD,0x24EECE0A,0x6307E,0xA,741,0.172739541161,0.164132936375,1,2,0xA,1,1,1048576,57167236,5480,1,0,1,0,NA,0,0,0.065884
18,160,0x5343454E45525932,0xC547D0BB5CE7D591,0A14173F6F19947AB5E2,2,0xD,0x24EECE0A,0x6307E,0xA,956,0.167364016736,0.164132936375,1,2,0xA,1,1,1048576,57241236,592,1,0,1,0,NA,0,0,0.065969
18,192,0x5343454E45525932,0xC547D0BB5CE7D591,0A14173F6F19947AB5E2,2,0xD,0x24EECE0A,0x6307E,0xA,1215,0.158024691358,0.164132936375,1,2,0xA,1,1,1048576,57249560,80,1,0,1,0,NA,0,0,0.065979
18,256,0x5343454E45525932,0xC547D0BB5CE7D591,0A14173F6F19947AB5E2,2,0xD,0x24EECE0A,0x6307E,0xA,1646,0.155528554070,0.164132936375,1,2,0xA,1,1,1048576,57251360,4,1,18,1,1,0xD,1,1,0.065981
18,320,0x5343454E45525932,0xC547D0BB5CE7D591,0A14173F6F19947AB5E2,2,0xD,0x24EECE0A,0x6307E,0xA,2059,0.155415250121,0.164132936375,1,2,0xA,1,1,1048576,57251616,4,1,18,1,1,0xD,1,1,0.065981
18,384,0x5343454E45525932,0xC547D0BB5CE7D591,0A14173F6F19947AB5E2,2,0xD,0x24EECE0A,0x6307E,0xA,2430,0.158024691358,0.164132936375,1,2,0xA,1,1,1048576,57251872,4,1,18,1,1,0xD,1,1,0.065981
18,512,0x5343454E45525932,0xC547D0BB5CE7D591,0A14173F6F19947AB5E2,2,0xD,0x24EECE0A,0x6307E,0xA,3113,0.164471570832,0.164132936375,1,2,0xA,1,1,1048576,57252384,4,1,18,1,1,0xD,1,1,0.065982
19,64,0x5343454E45525932,0x1DA559B6EDF5322A,1F3918012397946A9831,6,0xF,0xF72FF308,0x37757,0xA,367,0.174386920981,0.164132936375,4,NA,NA,0,0,0,0,0,0,0,0,0,NA,0,0,0.000000
19,96,0x5343454E45525932,0x1DA559B6EDF5322A,1F3918012397946A9831,6,0xF,0xF72FF308,0x37757,0xA,616,0.155844155844,0.164132936375,1,6,0xA,1,1,1048576,56546532,29812,1,0,1,0,NA,0,0,0.068675
19,128,0x5343454E45525932,0x1DA559B6EDF5322A,1F3918012397946A9831,6,0xF,0xF72FF308,0x37757,0xA,808,0.158415841584,0.164132936375,1,6,0xA,1,1,1048576,56979648,4296,1,0,1,0,NA,0,0,0.069201
19,160,0x5343454E45525932,0x1DA559B6EDF5322A,1F3918012397946A9831,6,0xF,0xF72FF308,0x37757,0xA,1028,0.155642023346,0.164132936375,1,6,0xA,1,1,1048576,57041448,656,1,0,1,0,NA,0,0,0.069276
19,192,0x5343454E45525932,0x1DA559B6EDF5322A,1F3918012397946A9831,6,0xF,0xF72FF308,0x37757,0xA,1189,0.161480235492,0.164132936375,1,6,0xA,1,1,1048576,57050236,68,1,0,1,0,NA,0,0,0.069287
19,256,0x5343454E45525932,0x1DA559B6EDF5322A,1F3918012397946A9831,6,0xF,0xF72FF308,0x37757,0xA,1567,0.163369495852,0.164132936375,1,6,0xA,1,1,1048576,57051116,4,1,18,1,1,0xF,1,1,0.069288
19,320,0x5343454E45525932,0x1DA559B6EDF5322A,1F3918012397946A9831,6,0xF,0xF72FF308,0x37757,0xA,1944,0.164609053498,0.164132936375,1,6,0xA,1,1,1048576,57051372,4,1,18,1,1,0xF,1,1,0.069288
19,384,0x5343454E45525932,0x1DA559B6EDF5322A,1F3918012397946A9831,6,0xF,0xF72FF308,0x37757,0xA,2354,0.163126593033,0.164132936375,1,6,0xA,1,1,1048576,57051628,4,1,18,1,1,0xF,1,1,0.069288
19,512,0x5343454E45525932,0x1DA559B6EDF5322A,1F3918012397946A9831,6,0xF,0xF72FF308,0x37757,0xA,3178,0.161107614852,0.164132936375,1,6,0xA,1,1,1048576,57052140,4,1,18,1,1,0xF,1,1,0.069289
20,64,0x5343454E45525932,0x905D8E439D3EE698,272DA0D7CDBFA5FAA712,6,0xB,0xA9A6F075,0xA29CF,0x7,375,0.170666666667,0.164132936375,6,NA,NA,0,0,0,0,0,0,0,0,0,NA,0,0,0.000000
20,96,0x5343454E45525932,0x905D8E439D3EE698,272DA0D7CDBFA5FAA712,6,0xB,0xA9A6F075,0xA29CF,0x7,562,0.170818505338,0.164132936375,2,NA,NA,0,0,0,0,0,0,0,0,0,NA,0,0,0.000000
20,128,0x5343454E45525932,0x905D8E439D3EE698,272DA0D7CDBFA5FAA712,6,0xB,0xA9A6F075,0xA29CF,0x7,761,0.168199737188,0.164132936375,1,6,0x7,1,1,1048576,57588492,5024,1,0,1,0,NA,0,0,0.065707
20,160,0x5343454E45525932,0x905D8E439D3EE698,272DA0D7CDBFA5FAA712,6,0xB,0xA9A6F075,0xA29CF,0x7,940,0.170212765957,0.164132936375,1,6,0x7,1,1,1048576,57655744,560,1,0,1,0,NA,0,0,0.065784
20,192,0x5343454E45525932,0x905D8E439D3EE698,272DA0D7CDBFA5FAA712,6,0xB,0xA9A6F075,0xA29CF,0x7,1191,0.161209068010,0.164132936375,1,6,0x7,1,1,1048576,57663304,60,1,0,1,0,NA,0,0,0.065792
20,256,0x5343454E45525932,0x905D8E439D3EE698,272DA0D7CDBFA5FAA712,6,0xB,0xA9A6F075,0xA29CF,0x7,1601,0.159900062461,0.164132936375,1,6,0x7,1,1,1048576,57664704,4,1,18,1,1,0xB,1,1,0.065794
20,320,0x5343454E45525932,0x905D8E439D3EE698,272DA0D7CDBFA5FAA712,6,0xB,0xA9A6F075,0xA29CF,0x7,1978,0.161779575329,0.164132936375,1,6,0x7,1,1,1048576,57664960,4,1,18,1,1,0xB,1,1,0.065794
20,384,0x5343454E45525932,0x905D8E439D3EE698,272DA0D7CDBFA5FAA712,6,0xB,0xA9A6F075,0xA29CF,0x7,2456,0.156351791531,0.164132936375,1,6,0x7,1,1,1048576,57665216,4,1,18,1,1,0xB,1,1,0.065794
20,512,0x5343454E45525932,0x905D8E439D3EE698,272DA0D7CDBFA5FAA712,6,0xB,0xA9A6F075,0xA29CF,0x7,3407,0.150278837687,0.164132936375,1,6,0x7,1,1,1048576,57665728,4,1,18,1,1,0xB,1,1,0.065795
21,64,0x5343454E45525932,0xD74E107F99B5826F,80A98B246B55201D4056,3,0x9,0xCCC2383F,0x33CD9,0x4,376,0.170212765957,0.164132936375,3,NA,NA,0,0,0,0,0,0,0,0,0,NA,0,0,0.000000
21,96,0x5343454E45525932,0xD74E107F99B5826F,80A98B246B55201D4056,3,0x9,0xCCC2383F,0x33CD9,0x4,610,0.157377049180,0.164132936375,1,3,0x4,1,1,1048576,55881932,32308,1,0,1,0,NA,0,0,0.066694
21,128,0x5343454E45525932,0xD74E107F99B5826F,80A98B246B55201D4056,3,0x9,0xCCC2383F,0x33CD9,0x4,792,0.161616161616,0.164132936375,1,3,0x4,1,1,1048576,56318928,4124,1,0,1,0,NA,0,0,0.067216
21,160,0x5343454E45525932,0xD74E107F99B5826F,80A98B246B55201D4056,3,0x9,0xCCC2383F,0x33CD9,0x4,977,0.163766632549,0.164132936375,1,3,0x4,1,1,1048576,56380924,696,1,0,1,0,NA,0,0,0.067290
21,192,0x5343454E45525932,0xD74E107F99B5826F,80A98B246B55201D4056,3,0x9,0xCCC2383F,0x33CD9,0x4,1195,0.160669456067,0.164132936375,1,3,0x4,1,1,1048576,56391844,80,1,0,1,0,NA,0,0,0.067303
21,256,0x5343454E45525932,0xD74E107F99B5826F,80A98B246B55201D4056,3,0x9,0xCCC2383F,0x33CD9,0x4,1640,0.156097560976,0.164132936375,1,3,0x4,1,1,1048576,56393428,4,1,18,1,1,0x9,1,1,0.067305
21,320,0x5343454E45525932,0xD74E107F99B5826F,80A98B246B55201D4056,3,0x9,0xCCC2383F,0x33CD9,0x4,1998,0.160160160160,0.164132936375,1,3,0x4,1,1,1048576,56393684,4,1,18,1,1,0x9,1,1,0.067305
21,384,0x5343454E45525932,0xD74E107F99B5826F,80A98B246B55201D4056,3,0x9,0xCCC2383F,0x33CD9,0x4,2514,0.152744630072,0.164132936375,1,3,0x4,1,1,1048576,56393940,4,1,18,1,1,0x9,1,1,0.067305
21,512,0x5343454E45525932,0xD74E107F99B5826F,80A98B246B55201D4056,3,0x9,0xCCC2383F,0x33CD9,0x4,3217,0.159154491763,0.164132936375,1,3,0x4,1,1,1048576,56394452,4,1,18,1,1,0x9,1,1,0.067306
22,64,0x5343454E45525932,0x0CB70ED9709F9D58,A6C8FE73D692B1867FDE,6,0xB,0x493187D3,0x4CF92,0x2,403,0.158808933002,0.164132936375,4,NA,NA,0,0,0,0,0,0,0,0,0,NA,0,0,0.000000
22,96,0x5343454E45525932,0x0CB70ED9709F9D58,A6C8FE73D692B1867FDE,6,0xB,0x493187D3,0x4CF92,0x2,557,0.172351885099,0.164132936375,1,6,0x2,1,1,1048576,57194440,37380,1,0,1,0,NA,0,0,0.066215
22,128,0x5343454E45525932,0x0CB70ED9709F9D58,A6C8FE73D692B1867FDE,6,0xB,0x493187D3,0x4CF92,0x2,788,0.162436548223,0.164132936375,1,6,0x2,1,1,1048576,57716064,5504,1,0,1,0,NA,0,0,0.066819
22,160,0x5343454E45525932,0x0CB70ED9709F9D58,A6C8FE73D692B1867FDE,6,0xB,0x493187D3,0x4CF92,0x2,951,0.168243953733,0.164132936375,1,6,0x2,1,1,1048576,57785856,528,1,0,1,0,NA,0,0,0.066900
22,192,0x5343454E45525932,0x0CB70ED9709F9D58,A6C8FE73D692B1867FDE,6,0xB,0x493187D3,0x4CF92,0x2,1133,0.169461606355,0.164132936375,1,6,0x2,1,1,1048576,57793220,72,1,0,1,0,NA,0,0,0.066909
22,256,0x5343454E45525932,0x0CB70ED9709F9D58,A6C8FE73D692B1867FDE,6,0xB,0x493187D3,0x4CF92,0x2,1560,0.164102564103,0.164132936375,1,6,0x2,1,1,1048576,57794192,4,1,18,1,1,0xB,1,1,0.066910
22,320,0x5343454E45525932,0x0CB70ED9709F9D58,A6C8FE73D692B1867FDE,6,0xB,0x493187D3,0x4CF92,0x2,1973,0.162189559047,0.164132936375,1,6,0x2,1,1,1048576,57794448,4,1,18,1,1,0xB,1,1,0.066910
22,384,0x5343454E45525932,0x0CB70ED9709F9D58,A6C8FE73D692B1867FDE,6,0xB,0x493187D3,0x4CF92,0x2,2432,0.157894736842,0.164132936375,1,6,0x2,1,1,1048576,57794704,4,1,18,1,1,0xB,1,1,0.066910
22,512,0x5343454E45525932,0x0CB70ED9709F9D58,A6C8FE73D692B1867FDE,6,0xB,0x493187D3,0x4CF92,0x2,3123,0.163944924752,0.164132936375,1,6,0x2,1,1,1048576,57795216,4,1,18,1,1,0xB,1,1,0.066911
23,64,0x5343454E45525932,0x886B10B0F559647D,14528624F1C9C0CA4BE5,7,0xF,0x0118AEBA,0xE4CC0,0x3,367,0.174386920981,0.164132936375,4,NA,NA,0,0,0,0,0,0,0,0,0,NA,0,0,0.000000
23,96,0x5343454E45525932,0x886B10B0F559647D,14528624F1C9C0CA4BE5,7,0xF,0x0118AEBA,0xE4CC0,0x3,626,0.153354632588,0.164132936375,1,7,0x3,1,1,1048576,56768516,41720,1,0,1,0,NA,0,0,0.063864
23,128,0x5343454E45525932,0x886B10B0F559647D,14528624F1C9C0CA4BE5,7,0xF,0x0118AEBA,0xE4CC0,0x3,853,0.150058616647,0.164132936375,1,7,0x3,1,1,1048576,57353236,5792,1,0,1,0,NA,0,0,0.064522
23,160,0x5343454E45525932,0x886B10B0F559647D,14528624F1C9C0CA4BE5,7,0xF,0x0118AEBA,0xE4CC0,0x3,1002,0.159680638723,0.164132936375,1,7,0x3,1,1,1048576,57446796,1088,1,0,1,0,NA,0,0,0.064627
23,192,0x5343454E45525932,0x886B10B0F559647D,14528624F1C9C0CA4BE5,7,0xF,0x0118AEBA,0xE4CC0,0x3,1173,0.163682864450,0.164132936375,1,7,0x3,1,1,1048576,57461628,96,1,0,1,0,NA,0,0,0.064644
23,256,0x5343454E45525932,0x886B10B0F559647D,14528624F1C9C0CA4BE5,7,0xF,0x0118AEBA,0xE4CC0,0x3,1562,0.163892445583,0.164132936375,1,7,0x3,1,1,1048576,57463132,8,1,8,1,0,NA,0,0,0.064646
23,320,0x5343454E45525932,0x886B10B0F559647D,14528624F1C9C0CA4BE5,7,0xF,0x0118AEBA,0xE4CC0,0x3,1967,0.162684290798,0.164132936375,1,7,0x3,1,1,1048576,57463392,4,1,18,1,1,0xF,1,1,0.064646
23,384,0x5343454E45525932,0x886B10B0F559647D,14528624F1C9C0CA4BE5,7,0xF,0x0118AEBA,0xE4CC0,0x3,2264,0.169611307420,0.164132936375,1,7,0x3,1,1,1048576,57463648,4,1,18,1,1,0xF,1,1,0.064646
23,512,0x5343454E45525932,0x886B10B0F559647D,14528624F1C9C0CA4BE5,7,0xF,0x0118AEBA,0xE4CC0,0x3,3026,0.169200264375,0.164132936375,1,7,0x3,1,1,1048576,57464160,4,1,18,1,1,0xF,1,1,0.064647
24,64,0x5343454E45525932,0x15EE65FE641C7C9F,B2A1F07058BE61C252EF,0,0x7,0xC30794AB,0x486BD,0xC,280,0.228571428571,0.164132936375,2,NA,NA,0,0,0,0,0,0,0,0,0,NA,0,0,0.000000
24,96,0x5343454E45525932,0x15EE65FE641C7C9F,B2A1F07058BE61C252EF,0,0x7,0xC30794AB,0x486BD,0xC,444,0.216216216216,0.164132936375,1,0,0xC,1,1,1048576,55526316,30228,1,0,1,0,NA,0,0,0.065878
24,128,0x5343454E45525932,0x15EE65FE641C7C9F,B2A1F07058BE61C252EF,0,0x7,0xC30794AB,0x486BD,0xC,665,0.192481203008,0.164132936375,1,0,0xC,1,1,1048576,55952332,4560,1,0,1,0,NA,0,0,0.066383
24,160,0x5343454E45525932,0x15EE65FE641C7C9F,B2A1F07058BE61C252EF,0,0x7,0xC30794AB,0x486BD,0xC,828,0.193236714976,0.164132936375,1,0,0xC,1,1,1048576,56012488,464,1,0,1,0,NA,0,0,0.066455
24,192,0x5343454E45525932,0x15EE65FE641C7C9F,B2A1F07058BE61C252EF,0,0x7,0xC30794AB,0x486BD,0xC,1001,0.191808191808,0.164132936375,1,0,0xC,1,1,1048576,56019124,72,1,0,1,0,NA,0,0,0.066463
24,256,0x5343454E45525932,0x15EE65FE641C7C9F,B2A1F07058BE61C252EF,0,0x7,0xC30794AB,0x486BD,0xC,1399,0.182987848463,0.164132936375,1,0,0xC,1,1,1048576,56020016,4,1,18,1,1,0x7,1,1,0.066464
24,320,0x5343454E45525932,0x15EE65FE641C7C9F,B2A1F07058BE61C252EF,0,0x7,0xC30794AB,0x486BD,0xC,1781,0.179674340258,0.164132936375,1,0,0xC,1,1,1048576,56020272,4,1,18,1,1,0x7,1,1,0.066464
24,384,0x5343454E45525932,0x15EE65FE641C7C9F,B2A1F07058BE61C252EF,0,0x7,0xC30794AB,0x486BD,0xC,2196,0.174863387978,0.164132936375,1,0,0xC,1,1,1048576,56020528,4,1,18,1,1,0x7,1,1,0.066464
24,512,0x5343454E45525932,0x15EE65FE641C7C9F,B2A1F07058BE61C252EF,0,0x7,0xC30794AB,0x486BD,0xC,3051,0.167813831531,0.164132936375,1,0,0xC,1,1,1048576,56021040,4,1,18,1,1,0x7,1,1,0.066465
25,64,0x5343454E45525932,0x1F63C807F100A729,0A6E5129A7DF828FFCBA,6,0xD,0xF737C9DA,0x3B7D3,0x0,475,0.134736842105,0.164132936375,3,NA,NA,0,0,0,0,0,0,0,0,0,NA,0,0,0.000000
25,96,0x5343454E45525932,0x1F63C807F100A729,0A6E5129A7DF828FFCBA,6,0xD,0xF737C9DA,0x3B7D3,0x0,650,0.147692307692,0.164132936375,1,6,0x0,1,1,1048576,57502424,40744,1,0,1,0,NA,0,0,0.065406
25,128,0x5343454E45525932,0x1F63C807F100A729,0A6E5129A7DF828FFCBA,6,0xD,0xF737C9DA,0x3B7D3,0x0,826,0.154963680387,0.164132936375,1,6,0x0,1,1,1048576,58072468,5364,1,0,1,0,NA,0,0,0.066054
25,160,0x5343454E45525932,0x1F63C807F100A729,0A6E5129A7DF828FFCBA,6,0xD,0xF737C9DA,0x3B7D3,0x0,1080,0.148148148148,0.164132936375,1,6,0x0,1,1,1048576,58154288,960,1,0,1,0,NA,0,0,0.066147
25,192,0x5343454E45525932,0x1F63C807F100A729,0A6E5129A7DF828FFCBA,6,0xD,0xF737C9DA,0x3B7D3,0x0,1250,0.153600000000,0.164132936375,1,6,0x0,1,1,1048576,58169264,236,1,0,1,0,NA,0,0,0.066164
25,256,0x5343454E45525932,0x1F63C807F100A729,0A6E5129A7DF828FFCBA,6,0xD,0xF737C9DA,0x3B7D3,0x0,1658,0.154402895054,0.164132936375,1,6,0x0,1,1,1048576,58172356,4,1,18,1,1,0xD,1,1,0.066168
25,320,0x5343454E45525932,0x1F63C807F100A729,0A6E5129A7DF828FFCBA,6,0xD,0xF737C9DA,0x3B7D3,0x0,2031,0.157557853274,0.164132936375,1,6,0x0,1,1,1048576,58172612,4,1,18,1,1,0xD,1,1,0.066168
25,384,0x5343454E45525932,0x1F63C807F100A729,0A6E5129A7DF828FFCBA,6,0xD,0xF737C9DA,0x3B7D3,0x0,2417,0.158874637981,0.164132936375,1,6,0x0,1,1,1048576,58172868,4,1,18,1,1,0xD,1,1,0.066168
25,512,0x5343454E45525932,0x1F63C807F100A729,0A6E5129A7DF828FFCBA,6,0xD,0xF737C9DA,0x3B7D3,0x0,3183,0.160854539742,0.164132936375,1,6,0x0,1,1,1048576,58173380,4,1,18,1,1,0xD,1,1,0.066169
26,64,0x5343454E45525932,0x6DD54719C6F64B33,127F85AA937B88F03B73,2,0xA,0x37565E41,0xE1777,0xD,390,0.164102564103,0.164132936375,4,NA,NA,0,0,0,0,0,0,0,0,0,NA,0,0,0.000000
26,96,0x5343454E45525932,0x6DD54719C6F64B33,127F85AA937B88F03B73,2,0xA,0x37565E41,0xE1777,0xD,598,0.160535117057,0.164132936375,1,2,0xD,1,1,1048576,56908832,37272,1,0,1,0,NA,0,0,0.065356
26,128,0x5343454E45525932,0x6DD54719C6F64B33,127F85AA937B88F03B73,2,0xA,0x37565E41,0xE1777,0xD,798,0.160401002506,0.164132936375,1,2,0xD,1,1,1048576,57441020,5112,1,0,1,0,NA,0,0,0.065967
26,160,0x5343454E45525932,0x6DD54719C6F64B33,127F85AA937B88F03B73,2,0xA,0x37565E41,0xE1777,0xD,956,0.167364016736,0.164132936375,1,2,0xD,1,1,1048576,57524728,700,1,0,1,0,NA,0,0,0.066063
26,192,0x5343454E45525932,0x6DD54719C6F64B33,127F85AA937B88F03B73,2,0xA,0x37565E41,0xE1777,0xD,1198,0.160267111853,0.164132936375,1,2,0xD,1,1,1048576,57535332,76,1,0,1,0,NA,0,0,0.066075
26,256,0x5343454E45525932,0x6DD54719C6F64B33,127F85AA937B88F03B73,2,0xA,0x37565E41,0xE1777,0xD,1598,0.160200250313,0.164132936375,1,2,0xD,1,1,1048576,57536660,4,1,18,1,1,0xA,1,1,0.066077
26,320,0x5343454E45525932,0x6DD54719C6F64B33,127F85AA937B88F03B73,2,0xA,0x37565E41,0xE1777,0xD,2062,0.155189136760,0.164132936375,1,2,0xD,1,1,1048576,57536916,4,1,18,1,1,0xA,1,1,0.066077
26,384,0x5343454E45525932,0x6DD54719C6F64B33,127F85AA937B88F03B73,2,0xA,0x37565E41,0xE1777,0xD,2429,0.158089748868,0.164132936375,1,2,0xD,1,1,1048576,57537172,4,1,18,1,1,0xA,1,1,0.066077
26,512,0x5343454E45525932,0x6DD54719C6F64B33,127F85AA937B88F03B73,2,0xA,0x37565E41,0xE1777,0xD,3186,0.160703075957,0.164132936375,1,2,0xD,1,1,1048576,57537684,4,1,18,1,1,0xA,1,1,0.066078
27,64,0x5343454E45525932,0xF503F1B56E44C1F9,76EDC925E9B5D9A86BA8,5,0x6,0x64356564,0x060F2,0x9,340,0.188235294118,0.164132936375,2,NA,NA,0,0,0,0,0,0,0,0,0,NA,0,0,0.000000
27,96,0x5343454E45525932,0xF503F1B56E44C1F9,76EDC925E9B5D9A86BA8,5,0x6,0x64356564,0x060F2,0x9,548,0.175182481752,0.164132936375,1,5,0x9,1,1,1048576,56685440,36864,1,0,1,0,NA,0,0,0.065295
27,128,0x5343454E45525932,0xF503F1B56E44C1F9,76EDC925E9B5D9A86BA8,5,0x6,0x64356564,0x060F2,0x9,730,0.175342465753,0.164132936375,1,5,0x9,1,1,1048576,57192460,5076,1,0,1,0,NA,0,0,0.065879
27,160,0x5343454E45525932,0xF503F1B56E44C1F9,76EDC925E9B5D9A86BA8,5,0x6,0x64356564,0x060F2,0x9,896,0.178571428571,0.164132936375,1,5,0x9,1,1,1048576,57268048,692,1,0,1,0,NA,0,0,0.065966
27,192,0x5343454E45525932,0xF503F1B56E44C1F9,76EDC925E9B5D9A86BA8,5,0x6,0x64356564,0x060F2,0x9,1142,0.168126094571,0.164132936375,1,5,0x9,1,1,1048576,57278248,92,1,0,1,0,NA,0,0,0.065978
27,256,0x5343454E45525932,0xF503F1B56E44C1F9,76EDC925E9B5D9A86BA8,5,0x6,0x64356564,0x060F2,0x9,1510,0.169536423841,0.164132936375,1,5,0x9,1,1,1048576,57279752,4,1,18,1,1,0x6,1,1,0.065980
27,320,0x5343454E45525932,0xF503F1B56E44C1F9,76EDC925E9B5D9A86BA8,5,0x6,0x64356564,0x060F2,0x9,1872,0.170940170940,0.164132936375,1,5,0x9,1,1,1048576,57280008,4,1,18,1,1,0x6,1,1,0.065980
27,384,0x5343454E45525932,0xF503F1B56E44C1F9,76EDC925E9B5D9A86BA8,5,0x6,0x64356564,0x060F2,0x9,2236,0.171735241503,0.164132936375,1,5,0x9,1,1,1048576,57280264,4,1,18,1,1,0x6,1,1,0.065980
27,512,0x5343454E45525932,0xF503F1B56E44C1F9,76EDC925E9B5D9A86BA8,5,0x6,0x64356564,0x060F2,0x9,3129,0.163630552892,0.164132936375,1,5,0x9,1,1,1048576,57280776,4,1,18,1,1,0x6,1,1,0.065981
28,64,0x5343454E45525932,0xAED40DC668805FDB,370A8563B12401BEA504,3,0x0,0x5D2EE184,0xC563B,0x3,443,0.144469525959,0.164132936375,4,NA,NA,0,0,0,0,0,0,0,0,0,NA,0,0,0.000000
28,96,0x5343454E45525932,0xAED40DC668805FDB,370A8563B12401BEA504,3,0x0,0x5D2EE184,0xC563B,0x3,614,0.156351791531,0.164132936375,2,NA,NA,0,0,0,0,0,0,0,0,0,NA,0,0,0.000000
28,128,0x5343454E45525932,0xAED40DC668805FDB,370A8563B12401BEA504,3,0x0,0x5D2EE184,0xC563B,0x3,841,0.152199762188,0.164132936375,1,3,0x3,1,1,1048576,55831944,4104,1,0,1,0,NA,0,0,0.062796
28,160,0x5343454E45525932,0xAED40DC668805FDB,370A8563B12401BEA504,3,0x0,0x5D2EE184,0xC563B,0x3,1042,0.153550863724,0.164132936375,1,3,0x3,1,1,1048576,55886580,516,1,0,1,0,NA,0,0,0.062857
28,192,0x5343454E45525932,0xAED40DC668805FDB,370A8563B12401BEA504,3,0x0,0x5D2EE184,0xC563B,0x3,1237,0.155214227971,0.164132936375,1,3,0x3,1,1,1048576,55892688,56,1,0,1,0,NA,0,0,0.062864
28,256,0x5343454E45525932,0xAED40DC668805FDB,370A8563B12401BEA504,3,0x0,0x5D2EE184,0xC563B,0x3,1626,0.157441574416,0.164132936375,1,3,0x3,1,1,1048576,55894120,8,1,15,1,1,0x0,1,0,0.062866
28,320,0x5343454E45525932,0xAED40DC668805FDB,370A8563B12401BEA504,3,0x0,0x5D2EE184,0xC563B,0x3,1993,0.160561966884,0.164132936375,1,3,0x3,1,1,1048576,55894388,4,1,18,1,1,0x0,1,1,0.062866
28,384,0x5343454E45525932,0xAED40DC668805FDB,370A8563B12401BEA504,3,0x0,0x5D2EE184,0xC563B,0x3,2374,0.161752316765,0.164132936375,1,3,0x3,1,1,1048576,55894644,4,1,18,1,1,0x0,1,1,0.062866
28,512,0x5343454E45525932,0xAED40DC668805FDB,370A8563B12401BEA504,3,0x0,0x5D2EE184,0xC563B,0x3,3046,0.168089297439,0.164132936375,1,3,0x3,1,1,1048576,55895156,4,1,18,1,1,0x0,1,1,0.062867
29,64,0x5343454E45525932,0xAFA23C03F3461119,75C4473CA92CA353C0EC,5,0x8,0xF8A558BD,0x0ABBD,0x3,407,0.157248157248,0.164132936375,3,NA,NA,0,0,0,0,0,0,0,0,0,NA,0,0,0.000000
29,96,0x5343454E45525932,0xAFA23C03F3461119,75C4473CA92CA353C0EC,5,0x8,0xF8A558BD,0x0ABBD,0x3,587,0.163543441227,0.164132936375,2,NA,NA,0,0,0,0,0,0,0,0,0,NA,0,0,0.000000
29,128,0x5343454E45525932,0xAFA23C03F3461119,75C4473CA92CA353C0EC,5,0x8,0xF8A558BD,0x0ABBD,0x3,790,0.162025316456,0.164132936375,1,5,0x3,1,1,1048576,57406664,4596,1,0,1,0,NA,0,0,0.064977
29,160,0x5343454E45525932,0xAFA23C03F3461119,75C4473CA92CA353C0EC,5,0x8,0xF8A558BD,0x0ABBD,0x3,979,0.163432073544,0.164132936375,1,5,0x3,1,1,1048576,57471408,548,1,0,1,0,NA,0,0,0.065050
29,192,0x5343454E45525932,0xAFA23C03F3461119,75C4473CA92CA353C0EC,5,0x8,0xF8A558BD,0x0ABBD,0x3,1147,0.167393199651,0.164132936375,1,5,0x3,1,1,1048576,57478088,48,1,0,1,0,NA,0,0,0.065057
29,256,0x5343454E45525932,0xAFA23C03F3461119,75C4473CA92CA353C0EC,5,0x8,0xF8A558BD,0x0ABBD,0x3,1558,0.164313222080,0.164132936375,1,5,0x3,1,1,1048576,57479400,4,1,18,1,1,0x8,1,1,0.065059
29,320,0x5343454E45525932,0xAFA23C03F3461119,75C4473CA92CA353C0EC,5,0x8,0xF8A558BD,0x0ABBD,0x3,1891,0.169222633527,0.164132936375,1,5,0x3,1,1,1048576,57479656,4,1,18,1,1,0x8,1,1,0.065059
29,384,0x5343454E45525932,0xAFA23C03F3461119,75C4473CA92CA353C0EC,5,0x8,0xF8A558BD,0x0ABBD,0x3,2253,0.170439414115,0.164132936375,1,5,0x3,1,1,1048576,57479912,4,1,18,1,1,0x8,1,1,0.065059
29,512,0x5343454E45525932,0xAFA23C03F3461119,75C4473CA92CA353C0EC,5,0x8,0xF8A558BD,0x0ABBD,0x3,3054,0.167648984938,0.164132936375,1,5,0x3,1,1,1048576,57480424,4,1,18,1,1,0x8,1,1,0.065060
30,64,0x5343454E45525932,0xAFABB5DBEE67F5AB,7F7CE072E1696388E7D7,5,0x2,0x9CC3EC23,0xAA7C1,0xE,388,0.164948453608,0.164132936375,3,NA,NA,0,0,0,0,0,0,0,0,0,NA,0,0,0.000000
30,96,0x5343454E45525932,0xAFABB5DBEE67F5AB,7F7CE072E1696388E7D7,5,0x2,0x9CC3EC23,0xAA7C1,0xE,553,0.173598553345,0.164132936375,2,NA,NA,0,0,0,0,0,0,0,0,0,NA,0,0,0.000000
30,128,0x5343454E45525932,0xAFABB5DBEE67F5AB,7F7CE072E1696388E7D7,5,0x2,0x9CC3EC23,0xAA7C1,0xE,736,0.173913043478,0.164132936375,2,NA,NA,0,0,0,0,0,0,0,0,0,NA,0,0,0.000000
30,160,0x5343454E45525932,0xAFABB5DBEE67F5AB,7F7CE072E1696388E7D7,5,0x2,0x9CC3EC23,0xAA7C1,0xE,955,0.167539267016,0.164132936375,1,5,0xE,1,1,1048576,55399956,564,1,0,1,0,NA,0,0,0.063406
30,192,0x5343454E45525932,0xAFABB5DBEE67F5AB,7F7CE072E1696388E7D7,5,0x2,0x9CC3EC23,0xAA7C1,0xE,1174,0.163543441227,0.164132936375,1,5,0xE,1,1,1048576,55407432,52,1,0,1,0,NA,0,0,0.063414
30,256,0x5343454E45525932,0xAFABB5DBEE67F5AB,7F7CE072E1696388E7D7,5,0x2,0x9CC3EC23,0xAA7C1,0xE,1564,0.163682864450,0.164132936375,1,5,0xE,1,1,1048576,55408724,8,1,11,1,0,NA,0,0,0.063416
30,320,0x5343454E45525932,0xAFABB5DBEE67F5AB,7F7CE072E1696388E7D7,5,0x2,0x9CC3EC23,0xAA7C1,0xE,1900,0.168421052632,0.164132936375,1,5,0xE,1,1,1048576,55409056,4,1,18,1,1,0x2,1,1,0.063416
30,384,0x5343454E45525932,0xAFABB5DBEE67F5AB,7F7CE072E1696388E7D7,5,0x2,0x9CC3EC23,0xAA7C1,0xE,2218,0.173128944995,0.164132936375,1,5,0xE,1,1,1048576,55409312,4,1,18,1,1,0x2,1,1,0.063416
30,512,0x5343454E45525932,0xAFABB5DBEE67F5AB,7F7CE072E1696388E7D7,5,0x2,0x9CC3EC23,0xAA7C1,0xE,2952,0.173441734417,0.164132936375,1,5,0xE,1,1,1048576,55409824,4,1,18,1,1,0x2,1,1,0.063417
31,64,0x5343454E45525932,0x63CB3D896A979159,84F9E42182EC187386A2,4,0xE,0xDDB34E76,0x33DB5,0x5,379,0.168865435356,0.164132936375,3,NA,NA,0,0,0,0,0,0,0,0,0,NA,0,0,0.000000
31,96,0x5343454E45525932,0x63CB3D896A979159,84F9E42182EC187386A2,4,0xE,0xDDB34E76,0x33DB5,0x5,572,0.167832167832,0.164132936375,1,4,0x5,1,1,1048576,56879896,38636,1,0,1,0,NA,0,0,0.065807
31,128,0x5343454E45525932,0x63CB3D896A979159,84F9E42182EC187386A2,4,0xE,0xDDB34E76,0x33DB5,0x5,837,0.152927120669,0.164132936375,1,4,0x5,1,1,1048576,57449128,5284,1,0,1,0,NA,0,0,0.066465
31,160,0x5343454E45525932,0x63CB3D896A979159,84F9E42182EC187386A2,4,0xE,0xDDB34E76,0x33DB5,0x5,1076,0.148698884758,0.164132936375,1,4,0x5,1,1,1048576,57517308,696,1,0,1,0,NA,0,0,0.066544
31,192,0x5343454E45525932,0x63CB3D896A979159,84F9E42182EC187386A2,4,0xE,0xDDB34E76,0x33DB5,0x5,1232,0.155844155844,0.164132936375,1,4,0x5,1,1,1048576,57527900,96,1,0,1,0,NA,0,0,0.066556
31,256,0x5343454E45525932,0x63CB3D896A979159,84F9E42182EC187386A2,4,0xE,0xDDB34E76,0x33DB5,0x5,1606,0.159402241594,0.164132936375,1,4,0x5,1,1,1048576,57529924,8,1,10,1,0,NA,0,0,0.066559
31,320,0x5343454E45525932,0x63CB3D896A979159,84F9E42182EC187386A2,4,0xE,0xDDB34E76,0x33DB5,0x5,2028,0.157790927022,0.164132936375,1,4,0x5,1,1,1048576,57530216,4,1,18,1,1,0xE,1,1,0.066559
31,384,0x5343454E45525932,0x63CB3D896A979159,84F9E42182EC187386A2,4,0xE,0xDDB34E76,0x33DB5,0x5,2409,0.159402241594,0.164132936375,1,4,0x5,1,1,1048576,57530472,4,1,18,1,1,0xE,1,1,0.066559
31,512,0x5343454E45525932,0x63CB3D896A979159,84F9E42182EC187386A2,4,0xE,0xDDB34E76,0x33DB5,0x5,3179,0.161056936143,0.164132936375,1,4,0x5,1,1,1048576,57530984,4,1,18,1,1,0xE,1,1,0.066560
32,64,0x5343454E45525932,0xBA28C1BC23D06D8E,091E159117E9BC9FE599,2,0x4,0x1803570D,0x405C6,0x8,461,0.138828633406,0.164132936375,2,NA,NA,0,0,0,0,0,0,0,0,0,NA,0,0,0.000000
32,96,0x5343454E45525932,0xBA28C1BC23D06D8E,091E159117E9BC9FE599,2,0x4,0x1803570D,0x405C6,0x8,660,0.145454545455,0.164132936375,1,2,0x8,1,1,1048576,57703916,35000,1,0,1,0,NA,0,0,0.065543
32,128,0x5343454E45525932,0xBA28C1BC23D06D8E,091E159117E9BC9FE599,2,0x4,0x1803570D,0x405C6,0x8,879,0.145620022753,0.164132936375,1,2,0x8,1,1,1048576,58160504,4200,1,0,1,0,NA,0,0,0.066062
32,160,0x5343454E45525932,0xBA28C1BC23D06D8E,091E159117E9BC9FE599,2,0x4,0x1803570D,0x405C6,0x8,1065,0.150234741784,0.164132936375,1,2,0x8,1,1,1048576,58217144,480,1,0,1,0,NA,0,0,0.066126
32,192,0x5343454E45525932,0xBA28C1BC23D06D8E,091E159117E9BC9FE599,2,0x4,0x1803570D,0x405C6,0x8,1273,0.150824823252,0.164132936375,1,2,0x8,1,1,1048576,58223052,32,1,1,1,0,NA,0,0,0.066133
32,256,0x5343454E45525932,0xBA28C1BC23D06D8E,091E159117E9BC9FE599,2,0x4,0x1803570D,0x405C6,0x8,1680,0.152380952381,0.164132936375,1,2,0x8,1,1,1048576,58223704,4,1,18,1,1,0x4,1,1,0.066134
32,320,0x5343454E45525932,0xBA28C1BC23D06D8E,091E159117E9BC9FE599,2,0x4,0x1803570D,0x405C6,0x8,2062,0.155189136760,0.164132936375,1,2,0x8,1,1,1048576,58223960,4,1,18,1,1,0x4,1,1,0.066134
32,384,0x5343454E45525932,0xBA28C1BC23D06D8E,091E159117E9BC9FE599,2,0x4,0x1803570D,0x405C6,0x8,2479,0.154901169827,0.164132936375,1,2,0x8,1,1,1048576,58224216,4,1,18,1,1,0x4,1,1,0.066134
32,512,0x5343454E45525932,0xBA28C1BC23D06D8E,091E159117E9BC9FE599,2,0x4,0x1803570D,0x405C6,0x8,3315,0.154449472097,0.164132936375,1,2,0x8,1,1,1048576,58224728,4,1,18,1,1,0x4,1,1,0.066135
33,64,0x5343454E45525932,0x75CB6C16F1383334,903931EB2588A76C0ED5,7,0xE,0x57E1F4BC,0x8D1E7,0x0,383,0.167101827676,0.164132936375,2,NA,NA,0,0,0,0,0,0,0,0,0,NA,0,0,0.000000
33,96,0x5343454E45525932,0x75CB6C16F1383334,903931EB2588A76C0ED5,7,0xE,0x57E1F4BC,0x8D1E7,0x0,591,0.162436548223,0.164132936375,1,7,0x0,1,1,1048576,54958860,33828,1,0,1,0,NA,0,0,0.063008
33,128,0x5343454E45525932,0x75CB6C16F1383334,903931EB2588A76C0ED5,7,0xE,0x57E1F4BC,0x8D1E7,0x0,722,0.177285318560,0.164132936375,1,7,0x0,1,1,1048576,55393576,3644,1,0,1,0,NA,0,0,0.063507
33,160,0x5343454E45525932,0x75CB6C16F1383334,903931EB2588A76C0ED5,7,0xE,0x57E1F4BC,0x8D1E7,0x0,867,0.184544405998,0.164132936375,1,7,0x0,1,1,1048576,55443224,504,1,0,1,0,NA,0,0,0.063564
33,192,0x5343454E45525932,0x75CB6C16F1383334,903931EB2588A76C0ED5,7,0xE,0x57E1F4BC,0x8D1E7,0x0,1077,0.178272980501,0.164132936375,1,7,0x0,1,1,1048576,55450064,60,1,0,1,0,NA,0,0,0.063572
33,256,0x5343454E45525932,0x75CB6C16F1383334,903931EB2588A76C0ED5,7,0xE,0x57E1F4BC,0x8D1E7,0x0,1495,0.171237458194,0.164132936375,1,7,0x0,1,1,1048576,55451184,4,1,18,1,1,0xE,1,1,0.063573
33,320,0x5343454E45525932,0x75CB6C16F1383334,903931EB2588A76C0ED5,7,0xE,0x57E1F4BC,0x8D1E7,0x0,1860,0.172043010753,0.164132936375,1,7,0x0,1,1,1048576,55451440,4,1,18,1,1,0xE,1,1,0.063573
33,384,0x5343454E45525932,0x75CB6C16F1383334,903931EB2588A76C0ED5,7,0xE,0x57E1F4BC,0x8D1E7,0x0,2242,0.171275646744,0.164132936375,1,7,0x0,1,1,1048576,55451696,4,1,18,1,1,0xE,1,1,0.063573
33,512,0x5343454E45525932,0x75CB6C16F1383334,903931EB2588A76C0ED5,7,0xE,0x57E1F4BC,0x8D1E7,0x0,3138,0.163161249203,0.164132936375,1,7,0x0,1,1,1048576,55452208,4,1,18,1,1,0xE,1,1,0.063574
34,64,0x5343454E45525932,0xE78A1C2CC59206E7,95117ABAECCB97394958,6,0x5,0xF2008B2F,0x8DC19,0x4,320,0.200000000000,0.164132936375,4,NA,NA,0,0,0,0,0,0,0,0,0,NA,0,0,0.000000
34,96,0x5343454E45525932,0xE78A1C2CC59206E7,95117ABAECCB97394958,6,0x5,0xF2008B2F,0x8DC19,0x4,497,0.193158953722,0.164132936375,1,6,0x4,1,1,1048576,56315520,28780,1,0,1,0,NA,0,0,0.063432
34,128,0x5343454E45525932,0xE78A1C2CC59206E7,95117ABAECCB97394958,6,0x5,0xF2008B2F,0x8DC19,0x4,710,0.180281690141,0.164132936375,1,6,0x4,1,1,1048576,56714596,3588,1,0,1,0,NA,0,0,0.063881
34,160,0x5343454E45525932,0xE78A1C2CC59206E7,95117ABAECCB97394958,6,0x5,0xF2008B2F,0x8DC19,0x4,922,0.173535791757,0.164132936375,1,6,0x4,1,1,1048576,56765752,540,1,0,1,0,NA,0,0,0.063939
34,192,0x5343454E45525932,0xE78A1C2CC59206E7,95117ABAECCB97394958,6,0x5,0xF2008B2F,0x8DC19,0x4,1106,0.173598553345,0.164132936375,1,6,0x4,1,1,1048576,56773444,88,1,0,1,0,NA,0,0,0.063947
34,256,0x5343454E45525932,0xE78A1C2CC59206E7,95117ABAECCB97394958,6,0x5,0xF2008B2F,0x8DC19,0x4,1489,0.171927468099,0.164132936375,1,6,0x4,1,1,1048576,56774816,4,1,18,1,1,0x5,1,1,0.063949
34,320,0x5343454E45525932,0xE78A1C2CC59206E7,95117ABAECCB97394958,6,0x5,0xF2008B2F,0x8DC19,0x4,1895,0.168865435356,0.164132936375,1,6,0x4,1,1,1048576,56775072,4,1,18,1,1,0x5,1,1,0.063949
34,384,0x5343454E45525932,0xE78A1C2CC59206E7,95117ABAECCB97394958,6,0x5,0xF2008B2F,0x8DC19,0x4,2275,0.168791208791,0.164132936375,1,6,0x4,1,1,1048576,56775328,4,1,18,1,1,0x5,1,1,0.063949
34,512,0x5343454E45525932,0xE78A1C2CC59206E7,95117ABAECCB97394958,6,0x5,0xF2008B2F,0x8DC19,0x4,3054,0.167648984938,0.164132936375,1,6,0x4,1,1,1048576,56775840,4,1,18,1,1,0x5,1,1,0.063950
35,64,0x5343454E45525932,0xC1210EB26CD882A2,DCE775529AEC1D54BE63,4,0x1,0x0890AC3D,0x860AD,0xB,337,0.189910979228,0.164132936375,3,NA,NA,0,0,0,0,0,0,0,0,0,NA,0,0,0.000000
35,96,0x5343454E45525932,0xC1210EB26CD882A2,DCE775529AEC1D54BE63,4,0x1,0x0890AC3D,0x860AD,0xB,508,0.188976377953,0.164132936375,2,NA,NA,0,0,0,0,0,0,0,0,0,NA,0,0,0.000000
35,128,0x5343454E45525932,0xC1210EB26CD882A2,DCE775529AEC1D54BE63,4,0x1,0x0890AC3D,0x860AD,0xB,671,0.190760059613,0.164132936375,1,4,0xB,1,1,1048576,56899700,5176,1,0,1,0,NA,0,0,0.064398
35,160,0x5343454E45525932,0xC1210EB26CD882A2,DCE775529AEC1D54BE63,4,0x1,0x0890AC3D,0x860AD,0xB,825,0.193939393939,0.164132936375,1,4,0xB,1,1,1048576,56986808,916,1,0,1,0,NA,0,0,0.064497
35,192,0x5343454E45525932,0xC1210EB26CD882A2,DCE775529AEC1D54BE63,4,0x1,0x0890AC3D,0x860AD,0xB,1008,0.190476190476,0.164132936375,1,4,0xB,1,1,1048576,56997228,104,1,0,1,0,NA,0,0,0.064509
35,256,0x5343454E45525932,0xC1210EB26CD882A2,DCE775529AEC1D54BE63,4,0x1,0x0890AC3D,0x860AD,0xB,1320,0.193939393939,0.164132936375,1,4,0xB,1,1,1048576,56999280,4,1,18,1,1,0x1,1,1,0.064511
35,320,0x5343454E45525932,0xC1210EB26CD882A2,DCE775529AEC1D54BE63,4,0x1,0x0890AC3D,0x860AD,0xB,1704,0.187793427230,0.164132936375,1,4,0xB,1,1,1048576,56999536,4,1,18,1,1,0x1,1,1,0.064511
35,384,0x5343454E45525932,0xC1210EB26CD882A2,DCE775529AEC1D54BE63,4,0x1,0x0890AC3D,0x860AD,0xB,2068,0.185686653772,0.164132936375,1,4,0xB,1,1,1048576,56999792,4,1,18,1,1,0x1,1,1,0.064511
35,512,0x5343454E45525932,0xC1210EB26CD882A2,DCE775529AEC1D54BE63,4,0x1,0x0890AC3D,0x860AD,0xB,2844,0.180028129395,0.164132936375,1,4,0xB,1,1,1048576,57000304,4,1,18,1,1,0x1,1,1,0.064512
36,64,0x5343454E45525932,0xB9C118B2D2A3143B,FAD99C05E9C15FE6F038,3,0x0,0x316F0DFC,0x8ABEE,0xE,386,0.165803108808,0.164132936375,4,NA,NA,0,0,0,0,0,0,0,0,0,NA,0,0,0.000000
36,96,0x5343454E45525932,0xB9C118B2D2A3143B,FAD99C05E9C15FE6F038,3,0x0,0x316F0DFC,0x8ABEE,0xE,552,0.173913043478,0.164132936375,1,3,0xE,1,1,1048576,55910952,27800,1,0,1,0,NA,0,0,0.063810
36,128,0x5343454E45525932,0xB9C118B2D2A3143B,FAD99C05E9C15FE6F038,3,0x0,0x316F0DFC,0x8ABEE,0xE,814,0.157248157248,0.164132936375,1,3,0xE,1,1,1048576,56275820,3104,1,0,1,0,NA,0,0,0.064226
36,160,0x5343454E45525932,0xB9C118B2D2A3143B,FAD99C05E9C15FE6F038,3,0x0,0x316F0DFC,0x8ABEE,0xE,1006,0.159045725646,0.164132936375,1,3,0xE,1,1,1048576,56322920,448,1,0,1,0,NA,0,0,0.064280
36,192,0x5343454E45525932,0xB9C118B2D2A3143B,FAD99C05E9C15FE6F038,3,0x0,0x316F0DFC,0x8ABEE,0xE,1187,0.161752316765,0.164132936375,1,3,0xE,1,1,1048576,56328660,36,1,0,1,0,NA,0,0,0.064287
36,256,0x5343454E45525932,0xB9C118B2D2A3143B,FAD99C05E9C15FE6F038,3,0x0,0x316F0DFC,0x8ABEE,0xE,1593,0.160703075957,0.164132936375,1,3,0xE,1,1,1048576,56329688,8,1,10,1,0,NA,0,0,0.064288
36,320,0x5343454E45525932,0xB9C118B2D2A3143B,FAD99C05E9C15FE6F038,3,0x0,0x316F0DFC,0x8ABEE,0xE,1957,0.163515585079,0.164132936375,1,3,0xE,1,1,1048576,56329980,4,1,18,1,1,0x0,1,1,0.064288
36,384,0x5343454E45525932,0xB9C118B2D2A3143B,FAD99C05E9C15FE6F038,3,0x0,0x316F0DFC,0x8ABEE,0xE,2321,0.165445928479,0.164132936375,1,3,0xE,1,1,1048576,56330236,4,1,18,1,1,0x0,1,1,0.064288
36,512,0x5343454E45525932,0xB9C118B2D2A3143B,FAD99C05E9C15FE6F038,3,0x0,0x316F0DFC,0x8ABEE,0xE,3135,0.163317384370,0.164132936375,1,3,0xE,1,1,1048576,56330748,4,1,18,1,1,0x0,1,1,0.064289
37,64,0x5343454E45525932,0xE5ED803304EBD44A,98A08FEAA94CEAB022A8,0,0xD,0x0A3B25B7,0xA3CE8,0x3,337,0.189910979228,0.164132936375,2,NA,NA,0,0,0,0,0,0,0,0,0,NA,0,0,0.000000
37,96,0x5343454E45525932,0xE5ED803304EBD44A,98A08FEAA94CEAB022A8,0,0xD,0x0A3B25B7,0xA3CE8,0x3,529,0.181474480151,0.164132936375,1,0,0x3,1,1,1048576,57129532,33608,1,0,1,0,NA,0,0,0.065721
37,128,0x5343454E45525932,0xE5ED803304EBD44A,98A08FEAA94CEAB022A8,0,0xD,0x0A3B25B7,0xA3CE8,0x3,737,0.173677069199,0.164132936375,1,0,0x3,1,1,1048576,57582340,3636,1,0,1,0,NA,0,0,0.066241
37,160,0x5343454E45525932,0xE5ED803304EBD44A,98A08FEAA94CEAB022A8,0,0xD,0x0A3B25B7,0xA3CE8,0x3,925,0.172972972973,0.164132936375,1,0,0x3,1,1,1048576,57635056,544,1,0,1,0,NA,0,0,0.066302
37,192,0x5343454E45525932,0xE5ED803304EBD44A,98A08FEAA94CEAB022A8,0,0xD,0x0A3B25B7,0xA3CE8,0x3,1166,0.164665523156,0.164132936375,1,0,0x3,1,1,1048576,57642324,84,1,0,1,0,NA,0,0,0.066310
37,256,0x5343454E45525932,0xE5ED803304EBD44A,98A08FEAA94CEAB022A8,0,0xD,0x0A3B25B7,0xA3CE8,0x3,1502,0.170439414115,0.164132936375,1,0,0x3,1,1,1048576,57643480,4,1,18,1,1,0xD,1,1,0.066312
37,320,0x5343454E45525932,0xE5ED803304EBD44A,98A08FEAA94CEAB022A8,0,0xD,0x0A3B25B7,0xA3CE8,0x3,1865,0.171581769437,0.164132936375,1,0,0x3,1,1,1048576,57643736,4,1,18,1,1,0xD,1,1,0.066312
37,384,0x5343454E45525932,0xE5ED803304EBD44A,98A08FEAA94CEAB022A8,0,0xD,0x0A3B25B7,0xA3CE8,0x3,2223,0.172739541161,0.164132936375,1,0,0x3,1,1,1048576,57643992,4,1,18,1,1,0xD,1,1,0.066312
37,512,0x5343454E45525932,0xE5ED803304EBD44A,98A08FEAA94CEAB022A8,0,0xD,0x0A3B25B7,0xA3CE8,0x3,3091,0.165642186995,0.164132936375,1,0,0x3,1,1,1048576,57644504,4,1,18,1,1,0xD,1,1,0.066313
38,64,0x5343454E45525932,0xDC3AF638CC065465,9BBCCB9F4C66D22CE84E,1,0x4,0x62FE561E,0x3EAF0,0xB,398,0.160804020101,0.164132936375,2,NA,NA,0,0,0,0,0,0,0,0,0,NA,0,0,0.000000
38,96,0x5343454E45525932,0xDC3AF638CC065465,9BBCCB9F4C66D22CE84E,1,0x4,0x62FE561E,0x3EAF0,0xB,656,0.146341463415,0.164132936375,1,1,0xB,1,1,1048576,57021732,35292,1,0,1,0,NA,0,0,0.066172
38,128,0x5343454E45525932,0xDC3AF638CC065465,9BBCCB9F4C66D22CE84E,1,0x4,0x62FE561E,0x3EAF0,0xB,808,0.158415841584,0.164132936375,1,1,0xB,1,1,1048576,57544312,5440,1,0,1,0,NA,0,0,0.066779
38,160,0x5343454E45525932,0xDC3AF638CC065465,9BBCCB9F4C66D22CE84E,1,0x4,0x62FE561E,0x3EAF0,0xB,982,0.162932790224,0.164132936375,1,1,0xB,1,1,1048576,57624448,900,1,0,1,0,NA,0,0,0.066872
38,192,0x5343454E45525932,0xDC3AF638CC065465,9BBCCB9F4C66D22CE84E,1,0x4,0x62FE561E,0x3EAF0,0xB,1197,0.160401002506,0.164132936375,1,1,0xB,1,1,1048576,57637376,136,1,0,1,0,NA,0,0,0.066887
38,256,0x5343454E45525932,0xDC3AF638CC065465,9BBCCB9F4C66D22CE84E,1,0x4,0x62FE561E,0x3EAF0,0xB,1551,0.165054803353,0.164132936375,1,1,0xB,1,1,1048576,57639092,8,1,11,1,0,NA,0,0,0.066889
38,320,0x5343454E45525932,0xDC3AF638CC065465,9BBCCB9F4C66D22CE84E,1,0x4,0x62FE561E,0x3EAF0,0xB,1863,0.171765968867,0.164132936375,1,1,0xB,1,1,1048576,57639504,4,1,18,1,1,0x4,1,1,0.066889
38,384,0x5343454E45525932,0xDC3AF638CC065465,9BBCCB9F4C66D22CE84E,1,0x4,0x62FE561E,0x3EAF0,0xB,2324,0.165232358003,0.164132936375,1,1,0xB,1,1,1048576,57639760,4,1,18,1,1,0x4,1,1,0.066889
38,512,0x5343454E45525932,0xDC3AF638CC065465,9BBCCB9F4C66D22CE84E,1,0x4,0x62FE561E,0x3EAF0,0xB,3078,0.166341780377,0.164132936375,1,1,0xB,1,1,1048576,57640272,4,1,18,1,1,0x4,1,1,0.066890
39,64,0x5343454E45525932,0xAB1622F2C43412BE,46ECBEFAFD3D898E63B6,6,0xD,0x5E664815,0xB3872,0xA,382,0.167539267016,0.164132936375,4,NA,NA,0,0,0,0,0,0,0,0,0,NA,0,0,0.000000
39,96,0x5343454E45525932,0xAB1622F2C43412BE,46ECBEFAFD3D898E63B6,6,0xD,0x5E664815,0xB3872,0xA,582,0.164948453608,0.164132936375,1,6,0xA,1,1,1048576,55605708,28232,1,0,1,0,NA,0,0,0.062341
39,128,0x5343454E45525932,0xAB1622F2C43412BE,46ECBEFAFD3D898E63B6,6,0xD,0x5E664815,0xB3872,0xA,778,0.164524421594,0.164132936375,1,6,0xA,1,1,1048576,56014228,3420,1,0,1,0,NA,0,0,0.062799
39,160,0x5343454E45525932,0xAB1622F2C43412BE,46ECBEFAFD3D898E63B6,6,0xD,0x5E664815,0xB3872,0xA,941,0.170031880978,0.164132936375,1,6,0xA,1,1,1048576,56061504,436,1,0,1,0,NA,0,0,0.062852
39,192,0x5343454E45525932,0xAB1622F2C43412BE,46ECBEFAFD3D898E63B6,6,0xD,0x5E664815,0xB3872,0xA,1173,0.163682864450,0.164132936375,1,6,0xA,1,1,1048576,56067792,76,1,0,1,0,NA,0,0,0.062859
39,256,0x5343454E45525932,0xAB1622F2C43412BE,46ECBEFAFD3D898E63B6,6,0xD,0x5E664815,0xB3872,0xA,1558,0.164313222080,0.164132936375,1,6,0xA,1,1,1048576,56068932,4,1,18,1,1,0xD,1,1,0.062860
39,320,0x5343454E45525932,0xAB1622F2C43412BE,46ECBEFAFD3D898E63B6,6,0xD,0x5E664815,0xB3872,0xA,1950,0.164102564103,0.164132936375,1,6,0xA,1,1,1048576,56069188,4,1,18,1,1,0xD,1,1,0.062860
39,384,0x5343454E45525932,0xAB1622F2C43412BE,46ECBEFAFD3D898E63B6,6,0xD,0x5E664815,0xB3872,0xA,2382,0.161209068010,0.164132936375,1,6,0xA,1,1,1048576,56069444,4,1,18,1,1,0xD,1,1,0.062860
39,512,0x5343454E45525932,0xAB1622F2C43412BE,46ECBEFAFD3D898E63B6,6,0xD,0x5E664815,0xB3872,0xA,3016,0.169761273210,0.164132936375,1,6,0xA,1,1,1048576,56069956,4,1,18,1,1,0xD,1,1,0.062861
40,64,0x5343454E45525932,0xAFDFA48D50ED197D,D3952D20F6A7DA518BB0,0,0x8,0x70216087,0x108A8,0x2,365,0.175342465753,0.164132936375,2,NA,NA,0,0,0,0,0,0,0,0,0,NA,0,0,0.000000
40,96,0x5343454E45525932,0xAFDFA48D50ED197D,D3952D20F6A7DA518BB0,0,0x8,0x70216087,0x108A8,0x2,522,0.183908045977,0.164132936375,1,0,0x2,1,1,1048576,55605148,36568,1,0,1,0,NA,0,0,0.065112
40,128,0x5343454E45525932,0xAFDFA48D50ED197D,D3952D20F6A7DA518BB0,0,0x8,0x70216087,0x108A8,0x2,745,0.171812080537,0.164132936375,1,0,0x2,1,1,1048576,56174936,5316,1,0,1,0,NA,0,0,0.065779
40,160,0x5343454E45525932,0xAFDFA48D50ED197D,D3952D20F6A7DA518BB0,0,0x8,0x70216087,0x108A8,0x2,939,0.170394036209,0.164132936375,1,0,0x2,1,1,1048576,56240968,612,1,0,1,0,NA,0,0,0.065856
40,192,0x5343454E45525932,0xAFDFA48D50ED197D,D3952D20F6A7DA518BB0,0,0x8,0x70216087,0x108A8,0x2,1126,0.170515097691,0.164132936375,1,0,0x2,1,1,1048576,56250020,104,1,0,1,0,NA,0,0,0.065867
40,256,0x5343454E45525932,0xAFDFA48D50ED197D,D3952D20F6A7DA518BB0,0,0x8,0x70216087,0x108A8,0x2,1589,0.161107614852,0.164132936375,1,0,0x2,1,1,1048576,56251852,8,1,7,1,0,NA,0,0,0.065869
40,320,0x5343454E45525932,0xAFDFA48D50ED197D,D3952D20F6A7DA518BB0,0,0x8,0x70216087,0x108A8,0x2,1970,0.162436548223,0.164132936375,1,0,0x2,1,1,1048576,56252112,4,1,18,1,1,0x8,1,1,0.065869
40,384,0x5343454E45525932,0xAFDFA48D50ED197D,D3952D20F6A7DA518BB0,0,0x8,0x70216087,0x108A8,0x2,2336,0.164383561644,0.164132936375,1,0,0x2,1,1,1048576,56252368,4,1,18,1,1,0x8,1,1,0.065869
40,512,0x5343454E45525932,0xAFDFA48D50ED197D,D3952D20F6A7DA518BB0,0,0x8,0x70216087,0x108A8,0x2,3159,0.162076606521,0.164132936375,1,0,0x2,1,1,1048576,56252880,4,1,18,1,1,0x8,1,1,0.065870
41,64,0x5343454E45525932,0x086D9248CC5ADD6A,E0A43C24EB3E5A09C3E5,3,0x3,0xDC83ADAB,0xF1CD5,0xE,344,0.186046511628,0.164132936375,4,NA,NA,0,0,0,0,0,0,0,0,0,NA,0,0,0.000000
41,96,0x5343454E45525932,0x086D9248CC5ADD6A,E0A43C24EB3E5A09C3E5,3,0x3,0xDC83ADAB,0xF1CD5,0xE,602,0.159468438538,0.164132936375,1,3,0xE,1,1,1048576,57669784,37540,1,0,1,0,NA,0,0,0.066007
41,128,0x5343454E45525932,0x086D9248CC5ADD6A,E0A43C24EB3E5A09C3E5,3,0x3,0xDC83ADAB,0xF1CD5,0xE,799,0.160200250313,0.164132936375,1,3,0xE,1,1,1048576,58198108,4816,1,0,1,0,NA,0,0,0.066611
41,160,0x5343454E45525932,0x086D9248CC5ADD6A,E0A43C24EB3E5A09C3E5,3,0x3,0xDC83ADAB,0xF1CD5,0xE,1014,0.157790927022,0.164132936375,1,3,0xE,1,1,1048576,58268356,772,1,0,1,0,NA,0,0,0.066692
41,192,0x5343454E45525932,0x086D9248CC5ADD6A,E0A43C24EB3E5A09C3E5,3,0x3,0xDC83ADAB,0xF1CD5,0xE,1173,0.163682864450,0.164132936375,1,3,0xE,1,1,1048576,58279856,76,1,0,1,0,NA,0,0,0.066705
41,256,0x5343454E45525932,0x086D9248CC5ADD6A,E0A43C24EB3E5A09C3E5,3,0x3,0xDC83ADAB,0xF1CD5,0xE,1588,0.161209068010,0.164132936375,1,3,0xE,1,1,1048576,58281224,8,1,11,1,0,NA,0,0,0.066706
41,320,0x5343454E45525932,0x086D9248CC5ADD6A,E0A43C24EB3E5A09C3E5,3,0x3,0xDC83ADAB,0xF1CD5,0xE,1928,0.165975103734,0.164132936375,1,3,0xE,1,1,1048576,58281736,8,1,11,1,0,NA,0,0,0.066707
41,384,0x5343454E45525932,0x086D9248CC5ADD6A,E0A43C24EB3E5A09C3E5,3,0x3,0xDC83ADAB,0xF1CD5,0xE,2341,0.164032464759,0.164132936375,1,3,0xE,1,1,1048576,58282080,4,1,18,1,1,0x3,1,1,0.066707
41,512,0x5343454E45525932,0x086D9248CC5ADD6A,E0A43C24EB3E5A09C3E5,3,0x3,0xDC83ADAB,0xF1CD5,0xE,3119,0.164155177942,0.164132936375,1,3,0xE,1,1,1048576,58282592,4,1,18,1,1,0x3,1,1,0.066708
42,64,0x5343454E45525932,0x04FF2E9BDF5580C3,09FD9CF2318826F49DC9,5,0x3,0x296B003C,0x230B8,0x8,359,0.178272980501,0.164132936375,4,NA,NA,0,0,0,0,0,0,0,0,0,NA,0,0,0.000000
42,96,0x5343454E45525932,0x04FF2E9BDF5580C3,09FD9CF2318826F49DC9,5,0x3,0x296B003C,0x230B8,0x8,589,0.162988115450,0.164132936375,1,5,0x8,1,1,1048576,57335868,35972,1,0,1,0,NA,0,0,0.065399
42,128,0x5343454E45525932,0x04FF2E9BDF5580C3,09FD9CF2318826F49DC9,5,0x3,0x296B003C,0x230B8,0x8,795,0.161006289308,0.164132936375,1,5,0x8,1,1,1048576,57844988,4788,1,0,1,0,NA,0,0,0.065980
42,160,0x5343454E45525932,0x04FF2E9BDF5580C3,09FD9CF2318826F49DC9,5,0x3,0x296B003C,0x230B8,0x8,953,0.167890870934,0.164132936375,1,5,0x8,1,1,1048576,57913868,584,1,0,1,0,NA,0,0,0.066058
42,192,0x5343454E45525932,0x04FF2E9BDF5580C3,09FD9CF2318826F49DC9,5,0x3,0x296B003C,0x230B8,0x8,1167,0.164524421594,0.164132936375,1,5,0x8,1,1,1048576,57920624,52,1,0,1,0,NA,0,0,0.066066
42,256,0x5343454E45525932,0x04FF2E9BDF5580C3,09FD9CF2318826F49DC9,5,0x3,0x296B003C,0x230B8,0x8,1422,0.180028129395,0.164132936375,1,5,0x8,1,1,1048576,57921532,4,1,18,1,1,0x3,1,1,0.066067
42,320,0x5343454E45525932,0x04FF2E9BDF5580C3,09FD9CF2318826F49DC9,5,0x3,0x296B003C,0x230B8,0x8,1780,0.179775280899,0.164132936375,1,5,0x8,1,1,1048576,57921788,4,1,18,1,1,0x3,1,1,0.066067
42,384,0x5343454E45525932,0x04FF2E9BDF5580C3,09FD9CF2318826F49DC9,5,0x3,0x296B003C,0x230B8,0x8,2225,0.172584269663,0.164132936375,1,5,0x8,1,1,1048576,57922044,4,1,18,1,1,0x3,1,1,0.066067
42,512,0x5343454E45525932,0x04FF2E9BDF5580C3,09FD9CF2318826F49DC9,5,0x3,0x296B003C,0x230B8,0x8,3001,0.170609796734,0.164132936375,1,5,0x8,1,1,1048576,57922556,4,1,18,1,1,0x3,1,1,0.066068
43,64,0x5343454E45525932,0x282CC6C2DD51434D,908F30F0FAA82C7868F0,7,0xB,0xA77BBA03,0x61F52,0xE,358,0.178770949721,0.164132936375,6,NA,NA,0,0,0,0,0,0,0,0,0,NA,0,0,0.000000
43,96,0x5343454E45525932,0x282CC6C2DD51434D,908F30F0FAA82C7868F0,7,0xB,0xA77BBA03,0x61F52,0xE,603,0.159203980100,0.164132936375,2,NA,NA,0,0,0,0,0,0,0,0,0,NA,0,0,0.000000
43,128,0x5343454E45525932,0x282CC6C2DD51434D,908F30F0FAA82C7868F0,7,0xB,0xA77BBA03,0x61F52,0xE,810,0.158024691358,0.164132936375,1,7,0xE,1,1,1048576,56530000,4816,1,0,1,0,NA,0,0,0.064833
43,160,0x5343454E45525932,0x282CC6C2DD51434D,908F30F0FAA82C7868F0,7,0xB,0xA77BBA03,0x61F52,0xE,994,0.160965794769,0.164132936375,1,7,0xE,1,1,1048576,56597740,712,1,0,1,0,NA,0,0,0.064911
43,192,0x5343454E45525932,0x282CC6C2DD51434D,908F30F0FAA82C7868F0,7,0xB,0xA77BBA03,0x61F52,0xE,1188,0.161616161616,0.164132936375,1,7,0xE,1,1,1048576,56607308,76,1,0,1,0,NA,0,0,0.064922
43,256,0x5343454E45525932,0x282CC6C2DD51434D,908F30F0FAA82C7868F0,7,0xB,0xA77BBA03,0x61F52,0xE,1534,0.166883963494,0.164132936375,1,7,0xE,1,1,1048576,56608880,4,1,18,1,1,0xB,1,1,0.064924
43,320,0x5343454E45525932,0x282CC6C2DD51434D,908F30F0FAA82C7868F0,7,0xB,0xA77BBA03,0x61F52,0xE,1950,0.164102564103,0.164132936375,1,7,0xE,1,1,1048576,56609136,4,1,18,1,1,0xB,1,1,0.064924
43,384,0x5343454E45525932,0x282CC6C2DD51434D,908F30F0FAA82C7868F0,7,0xB,0xA77BBA03,0x61F52,0xE,2328,0.164948453608,0.164132936375,1,7,0xE,1,1,1048576,56609392,4,1,18,1,1,0xB,1,1,0.064924
43,512,0x5343454E45525932,0x282CC6C2DD51434D,908F30F0FAA82C7868F0,7,0xB,0xA77BBA03,0x61F52,0xE,3108,0.164736164736,0.164132936375,1,7,0xE,1,1,1048576,56609904,4,1,18,1,1,0xB,1,1,0.064925
44,64,0x5343454E45525932,0xCBB150D7AF7197A7,2999C57BC57F191757F1,0,0x9,0x7035F56E,0x78E64,0xF,319,0.200626959248,0.164132936375,6,NA,NA,0,0,0,0,0,0,0,0,0,NA,0,0,0.000000
44,96,0x5343454E45525932,0xCBB150D7AF7197A7,2999C57BC57F191757F1,0,0x9,0x7035F56E,0x78E64,0xF,510,0.188235294118,0.164132936375,3,NA,NA,0,0,0,0,0,0,0,0,0,NA,0,0,0.000000
44,128,0x5343454E45525932,0xCBB150D7AF7197A7,2999C57BC57F191757F1,0,0x9,0x7035F56E,0x78E64,0xF,777,0.164736164736,0.164132936375,1,0,0xF,1,1,1048576,57073612,3984,1,0,1,0,NA,0,0,0.064751
44,160,0x5343454E45525932,0xCBB150D7AF7197A7,2999C57BC57F191757F1,0,0x9,0x7035F56E,0x78E64,0xF,987,0.162107396150,0.164132936375,1,0,0xF,1,1,1048576,57131660,600,1,0,1,0,NA,0,0,0.064817
44,192,0x5343454E45525932,0xCBB150D7AF7197A7,2999C57BC57F191757F1,0,0x9,0x7035F56E,0x78E64,0xF,1189,0.161480235492,0.164132936375,1,0,0xF,1,1,1048576,57140416,100,1,0,1,0,NA,0,0,0.064827
44,256,0x5343454E45525932,0xCBB150D7AF7197A7,2999C57BC57F191757F1,0,0x9,0x7035F56E,0x78E64,0xF,1577,0.162333544705,0.164132936375,1,0,0xF,1,1,1048576,57142192,8,1,16,1,1,0x9,1,0,0.064829
44,320,0x5343454E45525932,0xCBB150D7AF7197A7,2999C57BC57F191757F1,0,0x9,0x7035F56E,0x78E64,0xF,1987,0.161046804227,0.164132936375,1,0,0xF,1,1,1048576,57142704,8,1,16,1,1,0x9,1,0,0.064830
44,384,0x5343454E45525932,0xCBB150D7AF7197A7,2999C57BC57F191757F1,0,0x9,0x7035F56E,0x78E64,0xF,2361,0.162642947903,0.164132936375,1,0,0xF,1,1,1048576,57143216,8,1,16,1,1,0x9,1,0,0.064830
44,512,0x5343454E45525932,0xCBB150D7AF7197A7,2999C57BC57F191757F1,0,0x9,0x7035F56E,0x78E64,0xF,3118,0.164207825529,0.164132936375,1,0,0xF,1,1,1048576,57143868,4,1,18,1,1,0x9,1,1,0.064831
45,64,0x5343454E45525932,0x4A7E74EC11E6DB3F,08FABC892FEA048F106B,2,0x9,0x1B1E96B9,0x08F67,0xF,437,0.146453089245,0.164132936375,4,NA,NA,0,0,0,0,0,0,0,0,0,NA,0,0,0.000000
45,96,0x5343454E45525932,0x4A7E74EC11E6DB3F,08FABC892FEA048F106B,2,0x9,0x1B1E96B9,0x08F67,0xF,623,0.154093097913,0.164132936375,1,2,0xF,1,1,1048576,56199344,36664,1,0,1,0,NA,0,0,0.064813
45,128,0x5343454E45525932,0x4A7E74EC11E6DB3F,08FABC892FEA048F106B,2,0x9,0x1B1E96B9,0x08F67,0xF,798,0.160401002506,0.164132936375,1,2,0xF,1,1,1048576,56771612,7228,1,0,1,0,NA,0,0,0.065473
45,160,0x5343454E45525932,0x4A7E74EC11E6DB3F,08FABC892FEA048F106B,2,0x9,0x1B1E96B9,0x08F67,0xF,997,0.160481444333,0.164132936375,1,2,0xF,1,1,1048576,56881020,992,1,0,1,0,NA,0,0,0.065599
45,192,0x5343454E45525932,0x4A7E74EC11E6DB3F,08FABC892FEA048F106B,2,0x9,0x1B1E96B9,0x08F67,0xF,1130,0.169911504425,0.164132936375,1,2,0xF,1,1,1048576,56895852,164,1,0,1,0,NA,0,0,0.065616
45,256,0x5343454E45525932,0x4A7E74EC11E6DB3F,08FABC892FEA048F106B,2,0x9,0x1B1E96B9,0x08F67,0xF,1486,0.172274562584,0.164132936375,1,2,0xF,1,1,1048576,56897592,4,1,18,1,1,0x9,1,1,0.065618
45,320,0x5343454E45525932,0x4A7E74EC11E6DB3F,08FABC892FEA048F106B,2,0x9,0x1B1E96B9,0x08F67,0xF,1908,0.167714884696,0.164132936375,1,2,0xF,1,1,1048576,56897848,4,1,18,1,1,0x9,1,1,0.065618
45,384,0x5343454E45525932,0x4A7E74EC11E6DB3F,08FABC892FEA048F106B,2,0x9,0x1B1E96B9,0x08F67,0xF,2306,0.166522116219,0.164132936375,1,2,0xF,1,1,1048576,56898104,4,1,18,1,1,0x9,1,1,0.065618
45,512,0x5343454E45525932,0x4A7E74EC11E6DB3F,08FABC892FEA048F106B,2,0x9,0x1B1E96B9,0x08F67,0xF,3046,0.168089297439,0.164132936375,1,2,0xF,1,1,1048576,56898616,4,1,18,1,1,0x9,1,1,0.065619
46,64,0x5343454E45525932,0xC1ABD7A1BE2852CD,24B8A2689A7037DE5A7D,4,0x7,0xC014E163,0xC5D20,0x5,404,0.158415841584,0.164132936375,3,NA,NA,0,0,0,0,0,0,0,0,0,NA,0,0,0.000000
46,96,0x5343454E45525932,0xC1ABD7A1BE2852CD,24B8A2689A7037DE5A7D,4,0x7,0xC014E163,0xC5D20,0x5,640,0.150000000000,0.164132936375,1,4,0x5,1,1,1048576,54678004,32256,1,0,1,0,NA,0,0,0.061357
46,128,0x5343454E45525932,0xC1ABD7A1BE2852CD,24B8A2689A7037DE5A7D,4,0x7,0xC014E163,0xC5D20,0x5,814,0.157248157248,0.164132936375,1,4,0x5,1,1,1048576,55141720,3964,1,0,1,0,NA,0,0,0.061877
46,160,0x5343454E45525932,0xC1ABD7A1BE2852CD,24B8A2689A7037DE5A7D,4,0x7,0xC014E163,0xC5D20,0x5,1031,0.155189136760,0.164132936375,1,4,0x5,1,1,1048576,55199812,676,1,0,1,0,NA,0,0,0.061942
46,192,0x5343454E45525932,0xC1ABD7A1BE2852CD,24B8A2689A7037DE5A7D,4,0x7,0xC014E163,0xC5D20,0x5,1202,0.159733777038,0.164132936375,1,4,0x5,1,1,1048576,55208496,32,1,0,1,0,NA,0,0,0.061952
46,256,0x5343454E45525932,0xC1ABD7A1BE2852CD,24B8A2689A7037DE5A7D,4,0x7,0xC014E163,0xC5D20,0x5,1576,0.162436548223,0.164132936375,1,4,0x5,1,1,1048576,55209132,4,1,18,1,1,0x7,1,1,0.061953
46,320,0x5343454E45525932,0xC1ABD7A1BE2852CD,24B8A2689A7037DE5A7D,4,0x7,0xC014E163,0xC5D20,0x5,1909,0.167627029859,0.164132936375,1,4,0x5,1,1,1048576,55209388,4,1,18,1,1,0x7,1,1,0.061953
46,384,0x5343454E45525932,0xC1ABD7A1BE2852CD,24B8A2689A7037DE5A7D,4,0x7,0xC014E163,0xC5D20,0x5,2206,0.174070716228,0.164132936375,1,4,0x5,1,1,1048576,55209644,4,1,18,1,1,0x7,1,1,0.061953
46,512,0x5343454E45525932,0xC1ABD7A1BE2852CD,24B8A2689A7037DE5A7D,4,0x7,0xC014E163,0xC5D20,0x5,2901,0.176490865219,0.164132936375,1,4,0x5,1,1,1048576,55210156,4,1,18,1,1,0x7,1,1,0.061954
47,64,0x5343454E45525932,0x3C0C8A716DE19060,3C080A2E9467AECDD3B7,2,0x9,0xB8855DAA,0x49568,0xF,340,0.188235294118,0.164132936375,1,2,0xF,1,1,1048576,53963524,277044,1,0,1,0,NA,0,0,0.062078
47,96,0x5343454E45525932,0x3C0C8A716DE19060,3C080A2E9467AECDD3B7,2,0x9,0xB8855DAA,0x49568,0xF,547,0.175502742230,0.164132936375,1,2,0xF,1,1,1048576,58104796,40796,1,0,1,0,NA,0,0,0.066842
47,128,0x5343454E45525932,0x3C0C8A716DE19060,3C080A2E9467AECDD3B7,2,0x9,0xB8855DAA,0x49568,0xF,704,0.181818181818,0.164132936375,1,2,0xF,1,1,1048576,58682468,5392,1,0,1,0,NA,0,0,0.067507
47,160,0x5343454E45525932,0x3C0C8A716DE19060,3C080A2E9467AECDD3B7,2,0x9,0xB8855DAA,0x49568,0xF,868,0.184331797235,0.164132936375,1,2,0xF,1,1,1048576,58753296,708,1,0,1,0,NA,0,0,0.067589
47,192,0x5343454E45525932,0x3C0C8A716DE19060,3C080A2E9467AECDD3B7,2,0x9,0xB8855DAA,0x49568,0xF,1155,0.166233766234,0.164132936375,1,2,0xF,1,1,1048576,58762448,96,1,0,1,0,NA,0,0,0.067599
47,256,0x5343454E45525932,0x3C0C8A716DE19060,3C080A2E9467AECDD3B7,2,0x9,0xB8855DAA,0x49568,0xF,1509,0.169648774023,0.164132936375,1,2,0xF,1,1,1048576,58763996,4,1,18,1,1,0x9,1,1,0.067601
47,320,0x5343454E45525932,0x3C0C8A716DE19060,3C080A2E9467AECDD3B7,2,0x9,0xB8855DAA,0x49568,0xF,1931,0.165717244951,0.164132936375,1,2,0xF,1,1,1048576,58764252,4,1,18,1,1,0x9,1,1,0.067601
47,384,0x5343454E45525932,0x3C0C8A716DE19060,3C080A2E9467AECDD3B7,2,0x9,0xB8855DAA,0x49568,0xF,2314,0.165946413137,0.164132936375,1,2,0xF,1,1,1048576,58764508,4,1,18,1,1,0x9,1,1,0.067601
47,512,0x5343454E45525932,0x3C0C8A716DE19060,3C080A2E9467AECDD3B7,2,0x9,0xB8855DAA,0x49568,0xF,3023,0.169368177307,0.164132936375,1,2,0xF,1,1,1048576,58765020,4,1,18,1,1,0x9,1,1,0.067602
48,64,0x5343454E45525932,0xAEE8B9E7B3C575CF,523CB767AA0CD8786BC3,2,0x6,0x7978D8A8,0x7B700,0x6,373,0.171581769437,0.164132936375,2,NA,NA,0,0,0,0,0,0,0,0,0,NA,0,0,0.000000
48,96,0x5343454E45525932,0xAEE8B9E7B3C575CF,523CB767AA0CD8786BC3,2,0x6,0x7978D8A8,0x7B700,0x6,572,0.167832167832,0.164132936375,1,2,0x6,1,1,1048576,56346616,34640,1,0,1,0,NA,0,0,0.064076
48,128,0x5343454E45525932,0xAEE8B9E7B3C575CF,523CB767AA0CD8786BC3,2,0x6,0x7978D8A8,0x7B700,0x6,775,0.165161290323,0.164132936375,1,2,0x6,1,1,1048576,56808320,4208,1,0,1,0,NA,0,0,0.064601
48,160,0x5343454E45525932,0xAEE8B9E7B3C575CF,523CB767AA0CD8786BC3,2,0x6,0x7978D8A8,0x7B700,0x6,913,0.175246440307,0.164132936375,1,2,0x6,1,1,1048576,56869744,508,1,0,1,0,NA,0,0,0.064671
48,192,0x5343454E45525932,0xAEE8B9E7B3C575CF,523CB767AA0CD8786BC3,2,0x6,0x7978D8A8,0x7B700,0x6,1069,0.179607109448,0.164132936375,1,2,0x6,1,1,1048576,56877032,72,1,0,1,0,NA,0,0,0.064679
48,256,0x5343454E45525932,0xAEE8B9E7B3C575CF,523CB767AA0CD8786BC3,2,0x6,0x7978D8A8,0x7B700,0x6,1493,0.171466845278,0.164132936375,1,2,0x6,1,1,1048576,56878260,4,1,18,1,1,0x6,1,1,0.064681
48,320,0x5343454E45525932,0xAEE8B9E7B3C575CF,523CB767AA0CD8786BC3,2,0x6,0x7978D8A8,0x7B700,0x6,1867,0.171397964649,0.164132936375,1,2,0x6,1,1,1048576,56878516,4,1,18,1,1,0x6,1,1,0.064681
48,384,0x5343454E45525932,0xAEE8B9E7B3C575CF,523CB767AA0CD8786BC3,2,0x6,0x7978D8A8,0x7B700,0x6,2238,0.171581769437,0.164132936375,1,2,0x6,1,1,1048576,56878772,4,1,18,1,1,0x6,1,1,0.064681
48,512,0x5343454E45525932,0xAEE8B9E7B3C575CF,523CB767AA0CD8786BC3,2,0x6,0x7978D8A8,0x7B700,0x6,3029,0.169032684054,0.164132936375,1,2,0x6,1,1,1048576,56879284,4,1,18,1,1,0x6,1,1,0.064682
49,64,0x5343454E45525932,0x791C82A0462609B6,95A8926232EE9A0C10A2,3,0x5,0x0F206360,0x0CE11,0x4,403,0.158808933002,0.164132936375,3,NA,NA,0,0,0,0,0,0,0,0,0,NA,0,0,0.000000
49,96,0x5343454E45525932,0x791C82A0462609B6,95A8926232EE9A0C10A2,3,0x5,0x0F206360,0x0CE11,0x4,624,0.153846153846,0.164132936375,1,3,0x4,1,1,1048576,56215668,33168,1,0,1,0,NA,0,0,0.064738
49,128,0x5343454E45525932,0x791C82A0462609B6,95A8926232EE9A0C10A2,3,0x5,0x0F206360,0x0CE11,0x4,814,0.157248157248,0.164132936375,1,3,0x4,1,1,1048576,56695144,4752,1,0,1,0,NA,0,0,0.065290
49,160,0x5343454E45525932,0x791C82A0462609B6,95A8926232EE9A0C10A2,3,0x5,0x0F206360,0x0CE11,0x4,972,0.164609053498,0.164132936375,1,3,0x4,1,1,1048576,56757360,588,1,0,1,0,NA,0,0,0.065362
49,192,0x5343454E45525932,0x791C82A0462609B6,95A8926232EE9A0C10A2,3,0x5,0x0F206360,0x0CE11,0x4,1189,0.161480235492,0.164132936375,1,3,0x4,1,1,1048576,56765084,84,1,0,1,0,NA,0,0,0.065371
49,256,0x5343454E45525932,0x791C82A0462609B6,95A8926232EE9A0C10A2,3,0x5,0x0F206360,0x0CE11,0x4,1628,0.157248157248,0.164132936375,1,3,0x4,1,1,1048576,56766924,8,1,11,1,0,NA,0,0,0.065373
49,320,0x5343454E45525932,0x791C82A0462609B6,95A8926232EE9A0C10A2,3,0x5,0x0F206360,0x0CE11,0x4,1988,0.160965794769,0.164132936375,1,3,0x4,1,1,1048576,56767256,4,1,18,1,1,0x5,1,1,0.065373
49,384,0x5343454E45525932,0x791C82A0462609B6,95A8926232EE9A0C10A2,3,0x5,0x0F206360,0x0CE11,0x4,2398,0.160133444537,0.164132936375,1,3,0x4,1,1,1048576,56767512,4,1,18,1,1,0x5,1,1,0.065373
49,512,0x5343454E45525932,0x791C82A0462609B6,95A8926232EE9A0C10A2,3,0x5,0x0F206360,0x0CE11,0x4,3190,0.160501567398,0.164132936375,1,3,0x4,1,1,1048576,56768024,4,1,18,1,1,0x5,1,1,0.065374
50,64,0x5343454E45525932,0x9A9317FDDCF4A894,22445FE6ABA791964B58,0,0x1,0xA7CAD017,0xC2997,0x8,449,0.142538975501,0.164132936375,3,NA,NA,0,0,0,0,0,0,0,0,0,NA,0,0,0.000000
50,96,0x5343454E45525932,0x9A9317FDDCF4A894,22445FE6ABA791964B58,0,0x1,0xA7CAD017,0xC2997,0x8,626,0.153354632588,0.164132936375,1,0,0x8,1,1,1048576,55873248,34504,1,0,1,0,NA,0,0,0.064567
50,128,0x5343454E45525932,0x9A9317FDDCF4A894,22445FE6ABA791964B58,0,0x1,0xA7CAD017,0xC2997,0x8,872,0.146788990826,0.164132936375,1,0,0x8,1,1,1048576,56351192,4492,1,0,1,0,NA,0,0,0.065120
50,160,0x5343454E45525932,0x9A9317FDDCF4A894,22445FE6ABA791964B58,0,0x1,0xA7CAD017,0xC2997,0x8,1091,0.146654445463,0.164132936375,1,0,0x8,1,1,1048576,56417884,692,1,0,1,0,NA,0,0,0.065197
50,192,0x5343454E45525932,0x9A9317FDDCF4A894,22445FE6ABA791964B58,0,0x1,0xA7CAD017,0xC2997,0x8,1256,0.152866242038,0.164132936375,1,0,0x8,1,1,1048576,56426496,72,1,0,1,0,NA,0,0,0.065207
50,256,0x5343454E45525932,0x9A9317FDDCF4A894,22445FE6ABA791964B58,0,0x1,0xA7CAD017,0xC2997,0x8,1658,0.154402895054,0.164132936375,1,0,0x8,1,1,1048576,56428396,8,1,10,1,1,0x1,1,0,0.065209
50,320,0x5343454E45525932,0x9A9317FDDCF4A894,22445FE6ABA791964B58,0,0x1,0xA7CAD017,0xC2997,0x8,2083,0.153624579933,0.164132936375,1,0,0x8,1,1,1048576,56428672,4,1,18,1,1,0x1,1,1,0.065209
50,384,0x5343454E45525932,0x9A9317FDDCF4A894,22445FE6ABA791964B58,0,0x1,0xA7CAD017,0xC2997,0x8,2402,0.159866777685,0.164132936375,1,0,0x8,1,1,1048576,56428928,4,1,18,1,1,0x1,1,1,0.065209
50,512,0x5343454E45525932,0x9A9317FDDCF4A894,22445FE6ABA791964B58,0,0x1,0xA7CAD017,0xC2997,0x8,3072,0.166666666667,0.164132936375,1,0,0x8,1,1,1048576,56429440,4,1,18,1,1,0x1,1,1,0.065210
51,64,0x5343454E45525932,0x4DFB6C016551433D,E520BFAC24DDD01C3BF5,2,0xF,0x46F7AA63,0xBE23F,0xC,370,0.172972972973,0.164132936375,1,2,0xC,1,1,1048576,52290292,235504,1,0,1,0,NA,0,0,0.060234
51,96,0x5343454E45525932,0x4DFB6C016551433D,E520BFAC24DDD01C3BF5,2,0xF,0x46F7AA63,0xBE23F,0xC,578,0.166089965398,0.164132936375,1,2,0xC,1,1,1048576,55720460,29780,1,0,1,0,NA,0,0,0.064185
51,128,0x5343454E45525932,0x4DFB6C016551433D,E520BFAC24DDD01C3BF5,2,0xF,0x46F7AA63,0xBE23F,0xC,773,0.165588615783,0.164132936375,1,2,0xC,1,1,1048576,56132384,3580,1,0,1,0,NA,0,0,0.064660
51,160,0x5343454E45525932,0x4DFB6C016551433D,E520BFAC24DDD01C3BF5,2,0xF,0x46F7AA63,0xBE23F,0xC,1061,0.150801131008,0.164132936375,1,2,0xC,1,1,1048576,56181340,440,1,0,1,0,NA,0,0,0.064716
51,192,0x5343454E45525932,0x4DFB6C016551433D,E520BFAC24DDD01C3BF5,2,0xF,0x46F7AA63,0xBE23F,0xC,1281,0.149882903981,0.164132936375,1,2,0xC,1,1,1048576,56187680,80,1,0,1,0,NA,0,0,0.064723
51,256,0x5343454E45525932,0x4DFB6C016551433D,E520BFAC24DDD01C3BF5,2,0xF,0x46F7AA63,0xBE23F,0xC,1739,0.147211040828,0.164132936375,1,2,0xC,1,1,1048576,56188828,4,1,18,1,1,0xF,1,1,0.064725
51,320,0x5343454E45525932,0x4DFB6C016551433D,E520BFAC24DDD01C3BF5,2,0xF,0x46F7AA63,0xBE23F,0xC,2170,0.147465437788,0.164132936375,1,2,0xC,1,1,1048576,56189084,4,1,18,1,1,0xF,1,1,0.064725
51,384,0x5343454E45525932,0x4DFB6C016551433D,E520BFAC24DDD01C3BF5,2,0xF,0x46F7AA63,0xBE23F,0xC,2574,0.149184149184,0.164132936375,1,2,0xC,1,1,1048576,56189340,4,1,18,1,1,0xF,1,1,0.064725
51,512,0x5343454E45525932,0x4DFB6C016551433D,E520BFAC24DDD01C3BF5,2,0xF,0x46F7AA63,0xBE23F,0xC,3395,0.150810014728,0.164132936375,1,2,0xC,1,1,1048576,56189852,4,1,18,1,1,0xF,1,1,0.064726
52,64,0x5343454E45525932,0x2B94E945BA39E5D8,D8A1697C25296E6D9445,7,0x3,0x2BED9815,0x7A162,0x5,391,0.163682864450,0.164132936375,1,7,0x5,1,1,1048576,52029672,228504,1,0,1,0,NA,0,0,0.058955
52,96,0x5343454E45525932,0x2B94E945BA39E5D8,D8A1697C25296E6D9445,7,0x3,0x2BED9815,0x7A162,0x5,580,0.165517241379,0.164132936375,1,7,0x5,1,1,1048576,55373632,30840,1,0,1,0,NA,0,0,0.062744
52,128,0x5343454E45525932,0x2B94E945BA39E5D8,D8A1697C25296E6D9445,7,0x3,0x2BED9815,0x7A162,0x5,801,0.159800249688,0.164132936375,1,7,0x5,1,1,1048576,55826340,3880,1,0,1,0,NA,0,0,0.063257
52,160,0x5343454E45525932,0x2B94E945BA39E5D8,D8A1697C25296E6D9445,7,0x3,0x2BED9815,0x7A162,0x5,997,0.160481444333,0.164132936375,1,7,0x5,1,1,1048576,55883704,536,1,0,1,0,NA,0,0,0.063322
52,192,0x5343454E45525932,0x2B94E945BA39E5D8,D8A1697C25296E6D9445,7,0x3,0x2BED9815,0x7A162,0x5,1179,0.162849872774,0.164132936375,1,7,0x5,1,1,1048576,55890952,72,1,0,1,0,NA,0,0,0.063330
52,256,0x5343454E45525932,0x2B94E945BA39E5D8,D8A1697C25296E6D9445,7,0x3,0x2BED9815,0x7A162,0x5,1564,0.163682864450,0.164132936375,1,7,0x5,1,1,1048576,55892420,4,1,18,1,1,0x3,1,1,0.063332
52,320,0x5343454E45525932,0x2B94E945BA39E5D8,D8A1697C25296E6D9445,7,0x3,0x2BED9815,0x7A162,0x5,1985,0.161209068010,0.164132936375,1,7,0x5,1,1,1048576,55892676,4,1,18,1,1,0x3,1,1,0.063332
52,384,0x5343454E45525932,0x2B94E945BA39E5D8,D8A1697C25296E6D9445,7,0x3,0x2BED9815,0x7A162,0x5,2325,0.165161290323,0.164132936375,1,7,0x5,1,1,1048576,55892932,4,1,18,1,1,0x3,1,1,0.063332
52,512,0x5343454E45525932,0x2B94E945BA39E5D8,D8A1697C25296E6D9445,7,0x3,0x2BED9815,0x7A162,0x5,3130,0.163578274760,0.164132936375,1,7,0x5,1,1,1048576,55893444,4,1,18,1,1,0x3,1,1,0.063333
53,64,0x5343454E45525932,0x910571FFD7FDB8A4,EB5754C94FB5FCACBCD0,6,0x2,0xB6E2A6CF,0xDF8A7,0x8,389,0.164524421594,0.164132936375,3,NA,NA,0,0,0,0,0,0,0,0,0,NA,0,0,0.000000
53,96,0x5343454E45525932,0x910571FFD7FDB8A4,EB5754C94FB5FCACBCD0,6,0x2,0xB6E2A6CF,0xDF8A7,0x8,557,0.172351885099,0.164132936375,1,6,0x8,1,1,1048576,55744240,32580,1,0,1,0,NA,0,0,0.062391
53,128,0x5343454E45525932,0x910571FFD7FDB8A4,EB5754C94FB5FCACBCD0,6,0x2,0xB6E2A6CF,0xDF8A7,0x8,758,0.168865435356,0.164132936375,1,6,0x8,1,1,1048576,56191072,3756,1,0,1,0,NA,0,0,0.062891
53,160,0x5343454E45525932,0x910571FFD7FDB8A4,EB5754C94FB5FCACBCD0,6,0x2,0xB6E2A6CF,0xDF8A7,0x8,958,0.167014613779,0.164132936375,1,6,0x8,1,1,1048576,56247272,640,1,0,1,0,NA,0,0,0.062954
53,192,0x5343454E45525932,0x910571FFD7FDB8A4,EB5754C94FB5FCACBCD0,6,0x2,0xB6E2A6CF,0xDF8A7,0x8,1187,0.161752316765,0.164132936375,1,6,0x8,1,1,1048576,56257872,160,1,0,1,0,NA,0,0,0.062966
53,256,0x5343454E45525932,0x910571FFD7FDB8A4,EB5754C94FB5FCACBCD0,6,0x2,0xB6E2A6CF,0xDF8A7,0x8,1557,0.164418754014,0.164132936375,1,6,0x8,1,1,1048576,56260496,4,1,18,1,1,0x2,1,1,0.062969
53,320,0x5343454E45525932,0x910571FFD7FDB8A4,EB5754C94FB5FCACBCD0,6,0x2,0xB6E2A6CF,0xDF8A7,0x8,2038,0.157016683023,0.164132936375,1,6,0x8,1,1,1048576,56260752,4,1,18,1,1,0x2,1,1,0.062969
53,384,0x5343454E45525932,0x910571FFD7FDB8A4,EB5754C94FB5FCACBCD0,6,0x2,0xB6E2A6CF,0xDF8A7,0x8,2430,0.158024691358,0.164132936375,1,6,0x8,1,1,1048576,56261008,4,1,18,1,1,0x2,1,1,0.062969
53,512,0x5343454E45525932,0x910571FFD7FDB8A4,EB5754C94FB5FCACBCD0,6,0x2,0xB6E2A6CF,0xDF8A7,0x8,3138,0.163161249203,0.164132936375,1,6,0x8,1,1,1048576,56261520,4,1,18,1,1,0x2,1,1,0.062970
54,64,0x5343454E45525932,0x3BF555D859926FFB,383EBA424EF2F35211D6,3,0xC,0xC6D55500,0x37007,0xC,427,0.149882903981,0.164132936375,6,NA,NA,0,0,0,0,0,0,0,0,0,NA,0,0,0.000000
54,96,0x5343454E45525932,0x3BF555D859926FFB,383EBA424EF2F35211D6,3,0xC,0xC6D55500,0x37007,0xC,672,0.142857142857,0.164132936375,1,3,0xC,1,1,1048576,55188000,29736,1,0,1,0,NA,0,0,0.064611
54,128,0x5343454E45525932,0x3BF555D859926FFB,383EBA424EF2F35211D6,3,0xC,0xC6D55500,0x37007,0xC,904,0.141592920354,0.164132936375,1,3,0xC,1,1,1048576,55573540,3644,1,0,1,0,NA,0,0,0.065062
54,160,0x5343454E45525932,0x3BF555D859926FFB,383EBA424EF2F35211D6,3,0xC,0xC6D55500,0x37007,0xC,1088,0.147058823529,0.164132936375,1,3,0xC,1,1,1048576,55623668,484,1,0,1,0,NA,0,0,0.065121
54,192,0x5343454E45525932,0x3BF555D859926FFB,383EBA424EF2F35211D6,3,0xC,0xC6D55500,0x37007,0xC,1267,0.151539068666,0.164132936375,1,3,0xC,1,1,1048576,55630900,68,1,0,1,0,NA,0,0,0.065129
54,256,0x5343454E45525932,0x3BF555D859926FFB,383EBA424EF2F35211D6,3,0xC,0xC6D55500,0x37007,0xC,1583,0.161718256475,0.164132936375,1,3,0xC,1,1,1048576,55632332,4,1,18,1,1,0xC,1,1,0.065131
54,320,0x5343454E45525932,0x3BF555D859926FFB,383EBA424EF2F35211D6,3,0xC,0xC6D55500,0x37007,0xC,2006,0.159521435693,0.164132936375,1,3,0xC,1,1,1048576,55632588,4,1,18,1,1,0xC,1,1,0.065131
54,384,0x5343454E45525932,0x3BF555D859926FFB,383EBA424EF2F35211D6,3,0xC,0xC6D55500,0x37007,0xC,2508,0.153110047847,0.164132936375,1,3,0xC,1,1,1048576,55632844,4,1,18,1,1,0xC,1,1,0.065131
54,512,0x5343454E45525932,0x3BF555D859926FFB,383EBA424EF2F35211D6,3,0xC,0xC6D55500,0x37007,0xC,3272,0.156479217604,0.164132936375,1,3,0xC,1,1,1048576,55633356,4,1,18,1,1,0xC,1,1,0.065132
55,64,0x5343454E45525932,0xAA939A9468FFB9A4,72256B760F96131B440F,4,0xC,0x09E4E78B,0xDE609,0xC,442,0.144796380090,0.164132936375,4,NA,NA,0,0,0,0,0,0,0,0,0,NA,0,0,0.000000
55,96,0x5343454E45525932,0xAA939A9468FFB9A4,72256B760F96131B440F,4,0xC,0x09E4E78B,0xDE609,0xC,648,0.148148148148,0.164132936375,1,4,0xC,1,1,1048576,57429440,34616,1,0,1,0,NA,0,0,0.070020
55,128,0x5343454E45525932,0xAA939A9468FFB9A4,72256B760F96131B440F,4,0xC,0x09E4E78B,0xDE609,0xC,820,0.156097560976,0.164132936375,1,4,0xC,1,1,1048576,57902220,4692,1,0,1,0,NA,0,0,0.070597
55,160,0x5343454E45525932,0xAA939A9468FFB9A4,72256B760F96131B440F,4,0xC,0x09E4E78B,0xDE609,0xC,1047,0.152817574021,0.164132936375,1,4,0xC,1,1,1048576,57964044,464,1,0,1,0,NA,0,0,0.070672
55,192,0x5343454E45525932,0xAA939A9468FFB9A4,72256B760F96131B440F,4,0xC,0x09E4E78B,0xDE609,0xC,1274,0.150706436421,0.164132936375,1,4,0xC,1,1,1048576,57970148,72,1,0,1,0,NA,0,0,0.070680
55,256,0x5343454E45525932,0xAA939A9468FFB9A4,72256B760F96131B440F,4,0xC,0x09E4E78B,0xDE609,0xC,1603,0.159700561447,0.164132936375,1,4,0xC,1,1,1048576,57971100,4,1,18,1,1,0xC,1,1,0.070681
55,320,0x5343454E45525932,0xAA939A9468FFB9A4,72256B760F96131B440F,4,0xC,0x09E4E78B,0xDE609,0xC,1917,0.166927490871,0.164132936375,1,4,0xC,1,1,1048576,57971356,4,1,18,1,1,0xC,1,1,0.070681
55,384,0x5343454E45525932,0xAA939A9468FFB9A4,72256B760F96131B440F,4,0xC,0x09E4E78B,0xDE609,0xC,2323,0.165303486870,0.164132936375,1,4,0xC,1,1,1048576,57971612,4,1,18,1,1,0xC,1,1,0.070681
55,512,0x5343454E45525932,0xAA939A9468FFB9A4,72256B760F96131B440F,4,0xC,0x09E4E78B,0xDE609,0xC,2969,0.172448635904,0.164132936375,1,4,0xC,1,1,1048576,57972124,4,1,18,1,1,0xC,1,1,0.070682
56,64,0x5343454E45525932,0xB54289430230E988,10680EFD969A723BDAE5,6,0x2,0x04AFD28F,0xBEA42,0x6,388,0.164948453608,0.164132936375,3,NA,NA,0,0,0,0,0,0,0,0,0,NA,0,0,0.000000
56,96,0x5343454E45525932,0xB54289430230E988,10680EFD969A723BDAE5,6,0x2,0x04AFD28F,0xBEA42,0x6,586,0.163822525597,0.164132936375,1,6,0x6,1,1,1048576,56351780,45696,1,0,1,0,NA,0,0,0.067646
56,128,0x5343454E45525932,0xB54289430230E988,10680EFD969A723BDAE5,6,0x2,0x04AFD28F,0xBEA42,0x6,751,0.170439414115,0.164132936375,1,6,0x6,1,1,1048576,57025196,6720,1,0,1,0,NA,0,0,0.068454
56,160,0x5343454E45525932,0xB54289430230E988,10680EFD969A723BDAE5,6,0x2,0x04AFD28F,0xBEA42,0x6,966,0.165631469979,0.164132936375,1,6,0x6,1,1,1048576,57117480,816,1,0,1,0,NA,0,0,0.068565
56,192,0x5343454E45525932,0xB54289430230E988,10680EFD969A723BDAE5,6,0x2,0x04AFD28F,0xBEA42,0x6,1198,0.160267111853,0.164132936375,1,6,0x6,1,1,1048576,57128420,92,1,0,1,0,NA,0,0,0.068578
56,256,0x5343454E45525932,0xB54289430230E988,10680EFD969A723BDAE5,6,0x2,0x04AFD28F,0xBEA42,0x6,1628,0.157248157248,0.164132936375,1,6,0x6,1,1,1048576,57129976,4,1,18,1,1,0x2,1,1,0.068580
56,320,0x5343454E45525932,0xB54289430230E988,10680EFD969A723BDAE5,6,0x2,0x04AFD28F,0xBEA42,0x6,2032,0.157480314961,0.164132936375,1,6,0x6,1,1,1048576,57130232,4,1,18,1,1,0x2,1,1,0.068580
56,384,0x5343454E45525932,0xB54289430230E988,10680EFD969A723BDAE5,6,0x2,0x04AFD28F,0xBEA42,0x6,2518,0.152501985703,0.164132936375,1,6,0x6,1,1,1048576,57130488,4,1,18,1,1,0x2,1,1,0.068580
56,512,0x5343454E45525932,0xB54289430230E988,10680EFD969A723BDAE5,6,0x2,0x04AFD28F,0xBEA42,0x6,3275,0.156335877863,0.164132936375,1,6,0x6,1,1,1048576,57131000,4,1,18,1,1,0x2,1,1,0.068581
57,64,0x5343454E45525932,0x66437A94642EFCD3,BC4A23C69AA8C9173C90,2,0x9,0x73D1ED02,0x75349,0xD,442,0.144796380090,0.164132936375,1,2,0xD,1,1,1048576,52542112,247460,1,0,1,0,NA,0,0,0.060851
57,96,0x5343454E45525932,0x66437A94642EFCD3,BC4A23C69AA8C9173C90,2,0x9,0x73D1ED02,0x75349,0xD,622,0.154340836013,0.164132936375,1,2,0xD,1,1,1048576,56108532,35520,1,0,1,0,NA,0,0,0.064981
57,128,0x5343454E45525932,0x66437A94642EFCD3,BC4A23C69AA8C9173C90,2,0x9,0x73D1ED02,0x75349,0xD,772,0.165803108808,0.164132936375,1,2,0xD,1,1,1048576,56628584,4892,1,0,1,0,NA,0,0,0.065584
57,160,0x5343454E45525932,0x66437A94642EFCD3,BC4A23C69AA8C9173C90,2,0x9,0x73D1ED02,0x75349,0xD,1005,0.159203980100,0.164132936375,1,2,0xD,1,1,1048576,56697480,564,1,0,1,0,NA,0,0,0.065663
57,192,0x5343454E45525932,0x66437A94642EFCD3,BC4A23C69AA8C9173C90,2,0x9,0x73D1ED02,0x75349,0xD,1163,0.165090283749,0.164132936375,1,2,0xD,1,1,1048576,56705532,92,1,0,1,0,NA,0,0,0.065673
57,256,0x5343454E45525932,0x66437A94642EFCD3,BC4A23C69AA8C9173C90,2,0x9,0x73D1ED02,0x75349,0xD,1621,0.157927205429,0.164132936375,1,2,0xD,1,1,1048576,56707288,4,1,18,1,1,0x9,1,1,0.065675
57,320,0x5343454E45525932,0x66437A94642EFCD3,BC4A23C69AA8C9173C90,2,0x9,0x73D1ED02,0x75349,0xD,1980,0.161616161616,0.164132936375,1,2,0xD,1,1,1048576,56707544,4,1,18,1,1,0x9,1,1,0.065675
57,384,0x5343454E45525932,0x66437A94642EFCD3,BC4A23C69AA8C9173C90,2,0x9,0x73D1ED02,0x75349,0xD,2380,0.161344537815,0.164132936375,1,2,0xD,1,1,1048576,56707800,4,1,18,1,1,0x9,1,1,0.065675
57,512,0x5343454E45525932,0x66437A94642EFCD3,BC4A23C69AA8C9173C90,2,0x9,0x73D1ED02,0x75349,0xD,3141,0.163005412289,0.164132936375,1,2,0xD,1,1,1048576,56708312,4,1,18,1,1,0x9,1,1,0.065676
58,64,0x5343454E45525932,0x44E419F3D5E72930,7274D4B25EC1292F736D,3,0x1,0xB18CBADD,0xF85EA,0xF,396,0.161616161616,0.164132936375,2,NA,NA,0,0,0,0,0,0,0,0,0,NA,0,0,0.000000
58,96,0x5343454E45525932,0x44E419F3D5E72930,7274D4B25EC1292F736D,3,0x1,0xB18CBADD,0xF85EA,0xF,621,0.154589371981,0.164132936375,1,3,0xF,1,1,1048576,54954428,29624,1,0,1,0,NA,0,0,0.061471
58,128,0x5343454E45525932,0x44E419F3D5E72930,7274D4B25EC1292F736D,3,0x1,0xB18CBADD,0xF85EA,0xF,858,0.149184149184,0.164132936375,1,3,0xF,1,1,1048576,55371264,3548,1,0,1,0,NA,0,0,0.061937
58,160,0x5343454E45525932,0x44E419F3D5E72930,7274D4B25EC1292F736D,3,0x1,0xB18CBADD,0xF85EA,0xF,1102,0.145190562613,0.164132936375,1,3,0xF,1,1,1048576,55421892,476,1,0,1,0,NA,0,0,0.061994
58,192,0x5343454E45525932,0x44E419F3D5E72930,7274D4B25EC1292F736D,3,0x1,0xB18CBADD,0xF85EA,0xF,1281,0.149882903981,0.164132936375,1,3,0xF,1,1,1048576,55429548,72,1,0,1,0,NA,0,0,0.062002
58,256,0x5343454E45525932,0x44E419F3D5E72930,7274D4B25EC1292F736D,3,0x1,0xB18CBADD,0xF85EA,0xF,1637,0.156383628589,0.164132936375,1,3,0xF,1,1,1048576,55430984,4,1,18,1,1,0x1,1,1,0.062004
58,320,0x5343454E45525932,0x44E419F3D5E72930,7274D4B25EC1292F736D,3,0x1,0xB18CBADD,0xF85EA,0xF,2082,0.153698366955,0.164132936375,1,3,0xF,1,1,1048576,55431240,4,1,18,1,1,0x1,1,1,0.062004
58,384,0x5343454E45525932,0x44E419F3D5E72930,7274D4B25EC1292F736D,3,0x1,0xB18CBADD,0xF85EA,0xF,2459,0.156161041074,0.164132936375,1,3,0xF,1,1,1048576,55431496,4,1,18,1,1,0x1,1,1,0.062004
58,512,0x5343454E45525932,0x44E419F3D5E72930,7274D4B25EC1292F736D,3,0x1,0xB18CBADD,0xF85EA,0xF,3179,0.161056936143,0.164132936375,1,3,0xF,1,1,1048576,55432008,4,1,18,1,1,0x1,1,1,0.062005
59,64,0x5343454E45525932,0x88239B7EC2809181,746AE692096E65AA1680,0,0x5,0xAC9D9205,0x63BA7,0xF,388,0.164948453608,0.164132936375,4,NA,NA,0,0,0,0,0,0,0,0,0,NA,0,0,0.000000
59,96,0x5343454E45525932,0x88239B7EC2809181,746AE692096E65AA1680,0,0x5,0xAC9D9205,0x63BA7,0xF,605,0.158677685950,0.164132936375,1,0,0xF,1,1,1048576,57820080,32600,1,0,1,0,NA,0,0,0.064825
59,128,0x5343454E45525932,0x88239B7EC2809181,746AE692096E65AA1680,0,0x5,0xAC9D9205,0x63BA7,0xF,812,0.157635467980,0.164132936375,1,0,0xF,1,1,1048576,58314452,5664,1,0,1,0,NA,0,0,0.065380
59,160,0x5343454E45525932,0x88239B7EC2809181,746AE692096E65AA1680,0,0x5,0xAC9D9205,0x63BA7,0xF,997,0.160481444333,0.164132936375,1,0,0xF,1,1,1048576,58394676,788,1,0,1,0,NA,0,0,0.065470
59,192,0x5343454E45525932,0x88239B7EC2809181,746AE692096E65AA1680,0,0x5,0xAC9D9205,0x63BA7,0xF,1161,0.165374677003,0.164132936375,1,0,0xF,1,1,1048576,58405284,92,1,0,1,0,NA,0,0,0.065482
59,256,0x5343454E45525932,0x88239B7EC2809181,746AE692096E65AA1680,0,0x5,0xAC9D9205,0x63BA7,0xF,1611,0.158907510863,0.164132936375,1,0,0xF,1,1,1048576,58407360,4,1,18,1,1,0x5,1,1,0.065484
59,320,0x5343454E45525932,0x88239B7EC2809181,746AE692096E65AA1680,0,0x5,0xAC9D9205,0x63BA7,0xF,2088,0.153256704981,0.164132936375,1,0,0xF,1,1,1048576,58407616,4,1,18,1,1,0x5,1,1,0.065484
59,384,0x5343454E45525932,0x88239B7EC2809181,746AE692096E65AA1680,0,0x5,0xAC9D9205,0x63BA7,0xF,2518,0.152501985703,0.164132936375,1,0,0xF,1,1,1048576,58407872,4,1,18,1,1,0x5,1,1,0.065484
59,512,0x5343454E45525932,0x88239B7EC2809181,746AE692096E65AA1680,0,0x5,0xAC9D9205,0x63BA7,0xF,3326,0.153938665063,0.164132936375,1,0,0xF,1,1,1048576,58408384,4,1,18,1,1,0x5,1,1,0.065485
60,64,0x5343454E45525932,0x08B154EE0B1D93FA,AB6DC14BE5618F9FF2F3,4,0x7,0x6248633B,0xC078A,0xF,442,0.144796380090,0.164132936375,3,NA,NA,0,0,0,0,0,0,0,0,0,NA,0,0,0.000000
60,96,0x5343454E45525932,0x08B154EE0B1D93FA,AB6DC14BE5618F9FF2F3,4,0x7,0x6248633B,0xC078A,0xF,641,0.149765990640,0.164132936375,1,4,0xF,1,1,1048576,56966504,38148,1,0,1,0,NA,0,0,0.064683
60,128,0x5343454E45525932,0x08B154EE0B1D93FA,AB6DC14BE5618F9FF2F3,4,0x7,0x6248633B,0xC078A,0xF,802,0.159600997506,0.164132936375,1,4,0xF,1,1,1048576,57493308,5776,1,0,1,0,NA,0,0,0.065281
60,160,0x5343454E45525932,0x08B154EE0B1D93FA,AB6DC14BE5618F9FF2F3,4,0x7,0x6248633B,0xC078A,0xF,937,0.170757737460,0.164132936375,1,4,0xF,1,1,1048576,57577052,816,1,0,1,0,NA,0,0,0.065376
60,192,0x5343454E45525932,0x08B154EE0B1D93FA,AB6DC14BE5618F9FF2F3,4,0x7,0x6248633B,0xC078A,0xF,1058,0.181474480151,0.164132936375,1,4,0xF,1,1,1048576,57590628,136,1,0,1,0,NA,0,0,0.065392
60,256,0x5343454E45525932,0x08B154EE0B1D93FA,AB6DC14BE5618F9FF2F3,4,0x7,0x6248633B,0xC078A,0xF,1482,0.172739541161,0.164132936375,1,4,0xF,1,1,1048576,57593484,8,1,7,1,0,NA,0,0,0.065395
60,320,0x5343454E45525932,0x08B154EE0B1D93FA,AB6DC14BE5618F9FF2F3,4,0x7,0x6248633B,0xC078A,0xF,1893,0.169043845747,0.164132936375,1,4,0xF,1,1,1048576,57593784,4,1,18,1,1,0x7,1,1,0.065395
60,384,0x5343454E45525932,0x08B154EE0B1D93FA,AB6DC14BE5618F9FF2F3,4,0x7,0x6248633B,0xC078A,0xF,2183,0.175904718278,0.164132936375,1,4,0xF,1,1,1048576,57594040,4,1,18,1,1,0x7,1,1,0.065395
60,512,0x5343454E45525932,0x08B154EE0B1D93FA,AB6DC14BE5618F9FF2F3,4,0x7,0x6248633B,0xC078A,0xF,2955,0.173265651438,0.164132936375,1,4,0xF,1,1,1048576,57594552,4,1,18,1,1,0x7,1,1,0.065396
61,64,0x5343454E45525932,0xAFFC94704FEB524E,D2FF7C95DCBFB5DB8F1B,1,0xA,0x8162AB1B,0x68CED,0x4,312,0.205128205128,0.164132936375,4,NA,NA,0,0,0,0,0,0,0,0,0,NA,0,0,0.000000
61,96,0x5343454E45525932,0xAFFC94704FEB524E,D2FF7C95DCBFB5DB8F1B,1,0xA,0x8162AB1B,0x68CED,0x4,464,0.206896551724,0.164132936375,1,1,0x4,1,1,1048576,54917156,26780,1,0,1,0,NA,0,0,0.065617
61,128,0x5343454E45525932,0xAFFC94704FEB524E,D2FF7C95DCBFB5DB8F1B,1,0xA,0x8162AB1B,0x68CED,0x4,681,0.187958883994,0.164132936375,1,1,0x4,1,1,1048576,55281836,3340,1,0,1,0,NA,0,0,0.066052
61,160,0x5343454E45525932,0xAFFC94704FEB524E,D2FF7C95DCBFB5DB8F1B,1,0xA,0x8162AB1B,0x68CED,0x4,864,0.185185185185,0.164132936375,1,1,0x4,1,1,1048576,55325800,308,1,0,1,0,NA,0,0,0.066105
61,192,0x5343454E45525932,0xAFFC94704FEB524E,D2FF7C95DCBFB5DB8F1B,1,0xA,0x8162AB1B,0x68CED,0x4,1099,0.174704276615,0.164132936375,1,1,0x4,1,1,1048576,55329844,48,1,0,1,0,NA,0,0,0.066110
61,256,0x5343454E45525932,0xAFFC94704FEB524E,D2FF7C95DCBFB5DB8F1B,1,0xA,0x8162AB1B,0x68CED,0x4,1470,0.174149659864,0.164132936375,1,1,0x4,1,1,1048576,55330812,4,1,18,1,1,0xA,1,1,0.066111
61,320,0x5343454E45525932,0xAFFC94704FEB524E,D2FF7C95DCBFB5DB8F1B,1,0xA,0x8162AB1B,0x68CED,0x4,1908,0.167714884696,0.164132936375,1,1,0x4,1,1,1048576,55331068,4,1,18,1,1,0xA,1,1,0.066111
61,384,0x5343454E45525932,0xAFFC94704FEB524E,D2FF7C95DCBFB5DB8F1B,1,0xA,0x8162AB1B,0x68CED,0x4,2219,0.173050923840,0.164132936375,1,1,0x4,1,1,1048576,55331324,4,1,18,1,1,0xA,1,1,0.066111
61,512,0x5343454E45525932,0xAFFC94704FEB524E,D2FF7C95DCBFB5DB8F1B,1,0xA,0x8162AB1B,0x68CED,0x4,2936,0.174386920981,0.164132936375,1,1,0x4,1,1,1048576,55331836,4,1,18,1,1,0xA,1,1,0.066112
62,64,0x5343454E45525932,0xF1B0795C26BBF595,FB1D1FF27A8CD0D4164E,5,0x6,0x99CE5332,0xE538D,0xE,372,0.172043010753,0.164132936375,2,NA,NA,0,0,0,0,0,0,0,0,0,NA,0,0,0.000000
62,96,0x5343454E45525932,0xF1B0795C26BBF595,FB1D1FF27A8CD0D4164E,5,0x6,0x99CE5332,0xE538D,0xE,624,0.153846153846,0.164132936375,1,5,0xE,1,1,1048576,55783264,34732,1,0,1,0,NA,0,0,0.062232
62,128,0x5343454E45525932,0xF1B0795C26BBF595,FB1D1FF27A8CD0D4164E,5,0x6,0x99CE5332,0xE538D,0xE,841,0.152199762188,0.164132936375,1,5,0xE,1,1,1048576,56234568,3432,1,0,1,0,NA,0,0,0.062736
62,160,0x5343454E45525932,0xF1B0795C26BBF595,FB1D1FF27A8CD0D4164E,5,0x6,0x99CE5332,0xE538D,0xE,1021,0.156709108717,0.164132936375,1,5,0xE,1,1,1048576,56285040,600,1,0,1,0,NA,0,0,0.062792
62,192,0x5343454E45525932,0xF1B0795C26BBF595,FB1D1FF27A8CD0D4164E,5,0x6,0x99CE5332,0xE538D,0xE,1189,0.161480235492,0.164132936375,1,5,0xE,1,1,1048576,56292188,52,1,0,1,0,NA,0,0,0.062800
62,256,0x5343454E45525932,0xF1B0795C26BBF595,FB1D1FF27A8CD0D4164E,5,0x6,0x99CE5332,0xE538D,0xE,1626,0.157441574416,0.164132936375,1,5,0xE,1,1,1048576,56292988,4,1,18,1,1,0x6,1,1,0.062801
62,320,0x5343454E45525932,0xF1B0795C26BBF595,FB1D1FF27A8CD0D4164E,5,0x6,0x99CE5332,0xE538D,0xE,2109,0.151730678046,0.164132936375,1,5,0xE,1,1,1048576,56293244,4,1,18,1,1,0x6,1,1,0.062801
62,384,0x5343454E45525932,0xF1B0795C26BBF595,FB1D1FF27A8CD0D4164E,5,0x6,0x99CE5332,0xE538D,0xE,2448,0.156862745098,0.164132936375,1,5,0xE,1,1,1048576,56293500,4,1,18,1,1,0x6,1,1,0.062801
62,512,0x5343454E45525932,0xF1B0795C26BBF595,FB1D1FF27A8CD0D4164E,5,0x6,0x99CE5332,0xE538D,0xE,3290,0.155623100304,0.164132936375,1,5,0xE,1,1,1048576,56294012,4,1,18,1,1,0x6,1,1,0.062802
63,64,0x5343454E45525932,0xACB96AA10990F163,7A00C9B719BB7D325F49,7,0x2,0x8EB0C3D7,0x19DFC,0xD,380,0.168421052632,0.164132936375,2,NA,NA,0,0,0,0,0,0,0,0,0,NA,0,0,0.000000
63,96,0x5343454E45525932,0xACB96AA10990F163,7A00C9B719BB7D325F49,7,0x2,0x8EB0C3D7,0x19DFC,0xD,560,0.171428571429,0.164132936375,1,7,0xD,1,1,1048576,55993440,35168,1,0,1,0,NA,0,0,0.064887
63,128,0x5343454E45525932,0xACB96AA10990F163,7A00C9B719BB7D325F49,7,0x2,0x8EB0C3D7,0x19DFC,0xD,728,0.175824175824,0.164132936375,1,7,0xD,1,1,1048576,56474576,4028,1,0,1,0,NA,0,0,0.065445
63,160,0x5343454E45525932,0xACB96AA10990F163,7A00C9B719BB7D325F49,7,0x2,0x8EB0C3D7,0x19DFC,0xD,934,0.171306209850,0.164132936375,1,7,0xD,1,1,1048576,56525136,492,1,0,1,0,NA,0,0,0.065503
63,192,0x5343454E45525932,0xACB96AA10990F163,7A00C9B719BB7D325F49,7,0x2,0x8EB0C3D7,0x19DFC,0xD,1131,0.169761273210,0.164132936375,1,7,0xD,1,1,1048576,56531676,48,1,0,1,0,NA,0,0,0.065511
63,256,0x5343454E45525932,0xACB96AA10990F163,7A00C9B719BB7D325F49,7,0x2,0x8EB0C3D7,0x19DFC,0xD,1474,0.173677069199,0.164132936375,1,7,0xD,1,1,1048576,56532576,4,1,18,1,1,0x2,1,1,0.065512
63,320,0x5343454E45525932,0xACB96AA10990F163,7A00C9B719BB7D325F49,7,0x2,0x8EB0C3D7,0x19DFC,0xD,1803,0.177481974487,0.164132936375,1,7,0xD,1,1,1048576,56532832,4,1,18,1,1,0x2,1,1,0.065512
63,384,0x5343454E45525932,0xACB96AA10990F163,7A00C9B719BB7D325F49,7,0x2,0x8EB0C3D7,0x19DFC,0xD,2187,0.175582990398,0.164132936375,1,7,0xD,1,1,1048576,56533088,4,1,18,1,1,0x2,1,1,0.065512
63,512,0x5343454E45525932,0xACB96AA10990F163,7A00C9B719BB7D325F49,7,0x2,0x8EB0C3D7,0x19DFC,0xD,2957,0.173148461278,0.164132936375,1,7,0xD,1,1,1048576,56533600,4,1,18,1,1,0x2,1,1,0.065513
64,64,0x5343454E45525932,0xF7883E78390D643B,11BC6F8803ED82CCF003,1,0x8,0xD8E0A0A7,0xE1188,0x0,349,0.183381088825,0.164132936375,4,NA,NA,0,0,0,0,0,0,0,0,0,NA,0,0,0.000000
64,96,0x5343454E45525932,0xF7883E78390D643B,11BC6F8803ED82CCF003,1,0x8,0xD8E0A0A7,0xE1188,0x0,562,0.170818505338,0.164132936375,1,1,0x0,1,1,1048576,55770944,28780,1,0,1,0,NA,0,0,0.064301
64,128,0x5343454E45525932,0xF7883E78390D643B,11BC6F8803ED82CCF003,1,0x8,0xD8E0A0A7,0xE1188,0x0,779,0.164313222080,0.164132936375,1,1,0x0,1,1,1048576,56204924,3812,1,0,1,0,NA,0,0,0.064801
64,160,0x5343454E45525932,0xF7883E78390D643B,11BC6F8803ED82CCF003,1,0x8,0xD8E0A0A7,0xE1188,0x0,1000,0.160000000000,0.164132936375,1,1,0x0,1,1,1048576,56258752,544,1,0,1,0,NA,0,0,0.064863
64,192,0x5343454E45525932,0xF7883E78390D643B,11BC6F8803ED82CCF003,1,0x8,0xD8E0A0A7,0xE1188,0x0,1214,0.158154859967,0.164132936375,1,1,0x0,1,1,1048576,56267104,84,1,0,1,0,NA,0,0,0.064873
64,256,0x5343454E45525932,0xF7883E78390D643B,11BC6F8803ED82CCF003,1,0x8,0xD8E0A0A7,0xE1188,0x0,1563,0.163787587972,0.164132936375,1,1,0x0,1,1,1048576,56268848,4,1,18,1,1,0x8,1,1,0.064875
64,320,0x5343454E45525932,0xF7883E78390D643B,11BC6F8803ED82CCF003,1,0x8,0xD8E0A0A7,0xE1188,0x0,1895,0.168865435356,0.164132936375,1,1,0x0,1,1,1048576,56269104,4,1,18,1,1,0x8,1,1,0.064875
64,384,0x5343454E45525932,0xF7883E78390D643B,11BC6F8803ED82CCF003,1,0x8,0xD8E0A0A7,0xE1188,0x0,2279,0.168494953927,0.164132936375,1,1,0x0,1,1,1048576,56269360,4,1,18,1,1,0x8,1,1,0.064875
64,512,0x5343454E45525932,0xF7883E78390D643B,11BC6F8803ED82CCF003,1,0x8,0xD8E0A0A7,0xE1188,0x0,2959,0.173031429537,0.164132936375,1,1,0x0,1,1,1048576,56269872,4,1,18,1,1,0x8,1,1,0.064876
65,64,0x5343454E45525932,0xD0FCC4044FB4FCA3,0793C6154186BBA78EA9,5,0x4,0x27574D11,0x3F01A,0x5,428,0.149532710280,0.164132936375,4,NA,NA,0,0,0,0,0,0,0,0,0,NA,0,0,0.000000
65,96,0x5343454E45525932,0xD0FCC4044FB4FCA3,0793C6154186BBA78EA9,5,0x4,0x27574D11,0x3F01A,0x5,623,0.154093097913,0.164132936375,1,5,0x5,1,1,1048576,55587000,32400,1,0,1,0,NA,0,0,0.064376
65,128,0x5343454E45525932,0xD0FCC4044FB4FCA3,0793C6154186BBA78EA9,5,0x4,0x27574D11,0x3F01A,0x5,854,0.149882903981,0.164132936375,1,5,0x5,1,1,1048576,56017360,3568,1,0,1,0,NA,0,0,0.064875
65,160,0x5343454E45525932,0xD0FCC4044FB4FCA3,0793C6154186BBA78EA9,5,0x4,0x27574D11,0x3F01A,0x5,1039,0.153994225217,0.164132936375,1,5,0x5,1,1,1048576,56068680,488,1,0,1,0,NA,0,0,0.064934
65,192,0x5343454E45525932,0xD0FCC4044FB4FCA3,0793C6154186BBA78EA9,5,0x4,0x27574D11,0x3F01A,0x5,1244,0.154340836013,0.164132936375,1,5,0x5,1,1,1048576,56075732,80,1,0,1,0,NA,0,0,0.064942
65,256,0x5343454E45525932,0xD0FCC4044FB4FCA3,0793C6154186BBA78EA9,5,0x4,0x27574D11,0x3F01A,0x5,1611,0.158907510863,0.164132936375,1,5,0x5,1,1,1048576,56078024,4,1,18,1,1,0x4,1,1,0.064945
65,320,0x5343454E45525932,0xD0FCC4044FB4FCA3,0793C6154186BBA78EA9,5,0x4,0x27574D11,0x3F01A,0x5,2014,0.158887785501,0.164132936375,1,5,0x5,1,1,1048576,56078280,4,1,18,1,1,0x4,1,1,0.064945
65,384,0x5343454E45525932,0xD0FCC4044FB4FCA3,0793C6154186BBA78EA9,5,0x4,0x27574D11,0x3F01A,0x5,2404,0.159733777038,0.164132936375,1,5,0x5,1,1,1048576,56078536,4,1,18,1,1,0x4,1,1,0.064945
65,512,0x5343454E45525932,0xD0FCC4044FB4FCA3,0793C6154186BBA78EA9,5,0x4,0x27574D11,0x3F01A,0x5,3096,0.165374677003,0.164132936375,1,5,0x5,1,1,1048576,56079048,4,1,18,1,1,0x4,1,1,0.064946
66,64,0x5343454E45525932,0x35FB3BA6C6603528,4C2988A99E50CB748E30,1,0x7,0x956D4413,0x2928B,0xF,371,0.172506738544,0.164132936375,2,NA,NA,0,0,0,0,0,0,0,0,0,NA,0,0,0.000000
66,96,0x5343454E45525932,0x35FB3BA6C6603528,4C2988A99E50CB748E30,1,0x7,0x956D4413,0x2928B,0xF,605,0.158677685950,0.164132936375,1,1,0xF,1,1,1048576,55914232,30692,1,0,1,0,NA,0,0,0.064215
66,128,0x5343454E45525932,0x35FB3BA6C6603528,4C2988A99E50CB748E30,1,0x7,0x956D4413,0x2928B,0xF,773,0.165588615783,0.164132936375,1,1,0xF,1,1,1048576,56338832,3864,1,0,1,0,NA,0,0,0.064703
66,160,0x5343454E45525932,0x35FB3BA6C6603528,4C2988A99E50CB748E30,1,0x7,0x956D4413,0x2928B,0xF,998,0.160320641283,0.164132936375,1,1,0xF,1,1,1048576,56388956,388,1,0,1,0,NA,0,0,0.064761
66,192,0x5343454E45525932,0x35FB3BA6C6603528,4C2988A99E50CB748E30,1,0x7,0x956D4413,0x2928B,0xF,1218,0.157635467980,0.164132936375,1,1,0xF,1,1,1048576,56393688,28,1,0,1,0,NA,0,0,0.064766
66,256,0x5343454E45525932,0x35FB3BA6C6603528,4C2988A99E50CB748E30,1,0x7,0x956D4413,0x2928B,0xF,1644,0.155717761557,0.164132936375,1,1,0xF,1,1,1048576,56394388,8,1,8,1,0,NA,0,0,0.064767
66,320,0x5343454E45525932,0x35FB3BA6C6603528,4C2988A99E50CB748E30,1,0x7,0x956D4413,0x2928B,0xF,2008,0.159362549801,0.164132936375,1,1,0xF,1,1,1048576,56394716,4,1,18,1,1,0x7,1,1,0.064767
66,384,0x5343454E45525932,0x35FB3BA6C6603528,4C2988A99E50CB748E30,1,0x7,0x956D4413,0x2928B,0xF,2448,0.156862745098,0.164132936375,1,1,0xF,1,1,1048576,56394972,4,1,18,1,1,0x7,1,1,0.064767
66,512,0x5343454E45525932,0x35FB3BA6C6603528,4C2988A99E50CB748E30,1,0x7,0x956D4413,0x2928B,0xF,3300,0.155151515152,0.164132936375,1,1,0xF,1,1,1048576,56395484,4,1,18,1,1,0x7,1,1,0.064768
67,64,0x5343454E45525932,0x48892424FC1A41B8,690D23DB02B3EF9A47AD,5,0xA,0xEE63B545,0x3E574,0xD,404,0.158415841584,0.164132936375,1,5,0xD,1,1,1048576,52257144,245308,1,0,1,0,NA,0,0,0.060469
67,96,0x5343454E45525932,0x48892424FC1A41B8,690D23DB02B3EF9A47AD,5,0xA,0xEE63B545,0x3E574,0xD,683,0.140556368960,0.164132936375,1,5,0xD,1,1,1048576,55597836,29544,1,0,1,0,NA,0,0,0.064335
67,128,0x5343454E45525932,0x48892424FC1A41B8,690D23DB02B3EF9A47AD,5,0xA,0xEE63B545,0x3E574,0xD,877,0.145952109464,0.164132936375,1,5,0xD,1,1,1048576,56008480,3776,1,0,1,0,NA,0,0,0.064810
67,160,0x5343454E45525932,0x48892424FC1A41B8,690D23DB02B3EF9A47AD,5,0xA,0xEE63B545,0x3E574,0xD,1100,0.145454545455,0.164132936375,1,5,0xD,1,1,1048576,56066448,584,1,0,1,0,NA,0,0,0.064877
67,192,0x5343454E45525932,0x48892424FC1A41B8,690D23DB02B3EF9A47AD,5,0xA,0xEE63B545,0x3E574,0xD,1321,0.145344436033,0.164132936375,1,5,0xD,1,1,1048576,56075396,92,1,0,1,0,NA,0,0,0.064888
67,256,0x5343454E45525932,0x48892424FC1A41B8,690D23DB02B3EF9A47AD,5,0xA,0xEE63B545,0x3E574,0xD,1740,0.147126436782,0.164132936375,1,5,0xD,1,1,1048576,56077396,4,1,18,1,1,0xA,1,1,0.064890
67,320,0x5343454E45525932,0x48892424FC1A41B8,690D23DB02B3EF9A47AD,5,0xA,0xEE63B545,0x3E574,0xD,2105,0.152019002375,0.164132936375,1,5,0xD,1,1,1048576,56077652,4,1,18,1,1,0xA,1,1,0.064890
67,384,0x5343454E45525932,0x48892424FC1A41B8,690D23DB02B3EF9A47AD,5,0xA,0xEE63B545,0x3E574,0xD,2498,0.153722978383,0.164132936375,1,5,0xD,1,1,1048576,56077908,4,1,18,1,1,0xA,1,1,0.064890
67,512,0x5343454E45525932,0x48892424FC1A41B8,690D23DB02B3EF9A47AD,5,0xA,0xEE63B545,0x3E574,0xD,3267,0.156718702173,0.164132936375,1,5,0xD,1,1,1048576,56078420,4,1,18,1,1,0xA,1,1,0.064891
68,64,0x5343454E45525932,0x0F83C5492B0E684C,AD3C660B27C462DA5D95,7,0xA,0x2B4A861C,0xBC742,0xE,444,0.144144144144,0.164132936375,5,NA,NA,0,0,0,0,0,0,0,0,0,NA,0,0,0.000000
68,96,0x5343454E45525932,0x0F83C5492B0E684C,AD3C660B27C462DA5D95,7,0xA,0x2B4A861C,0xBC742,0xE,629,0.152623211447,0.164132936375,3,NA,NA,0,0,0,0,0,0,0,0,0,NA,0,0,0.000000
68,128,0x5343454E45525932,0x0F83C5492B0E684C,AD3C660B27C462DA5D95,7,0xA,0x2B4A861C,0xBC742,0xE,835,0.153293413174,0.164132936375,1,7,0xE,1,1,1048576,56701164,3748,1,0,1,0,NA,0,0,0.064852
68,160,0x5343454E45525932,0x0F83C5492B0E684C,AD3C660B27C462DA5D95,7,0xA,0x2B4A861C,0xBC742,0xE,1026,0.155945419103,0.164132936375,1,7,0xE,1,1,1048576,56748860,232,1,0,1,0,NA,0,0,0.064906
68,192,0x5343454E45525932,0x0F83C5492B0E684C,AD3C660B27C462DA5D95,7,0xA,0x2B4A861C,0xBC742,0xE,1268,0.151419558360,0.164132936375,1,7,0xE,1,1,1048576,56752404,36,1,0,1,0,NA,0,0,0.064910
68,256,0x5343454E45525932,0x0F83C5492B0E684C,AD3C660B27C462DA5D95,7,0xA,0x2B4A861C,0xBC742,0xE,1629,0.157151626765,0.164132936375,1,7,0xE,1,1,1048576,56752964,4,1,18,1,1,0xA,1,1,0.064911
68,320,0x5343454E45525932,0x0F83C5492B0E684C,AD3C660B27C462DA5D95,7,0xA,0x2B4A861C,0xBC742,0xE,2034,0.157325467060,0.164132936375,1,7,0xE,1,1,1048576,56753220,4,1,18,1,1,0xA,1,1,0.064911
68,384,0x5343454E45525932,0x0F83C5492B0E684C,AD3C660B27C462DA5D95,7,0xA,0x2B4A861C,0xBC742,0xE,2419,0.158743282348,0.164132936375,1,7,0xE,1,1,1048576,56753476,4,1,18,1,1,0xA,1,1,0.064911
68,512,0x5343454E45525932,0x0F83C5492B0E684C,AD3C660B27C462DA5D95,7,0xA,0x2B4A861C,0xBC742,0xE,3180,0.161006289308,0.164132936375,1,7,0xE,1,1,1048576,56753988,4,1,18,1,1,0xA,1,1,0.064912
69,64,0x5343454E45525932,0xEE3D5C1D38E97A6A,4761AB0DD9E3412E093A,4,0xC,0xFE7AAFFB,0xCDBBF,0x7,455,0.140659340659,0.164132936375,5,NA,NA,0,0,0,0,0,0,0,0,0,NA,0,0,0.000000
69,96,0x5343454E45525932,0xEE3D5C1D38E97A6A,4761AB0DD9E3412E093A,4,0xC,0xFE7AAFFB,0xCDBBF,0x7,679,0.141384388807,0.164132936375,1,4,0x7,1,1,1048576,55954968,32572,1,0,1,0,NA,0,0,0.063121
69,128,0x5343454E45525932,0xEE3D5C1D38E97A6A,4761AB0DD9E3412E093A,4,0xC,0xFE7AAFFB,0xCDBBF,0x7,848,0.150943396226,0.164132936375,1,4,0x7,1,1,1048576,56389484,3772,1,0,1,0,NA,0,0,0.063611
69,160,0x5343454E45525932,0xEE3D5C1D38E97A6A,4761AB0DD9E3412E093A,4,0xC,0xFE7AAFFB,0xCDBBF,0x7,1046,0.152963671128,0.164132936375,1,4,0x7,1,1,1048576,56437836,416,1,0,1,0,NA,0,0,0.063665
69,192,0x5343454E45525932,0xEE3D5C1D38E97A6A,4761AB0DD9E3412E093A,4,0xC,0xFE7AAFFB,0xCDBBF,0x7,1256,0.152866242038,0.164132936375,1,4,0x7,1,1,1048576,56444176,64,1,0,1,0,NA,0,0,0.063673
69,256,0x5343454E45525932,0xEE3D5C1D38E97A6A,4761AB0DD9E3412E093A,4,0xC,0xFE7AAFFB,0xCDBBF,0x7,1605,0.159501557632,0.164132936375,1,4,0x7,1,1,1048576,56445344,4,1,18,1,1,0xC,1,1,0.063674
69,320,0x5343454E45525932,0xEE3D5C1D38E97A6A,4761AB0DD9E3412E093A,4,0xC,0xFE7AAFFB,0xCDBBF,0x7,1935,0.165374677003,0.164132936375,1,4,0x7,1,1,1048576,56445600,4,1,18,1,1,0xC,1,1,0.063674
69,384,0x5343454E45525932,0xEE3D5C1D38E97A6A,4761AB0DD9E3412E093A,4,0xC,0xFE7AAFFB,0xCDBBF,0x7,2337,0.164313222080,0.164132936375,1,4,0x7,1,1,1048576,56445856,4,1,18,1,1,0xC,1,1,0.063674
69,512,0x5343454E45525932,0xEE3D5C1D38E97A6A,4761AB0DD9E3412E093A,4,0xC,0xFE7AAFFB,0xCDBBF,0x7,3195,0.160250391236,0.164132936375,1,4,0x7,1,1,1048576,56446368,4,1,18,1,1,0xC,1,1,0.063675
70,64,0x5343454E45525932,0xE39BEF5138CBDD4D,314E299792278A6E8E04,7,0x0,0x45574070,0x0320F,0x0,333,0.192192192192,0.164132936375,1,7,0x0,1,1,1048576,53410964,256176,1,0,1,0,NA,0,0,0.061299
70,96,0x5343454E45525932,0xE39BEF5138CBDD4D,314E299792278A6E8E04,7,0x0,0x45574070,0x0320F,0x0,489,0.196319018405,0.164132936375,1,7,0x0,1,1,1048576,57323584,43104,1,0,1,0,NA,0,0,0.065790
70,128,0x5343454E45525932,0xE39BEF5138CBDD4D,314E299792278A6E8E04,7,0x0,0x45574070,0x0320F,0x0,693,0.184704184704,0.164132936375,1,7,0x0,1,1,1048576,57939744,6348,1,0,1,0,NA,0,0,0.066497
70,160,0x5343454E45525932,0xE39BEF5138CBDD4D,314E299792278A6E8E04,7,0x0,0x45574070,0x0320F,0x0,860,0.186046511628,0.164132936375,1,7,0x0,1,1,1048576,58023472,764,1,0,1,0,NA,0,0,0.066593
70,192,0x5343454E45525932,0xE39BEF5138CBDD4D,314E299792278A6E8E04,7,0x0,0x45574070,0x0320F,0x0,1061,0.180961357210,0.164132936375,1,7,0x0,1,1,1048576,58034592,124,1,0,1,0,NA,0,0,0.066606
70,256,0x5343454E45525932,0xE39BEF5138CBDD4D,314E299792278A6E8E04,7,0x0,0x45574070,0x0320F,0x0,1545,0.165695792880,0.164132936375,1,7,0x0,1,1,1048576,58036352,8,1,7,1,0,NA,0,0,0.066608
70,320,0x5343454E45525932,0xE39BEF5138CBDD4D,314E299792278A6E8E04,7,0x0,0x45574070,0x0320F,0x0,1878,0.170394036209,0.164132936375,1,7,0x0,1,1,1048576,58036636,4,1,18,1,1,0x0,1,1,0.066608
70,384,0x5343454E45525932,0xE39BEF5138CBDD4D,314E299792278A6E8E04,7,0x0,0x45574070,0x0320F,0x0,2286,0.167979002625,0.164132936375,1,7,0x0,1,1,1048576,58036892,4,1,18,1,1,0x0,1,1,0.066608
70,512,0x5343454E45525932,0xE39BEF5138CBDD4D,314E299792278A6E8E04,7,0x0,0x45574070,0x0320F,0x0,2915,0.175643224700,0.164132936375,1,7,0x0,1,1,1048576,58037404,4,1,18,1,1,0x0,1,1,0.066609
71,64,0x5343454E45525932,0x80E77384452076A0,DF25968C1FCD698077F7,5,0x7,0x137352BA,0xF38AF,0xD,331,0.193353474320,0.164132936375,4,NA,NA,0,0,0,0,0,0,0,0,0,NA,0,0,0.000000
71,96,0x5343454E45525932,0x80E77384452076A0,DF25968C1FCD698077F7,5,0x7,0x137352BA,0xF38AF,0xD,503,0.190854870775,0.164132936375,2,NA,NA,0,0,0,0,0,0,0,0,0,NA,0,0,0.000000
71,128,0x5343454E45525932,0x80E77384452076A0,DF25968C1FCD698077F7,5,0x7,0x137352BA,0xF38AF,0xD,721,0.177531206657,0.164132936375,1,5,0xD,1,1,1048576,57814228,4872,1,0,1,0,NA,0,0,0.064109
71,160,0x5343454E45525932,0x80E77384452076A0,DF25968C1FCD698077F7,5,0x7,0x137352BA,0xF38AF,0xD,910,0.175824175824,0.164132936375,1,5,0xD,1,1,1048576,57888300,752,1,0,1,0,NA,0,0,0.064191
71,192,0x5343454E45525932,0x80E77384452076A0,DF25968C1FCD698077F7,5,0x7,0x137352BA,0xF38AF,0xD,1110,0.172972972973,0.164132936375,1,5,0xD,1,1,1048576,57899868,124,1,0,1,0,NA,0,0,0.064204
71,256,0x5343454E45525932,0x80E77384452076A0,DF25968C1FCD698077F7,5,0x7,0x137352BA,0xF38AF,0xD,1534,0.166883963494,0.164132936375,1,5,0xD,1,1,1048576,57902280,12,1,13,1,0,NA,0,0,0.064207
71,320,0x5343454E45525932,0x80E77384452076A0,DF25968C1FCD698077F7,5,0x7,0x137352BA,0xF38AF,0xD,1953,0.163850486431,0.164132936375,1,5,0xD,1,1,1048576,57902836,4,1,18,1,1,0x7,1,1,0.064207
71,384,0x5343454E45525932,0x80E77384452076A0,DF25968C1FCD698077F7,5,0x7,0x137352BA,0xF38AF,0xD,2335,0.164453961456,0.164132936375,1,5,0xD,1,1,1048576,57903092,4,1,18,1,1,0x7,1,1,0.064207
71,512,0x5343454E45525932,0x80E77384452076A0,DF25968C1FCD698077F7,5,0x7,0x137352BA,0xF38AF,0xD,3138,0.163161249203,0.164132936375,1,5,0xD,1,1,1048576,57903604,4,1,18,1,1,0x7,1,1,0.064208
72,64,0x5343454E45525932,0xF7ED3F07F9C633A7,B1793E85A0AD1947F19C,5,0x9,0xD68FE810,0x32749,0xD,410,0.156097560976,0.164132936375,1,5,0xD,1,1,1048576,52542468,247864,1,0,1,0,NA,0,0,0.060652
72,96,0x5343454E45525932,0xF7ED3F07F9C633A7,B1793E85A0AD1947F19C,5,0x9,0xD68FE810,0x32749,0xD,621,0.154589371981,0.164132936375,1,5,0xD,1,1,1048576,56330580,37920,1,0,1,0,NA,0,0,0.065025
72,128,0x5343454E45525932,0xF7ED3F07F9C633A7,B1793E85A0AD1947F19C,5,0x9,0xD68FE810,0x32749,0xD,805,0.159006211180,0.164132936375,1,5,0xD,1,1,1048576,56881944,6012,1,0,1,0,NA,0,0,0.065661
72,160,0x5343454E45525932,0xF7ED3F07F9C633A7,B1793E85A0AD1947F19C,5,0x9,0xD68FE810,0x32749,0xD,1054,0.151802656546,0.164132936375,1,5,0xD,1,1,1048576,56972908,920,1,0,1,0,NA,0,0,0.065766
72,192,0x5343454E45525932,0xF7ED3F07F9C633A7,B1793E85A0AD1947F19C,5,0x9,0xD68FE810,0x32749,0xD,1280,0.150000000000,0.164132936375,1,5,0xD,1,1,1048576,56983456,48,1,0,1,0,NA,0,0,0.065778
72,256,0x5343454E45525932,0xF7ED3F07F9C633A7,B1793E85A0AD1947F19C,5,0x9,0xD68FE810,0x32749,0xD,1623,0.157732593962,0.164132936375,1,5,0xD,1,1,1048576,56984600,4,1,18,1,1,0x9,1,1,0.065780
72,320,0x5343454E45525932,0xF7ED3F07F9C633A7,B1793E85A0AD1947F19C,5,0x9,0xD68FE810,0x32749,0xD,2042,0.156709108717,0.164132936375,1,5,0xD,1,1,1048576,56984856,4,1,18,1,1,0x9,1,1,0.065780
72,384,0x5343454E45525932,0xF7ED3F07F9C633A7,B1793E85A0AD1947F19C,5,0x9,0xD68FE810,0x32749,0xD,2440,0.157377049180,0.164132936375,1,5,0xD,1,1,1048576,56985112,4,1,18,1,1,0x9,1,1,0.065780
72,512,0x5343454E45525932,0xF7ED3F07F9C633A7,B1793E85A0AD1947F19C,5,0x9,0xD68FE810,0x32749,0xD,3277,0.156240463839,0.164132936375,1,5,0xD,1,1,1048576,56985624,4,1,18,1,1,0x9,1,1,0.065781
73,64,0x5343454E45525932,0x52F46798B2565A9C,E52C076201D32A4C56D4,7,0x7,0xFB8D3C6F,0xFE939,0x4,357,0.179271708683,0.164132936375,1,7,0x4,1,1,1048576,52795032,237740,1,0,1,0,NA,0,0,0.060296
73,96,0x5343454E45525932,0x52F46798B2565A9C,E52C076201D32A4C56D4,7,0x7,0xFB8D3C6F,0xFE939,0x4,550,0.174545454545,0.164132936375,1,7,0x4,1,1,1048576,56243736,33808,1,0,1,0,NA,0,0,0.064235
73,128,0x5343454E45525932,0x52F46798B2565A9C,E52C076201D32A4C56D4,7,0x7,0xFB8D3C6F,0xFE939,0x4,742,0.172506738544,0.164132936375,1,7,0x4,1,1,1048576,56758524,5536,1,0,1,0,NA,0,0,0.064823
73,160,0x5343454E45525932,0x52F46798B2565A9C,E52C076201D32A4C56D4,7,0x7,0xFB8D3C6F,0xFE939,0x4,938,0.170575692964,0.164132936375,1,7,0x4,1,1,1048576,56842844,656,1,0,1,0,NA,0,0,0.064919
73,192,0x5343454E45525932,0x52F46798B2565A9C,E52C076201D32A4C56D4,7,0x7,0xFB8D3C6F,0xFE939,0x4,1102,0.174228675136,0.164132936375,1,7,0x4,1,1,1048576,56852032,92,1,0,1,0,NA,0,0,0.064930
73,256,0x5343454E45525932,0x52F46798B2565A9C,E52C076201D32A4C56D4,7,0x7,0xFB8D3C6F,0xFE939,0x4,1472,0.173913043478,0.164132936375,1,7,0x4,1,1,1048576,56853792,8,1,15,1,1,0x7,1,0,0.064932
73,320,0x5343454E45525932,0x52F46798B2565A9C,E52C076201D32A4C56D4,7,0x7,0xFB8D3C6F,0xFE939,0x4,1871,0.171031533939,0.164132936375,1,7,0x4,1,1,1048576,56854072,4,1,18,1,1,0x7,1,1,0.064932
73,384,0x5343454E45525932,0x52F46798B2565A9C,E52C076201D32A4C56D4,7,0x7,0xFB8D3C6F,0xFE939,0x4,2247,0.170894526035,0.164132936375,1,7,0x4,1,1,1048576,56854328,4,1,18,1,1,0x7,1,1,0.064932
73,512,0x5343454E45525932,0x52F46798B2565A9C,E52C076201D32A4C56D4,7,0x7,0xFB8D3C6F,0xFE939,0x4,3114,0.164418754014,0.164132936375,1,7,0x4,1,1,1048576,56854840,4,1,18,1,1,0x7,1,1,0.064933
74,64,0x5343454E45525932,0xA9496901C8BB6360,0EA1A51B77ACEF510E60,4,0x3,0xC1F6137D,0xD3BE8,0xD,392,0.163265306122,0.164132936375,3,NA,NA,0,0,0,0,0,0,0,0,0,NA,0,0,0.000000
74,96,0x5343454E45525932,0xA9496901C8BB6360,0EA1A51B77ACEF510E60,4,0x3,0xC1F6137D,0xD3BE8,0xD,580,0.165517241379,0.164132936375,1,4,0xD,1,1,1048576,56755092,34132,1,0,1,0,NA,0,0,0.066580
74,128,0x5343454E45525932,0xA9496901C8BB6360,0EA1A51B77ACEF510E60,4,0x3,0xC1F6137D,0xD3BE8,0xD,789,0.162230671736,0.164132936375,1,4,0xD,1,1,1048576,57263272,4776,1,0,1,0,NA,0,0,0.067176
74,160,0x5343454E45525932,0xA9496901C8BB6360,0EA1A51B77ACEF510E60,4,0x3,0xC1F6137D,0xD3BE8,0xD,1034,0.154738878143,0.164132936375,1,4,0xD,1,1,1048576,57329816,632,1,0,1,0,NA,0,0,0.067254
74,192,0x5343454E45525932,0xA9496901C8BB6360,0EA1A51B77ACEF510E60,4,0x3,0xC1F6137D,0xD3BE8,0xD,1207,0.159072079536,0.164132936375,1,4,0xD,1,1,1048576,57339120,100,1,0,1,0,NA,0,0,0.067265
74,256,0x5343454E45525932,0xA9496901C8BB6360,0EA1A51B77ACEF510E60,4,0x3,0xC1F6137D,0xD3BE8,0xD,1712,0.149532710280,0.164132936375,1,4,0xD,1,1,1048576,57341364,8,1,13,1,0,NA,0,0,0.067268
74,320,0x5343454E45525932,0xA9496901C8BB6360,0EA1A51B77ACEF510E60,4,0x3,0xC1F6137D,0xD3BE8,0xD,2106,0.151946818613,0.164132936375,1,4,0xD,1,1,1048576,57341680,4,1,18,1,1,0x3,1,1,0.067268
74,384,0x5343454E45525932,0xA9496901C8BB6360,0EA1A51B77ACEF510E60,4,0x3,0xC1F6137D,0xD3BE8,0xD,2506,0.153232242618,0.164132936375,1,4,0xD,1,1,1048576,57341936,4,1,18,1,1,0x3,1,1,0.067268
74,512,0x5343454E45525932,0xA9496901C8BB6360,0EA1A51B77ACEF510E60,4,0x3,0xC1F6137D,0xD3BE8,0xD,3357,0.152517128388,0.164132936375,1,4,0xD,1,1,1048576,57342448,4,1,18,1,1,0x3,1,1,0.067269
75,64,0x5343454E45525932,0x53C03E31E94F50F8,7BE253EE72C396E0B6B4,7,0x5,0xAC8C960C,0xBF470,0x2,448,0.142857142857,0.164132936375,3,NA,NA,0,0,0,0,0,0,0,0,0,NA,0,0,0.000000
75,96,0x5343454E45525932,0x53C03E31E94F50F8,7BE253EE72C396E0B6B4,7,0x5,0xAC8C960C,0xBF470,0x2,698,0.137535816619,0.164132936375,2,NA,NA,0,0,0,0,0,0,0,0,0,NA,0,0,0.000000
75,128,0x5343454E45525932,0x53C03E31E94F50F8,7BE253EE72C396E0B6B4,7,0x5,0xAC8C960C,0xBF470,0x2,915,0.139890710383,0.164132936375,2,NA,NA,0,0,0,0,0,0,0,0,0,NA,0,0,0.000000
75,160,0x5343454E45525932,0x53C03E31E94F50F8,7BE253EE72C396E0B6B4,7,0x5,0xAC8C960C,0xBF470,0x2,1117,0.143240823635,0.164132936375,1,7,0x2,1,1,1048576,56377372,504,1,0,1,0,NA,0,0,0.064989
75,192,0x5343454E45525932,0x53C03E31E94F50F8,7BE253EE72C396E0B6B4,7,0x5,0xAC8C960C,0xBF470,0x2,1299,0.147806004619,0.164132936375,1,7,0x2,1,1,1048576,56383852,76,1,0,1,0,NA,0,0,0.064996
75,256,0x5343454E45525932,0x53C03E31E94F50F8,7BE253EE72C396E0B6B4,7,0x5,0xAC8C960C,0xBF470,0x2,1657,0.154496077248,0.164132936375,1,7,0x2,1,1,1048576,56385428,8,1,6,1,0,NA,0,0,0.064998
75,320,0x5343454E45525932,0x53C03E31E94F50F8,7BE253EE72C396E0B6B4,7,0x5,0xAC8C960C,0xBF470,0x2,2061,0.155264434740,0.164132936375,1,7,0x2,1,1,1048576,56385704,4,1,18,1,1,0x5,1,1,0.064998
75,384,0x5343454E45525932,0x53C03E31E94F50F8,7BE253EE72C396E0B6B4,7,0x5,0xAC8C960C,0xBF470,0x2,2468,0.155591572123,0.164132936375,1,7,0x2,1,1,1048576,56385960,4,1,18,1,1,0x5,1,1,0.064998
75,512,0x5343454E45525932,0x53C03E31E94F50F8,7BE253EE72C396E0B6B4,7,0x5,0xAC8C960C,0xBF470,0x2,3154,0.162333544705,0.164132936375,1,7,0x2,1,1,1048576,56386472,4,1,18,1,1,0x5,1,1,0.064999
76,64,0x5343454E45525932,0xDAF35ADFC9CFD2C3,9B76E436EC47B0325E08,2,0x9,0x2F382D93,0x07A59,0xC,337,0.189910979228,0.164132936375,3,NA,NA,0,0,0,0,0,0,0,0,0,NA,0,0,0.000000
76,96,0x5343454E45525932,0xDAF35ADFC9CFD2C3,9B76E436EC47B0325E08,2,0x9,0x2F382D93,0x07A59,0xC,533,0.180112570356,0.164132936375,1,2,0xC,1,1,1048576,55773144,31560,1,0,1,0,NA,0,0,0.064889
76,128,0x5343454E45525932,0xDAF35ADFC9CFD2C3,9B76E436EC47B0325E08,2,0x9,0x2F382D93,0x07A59,0xC,739,0.173207036536,0.164132936375,1,2,0xC,1,1,1048576,56213124,4104,1,0,1,0,NA,0,0,0.065401
76,160,0x5343454E45525932,0xDAF35ADFC9CFD2C3,9B76E436EC47B0325E08,2,0x9,0x2F382D93,0x07A59,0xC,983,0.162767039674,0.164132936375,1,2,0xC,1,1,1048576,56272108,540,1,0,1,0,NA,0,0,0.065470
76,192,0x5343454E45525932,0xDAF35ADFC9CFD2C3,9B76E436EC47B0325E08,2,0x9,0x2F382D93,0x07A59,0xC,1140,0.168421052632,0.164132936375,1,2,0xC,1,1,1048576,56280136,64,1,0,1,0,NA,0,0,0.065479
76,256,0x5343454E45525932,0xDAF35ADFC9CFD2C3,9B76E436EC47B0325E08,2,0x9,0x2F382D93,0x07A59,0xC,1471,0.174031271244,0.164132936375,1,2,0xC,1,1,1048576,56281484,4,1,18,1,1,0x9,1,1,0.065481
76,320,0x5343454E45525932,0xDAF35ADFC9CFD2C3,9B76E436EC47B0325E08,2,0x9,0x2F382D93,0x07A59,0xC,1909,0.167627029859,0.164132936375,1,2,0xC,1,1,1048576,56281740,4,1,18,1,1,0x9,1,1,0.065481
76,384,0x5343454E45525932,0xDAF35ADFC9CFD2C3,9B76E436EC47B0325E08,2,0x9,0x2F382D93,0x07A59,0xC,2295,0.167320261438,0.164132936375,1,2,0xC,1,1,1048576,56281996,4,1,18,1,1,0x9,1,1,0.065481
76,512,0x5343454E45525932,0xDAF35ADFC9CFD2C3,9B76E436EC47B0325E08,2,0x9,0x2F382D93,0x07A59,0xC,3015,0.169817578773,0.164132936375,1,2,0xC,1,1,1048576,56282508,4,1,18,1,1,0x9,1,1,0.065482
77,64,0x5343454E45525932,0xB5588ED98ECCF81D,276B89EBDDD0C1BFD04C,4,0x4,0xDBE3B8B9,0xBF3DD,0x9,362,0.176795580110,0.164132936375,4,NA,NA,0,0,0,0,0,0,0,0,0,NA,0,0,0.000000
77,96,0x5343454E45525932,0xB5588ED98ECCF81D,276B89EBDDD0C1BFD04C,4,0x4,0xDBE3B8B9,0xBF3DD,0x9,562,0.170818505338,0.164132936375,1,4,0x9,1,1,1048576,56484520,32768,1,0,1,0,NA,0,0,0.065703
77,128,0x5343454E45525932,0xB5588ED98ECCF81D,276B89EBDDD0C1BFD04C,4,0x4,0xDBE3B8B9,0xBF3DD,0x9,761,0.168199737188,0.164132936375,1,4,0x9,1,1,1048576,56922148,3668,1,0,1,0,NA,0,0,0.066212
77,160,0x5343454E45525932,0xB5588ED98ECCF81D,276B89EBDDD0C1BFD04C,4,0x4,0xDBE3B8B9,0xBF3DD,0x9,1003,0.159521435693,0.164132936375,1,4,0x9,1,1,1048576,56979204,608,1,0,1,0,NA,0,0,0.066278
77,192,0x5343454E45525932,0xB5588ED98ECCF81D,276B89EBDDD0C1BFD04C,4,0x4,0xDBE3B8B9,0xBF3DD,0x9,1172,0.163822525597,0.164132936375,1,4,0x9,1,1,1048576,56986404,80,1,0,1,0,NA,0,0,0.066286
77,256,0x5343454E45525932,0xB5588ED98ECCF81D,276B89EBDDD0C1BFD04C,4,0x4,0xDBE3B8B9,0xBF3DD,0x9,1575,0.162539682540,0.164132936375,1,4,0x9,1,1,1048576,56987564,4,1,18,1,1,0x4,1,1,0.066288
77,320,0x5343454E45525932,0xB5588ED98ECCF81D,276B89EBDDD0C1BFD04C,4,0x4,0xDBE3B8B9,0xBF3DD,0x9,1985,0.161209068010,0.164132936375,1,4,0x9,1,1,1048576,56987820,4,1,18,1,1,0x4,1,1,0.066288
77,384,0x5343454E45525932,0xB5588ED98ECCF81D,276B89EBDDD0C1BFD04C,4,0x4,0xDBE3B8B9,0xBF3DD,0x9,2360,0.162711864407,0.164132936375,1,4,0x9,1,1,1048576,56988076,4,1,18,1,1,0x4,1,1,0.066288
77,512,0x5343454E45525932,0xB5588ED98ECCF81D,276B89EBDDD0C1BFD04C,4,0x4,0xDBE3B8B9,0xBF3DD,0x9,3189,0.160551897146,0.164132936375,1,4,0x9,1,1,1048576,56988588,4,1,18,1,1,0x4,1,1,0.066289
78,64,0x5343454E45525932,0xA51C316BFECA88AD,A5424B8B32E16AED2D97,5,0xB,0x23215973,0x9F0BC,0x0,361,0.177285318560,0.164132936375,3,NA,NA,0,0,0,0,0,0,0,0,0,NA,0,0,0.000000
78,96,0x5343454E45525932,0xA51C316BFECA88AD,A5424B8B32E16AED2D97,5,0xB,0x23215973,0x9F0BC,0x0,499,0.192384769539,0.164132936375,1,5,0x0,1,1,1048576,56212872,34180,1,0,1,0,NA,0,0,0.065073
78,128,0x5343454E45525932,0xA51C316BFECA88AD,A5424B8B32E16AED2D97,5,0xB,0x23215973,0x9F0BC,0x0,713,0.179523141655,0.164132936375,1,5,0x0,1,1,1048576,56688944,3880,1,0,1,0,NA,0,0,0.065625
78,160,0x5343454E45525932,0xA51C316BFECA88AD,A5424B8B32E16AED2D97,5,0xB,0x23215973,0x9F0BC,0x0,860,0.186046511628,0.164132936375,1,5,0x0,1,1,1048576,56737156,360,1,0,1,0,NA,0,0,0.065680
78,192,0x5343454E45525932,0xA51C316BFECA88AD,A5424B8B32E16AED2D97,5,0xB,0x23215973,0x9F0BC,0x0,1032,0.186046511628,0.164132936375,1,5,0x0,1,1,1048576,56742064,36,1,0,1,0,NA,0,0,0.065686
78,256,0x5343454E45525932,0xA51C316BFECA88AD,A5424B8B32E16AED2D97,5,0xB,0x23215973,0x9F0BC,0x0,1397,0.183249821045,0.164132936375,1,5,0x0,1,1,1048576,56742692,4,1,18,1,1,0xB,1,1,0.065687
78,320,0x5343454E45525932,0xA51C316BFECA88AD,A5424B8B32E16AED2D97,5,0xB,0x23215973,0x9F0BC,0x0,1774,0.180383314543,0.164132936375,1,5,0x0,1,1,1048576,56742948,4,1,18,1,1,0xB,1,1,0.065687
78,384,0x5343454E45525932,0xA51C316BFECA88AD,A5424B8B32E16AED2D97,5,0xB,0x23215973,0x9F0BC,0x0,2307,0.166449934980,0.164132936375,1,5,0x0,1,1,1048576,56743204,4,1,18,1,1,0xB,1,1,0.065687
78,512,0x5343454E45525932,0xA51C316BFECA88AD,A5424B8B32E16AED2D97,5,0xB,0x23215973,0x9F0BC,0x0,3083,0.166072007785,0.164132936375,1,5,0x0,1,1,1048576,56743716,4,1,18,1,1,0xB,1,1,0.065688
79,64,0x5343454E45525932,0x416DC5E204E35DD8,4C864A9BA70C489A104C,3,0x2,0xF9C71826,0x3395A,0x7,345,0.185507246377,0.164132936375,3,NA,NA,0,0,0,0,0,0,0,0,0,NA,0,0,0.000000
79,96,0x5343454E45525932,0x416DC5E204E35DD8,4C864A9BA70C489A104C,3,0x2,0xF9C71826,0x3395A,0x7,493,0.194726166329,0.164132936375,1,3,0x7,1,1,1048576,55790824,39788,1,0,1,0,NA,0,0,0.064232
79,128,0x5343454E45525932,0x416DC5E204E35DD8,4C864A9BA70C489A104C,3,0x2,0xF9C71826,0x3395A,0x7,695,0.184172661871,0.164132936375,1,3,0x7,1,1,1048576,56358660,6024,1,0,1,0,NA,0,0,0.064886
79,160,0x5343454E45525932,0x416DC5E204E35DD8,4C864A9BA70C489A104C,3,0x2,0xF9C71826,0x3395A,0x7,909,0.176017601760,0.164132936375,1,3,0x7,1,1,1048576,56438900,744,1,0,1,0,NA,0,0,0.064978
79,192,0x5343454E45525932,0x416DC5E204E35DD8,4C864A9BA70C489A104C,3,0x2,0xF9C71826,0x3395A,0x7,1126,0.170515097691,0.164132936375,1,3,0x7,1,1,1048576,56449780,80,1,1,1,0,NA,0,0,0.064991
79,256,0x5343454E45525932,0x416DC5E204E35DD8,4C864A9BA70C489A104C,3,0x2,0xF9C71826,0x3395A,0x7,1556,0.164524421594,0.164132936375,1,3,0x7,1,1,1048576,56451796,4,1,18,1,1,0x2,1,1,0.064993
79,320,0x5343454E45525932,0x416DC5E204E35DD8,4C864A9BA70C489A104C,3,0x2,0xF9C71826,0x3395A,0x7,1947,0.164355418593,0.164132936375,1,3,0x7,1,1,1048576,56452052,4,1,18,1,1,0x2,1,1,0.064993
79,384,0x5343454E45525932,0x416DC5E204E35DD8,4C864A9BA70C489A104C,3,0x2,0xF9C71826,0x3395A,0x7,2305,0.166594360087,0.164132936375,1,3,0x7,1,1,1048576,56452308,4,1,18,1,1,0x2,1,1,0.064993
79,512,0x5343454E45525932,0x416DC5E204E35DD8,4C864A9BA70C489A104C,3,0x2,0xF9C71826,0x3395A,0x7,3032,0.168865435356,0.164132936375,1,3,0x7,1,1,1048576,56452820,4,1,18,1,1,0x2,1,1,0.064994
80,64,0x5343454E45525932,0xB61781E34CAAEF84,976705D4EABE8ADDB8C5,5,0xD,0xFA00281F,0x98159,0x8,404,0.158415841584,0.164132936375,4,NA,NA,0,0,0,0,0,0,0,0,0,NA,0,0,0.000000
80,96,0x5343454E45525932,0xB61781E34CAAEF84,976705D4EABE8ADDB8C5,5,0xD,0xFA00281F,0x98159,0x8,636,0.150943396226,0.164132936375,1,5,0x8,1,1,1048576,55536744,32264,1,0,1,0,NA,0,0,0.066224
80,128,0x5343454E45525932,0xB61781E34CAAEF84,976705D4EABE8ADDB8C5,5,0xD,0xFA00281F,0x98159,0x8,827,0.154776299879,0.164132936375,1,5,0x8,1,1,1048576,55973156,3880,1,0,1,0,NA,0,0,0.066745
80,160,0x5343454E45525932,0xB61781E34CAAEF84,976705D4EABE8ADDB8C5,5,0xD,0xFA00281F,0x98159,0x8,995,0.160804020101,0.164132936375,1,5,0x8,1,1,1048576,56025948,456,1,0,1,0,NA,0,0,0.066808
80,192,0x5343454E45525932,0xB61781E34CAAEF84,976705D4EABE8ADDB8C5,5,0xD,0xFA00281F,0x98159,0x8,1188,0.161616161616,0.164132936375,1,5,0x8,1,1,1048576,56031820,44,1,0,1,0,NA,0,0,0.066815
80,256,0x5343454E45525932,0xB61781E34CAAEF84,976705D4EABE8ADDB8C5,5,0xD,0xFA00281F,0x98159,0x8,1623,0.157732593962,0.164132936375,1,5,0x8,1,1,1048576,56032832,4,1,18,1,1,0xD,1,1,0.066816
80,320,0x5343454E45525932,0xB61781E34CAAEF84,976705D4EABE8ADDB8C5,5,0xD,0xFA00281F,0x98159,0x8,1961,0.163182049975,0.164132936375,1,5,0x8,1,1,1048576,56033088,4,1,18,1,1,0xD,1,1,0.066816
80,384,0x5343454E45525932,0xB61781E34CAAEF84,976705D4EABE8ADDB8C5,5,0xD,0xFA00281F,0x98159,0x8,2306,0.166522116219,0.164132936375,1,5,0x8,1,1,1048576,56033344,4,1,18,1,1,0xD,1,1,0.066816
80,512,0x5343454E45525932,0xB61781E34CAAEF84,976705D4EABE8ADDB8C5,5,0xD,0xFA00281F,0x98159,0x8,3120,0.164102564103,0.164132936375,1,5,0x8,1,1,1048576,56033856,4,1,18,1,1,0xD,1,1,0.066817
81,64,0x5343454E45525932,0x352CB3BEFCA4FDE8,B871BCB1242DB1EA7D95,1,0x6,0xC91CDD1C,0x0EF05,0x6,382,0.167539267016,0.164132936375,2,NA,NA,0,0,0,0,0,0,0,0,0,NA,0,0,0.000000
81,96,0x5343454E45525932,0x352CB3BEFCA4FDE8,B871BCB1242DB1EA7D95,1,0x6,0xC91CDD1C,0x0EF05,0x6,583,0.164665523156,0.164132936375,1,1,0x6,1,1,1048576,56655164,34836,1,0,1,0,NA,0,0,0.069603
81,128,0x5343454E45525932,0x352CB3BEFCA4FDE8,B871BCB1242DB1EA7D95,1,0x6,0xC91CDD1C,0x0EF05,0x6,748,0.171122994652,0.164132936375,1,1,0x6,1,1,1048576,57201204,5876,1,0,1,0,NA,0,0,0.070274
81,160,0x5343454E45525932,0x352CB3BEFCA4FDE8,B871BCB1242DB1EA7D95,1,0x6,0xC91CDD1C,0x0EF05,0x6,935,0.171122994652,0.164132936375,1,1,0x6,1,1,1048576,57276740,672,1,0,1,0,NA,0,0,0.070366
81,192,0x5343454E45525932,0x352CB3BEFCA4FDE8,B871BCB1242DB1EA7D95,1,0x6,0xC91CDD1C,0x0EF05,0x6,1150,0.166956521739,0.164132936375,1,1,0x6,1,1,1048576,57287120,148,1,0,1,0,NA,0,0,0.070379
81,256,0x5343454E45525932,0x352CB3BEFCA4FDE8,B871BCB1242DB1EA7D95,1,0x6,0xC91CDD1C,0x0EF05,0x6,1521,0.168310322156,0.164132936375,1,1,0x6,1,1,1048576,57289228,12,1,5,1,0,NA,0,0,0.070382
81,320,0x5343454E45525932,0x352CB3BEFCA4FDE8,B871BCB1242DB1EA7D95,1,0x6,0xC91CDD1C,0x0EF05,0x6,1907,0.167802831673,0.164132936375,1,1,0x6,1,1,1048576,57289540,4,1,18,1,1,0x6,1,1,0.070382
81,384,0x5343454E45525932,0x352CB3BEFCA4FDE8,B871BCB1242DB1EA7D95,1,0x6,0xC91CDD1C,0x0EF05,0x6,2290,0.167685589520,0.164132936375,1,1,0x6,1,1,1048576,57289796,4,1,18,1,1,0x6,1,1,0.070382
81,512,0x5343454E45525932,0x352CB3BEFCA4FDE8,B871BCB1242DB1EA7D95,1,0x6,0xC91CDD1C,0x0EF05,0x6,3024,0.169312169312,0.164132936375,1,1,0x6,1,1,1048576,57290308,4,1,18,1,1,0x6,1,1,0.070383
82,64,0x5343454E45525932,0xFE176B9497FB0732,CD543D609851B8F9F648,1,0x2,0x1E6ABB28,0xE5F74,0x5,412,0.155339805825,0.164132936375,5,NA,NA,0,0,0,0,0,0,0,0,0,NA,0,0,0.000000
82,96,0x5343454E45525932,0xFE176B9497FB0732,CD543D609851B8F9F648,1,0x2,0x1E6ABB28,0xE5F74,0x5,632,0.151898734177,0.164132936375,1,1,0x5,1,1,1048576,55694972,32756,1,0,1,0,NA,0,0,0.062950
82,128,0x5343454E45525932,0xFE176B9497FB0732,CD543D609851B8F9F648,1,0x2,0x1E6ABB28,0xE5F74,0x5,863,0.148319814600,0.164132936375,1,1,0x5,1,1,1048576,56129604,3792,1,0,1,0,NA,0,0,0.063441
82,160,0x5343454E45525932,0xFE176B9497FB0732,CD543D609851B8F9F648,1,0x2,0x1E6ABB28,0xE5F74,0x5,1017,0.157325467060,0.164132936375,1,1,0x5,1,1,1048576,56184928,532,1,0,1,0,NA,0,0,0.063503
82,192,0x5343454E45525932,0xFE176B9497FB0732,CD543D609851B8F9F648,1,0x2,0x1E6ABB28,0xE5F74,0x5,1185,0.162025316456,0.164132936375,1,1,0x5,1,1,1048576,56193192,84,1,0,1,0,NA,0,0,0.063513
82,256,0x5343454E45525932,0xFE176B9497FB0732,CD543D609851B8F9F648,1,0x2,0x1E6ABB28,0xE5F74,0x5,1573,0.162746344565,0.164132936375,1,1,0x5,1,1,1048576,56194940,8,1,10,1,0,NA,0,0,0.063515
82,320,0x5343454E45525932,0xFE176B9497FB0732,CD543D609851B8F9F648,1,0x2,0x1E6ABB28,0xE5F74,0x5,1908,0.167714884696,0.164132936375,1,1,0x5,1,1,1048576,56195308,4,1,18,1,1,0x2,1,1,0.063515
82,384,0x5343454E45525932,0xFE176B9497FB0732,CD543D609851B8F9F648,1,0x2,0x1E6ABB28,0xE5F74,0x5,2260,0.169911504425,0.164132936375,1,1,0x5,1,1,1048576,56195564,4,1,18,1,1,0x2,1,1,0.063515
82,512,0x5343454E45525932,0xFE176B9497FB0732,CD543D609851B8F9F648,1,0x2,0x1E6ABB28,0xE5F74,0x5,3103,0.165001611344,0.164132936375,1,1,0x5,1,1,1048576,56196076,4,1,18,1,1,0x2,1,1,0.063516
83,64,0x5343454E45525932,0x34F1FE4900E52EFC,805AD61AD8434DF440CE,3,0x0,0x1CA33D80,0xA0655,0x5,383,0.167101827676,0.164132936375,3,NA,NA,0,0,0,0,0,0,0,0,0,NA,0,0,0.000000
83,96,0x5343454E45525932,0x34F1FE4900E52EFC,805AD61AD8434DF440CE,3,0x0,0x1CA33D80,0xA0655,0x5,550,0.174545454545,0.164132936375,1,3,0x5,1,1,1048576,57462096,34008,1,0,1,0,NA,0,0,0.069978
83,128,0x5343454E45525932,0x34F1FE4900E52EFC,805AD61AD8434DF440CE,3,0x0,0x1CA33D80,0xA0655,0x5,706,0.181303116147,0.164132936375,1,3,0x5,1,1,1048576,57937108,4344,1,0,1,0,NA,0,0,0.070556
83,160,0x5343454E45525932,0x34F1FE4900E52EFC,805AD61AD8434DF440CE,3,0x0,0x1CA33D80,0xA0655,0x5,900,0.177777777778,0.164132936375,1,3,0x5,1,1,1048576,58000320,540,1,0,1,0,NA,0,0,0.070633
83,192,0x5343454E45525932,0x34F1FE4900E52EFC,805AD61AD8434DF440CE,3,0x0,0x1CA33D80,0xA0655,0x5,1109,0.173128944995,0.164132936375,1,3,0x5,1,1,1048576,58007772,68,1,0,1,0,NA,0,0,0.070642
83,256,0x5343454E45525932,0x34F1FE4900E52EFC,805AD61AD8434DF440CE,3,0x0,0x1CA33D80,0xA0655,0x5,1422,0.180028129395,0.164132936375,1,3,0x5,1,1,1048576,58009172,4,1,18,1,1,0x0,1,1,0.070644
83,320,0x5343454E45525932,0x34F1FE4900E52EFC,805AD61AD8434DF440CE,3,0x0,0x1CA33D80,0xA0655,0x5,1793,0.178471834914,0.164132936375,1,3,0x5,1,1,1048576,58009428,4,1,18,1,1,0x0,1,1,0.070644
83,384,0x5343454E45525932,0x34F1FE4900E52EFC,805AD61AD8434DF440CE,3,0x0,0x1CA33D80,0xA0655,0x5,2273,0.168939727233,0.164132936375,1,3,0x5,1,1,1048576,58009684,4,1,18,1,1,0x0,1,1,0.070644
83,512,0x5343454E45525932,0x34F1FE4900E52EFC,805AD61AD8434DF440CE,3,0x0,0x1CA33D80,0xA0655,0x5,3064,0.167101827676,0.164132936375,1,3,0x5,1,1,1048576,58010196,4,1,18,1,1,0x0,1,1,0.070645
84,64,0x5343454E45525932,0x68145188BEBEA41A,00AD376BC9482A5010A2,0,0xA,0x50DA151F,0xFACC2,0x6,423,0.151300236407,0.164132936375,8,NA,NA,0,0,0,0,0,0,0,0,0,NA,0,0,0.000000
84,96,0x5343454E45525932,0x68145188BEBEA41A,00AD376BC9482A5010A2,0,0xA,0x50DA151F,0xFACC2,0x6,622,0.154340836013,0.164132936375,1,0,0x6,1,1,1048576,55354040,26940,1,0,1,0,NA,0,0,0.063918
84,128,0x5343454E45525932,0x68145188BEBEA41A,00AD376BC9482A5010A2,0,0xA,0x50DA151F,0xFACC2,0x6,798,0.160401002506,0.164132936375,1,0,0x6,1,1,1048576,55718800,3068,1,0,1,0,NA,0,0,0.064339
84,160,0x5343454E45525932,0x68145188BEBEA41A,00AD376BC9482A5010A2,0,0xA,0x50DA151F,0xFACC2,0x6,997,0.160481444333,0.164132936375,1,0,0x6,1,1,1048576,55765072,416,1,0,1,0,NA,0,0,0.064393
84,192,0x5343454E45525932,0x68145188BEBEA41A,00AD376BC9482A5010A2,0,0xA,0x50DA151F,0xFACC2,0x6,1216,0.157894736842,0.164132936375,1,0,0x6,1,1,1048576,55770912,40,1,0,1,0,NA,0,0,0.064400
84,256,0x5343454E45525932,0x68145188BEBEA41A,00AD376BC9482A5010A2,0,0xA,0x50DA151F,0xFACC2,0x6,1609,0.159105034183,0.164132936375,1,0,0x6,1,1,1048576,55771832,8,1,12,1,0,NA,0,0,0.064401
84,320,0x5343454E45525932,0x68145188BEBEA41A,00AD376BC9482A5010A2,0,0xA,0x50DA151F,0xFACC2,0x6,1993,0.160561966884,0.164132936375,1,0,0x6,1,1,1048576,55772260,4,1,18,1,1,0xA,1,1,0.064401
84,384,0x5343454E45525932,0x68145188BEBEA41A,00AD376BC9482A5010A2,0,0xA,0x50DA151F,0xFACC2,0x6,2359,0.162780839339,0.164132936375,1,0,0x6,1,1,1048576,55772516,4,1,18,1,1,0xA,1,1,0.064401
84,512,0x5343454E45525932,0x68145188BEBEA41A,00AD376BC9482A5010A2,0,0xA,0x50DA151F,0xFACC2,0x6,3123,0.163944924752,0.164132936375,1,0,0x6,1,1,1048576,55773028,4,1,18,1,1,0xA,1,1,0.064402
85,64,0x5343454E45525932,0xCBFB4F725AF0EEAA,27B64DEB9BFC7D4AF36F,0,0xF,0x1622C41E,0x98D04,0xF,387,0.165374677003,0.164132936375,4,NA,NA,0,0,0,0,0,0,0,0,0,NA,0,0,0.000000
85,96,0x5343454E45525932,0xCBFB4F725AF0EEAA,27B64DEB9BFC7D4AF36F,0,0xF,0x1622C41E,0x98D04,0xF,607,0.158154859967,0.164132936375,1,0,0xF,1,1,1048576,56751696,34760,1,0,1,0,NA,0,0,0.063911
85,128,0x5343454E45525932,0xCBFB4F725AF0EEAA,27B64DEB9BFC7D4AF36F,0,0xF,0x1622C41E,0x98D04,0xF,831,0.154031287605,0.164132936375,1,0,0xF,1,1,1048576,57242552,4436,1,0,1,0,NA,0,0,0.064464
85,160,0x5343454E45525932,0xCBFB4F725AF0EEAA,27B64DEB9BFC7D4AF36F,0,0xF,0x1622C41E,0x98D04,0xF,983,0.162767039674,0.164132936375,1,0,0xF,1,1,1048576,57300984,464,1,0,1,0,NA,0,0,0.064530
85,192,0x5343454E45525932,0xCBFB4F725AF0EEAA,27B64DEB9BFC7D4AF36F,0,0xF,0x1622C41E,0x98D04,0xF,1162,0.165232358003,0.164132936375,1,0,0xF,1,1,1048576,57307100,44,1,0,1,0,NA,0,0,0.064537
85,256,0x5343454E45525932,0xCBFB4F725AF0EEAA,27B64DEB9BFC7D4AF36F,0,0xF,0x1622C41E,0x98D04,0xF,1547,0.165481577246,0.164132936375,1,0,0xF,1,1,1048576,57308156,4,1,18,1,1,0xF,1,1,0.064538
85,320,0x5343454E45525932,0xCBFB4F725AF0EEAA,27B64DEB9BFC7D4AF36F,0,0xF,0x1622C41E,0x98D04,0xF,1974,0.162107396150,0.164132936375,1,0,0xF,1,1,1048576,57308412,4,1,18,1,1,0xF,1,1,0.064538
85,384,0x5343454E45525932,0xCBFB4F725AF0EEAA,27B64DEB9BFC7D4AF36F,0,0xF,0x1622C41E,0x98D04,0xF,2423,0.158481221626,0.164132936375,1,0,0xF,1,1,1048576,57308668,4,1,18,1,1,0xF,1,1,0.064538
85,512,0x5343454E45525932,0xCBFB4F725AF0EEAA,27B64DEB9BFC7D4AF36F,0,0xF,0x1622C41E,0x98D04,0xF,3249,0.157586949831,0.164132936375,1,0,0xF,1,1,1048576,57309180,4,1,18,1,1,0xF,1,1,0.064539
86,64,0x5343454E45525932,0xB0FEA83AB0700F52,5A66ABEE6A6BFD626904,0,0xC,0x6BDC4677,0xA3E92,0x5,410,0.156097560976,0.164132936375,1,0,0x5,1,1,1048576,53176472,255220,1,0,1,0,NA,0,0,0.066933
86,96,0x5343454E45525932,0xB0FEA83AB0700F52,5A66ABEE6A6BFD626904,0,0xC,0x6BDC4677,0xA3E92,0x5,674,0.142433234421,0.164132936375,1,0,0x5,1,1,1048576,56872192,34116,1,0,1,0,NA,0,0,0.071585
86,128,0x5343454E45525932,0xB0FEA83AB0700F52,5A66ABEE6A6BFD626904,0,0xC,0x6BDC4677,0xA3E92,0x5,841,0.152199762188,0.164132936375,1,0,0x5,1,1,1048576,57358980,4732,1,0,1,0,NA,0,0,0.072198
86,160,0x5343454E45525932,0xB0FEA83AB0700F52,5A66ABEE6A6BFD626904,0,0xC,0x6BDC4677,0xA3E92,0x5,1024,0.156250000000,0.164132936375,1,0,0x5,1,1,1048576,57422364,672,1,0,1,0,NA,0,0,0.072277
86,192,0x5343454E45525932,0xB0FEA83AB0700F52,5A66ABEE6A6BFD626904,0,0xC,0x6BDC4677,0xA3E92,0x5,1159,0.165660051769,0.164132936375,1,0,0x5,1,1,1048576,57432396,116,1,0,1,0,NA,0,0,0.072290
86,256,0x5343454E45525932,0xB0FEA83AB0700F52,5A66ABEE6A6BFD626904,0,0xC,0x6BDC4677,0xA3E92,0x5,1536,0.166666666667,0.164132936375,1,0,0x5,1,1,1048576,57434540,4,1,18,1,1,0xC,1,1,0.072293
86,320,0x5343454E45525932,0xB0FEA83AB0700F52,5A66ABEE6A6BFD626904,0,0xC,0x6BDC4677,0xA3E92,0x5,1899,0.168509741969,0.164132936375,1,0,0x5,1,1,1048576,57434796,4,1,18,1,1,0xC,1,1,0.072293
86,384,0x5343454E45525932,0xB0FEA83AB0700F52,5A66ABEE6A6BFD626904,0,0xC,0x6BDC4677,0xA3E92,0x5,2363,0.162505289886,0.164132936375,1,0,0x5,1,1,1048576,57435052,4,1,18,1,1,0xC,1,1,0.072293
86,512,0x5343454E45525932,0xB0FEA83AB0700F52,5A66ABEE6A6BFD626904,0,0xC,0x6BDC4677,0xA3E92,0x5,3216,0.159203980100,0.164132936375,1,0,0x5,1,1,1048576,57435564,4,1,18,1,1,0xC,1,1,0.072294
87,64,0x5343454E45525932,0xC83F065C500838DA,E6DAAEA78FF7671F5AAE,0,0xA,0xECC735F6,0xC1F6B,0xC,481,0.133056133056,0.164132936375,4,NA,NA,0,0,0,0,0,0,0,0,0,NA,0,0,0.000000
87,96,0x5343454E45525932,0xC83F065C500838DA,E6DAAEA78FF7671F5AAE,0,0xA,0xECC735F6,0xC1F6B,0xC,687,0.139737991266,0.164132936375,1,0,0xC,1,1,1048576,56200732,34376,1,0,1,0,NA,0,0,0.064182
87,128,0x5343454E45525932,0xC83F065C500838DA,E6DAAEA78FF7671F5AAE,0,0xA,0xECC735F6,0xC1F6B,0xC,945,0.135449735450,0.164132936375,1,0,0xC,1,1,1048576,56714572,4804,1,0,1,0,NA,0,0,0.064768
87,160,0x5343454E45525932,0xC83F065C500838DA,E6DAAEA78FF7671F5AAE,0,0xA,0xECC735F6,0xC1F6B,0xC,1151,0.139009556907,0.164132936375,1,0,0xC,1,1,1048576,56778484,524,1,0,1,0,NA,0,0,0.064841
87,192,0x5343454E45525932,0xC83F065C500838DA,E6DAAEA78FF7671F5AAE,0,0xA,0xECC735F6,0xC1F6B,0xC,1401,0.137044967880,0.164132936375,1,0,0xC,1,1,1048576,56787792,80,1,0,1,0,NA,0,0,0.064852
87,256,0x5343454E45525932,0xC83F065C500838DA,E6DAAEA78FF7671F5AAE,0,0xA,0xECC735F6,0xC1F6B,0xC,1862,0.137486573577,0.164132936375,1,0,0xC,1,1,1048576,56789344,4,1,18,1,1,0xA,1,1,0.064854
87,320,0x5343454E45525932,0xC83F065C500838DA,E6DAAEA78FF7671F5AAE,0,0xA,0xECC735F6,0xC1F6B,0xC,2223,0.143949617634,0.164132936375,1,0,0xC,1,1,1048576,56789600,4,1,18,1,1,0xA,1,1,0.064854
87,384,0x5343454E45525932,0xC83F065C500838DA,E6DAAEA78FF7671F5AAE,0,0xA,0xECC735F6,0xC1F6B,0xC,2603,0.147522089896,0.164132936375,1,0,0xC,1,1,1048576,56789856,4,1,18,1,1,0xA,1,1,0.064854
87,512,0x5343454E45525932,0xC83F065C500838DA,E6DAAEA78FF7671F5AAE,0,0xA,0xECC735F6,0xC1F6B,0xC,3403,0.150455480458,0.164132936375,1,0,0xC,1,1,1048576,56790368,4,1,18,1,1,0xA,1,1,0.064855
88,64,0x5343454E45525932,0x32141C309F5AF648,E5A83AFE3F7398B60554,0,0xC,0x03145772,0xE0650,0x9,341,0.187683284457,0.164132936375,5,NA,NA,0,0,0,0,0,0,0,0,0,NA,0,0,0.000000
88,96,0x5343454E45525932,0x32141C309F5AF648,E5A83AFE3F7398B60554,0,0xC,0x03145772,0xE0650,0x9,544,0.176470588235,0.164132936375,1,0,0x9,1,1,1048576,57948872,45108,1,0,1,0,NA,0,0,0.069535
88,128,0x5343454E45525932,0x32141C309F5AF648,E5A83AFE3F7398B60554,0,0xC,0x03145772,0xE0650,0x9,721,0.177531206657,0.164132936375,1,0,0x9,1,1,1048576,58513732,4184,1,0,1,0,NA,0,0,0.070213
88,160,0x5343454E45525932,0x32141C309F5AF648,E5A83AFE3F7398B60554,0,0xC,0x03145772,0xE0650,0x9,963,0.166147455867,0.164132936375,1,0,0x9,1,1,1048576,58568308,440,1,0,1,0,NA,0,0,0.070279
88,192,0x5343454E45525932,0x32141C309F5AF648,E5A83AFE3F7398B60554,0,0xC,0x03145772,0xE0650,0x9,1114,0.172351885099,0.164132936375,1,0,0x9,1,1,1048576,58574240,48,1,0,1,0,NA,0,0,0.070286
88,256,0x5343454E45525932,0x32141C309F5AF648,E5A83AFE3F7398B60554,0,0xC,0x03145772,0xE0650,0x9,1575,0.162539682540,0.164132936375,1,0,0x9,1,1,1048576,58575116,4,1,18,1,1,0xC,1,1,0.070287
88,320,0x5343454E45525932,0x32141C309F5AF648,E5A83AFE3F7398B60554,0,0xC,0x03145772,0xE0650,0x9,1915,0.167101827676,0.164132936375,1,0,0x9,1,1,1048576,58575372,4,1,18,1,1,0xC,1,1,0.070287
88,384,0x5343454E45525932,0x32141C309F5AF648,E5A83AFE3F7398B60554,0,0xC,0x03145772,0xE0650,0x9,2269,0.169237549581,0.164132936375,1,0,0x9,1,1,1048576,58575628,4,1,18,1,1,0xC,1,1,0.070287
88,512,0x5343454E45525932,0x32141C309F5AF648,E5A83AFE3F7398B60554,0,0xC,0x03145772,0xE0650,0x9,3109,0.164683177871,0.164132936375,1,0,0x9,1,1,1048576,58576140,4,1,18,1,1,0xC,1,1,0.070288
89,64,0x5343454E45525932,0x6C5747B252DE6430,1F5BB65129BA5D163112,3,0xE,0x6D5A2C70,0x0BD75,0x9,383,0.167101827676,0.164132936375,5,NA,NA,0,0,0,0,0,0,0,0,0,NA,0,0,0.000000
89,96,0x5343454E45525932,0x6C5747B252DE6430,1F5BB65129BA5D163112,3,0xE,0x6D5A2C70,0x0BD75,0x9,618,0.155339805825,0.164132936375,2,NA,NA,0,0,0,0,0,0,0,0,0,NA,0,0,0.000000
89,128,0x5343454E45525932,0x6C5747B252DE6430,1F5BB65129BA5D163112,3,0xE,0x6D5A2C70,0x0BD75,0x9,785,0.163057324841,0.164132936375,2,NA,NA,0,0,0,0,0,0,0,0,0,NA,0,0,0.000000
89,160,0x5343454E45525932,0x6C5747B252DE6430,1F5BB65129BA5D163112,3,0xE,0x6D5A2C70,0x0BD75,0x9,966,0.165631469979,0.164132936375,1,3,0x9,1,1,1048576,59230388,1188,1,0,1,0,NA,0,0,0.069687
89,192,0x5343454E45525932,0x6C5747B252DE6430,1F5BB65129BA5D163112,3,0xE,0x6D5A2C70,0x0BD75,0x9,1170,0.164102564103,0.164132936375,1,3,0x9,1,1,1048576,59250104,200,1,0,1,0,NA,0,0,0.069711
89,256,0x5343454E45525932,0x6C5747B252DE6430,1F5BB65129BA5D163112,3,0xE,0x6D5A2C70,0x0BD75,0x9,1585,0.161514195584,0.164132936375,1,3,0x9,1,1,1048576,59253684,12,1,10,1,0,NA,0,0,0.069715
89,320,0x5343454E45525932,0x6C5747B252DE6430,1F5BB65129BA5D163112,3,0xE,0x6D5A2C70,0x0BD75,0x9,1911,0.167451596023,0.164132936375,1,3,0x9,1,1,1048576,59254240,8,1,17,1,0,NA,0,0,0.069716
89,384,0x5343454E45525932,0x6C5747B252DE6430,1F5BB65129BA5D163112,3,0xE,0x6D5A2C70,0x0BD75,0x9,2224,0.172661870504,0.164132936375,1,3,0x9,1,1,1048576,59254752,8,1,17,1,0,NA,0,0,0.069716
89,512,0x5343454E45525932,0x6C5747B252DE6430,1F5BB65129BA5D163112,3,0xE,0x6D5A2C70,0x0BD75,0x9,3079,0.166287755765,0.164132936375,1,3,0x9,1,1,1048576,59255488,4,1,18,1,1,0xE,1,1,0.069717
90,64,0x5343454E45525932,0xB7142E93B46CFB3B,2B4C098E8C1B8091129B,2,0x7,0x5381CC0A,0x50149,0x3,414,0.154589371981,0.164132936375,2,NA,NA,0,0,0,0,0,0,0,0,0,NA,0,0,0.000000
90,96,0x5343454E45525932,0xB7142E93B46CFB3B,2B4C098E8C1B8091129B,2,0x7,0x5381CC0A,0x50149,0x3,586,0.163822525597,0.164132936375,1,2,0x3,1,1,1048576,54175904,21880,1,0,1,0,NA,0,0,0.067715
90,128,0x5343454E45525932,0xB7142E93B46CFB3B,2B4C098E8C1B8091129B,2,0x7,0x5381CC0A,0x50149,0x3,713,0.179523141655,0.164132936375,1,2,0x3,1,1,1048576,54458300,2012,1,0,1,0,NA,0,0,0.068068
90,160,0x5343454E45525932,0xB7142E93B46CFB3B,2B4C098E8C1B8091129B,2,0x7,0x5381CC0A,0x50149,0x3,904,0.176991150442,0.164132936375,1,2,0x3,1,1,1048576,54485844,248,1,0,1,0,NA,0,0,0.068102
90,192,0x5343454E45525932,0xB7142E93B46CFB3B,2B4C098E8C1B8091129B,2,0x7,0x5381CC0A,0x50149,0x3,1086,0.176795580110,0.164132936375,1,2,0x3,1,1,1048576,54489452,36,1,0,1,0,NA,0,0,0.068107
90,256,0x5343454E45525932,0xB7142E93B46CFB3B,2B4C098E8C1B8091129B,2,0x7,0x5381CC0A,0x50149,0x3,1451,0.176430048243,0.164132936375,1,2,0x3,1,1,1048576,54490076,4,1,18,1,1,0x7,1,1,0.068108
90,320,0x5343454E45525932,0xB7142E93B46CFB3B,2B4C098E8C1B8091129B,2,0x7,0x5381CC0A,0x50149,0x3,1802,0.177580466149,0.164132936375,1,2,0x3,1,1,1048576,54490332,4,1,18,1,1,0x7,1,1,0.068108
90,384,0x5343454E45525932,0xB7142E93B46CFB3B,2B4C098E8C1B8091129B,2,0x7,0x5381CC0A,0x50149,0x3,2213,0.173520108450,0.164132936375,1,2,0x3,1,1,1048576,54490588,4,1,18,1,1,0x7,1,1,0.068108
90,512,0x5343454E45525932,0xB7142E93B46CFB3B,2B4C098E8C1B8091129B,2,0x7,0x5381CC0A,0x50149,0x3,2972,0.172274562584,0.164132936375,1,2,0x3,1,1,1048576,54491100,4,1,18,1,1,0x7,1,1,0.068109
91,64,0x5343454E45525932,0x8D762043131A6FBB,838B8B52FD0CE04D37CA,2,0x8,0xE1DB1527,0x396CA,0x4,406,0.157635467980,0.164132936375,1,2,0x4,1,1,1048576,53350472,264068,1,0,1,0,NA,0,0,0.061361
91,96,0x5343454E45525932,0x8D762043131A6FBB,838B8B52FD0CE04D37CA,2,0x8,0xE1DB1527,0x396CA,0x4,625,0.153600000000,0.164132936375,1,2,0x4,1,1,1048576,57219264,37872,1,0,1,0,NA,0,0,0.065810
91,128,0x5343454E45525932,0x8D762043131A6FBB,838B8B52FD0CE04D37CA,2,0x8,0xE1DB1527,0x396CA,0x4,794,0.161209068010,0.164132936375,1,2,0x4,1,1,1048576,57731436,4224,1,0,1,0,NA,0,0,0.066400
91,160,0x5343454E45525932,0x8D762043131A6FBB,838B8B52FD0CE04D37CA,2,0x8,0xE1DB1527,0x396CA,0x4,973,0.164439876670,0.164132936375,1,2,0x4,1,1,1048576,57788964,476,1,0,1,0,NA,0,0,0.066466
91,192,0x5343454E45525932,0x8D762043131A6FBB,838B8B52FD0CE04D37CA,2,0x8,0xE1DB1527,0x396CA,0x4,1156,0.166089965398,0.164132936375,1,2,0x4,1,1,1048576,57795144,48,1,0,1,0,NA,0,0,0.066473
91,256,0x5343454E45525932,0x8D762043131A6FBB,838B8B52FD0CE04D37CA,2,0x8,0xE1DB1527,0x396CA,0x4,1542,0.166018158236,0.164132936375,1,2,0x4,1,1,1048576,57796724,8,1,17,1,0,NA,0,0,0.066475
91,320,0x5343454E45525932,0x8D762043131A6FBB,838B8B52FD0CE04D37CA,2,0x8,0xE1DB1527,0x396CA,0x4,1872,0.170940170940,0.164132936375,1,2,0x4,1,1,1048576,57797120,4,1,18,1,1,0x8,1,1,0.066475
91,384,0x5343454E45525932,0x8D762043131A6FBB,838B8B52FD0CE04D37CA,2,0x8,0xE1DB1527,0x396CA,0x4,2272,0.169014084507,0.164132936375,1,2,0x4,1,1,1048576,57797376,4,1,18,1,1,0x8,1,1,0.066475
91,512,0x5343454E45525932,0x8D762043131A6FBB,838B8B52FD0CE04D37CA,2,0x8,0xE1DB1527,0x396CA,0x4,3006,0.170326014637,0.164132936375,1,2,0x4,1,1,1048576,57797888,4,1,18,1,1,0x8,1,1,0.066476
92,64,0x5343454E45525932,0xF2CEBC9FCE7EA92F,0FB4458229E77D5870F4,7,0xD,0x8DF3FAD1,0x516FE,0x2,340,0.188235294118,0.164132936375,7,NA,NA,0,0,0,0,0,0,0,0,0,NA,0,0,0.000000
92,96,0x5343454E45525932,0xF2CEBC9FCE7EA92F,0FB4458229E77D5870F4,7,0xD,0x8DF3FAD1,0x516FE,0x2,580,0.165517241379,0.164132936375,2,NA,NA,0,0,0,0,0,0,0,0,0,NA,0,0,0.000000
92,128,0x5343454E45525932,0xF2CEBC9FCE7EA92F,0FB4458229E77D5870F4,7,0xD,0x8DF3FAD1,0x516FE,0x2,744,0.172043010753,0.164132936375,1,7,0x2,1,1,1048576,55864776,4856,1,0,1,0,NA,0,0,0.064500
92,160,0x5343454E45525932,0xF2CEBC9FCE7EA92F,0FB4458229E77D5870F4,7,0xD,0x8DF3FAD1,0x516FE,0x2,907,0.176405733186,0.164132936375,1,7,0x2,1,1,1048576,55937084,684,1,0,1,0,NA,0,0,0.064583
92,192,0x5343454E45525932,0xF2CEBC9FCE7EA92F,0FB4458229E77D5870F4,7,0xD,0x8DF3FAD1,0x516FE,0x2,1045,0.183732057416,0.164132936375,1,7,0x2,1,1,1048576,55946984,68,1,0,1,0,NA,0,0,0.064595
92,256,0x5343454E45525932,0xF2CEBC9FCE7EA92F,0FB4458229E77D5870F4,7,0xD,0x8DF3FAD1,0x516FE,0x2,1445,0.177162629758,0.164132936375,1,7,0x2,1,1,1048576,55947800,4,1,18,1,1,0xD,1,1,0.064596
92,320,0x5343454E45525932,0xF2CEBC9FCE7EA92F,0FB4458229E77D5870F4,7,0xD,0x8DF3FAD1,0x516FE,0x2,1852,0.172786177106,0.164132936375,1,7,0x2,1,1,1048576,55948056,4,1,18,1,1,0xD,1,1,0.064596
92,384,0x5343454E45525932,0xF2CEBC9FCE7EA92F,0FB4458229E77D5870F4,7,0xD,0x8DF3FAD1,0x516FE,0x2,2293,0.167466201483,0.164132936375,1,7,0x2,1,1,1048576,55948312,4,1,18,1,1,0xD,1,1,0.064596
92,512,0x5343454E45525932,0xF2CEBC9FCE7EA92F,0FB4458229E77D5870F4,7,0xD,0x8DF3FAD1,0x516FE,0x2,3032,0.168865435356,0.164132936375,1,7,0x2,1,1,1048576,55948824,4,1,18,1,1,0xD,1,1,0.064597
93,64,0x5343454E45525932,0x022F8A1C6047954A,74A999B86AC0F7A4FE7C,5,0xC,0xDF945F5F,0xDD30F,0xC,296,0.216216216216,0.164132936375,2,NA,NA,0,0,0,0,0,0,0,0,0,NA,0,0,0.000000
93,96,0x5343454E45525932,0x022F8A1C6047954A,74A999B86AC0F7A4FE7C,5,0xC,0xDF945F5F,0xDD30F,0xC,510,0.188235294118,0.164132936375,1,5,0xC,1,1,1048576,54917396,25232,1,0,1,0,NA,0,0,0.061987
93,128,0x5343454E45525932,0x022F8A1C6047954A,74A999B86AC0F7A4FE7C,5,0xC,0xDF945F5F,0xDD30F,0xC,720,0.177777777778,0.164132936375,1,5,0xC,1,1,1048576,55260004,3224,1,0,1,0,NA,0,0,0.062374
93,160,0x5343454E45525932,0x022F8A1C6047954A,74A999B86AC0F7A4FE7C,5,0xC,0xDF945F5F,0xDD30F,0xC,908,0.176211453744,0.164132936375,1,5,0xC,1,1,1048576,55310696,568,1,0,1,0,NA,0,0,0.062431
93,192,0x5343454E45525932,0x022F8A1C6047954A,74A999B86AC0F7A4FE7C,5,0xC,0xDF945F5F,0xDD30F,0xC,1088,0.176470588235,0.164132936375,1,5,0xC,1,1,1048576,55319792,84,1,0,1,0,NA,0,0,0.062441
93,256,0x5343454E45525932,0x022F8A1C6047954A,74A999B86AC0F7A4FE7C,5,0xC,0xDF945F5F,0xDD30F,0xC,1454,0.176066024759,0.164132936375,1,5,0xC,1,1,1048576,55321692,16,1,4,1,0,NA,0,0,0.062443
93,320,0x5343454E45525932,0x022F8A1C6047954A,74A999B86AC0F7A4FE7C,5,0xC,0xDF945F5F,0xDD30F,0xC,1821,0.175727622186,0.164132936375,1,5,0xC,1,1,1048576,55322376,4,1,18,1,1,0xC,1,1,0.062444
93,384,0x5343454E45525932,0x022F8A1C6047954A,74A999B86AC0F7A4FE7C,5,0xC,0xDF945F5F,0xDD30F,0xC,2190,0.175342465753,0.164132936375,1,5,0xC,1,1,1048576,55322632,4,1,18,1,1,0xC,1,1,0.062444
93,512,0x5343454E45525932,0x022F8A1C6047954A,74A999B86AC0F7A4FE7C,5,0xC,0xDF945F5F,0xDD30F,0xC,2985,0.171524288107,0.164132936375,1,5,0xC,1,1,1048576,55323144,4,1,18,1,1,0xC,1,1,0.062445
94,64,0x5343454E45525932,0x8BDB1A314A4B2085,E4B73814106DE987D8F0,5,0x5,0xEC2EC00A,0xA0530,0x6,423,0.151300236407,0.164132936375,3,NA,NA,0,0,0,0,0,0,0,0,0,NA,0,0,0.000000
94,96,0x5343454E45525932,0x8BDB1A314A4B2085,E4B73814106DE987D8F0,5,0x5,0xEC2EC00A,0xA0530,0x6,668,0.143712574850,0.164132936375,1,5,0x6,1,1,1048576,55831944,32224,1,0,1,0,NA,0,0,0.065966
94,128,0x5343454E45525932,0x8BDB1A314A4B2085,E4B73814106DE987D8F0,5,0x5,0xEC2EC00A,0xA0530,0x6,901,0.142064372919,0.164132936375,1,5,0x6,1,1,1048576,56276052,4520,1,0,1,0,NA,0,0,0.066490
94,160,0x5343454E45525932,0x8BDB1A314A4B2085,E4B73814106DE987D8F0,5,0x5,0xEC2EC00A,0xA0530,0x6,1159,0.138050043141,0.164132936375,1,5,0x6,1,1,1048576,56348652,840,1,0,1,0,NA,0,0,0.066576
94,192,0x5343454E45525932,0x8BDB1A314A4B2085,E4B73814106DE987D8F0,5,0x5,0xEC2EC00A,0xA0530,0x6,1378,0.139332365747,0.164132936375,1,5,0x6,1,1,1048576,56358572,100,1,0,1,0,NA,0,0,0.066588
94,256,0x5343454E45525932,0x8BDB1A314A4B2085,E4B73814106DE987D8F0,5,0x5,0xEC2EC00A,0xA0530,0x6,1815,0.141046831956,0.164132936375,1,5,0x6,1,1,1048576,56360276,4,1,18,1,1,0x5,1,1,0.066590
94,320,0x5343454E45525932,0x8BDB1A314A4B2085,E4B73814106DE987D8F0,5,0x5,0xEC2EC00A,0xA0530,0x6,2194,0.145852324521,0.164132936375,1,5,0x6,1,1,1048576,56360532,4,1,18,1,1,0x5,1,1,0.066590
94,384,0x5343454E45525932,0x8BDB1A314A4B2085,E4B73814106DE987D8F0,5,0x5,0xEC2EC00A,0xA0530,0x6,2608,0.147239263804,0.164132936375,1,5,0x6,1,1,1048576,56360788,4,1,18,1,1,0x5,1,1,0.066590
94,512,0x5343454E45525932,0x8BDB1A314A4B2085,E4B73814106DE987D8F0,5,0x5,0xEC2EC00A,0xA0530,0x6,3444,0.148664343786,0.164132936375,1,5,0x6,1,1,1048576,56361300,4,1,18,1,1,0x5,1,1,0.066591
95,64,0x5343454E45525932,0xFAB3556043FA787A,8AEFE784692D893A6341,6,0x4,0xCCE3ABEC,0x966BE,0xF,356,0.179775280899,0.164132936375,4,NA,NA,0,0,0,0,0,0,0,0,0,NA,0,0,0.000000
95,96,0x5343454E45525932,0xFAB3556043FA787A,8AEFE784692D893A6341,6,0x4,0xCCE3ABEC,0x966BE,0xF,550,0.174545454545,0.164132936375,2,NA,NA,0,0,0,0,0,0,0,0,0,NA,0,0,0.000000
95,128,0x5343454E45525932,0xFAB3556043FA787A,8AEFE784692D893A6341,6,0x4,0xCCE3ABEC,0x966BE,0xF,709,0.180535966150,0.164132936375,1,6,0xF,1,1,1048576,55989300,3180,1,0,1,0,NA,0,0,0.066038
95,160,0x5343454E45525932,0xFAB3556043FA787A,8AEFE784692D893A6341,6,0x4,0xCCE3ABEC,0x966BE,0xF,892,0.179372197309,0.164132936375,1,6,0xF,1,1,1048576,56035596,376,1,0,1,0,NA,0,0,0.066092
95,192,0x5343454E45525932,0xFAB3556043FA787A,8AEFE784692D893A6341,6,0x4,0xCCE3ABEC,0x966BE,0xF,1050,0.182857142857,0.164132936375,1,6,0xF,1,1,1048576,56040744,64,1,0,1,0,NA,0,0,0.066098
95,256,0x5343454E45525932,0xFAB3556043FA787A,8AEFE784692D893A6341,6,0x4,0xCCE3ABEC,0x966BE,0xF,1319,0.194086429113,0.164132936375,1,6,0xF,1,1,1048576,56042288,8,1,16,1,1,0x4,1,0,0.066100
95,320,0x5343454E45525932,0xFAB3556043FA787A,8AEFE784692D893A6341,6,0x4,0xCCE3ABEC,0x966BE,0xF,1727,0.185292414592,0.164132936375,1,6,0xF,1,1,1048576,56042800,8,1,16,1,1,0x4,1,0,0.066101
95,384,0x5343454E45525932,0xFAB3556043FA787A,8AEFE784692D893A6341,6,0x4,0xCCE3ABEC,0x966BE,0xF,2113,0.181732134406,0.164132936375,1,6,0xF,1,1,1048576,56043312,8,1,16,1,1,0x4,1,0,0.066101
95,512,0x5343454E45525932,0xFAB3556043FA787A,8AEFE784692D893A6341,6,0x4,0xCCE3ABEC,0x966BE,0xF,2837,0.180472329926,0.164132936375,1,6,0xF,1,1,1048576,56043856,4,1,18,1,1,0x4,1,1,0.066102
96,64,0x5343454E45525932,0x0675125789F51B35,AC6A2A0D63B5DDBDA06E,1,0x5,0xCF387269,0xE6B59,0x0,391,0.163682864450,0.164132936375,3,NA,NA,0,0,0,0,0,0,0,0,0,NA,0,0,0.000000
96,96,0x5343454E45525932,0x0675125789F51B35,AC6A2A0D63B5DDBDA06E,1,0x5,0xCF387269,0xE6B59,0x0,591,0.162436548223,0.164132936375,1,1,0x0,1,1,1048576,56726796,38928,1,0,1,0,NA,0,0,0.065264
96,128,0x5343454E45525932,0x0675125789F51B35,AC6A2A0D63B5DDBDA06E,1,0x5,0xCF387269,0xE6B59,0x0,777,0.164736164736,0.164132936375,1,1,0x0,1,1,1048576,57280612,5192,1,0,1,0,NA,0,0,0.065901
96,160,0x5343454E45525932,0x0675125789F51B35,AC6A2A0D63B5DDBDA06E,1,0x5,0xCF387269,0xE6B59,0x0,974,0.164271047228,0.164132936375,1,1,0x0,1,1,1048576,57354356,700,1,0,1,0,NA,0,0,0.065986
96,192,0x5343454E45525932,0x0675125789F51B35,AC6A2A0D63B5DDBDA06E,1,0x5,0xCF387269,0xE6B59,0x0,1163,0.165090283749,0.164132936375,1,1,0x0,1,1,1048576,57363892,80,1,0,1,0,NA,0,0,0.065997
96,256,0x5343454E45525932,0x0675125789F51B35,AC6A2A0D63B5DDBDA06E,1,0x5,0xCF387269,0xE6B59,0x0,1541,0.166125892278,0.164132936375,1,1,0x0,1,1,1048576,57365504,8,1,7,1,0,NA,0,0,0.065999
96,320,0x5343454E45525932,0x0675125789F51B35,AC6A2A0D63B5DDBDA06E,1,0x5,0xCF387269,0xE6B59,0x0,1918,0.166840458811,0.164132936375,1,1,0x0,1,1,1048576,57365808,4,1,18,1,1,0x5,1,1,0.065999
96,384,0x5343454E45525932,0x0675125789F51B35,AC6A2A0D63B5DDBDA06E,1,0x5,0xCF387269,0xE6B59,0x0,2317,0.165731549417,0.164132936375,1,1,0x0,1,1,1048576,57366064,4,1,18,1,1,0x5,1,1,0.065999
96,512,0x5343454E45525932,0x0675125789F51B35,AC6A2A0D63B5DDBDA06E,1,0x5,0xCF387269,0xE6B59,0x0,2982,0.171696847753,0.164132936375,1,1,0x0,1,1,1048576,57366576,4,1,18,1,1,0x5,1,1,0.066000
97,64,0x5343454E45525932,0x95D414E7FFD817A8,BFFBA3143DD94520D9AE,7,0x3,0x1C8787DA,0x97EE8,0xD,503,0.127236580517,0.164132936375,2,NA,NA,0,0,0,0,0,0,0,0,0,NA,0,0,0.000000
97,96,0x5343454E45525932,0x95D414E7FFD817A8,BFFBA3143DD94520D9AE,7,0x3,0x1C8787DA,0x97EE8,0xD,752,0.127659574468,0.164132936375,1,7,0xD,1,1,1048576,56214108,36256,1,0,1,0,NA,0,0,0.063969
97,128,0x5343454E45525932,0x95D414E7FFD817A8,BFFBA3143DD94520D9AE,7,0x3,0x1C8787DA,0x97EE8,0xD,913,0.140197152245,0.164132936375,1,7,0xD,1,1,1048576,56728612,5584,1,0,1,0,NA,0,0,0.064554
97,160,0x5343454E45525932,0x95D414E7FFD817A8,BFFBA3143DD94520D9AE,7,0x3,0x1C8787DA,0x97EE8,0xD,1136,0.140845070423,0.164132936375,1,7,0xD,1,1,1048576,56808664,612,1,0,1,0,NA,0,0,0.064645
97,192,0x5343454E45525932,0x95D414E7FFD817A8,BFFBA3143DD94520D9AE,7,0x3,0x1C8787DA,0x97EE8,0xD,1311,0.146453089245,0.164132936375,1,7,0xD,1,1,1048576,56817928,112,1,0,1,0,NA,0,0,0.064656
97,256,0x5343454E45525932,0x95D414E7FFD817A8,BFFBA3143DD94520D9AE,7,0x3,0x1C8787DA,0x97EE8,0xD,1633,0.156766687079,0.164132936375,1,7,0xD,1,1,1048576,56819800,8,1,11,1,0,NA,0,0,0.064658
97,320,0x5343454E45525932,0x95D414E7FFD817A8,BFFBA3143DD94520D9AE,7,0x3,0x1C8787DA,0x97EE8,0xD,1959,0.163348647269,0.164132936375,1,7,0xD,1,1,1048576,56820128,4,1,18,1,1,0x3,1,1,0.064658
97,384,0x5343454E45525932,0x95D414E7FFD817A8,BFFBA3143DD94520D9AE,7,0x3,0x1C8787DA,0x97EE8,0xD,2384,0.161073825503,0.164132936375,1,7,0xD,1,1,1048576,56820384,4,1,18,1,1,0x3,1,1,0.064658
97,512,0x5343454E45525932,0x95D414E7FFD817A8,BFFBA3143DD94520D9AE,7,0x3,0x1C8787DA,0x97EE8,0xD,3223,0.158858206640,0.164132936375,1,7,0xD,1,1,1048576,56820896,4,1,18,1,1,0x3,1,1,0.064659
98,64,0x5343454E45525932,0x4AB32773F78C3D13,066D8A06AF109EF7039D,1,0xF,0x5BE30F52,0x295F7,0x0,434,0.147465437788,0.164132936375,4,NA,NA,0,0,0,0,0,0,0,0,0,NA,0,0,0.000000
98,96,0x5343454E45525932,0x4AB32773F78C3D13,066D8A06AF109EF7039D,1,0xF,0x5BE30F52,0x295F7,0x0,688,0.139534883721,0.164132936375,1,1,0x0,1,1,1048576,55273080,30712,1,0,1,0,NA,0,0,0.064986
98,128,0x5343454E45525932,0x4AB32773F78C3D13,066D8A06AF109EF7039D,1,0xF,0x5BE30F52,0x295F7,0x0,869,0.147295742232,0.164132936375,1,1,0x0,1,1,1048576,55709344,3476,1,0,1,0,NA,0,0,0.065499
98,160,0x5343454E45525932,0x4AB32773F78C3D13,066D8A06AF109EF7039D,1,0xF,0x5BE30F52,0x295F7,0x0,1050,0.152380952381,0.164132936375,1,1,0x0,1,1,1048576,55761188,476,1,0,1,0,NA,0,0,0.065560
98,192,0x5343454E45525932,0x4AB32773F78C3D13,066D8A06AF109EF7039D,1,0xF,0x5BE30F52,0x295F7,0x0,1249,0.153722978383,0.164132936375,1,1,0x0,1,1,1048576,55767412,60,1,0,1,0,NA,0,0,0.065567
98,256,0x5343454E45525932,0x4AB32773F78C3D13,066D8A06AF109EF7039D,1,0xF,0x5BE30F52,0x295F7,0x0,1600,0.160000000000,0.164132936375,1,1,0x0,1,1,1048576,55768208,4,1,18,1,1,0xF,1,1,0.065568
98,320,0x5343454E45525932,0x4AB32773F78C3D13,066D8A06AF109EF7039D,1,0xF,0x5BE30F52,0x295F7,0x0,1983,0.161371659102,0.164132936375,1,1,0x0,1,1,1048576,55768464,4,1,18,1,1,0xF,1,1,0.065568
98,384,0x5343454E45525932,0x4AB32773F78C3D13,066D8A06AF109EF7039D,1,0xF,0x5BE30F52,0x295F7,0x0,2282,0.168273444347,0.164132936375,1,1,0x0,1,1,1048576,55768720,4,1,18,1,1,0xF,1,1,0.065568
98,512,0x5343454E45525932,0x4AB32773F78C3D13,066D8A06AF109EF7039D,1,0xF,0x5BE30F52,0x295F7,0x0,3116,0.164313222080,0.164132936375,1,1,0x0,1,1,1048576,55769232,4,1,18,1,1,0xF,1,1,0.065569
99,64,0x5343454E45525932,0x88BB3D8AC66BC3F3,743F34DA87EC7984E655,0,0x9,0x4BBC9730,0xE3656,0xC,471,0.135881104034,0.164132936375,2,NA,NA,0,0,0,0,0,0,0,0,0,NA,0,0,0.000000
99,96,0x5343454E45525932,0x88BB3D8AC66BC3F3,743F34DA87EC7984E655,0,0x9,0x4BBC9730,0xE3656,0xC,605,0.158677685950,0.164132936375,1,0,0xC,1,1,1048576,55871624,37892,1,0,1,0,NA,0,0,0.065425
99,128,0x5343454E45525932,0x88BB3D8AC66BC3F3,743F34DA87EC7984E655,0,0x9,0x4BBC9730,0xE3656,0xC,784,0.163265306122,0.164132936375,1,0,0xC,1,1,1048576,56477696,6144,1,0,1,0,NA,0,0,0.066134
99,160,0x5343454E45525932,0x88BB3D8AC66BC3F3,743F34DA87EC7984E655,0,0x9,0x4BBC9730,0xE3656,0xC,1008,0.158730158730,0.164132936375,1,0,0xC,1,1,1048576,56553980,688,1,0,1,0,NA,0,0,0.066224
99,192,0x5343454E45525932,0x88BB3D8AC66BC3F3,743F34DA87EC7984E655,0,0x9,0x4BBC9730,0xE3656,0xC,1185,0.162025316456,0.164132936375,1,0,0xC,1,1,1048576,56563380,64,1,0,1,0,NA,0,0,0.066235
99,256,0x5343454E45525932,0x88BB3D8AC66BC3F3,743F34DA87EC7984E655,0,0x9,0x4BBC9730,0xE3656,0xC,1559,0.164207825529,0.164132936375,1,0,0xC,1,1,1048576,56564392,4,1,18,1,1,0x9,1,1,0.066236
99,320,0x5343454E45525932,0x88BB3D8AC66BC3F3,743F34DA87EC7984E655,0,0x9,0x4BBC9730,0xE3656,0xC,2005,0.159600997506,0.164132936375,1,0,0xC,1,1,1048576,56564648,4,1,18,1,1,0x9,1,1,0.066236
99,384,0x5343454E45525932,0x88BB3D8AC66BC3F3,743F34DA87EC7984E655,0,0x9,0x4BBC9730,0xE3656,0xC,2388,0.160804020101,0.164132936375,1,0,0xC,1,1,1048576,56564904,4,1,18,1,1,0x9,1,1,0.066236
99,512,0x5343454E45525932,0x88BB3D8AC66BC3F3,743F34DA87EC7984E655,0,0x9,0x4BBC9730,0xE3656,0xC,3195,0.160250391236,0.164132936375,1,0,0xC,1,1,1048576,56565416,4,1,18,1,1,0x9,1,1,0.066237
