trial,samples_per_sbox,sbox,trial_seed,known_delta,query_count,empirical_rate,missing_count,missing_value,recovered_word,actual_word,unique_missing,word_success
0,16,0,0xF559DB8B509345F2,0x9,70,0.228571428571,6,NA,0x0,0x6,0,0
0,16,1,0xF559DB8B509345F2,0x9,111,0.144144144144,0,NA,0x0,0xA,0,0
0,16,2,0xF559DB8B509345F2,0x9,119,0.134453781513,0,NA,0x0,0x1,0,0
0,16,3,0xF559DB8B509345F2,0x9,90,0.177777777778,0,NA,0x0,0x7,0,0
0,16,4,0xF559DB8B509345F2,0x9,89,0.179775280899,0,NA,0x0,0xD,0,0
0,16,5,0xF559DB8B509345F2,0x9,88,0.181818181818,0,NA,0x0,0x6,0,0
0,16,6,0xF559DB8B509345F2,0x9,93,0.172043010753,0,NA,0x0,0xD,0,0
0,16,7,0xF559DB8B509345F2,0x9,101,0.158415841584,0,NA,0x0,0xB,0,0
0,24,0,0xF559DB8B509345F2,0x9,149,0.161073825503,2,NA,0x0,0x6,0,0
0,24,1,0xF559DB8B509345F2,0x9,190,0.126315789474,0,NA,0x0,0xA,0,0
0,24,2,0xF559DB8B509345F2,0x9,163,0.147239263804,0,NA,0x0,0x1,0,0
0,24,3,0xF559DB8B509345F2,0x9,172,0.139534883721,0,NA,0x0,0x7,0,0
0,24,4,0xF559DB8B509345F2,0x9,147,0.163265306122,0,NA,0x0,0xD,0,0
0,24,5,0xF559DB8B509345F2,0x9,120,0.200000000000,0,NA,0x0,0x6,0,0
0,24,6,0xF559DB8B509345F2,0x9,131,0.183206106870,0,NA,0x0,0xD,0,0
0,24,7,0xF559DB8B509345F2,0x9,151,0.158940397351,0,NA,0x0,0xB,0,0
0,32,0,0xF559DB8B509345F2,0x9,204,0.156862745098,2,NA,0x0,0x6,0,0
0,32,1,0xF559DB8B509345F2,0x9,233,0.137339055794,0,NA,0x0,0xA,0,0
0,32,2,0xF559DB8B509345F2,0x9,219,0.146118721461,0,NA,0x0,0x1,0,0
0,32,3,0xF559DB8B509345F2,0x9,239,0.133891213389,0,NA,0x0,0x7,0,0
0,32,4,0xF559DB8B509345F2,0x9,198,0.161616161616,0,NA,0x0,0xD,0,0
0,32,5,0xF559DB8B509345F2,0x9,158,0.202531645570,0,NA,0x0,0x6,0,0
0,32,6,0xF559DB8B509345F2,0x9,158,0.202531645570,0,NA,0x0,0xD,0,0
0,32,7,0xF559DB8B509345F2,0x9,184,0.173913043478,0,NA,0x0,0xB,0,0
0,40,0,0xF559DB8B509345F2,0x9,257,0.155642023346,1,0xF,0x6,0x6,1,1
0,40,1,0xF559DB8B509345F2,0x9,271,0.147601476015,1,0x3,0xA,0xA,1,1
0,40,2,0xF559DB8B509345F2,0x9,250,0.160000000000,1,0x8,0x1,0x1,1,1
0,40,3,0xF559DB8B509345F2,0x9,278,0.143884892086,2,NA,0x0,0x7,0,0
0,40,4,0xF559DB8B509345F2,0x9,242,0.165289256198,0,NA,0x0,0xD,0,0
0,40,5,0xF559DB8B509345F2,0x9,195,0.205128205128,0,NA,0x0,0x6,0,0
0,40,6,0xF559DB8B509345F2,0x9,233,0.171673819742,0,NA,0x0,0xD,0,0
0,40,7,0xF559DB8B509345F2,0x9,229,0.174672489083,0,NA,0x0,0xB,0,0
0,48,0,0xF559DB8B509345F2,0x9,297,0.161616161616,1,0xF,0x6,0x6,1,1
0,48,1,0xF559DB8B509345F2,0x9,303,0.158415841584,1,0x3,0xA,0xA,1,1
0,48,2,0xF559DB8B509345F2,0x9,292,0.164383561644,1,0x8,0x1,0x1,1,1
0,48,3,0xF559DB8B509345F2,0x9,326,0.147239263804,2,NA,0x0,0x7,0,0
0,48,4,0xF559DB8B509345F2,0x9,275,0.174545454545,0,NA,0x0,0xD,0,0
0,48,5,0xF559DB8B509345F2,0x9,244,0.196721311475,0,NA,0x0,0x6,0,0
0,48,6,0xF559DB8B509345F2,0x9,291,0.164948453608,0,NA,0x0,0xD,0,0
0,48,7,0xF559DB8B509345F2,0x9,276,0.173913043478,0,NA,0x0,0xB,0,0
0,56,0,0xF559DB8B509345F2,0x9,369,0.151761517615,1,0xF,0x6,0x6,1,1
0,56,1,0xF559DB8B509345F2,0x9,346,0.161849710983,1,0x3,0xA,0xA,1,1
0,56,2,0xF559DB8B509345F2,0x9,354,0.158192090395,1,0x8,0x1,0x1,1,1
0,56,3,0xF559DB8B509345F2,0x9,353,0.158640226629,1,0xE,0x7,0x7,1,1
0,56,4,0xF559DB8B509345F2,0x9,298,0.187919463087,1,0x4,0xD,0xD,1,1
0,56,5,0xF559DB8B509345F2,0x9,312,0.179487179487,1,0xF,0x6,0x6,1,1
0,56,6,0xF559DB8B509345F2,0x9,322,0.173913043478,1,0x4,0xD,0xD,1,1
0,56,7,0xF559DB8B509345F2,0x9,305,0.183606557377,1,0x2,0xB,0xB,1,1
0,64,0,0xF559DB8B509345F2,0x9,387,0.165374677003,1,0xF,0x6,0x6,1,1
0,64,1,0xF559DB8B509345F2,0x9,396,0.161616161616,1,0x3,0xA,0xA,1,1
0,64,2,0xF559DB8B509345F2,0x9,386,0.165803108808,1,0x8,0x1,0x1,1,1
0,64,3,0xF559DB8B509345F2,0x9,399,0.160401002506,1,0xE,0x7,0x7,1,1
0,64,4,0xF559DB8B509345F2,0x9,343,0.186588921283,1,0x4,0xD,0xD,1,1
0,64,5,0xF559DB8B509345F2,0x9,352,0.181818181818,1,0xF,0x6,0x6,1,1
0,64,6,0xF559DB8B509345F2,0x9,367,0.174386920981,1,0x4,0xD,0xD,1,1
0,64,7,0xF559DB8B509345F2,0x9,374,0.171122994652,1,0x2,0xB,0xB,1,1
0,72,0,0xF559DB8B509345F2,0x9,449,0.160356347439,1,0xF,0x6,0x6,1,1
0,72,1,0xF559DB8B509345F2,0x9,427,0.168618266979,1,0x3,0xA,0xA,1,1
0,72,2,0xF559DB8B509345F2,0x9,406,0.177339901478,1,0x8,0x1,0x1,1,1
0,72,3,0xF559DB8B509345F2,0x9,454,0.158590308370,1,0xE,0x7,0x7,1,1
0,72,4,0xF559DB8B509345F2,0x9,382,0.188481675393,1,0x4,0xD,0xD,1,1
0,72,5,0xF559DB8B509345F2,0x9,388,0.185567010309,1,0xF,0x6,0x6,1,1
0,72,6,0xF559DB8B509345F2,0x9,410,0.175609756098,1,0x4,0xD,0xD,1,1
0,72,7,0xF559DB8B509345F2,0x9,423,0.170212765957,1,0x2,0xB,0xB,1,1
0,80,0,0xF559DB8B509345F2,0x9,509,0.157170923379,1,0xF,0x6,0x6,1,1
0,80,1,0xF559DB8B509345F2,0x9,477,0.167714884696,1,0x3,0xA,0xA,1,1
0,80,2,0xF559DB8B509345F2,0x9,489,0.163599182004,1,0x8,0x1,0x1,1,1
0,80,3,0xF559DB8B509345F2,0x9,542,0.147601476015,1,0xE,0x7,0x7,1,1
0,80,4,0xF559DB8B509345F2,0x9,429,0.186480186480,1,0x4,0xD,0xD,1,1
0,80,5,0xF559DB8B509345F2,0x9,432,0.185185185185,1,0xF,0x6,0x6,1,1
0,80,6,0xF559DB8B509345F2,0x9,450,0.177777777778,1,0x4,0xD,0xD,1,1
0,80,7,0xF559DB8B509345F2,0x9,486,0.164609053498,1,0x2,0xB,0xB,1,1
0,96,0,0xF559DB8B509345F2,0x9,628,0.152866242038,1,0xF,0x6,0x6,1,1
0,96,1,0xF559DB8B509345F2,0x9,552,0.173913043478,1,0x3,0xA,0xA,1,1
0,96,2,0xF559DB8B509345F2,0x9,573,0.167539267016,1,0x8,0x1,0x1,1,1
0,96,3,0xF559DB8B509345F2,0x9,637,0.150706436421,1,0xE,0x7,0x7,1,1
0,96,4,0xF559DB8B509345F2,0x9,549,0.174863387978,1,0x4,0xD,0xD,1,1
0,96,5,0xF559DB8B509345F2,0x9,563,0.170515097691,1,0xF,0x6,0x6,1,1
0,96,6,0xF559DB8B509345F2,0x9,526,0.182509505703,1,0x4,0xD,0xD,1,1
0,96,7,0xF559DB8B509345F2,0x9,567,0.169312169312,1,0x2,0xB,0xB,1,1
0,112,0,0xF559DB8B509345F2,0x9,777,0.144144144144,1,0xF,0x6,0x6,1,1
0,112,1,0xF559DB8B509345F2,0x9,654,0.171253822630,1,0x3,0xA,0xA,1,1
0,112,2,0xF559DB8B509345F2,0x9,643,0.174183514774,1,0x8,0x1,0x1,1,1
0,112,3,0xF559DB8B509345F2,0x9,758,0.147757255937,1,0xE,0x7,0x7,1,1
0,112,4,0xF559DB8B509345F2,0x9,666,0.168168168168,1,0x4,0xD,0xD,1,1
0,112,5,0xF559DB8B509345F2,0x9,642,0.174454828660,1,0xF,0x6,0x6,1,1
0,112,6,0xF559DB8B509345F2,0x9,631,0.177496038035,1,0x4,0xD,0xD,1,1
0,112,7,0xF559DB8B509345F2,0x9,702,0.159544159544,1,0x2,0xB,0xB,1,1
0,128,0,0xF559DB8B509345F2,0x9,866,0.147806004619,1,0xF,0x6,0x6,1,1
0,128,1,0xF559DB8B509345F2,0x9,751,0.170439414115,1,0x3,0xA,0xA,1,1
0,128,2,0xF559DB8B509345F2,0x9,726,0.176308539945,1,0x8,0x1,0x1,1,1
0,128,3,0xF559DB8B509345F2,0x9,836,0.153110047847,1,0xE,0x7,0x7,1,1
0,128,4,0xF559DB8B509345F2,0x9,746,0.171581769437,1,0x4,0xD,0xD,1,1
0,128,5,0xF559DB8B509345F2,0x9,765,0.167320261438,1,0xF,0x6,0x6,1,1
0,128,6,0xF559DB8B509345F2,0x9,750,0.170666666667,1,0x4,0xD,0xD,1,1
0,128,7,0xF559DB8B509345F2,0x9,763,0.167758846658,1,0x2,0xB,0xB,1,1
0,160,0,0xF559DB8B509345F2,0x9,1035,0.154589371981,1,0xF,0x6,0x6,1,1
0,160,1,0xF559DB8B509345F2,0x9,993,0.161127895267,1,0x3,0xA,0xA,1,1
0,160,2,0xF559DB8B509345F2,0x9,898,0.178173719376,1,0x8,0x1,0x1,1,1
0,160,3,0xF559DB8B509345F2,0x9,1040,0.153846153846,1,0xE,0x7,0x7,1,1
0,160,4,0xF559DB8B509345F2,0x9,928,0.172413793103,1,0x4,0xD,0xD,1,1
0,160,5,0xF559DB8B509345F2,0x9,961,0.166493236212,1,0xF,0x6,0x6,1,1
0,160,6,0xF559DB8B509345F2,0x9,949,0.168598524763,1,0x4,0xD,0xD,1,1
0,160,7,0xF559DB8B509345F2,0x9,945,0.169312169312,1,0x2,0xB,0xB,1,1
0,192,0,0xF559DB8B509345F2,0x9,1223,0.156991005724,1,0xF,0x6,0x6,1,1
0,192,1,0xF559DB8B509345F2,0x9,1131,0.169761273210,1,0x3,0xA,0xA,1,1
0,192,2,0xF559DB8B509345F2,0x9,1097,0.175022789426,1,0x8,0x1,0x1,1,1
0,192,3,0xF559DB8B509345F2,0x9,1262,0.152139461173,1,0xE,0x7,0x7,1,1
0,192,4,0xF559DB8B509345F2,0x9,1072,0.179104477612,1,0x4,0xD,0xD,1,1
0,192,5,0xF559DB8B509345F2,0x9,1166,0.164665523156,1,0xF,0x6,0x6,1,1
0,192,6,0xF559DB8B509345F2,0x9,1126,0.170515097691,1,0x4,0xD,0xD,1,1
0,192,7,0xF559DB8B509345F2,0x9,1114,0.172351885099,1,0x2,0xB,0xB,1,1
0,256,0,0xF559DB8B509345F2,0x9,1602,0.159800249688,1,0xF,0x6,0x6,1,1
0,256,1,0xF559DB8B509345F2,0x9,1540,0.166233766234,1,0x3,0xA,0xA,1,1
0,256,2,0xF559DB8B509345F2,0x9,1503,0.170326014637,1,0x8,0x1,0x1,1,1
0,256,3,0xF559DB8B509345F2,0x9,1685,0.151928783383,1,0xE,0x7,0x7,1,1
0,256,4,0xF559DB8B509345F2,0x9,1455,0.175945017182,1,0x4,0xD,0xD,1,1
0,256,5,0xF559DB8B509345F2,0x9,1559,0.164207825529,1,0xF,0x6,0x6,1,1
0,256,6,0xF559DB8B509345F2,0x9,1505,0.170099667774,1,0x4,0xD,0xD,1,1
0,256,7,0xF559DB8B509345F2,0x9,1477,0.173324306026,1,0x2,0xB,0xB,1,1
1,16,0,0xAD18F677B9DCF542,0x2,82,0.195121951220,5,NA,0x0,0x8,0,0
1,16,1,0xAD18F677B9DCF542,0x2,58,0.275862068966,0,NA,0x0,0xC,0,0
1,16,2,0xAD18F677B9DCF542,0x2,129,0.124031007752,0,NA,0x0,0xE,0,0
1,16,3,0xAD18F677B9DCF542,0x2,89,0.179775280899,0,NA,0x0,0xA,0,0
1,16,4,0xAD18F677B9DCF542,0x2,57,0.280701754386,0,NA,0x0,0xB,0,0
1,16,5,0xAD18F677B9DCF542,0x2,98,0.163265306122,0,NA,0x0,0x2,0,0
1,16,6,0xAD18F677B9DCF542,0x2,115,0.139130434783,0,NA,0x0,0x6,0,0
1,16,7,0xAD18F677B9DCF542,0x2,75,0.213333333333,0,NA,0x0,0xB,0,0
1,24,0,0xAD18F677B9DCF542,0x2,148,0.162162162162,4,NA,0x0,0x8,0,0
1,24,1,0xAD18F677B9DCF542,0x2,124,0.193548387097,0,NA,0x0,0xC,0,0
1,24,2,0xAD18F677B9DCF542,0x2,200,0.120000000000,0,NA,0x0,0xE,0,0
1,24,3,0xAD18F677B9DCF542,0x2,126,0.190476190476,0,NA,0x0,0xA,0,0
1,24,4,0xAD18F677B9DCF542,0x2,79,0.303797468354,0,NA,0x0,0xB,0,0
1,24,5,0xAD18F677B9DCF542,0x2,160,0.150000000000,0,NA,0x0,0x2,0,0
1,24,6,0xAD18F677B9DCF542,0x2,170,0.141176470588,0,NA,0x0,0x6,0,0
1,24,7,0xAD18F677B9DCF542,0x2,137,0.175182481752,0,NA,0x0,0xB,0,0
1,32,0,0xAD18F677B9DCF542,0x2,178,0.179775280899,2,NA,0x0,0x8,0,0
1,32,1,0xAD18F677B9DCF542,0x2,182,0.175824175824,0,NA,0x0,0xC,0,0
1,32,2,0xAD18F677B9DCF542,0x2,240,0.133333333333,0,NA,0x0,0xE,0,0
1,32,3,0xAD18F677B9DCF542,0x2,181,0.176795580110,0,NA,0x0,0xA,0,0
1,32,4,0xAD18F677B9DCF542,0x2,147,0.217687074830,0,NA,0x0,0xB,0,0
1,32,5,0xAD18F677B9DCF542,0x2,209,0.153110047847,0,NA,0x0,0x2,0,0
1,32,6,0xAD18F677B9DCF542,0x2,244,0.131147540984,0,NA,0x0,0x6,0,0
1,32,7,0xAD18F677B9DCF542,0x2,179,0.178770949721,0,NA,0x0,0xB,0,0
1,40,0,0xAD18F677B9DCF542,0x2,209,0.191387559809,1,0xA,0x8,0x8,1,1
1,40,1,0xAD18F677B9DCF542,0x2,224,0.178571428571,3,NA,0x0,0xC,0,0
1,40,2,0xAD18F677B9DCF542,0x2,266,0.150375939850,0,NA,0x0,0xE,0,0
1,40,3,0xAD18F677B9DCF542,0x2,213,0.187793427230,0,NA,0x0,0xA,0,0
1,40,4,0xAD18F677B9DCF542,0x2,179,0.223463687151,0,NA,0x0,0xB,0,0
1,40,5,0xAD18F677B9DCF542,0x2,255,0.156862745098,0,NA,0x0,0x2,0,0
1,40,6,0xAD18F677B9DCF542,0x2,289,0.138408304498,0,NA,0x0,0x6,0,0
1,40,7,0xAD18F677B9DCF542,0x2,220,0.181818181818,0,NA,0x0,0xB,0,0
1,48,0,0xAD18F677B9DCF542,0x2,252,0.190476190476,1,0xA,0x8,0x8,1,1
1,48,1,0xAD18F677B9DCF542,0x2,294,0.163265306122,2,NA,0x0,0xC,0,0
1,48,2,0xAD18F677B9DCF542,0x2,306,0.156862745098,0,NA,0x0,0xE,0,0
1,48,3,0xAD18F677B9DCF542,0x2,326,0.147239263804,0,NA,0x0,0xA,0,0
1,48,4,0xAD18F677B9DCF542,0x2,227,0.211453744493,0,NA,0x0,0xB,0,0
1,48,5,0xAD18F677B9DCF542,0x2,318,0.150943396226,0,NA,0x0,0x2,0,0
1,48,6,0xAD18F677B9DCF542,0x2,364,0.131868131868,0,NA,0x0,0x6,0,0
1,48,7,0xAD18F677B9DCF542,0x2,252,0.190476190476,0,NA,0x0,0xB,0,0
1,56,0,0xAD18F677B9DCF542,0x2,335,0.167164179104,1,0xA,0x8,0x8,1,1
1,56,1,0xAD18F677B9DCF542,0x2,342,0.163742690058,1,0xE,0xC,0xC,1,1
1,56,2,0xAD18F677B9DCF542,0x2,359,0.155988857939,2,NA,0x0,0xE,0,0
1,56,3,0xAD18F677B9DCF542,0x2,353,0.158640226629,0,NA,0x0,0xA,0,0
1,56,4,0xAD18F677B9DCF542,0x2,314,0.178343949045,0,NA,0x0,0xB,0,0
1,56,5,0xAD18F677B9DCF542,0x2,395,0.141772151899,0,NA,0x0,0x2,0,0
1,56,6,0xAD18F677B9DCF542,0x2,401,0.139650872818,0,NA,0x0,0x6,0,0
1,56,7,0xAD18F677B9DCF542,0x2,284,0.197183098592,0,NA,0x0,0xB,0,0
1,64,0,0xAD18F677B9DCF542,0x2,372,0.172043010753,1,0xA,0x8,0x8,1,1
1,64,1,0xAD18F677B9DCF542,0x2,404,0.158415841584,1,0xE,0xC,0xC,1,1
1,64,2,0xAD18F677B9DCF542,0x2,410,0.156097560976,2,NA,0x0,0xE,0,0
1,64,3,0xAD18F677B9DCF542,0x2,394,0.162436548223,0,NA,0x0,0xA,0,0
1,64,4,0xAD18F677B9DCF542,0x2,345,0.185507246377,0,NA,0x0,0xB,0,0
1,64,5,0xAD18F677B9DCF542,0x2,449,0.142538975501,0,NA,0x0,0x2,0,0
1,64,6,0xAD18F677B9DCF542,0x2,437,0.146453089245,0,NA,0x0,0x6,0,0
1,64,7,0xAD18F677B9DCF542,0x2,353,0.181303116147,0,NA,0x0,0xB,0,0
1,72,0,0xAD18F677B9DCF542,0x2,406,0.177339901478,1,0xA,0x8,0x8,1,1
1,72,1,0xAD18F677B9DCF542,0x2,451,0.159645232816,1,0xE,0xC,0xC,1,1
1,72,2,0xAD18F677B9DCF542,0x2,483,0.149068322981,2,NA,0x0,0xE,0,0
1,72,3,0xAD18F677B9DCF542,0x2,425,0.169411764706,0,NA,0x0,0xA,0,0
1,72,4,0xAD18F677B9DCF542,0x2,368,0.195652173913,0,NA,0x0,0xB,0,0
1,72,5,0xAD18F677B9DCF542,0x2,495,0.145454545455,0,NA,0x0,0x2,0,0
1,72,6,0xAD18F677B9DCF542,0x2,479,0.150313152401,0,NA,0x0,0x6,0,0
1,72,7,0xAD18F677B9DCF542,0x2,452,0.159292035398,0,NA,0x0,0xB,0,0
1,80,0,0xAD18F677B9DCF542,0x2,478,0.167364016736,1,0xA,0x8,0x8,1,1
1,80,1,0xAD18F677B9DCF542,0x2,503,0.159045725646,1,0xE,0xC,0xC,1,1
1,80,2,0xAD18F677B9DCF542,0x2,544,0.147058823529,2,NA,0x0,0xE,0,0
1,80,3,0xAD18F677B9DCF542,0x2,472,0.169491525424,0,NA,0x0,0xA,0,0
1,80,4,0xAD18F677B9DCF542,0x2,428,0.186915887850,0,NA,0x0,0xB,0,0
1,80,5,0xAD18F677B9DCF542,0x2,543,0.147329650092,0,NA,0x0,0x2,0,0
1,80,6,0xAD18F677B9DCF542,0x2,511,0.156555772994,0,NA,0x0,0x6,0,0
1,80,7,0xAD18F677B9DCF542,0x2,488,0.163934426230,0,NA,0x0,0xB,0,0
1,96,0,0xAD18F677B9DCF542,0x2,567,0.169312169312,1,0xA,0x8,0x8,1,1
1,96,1,0xAD18F677B9DCF542,0x2,626,0.153354632588,1,0xE,0xC,0xC,1,1
1,96,2,0xAD18F677B9DCF542,0x2,612,0.156862745098,2,NA,0x0,0xE,0,0
1,96,3,0xAD18F677B9DCF542,0x2,590,0.162711864407,0,NA,0x0,0xA,0,0
1,96,4,0xAD18F677B9DCF542,0x2,505,0.190099009901,0,NA,0x0,0xB,0,0
1,96,5,0xAD18F677B9DCF542,0x2,655,0.146564885496,0,NA,0x0,0x2,0,0
1,96,6,0xAD18F677B9DCF542,0x2,602,0.159468438538,0,NA,0x0,0x6,0,0
1,96,7,0xAD18F677B9DCF542,0x2,556,0.172661870504,0,NA,0x0,0xB,0,0
1,112,0,0xAD18F677B9DCF542,0x2,684,0.163742690058,1,0xA,0x8,0x8,1,1
1,112,1,0xAD18F677B9DCF542,0x2,696,0.160919540230,1,0xE,0xC,0xC,1,1
1,112,2,0xAD18F677B9DCF542,0x2,719,0.155771905424,1,0xC,0xE,0xE,1,1
1,112,3,0xAD18F677B9DCF542,0x2,692,0.161849710983,1,0x8,0xA,0xA,1,1
1,112,4,0xAD18F677B9DCF542,0x2,598,0.187290969900,1,0x9,0xB,0xB,1,1
1,112,5,0xAD18F677B9DCF542,0x2,741,0.151147098516,1,0x0,0x2,0x2,1,1
1,112,6,0xAD18F677B9DCF542,0x2,720,0.155555555556,1,0x4,0x6,0x6,1,1
1,112,7,0xAD18F677B9DCF542,0x2,633,0.176935229068,1,0x9,0xB,0xB,1,1
1,128,0,0xAD18F677B9DCF542,0x2,763,0.167758846658,1,0xA,0x8,0x8,1,1
1,128,1,0xAD18F677B9DCF542,0x2,812,0.157635467980,1,0xE,0xC,0xC,1,1
1,128,2,0xAD18F677B9DCF542,0x2,851,0.150411280846,1,0xC,0xE,0xE,1,1
1,128,3,0xAD18F677B9DCF542,0x2,779,0.164313222080,1,0x8,0xA,0xA,1,1
1,128,4,0xAD18F677B9DCF542,0x2,674,0.189910979228,1,0x9,0xB,0xB,1,1
1,128,5,0xAD18F677B9DCF542,0x2,796,0.160804020101,1,0x0,0x2,0x2,1,1
1,128,6,0xAD18F677B9DCF542,0x2,822,0.155717761557,1,0x4,0x6,0x6,1,1
1,128,7,0xAD18F677B9DCF542,0x2,731,0.175102599179,1,0x9,0xB,0xB,1,1
1,160,0,0xAD18F677B9DCF542,0x2,970,0.164948453608,1,0xA,0x8,0x8,1,1
1,160,1,0xAD18F677B9DCF542,0x2,1029,0.155490767736,1,0xE,0xC,0xC,1,1
1,160,2,0xAD18F677B9DCF542,0x2,1037,0.154291224687,1,0xC,0xE,0xE,1,1
1,160,3,0xAD18F677B9DCF542,0x2,1023,0.156402737048,1,0x8,0xA,0xA,1,1
1,160,4,0xAD18F677B9DCF542,0x2,849,0.188457008245,1,0x9,0xB,0xB,1,1
1,160,5,0xAD18F677B9DCF542,0x2,1008,0.158730158730,1,0x0,0x2,0x2,1,1
1,160,6,0xAD18F677B9DCF542,0x2,1049,0.152526215443,1,0x4,0x6,0x6,1,1
1,160,7,0xAD18F677B9DCF542,0x2,894,0.178970917226,1,0x9,0xB,0xB,1,1
1,192,0,0xAD18F677B9DCF542,0x2,1132,0.169611307420,1,0xA,0x8,0x8,1,1
1,192,1,0xAD18F677B9DCF542,0x2,1169,0.164242942686,1,0xE,0xC,0xC,1,1
1,192,2,0xAD18F677B9DCF542,0x2,1220,0.157377049180,1,0xC,0xE,0xE,1,1
1,192,3,0xAD18F677B9DCF542,0x2,1225,0.156734693878,1,0x8,0xA,0xA,1,1
1,192,4,0xAD18F677B9DCF542,0x2,1036,0.185328185328,1,0x9,0xB,0xB,1,1
1,192,5,0xAD18F677B9DCF542,0x2,1241,0.154713940371,1,0x0,0x2,0x2,1,1
1,192,6,0xAD18F677B9DCF542,0x2,1271,0.151062155783,1,0x4,0x6,0x6,1,1
1,192,7,0xAD18F677B9DCF542,0x2,1070,0.179439252336,1,0x9,0xB,0xB,1,1
1,256,0,0xAD18F677B9DCF542,0x2,1531,0.167210973220,1,0xA,0x8,0x8,1,1
1,256,1,0xAD18F677B9DCF542,0x2,1526,0.167758846658,1,0xE,0xC,0xC,1,1
1,256,2,0xAD18F677B9DCF542,0x2,1599,0.160100062539,1,0xC,0xE,0xE,1,1
1,256,3,0xAD18F677B9DCF542,0x2,1569,0.163161249203,1,0x8,0xA,0xA,1,1
1,256,4,0xAD18F677B9DCF542,0x2,1522,0.168199737188,1,0x9,0xB,0xB,1,1
1,256,5,0xAD18F677B9DCF542,0x2,1681,0.152290303391,1,0x0,0x2,0x2,1,1
1,256,6,0xAD18F677B9DCF542,0x2,1739,0.147211040828,1,0x4,0x6,0x6,1,1
1,256,7,0xAD18F677B9DCF542,0x2,1389,0.184305255580,1,0x9,0xB,0xB,1,1
2,16,0,0x0459E4E2B3FA1662,0x7,69,0.231884057971,4,NA,0x0,0xA,0,0
2,16,1,0x0459E4E2B3FA1662,0x7,90,0.177777777778,0,NA,0x0,0xB,0,0
2,16,2,0x0459E4E2B3FA1662,0x7,75,0.213333333333,0,NA,0x0,0x2,0,0
2,16,3,0x0459E4E2B3FA1662,0x7,76,0.210526315789,0,NA,0x0,0xF,0,0
2,16,4,0x0459E4E2B3FA1662,0x7,114,0.140350877193,0,NA,0x0,0x1,0,0
2,16,5,0x0459E4E2B3FA1662,0x7,131,0.122137404580,0,NA,0x0,0xB,0,0
2,16,6,0x0459E4E2B3FA1662,0x7,92,0.173913043478,0,NA,0x0,0x7,0,0
2,16,7,0x0459E4E2B3FA1662,0x7,106,0.150943396226,0,NA,0x0,0x9,0,0
2,24,0,0x0459E4E2B3FA1662,0x7,152,0.157894736842,3,NA,0x0,0xA,0,0
2,24,1,0x0459E4E2B3FA1662,0x7,151,0.158940397351,0,NA,0x0,0xB,0,0
2,24,2,0x0459E4E2B3FA1662,0x7,141,0.170212765957,0,NA,0x0,0x2,0,0
2,24,3,0x0459E4E2B3FA1662,0x7,144,0.166666666667,0,NA,0x0,0xF,0,0
2,24,4,0x0459E4E2B3FA1662,0x7,147,0.163265306122,0,NA,0x0,0x1,0,0
2,24,5,0x0459E4E2B3FA1662,0x7,174,0.137931034483,0,NA,0x0,0xB,0,0
2,24,6,0x0459E4E2B3FA1662,0x7,160,0.150000000000,0,NA,0x0,0x7,0,0
2,24,7,0x0459E4E2B3FA1662,0x7,142,0.169014084507,0,NA,0x0,0x9,0,0
2,32,0,0x0459E4E2B3FA1662,0x7,191,0.167539267016,3,NA,0x0,0xA,0,0
2,32,1,0x0459E4E2B3FA1662,0x7,185,0.172972972973,0,NA,0x0,0xB,0,0
2,32,2,0x0459E4E2B3FA1662,0x7,182,0.175824175824,0,NA,0x0,0x2,0,0
2,32,3,0x0459E4E2B3FA1662,0x7,175,0.182857142857,0,NA,0x0,0xF,0,0
2,32,4,0x0459E4E2B3FA1662,0x7,202,0.158415841584,0,NA,0x0,0x1,0,0
2,32,5,0x0459E4E2B3FA1662,0x7,228,0.140350877193,0,NA,0x0,0xB,0,0
2,32,6,0x0459E4E2B3FA1662,0x7,186,0.172043010753,0,NA,0x0,0x7,0,0
2,32,7,0x0459E4E2B3FA1662,0x7,204,0.156862745098,0,NA,0x0,0x9,0,0
2,40,0,0x0459E4E2B3FA1662,0x7,252,0.158730158730,3,NA,0x0,0xA,0,0
2,40,1,0x0459E4E2B3FA1662,0x7,227,0.176211453744,0,NA,0x0,0xB,0,0
2,40,2,0x0459E4E2B3FA1662,0x7,222,0.180180180180,0,NA,0x0,0x2,0,0
2,40,3,0x0459E4E2B3FA1662,0x7,224,0.178571428571,0,NA,0x0,0xF,0,0
2,40,4,0x0459E4E2B3FA1662,0x7,248,0.161290322581,0,NA,0x0,0x1,0,0
2,40,5,0x0459E4E2B3FA1662,0x7,279,0.143369175627,0,NA,0x0,0xB,0,0
2,40,6,0x0459E4E2B3FA1662,0x7,249,0.160642570281,0,NA,0x0,0x7,0,0
2,40,7,0x0459E4E2B3FA1662,0x7,247,0.161943319838,0,NA,0x0,0x9,0,0
2,48,0,0x0459E4E2B3FA1662,0x7,295,0.162711864407,2,NA,0x0,0xA,0,0
2,48,1,0x0459E4E2B3FA1662,0x7,279,0.172043010753,0,NA,0x0,0xB,0,0
2,48,2,0x0459E4E2B3FA1662,0x7,253,0.189723320158,0,NA,0x0,0x2,0,0
2,48,3,0x0459E4E2B3FA1662,0x7,248,0.193548387097,0,NA,0x0,0xF,0,0
2,48,4,0x0459E4E2B3FA1662,0x7,295,0.162711864407,0,NA,0x0,0x1,0,0
2,48,5,0x0459E4E2B3FA1662,0x7,325,0.147692307692,0,NA,0x0,0xB,0,0
2,48,6,0x0459E4E2B3FA1662,0x7,292,0.164383561644,0,NA,0x0,0x7,0,0
2,48,7,0x0459E4E2B3FA1662,0x7,300,0.160000000000,0,NA,0x0,0x9,0,0
2,56,0,0x0459E4E2B3FA1662,0x7,375,0.149333333333,2,NA,0x0,0xA,0,0
2,56,1,0x0459E4E2B3FA1662,0x7,331,0.169184290030,0,NA,0x0,0xB,0,0
2,56,2,0x0459E4E2B3FA1662,0x7,307,0.182410423453,0,NA,0x0,0x2,0,0
2,56,3,0x0459E4E2B3FA1662,0x7,285,0.196491228070,0,NA,0x0,0xF,0,0
2,56,4,0x0459E4E2B3FA1662,0x7,344,0.162790697674,0,NA,0x0,0x1,0,0
2,56,5,0x0459E4E2B3FA1662,0x7,372,0.150537634409,0,NA,0x0,0xB,0,0
2,56,6,0x0459E4E2B3FA1662,0x7,334,0.167664670659,0,NA,0x0,0x7,0,0
2,56,7,0x0459E4E2B3FA1662,0x7,384,0.145833333333,0,NA,0x0,0x9,0,0
2,64,0,0x0459E4E2B3FA1662,0x7,431,0.148491879350,1,0xD,0xA,0xA,1,1
2,64,1,0x0459E4E2B3FA1662,0x7,367,0.174386920981,2,NA,0x0,0xB,0,0
2,64,2,0x0459E4E2B3FA1662,0x7,352,0.181818181818,0,NA,0x0,0x2,0,0
2,64,3,0x0459E4E2B3FA1662,0x7,336,0.190476190476,0,NA,0x0,0xF,0,0
2,64,4,0x0459E4E2B3FA1662,0x7,394,0.162436548223,0,NA,0x0,0x1,0,0
2,64,5,0x0459E4E2B3FA1662,0x7,423,0.151300236407,0,NA,0x0,0xB,0,0
2,64,6,0x0459E4E2B3FA1662,0x7,377,0.169761273210,0,NA,0x0,0x7,0,0
2,64,7,0x0459E4E2B3FA1662,0x7,405,0.158024691358,0,NA,0x0,0x9,0,0
2,72,0,0x0459E4E2B3FA1662,0x7,467,0.154175588865,1,0xD,0xA,0xA,1,1
2,72,1,0x0459E4E2B3FA1662,0x7,413,0.174334140436,2,NA,0x0,0xB,0,0
2,72,2,0x0459E4E2B3FA1662,0x7,405,0.177777777778,0,NA,0x0,0x2,0,0
2,72,3,0x0459E4E2B3FA1662,0x7,372,0.193548387097,0,NA,0x0,0xF,0,0
2,72,4,0x0459E4E2B3FA1662,0x7,441,0.163265306122,0,NA,0x0,0x1,0,0
2,72,5,0x0459E4E2B3FA1662,0x7,495,0.145454545455,0,NA,0x0,0xB,0,0
2,72,6,0x0459E4E2B3FA1662,0x7,414,0.173913043478,0,NA,0x0,0x7,0,0
2,72,7,0x0459E4E2B3FA1662,0x7,453,0.158940397351,0,NA,0x0,0x9,0,0
2,80,0,0x0459E4E2B3FA1662,0x7,507,0.157790927022,1,0xD,0xA,0xA,1,1
2,80,1,0x0459E4E2B3FA1662,0x7,475,0.168421052632,1,0xC,0xB,0xB,1,1
2,80,2,0x0459E4E2B3FA1662,0x7,454,0.176211453744,1,0x5,0x2,0x2,1,1
2,80,3,0x0459E4E2B3FA1662,0x7,420,0.190476190476,2,NA,0x0,0xF,0,0
2,80,4,0x0459E4E2B3FA1662,0x7,523,0.152963671128,0,NA,0x0,0x1,0,0
2,80,5,0x0459E4E2B3FA1662,0x7,540,0.148148148148,0,NA,0x0,0xB,0,0
2,80,6,0x0459E4E2B3FA1662,0x7,473,0.169133192389,0,NA,0x0,0x7,0,0
2,80,7,0x0459E4E2B3FA1662,0x7,492,0.162601626016,0,NA,0x0,0x9,0,0
2,96,0,0x0459E4E2B3FA1662,0x7,609,0.157635467980,1,0xD,0xA,0xA,1,1
2,96,1,0x0459E4E2B3FA1662,0x7,591,0.162436548223,1,0xC,0xB,0xB,1,1
2,96,2,0x0459E4E2B3FA1662,0x7,522,0.183908045977,1,0x5,0x2,0x2,1,1
2,96,3,0x0459E4E2B3FA1662,0x7,495,0.193939393939,2,NA,0x0,0xF,0,0
2,96,4,0x0459E4E2B3FA1662,0x7,636,0.150943396226,0,NA,0x0,0x1,0,0
2,96,5,0x0459E4E2B3FA1662,0x7,613,0.156606851550,0,NA,0x0,0xB,0,0
2,96,6,0x0459E4E2B3FA1662,0x7,569,0.168717047452,0,NA,0x0,0x7,0,0
2,96,7,0x0459E4E2B3FA1662,0x7,624,0.153846153846,0,NA,0x0,0x9,0,0
2,112,0,0x0459E4E2B3FA1662,0x7,729,0.153635116598,1,0xD,0xA,0xA,1,1
2,112,1,0x0459E4E2B3FA1662,0x7,686,0.163265306122,1,0xC,0xB,0xB,1,1
2,112,2,0x0459E4E2B3FA1662,0x7,622,0.180064308682,1,0x5,0x2,0x2,1,1
2,112,3,0x0459E4E2B3FA1662,0x7,593,0.188870151771,1,0x8,0xF,0xF,1,1
2,112,4,0x0459E4E2B3FA1662,0x7,709,0.157968970381,1,0x6,0x1,0x1,1,1
2,112,5,0x0459E4E2B3FA1662,0x7,699,0.160228898426,1,0xC,0xB,0xB,1,1
2,112,6,0x0459E4E2B3FA1662,0x7,692,0.161849710983,1,0x0,0x7,0x7,1,1
2,112,7,0x0459E4E2B3FA1662,0x7,727,0.154057771664,1,0xE,0x9,0x9,1,1
2,128,0,0x0459E4E2B3FA1662,0x7,796,0.160804020101,1,0xD,0xA,0xA,1,1
2,128,1,0x0459E4E2B3FA1662,0x7,806,0.158808933002,1,0xC,0xB,0xB,1,1
2,128,2,0x0459E4E2B3FA1662,0x7,708,0.180790960452,1,0x5,0x2,0x2,1,1
2,128,3,0x0459E4E2B3FA1662,0x7,682,0.187683284457,1,0x8,0xF,0xF,1,1
2,128,4,0x0459E4E2B3FA1662,0x7,873,0.146620847652,1,0x6,0x1,0x1,1,1
2,128,5,0x0459E4E2B3FA1662,0x7,770,0.166233766234,1,0xC,0xB,0xB,1,1
2,128,6,0x0459E4E2B3FA1662,0x7,786,0.162849872774,1,0x0,0x7,0x7,1,1
2,128,7,0x0459E4E2B3FA1662,0x7,851,0.150411280846,1,0xE,0x9,0x9,1,1
2,160,0,0x0459E4E2B3FA1662,0x7,929,0.172228202368,1,0xD,0xA,0xA,1,1
2,160,1,0x0459E4E2B3FA1662,0x7,989,0.161779575329,1,0xC,0xB,0xB,1,1
2,160,2,0x0459E4E2B3FA1662,0x7,903,0.177187153931,1,0x5,0x2,0x2,1,1
2,160,3,0x0459E4E2B3FA1662,0x7,866,0.184757505774,1,0x8,0xF,0xF,1,1
2,160,4,0x0459E4E2B3FA1662,0x7,1032,0.155038759690,1,0x6,0x1,0x1,1,1
2,160,5,0x0459E4E2B3FA1662,0x7,937,0.170757737460,1,0xC,0xB,0xB,1,1
2,160,6,0x0459E4E2B3FA1662,0x7,1003,0.159521435693,1,0x0,0x7,0x7,1,1
2,160,7,0x0459E4E2B3FA1662,0x7,1055,0.151658767773,1,0xE,0x9,0x9,1,1
2,192,0,0x0459E4E2B3FA1662,0x7,1106,0.173598553345,1,0xD,0xA,0xA,1,1
2,192,1,0x0459E4E2B3FA1662,0x7,1166,0.164665523156,1,0xC,0xB,0xB,1,1
2,192,2,0x0459E4E2B3FA1662,0x7,1106,0.173598553345,1,0x5,0x2,0x2,1,1
2,192,3,0x0459E4E2B3FA1662,0x7,1047,0.183381088825,1,0x8,0xF,0xF,1,1
2,192,4,0x0459E4E2B3FA1662,0x7,1212,0.158415841584,1,0x6,0x1,0x1,1,1
2,192,5,0x0459E4E2B3FA1662,0x7,1055,0.181990521327,1,0xC,0xB,0xB,1,1
2,192,6,0x0459E4E2B3FA1662,0x7,1226,0.156606851550,1,0x0,0x7,0x7,1,1
2,192,7,0x0459E4E2B3FA1662,0x7,1195,0.160669456067,1,0xE,0x9,0x9,1,1
2,256,0,0x0459E4E2B3FA1662,0x7,1465,0.174744027304,1,0xD,0xA,0xA,1,1
2,256,1,0x0459E4E2B3FA1662,0x7,1549,0.165267914784,1,0xC,0xB,0xB,1,1
2,256,2,0x0459E4E2B3FA1662,0x7,1514,0.169088507266,1,0x5,0x2,0x2,1,1
2,256,3,0x0459E4E2B3FA1662,0x7,1392,0.183908045977,1,0x8,0xF,0xF,1,1
2,256,4,0x0459E4E2B3FA1662,0x7,1667,0.153569286143,1,0x6,0x1,0x1,1,1
2,256,5,0x0459E4E2B3FA1662,0x7,1530,0.167320261438,1,0xC,0xB,0xB,1,1
2,256,6,0x0459E4E2B3FA1662,0x7,1613,0.158710477371,1,0x0,0x7,0x7,1,1
2,256,7,0x0459E4E2B3FA1662,0x7,1600,0.160000000000,1,0xE,0x9,0x9,1,1
3,16,0,0x158C51C5EFBBC18F,0x2,58,0.275862068966,4,NA,0x0,0x8,0,0
3,16,1,0x158C51C5EFBBC18F,0x2,87,0.183908045977,0,NA,0x0,0x3,0,0
3,16,2,0x158C51C5EFBBC18F,0x2,103,0.155339805825,0,NA,0x0,0x8,0,0
3,16,3,0x158C51C5EFBBC18F,0x2,90,0.177777777778,0,NA,0x0,0x7,0,0
3,16,4,0x158C51C5EFBBC18F,0x2,100,0.160000000000,0,NA,0x0,0x9,0,0
3,16,5,0x158C51C5EFBBC18F,0x2,86,0.186046511628,0,NA,0x0,0xB,0,0
3,16,6,0x158C51C5EFBBC18F,0x2,112,0.142857142857,0,NA,0x0,0x7,0,0
3,16,7,0x158C51C5EFBBC18F,0x2,76,0.210526315789,0,NA,0x0,0x1,0,0
3,24,0,0x158C51C5EFBBC18F,0x2,102,0.235294117647,3,NA,0x0,0x8,0,0
3,24,1,0x158C51C5EFBBC18F,0x2,107,0.224299065421,0,NA,0x0,0x3,0,0
3,24,2,0x158C51C5EFBBC18F,0x2,150,0.160000000000,0,NA,0x0,0x8,0,0
3,24,3,0x158C51C5EFBBC18F,0x2,142,0.169014084507,0,NA,0x0,0x7,0,0
3,24,4,0x158C51C5EFBBC18F,0x2,136,0.176470588235,0,NA,0x0,0x9,0,0
3,24,5,0x158C51C5EFBBC18F,0x2,125,0.192000000000,0,NA,0x0,0xB,0,0
3,24,6,0x158C51C5EFBBC18F,0x2,153,0.156862745098,0,NA,0x0,0x7,0,0
3,24,7,0x158C51C5EFBBC18F,0x2,126,0.190476190476,0,NA,0x0,0x1,0,0
3,32,0,0x158C51C5EFBBC18F,0x2,118,0.271186440678,2,NA,0x0,0x8,0,0
3,32,1,0x158C51C5EFBBC18F,0x2,141,0.226950354610,0,NA,0x0,0x3,0,0
3,32,2,0x158C51C5EFBBC18F,0x2,180,0.177777777778,0,NA,0x0,0x8,0,0
3,32,3,0x158C51C5EFBBC18F,0x2,179,0.178770949721,0,NA,0x0,0x7,0,0
3,32,4,0x158C51C5EFBBC18F,0x2,192,0.166666666667,0,NA,0x0,0x9,0,0
3,32,5,0x158C51C5EFBBC18F,0x2,182,0.175824175824,0,NA,0x0,0xB,0,0
3,32,6,0x158C51C5EFBBC18F,0x2,205,0.156097560976,0,NA,0x0,0x7,0,0
3,32,7,0x158C51C5EFBBC18F,0x2,219,0.146118721461,0,NA,0x0,0x1,0,0
3,40,0,0x158C51C5EFBBC18F,0x2,148,0.270270270270,2,NA,0x0,0x8,0,0
3,40,1,0x158C51C5EFBBC18F,0x2,190,0.210526315789,0,NA,0x0,0x3,0,0
3,40,2,0x158C51C5EFBBC18F,0x2,247,0.161943319838,0,NA,0x0,0x8,0,0
3,40,3,0x158C51C5EFBBC18F,0x2,236,0.169491525424,0,NA,0x0,0x7,0,0
3,40,4,0x158C51C5EFBBC18F,0x2,229,0.174672489083,0,NA,0x0,0x9,0,0
3,40,5,0x158C51C5EFBBC18F,0x2,221,0.180995475113,0,NA,0x0,0xB,0,0
3,40,6,0x158C51C5EFBBC18F,0x2,251,0.159362549801,0,NA,0x0,0x7,0,0
3,40,7,0x158C51C5EFBBC18F,0x2,272,0.147058823529,0,NA,0x0,0x1,0,0
3,48,0,0x158C51C5EFBBC18F,0x2,199,0.241206030151,2,NA,0x0,0x8,0,0
3,48,1,0x158C51C5EFBBC18F,0x2,232,0.206896551724,0,NA,0x0,0x3,0,0
3,48,2,0x158C51C5EFBBC18F,0x2,297,0.161616161616,0,NA,0x0,0x8,0,0
3,48,3,0x158C51C5EFBBC18F,0x2,296,0.162162162162,0,NA,0x0,0x7,0,0
3,48,4,0x158C51C5EFBBC18F,0x2,260,0.184615384615,0,NA,0x0,0x9,0,0
3,48,5,0x158C51C5EFBBC18F,0x2,270,0.177777777778,0,NA,0x0,0xB,0,0
3,48,6,0x158C51C5EFBBC18F,0x2,296,0.162162162162,0,NA,0x0,0x7,0,0
3,48,7,0x158C51C5EFBBC18F,0x2,305,0.157377049180,0,NA,0x0,0x1,0,0
3,56,0,0x158C51C5EFBBC18F,0x2,252,0.222222222222,1,0xA,0x8,0x8,1,1
3,56,1,0x158C51C5EFBBC18F,0x2,292,0.191780821918,1,0x1,0x3,0x3,1,1
3,56,2,0x158C51C5EFBBC18F,0x2,330,0.169696969697,1,0xA,0x8,0x8,1,1
3,56,3,0x158C51C5EFBBC18F,0x2,341,0.164222873900,1,0x5,0x7,0x7,1,1
3,56,4,0x158C51C5EFBBC18F,0x2,306,0.183006535948,1,0xB,0x9,0x9,1,1
3,56,5,0x158C51C5EFBBC18F,0x2,296,0.189189189189,1,0x9,0xB,0xB,1,1
3,56,6,0x158C51C5EFBBC18F,0x2,341,0.164222873900,1,0x5,0x7,0x7,1,1
3,56,7,0x158C51C5EFBBC18F,0x2,344,0.162790697674,1,0x3,0x1,0x1,1,1
3,64,0,0x158C51C5EFBBC18F,0x2,330,0.193939393939,1,0xA,0x8,0x8,1,1
3,64,1,0x158C51C5EFBBC18F,0x2,326,0.196319018405,1,0x1,0x3,0x3,1,1
3,64,2,0x158C51C5EFBBC18F,0x2,379,0.168865435356,1,0xA,0x8,0x8,1,1
3,64,3,0x158C51C5EFBBC18F,0x2,405,0.158024691358,1,0x5,0x7,0x7,1,1
3,64,4,0x158C51C5EFBBC18F,0x2,345,0.185507246377,1,0xB,0x9,0x9,1,1
3,64,5,0x158C51C5EFBBC18F,0x2,346,0.184971098266,1,0x9,0xB,0xB,1,1
3,64,6,0x158C51C5EFBBC18F,0x2,398,0.160804020101,1,0x5,0x7,0x7,1,1
3,64,7,0x158C51C5EFBBC18F,0x2,406,0.157635467980,1,0x3,0x1,0x1,1,1
3,72,0,0x158C51C5EFBBC18F,0x2,365,0.197260273973,1,0xA,0x8,0x8,1,1
3,72,1,0x158C51C5EFBBC18F,0x2,357,0.201680672269,1,0x1,0x3,0x3,1,1
3,72,2,0x158C51C5EFBBC18F,0x2,424,0.169811320755,1,0xA,0x8,0x8,1,1
3,72,3,0x158C51C5EFBBC18F,0x2,457,0.157549234136,1,0x5,0x7,0x7,1,1
3,72,4,0x158C51C5EFBBC18F,0x2,378,0.190476190476,1,0xB,0x9,0x9,1,1
3,72,5,0x158C51C5EFBBC18F,0x2,399,0.180451127820,1,0x9,0xB,0xB,1,1
3,72,6,0x158C51C5EFBBC18F,0x2,464,0.155172413793,1,0x5,0x7,0x7,1,1
3,72,7,0x158C51C5EFBBC18F,0x2,433,0.166281755196,1,0x3,0x1,0x1,1,1
3,80,0,0x158C51C5EFBBC18F,0x2,397,0.201511335013,1,0xA,0x8,0x8,1,1
3,80,1,0x158C51C5EFBBC18F,0x2,412,0.194174757282,1,0x1,0x3,0x3,1,1
3,80,2,0x158C51C5EFBBC18F,0x2,475,0.168421052632,1,0xA,0x8,0x8,1,1
3,80,3,0x158C51C5EFBBC18F,0x2,496,0.161290322581,1,0x5,0x7,0x7,1,1
3,80,4,0x158C51C5EFBBC18F,0x2,429,0.186480186480,1,0xB,0x9,0x9,1,1
3,80,5,0x158C51C5EFBBC18F,0x2,442,0.180995475113,1,0x9,0xB,0xB,1,1
3,80,6,0x158C51C5EFBBC18F,0x2,502,0.159362549801,1,0x5,0x7,0x7,1,1
3,80,7,0x158C51C5EFBBC18F,0x2,463,0.172786177106,1,0x3,0x1,0x1,1,1
3,96,0,0x158C51C5EFBBC18F,0x2,485,0.197938144330,1,0xA,0x8,0x8,1,1
3,96,1,0x158C51C5EFBBC18F,0x2,539,0.178107606679,1,0x1,0x3,0x3,1,1
3,96,2,0x158C51C5EFBBC18F,0x2,574,0.167247386760,1,0xA,0x8,0x8,1,1
3,96,3,0x158C51C5EFBBC18F,0x2,622,0.154340836013,1,0x5,0x7,0x7,1,1
3,96,4,0x158C51C5EFBBC18F,0x2,529,0.181474480151,1,0xB,0x9,0x9,1,1
3,96,5,0x158C51C5EFBBC18F,0x2,513,0.187134502924,1,0x9,0xB,0xB,1,1
3,96,6,0x158C51C5EFBBC18F,0x2,619,0.155088852989,1,0x5,0x7,0x7,1,1
3,96,7,0x158C51C5EFBBC18F,0x2,567,0.169312169312,1,0x3,0x1,0x1,1,1
3,112,0,0x158C51C5EFBBC18F,0x2,573,0.195462478185,1,0xA,0x8,0x8,1,1
3,112,1,0x158C51C5EFBBC18F,0x2,648,0.172839506173,1,0x1,0x3,0x3,1,1
3,112,2,0x158C51C5EFBBC18F,0x2,679,0.164948453608,1,0xA,0x8,0x8,1,1
3,112,3,0x158C51C5EFBBC18F,0x2,679,0.164948453608,1,0x5,0x7,0x7,1,1
3,112,4,0x158C51C5EFBBC18F,0x2,636,0.176100628931,1,0xB,0x9,0x9,1,1
3,112,5,0x158C51C5EFBBC18F,0x2,608,0.184210526316,1,0x9,0xB,0xB,1,1
3,112,6,0x158C51C5EFBBC18F,0x2,718,0.155988857939,1,0x5,0x7,0x7,1,1
3,112,7,0x158C51C5EFBBC18F,0x2,657,0.170471841705,1,0x3,0x1,0x1,1,1
3,128,0,0x158C51C5EFBBC18F,0x2,681,0.187958883994,1,0xA,0x8,0x8,1,1
3,128,1,0x158C51C5EFBBC18F,0x2,740,0.172972972973,1,0x1,0x3,0x3,1,1
3,128,2,0x158C51C5EFBBC18F,0x2,755,0.169536423841,1,0xA,0x8,0x8,1,1
3,128,3,0x158C51C5EFBBC18F,0x2,766,0.167101827676,1,0x5,0x7,0x7,1,1
3,128,4,0x158C51C5EFBBC18F,0x2,718,0.178272980501,1,0xB,0x9,0x9,1,1
3,128,5,0x158C51C5EFBBC18F,0x2,687,0.186317321689,1,0x9,0xB,0xB,1,1
3,128,6,0x158C51C5EFBBC18F,0x2,825,0.155151515152,1,0x5,0x7,0x7,1,1
3,128,7,0x158C51C5EFBBC18F,0x2,734,0.174386920981,1,0x3,0x1,0x1,1,1
3,160,0,0x158C51C5EFBBC18F,0x2,897,0.178372352285,1,0xA,0x8,0x8,1,1
3,160,1,0x158C51C5EFBBC18F,0x2,971,0.164778578785,1,0x1,0x3,0x3,1,1
3,160,2,0x158C51C5EFBBC18F,0x2,971,0.164778578785,1,0xA,0x8,0x8,1,1
3,160,3,0x158C51C5EFBBC18F,0x2,942,0.169851380042,1,0x5,0x7,0x7,1,1
3,160,4,0x158C51C5EFBBC18F,0x2,941,0.170031880978,1,0xB,0x9,0x9,1,1
3,160,5,0x158C51C5EFBBC18F,0x2,884,0.180995475113,1,0x9,0xB,0xB,1,1
3,160,6,0x158C51C5EFBBC18F,0x2,989,0.161779575329,1,0x5,0x7,0x7,1,1
3,160,7,0x158C51C5EFBBC18F,0x2,869,0.184119677791,1,0x3,0x1,0x1,1,1
3,192,0,0x158C51C5EFBBC18F,0x2,1158,0.165803108808,1,0xA,0x8,0x8,1,1
3,192,1,0x158C51C5EFBBC18F,0x2,1163,0.165090283749,1,0x1,0x3,0x3,1,1
3,192,2,0x158C51C5EFBBC18F,0x2,1185,0.162025316456,1,0xA,0x8,0x8,1,1
3,192,3,0x158C51C5EFBBC18F,0x2,1150,0.166956521739,1,0x5,0x7,0x7,1,1
3,192,4,0x158C51C5EFBBC18F,0x2,1125,0.170666666667,1,0xB,0x9,0x9,1,1
3,192,5,0x158C51C5EFBBC18F,0x2,1090,0.176146788991,1,0x9,0xB,0xB,1,1
3,192,6,0x158C51C5EFBBC18F,0x2,1198,0.160267111853,1,0x5,0x7,0x7,1,1
3,192,7,0x158C51C5EFBBC18F,0x2,1084,0.177121771218,1,0x3,0x1,0x1,1,1
3,256,0,0x158C51C5EFBBC18F,0x2,1492,0.171581769437,1,0xA,0x8,0x8,1,1
3,256,1,0x158C51C5EFBBC18F,0x2,1538,0.166449934980,1,0x1,0x3,0x3,1,1
3,256,2,0x158C51C5EFBBC18F,0x2,1475,0.173559322034,1,0xA,0x8,0x8,1,1
3,256,3,0x158C51C5EFBBC18F,0x2,1502,0.170439414115,1,0x5,0x7,0x7,1,1
3,256,4,0x158C51C5EFBBC18F,0x2,1565,0.163578274760,1,0xB,0x9,0x9,1,1
3,256,5,0x158C51C5EFBBC18F,0x2,1518,0.168642951252,1,0x9,0xB,0xB,1,1
3,256,6,0x158C51C5EFBBC18F,0x2,1549,0.165267914784,1,0x5,0x7,0x7,1,1
3,256,7,0x158C51C5EFBBC18F,0x2,1405,0.182206405694,1,0x3,0x1,0x1,1,1
4,16,0,0xB6F54429D299354C,0x4,101,0.158415841584,6,NA,0x0,0xB,0,0
4,16,1,0xB6F54429D299354C,0x4,92,0.173913043478,0,NA,0x0,0xC,0,0
4,16,2,0xB6F54429D299354C,0x4,91,0.175824175824,0,NA,0x0,0x8,0,0
4,16,3,0xB6F54429D299354C,0x4,92,0.173913043478,0,NA,0x0,0x8,0,0
4,16,4,0xB6F54429D299354C,0x4,75,0.213333333333,0,NA,0x0,0x3,0,0
4,16,5,0xB6F54429D299354C,0x4,108,0.148148148148,0,NA,0x0,0xC,0,0
4,16,6,0xB6F54429D299354C,0x4,96,0.166666666667,0,NA,0x0,0x7,0,0
4,16,7,0xB6F54429D299354C,0x4,105,0.152380952381,0,NA,0x0,0x7,0,0
4,24,0,0xB6F54429D299354C,0x4,142,0.169014084507,4,NA,0x0,0xB,0,0
4,24,1,0xB6F54429D299354C,0x4,145,0.165517241379,0,NA,0x0,0xC,0,0
4,24,2,0xB6F54429D299354C,0x4,152,0.157894736842,0,NA,0x0,0x8,0,0
4,24,3,0xB6F54429D299354C,0x4,159,0.150943396226,0,NA,0x0,0x8,0,0
4,24,4,0xB6F54429D299354C,0x4,123,0.195121951220,0,NA,0x0,0x3,0,0
4,24,5,0xB6F54429D299354C,0x4,148,0.162162162162,0,NA,0x0,0xC,0,0
4,24,6,0xB6F54429D299354C,0x4,161,0.149068322981,0,NA,0x0,0x7,0,0
4,24,7,0xB6F54429D299354C,0x4,161,0.149068322981,0,NA,0x0,0x7,0,0
4,32,0,0xB6F54429D299354C,0x4,213,0.150234741784,3,NA,0x0,0xB,0,0
4,32,1,0xB6F54429D299354C,0x4,168,0.190476190476,0,NA,0x0,0xC,0,0
4,32,2,0xB6F54429D299354C,0x4,181,0.176795580110,0,NA,0x0,0x8,0,0
4,32,3,0xB6F54429D299354C,0x4,202,0.158415841584,0,NA,0x0,0x8,0,0
4,32,4,0xB6F54429D299354C,0x4,156,0.205128205128,0,NA,0x0,0x3,0,0
4,32,5,0xB6F54429D299354C,0x4,199,0.160804020101,0,NA,0x0,0xC,0,0
4,32,6,0xB6F54429D299354C,0x4,207,0.154589371981,0,NA,0x0,0x7,0,0
4,32,7,0xB6F54429D299354C,0x4,210,0.152380952381,0,NA,0x0,0x7,0,0
4,40,0,0xB6F54429D299354C,0x4,252,0.158730158730,2,NA,0x0,0xB,0,0
4,40,1,0xB6F54429D299354C,0x4,225,0.177777777778,0,NA,0x0,0xC,0,0
4,40,2,0xB6F54429D299354C,0x4,224,0.178571428571,0,NA,0x0,0x8,0,0
4,40,3,0xB6F54429D299354C,0x4,236,0.169491525424,0,NA,0x0,0x8,0,0
4,40,4,0xB6F54429D299354C,0x4,211,0.189573459716,0,NA,0x0,0x3,0,0
4,40,5,0xB6F54429D299354C,0x4,246,0.162601626016,0,NA,0x0,0xC,0,0
4,40,6,0xB6F54429D299354C,0x4,248,0.161290322581,0,NA,0x0,0x7,0,0
4,40,7,0xB6F54429D299354C,0x4,285,0.140350877193,0,NA,0x0,0x7,0,0
4,48,0,0xB6F54429D299354C,0x4,287,0.167247386760,2,NA,0x0,0xB,0,0
4,48,1,0xB6F54429D299354C,0x4,266,0.180451127820,0,NA,0x0,0xC,0,0
4,48,2,0xB6F54429D299354C,0x4,274,0.175182481752,0,NA,0x0,0x8,0,0
4,48,3,0xB6F54429D299354C,0x4,310,0.154838709677,0,NA,0x0,0x8,0,0
4,48,4,0xB6F54429D299354C,0x4,260,0.184615384615,0,NA,0x0,0x3,0,0
4,48,5,0xB6F54429D299354C,0x4,281,0.170818505338,0,NA,0x0,0xC,0,0
4,48,6,0xB6F54429D299354C,0x4,290,0.165517241379,0,NA,0x0,0x7,0,0
4,48,7,0xB6F54429D299354C,0x4,325,0.147692307692,0,NA,0x0,0x7,0,0
4,56,0,0xB6F54429D299354C,0x4,354,0.158192090395,1,0xF,0xB,0xB,1,1
4,56,1,0xB6F54429D299354C,0x4,349,0.160458452722,1,0x8,0xC,0xC,1,1
4,56,2,0xB6F54429D299354C,0x4,336,0.166666666667,1,0xC,0x8,0x8,1,1
4,56,3,0xB6F54429D299354C,0x4,369,0.151761517615,1,0xC,0x8,0x8,1,1
4,56,4,0xB6F54429D299354C,0x4,310,0.180645161290,2,NA,0x0,0x3,0,0
4,56,5,0xB6F54429D299354C,0x4,329,0.170212765957,0,NA,0x0,0xC,0,0
4,56,6,0xB6F54429D299354C,0x4,327,0.171253822630,0,NA,0x0,0x7,0,0
4,56,7,0xB6F54429D299354C,0x4,375,0.149333333333,0,NA,0x0,0x7,0,0
4,64,0,0xB6F54429D299354C,0x4,397,0.161209068010,1,0xF,0xB,0xB,1,1
4,64,1,0xB6F54429D299354C,0x4,382,0.167539267016,1,0x8,0xC,0xC,1,1
4,64,2,0xB6F54429D299354C,0x4,437,0.146453089245,1,0xC,0x8,0x8,1,1
4,64,3,0xB6F54429D299354C,0x4,401,0.159600997506,1,0xC,0x8,0x8,1,1
4,64,4,0xB6F54429D299354C,0x4,342,0.187134502924,2,NA,0x0,0x3,0,0
4,64,5,0xB6F54429D299354C,0x4,405,0.158024691358,0,NA,0x0,0xC,0,0
4,64,6,0xB6F54429D299354C,0x4,370,0.172972972973,0,NA,0x0,0x7,0,0
4,64,7,0xB6F54429D299354C,0x4,434,0.147465437788,0,NA,0x0,0x7,0,0
4,72,0,0xB6F54429D299354C,0x4,433,0.166281755196,1,0xF,0xB,0xB,1,1
4,72,1,0xB6F54429D299354C,0x4,413,0.174334140436,1,0x8,0xC,0xC,1,1
4,72,2,0xB6F54429D299354C,0x4,472,0.152542372881,1,0xC,0x8,0x8,1,1
4,72,3,0xB6F54429D299354C,0x4,442,0.162895927602,1,0xC,0x8,0x8,1,1
4,72,4,0xB6F54429D299354C,0x4,396,0.181818181818,2,NA,0x0,0x3,0,0
4,72,5,0xB6F54429D299354C,0x4,461,0.156182212581,0,NA,0x0,0xC,0,0
4,72,6,0xB6F54429D299354C,0x4,435,0.165517241379,0,NA,0x0,0x7,0,0
4,72,7,0xB6F54429D299354C,0x4,454,0.158590308370,0,NA,0x0,0x7,0,0
4,80,0,0xB6F54429D299354C,0x4,484,0.165289256198,1,0xF,0xB,0xB,1,1
4,80,1,0xB6F54429D299354C,0x4,473,0.169133192389,1,0x8,0xC,0xC,1,1
4,80,2,0xB6F54429D299354C,0x4,509,0.157170923379,1,0xC,0x8,0x8,1,1
4,80,3,0xB6F54429D299354C,0x4,504,0.158730158730,1,0xC,0x8,0x8,1,1
4,80,4,0xB6F54429D299354C,0x4,433,0.184757505774,2,NA,0x0,0x3,0,0
4,80,5,0xB6F54429D299354C,0x4,523,0.152963671128,0,NA,0x0,0xC,0,0
4,80,6,0xB6F54429D299354C,0x4,504,0.158730158730,0,NA,0x0,0x7,0,0
4,80,7,0xB6F54429D299354C,0x4,490,0.163265306122,0,NA,0x0,0x7,0,0
4,96,0,0xB6F54429D299354C,0x4,589,0.162988115450,1,0xF,0xB,0xB,1,1
4,96,1,0xB6F54429D299354C,0x4,544,0.176470588235,1,0x8,0xC,0xC,1,1
4,96,2,0xB6F54429D299354C,0x4,618,0.155339805825,1,0xC,0x8,0x8,1,1
4,96,3,0xB6F54429D299354C,0x4,596,0.161073825503,1,0xC,0x8,0x8,1,1
4,96,4,0xB6F54429D299354C,0x4,531,0.180790960452,1,0x7,0x3,0x3,1,1
4,96,5,0xB6F54429D299354C,0x4,583,0.164665523156,1,0x8,0xC,0xC,1,1
4,96,6,0xB6F54429D299354C,0x4,584,0.164383561644,1,0x3,0x7,0x7,1,1
4,96,7,0xB6F54429D299354C,0x4,600,0.160000000000,1,0x3,0x7,0x7,1,1
4,112,0,0xB6F54429D299354C,0x4,672,0.166666666667,1,0xF,0xB,0xB,1,1
4,112,1,0xB6F54429D299354C,0x4,629,0.178060413355,1,0x8,0xC,0xC,1,1
4,112,2,0xB6F54429D299354C,0x4,706,0.158640226629,1,0xC,0x8,0x8,1,1
4,112,3,0xB6F54429D299354C,0x4,693,0.161616161616,1,0xC,0x8,0x8,1,1
4,112,4,0xB6F54429D299354C,0x4,593,0.188870151771,1,0x7,0x3,0x3,1,1
4,112,5,0xB6F54429D299354C,0x4,707,0.158415841584,1,0x8,0xC,0xC,1,1
4,112,6,0xB6F54429D299354C,0x4,668,0.167664670659,1,0x3,0x7,0x7,1,1
4,112,7,0xB6F54429D299354C,0x4,693,0.161616161616,1,0x3,0x7,0x7,1,1
4,128,0,0xB6F54429D299354C,0x4,779,0.164313222080,1,0xF,0xB,0xB,1,1
4,128,1,0xB6F54429D299354C,0x4,723,0.177040110650,1,0x8,0xC,0xC,1,1
4,128,2,0xB6F54429D299354C,0x4,822,0.155717761557,1,0xC,0x8,0x8,1,1
4,128,3,0xB6F54429D299354C,0x4,819,0.156288156288,1,0xC,0x8,0x8,1,1
4,128,4,0xB6F54429D299354C,0x4,703,0.182076813656,1,0x7,0x3,0x3,1,1
4,128,5,0xB6F54429D299354C,0x4,802,0.159600997506,1,0x8,0xC,0xC,1,1
4,128,6,0xB6F54429D299354C,0x4,800,0.160000000000,1,0x3,0x7,0x7,1,1
4,128,7,0xB6F54429D299354C,0x4,823,0.155528554070,1,0x3,0x7,0x7,1,1
4,160,0,0xB6F54429D299354C,0x4,1033,0.154888673766,1,0xF,0xB,0xB,1,1
4,160,1,0xB6F54429D299354C,0x4,888,0.180180180180,1,0x8,0xC,0xC,1,1
4,160,2,0xB6F54429D299354C,0x4,1008,0.158730158730,1,0xC,0x8,0x8,1,1
4,160,3,0xB6F54429D299354C,0x4,1014,0.157790927022,1,0xC,0x8,0x8,1,1
4,160,4,0xB6F54429D299354C,0x4,893,0.179171332587,1,0x7,0x3,0x3,1,1
4,160,5,0xB6F54429D299354C,0x4,1005,0.159203980100,1,0x8,0xC,0xC,1,1
4,160,6,0xB6F54429D299354C,0x4,962,0.166320166320,1,0x3,0x7,0x7,1,1
4,160,7,0xB6F54429D299354C,0x4,1051,0.152235965747,1,0x3,0x7,0x7,1,1
4,192,0,0xB6F54429D299354C,0x4,1248,0.153846153846,1,0xF,0xB,0xB,1,1
4,192,1,0xB6F54429D299354C,0x4,1123,0.170970614426,1,0x8,0xC,0xC,1,1
4,192,2,0xB6F54429D299354C,0x4,1229,0.156224572823,1,0xC,0x8,0x8,1,1
4,192,3,0xB6F54429D299354C,0x4,1218,0.157635467980,1,0xC,0x8,0x8,1,1
4,192,4,0xB6F54429D299354C,0x4,1082,0.177449168207,1,0x7,0x3,0x3,1,1
4,192,5,0xB6F54429D299354C,0x4,1161,0.165374677003,1,0x8,0xC,0xC,1,1
4,192,6,0xB6F54429D299354C,0x4,1149,0.167101827676,1,0x3,0x7,0x7,1,1
4,192,7,0xB6F54429D299354C,0x4,1233,0.155717761557,1,0x3,0x7,0x7,1,1
4,256,0,0xB6F54429D299354C,0x4,1661,0.154124021674,1,0xF,0xB,0xB,1,1
4,256,1,0xB6F54429D299354C,0x4,1507,0.169873921699,1,0x8,0xC,0xC,1,1
4,256,2,0xB6F54429D299354C,0x4,1619,0.158122297715,1,0xC,0x8,0x8,1,1
4,256,3,0xB6F54429D299354C,0x4,1649,0.155245603396,1,0xC,0x8,0x8,1,1
4,256,4,0xB6F54429D299354C,0x4,1438,0.178025034771,1,0x7,0x3,0x3,1,1
4,256,5,0xB6F54429D299354C,0x4,1628,0.157248157248,1,0x8,0xC,0xC,1,1
4,256,6,0xB6F54429D299354C,0x4,1504,0.170212765957,1,0x3,0x7,0x7,1,1
4,256,7,0xB6F54429D299354C,0x4,1600,0.160000000000,1,0x3,0x7,0x7,1,1
5,16,0,0xC8F117C1C5838205,0xE,104,0.153846153846,7,NA,0x0,0x6,0,0
5,16,1,0xC8F117C1C5838205,0xE,126,0.126984126984,0,NA,0x0,0xC,0,0
5,16,2,0xC8F117C1C5838205,0xE,76,0.210526315789,0,NA,0x0,0x7,0,0
5,16,3,0xC8F117C1C5838205,0xE,129,0.124031007752,0,NA,0x0,0x8,0,0
5,16,4,0xC8F117C1C5838205,0xE,104,0.153846153846,0,NA,0x0,0xC,0,0
5,16,5,0xC8F117C1C5838205,0xE,74,0.216216216216,0,NA,0x0,0x4,0,0
5,16,6,0xC8F117C1C5838205,0xE,125,0.128000000000,0,NA,0x0,0xF,0,0
5,16,7,0xC8F117C1C5838205,0xE,107,0.149532710280,0,NA,0x0,0x8,0,0
5,24,0,0xC8F117C1C5838205,0xE,142,0.169014084507,6,NA,0x0,0x6,0,0
5,24,1,0xC8F117C1C5838205,0xE,147,0.163265306122,0,NA,0x0,0xC,0,0
5,24,2,0xC8F117C1C5838205,0xE,120,0.200000000000,0,NA,0x0,0x7,0,0
5,24,3,0xC8F117C1C5838205,0xE,168,0.142857142857,0,NA,0x0,0x8,0,0
5,24,4,0xC8F117C1C5838205,0xE,137,0.175182481752,0,NA,0x0,0xC,0,0
5,24,5,0xC8F117C1C5838205,0xE,116,0.206896551724,0,NA,0x0,0x4,0,0
5,24,6,0xC8F117C1C5838205,0xE,192,0.125000000000,0,NA,0x0,0xF,0,0
5,24,7,0xC8F117C1C5838205,0xE,161,0.149068322981,0,NA,0x0,0x8,0,0
5,32,0,0xC8F117C1C5838205,0xE,250,0.128000000000,4,NA,0x0,0x6,0,0
5,32,1,0xC8F117C1C5838205,0xE,178,0.179775280899,0,NA,0x0,0xC,0,0
5,32,2,0xC8F117C1C5838205,0xE,155,0.206451612903,0,NA,0x0,0x7,0,0
5,32,3,0xC8F117C1C5838205,0xE,192,0.166666666667,0,NA,0x0,0x8,0,0
5,32,4,0xC8F117C1C5838205,0xE,181,0.176795580110,0,NA,0x0,0xC,0,0
5,32,5,0xC8F117C1C5838205,0xE,209,0.153110047847,0,NA,0x0,0x4,0,0
5,32,6,0xC8F117C1C5838205,0xE,225,0.142222222222,0,NA,0x0,0xF,0,0
5,32,7,0xC8F117C1C5838205,0xE,215,0.148837209302,0,NA,0x0,0x8,0,0
5,40,0,0xC8F117C1C5838205,0xE,298,0.134228187919,3,NA,0x0,0x6,0,0
5,40,1,0xC8F117C1C5838205,0xE,231,0.173160173160,0,NA,0x0,0xC,0,0
5,40,2,0xC8F117C1C5838205,0xE,210,0.190476190476,0,NA,0x0,0x7,0,0
5,40,3,0xC8F117C1C5838205,0xE,224,0.178571428571,0,NA,0x0,0x8,0,0
5,40,4,0xC8F117C1C5838205,0xE,213,0.187793427230,0,NA,0x0,0xC,0,0
5,40,5,0xC8F117C1C5838205,0xE,243,0.164609053498,0,NA,0x0,0x4,0,0
5,40,6,0xC8F117C1C5838205,0xE,267,0.149812734082,0,NA,0x0,0xF,0,0
5,40,7,0xC8F117C1C5838205,0xE,269,0.148698884758,0,NA,0x0,0x8,0,0
5,48,0,0xC8F117C1C5838205,0xE,387,0.124031007752,3,NA,0x0,0x6,0,0
5,48,1,0xC8F117C1C5838205,0xE,271,0.177121771218,0,NA,0x0,0xC,0,0
5,48,2,0xC8F117C1C5838205,0xE,257,0.186770428016,0,NA,0x0,0x7,0,0
5,48,3,0xC8F117C1C5838205,0xE,259,0.185328185328,0,NA,0x0,0x8,0,0
5,48,4,0xC8F117C1C5838205,0xE,286,0.167832167832,0,NA,0x0,0xC,0,0
5,48,5,0xC8F117C1C5838205,0xE,285,0.168421052632,0,NA,0x0,0x4,0,0
5,48,6,0xC8F117C1C5838205,0xE,321,0.149532710280,0,NA,0x0,0xF,0,0
5,48,7,0xC8F117C1C5838205,0xE,301,0.159468438538,0,NA,0x0,0x8,0,0
5,56,0,0xC8F117C1C5838205,0xE,436,0.128440366972,2,NA,0x0,0x6,0,0
5,56,1,0xC8F117C1C5838205,0xE,348,0.160919540230,0,NA,0x0,0xC,0,0
5,56,2,0xC8F117C1C5838205,0xE,307,0.182410423453,0,NA,0x0,0x7,0,0
5,56,3,0xC8F117C1C5838205,0xE,298,0.187919463087,0,NA,0x0,0x8,0,0
5,56,4,0xC8F117C1C5838205,0xE,339,0.165191740413,0,NA,0x0,0xC,0,0
5,56,5,0xC8F117C1C5838205,0xE,319,0.175548589342,0,NA,0x0,0x4,0,0
5,56,6,0xC8F117C1C5838205,0xE,403,0.138957816377,0,NA,0x0,0xF,0,0
5,56,7,0xC8F117C1C5838205,0xE,353,0.158640226629,0,NA,0x0,0x8,0,0
5,64,0,0xC8F117C1C5838205,0xE,474,0.135021097046,2,NA,0x0,0x6,0,0
5,64,1,0xC8F117C1C5838205,0xE,409,0.156479217604,0,NA,0x0,0xC,0,0
5,64,2,0xC8F117C1C5838205,0xE,347,0.184438040346,0,NA,0x0,0x7,0,0
5,64,3,0xC8F117C1C5838205,0xE,341,0.187683284457,0,NA,0x0,0x8,0,0
5,64,4,0xC8F117C1C5838205,0xE,391,0.163682864450,0,NA,0x0,0xC,0,0
5,64,5,0xC8F117C1C5838205,0xE,366,0.174863387978,0,NA,0x0,0x4,0,0
5,64,6,0xC8F117C1C5838205,0xE,454,0.140969162996,0,NA,0x0,0xF,0,0
5,64,7,0xC8F117C1C5838205,0xE,419,0.152744630072,0,NA,0x0,0x8,0,0
5,72,0,0xC8F117C1C5838205,0xE,537,0.134078212291,1,0x8,0x6,0x6,1,1
5,72,1,0xC8F117C1C5838205,0xE,440,0.163636363636,1,0x2,0xC,0xC,1,1
5,72,2,0xC8F117C1C5838205,0xE,393,0.183206106870,1,0x9,0x7,0x7,1,1
5,72,3,0xC8F117C1C5838205,0xE,399,0.180451127820,1,0x6,0x8,0x8,1,1
5,72,4,0xC8F117C1C5838205,0xE,444,0.162162162162,1,0x2,0xC,0xC,1,1
5,72,5,0xC8F117C1C5838205,0xE,405,0.177777777778,1,0xA,0x4,0x4,1,1
5,72,6,0xC8F117C1C5838205,0xE,511,0.140900195695,1,0x1,0xF,0xF,1,1
5,72,7,0xC8F117C1C5838205,0xE,462,0.155844155844,1,0x6,0x8,0x8,1,1
5,80,0,0xC8F117C1C5838205,0xE,568,0.140845070423,1,0x8,0x6,0x6,1,1
5,80,1,0xC8F117C1C5838205,0xE,487,0.164271047228,1,0x2,0xC,0xC,1,1
5,80,2,0xC8F117C1C5838205,0xE,420,0.190476190476,1,0x9,0x7,0x7,1,1
5,80,3,0xC8F117C1C5838205,0xE,472,0.169491525424,1,0x6,0x8,0x8,1,1
5,80,4,0xC8F117C1C5838205,0xE,484,0.165289256198,1,0x2,0xC,0xC,1,1
5,80,5,0xC8F117C1C5838205,0xE,485,0.164948453608,1,0xA,0x4,0x4,1,1
5,80,6,0xC8F117C1C5838205,0xE,533,0.150093808630,1,0x1,0xF,0xF,1,1
5,80,7,0xC8F117C1C5838205,0xE,513,0.155945419103,1,0x6,0x8,0x8,1,1
5,96,0,0xC8F117C1C5838205,0xE,647,0.148377125193,1,0x8,0x6,0x6,1,1
5,96,1,0xC8F117C1C5838205,0xE,563,0.170515097691,1,0x2,0xC,0xC,1,1
5,96,2,0xC8F117C1C5838205,0xE,538,0.178438661710,1,0x9,0x7,0x7,1,1
5,96,3,0xC8F117C1C5838205,0xE,619,0.155088852989,1,0x6,0x8,0x8,1,1
5,96,4,0xC8F117C1C5838205,0xE,592,0.162162162162,1,0x2,0xC,0xC,1,1
5,96,5,0xC8F117C1C5838205,0xE,639,0.150234741784,1,0xA,0x4,0x4,1,1
5,96,6,0xC8F117C1C5838205,0xE,600,0.160000000000,1,0x1,0xF,0xF,1,1
5,96,7,0xC8F117C1C5838205,0xE,596,0.161073825503,1,0x6,0x8,0x8,1,1
5,112,0,0xC8F117C1C5838205,0xE,766,0.146214099217,1,0x8,0x6,0x6,1,1
5,112,1,0xC8F117C1C5838205,0xE,647,0.173106646059,1,0x2,0xC,0xC,1,1
5,112,2,0xC8F117C1C5838205,0xE,616,0.181818181818,1,0x9,0x7,0x7,1,1
5,112,3,0xC8F117C1C5838205,0xE,726,0.154269972452,1,0x6,0x8,0x8,1,1
5,112,4,0xC8F117C1C5838205,0xE,679,0.164948453608,1,0x2,0xC,0xC,1,1
5,112,5,0xC8F117C1C5838205,0xE,735,0.152380952381,1,0xA,0x4,0x4,1,1
5,112,6,0xC8F117C1C5838205,0xE,686,0.163265306122,1,0x1,0xF,0xF,1,1
5,112,7,0xC8F117C1C5838205,0xE,706,0.158640226629,1,0x6,0x8,0x8,1,1
5,128,0,0xC8F117C1C5838205,0xE,881,0.145289443814,1,0x8,0x6,0x6,1,1
5,128,1,0xC8F117C1C5838205,0xE,724,0.176795580110,1,0x2,0xC,0xC,1,1
5,128,2,0xC8F117C1C5838205,0xE,681,0.187958883994,1,0x9,0x7,0x7,1,1
5,128,3,0xC8F117C1C5838205,0xE,794,0.161209068010,1,0x6,0x8,0x8,1,1
5,128,4,0xC8F117C1C5838205,0xE,747,0.171352074967,1,0x2,0xC,0xC,1,1
5,128,5,0xC8F117C1C5838205,0xE,826,0.154963680387,1,0xA,0x4,0x4,1,1
5,128,6,0xC8F117C1C5838205,0xE,820,0.156097560976,1,0x1,0xF,0xF,1,1
5,128,7,0xC8F117C1C5838205,0xE,835,0.153293413174,1,0x6,0x8,0x8,1,1
5,160,0,0xC8F117C1C5838205,0xE,1074,0.148975791434,1,0x8,0x6,0x6,1,1
5,160,1,0xC8F117C1C5838205,0xE,938,0.170575692964,1,0x2,0xC,0xC,1,1
5,160,2,0xC8F117C1C5838205,0xE,890,0.179775280899,1,0x9,0x7,0x7,1,1
5,160,3,0xC8F117C1C5838205,0xE,1039,0.153994225217,1,0x6,0x8,0x8,1,1
5,160,4,0xC8F117C1C5838205,0xE,928,0.172413793103,1,0x2,0xC,0xC,1,1
5,160,5,0xC8F117C1C5838205,0xE,983,0.162767039674,1,0xA,0x4,0x4,1,1
5,160,6,0xC8F117C1C5838205,0xE,977,0.163766632549,1,0x1,0xF,0xF,1,1
5,160,7,0xC8F117C1C5838205,0xE,1107,0.144534778681,1,0x6,0x8,0x8,1,1
5,192,0,0xC8F117C1C5838205,0xE,1287,0.149184149184,1,0x8,0x6,0x6,1,1
5,192,1,0xC8F117C1C5838205,0xE,1080,0.177777777778,1,0x2,0xC,0xC,1,1
5,192,2,0xC8F117C1C5838205,0xE,1068,0.179775280899,1,0x9,0x7,0x7,1,1
5,192,3,0xC8F117C1C5838205,0xE,1213,0.158285243199,1,0x6,0x8,0x8,1,1
5,192,4,0xC8F117C1C5838205,0xE,1057,0.181646168401,1,0x2,0xC,0xC,1,1
5,192,5,0xC8F117C1C5838205,0xE,1146,0.167539267016,1,0xA,0x4,0x4,1,1
5,192,6,0xC8F117C1C5838205,0xE,1200,0.160000000000,1,0x1,0xF,0xF,1,1
5,192,7,0xC8F117C1C5838205,0xE,1287,0.149184149184,1,0x6,0x8,0x8,1,1
5,256,0,0xC8F117C1C5838205,0xE,1615,0.158513931889,1,0x8,0x6,0x6,1,1
5,256,1,0xC8F117C1C5838205,0xE,1400,0.182857142857,1,0x2,0xC,0xC,1,1
5,256,2,0xC8F117C1C5838205,0xE,1403,0.182466143977,1,0x9,0x7,0x7,1,1
5,256,3,0xC8F117C1C5838205,0xE,1535,0.166775244300,1,0x6,0x8,0x8,1,1
5,256,4,0xC8F117C1C5838205,0xE,1443,0.177408177408,1,0x2,0xC,0xC,1,1
5,256,5,0xC8F117C1C5838205,0xE,1556,0.164524421594,1,0xA,0x4,0x4,1,1
5,256,6,0xC8F117C1C5838205,0xE,1666,0.153661464586,1,0x1,0xF,0xF,1,1
5,256,7,0xC8F117C1C5838205,0xE,1635,0.156574923547,1,0x6,0x8,0x8,1,1
6,16,0,0x524EDC030D4BA50B,0x0,105,0.152380952381,5,NA,0x0,0x5,0,0
6,16,1,0x524EDC030D4BA50B,0x0,77,0.207792207792,0,NA,0x0,0x9,0,0
6,16,2,0x524EDC030D4BA50B,0x0,78,0.205128205128,0,NA,0x0,0xC,0,0
6,16,3,0x524EDC030D4BA50B,0x0,118,0.135593220339,0,NA,0x0,0xC,0,0
6,16,4,0x524EDC030D4BA50B,0x0,82,0.195121951220,0,NA,0x0,0x8,0,0
6,16,5,0x524EDC030D4BA50B,0x0,129,0.124031007752,0,NA,0x0,0x0,0,0
6,16,6,0x524EDC030D4BA50B,0x0,111,0.144144144144,0,NA,0x0,0x7,0,0
6,16,7,0x524EDC030D4BA50B,0x0,77,0.207792207792,0,NA,0x0,0x5,0,0
6,24,0,0x524EDC030D4BA50B,0x0,195,0.123076923077,5,NA,0x0,0x5,0,0
6,24,1,0x524EDC030D4BA50B,0x0,115,0.208695652174,0,NA,0x0,0x9,0,0
6,24,2,0x524EDC030D4BA50B,0x0,107,0.224299065421,0,NA,0x0,0xC,0,0
6,24,3,0x524EDC030D4BA50B,0x0,151,0.158940397351,0,NA,0x0,0xC,0,0
6,24,4,0x524EDC030D4BA50B,0x0,135,0.177777777778,0,NA,0x0,0x8,0,0
6,24,5,0x524EDC030D4BA50B,0x0,163,0.147239263804,0,NA,0x0,0x0,0,0
6,24,6,0x524EDC030D4BA50B,0x0,160,0.150000000000,0,NA,0x0,0x7,0,0
6,24,7,0x524EDC030D4BA50B,0x0,126,0.190476190476,0,NA,0x0,0x5,0,0
6,32,0,0x524EDC030D4BA50B,0x0,259,0.123552123552,3,NA,0x0,0x5,0,0
6,32,1,0x524EDC030D4BA50B,0x0,170,0.188235294118,0,NA,0x0,0x9,0,0
6,32,2,0x524EDC030D4BA50B,0x0,164,0.195121951220,0,NA,0x0,0xC,0,0
6,32,3,0x524EDC030D4BA50B,0x0,192,0.166666666667,0,NA,0x0,0xC,0,0
6,32,4,0x524EDC030D4BA50B,0x0,189,0.169312169312,0,NA,0x0,0x8,0,0
6,32,5,0x524EDC030D4BA50B,0x0,199,0.160804020101,0,NA,0x0,0x0,0,0
6,32,6,0x524EDC030D4BA50B,0x0,190,0.168421052632,0,NA,0x0,0x7,0,0
6,32,7,0x524EDC030D4BA50B,0x0,189,0.169312169312,0,NA,0x0,0x5,0,0
6,40,0,0x524EDC030D4BA50B,0x0,340,0.117647058824,3,NA,0x0,0x5,0,0
6,40,1,0x524EDC030D4BA50B,0x0,213,0.187793427230,0,NA,0x0,0x9,0,0
6,40,2,0x524EDC030D4BA50B,0x0,189,0.211640211640,0,NA,0x0,0xC,0,0
6,40,3,0x524EDC030D4BA50B,0x0,225,0.177777777778,0,NA,0x0,0xC,0,0
6,40,4,0x524EDC030D4BA50B,0x0,244,0.163934426230,0,NA,0x0,0x8,0,0
6,40,5,0x524EDC030D4BA50B,0x0,251,0.159362549801,0,NA,0x0,0x0,0,0
6,40,6,0x524EDC030D4BA50B,0x0,252,0.158730158730,0,NA,0x0,0x7,0,0
6,40,7,0x524EDC030D4BA50B,0x0,247,0.161943319838,0,NA,0x0,0x5,0,0
6,48,0,0x524EDC030D4BA50B,0x0,388,0.123711340206,2,NA,0x0,0x5,0,0
6,48,1,0x524EDC030D4BA50B,0x0,263,0.182509505703,0,NA,0x0,0x9,0,0
6,48,2,0x524EDC030D4BA50B,0x0,225,0.213333333333,0,NA,0x0,0xC,0,0
6,48,3,0x524EDC030D4BA50B,0x0,282,0.170212765957,0,NA,0x0,0xC,0,0
6,48,4,0x524EDC030D4BA50B,0x0,283,0.169611307420,0,NA,0x0,0x8,0,0
6,48,5,0x524EDC030D4BA50B,0x0,284,0.169014084507,0,NA,0x0,0x0,0,0
6,48,6,0x524EDC030D4BA50B,0x0,308,0.155844155844,0,NA,0x0,0x7,0,0
6,48,7,0x524EDC030D4BA50B,0x0,285,0.168421052632,0,NA,0x0,0x5,0,0
6,56,0,0x524EDC030D4BA50B,0x0,432,0.129629629630,2,NA,0x0,0x5,0,0
6,56,1,0x524EDC030D4BA50B,0x0,300,0.186666666667,0,NA,0x0,0x9,0,0
6,56,2,0x524EDC030D4BA50B,0x0,251,0.223107569721,0,NA,0x0,0xC,0,0
6,56,3,0x524EDC030D4BA50B,0x0,334,0.167664670659,0,NA,0x0,0xC,0,0
6,56,4,0x524EDC030D4BA50B,0x0,340,0.164705882353,0,NA,0x0,0x8,0,0
6,56,5,0x524EDC030D4BA50B,0x0,354,0.158192090395,0,NA,0x0,0x0,0,0
6,56,6,0x524EDC030D4BA50B,0x0,336,0.166666666667,0,NA,0x0,0x7,0,0
6,56,7,0x524EDC030D4BA50B,0x0,403,0.138957816377,0,NA,0x0,0x5,0,0
6,64,0,0x524EDC030D4BA50B,0x0,478,0.133891213389,2,NA,0x0,0x5,0,0
6,64,1,0x524EDC030D4BA50B,0x0,329,0.194528875380,0,NA,0x0,0x9,0,0
6,64,2,0x524EDC030D4BA50B,0x0,300,0.213333333333,0,NA,0x0,0xC,0,0
6,64,3,0x524EDC030D4BA50B,0x0,375,0.170666666667,0,NA,0x0,0xC,0,0
6,64,4,0x524EDC030D4BA50B,0x0,415,0.154216867470,0,NA,0x0,0x8,0,0
6,64,5,0x524EDC030D4BA50B,0x0,385,0.166233766234,0,NA,0x0,0x0,0,0
6,64,6,0x524EDC030D4BA50B,0x0,383,0.167101827676,0,NA,0x0,0x7,0,0
6,64,7,0x524EDC030D4BA50B,0x0,446,0.143497757848,0,NA,0x0,0x5,0,0
6,72,0,0x524EDC030D4BA50B,0x0,541,0.133086876155,2,NA,0x0,0x5,0,0
6,72,1,0x524EDC030D4BA50B,0x0,380,0.189473684211,0,NA,0x0,0x9,0,0
6,72,2,0x524EDC030D4BA50B,0x0,359,0.200557103064,0,NA,0x0,0xC,0,0
6,72,3,0x524EDC030D4BA50B,0x0,394,0.182741116751,0,NA,0x0,0xC,0,0
6,72,4,0x524EDC030D4BA50B,0x0,473,0.152219873150,0,NA,0x0,0x8,0,0
6,72,5,0x524EDC030D4BA50B,0x0,413,0.174334140436,0,NA,0x0,0x0,0,0
6,72,6,0x524EDC030D4BA50B,0x0,447,0.161073825503,0,NA,0x0,0x7,0,0
6,72,7,0x524EDC030D4BA50B,0x0,495,0.145454545455,0,NA,0x0,0x5,0,0
6,80,0,0x524EDC030D4BA50B,0x0,600,0.133333333333,2,NA,0x0,0x5,0,0
6,80,1,0x524EDC030D4BA50B,0x0,446,0.179372197309,0,NA,0x0,0x9,0,0
6,80,2,0x524EDC030D4BA50B,0x0,415,0.192771084337,0,NA,0x0,0xC,0,0
6,80,3,0x524EDC030D4BA50B,0x0,442,0.180995475113,0,NA,0x0,0xC,0,0
6,80,4,0x524EDC030D4BA50B,0x0,548,0.145985401460,0,NA,0x0,0x8,0,0
6,80,5,0x524EDC030D4BA50B,0x0,455,0.175824175824,0,NA,0x0,0x0,0,0
6,80,6,0x524EDC030D4BA50B,0x0,487,0.164271047228,0,NA,0x0,0x7,0,0
6,80,7,0x524EDC030D4BA50B,0x0,534,0.149812734082,0,NA,0x0,0x5,0,0
6,96,0,0x524EDC030D4BA50B,0x0,706,0.135977337110,1,0x5,0x5,0x5,1,1
6,96,1,0x524EDC030D4BA50B,0x0,513,0.187134502924,1,0x9,0x9,0x9,1,1
6,96,2,0x524EDC030D4BA50B,0x0,519,0.184971098266,1,0xC,0xC,0xC,1,1
6,96,3,0x524EDC030D4BA50B,0x0,557,0.172351885099,1,0xC,0xC,0xC,1,1
6,96,4,0x524EDC030D4BA50B,0x0,616,0.155844155844,1,0x8,0x8,0x8,1,1
6,96,5,0x524EDC030D4BA50B,0x0,545,0.176146788991,1,0x0,0x0,0x0,1,1
6,96,6,0x524EDC030D4BA50B,0x0,551,0.174228675136,1,0x7,0x7,0x7,1,1
6,96,7,0x524EDC030D4BA50B,0x0,638,0.150470219436,1,0x5,0x5,0x5,1,1
6,112,0,0x524EDC030D4BA50B,0x0,797,0.140526976161,1,0x5,0x5,0x5,1,1
6,112,1,0x524EDC030D4BA50B,0x0,592,0.189189189189,1,0x9,0x9,0x9,1,1
6,112,2,0x524EDC030D4BA50B,0x0,625,0.179200000000,1,0xC,0xC,0xC,1,1
6,112,3,0x524EDC030D4BA50B,0x0,642,0.174454828660,1,0xC,0xC,0xC,1,1
6,112,4,0x524EDC030D4BA50B,0x0,681,0.164464023495,1,0x8,0x8,0x8,1,1
6,112,5,0x524EDC030D4BA50B,0x0,632,0.177215189873,1,0x0,0x0,0x0,1,1
6,112,6,0x524EDC030D4BA50B,0x0,639,0.175273865415,1,0x7,0x7,0x7,1,1
6,112,7,0x524EDC030D4BA50B,0x0,718,0.155988857939,1,0x5,0x5,0x5,1,1
6,128,0,0x524EDC030D4BA50B,0x0,894,0.143176733781,1,0x5,0x5,0x5,1,1
6,128,1,0x524EDC030D4BA50B,0x0,713,0.179523141655,1,0x9,0x9,0x9,1,1
6,128,2,0x524EDC030D4BA50B,0x0,701,0.182596291013,1,0xC,0xC,0xC,1,1
6,128,3,0x524EDC030D4BA50B,0x0,746,0.171581769437,1,0xC,0xC,0xC,1,1
6,128,4,0x524EDC030D4BA50B,0x0,818,0.156479217604,1,0x8,0x8,0x8,1,1
6,128,5,0x524EDC030D4BA50B,0x0,739,0.173207036536,1,0x0,0x0,0x0,1,1
6,128,6,0x524EDC030D4BA50B,0x0,769,0.166449934980,1,0x7,0x7,0x7,1,1
6,128,7,0x524EDC030D4BA50B,0x0,807,0.158612143742,1,0x5,0x5,0x5,1,1
6,160,0,0x524EDC030D4BA50B,0x0,1081,0.148011100833,1,0x5,0x5,0x5,1,1
6,160,1,0x524EDC030D4BA50B,0x0,915,0.174863387978,1,0x9,0x9,0x9,1,1
6,160,2,0x524EDC030D4BA50B,0x0,853,0.187573270809,1,0xC,0xC,0xC,1,1
6,160,3,0x524EDC030D4BA50B,0x0,931,0.171858216971,1,0xC,0xC,0xC,1,1
6,160,4,0x524EDC030D4BA50B,0x0,976,0.163934426230,1,0x8,0x8,0x8,1,1
6,160,5,0x524EDC030D4BA50B,0x0,938,0.170575692964,1,0x0,0x0,0x0,1,1
6,160,6,0x524EDC030D4BA50B,0x0,964,0.165975103734,1,0x7,0x7,0x7,1,1
6,160,7,0x524EDC030D4BA50B,0x0,1004,0.159362549801,1,0x5,0x5,0x5,1,1
6,192,0,0x524EDC030D4BA50B,0x0,1329,0.144469525959,1,0x5,0x5,0x5,1,1
6,192,1,0x524EDC030D4BA50B,0x0,1125,0.170666666667,1,0x9,0x9,0x9,1,1
6,192,2,0x524EDC030D4BA50B,0x0,1069,0.179607109448,1,0xC,0xC,0xC,1,1
6,192,3,0x524EDC030D4BA50B,0x0,1087,0.176632934683,1,0xC,0xC,0xC,1,1
6,192,4,0x524EDC030D4BA50B,0x0,1197,0.160401002506,1,0x8,0x8,0x8,1,1
6,192,5,0x524EDC030D4BA50B,0x0,1190,0.161344537815,1,0x0,0x0,0x0,1,1
6,192,6,0x524EDC030D4BA50B,0x0,1163,0.165090283749,1,0x7,0x7,0x7,1,1
6,192,7,0x524EDC030D4BA50B,0x0,1214,0.158154859967,1,0x5,0x5,0x5,1,1
6,256,0,0x524EDC030D4BA50B,0x0,1730,0.147976878613,1,0x5,0x5,0x5,1,1
6,256,1,0x524EDC030D4BA50B,0x0,1460,0.175342465753,1,0x9,0x9,0x9,1,1
6,256,2,0x524EDC030D4BA50B,0x0,1412,0.181303116147,1,0xC,0xC,0xC,1,1
6,256,3,0x524EDC030D4BA50B,0x0,1525,0.167868852459,1,0xC,0xC,0xC,1,1
6,256,4,0x524EDC030D4BA50B,0x0,1518,0.168642951252,1,0x8,0x8,0x8,1,1
6,256,5,0x524EDC030D4BA50B,0x0,1575,0.162539682540,1,0x0,0x0,0x0,1,1
6,256,6,0x524EDC030D4BA50B,0x0,1643,0.155812538040,1,0x7,0x7,0x7,1,1
6,256,7,0x524EDC030D4BA50B,0x0,1572,0.162849872774,1,0x5,0x5,0x5,1,1
7,16,0,0x1C1B95409DC0A280,0xB,69,0.231884057971,7,NA,0x0,0x6,0,0
7,16,1,0x1C1B95409DC0A280,0xB,81,0.197530864198,0,NA,0x0,0x0,0,0
7,16,2,0x1C1B95409DC0A280,0xB,104,0.153846153846,0,NA,0x0,0x3,0,0
7,16,3,0x1C1B95409DC0A280,0xB,100,0.160000000000,0,NA,0x0,0x3,0,0
7,16,4,0x1C1B95409DC0A280,0xB,112,0.142857142857,0,NA,0x0,0x0,0,0
7,16,5,0x1C1B95409DC0A280,0xB,84,0.190476190476,0,NA,0x0,0xD,0,0
7,16,6,0x1C1B95409DC0A280,0xB,70,0.228571428571,0,NA,0x0,0xE,0,0
7,16,7,0x1C1B95409DC0A280,0xB,124,0.129032258065,0,NA,0x0,0xF,0,0
7,24,0,0x1C1B95409DC0A280,0xB,119,0.201680672269,4,NA,0x0,0x6,0,0
7,24,1,0x1C1B95409DC0A280,0xB,152,0.157894736842,0,NA,0x0,0x0,0,0
7,24,2,0x1C1B95409DC0A280,0xB,141,0.170212765957,0,NA,0x0,0x3,0,0
7,24,3,0x1C1B95409DC0A280,0xB,142,0.169014084507,0,NA,0x0,0x3,0,0
7,24,4,0x1C1B95409DC0A280,0xB,147,0.163265306122,0,NA,0x0,0x0,0,0
7,24,5,0x1C1B95409DC0A280,0xB,128,0.187500000000,0,NA,0x0,0xD,0,0
7,24,6,0x1C1B95409DC0A280,0xB,108,0.222222222222,0,NA,0x0,0xE,0,0
7,24,7,0x1C1B95409DC0A280,0xB,160,0.150000000000,0,NA,0x0,0xF,0,0
7,32,0,0x1C1B95409DC0A280,0xB,149,0.214765100671,3,NA,0x0,0x6,0,0
7,32,1,0x1C1B95409DC0A280,0xB,183,0.174863387978,0,NA,0x0,0x0,0,0
7,32,2,0x1C1B95409DC0A280,0xB,177,0.180790960452,0,NA,0x0,0x3,0,0
7,32,3,0x1C1B95409DC0A280,0xB,184,0.173913043478,0,NA,0x0,0x3,0,0
7,32,4,0x1C1B95409DC0A280,0xB,198,0.161616161616,0,NA,0x0,0x0,0,0
7,32,5,0x1C1B95409DC0A280,0xB,195,0.164102564103,0,NA,0x0,0xD,0,0
7,32,6,0x1C1B95409DC0A280,0xB,175,0.182857142857,0,NA,0x0,0xE,0,0
7,32,7,0x1C1B95409DC0A280,0xB,200,0.160000000000,0,NA,0x0,0xF,0,0
7,40,0,0x1C1B95409DC0A280,0xB,200,0.200000000000,2,NA,0x0,0x6,0,0
7,40,1,0x1C1B95409DC0A280,0xB,217,0.184331797235,0,NA,0x0,0x0,0,0
7,40,2,0x1C1B95409DC0A280,0xB,212,0.188679245283,0,NA,0x0,0x3,0,0
7,40,3,0x1C1B95409DC0A280,0xB,239,0.167364016736,0,NA,0x0,0x3,0,0
7,40,4,0x1C1B95409DC0A280,0xB,255,0.156862745098,0,NA,0x0,0x0,0,0
7,40,5,0x1C1B95409DC0A280,0xB,223,0.179372197309,0,NA,0x0,0xD,0,0
7,40,6,0x1C1B95409DC0A280,0xB,209,0.191387559809,0,NA,0x0,0xE,0,0
7,40,7,0x1C1B95409DC0A280,0xB,252,0.158730158730,0,NA,0x0,0xF,0,0
7,48,0,0x1C1B95409DC0A280,0xB,247,0.194331983806,1,0xD,0x6,0x6,1,1
7,48,1,0x1C1B95409DC0A280,0xB,253,0.189723320158,2,NA,0x0,0x0,0,0
7,48,2,0x1C1B95409DC0A280,0xB,264,0.181818181818,0,NA,0x0,0x3,0,0
7,48,3,0x1C1B95409DC0A280,0xB,317,0.151419558360,0,NA,0x0,0x3,0,0
7,48,4,0x1C1B95409DC0A280,0xB,285,0.168421052632,0,NA,0x0,0x0,0,0
7,48,5,0x1C1B95409DC0A280,0xB,279,0.172043010753,0,NA,0x0,0xD,0,0
7,48,6,0x1C1B95409DC0A280,0xB,246,0.195121951220,0,NA,0x0,0xE,0,0
7,48,7,0x1C1B95409DC0A280,0xB,294,0.163265306122,0,NA,0x0,0xF,0,0
7,56,0,0x1C1B95409DC0A280,0xB,287,0.195121951220,1,0xD,0x6,0x6,1,1
7,56,1,0x1C1B95409DC0A280,0xB,297,0.188552188552,2,NA,0x0,0x0,0,0
7,56,2,0x1C1B95409DC0A280,0xB,311,0.180064308682,0,NA,0x0,0x3,0,0
7,56,3,0x1C1B95409DC0A280,0xB,358,0.156424581006,0,NA,0x0,0x3,0,0
7,56,4,0x1C1B95409DC0A280,0xB,326,0.171779141104,0,NA,0x0,0x0,0,0
7,56,5,0x1C1B95409DC0A280,0xB,312,0.179487179487,0,NA,0x0,0xD,0,0
7,56,6,0x1C1B95409DC0A280,0xB,314,0.178343949045,0,NA,0x0,0xE,0,0
7,56,7,0x1C1B95409DC0A280,0xB,326,0.171779141104,0,NA,0x0,0xF,0,0
7,64,0,0x1C1B95409DC0A280,0xB,346,0.184971098266,1,0xD,0x6,0x6,1,1
7,64,1,0x1C1B95409DC0A280,0xB,335,0.191044776119,2,NA,0x0,0x0,0,0
7,64,2,0x1C1B95409DC0A280,0xB,369,0.173441734417,0,NA,0x0,0x3,0,0
7,64,3,0x1C1B95409DC0A280,0xB,409,0.156479217604,0,NA,0x0,0x3,0,0
7,64,4,0x1C1B95409DC0A280,0xB,379,0.168865435356,0,NA,0x0,0x0,0,0
7,64,5,0x1C1B95409DC0A280,0xB,377,0.169761273210,0,NA,0x0,0xD,0,0
7,64,6,0x1C1B95409DC0A280,0xB,366,0.174863387978,0,NA,0x0,0xE,0,0
7,64,7,0x1C1B95409DC0A280,0xB,361,0.177285318560,0,NA,0x0,0xF,0,0
7,72,0,0x1C1B95409DC0A280,0xB,384,0.187500000000,1,0xD,0x6,0x6,1,1
7,72,1,0x1C1B95409DC0A280,0xB,382,0.188481675393,2,NA,0x0,0x0,0,0
7,72,2,0x1C1B95409DC0A280,0xB,399,0.180451127820,0,NA,0x0,0x3,0,0
7,72,3,0x1C1B95409DC0A280,0xB,453,0.158940397351,0,NA,0x0,0x3,0,0
7,72,4,0x1C1B95409DC0A280,0xB,442,0.162895927602,0,NA,0x0,0x0,0,0
7,72,5,0x1C1B95409DC0A280,0xB,467,0.154175588865,0,NA,0x0,0xD,0,0
7,72,6,0x1C1B95409DC0A280,0xB,407,0.176904176904,0,NA,0x0,0xE,0,0
7,72,7,0x1C1B95409DC0A280,0xB,422,0.170616113744,0,NA,0x0,0xF,0,0
7,80,0,0x1C1B95409DC0A280,0xB,453,0.176600441501,1,0xD,0x6,0x6,1,1
7,80,1,0x1C1B95409DC0A280,0xB,417,0.191846522782,1,0xB,0x0,0x0,1,1
7,80,2,0x1C1B95409DC0A280,0xB,462,0.173160173160,1,0x8,0x3,0x3,1,1
7,80,3,0x1C1B95409DC0A280,0xB,483,0.165631469979,1,0x8,0x3,0x3,1,1
7,80,4,0x1C1B95409DC0A280,0xB,478,0.167364016736,1,0xB,0x0,0x0,1,1
7,80,5,0x1C1B95409DC0A280,0xB,499,0.160320641283,1,0x6,0xD,0xD,1,1
7,80,6,0x1C1B95409DC0A280,0xB,446,0.179372197309,1,0x5,0xE,0xE,1,1
7,80,7,0x1C1B95409DC0A280,0xB,456,0.175438596491,1,0x4,0xF,0xF,1,1
7,96,0,0x1C1B95409DC0A280,0xB,519,0.184971098266,1,0xD,0x6,0x6,1,1
7,96,1,0x1C1B95409DC0A280,0xB,518,0.185328185328,1,0xB,0x0,0x0,1,1
7,96,2,0x1C1B95409DC0A280,0xB,543,0.176795580110,1,0x8,0x3,0x3,1,1
7,96,3,0x1C1B95409DC0A280,0xB,569,0.168717047452,1,0x8,0x3,0x3,1,1
7,96,4,0x1C1B95409DC0A280,0xB,583,0.164665523156,1,0xB,0x0,0x0,1,1
7,96,5,0x1C1B95409DC0A280,0xB,573,0.167539267016,1,0x6,0xD,0xD,1,1
7,96,6,0x1C1B95409DC0A280,0xB,546,0.175824175824,1,0x5,0xE,0xE,1,1
7,96,7,0x1C1B95409DC0A280,0xB,567,0.169312169312,1,0x4,0xF,0xF,1,1
7,112,0,0x1C1B95409DC0A280,0xB,624,0.179487179487,1,0xD,0x6,0x6,1,1
7,112,1,0x1C1B95409DC0A280,0xB,618,0.181229773463,1,0xB,0x0,0x0,1,1
7,112,2,0x1C1B95409DC0A280,0xB,643,0.174183514774,1,0x8,0x3,0x3,1,1
7,112,3,0x1C1B95409DC0A280,0xB,653,0.171516079632,1,0x8,0x3,0x3,1,1
7,112,4,0x1C1B95409DC0A280,0xB,695,0.161151079137,1,0xB,0x0,0x0,1,1
7,112,5,0x1C1B95409DC0A280,0xB,653,0.171516079632,1,0x6,0xD,0xD,1,1
7,112,6,0x1C1B95409DC0A280,0xB,634,0.176656151420,1,0x5,0xE,0xE,1,1
7,112,7,0x1C1B95409DC0A280,0xB,686,0.163265306122,1,0x4,0xF,0xF,1,1
7,128,0,0x1C1B95409DC0A280,0xB,720,0.177777777778,1,0xD,0x6,0x6,1,1
7,128,1,0x1C1B95409DC0A280,0xB,697,0.183644189383,1,0xB,0x0,0x0,1,1
7,128,2,0x1C1B95409DC0A280,0xB,792,0.161616161616,1,0x8,0x3,0x3,1,1
7,128,3,0x1C1B95409DC0A280,0xB,727,0.176066024759,1,0x8,0x3,0x3,1,1
7,128,4,0x1C1B95409DC0A280,0xB,796,0.160804020101,1,0xB,0x0,0x0,1,1
7,128,5,0x1C1B95409DC0A280,0xB,763,0.167758846658,1,0x6,0xD,0xD,1,1
7,128,6,0x1C1B95409DC0A280,0xB,710,0.180281690141,1,0x5,0xE,0xE,1,1
7,128,7,0x1C1B95409DC0A280,0xB,755,0.169536423841,1,0x4,0xF,0xF,1,1
7,160,0,0x1C1B95409DC0A280,0xB,893,0.179171332587,1,0xD,0x6,0x6,1,1
7,160,1,0x1C1B95409DC0A280,0xB,830,0.192771084337,1,0xB,0x0,0x0,1,1
7,160,2,0x1C1B95409DC0A280,0xB,958,0.167014613779,1,0x8,0x3,0x3,1,1
7,160,3,0x1C1B95409DC0A280,0xB,930,0.172043010753,1,0x8,0x3,0x3,1,1
7,160,4,0x1C1B95409DC0A280,0xB,998,0.160320641283,1,0xB,0x0,0x0,1,1
7,160,5,0x1C1B95409DC0A280,0xB,998,0.160320641283,1,0x6,0xD,0xD,1,1
7,160,6,0x1C1B95409DC0A280,0xB,886,0.180586907449,1,0x5,0xE,0xE,1,1
7,160,7,0x1C1B95409DC0A280,0xB,934,0.171306209850,1,0x4,0xF,0xF,1,1
7,192,0,0x1C1B95409DC0A280,0xB,1060,0.181132075472,1,0xD,0x6,0x6,1,1
7,192,1,0x1C1B95409DC0A280,0xB,1056,0.181818181818,1,0xB,0x0,0x0,1,1
7,192,2,0x1C1B95409DC0A280,0xB,1102,0.174228675136,1,0x8,0x3,0x3,1,1
7,192,3,0x1C1B95409DC0A280,0xB,1134,0.169312169312,1,0x8,0x3,0x3,1,1
7,192,4,0x1C1B95409DC0A280,0xB,1278,0.150234741784,1,0xB,0x0,0x0,1,1
7,192,5,0x1C1B95409DC0A280,0xB,1178,0.162988115450,1,0x6,0xD,0xD,1,1
7,192,6,0x1C1B95409DC0A280,0xB,1057,0.181646168401,1,0x5,0xE,0xE,1,1
7,192,7,0x1C1B95409DC0A280,0xB,1138,0.168717047452,1,0x4,0xF,0xF,1,1
7,256,0,0x1C1B95409DC0A280,0xB,1422,0.180028129395,1,0xD,0x6,0x6,1,1
7,256,1,0x1C1B95409DC0A280,0xB,1416,0.180790960452,1,0xB,0x0,0x0,1,1
7,256,2,0x1C1B95409DC0A280,0xB,1456,0.175824175824,1,0x8,0x3,0x3,1,1
7,256,3,0x1C1B95409DC0A280,0xB,1508,0.169761273210,1,0x8,0x3,0x3,1,1
7,256,4,0x1C1B95409DC0A280,0xB,1596,0.160401002506,1,0xB,0x0,0x0,1,1
7,256,5,0x1C1B95409DC0A280,0xB,1578,0.162230671736,1,0x6,0xD,0xD,1,1
7,256,6,0x1C1B95409DC0A280,0xB,1393,0.183776022972,1,0x5,0xE,0xE,1,1
7,256,7,0x1C1B95409DC0A280,0xB,1546,0.165588615783,1,0x4,0xF,0xF,1,1
8,16,0,0x884833BBE6275AE8,0x1,98,0.163265306122,6,NA,0x0,0xC,0,0
8,16,1,0x884833BBE6275AE8,0x1,94,0.170212765957,0,NA,0x0,0x5,0,0
8,16,2,0x884833BBE6275AE8,0x1,125,0.128000000000,0,NA,0x0,0x0,0,0
8,16,3,0x884833BBE6275AE8,0x1,86,0.186046511628,0,NA,0x0,0x0,0,0
8,16,4,0x884833BBE6275AE8,0x1,80,0.200000000000,0,NA,0x0,0x5,0,0
8,16,5,0x884833BBE6275AE8,0x1,65,0.246153846154,0,NA,0x0,0x1,0,0
8,16,6,0x884833BBE6275AE8,0x1,67,0.238805970149,0,NA,0x0,0x1,0,0
8,16,7,0x884833BBE6275AE8,0x1,101,0.158415841584,0,NA,0x0,0x1,0,0
8,24,0,0x884833BBE6275AE8,0x1,135,0.177777777778,5,NA,0x0,0xC,0,0
8,24,1,0x884833BBE6275AE8,0x1,135,0.177777777778,0,NA,0x0,0x5,0,0
8,24,2,0x884833BBE6275AE8,0x1,168,0.142857142857,0,NA,0x0,0x0,0,0
8,24,3,0x884833BBE6275AE8,0x1,104,0.230769230769,0,NA,0x0,0x0,0,0
8,24,4,0x884833BBE6275AE8,0x1,130,0.184615384615,0,NA,0x0,0x5,0,0
8,24,5,0x884833BBE6275AE8,0x1,117,0.205128205128,0,NA,0x0,0x1,0,0
8,24,6,0x884833BBE6275AE8,0x1,96,0.250000000000,0,NA,0x0,0x1,0,0
8,24,7,0x884833BBE6275AE8,0x1,132,0.181818181818,0,NA,0x0,0x1,0,0
8,32,0,0x884833BBE6275AE8,0x1,160,0.200000000000,3,NA,0x0,0xC,0,0
8,32,1,0x884833BBE6275AE8,0x1,181,0.176795580110,0,NA,0x0,0x5,0,0
8,32,2,0x884833BBE6275AE8,0x1,213,0.150234741784,0,NA,0x0,0x0,0,0
8,32,3,0x884833BBE6275AE8,0x1,156,0.205128205128,0,NA,0x0,0x0,0,0
8,32,4,0x884833BBE6275AE8,0x1,187,0.171122994652,0,NA,0x0,0x5,0,0
8,32,5,0x884833BBE6275AE8,0x1,176,0.181818181818,0,NA,0x0,0x1,0,0
8,32,6,0x884833BBE6275AE8,0x1,155,0.206451612903,0,NA,0x0,0x1,0,0
8,32,7,0x884833BBE6275AE8,0x1,174,0.183908045977,0,NA,0x0,0x1,0,0
8,40,0,0x884833BBE6275AE8,0x1,227,0.176211453744,2,NA,0x0,0xC,0,0
8,40,1,0x884833BBE6275AE8,0x1,243,0.164609053498,0,NA,0x0,0x5,0,0
8,40,2,0x884833BBE6275AE8,0x1,256,0.156250000000,0,NA,0x0,0x0,0,0
8,40,3,0x884833BBE6275AE8,0x1,182,0.219780219780,0,NA,0x0,0x0,0,0
8,40,4,0x884833BBE6275AE8,0x1,245,0.163265306122,0,NA,0x0,0x5,0,0
8,40,5,0x884833BBE6275AE8,0x1,222,0.180180180180,0,NA,0x0,0x1,0,0
8,40,6,0x884833BBE6275AE8,0x1,205,0.195121951220,0,NA,0x0,0x1,0,0
8,40,7,0x884833BBE6275AE8,0x1,230,0.173913043478,0,NA,0x0,0x1,0,0
8,48,0,0x884833BBE6275AE8,0x1,277,0.173285198556,1,0xD,0xC,0xC,1,1
8,48,1,0x884833BBE6275AE8,0x1,277,0.173285198556,2,NA,0x0,0x5,0,0
8,48,2,0x884833BBE6275AE8,0x1,321,0.149532710280,0,NA,0x0,0x0,0,0
8,48,3,0x884833BBE6275AE8,0x1,252,0.190476190476,0,NA,0x0,0x0,0,0
8,48,4,0x884833BBE6275AE8,0x1,312,0.153846153846,0,NA,0x0,0x5,0,0
8,48,5,0x884833BBE6275AE8,0x1,259,0.185328185328,0,NA,0x0,0x1,0,0
8,48,6,0x884833BBE6275AE8,0x1,246,0.195121951220,0,NA,0x0,0x1,0,0
8,48,7,0x884833BBE6275AE8,0x1,282,0.170212765957,0,NA,0x0,0x1,0,0
8,56,0,0x884833BBE6275AE8,0x1,304,0.184210526316,1,0xD,0xC,0xC,1,1
8,56,1,0x884833BBE6275AE8,0x1,307,0.182410423453,2,NA,0x0,0x5,0,0
8,56,2,0x884833BBE6275AE8,0x1,363,0.154269972452,0,NA,0x0,0x0,0,0
8,56,3,0x884833BBE6275AE8,0x1,305,0.183606557377,0,NA,0x0,0x0,0,0
8,56,4,0x884833BBE6275AE8,0x1,387,0.144702842377,0,NA,0x0,0x5,0,0
8,56,5,0x884833BBE6275AE8,0x1,313,0.178913738019,0,NA,0x0,0x1,0,0
8,56,6,0x884833BBE6275AE8,0x1,281,0.199288256228,0,NA,0x0,0x1,0,0
8,56,7,0x884833BBE6275AE8,0x1,342,0.163742690058,0,NA,0x0,0x1,0,0
8,64,0,0x884833BBE6275AE8,0x1,371,0.172506738544,1,0xD,0xC,0xC,1,1
8,64,1,0x884833BBE6275AE8,0x1,354,0.180790960452,1,0x4,0x5,0x5,1,1
8,64,2,0x884833BBE6275AE8,0x1,405,0.158024691358,1,0x1,0x0,0x0,1,1
8,64,3,0x884833BBE6275AE8,0x1,364,0.175824175824,1,0x1,0x0,0x0,1,1
8,64,4,0x884833BBE6275AE8,0x1,438,0.146118721461,1,0x4,0x5,0x5,1,1
8,64,5,0x884833BBE6275AE8,0x1,378,0.169312169312,1,0x0,0x1,0x1,1,1
8,64,6,0x884833BBE6275AE8,0x1,321,0.199376947040,1,0x0,0x1,0x1,1,1
8,64,7,0x884833BBE6275AE8,0x1,395,0.162025316456,1,0x0,0x1,0x1,1,1
8,72,0,0x884833BBE6275AE8,0x1,425,0.169411764706,1,0xD,0xC,0xC,1,1
8,72,1,0x884833BBE6275AE8,0x1,421,0.171021377672,1,0x4,0x5,0x5,1,1
8,72,2,0x884833BBE6275AE8,0x1,442,0.162895927602,1,0x1,0x0,0x0,1,1
8,72,3,0x884833BBE6275AE8,0x1,396,0.181818181818,1,0x1,0x0,0x0,1,1
8,72,4,0x884833BBE6275AE8,0x1,473,0.152219873150,1,0x4,0x5,0x5,1,1
8,72,5,0x884833BBE6275AE8,0x1,424,0.169811320755,1,0x0,0x1,0x1,1,1
8,72,6,0x884833BBE6275AE8,0x1,422,0.170616113744,1,0x0,0x1,0x1,1,1
8,72,7,0x884833BBE6275AE8,0x1,427,0.168618266979,1,0x0,0x1,0x1,1,1
8,80,0,0x884833BBE6275AE8,0x1,466,0.171673819742,1,0xD,0xC,0xC,1,1
8,80,1,0x884833BBE6275AE8,0x1,497,0.160965794769,1,0x4,0x5,0x5,1,1
8,80,2,0x884833BBE6275AE8,0x1,474,0.168776371308,1,0x1,0x0,0x0,1,1
8,80,3,0x884833BBE6275AE8,0x1,446,0.179372197309,1,0x1,0x0,0x0,1,1
8,80,4,0x884833BBE6275AE8,0x1,509,0.157170923379,1,0x4,0x5,0x5,1,1
8,80,5,0x884833BBE6275AE8,0x1,505,0.158415841584,1,0x0,0x1,0x1,1,1
8,80,6,0x884833BBE6275AE8,0x1,487,0.164271047228,1,0x0,0x1,0x1,1,1
8,80,7,0x884833BBE6275AE8,0x1,491,0.162932790224,1,0x0,0x1,0x1,1,1
8,96,0,0x884833BBE6275AE8,0x1,579,0.165803108808,1,0xD,0xC,0xC,1,1
8,96,1,0x884833BBE6275AE8,0x1,597,0.160804020101,1,0x4,0x5,0x5,1,1
8,96,2,0x884833BBE6275AE8,0x1,571,0.168126094571,1,0x1,0x0,0x0,1,1
8,96,3,0x884833BBE6275AE8,0x1,545,0.176146788991,1,0x1,0x0,0x0,1,1
8,96,4,0x884833BBE6275AE8,0x1,610,0.157377049180,1,0x4,0x5,0x5,1,1
8,96,5,0x884833BBE6275AE8,0x1,613,0.156606851550,1,0x0,0x1,0x1,1,1
8,96,6,0x884833BBE6275AE8,0x1,575,0.166956521739,1,0x0,0x1,0x1,1,1
8,96,7,0x884833BBE6275AE8,0x1,586,0.163822525597,1,0x0,0x1,0x1,1,1
8,112,0,0x884833BBE6275AE8,0x1,666,0.168168168168,1,0xD,0xC,0xC,1,1
8,112,1,0x884833BBE6275AE8,0x1,692,0.161849710983,1,0x4,0x5,0x5,1,1
8,112,2,0x884833BBE6275AE8,0x1,665,0.168421052632,1,0x1,0x0,0x0,1,1
8,112,3,0x884833BBE6275AE8,0x1,641,0.174726989080,1,0x1,0x0,0x0,1,1
8,112,4,0x884833BBE6275AE8,0x1,679,0.164948453608,1,0x4,0x5,0x5,1,1
8,112,5,0x884833BBE6275AE8,0x1,713,0.157082748948,1,0x0,0x1,0x1,1,1
8,112,6,0x884833BBE6275AE8,0x1,679,0.164948453608,1,0x0,0x1,0x1,1,1
8,112,7,0x884833BBE6275AE8,0x1,735,0.152380952381,1,0x0,0x1,0x1,1,1
8,128,0,0x884833BBE6275AE8,0x1,753,0.169986719788,1,0xD,0xC,0xC,1,1
8,128,1,0x884833BBE6275AE8,0x1,781,0.163892445583,1,0x4,0x5,0x5,1,1
8,128,2,0x884833BBE6275AE8,0x1,756,0.169312169312,1,0x1,0x0,0x0,1,1
8,128,3,0x884833BBE6275AE8,0x1,712,0.179775280899,1,0x1,0x0,0x0,1,1
8,128,4,0x884833BBE6275AE8,0x1,751,0.170439414115,1,0x4,0x5,0x5,1,1
8,128,5,0x884833BBE6275AE8,0x1,764,0.167539267016,1,0x0,0x1,0x1,1,1
8,128,6,0x884833BBE6275AE8,0x1,771,0.166018158236,1,0x0,0x1,0x1,1,1
8,128,7,0x884833BBE6275AE8,0x1,823,0.155528554070,1,0x0,0x1,0x1,1,1
8,160,0,0x884833BBE6275AE8,0x1,921,0.173724212812,1,0xD,0xC,0xC,1,1
8,160,1,0x884833BBE6275AE8,0x1,942,0.169851380042,1,0x4,0x5,0x5,1,1
8,160,2,0x884833BBE6275AE8,0x1,913,0.175246440307,1,0x1,0x0,0x0,1,1
8,160,3,0x884833BBE6275AE8,0x1,896,0.178571428571,1,0x1,0x0,0x0,1,1
8,160,4,0x884833BBE6275AE8,0x1,919,0.174102285092,1,0x4,0x5,0x5,1,1
8,160,5,0x884833BBE6275AE8,0x1,1027,0.155793573515,1,0x0,0x1,0x1,1,1
8,160,6,0x884833BBE6275AE8,0x1,965,0.165803108808,1,0x0,0x1,0x1,1,1
8,160,7,0x884833BBE6275AE8,0x1,985,0.162436548223,1,0x0,0x1,0x1,1,1
8,192,0,0x884833BBE6275AE8,0x1,1084,0.177121771218,1,0xD,0xC,0xC,1,1
8,192,1,0x884833BBE6275AE8,0x1,1153,0.166522116219,1,0x4,0x5,0x5,1,1
8,192,2,0x884833BBE6275AE8,0x1,1084,0.177121771218,1,0x1,0x0,0x0,1,1
8,192,3,0x884833BBE6275AE8,0x1,1094,0.175502742230,1,0x1,0x0,0x0,1,1
8,192,4,0x884833BBE6275AE8,0x1,1156,0.166089965398,1,0x4,0x5,0x5,1,1
8,192,5,0x884833BBE6275AE8,0x1,1210,0.158677685950,1,0x0,0x1,0x1,1,1
8,192,6,0x884833BBE6275AE8,0x1,1151,0.166811468288,1,0x0,0x1,0x1,1,1
8,192,7,0x884833BBE6275AE8,0x1,1175,0.163404255319,1,0x0,0x1,0x1,1,1
8,256,0,0x884833BBE6275AE8,0x1,1483,0.172623061362,1,0xD,0xC,0xC,1,1
8,256,1,0x884833BBE6275AE8,0x1,1542,0.166018158236,1,0x4,0x5,0x5,1,1
8,256,2,0x884833BBE6275AE8,0x1,1434,0.178521617852,1,0x1,0x0,0x0,1,1
8,256,3,0x884833BBE6275AE8,0x1,1439,0.177901320361,1,0x1,0x0,0x0,1,1
8,256,4,0x884833BBE6275AE8,0x1,1476,0.173441734417,1,0x4,0x5,0x5,1,1
8,256,5,0x884833BBE6275AE8,0x1,1556,0.164524421594,1,0x0,0x1,0x1,1,1
8,256,6,0x884833BBE6275AE8,0x1,1560,0.164102564103,1,0x0,0x1,0x1,1,1
8,256,7,0x884833BBE6275AE8,0x1,1534,0.166883963494,1,0x0,0x1,0x1,1,1
9,16,0,0xE8BEB9F6CBCE3011,0x4,72,0.222222222222,5,NA,0x0,0x8,0,0
9,16,1,0xE8BEB9F6CBCE3011,0x4,111,0.144144144144,0,NA,0x0,0x8,0,0
9,16,2,0xE8BEB9F6CBCE3011,0x4,129,0.124031007752,0,NA,0x0,0xE,0,0
9,16,3,0xE8BEB9F6CBCE3011,0x4,97,0.164948453608,0,NA,0x0,0xC,0,0
9,16,4,0xE8BEB9F6CBCE3011,0x4,101,0.158415841584,0,NA,0x0,0x8,0,0
9,16,5,0xE8BEB9F6CBCE3011,0x4,89,0.179775280899,0,NA,0x0,0x6,0,0
9,16,6,0xE8BEB9F6CBCE3011,0x4,86,0.186046511628,0,NA,0x0,0xB,0,0
9,16,7,0xE8BEB9F6CBCE3011,0x4,93,0.172043010753,0,NA,0x0,0xD,0,0
9,24,0,0xE8BEB9F6CBCE3011,0x4,142,0.169014084507,3,NA,0x0,0x8,0,0
9,24,1,0xE8BEB9F6CBCE3011,0x4,177,0.135593220339,0,NA,0x0,0x8,0,0
9,24,2,0xE8BEB9F6CBCE3011,0x4,168,0.142857142857,0,NA,0x0,0xE,0,0
9,24,3,0xE8BEB9F6CBCE3011,0x4,161,0.149068322981,0,NA,0x0,0xC,0,0
9,24,4,0xE8BEB9F6CBCE3011,0x4,152,0.157894736842,0,NA,0x0,0x8,0,0
9,24,5,0xE8BEB9F6CBCE3011,0x4,132,0.181818181818,0,NA,0x0,0x6,0,0
9,24,6,0xE8BEB9F6CBCE3011,0x4,149,0.161073825503,0,NA,0x0,0xB,0,0
9,24,7,0xE8BEB9F6CBCE3011,0x4,135,0.177777777778,0,NA,0x0,0xD,0,0
9,32,0,0xE8BEB9F6CBCE3011,0x4,176,0.181818181818,3,NA,0x0,0x8,0,0
9,32,1,0xE8BEB9F6CBCE3011,0x4,241,0.132780082988,0,NA,0x0,0x8,0,0
9,32,2,0xE8BEB9F6CBCE3011,0x4,202,0.158415841584,0,NA,0x0,0xE,0,0
9,32,3,0xE8BEB9F6CBCE3011,0x4,239,0.133891213389,0,NA,0x0,0xC,0,0
9,32,4,0xE8BEB9F6CBCE3011,0x4,230,0.139130434783,0,NA,0x0,0x8,0,0
9,32,5,0xE8BEB9F6CBCE3011,0x4,171,0.187134502924,0,NA,0x0,0x6,0,0
9,32,6,0xE8BEB9F6CBCE3011,0x4,196,0.163265306122,0,NA,0x0,0xB,0,0
9,32,7,0xE8BEB9F6CBCE3011,0x4,169,0.189349112426,0,NA,0x0,0xD,0,0
9,40,0,0xE8BEB9F6CBCE3011,0x4,212,0.188679245283,2,NA,0x0,0x8,0,0
9,40,1,0xE8BEB9F6CBCE3011,0x4,292,0.136986301370,0,NA,0x0,0x8,0,0
9,40,2,0xE8BEB9F6CBCE3011,0x4,237,0.168776371308,0,NA,0x0,0xE,0,0
9,40,3,0xE8BEB9F6CBCE3011,0x4,290,0.137931034483,0,NA,0x0,0xC,0,0
9,40,4,0xE8BEB9F6CBCE3011,0x4,267,0.149812734082,0,NA,0x0,0x8,0,0
9,40,5,0xE8BEB9F6CBCE3011,0x4,204,0.196078431373,0,NA,0x0,0x6,0,0
9,40,6,0xE8BEB9F6CBCE3011,0x4,237,0.168776371308,0,NA,0x0,0xB,0,0
9,40,7,0xE8BEB9F6CBCE3011,0x4,214,0.186915887850,0,NA,0x0,0xD,0,0
9,48,0,0xE8BEB9F6CBCE3011,0x4,268,0.179104477612,1,0xC,0x8,0x8,1,1
9,48,1,0xE8BEB9F6CBCE3011,0x4,330,0.145454545455,1,0xC,0x8,0x8,1,1
9,48,2,0xE8BEB9F6CBCE3011,0x4,284,0.169014084507,1,0xA,0xE,0xE,1,1
9,48,3,0xE8BEB9F6CBCE3011,0x4,310,0.154838709677,1,0x8,0xC,0xC,1,1
9,48,4,0xE8BEB9F6CBCE3011,0x4,308,0.155844155844,1,0xC,0x8,0x8,1,1
9,48,5,0xE8BEB9F6CBCE3011,0x4,224,0.214285714286,2,NA,0x0,0x6,0,0
9,48,6,0xE8BEB9F6CBCE3011,0x4,285,0.168421052632,0,NA,0x0,0xB,0,0
9,48,7,0xE8BEB9F6CBCE3011,0x4,263,0.182509505703,0,NA,0x0,0xD,0,0
9,56,0,0xE8BEB9F6CBCE3011,0x4,295,0.189830508475,1,0xC,0x8,0x8,1,1
9,56,1,0xE8BEB9F6CBCE3011,0x4,364,0.153846153846,1,0xC,0x8,0x8,1,1
9,56,2,0xE8BEB9F6CBCE3011,0x4,339,0.165191740413,1,0xA,0xE,0xE,1,1
9,56,3,0xE8BEB9F6CBCE3011,0x4,352,0.159090909091,1,0x8,0xC,0xC,1,1
9,56,4,0xE8BEB9F6CBCE3011,0x4,352,0.159090909091,1,0xC,0x8,0x8,1,1
9,56,5,0xE8BEB9F6CBCE3011,0x4,291,0.192439862543,2,NA,0x0,0x6,0,0
9,56,6,0xE8BEB9F6CBCE3011,0x4,334,0.167664670659,0,NA,0x0,0xB,0,0
9,56,7,0xE8BEB9F6CBCE3011,0x4,312,0.179487179487,0,NA,0x0,0xD,0,0
9,64,0,0xE8BEB9F6CBCE3011,0x4,375,0.170666666667,1,0xC,0x8,0x8,1,1
9,64,1,0xE8BEB9F6CBCE3011,0x4,423,0.151300236407,1,0xC,0x8,0x8,1,1
9,64,2,0xE8BEB9F6CBCE3011,0x4,388,0.164948453608,1,0xA,0xE,0xE,1,1
9,64,3,0xE8BEB9F6CBCE3011,0x4,379,0.168865435356,1,0x8,0xC,0xC,1,1
9,64,4,0xE8BEB9F6CBCE3011,0x4,389,0.164524421594,1,0xC,0x8,0x8,1,1
9,64,5,0xE8BEB9F6CBCE3011,0x4,326,0.196319018405,2,NA,0x0,0x6,0,0
9,64,6,0xE8BEB9F6CBCE3011,0x4,389,0.164524421594,0,NA,0x0,0xB,0,0
9,64,7,0xE8BEB9F6CBCE3011,0x4,368,0.173913043478,0,NA,0x0,0xD,0,0
9,72,0,0xE8BEB9F6CBCE3011,0x4,405,0.177777777778,1,0xC,0x8,0x8,1,1
9,72,1,0xE8BEB9F6CBCE3011,0x4,440,0.163636363636,1,0xC,0x8,0x8,1,1
9,72,2,0xE8BEB9F6CBCE3011,0x4,414,0.173913043478,1,0xA,0xE,0xE,1,1
9,72,3,0xE8BEB9F6CBCE3011,0x4,446,0.161434977578,1,0x8,0xC,0xC,1,1
9,72,4,0xE8BEB9F6CBCE3011,0x4,459,0.156862745098,1,0xC,0x8,0x8,1,1
9,72,5,0xE8BEB9F6CBCE3011,0x4,365,0.197260273973,2,NA,0x0,0x6,0,0
9,72,6,0xE8BEB9F6CBCE3011,0x4,412,0.174757281553,0,NA,0x0,0xB,0,0
9,72,7,0xE8BEB9F6CBCE3011,0x4,410,0.175609756098,0,NA,0x0,0xD,0,0
9,80,0,0xE8BEB9F6CBCE3011,0x4,495,0.161616161616,1,0xC,0x8,0x8,1,1
9,80,1,0xE8BEB9F6CBCE3011,0x4,504,0.158730158730,1,0xC,0x8,0x8,1,1
9,80,2,0xE8BEB9F6CBCE3011,0x4,436,0.183486238532,1,0xA,0xE,0xE,1,1
9,80,3,0xE8BEB9F6CBCE3011,0x4,494,0.161943319838,1,0x8,0xC,0xC,1,1
9,80,4,0xE8BEB9F6CBCE3011,0x4,488,0.163934426230,1,0xC,0x8,0x8,1,1
9,80,5,0xE8BEB9F6CBCE3011,0x4,419,0.190930787589,2,NA,0x0,0x6,0,0
9,80,6,0xE8BEB9F6CBCE3011,0x4,455,0.175824175824,0,NA,0x0,0xB,0,0
9,80,7,0xE8BEB9F6CBCE3011,0x4,480,0.166666666667,0,NA,0x0,0xD,0,0
9,96,0,0xE8BEB9F6CBCE3011,0x4,603,0.159203980100,1,0xC,0x8,0x8,1,1
9,96,1,0xE8BEB9F6CBCE3011,0x4,596,0.161073825503,1,0xC,0x8,0x8,1,1
9,96,2,0xE8BEB9F6CBCE3011,0x4,560,0.171428571429,1,0xA,0xE,0xE,1,1
9,96,3,0xE8BEB9F6CBCE3011,0x4,604,0.158940397351,1,0x8,0xC,0xC,1,1
9,96,4,0xE8BEB9F6CBCE3011,0x4,587,0.163543441227,1,0xC,0x8,0x8,1,1
9,96,5,0xE8BEB9F6CBCE3011,0x4,532,0.180451127820,2,NA,0x0,0x6,0,0
9,96,6,0xE8BEB9F6CBCE3011,0x4,531,0.180790960452,0,NA,0x0,0xB,0,0
9,96,7,0xE8BEB9F6CBCE3011,0x4,556,0.172661870504,0,NA,0x0,0xD,0,0
9,112,0,0xE8BEB9F6CBCE3011,0x4,694,0.161383285303,1,0xC,0x8,0x8,1,1
9,112,1,0xE8BEB9F6CBCE3011,0x4,683,0.163982430454,1,0xC,0x8,0x8,1,1
9,112,2,0xE8BEB9F6CBCE3011,0x4,676,0.165680473373,1,0xA,0xE,0xE,1,1
9,112,3,0xE8BEB9F6CBCE3011,0x4,699,0.160228898426,1,0x8,0xC,0xC,1,1
9,112,4,0xE8BEB9F6CBCE3011,0x4,703,0.159317211949,1,0xC,0x8,0x8,1,1
9,112,5,0xE8BEB9F6CBCE3011,0x4,602,0.186046511628,1,0x2,0x6,0x6,1,1
9,112,6,0xE8BEB9F6CBCE3011,0x4,652,0.171779141104,1,0xF,0xB,0xB,1,1
9,112,7,0xE8BEB9F6CBCE3011,0x4,661,0.169440242057,1,0x9,0xD,0xD,1,1
9,128,0,0xE8BEB9F6CBCE3011,0x4,782,0.163682864450,1,0xC,0x8,0x8,1,1
9,128,1,0xE8BEB9F6CBCE3011,0x4,824,0.155339805825,1,0xC,0x8,0x8,1,1
9,128,2,0xE8BEB9F6CBCE3011,0x4,759,0.168642951252,1,0xA,0xE,0xE,1,1
9,128,3,0xE8BEB9F6CBCE3011,0x4,793,0.161412358134,1,0x8,0xC,0xC,1,1
9,128,4,0xE8BEB9F6CBCE3011,0x4,789,0.162230671736,1,0xC,0x8,0x8,1,1
9,128,5,0xE8BEB9F6CBCE3011,0x4,677,0.189069423929,1,0x2,0x6,0x6,1,1
9,128,6,0xE8BEB9F6CBCE3011,0x4,739,0.173207036536,1,0xF,0xB,0xB,1,1
9,128,7,0xE8BEB9F6CBCE3011,0x4,746,0.171581769437,1,0x9,0xD,0xD,1,1
9,160,0,0xE8BEB9F6CBCE3011,0x4,935,0.171122994652,1,0xC,0x8,0x8,1,1
9,160,1,0xE8BEB9F6CBCE3011,0x4,1006,0.159045725646,1,0xC,0x8,0x8,1,1
9,160,2,0xE8BEB9F6CBCE3011,0x4,948,0.168776371308,1,0xA,0xE,0xE,1,1
9,160,3,0xE8BEB9F6CBCE3011,0x4,992,0.161290322581,1,0x8,0xC,0xC,1,1
9,160,4,0xE8BEB9F6CBCE3011,0x4,992,0.161290322581,1,0xC,0x8,0x8,1,1
9,160,5,0xE8BEB9F6CBCE3011,0x4,974,0.164271047228,1,0x2,0x6,0x6,1,1
9,160,6,0xE8BEB9F6CBCE3011,0x4,935,0.171122994652,1,0xF,0xB,0xB,1,1
9,160,7,0xE8BEB9F6CBCE3011,0x4,906,0.176600441501,1,0x9,0xD,0xD,1,1
9,192,0,0xE8BEB9F6CBCE3011,0x4,1120,0.171428571429,1,0xC,0x8,0x8,1,1
9,192,1,0xE8BEB9F6CBCE3011,0x4,1165,0.164806866953,1,0xC,0x8,0x8,1,1
9,192,2,0xE8BEB9F6CBCE3011,0x4,1187,0.161752316765,1,0xA,0xE,0xE,1,1
9,192,3,0xE8BEB9F6CBCE3011,0x4,1185,0.162025316456,1,0x8,0xC,0xC,1,1
9,192,4,0xE8BEB9F6CBCE3011,0x4,1199,0.160133444537,1,0xC,0x8,0x8,1,1
9,192,5,0xE8BEB9F6CBCE3011,0x4,1153,0.166522116219,1,0x2,0x6,0x6,1,1
9,192,6,0xE8BEB9F6CBCE3011,0x4,1119,0.171581769437,1,0xF,0xB,0xB,1,1
9,192,7,0xE8BEB9F6CBCE3011,0x4,1101,0.174386920981,1,0x9,0xD,0xD,1,1
9,256,0,0xE8BEB9F6CBCE3011,0x4,1545,0.165695792880,1,0xC,0x8,0x8,1,1
9,256,1,0xE8BEB9F6CBCE3011,0x4,1473,0.173794976239,1,0xC,0x8,0x8,1,1
9,256,2,0xE8BEB9F6CBCE3011,0x4,1556,0.164524421594,1,0xA,0xE,0xE,1,1
9,256,3,0xE8BEB9F6CBCE3011,0x4,1559,0.164207825529,1,0x8,0xC,0xC,1,1
9,256,4,0xE8BEB9F6CBCE3011,0x4,1598,0.160200250313,1,0xC,0x8,0x8,1,1
9,256,5,0xE8BEB9F6CBCE3011,0x4,1569,0.163161249203,1,0x2,0x6,0x6,1,1
9,256,6,0xE8BEB9F6CBCE3011,0x4,1460,0.175342465753,1,0xF,0xB,0xB,1,1
9,256,7,0xE8BEB9F6CBCE3011,0x4,1462,0.175102599179,1,0x9,0xD,0xD,1,1
10,16,0,0xB5E073D580E46841,0x7,153,0.104575163399,6,NA,0x0,0x7,0,0
10,16,1,0xB5E073D580E46841,0x7,98,0.163265306122,0,NA,0x0,0x8,0,0
10,16,2,0xB5E073D580E46841,0x7,106,0.150943396226,0,NA,0x0,0x8,0,0
10,16,3,0xB5E073D580E46841,0x7,90,0.177777777778,0,NA,0x0,0x5,0,0
10,16,4,0xB5E073D580E46841,0x7,144,0.111111111111,0,NA,0x0,0xB,0,0
10,16,5,0xB5E073D580E46841,0x7,63,0.253968253968,0,NA,0x0,0xC,0,0
10,16,6,0xB5E073D580E46841,0x7,79,0.202531645570,0,NA,0x0,0x8,0,0
10,16,7,0xB5E073D580E46841,0x7,101,0.158415841584,0,NA,0x0,0xE,0,0
10,24,0,0xB5E073D580E46841,0x7,209,0.114832535885,4,NA,0x0,0x7,0,0
10,24,1,0xB5E073D580E46841,0x7,169,0.142011834320,0,NA,0x0,0x8,0,0
10,24,2,0xB5E073D580E46841,0x7,141,0.170212765957,0,NA,0x0,0x8,0,0
10,24,3,0xB5E073D580E46841,0x7,153,0.156862745098,0,NA,0x0,0x5,0,0
10,24,4,0xB5E073D580E46841,0x7,194,0.123711340206,0,NA,0x0,0xB,0,0
10,24,5,0xB5E073D580E46841,0x7,103,0.233009708738,0,NA,0x0,0xC,0,0
10,24,6,0xB5E073D580E46841,0x7,139,0.172661870504,0,NA,0x0,0x8,0,0
10,24,7,0xB5E073D580E46841,0x7,149,0.161073825503,0,NA,0x0,0xE,0,0
10,32,0,0xB5E073D580E46841,0x7,266,0.120300751880,4,NA,0x0,0x7,0,0
10,32,1,0xB5E073D580E46841,0x7,209,0.153110047847,0,NA,0x0,0x8,0,0
10,32,2,0xB5E073D580E46841,0x7,177,0.180790960452,0,NA,0x0,0x8,0,0
10,32,3,0xB5E073D580E46841,0x7,196,0.163265306122,0,NA,0x0,0x5,0,0
10,32,4,0xB5E073D580E46841,0x7,255,0.125490196078,0,NA,0x0,0xB,0,0
10,32,5,0xB5E073D580E46841,0x7,175,0.182857142857,0,NA,0x0,0xC,0,0
10,32,6,0xB5E073D580E46841,0x7,190,0.168421052632,0,NA,0x0,0x8,0,0
10,32,7,0xB5E073D580E46841,0x7,187,0.171122994652,0,NA,0x0,0xE,0,0
10,40,0,0xB5E073D580E46841,0x7,311,0.128617363344,1,0x0,0x7,0x7,1,1
10,40,1,0xB5E073D580E46841,0x7,271,0.147601476015,2,NA,0x0,0x8,0,0
10,40,2,0xB5E073D580E46841,0x7,254,0.157480314961,0,NA,0x0,0x8,0,0
10,40,3,0xB5E073D580E46841,0x7,259,0.154440154440,0,NA,0x0,0x5,0,0
10,40,4,0xB5E073D580E46841,0x7,295,0.135593220339,0,NA,0x0,0xB,0,0
10,40,5,0xB5E073D580E46841,0x7,249,0.160642570281,0,NA,0x0,0xC,0,0
10,40,6,0xB5E073D580E46841,0x7,250,0.160000000000,0,NA,0x0,0x8,0,0
10,40,7,0xB5E073D580E46841,0x7,238,0.168067226891,0,NA,0x0,0xE,0,0
10,48,0,0xB5E073D580E46841,0x7,352,0.136363636364,1,0x0,0x7,0x7,1,1
10,48,1,0xB5E073D580E46841,0x7,314,0.152866242038,2,NA,0x0,0x8,0,0
10,48,2,0xB5E073D580E46841,0x7,288,0.166666666667,0,NA,0x0,0x8,0,0
10,48,3,0xB5E073D580E46841,0x7,300,0.160000000000,0,NA,0x0,0x5,0,0
10,48,4,0xB5E073D580E46841,0x7,327,0.146788990826,0,NA,0x0,0xB,0,0
10,48,5,0xB5E073D580E46841,0x7,326,0.147239263804,0,NA,0x0,0xC,0,0
10,48,6,0xB5E073D580E46841,0x7,317,0.151419558360,0,NA,0x0,0x8,0,0
10,48,7,0xB5E073D580E46841,0x7,290,0.165517241379,0,NA,0x0,0xE,0,0
10,56,0,0xB5E073D580E46841,0x7,390,0.143589743590,1,0x0,0x7,0x7,1,1
10,56,1,0xB5E073D580E46841,0x7,383,0.146214099217,2,NA,0x0,0x8,0,0
10,56,2,0xB5E073D580E46841,0x7,349,0.160458452722,0,NA,0x0,0x8,0,0
10,56,3,0xB5E073D580E46841,0x7,352,0.159090909091,0,NA,0x0,0x5,0,0
10,56,4,0xB5E073D580E46841,0x7,388,0.144329896907,0,NA,0x0,0xB,0,0
10,56,5,0xB5E073D580E46841,0x7,385,0.145454545455,0,NA,0x0,0xC,0,0
10,56,6,0xB5E073D580E46841,0x7,371,0.150943396226,0,NA,0x0,0x8,0,0
10,56,7,0xB5E073D580E46841,0x7,310,0.180645161290,0,NA,0x0,0xE,0,0
10,64,0,0xB5E073D580E46841,0x7,453,0.141280353201,1,0x0,0x7,0x7,1,1
10,64,1,0xB5E073D580E46841,0x7,423,0.151300236407,2,NA,0x0,0x8,0,0
10,64,2,0xB5E073D580E46841,0x7,394,0.162436548223,0,NA,0x0,0x8,0,0
10,64,3,0xB5E073D580E46841,0x7,420,0.152380952381,0,NA,0x0,0x5,0,0
10,64,4,0xB5E073D580E46841,0x7,446,0.143497757848,0,NA,0x0,0xB,0,0
10,64,5,0xB5E073D580E46841,0x7,421,0.152019002375,0,NA,0x0,0xC,0,0
10,64,6,0xB5E073D580E46841,0x7,422,0.151658767773,0,NA,0x0,0x8,0,0
10,64,7,0xB5E073D580E46841,0x7,342,0.187134502924,0,NA,0x0,0xE,0,0
10,72,0,0xB5E073D580E46841,0x7,498,0.144578313253,1,0x0,0x7,0x7,1,1
10,72,1,0xB5E073D580E46841,0x7,463,0.155507559395,2,NA,0x0,0x8,0,0
10,72,2,0xB5E073D580E46841,0x7,462,0.155844155844,0,NA,0x0,0x8,0,0
10,72,3,0xB5E073D580E46841,0x7,443,0.162528216704,0,NA,0x0,0x5,0,0
10,72,4,0xB5E073D580E46841,0x7,523,0.137667304015,0,NA,0x0,0xB,0,0
10,72,5,0xB5E073D580E46841,0x7,457,0.157549234136,0,NA,0x0,0xC,0,0
10,72,6,0xB5E073D580E46841,0x7,459,0.156862745098,0,NA,0x0,0x8,0,0
10,72,7,0xB5E073D580E46841,0x7,413,0.174334140436,0,NA,0x0,0xE,0,0
10,80,0,0xB5E073D580E46841,0x7,543,0.147329650092,1,0x0,0x7,0x7,1,1
10,80,1,0xB5E073D580E46841,0x7,511,0.156555772994,2,NA,0x0,0x8,0,0
10,80,2,0xB5E073D580E46841,0x7,512,0.156250000000,0,NA,0x0,0x8,0,0
10,80,3,0xB5E073D580E46841,0x7,482,0.165975103734,0,NA,0x0,0x5,0,0
10,80,4,0xB5E073D580E46841,0x7,566,0.141342756184,0,NA,0x0,0xB,0,0
10,80,5,0xB5E073D580E46841,0x7,517,0.154738878143,0,NA,0x0,0xC,0,0
10,80,6,0xB5E073D580E46841,0x7,498,0.160642570281,0,NA,0x0,0x8,0,0
10,80,7,0xB5E073D580E46841,0x7,461,0.173535791757,0,NA,0x0,0xE,0,0
10,96,0,0xB5E073D580E46841,0x7,596,0.161073825503,1,0x0,0x7,0x7,1,1
10,96,1,0xB5E073D580E46841,0x7,625,0.153600000000,2,NA,0x0,0x8,0,0
10,96,2,0xB5E073D580E46841,0x7,602,0.159468438538,0,NA,0x0,0x8,0,0
10,96,3,0xB5E073D580E46841,0x7,558,0.172043010753,0,NA,0x0,0x5,0,0
10,96,4,0xB5E073D580E46841,0x7,651,0.147465437788,0,NA,0x0,0xB,0,0
10,96,5,0xB5E073D580E46841,0x7,594,0.161616161616,0,NA,0x0,0xC,0,0
10,96,6,0xB5E073D580E46841,0x7,589,0.162988115450,0,NA,0x0,0x8,0,0
10,96,7,0xB5E073D580E46841,0x7,548,0.175182481752,0,NA,0x0,0xE,0,0
10,112,0,0xB5E073D580E46841,0x7,691,0.162083936324,1,0x0,0x7,0x7,1,1
10,112,1,0xB5E073D580E46841,0x7,760,0.147368421053,1,0xF,0x8,0x8,1,1
10,112,2,0xB5E073D580E46841,0x7,713,0.157082748948,1,0xF,0x8,0x8,1,1
10,112,3,0xB5E073D580E46841,0x7,659,0.169954476480,1,0x2,0x5,0x5,1,1
10,112,4,0xB5E073D580E46841,0x7,730,0.153424657534,1,0xC,0xB,0xB,1,1
10,112,5,0xB5E073D580E46841,0x7,675,0.165925925926,1,0xB,0xC,0xC,1,1
10,112,6,0xB5E073D580E46841,0x7,656,0.170731707317,1,0xF,0x8,0x8,1,1
10,112,7,0xB5E073D580E46841,0x7,650,0.172307692308,1,0x9,0xE,0xE,1,1
10,128,0,0xB5E073D580E46841,0x7,789,0.162230671736,1,0x0,0x7,0x7,1,1
10,128,1,0xB5E073D580E46841,0x7,864,0.148148148148,1,0xF,0x8,0x8,1,1
10,128,2,0xB5E073D580E46841,0x7,784,0.163265306122,1,0xF,0x8,0x8,1,1
10,128,3,0xB5E073D580E46841,0x7,746,0.171581769437,1,0x2,0x5,0x5,1,1
10,128,4,0xB5E073D580E46841,0x7,795,0.161006289308,1,0xC,0xB,0xB,1,1
10,128,5,0xB5E073D580E46841,0x7,777,0.164736164736,1,0xB,0xC,0xC,1,1
10,128,6,0xB5E073D580E46841,0x7,751,0.170439414115,1,0xF,0x8,0x8,1,1
10,128,7,0xB5E073D580E46841,0x7,794,0.161209068010,1,0x9,0xE,0xE,1,1
10,160,0,0xB5E073D580E46841,0x7,1000,0.160000000000,1,0x0,0x7,0x7,1,1
10,160,1,0xB5E073D580E46841,0x7,1031,0.155189136760,1,0xF,0x8,0x8,1,1
10,160,2,0xB5E073D580E46841,0x7,977,0.163766632549,1,0xF,0x8,0x8,1,1
10,160,3,0xB5E073D580E46841,0x7,962,0.166320166320,1,0x2,0x5,0x5,1,1
10,160,4,0xB5E073D580E46841,0x7,952,0.168067226891,1,0xC,0xB,0xB,1,1
10,160,5,0xB5E073D580E46841,0x7,946,0.169133192389,1,0xB,0xC,0xC,1,1
10,160,6,0xB5E073D580E46841,0x7,980,0.163265306122,1,0xF,0x8,0x8,1,1
10,160,7,0xB5E073D580E46841,0x7,1014,0.157790927022,1,0x9,0xE,0xE,1,1
10,192,0,0xB5E073D580E46841,0x7,1117,0.171888988362,1,0x0,0x7,0x7,1,1
10,192,1,0xB5E073D580E46841,0x7,1213,0.158285243199,1,0xF,0x8,0x8,1,1
10,192,2,0xB5E073D580E46841,0x7,1184,0.162162162162,1,0xF,0x8,0x8,1,1
10,192,3,0xB5E073D580E46841,0x7,1181,0.162574089754,1,0x2,0x5,0x5,1,1
10,192,4,0xB5E073D580E46841,0x7,1118,0.171735241503,1,0xC,0xB,0xB,1,1
10,192,5,0xB5E073D580E46841,0x7,1156,0.166089965398,1,0xB,0xC,0xC,1,1
10,192,6,0xB5E073D580E46841,0x7,1117,0.171888988362,1,0xF,0x8,0x8,1,1
10,192,7,0xB5E073D580E46841,0x7,1230,0.156097560976,1,0x9,0xE,0xE,1,1
10,256,0,0xB5E073D580E46841,0x7,1611,0.158907510863,1,0x0,0x7,0x7,1,1
10,256,1,0xB5E073D580E46841,0x7,1566,0.163473818646,1,0xF,0x8,0x8,1,1
10,256,2,0xB5E073D580E46841,0x7,1501,0.170552964690,1,0xF,0x8,0x8,1,1
10,256,3,0xB5E073D580E46841,0x7,1505,0.170099667774,1,0x2,0x5,0x5,1,1
10,256,4,0xB5E073D580E46841,0x7,1457,0.175703500343,1,0xC,0xB,0xB,1,1
10,256,5,0xB5E073D580E46841,0x7,1571,0.162953532782,1,0xB,0xC,0xC,1,1
10,256,6,0xB5E073D580E46841,0x7,1489,0.171927468099,1,0xF,0x8,0x8,1,1
10,256,7,0xB5E073D580E46841,0x7,1622,0.157829839704,1,0x9,0xE,0xE,1,1
11,16,0,0x23DC5318B9BB087C,0x8,118,0.135593220339,7,NA,0x0,0x1,0,0
11,16,1,0x23DC5318B9BB087C,0x8,83,0.192771084337,0,NA,0x0,0x8,0,0
11,16,2,0x23DC5318B9BB087C,0x8,119,0.134453781513,0,NA,0x0,0x4,0,0
11,16,3,0x23DC5318B9BB087C,0x8,90,0.177777777778,0,NA,0x0,0x3,0,0
11,16,4,0x23DC5318B9BB087C,0x8,121,0.132231404959,0,NA,0x0,0xF,0,0
11,16,5,0x23DC5318B9BB087C,0x8,65,0.246153846154,0,NA,0x0,0x4,0,0
11,16,6,0x23DC5318B9BB087C,0x8,93,0.172043010753,0,NA,0x0,0x3,0,0
11,16,7,0x23DC5318B9BB087C,0x8,89,0.179775280899,0,NA,0x0,0xE,0,0
11,24,0,0x23DC5318B9BB087C,0x8,182,0.131868131868,4,NA,0x0,0x1,0,0
11,24,1,0x23DC5318B9BB087C,0x8,161,0.149068322981,0,NA,0x0,0x8,0,0
11,24,2,0x23DC5318B9BB087C,0x8,182,0.131868131868,0,NA,0x0,0x4,0,0
11,24,3,0x23DC5318B9BB087C,0x8,123,0.195121951220,0,NA,0x0,0x3,0,0
11,24,4,0x23DC5318B9BB087C,0x8,139,0.172661870504,0,NA,0x0,0xF,0,0
11,24,5,0x23DC5318B9BB087C,0x8,106,0.226415094340,0,NA,0x0,0x4,0,0
11,24,6,0x23DC5318B9BB087C,0x8,144,0.166666666667,0,NA,0x0,0x3,0,0
11,24,7,0x23DC5318B9BB087C,0x8,130,0.184615384615,0,NA,0x0,0xE,0,0
11,32,0,0x23DC5318B9BB087C,0x8,231,0.138528138528,3,NA,0x0,0x1,0,0
11,32,1,0x23DC5318B9BB087C,0x8,201,0.159203980100,0,NA,0x0,0x8,0,0
11,32,2,0x23DC5318B9BB087C,0x8,220,0.145454545455,0,NA,0x0,0x4,0,0
11,32,3,0x23DC5318B9BB087C,0x8,173,0.184971098266,0,NA,0x0,0x3,0,0
11,32,4,0x23DC5318B9BB087C,0x8,172,0.186046511628,0,NA,0x0,0xF,0,0
11,32,5,0x23DC5318B9BB087C,0x8,127,0.251968503937,0,NA,0x0,0x4,0,0
11,32,6,0x23DC5318B9BB087C,0x8,186,0.172043010753,0,NA,0x0,0x3,0,0
11,32,7,0x23DC5318B9BB087C,0x8,166,0.192771084337,0,NA,0x0,0xE,0,0
11,40,0,0x23DC5318B9BB087C,0x8,267,0.149812734082,2,NA,0x0,0x1,0,0
11,40,1,0x23DC5318B9BB087C,0x8,301,0.132890365449,0,NA,0x0,0x8,0,0
11,40,2,0x23DC5318B9BB087C,0x8,264,0.151515151515,0,NA,0x0,0x4,0,0
11,40,3,0x23DC5318B9BB087C,0x8,247,0.161943319838,0,NA,0x0,0x3,0,0
11,40,4,0x23DC5318B9BB087C,0x8,199,0.201005025126,0,NA,0x0,0xF,0,0
11,40,5,0x23DC5318B9BB087C,0x8,184,0.217391304348,0,NA,0x0,0x4,0,0
11,40,6,0x23DC5318B9BB087C,0x8,275,0.145454545455,0,NA,0x0,0x3,0,0
11,40,7,0x23DC5318B9BB087C,0x8,210,0.190476190476,0,NA,0x0,0xE,0,0
11,48,0,0x23DC5318B9BB087C,0x8,334,0.143712574850,1,0x9,0x1,0x1,1,1
11,48,1,0x23DC5318B9BB087C,0x8,360,0.133333333333,2,NA,0x0,0x8,0,0
11,48,2,0x23DC5318B9BB087C,0x8,363,0.132231404959,0,NA,0x0,0x4,0,0
11,48,3,0x23DC5318B9BB087C,0x8,303,0.158415841584,0,NA,0x0,0x3,0,0
11,48,4,0x23DC5318B9BB087C,0x8,260,0.184615384615,0,NA,0x0,0xF,0,0
11,48,5,0x23DC5318B9BB087C,0x8,242,0.198347107438,0,NA,0x0,0x4,0,0
11,48,6,0x23DC5318B9BB087C,0x8,309,0.155339805825,0,NA,0x0,0x3,0,0
11,48,7,0x23DC5318B9BB087C,0x8,279,0.172043010753,0,NA,0x0,0xE,0,0
11,56,0,0x23DC5318B9BB087C,0x8,393,0.142493638677,1,0x9,0x1,0x1,1,1
11,56,1,0x23DC5318B9BB087C,0x8,395,0.141772151899,1,0x0,0x8,0x8,1,1
11,56,2,0x23DC5318B9BB087C,0x8,409,0.136919315403,1,0xC,0x4,0x4,1,1
11,56,3,0x23DC5318B9BB087C,0x8,396,0.141414141414,1,0xB,0x3,0x3,1,1
11,56,4,0x23DC5318B9BB087C,0x8,290,0.193103448276,1,0x7,0xF,0xF,1,1
11,56,5,0x23DC5318B9BB087C,0x8,280,0.200000000000,1,0xC,0x4,0x4,1,1
11,56,6,0x23DC5318B9BB087C,0x8,382,0.146596858639,3,NA,0x0,0x3,0,0
11,56,7,0x23DC5318B9BB087C,0x8,324,0.172839506173,0,NA,0x0,0xE,0,0
11,64,0,0x23DC5318B9BB087C,0x8,424,0.150943396226,1,0x9,0x1,0x1,1,1
11,64,1,0x23DC5318B9BB087C,0x8,451,0.141906873614,1,0x0,0x8,0x8,1,1
11,64,2,0x23DC5318B9BB087C,0x8,448,0.142857142857,1,0xC,0x4,0x4,1,1
11,64,3,0x23DC5318B9BB087C,0x8,449,0.142538975501,1,0xB,0x3,0x3,1,1
11,64,4,0x23DC5318B9BB087C,0x8,350,0.182857142857,1,0x7,0xF,0xF,1,1
11,64,5,0x23DC5318B9BB087C,0x8,354,0.180790960452,1,0xC,0x4,0x4,1,1
11,64,6,0x23DC5318B9BB087C,0x8,445,0.143820224719,2,NA,0x0,0x3,0,0
11,64,7,0x23DC5318B9BB087C,0x8,395,0.162025316456,0,NA,0x0,0xE,0,0
11,72,0,0x23DC5318B9BB087C,0x8,477,0.150943396226,1,0x9,0x1,0x1,1,1
11,72,1,0x23DC5318B9BB087C,0x8,490,0.146938775510,1,0x0,0x8,0x8,1,1
11,72,2,0x23DC5318B9BB087C,0x8,474,0.151898734177,1,0xC,0x4,0x4,1,1
11,72,3,0x23DC5318B9BB087C,0x8,477,0.150943396226,1,0xB,0x3,0x3,1,1
11,72,4,0x23DC5318B9BB087C,0x8,422,0.170616113744,1,0x7,0xF,0xF,1,1
11,72,5,0x23DC5318B9BB087C,0x8,388,0.185567010309,1,0xC,0x4,0x4,1,1
11,72,6,0x23DC5318B9BB087C,0x8,477,0.150943396226,2,NA,0x0,0x3,0,0
11,72,7,0x23DC5318B9BB087C,0x8,447,0.161073825503,0,NA,0x0,0xE,0,0
11,80,0,0x23DC5318B9BB087C,0x8,543,0.147329650092,1,0x9,0x1,0x1,1,1
11,80,1,0x23DC5318B9BB087C,0x8,538,0.148698884758,1,0x0,0x8,0x8,1,1
11,80,2,0x23DC5318B9BB087C,0x8,510,0.156862745098,1,0xC,0x4,0x4,1,1
11,80,3,0x23DC5318B9BB087C,0x8,517,0.154738878143,1,0xB,0x3,0x3,1,1
11,80,4,0x23DC5318B9BB087C,0x8,484,0.165289256198,1,0x7,0xF,0xF,1,1
11,80,5,0x23DC5318B9BB087C,0x8,427,0.187353629977,1,0xC,0x4,0x4,1,1
11,80,6,0x23DC5318B9BB087C,0x8,529,0.151228733459,2,NA,0x0,0x3,0,0
11,80,7,0x23DC5318B9BB087C,0x8,520,0.153846153846,0,NA,0x0,0xE,0,0
11,96,0,0x23DC5318B9BB087C,0x8,656,0.146341463415,1,0x9,0x1,0x1,1,1
11,96,1,0x23DC5318B9BB087C,0x8,612,0.156862745098,1,0x0,0x8,0x8,1,1
11,96,2,0x23DC5318B9BB087C,0x8,609,0.157635467980,1,0xC,0x4,0x4,1,1
11,96,3,0x23DC5318B9BB087C,0x8,616,0.155844155844,1,0xB,0x3,0x3,1,1
11,96,4,0x23DC5318B9BB087C,0x8,575,0.166956521739,1,0x7,0xF,0xF,1,1
11,96,5,0x23DC5318B9BB087C,0x8,546,0.175824175824,1,0xC,0x4,0x4,1,1
11,96,6,0x23DC5318B9BB087C,0x8,622,0.154340836013,1,0xB,0x3,0x3,1,1
11,96,7,0x23DC5318B9BB087C,0x8,613,0.156606851550,1,0x6,0xE,0xE,1,1
11,112,0,0x23DC5318B9BB087C,0x8,752,0.148936170213,1,0x9,0x1,0x1,1,1
11,112,1,0x23DC5318B9BB087C,0x8,721,0.155339805825,1,0x0,0x8,0x8,1,1
11,112,2,0x23DC5318B9BB087C,0x8,729,0.153635116598,1,0xC,0x4,0x4,1,1
11,112,3,0x23DC5318B9BB087C,0x8,710,0.157746478873,1,0xB,0x3,0x3,1,1
11,112,4,0x23DC5318B9BB087C,0x8,724,0.154696132597,1,0x7,0xF,0xF,1,1
11,112,5,0x23DC5318B9BB087C,0x8,618,0.181229773463,1,0xC,0x4,0x4,1,1
11,112,6,0x23DC5318B9BB087C,0x8,716,0.156424581006,1,0xB,0x3,0x3,1,1
11,112,7,0x23DC5318B9BB087C,0x8,725,0.154482758621,1,0x6,0xE,0xE,1,1
11,128,0,0x23DC5318B9BB087C,0x8,813,0.157441574416,1,0x9,0x1,0x1,1,1
11,128,1,0x23DC5318B9BB087C,0x8,814,0.157248157248,1,0x0,0x8,0x8,1,1
11,128,2,0x23DC5318B9BB087C,0x8,827,0.154776299879,1,0xC,0x4,0x4,1,1
11,128,3,0x23DC5318B9BB087C,0x8,789,0.162230671736,1,0xB,0x3,0x3,1,1
11,128,4,0x23DC5318B9BB087C,0x8,824,0.155339805825,1,0x7,0xF,0xF,1,1
11,128,5,0x23DC5318B9BB087C,0x8,704,0.181818181818,1,0xC,0x4,0x4,1,1
11,128,6,0x23DC5318B9BB087C,0x8,823,0.155528554070,1,0xB,0x3,0x3,1,1
11,128,7,0x23DC5318B9BB087C,0x8,838,0.152744630072,1,0x6,0xE,0xE,1,1
11,160,0,0x23DC5318B9BB087C,0x8,1022,0.156555772994,1,0x9,0x1,0x1,1,1
11,160,1,0x23DC5318B9BB087C,0x8,1018,0.157170923379,1,0x0,0x8,0x8,1,1
11,160,2,0x23DC5318B9BB087C,0x8,1012,0.158102766798,1,0xC,0x4,0x4,1,1
11,160,3,0x23DC5318B9BB087C,0x8,982,0.162932790224,1,0xB,0x3,0x3,1,1
11,160,4,0x23DC5318B9BB087C,0x8,1013,0.157946692991,1,0x7,0xF,0xF,1,1
11,160,5,0x23DC5318B9BB087C,0x8,900,0.177777777778,1,0xC,0x4,0x4,1,1
11,160,6,0x23DC5318B9BB087C,0x8,1032,0.155038759690,1,0xB,0x3,0x3,1,1
11,160,7,0x23DC5318B9BB087C,0x8,1007,0.158887785501,1,0x6,0xE,0xE,1,1
11,192,0,0x23DC5318B9BB087C,0x8,1185,0.162025316456,1,0x9,0x1,0x1,1,1
11,192,1,0x23DC5318B9BB087C,0x8,1204,0.159468438538,1,0x0,0x8,0x8,1,1
11,192,2,0x23DC5318B9BB087C,0x8,1233,0.155717761557,1,0xC,0x4,0x4,1,1
11,192,3,0x23DC5318B9BB087C,0x8,1174,0.163543441227,1,0xB,0x3,0x3,1,1
11,192,4,0x23DC5318B9BB087C,0x8,1222,0.157119476268,1,0x7,0xF,0xF,1,1
11,192,5,0x23DC5318B9BB087C,0x8,1146,0.167539267016,1,0xC,0x4,0x4,1,1
11,192,6,0x23DC5318B9BB087C,0x8,1254,0.153110047847,1,0xB,0x3,0x3,1,1
11,192,7,0x23DC5318B9BB087C,0x8,1182,0.162436548223,1,0x6,0xE,0xE,1,1
11,256,0,0x23DC5318B9BB087C,0x8,1556,0.164524421594,1,0x9,0x1,0x1,1,1
11,256,1,0x23DC5318B9BB087C,0x8,1645,0.155623100304,1,0x0,0x8,0x8,1,1
11,256,2,0x23DC5318B9BB087C,0x8,1613,0.158710477371,1,0xC,0x4,0x4,1,1
11,256,3,0x23DC5318B9BB087C,0x8,1598,0.160200250313,1,0xB,0x3,0x3,1,1
11,256,4,0x23DC5318B9BB087C,0x8,1607,0.159303049160,1,0x7,0xF,0xF,1,1
11,256,5,0x23DC5318B9BB087C,0x8,1566,0.163473818646,1,0xC,0x4,0x4,1,1
11,256,6,0x23DC5318B9BB087C,0x8,1610,0.159006211180,1,0xB,0x3,0x3,1,1
11,256,7,0x23DC5318B9BB087C,0x8,1589,0.161107614852,1,0x6,0xE,0xE,1,1
12,16,0,0xC3133EBE20383CB5,0x4,71,0.225352112676,4,NA,0x0,0xC,0,0
12,16,1,0xC3133EBE20383CB5,0x4,74,0.216216216216,0,NA,0x0,0x6,0,0
12,16,2,0xC3133EBE20383CB5,0x4,144,0.111111111111,0,NA,0x0,0xE,0,0
12,16,3,0xC3133EBE20383CB5,0x4,99,0.161616161616,0,NA,0x0,0xD,0,0
12,16,4,0xC3133EBE20383CB5,0x4,81,0.197530864198,0,NA,0x0,0xA,0,0
12,16,5,0xC3133EBE20383CB5,0x4,73,0.219178082192,0,NA,0x0,0x8,0,0
12,16,6,0xC3133EBE20383CB5,0x4,91,0.175824175824,0,NA,0x0,0x3,0,0
12,16,7,0xC3133EBE20383CB5,0x4,70,0.228571428571,0,NA,0x0,0xA,0,0
12,24,0,0xC3133EBE20383CB5,0x4,126,0.190476190476,3,NA,0x0,0xC,0,0
12,24,1,0xC3133EBE20383CB5,0x4,116,0.206896551724,0,NA,0x0,0x6,0,0
12,24,2,0xC3133EBE20383CB5,0x4,188,0.127659574468,0,NA,0x0,0xE,0,0
12,24,3,0xC3133EBE20383CB5,0x4,123,0.195121951220,0,NA,0x0,0xD,0,0
12,24,4,0xC3133EBE20383CB5,0x4,118,0.203389830508,0,NA,0x0,0xA,0,0
12,24,5,0xC3133EBE20383CB5,0x4,135,0.177777777778,0,NA,0x0,0x8,0,0
12,24,6,0xC3133EBE20383CB5,0x4,139,0.172661870504,0,NA,0x0,0x3,0,0
12,24,7,0xC3133EBE20383CB5,0x4,99,0.242424242424,0,NA,0x0,0xA,0,0
12,32,0,0xC3133EBE20383CB5,0x4,177,0.180790960452,1,0x8,0xC,0xC,1,1
12,32,1,0xC3133EBE20383CB5,0x4,149,0.214765100671,3,NA,0x0,0x6,0,0
12,32,2,0xC3133EBE20383CB5,0x4,250,0.128000000000,0,NA,0x0,0xE,0,0
12,32,3,0xC3133EBE20383CB5,0x4,166,0.192771084337,0,NA,0x0,0xD,0,0
12,32,4,0xC3133EBE20383CB5,0x4,198,0.161616161616,0,NA,0x0,0xA,0,0
12,32,5,0xC3133EBE20383CB5,0x4,172,0.186046511628,0,NA,0x0,0x8,0,0
12,32,6,0xC3133EBE20383CB5,0x4,168,0.190476190476,0,NA,0x0,0x3,0,0
12,32,7,0xC3133EBE20383CB5,0x4,152,0.210526315789,0,NA,0x0,0xA,0,0
12,40,0,0xC3133EBE20383CB5,0x4,233,0.171673819742,1,0x8,0xC,0xC,1,1
12,40,1,0xC3133EBE20383CB5,0x4,191,0.209424083770,1,0x2,0x6,0x6,1,1
12,40,2,0xC3133EBE20383CB5,0x4,297,0.134680134680,2,NA,0x0,0xE,0,0
12,40,3,0xC3133EBE20383CB5,0x4,199,0.201005025126,0,NA,0x0,0xD,0,0
12,40,4,0xC3133EBE20383CB5,0x4,251,0.159362549801,0,NA,0x0,0xA,0,0
12,40,5,0xC3133EBE20383CB5,0x4,208,0.192307692308,0,NA,0x0,0x8,0,0
12,40,6,0xC3133EBE20383CB5,0x4,242,0.165289256198,0,NA,0x0,0x3,0,0
12,40,7,0xC3133EBE20383CB5,0x4,200,0.200000000000,0,NA,0x0,0xA,0,0
12,48,0,0xC3133EBE20383CB5,0x4,265,0.181132075472,1,0x8,0xC,0xC,1,1
12,48,1,0xC3133EBE20383CB5,0x4,231,0.207792207792,1,0x2,0x6,0x6,1,1
12,48,2,0xC3133EBE20383CB5,0x4,331,0.145015105740,1,0xA,0xE,0xE,1,1
12,48,3,0xC3133EBE20383CB5,0x4,229,0.209606986900,1,0x9,0xD,0xD,1,1
12,48,4,0xC3133EBE20383CB5,0x4,293,0.163822525597,1,0xE,0xA,0xA,1,1
12,48,5,0xC3133EBE20383CB5,0x4,251,0.191235059761,2,NA,0x0,0x8,0,0
12,48,6,0xC3133EBE20383CB5,0x4,289,0.166089965398,0,NA,0x0,0x3,0,0
12,48,7,0xC3133EBE20383CB5,0x4,238,0.201680672269,0,NA,0x0,0xA,0,0
12,56,0,0xC3133EBE20383CB5,0x4,311,0.180064308682,1,0x8,0xC,0xC,1,1
12,56,1,0xC3133EBE20383CB5,0x4,269,0.208178438662,1,0x2,0x6,0x6,1,1
12,56,2,0xC3133EBE20383CB5,0x4,368,0.152173913043,1,0xA,0xE,0xE,1,1
12,56,3,0xC3133EBE20383CB5,0x4,276,0.202898550725,1,0x9,0xD,0xD,1,1
12,56,4,0xC3133EBE20383CB5,0x4,357,0.156862745098,1,0xE,0xA,0xA,1,1
12,56,5,0xC3133EBE20383CB5,0x4,288,0.194444444444,2,NA,0x0,0x8,0,0
12,56,6,0xC3133EBE20383CB5,0x4,364,0.153846153846,0,NA,0x0,0x3,0,0
12,56,7,0xC3133EBE20383CB5,0x4,285,0.196491228070,0,NA,0x0,0xA,0,0
12,64,0,0xC3133EBE20383CB5,0x4,375,0.170666666667,1,0x8,0xC,0xC,1,1
12,64,1,0xC3133EBE20383CB5,0x4,321,0.199376947040,1,0x2,0x6,0x6,1,1
12,64,2,0xC3133EBE20383CB5,0x4,443,0.144469525959,1,0xA,0xE,0xE,1,1
12,64,3,0xC3133EBE20383CB5,0x4,327,0.195718654434,1,0x9,0xD,0xD,1,1
12,64,4,0xC3133EBE20383CB5,0x4,419,0.152744630072,1,0xE,0xA,0xA,1,1
12,64,5,0xC3133EBE20383CB5,0x4,351,0.182336182336,1,0xC,0x8,0x8,1,1
12,64,6,0xC3133EBE20383CB5,0x4,413,0.154963680387,1,0x7,0x3,0x3,1,1
12,64,7,0xC3133EBE20383CB5,0x4,322,0.198757763975,1,0xE,0xA,0xA,1,1
12,72,0,0xC3133EBE20383CB5,0x4,419,0.171837708831,1,0x8,0xC,0xC,1,1
12,72,1,0xC3133EBE20383CB5,0x4,340,0.211764705882,1,0x2,0x6,0x6,1,1
12,72,2,0xC3133EBE20383CB5,0x4,469,0.153518123667,1,0xA,0xE,0xE,1,1
12,72,3,0xC3133EBE20383CB5,0x4,393,0.183206106870,1,0x9,0xD,0xD,1,1
12,72,4,0xC3133EBE20383CB5,0x4,476,0.151260504202,1,0xE,0xA,0xA,1,1
12,72,5,0xC3133EBE20383CB5,0x4,379,0.189973614776,1,0xC,0x8,0x8,1,1
12,72,6,0xC3133EBE20383CB5,0x4,457,0.157549234136,1,0x7,0x3,0x3,1,1
12,72,7,0xC3133EBE20383CB5,0x4,369,0.195121951220,1,0xE,0xA,0xA,1,1
12,80,0,0xC3133EBE20383CB5,0x4,437,0.183066361556,1,0x8,0xC,0xC,1,1
12,80,1,0xC3133EBE20383CB5,0x4,384,0.208333333333,1,0x2,0x6,0x6,1,1
12,80,2,0xC3133EBE20383CB5,0x4,534,0.149812734082,1,0xA,0xE,0xE,1,1
12,80,3,0xC3133EBE20383CB5,0x4,453,0.176600441501,1,0x9,0xD,0xD,1,1
12,80,4,0xC3133EBE20383CB5,0x4,539,0.148423005566,1,0xE,0xA,0xA,1,1
12,80,5,0xC3133EBE20383CB5,0x4,416,0.192307692308,1,0xC,0x8,0x8,1,1
12,80,6,0xC3133EBE20383CB5,0x4,528,0.151515151515,1,0x7,0x3,0x3,1,1
12,80,7,0xC3133EBE20383CB5,0x4,414,0.193236714976,1,0xE,0xA,0xA,1,1
12,96,0,0xC3133EBE20383CB5,0x4,556,0.172661870504,1,0x8,0xC,0xC,1,1
12,96,1,0xC3133EBE20383CB5,0x4,469,0.204690831557,1,0x2,0x6,0x6,1,1
12,96,2,0xC3133EBE20383CB5,0x4,654,0.146788990826,1,0xA,0xE,0xE,1,1
12,96,3,0xC3133EBE20383CB5,0x4,541,0.177449168207,1,0x9,0xD,0xD,1,1
12,96,4,0xC3133EBE20383CB5,0x4,642,0.149532710280,1,0xE,0xA,0xA,1,1
12,96,5,0xC3133EBE20383CB5,0x4,538,0.178438661710,1,0xC,0x8,0x8,1,1
12,96,6,0xC3133EBE20383CB5,0x4,625,0.153600000000,1,0x7,0x3,0x3,1,1
12,96,7,0xC3133EBE20383CB5,0x4,505,0.190099009901,1,0xE,0xA,0xA,1,1
12,112,0,0xC3133EBE20383CB5,0x4,616,0.181818181818,1,0x8,0xC,0xC,1,1
12,112,1,0xC3133EBE20383CB5,0x4,550,0.203636363636,1,0x2,0x6,0x6,1,1
12,112,2,0xC3133EBE20383CB5,0x4,778,0.143958868895,1,0xA,0xE,0xE,1,1
12,112,3,0xC3133EBE20383CB5,0x4,616,0.181818181818,1,0x9,0xD,0xD,1,1
12,112,4,0xC3133EBE20383CB5,0x4,734,0.152588555858,1,0xE,0xA,0xA,1,1
12,112,5,0xC3133EBE20383CB5,0x4,619,0.180936995153,1,0xC,0x8,0x8,1,1
12,112,6,0xC3133EBE20383CB5,0x4,743,0.150740242261,1,0x7,0x3,0x3,1,1
12,112,7,0xC3133EBE20383CB5,0x4,611,0.183306055646,1,0xE,0xA,0xA,1,1
12,128,0,0xC3133EBE20383CB5,0x4,692,0.184971098266,1,0x8,0xC,0xC,1,1
12,128,1,0xC3133EBE20383CB5,0x4,693,0.184704184704,1,0x2,0x6,0x6,1,1
12,128,2,0xC3133EBE20383CB5,0x4,928,0.137931034483,1,0xA,0xE,0xE,1,1
12,128,3,0xC3133EBE20383CB5,0x4,755,0.169536423841,1,0x9,0xD,0xD,1,1
12,128,4,0xC3133EBE20383CB5,0x4,857,0.149358226371,1,0xE,0xA,0xA,1,1
12,128,5,0xC3133EBE20383CB5,0x4,702,0.182336182336,1,0xC,0x8,0x8,1,1
12,128,6,0xC3133EBE20383CB5,0x4,833,0.153661464586,1,0x7,0x3,0x3,1,1
12,128,7,0xC3133EBE20383CB5,0x4,728,0.175824175824,1,0xE,0xA,0xA,1,1
12,160,0,0xC3133EBE20383CB5,0x4,865,0.184971098266,1,0x8,0xC,0xC,1,1
12,160,1,0xC3133EBE20383CB5,0x4,871,0.183696900115,1,0x2,0x6,0x6,1,1
12,160,2,0xC3133EBE20383CB5,0x4,1147,0.139494333043,1,0xA,0xE,0xE,1,1
12,160,3,0xC3133EBE20383CB5,0x4,1023,0.156402737048,1,0x9,0xD,0xD,1,1
12,160,4,0xC3133EBE20383CB5,0x4,1073,0.149114631873,1,0xE,0xA,0xA,1,1
12,160,5,0xC3133EBE20383CB5,0x4,872,0.183486238532,1,0xC,0x8,0x8,1,1
12,160,6,0xC3133EBE20383CB5,0x4,1016,0.157480314961,1,0x7,0x3,0x3,1,1
12,160,7,0xC3133EBE20383CB5,0x4,883,0.181200453001,1,0xE,0xA,0xA,1,1
12,192,0,0xC3133EBE20383CB5,0x4,1048,0.183206106870,1,0x8,0xC,0xC,1,1
12,192,1,0xC3133EBE20383CB5,0x4,1019,0.188420019627,1,0x2,0x6,0x6,1,1
12,192,2,0xC3133EBE20383CB5,0x4,1335,0.143820224719,1,0xA,0xE,0xE,1,1
12,192,3,0xC3133EBE20383CB5,0x4,1234,0.155591572123,1,0x9,0xD,0xD,1,1
12,192,4,0xC3133EBE20383CB5,0x4,1264,0.151898734177,1,0xE,0xA,0xA,1,1
12,192,5,0xC3133EBE20383CB5,0x4,1087,0.176632934683,1,0xC,0x8,0x8,1,1
12,192,6,0xC3133EBE20383CB5,0x4,1273,0.150824823252,1,0x7,0x3,0x3,1,1
12,192,7,0xC3133EBE20383CB5,0x4,1061,0.180961357210,1,0xE,0xA,0xA,1,1
12,256,0,0xC3133EBE20383CB5,0x4,1509,0.169648774023,1,0x8,0xC,0xC,1,1
12,256,1,0xC3133EBE20383CB5,0x4,1440,0.177777777778,1,0x2,0x6,0x6,1,1
12,256,2,0xC3133EBE20383CB5,0x4,1729,0.148062463852,1,0xA,0xE,0xE,1,1
12,256,3,0xC3133EBE20383CB5,0x4,1685,0.151928783383,1,0x9,0xD,0xD,1,1
12,256,4,0xC3133EBE20383CB5,0x4,1702,0.150411280846,1,0xE,0xA,0xA,1,1
12,256,5,0xC3133EBE20383CB5,0x4,1406,0.182076813656,1,0xC,0x8,0x8,1,1
12,256,6,0xC3133EBE20383CB5,0x4,1590,0.161006289308,1,0x7,0x3,0x3,1,1
12,256,7,0xC3133EBE20383CB5,0x4,1441,0.177654406662,1,0xE,0xA,0xA,1,1
13,16,0,0x5033CC933AA12013,0xF,115,0.139130434783,5,NA,0x0,0xE,0,0
13,16,1,0x5033CC933AA12013,0xF,80,0.200000000000,0,NA,0x0,0x2,0,0
13,16,2,0x5033CC933AA12013,0xF,112,0.142857142857,0,NA,0x0,0x5,0,0
13,16,3,0x5033CC933AA12013,0xF,97,0.164948453608,0,NA,0x0,0x3,0,0
13,16,4,0x5033CC933AA12013,0xF,117,0.136752136752,0,NA,0x0,0x9,0,0
13,16,5,0x5033CC933AA12013,0xF,82,0.195121951220,0,NA,0x0,0x1,0,0
13,16,6,0x5033CC933AA12013,0xF,112,0.142857142857,0,NA,0x0,0xD,0,0
13,16,7,0x5033CC933AA12013,0xF,78,0.205128205128,0,NA,0x0,0x7,0,0
13,24,0,0x5033CC933AA12013,0xF,137,0.175182481752,3,NA,0x0,0xE,0,0
13,24,1,0x5033CC933AA12013,0xF,128,0.187500000000,0,NA,0x0,0x2,0,0
13,24,2,0x5033CC933AA12013,0xF,146,0.164383561644,0,NA,0x0,0x5,0,0
13,24,3,0x5033CC933AA12013,0xF,171,0.140350877193,0,NA,0x0,0x3,0,0
13,24,4,0x5033CC933AA12013,0xF,163,0.147239263804,0,NA,0x0,0x9,0,0
13,24,5,0x5033CC933AA12013,0xF,151,0.158940397351,0,NA,0x0,0x1,0,0
13,24,6,0x5033CC933AA12013,0xF,155,0.154838709677,0,NA,0x0,0xD,0,0
13,24,7,0x5033CC933AA12013,0xF,115,0.208695652174,0,NA,0x0,0x7,0,0
13,32,0,0x5033CC933AA12013,0xF,170,0.188235294118,1,0x1,0xE,0xE,1,1
13,32,1,0x5033CC933AA12013,0xF,189,0.169312169312,2,NA,0x0,0x2,0,0
13,32,2,0x5033CC933AA12013,0xF,208,0.153846153846,0,NA,0x0,0x5,0,0
13,32,3,0x5033CC933AA12013,0xF,226,0.141592920354,0,NA,0x0,0x3,0,0
13,32,4,0x5033CC933AA12013,0xF,212,0.150943396226,0,NA,0x0,0x9,0,0
13,32,5,0x5033CC933AA12013,0xF,182,0.175824175824,0,NA,0x0,0x1,0,0
13,32,6,0x5033CC933AA12013,0xF,202,0.158415841584,0,NA,0x0,0xD,0,0
13,32,7,0x5033CC933AA12013,0xF,177,0.180790960452,0,NA,0x0,0x7,0,0
13,40,0,0x5033CC933AA12013,0xF,204,0.196078431373,1,0x1,0xE,0xE,1,1
13,40,1,0x5033CC933AA12013,0xF,235,0.170212765957,2,NA,0x0,0x2,0,0
13,40,2,0x5033CC933AA12013,0xF,263,0.152091254753,0,NA,0x0,0x5,0,0
13,40,3,0x5033CC933AA12013,0xF,260,0.153846153846,0,NA,0x0,0x3,0,0
13,40,4,0x5033CC933AA12013,0xF,246,0.162601626016,0,NA,0x0,0x9,0,0
13,40,5,0x5033CC933AA12013,0xF,212,0.188679245283,0,NA,0x0,0x1,0,0
13,40,6,0x5033CC933AA12013,0xF,237,0.168776371308,0,NA,0x0,0xD,0,0
13,40,7,0x5033CC933AA12013,0xF,209,0.191387559809,0,NA,0x0,0x7,0,0
13,48,0,0x5033CC933AA12013,0xF,240,0.200000000000,1,0x1,0xE,0xE,1,1
13,48,1,0x5033CC933AA12013,0xF,269,0.178438661710,2,NA,0x0,0x2,0,0
13,48,2,0x5033CC933AA12013,0xF,326,0.147239263804,0,NA,0x0,0x5,0,0
13,48,3,0x5033CC933AA12013,0xF,311,0.154340836013,0,NA,0x0,0x3,0,0
13,48,4,0x5033CC933AA12013,0xF,289,0.166089965398,0,NA,0x0,0x9,0,0
13,48,5,0x5033CC933AA12013,0xF,251,0.191235059761,0,NA,0x0,0x1,0,0
13,48,6,0x5033CC933AA12013,0xF,314,0.152866242038,0,NA,0x0,0xD,0,0
13,48,7,0x5033CC933AA12013,0xF,266,0.180451127820,0,NA,0x0,0x7,0,0
13,56,0,0x5033CC933AA12013,0xF,288,0.194444444444,1,0x1,0xE,0xE,1,1
13,56,1,0x5033CC933AA12013,0xF,306,0.183006535948,1,0xD,0x2,0x2,1,1
13,56,2,0x5033CC933AA12013,0xF,399,0.140350877193,1,0xA,0x5,0x5,1,1
13,56,3,0x5033CC933AA12013,0xF,404,0.138613861386,1,0xC,0x3,0x3,1,1
13,56,4,0x5033CC933AA12013,0xF,348,0.160919540230,1,0x6,0x9,0x9,1,1
13,56,5,0x5033CC933AA12013,0xF,320,0.175000000000,1,0xE,0x1,0x1,1,1
13,56,6,0x5033CC933AA12013,0xF,402,0.139303482587,1,0x2,0xD,0xD,1,1
13,56,7,0x5033CC933AA12013,0xF,338,0.165680473373,1,0x8,0x7,0x7,1,1
13,64,0,0x5033CC933AA12013,0xF,320,0.200000000000,1,0x1,0xE,0xE,1,1
13,64,1,0x5033CC933AA12013,0xF,357,0.179271708683,1,0xD,0x2,0x2,1,1
13,64,2,0x5033CC933AA12013,0xF,443,0.144469525959,1,0xA,0x5,0x5,1,1
13,64,3,0x5033CC933AA12013,0xF,445,0.143820224719,1,0xC,0x3,0x3,1,1
13,64,4,0x5033CC933AA12013,0xF,401,0.159600997506,1,0x6,0x9,0x9,1,1
13,64,5,0x5033CC933AA12013,0xF,378,0.169312169312,1,0xE,0x1,0x1,1,1
13,64,6,0x5033CC933AA12013,0xF,443,0.144469525959,1,0x2,0xD,0xD,1,1
13,64,7,0x5033CC933AA12013,0xF,371,0.172506738544,1,0x8,0x7,0x7,1,1
13,72,0,0x5033CC933AA12013,0xF,362,0.198895027624,1,0x1,0xE,0xE,1,1
13,72,1,0x5033CC933AA12013,0xF,424,0.169811320755,1,0xD,0x2,0x2,1,1
13,72,2,0x5033CC933AA12013,0xF,493,0.146044624746,1,0xA,0x5,0x5,1,1
13,72,3,0x5033CC933AA12013,0xF,509,0.141453831041,1,0xC,0x3,0x3,1,1
13,72,4,0x5033CC933AA12013,0xF,437,0.164759725400,1,0x6,0x9,0x9,1,1
13,72,5,0x5033CC933AA12013,0xF,445,0.161797752809,1,0xE,0x1,0x1,1,1
13,72,6,0x5033CC933AA12013,0xF,476,0.151260504202,1,0x2,0xD,0xD,1,1
13,72,7,0x5033CC933AA12013,0xF,430,0.167441860465,1,0x8,0x7,0x7,1,1
13,80,0,0x5033CC933AA12013,0xF,401,0.199501246883,1,0x1,0xE,0xE,1,1
13,80,1,0x5033CC933AA12013,0xF,474,0.168776371308,1,0xD,0x2,0x2,1,1
13,80,2,0x5033CC933AA12013,0xF,542,0.147601476015,1,0xA,0x5,0x5,1,1
13,80,3,0x5033CC933AA12013,0xF,545,0.146788990826,1,0xC,0x3,0x3,1,1
13,80,4,0x5033CC933AA12013,0xF,469,0.170575692964,1,0x6,0x9,0x9,1,1
13,80,5,0x5033CC933AA12013,0xF,468,0.170940170940,1,0xE,0x1,0x1,1,1
13,80,6,0x5033CC933AA12013,0xF,512,0.156250000000,1,0x2,0xD,0xD,1,1
13,80,7,0x5033CC933AA12013,0xF,464,0.172413793103,1,0x8,0x7,0x7,1,1
13,96,0,0x5033CC933AA12013,0xF,469,0.204690831557,1,0x1,0xE,0xE,1,1
13,96,1,0x5033CC933AA12013,0xF,570,0.168421052632,1,0xD,0x2,0x2,1,1
13,96,2,0x5033CC933AA12013,0xF,628,0.152866242038,1,0xA,0x5,0x5,1,1
13,96,3,0x5033CC933AA12013,0xF,627,0.153110047847,1,0xC,0x3,0x3,1,1
13,96,4,0x5033CC933AA12013,0xF,527,0.182163187856,1,0x6,0x9,0x9,1,1
13,96,5,0x5033CC933AA12013,0xF,572,0.167832167832,1,0xE,0x1,0x1,1,1
13,96,6,0x5033CC933AA12013,0xF,607,0.158154859967,1,0x2,0xD,0xD,1,1
13,96,7,0x5033CC933AA12013,0xF,559,0.171735241503,1,0x8,0x7,0x7,1,1
13,112,0,0x5033CC933AA12013,0xF,604,0.185430463576,1,0x1,0xE,0xE,1,1
13,112,1,0x5033CC933AA12013,0xF,644,0.173913043478,1,0xD,0x2,0x2,1,1
13,112,2,0x5033CC933AA12013,0xF,690,0.162318840580,1,0xA,0x5,0x5,1,1
13,112,3,0x5033CC933AA12013,0xF,686,0.163265306122,1,0xC,0x3,0x3,1,1
13,112,4,0x5033CC933AA12013,0xF,588,0.190476190476,1,0x6,0x9,0x9,1,1
13,112,5,0x5033CC933AA12013,0xF,694,0.161383285303,1,0xE,0x1,0x1,1,1
13,112,6,0x5033CC933AA12013,0xF,713,0.157082748948,1,0x2,0xD,0xD,1,1
13,112,7,0x5033CC933AA12013,0xF,686,0.163265306122,1,0x8,0x7,0x7,1,1
13,128,0,0x5033CC933AA12013,0xF,675,0.189629629630,1,0x1,0xE,0xE,1,1
13,128,1,0x5033CC933AA12013,0xF,717,0.178521617852,1,0xD,0x2,0x2,1,1
13,128,2,0x5033CC933AA12013,0xF,771,0.166018158236,1,0xA,0x5,0x5,1,1
13,128,3,0x5033CC933AA12013,0xF,749,0.170894526035,1,0xC,0x3,0x3,1,1
13,128,4,0x5033CC933AA12013,0xF,654,0.195718654434,1,0x6,0x9,0x9,1,1
13,128,5,0x5033CC933AA12013,0xF,784,0.163265306122,1,0xE,0x1,0x1,1,1
13,128,6,0x5033CC933AA12013,0xF,813,0.157441574416,1,0x2,0xD,0xD,1,1
13,128,7,0x5033CC933AA12013,0xF,801,0.159800249688,1,0x8,0x7,0x7,1,1
13,160,0,0x5033CC933AA12013,0xF,834,0.191846522782,1,0x1,0xE,0xE,1,1
13,160,1,0x5033CC933AA12013,0xF,948,0.168776371308,1,0xD,0x2,0x2,1,1
13,160,2,0x5033CC933AA12013,0xF,1035,0.154589371981,1,0xA,0x5,0x5,1,1
13,160,3,0x5033CC933AA12013,0xF,1010,0.158415841584,1,0xC,0x3,0x3,1,1
13,160,4,0x5033CC933AA12013,0xF,868,0.184331797235,1,0x6,0x9,0x9,1,1
13,160,5,0x5033CC933AA12013,0xF,916,0.174672489083,1,0xE,0x1,0x1,1,1
13,160,6,0x5033CC933AA12013,0xF,975,0.164102564103,1,0x2,0xD,0xD,1,1
13,160,7,0x5033CC933AA12013,0xF,986,0.162271805274,1,0x8,0x7,0x7,1,1
13,192,0,0x5033CC933AA12013,0xF,1044,0.183908045977,1,0x1,0xE,0xE,1,1
13,192,1,0x5033CC933AA12013,0xF,1169,0.164242942686,1,0xD,0x2,0x2,1,1
13,192,2,0x5033CC933AA12013,0xF,1178,0.162988115450,1,0xA,0x5,0x5,1,1
13,192,3,0x5033CC933AA12013,0xF,1201,0.159866777685,1,0xC,0x3,0x3,1,1
13,192,4,0x5033CC933AA12013,0xF,1063,0.180620884290,1,0x6,0x9,0x9,1,1
13,192,5,0x5033CC933AA12013,0xF,1117,0.171888988362,1,0xE,0x1,0x1,1,1
13,192,6,0x5033CC933AA12013,0xF,1186,0.161888701518,1,0x2,0xD,0xD,1,1
13,192,7,0x5033CC933AA12013,0xF,1213,0.158285243199,1,0x8,0x7,0x7,1,1
13,256,0,0x5033CC933AA12013,0xF,1503,0.170326014637,1,0x1,0xE,0xE,1,1
13,256,1,0x5033CC933AA12013,0xF,1575,0.162539682540,1,0xD,0x2,0x2,1,1
13,256,2,0x5033CC933AA12013,0xF,1493,0.171466845278,1,0xA,0x5,0x5,1,1
13,256,3,0x5033CC933AA12013,0xF,1605,0.159501557632,1,0xC,0x3,0x3,1,1
13,256,4,0x5033CC933AA12013,0xF,1466,0.174624829468,1,0x6,0x9,0x9,1,1
13,256,5,0x5033CC933AA12013,0xF,1413,0.181174805379,1,0xE,0x1,0x1,1,1
13,256,6,0x5033CC933AA12013,0xF,1609,0.159105034183,1,0x2,0xD,0xD,1,1
13,256,7,0x5033CC933AA12013,0xF,1576,0.162436548223,1,0x8,0x7,0x7,1,1
14,16,0,0xB773EFA684AFC604,0xA,104,0.153846153846,8,NA,0x0,0xB,0,0
14,16,1,0xB773EFA684AFC604,0xA,81,0.197530864198,0,NA,0x0,0x7,0,0
14,16,2,0xB773EFA684AFC604,0xA,141,0.113475177305,0,NA,0x0,0xD,0,0
14,16,3,0xB773EFA684AFC604,0xA,91,0.175824175824,0,NA,0x0,0xD,0,0
14,16,4,0xB773EFA684AFC604,0xA,109,0.146788990826,0,NA,0x0,0x5,0,0
14,16,5,0xB773EFA684AFC604,0xA,74,0.216216216216,0,NA,0x0,0xC,0,0
14,16,6,0xB773EFA684AFC604,0xA,122,0.131147540984,0,NA,0x0,0x5,0,0
14,16,7,0xB773EFA684AFC604,0xA,99,0.161616161616,0,NA,0x0,0xE,0,0
14,24,0,0xB773EFA684AFC604,0xA,135,0.177777777778,4,NA,0x0,0xB,0,0
14,24,1,0xB773EFA684AFC604,0xA,116,0.206896551724,0,NA,0x0,0x7,0,0
14,24,2,0xB773EFA684AFC604,0xA,181,0.132596685083,0,NA,0x0,0xD,0,0
14,24,3,0xB773EFA684AFC604,0xA,131,0.183206106870,0,NA,0x0,0xD,0,0
14,24,4,0xB773EFA684AFC604,0xA,164,0.146341463415,0,NA,0x0,0x5,0,0
14,24,5,0xB773EFA684AFC604,0xA,120,0.200000000000,0,NA,0x0,0xC,0,0
14,24,6,0xB773EFA684AFC604,0xA,170,0.141176470588,0,NA,0x0,0x5,0,0
14,24,7,0xB773EFA684AFC604,0xA,193,0.124352331606,0,NA,0x0,0xE,0,0
14,32,0,0xB773EFA684AFC604,0xA,168,0.190476190476,4,NA,0x0,0xB,0,0
14,32,1,0xB773EFA684AFC604,0xA,176,0.181818181818,0,NA,0x0,0x7,0,0
14,32,2,0xB773EFA684AFC604,0xA,232,0.137931034483,0,NA,0x0,0xD,0,0
14,32,3,0xB773EFA684AFC604,0xA,222,0.144144144144,0,NA,0x0,0xD,0,0
14,32,4,0xB773EFA684AFC604,0xA,205,0.156097560976,0,NA,0x0,0x5,0,0
14,32,5,0xB773EFA684AFC604,0xA,175,0.182857142857,0,NA,0x0,0xC,0,0
14,32,6,0xB773EFA684AFC604,0xA,212,0.150943396226,0,NA,0x0,0x5,0,0
14,32,7,0xB773EFA684AFC604,0xA,241,0.132780082988,0,NA,0x0,0xE,0,0
14,40,0,0xB773EFA684AFC604,0xA,208,0.192307692308,3,NA,0x0,0xB,0,0
14,40,1,0xB773EFA684AFC604,0xA,237,0.168776371308,0,NA,0x0,0x7,0,0
14,40,2,0xB773EFA684AFC604,0xA,267,0.149812734082,0,NA,0x0,0xD,0,0
14,40,3,0xB773EFA684AFC604,0xA,255,0.156862745098,0,NA,0x0,0xD,0,0
14,40,4,0xB773EFA684AFC604,0xA,245,0.163265306122,0,NA,0x0,0x5,0,0
14,40,5,0xB773EFA684AFC604,0xA,245,0.163265306122,0,NA,0x0,0xC,0,0
14,40,6,0xB773EFA684AFC604,0xA,264,0.151515151515,0,NA,0x0,0x5,0,0
14,40,7,0xB773EFA684AFC604,0xA,280,0.142857142857,0,NA,0x0,0xE,0,0
14,48,0,0xB773EFA684AFC604,0xA,273,0.175824175824,3,NA,0x0,0xB,0,0
14,48,1,0xB773EFA684AFC604,0xA,276,0.173913043478,0,NA,0x0,0x7,0,0
14,48,2,0xB773EFA684AFC604,0xA,313,0.153354632588,0,NA,0x0,0xD,0,0
14,48,3,0xB773EFA684AFC604,0xA,299,0.160535117057,0,NA,0x0,0xD,0,0
14,48,4,0xB773EFA684AFC604,0xA,289,0.166089965398,0,NA,0x0,0x5,0,0
14,48,5,0xB773EFA684AFC604,0xA,294,0.163265306122,0,NA,0x0,0xC,0,0
14,48,6,0xB773EFA684AFC604,0xA,322,0.149068322981,0,NA,0x0,0x5,0,0
14,48,7,0xB773EFA684AFC604,0xA,350,0.137142857143,0,NA,0x0,0xE,0,0
14,56,0,0xB773EFA684AFC604,0xA,315,0.177777777778,2,NA,0x0,0xB,0,0
14,56,1,0xB773EFA684AFC604,0xA,303,0.184818481848,0,NA,0x0,0x7,0,0
14,56,2,0xB773EFA684AFC604,0xA,356,0.157303370787,0,NA,0x0,0xD,0,0
14,56,3,0xB773EFA684AFC604,0xA,352,0.159090909091,0,NA,0x0,0xD,0,0
14,56,4,0xB773EFA684AFC604,0xA,349,0.160458452722,0,NA,0x0,0x5,0,0
14,56,5,0xB773EFA684AFC604,0xA,339,0.165191740413,0,NA,0x0,0xC,0,0
14,56,6,0xB773EFA684AFC604,0xA,370,0.151351351351,0,NA,0x0,0x5,0,0
14,56,7,0xB773EFA684AFC604,0xA,396,0.141414141414,0,NA,0x0,0xE,0,0
14,64,0,0xB773EFA684AFC604,0xA,352,0.181818181818,2,NA,0x0,0xB,0,0
14,64,1,0xB773EFA684AFC604,0xA,408,0.156862745098,0,NA,0x0,0x7,0,0
14,64,2,0xB773EFA684AFC604,0xA,412,0.155339805825,0,NA,0x0,0xD,0,0
14,64,3,0xB773EFA684AFC604,0xA,397,0.161209068010,0,NA,0x0,0xD,0,0
14,64,4,0xB773EFA684AFC604,0xA,395,0.162025316456,0,NA,0x0,0x5,0,0
14,64,5,0xB773EFA684AFC604,0xA,386,0.165803108808,0,NA,0x0,0xC,0,0
14,64,6,0xB773EFA684AFC604,0xA,420,0.152380952381,0,NA,0x0,0x5,0,0
14,64,7,0xB773EFA684AFC604,0xA,443,0.144469525959,0,NA,0x0,0xE,0,0
14,72,0,0xB773EFA684AFC604,0xA,379,0.189973614776,2,NA,0x0,0xB,0,0
14,72,1,0xB773EFA684AFC604,0xA,461,0.156182212581,0,NA,0x0,0x7,0,0
14,72,2,0xB773EFA684AFC604,0xA,452,0.159292035398,0,NA,0x0,0xD,0,0
14,72,3,0xB773EFA684AFC604,0xA,462,0.155844155844,0,NA,0x0,0xD,0,0
14,72,4,0xB773EFA684AFC604,0xA,461,0.156182212581,0,NA,0x0,0x5,0,0
14,72,5,0xB773EFA684AFC604,0xA,452,0.159292035398,0,NA,0x0,0xC,0,0
14,72,6,0xB773EFA684AFC604,0xA,467,0.154175588865,0,NA,0x0,0x5,0,0
14,72,7,0xB773EFA684AFC604,0xA,473,0.152219873150,0,NA,0x0,0xE,0,0
14,80,0,0xB773EFA684AFC604,0xA,403,0.198511166253,1,0x1,0xB,0xB,1,1
14,80,1,0xB773EFA684AFC604,0xA,499,0.160320641283,1,0xD,0x7,0x7,1,1
14,80,2,0xB773EFA684AFC604,0xA,509,0.157170923379,1,0x7,0xD,0xD,1,1
14,80,3,0xB773EFA684AFC604,0xA,500,0.160000000000,1,0x7,0xD,0xD,1,1
14,80,4,0xB773EFA684AFC604,0xA,507,0.157790927022,1,0xF,0x5,0x5,1,1
14,80,5,0xB773EFA684AFC604,0xA,484,0.165289256198,1,0x6,0xC,0xC,1,1
14,80,6,0xB773EFA684AFC604,0xA,526,0.152091254753,1,0xF,0x5,0x5,1,1
14,80,7,0xB773EFA684AFC604,0xA,519,0.154142581888,1,0x4,0xE,0xE,1,1
14,96,0,0xB773EFA684AFC604,0xA,542,0.177121771218,1,0x1,0xB,0xB,1,1
14,96,1,0xB773EFA684AFC604,0xA,557,0.172351885099,1,0xD,0x7,0x7,1,1
14,96,2,0xB773EFA684AFC604,0xA,595,0.161344537815,1,0x7,0xD,0xD,1,1
14,96,3,0xB773EFA684AFC604,0xA,595,0.161344537815,1,0x7,0xD,0xD,1,1
14,96,4,0xB773EFA684AFC604,0xA,613,0.156606851550,1,0xF,0x5,0x5,1,1
14,96,5,0xB773EFA684AFC604,0xA,601,0.159733777038,1,0x6,0xC,0xC,1,1
14,96,6,0xB773EFA684AFC604,0xA,630,0.152380952381,1,0xF,0x5,0x5,1,1
14,96,7,0xB773EFA684AFC604,0xA,597,0.160804020101,1,0x4,0xE,0xE,1,1
14,112,0,0xB773EFA684AFC604,0xA,615,0.182113821138,1,0x1,0xB,0xB,1,1
14,112,1,0xB773EFA684AFC604,0xA,636,0.176100628931,1,0xD,0x7,0x7,1,1
14,112,2,0xB773EFA684AFC604,0xA,672,0.166666666667,1,0x7,0xD,0xD,1,1
14,112,3,0xB773EFA684AFC604,0xA,720,0.155555555556,1,0x7,0xD,0xD,1,1
14,112,4,0xB773EFA684AFC604,0xA,706,0.158640226629,1,0xF,0x5,0x5,1,1
14,112,5,0xB773EFA684AFC604,0xA,670,0.167164179104,1,0x6,0xC,0xC,1,1
14,112,6,0xB773EFA684AFC604,0xA,721,0.155339805825,1,0xF,0x5,0x5,1,1
14,112,7,0xB773EFA684AFC604,0xA,707,0.158415841584,1,0x4,0xE,0xE,1,1
14,128,0,0xB773EFA684AFC604,0xA,698,0.183381088825,1,0x1,0xB,0xB,1,1
14,128,1,0xB773EFA684AFC604,0xA,695,0.184172661871,1,0xD,0x7,0x7,1,1
14,128,2,0xB773EFA684AFC604,0xA,753,0.169986719788,1,0x7,0xD,0xD,1,1
14,128,3,0xB773EFA684AFC604,0xA,810,0.158024691358,1,0x7,0xD,0xD,1,1
14,128,4,0xB773EFA684AFC604,0xA,824,0.155339805825,1,0xF,0x5,0x5,1,1
14,128,5,0xB773EFA684AFC604,0xA,762,0.167979002625,1,0x6,0xC,0xC,1,1
14,128,6,0xB773EFA684AFC604,0xA,775,0.165161290323,1,0xF,0x5,0x5,1,1
14,128,7,0xB773EFA684AFC604,0xA,783,0.163473818646,1,0x4,0xE,0xE,1,1
14,160,0,0xB773EFA684AFC604,0xA,941,0.170031880978,1,0x1,0xB,0xB,1,1
14,160,1,0xB773EFA684AFC604,0xA,874,0.183066361556,1,0xD,0x7,0x7,1,1
14,160,2,0xB773EFA684AFC604,0xA,906,0.176600441501,1,0x7,0xD,0xD,1,1
14,160,3,0xB773EFA684AFC604,0xA,968,0.165289256198,1,0x7,0xD,0xD,1,1
14,160,4,0xB773EFA684AFC604,0xA,1087,0.147194112236,1,0xF,0x5,0x5,1,1
14,160,5,0xB773EFA684AFC604,0xA,959,0.166840458811,1,0x6,0xC,0xC,1,1
14,160,6,0xB773EFA684AFC604,0xA,973,0.164439876670,1,0xF,0x5,0x5,1,1
14,160,7,0xB773EFA684AFC604,0xA,980,0.163265306122,1,0x4,0xE,0xE,1,1
14,192,0,0xB773EFA684AFC604,0xA,1162,0.165232358003,1,0x1,0xB,0xB,1,1
14,192,1,0xB773EFA684AFC604,0xA,1103,0.174070716228,1,0xD,0x7,0x7,1,1
14,192,2,0xB773EFA684AFC604,0xA,1144,0.167832167832,1,0x7,0xD,0xD,1,1
14,192,3,0xB773EFA684AFC604,0xA,1156,0.166089965398,1,0x7,0xD,0xD,1,1
14,192,4,0xB773EFA684AFC604,0xA,1242,0.154589371981,1,0xF,0x5,0x5,1,1
14,192,5,0xB773EFA684AFC604,0xA,1103,0.174070716228,1,0x6,0xC,0xC,1,1
14,192,6,0xB773EFA684AFC604,0xA,1162,0.165232358003,1,0xF,0x5,0x5,1,1
14,192,7,0xB773EFA684AFC604,0xA,1143,0.167979002625,1,0x4,0xE,0xE,1,1
14,256,0,0xB773EFA684AFC604,0xA,1481,0.172856178258,1,0x1,0xB,0xB,1,1
14,256,1,0xB773EFA684AFC604,0xA,1441,0.177654406662,1,0xD,0x7,0x7,1,1
14,256,2,0xB773EFA684AFC604,0xA,1548,0.165374677003,1,0x7,0xD,0xD,1,1
14,256,3,0xB773EFA684AFC604,0xA,1624,0.157635467980,1,0x7,0xD,0xD,1,1
14,256,4,0xB773EFA684AFC604,0xA,1751,0.146202170188,1,0xF,0x5,0x5,1,1
14,256,5,0xB773EFA684AFC604,0xA,1547,0.165481577246,1,0x6,0xC,0xC,1,1
14,256,6,0xB773EFA684AFC604,0xA,1563,0.163787587972,1,0xF,0x5,0x5,1,1
14,256,7,0xB773EFA684AFC604,0xA,1531,0.167210973220,1,0x4,0xE,0xE,1,1
15,16,0,0xF62DBFEF9FFE9939,0xD,60,0.266666666667,5,NA,0x0,0xC,0,0
15,16,1,0xF62DBFEF9FFE9939,0xD,101,0.158415841584,0,NA,0x0,0xA,0,0
15,16,2,0xF62DBFEF9FFE9939,0xD,116,0.137931034483,0,NA,0x0,0xC,0,0
15,16,3,0xF62DBFEF9FFE9939,0xD,97,0.164948453608,0,NA,0x0,0x0,0,0
15,16,4,0xF62DBFEF9FFE9939,0xD,72,0.222222222222,0,NA,0x0,0xE,0,0
15,16,5,0xF62DBFEF9FFE9939,0xD,71,0.225352112676,0,NA,0x0,0x8,0,0
15,16,6,0xF62DBFEF9FFE9939,0xD,49,0.326530612245,0,NA,0x0,0x2,0,0
15,16,7,0xF62DBFEF9FFE9939,0xD,87,0.183908045977,0,NA,0x0,0x5,0,0
15,24,0,0xF62DBFEF9FFE9939,0xD,149,0.161073825503,3,NA,0x0,0xC,0,0
15,24,1,0xF62DBFEF9FFE9939,0xD,152,0.157894736842,0,NA,0x0,0xA,0,0
15,24,2,0xF62DBFEF9FFE9939,0xD,177,0.135593220339,0,NA,0x0,0xC,0,0
15,24,3,0xF62DBFEF9FFE9939,0xD,168,0.142857142857,0,NA,0x0,0x0,0,0
15,24,4,0xF62DBFEF9FFE9939,0xD,139,0.172661870504,0,NA,0x0,0xE,0,0
15,24,5,0xF62DBFEF9FFE9939,0xD,127,0.188976377953,0,NA,0x0,0x8,0,0
15,24,6,0xF62DBFEF9FFE9939,0xD,81,0.296296296296,0,NA,0x0,0x2,0,0
15,24,7,0xF62DBFEF9FFE9939,0xD,125,0.192000000000,0,NA,0x0,0x5,0,0
15,32,0,0xF62DBFEF9FFE9939,0xD,196,0.163265306122,1,0x1,0xC,0xC,1,1
15,32,1,0xF62DBFEF9FFE9939,0xD,195,0.164102564103,4,NA,0x0,0xA,0,0
15,32,2,0xF62DBFEF9FFE9939,0xD,212,0.150943396226,0,NA,0x0,0xC,0,0
15,32,3,0xF62DBFEF9FFE9939,0xD,204,0.156862745098,0,NA,0x0,0x0,0,0
15,32,4,0xF62DBFEF9FFE9939,0xD,190,0.168421052632,0,NA,0x0,0xE,0,0
15,32,5,0xF62DBFEF9FFE9939,0xD,180,0.177777777778,0,NA,0x0,0x8,0,0
15,32,6,0xF62DBFEF9FFE9939,0xD,119,0.268907563025,0,NA,0x0,0x2,0,0
15,32,7,0xF62DBFEF9FFE9939,0xD,154,0.207792207792,0,NA,0x0,0x5,0,0
15,40,0,0xF62DBFEF9FFE9939,0xD,286,0.139860139860,1,0x1,0xC,0xC,1,1
15,40,1,0xF62DBFEF9FFE9939,0xD,224,0.178571428571,2,NA,0x0,0xA,0,0
15,40,2,0xF62DBFEF9FFE9939,0xD,305,0.131147540984,0,NA,0x0,0xC,0,0
15,40,3,0xF62DBFEF9FFE9939,0xD,278,0.143884892086,0,NA,0x0,0x0,0,0
15,40,4,0xF62DBFEF9FFE9939,0xD,243,0.164609053498,0,NA,0x0,0xE,0,0
15,40,5,0xF62DBFEF9FFE9939,0xD,245,0.163265306122,0,NA,0x0,0x8,0,0
15,40,6,0xF62DBFEF9FFE9939,0xD,173,0.231213872832,0,NA,0x0,0x2,0,0
15,40,7,0xF62DBFEF9FFE9939,0xD,198,0.202020202020,0,NA,0x0,0x5,0,0
15,48,0,0xF62DBFEF9FFE9939,0xD,332,0.144578313253,1,0x1,0xC,0xC,1,1
15,48,1,0xF62DBFEF9FFE9939,0xD,276,0.173913043478,2,NA,0x0,0xA,0,0
15,48,2,0xF62DBFEF9FFE9939,0xD,340,0.141176470588,0,NA,0x0,0xC,0,0
15,48,3,0xF62DBFEF9FFE9939,0xD,338,0.142011834320,0,NA,0x0,0x0,0,0
15,48,4,0xF62DBFEF9FFE9939,0xD,301,0.159468438538,0,NA,0x0,0xE,0,0
15,48,5,0xF62DBFEF9FFE9939,0xD,281,0.170818505338,0,NA,0x0,0x8,0,0
15,48,6,0xF62DBFEF9FFE9939,0xD,216,0.222222222222,0,NA,0x0,0x2,0,0
15,48,7,0xF62DBFEF9FFE9939,0xD,257,0.186770428016,0,NA,0x0,0x5,0,0
15,56,0,0xF62DBFEF9FFE9939,0xD,370,0.151351351351,1,0x1,0xC,0xC,1,1
15,56,1,0xF62DBFEF9FFE9939,0xD,322,0.173913043478,2,NA,0x0,0xA,0,0
15,56,2,0xF62DBFEF9FFE9939,0xD,396,0.141414141414,0,NA,0x0,0xC,0,0
15,56,3,0xF62DBFEF9FFE9939,0xD,404,0.138613861386,0,NA,0x0,0x0,0,0
15,56,4,0xF62DBFEF9FFE9939,0xD,360,0.155555555556,0,NA,0x0,0xE,0,0
15,56,5,0xF62DBFEF9FFE9939,0xD,332,0.168674698795,0,NA,0x0,0x8,0,0
15,56,6,0xF62DBFEF9FFE9939,0xD,254,0.220472440945,0,NA,0x0,0x2,0,0
15,56,7,0xF62DBFEF9FFE9939,0xD,321,0.174454828660,0,NA,0x0,0x5,0,0
15,64,0,0xF62DBFEF9FFE9939,0xD,435,0.147126436782,1,0x1,0xC,0xC,1,1
15,64,1,0xF62DBFEF9FFE9939,0xD,373,0.171581769437,1,0x7,0xA,0xA,1,1
15,64,2,0xF62DBFEF9FFE9939,0xD,424,0.150943396226,1,0x1,0xC,0xC,1,1
15,64,3,0xF62DBFEF9FFE9939,0xD,465,0.137634408602,2,NA,0x0,0x0,0,0
15,64,4,0xF62DBFEF9FFE9939,0xD,381,0.167979002625,0,NA,0x0,0xE,0,0
15,64,5,0xF62DBFEF9FFE9939,0xD,361,0.177285318560,0,NA,0x0,0x8,0,0
15,64,6,0xF62DBFEF9FFE9939,0xD,317,0.201892744479,0,NA,0x0,0x2,0,0
15,64,7,0xF62DBFEF9FFE9939,0xD,380,0.168421052632,0,NA,0x0,0x5,0,0
15,72,0,0xF62DBFEF9FFE9939,0xD,458,0.157205240175,1,0x1,0xC,0xC,1,1
15,72,1,0xF62DBFEF9FFE9939,0xD,422,0.170616113744,1,0x7,0xA,0xA,1,1
15,72,2,0xF62DBFEF9FFE9939,0xD,500,0.144000000000,1,0x1,0xC,0xC,1,1
15,72,3,0xF62DBFEF9FFE9939,0xD,519,0.138728323699,2,NA,0x0,0x0,0,0
15,72,4,0xF62DBFEF9FFE9939,0xD,426,0.169014084507,0,NA,0x0,0xE,0,0
15,72,5,0xF62DBFEF9FFE9939,0xD,413,0.174334140436,0,NA,0x0,0x8,0,0
15,72,6,0xF62DBFEF9FFE9939,0xD,389,0.185089974293,0,NA,0x0,0x2,0,0
15,72,7,0xF62DBFEF9FFE9939,0xD,429,0.167832167832,0,NA,0x0,0x5,0,0
15,80,0,0xF62DBFEF9FFE9939,0xD,520,0.153846153846,1,0x1,0xC,0xC,1,1
15,80,1,0xF62DBFEF9FFE9939,0xD,463,0.172786177106,1,0x7,0xA,0xA,1,1
15,80,2,0xF62DBFEF9FFE9939,0xD,553,0.144665461121,1,0x1,0xC,0xC,1,1
15,80,3,0xF62DBFEF9FFE9939,0xD,605,0.132231404959,1,0xD,0x0,0x0,1,1
15,80,4,0xF62DBFEF9FFE9939,0xD,464,0.172413793103,1,0x3,0xE,0xE,1,1
15,80,5,0xF62DBFEF9FFE9939,0xD,446,0.179372197309,1,0x5,0x8,0x8,1,1
15,80,6,0xF62DBFEF9FFE9939,0xD,424,0.188679245283,1,0xF,0x2,0x2,1,1
15,80,7,0xF62DBFEF9FFE9939,0xD,454,0.176211453744,1,0x8,0x5,0x5,1,1
15,96,0,0xF62DBFEF9FFE9939,0xD,627,0.153110047847,1,0x1,0xC,0xC,1,1
15,96,1,0xF62DBFEF9FFE9939,0xD,568,0.169014084507,1,0x7,0xA,0xA,1,1
15,96,2,0xF62DBFEF9FFE9939,0xD,653,0.147013782542,1,0x1,0xC,0xC,1,1
15,96,3,0xF62DBFEF9FFE9939,0xD,692,0.138728323699,1,0xD,0x0,0x0,1,1
15,96,4,0xF62DBFEF9FFE9939,0xD,540,0.177777777778,1,0x3,0xE,0xE,1,1
15,96,5,0xF62DBFEF9FFE9939,0xD,546,0.175824175824,1,0x5,0x8,0x8,1,1
15,96,6,0xF62DBFEF9FFE9939,0xD,491,0.195519348269,1,0xF,0x2,0x2,1,1
15,96,7,0xF62DBFEF9FFE9939,0xD,522,0.183908045977,1,0x8,0x5,0x5,1,1
15,112,0,0xF62DBFEF9FFE9939,0xD,766,0.146214099217,1,0x1,0xC,0xC,1,1
15,112,1,0xF62DBFEF9FFE9939,0xD,695,0.161151079137,1,0x7,0xA,0xA,1,1
15,112,2,0xF62DBFEF9FFE9939,0xD,730,0.153424657534,1,0x1,0xC,0xC,1,1
15,112,3,0xF62DBFEF9FFE9939,0xD,779,0.143774069320,1,0xD,0x0,0x0,1,1
15,112,4,0xF62DBFEF9FFE9939,0xD,634,0.176656151420,1,0x3,0xE,0xE,1,1
15,112,5,0xF62DBFEF9FFE9939,0xD,646,0.173374613003,1,0x5,0x8,0x8,1,1
15,112,6,0xF62DBFEF9FFE9939,0xD,590,0.189830508475,1,0xF,0x2,0x2,1,1
15,112,7,0xF62DBFEF9FFE9939,0xD,607,0.184514003295,1,0x8,0x5,0x5,1,1
15,128,0,0xF62DBFEF9FFE9939,0xD,822,0.155717761557,1,0x1,0xC,0xC,1,1
15,128,1,0xF62DBFEF9FFE9939,0xD,807,0.158612143742,1,0x7,0xA,0xA,1,1
15,128,2,0xF62DBFEF9FFE9939,0xD,793,0.161412358134,1,0x1,0xC,0xC,1,1
15,128,3,0xF62DBFEF9FFE9939,0xD,889,0.143982002250,1,0xD,0x0,0x0,1,1
15,128,4,0xF62DBFEF9FFE9939,0xD,730,0.175342465753,1,0x3,0xE,0xE,1,1
15,128,5,0xF62DBFEF9FFE9939,0xD,781,0.163892445583,1,0x5,0x8,0x8,1,1
15,128,6,0xF62DBFEF9FFE9939,0xD,684,0.187134502924,1,0xF,0x2,0x2,1,1
15,128,7,0xF62DBFEF9FFE9939,0xD,690,0.185507246377,1,0x8,0x5,0x5,1,1
15,160,0,0xF62DBFEF9FFE9939,0xD,1049,0.152526215443,1,0x1,0xC,0xC,1,1
15,160,1,0xF62DBFEF9FFE9939,0xD,982,0.162932790224,1,0x7,0xA,0xA,1,1
15,160,2,0xF62DBFEF9FFE9939,0xD,1012,0.158102766798,1,0x1,0xC,0xC,1,1
15,160,3,0xF62DBFEF9FFE9939,0xD,1078,0.148423005566,1,0xD,0x0,0x0,1,1
15,160,4,0xF62DBFEF9FFE9939,0xD,919,0.174102285092,1,0x3,0xE,0xE,1,1
15,160,5,0xF62DBFEF9FFE9939,0xD,962,0.166320166320,1,0x5,0x8,0x8,1,1
15,160,6,0xF62DBFEF9FFE9939,0xD,846,0.189125295508,1,0xF,0x2,0x2,1,1
15,160,7,0xF62DBFEF9FFE9939,0xD,874,0.183066361556,1,0x8,0x5,0x5,1,1
15,192,0,0xF62DBFEF9FFE9939,0xD,1239,0.154963680387,1,0x1,0xC,0xC,1,1
15,192,1,0xF62DBFEF9FFE9939,0xD,1163,0.165090283749,1,0x7,0xA,0xA,1,1
15,192,2,0xF62DBFEF9FFE9939,0xD,1171,0.163962425278,1,0x1,0xC,0xC,1,1
15,192,3,0xF62DBFEF9FFE9939,0xD,1285,0.149416342412,1,0xD,0x0,0x0,1,1
15,192,4,0xF62DBFEF9FFE9939,0xD,1146,0.167539267016,1,0x3,0xE,0xE,1,1
15,192,5,0xF62DBFEF9FFE9939,0xD,1179,0.162849872774,1,0x5,0x8,0x8,1,1
15,192,6,0xF62DBFEF9FFE9939,0xD,973,0.197327852004,1,0xF,0x2,0x2,1,1
15,192,7,0xF62DBFEF9FFE9939,0xD,1057,0.181646168401,1,0x8,0x5,0x5,1,1
15,256,0,0xF62DBFEF9FFE9939,0xD,1577,0.162333544705,1,0x1,0xC,0xC,1,1
15,256,1,0xF62DBFEF9FFE9939,0xD,1565,0.163578274760,1,0x7,0xA,0xA,1,1
15,256,2,0xF62DBFEF9FFE9939,0xD,1542,0.166018158236,1,0x1,0xC,0xC,1,1
15,256,3,0xF62DBFEF9FFE9939,0xD,1738,0.147295742232,1,0xD,0x0,0x0,1,1
15,256,4,0xF62DBFEF9FFE9939,0xD,1472,0.173913043478,1,0x3,0xE,0xE,1,1
15,256,5,0xF62DBFEF9FFE9939,0xD,1584,0.161616161616,1,0x5,0x8,0x8,1,1
15,256,6,0xF62DBFEF9FFE9939,0xD,1414,0.181046676096,1,0xF,0x2,0x2,1,1
15,256,7,0xF62DBFEF9FFE9939,0xD,1450,0.176551724138,1,0x8,0x5,0x5,1,1
16,16,0,0x85F16EE4B20F3530,0x8,114,0.140350877193,7,NA,0x0,0x8,0,0
16,16,1,0x85F16EE4B20F3530,0x8,73,0.219178082192,0,NA,0x0,0x3,0,0
16,16,2,0x85F16EE4B20F3530,0x8,67,0.238805970149,0,NA,0x0,0x8,0,0
16,16,3,0x85F16EE4B20F3530,0x8,84,0.190476190476,0,NA,0x0,0x1,0,0
16,16,4,0x85F16EE4B20F3530,0x8,98,0.163265306122,0,NA,0x0,0x9,0,0
16,16,5,0x85F16EE4B20F3530,0x8,106,0.150943396226,0,NA,0x0,0xB,0,0
16,16,6,0x85F16EE4B20F3530,0x8,89,0.179775280899,0,NA,0x0,0x3,0,0
16,16,7,0x85F16EE4B20F3530,0x8,101,0.158415841584,0,NA,0x0,0x3,0,0
16,24,0,0x85F16EE4B20F3530,0x8,147,0.163265306122,6,NA,0x0,0x8,0,0
16,24,1,0x85F16EE4B20F3530,0x8,125,0.192000000000,0,NA,0x0,0x3,0,0
16,24,2,0x85F16EE4B20F3530,0x8,118,0.203389830508,0,NA,0x0,0x8,0,0
16,24,3,0x85F16EE4B20F3530,0x8,148,0.162162162162,0,NA,0x0,0x1,0,0
16,24,4,0x85F16EE4B20F3530,0x8,159,0.150943396226,0,NA,0x0,0x9,0,0
16,24,5,0x85F16EE4B20F3530,0x8,157,0.152866242038,0,NA,0x0,0xB,0,0
16,24,6,0x85F16EE4B20F3530,0x8,142,0.169014084507,0,NA,0x0,0x3,0,0
16,24,7,0x85F16EE4B20F3530,0x8,145,0.165517241379,0,NA,0x0,0x3,0,0
16,32,0,0x85F16EE4B20F3530,0x8,193,0.165803108808,5,NA,0x0,0x8,0,0
16,32,1,0x85F16EE4B20F3530,0x8,180,0.177777777778,0,NA,0x0,0x3,0,0
16,32,2,0x85F16EE4B20F3530,0x8,151,0.211920529801,0,NA,0x0,0x8,0,0
16,32,3,0x85F16EE4B20F3530,0x8,208,0.153846153846,0,NA,0x0,0x1,0,0
16,32,4,0x85F16EE4B20F3530,0x8,191,0.167539267016,0,NA,0x0,0x9,0,0
16,32,5,0x85F16EE4B20F3530,0x8,231,0.138528138528,0,NA,0x0,0xB,0,0
16,32,6,0x85F16EE4B20F3530,0x8,190,0.168421052632,0,NA,0x0,0x3,0,0
16,32,7,0x85F16EE4B20F3530,0x8,184,0.173913043478,0,NA,0x0,0x3,0,0
16,40,0,0x85F16EE4B20F3530,0x8,248,0.161290322581,4,NA,0x0,0x8,0,0
16,40,1,0x85F16EE4B20F3530,0x8,213,0.187793427230,0,NA,0x0,0x3,0,0
16,40,2,0x85F16EE4B20F3530,0x8,210,0.190476190476,0,NA,0x0,0x8,0,0
16,40,3,0x85F16EE4B20F3530,0x8,244,0.163934426230,0,NA,0x0,0x1,0,0
16,40,4,0x85F16EE4B20F3530,0x8,243,0.164609053498,0,NA,0x0,0x9,0,0
16,40,5,0x85F16EE4B20F3530,0x8,316,0.126582278481,0,NA,0x0,0xB,0,0
16,40,6,0x85F16EE4B20F3530,0x8,229,0.174672489083,0,NA,0x0,0x3,0,0
16,40,7,0x85F16EE4B20F3530,0x8,230,0.173913043478,0,NA,0x0,0x3,0,0
16,48,0,0x85F16EE4B20F3530,0x8,287,0.167247386760,3,NA,0x0,0x8,0,0
16,48,1,0x85F16EE4B20F3530,0x8,256,0.187500000000,0,NA,0x0,0x3,0,0
16,48,2,0x85F16EE4B20F3530,0x8,268,0.179104477612,0,NA,0x0,0x8,0,0
16,48,3,0x85F16EE4B20F3530,0x8,285,0.168421052632,0,NA,0x0,0x1,0,0
16,48,4,0x85F16EE4B20F3530,0x8,290,0.165517241379,0,NA,0x0,0x9,0,0
16,48,5,0x85F16EE4B20F3530,0x8,369,0.130081300813,0,NA,0x0,0xB,0,0
16,48,6,0x85F16EE4B20F3530,0x8,261,0.183908045977,0,NA,0x0,0x3,0,0
16,48,7,0x85F16EE4B20F3530,0x8,285,0.168421052632,0,NA,0x0,0x3,0,0
16,56,0,0x85F16EE4B20F3530,0x8,305,0.183606557377,2,NA,0x0,0x8,0,0
16,56,1,0x85F16EE4B20F3530,0x8,313,0.178913738019,0,NA,0x0,0x3,0,0
16,56,2,0x85F16EE4B20F3530,0x8,332,0.168674698795,0,NA,0x0,0x8,0,0
16,56,3,0x85F16EE4B20F3530,0x8,351,0.159544159544,0,NA,0x0,0x1,0,0
16,56,4,0x85F16EE4B20F3530,0x8,345,0.162318840580,0,NA,0x0,0x9,0,0
16,56,5,0x85F16EE4B20F3530,0x8,412,0.135922330097,0,NA,0x0,0xB,0,0
16,56,6,0x85F16EE4B20F3530,0x8,311,0.180064308682,0,NA,0x0,0x3,0,0
16,56,7,0x85F16EE4B20F3530,0x8,307,0.182410423453,0,NA,0x0,0x3,0,0
16,64,0,0x85F16EE4B20F3530,0x8,330,0.193939393939,2,NA,0x0,0x8,0,0
16,64,1,0x85F16EE4B20F3530,0x8,366,0.174863387978,0,NA,0x0,0x3,0,0
16,64,2,0x85F16EE4B20F3530,0x8,393,0.162849872774,0,NA,0x0,0x8,0,0
16,64,3,0x85F16EE4B20F3530,0x8,397,0.161209068010,0,NA,0x0,0x1,0,0
16,64,4,0x85F16EE4B20F3530,0x8,411,0.155717761557,0,NA,0x0,0x9,0,0
16,64,5,0x85F16EE4B20F3530,0x8,457,0.140043763676,0,NA,0x0,0xB,0,0
16,64,6,0x85F16EE4B20F3530,0x8,373,0.171581769437,0,NA,0x0,0x3,0,0
16,64,7,0x85F16EE4B20F3530,0x8,331,0.193353474320,0,NA,0x0,0x3,0,0
16,72,0,0x85F16EE4B20F3530,0x8,355,0.202816901408,2,NA,0x0,0x8,0,0
16,72,1,0x85F16EE4B20F3530,0x8,406,0.177339901478,0,NA,0x0,0x3,0,0
16,72,2,0x85F16EE4B20F3530,0x8,430,0.167441860465,0,NA,0x0,0x8,0,0
16,72,3,0x85F16EE4B20F3530,0x8,465,0.154838709677,0,NA,0x0,0x1,0,0
16,72,4,0x85F16EE4B20F3530,0x8,491,0.146639511202,0,NA,0x0,0x9,0,0
16,72,5,0x85F16EE4B20F3530,0x8,514,0.140077821012,0,NA,0x0,0xB,0,0
16,72,6,0x85F16EE4B20F3530,0x8,429,0.167832167832,0,NA,0x0,0x3,0,0
16,72,7,0x85F16EE4B20F3530,0x8,370,0.194594594595,0,NA,0x0,0x3,0,0
16,80,0,0x85F16EE4B20F3530,0x8,381,0.209973753281,1,0x0,0x8,0x8,1,1
16,80,1,0x85F16EE4B20F3530,0x8,433,0.184757505774,1,0xB,0x3,0x3,1,1
16,80,2,0x85F16EE4B20F3530,0x8,463,0.172786177106,1,0x0,0x8,0x8,1,1
16,80,3,0x85F16EE4B20F3530,0x8,490,0.163265306122,1,0x9,0x1,0x1,1,1
16,80,4,0x85F16EE4B20F3530,0x8,530,0.150943396226,2,NA,0x0,0x9,0,0
16,80,5,0x85F16EE4B20F3530,0x8,553,0.144665461121,0,NA,0x0,0xB,0,0
16,80,6,0x85F16EE4B20F3530,0x8,487,0.164271047228,0,NA,0x0,0x3,0,0
16,80,7,0x85F16EE4B20F3530,0x8,408,0.196078431373,0,NA,0x0,0x3,0,0
16,96,0,0x85F16EE4B20F3530,0x8,488,0.196721311475,1,0x0,0x8,0x8,1,1
16,96,1,0x85F16EE4B20F3530,0x8,602,0.159468438538,1,0xB,0x3,0x3,1,1
16,96,2,0x85F16EE4B20F3530,0x8,567,0.169312169312,1,0x0,0x8,0x8,1,1
16,96,3,0x85F16EE4B20F3530,0x8,584,0.164383561644,1,0x9,0x1,0x1,1,1
16,96,4,0x85F16EE4B20F3530,0x8,597,0.160804020101,1,0x1,0x9,0x9,1,1
16,96,5,0x85F16EE4B20F3530,0x8,676,0.142011834320,1,0x3,0xB,0xB,1,1
16,96,6,0x85F16EE4B20F3530,0x8,558,0.172043010753,1,0xB,0x3,0x3,1,1
16,96,7,0x85F16EE4B20F3530,0x8,466,0.206008583691,1,0xB,0x3,0x3,1,1
16,112,0,0x85F16EE4B20F3530,0x8,584,0.191780821918,1,0x0,0x8,0x8,1,1
16,112,1,0x85F16EE4B20F3530,0x8,679,0.164948453608,1,0xB,0x3,0x3,1,1
16,112,2,0x85F16EE4B20F3530,0x8,684,0.163742690058,1,0x0,0x8,0x8,1,1
16,112,3,0x85F16EE4B20F3530,0x8,684,0.163742690058,1,0x9,0x1,0x1,1,1
16,112,4,0x85F16EE4B20F3530,0x8,674,0.166172106825,1,0x1,0x9,0x9,1,1
16,112,5,0x85F16EE4B20F3530,0x8,779,0.143774069320,1,0x3,0xB,0xB,1,1
16,112,6,0x85F16EE4B20F3530,0x8,625,0.179200000000,1,0xB,0x3,0x3,1,1
16,112,7,0x85F16EE4B20F3530,0x8,531,0.210922787194,1,0xB,0x3,0x3,1,1
16,128,0,0x85F16EE4B20F3530,0x8,658,0.194528875380,1,0x0,0x8,0x8,1,1
16,128,1,0x85F16EE4B20F3530,0x8,797,0.160602258469,1,0xB,0x3,0x3,1,1
16,128,2,0x85F16EE4B20F3530,0x8,761,0.168199737188,1,0x0,0x8,0x8,1,1
16,128,3,0x85F16EE4B20F3530,0x8,812,0.157635467980,1,0x9,0x1,0x1,1,1
16,128,4,0x85F16EE4B20F3530,0x8,831,0.154031287605,1,0x1,0x9,0x9,1,1
16,128,5,0x85F16EE4B20F3530,0x8,871,0.146957520092,1,0x3,0xB,0xB,1,1
16,128,6,0x85F16EE4B20F3530,0x8,772,0.165803108808,1,0xB,0x3,0x3,1,1
16,128,7,0x85F16EE4B20F3530,0x8,614,0.208469055375,1,0xB,0x3,0x3,1,1
16,160,0,0x85F16EE4B20F3530,0x8,823,0.194410692588,1,0x0,0x8,0x8,1,1
16,160,1,0x85F16EE4B20F3530,0x8,1011,0.158259149357,1,0xB,0x3,0x3,1,1
16,160,2,0x85F16EE4B20F3530,0x8,926,0.172786177106,1,0x0,0x8,0x8,1,1
16,160,3,0x85F16EE4B20F3530,0x8,949,0.168598524763,1,0x9,0x1,0x1,1,1
16,160,4,0x85F16EE4B20F3530,0x8,1017,0.157325467060,1,0x1,0x9,0x9,1,1
16,160,5,0x85F16EE4B20F3530,0x8,1032,0.155038759690,1,0x3,0xB,0xB,1,1
16,160,6,0x85F16EE4B20F3530,0x8,999,0.160160160160,1,0xB,0x3,0x3,1,1
16,160,7,0x85F16EE4B20F3530,0x8,783,0.204342273308,1,0xB,0x3,0x3,1,1
16,192,0,0x85F16EE4B20F3530,0x8,1046,0.183556405354,1,0x0,0x8,0x8,1,1
16,192,1,0x85F16EE4B20F3530,0x8,1184,0.162162162162,1,0xB,0x3,0x3,1,1
16,192,2,0x85F16EE4B20F3530,0x8,1120,0.171428571429,1,0x0,0x8,0x8,1,1
16,192,3,0x85F16EE4B20F3530,0x8,1138,0.168717047452,1,0x9,0x1,0x1,1,1
16,192,4,0x85F16EE4B20F3530,0x8,1269,0.151300236407,1,0x1,0x9,0x9,1,1
16,192,5,0x85F16EE4B20F3530,0x8,1223,0.156991005724,1,0x3,0xB,0xB,1,1
16,192,6,0x85F16EE4B20F3530,0x8,1196,0.160535117057,1,0xB,0x3,0x3,1,1
16,192,7,0x85F16EE4B20F3530,0x8,962,0.199584199584,1,0xB,0x3,0x3,1,1
16,256,0,0x85F16EE4B20F3530,0x8,1427,0.179397337071,1,0x0,0x8,0x8,1,1
16,256,1,0x85F16EE4B20F3530,0x8,1585,0.161514195584,1,0xB,0x3,0x3,1,1
16,256,2,0x85F16EE4B20F3530,0x8,1489,0.171927468099,1,0x0,0x8,0x8,1,1
16,256,3,0x85F16EE4B20F3530,0x8,1530,0.167320261438,1,0x9,0x1,0x1,1,1
16,256,4,0x85F16EE4B20F3530,0x8,1561,0.163997437540,1,0x1,0x9,0x9,1,1
16,256,5,0x85F16EE4B20F3530,0x8,1567,0.163369495852,1,0x3,0xB,0xB,1,1
16,256,6,0x85F16EE4B20F3530,0x8,1590,0.161006289308,1,0xB,0x3,0x3,1,1
16,256,7,0x85F16EE4B20F3530,0x8,1271,0.201416207710,1,0xB,0x3,0x3,1,1
17,16,0,0xE3A153F7085AD422,0x2,107,0.149532710280,4,NA,0x0,0xC,0,0
17,16,1,0xE3A153F7085AD422,0x2,100,0.160000000000,0,NA,0x0,0x5,0,0
17,16,2,0xE3A153F7085AD422,0x2,104,0.153846153846,0,NA,0x0,0xE,0,0
17,16,3,0xE3A153F7085AD422,0x2,106,0.150943396226,0,NA,0x0,0x5,0,0
17,16,4,0xE3A153F7085AD422,0x2,124,0.129032258065,0,NA,0x0,0xD,0,0
17,16,5,0xE3A153F7085AD422,0x2,112,0.142857142857,0,NA,0x0,0x6,0,0
17,16,6,0xE3A153F7085AD422,0x2,80,0.200000000000,0,NA,0x0,0x9,0,0
17,16,7,0xE3A153F7085AD422,0x2,134,0.119402985075,0,NA,0x0,0x9,0,0
17,24,0,0xE3A153F7085AD422,0x2,167,0.143712574850,4,NA,0x0,0xC,0,0
17,24,1,0xE3A153F7085AD422,0x2,162,0.148148148148,0,NA,0x0,0x5,0,0
17,24,2,0xE3A153F7085AD422,0x2,147,0.163265306122,0,NA,0x0,0xE,0,0
17,24,3,0xE3A153F7085AD422,0x2,165,0.145454545455,0,NA,0x0,0x5,0,0
17,24,4,0xE3A153F7085AD422,0x2,195,0.123076923077,0,NA,0x0,0xD,0,0
17,24,5,0xE3A153F7085AD422,0x2,149,0.161073825503,0,NA,0x0,0x6,0,0
17,24,6,0xE3A153F7085AD422,0x2,149,0.161073825503,0,NA,0x0,0x9,0,0
17,24,7,0xE3A153F7085AD422,0x2,183,0.131147540984,0,NA,0x0,0x9,0,0
17,32,0,0xE3A153F7085AD422,0x2,192,0.166666666667,2,NA,0x0,0xC,0,0
17,32,1,0xE3A153F7085AD422,0x2,212,0.150943396226,0,NA,0x0,0x5,0,0
17,32,2,0xE3A153F7085AD422,0x2,207,0.154589371981,0,NA,0x0,0xE,0,0
17,32,3,0xE3A153F7085AD422,0x2,209,0.153110047847,0,NA,0x0,0x5,0,0
17,32,4,0xE3A153F7085AD422,0x2,256,0.125000000000,0,NA,0x0,0xD,0,0
17,32,5,0xE3A153F7085AD422,0x2,184,0.173913043478,0,NA,0x0,0x6,0,0
17,32,6,0xE3A153F7085AD422,0x2,193,0.165803108808,0,NA,0x0,0x9,0,0
17,32,7,0xE3A153F7085AD422,0x2,199,0.160804020101,0,NA,0x0,0x9,0,0
17,40,0,0xE3A153F7085AD422,0x2,250,0.160000000000,1,0xE,0xC,0xC,1,1
17,40,1,0xE3A153F7085AD422,0x2,234,0.170940170940,2,NA,0x0,0x5,0,0
17,40,2,0xE3A153F7085AD422,0x2,264,0.151515151515,0,NA,0x0,0xE,0,0
17,40,3,0xE3A153F7085AD422,0x2,238,0.168067226891,0,NA,0x0,0x5,0,0
17,40,4,0xE3A153F7085AD422,0x2,287,0.139372822300,0,NA,0x0,0xD,0,0
17,40,5,0xE3A153F7085AD422,0x2,242,0.165289256198,0,NA,0x0,0x6,0,0
17,40,6,0xE3A153F7085AD422,0x2,231,0.173160173160,0,NA,0x0,0x9,0,0
17,40,7,0xE3A153F7085AD422,0x2,235,0.170212765957,0,NA,0x0,0x9,0,0
17,48,0,0xE3A153F7085AD422,0x2,314,0.152866242038,1,0xE,0xC,0xC,1,1
17,48,1,0xE3A153F7085AD422,0x2,258,0.186046511628,1,0x7,0x5,0x5,1,1
17,48,2,0xE3A153F7085AD422,0x2,294,0.163265306122,1,0xC,0xE,0xE,1,1
17,48,3,0xE3A153F7085AD422,0x2,269,0.178438661710,2,NA,0x0,0x5,0,0
17,48,4,0xE3A153F7085AD422,0x2,321,0.149532710280,0,NA,0x0,0xD,0,0
17,48,5,0xE3A153F7085AD422,0x2,289,0.166089965398,0,NA,0x0,0x6,0,0
17,48,6,0xE3A153F7085AD422,0x2,280,0.171428571429,0,NA,0x0,0x9,0,0
17,48,7,0xE3A153F7085AD422,0x2,287,0.167247386760,0,NA,0x0,0x9,0,0
17,56,0,0xE3A153F7085AD422,0x2,360,0.155555555556,1,0xE,0xC,0xC,1,1
17,56,1,0xE3A153F7085AD422,0x2,335,0.167164179104,1,0x7,0x5,0x5,1,1
17,56,2,0xE3A153F7085AD422,0x2,343,0.163265306122,1,0xC,0xE,0xE,1,1
17,56,3,0xE3A153F7085AD422,0x2,336,0.166666666667,1,0x7,0x5,0x5,1,1
17,56,4,0xE3A153F7085AD422,0x2,358,0.156424581006,1,0xF,0xD,0xD,1,1
17,56,5,0xE3A153F7085AD422,0x2,325,0.172307692308,1,0x4,0x6,0x6,1,1
17,56,6,0xE3A153F7085AD422,0x2,335,0.167164179104,1,0xB,0x9,0x9,1,1
17,56,7,0xE3A153F7085AD422,0x2,341,0.164222873900,1,0xB,0x9,0x9,1,1
17,64,0,0xE3A153F7085AD422,0x2,391,0.163682864450,1,0xE,0xC,0xC,1,1
17,64,1,0xE3A153F7085AD422,0x2,405,0.158024691358,1,0x7,0x5,0x5,1,1
17,64,2,0xE3A153F7085AD422,0x2,388,0.164948453608,1,0xC,0xE,0xE,1,1
17,64,3,0xE3A153F7085AD422,0x2,385,0.166233766234,1,0x7,0x5,0x5,1,1
17,64,4,0xE3A153F7085AD422,0x2,400,0.160000000000,1,0xF,0xD,0xD,1,1
17,64,5,0xE3A153F7085AD422,0x2,391,0.163682864450,1,0x4,0x6,0x6,1,1
17,64,6,0xE3A153F7085AD422,0x2,383,0.167101827676,1,0xB,0x9,0x9,1,1
17,64,7,0xE3A153F7085AD422,0x2,401,0.159600997506,1,0xB,0x9,0x9,1,1
17,72,0,0xE3A153F7085AD422,0x2,447,0.161073825503,1,0xE,0xC,0xC,1,1
17,72,1,0xE3A153F7085AD422,0x2,456,0.157894736842,1,0x7,0x5,0x5,1,1
17,72,2,0xE3A153F7085AD422,0x2,438,0.164383561644,1,0xC,0xE,0xE,1,1
17,72,3,0xE3A153F7085AD422,0x2,440,0.163636363636,1,0x7,0x5,0x5,1,1
17,72,4,0xE3A153F7085AD422,0x2,440,0.163636363636,1,0xF,0xD,0xD,1,1
17,72,5,0xE3A153F7085AD422,0x2,457,0.157549234136,1,0x4,0x6,0x6,1,1
17,72,6,0xE3A153F7085AD422,0x2,425,0.169411764706,1,0xB,0x9,0x9,1,1
17,72,7,0xE3A153F7085AD422,0x2,459,0.156862745098,1,0xB,0x9,0x9,1,1
17,80,0,0xE3A153F7085AD422,0x2,477,0.167714884696,1,0xE,0xC,0xC,1,1
17,80,1,0xE3A153F7085AD422,0x2,516,0.155038759690,1,0x7,0x5,0x5,1,1
17,80,2,0xE3A153F7085AD422,0x2,469,0.170575692964,1,0xC,0xE,0xE,1,1
17,80,3,0xE3A153F7085AD422,0x2,492,0.162601626016,1,0x7,0x5,0x5,1,1
17,80,4,0xE3A153F7085AD422,0x2,488,0.163934426230,1,0xF,0xD,0xD,1,1
17,80,5,0xE3A153F7085AD422,0x2,498,0.160642570281,1,0x4,0x6,0x6,1,1
17,80,6,0xE3A153F7085AD422,0x2,468,0.170940170940,1,0xB,0x9,0x9,1,1
17,80,7,0xE3A153F7085AD422,0x2,509,0.157170923379,1,0xB,0x9,0x9,1,1
17,96,0,0xE3A153F7085AD422,0x2,555,0.172972972973,1,0xE,0xC,0xC,1,1
17,96,1,0xE3A153F7085AD422,0x2,591,0.162436548223,1,0x7,0x5,0x5,1,1
17,96,2,0xE3A153F7085AD422,0x2,569,0.168717047452,1,0xC,0xE,0xE,1,1
17,96,3,0xE3A153F7085AD422,0x2,549,0.174863387978,1,0x7,0x5,0x5,1,1
17,96,4,0xE3A153F7085AD422,0x2,559,0.171735241503,1,0xF,0xD,0xD,1,1
17,96,5,0xE3A153F7085AD422,0x2,594,0.161616161616,1,0x4,0x6,0x6,1,1
17,96,6,0xE3A153F7085AD422,0x2,543,0.176795580110,1,0xB,0x9,0x9,1,1
17,96,7,0xE3A153F7085AD422,0x2,581,0.165232358003,1,0xB,0x9,0x9,1,1
17,112,0,0xE3A153F7085AD422,0x2,636,0.176100628931,1,0xE,0xC,0xC,1,1
17,112,1,0xE3A153F7085AD422,0x2,692,0.161849710983,1,0x7,0x5,0x5,1,1
17,112,2,0xE3A153F7085AD422,0x2,649,0.172573189522,1,0xC,0xE,0xE,1,1
17,112,3,0xE3A153F7085AD422,0x2,667,0.167916041979,1,0x7,0x5,0x5,1,1
17,112,4,0xE3A153F7085AD422,0x2,655,0.170992366412,1,0xF,0xD,0xD,1,1
17,112,5,0xE3A153F7085AD422,0x2,696,0.160919540230,1,0x4,0x6,0x6,1,1
17,112,6,0xE3A153F7085AD422,0x2,618,0.181229773463,1,0xB,0x9,0x9,1,1
17,112,7,0xE3A153F7085AD422,0x2,672,0.166666666667,1,0xB,0x9,0x9,1,1
17,128,0,0xE3A153F7085AD422,0x2,716,0.178770949721,1,0xE,0xC,0xC,1,1
17,128,1,0xE3A153F7085AD422,0x2,779,0.164313222080,1,0x7,0x5,0x5,1,1
17,128,2,0xE3A153F7085AD422,0x2,766,0.167101827676,1,0xC,0xE,0xE,1,1
17,128,3,0xE3A153F7085AD422,0x2,753,0.169986719788,1,0x7,0x5,0x5,1,1
17,128,4,0xE3A153F7085AD422,0x2,724,0.176795580110,1,0xF,0xD,0xD,1,1
17,128,5,0xE3A153F7085AD422,0x2,808,0.158415841584,1,0x4,0x6,0x6,1,1
17,128,6,0xE3A153F7085AD422,0x2,686,0.186588921283,1,0xB,0x9,0x9,1,1
17,128,7,0xE3A153F7085AD422,0x2,801,0.159800249688,1,0xB,0x9,0x9,1,1
17,160,0,0xE3A153F7085AD422,0x2,914,0.175054704595,1,0xE,0xC,0xC,1,1
17,160,1,0xE3A153F7085AD422,0x2,982,0.162932790224,1,0x7,0x5,0x5,1,1
17,160,2,0xE3A153F7085AD422,0x2,1007,0.158887785501,1,0xC,0xE,0xE,1,1
17,160,3,0xE3A153F7085AD422,0x2,983,0.162767039674,1,0x7,0x5,0x5,1,1
17,160,4,0xE3A153F7085AD422,0x2,923,0.173347778982,1,0xF,0xD,0xD,1,1
17,160,5,0xE3A153F7085AD422,0x2,1019,0.157016683023,1,0x4,0x6,0x6,1,1
17,160,6,0xE3A153F7085AD422,0x2,894,0.178970917226,1,0xB,0x9,0x9,1,1
17,160,7,0xE3A153F7085AD422,0x2,1011,0.158259149357,1,0xB,0x9,0x9,1,1
17,192,0,0xE3A153F7085AD422,0x2,1082,0.177449168207,1,0xE,0xC,0xC,1,1
17,192,1,0xE3A153F7085AD422,0x2,1186,0.161888701518,1,0x7,0x5,0x5,1,1
17,192,2,0xE3A153F7085AD422,0x2,1224,0.156862745098,1,0xC,0xE,0xE,1,1
17,192,3,0xE3A153F7085AD422,0x2,1177,0.163126593033,1,0x7,0x5,0x5,1,1
17,192,4,0xE3A153F7085AD422,0x2,1122,0.171122994652,1,0xF,0xD,0xD,1,1
17,192,5,0xE3A153F7085AD422,0x2,1230,0.156097560976,1,0x4,0x6,0x6,1,1
17,192,6,0xE3A153F7085AD422,0x2,1108,0.173285198556,1,0xB,0x9,0x9,1,1
17,192,7,0xE3A153F7085AD422,0x2,1166,0.164665523156,1,0xB,0x9,0x9,1,1
17,256,0,0xE3A153F7085AD422,0x2,1436,0.178272980501,1,0xE,0xC,0xC,1,1
17,256,1,0xE3A153F7085AD422,0x2,1545,0.165695792880,1,0x7,0x5,0x5,1,1
17,256,2,0xE3A153F7085AD422,0x2,1589,0.161107614852,1,0xC,0xE,0xE,1,1
17,256,3,0xE3A153F7085AD422,0x2,1544,0.165803108808,1,0x7,0x5,0x5,1,1
17,256,4,0xE3A153F7085AD422,0x2,1557,0.164418754014,1,0xF,0xD,0xD,1,1
17,256,5,0xE3A153F7085AD422,0x2,1569,0.163161249203,1,0x4,0x6,0x6,1,1
17,256,6,0xE3A153F7085AD422,0x2,1492,0.171581769437,1,0xB,0x9,0x9,1,1
17,256,7,0xE3A153F7085AD422,0x2,1577,0.162333544705,1,0xB,0x9,0x9,1,1
18,16,0,0x527E0716B990965A,0xB,96,0.166666666667,7,NA,0x0,0x9,0,0
18,16,1,0x527E0716B990965A,0xB,87,0.183908045977,0,NA,0x0,0x9,0,0
18,16,2,0x527E0716B990965A,0xB,89,0.179775280899,0,NA,0x0,0x8,0,0
18,16,3,0x527E0716B990965A,0xB,104,0.153846153846,0,NA,0x0,0x2,0,0
18,16,4,0x527E0716B990965A,0xB,73,0.219178082192,0,NA,0x0,0x3,0,0
18,16,5,0x527E0716B990965A,0xB,127,0.125984251969,0,NA,0x0,0xB,0,0
18,16,6,0x527E0716B990965A,0xB,120,0.133333333333,0,NA,0x0,0x3,0,0
18,16,7,0x527E0716B990965A,0xB,90,0.177777777778,0,NA,0x0,0xF,0,0
18,24,0,0x527E0716B990965A,0xB,145,0.165517241379,3,NA,0x0,0x9,0,0
18,24,1,0x527E0716B990965A,0xB,155,0.154838709677,0,NA,0x0,0x9,0,0
18,24,2,0x527E0716B990965A,0xB,130,0.184615384615,0,NA,0x0,0x8,0,0
18,24,3,0x527E0716B990965A,0xB,161,0.149068322981,0,NA,0x0,0x2,0,0
18,24,4,0x527E0716B990965A,0xB,110,0.218181818182,0,NA,0x0,0x3,0,0
18,24,5,0x527E0716B990965A,0xB,177,0.135593220339,0,NA,0x0,0xB,0,0
18,24,6,0x527E0716B990965A,0xB,175,0.137142857143,0,NA,0x0,0x3,0,0
18,24,7,0x527E0716B990965A,0xB,141,0.170212765957,0,NA,0x0,0xF,0,0
18,32,0,0x527E0716B990965A,0xB,204,0.156862745098,1,0x2,0x9,0x9,1,1
18,32,1,0x527E0716B990965A,0xB,186,0.172043010753,3,NA,0x0,0x9,0,0
18,32,2,0x527E0716B990965A,0xB,178,0.179775280899,0,NA,0x0,0x8,0,0
18,32,3,0x527E0716B990965A,0xB,201,0.159203980100,0,NA,0x0,0x2,0,0
18,32,4,0x527E0716B990965A,0xB,160,0.200000000000,0,NA,0x0,0x3,0,0
18,32,5,0x527E0716B990965A,0xB,223,0.143497757848,0,NA,0x0,0xB,0,0
18,32,6,0x527E0716B990965A,0xB,226,0.141592920354,0,NA,0x0,0x3,0,0
18,32,7,0x527E0716B990965A,0xB,183,0.174863387978,0,NA,0x0,0xF,0,0
18,40,0,0x527E0716B990965A,0xB,263,0.152091254753,1,0x2,0x9,0x9,1,1
18,40,1,0x527E0716B990965A,0xB,226,0.176991150442,2,NA,0x0,0x9,0,0
18,40,2,0x527E0716B990965A,0xB,224,0.178571428571,0,NA,0x0,0x8,0,0
18,40,3,0x527E0716B990965A,0xB,270,0.148148148148,0,NA,0x0,0x2,0,0
18,40,4,0x527E0716B990965A,0xB,237,0.168776371308,0,NA,0x0,0x3,0,0
18,40,5,0x527E0716B990965A,0xB,279,0.143369175627,0,NA,0x0,0xB,0,0
18,40,6,0x527E0716B990965A,0xB,281,0.142348754448,0,NA,0x0,0x3,0,0
18,40,7,0x527E0716B990965A,0xB,235,0.170212765957,0,NA,0x0,0xF,0,0
18,48,0,0x527E0716B990965A,0xB,319,0.150470219436,1,0x2,0x9,0x9,1,1
18,48,1,0x527E0716B990965A,0xB,276,0.173913043478,2,NA,0x0,0x9,0,0
18,48,2,0x527E0716B990965A,0xB,268,0.179104477612,0,NA,0x0,0x8,0,0
18,48,3,0x527E0716B990965A,0xB,322,0.149068322981,0,NA,0x0,0x2,0,0
18,48,4,0x527E0716B990965A,0xB,285,0.168421052632,0,NA,0x0,0x3,0,0
18,48,5,0x527E0716B990965A,0xB,319,0.150470219436,0,NA,0x0,0xB,0,0
18,48,6,0x527E0716B990965A,0xB,352,0.136363636364,0,NA,0x0,0x3,0,0
18,48,7,0x527E0716B990965A,0xB,305,0.157377049180,0,NA,0x0,0xF,0,0
18,56,0,0x527E0716B990965A,0xB,381,0.146981627297,1,0x2,0x9,0x9,1,1
18,56,1,0x527E0716B990965A,0xB,332,0.168674698795,1,0x2,0x9,0x9,1,1
18,56,2,0x527E0716B990965A,0xB,301,0.186046511628,1,0x3,0x8,0x8,1,1
18,56,3,0x527E0716B990965A,0xB,375,0.149333333333,1,0x9,0x2,0x2,1,1
18,56,4,0x527E0716B990965A,0xB,336,0.166666666667,1,0x8,0x3,0x3,1,1
18,56,5,0x527E0716B990965A,0xB,366,0.153005464481,1,0x0,0xB,0xB,1,1
18,56,6,0x527E0716B990965A,0xB,393,0.142493638677,2,NA,0x0,0x3,0,0
18,56,7,0x527E0716B990965A,0xB,348,0.160919540230,0,NA,0x0,0xF,0,0
18,64,0,0x527E0716B990965A,0xB,442,0.144796380090,1,0x2,0x9,0x9,1,1
18,64,1,0x527E0716B990965A,0xB,384,0.166666666667,1,0x2,0x9,0x9,1,1
18,64,2,0x527E0716B990965A,0xB,342,0.187134502924,1,0x3,0x8,0x8,1,1
18,64,3,0x527E0716B990965A,0xB,417,0.153477218225,1,0x9,0x2,0x2,1,1
18,64,4,0x527E0716B990965A,0xB,391,0.163682864450,1,0x8,0x3,0x3,1,1
18,64,5,0x527E0716B990965A,0xB,413,0.154963680387,1,0x0,0xB,0xB,1,1
18,64,6,0x527E0716B990965A,0xB,459,0.139433551198,2,NA,0x0,0x3,0,0
18,64,7,0x527E0716B990965A,0xB,375,0.170666666667,0,NA,0x0,0xF,0,0
18,72,0,0x527E0716B990965A,0xB,495,0.145454545455,1,0x2,0x9,0x9,1,1
18,72,1,0x527E0716B990965A,0xB,408,0.176470588235,1,0x2,0x9,0x9,1,1
18,72,2,0x527E0716B990965A,0xB,388,0.185567010309,1,0x3,0x8,0x8,1,1
18,72,3,0x527E0716B990965A,0xB,490,0.146938775510,1,0x9,0x2,0x2,1,1
18,72,4,0x527E0716B990965A,0xB,424,0.169811320755,1,0x8,0x3,0x3,1,1
18,72,5,0x527E0716B990965A,0xB,445,0.161797752809,1,0x0,0xB,0xB,1,1
18,72,6,0x527E0716B990965A,0xB,492,0.146341463415,1,0x8,0x3,0x3,1,1
18,72,7,0x527E0716B990965A,0xB,412,0.174757281553,1,0x4,0xF,0xF,1,1
18,80,0,0x527E0716B990965A,0xB,543,0.147329650092,1,0x2,0x9,0x9,1,1
18,80,1,0x527E0716B990965A,0xB,480,0.166666666667,1,0x2,0x9,0x9,1,1
18,80,2,0x527E0716B990965A,0xB,445,0.179775280899,1,0x3,0x8,0x8,1,1
18,80,3,0x527E0716B990965A,0xB,531,0.150659133710,1,0x9,0x2,0x2,1,1
18,80,4,0x527E0716B990965A,0xB,467,0.171306209850,1,0x8,0x3,0x3,1,1
18,80,5,0x527E0716B990965A,0xB,516,0.155038759690,1,0x0,0xB,0xB,1,1
18,80,6,0x527E0716B990965A,0xB,565,0.141592920354,1,0x8,0x3,0x3,1,1
18,80,7,0x527E0716B990965A,0xB,450,0.177777777778,1,0x4,0xF,0xF,1,1
18,96,0,0x527E0716B990965A,0xB,654,0.146788990826,1,0x2,0x9,0x9,1,1
18,96,1,0x527E0716B990965A,0xB,594,0.161616161616,1,0x2,0x9,0x9,1,1
18,96,2,0x527E0716B990965A,0xB,552,0.173913043478,1,0x3,0x8,0x8,1,1
18,96,3,0x527E0716B990965A,0xB,606,0.158415841584,1,0x9,0x2,0x2,1,1
18,96,4,0x527E0716B990965A,0xB,575,0.166956521739,1,0x8,0x3,0x3,1,1
18,96,5,0x527E0716B990965A,0xB,568,0.169014084507,1,0x0,0xB,0xB,1,1
18,96,6,0x527E0716B990965A,0xB,648,0.148148148148,1,0x8,0x3,0x3,1,1
18,96,7,0x527E0716B990965A,0xB,540,0.177777777778,1,0x4,0xF,0xF,1,1
18,112,0,0x527E0716B990965A,0xB,756,0.148148148148,1,0x2,0x9,0x9,1,1
18,112,1,0x527E0716B990965A,0xB,698,0.160458452722,1,0x2,0x9,0x9,1,1
18,112,2,0x527E0716B990965A,0xB,630,0.177777777778,1,0x3,0x8,0x8,1,1
18,112,3,0x527E0716B990965A,0xB,717,0.156206415621,1,0x9,0x2,0x2,1,1
18,112,4,0x527E0716B990965A,0xB,667,0.167916041979,1,0x8,0x3,0x3,1,1
18,112,5,0x527E0716B990965A,0xB,632,0.177215189873,1,0x0,0xB,0xB,1,1
18,112,6,0x527E0716B990965A,0xB,723,0.154910096819,1,0x8,0x3,0x3,1,1
18,112,7,0x527E0716B990965A,0xB,644,0.173913043478,1,0x4,0xF,0xF,1,1
18,128,0,0x527E0716B990965A,0xB,895,0.143016759777,1,0x2,0x9,0x9,1,1
18,128,1,0x527E0716B990965A,0xB,821,0.155907429963,1,0x2,0x9,0x9,1,1
18,128,2,0x527E0716B990965A,0xB,704,0.181818181818,1,0x3,0x8,0x8,1,1
18,128,3,0x527E0716B990965A,0xB,817,0.156670746634,1,0x9,0x2,0x2,1,1
18,128,4,0x527E0716B990965A,0xB,781,0.163892445583,1,0x8,0x3,0x3,1,1
18,128,5,0x527E0716B990965A,0xB,727,0.176066024759,1,0x0,0xB,0xB,1,1
18,128,6,0x527E0716B990965A,0xB,814,0.157248157248,1,0x8,0x3,0x3,1,1
18,128,7,0x527E0716B990965A,0xB,716,0.178770949721,1,0x4,0xF,0xF,1,1
18,160,0,0x527E0716B990965A,0xB,1117,0.143240823635,1,0x2,0x9,0x9,1,1
18,160,1,0x527E0716B990965A,0xB,1035,0.154589371981,1,0x2,0x9,0x9,1,1
18,160,2,0x527E0716B990965A,0xB,868,0.184331797235,1,0x3,0x8,0x8,1,1
18,160,3,0x527E0716B990965A,0xB,1033,0.154888673766,1,0x9,0x2,0x2,1,1
18,160,4,0x527E0716B990965A,0xB,1022,0.156555772994,1,0x8,0x3,0x3,1,1
18,160,5,0x527E0716B990965A,0xB,928,0.172413793103,1,0x0,0xB,0xB,1,1
18,160,6,0x527E0716B990965A,0xB,936,0.170940170940,1,0x8,0x3,0x3,1,1
18,160,7,0x527E0716B990965A,0xB,981,0.163098878695,1,0x4,0xF,0xF,1,1
18,192,0,0x527E0716B990965A,0xB,1274,0.150706436421,1,0x2,0x9,0x9,1,1
18,192,1,0x527E0716B990965A,0xB,1300,0.147692307692,1,0x2,0x9,0x9,1,1
18,192,2,0x527E0716B990965A,0xB,1086,0.176795580110,1,0x3,0x8,0x8,1,1
18,192,3,0x527E0716B990965A,0xB,1202,0.159733777038,1,0x9,0x2,0x2,1,1
18,192,4,0x527E0716B990965A,0xB,1201,0.159866777685,1,0x8,0x3,0x3,1,1
18,192,5,0x527E0716B990965A,0xB,1139,0.168568920105,1,0x0,0xB,0xB,1,1
18,192,6,0x527E0716B990965A,0xB,1114,0.172351885099,1,0x8,0x3,0x3,1,1
18,192,7,0x527E0716B990965A,0xB,1181,0.162574089754,1,0x4,0xF,0xF,1,1
18,256,0,0x527E0716B990965A,0xB,1708,0.149882903981,1,0x2,0x9,0x9,1,1
18,256,1,0x527E0716B990965A,0xB,1679,0.152471709351,1,0x2,0x9,0x9,1,1
18,256,2,0x527E0716B990965A,0xB,1459,0.175462645648,1,0x3,0x8,0x8,1,1
18,256,3,0x527E0716B990965A,0xB,1586,0.161412358134,1,0x9,0x2,0x2,1,1
18,256,4,0x527E0716B990965A,0xB,1584,0.161616161616,1,0x8,0x3,0x3,1,1
18,256,5,0x527E0716B990965A,0xB,1534,0.166883963494,1,0x0,0xB,0xB,1,1
18,256,6,0x527E0716B990965A,0xB,1472,0.173913043478,1,0x8,0x3,0x3,1,1
18,256,7,0x527E0716B990965A,0xB,1473,0.173794976239,1,0x4,0xF,0xF,1,1
19,16,0,0x927E07C917C5D0FD,0x7,104,0.153846153846,5,NA,0x0,0x5,0,0
19,16,1,0x927E07C917C5D0FD,0x7,76,0.210526315789,0,NA,0x0,0xE,0,0
19,16,2,0x927E07C917C5D0FD,0x7,105,0.152380952381,0,NA,0x0,0x2,0,0
19,16,3,0x927E07C917C5D0FD,0x7,87,0.183908045977,0,NA,0x0,0x0,0,0
19,16,4,0x927E07C917C5D0FD,0x7,80,0.200000000000,0,NA,0x0,0x4,0,0
19,16,5,0x927E07C917C5D0FD,0x7,98,0.163265306122,0,NA,0x0,0x2,0,0
19,16,6,0x927E07C917C5D0FD,0x7,105,0.152380952381,0,NA,0x0,0x5,0,0
19,16,7,0x927E07C917C5D0FD,0x7,86,0.186046511628,0,NA,0x0,0x9,0,0
19,24,0,0x927E07C917C5D0FD,0x7,138,0.173913043478,5,NA,0x0,0x5,0,0
19,24,1,0x927E07C917C5D0FD,0x7,136,0.176470588235,0,NA,0x0,0xE,0,0
19,24,2,0x927E07C917C5D0FD,0x7,178,0.134831460674,0,NA,0x0,0x2,0,0
19,24,3,0x927E07C917C5D0FD,0x7,183,0.131147540984,0,NA,0x0,0x0,0,0
19,24,4,0x927E07C917C5D0FD,0x7,110,0.218181818182,0,NA,0x0,0x4,0,0
19,24,5,0x927E07C917C5D0FD,0x7,152,0.157894736842,0,NA,0x0,0x2,0,0
19,24,6,0x927E07C917C5D0FD,0x7,137,0.175182481752,0,NA,0x0,0x5,0,0
19,24,7,0x927E07C917C5D0FD,0x7,129,0.186046511628,0,NA,0x0,0x9,0,0
19,32,0,0x927E07C917C5D0FD,0x7,202,0.158415841584,4,NA,0x0,0x5,0,0
19,32,1,0x927E07C917C5D0FD,0x7,170,0.188235294118,0,NA,0x0,0xE,0,0
19,32,2,0x927E07C917C5D0FD,0x7,258,0.124031007752,0,NA,0x0,0x2,0,0
19,32,3,0x927E07C917C5D0FD,0x7,220,0.145454545455,0,NA,0x0,0x0,0,0
19,32,4,0x927E07C917C5D0FD,0x7,168,0.190476190476,0,NA,0x0,0x4,0,0
19,32,5,0x927E07C917C5D0FD,0x7,199,0.160804020101,0,NA,0x0,0x2,0,0
19,32,6,0x927E07C917C5D0FD,0x7,190,0.168421052632,0,NA,0x0,0x5,0,0
19,32,7,0x927E07C917C5D0FD,0x7,177,0.180790960452,0,NA,0x0,0x9,0,0
19,40,0,0x927E07C917C5D0FD,0x7,230,0.173913043478,2,NA,0x0,0x5,0,0
19,40,1,0x927E07C917C5D0FD,0x7,238,0.168067226891,0,NA,0x0,0xE,0,0
19,40,2,0x927E07C917C5D0FD,0x7,300,0.133333333333,0,NA,0x0,0x2,0,0
19,40,3,0x927E07C917C5D0FD,0x7,255,0.156862745098,0,NA,0x0,0x0,0,0
19,40,4,0x927E07C917C5D0FD,0x7,238,0.168067226891,0,NA,0x0,0x4,0,0
19,40,5,0x927E07C917C5D0FD,0x7,233,0.171673819742,0,NA,0x0,0x2,0,0
19,40,6,0x927E07C917C5D0FD,0x7,248,0.161290322581,0,NA,0x0,0x5,0,0
19,40,7,0x927E07C917C5D0FD,0x7,235,0.170212765957,0,NA,0x0,0x9,0,0
19,48,0,0x927E07C917C5D0FD,0x7,301,0.159468438538,1,0x2,0x5,0x5,1,1
19,48,1,0x927E07C917C5D0FD,0x7,287,0.167247386760,1,0x9,0xE,0xE,1,1
19,48,2,0x927E07C917C5D0FD,0x7,350,0.137142857143,1,0x5,0x2,0x2,1,1
19,48,3,0x927E07C917C5D0FD,0x7,312,0.153846153846,2,NA,0x0,0x0,0,0
19,48,4,0x927E07C917C5D0FD,0x7,278,0.172661870504,0,NA,0x0,0x4,0,0
19,48,5,0x927E07C917C5D0FD,0x7,286,0.167832167832,0,NA,0x0,0x2,0,0
19,48,6,0x927E07C917C5D0FD,0x7,289,0.166089965398,0,NA,0x0,0x5,0,0
19,48,7,0x927E07C917C5D0FD,0x7,292,0.164383561644,0,NA,0x0,0x9,0,0
19,56,0,0x927E07C917C5D0FD,0x7,356,0.157303370787,1,0x2,0x5,0x5,1,1
19,56,1,0x927E07C917C5D0FD,0x7,342,0.163742690058,1,0x9,0xE,0xE,1,1
19,56,2,0x927E07C917C5D0FD,0x7,384,0.145833333333,1,0x5,0x2,0x2,1,1
19,56,3,0x927E07C917C5D0FD,0x7,352,0.159090909091,2,NA,0x0,0x0,0,0
19,56,4,0x927E07C917C5D0FD,0x7,333,0.168168168168,0,NA,0x0,0x4,0,0
19,56,5,0x927E07C917C5D0FD,0x7,333,0.168168168168,0,NA,0x0,0x2,0,0
19,56,6,0x927E07C917C5D0FD,0x7,354,0.158192090395,0,NA,0x0,0x5,0,0
19,56,7,0x927E07C917C5D0FD,0x7,350,0.160000000000,0,NA,0x0,0x9,0,0
19,64,0,0x927E07C917C5D0FD,0x7,393,0.162849872774,1,0x2,0x5,0x5,1,1
19,64,1,0x927E07C917C5D0FD,0x7,421,0.152019002375,1,0x9,0xE,0xE,1,1
19,64,2,0x927E07C917C5D0FD,0x7,439,0.145785876993,1,0x5,0x2,0x2,1,1
19,64,3,0x927E07C917C5D0FD,0x7,424,0.150943396226,2,NA,0x0,0x0,0,0
19,64,4,0x927E07C917C5D0FD,0x7,384,0.166666666667,0,NA,0x0,0x4,0,0
19,64,5,0x927E07C917C5D0FD,0x7,405,0.158024691358,0,NA,0x0,0x2,0,0
19,64,6,0x927E07C917C5D0FD,0x7,408,0.156862745098,0,NA,0x0,0x5,0,0
19,64,7,0x927E07C917C5D0FD,0x7,373,0.171581769437,0,NA,0x0,0x9,0,0
19,72,0,0x927E07C917C5D0FD,0x7,476,0.151260504202,1,0x2,0x5,0x5,1,1
19,72,1,0x927E07C917C5D0FD,0x7,455,0.158241758242,1,0x9,0xE,0xE,1,1
19,72,2,0x927E07C917C5D0FD,0x7,495,0.145454545455,1,0x5,0x2,0x2,1,1
19,72,3,0x927E07C917C5D0FD,0x7,478,0.150627615063,1,0x7,0x0,0x0,1,1
19,72,4,0x927E07C917C5D0FD,0x7,424,0.169811320755,1,0x3,0x4,0x4,1,1
19,72,5,0x927E07C917C5D0FD,0x7,452,0.159292035398,1,0x5,0x2,0x2,1,1
19,72,6,0x927E07C917C5D0FD,0x7,451,0.159645232816,1,0x2,0x5,0x5,1,1
19,72,7,0x927E07C917C5D0FD,0x7,409,0.176039119804,1,0xE,0x9,0x9,1,1
19,80,0,0x927E07C917C5D0FD,0x7,525,0.152380952381,1,0x2,0x5,0x5,1,1
19,80,1,0x927E07C917C5D0FD,0x7,522,0.153256704981,1,0x9,0xE,0xE,1,1
19,80,2,0x927E07C917C5D0FD,0x7,598,0.133779264214,1,0x5,0x2,0x2,1,1
19,80,3,0x927E07C917C5D0FD,0x7,519,0.154142581888,1,0x7,0x0,0x0,1,1
19,80,4,0x927E07C917C5D0FD,0x7,456,0.175438596491,1,0x3,0x4,0x4,1,1
19,80,5,0x927E07C917C5D0FD,0x7,531,0.150659133710,1,0x5,0x2,0x2,1,1
19,80,6,0x927E07C917C5D0FD,0x7,478,0.167364016736,1,0x2,0x5,0x5,1,1
19,80,7,0x927E07C917C5D0FD,0x7,475,0.168421052632,1,0xE,0x9,0x9,1,1
19,96,0,0x927E07C917C5D0FD,0x7,610,0.157377049180,1,0x2,0x5,0x5,1,1
19,96,1,0x927E07C917C5D0FD,0x7,611,0.157119476268,1,0x9,0xE,0xE,1,1
19,96,2,0x927E07C917C5D0FD,0x7,740,0.129729729730,1,0x5,0x2,0x2,1,1
19,96,3,0x927E07C917C5D0FD,0x7,630,0.152380952381,1,0x7,0x0,0x0,1,1
19,96,4,0x927E07C917C5D0FD,0x7,573,0.167539267016,1,0x3,0x4,0x4,1,1
19,96,5,0x927E07C917C5D0FD,0x7,606,0.158415841584,1,0x5,0x2,0x2,1,1
19,96,6,0x927E07C917C5D0FD,0x7,550,0.174545454545,1,0x2,0x5,0x5,1,1
19,96,7,0x927E07C917C5D0FD,0x7,589,0.162988115450,1,0xE,0x9,0x9,1,1
19,112,0,0x927E07C917C5D0FD,0x7,696,0.160919540230,1,0x2,0x5,0x5,1,1
19,112,1,0x927E07C917C5D0FD,0x7,682,0.164222873900,1,0x9,0xE,0xE,1,1
19,112,2,0x927E07C917C5D0FD,0x7,824,0.135922330097,1,0x5,0x2,0x2,1,1
19,112,3,0x927E07C917C5D0FD,0x7,707,0.158415841584,1,0x7,0x0,0x0,1,1
19,112,4,0x927E07C917C5D0FD,0x7,683,0.163982430454,1,0x3,0x4,0x4,1,1
19,112,5,0x927E07C917C5D0FD,0x7,717,0.156206415621,1,0x5,0x2,0x2,1,1
19,112,6,0x927E07C917C5D0FD,0x7,647,0.173106646059,1,0x2,0x5,0x5,1,1
19,112,7,0x927E07C917C5D0FD,0x7,686,0.163265306122,1,0xE,0x9,0x9,1,1
19,128,0,0x927E07C917C5D0FD,0x7,813,0.157441574416,1,0x2,0x5,0x5,1,1
19,128,1,0x927E07C917C5D0FD,0x7,768,0.166666666667,1,0x9,0xE,0xE,1,1
19,128,2,0x927E07C917C5D0FD,0x7,925,0.138378378378,1,0x5,0x2,0x2,1,1
19,128,3,0x927E07C917C5D0FD,0x7,835,0.153293413174,1,0x7,0x0,0x0,1,1
19,128,4,0x927E07C917C5D0FD,0x7,772,0.165803108808,1,0x3,0x4,0x4,1,1
19,128,5,0x927E07C917C5D0FD,0x7,805,0.159006211180,1,0x5,0x2,0x2,1,1
19,128,6,0x927E07C917C5D0FD,0x7,732,0.174863387978,1,0x2,0x5,0x5,1,1
19,128,7,0x927E07C917C5D0FD,0x7,789,0.162230671736,1,0xE,0x9,0x9,1,1
19,160,0,0x927E07C917C5D0FD,0x7,1010,0.158415841584,1,0x2,0x5,0x5,1,1
19,160,1,0x927E07C917C5D0FD,0x7,946,0.169133192389,1,0x9,0xE,0xE,1,1
19,160,2,0x927E07C917C5D0FD,0x7,1128,0.141843971631,1,0x5,0x2,0x2,1,1
19,160,3,0x927E07C917C5D0FD,0x7,1026,0.155945419103,1,0x7,0x0,0x0,1,1
19,160,4,0x927E07C917C5D0FD,0x7,948,0.168776371308,1,0x3,0x4,0x4,1,1
19,160,5,0x927E07C917C5D0FD,0x7,1037,0.154291224687,1,0x5,0x2,0x2,1,1
19,160,6,0x927E07C917C5D0FD,0x7,913,0.175246440307,1,0x2,0x5,0x5,1,1
19,160,7,0x927E07C917C5D0FD,0x7,1025,0.156097560976,1,0xE,0x9,0x9,1,1
19,192,0,0x927E07C917C5D0FD,0x7,1213,0.158285243199,1,0x2,0x5,0x5,1,1
19,192,1,0x927E07C917C5D0FD,0x7,1084,0.177121771218,1,0x9,0xE,0xE,1,1
19,192,2,0x927E07C917C5D0FD,0x7,1316,0.145896656535,1,0x5,0x2,0x2,1,1
19,192,3,0x927E07C917C5D0FD,0x7,1220,0.157377049180,1,0x7,0x0,0x0,1,1
19,192,4,0x927E07C917C5D0FD,0x7,1125,0.170666666667,1,0x3,0x4,0x4,1,1
19,192,5,0x927E07C917C5D0FD,0x7,1240,0.154838709677,1,0x5,0x2,0x2,1,1
19,192,6,0x927E07C917C5D0FD,0x7,1084,0.177121771218,1,0x2,0x5,0x5,1,1
19,192,7,0x927E07C917C5D0FD,0x7,1191,0.161209068010,1,0xE,0x9,0x9,1,1
19,256,0,0x927E07C917C5D0FD,0x7,1507,0.169873921699,1,0x2,0x5,0x5,1,1
19,256,1,0x927E07C917C5D0FD,0x7,1509,0.169648774023,1,0x9,0xE,0xE,1,1
19,256,2,0x927E07C917C5D0FD,0x7,1726,0.148319814600,1,0x5,0x2,0x2,1,1
19,256,3,0x927E07C917C5D0FD,0x7,1640,0.156097560976,1,0x7,0x0,0x0,1,1
19,256,4,0x927E07C917C5D0FD,0x7,1602,0.159800249688,1,0x3,0x4,0x4,1,1
19,256,5,0x927E07C917C5D0FD,0x7,1556,0.164524421594,1,0x5,0x2,0x2,1,1
19,256,6,0x927E07C917C5D0FD,0x7,1433,0.178646196790,1,0x2,0x5,0x5,1,1
19,256,7,0x927E07C917C5D0FD,0x7,1619,0.158122297715,1,0xE,0x9,0x9,1,1
20,16,0,0xBAFE5C902684FF59,0x9,100,0.160000000000,9,NA,0x0,0xF,0,0
20,16,1,0xBAFE5C902684FF59,0x9,115,0.139130434783,0,NA,0x0,0xC,0,0
20,16,2,0xBAFE5C902684FF59,0x9,97,0.164948453608,0,NA,0x0,0xC,0,0
20,16,3,0xBAFE5C902684FF59,0x9,108,0.148148148148,0,NA,0x0,0x9,0,0
20,16,4,0xBAFE5C902684FF59,0x9,101,0.158415841584,0,NA,0x0,0xA,0,0
20,16,5,0xBAFE5C902684FF59,0x9,92,0.173913043478,0,NA,0x0,0x2,0,0
20,16,6,0xBAFE5C902684FF59,0x9,125,0.128000000000,0,NA,0x0,0xC,0,0
20,16,7,0xBAFE5C902684FF59,0x9,133,0.120300751880,0,NA,0x0,0xF,0,0
20,24,0,0xBAFE5C902684FF59,0x9,152,0.157894736842,5,NA,0x0,0xF,0,0
20,24,1,0xBAFE5C902684FF59,0x9,144,0.166666666667,0,NA,0x0,0xC,0,0
20,24,2,0xBAFE5C902684FF59,0x9,153,0.156862745098,0,NA,0x0,0xC,0,0
20,24,3,0xBAFE5C902684FF59,0x9,155,0.154838709677,0,NA,0x0,0x9,0,0
20,24,4,0xBAFE5C902684FF59,0x9,135,0.177777777778,0,NA,0x0,0xA,0,0
20,24,5,0xBAFE5C902684FF59,0x9,113,0.212389380531,0,NA,0x0,0x2,0,0
20,24,6,0xBAFE5C902684FF59,0x9,163,0.147239263804,0,NA,0x0,0xC,0,0
20,24,7,0xBAFE5C902684FF59,0x9,197,0.121827411168,0,NA,0x0,0xF,0,0
20,32,0,0xBAFE5C902684FF59,0x9,246,0.130081300813,3,NA,0x0,0xF,0,0
20,32,1,0xBAFE5C902684FF59,0x9,178,0.179775280899,0,NA,0x0,0xC,0,0
20,32,2,0xBAFE5C902684FF59,0x9,218,0.146788990826,0,NA,0x0,0xC,0,0
20,32,3,0xBAFE5C902684FF59,0x9,193,0.165803108808,0,NA,0x0,0x9,0,0
20,32,4,0xBAFE5C902684FF59,0x9,186,0.172043010753,0,NA,0x0,0xA,0,0
20,32,5,0xBAFE5C902684FF59,0x9,181,0.176795580110,0,NA,0x0,0x2,0,0
20,32,6,0xBAFE5C902684FF59,0x9,224,0.142857142857,0,NA,0x0,0xC,0,0
20,32,7,0xBAFE5C902684FF59,0x9,276,0.115942028986,0,NA,0x0,0xF,0,0
20,40,0,0xBAFE5C902684FF59,0x9,298,0.134228187919,2,NA,0x0,0xF,0,0
20,40,1,0xBAFE5C902684FF59,0x9,223,0.179372197309,0,NA,0x0,0xC,0,0
20,40,2,0xBAFE5C902684FF59,0x9,276,0.144927536232,0,NA,0x0,0xC,0,0
20,40,3,0xBAFE5C902684FF59,0x9,228,0.175438596491,0,NA,0x0,0x9,0,0
20,40,4,0xBAFE5C902684FF59,0x9,228,0.175438596491,0,NA,0x0,0xA,0,0
20,40,5,0xBAFE5C902684FF59,0x9,212,0.188679245283,0,NA,0x0,0x2,0,0
20,40,6,0xBAFE5C902684FF59,0x9,292,0.136986301370,0,NA,0x0,0xC,0,0
20,40,7,0xBAFE5C902684FF59,0x9,315,0.126984126984,0,NA,0x0,0xF,0,0
20,48,0,0xBAFE5C902684FF59,0x9,366,0.131147540984,2,NA,0x0,0xF,0,0
20,48,1,0xBAFE5C902684FF59,0x9,289,0.166089965398,0,NA,0x0,0xC,0,0
20,48,2,0xBAFE5C902684FF59,0x9,322,0.149068322981,0,NA,0x0,0xC,0,0
20,48,3,0xBAFE5C902684FF59,0x9,286,0.167832167832,0,NA,0x0,0x9,0,0
20,48,4,0xBAFE5C902684FF59,0x9,296,0.162162162162,0,NA,0x0,0xA,0,0
20,48,5,0xBAFE5C902684FF59,0x9,267,0.179775280899,0,NA,0x0,0x2,0,0
20,48,6,0xBAFE5C902684FF59,0x9,344,0.139534883721,0,NA,0x0,0xC,0,0
20,48,7,0xBAFE5C902684FF59,0x9,361,0.132963988920,0,NA,0x0,0xF,0,0
20,56,0,0xBAFE5C902684FF59,0x9,423,0.132387706856,2,NA,0x0,0xF,0,0
20,56,1,0xBAFE5C902684FF59,0x9,346,0.161849710983,0,NA,0x0,0xC,0,0
20,56,2,0xBAFE5C902684FF59,0x9,394,0.142131979695,0,NA,0x0,0xC,0,0
20,56,3,0xBAFE5C902684FF59,0x9,331,0.169184290030,0,NA,0x0,0x9,0,0
20,56,4,0xBAFE5C902684FF59,0x9,354,0.158192090395,0,NA,0x0,0xA,0,0
20,56,5,0xBAFE5C902684FF59,0x9,302,0.185430463576,0,NA,0x0,0x2,0,0
20,56,6,0xBAFE5C902684FF59,0x9,389,0.143958868895,0,NA,0x0,0xC,0,0
20,56,7,0xBAFE5C902684FF59,0x9,402,0.139303482587,0,NA,0x0,0xF,0,0
20,64,0,0xBAFE5C902684FF59,0x9,459,0.139433551198,2,NA,0x0,0xF,0,0
20,64,1,0xBAFE5C902684FF59,0x9,392,0.163265306122,0,NA,0x0,0xC,0,0
20,64,2,0xBAFE5C902684FF59,0x9,457,0.140043763676,0,NA,0x0,0xC,0,0
20,64,3,0xBAFE5C902684FF59,0x9,401,0.159600997506,0,NA,0x0,0x9,0,0
20,64,4,0xBAFE5C902684FF59,0x9,394,0.162436548223,0,NA,0x0,0xA,0,0
20,64,5,0xBAFE5C902684FF59,0x9,342,0.187134502924,0,NA,0x0,0x2,0,0
20,64,6,0xBAFE5C902684FF59,0x9,424,0.150943396226,0,NA,0x0,0xC,0,0
20,64,7,0xBAFE5C902684FF59,0x9,425,0.150588235294,0,NA,0x0,0xF,0,0
20,72,0,0xBAFE5C902684FF59,0x9,540,0.133333333333,2,NA,0x0,0xF,0,0
20,72,1,0xBAFE5C902684FF59,0x9,427,0.168618266979,0,NA,0x0,0xC,0,0
20,72,2,0xBAFE5C902684FF59,0x9,522,0.137931034483,0,NA,0x0,0xC,0,0
20,72,3,0xBAFE5C902684FF59,0x9,441,0.163265306122,0,NA,0x0,0x9,0,0
20,72,4,0xBAFE5C902684FF59,0x9,452,0.159292035398,0,NA,0x0,0xA,0,0
20,72,5,0xBAFE5C902684FF59,0x9,391,0.184143222506,0,NA,0x0,0x2,0,0
20,72,6,0xBAFE5C902684FF59,0x9,478,0.150627615063,0,NA,0x0,0xC,0,0
20,72,7,0xBAFE5C902684FF59,0x9,479,0.150313152401,0,NA,0x0,0xF,0,0
20,80,0,0xBAFE5C902684FF59,0x9,600,0.133333333333,1,0x6,0xF,0xF,1,1
20,80,1,0xBAFE5C902684FF59,0x9,455,0.175824175824,1,0x5,0xC,0xC,1,1
20,80,2,0xBAFE5C902684FF59,0x9,555,0.144144144144,2,NA,0x0,0xC,0,0
20,80,3,0xBAFE5C902684FF59,0x9,495,0.161616161616,0,NA,0x0,0x9,0,0
20,80,4,0xBAFE5C902684FF59,0x9,471,0.169851380042,0,NA,0x0,0xA,0,0
20,80,5,0xBAFE5C902684FF59,0x9,450,0.177777777778,0,NA,0x0,0x2,0,0
20,80,6,0xBAFE5C902684FF59,0x9,537,0.148975791434,0,NA,0x0,0xC,0,0
20,80,7,0xBAFE5C902684FF59,0x9,516,0.155038759690,0,NA,0x0,0xF,0,0
20,96,0,0xBAFE5C902684FF59,0x9,715,0.134265734266,1,0x6,0xF,0xF,1,1
20,96,1,0xBAFE5C902684FF59,0x9,536,0.179104477612,1,0x5,0xC,0xC,1,1
20,96,2,0xBAFE5C902684FF59,0x9,661,0.145234493192,1,0x5,0xC,0xC,1,1
20,96,3,0xBAFE5C902684FF59,0x9,658,0.145896656535,1,0x0,0x9,0x9,1,1
20,96,4,0xBAFE5C902684FF59,0x9,537,0.178770949721,1,0x3,0xA,0xA,1,1
20,96,5,0xBAFE5C902684FF59,0x9,567,0.169312169312,2,NA,0x0,0x2,0,0
20,96,6,0xBAFE5C902684FF59,0x9,631,0.152139461173,0,NA,0x0,0xC,0,0
20,96,7,0xBAFE5C902684FF59,0x9,606,0.158415841584,0,NA,0x0,0xF,0,0
20,112,0,0xBAFE5C902684FF59,0x9,790,0.141772151899,1,0x6,0xF,0xF,1,1
20,112,1,0xBAFE5C902684FF59,0x9,638,0.175548589342,1,0x5,0xC,0xC,1,1
20,112,2,0xBAFE5C902684FF59,0x9,788,0.142131979695,1,0x5,0xC,0xC,1,1
20,112,3,0xBAFE5C902684FF59,0x9,768,0.145833333333,1,0x0,0x9,0x9,1,1
20,112,4,0xBAFE5C902684FF59,0x9,632,0.177215189873,1,0x3,0xA,0xA,1,1
20,112,5,0xBAFE5C902684FF59,0x9,648,0.172839506173,2,NA,0x0,0x2,0,0
20,112,6,0xBAFE5C902684FF59,0x9,738,0.151761517615,0,NA,0x0,0xC,0,0
20,112,7,0xBAFE5C902684FF59,0x9,714,0.156862745098,0,NA,0x0,0xF,0,0
20,128,0,0xBAFE5C902684FF59,0x9,917,0.139585605234,1,0x6,0xF,0xF,1,1
20,128,1,0xBAFE5C902684FF59,0x9,738,0.173441734417,1,0x5,0xC,0xC,1,1
20,128,2,0xBAFE5C902684FF59,0x9,889,0.143982002250,1,0x5,0xC,0xC,1,1
20,128,3,0xBAFE5C902684FF59,0x9,855,0.149707602339,1,0x0,0x9,0x9,1,1
20,128,4,0xBAFE5C902684FF59,0x9,786,0.162849872774,1,0x3,0xA,0xA,1,1
20,128,5,0xBAFE5C902684FF59,0x9,743,0.172274562584,1,0xB,0x2,0x2,1,1
20,128,6,0xBAFE5C902684FF59,0x9,851,0.150411280846,1,0x5,0xC,0xC,1,1
20,128,7,0xBAFE5C902684FF59,0x9,843,0.151838671412,1,0x6,0xF,0xF,1,1
20,160,0,0xBAFE5C902684FF59,0x9,1115,0.143497757848,1,0x6,0xF,0xF,1,1
20,160,1,0xBAFE5C902684FF59,0x9,939,0.170394036209,1,0x5,0xC,0xC,1,1
20,160,2,0xBAFE5C902684FF59,0x9,1077,0.148560817084,1,0x5,0xC,0xC,1,1
20,160,3,0xBAFE5C902684FF59,0x9,1022,0.156555772994,1,0x0,0x9,0x9,1,1
20,160,4,0xBAFE5C902684FF59,0x9,962,0.166320166320,1,0x3,0xA,0xA,1,1
20,160,5,0xBAFE5C902684FF59,0x9,963,0.166147455867,1,0xB,0x2,0x2,1,1
20,160,6,0xBAFE5C902684FF59,0x9,1054,0.151802656546,1,0x5,0xC,0xC,1,1
20,160,7,0xBAFE5C902684FF59,0x9,1003,0.159521435693,1,0x6,0xF,0xF,1,1
20,192,0,0xBAFE5C902684FF59,0x9,1280,0.150000000000,1,0x6,0xF,0xF,1,1
20,192,1,0xBAFE5C902684FF59,0x9,1136,0.169014084507,1,0x5,0xC,0xC,1,1
20,192,2,0xBAFE5C902684FF59,0x9,1256,0.152866242038,1,0x5,0xC,0xC,1,1
20,192,3,0xBAFE5C902684FF59,0x9,1254,0.153110047847,1,0x0,0x9,0x9,1,1
20,192,4,0xBAFE5C902684FF59,0x9,1188,0.161616161616,1,0x3,0xA,0xA,1,1
20,192,5,0xBAFE5C902684FF59,0x9,1216,0.157894736842,1,0xB,0x2,0x2,1,1
20,192,6,0xBAFE5C902684FF59,0x9,1231,0.155970755483,1,0x5,0xC,0xC,1,1
20,192,7,0xBAFE5C902684FF59,0x9,1171,0.163962425278,1,0x6,0xF,0xF,1,1
20,256,0,0xBAFE5C902684FF59,0x9,1613,0.158710477371,1,0x6,0xF,0xF,1,1
20,256,1,0xBAFE5C902684FF59,0x9,1537,0.166558230319,1,0x5,0xC,0xC,1,1
20,256,2,0xBAFE5C902684FF59,0x9,1727,0.148233931673,1,0x5,0xC,0xC,1,1
20,256,3,0xBAFE5C902684FF59,0x9,1616,0.158415841584,1,0x0,0x9,0x9,1,1
20,256,4,0xBAFE5C902684FF59,0x9,1562,0.163892445583,1,0x3,0xA,0xA,1,1
20,256,5,0xBAFE5C902684FF59,0x9,1608,0.159203980100,1,0xB,0x2,0x2,1,1
20,256,6,0xBAFE5C902684FF59,0x9,1651,0.155057540884,1,0x5,0xC,0xC,1,1
20,256,7,0xBAFE5C902684FF59,0x9,1588,0.161209068010,1,0x6,0xF,0xF,1,1
21,16,0,0xEA120E3BF3E76C5A,0xC,84,0.190476190476,7,NA,0x0,0x0,0,0
21,16,1,0xEA120E3BF3E76C5A,0xC,82,0.195121951220,0,NA,0x0,0xA,0,0
21,16,2,0xEA120E3BF3E76C5A,0xC,84,0.190476190476,0,NA,0x0,0xC,0,0
21,16,3,0xEA120E3BF3E76C5A,0xC,97,0.164948453608,0,NA,0x0,0x9,0,0
21,16,4,0xEA120E3BF3E76C5A,0xC,117,0.136752136752,0,NA,0x0,0x5,0,0
21,16,5,0xEA120E3BF3E76C5A,0xC,130,0.123076923077,0,NA,0x0,0x8,0,0
21,16,6,0xEA120E3BF3E76C5A,0xC,63,0.253968253968,0,NA,0x0,0x5,0,0
21,16,7,0xEA120E3BF3E76C5A,0xC,111,0.144144144144,0,NA,0x0,0xB,0,0
21,24,0,0xEA120E3BF3E76C5A,0xC,130,0.184615384615,6,NA,0x0,0x0,0,0
21,24,1,0xEA120E3BF3E76C5A,0xC,110,0.218181818182,0,NA,0x0,0xA,0,0
21,24,2,0xEA120E3BF3E76C5A,0xC,135,0.177777777778,0,NA,0x0,0xC,0,0
21,24,3,0xEA120E3BF3E76C5A,0xC,147,0.163265306122,0,NA,0x0,0x9,0,0
21,24,4,0xEA120E3BF3E76C5A,0xC,153,0.156862745098,0,NA,0x0,0x5,0,0
21,24,5,0xEA120E3BF3E76C5A,0xC,186,0.129032258065,0,NA,0x0,0x8,0,0
21,24,6,0xEA120E3BF3E76C5A,0xC,92,0.260869565217,0,NA,0x0,0x5,0,0
21,24,7,0xEA120E3BF3E76C5A,0xC,146,0.164383561644,0,NA,0x0,0xB,0,0
21,32,0,0xEA120E3BF3E76C5A,0xC,172,0.186046511628,3,NA,0x0,0x0,0,0
21,32,1,0xEA120E3BF3E76C5A,0xC,139,0.230215827338,0,NA,0x0,0xA,0,0
21,32,2,0xEA120E3BF3E76C5A,0xC,190,0.168421052632,0,NA,0x0,0xC,0,0
21,32,3,0xEA120E3BF3E76C5A,0xC,218,0.146788990826,0,NA,0x0,0x9,0,0
21,32,4,0xEA120E3BF3E76C5A,0xC,202,0.158415841584,0,NA,0x0,0x5,0,0
21,32,5,0xEA120E3BF3E76C5A,0xC,222,0.144144144144,0,NA,0x0,0x8,0,0
21,32,6,0xEA120E3BF3E76C5A,0xC,141,0.226950354610,0,NA,0x0,0x5,0,0
21,32,7,0xEA120E3BF3E76C5A,0xC,192,0.166666666667,0,NA,0x0,0xB,0,0
21,40,0,0xEA120E3BF3E76C5A,0xC,198,0.202020202020,2,NA,0x0,0x0,0,0
21,40,1,0xEA120E3BF3E76C5A,0xC,171,0.233918128655,0,NA,0x0,0xA,0,0
21,40,2,0xEA120E3BF3E76C5A,0xC,222,0.180180180180,0,NA,0x0,0xC,0,0
21,40,3,0xEA120E3BF3E76C5A,0xC,257,0.155642023346,0,NA,0x0,0x9,0,0
21,40,4,0xEA120E3BF3E76C5A,0xC,244,0.163934426230,0,NA,0x0,0x5,0,0
21,40,5,0xEA120E3BF3E76C5A,0xC,292,0.136986301370,0,NA,0x0,0x8,0,0
21,40,6,0xEA120E3BF3E76C5A,0xC,227,0.176211453744,0,NA,0x0,0x5,0,0
21,40,7,0xEA120E3BF3E76C5A,0xC,231,0.173160173160,0,NA,0x0,0xB,0,0
21,48,0,0xEA120E3BF3E76C5A,0xC,259,0.185328185328,1,0xC,0x0,0x0,1,1
21,48,1,0xEA120E3BF3E76C5A,0xC,223,0.215246636771,2,NA,0x0,0xA,0,0
21,48,2,0xEA120E3BF3E76C5A,0xC,294,0.163265306122,0,NA,0x0,0xC,0,0
21,48,3,0xEA120E3BF3E76C5A,0xC,286,0.167832167832,0,NA,0x0,0x9,0,0
21,48,4,0xEA120E3BF3E76C5A,0xC,290,0.165517241379,0,NA,0x0,0x5,0,0
21,48,5,0xEA120E3BF3E76C5A,0xC,382,0.125654450262,0,NA,0x0,0x8,0,0
21,48,6,0xEA120E3BF3E76C5A,0xC,273,0.175824175824,0,NA,0x0,0x5,0,0
21,48,7,0xEA120E3BF3E76C5A,0xC,271,0.177121771218,0,NA,0x0,0xB,0,0
21,56,0,0xEA120E3BF3E76C5A,0xC,301,0.186046511628,1,0xC,0x0,0x0,1,1
21,56,1,0xEA120E3BF3E76C5A,0xC,254,0.220472440945,2,NA,0x0,0xA,0,0
21,56,2,0xEA120E3BF3E76C5A,0xC,333,0.168168168168,0,NA,0x0,0xC,0,0
21,56,3,0xEA120E3BF3E76C5A,0xC,348,0.160919540230,0,NA,0x0,0x9,0,0
21,56,4,0xEA120E3BF3E76C5A,0xC,366,0.153005464481,0,NA,0x0,0x5,0,0
21,56,5,0xEA120E3BF3E76C5A,0xC,426,0.131455399061,0,NA,0x0,0x8,0,0
21,56,6,0xEA120E3BF3E76C5A,0xC,327,0.171253822630,0,NA,0x0,0x5,0,0
21,56,7,0xEA120E3BF3E76C5A,0xC,301,0.186046511628,0,NA,0x0,0xB,0,0
21,64,0,0xEA120E3BF3E76C5A,0xC,325,0.196923076923,1,0xC,0x0,0x0,1,1
21,64,1,0xEA120E3BF3E76C5A,0xC,311,0.205787781350,2,NA,0x0,0xA,0,0
21,64,2,0xEA120E3BF3E76C5A,0xC,430,0.148837209302,0,NA,0x0,0xC,0,0
21,64,3,0xEA120E3BF3E76C5A,0xC,385,0.166233766234,0,NA,0x0,0x9,0,0
21,64,4,0xEA120E3BF3E76C5A,0xC,420,0.152380952381,0,NA,0x0,0x5,0,0
21,64,5,0xEA120E3BF3E76C5A,0xC,452,0.141592920354,0,NA,0x0,0x8,0,0
21,64,6,0xEA120E3BF3E76C5A,0xC,360,0.177777777778,0,NA,0x0,0x5,0,0
21,64,7,0xEA120E3BF3E76C5A,0xC,374,0.171122994652,0,NA,0x0,0xB,0,0
21,72,0,0xEA120E3BF3E76C5A,0xC,374,0.192513368984,1,0xC,0x0,0x0,1,1
21,72,1,0xEA120E3BF3E76C5A,0xC,350,0.205714285714,1,0x6,0xA,0xA,1,1
21,72,2,0xEA120E3BF3E76C5A,0xC,459,0.156862745098,1,0x0,0xC,0xC,1,1
21,72,3,0xEA120E3BF3E76C5A,0xC,434,0.165898617512,2,NA,0x0,0x9,0,0
21,72,4,0xEA120E3BF3E76C5A,0xC,464,0.155172413793,0,NA,0x0,0x5,0,0
21,72,5,0xEA120E3BF3E76C5A,0xC,484,0.148760330579,0,NA,0x0,0x8,0,0
21,72,6,0xEA120E3BF3E76C5A,0xC,440,0.163636363636,0,NA,0x0,0x5,0,0
21,72,7,0xEA120E3BF3E76C5A,0xC,422,0.170616113744,0,NA,0x0,0xB,0,0
21,80,0,0xEA120E3BF3E76C5A,0xC,397,0.201511335013,1,0xC,0x0,0x0,1,1
21,80,1,0xEA120E3BF3E76C5A,0xC,382,0.209424083770,1,0x6,0xA,0xA,1,1
21,80,2,0xEA120E3BF3E76C5A,0xC,497,0.160965794769,1,0x0,0xC,0xC,1,1
21,80,3,0xEA120E3BF3E76C5A,0xC,476,0.168067226891,1,0x5,0x9,0x9,1,1
21,80,4,0xEA120E3BF3E76C5A,0xC,496,0.161290322581,1,0x9,0x5,0x5,1,1
21,80,5,0xEA120E3BF3E76C5A,0xC,526,0.152091254753,1,0x4,0x8,0x8,1,1
21,80,6,0xEA120E3BF3E76C5A,0xC,481,0.166320166320,1,0x9,0x5,0x5,1,1
21,80,7,0xEA120E3BF3E76C5A,0xC,481,0.166320166320,1,0x7,0xB,0xB,1,1
21,96,0,0xEA120E3BF3E76C5A,0xC,493,0.194726166329,1,0xC,0x0,0x0,1,1
21,96,1,0xEA120E3BF3E76C5A,0xC,463,0.207343412527,1,0x6,0xA,0xA,1,1
21,96,2,0xEA120E3BF3E76C5A,0xC,637,0.150706436421,1,0x0,0xC,0xC,1,1
21,96,3,0xEA120E3BF3E76C5A,0xC,590,0.162711864407,1,0x5,0x9,0x9,1,1
21,96,4,0xEA120E3BF3E76C5A,0xC,555,0.172972972973,1,0x9,0x5,0x5,1,1
21,96,5,0xEA120E3BF3E76C5A,0xC,632,0.151898734177,1,0x4,0x8,0x8,1,1
21,96,6,0xEA120E3BF3E76C5A,0xC,579,0.165803108808,1,0x9,0x5,0x5,1,1
21,96,7,0xEA120E3BF3E76C5A,0xC,583,0.164665523156,1,0x7,0xB,0xB,1,1
21,112,0,0xEA120E3BF3E76C5A,0xC,613,0.182707993475,1,0xC,0x0,0x0,1,1
21,112,1,0xEA120E3BF3E76C5A,0xC,515,0.217475728155,1,0x6,0xA,0xA,1,1
21,112,2,0xEA120E3BF3E76C5A,0xC,737,0.151967435550,1,0x0,0xC,0xC,1,1
21,112,3,0xEA120E3BF3E76C5A,0xC,714,0.156862745098,1,0x5,0x9,0x9,1,1
21,112,4,0xEA120E3BF3E76C5A,0xC,643,0.174183514774,1,0x9,0x5,0x5,1,1
21,112,5,0xEA120E3BF3E76C5A,0xC,710,0.157746478873,1,0x4,0x8,0x8,1,1
21,112,6,0xEA120E3BF3E76C5A,0xC,653,0.171516079632,1,0x9,0x5,0x5,1,1
21,112,7,0xEA120E3BF3E76C5A,0xC,666,0.168168168168,1,0x7,0xB,0xB,1,1
21,128,0,0xEA120E3BF3E76C5A,0xC,661,0.193645990923,1,0xC,0x0,0x0,1,1
21,128,1,0xEA120E3BF3E76C5A,0xC,649,0.197226502311,1,0x6,0xA,0xA,1,1
21,128,2,0xEA120E3BF3E76C5A,0xC,861,0.148664343786,1,0x0,0xC,0xC,1,1
21,128,3,0xEA120E3BF3E76C5A,0xC,832,0.153846153846,1,0x5,0x9,0x9,1,1
21,128,4,0xEA120E3BF3E76C5A,0xC,752,0.170212765957,1,0x9,0x5,0x5,1,1
21,128,5,0xEA120E3BF3E76C5A,0xC,821,0.155907429963,1,0x4,0x8,0x8,1,1
21,128,6,0xEA120E3BF3E76C5A,0xC,735,0.174149659864,1,0x9,0x5,0x5,1,1
21,128,7,0xEA120E3BF3E76C5A,0xC,738,0.173441734417,1,0x7,0xB,0xB,1,1
21,160,0,0xEA120E3BF3E76C5A,0xC,829,0.193003618818,1,0xC,0x0,0x0,1,1
21,160,1,0xEA120E3BF3E76C5A,0xC,854,0.187353629977,1,0x6,0xA,0xA,1,1
21,160,2,0xEA120E3BF3E76C5A,0xC,1085,0.147465437788,1,0x0,0xC,0xC,1,1
21,160,3,0xEA120E3BF3E76C5A,0xC,1008,0.158730158730,1,0x5,0x9,0x9,1,1
21,160,4,0xEA120E3BF3E76C5A,0xC,911,0.175631174533,1,0x9,0x5,0x5,1,1
21,160,5,0xEA120E3BF3E76C5A,0xC,986,0.162271805274,1,0x4,0x8,0x8,1,1
21,160,6,0xEA120E3BF3E76C5A,0xC,963,0.166147455867,1,0x9,0x5,0x5,1,1
21,160,7,0xEA120E3BF3E76C5A,0xC,925,0.172972972973,1,0x7,0xB,0xB,1,1
21,192,0,0xEA120E3BF3E76C5A,0xC,1047,0.183381088825,1,0xC,0x0,0x0,1,1
21,192,1,0xEA120E3BF3E76C5A,0xC,1031,0.186226964113,1,0x6,0xA,0xA,1,1
21,192,2,0xEA120E3BF3E76C5A,0xC,1277,0.150352388410,1,0x0,0xC,0xC,1,1
21,192,3,0xEA120E3BF3E76C5A,0xC,1172,0.163822525597,1,0x5,0x9,0x9,1,1
21,192,4,0xEA120E3BF3E76C5A,0xC,1078,0.178107606679,1,0x9,0x5,0x5,1,1
21,192,5,0xEA120E3BF3E76C5A,0xC,1181,0.162574089754,1,0x4,0x8,0x8,1,1
21,192,6,0xEA120E3BF3E76C5A,0xC,1124,0.170818505338,1,0x9,0x5,0x5,1,1
21,192,7,0xEA120E3BF3E76C5A,0xC,1170,0.164102564103,1,0x7,0xB,0xB,1,1
21,256,0,0xEA120E3BF3E76C5A,0xC,1398,0.183118741059,1,0xC,0x0,0x0,1,1
21,256,1,0xEA120E3BF3E76C5A,0xC,1429,0.179146256123,1,0x6,0xA,0xA,1,1
21,256,2,0xEA120E3BF3E76C5A,0xC,1661,0.154124021674,1,0x0,0xC,0xC,1,1
21,256,3,0xEA120E3BF3E76C5A,0xC,1546,0.165588615783,1,0x5,0x9,0x9,1,1
21,256,4,0xEA120E3BF3E76C5A,0xC,1493,0.171466845278,1,0x9,0x5,0x5,1,1
21,256,5,0xEA120E3BF3E76C5A,0xC,1554,0.164736164736,1,0x4,0x8,0x8,1,1
21,256,6,0xEA120E3BF3E76C5A,0xC,1482,0.172739541161,1,0x9,0x5,0x5,1,1
21,256,7,0xEA120E3BF3E76C5A,0xC,1550,0.165161290323,1,0x7,0xB,0xB,1,1
22,16,0,0x819079A1061A7BBD,0xC,100,0.160000000000,7,NA,0x0,0x2,0,0
22,16,1,0x819079A1061A7BBD,0xC,125,0.128000000000,0,NA,0x0,0x6,0,0
22,16,2,0x819079A1061A7BBD,0xC,86,0.186046511628,0,NA,0x0,0xA,0,0
22,16,3,0x819079A1061A7BBD,0xC,94,0.170212765957,0,NA,0x0,0x9,0,0
22,16,4,0x819079A1061A7BBD,0xC,91,0.175824175824,0,NA,0x0,0xA,0,0
22,16,5,0x819079A1061A7BBD,0xC,89,0.179775280899,0,NA,0x0,0xF,0,0
22,16,6,0x819079A1061A7BBD,0xC,118,0.135593220339,0,NA,0x0,0x3,0,0
22,16,7,0x819079A1061A7BBD,0xC,77,0.207792207792,0,NA,0x0,0xB,0,0
22,24,0,0x819079A1061A7BBD,0xC,125,0.192000000000,4,NA,0x0,0x2,0,0
22,24,1,0x819079A1061A7BBD,0xC,203,0.118226600985,0,NA,0x0,0x6,0,0
22,24,2,0x819079A1061A7BBD,0xC,117,0.205128205128,0,NA,0x0,0xA,0,0
22,24,3,0x819079A1061A7BBD,0xC,139,0.172661870504,0,NA,0x0,0x9,0,0
22,24,4,0x819079A1061A7BBD,0xC,165,0.145454545455,0,NA,0x0,0xA,0,0
22,24,5,0x819079A1061A7BBD,0xC,136,0.176470588235,0,NA,0x0,0xF,0,0
22,24,6,0x819079A1061A7BBD,0xC,178,0.134831460674,0,NA,0x0,0x3,0,0
22,24,7,0x819079A1061A7BBD,0xC,98,0.244897959184,0,NA,0x0,0xB,0,0
22,32,0,0x819079A1061A7BBD,0xC,147,0.217687074830,3,NA,0x0,0x2,0,0
22,32,1,0x819079A1061A7BBD,0xC,250,0.128000000000,0,NA,0x0,0x6,0,0
22,32,2,0x819079A1061A7BBD,0xC,179,0.178770949721,0,NA,0x0,0xA,0,0
22,32,3,0x819079A1061A7BBD,0xC,189,0.169312169312,0,NA,0x0,0x9,0,0
22,32,4,0x819079A1061A7BBD,0xC,216,0.148148148148,0,NA,0x0,0xA,0,0
22,32,5,0x819079A1061A7BBD,0xC,174,0.183908045977,0,NA,0x0,0xF,0,0
22,32,6,0x819079A1061A7BBD,0xC,205,0.156097560976,0,NA,0x0,0x3,0,0
22,32,7,0x819079A1061A7BBD,0xC,164,0.195121951220,0,NA,0x0,0xB,0,0
22,40,0,0x819079A1061A7BBD,0xC,177,0.225988700565,2,NA,0x0,0x2,0,0
22,40,1,0x819079A1061A7BBD,0xC,294,0.136054421769,0,NA,0x0,0x6,0,0
22,40,2,0x819079A1061A7BBD,0xC,207,0.193236714976,0,NA,0x0,0xA,0,0
22,40,3,0x819079A1061A7BBD,0xC,233,0.171673819742,0,NA,0x0,0x9,0,0
22,40,4,0x819079A1061A7BBD,0xC,264,0.151515151515,0,NA,0x0,0xA,0,0
22,40,5,0x819079A1061A7BBD,0xC,207,0.193236714976,0,NA,0x0,0xF,0,0
22,40,6,0x819079A1061A7BBD,0xC,263,0.152091254753,0,NA,0x0,0x3,0,0
22,40,7,0x819079A1061A7BBD,0xC,195,0.205128205128,0,NA,0x0,0xB,0,0
22,48,0,0x819079A1061A7BBD,0xC,242,0.198347107438,2,NA,0x0,0x2,0,0
22,48,1,0x819079A1061A7BBD,0xC,348,0.137931034483,0,NA,0x0,0x6,0,0
22,48,2,0x819079A1061A7BBD,0xC,273,0.175824175824,0,NA,0x0,0xA,0,0
22,48,3,0x819079A1061A7BBD,0xC,281,0.170818505338,0,NA,0x0,0x9,0,0
22,48,4,0x819079A1061A7BBD,0xC,305,0.157377049180,0,NA,0x0,0xA,0,0
22,48,5,0x819079A1061A7BBD,0xC,255,0.188235294118,0,NA,0x0,0xF,0,0
22,48,6,0x819079A1061A7BBD,0xC,345,0.139130434783,0,NA,0x0,0x3,0,0
22,48,7,0x819079A1061A7BBD,0xC,243,0.197530864198,0,NA,0x0,0xB,0,0
22,56,0,0x819079A1061A7BBD,0xC,324,0.172839506173,2,NA,0x0,0x2,0,0
22,56,1,0x819079A1061A7BBD,0xC,380,0.147368421053,0,NA,0x0,0x6,0,0
22,56,2,0x819079A1061A7BBD,0xC,315,0.177777777778,0,NA,0x0,0xA,0,0
22,56,3,0x819079A1061A7BBD,0xC,327,0.171253822630,0,NA,0x0,0x9,0,0
22,56,4,0x819079A1061A7BBD,0xC,343,0.163265306122,0,NA,0x0,0xA,0,0
22,56,5,0x819079A1061A7BBD,0xC,278,0.201438848921,0,NA,0x0,0xF,0,0
22,56,6,0x819079A1061A7BBD,0xC,401,0.139650872818,0,NA,0x0,0x3,0,0
22,56,7,0x819079A1061A7BBD,0xC,278,0.201438848921,0,NA,0x0,0xB,0,0
22,64,0,0x819079A1061A7BBD,0xC,367,0.174386920981,1,0xE,0x2,0x2,1,1
22,64,1,0x819079A1061A7BBD,0xC,410,0.156097560976,1,0xA,0x6,0x6,1,1
22,64,2,0x819079A1061A7BBD,0xC,378,0.169312169312,1,0x6,0xA,0xA,1,1
22,64,3,0x819079A1061A7BBD,0xC,378,0.169312169312,1,0x5,0x9,0x9,1,1
22,64,4,0x819079A1061A7BBD,0xC,382,0.167539267016,1,0x6,0xA,0xA,1,1
22,64,5,0x819079A1061A7BBD,0xC,323,0.198142414861,1,0x3,0xF,0xF,1,1
22,64,6,0x819079A1061A7BBD,0xC,429,0.149184149184,1,0xF,0x3,0x3,1,1
22,64,7,0x819079A1061A7BBD,0xC,320,0.200000000000,1,0x7,0xB,0xB,1,1
22,72,0,0x819079A1061A7BBD,0xC,407,0.176904176904,1,0xE,0x2,0x2,1,1
22,72,1,0x819079A1061A7BBD,0xC,478,0.150627615063,1,0xA,0x6,0x6,1,1
22,72,2,0x819079A1061A7BBD,0xC,420,0.171428571429,1,0x6,0xA,0xA,1,1
22,72,3,0x819079A1061A7BBD,0xC,415,0.173493975904,1,0x5,0x9,0x9,1,1
22,72,4,0x819079A1061A7BBD,0xC,429,0.167832167832,1,0x6,0xA,0xA,1,1
22,72,5,0x819079A1061A7BBD,0xC,346,0.208092485549,1,0x3,0xF,0xF,1,1
22,72,6,0x819079A1061A7BBD,0xC,480,0.150000000000,1,0xF,0x3,0x3,1,1
22,72,7,0x819079A1061A7BBD,0xC,381,0.188976377953,1,0x7,0xB,0xB,1,1
22,80,0,0x819079A1061A7BBD,0xC,464,0.172413793103,1,0xE,0x2,0x2,1,1
22,80,1,0x819079A1061A7BBD,0xC,511,0.156555772994,1,0xA,0x6,0x6,1,1
22,80,2,0x819079A1061A7BBD,0xC,468,0.170940170940,1,0x6,0xA,0xA,1,1
22,80,3,0x819079A1061A7BBD,0xC,473,0.169133192389,1,0x5,0x9,0x9,1,1
22,80,4,0x819079A1061A7BBD,0xC,494,0.161943319838,1,0x6,0xA,0xA,1,1
22,80,5,0x819079A1061A7BBD,0xC,389,0.205655526992,1,0x3,0xF,0xF,1,1
22,80,6,0x819079A1061A7BBD,0xC,510,0.156862745098,1,0xF,0x3,0x3,1,1
22,80,7,0x819079A1061A7BBD,0xC,429,0.186480186480,1,0x7,0xB,0xB,1,1
22,96,0,0x819079A1061A7BBD,0xC,626,0.153354632588,1,0xE,0x2,0x2,1,1
22,96,1,0x819079A1061A7BBD,0xC,603,0.159203980100,1,0xA,0x6,0x6,1,1
22,96,2,0x819079A1061A7BBD,0xC,594,0.161616161616,1,0x6,0xA,0xA,1,1
22,96,3,0x819079A1061A7BBD,0xC,539,0.178107606679,1,0x5,0x9,0x9,1,1
22,96,4,0x819079A1061A7BBD,0xC,627,0.153110047847,1,0x6,0xA,0xA,1,1
22,96,5,0x819079A1061A7BBD,0xC,481,0.199584199584,1,0x3,0xF,0xF,1,1
22,96,6,0x819079A1061A7BBD,0xC,602,0.159468438538,1,0xF,0x3,0x3,1,1
22,96,7,0x819079A1061A7BBD,0xC,491,0.195519348269,1,0x7,0xB,0xB,1,1
22,112,0,0x819079A1061A7BBD,0xC,712,0.157303370787,1,0xE,0x2,0x2,1,1
22,112,1,0x819079A1061A7BBD,0xC,698,0.160458452722,1,0xA,0x6,0x6,1,1
22,112,2,0x819079A1061A7BBD,0xC,678,0.165191740413,1,0x6,0xA,0xA,1,1
22,112,3,0x819079A1061A7BBD,0xC,631,0.177496038035,1,0x5,0x9,0x9,1,1
22,112,4,0x819079A1061A7BBD,0xC,749,0.149532710280,1,0x6,0xA,0xA,1,1
22,112,5,0x819079A1061A7BBD,0xC,569,0.196836555360,1,0x3,0xF,0xF,1,1
22,112,6,0x819079A1061A7BBD,0xC,709,0.157968970381,1,0xF,0x3,0x3,1,1
22,112,7,0x819079A1061A7BBD,0xC,586,0.191126279863,1,0x7,0xB,0xB,1,1
22,128,0,0x819079A1061A7BBD,0xC,831,0.154031287605,1,0xE,0x2,0x2,1,1
22,128,1,0x819079A1061A7BBD,0xC,781,0.163892445583,1,0xA,0x6,0x6,1,1
22,128,2,0x819079A1061A7BBD,0xC,761,0.168199737188,1,0x6,0xA,0xA,1,1
22,128,3,0x819079A1061A7BBD,0xC,732,0.174863387978,1,0x5,0x9,0x9,1,1
22,128,4,0x819079A1061A7BBD,0xC,873,0.146620847652,1,0x6,0xA,0xA,1,1
22,128,5,0x819079A1061A7BBD,0xC,715,0.179020979021,1,0x3,0xF,0xF,1,1
22,128,6,0x819079A1061A7BBD,0xC,810,0.158024691358,1,0xF,0x3,0x3,1,1
22,128,7,0x819079A1061A7BBD,0xC,665,0.192481203008,1,0x7,0xB,0xB,1,1
22,160,0,0x819079A1061A7BBD,0xC,1008,0.158730158730,1,0xE,0x2,0x2,1,1
22,160,1,0x819079A1061A7BBD,0xC,1020,0.156862745098,1,0xA,0x6,0x6,1,1
22,160,2,0x819079A1061A7BBD,0xC,969,0.165118679051,1,0x6,0xA,0xA,1,1
22,160,3,0x819079A1061A7BBD,0xC,927,0.172599784250,1,0x5,0x9,0x9,1,1
22,160,4,0x819079A1061A7BBD,0xC,1096,0.145985401460,1,0x6,0xA,0xA,1,1
22,160,5,0x819079A1061A7BBD,0xC,916,0.174672489083,1,0x3,0xF,0xF,1,1
22,160,6,0x819079A1061A7BBD,0xC,993,0.161127895267,1,0xF,0x3,0x3,1,1
22,160,7,0x819079A1061A7BBD,0xC,849,0.188457008245,1,0x7,0xB,0xB,1,1
22,192,0,0x819079A1061A7BBD,0xC,1160,0.165517241379,1,0xE,0x2,0x2,1,1
22,192,1,0x819079A1061A7BBD,0xC,1228,0.156351791531,1,0xA,0x6,0x6,1,1
22,192,2,0x819079A1061A7BBD,0xC,1134,0.169312169312,1,0x6,0xA,0xA,1,1
22,192,3,0x819079A1061A7BBD,0xC,1135,0.169162995595,1,0x5,0x9,0x9,1,1
22,192,4,0x819079A1061A7BBD,0xC,1301,0.147578785550,1,0x6,0xA,0xA,1,1
22,192,5,0x819079A1061A7BBD,0xC,1103,0.174070716228,1,0x3,0xF,0xF,1,1
22,192,6,0x819079A1061A7BBD,0xC,1266,0.151658767773,1,0xF,0x3,0x3,1,1
22,192,7,0x819079A1061A7BBD,0xC,1048,0.183206106870,1,0x7,0xB,0xB,1,1
22,256,0,0x819079A1061A7BBD,0xC,1532,0.167101827676,1,0xE,0x2,0x2,1,1
22,256,1,0x819079A1061A7BBD,0xC,1628,0.157248157248,1,0xA,0x6,0x6,1,1
22,256,2,0x819079A1061A7BBD,0xC,1576,0.162436548223,1,0x6,0xA,0xA,1,1
22,256,3,0x819079A1061A7BBD,0xC,1586,0.161412358134,1,0x5,0x9,0x9,1,1
22,256,4,0x819079A1061A7BBD,0xC,1706,0.150058616647,1,0x6,0xA,0xA,1,1
22,256,5,0x819079A1061A7BBD,0xC,1486,0.172274562584,1,0x3,0xF,0xF,1,1
22,256,6,0x819079A1061A7BBD,0xC,1635,0.156574923547,1,0xF,0x3,0x3,1,1
22,256,7,0x819079A1061A7BBD,0xC,1481,0.172856178258,1,0x7,0xB,0xB,1,1
23,16,0,0xAD3F9AC7EF6F528D,0x8,101,0.158415841584,6,NA,0x0,0xF,0,0
23,16,1,0xAD3F9AC7EF6F528D,0x8,92,0.173913043478,0,NA,0x0,0x9,0,0
23,16,2,0xAD3F9AC7EF6F528D,0x8,107,0.149532710280,0,NA,0x0,0xD,0,0
23,16,3,0xAD3F9AC7EF6F528D,0x8,79,0.202531645570,0,NA,0x0,0x0,0,0
23,16,4,0xAD3F9AC7EF6F528D,0x8,116,0.137931034483,0,NA,0x0,0x7,0,0
23,16,5,0xAD3F9AC7EF6F528D,0x8,122,0.131147540984,0,NA,0x0,0x2,0,0
23,16,6,0xAD3F9AC7EF6F528D,0x8,100,0.160000000000,0,NA,0x0,0xD,0,0
23,16,7,0xAD3F9AC7EF6F528D,0x8,92,0.173913043478,0,NA,0x0,0x7,0,0
23,24,0,0xAD3F9AC7EF6F528D,0x8,127,0.188976377953,3,NA,0x0,0xF,0,0
23,24,1,0xAD3F9AC7EF6F528D,0x8,126,0.190476190476,0,NA,0x0,0x9,0,0
23,24,2,0xAD3F9AC7EF6F528D,0x8,166,0.144578313253,0,NA,0x0,0xD,0,0
23,24,3,0xAD3F9AC7EF6F528D,0x8,111,0.216216216216,0,NA,0x0,0x0,0,0
23,24,4,0xAD3F9AC7EF6F528D,0x8,164,0.146341463415,0,NA,0x0,0x7,0,0
23,24,5,0xAD3F9AC7EF6F528D,0x8,163,0.147239263804,0,NA,0x0,0x2,0,0
23,24,6,0xAD3F9AC7EF6F528D,0x8,158,0.151898734177,0,NA,0x0,0xD,0,0
23,24,7,0xAD3F9AC7EF6F528D,0x8,162,0.148148148148,0,NA,0x0,0x7,0,0
23,32,0,0xAD3F9AC7EF6F528D,0x8,186,0.172043010753,3,NA,0x0,0xF,0,0
23,32,1,0xAD3F9AC7EF6F528D,0x8,152,0.210526315789,0,NA,0x0,0x9,0,0
23,32,2,0xAD3F9AC7EF6F528D,0x8,206,0.155339805825,0,NA,0x0,0xD,0,0
23,32,3,0xAD3F9AC7EF6F528D,0x8,157,0.203821656051,0,NA,0x0,0x0,0,0
23,32,4,0xAD3F9AC7EF6F528D,0x8,213,0.150234741784,0,NA,0x0,0x7,0,0
23,32,5,0xAD3F9AC7EF6F528D,0x8,225,0.142222222222,0,NA,0x0,0x2,0,0
23,32,6,0xAD3F9AC7EF6F528D,0x8,201,0.159203980100,0,NA,0x0,0xD,0,0
23,32,7,0xAD3F9AC7EF6F528D,0x8,201,0.159203980100,0,NA,0x0,0x7,0,0
23,40,0,0xAD3F9AC7EF6F528D,0x8,210,0.190476190476,3,NA,0x0,0xF,0,0
23,40,1,0xAD3F9AC7EF6F528D,0x8,214,0.186915887850,0,NA,0x0,0x9,0,0
23,40,2,0xAD3F9AC7EF6F528D,0x8,259,0.154440154440,0,NA,0x0,0xD,0,0
23,40,3,0xAD3F9AC7EF6F528D,0x8,224,0.178571428571,0,NA,0x0,0x0,0,0
23,40,4,0xAD3F9AC7EF6F528D,0x8,257,0.155642023346,0,NA,0x0,0x7,0,0
23,40,5,0xAD3F9AC7EF6F528D,0x8,291,0.137457044674,0,NA,0x0,0x2,0,0
23,40,6,0xAD3F9AC7EF6F528D,0x8,305,0.131147540984,0,NA,0x0,0xD,0,0
23,40,7,0xAD3F9AC7EF6F528D,0x8,246,0.162601626016,0,NA,0x0,0x7,0,0
23,48,0,0xAD3F9AC7EF6F528D,0x8,241,0.199170124481,2,NA,0x0,0xF,0,0
23,48,1,0xAD3F9AC7EF6F528D,0x8,266,0.180451127820,0,NA,0x0,0x9,0,0
23,48,2,0xAD3F9AC7EF6F528D,0x8,319,0.150470219436,0,NA,0x0,0xD,0,0
23,48,3,0xAD3F9AC7EF6F528D,0x8,346,0.138728323699,0,NA,0x0,0x0,0,0
23,48,4,0xAD3F9AC7EF6F528D,0x8,305,0.157377049180,0,NA,0x0,0x7,0,0
23,48,5,0xAD3F9AC7EF6F528D,0x8,367,0.130790190736,0,NA,0x0,0x2,0,0
23,48,6,0xAD3F9AC7EF6F528D,0x8,360,0.133333333333,0,NA,0x0,0xD,0,0
23,48,7,0xAD3F9AC7EF6F528D,0x8,302,0.158940397351,0,NA,0x0,0x7,0,0
23,56,0,0xAD3F9AC7EF6F528D,0x8,286,0.195804195804,2,NA,0x0,0xF,0,0
23,56,1,0xAD3F9AC7EF6F528D,0x8,326,0.171779141104,0,NA,0x0,0x9,0,0
23,56,2,0xAD3F9AC7EF6F528D,0x8,390,0.143589743590,0,NA,0x0,0xD,0,0
23,56,3,0xAD3F9AC7EF6F528D,0x8,395,0.141772151899,0,NA,0x0,0x0,0,0
23,56,4,0xAD3F9AC7EF6F528D,0x8,354,0.158192090395,0,NA,0x0,0x7,0,0
23,56,5,0xAD3F9AC7EF6F528D,0x8,459,0.122004357298,0,NA,0x0,0x2,0,0
23,56,6,0xAD3F9AC7EF6F528D,0x8,395,0.141772151899,0,NA,0x0,0xD,0,0
23,56,7,0xAD3F9AC7EF6F528D,0x8,359,0.155988857939,0,NA,0x0,0x7,0,0
23,64,0,0xAD3F9AC7EF6F528D,0x8,330,0.193939393939,2,NA,0x0,0xF,0,0
23,64,1,0xAD3F9AC7EF6F528D,0x8,348,0.183908045977,0,NA,0x0,0x9,0,0
23,64,2,0xAD3F9AC7EF6F528D,0x8,437,0.146453089245,0,NA,0x0,0xD,0,0
23,64,3,0xAD3F9AC7EF6F528D,0x8,429,0.149184149184,0,NA,0x0,0x0,0,0
23,64,4,0xAD3F9AC7EF6F528D,0x8,396,0.161616161616,0,NA,0x0,0x7,0,0
23,64,5,0xAD3F9AC7EF6F528D,0x8,528,0.121212121212,0,NA,0x0,0x2,0,0
23,64,6,0xAD3F9AC7EF6F528D,0x8,471,0.135881104034,0,NA,0x0,0xD,0,0
23,64,7,0xAD3F9AC7EF6F528D,0x8,386,0.165803108808,0,NA,0x0,0x7,0,0
23,72,0,0xAD3F9AC7EF6F528D,0x8,358,0.201117318436,2,NA,0x0,0xF,0,0
23,72,1,0xAD3F9AC7EF6F528D,0x8,383,0.187989556136,0,NA,0x0,0x9,0,0
23,72,2,0xAD3F9AC7EF6F528D,0x8,485,0.148453608247,0,NA,0x0,0xD,0,0
23,72,3,0xAD3F9AC7EF6F528D,0x8,467,0.154175588865,0,NA,0x0,0x0,0,0
23,72,4,0xAD3F9AC7EF6F528D,0x8,437,0.164759725400,0,NA,0x0,0x7,0,0
23,72,5,0xAD3F9AC7EF6F528D,0x8,553,0.130198915009,0,NA,0x0,0x2,0,0
23,72,6,0xAD3F9AC7EF6F528D,0x8,521,0.138195777351,0,NA,0x0,0xD,0,0
23,72,7,0xAD3F9AC7EF6F528D,0x8,415,0.173493975904,0,NA,0x0,0x7,0,0
23,80,0,0xAD3F9AC7EF6F528D,0x8,403,0.198511166253,2,NA,0x0,0xF,0,0
23,80,1,0xAD3F9AC7EF6F528D,0x8,438,0.182648401826,0,NA,0x0,0x9,0,0
23,80,2,0xAD3F9AC7EF6F528D,0x8,527,0.151802656546,0,NA,0x0,0xD,0,0
23,80,3,0xAD3F9AC7EF6F528D,0x8,501,0.159680638723,0,NA,0x0,0x0,0,0
23,80,4,0xAD3F9AC7EF6F528D,0x8,485,0.164948453608,0,NA,0x0,0x7,0,0
23,80,5,0xAD3F9AC7EF6F528D,0x8,612,0.130718954248,0,NA,0x0,0x2,0,0
23,80,6,0xAD3F9AC7EF6F528D,0x8,557,0.143626570916,0,NA,0x0,0xD,0,0
23,80,7,0xAD3F9AC7EF6F528D,0x8,448,0.178571428571,0,NA,0x0,0x7,0,0
23,96,0,0xAD3F9AC7EF6F528D,0x8,502,0.191235059761,2,NA,0x0,0xF,0,0
23,96,1,0xAD3F9AC7EF6F528D,0x8,513,0.187134502924,0,NA,0x0,0x9,0,0
23,96,2,0xAD3F9AC7EF6F528D,0x8,628,0.152866242038,0,NA,0x0,0xD,0,0
23,96,3,0xAD3F9AC7EF6F528D,0x8,586,0.163822525597,0,NA,0x0,0x0,0,0
23,96,4,0xAD3F9AC7EF6F528D,0x8,607,0.158154859967,0,NA,0x0,0x7,0,0
23,96,5,0xAD3F9AC7EF6F528D,0x8,709,0.135401974612,0,NA,0x0,0x2,0,0
23,96,6,0xAD3F9AC7EF6F528D,0x8,660,0.145454545455,0,NA,0x0,0xD,0,0
23,96,7,0xAD3F9AC7EF6F528D,0x8,517,0.185686653772,0,NA,0x0,0x7,0,0
23,112,0,0xAD3F9AC7EF6F528D,0x8,622,0.180064308682,1,0x7,0xF,0xF,1,1
23,112,1,0xAD3F9AC7EF6F528D,0x8,637,0.175824175824,1,0x1,0x9,0x9,1,1
23,112,2,0xAD3F9AC7EF6F528D,0x8,691,0.162083936324,1,0x5,0xD,0xD,1,1
23,112,3,0xAD3F9AC7EF6F528D,0x8,666,0.168168168168,1,0x8,0x0,0x0,1,1
23,112,4,0xAD3F9AC7EF6F528D,0x8,711,0.157524613221,1,0xF,0x7,0x7,1,1
23,112,5,0xAD3F9AC7EF6F528D,0x8,815,0.137423312883,1,0xA,0x2,0x2,1,1
23,112,6,0xAD3F9AC7EF6F528D,0x8,774,0.144702842377,1,0x5,0xD,0xD,1,1
23,112,7,0xAD3F9AC7EF6F528D,0x8,620,0.180645161290,1,0xF,0x7,0x7,1,1
23,128,0,0xAD3F9AC7EF6F528D,0x8,771,0.166018158236,1,0x7,0xF,0xF,1,1
23,128,1,0xAD3F9AC7EF6F528D,0x8,749,0.170894526035,1,0x1,0x9,0x9,1,1
23,128,2,0xAD3F9AC7EF6F528D,0x8,795,0.161006289308,1,0x5,0xD,0xD,1,1
23,128,3,0xAD3F9AC7EF6F528D,0x8,756,0.169312169312,1,0x8,0x0,0x0,1,1
23,128,4,0xAD3F9AC7EF6F528D,0x8,820,0.156097560976,1,0xF,0x7,0x7,1,1
23,128,5,0xAD3F9AC7EF6F528D,0x8,889,0.143982002250,1,0xA,0x2,0x2,1,1
23,128,6,0xAD3F9AC7EF6F528D,0x8,899,0.142380422692,1,0x5,0xD,0xD,1,1
23,128,7,0xAD3F9AC7EF6F528D,0x8,720,0.177777777778,1,0xF,0x7,0x7,1,1
23,160,0,0xAD3F9AC7EF6F528D,0x8,984,0.162601626016,1,0x7,0xF,0xF,1,1
23,160,1,0xAD3F9AC7EF6F528D,0x8,943,0.169671261930,1,0x1,0x9,0x9,1,1
23,160,2,0xAD3F9AC7EF6F528D,0x8,1047,0.152817574021,1,0x5,0xD,0xD,1,1
23,160,3,0xAD3F9AC7EF6F528D,0x8,991,0.161453077699,1,0x8,0x0,0x0,1,1
23,160,4,0xAD3F9AC7EF6F528D,0x8,1046,0.152963671128,1,0xF,0x7,0x7,1,1
23,160,5,0xAD3F9AC7EF6F528D,0x8,1130,0.141592920354,1,0xA,0x2,0x2,1,1
23,160,6,0xAD3F9AC7EF6F528D,0x8,1073,0.149114631873,1,0x5,0xD,0xD,1,1
23,160,7,0xAD3F9AC7EF6F528D,0x8,898,0.178173719376,1,0xF,0x7,0x7,1,1
23,192,0,0xAD3F9AC7EF6F528D,0x8,1126,0.170515097691,1,0x7,0xF,0xF,1,1
23,192,1,0xAD3F9AC7EF6F528D,0x8,1168,0.164383561644,1,0x1,0x9,0x9,1,1
23,192,2,0xAD3F9AC7EF6F528D,0x8,1258,0.152623211447,1,0x5,0xD,0xD,1,1
23,192,3,0xAD3F9AC7EF6F528D,0x8,1216,0.157894736842,1,0x8,0x0,0x0,1,1
23,192,4,0xAD3F9AC7EF6F528D,0x8,1269,0.151300236407,1,0xF,0x7,0x7,1,1
23,192,5,0xAD3F9AC7EF6F528D,0x8,1351,0.142116950407,1,0xA,0x2,0x2,1,1
23,192,6,0xAD3F9AC7EF6F528D,0x8,1262,0.152139461173,1,0x5,0xD,0xD,1,1
23,192,7,0xAD3F9AC7EF6F528D,0x8,1089,0.176308539945,1,0xF,0x7,0x7,1,1
23,256,0,0xAD3F9AC7EF6F528D,0x8,1538,0.166449934980,1,0x7,0xF,0xF,1,1
23,256,1,0xAD3F9AC7EF6F528D,0x8,1547,0.165481577246,1,0x1,0x9,0x9,1,1
23,256,2,0xAD3F9AC7EF6F528D,0x8,1680,0.152380952381,1,0x5,0xD,0xD,1,1
23,256,3,0xAD3F9AC7EF6F528D,0x8,1621,0.157927205429,1,0x8,0x0,0x0,1,1
23,256,4,0xAD3F9AC7EF6F528D,0x8,1606,0.159402241594,1,0xF,0x7,0x7,1,1
23,256,5,0xAD3F9AC7EF6F528D,0x8,1732,0.147806004619,1,0xA,0x2,0x2,1,1
23,256,6,0xAD3F9AC7EF6F528D,0x8,1588,0.161209068010,1,0x5,0xD,0xD,1,1
23,256,7,0xAD3F9AC7EF6F528D,0x8,1488,0.172043010753,1,0xF,0x7,0x7,1,1
24,16,0,0x5B32E11DDC78FEB6,0x9,91,0.175824175824,7,NA,0x0,0xF,0,0
24,16,1,0x5B32E11DDC78FEB6,0x9,107,0.149532710280,0,NA,0x0,0x7,0,0
24,16,2,0x5B32E11DDC78FEB6,0x9,111,0.144144144144,0,NA,0x0,0xC,0,0
24,16,3,0x5B32E11DDC78FEB6,0x9,90,0.177777777778,0,NA,0x0,0xD,0,0
24,16,4,0x5B32E11DDC78FEB6,0x9,78,0.205128205128,0,NA,0x0,0x3,0,0
24,16,5,0x5B32E11DDC78FEB6,0x9,138,0.115942028986,0,NA,0x0,0x5,0,0
24,16,6,0x5B32E11DDC78FEB6,0x9,70,0.228571428571,0,NA,0x0,0x8,0,0
24,16,7,0x5B32E11DDC78FEB6,0x9,120,0.133333333333,0,NA,0x0,0x6,0,0
24,24,0,0x5B32E11DDC78FEB6,0x9,120,0.200000000000,5,NA,0x0,0xF,0,0
24,24,1,0x5B32E11DDC78FEB6,0x9,142,0.169014084507,0,NA,0x0,0x7,0,0
24,24,2,0x5B32E11DDC78FEB6,0x9,165,0.145454545455,0,NA,0x0,0xC,0,0
24,24,3,0x5B32E11DDC78FEB6,0x9,133,0.180451127820,0,NA,0x0,0xD,0,0
24,24,4,0x5B32E11DDC78FEB6,0x9,114,0.210526315789,0,NA,0x0,0x3,0,0
24,24,5,0x5B32E11DDC78FEB6,0x9,170,0.141176470588,0,NA,0x0,0x5,0,0
24,24,6,0x5B32E11DDC78FEB6,0x9,108,0.222222222222,0,NA,0x0,0x8,0,0
24,24,7,0x5B32E11DDC78FEB6,0x9,160,0.150000000000,0,NA,0x0,0x6,0,0
24,32,0,0x5B32E11DDC78FEB6,0x9,179,0.178770949721,4,NA,0x0,0xF,0,0
24,32,1,0x5B32E11DDC78FEB6,0x9,201,0.159203980100,0,NA,0x0,0x7,0,0
24,32,2,0x5B32E11DDC78FEB6,0x9,220,0.145454545455,0,NA,0x0,0xC,0,0
24,32,3,0x5B32E11DDC78FEB6,0x9,180,0.177777777778,0,NA,0x0,0xD,0,0
24,32,4,0x5B32E11DDC78FEB6,0x9,158,0.202531645570,0,NA,0x0,0x3,0,0
24,32,5,0x5B32E11DDC78FEB6,0x9,227,0.140969162996,0,NA,0x0,0x5,0,0
24,32,6,0x5B32E11DDC78FEB6,0x9,144,0.222222222222,0,NA,0x0,0x8,0,0
24,32,7,0x5B32E11DDC78FEB6,0x9,207,0.154589371981,0,NA,0x0,0x6,0,0
24,40,0,0x5B32E11DDC78FEB6,0x9,224,0.178571428571,4,NA,0x0,0xF,0,0
24,40,1,0x5B32E11DDC78FEB6,0x9,250,0.160000000000,0,NA,0x0,0x7,0,0
24,40,2,0x5B32E11DDC78FEB6,0x9,259,0.154440154440,0,NA,0x0,0xC,0,0
24,40,3,0x5B32E11DDC78FEB6,0x9,220,0.181818181818,0,NA,0x0,0xD,0,0
24,40,4,0x5B32E11DDC78FEB6,0x9,194,0.206185567010,0,NA,0x0,0x3,0,0
24,40,5,0x5B32E11DDC78FEB6,0x9,287,0.139372822300,0,NA,0x0,0x5,0,0
24,40,6,0x5B32E11DDC78FEB6,0x9,173,0.231213872832,0,NA,0x0,0x8,0,0
24,40,7,0x5B32E11DDC78FEB6,0x9,249,0.160642570281,0,NA,0x0,0x6,0,0
24,48,0,0x5B32E11DDC78FEB6,0x9,277,0.173285198556,2,NA,0x0,0xF,0,0
24,48,1,0x5B32E11DDC78FEB6,0x9,288,0.166666666667,0,NA,0x0,0x7,0,0
24,48,2,0x5B32E11DDC78FEB6,0x9,298,0.161073825503,0,NA,0x0,0xC,0,0
24,48,3,0x5B32E11DDC78FEB6,0x9,253,0.189723320158,0,NA,0x0,0xD,0,0
24,48,4,0x5B32E11DDC78FEB6,0x9,238,0.201680672269,0,NA,0x0,0x3,0,0
24,48,5,0x5B32E11DDC78FEB6,0x9,343,0.139941690962,0,NA,0x0,0x5,0,0
24,48,6,0x5B32E11DDC78FEB6,0x9,206,0.233009708738,0,NA,0x0,0x8,0,0
24,48,7,0x5B32E11DDC78FEB6,0x9,312,0.153846153846,0,NA,0x0,0x6,0,0
24,56,0,0x5B32E11DDC78FEB6,0x9,337,0.166172106825,2,NA,0x0,0xF,0,0
24,56,1,0x5B32E11DDC78FEB6,0x9,348,0.160919540230,0,NA,0x0,0x7,0,0
24,56,2,0x5B32E11DDC78FEB6,0x9,334,0.167664670659,0,NA,0x0,0xC,0,0
24,56,3,0x5B32E11DDC78FEB6,0x9,290,0.193103448276,0,NA,0x0,0xD,0,0
24,56,4,0x5B32E11DDC78FEB6,0x9,299,0.187290969900,0,NA,0x0,0x3,0,0
24,56,5,0x5B32E11DDC78FEB6,0x9,390,0.143589743590,0,NA,0x0,0x5,0,0
24,56,6,0x5B32E11DDC78FEB6,0x9,279,0.200716845878,0,NA,0x0,0x8,0,0
24,56,7,0x5B32E11DDC78FEB6,0x9,389,0.143958868895,0,NA,0x0,0x6,0,0
24,64,0,0x5B32E11DDC78FEB6,0x9,370,0.172972972973,2,NA,0x0,0xF,0,0
24,64,1,0x5B32E11DDC78FEB6,0x9,399,0.160401002506,0,NA,0x0,0x7,0,0
24,64,2,0x5B32E11DDC78FEB6,0x9,376,0.170212765957,0,NA,0x0,0xC,0,0
24,64,3,0x5B32E11DDC78FEB6,0x9,326,0.196319018405,0,NA,0x0,0xD,0,0
24,64,4,0x5B32E11DDC78FEB6,0x9,332,0.192771084337,0,NA,0x0,0x3,0,0
24,64,5,0x5B32E11DDC78FEB6,0x9,458,0.139737991266,0,NA,0x0,0x5,0,0
24,64,6,0x5B32E11DDC78FEB6,0x9,305,0.209836065574,0,NA,0x0,0x8,0,0
24,64,7,0x5B32E11DDC78FEB6,0x9,439,0.145785876993,0,NA,0x0,0x6,0,0
24,72,0,0x5B32E11DDC78FEB6,0x9,422,0.170616113744,2,NA,0x0,0xF,0,0
24,72,1,0x5B32E11DDC78FEB6,0x9,447,0.161073825503,0,NA,0x0,0x7,0,0
24,72,2,0x5B32E11DDC78FEB6,0x9,444,0.162162162162,0,NA,0x0,0xC,0,0
24,72,3,0x5B32E11DDC78FEB6,0x9,362,0.198895027624,0,NA,0x0,0xD,0,0
24,72,4,0x5B32E11DDC78FEB6,0x9,391,0.184143222506,0,NA,0x0,0x3,0,0
24,72,5,0x5B32E11DDC78FEB6,0x9,504,0.142857142857,0,NA,0x0,0x5,0,0
24,72,6,0x5B32E11DDC78FEB6,0x9,351,0.205128205128,0,NA,0x0,0x8,0,0
24,72,7,0x5B32E11DDC78FEB6,0x9,511,0.140900195695,0,NA,0x0,0x6,0,0
24,80,0,0x5B32E11DDC78FEB6,0x9,449,0.178173719376,1,0x6,0xF,0xF,1,1
24,80,1,0x5B32E11DDC78FEB6,0x9,493,0.162271805274,1,0xE,0x7,0x7,1,1
24,80,2,0x5B32E11DDC78FEB6,0x9,482,0.165975103734,1,0x5,0xC,0xC,1,1
24,80,3,0x5B32E11DDC78FEB6,0x9,387,0.206718346253,1,0x4,0xD,0xD,1,1
24,80,4,0x5B32E11DDC78FEB6,0x9,438,0.182648401826,1,0xA,0x3,0x3,1,1
24,80,5,0x5B32E11DDC78FEB6,0x9,556,0.143884892086,1,0xC,0x5,0x5,1,1
24,80,6,0x5B32E11DDC78FEB6,0x9,412,0.194174757282,2,NA,0x0,0x8,0,0
24,80,7,0x5B32E11DDC78FEB6,0x9,564,0.141843971631,0,NA,0x0,0x6,0,0
24,96,0,0x5B32E11DDC78FEB6,0x9,569,0.168717047452,1,0x6,0xF,0xF,1,1
24,96,1,0x5B32E11DDC78FEB6,0x9,580,0.165517241379,1,0xE,0x7,0x7,1,1
24,96,2,0x5B32E11DDC78FEB6,0x9,592,0.162162162162,1,0x5,0xC,0xC,1,1
24,96,3,0x5B32E11DDC78FEB6,0x9,529,0.181474480151,1,0x4,0xD,0xD,1,1
24,96,4,0x5B32E11DDC78FEB6,0x9,514,0.186770428016,1,0xA,0x3,0x3,1,1
24,96,5,0x5B32E11DDC78FEB6,0x9,640,0.150000000000,1,0xC,0x5,0x5,1,1
24,96,6,0x5B32E11DDC78FEB6,0x9,500,0.192000000000,1,0x1,0x8,0x8,1,1
24,96,7,0x5B32E11DDC78FEB6,0x9,666,0.144144144144,1,0xF,0x6,0x6,1,1
24,112,0,0x5B32E11DDC78FEB6,0x9,688,0.162790697674,1,0x6,0xF,0xF,1,1
24,112,1,0x5B32E11DDC78FEB6,0x9,706,0.158640226629,1,0xE,0x7,0x7,1,1
24,112,2,0x5B32E11DDC78FEB6,0x9,664,0.168674698795,1,0x5,0xC,0xC,1,1
24,112,3,0x5B32E11DDC78FEB6,0x9,586,0.191126279863,1,0x4,0xD,0xD,1,1
24,112,4,0x5B32E11DDC78FEB6,0x9,579,0.193436960276,1,0xA,0x3,0x3,1,1
24,112,5,0x5B32E11DDC78FEB6,0x9,727,0.154057771664,1,0xC,0x5,0x5,1,1
24,112,6,0x5B32E11DDC78FEB6,0x9,600,0.186666666667,1,0x1,0x8,0x8,1,1
24,112,7,0x5B32E11DDC78FEB6,0x9,752,0.148936170213,1,0xF,0x6,0x6,1,1
24,128,0,0x5B32E11DDC78FEB6,0x9,795,0.161006289308,1,0x6,0xF,0xF,1,1
24,128,1,0x5B32E11DDC78FEB6,0x9,828,0.154589371981,1,0xE,0x7,0x7,1,1
24,128,2,0x5B32E11DDC78FEB6,0x9,751,0.170439414115,1,0x5,0xC,0xC,1,1
24,128,3,0x5B32E11DDC78FEB6,0x9,705,0.181560283688,1,0x4,0xD,0xD,1,1
24,128,4,0x5B32E11DDC78FEB6,0x9,674,0.189910979228,1,0xA,0x3,0x3,1,1
24,128,5,0x5B32E11DDC78FEB6,0x9,766,0.167101827676,1,0xC,0x5,0x5,1,1
24,128,6,0x5B32E11DDC78FEB6,0x9,682,0.187683284457,1,0x1,0x8,0x8,1,1
24,128,7,0x5B32E11DDC78FEB6,0x9,861,0.148664343786,1,0xF,0x6,0x6,1,1
24,160,0,0x5B32E11DDC78FEB6,0x9,1015,0.157635467980,1,0x6,0xF,0xF,1,1
24,160,1,0x5B32E11DDC78FEB6,0x9,994,0.160965794769,1,0xE,0x7,0x7,1,1
24,160,2,0x5B32E11DDC78FEB6,0x9,951,0.168243953733,1,0x5,0xC,0xC,1,1
24,160,3,0x5B32E11DDC78FEB6,0x9,902,0.177383592018,1,0x4,0xD,0xD,1,1
24,160,4,0x5B32E11DDC78FEB6,0x9,833,0.192076830732,1,0xA,0x3,0x3,1,1
24,160,5,0x5B32E11DDC78FEB6,0x9,965,0.165803108808,1,0xC,0x5,0x5,1,1
24,160,6,0x5B32E11DDC78FEB6,0x9,890,0.179775280899,1,0x1,0x8,0x8,1,1
24,160,7,0x5B32E11DDC78FEB6,0x9,1094,0.146252285192,1,0xF,0x6,0x6,1,1
24,192,0,0x5B32E11DDC78FEB6,0x9,1245,0.154216867470,1,0x6,0xF,0xF,1,1
24,192,1,0x5B32E11DDC78FEB6,0x9,1168,0.164383561644,1,0xE,0x7,0x7,1,1
24,192,2,0x5B32E11DDC78FEB6,0x9,1108,0.173285198556,1,0x5,0xC,0xC,1,1
24,192,3,0x5B32E11DDC78FEB6,0x9,1092,0.175824175824,1,0x4,0xD,0xD,1,1
24,192,4,0x5B32E11DDC78FEB6,0x9,984,0.195121951220,1,0xA,0x3,0x3,1,1
24,192,5,0x5B32E11DDC78FEB6,0x9,1236,0.155339805825,1,0xC,0x5,0x5,1,1
24,192,6,0x5B32E11DDC78FEB6,0x9,1053,0.182336182336,1,0x1,0x8,0x8,1,1
24,192,7,0x5B32E11DDC78FEB6,0x9,1269,0.151300236407,1,0xF,0x6,0x6,1,1
24,256,0,0x5B32E11DDC78FEB6,0x9,1660,0.154216867470,1,0x6,0xF,0xF,1,1
24,256,1,0x5B32E11DDC78FEB6,0x9,1521,0.168310322156,1,0xE,0x7,0x7,1,1
24,256,2,0x5B32E11DDC78FEB6,0x9,1533,0.166992824527,1,0x5,0xC,0xC,1,1
24,256,3,0x5B32E11DDC78FEB6,0x9,1467,0.174505794138,1,0x4,0xD,0xD,1,1
24,256,4,0x5B32E11DDC78FEB6,0x9,1361,0.188096987509,1,0xA,0x3,0x3,1,1
24,256,5,0x5B32E11DDC78FEB6,0x9,1740,0.147126436782,1,0xC,0x5,0x5,1,1
24,256,6,0x5B32E11DDC78FEB6,0x9,1385,0.184837545126,1,0x1,0x8,0x8,1,1
24,256,7,0x5B32E11DDC78FEB6,0x9,1640,0.156097560976,1,0xF,0x6,0x6,1,1
25,16,0,0xB5B2A431D8B6AC37,0xA,128,0.125000000000,5,NA,0x0,0x8,0,0
25,16,1,0xB5B2A431D8B6AC37,0xA,100,0.160000000000,0,NA,0x0,0xE,0,0
25,16,2,0xB5B2A431D8B6AC37,0xA,83,0.192771084337,0,NA,0x0,0xF,0,0
25,16,3,0xB5B2A431D8B6AC37,0xA,67,0.238805970149,0,NA,0x0,0x8,0,0
25,16,4,0xB5B2A431D8B6AC37,0xA,101,0.158415841584,0,NA,0x0,0x0,0,0
25,16,5,0xB5B2A431D8B6AC37,0xA,101,0.158415841584,0,NA,0x0,0x6,0,0
25,16,6,0xB5B2A431D8B6AC37,0xA,70,0.228571428571,0,NA,0x0,0xD,0,0
25,16,7,0xB5B2A431D8B6AC37,0xA,90,0.177777777778,0,NA,0x0,0xB,0,0
25,24,0,0xB5B2A431D8B6AC37,0xA,194,0.123711340206,5,NA,0x0,0x8,0,0
25,24,1,0xB5B2A431D8B6AC37,0xA,157,0.152866242038,0,NA,0x0,0xE,0,0
25,24,2,0xB5B2A431D8B6AC37,0xA,116,0.206896551724,0,NA,0x0,0xF,0,0
25,24,3,0xB5B2A431D8B6AC37,0xA,115,0.208695652174,0,NA,0x0,0x8,0,0
25,24,4,0xB5B2A431D8B6AC37,0xA,143,0.167832167832,0,NA,0x0,0x0,0,0
25,24,5,0xB5B2A431D8B6AC37,0xA,166,0.144578313253,0,NA,0x0,0x6,0,0
25,24,6,0xB5B2A431D8B6AC37,0xA,115,0.208695652174,0,NA,0x0,0xD,0,0
25,24,7,0xB5B2A431D8B6AC37,0xA,139,0.172661870504,0,NA,0x0,0xB,0,0
25,32,0,0xB5B2A431D8B6AC37,0xA,269,0.118959107807,4,NA,0x0,0x8,0,0
25,32,1,0xB5B2A431D8B6AC37,0xA,195,0.164102564103,0,NA,0x0,0xE,0,0
25,32,2,0xB5B2A431D8B6AC37,0xA,156,0.205128205128,0,NA,0x0,0xF,0,0
25,32,3,0xB5B2A431D8B6AC37,0xA,148,0.216216216216,0,NA,0x0,0x8,0,0
25,32,4,0xB5B2A431D8B6AC37,0xA,255,0.125490196078,0,NA,0x0,0x0,0,0
25,32,5,0xB5B2A431D8B6AC37,0xA,224,0.142857142857,0,NA,0x0,0x6,0,0
25,32,6,0xB5B2A431D8B6AC37,0xA,159,0.201257861635,0,NA,0x0,0xD,0,0
25,32,7,0xB5B2A431D8B6AC37,0xA,170,0.188235294118,0,NA,0x0,0xB,0,0
25,40,0,0xB5B2A431D8B6AC37,0xA,330,0.121212121212,3,NA,0x0,0x8,0,0
25,40,1,0xB5B2A431D8B6AC37,0xA,279,0.143369175627,0,NA,0x0,0xE,0,0
25,40,2,0xB5B2A431D8B6AC37,0xA,204,0.196078431373,0,NA,0x0,0xF,0,0
25,40,3,0xB5B2A431D8B6AC37,0xA,204,0.196078431373,0,NA,0x0,0x8,0,0
25,40,4,0xB5B2A431D8B6AC37,0xA,327,0.122324159021,0,NA,0x0,0x0,0,0
25,40,5,0xB5B2A431D8B6AC37,0xA,298,0.134228187919,0,NA,0x0,0x6,0,0
25,40,6,0xB5B2A431D8B6AC37,0xA,201,0.199004975124,0,NA,0x0,0xD,0,0
25,40,7,0xB5B2A431D8B6AC37,0xA,220,0.181818181818,0,NA,0x0,0xB,0,0
25,48,0,0xB5B2A431D8B6AC37,0xA,366,0.131147540984,3,NA,0x0,0x8,0,0
25,48,1,0xB5B2A431D8B6AC37,0xA,334,0.143712574850,0,NA,0x0,0xE,0,0
25,48,2,0xB5B2A431D8B6AC37,0xA,241,0.199170124481,0,NA,0x0,0xF,0,0
25,48,3,0xB5B2A431D8B6AC37,0xA,236,0.203389830508,0,NA,0x0,0x8,0,0
25,48,4,0xB5B2A431D8B6AC37,0xA,375,0.128000000000,0,NA,0x0,0x0,0,0
25,48,5,0xB5B2A431D8B6AC37,0xA,340,0.141176470588,0,NA,0x0,0x6,0,0
25,48,6,0xB5B2A431D8B6AC37,0xA,261,0.183908045977,0,NA,0x0,0xD,0,0
25,48,7,0xB5B2A431D8B6AC37,0xA,272,0.176470588235,0,NA,0x0,0xB,0,0
25,56,0,0xB5B2A431D8B6AC37,0xA,448,0.125000000000,2,NA,0x0,0x8,0,0
25,56,1,0xB5B2A431D8B6AC37,0xA,384,0.145833333333,0,NA,0x0,0xE,0,0
25,56,2,0xB5B2A431D8B6AC37,0xA,280,0.200000000000,0,NA,0x0,0xF,0,0
25,56,3,0xB5B2A431D8B6AC37,0xA,283,0.197879858657,0,NA,0x0,0x8,0,0
25,56,4,0xB5B2A431D8B6AC37,0xA,461,0.121475054230,0,NA,0x0,0x0,0,0
25,56,5,0xB5B2A431D8B6AC37,0xA,424,0.132075471698,0,NA,0x0,0x6,0,0
25,56,6,0xB5B2A431D8B6AC37,0xA,297,0.188552188552,0,NA,0x0,0xD,0,0
25,56,7,0xB5B2A431D8B6AC37,0xA,320,0.175000000000,0,NA,0x0,0xB,0,0
25,64,0,0xB5B2A431D8B6AC37,0xA,502,0.127490039841,1,0x2,0x8,0x8,1,1
25,64,1,0xB5B2A431D8B6AC37,0xA,420,0.152380952381,1,0x4,0xE,0xE,1,1
25,64,2,0xB5B2A431D8B6AC37,0xA,339,0.188790560472,2,NA,0x0,0xF,0,0
25,64,3,0xB5B2A431D8B6AC37,0xA,332,0.192771084337,0,NA,0x0,0x8,0,0
25,64,4,0xB5B2A431D8B6AC37,0xA,512,0.125000000000,0,NA,0x0,0x0,0,0
25,64,5,0xB5B2A431D8B6AC37,0xA,454,0.140969162996,0,NA,0x0,0x6,0,0
25,64,6,0xB5B2A431D8B6AC37,0xA,337,0.189910979228,0,NA,0x0,0xD,0,0
25,64,7,0xB5B2A431D8B6AC37,0xA,393,0.162849872774,0,NA,0x0,0xB,0,0
25,72,0,0xB5B2A431D8B6AC37,0xA,562,0.128113879004,1,0x2,0x8,0x8,1,1
25,72,1,0xB5B2A431D8B6AC37,0xA,501,0.143712574850,1,0x4,0xE,0xE,1,1
25,72,2,0xB5B2A431D8B6AC37,0xA,393,0.183206106870,1,0x5,0xF,0xF,1,1
25,72,3,0xB5B2A431D8B6AC37,0xA,381,0.188976377953,2,NA,0x0,0x8,0,0
25,72,4,0xB5B2A431D8B6AC37,0xA,545,0.132110091743,0,NA,0x0,0x0,0,0
25,72,5,0xB5B2A431D8B6AC37,0xA,510,0.141176470588,0,NA,0x0,0x6,0,0
25,72,6,0xB5B2A431D8B6AC37,0xA,373,0.193029490617,0,NA,0x0,0xD,0,0
25,72,7,0xB5B2A431D8B6AC37,0xA,466,0.154506437768,0,NA,0x0,0xB,0,0
25,80,0,0xB5B2A431D8B6AC37,0xA,648,0.123456790123,1,0x2,0x8,0x8,1,1
25,80,1,0xB5B2A431D8B6AC37,0xA,547,0.146252285192,1,0x4,0xE,0xE,1,1
25,80,2,0xB5B2A431D8B6AC37,0xA,448,0.178571428571,1,0x5,0xF,0xF,1,1
25,80,3,0xB5B2A431D8B6AC37,0xA,418,0.191387559809,2,NA,0x0,0x8,0,0
25,80,4,0xB5B2A431D8B6AC37,0xA,598,0.133779264214,0,NA,0x0,0x0,0,0
25,80,5,0xB5B2A431D8B6AC37,0xA,562,0.142348754448,0,NA,0x0,0x6,0,0
25,80,6,0xB5B2A431D8B6AC37,0xA,429,0.186480186480,0,NA,0x0,0xD,0,0
25,80,7,0xB5B2A431D8B6AC37,0xA,553,0.144665461121,0,NA,0x0,0xB,0,0
25,96,0,0xB5B2A431D8B6AC37,0xA,741,0.129554655870,1,0x2,0x8,0x8,1,1
25,96,1,0xB5B2A431D8B6AC37,0xA,631,0.152139461173,1,0x4,0xE,0xE,1,1
25,96,2,0xB5B2A431D8B6AC37,0xA,552,0.173913043478,1,0x5,0xF,0xF,1,1
25,96,3,0xB5B2A431D8B6AC37,0xA,529,0.181474480151,1,0x2,0x8,0x8,1,1
25,96,4,0xB5B2A431D8B6AC37,0xA,682,0.140762463343,1,0xA,0x0,0x0,1,1
25,96,5,0xB5B2A431D8B6AC37,0xA,667,0.143928035982,1,0xC,0x6,0x6,1,1
25,96,6,0xB5B2A431D8B6AC37,0xA,528,0.181818181818,1,0x7,0xD,0xD,1,1
25,96,7,0xB5B2A431D8B6AC37,0xA,635,0.151181102362,1,0x1,0xB,0xB,1,1
25,112,0,0xB5B2A431D8B6AC37,0xA,855,0.130994152047,1,0x2,0x8,0x8,1,1
25,112,1,0xB5B2A431D8B6AC37,0xA,745,0.150335570470,1,0x4,0xE,0xE,1,1
25,112,2,0xB5B2A431D8B6AC37,0xA,622,0.180064308682,1,0x5,0xF,0xF,1,1
25,112,3,0xB5B2A431D8B6AC37,0xA,602,0.186046511628,1,0x2,0x8,0x8,1,1
25,112,4,0xB5B2A431D8B6AC37,0xA,791,0.141592920354,1,0xA,0x0,0x0,1,1
25,112,5,0xB5B2A431D8B6AC37,0xA,761,0.147174770039,1,0xC,0x6,0x6,1,1
25,112,6,0xB5B2A431D8B6AC37,0xA,604,0.185430463576,1,0x7,0xD,0xD,1,1
25,112,7,0xB5B2A431D8B6AC37,0xA,740,0.151351351351,1,0x1,0xB,0xB,1,1
25,128,0,0xB5B2A431D8B6AC37,0xA,931,0.137486573577,1,0x2,0x8,0x8,1,1
25,128,1,0xB5B2A431D8B6AC37,0xA,838,0.152744630072,1,0x4,0xE,0xE,1,1
25,128,2,0xB5B2A431D8B6AC37,0xA,709,0.180535966150,1,0x5,0xF,0xF,1,1
25,128,3,0xB5B2A431D8B6AC37,0xA,692,0.184971098266,1,0x2,0x8,0x8,1,1
25,128,4,0xB5B2A431D8B6AC37,0xA,890,0.143820224719,1,0xA,0x0,0x0,1,1
25,128,5,0xB5B2A431D8B6AC37,0xA,878,0.145785876993,1,0xC,0x6,0x6,1,1
25,128,6,0xB5B2A431D8B6AC37,0xA,657,0.194824961948,1,0x7,0xD,0xD,1,1
25,128,7,0xB5B2A431D8B6AC37,0xA,870,0.147126436782,1,0x1,0xB,0xB,1,1
25,160,0,0xB5B2A431D8B6AC37,0xA,1135,0.140969162996,1,0x2,0x8,0x8,1,1
25,160,1,0xB5B2A431D8B6AC37,0xA,1038,0.154142581888,1,0x4,0xE,0xE,1,1
25,160,2,0xB5B2A431D8B6AC37,0xA,966,0.165631469979,1,0x5,0xF,0xF,1,1
25,160,3,0xB5B2A431D8B6AC37,0xA,935,0.171122994652,1,0x2,0x8,0x8,1,1
25,160,4,0xB5B2A431D8B6AC37,0xA,1061,0.150801131008,1,0xA,0x0,0x0,1,1
25,160,5,0xB5B2A431D8B6AC37,0xA,1072,0.149253731343,1,0xC,0x6,0x6,1,1
25,160,6,0xB5B2A431D8B6AC37,0xA,880,0.181818181818,1,0x7,0xD,0xD,1,1
25,160,7,0xB5B2A431D8B6AC37,0xA,1076,0.148698884758,1,0x1,0xB,0xB,1,1
25,192,0,0xB5B2A431D8B6AC37,0xA,1383,0.138828633406,1,0x2,0x8,0x8,1,1
25,192,1,0xB5B2A431D8B6AC37,0xA,1207,0.159072079536,1,0x4,0xE,0xE,1,1
25,192,2,0xB5B2A431D8B6AC37,0xA,1199,0.160133444537,1,0x5,0xF,0xF,1,1
25,192,3,0xB5B2A431D8B6AC37,0xA,1063,0.180620884290,1,0x2,0x8,0x8,1,1
25,192,4,0xB5B2A431D8B6AC37,0xA,1254,0.153110047847,1,0xA,0x0,0x0,1,1
25,192,5,0xB5B2A431D8B6AC37,0xA,1242,0.154589371981,1,0xC,0x6,0x6,1,1
25,192,6,0xB5B2A431D8B6AC37,0xA,1087,0.176632934683,1,0x7,0xD,0xD,1,1
25,192,7,0xB5B2A431D8B6AC37,0xA,1243,0.154465004023,1,0x1,0xB,0xB,1,1
25,256,0,0xB5B2A431D8B6AC37,0xA,1840,0.139130434783,1,0x2,0x8,0x8,1,1
25,256,1,0xB5B2A431D8B6AC37,0xA,1613,0.158710477371,1,0x4,0xE,0xE,1,1
25,256,2,0xB5B2A431D8B6AC37,0xA,1580,0.162025316456,1,0x5,0xF,0xF,1,1
25,256,3,0xB5B2A431D8B6AC37,0xA,1503,0.170326014637,1,0x2,0x8,0x8,1,1
25,256,4,0xB5B2A431D8B6AC37,0xA,1599,0.160100062539,1,0xA,0x0,0x0,1,1
25,256,5,0xB5B2A431D8B6AC37,0xA,1702,0.150411280846,1,0xC,0x6,0x6,1,1
25,256,6,0xB5B2A431D8B6AC37,0xA,1429,0.179146256123,1,0x7,0xD,0xD,1,1
25,256,7,0xB5B2A431D8B6AC37,0xA,1629,0.157151626765,1,0x1,0xB,0xB,1,1
26,16,0,0x1874FB4440619DBA,0xF,179,0.089385474860,5,NA,0x0,0x2,0,0
26,16,1,0x1874FB4440619DBA,0xF,114,0.140350877193,0,NA,0x0,0x9,0,0
26,16,2,0x1874FB4440619DBA,0xF,68,0.235294117647,0,NA,0x0,0xC,0,0
26,16,3,0x1874FB4440619DBA,0xF,85,0.188235294118,0,NA,0x0,0x2,0,0
26,16,4,0x1874FB4440619DBA,0xF,80,0.200000000000,0,NA,0x0,0x5,0,0
26,16,5,0x1874FB4440619DBA,0xF,85,0.188235294118,0,NA,0x0,0xF,0,0
26,16,6,0x1874FB4440619DBA,0xF,141,0.113475177305,0,NA,0x0,0xA,0,0
26,16,7,0x1874FB4440619DBA,0xF,148,0.108108108108,0,NA,0x0,0x6,0,0
26,24,0,0x1874FB4440619DBA,0xF,248,0.096774193548,4,NA,0x0,0x2,0,0
26,24,1,0x1874FB4440619DBA,0xF,151,0.158940397351,0,NA,0x0,0x9,0,0
26,24,2,0x1874FB4440619DBA,0xF,116,0.206896551724,0,NA,0x0,0xC,0,0
26,24,3,0x1874FB4440619DBA,0xF,118,0.203389830508,0,NA,0x0,0x2,0,0
26,24,4,0x1874FB4440619DBA,0xF,148,0.162162162162,0,NA,0x0,0x5,0,0
26,24,5,0x1874FB4440619DBA,0xF,125,0.192000000000,0,NA,0x0,0xF,0,0
26,24,6,0x1874FB4440619DBA,0xF,194,0.123711340206,0,NA,0x0,0xA,0,0
26,24,7,0x1874FB4440619DBA,0xF,193,0.124352331606,0,NA,0x0,0x6,0,0
26,32,0,0x1874FB4440619DBA,0xF,282,0.113475177305,2,NA,0x0,0x2,0,0
26,32,1,0x1874FB4440619DBA,0xF,208,0.153846153846,0,NA,0x0,0x9,0,0
26,32,2,0x1874FB4440619DBA,0xF,143,0.223776223776,0,NA,0x0,0xC,0,0
26,32,3,0x1874FB4440619DBA,0xF,181,0.176795580110,0,NA,0x0,0x2,0,0
26,32,4,0x1874FB4440619DBA,0xF,188,0.170212765957,0,NA,0x0,0x5,0,0
26,32,5,0x1874FB4440619DBA,0xF,181,0.176795580110,0,NA,0x0,0xF,0,0
26,32,6,0x1874FB4440619DBA,0xF,266,0.120300751880,0,NA,0x0,0xA,0,0
26,32,7,0x1874FB4440619DBA,0xF,233,0.137339055794,0,NA,0x0,0x6,0,0
26,40,0,0x1874FB4440619DBA,0xF,340,0.117647058824,2,NA,0x0,0x2,0,0
26,40,1,0x1874FB4440619DBA,0xF,271,0.147601476015,0,NA,0x0,0x9,0,0
26,40,2,0x1874FB4440619DBA,0xF,191,0.209424083770,0,NA,0x0,0xC,0,0
26,40,3,0x1874FB4440619DBA,0xF,214,0.186915887850,0,NA,0x0,0x2,0,0
26,40,4,0x1874FB4440619DBA,0xF,220,0.181818181818,0,NA,0x0,0x5,0,0
26,40,5,0x1874FB4440619DBA,0xF,223,0.179372197309,0,NA,0x0,0xF,0,0
26,40,6,0x1874FB4440619DBA,0xF,293,0.136518771331,0,NA,0x0,0xA,0,0
26,40,7,0x1874FB4440619DBA,0xF,289,0.138408304498,0,NA,0x0,0x6,0,0
26,48,0,0x1874FB4440619DBA,0xF,383,0.125326370757,1,0xD,0x2,0x2,1,1
26,48,1,0x1874FB4440619DBA,0xF,301,0.159468438538,1,0x6,0x9,0x9,1,1
26,48,2,0x1874FB4440619DBA,0xF,249,0.192771084337,2,NA,0x0,0xC,0,0
26,48,3,0x1874FB4440619DBA,0xF,264,0.181818181818,0,NA,0x0,0x2,0,0
26,48,4,0x1874FB4440619DBA,0xF,257,0.186770428016,0,NA,0x0,0x5,0,0
26,48,5,0x1874FB4440619DBA,0xF,256,0.187500000000,0,NA,0x0,0xF,0,0
26,48,6,0x1874FB4440619DBA,0xF,368,0.130434782609,0,NA,0x0,0xA,0,0
26,48,7,0x1874FB4440619DBA,0xF,348,0.137931034483,0,NA,0x0,0x6,0,0
26,56,0,0x1874FB4440619DBA,0xF,436,0.128440366972,1,0xD,0x2,0x2,1,1
26,56,1,0x1874FB4440619DBA,0xF,324,0.172839506173,1,0x6,0x9,0x9,1,1
26,56,2,0x1874FB4440619DBA,0xF,295,0.189830508475,2,NA,0x0,0xC,0,0
26,56,3,0x1874FB4440619DBA,0xF,314,0.178343949045,0,NA,0x0,0x2,0,0
26,56,4,0x1874FB4440619DBA,0xF,304,0.184210526316,0,NA,0x0,0x5,0,0
26,56,5,0x1874FB4440619DBA,0xF,308,0.181818181818,0,NA,0x0,0xF,0,0
26,56,6,0x1874FB4440619DBA,0xF,424,0.132075471698,0,NA,0x0,0xA,0,0
26,56,7,0x1874FB4440619DBA,0xF,414,0.135265700483,0,NA,0x0,0x6,0,0
26,64,0,0x1874FB4440619DBA,0xF,489,0.130879345603,1,0xD,0x2,0x2,1,1
26,64,1,0x1874FB4440619DBA,0xF,353,0.181303116147,1,0x6,0x9,0x9,1,1
26,64,2,0x1874FB4440619DBA,0xF,354,0.180790960452,2,NA,0x0,0xC,0,0
26,64,3,0x1874FB4440619DBA,0xF,334,0.191616766467,0,NA,0x0,0x2,0,0
26,64,4,0x1874FB4440619DBA,0xF,333,0.192192192192,0,NA,0x0,0x5,0,0
26,64,5,0x1874FB4440619DBA,0xF,352,0.181818181818,0,NA,0x0,0xF,0,0
26,64,6,0x1874FB4440619DBA,0xF,459,0.139433551198,0,NA,0x0,0xA,0,0
26,64,7,0x1874FB4440619DBA,0xF,464,0.137931034483,0,NA,0x0,0x6,0,0
26,72,0,0x1874FB4440619DBA,0xF,536,0.134328358209,1,0xD,0x2,0x2,1,1
26,72,1,0x1874FB4440619DBA,0xF,392,0.183673469388,1,0x6,0x9,0x9,1,1
26,72,2,0x1874FB4440619DBA,0xF,377,0.190981432361,1,0x3,0xC,0xC,1,1
26,72,3,0x1874FB4440619DBA,0xF,382,0.188481675393,1,0xD,0x2,0x2,1,1
26,72,4,0x1874FB4440619DBA,0xF,408,0.176470588235,1,0xA,0x5,0x5,1,1
26,72,5,0x1874FB4440619DBA,0xF,417,0.172661870504,1,0x0,0xF,0xF,1,1
26,72,6,0x1874FB4440619DBA,0xF,505,0.142574257426,1,0x5,0xA,0xA,1,1
26,72,7,0x1874FB4440619DBA,0xF,509,0.141453831041,1,0x9,0x6,0x6,1,1
26,80,0,0x1874FB4440619DBA,0xF,591,0.135363790186,1,0xD,0x2,0x2,1,1
26,80,1,0x1874FB4440619DBA,0xF,427,0.187353629977,1,0x6,0x9,0x9,1,1
26,80,2,0x1874FB4440619DBA,0xF,412,0.194174757282,1,0x3,0xC,0xC,1,1
26,80,3,0x1874FB4440619DBA,0xF,428,0.186915887850,1,0xD,0x2,0x2,1,1
26,80,4,0x1874FB4440619DBA,0xF,460,0.173913043478,1,0xA,0x5,0x5,1,1
26,80,5,0x1874FB4440619DBA,0xF,475,0.168421052632,1,0x0,0xF,0xF,1,1
26,80,6,0x1874FB4440619DBA,0xF,531,0.150659133710,1,0x5,0xA,0xA,1,1
26,80,7,0x1874FB4440619DBA,0xF,557,0.143626570916,1,0x9,0x6,0x6,1,1
26,96,0,0x1874FB4440619DBA,0xF,702,0.136752136752,1,0xD,0x2,0x2,1,1
26,96,1,0x1874FB4440619DBA,0xF,523,0.183556405354,1,0x6,0x9,0x9,1,1
26,96,2,0x1874FB4440619DBA,0xF,499,0.192384769539,1,0x3,0xC,0xC,1,1
26,96,3,0x1874FB4440619DBA,0xF,508,0.188976377953,1,0xD,0x2,0x2,1,1
26,96,4,0x1874FB4440619DBA,0xF,563,0.170515097691,1,0xA,0x5,0x5,1,1
26,96,5,0x1874FB4440619DBA,0xF,605,0.158677685950,1,0x0,0xF,0xF,1,1
26,96,6,0x1874FB4440619DBA,0xF,652,0.147239263804,1,0x5,0xA,0xA,1,1
26,96,7,0x1874FB4440619DBA,0xF,628,0.152866242038,1,0x9,0x6,0x6,1,1
26,112,0,0x1874FB4440619DBA,0xF,817,0.137086903305,1,0xD,0x2,0x2,1,1
26,112,1,0x1874FB4440619DBA,0xF,675,0.165925925926,1,0x6,0x9,0x9,1,1
26,112,2,0x1874FB4440619DBA,0xF,591,0.189509306261,1,0x3,0xC,0xC,1,1
26,112,3,0x1874FB4440619DBA,0xF,600,0.186666666667,1,0xD,0x2,0x2,1,1
26,112,4,0x1874FB4440619DBA,0xF,692,0.161849710983,1,0xA,0x5,0x5,1,1
26,112,5,0x1874FB4440619DBA,0xF,684,0.163742690058,1,0x0,0xF,0xF,1,1
26,112,6,0x1874FB4440619DBA,0xF,767,0.146023468057,1,0x5,0xA,0xA,1,1
26,112,7,0x1874FB4440619DBA,0xF,714,0.156862745098,1,0x9,0x6,0x6,1,1
26,128,0,0x1874FB4440619DBA,0xF,956,0.133891213389,1,0xD,0x2,0x2,1,1
26,128,1,0x1874FB4440619DBA,0xF,759,0.168642951252,1,0x6,0x9,0x9,1,1
26,128,2,0x1874FB4440619DBA,0xF,704,0.181818181818,1,0x3,0xC,0xC,1,1
26,128,3,0x1874FB4440619DBA,0xF,698,0.183381088825,1,0xD,0x2,0x2,1,1
26,128,4,0x1874FB4440619DBA,0xF,752,0.170212765957,1,0xA,0x5,0x5,1,1
26,128,5,0x1874FB4440619DBA,0xF,758,0.168865435356,1,0x0,0xF,0xF,1,1
26,128,6,0x1874FB4440619DBA,0xF,881,0.145289443814,1,0x5,0xA,0xA,1,1
26,128,7,0x1874FB4440619DBA,0xF,826,0.154963680387,1,0x9,0x6,0x6,1,1
26,160,0,0x1874FB4440619DBA,0xF,1181,0.135478408129,1,0xD,0x2,0x2,1,1
26,160,1,0x1874FB4440619DBA,0xF,949,0.168598524763,1,0x6,0x9,0x9,1,1
26,160,2,0x1874FB4440619DBA,0xF,871,0.183696900115,1,0x3,0xC,0xC,1,1
26,160,3,0x1874FB4440619DBA,0xF,907,0.176405733186,1,0xD,0x2,0x2,1,1
26,160,4,0x1874FB4440619DBA,0xF,940,0.170212765957,1,0xA,0x5,0x5,1,1
26,160,5,0x1874FB4440619DBA,0xF,921,0.173724212812,1,0x0,0xF,0xF,1,1
26,160,6,0x1874FB4440619DBA,0xF,1074,0.148975791434,1,0x5,0xA,0xA,1,1
26,160,7,0x1874FB4440619DBA,0xF,1010,0.158415841584,1,0x9,0x6,0x6,1,1
26,192,0,0x1874FB4440619DBA,0xF,1402,0.136947218260,1,0xD,0x2,0x2,1,1
26,192,1,0x1874FB4440619DBA,0xF,1102,0.174228675136,1,0x6,0x9,0x9,1,1
26,192,2,0x1874FB4440619DBA,0xF,1145,0.167685589520,1,0x3,0xC,0xC,1,1
26,192,3,0x1874FB4440619DBA,0xF,1132,0.169611307420,1,0xD,0x2,0x2,1,1
26,192,4,0x1874FB4440619DBA,0xF,1121,0.171275646744,1,0xA,0x5,0x5,1,1
26,192,5,0x1874FB4440619DBA,0xF,1172,0.163822525597,1,0x0,0xF,0xF,1,1
26,192,6,0x1874FB4440619DBA,0xF,1317,0.145785876993,1,0x5,0xA,0xA,1,1
26,192,7,0x1874FB4440619DBA,0xF,1243,0.154465004023,1,0x9,0x6,0x6,1,1
26,256,0,0x1874FB4440619DBA,0xF,1888,0.135593220339,1,0xD,0x2,0x2,1,1
26,256,1,0x1874FB4440619DBA,0xF,1518,0.168642951252,1,0x6,0x9,0x9,1,1
26,256,2,0x1874FB4440619DBA,0xF,1565,0.163578274760,1,0x3,0xC,0xC,1,1
26,256,3,0x1874FB4440619DBA,0xF,1503,0.170326014637,1,0xD,0x2,0x2,1,1
26,256,4,0x1874FB4440619DBA,0xF,1470,0.174149659864,1,0xA,0x5,0x5,1,1
26,256,5,0x1874FB4440619DBA,0xF,1529,0.167429692610,1,0x0,0xF,0xF,1,1
26,256,6,0x1874FB4440619DBA,0xF,1660,0.154216867470,1,0x5,0xA,0xA,1,1
26,256,7,0x1874FB4440619DBA,0xF,1622,0.157829839704,1,0x9,0x6,0x6,1,1
27,16,0,0xC41C2D8763A37AF7,0x5,106,0.150943396226,8,NA,0x0,0xE,0,0
27,16,1,0xC41C2D8763A37AF7,0x5,96,0.166666666667,0,NA,0x0,0x2,0,0
27,16,2,0xC41C2D8763A37AF7,0x5,89,0.179775280899,0,NA,0x0,0xC,0,0
27,16,3,0xC41C2D8763A37AF7,0x5,100,0.160000000000,0,NA,0x0,0x2,0,0
27,16,4,0xC41C2D8763A37AF7,0x5,132,0.121212121212,0,NA,0x0,0x1,0,0
27,16,5,0xC41C2D8763A37AF7,0x5,89,0.179775280899,0,NA,0x0,0xB,0,0
27,16,6,0xC41C2D8763A37AF7,0x5,117,0.136752136752,0,NA,0x0,0xB,0,0
27,16,7,0xC41C2D8763A37AF7,0x5,129,0.124031007752,0,NA,0x0,0x4,0,0
27,24,0,0xC41C2D8763A37AF7,0x5,143,0.167832167832,5,NA,0x0,0xE,0,0
27,24,1,0xC41C2D8763A37AF7,0x5,135,0.177777777778,0,NA,0x0,0x2,0,0
27,24,2,0xC41C2D8763A37AF7,0x5,147,0.163265306122,0,NA,0x0,0xC,0,0
27,24,3,0xC41C2D8763A37AF7,0x5,172,0.139534883721,0,NA,0x0,0x2,0,0
27,24,4,0xC41C2D8763A37AF7,0x5,149,0.161073825503,0,NA,0x0,0x1,0,0
27,24,5,0xC41C2D8763A37AF7,0x5,128,0.187500000000,0,NA,0x0,0xB,0,0
27,24,6,0xC41C2D8763A37AF7,0x5,155,0.154838709677,0,NA,0x0,0xB,0,0
27,24,7,0xC41C2D8763A37AF7,0x5,195,0.123076923077,0,NA,0x0,0x4,0,0
27,32,0,0xC41C2D8763A37AF7,0x5,187,0.171122994652,4,NA,0x0,0xE,0,0
27,32,1,0xC41C2D8763A37AF7,0x5,183,0.174863387978,0,NA,0x0,0x2,0,0
27,32,2,0xC41C2D8763A37AF7,0x5,200,0.160000000000,0,NA,0x0,0xC,0,0
27,32,3,0xC41C2D8763A37AF7,0x5,211,0.151658767773,0,NA,0x0,0x2,0,0
27,32,4,0xC41C2D8763A37AF7,0x5,198,0.161616161616,0,NA,0x0,0x1,0,0
27,32,5,0xC41C2D8763A37AF7,0x5,165,0.193939393939,0,NA,0x0,0xB,0,0
27,32,6,0xC41C2D8763A37AF7,0x5,199,0.160804020101,0,NA,0x0,0xB,0,0
27,32,7,0xC41C2D8763A37AF7,0x5,237,0.135021097046,0,NA,0x0,0x4,0,0
27,40,0,0xC41C2D8763A37AF7,0x5,242,0.165289256198,3,NA,0x0,0xE,0,0
27,40,1,0xC41C2D8763A37AF7,0x5,222,0.180180180180,0,NA,0x0,0x2,0,0
27,40,2,0xC41C2D8763A37AF7,0x5,274,0.145985401460,0,NA,0x0,0xC,0,0
27,40,3,0xC41C2D8763A37AF7,0x5,265,0.150943396226,0,NA,0x0,0x2,0,0
27,40,4,0xC41C2D8763A37AF7,0x5,229,0.174672489083,0,NA,0x0,0x1,0,0
27,40,5,0xC41C2D8763A37AF7,0x5,211,0.189573459716,0,NA,0x0,0xB,0,0
27,40,6,0xC41C2D8763A37AF7,0x5,236,0.169491525424,0,NA,0x0,0xB,0,0
27,40,7,0xC41C2D8763A37AF7,0x5,286,0.139860139860,0,NA,0x0,0x4,0,0
27,48,0,0xC41C2D8763A37AF7,0x5,273,0.175824175824,3,NA,0x0,0xE,0,0
27,48,1,0xC41C2D8763A37AF7,0x5,265,0.181132075472,0,NA,0x0,0x2,0,0
27,48,2,0xC41C2D8763A37AF7,0x5,351,0.136752136752,0,NA,0x0,0xC,0,0
27,48,3,0xC41C2D8763A37AF7,0x5,324,0.148148148148,0,NA,0x0,0x2,0,0
27,48,4,0xC41C2D8763A37AF7,0x5,289,0.166089965398,0,NA,0x0,0x1,0,0
27,48,5,0xC41C2D8763A37AF7,0x5,252,0.190476190476,0,NA,0x0,0xB,0,0
27,48,6,0xC41C2D8763A37AF7,0x5,278,0.172661870504,0,NA,0x0,0xB,0,0
27,48,7,0xC41C2D8763A37AF7,0x5,368,0.130434782609,0,NA,0x0,0x4,0,0
27,56,0,0xC41C2D8763A37AF7,0x5,311,0.180064308682,2,NA,0x0,0xE,0,0
27,56,1,0xC41C2D8763A37AF7,0x5,308,0.181818181818,0,NA,0x0,0x2,0,0
27,56,2,0xC41C2D8763A37AF7,0x5,400,0.140000000000,0,NA,0x0,0xC,0,0
27,56,3,0xC41C2D8763A37AF7,0x5,376,0.148936170213,0,NA,0x0,0x2,0,0
27,56,4,0xC41C2D8763A37AF7,0x5,357,0.156862745098,0,NA,0x0,0x1,0,0
27,56,5,0xC41C2D8763A37AF7,0x5,295,0.189830508475,0,NA,0x0,0xB,0,0
27,56,6,0xC41C2D8763A37AF7,0x5,343,0.163265306122,0,NA,0x0,0xB,0,0
27,56,7,0xC41C2D8763A37AF7,0x5,443,0.126410835214,0,NA,0x0,0x4,0,0
27,64,0,0xC41C2D8763A37AF7,0x5,380,0.168421052632,1,0xB,0xE,0xE,1,1
27,64,1,0xC41C2D8763A37AF7,0x5,342,0.187134502924,1,0x7,0x2,0x2,1,1
27,64,2,0xC41C2D8763A37AF7,0x5,432,0.148148148148,1,0x9,0xC,0xC,1,1
27,64,3,0xC41C2D8763A37AF7,0x5,416,0.153846153846,1,0x7,0x2,0x2,1,1
27,64,4,0xC41C2D8763A37AF7,0x5,432,0.148148148148,1,0x4,0x1,0x1,1,1
27,64,5,0xC41C2D8763A37AF7,0x5,352,0.181818181818,1,0xE,0xB,0xB,1,1
27,64,6,0xC41C2D8763A37AF7,0x5,391,0.163682864450,1,0xE,0xB,0xB,1,1
27,64,7,0xC41C2D8763A37AF7,0x5,509,0.125736738703,1,0x1,0x4,0x4,1,1
27,72,0,0xC41C2D8763A37AF7,0x5,415,0.173493975904,1,0xB,0xE,0xE,1,1
27,72,1,0xC41C2D8763A37AF7,0x5,390,0.184615384615,1,0x7,0x2,0x2,1,1
27,72,2,0xC41C2D8763A37AF7,0x5,499,0.144288577154,1,0x9,0xC,0xC,1,1
27,72,3,0xC41C2D8763A37AF7,0x5,470,0.153191489362,1,0x7,0x2,0x2,1,1
27,72,4,0xC41C2D8763A37AF7,0x5,465,0.154838709677,1,0x4,0x1,0x1,1,1
27,72,5,0xC41C2D8763A37AF7,0x5,410,0.175609756098,1,0xE,0xB,0xB,1,1
27,72,6,0xC41C2D8763A37AF7,0x5,428,0.168224299065,1,0xE,0xB,0xB,1,1
27,72,7,0xC41C2D8763A37AF7,0x5,535,0.134579439252,1,0x1,0x4,0x4,1,1
27,80,0,0xC41C2D8763A37AF7,0x5,467,0.171306209850,1,0xB,0xE,0xE,1,1
27,80,1,0xC41C2D8763A37AF7,0x5,437,0.183066361556,1,0x7,0x2,0x2,1,1
27,80,2,0xC41C2D8763A37AF7,0x5,548,0.145985401460,1,0x9,0xC,0xC,1,1
27,80,3,0xC41C2D8763A37AF7,0x5,492,0.162601626016,1,0x7,0x2,0x2,1,1
27,80,4,0xC41C2D8763A37AF7,0x5,510,0.156862745098,1,0x4,0x1,0x1,1,1
27,80,5,0xC41C2D8763A37AF7,0x5,455,0.175824175824,1,0xE,0xB,0xB,1,1
27,80,6,0xC41C2D8763A37AF7,0x5,490,0.163265306122,1,0xE,0xB,0xB,1,1
27,80,7,0xC41C2D8763A37AF7,0x5,578,0.138408304498,1,0x1,0x4,0x4,1,1
27,96,0,0xC41C2D8763A37AF7,0x5,574,0.167247386760,1,0xB,0xE,0xE,1,1
27,96,1,0xC41C2D8763A37AF7,0x5,538,0.178438661710,1,0x7,0x2,0x2,1,1
27,96,2,0xC41C2D8763A37AF7,0x5,701,0.136947218260,1,0x9,0xC,0xC,1,1
27,96,3,0xC41C2D8763A37AF7,0x5,598,0.160535117057,1,0x7,0x2,0x2,1,1
27,96,4,0xC41C2D8763A37AF7,0x5,561,0.171122994652,1,0x4,0x1,0x1,1,1
27,96,5,0xC41C2D8763A37AF7,0x5,609,0.157635467980,1,0xE,0xB,0xB,1,1
27,96,6,0xC41C2D8763A37AF7,0x5,577,0.166377816291,1,0xE,0xB,0xB,1,1
27,96,7,0xC41C2D8763A37AF7,0x5,682,0.140762463343,1,0x1,0x4,0x4,1,1
27,112,0,0xC41C2D8763A37AF7,0x5,658,0.170212765957,1,0xB,0xE,0xE,1,1
27,112,1,0xC41C2D8763A37AF7,0x5,657,0.170471841705,1,0x7,0x2,0x2,1,1
27,112,2,0xC41C2D8763A37AF7,0x5,822,0.136253041363,1,0x9,0xC,0xC,1,1
27,112,3,0xC41C2D8763A37AF7,0x5,692,0.161849710983,1,0x7,0x2,0x2,1,1
27,112,4,0xC41C2D8763A37AF7,0x5,637,0.175824175824,1,0x4,0x1,0x1,1,1
27,112,5,0xC41C2D8763A37AF7,0x5,675,0.165925925926,1,0xE,0xB,0xB,1,1
27,112,6,0xC41C2D8763A37AF7,0x5,659,0.169954476480,1,0xE,0xB,0xB,1,1
27,112,7,0xC41C2D8763A37AF7,0x5,783,0.143039591315,1,0x1,0x4,0x4,1,1
27,128,0,0xC41C2D8763A37AF7,0x5,745,0.171812080537,1,0xB,0xE,0xE,1,1
27,128,1,0xC41C2D8763A37AF7,0x5,741,0.172739541161,1,0x7,0x2,0x2,1,1
27,128,2,0xC41C2D8763A37AF7,0x5,945,0.135449735450,1,0x9,0xC,0xC,1,1
27,128,3,0xC41C2D8763A37AF7,0x5,765,0.167320261438,1,0x7,0x2,0x2,1,1
27,128,4,0xC41C2D8763A37AF7,0x5,712,0.179775280899,1,0x4,0x1,0x1,1,1
27,128,5,0xC41C2D8763A37AF7,0x5,764,0.167539267016,1,0xE,0xB,0xB,1,1
27,128,6,0xC41C2D8763A37AF7,0x5,781,0.163892445583,1,0xE,0xB,0xB,1,1
27,128,7,0xC41C2D8763A37AF7,0x5,860,0.148837209302,1,0x1,0x4,0x4,1,1
27,160,0,0xC41C2D8763A37AF7,0x5,928,0.172413793103,1,0xB,0xE,0xE,1,1
27,160,1,0xC41C2D8763A37AF7,0x5,921,0.173724212812,1,0x7,0x2,0x2,1,1
27,160,2,0xC41C2D8763A37AF7,0x5,1129,0.141718334810,1,0x9,0xC,0xC,1,1
27,160,3,0xC41C2D8763A37AF7,0x5,982,0.162932790224,1,0x7,0x2,0x2,1,1
27,160,4,0xC41C2D8763A37AF7,0x5,869,0.184119677791,1,0x4,0x1,0x1,1,1
27,160,5,0xC41C2D8763A37AF7,0x5,982,0.162932790224,1,0xE,0xB,0xB,1,1
27,160,6,0xC41C2D8763A37AF7,0x5,963,0.166147455867,1,0xE,0xB,0xB,1,1
27,160,7,0xC41C2D8763A37AF7,0x5,1068,0.149812734082,1,0x1,0x4,0x4,1,1
27,192,0,0xC41C2D8763A37AF7,0x5,1146,0.167539267016,1,0xB,0xE,0xE,1,1
27,192,1,0xC41C2D8763A37AF7,0x5,1155,0.166233766234,1,0x7,0x2,0x2,1,1
27,192,2,0xC41C2D8763A37AF7,0x5,1328,0.144578313253,1,0x9,0xC,0xC,1,1
27,192,3,0xC41C2D8763A37AF7,0x5,1132,0.169611307420,1,0x7,0x2,0x2,1,1
27,192,4,0xC41C2D8763A37AF7,0x5,1116,0.172043010753,1,0x4,0x1,0x1,1,1
27,192,5,0xC41C2D8763A37AF7,0x5,1153,0.166522116219,1,0xE,0xB,0xB,1,1
27,192,6,0xC41C2D8763A37AF7,0x5,1216,0.157894736842,1,0xE,0xB,0xB,1,1
27,192,7,0xC41C2D8763A37AF7,0x5,1228,0.156351791531,1,0x1,0x4,0x4,1,1
27,256,0,0xC41C2D8763A37AF7,0x5,1452,0.176308539945,1,0xB,0xE,0xE,1,1
27,256,1,0xC41C2D8763A37AF7,0x5,1488,0.172043010753,1,0x7,0x2,0x2,1,1
27,256,2,0xC41C2D8763A37AF7,0x5,1686,0.151838671412,1,0x9,0xC,0xC,1,1
27,256,3,0xC41C2D8763A37AF7,0x5,1512,0.169312169312,1,0x7,0x2,0x2,1,1
27,256,4,0xC41C2D8763A37AF7,0x5,1535,0.166775244300,1,0x4,0x1,0x1,1,1
27,256,5,0xC41C2D8763A37AF7,0x5,1483,0.172623061362,1,0xE,0xB,0xB,1,1
27,256,6,0xC41C2D8763A37AF7,0x5,1598,0.160200250313,1,0xE,0xB,0xB,1,1
27,256,7,0xC41C2D8763A37AF7,0x5,1487,0.172158708810,1,0x1,0x4,0x4,1,1
28,16,0,0x5EF5EA6FA6EFEFC0,0xD,81,0.197530864198,7,NA,0x0,0x7,0,0
28,16,1,0x5EF5EA6FA6EFEFC0,0xD,85,0.188235294118,0,NA,0x0,0x4,0,0
28,16,2,0x5EF5EA6FA6EFEFC0,0xD,89,0.179775280899,0,NA,0x0,0x6,0,0
28,16,3,0x5EF5EA6FA6EFEFC0,0xD,85,0.188235294118,0,NA,0x0,0x0,0,0
28,16,4,0x5EF5EA6FA6EFEFC0,0xD,112,0.142857142857,0,NA,0x0,0x7,0,0
28,16,5,0x5EF5EA6FA6EFEFC0,0xD,92,0.173913043478,0,NA,0x0,0x8,0,0
28,16,6,0x5EF5EA6FA6EFEFC0,0xD,96,0.166666666667,0,NA,0x0,0x2,0,0
28,16,7,0x5EF5EA6FA6EFEFC0,0xD,100,0.160000000000,0,NA,0x0,0x5,0,0
28,24,0,0x5EF5EA6FA6EFEFC0,0xD,192,0.125000000000,4,NA,0x0,0x7,0,0
28,24,1,0x5EF5EA6FA6EFEFC0,0xD,155,0.154838709677,0,NA,0x0,0x4,0,0
28,24,2,0x5EF5EA6FA6EFEFC0,0xD,132,0.181818181818,0,NA,0x0,0x6,0,0
28,24,3,0x5EF5EA6FA6EFEFC0,0xD,133,0.180451127820,0,NA,0x0,0x0,0,0
28,24,4,0x5EF5EA6FA6EFEFC0,0xD,160,0.150000000000,0,NA,0x0,0x7,0,0
28,24,5,0x5EF5EA6FA6EFEFC0,0xD,156,0.153846153846,0,NA,0x0,0x8,0,0
28,24,6,0x5EF5EA6FA6EFEFC0,0xD,132,0.181818181818,0,NA,0x0,0x2,0,0
28,24,7,0x5EF5EA6FA6EFEFC0,0xD,149,0.161073825503,0,NA,0x0,0x5,0,0
28,32,0,0x5EF5EA6FA6EFEFC0,0xD,229,0.139737991266,2,NA,0x0,0x7,0,0
28,32,1,0x5EF5EA6FA6EFEFC0,0xD,211,0.151658767773,0,NA,0x0,0x4,0,0
28,32,2,0x5EF5EA6FA6EFEFC0,0xD,202,0.158415841584,0,NA,0x0,0x6,0,0
28,32,3,0x5EF5EA6FA6EFEFC0,0xD,199,0.160804020101,0,NA,0x0,0x0,0,0
28,32,4,0x5EF5EA6FA6EFEFC0,0xD,209,0.153110047847,0,NA,0x0,0x7,0,0
28,32,5,0x5EF5EA6FA6EFEFC0,0xD,193,0.165803108808,0,NA,0x0,0x8,0,0
28,32,6,0x5EF5EA6FA6EFEFC0,0xD,167,0.191616766467,0,NA,0x0,0x2,0,0
28,32,7,0x5EF5EA6FA6EFEFC0,0xD,199,0.160804020101,0,NA,0x0,0x5,0,0
28,40,0,0x5EF5EA6FA6EFEFC0,0xD,248,0.161290322581,1,0xA,0x7,0x7,1,1
28,40,1,0x5EF5EA6FA6EFEFC0,0xD,265,0.150943396226,1,0x9,0x4,0x4,1,1
28,40,2,0x5EF5EA6FA6EFEFC0,0xD,233,0.171673819742,1,0xB,0x6,0x6,1,1
28,40,3,0x5EF5EA6FA6EFEFC0,0xD,248,0.161290322581,5,NA,0x0,0x0,0,0
28,40,4,0x5EF5EA6FA6EFEFC0,0xD,258,0.155038759690,0,NA,0x0,0x7,0,0
28,40,5,0x5EF5EA6FA6EFEFC0,0xD,244,0.163934426230,0,NA,0x0,0x8,0,0
28,40,6,0x5EF5EA6FA6EFEFC0,0xD,218,0.183486238532,0,NA,0x0,0x2,0,0
28,40,7,0x5EF5EA6FA6EFEFC0,0xD,253,0.158102766798,0,NA,0x0,0x5,0,0
28,48,0,0x5EF5EA6FA6EFEFC0,0xD,306,0.156862745098,1,0xA,0x7,0x7,1,1
28,48,1,0x5EF5EA6FA6EFEFC0,0xD,324,0.148148148148,1,0x9,0x4,0x4,1,1
28,48,2,0x5EF5EA6FA6EFEFC0,0xD,258,0.186046511628,1,0xB,0x6,0x6,1,1
28,48,3,0x5EF5EA6FA6EFEFC0,0xD,285,0.168421052632,4,NA,0x0,0x0,0,0
28,48,4,0x5EF5EA6FA6EFEFC0,0xD,330,0.145454545455,0,NA,0x0,0x7,0,0
28,48,5,0x5EF5EA6FA6EFEFC0,0xD,289,0.166089965398,0,NA,0x0,0x8,0,0
28,48,6,0x5EF5EA6FA6EFEFC0,0xD,249,0.192771084337,0,NA,0x0,0x2,0,0
28,48,7,0x5EF5EA6FA6EFEFC0,0xD,296,0.162162162162,0,NA,0x0,0x5,0,0
28,56,0,0x5EF5EA6FA6EFEFC0,0xD,344,0.162790697674,1,0xA,0x7,0x7,1,1
28,56,1,0x5EF5EA6FA6EFEFC0,0xD,382,0.146596858639,1,0x9,0x4,0x4,1,1
28,56,2,0x5EF5EA6FA6EFEFC0,0xD,303,0.184818481848,1,0xB,0x6,0x6,1,1
28,56,3,0x5EF5EA6FA6EFEFC0,0xD,335,0.167164179104,3,NA,0x0,0x0,0,0
28,56,4,0x5EF5EA6FA6EFEFC0,0xD,377,0.148541114058,0,NA,0x0,0x7,0,0
28,56,5,0x5EF5EA6FA6EFEFC0,0xD,332,0.168674698795,0,NA,0x0,0x8,0,0
28,56,6,0x5EF5EA6FA6EFEFC0,0xD,304,0.184210526316,0,NA,0x0,0x2,0,0
28,56,7,0x5EF5EA6FA6EFEFC0,0xD,327,0.171253822630,0,NA,0x0,0x5,0,0
28,64,0,0x5EF5EA6FA6EFEFC0,0xD,372,0.172043010753,1,0xA,0x7,0x7,1,1
28,64,1,0x5EF5EA6FA6EFEFC0,0xD,423,0.151300236407,1,0x9,0x4,0x4,1,1
28,64,2,0x5EF5EA6FA6EFEFC0,0xD,363,0.176308539945,1,0xB,0x6,0x6,1,1
28,64,3,0x5EF5EA6FA6EFEFC0,0xD,374,0.171122994652,2,NA,0x0,0x0,0,0
28,64,4,0x5EF5EA6FA6EFEFC0,0xD,461,0.138828633406,0,NA,0x0,0x7,0,0
28,64,5,0x5EF5EA6FA6EFEFC0,0xD,370,0.172972972973,0,NA,0x0,0x8,0,0
28,64,6,0x5EF5EA6FA6EFEFC0,0xD,377,0.169761273210,0,NA,0x0,0x2,0,0
28,64,7,0x5EF5EA6FA6EFEFC0,0xD,370,0.172972972973,0,NA,0x0,0x5,0,0
28,72,0,0x5EF5EA6FA6EFEFC0,0xD,418,0.172248803828,1,0xA,0x7,0x7,1,1
28,72,1,0x5EF5EA6FA6EFEFC0,0xD,444,0.162162162162,1,0x9,0x4,0x4,1,1
28,72,2,0x5EF5EA6FA6EFEFC0,0xD,398,0.180904522613,1,0xB,0x6,0x6,1,1
28,72,3,0x5EF5EA6FA6EFEFC0,0xD,431,0.167053364269,2,NA,0x0,0x0,0,0
28,72,4,0x5EF5EA6FA6EFEFC0,0xD,514,0.140077821012,0,NA,0x0,0x7,0,0
28,72,5,0x5EF5EA6FA6EFEFC0,0xD,432,0.166666666667,0,NA,0x0,0x8,0,0
28,72,6,0x5EF5EA6FA6EFEFC0,0xD,409,0.176039119804,0,NA,0x0,0x2,0,0
28,72,7,0x5EF5EA6FA6EFEFC0,0xD,397,0.181360201511,0,NA,0x0,0x5,0,0
28,80,0,0x5EF5EA6FA6EFEFC0,0xD,452,0.176991150442,1,0xA,0x7,0x7,1,1
28,80,1,0x5EF5EA6FA6EFEFC0,0xD,490,0.163265306122,1,0x9,0x4,0x4,1,1
28,80,2,0x5EF5EA6FA6EFEFC0,0xD,446,0.179372197309,1,0xB,0x6,0x6,1,1
28,80,3,0x5EF5EA6FA6EFEFC0,0xD,481,0.166320166320,2,NA,0x0,0x0,0,0
28,80,4,0x5EF5EA6FA6EFEFC0,0xD,569,0.140597539543,0,NA,0x0,0x7,0,0
28,80,5,0x5EF5EA6FA6EFEFC0,0xD,466,0.171673819742,0,NA,0x0,0x8,0,0
28,80,6,0x5EF5EA6FA6EFEFC0,0xD,468,0.170940170940,0,NA,0x0,0x2,0,0
28,80,7,0x5EF5EA6FA6EFEFC0,0xD,434,0.184331797235,0,NA,0x0,0x5,0,0
28,96,0,0x5EF5EA6FA6EFEFC0,0xD,548,0.175182481752,1,0xA,0x7,0x7,1,1
28,96,1,0x5EF5EA6FA6EFEFC0,0xD,607,0.158154859967,1,0x9,0x4,0x4,1,1
28,96,2,0x5EF5EA6FA6EFEFC0,0xD,548,0.175182481752,1,0xB,0x6,0x6,1,1
28,96,3,0x5EF5EA6FA6EFEFC0,0xD,599,0.160267111853,1,0xD,0x0,0x0,1,1
28,96,4,0x5EF5EA6FA6EFEFC0,0xD,647,0.148377125193,1,0xA,0x7,0x7,1,1
28,96,5,0x5EF5EA6FA6EFEFC0,0xD,539,0.178107606679,1,0x5,0x8,0x8,1,1
28,96,6,0x5EF5EA6FA6EFEFC0,0xD,580,0.165517241379,1,0xF,0x2,0x2,1,1
28,96,7,0x5EF5EA6FA6EFEFC0,0xD,518,0.185328185328,1,0x8,0x5,0x5,1,1
28,112,0,0x5EF5EA6FA6EFEFC0,0xD,630,0.177777777778,1,0xA,0x7,0x7,1,1
28,112,1,0x5EF5EA6FA6EFEFC0,0xD,688,0.162790697674,1,0x9,0x4,0x4,1,1
28,112,2,0x5EF5EA6FA6EFEFC0,0xD,615,0.182113821138,1,0xB,0x6,0x6,1,1
28,112,3,0x5EF5EA6FA6EFEFC0,0xD,700,0.160000000000,1,0xD,0x0,0x0,1,1
28,112,4,0x5EF5EA6FA6EFEFC0,0xD,771,0.145265888457,1,0xA,0x7,0x7,1,1
28,112,5,0x5EF5EA6FA6EFEFC0,0xD,631,0.177496038035,1,0x5,0x8,0x8,1,1
28,112,6,0x5EF5EA6FA6EFEFC0,0xD,657,0.170471841705,1,0xF,0x2,0x2,1,1
28,112,7,0x5EF5EA6FA6EFEFC0,0xD,634,0.176656151420,1,0x8,0x5,0x5,1,1
28,128,0,0x5EF5EA6FA6EFEFC0,0xD,729,0.175582990398,1,0xA,0x7,0x7,1,1
28,128,1,0x5EF5EA6FA6EFEFC0,0xD,774,0.165374677003,1,0x9,0x4,0x4,1,1
28,128,2,0x5EF5EA6FA6EFEFC0,0xD,698,0.183381088825,1,0xB,0x6,0x6,1,1
28,128,3,0x5EF5EA6FA6EFEFC0,0xD,796,0.160804020101,1,0xD,0x0,0x0,1,1
28,128,4,0x5EF5EA6FA6EFEFC0,0xD,846,0.151300236407,1,0xA,0x7,0x7,1,1
28,128,5,0x5EF5EA6FA6EFEFC0,0xD,715,0.179020979021,1,0x5,0x8,0x8,1,1
28,128,6,0x5EF5EA6FA6EFEFC0,0xD,782,0.163682864450,1,0xF,0x2,0x2,1,1
28,128,7,0x5EF5EA6FA6EFEFC0,0xD,717,0.178521617852,1,0x8,0x5,0x5,1,1
28,160,0,0x5EF5EA6FA6EFEFC0,0xD,898,0.178173719376,1,0xA,0x7,0x7,1,1
28,160,1,0x5EF5EA6FA6EFEFC0,0xD,951,0.168243953733,1,0x9,0x4,0x4,1,1
28,160,2,0x5EF5EA6FA6EFEFC0,0xD,892,0.179372197309,1,0xB,0x6,0x6,1,1
28,160,3,0x5EF5EA6FA6EFEFC0,0xD,1037,0.154291224687,1,0xD,0x0,0x0,1,1
28,160,4,0x5EF5EA6FA6EFEFC0,0xD,1080,0.148148148148,1,0xA,0x7,0x7,1,1
28,160,5,0x5EF5EA6FA6EFEFC0,0xD,887,0.180383314543,1,0x5,0x8,0x8,1,1
28,160,6,0x5EF5EA6FA6EFEFC0,0xD,994,0.160965794769,1,0xF,0x2,0x2,1,1
28,160,7,0x5EF5EA6FA6EFEFC0,0xD,913,0.175246440307,1,0x8,0x5,0x5,1,1
28,192,0,0x5EF5EA6FA6EFEFC0,0xD,1107,0.173441734417,1,0xA,0x7,0x7,1,1
28,192,1,0x5EF5EA6FA6EFEFC0,0xD,1236,0.155339805825,1,0x9,0x4,0x4,1,1
28,192,2,0x5EF5EA6FA6EFEFC0,0xD,1110,0.172972972973,1,0xB,0x6,0x6,1,1
28,192,3,0x5EF5EA6FA6EFEFC0,0xD,1236,0.155339805825,1,0xD,0x0,0x0,1,1
28,192,4,0x5EF5EA6FA6EFEFC0,0xD,1271,0.151062155783,1,0xA,0x7,0x7,1,1
28,192,5,0x5EF5EA6FA6EFEFC0,0xD,1052,0.182509505703,1,0x5,0x8,0x8,1,1
28,192,6,0x5EF5EA6FA6EFEFC0,0xD,1163,0.165090283749,1,0xF,0x2,0x2,1,1
28,192,7,0x5EF5EA6FA6EFEFC0,0xD,1120,0.171428571429,1,0x8,0x5,0x5,1,1
28,256,0,0x5EF5EA6FA6EFEFC0,0xD,1473,0.173794976239,1,0xA,0x7,0x7,1,1
28,256,1,0x5EF5EA6FA6EFEFC0,0xD,1578,0.162230671736,1,0x9,0x4,0x4,1,1
28,256,2,0x5EF5EA6FA6EFEFC0,0xD,1419,0.180408738548,1,0xB,0x6,0x6,1,1
28,256,3,0x5EF5EA6FA6EFEFC0,0xD,1650,0.155151515152,1,0xD,0x0,0x0,1,1
28,256,4,0x5EF5EA6FA6EFEFC0,0xD,1584,0.161616161616,1,0xA,0x7,0x7,1,1
28,256,5,0x5EF5EA6FA6EFEFC0,0xD,1397,0.183249821045,1,0x5,0x8,0x8,1,1
28,256,6,0x5EF5EA6FA6EFEFC0,0xD,1551,0.165054803353,1,0xF,0x2,0x2,1,1
28,256,7,0x5EF5EA6FA6EFEFC0,0xD,1501,0.170552964690,1,0x8,0x5,0x5,1,1
29,16,0,0xAAE7CCECA2A30407,0x6,82,0.195121951220,6,NA,0x0,0x7,0,0
29,16,1,0xAAE7CCECA2A30407,0x6,94,0.170212765957,0,NA,0x0,0x9,0,0
29,16,2,0xAAE7CCECA2A30407,0x6,79,0.202531645570,0,NA,0x0,0xB,0,0
29,16,3,0xAAE7CCECA2A30407,0x6,112,0.142857142857,0,NA,0x0,0x1,0,0
29,16,4,0xAAE7CCECA2A30407,0x6,136,0.117647058824,0,NA,0x0,0x4,0,0
29,16,5,0xAAE7CCECA2A30407,0x6,92,0.173913043478,0,NA,0x0,0xB,0,0
29,16,6,0xAAE7CCECA2A30407,0x6,85,0.188235294118,0,NA,0x0,0x6,0,0
29,16,7,0xAAE7CCECA2A30407,0x6,73,0.219178082192,0,NA,0x0,0x7,0,0
29,24,0,0xAAE7CCECA2A30407,0x6,124,0.193548387097,5,NA,0x0,0x7,0,0
29,24,1,0xAAE7CCECA2A30407,0x6,147,0.163265306122,0,NA,0x0,0x9,0,0
29,24,2,0xAAE7CCECA2A30407,0x6,126,0.190476190476,0,NA,0x0,0xB,0,0
29,24,3,0xAAE7CCECA2A30407,0x6,174,0.137931034483,0,NA,0x0,0x1,0,0
29,24,4,0xAAE7CCECA2A30407,0x6,182,0.131868131868,0,NA,0x0,0x4,0,0
29,24,5,0xAAE7CCECA2A30407,0x6,177,0.135593220339,0,NA,0x0,0xB,0,0
29,24,6,0xAAE7CCECA2A30407,0x6,120,0.200000000000,0,NA,0x0,0x6,0,0
29,24,7,0xAAE7CCECA2A30407,0x6,164,0.146341463415,0,NA,0x0,0x7,0,0
29,32,0,0xAAE7CCECA2A30407,0x6,177,0.180790960452,3,NA,0x0,0x7,0,0
29,32,1,0xAAE7CCECA2A30407,0x6,229,0.139737991266,0,NA,0x0,0x9,0,0
29,32,2,0xAAE7CCECA2A30407,0x6,215,0.148837209302,0,NA,0x0,0xB,0,0
29,32,3,0xAAE7CCECA2A30407,0x6,203,0.157635467980,0,NA,0x0,0x1,0,0
29,32,4,0xAAE7CCECA2A30407,0x6,209,0.153110047847,0,NA,0x0,0x4,0,0
29,32,5,0xAAE7CCECA2A30407,0x6,238,0.134453781513,0,NA,0x0,0xB,0,0
29,32,6,0xAAE7CCECA2A30407,0x6,178,0.179775280899,0,NA,0x0,0x6,0,0
29,32,7,0xAAE7CCECA2A30407,0x6,215,0.148837209302,0,NA,0x0,0x7,0,0
29,40,0,0xAAE7CCECA2A30407,0x6,227,0.176211453744,3,NA,0x0,0x7,0,0
29,40,1,0xAAE7CCECA2A30407,0x6,263,0.152091254753,0,NA,0x0,0x9,0,0
29,40,2,0xAAE7CCECA2A30407,0x6,286,0.139860139860,0,NA,0x0,0xB,0,0
29,40,3,0xAAE7CCECA2A30407,0x6,270,0.148148148148,0,NA,0x0,0x1,0,0
29,40,4,0xAAE7CCECA2A30407,0x6,240,0.166666666667,0,NA,0x0,0x4,0,0
29,40,5,0xAAE7CCECA2A30407,0x6,268,0.149253731343,0,NA,0x0,0xB,0,0
29,40,6,0xAAE7CCECA2A30407,0x6,221,0.180995475113,0,NA,0x0,0x6,0,0
29,40,7,0xAAE7CCECA2A30407,0x6,249,0.160642570281,0,NA,0x0,0x7,0,0
29,48,0,0xAAE7CCECA2A30407,0x6,265,0.181132075472,2,NA,0x0,0x7,0,0
29,48,1,0xAAE7CCECA2A30407,0x6,334,0.143712574850,0,NA,0x0,0x9,0,0
29,48,2,0xAAE7CCECA2A30407,0x6,323,0.148606811146,0,NA,0x0,0xB,0,0
29,48,3,0xAAE7CCECA2A30407,0x6,316,0.151898734177,0,NA,0x0,0x1,0,0
29,48,4,0xAAE7CCECA2A30407,0x6,305,0.157377049180,0,NA,0x0,0x4,0,0
29,48,5,0xAAE7CCECA2A30407,0x6,332,0.144578313253,0,NA,0x0,0xB,0,0
29,48,6,0xAAE7CCECA2A30407,0x6,269,0.178438661710,0,NA,0x0,0x6,0,0
29,48,7,0xAAE7CCECA2A30407,0x6,306,0.156862745098,0,NA,0x0,0x7,0,0
29,56,0,0xAAE7CCECA2A30407,0x6,324,0.172839506173,2,NA,0x0,0x7,0,0
29,56,1,0xAAE7CCECA2A30407,0x6,373,0.150134048257,0,NA,0x0,0x9,0,0
29,56,2,0xAAE7CCECA2A30407,0x6,363,0.154269972452,0,NA,0x0,0xB,0,0
29,56,3,0xAAE7CCECA2A30407,0x6,345,0.162318840580,0,NA,0x0,0x1,0,0
29,56,4,0xAAE7CCECA2A30407,0x6,343,0.163265306122,0,NA,0x0,0x4,0,0
29,56,5,0xAAE7CCECA2A30407,0x6,367,0.152588555858,0,NA,0x0,0xB,0,0
29,56,6,0xAAE7CCECA2A30407,0x6,340,0.164705882353,0,NA,0x0,0x6,0,0
29,56,7,0xAAE7CCECA2A30407,0x6,350,0.160000000000,0,NA,0x0,0x7,0,0
29,64,0,0xAAE7CCECA2A30407,0x6,397,0.161209068010,2,NA,0x0,0x7,0,0
29,64,1,0xAAE7CCECA2A30407,0x6,417,0.153477218225,0,NA,0x0,0x9,0,0
29,64,2,0xAAE7CCECA2A30407,0x6,391,0.163682864450,0,NA,0x0,0xB,0,0
29,64,3,0xAAE7CCECA2A30407,0x6,392,0.163265306122,0,NA,0x0,0x1,0,0
29,64,4,0xAAE7CCECA2A30407,0x6,369,0.173441734417,0,NA,0x0,0x4,0,0
29,64,5,0xAAE7CCECA2A30407,0x6,404,0.158415841584,0,NA,0x0,0xB,0,0
29,64,6,0xAAE7CCECA2A30407,0x6,396,0.161616161616,0,NA,0x0,0x6,0,0
29,64,7,0xAAE7CCECA2A30407,0x6,397,0.161209068010,0,NA,0x0,0x7,0,0
29,72,0,0xAAE7CCECA2A30407,0x6,446,0.161434977578,1,0x1,0x7,0x7,1,1
29,72,1,0xAAE7CCECA2A30407,0x6,486,0.148148148148,1,0xF,0x9,0x9,1,1
29,72,2,0xAAE7CCECA2A30407,0x6,426,0.169014084507,1,0xD,0xB,0xB,1,1
29,72,3,0xAAE7CCECA2A30407,0x6,504,0.142857142857,1,0x7,0x1,0x1,1,1
29,72,4,0xAAE7CCECA2A30407,0x6,413,0.174334140436,1,0x2,0x4,0x4,1,1
29,72,5,0xAAE7CCECA2A30407,0x6,482,0.149377593361,2,NA,0x0,0xB,0,0
29,72,6,0xAAE7CCECA2A30407,0x6,449,0.160356347439,0,NA,0x0,0x6,0,0
29,72,7,0xAAE7CCECA2A30407,0x6,456,0.157894736842,0,NA,0x0,0x7,0,0
29,80,0,0xAAE7CCECA2A30407,0x6,499,0.160320641283,1,0x1,0x7,0x7,1,1
29,80,1,0xAAE7CCECA2A30407,0x6,542,0.147601476015,1,0xF,0x9,0x9,1,1
29,80,2,0xAAE7CCECA2A30407,0x6,458,0.174672489083,1,0xD,0xB,0xB,1,1
29,80,3,0xAAE7CCECA2A30407,0x6,574,0.139372822300,1,0x7,0x1,0x1,1,1
29,80,4,0xAAE7CCECA2A30407,0x6,450,0.177777777778,1,0x2,0x4,0x4,1,1
29,80,5,0xAAE7CCECA2A30407,0x6,506,0.158102766798,2,NA,0x0,0xB,0,0
29,80,6,0xAAE7CCECA2A30407,0x6,485,0.164948453608,0,NA,0x0,0x6,0,0
29,80,7,0xAAE7CCECA2A30407,0x6,496,0.161290322581,0,NA,0x0,0x7,0,0
29,96,0,0xAAE7CCECA2A30407,0x6,582,0.164948453608,1,0x1,0x7,0x7,1,1
29,96,1,0xAAE7CCECA2A30407,0x6,631,0.152139461173,1,0xF,0x9,0x9,1,1
29,96,2,0xAAE7CCECA2A30407,0x6,588,0.163265306122,1,0xD,0xB,0xB,1,1
29,96,3,0xAAE7CCECA2A30407,0x6,647,0.148377125193,1,0x7,0x1,0x1,1,1
29,96,4,0xAAE7CCECA2A30407,0x6,590,0.162711864407,1,0x2,0x4,0x4,1,1
29,96,5,0xAAE7CCECA2A30407,0x6,600,0.160000000000,2,NA,0x0,0xB,0,0
29,96,6,0xAAE7CCECA2A30407,0x6,586,0.163822525597,0,NA,0x0,0x6,0,0
29,96,7,0xAAE7CCECA2A30407,0x6,593,0.161888701518,0,NA,0x0,0x7,0,0
29,112,0,0xAAE7CCECA2A30407,0x6,689,0.162554426705,1,0x1,0x7,0x7,1,1
29,112,1,0xAAE7CCECA2A30407,0x6,759,0.147562582345,1,0xF,0x9,0x9,1,1
29,112,2,0xAAE7CCECA2A30407,0x6,690,0.162318840580,1,0xD,0xB,0xB,1,1
29,112,3,0xAAE7CCECA2A30407,0x6,742,0.150943396226,1,0x7,0x1,0x1,1,1
29,112,4,0xAAE7CCECA2A30407,0x6,709,0.157968970381,1,0x2,0x4,0x4,1,1
29,112,5,0xAAE7CCECA2A30407,0x6,692,0.161849710983,1,0xD,0xB,0xB,1,1
29,112,6,0xAAE7CCECA2A30407,0x6,685,0.163503649635,1,0x0,0x6,0x6,1,1
29,112,7,0xAAE7CCECA2A30407,0x6,684,0.163742690058,1,0x1,0x7,0x7,1,1
29,128,0,0xAAE7CCECA2A30407,0x6,795,0.161006289308,1,0x1,0x7,0x7,1,1
29,128,1,0xAAE7CCECA2A30407,0x6,845,0.151479289941,1,0xF,0x9,0x9,1,1
29,128,2,0xAAE7CCECA2A30407,0x6,811,0.157829839704,1,0xD,0xB,0xB,1,1
29,128,3,0xAAE7CCECA2A30407,0x6,814,0.157248157248,1,0x7,0x1,0x1,1,1
29,128,4,0xAAE7CCECA2A30407,0x6,825,0.155151515152,1,0x2,0x4,0x4,1,1
29,128,5,0xAAE7CCECA2A30407,0x6,772,0.165803108808,1,0xD,0xB,0xB,1,1
29,128,6,0xAAE7CCECA2A30407,0x6,763,0.167758846658,1,0x0,0x6,0x6,1,1
29,128,7,0xAAE7CCECA2A30407,0x6,802,0.159600997506,1,0x1,0x7,0x7,1,1
29,160,0,0xAAE7CCECA2A30407,0x6,967,0.165460186143,1,0x1,0x7,0x7,1,1
29,160,1,0xAAE7CCECA2A30407,0x6,1031,0.155189136760,1,0xF,0x9,0x9,1,1
29,160,2,0xAAE7CCECA2A30407,0x6,1043,0.153403643337,1,0xD,0xB,0xB,1,1
29,160,3,0xAAE7CCECA2A30407,0x6,1005,0.159203980100,1,0x7,0x1,0x1,1,1
29,160,4,0xAAE7CCECA2A30407,0x6,982,0.162932790224,1,0x2,0x4,0x4,1,1
29,160,5,0xAAE7CCECA2A30407,0x6,953,0.167890870934,1,0xD,0xB,0xB,1,1
29,160,6,0xAAE7CCECA2A30407,0x6,980,0.163265306122,1,0x0,0x6,0x6,1,1
29,160,7,0xAAE7CCECA2A30407,0x6,992,0.161290322581,1,0x1,0x7,0x7,1,1
29,192,0,0xAAE7CCECA2A30407,0x6,1169,0.164242942686,1,0x1,0x7,0x7,1,1
29,192,1,0xAAE7CCECA2A30407,0x6,1256,0.152866242038,1,0xF,0x9,0x9,1,1
29,192,2,0xAAE7CCECA2A30407,0x6,1258,0.152623211447,1,0xD,0xB,0xB,1,1
29,192,3,0xAAE7CCECA2A30407,0x6,1193,0.160938809723,1,0x7,0x1,0x1,1,1
29,192,4,0xAAE7CCECA2A30407,0x6,1187,0.161752316765,1,0x2,0x4,0x4,1,1
29,192,5,0xAAE7CCECA2A30407,0x6,1102,0.174228675136,1,0xD,0xB,0xB,1,1
29,192,6,0xAAE7CCECA2A30407,0x6,1160,0.165517241379,1,0x0,0x6,0x6,1,1
29,192,7,0xAAE7CCECA2A30407,0x6,1160,0.165517241379,1,0x1,0x7,0x7,1,1
29,256,0,0xAAE7CCECA2A30407,0x6,1650,0.155151515152,1,0x1,0x7,0x7,1,1
29,256,1,0xAAE7CCECA2A30407,0x6,1685,0.151928783383,1,0xF,0x9,0x9,1,1
29,256,2,0xAAE7CCECA2A30407,0x6,1593,0.160703075957,1,0xD,0xB,0xB,1,1
29,256,3,0xAAE7CCECA2A30407,0x6,1583,0.161718256475,1,0x7,0x1,0x1,1,1
29,256,4,0xAAE7CCECA2A30407,0x6,1510,0.169536423841,1,0x2,0x4,0x4,1,1
29,256,5,0xAAE7CCECA2A30407,0x6,1520,0.168421052632,1,0xD,0xB,0xB,1,1
29,256,6,0xAAE7CCECA2A30407,0x6,1497,0.171008684035,1,0x0,0x6,0x6,1,1
29,256,7,0xAAE7CCECA2A30407,0x6,1580,0.162025316456,1,0x1,0x7,0x7,1,1
30,16,0,0x99144F4620E7FD6B,0x5,82,0.195121951220,7,NA,0x0,0x0,0,0
30,16,1,0x99144F4620E7FD6B,0x5,111,0.144144144144,0,NA,0x0,0x7,0,0
30,16,2,0x99144F4620E7FD6B,0x5,97,0.164948453608,0,NA,0x0,0x4,0,0
30,16,3,0x99144F4620E7FD6B,0x5,90,0.177777777778,0,NA,0x0,0xC,0,0
30,16,4,0x99144F4620E7FD6B,0x5,109,0.146788990826,0,NA,0x0,0xC,0,0
30,16,5,0x99144F4620E7FD6B,0x5,110,0.145454545455,0,NA,0x0,0x7,0,0
30,16,6,0x99144F4620E7FD6B,0x5,117,0.136752136752,0,NA,0x0,0x9,0,0
30,16,7,0x99144F4620E7FD6B,0x5,114,0.140350877193,0,NA,0x0,0x4,0,0
30,24,0,0x99144F4620E7FD6B,0x5,124,0.193548387097,5,NA,0x0,0x0,0,0
30,24,1,0x99144F4620E7FD6B,0x5,160,0.150000000000,0,NA,0x0,0x7,0,0
30,24,2,0x99144F4620E7FD6B,0x5,137,0.175182481752,0,NA,0x0,0x4,0,0
30,24,3,0x99144F4620E7FD6B,0x5,139,0.172661870504,0,NA,0x0,0xC,0,0
30,24,4,0x99144F4620E7FD6B,0x5,171,0.140350877193,0,NA,0x0,0xC,0,0
30,24,5,0x99144F4620E7FD6B,0x5,154,0.155844155844,0,NA,0x0,0x7,0,0
30,24,6,0x99144F4620E7FD6B,0x5,159,0.150943396226,0,NA,0x0,0x9,0,0
30,24,7,0x99144F4620E7FD6B,0x5,188,0.127659574468,0,NA,0x0,0x4,0,0
30,32,0,0x99144F4620E7FD6B,0x5,164,0.195121951220,3,NA,0x0,0x0,0,0
30,32,1,0x99144F4620E7FD6B,0x5,228,0.140350877193,0,NA,0x0,0x7,0,0
30,32,2,0x99144F4620E7FD6B,0x5,193,0.165803108808,0,NA,0x0,0x4,0,0
30,32,3,0x99144F4620E7FD6B,0x5,190,0.168421052632,0,NA,0x0,0xC,0,0
30,32,4,0x99144F4620E7FD6B,0x5,221,0.144796380090,0,NA,0x0,0xC,0,0
30,32,5,0x99144F4620E7FD6B,0x5,192,0.166666666667,0,NA,0x0,0x7,0,0
30,32,6,0x99144F4620E7FD6B,0x5,185,0.172972972973,0,NA,0x0,0x9,0,0
30,32,7,0x99144F4620E7FD6B,0x5,234,0.136752136752,0,NA,0x0,0x4,0,0
30,40,0,0x99144F4620E7FD6B,0x5,235,0.170212765957,3,NA,0x0,0x0,0,0
30,40,1,0x99144F4620E7FD6B,0x5,294,0.136054421769,0,NA,0x0,0x7,0,0
30,40,2,0x99144F4620E7FD6B,0x5,216,0.185185185185,0,NA,0x0,0x4,0,0
30,40,3,0x99144F4620E7FD6B,0x5,261,0.153256704981,0,NA,0x0,0xC,0,0
30,40,4,0x99144F4620E7FD6B,0x5,273,0.146520146520,0,NA,0x0,0xC,0,0
30,40,5,0x99144F4620E7FD6B,0x5,250,0.160000000000,0,NA,0x0,0x7,0,0
30,40,6,0x99144F4620E7FD6B,0x5,256,0.156250000000,0,NA,0x0,0x9,0,0
30,40,7,0x99144F4620E7FD6B,0x5,280,0.142857142857,0,NA,0x0,0x4,0,0
30,48,0,0x99144F4620E7FD6B,0x5,274,0.175182481752,2,NA,0x0,0x0,0,0
30,48,1,0x99144F4620E7FD6B,0x5,349,0.137535816619,0,NA,0x0,0x7,0,0
30,48,2,0x99144F4620E7FD6B,0x5,269,0.178438661710,0,NA,0x0,0x4,0,0
30,48,3,0x99144F4620E7FD6B,0x5,303,0.158415841584,0,NA,0x0,0xC,0,0
30,48,4,0x99144F4620E7FD6B,0x5,299,0.160535117057,0,NA,0x0,0xC,0,0
30,48,5,0x99144F4620E7FD6B,0x5,291,0.164948453608,0,NA,0x0,0x7,0,0
30,48,6,0x99144F4620E7FD6B,0x5,292,0.164383561644,0,NA,0x0,0x9,0,0
30,48,7,0x99144F4620E7FD6B,0x5,330,0.145454545455,0,NA,0x0,0x4,0,0
30,56,0,0x99144F4620E7FD6B,0x5,344,0.162790697674,1,0x5,0x0,0x0,1,1
30,56,1,0x99144F4620E7FD6B,0x5,399,0.140350877193,1,0x2,0x7,0x7,1,1
30,56,2,0x99144F4620E7FD6B,0x5,312,0.179487179487,1,0x1,0x4,0x4,1,1
30,56,3,0x99144F4620E7FD6B,0x5,347,0.161383285303,1,0x9,0xC,0xC,1,1
30,56,4,0x99144F4620E7FD6B,0x5,334,0.167664670659,1,0x9,0xC,0xC,1,1
30,56,5,0x99144F4620E7FD6B,0x5,355,0.157746478873,2,NA,0x0,0x7,0,0
30,56,6,0x99144F4620E7FD6B,0x5,353,0.158640226629,0,NA,0x0,0x9,0,0
30,56,7,0x99144F4620E7FD6B,0x5,369,0.151761517615,0,NA,0x0,0x4,0,0
30,64,0,0x99144F4620E7FD6B,0x5,392,0.163265306122,1,0x5,0x0,0x0,1,1
30,64,1,0x99144F4620E7FD6B,0x5,456,0.140350877193,1,0x2,0x7,0x7,1,1
30,64,2,0x99144F4620E7FD6B,0x5,351,0.182336182336,1,0x1,0x4,0x4,1,1
30,64,3,0x99144F4620E7FD6B,0x5,382,0.167539267016,1,0x9,0xC,0xC,1,1
30,64,4,0x99144F4620E7FD6B,0x5,364,0.175824175824,1,0x9,0xC,0xC,1,1
30,64,5,0x99144F4620E7FD6B,0x5,393,0.162849872774,2,NA,0x0,0x7,0,0
30,64,6,0x99144F4620E7FD6B,0x5,393,0.162849872774,0,NA,0x0,0x9,0,0
30,64,7,0x99144F4620E7FD6B,0x5,413,0.154963680387,0,NA,0x0,0x4,0,0
30,72,0,0x99144F4620E7FD6B,0x5,436,0.165137614679,1,0x5,0x0,0x0,1,1
30,72,1,0x99144F4620E7FD6B,0x5,515,0.139805825243,1,0x2,0x7,0x7,1,1
30,72,2,0x99144F4620E7FD6B,0x5,389,0.185089974293,1,0x1,0x4,0x4,1,1
30,72,3,0x99144F4620E7FD6B,0x5,408,0.176470588235,1,0x9,0xC,0xC,1,1
30,72,4,0x99144F4620E7FD6B,0x5,425,0.169411764706,1,0x9,0xC,0xC,1,1
30,72,5,0x99144F4620E7FD6B,0x5,427,0.168618266979,2,NA,0x0,0x7,0,0
30,72,6,0x99144F4620E7FD6B,0x5,436,0.165137614679,0,NA,0x0,0x9,0,0
30,72,7,0x99144F4620E7FD6B,0x5,461,0.156182212581,0,NA,0x0,0x4,0,0
30,80,0,0x99144F4620E7FD6B,0x5,464,0.172413793103,1,0x5,0x0,0x0,1,1
30,80,1,0x99144F4620E7FD6B,0x5,556,0.143884892086,1,0x2,0x7,0x7,1,1
30,80,2,0x99144F4620E7FD6B,0x5,448,0.178571428571,1,0x1,0x4,0x4,1,1
30,80,3,0x99144F4620E7FD6B,0x5,473,0.169133192389,1,0x9,0xC,0xC,1,1
30,80,4,0x99144F4620E7FD6B,0x5,467,0.171306209850,1,0x9,0xC,0xC,1,1
30,80,5,0x99144F4620E7FD6B,0x5,474,0.168776371308,2,NA,0x0,0x7,0,0
30,80,6,0x99144F4620E7FD6B,0x5,486,0.164609053498,0,NA,0x0,0x9,0,0
30,80,7,0x99144F4620E7FD6B,0x5,515,0.155339805825,0,NA,0x0,0x4,0,0
30,96,0,0x99144F4620E7FD6B,0x5,538,0.178438661710,1,0x5,0x0,0x0,1,1
30,96,1,0x99144F4620E7FD6B,0x5,674,0.142433234421,1,0x2,0x7,0x7,1,1
30,96,2,0x99144F4620E7FD6B,0x5,543,0.176795580110,1,0x1,0x4,0x4,1,1
30,96,3,0x99144F4620E7FD6B,0x5,567,0.169312169312,1,0x9,0xC,0xC,1,1
30,96,4,0x99144F4620E7FD6B,0x5,575,0.166956521739,1,0x9,0xC,0xC,1,1
30,96,5,0x99144F4620E7FD6B,0x5,547,0.175502742230,1,0x2,0x7,0x7,1,1
30,96,6,0x99144F4620E7FD6B,0x5,563,0.170515097691,1,0xC,0x9,0x9,1,1
30,96,7,0x99144F4620E7FD6B,0x5,578,0.166089965398,1,0x1,0x4,0x4,1,1
30,112,0,0x99144F4620E7FD6B,0x5,615,0.182113821138,1,0x5,0x0,0x0,1,1
30,112,1,0x99144F4620E7FD6B,0x5,788,0.142131979695,1,0x2,0x7,0x7,1,1
30,112,2,0x99144F4620E7FD6B,0x5,606,0.184818481848,1,0x1,0x4,0x4,1,1
30,112,3,0x99144F4620E7FD6B,0x5,671,0.166915052161,1,0x9,0xC,0xC,1,1
30,112,4,0x99144F4620E7FD6B,0x5,681,0.164464023495,1,0x9,0xC,0xC,1,1
30,112,5,0x99144F4620E7FD6B,0x5,684,0.163742690058,1,0x2,0x7,0x7,1,1
30,112,6,0x99144F4620E7FD6B,0x5,644,0.173913043478,1,0xC,0x9,0x9,1,1
30,112,7,0x99144F4620E7FD6B,0x5,706,0.158640226629,1,0x1,0x4,0x4,1,1
30,128,0,0x99144F4620E7FD6B,0x5,737,0.173677069199,1,0x5,0x0,0x0,1,1
30,128,1,0x99144F4620E7FD6B,0x5,868,0.147465437788,1,0x2,0x7,0x7,1,1
30,128,2,0x99144F4620E7FD6B,0x5,709,0.180535966150,1,0x1,0x4,0x4,1,1
30,128,3,0x99144F4620E7FD6B,0x5,734,0.174386920981,1,0x9,0xC,0xC,1,1
30,128,4,0x99144F4620E7FD6B,0x5,804,0.159203980100,1,0x9,0xC,0xC,1,1
30,128,5,0x99144F4620E7FD6B,0x5,790,0.162025316456,1,0x2,0x7,0x7,1,1
30,128,6,0x99144F4620E7FD6B,0x5,756,0.169312169312,1,0xC,0x9,0x9,1,1
30,128,7,0x99144F4620E7FD6B,0x5,792,0.161616161616,1,0x1,0x4,0x4,1,1
30,160,0,0x99144F4620E7FD6B,0x5,905,0.176795580110,1,0x5,0x0,0x0,1,1
30,160,1,0x99144F4620E7FD6B,0x5,1029,0.155490767736,1,0x2,0x7,0x7,1,1
30,160,2,0x99144F4620E7FD6B,0x5,889,0.179977502812,1,0x1,0x4,0x4,1,1
30,160,3,0x99144F4620E7FD6B,0x5,921,0.173724212812,1,0x9,0xC,0xC,1,1
30,160,4,0x99144F4620E7FD6B,0x5,1008,0.158730158730,1,0x9,0xC,0xC,1,1
30,160,5,0x99144F4620E7FD6B,0x5,1028,0.155642023346,1,0x2,0x7,0x7,1,1
30,160,6,0x99144F4620E7FD6B,0x5,954,0.167714884696,1,0xC,0x9,0x9,1,1
30,160,7,0x99144F4620E7FD6B,0x5,928,0.172413793103,1,0x1,0x4,0x4,1,1
30,192,0,0x99144F4620E7FD6B,0x5,1106,0.173598553345,1,0x5,0x0,0x0,1,1
30,192,1,0x99144F4620E7FD6B,0x5,1202,0.159733777038,1,0x2,0x7,0x7,1,1
30,192,2,0x99144F4620E7FD6B,0x5,1098,0.174863387978,1,0x1,0x4,0x4,1,1
30,192,3,0x99144F4620E7FD6B,0x5,1127,0.170363797693,1,0x9,0xC,0xC,1,1
30,192,4,0x99144F4620E7FD6B,0x5,1213,0.158285243199,1,0x9,0xC,0xC,1,1
30,192,5,0x99144F4620E7FD6B,0x5,1249,0.153722978383,1,0x2,0x7,0x7,1,1
30,192,6,0x99144F4620E7FD6B,0x5,1174,0.163543441227,1,0xC,0x9,0x9,1,1
30,192,7,0x99144F4620E7FD6B,0x5,1113,0.172506738544,1,0x1,0x4,0x4,1,1
30,256,0,0x99144F4620E7FD6B,0x5,1513,0.169200264375,1,0x5,0x0,0x0,1,1
30,256,1,0x99144F4620E7FD6B,0x5,1665,0.153753753754,1,0x2,0x7,0x7,1,1
30,256,2,0x99144F4620E7FD6B,0x5,1462,0.175102599179,1,0x1,0x4,0x4,1,1
30,256,3,0x99144F4620E7FD6B,0x5,1580,0.162025316456,1,0x9,0xC,0xC,1,1
30,256,4,0x99144F4620E7FD6B,0x5,1612,0.158808933002,1,0x9,0xC,0xC,1,1
30,256,5,0x99144F4620E7FD6B,0x5,1672,0.153110047847,1,0x2,0x7,0x7,1,1
30,256,6,0x99144F4620E7FD6B,0x5,1511,0.169424222369,1,0xC,0x9,0x9,1,1
30,256,7,0x99144F4620E7FD6B,0x5,1514,0.169088507266,1,0x1,0x4,0x4,1,1
31,16,0,0x8C312E6DD0C33A8E,0x1,87,0.183908045977,5,NA,0x0,0xF,0,0
31,16,1,0x8C312E6DD0C33A8E,0x1,111,0.144144144144,0,NA,0x0,0xF,0,0
31,16,2,0x8C312E6DD0C33A8E,0x1,96,0.166666666667,0,NA,0x0,0xD,0,0
31,16,3,0x8C312E6DD0C33A8E,0x1,62,0.258064516129,0,NA,0x0,0xD,0,0
31,16,4,0x8C312E6DD0C33A8E,0x1,95,0.168421052632,0,NA,0x0,0x0,0,0
31,16,5,0x8C312E6DD0C33A8E,0x1,98,0.163265306122,0,NA,0x0,0x6,0,0
31,16,6,0x8C312E6DD0C33A8E,0x1,133,0.120300751880,0,NA,0x0,0xD,0,0
31,16,7,0x8C312E6DD0C33A8E,0x1,49,0.326530612245,0,NA,0x0,0x8,0,0
31,24,0,0x8C312E6DD0C33A8E,0x1,167,0.143712574850,5,NA,0x0,0xF,0,0
31,24,1,0x8C312E6DD0C33A8E,0x1,138,0.173913043478,0,NA,0x0,0xF,0,0
31,24,2,0x8C312E6DD0C33A8E,0x1,157,0.152866242038,0,NA,0x0,0xD,0,0
31,24,3,0x8C312E6DD0C33A8E,0x1,102,0.235294117647,0,NA,0x0,0xD,0,0
31,24,4,0x8C312E6DD0C33A8E,0x1,143,0.167832167832,0,NA,0x0,0x0,0,0
31,24,5,0x8C312E6DD0C33A8E,0x1,145,0.165517241379,0,NA,0x0,0x6,0,0
31,24,6,0x8C312E6DD0C33A8E,0x1,210,0.114285714286,0,NA,0x0,0xD,0,0
31,24,7,0x8C312E6DD0C33A8E,0x1,172,0.139534883721,0,NA,0x0,0x8,0,0
31,32,0,0x8C312E6DD0C33A8E,0x1,223,0.143497757848,4,NA,0x0,0xF,0,0
31,32,1,0x8C312E6DD0C33A8E,0x1,180,0.177777777778,0,NA,0x0,0xF,0,0
31,32,2,0x8C312E6DD0C33A8E,0x1,227,0.140969162996,0,NA,0x0,0xD,0,0
31,32,3,0x8C312E6DD0C33A8E,0x1,144,0.222222222222,0,NA,0x0,0xD,0,0
31,32,4,0x8C312E6DD0C33A8E,0x1,206,0.155339805825,0,NA,0x0,0x0,0,0
31,32,5,0x8C312E6DD0C33A8E,0x1,194,0.164948453608,0,NA,0x0,0x6,0,0
31,32,6,0x8C312E6DD0C33A8E,0x1,275,0.116363636364,0,NA,0x0,0xD,0,0
31,32,7,0x8C312E6DD0C33A8E,0x1,223,0.143497757848,0,NA,0x0,0x8,0,0
31,40,0,0x8C312E6DD0C33A8E,0x1,309,0.129449838188,4,NA,0x0,0xF,0,0
31,40,1,0x8C312E6DD0C33A8E,0x1,229,0.174672489083,0,NA,0x0,0xF,0,0
31,40,2,0x8C312E6DD0C33A8E,0x1,287,0.139372822300,0,NA,0x0,0xD,0,0
31,40,3,0x8C312E6DD0C33A8E,0x1,172,0.232558139535,0,NA,0x0,0xD,0,0
31,40,4,0x8C312E6DD0C33A8E,0x1,268,0.149253731343,0,NA,0x0,0x0,0,0
31,40,5,0x8C312E6DD0C33A8E,0x1,257,0.155642023346,0,NA,0x0,0x6,0,0
31,40,6,0x8C312E6DD0C33A8E,0x1,320,0.125000000000,0,NA,0x0,0xD,0,0
31,40,7,0x8C312E6DD0C33A8E,0x1,274,0.145985401460,0,NA,0x0,0x8,0,0
31,48,0,0x8C312E6DD0C33A8E,0x1,361,0.132963988920,3,NA,0x0,0xF,0,0
31,48,1,0x8C312E6DD0C33A8E,0x1,262,0.183206106870,0,NA,0x0,0xF,0,0
31,48,2,0x8C312E6DD0C33A8E,0x1,328,0.146341463415,0,NA,0x0,0xD,0,0
31,48,3,0x8C312E6DD0C33A8E,0x1,224,0.214285714286,0,NA,0x0,0xD,0,0
31,48,4,0x8C312E6DD0C33A8E,0x1,298,0.161073825503,0,NA,0x0,0x0,0,0
31,48,5,0x8C312E6DD0C33A8E,0x1,302,0.158940397351,0,NA,0x0,0x6,0,0
31,48,6,0x8C312E6DD0C33A8E,0x1,397,0.120906801008,0,NA,0x0,0xD,0,0
31,48,7,0x8C312E6DD0C33A8E,0x1,303,0.158415841584,0,NA,0x0,0x8,0,0
31,56,0,0x8C312E6DD0C33A8E,0x1,414,0.135265700483,3,NA,0x0,0xF,0,0
31,56,1,0x8C312E6DD0C33A8E,0x1,364,0.153846153846,0,NA,0x0,0xF,0,0
31,56,2,0x8C312E6DD0C33A8E,0x1,358,0.156424581006,0,NA,0x0,0xD,0,0
31,56,3,0x8C312E6DD0C33A8E,0x1,270,0.207407407407,0,NA,0x0,0xD,0,0
31,56,4,0x8C312E6DD0C33A8E,0x1,362,0.154696132597,0,NA,0x0,0x0,0,0
31,56,5,0x8C312E6DD0C33A8E,0x1,369,0.151761517615,0,NA,0x0,0x6,0,0
31,56,6,0x8C312E6DD0C33A8E,0x1,482,0.116182572614,0,NA,0x0,0xD,0,0
31,56,7,0x8C312E6DD0C33A8E,0x1,345,0.162318840580,0,NA,0x0,0x8,0,0
31,64,0,0x8C312E6DD0C33A8E,0x1,468,0.136752136752,3,NA,0x0,0xF,0,0
31,64,1,0x8C312E6DD0C33A8E,0x1,406,0.157635467980,0,NA,0x0,0xF,0,0
31,64,2,0x8C312E6DD0C33A8E,0x1,421,0.152019002375,0,NA,0x0,0xD,0,0
31,64,3,0x8C312E6DD0C33A8E,0x1,323,0.198142414861,0,NA,0x0,0xD,0,0
31,64,4,0x8C312E6DD0C33A8E,0x1,428,0.149532710280,0,NA,0x0,0x0,0,0
31,64,5,0x8C312E6DD0C33A8E,0x1,406,0.157635467980,0,NA,0x0,0x6,0,0
31,64,6,0x8C312E6DD0C33A8E,0x1,504,0.126984126984,0,NA,0x0,0xD,0,0
31,64,7,0x8C312E6DD0C33A8E,0x1,400,0.160000000000,0,NA,0x0,0x8,0,0
31,72,0,0x8C312E6DD0C33A8E,0x1,509,0.141453831041,1,0xE,0xF,0xF,1,1
31,72,1,0x8C312E6DD0C33A8E,0x1,470,0.153191489362,1,0xE,0xF,0xF,1,1
31,72,2,0x8C312E6DD0C33A8E,0x1,503,0.143141153082,2,NA,0x0,0xD,0,0
31,72,3,0x8C312E6DD0C33A8E,0x1,352,0.204545454545,0,NA,0x0,0xD,0,0
31,72,4,0x8C312E6DD0C33A8E,0x1,469,0.153518123667,0,NA,0x0,0x0,0,0
31,72,5,0x8C312E6DD0C33A8E,0x1,441,0.163265306122,0,NA,0x0,0x6,0,0
31,72,6,0x8C312E6DD0C33A8E,0x1,536,0.134328358209,0,NA,0x0,0xD,0,0
31,72,7,0x8C312E6DD0C33A8E,0x1,444,0.162162162162,0,NA,0x0,0x8,0,0
31,80,0,0x8C312E6DD0C33A8E,0x1,544,0.147058823529,1,0xE,0xF,0xF,1,1
31,80,1,0x8C312E6DD0C33A8E,0x1,540,0.148148148148,1,0xE,0xF,0xF,1,1
31,80,2,0x8C312E6DD0C33A8E,0x1,529,0.151228733459,1,0xC,0xD,0xD,1,1
31,80,3,0x8C312E6DD0C33A8E,0x1,419,0.190930787589,1,0xC,0xD,0xD,1,1
31,80,4,0x8C312E6DD0C33A8E,0x1,496,0.161290322581,1,0x1,0x0,0x0,1,1
31,80,5,0x8C312E6DD0C33A8E,0x1,555,0.144144144144,1,0x7,0x6,0x6,1,1
31,80,6,0x8C312E6DD0C33A8E,0x1,577,0.138648180243,1,0xC,0xD,0xD,1,1
31,80,7,0x8C312E6DD0C33A8E,0x1,477,0.167714884696,1,0x9,0x8,0x8,1,1
31,96,0,0x8C312E6DD0C33A8E,0x1,629,0.152623211447,1,0xE,0xF,0xF,1,1
31,96,1,0x8C312E6DD0C33A8E,0x1,669,0.143497757848,1,0xE,0xF,0xF,1,1
31,96,2,0x8C312E6DD0C33A8E,0x1,619,0.155088852989,1,0xC,0xD,0xD,1,1
31,96,3,0x8C312E6DD0C33A8E,0x1,535,0.179439252336,1,0xC,0xD,0xD,1,1
31,96,4,0x8C312E6DD0C33A8E,0x1,598,0.160535117057,1,0x1,0x0,0x0,1,1
31,96,5,0x8C312E6DD0C33A8E,0x1,675,0.142222222222,1,0x7,0x6,0x6,1,1
31,96,6,0x8C312E6DD0C33A8E,0x1,645,0.148837209302,1,0xC,0xD,0xD,1,1
31,96,7,0x8C312E6DD0C33A8E,0x1,608,0.157894736842,1,0x9,0x8,0x8,1,1
31,112,0,0x8C312E6DD0C33A8E,0x1,751,0.149134487350,1,0xE,0xF,0xF,1,1
31,112,1,0x8C312E6DD0C33A8E,0x1,780,0.143589743590,1,0xE,0xF,0xF,1,1
31,112,2,0x8C312E6DD0C33A8E,0x1,723,0.154910096819,1,0xC,0xD,0xD,1,1
31,112,3,0x8C312E6DD0C33A8E,0x1,600,0.186666666667,1,0xC,0xD,0xD,1,1
31,112,4,0x8C312E6DD0C33A8E,0x1,717,0.156206415621,1,0x1,0x0,0x0,1,1
31,112,5,0x8C312E6DD0C33A8E,0x1,856,0.130841121495,1,0x7,0x6,0x6,1,1
31,112,6,0x8C312E6DD0C33A8E,0x1,791,0.141592920354,1,0xC,0xD,0xD,1,1
31,112,7,0x8C312E6DD0C33A8E,0x1,699,0.160228898426,1,0x9,0x8,0x8,1,1
31,128,0,0x8C312E6DD0C33A8E,0x1,816,0.156862745098,1,0xE,0xF,0xF,1,1
31,128,1,0x8C312E6DD0C33A8E,0x1,882,0.145124716553,1,0xE,0xF,0xF,1,1
31,128,2,0x8C312E6DD0C33A8E,0x1,813,0.157441574416,1,0xC,0xD,0xD,1,1
31,128,3,0x8C312E6DD0C33A8E,0x1,689,0.185776487663,1,0xC,0xD,0xD,1,1
31,128,4,0x8C312E6DD0C33A8E,0x1,809,0.158220024722,1,0x1,0x0,0x0,1,1
31,128,5,0x8C312E6DD0C33A8E,0x1,932,0.137339055794,1,0x7,0x6,0x6,1,1
31,128,6,0x8C312E6DD0C33A8E,0x1,866,0.147806004619,1,0xC,0xD,0xD,1,1
31,128,7,0x8C312E6DD0C33A8E,0x1,802,0.159600997506,1,0x9,0x8,0x8,1,1
31,160,0,0x8C312E6DD0C33A8E,0x1,1034,0.154738878143,1,0xE,0xF,0xF,1,1
31,160,1,0x8C312E6DD0C33A8E,0x1,1084,0.147601476015,1,0xE,0xF,0xF,1,1
31,160,2,0x8C312E6DD0C33A8E,0x1,1012,0.158102766798,1,0xC,0xD,0xD,1,1
31,160,3,0x8C312E6DD0C33A8E,0x1,827,0.193470374849,1,0xC,0xD,0xD,1,1
31,160,4,0x8C312E6DD0C33A8E,0x1,984,0.162601626016,1,0x1,0x0,0x0,1,1
31,160,5,0x8C312E6DD0C33A8E,0x1,1130,0.141592920354,1,0x7,0x6,0x6,1,1
31,160,6,0x8C312E6DD0C33A8E,0x1,1058,0.151228733459,1,0xC,0xD,0xD,1,1
31,160,7,0x8C312E6DD0C33A8E,0x1,966,0.165631469979,1,0x9,0x8,0x8,1,1
31,192,0,0x8C312E6DD0C33A8E,0x1,1195,0.160669456067,1,0xE,0xF,0xF,1,1
31,192,1,0x8C312E6DD0C33A8E,0x1,1243,0.154465004023,1,0xE,0xF,0xF,1,1
31,192,2,0x8C312E6DD0C33A8E,0x1,1225,0.156734693878,1,0xC,0xD,0xD,1,1
31,192,3,0x8C312E6DD0C33A8E,0x1,1040,0.184615384615,1,0xC,0xD,0xD,1,1
31,192,4,0x8C312E6DD0C33A8E,0x1,1119,0.171581769437,1,0x1,0x0,0x0,1,1
31,192,5,0x8C312E6DD0C33A8E,0x1,1288,0.149068322981,1,0x7,0x6,0x6,1,1
31,192,6,0x8C312E6DD0C33A8E,0x1,1225,0.156734693878,1,0xC,0xD,0xD,1,1
31,192,7,0x8C312E6DD0C33A8E,0x1,1136,0.169014084507,1,0x9,0x8,0x8,1,1
31,256,0,0x8C312E6DD0C33A8E,0x1,1580,0.162025316456,1,0xE,0xF,0xF,1,1
31,256,1,0x8C312E6DD0C33A8E,0x1,1694,0.151121605667,1,0xE,0xF,0xF,1,1
31,256,2,0x8C312E6DD0C33A8E,0x1,1686,0.151838671412,1,0xC,0xD,0xD,1,1
31,256,3,0x8C312E6DD0C33A8E,0x1,1398,0.183118741059,1,0xC,0xD,0xD,1,1
31,256,4,0x8C312E6DD0C33A8E,0x1,1480,0.172972972973,1,0x1,0x0,0x0,1,1
31,256,5,0x8C312E6DD0C33A8E,0x1,1641,0.156002437538,1,0x7,0x6,0x6,1,1
31,256,6,0x8C312E6DD0C33A8E,0x1,1598,0.160200250313,1,0xC,0xD,0xD,1,1
31,256,7,0x8C312E6DD0C33A8E,0x1,1535,0.166775244300,1,0x9,0x8,0x8,1,1
32,16,0,0x5B8E68B64E240593,0x3,97,0.164948453608,6,NA,0x0,0x0,0,0
32,16,1,0x5B8E68B64E240593,0x3,132,0.121212121212,0,NA,0x0,0xC,0,0
32,16,2,0x5B8E68B64E240593,0x3,88,0.181818181818,0,NA,0x0,0x8,0,0
32,16,3,0x5B8E68B64E240593,0x3,88,0.181818181818,0,NA,0x0,0x2,0,0
32,16,4,0x5B8E68B64E240593,0x3,70,0.228571428571,0,NA,0x0,0xB,0,0
32,16,5,0x5B8E68B64E240593,0x3,87,0.183908045977,0,NA,0x0,0xC,0,0
32,16,6,0x5B8E68B64E240593,0x3,106,0.150943396226,0,NA,0x0,0x9,0,0
32,16,7,0x5B8E68B64E240593,0x3,92,0.173913043478,0,NA,0x0,0x3,0,0
32,24,0,0x5B8E68B64E240593,0x3,134,0.179104477612,5,NA,0x0,0x0,0,0
32,24,1,0x5B8E68B64E240593,0x3,192,0.125000000000,0,NA,0x0,0xC,0,0
32,24,2,0x5B8E68B64E240593,0x3,133,0.180451127820,0,NA,0x0,0x8,0,0
32,24,3,0x5B8E68B64E240593,0x3,128,0.187500000000,0,NA,0x0,0x2,0,0
32,24,4,0x5B8E68B64E240593,0x3,140,0.171428571429,0,NA,0x0,0xB,0,0
32,24,5,0x5B8E68B64E240593,0x3,112,0.214285714286,0,NA,0x0,0xC,0,0
32,24,6,0x5B8E68B64E240593,0x3,138,0.173913043478,0,NA,0x0,0x9,0,0
32,24,7,0x5B8E68B64E240593,0x3,142,0.169014084507,0,NA,0x0,0x3,0,0
32,32,0,0x5B8E68B64E240593,0x3,188,0.170212765957,4,NA,0x0,0x0,0,0
32,32,1,0x5B8E68B64E240593,0x3,212,0.150943396226,0,NA,0x0,0xC,0,0
32,32,2,0x5B8E68B64E240593,0x3,164,0.195121951220,0,NA,0x0,0x8,0,0
32,32,3,0x5B8E68B64E240593,0x3,205,0.156097560976,0,NA,0x0,0x2,0,0
32,32,4,0x5B8E68B64E240593,0x3,203,0.157635467980,0,NA,0x0,0xB,0,0
32,32,5,0x5B8E68B64E240593,0x3,163,0.196319018405,0,NA,0x0,0xC,0,0
32,32,6,0x5B8E68B64E240593,0x3,179,0.178770949721,0,NA,0x0,0x9,0,0
32,32,7,0x5B8E68B64E240593,0x3,183,0.174863387978,0,NA,0x0,0x3,0,0
32,40,0,0x5B8E68B64E240593,0x3,243,0.164609053498,3,NA,0x0,0x0,0,0
32,40,1,0x5B8E68B64E240593,0x3,256,0.156250000000,0,NA,0x0,0xC,0,0
32,40,2,0x5B8E68B64E240593,0x3,209,0.191387559809,0,NA,0x0,0x8,0,0
32,40,3,0x5B8E68B64E240593,0x3,277,0.144404332130,0,NA,0x0,0x2,0,0
32,40,4,0x5B8E68B64E240593,0x3,260,0.153846153846,0,NA,0x0,0xB,0,0
32,40,5,0x5B8E68B64E240593,0x3,202,0.198019801980,0,NA,0x0,0xC,0,0
32,40,6,0x5B8E68B64E240593,0x3,209,0.191387559809,0,NA,0x0,0x9,0,0
32,40,7,0x5B8E68B64E240593,0x3,236,0.169491525424,0,NA,0x0,0x3,0,0
32,48,0,0x5B8E68B64E240593,0x3,282,0.170212765957,2,NA,0x0,0x0,0,0
32,48,1,0x5B8E68B64E240593,0x3,287,0.167247386760,0,NA,0x0,0xC,0,0
32,48,2,0x5B8E68B64E240593,0x3,273,0.175824175824,0,NA,0x0,0x8,0,0
32,48,3,0x5B8E68B64E240593,0x3,318,0.150943396226,0,NA,0x0,0x2,0,0
32,48,4,0x5B8E68B64E240593,0x3,313,0.153354632588,0,NA,0x0,0xB,0,0
32,48,5,0x5B8E68B64E240593,0x3,267,0.179775280899,0,NA,0x0,0xC,0,0
32,48,6,0x5B8E68B64E240593,0x3,269,0.178438661710,0,NA,0x0,0x9,0,0
32,48,7,0x5B8E68B64E240593,0x3,286,0.167832167832,0,NA,0x0,0x3,0,0
32,56,0,0x5B8E68B64E240593,0x3,318,0.176100628931,1,0x3,0x0,0x0,1,1
32,56,1,0x5B8E68B64E240593,0x3,328,0.170731707317,2,NA,0x0,0xC,0,0
32,56,2,0x5B8E68B64E240593,0x3,344,0.162790697674,0,NA,0x0,0x8,0,0
32,56,3,0x5B8E68B64E240593,0x3,365,0.153424657534,0,NA,0x0,0x2,0,0
32,56,4,0x5B8E68B64E240593,0x3,343,0.163265306122,0,NA,0x0,0xB,0,0
32,56,5,0x5B8E68B64E240593,0x3,325,0.172307692308,0,NA,0x0,0xC,0,0
32,56,6,0x5B8E68B64E240593,0x3,311,0.180064308682,0,NA,0x0,0x9,0,0
32,56,7,0x5B8E68B64E240593,0x3,337,0.166172106825,0,NA,0x0,0x3,0,0
32,64,0,0x5B8E68B64E240593,0x3,376,0.170212765957,1,0x3,0x0,0x0,1,1
32,64,1,0x5B8E68B64E240593,0x3,386,0.165803108808,1,0xF,0xC,0xC,1,1
32,64,2,0x5B8E68B64E240593,0x3,378,0.169312169312,1,0xB,0x8,0x8,1,1
32,64,3,0x5B8E68B64E240593,0x3,409,0.156479217604,1,0x1,0x2,0x2,1,1
32,64,4,0x5B8E68B64E240593,0x3,375,0.170666666667,1,0x8,0xB,0xB,1,1
32,64,5,0x5B8E68B64E240593,0x3,384,0.166666666667,1,0xF,0xC,0xC,1,1
32,64,6,0x5B8E68B64E240593,0x3,370,0.172972972973,2,NA,0x0,0x9,0,0
32,64,7,0x5B8E68B64E240593,0x3,384,0.166666666667,0,NA,0x0,0x3,0,0
32,72,0,0x5B8E68B64E240593,0x3,441,0.163265306122,1,0x3,0x0,0x0,1,1
32,72,1,0x5B8E68B64E240593,0x3,439,0.164009111617,1,0xF,0xC,0xC,1,1
32,72,2,0x5B8E68B64E240593,0x3,416,0.173076923077,1,0xB,0x8,0x8,1,1
32,72,3,0x5B8E68B64E240593,0x3,481,0.149688149688,1,0x1,0x2,0x2,1,1
32,72,4,0x5B8E68B64E240593,0x3,452,0.159292035398,1,0x8,0xB,0xB,1,1
32,72,5,0x5B8E68B64E240593,0x3,436,0.165137614679,1,0xF,0xC,0xC,1,1
32,72,6,0x5B8E68B64E240593,0x3,401,0.179551122195,2,NA,0x0,0x9,0,0
32,72,7,0x5B8E68B64E240593,0x3,423,0.170212765957,0,NA,0x0,0x3,0,0
32,80,0,0x5B8E68B64E240593,0x3,473,0.169133192389,1,0x3,0x0,0x0,1,1
32,80,1,0x5B8E68B64E240593,0x3,508,0.157480314961,1,0xF,0xC,0xC,1,1
32,80,2,0x5B8E68B64E240593,0x3,462,0.173160173160,1,0xB,0x8,0x8,1,1
32,80,3,0x5B8E68B64E240593,0x3,560,0.142857142857,1,0x1,0x2,0x2,1,1
32,80,4,0x5B8E68B64E240593,0x3,490,0.163265306122,1,0x8,0xB,0xB,1,1
32,80,5,0x5B8E68B64E240593,0x3,484,0.165289256198,1,0xF,0xC,0xC,1,1
32,80,6,0x5B8E68B64E240593,0x3,438,0.182648401826,1,0xA,0x9,0x9,1,1
32,80,7,0x5B8E68B64E240593,0x3,465,0.172043010753,1,0x0,0x3,0x3,1,1
32,96,0,0x5B8E68B64E240593,0x3,553,0.173598553345,1,0x3,0x0,0x0,1,1
32,96,1,0x5B8E68B64E240593,0x3,643,0.149300155521,1,0xF,0xC,0xC,1,1
32,96,2,0x5B8E68B64E240593,0x3,570,0.168421052632,1,0xB,0x8,0x8,1,1
32,96,3,0x5B8E68B64E240593,0x3,632,0.151898734177,1,0x1,0x2,0x2,1,1
32,96,4,0x5B8E68B64E240593,0x3,589,0.162988115450,1,0x8,0xB,0xB,1,1
32,96,5,0x5B8E68B64E240593,0x3,556,0.172661870504,1,0xF,0xC,0xC,1,1
32,96,6,0x5B8E68B64E240593,0x3,556,0.172661870504,1,0xA,0x9,0x9,1,1
32,96,7,0x5B8E68B64E240593,0x3,541,0.177449168207,1,0x0,0x3,0x3,1,1
32,112,0,0x5B8E68B64E240593,0x3,667,0.167916041979,1,0x3,0x0,0x0,1,1
32,112,1,0x5B8E68B64E240593,0x3,745,0.150335570470,1,0xF,0xC,0xC,1,1
32,112,2,0x5B8E68B64E240593,0x3,656,0.170731707317,1,0xB,0x8,0x8,1,1
32,112,3,0x5B8E68B64E240593,0x3,765,0.146405228758,1,0x1,0x2,0x2,1,1
32,112,4,0x5B8E68B64E240593,0x3,687,0.163027656477,1,0x8,0xB,0xB,1,1
32,112,5,0x5B8E68B64E240593,0x3,675,0.165925925926,1,0xF,0xC,0xC,1,1
32,112,6,0x5B8E68B64E240593,0x3,638,0.175548589342,1,0xA,0x9,0x9,1,1
32,112,7,0x5B8E68B64E240593,0x3,641,0.174726989080,1,0x0,0x3,0x3,1,1
32,128,0,0x5B8E68B64E240593,0x3,767,0.166883963494,1,0x3,0x0,0x0,1,1
32,128,1,0x5B8E68B64E240593,0x3,883,0.144960362401,1,0xF,0xC,0xC,1,1
32,128,2,0x5B8E68B64E240593,0x3,722,0.177285318560,1,0xB,0x8,0x8,1,1
32,128,3,0x5B8E68B64E240593,0x3,847,0.151121605667,1,0x1,0x2,0x2,1,1
32,128,4,0x5B8E68B64E240593,0x3,799,0.160200250313,1,0x8,0xB,0xB,1,1
32,128,5,0x5B8E68B64E240593,0x3,778,0.164524421594,1,0xF,0xC,0xC,1,1
32,128,6,0x5B8E68B64E240593,0x3,715,0.179020979021,1,0xA,0x9,0x9,1,1
32,128,7,0x5B8E68B64E240593,0x3,717,0.178521617852,1,0x0,0x3,0x3,1,1
32,160,0,0x5B8E68B64E240593,0x3,922,0.173535791757,1,0x3,0x0,0x0,1,1
32,160,1,0x5B8E68B64E240593,0x3,1118,0.143112701252,1,0xF,0xC,0xC,1,1
32,160,2,0x5B8E68B64E240593,0x3,953,0.167890870934,1,0xB,0x8,0x8,1,1
32,160,3,0x5B8E68B64E240593,0x3,976,0.163934426230,1,0x1,0x2,0x2,1,1
32,160,4,0x5B8E68B64E240593,0x3,975,0.164102564103,1,0x8,0xB,0xB,1,1
32,160,5,0x5B8E68B64E240593,0x3,954,0.167714884696,1,0xF,0xC,0xC,1,1
32,160,6,0x5B8E68B64E240593,0x3,877,0.182440136830,1,0xA,0x9,0x9,1,1
32,160,7,0x5B8E68B64E240593,0x3,872,0.183486238532,1,0x0,0x3,0x3,1,1
32,192,0,0x5B8E68B64E240593,0x3,1152,0.166666666667,1,0x3,0x0,0x0,1,1
32,192,1,0x5B8E68B64E240593,0x3,1271,0.151062155783,1,0xF,0xC,0xC,1,1
32,192,2,0x5B8E68B64E240593,0x3,1135,0.169162995595,1,0xB,0x8,0x8,1,1
32,192,3,0x5B8E68B64E240593,0x3,1184,0.162162162162,1,0x1,0x2,0x2,1,1
32,192,4,0x5B8E68B64E240593,0x3,1140,0.168421052632,1,0x8,0xB,0xB,1,1
32,192,5,0x5B8E68B64E240593,0x3,1118,0.171735241503,1,0xF,0xC,0xC,1,1
32,192,6,0x5B8E68B64E240593,0x3,1087,0.176632934683,1,0xA,0x9,0x9,1,1
32,192,7,0x5B8E68B64E240593,0x3,1002,0.191616766467,1,0x0,0x3,0x3,1,1
32,256,0,0x5B8E68B64E240593,0x3,1559,0.164207825529,1,0x3,0x0,0x0,1,1
32,256,1,0x5B8E68B64E240593,0x3,1675,0.152835820896,1,0xF,0xC,0xC,1,1
32,256,2,0x5B8E68B64E240593,0x3,1481,0.172856178258,1,0xB,0x8,0x8,1,1
32,256,3,0x5B8E68B64E240593,0x3,1750,0.146285714286,1,0x1,0x2,0x2,1,1
32,256,4,0x5B8E68B64E240593,0x3,1492,0.171581769437,1,0x8,0xB,0xB,1,1
32,256,5,0x5B8E68B64E240593,0x3,1502,0.170439414115,1,0xF,0xC,0xC,1,1
32,256,6,0x5B8E68B64E240593,0x3,1443,0.177408177408,1,0xA,0x9,0x9,1,1
32,256,7,0x5B8E68B64E240593,0x3,1324,0.193353474320,1,0x0,0x3,0x3,1,1
33,16,0,0x3E379CFC379640C2,0x8,123,0.130081300813,6,NA,0x0,0xB,0,0
33,16,1,0x3E379CFC379640C2,0x8,118,0.135593220339,0,NA,0x0,0xB,0,0
33,16,2,0x3E379CFC379640C2,0x8,70,0.228571428571,0,NA,0x0,0xF,0,0
33,16,3,0x3E379CFC379640C2,0x8,68,0.235294117647,0,NA,0x0,0x3,0,0
33,16,4,0x3E379CFC379640C2,0x8,68,0.235294117647,0,NA,0x0,0xE,0,0
33,16,5,0x3E379CFC379640C2,0x8,127,0.125984251969,0,NA,0x0,0x4,0,0
33,16,6,0x3E379CFC379640C2,0x8,83,0.192771084337,0,NA,0x0,0x1,0,0
33,16,7,0x3E379CFC379640C2,0x8,87,0.183908045977,0,NA,0x0,0x5,0,0
33,24,0,0x3E379CFC379640C2,0x8,160,0.150000000000,4,NA,0x0,0xB,0,0
33,24,1,0x3E379CFC379640C2,0x8,179,0.134078212291,0,NA,0x0,0xB,0,0
33,24,2,0x3E379CFC379640C2,0x8,122,0.196721311475,0,NA,0x0,0xF,0,0
33,24,3,0x3E379CFC379640C2,0x8,120,0.200000000000,0,NA,0x0,0x3,0,0
33,24,4,0x3E379CFC379640C2,0x8,112,0.214285714286,0,NA,0x0,0xE,0,0
33,24,5,0x3E379CFC379640C2,0x8,163,0.147239263804,0,NA,0x0,0x4,0,0
33,24,6,0x3E379CFC379640C2,0x8,128,0.187500000000,0,NA,0x0,0x1,0,0
33,24,7,0x3E379CFC379640C2,0x8,137,0.175182481752,0,NA,0x0,0x5,0,0
33,32,0,0x3E379CFC379640C2,0x8,205,0.156097560976,4,NA,0x0,0xB,0,0
33,32,1,0x3E379CFC379640C2,0x8,254,0.125984251969,0,NA,0x0,0xB,0,0
33,32,2,0x3E379CFC379640C2,0x8,159,0.201257861635,0,NA,0x0,0xF,0,0
33,32,3,0x3E379CFC379640C2,0x8,158,0.202531645570,0,NA,0x0,0x3,0,0
33,32,4,0x3E379CFC379640C2,0x8,193,0.165803108808,0,NA,0x0,0xE,0,0
33,32,5,0x3E379CFC379640C2,0x8,221,0.144796380090,0,NA,0x0,0x4,0,0
33,32,6,0x3E379CFC379640C2,0x8,170,0.188235294118,0,NA,0x0,0x1,0,0
33,32,7,0x3E379CFC379640C2,0x8,175,0.182857142857,0,NA,0x0,0x5,0,0
33,40,0,0x3E379CFC379640C2,0x8,236,0.169491525424,3,NA,0x0,0xB,0,0
33,40,1,0x3E379CFC379640C2,0x8,304,0.131578947368,0,NA,0x0,0xB,0,0
33,40,2,0x3E379CFC379640C2,0x8,222,0.180180180180,0,NA,0x0,0xF,0,0
33,40,3,0x3E379CFC379640C2,0x8,192,0.208333333333,0,NA,0x0,0x3,0,0
33,40,4,0x3E379CFC379640C2,0x8,229,0.174672489083,0,NA,0x0,0xE,0,0
33,40,5,0x3E379CFC379640C2,0x8,261,0.153256704981,0,NA,0x0,0x4,0,0
33,40,6,0x3E379CFC379640C2,0x8,232,0.172413793103,0,NA,0x0,0x1,0,0
33,40,7,0x3E379CFC379640C2,0x8,217,0.184331797235,0,NA,0x0,0x5,0,0
33,48,0,0x3E379CFC379640C2,0x8,310,0.154838709677,3,NA,0x0,0xB,0,0
33,48,1,0x3E379CFC379640C2,0x8,365,0.131506849315,0,NA,0x0,0xB,0,0
33,48,2,0x3E379CFC379640C2,0x8,277,0.173285198556,0,NA,0x0,0xF,0,0
33,48,3,0x3E379CFC379640C2,0x8,227,0.211453744493,0,NA,0x0,0x3,0,0
33,48,4,0x3E379CFC379640C2,0x8,287,0.167247386760,0,NA,0x0,0xE,0,0
33,48,5,0x3E379CFC379640C2,0x8,309,0.155339805825,0,NA,0x0,0x4,0,0
33,48,6,0x3E379CFC379640C2,0x8,266,0.180451127820,0,NA,0x0,0x1,0,0
33,48,7,0x3E379CFC379640C2,0x8,272,0.176470588235,0,NA,0x0,0x5,0,0
33,56,0,0x3E379CFC379640C2,0x8,373,0.150134048257,3,NA,0x0,0xB,0,0
33,56,1,0x3E379CFC379640C2,0x8,409,0.136919315403,0,NA,0x0,0xB,0,0
33,56,2,0x3E379CFC379640C2,0x8,303,0.184818481848,0,NA,0x0,0xF,0,0
33,56,3,0x3E379CFC379640C2,0x8,281,0.199288256228,0,NA,0x0,0x3,0,0
33,56,4,0x3E379CFC379640C2,0x8,320,0.175000000000,0,NA,0x0,0xE,0,0
33,56,5,0x3E379CFC379640C2,0x8,345,0.162318840580,0,NA,0x0,0x4,0,0
33,56,6,0x3E379CFC379640C2,0x8,317,0.176656151420,0,NA,0x0,0x1,0,0
33,56,7,0x3E379CFC379640C2,0x8,323,0.173374613003,0,NA,0x0,0x5,0,0
33,64,0,0x3E379CFC379640C2,0x8,423,0.151300236407,2,NA,0x0,0xB,0,0
33,64,1,0x3E379CFC379640C2,0x8,444,0.144144144144,0,NA,0x0,0xB,0,0
33,64,2,0x3E379CFC379640C2,0x8,340,0.188235294118,0,NA,0x0,0xF,0,0
33,64,3,0x3E379CFC379640C2,0x8,317,0.201892744479,0,NA,0x0,0x3,0,0
33,64,4,0x3E379CFC379640C2,0x8,355,0.180281690141,0,NA,0x0,0xE,0,0
33,64,5,0x3E379CFC379640C2,0x8,384,0.166666666667,0,NA,0x0,0x4,0,0
33,64,6,0x3E379CFC379640C2,0x8,404,0.158415841584,0,NA,0x0,0x1,0,0
33,64,7,0x3E379CFC379640C2,0x8,395,0.162025316456,0,NA,0x0,0x5,0,0
33,72,0,0x3E379CFC379640C2,0x8,476,0.151260504202,1,0x3,0xB,0xB,1,1
33,72,1,0x3E379CFC379640C2,0x8,504,0.142857142857,1,0x3,0xB,0xB,1,1
33,72,2,0x3E379CFC379640C2,0x8,405,0.177777777778,1,0x7,0xF,0xF,1,1
33,72,3,0x3E379CFC379640C2,0x8,363,0.198347107438,1,0xB,0x3,0x3,1,1
33,72,4,0x3E379CFC379640C2,0x8,389,0.185089974293,1,0x6,0xE,0xE,1,1
33,72,5,0x3E379CFC379640C2,0x8,433,0.166281755196,1,0xC,0x4,0x4,1,1
33,72,6,0x3E379CFC379640C2,0x8,472,0.152542372881,1,0x9,0x1,0x1,1,1
33,72,7,0x3E379CFC379640C2,0x8,436,0.165137614679,1,0xD,0x5,0x5,1,1
33,80,0,0x3E379CFC379640C2,0x8,529,0.151228733459,1,0x3,0xB,0xB,1,1
33,80,1,0x3E379CFC379640C2,0x8,589,0.135823429542,1,0x3,0xB,0xB,1,1
33,80,2,0x3E379CFC379640C2,0x8,458,0.174672489083,1,0x7,0xF,0xF,1,1
33,80,3,0x3E379CFC379640C2,0x8,427,0.187353629977,1,0xB,0x3,0x3,1,1
33,80,4,0x3E379CFC379640C2,0x8,451,0.177383592018,1,0x6,0xE,0xE,1,1
33,80,5,0x3E379CFC379640C2,0x8,499,0.160320641283,1,0xC,0x4,0x4,1,1
33,80,6,0x3E379CFC379640C2,0x8,544,0.147058823529,1,0x9,0x1,0x1,1,1
33,80,7,0x3E379CFC379640C2,0x8,500,0.160000000000,1,0xD,0x5,0x5,1,1
33,96,0,0x3E379CFC379640C2,0x8,641,0.149765990640,1,0x3,0xB,0xB,1,1
33,96,1,0x3E379CFC379640C2,0x8,725,0.132413793103,1,0x3,0xB,0xB,1,1
33,96,2,0x3E379CFC379640C2,0x8,629,0.152623211447,1,0x7,0xF,0xF,1,1
33,96,3,0x3E379CFC379640C2,0x8,509,0.188605108055,1,0xB,0x3,0x3,1,1
33,96,4,0x3E379CFC379640C2,0x8,520,0.184615384615,1,0x6,0xE,0xE,1,1
33,96,5,0x3E379CFC379640C2,0x8,620,0.154838709677,1,0xC,0x4,0x4,1,1
33,96,6,0x3E379CFC379640C2,0x8,658,0.145896656535,1,0x9,0x1,0x1,1,1
33,96,7,0x3E379CFC379640C2,0x8,637,0.150706436421,1,0xD,0x5,0x5,1,1
33,112,0,0x3E379CFC379640C2,0x8,741,0.151147098516,1,0x3,0xB,0xB,1,1
33,112,1,0x3E379CFC379640C2,0x8,820,0.136585365854,1,0x3,0xB,0xB,1,1
33,112,2,0x3E379CFC379640C2,0x8,706,0.158640226629,1,0x7,0xF,0xF,1,1
33,112,3,0x3E379CFC379640C2,0x8,615,0.182113821138,1,0xB,0x3,0x3,1,1
33,112,4,0x3E379CFC379640C2,0x8,597,0.187604690117,1,0x6,0xE,0xE,1,1
33,112,5,0x3E379CFC379640C2,0x8,685,0.163503649635,1,0xC,0x4,0x4,1,1
33,112,6,0x3E379CFC379640C2,0x8,787,0.142312579416,1,0x9,0x1,0x1,1,1
33,112,7,0x3E379CFC379640C2,0x8,730,0.153424657534,1,0xD,0x5,0x5,1,1
33,128,0,0x3E379CFC379640C2,0x8,858,0.149184149184,1,0x3,0xB,0xB,1,1
33,128,1,0x3E379CFC379640C2,0x8,896,0.142857142857,1,0x3,0xB,0xB,1,1
33,128,2,0x3E379CFC379640C2,0x8,792,0.161616161616,1,0x7,0xF,0xF,1,1
33,128,3,0x3E379CFC379640C2,0x8,670,0.191044776119,1,0xB,0x3,0x3,1,1
33,128,4,0x3E379CFC379640C2,0x8,702,0.182336182336,1,0x6,0xE,0xE,1,1
33,128,5,0x3E379CFC379640C2,0x8,776,0.164948453608,1,0xC,0x4,0x4,1,1
33,128,6,0x3E379CFC379640C2,0x8,899,0.142380422692,1,0x9,0x1,0x1,1,1
33,128,7,0x3E379CFC379640C2,0x8,853,0.150058616647,1,0xD,0x5,0x5,1,1
33,160,0,0x3E379CFC379640C2,0x8,1044,0.153256704981,1,0x3,0xB,0xB,1,1
33,160,1,0x3E379CFC379640C2,0x8,1123,0.142475512021,1,0x3,0xB,0xB,1,1
33,160,2,0x3E379CFC379640C2,0x8,992,0.161290322581,1,0x7,0xF,0xF,1,1
33,160,3,0x3E379CFC379640C2,0x8,840,0.190476190476,1,0xB,0x3,0x3,1,1
33,160,4,0x3E379CFC379640C2,0x8,907,0.176405733186,1,0x6,0xE,0xE,1,1
33,160,5,0x3E379CFC379640C2,0x8,996,0.160642570281,1,0xC,0x4,0x4,1,1
33,160,6,0x3E379CFC379640C2,0x8,1124,0.142348754448,1,0x9,0x1,0x1,1,1
33,160,7,0x3E379CFC379640C2,0x8,1035,0.154589371981,1,0xD,0x5,0x5,1,1
33,192,0,0x3E379CFC379640C2,0x8,1210,0.158677685950,1,0x3,0xB,0xB,1,1
33,192,1,0x3E379CFC379640C2,0x8,1310,0.146564885496,1,0x3,0xB,0xB,1,1
33,192,2,0x3E379CFC379640C2,0x8,1137,0.168865435356,1,0x7,0xF,0xF,1,1
33,192,3,0x3E379CFC379640C2,0x8,1057,0.181646168401,1,0xB,0x3,0x3,1,1
33,192,4,0x3E379CFC379640C2,0x8,1144,0.167832167832,1,0x6,0xE,0xE,1,1
33,192,5,0x3E379CFC379640C2,0x8,1211,0.158546655656,1,0xC,0x4,0x4,1,1
33,192,6,0x3E379CFC379640C2,0x8,1242,0.154589371981,1,0x9,0x1,0x1,1,1
33,192,7,0x3E379CFC379640C2,0x8,1235,0.155465587045,1,0xD,0x5,0x5,1,1
33,256,0,0x3E379CFC379640C2,0x8,1560,0.164102564103,1,0x3,0xB,0xB,1,1
33,256,1,0x3E379CFC379640C2,0x8,1610,0.159006211180,1,0x3,0xB,0xB,1,1
33,256,2,0x3E379CFC379640C2,0x8,1514,0.169088507266,1,0x7,0xF,0xF,1,1
33,256,3,0x3E379CFC379640C2,0x8,1443,0.177408177408,1,0xB,0x3,0x3,1,1
33,256,4,0x3E379CFC379640C2,0x8,1507,0.169873921699,1,0x6,0xE,0xE,1,1
33,256,5,0x3E379CFC379640C2,0x8,1641,0.156002437538,1,0xC,0x4,0x4,1,1
33,256,6,0x3E379CFC379640C2,0x8,1680,0.152380952381,1,0x9,0x1,0x1,1,1
33,256,7,0x3E379CFC379640C2,0x8,1605,0.159501557632,1,0xD,0x5,0x5,1,1
34,16,0,0x2F9ED0F14489E395,0xE,99,0.161616161616,5,NA,0x0,0x8,0,0
34,16,1,0x2F9ED0F14489E395,0xE,88,0.181818181818,0,NA,0x0,0x9,0,0
34,16,2,0x2F9ED0F14489E395,0xE,89,0.179775280899,0,NA,0x0,0xC,0,0
34,16,3,0x2F9ED0F14489E395,0xE,139,0.115107913669,0,NA,0x0,0x8,0,0
34,16,4,0x2F9ED0F14489E395,0xE,75,0.213333333333,0,NA,0x0,0x0,0,0
34,16,5,0x2F9ED0F14489E395,0xE,103,0.155339805825,0,NA,0x0,0xF,0,0
34,16,6,0x2F9ED0F14489E395,0xE,111,0.144144144144,0,NA,0x0,0x3,0,0
34,16,7,0x2F9ED0F14489E395,0xE,122,0.131147540984,0,NA,0x0,0x1,0,0
34,24,0,0x2F9ED0F14489E395,0xE,141,0.170212765957,4,NA,0x0,0x8,0,0
34,24,1,0x2F9ED0F14489E395,0xE,114,0.210526315789,0,NA,0x0,0x9,0,0
34,24,2,0x2F9ED0F14489E395,0xE,134,0.179104477612,0,NA,0x0,0xC,0,0
34,24,3,0x2F9ED0F14489E395,0xE,190,0.126315789474,0,NA,0x0,0x8,0,0
34,24,4,0x2F9ED0F14489E395,0xE,111,0.216216216216,0,NA,0x0,0x0,0,0
34,24,5,0x2F9ED0F14489E395,0xE,177,0.135593220339,0,NA,0x0,0xF,0,0
34,24,6,0x2F9ED0F14489E395,0xE,148,0.162162162162,0,NA,0x0,0x3,0,0
34,24,7,0x2F9ED0F14489E395,0xE,154,0.155844155844,0,NA,0x0,0x1,0,0
34,32,0,0x2F9ED0F14489E395,0xE,209,0.153110047847,2,NA,0x0,0x8,0,0
34,32,1,0x2F9ED0F14489E395,0xE,155,0.206451612903,0,NA,0x0,0x9,0,0
34,32,2,0x2F9ED0F14489E395,0xE,191,0.167539267016,0,NA,0x0,0xC,0,0
34,32,3,0x2F9ED0F14489E395,0xE,248,0.129032258065,0,NA,0x0,0x8,0,0
34,32,4,0x2F9ED0F14489E395,0xE,169,0.189349112426,0,NA,0x0,0x0,0,0
34,32,5,0x2F9ED0F14489E395,0xE,211,0.151658767773,0,NA,0x0,0xF,0,0
34,32,6,0x2F9ED0F14489E395,0xE,214,0.149532710280,0,NA,0x0,0x3,0,0
34,32,7,0x2F9ED0F14489E395,0xE,203,0.157635467980,0,NA,0x0,0x1,0,0
34,40,0,0x2F9ED0F14489E395,0xE,249,0.160642570281,2,NA,0x0,0x8,0,0
34,40,1,0x2F9ED0F14489E395,0xE,192,0.208333333333,0,NA,0x0,0x9,0,0
34,40,2,0x2F9ED0F14489E395,0xE,244,0.163934426230,0,NA,0x0,0xC,0,0
34,40,3,0x2F9ED0F14489E395,0xE,297,0.134680134680,0,NA,0x0,0x8,0,0
34,40,4,0x2F9ED0F14489E395,0xE,223,0.179372197309,0,NA,0x0,0x0,0,0
34,40,5,0x2F9ED0F14489E395,0xE,263,0.152091254753,0,NA,0x0,0xF,0,0
34,40,6,0x2F9ED0F14489E395,0xE,277,0.144404332130,0,NA,0x0,0x3,0,0
34,40,7,0x2F9ED0F14489E395,0xE,260,0.153846153846,0,NA,0x0,0x1,0,0
34,48,0,0x2F9ED0F14489E395,0xE,285,0.168421052632,1,0x6,0x8,0x8,1,1
34,48,1,0x2F9ED0F14489E395,0xE,229,0.209606986900,2,NA,0x0,0x9,0,0
34,48,2,0x2F9ED0F14489E395,0xE,310,0.154838709677,0,NA,0x0,0xC,0,0
34,48,3,0x2F9ED0F14489E395,0xE,346,0.138728323699,0,NA,0x0,0x8,0,0
34,48,4,0x2F9ED0F14489E395,0xE,293,0.163822525597,0,NA,0x0,0x0,0,0
34,48,5,0x2F9ED0F14489E395,0xE,315,0.152380952381,0,NA,0x0,0xF,0,0
34,48,6,0x2F9ED0F14489E395,0xE,335,0.143283582090,0,NA,0x0,0x3,0,0
34,48,7,0x2F9ED0F14489E395,0xE,281,0.170818505338,0,NA,0x0,0x1,0,0
34,56,0,0x2F9ED0F14489E395,0xE,349,0.160458452722,1,0x6,0x8,0x8,1,1
34,56,1,0x2F9ED0F14489E395,0xE,284,0.197183098592,1,0x7,0x9,0x9,1,1
34,56,2,0x2F9ED0F14489E395,0xE,354,0.158192090395,2,NA,0x0,0xC,0,0
34,56,3,0x2F9ED0F14489E395,0xE,391,0.143222506394,0,NA,0x0,0x8,0,0
34,56,4,0x2F9ED0F14489E395,0xE,328,0.170731707317,0,NA,0x0,0x0,0,0
34,56,5,0x2F9ED0F14489E395,0xE,365,0.153424657534,0,NA,0x0,0xF,0,0
34,56,6,0x2F9ED0F14489E395,0xE,362,0.154696132597,0,NA,0x0,0x3,0,0
34,56,7,0x2F9ED0F14489E395,0xE,355,0.157746478873,0,NA,0x0,0x1,0,0
34,64,0,0x2F9ED0F14489E395,0xE,386,0.165803108808,1,0x6,0x8,0x8,1,1
34,64,1,0x2F9ED0F14489E395,0xE,309,0.207119741100,1,0x7,0x9,0x9,1,1
34,64,2,0x2F9ED0F14489E395,0xE,403,0.158808933002,2,NA,0x0,0xC,0,0
34,64,3,0x2F9ED0F14489E395,0xE,432,0.148148148148,0,NA,0x0,0x8,0,0
34,64,4,0x2F9ED0F14489E395,0xE,377,0.169761273210,0,NA,0x0,0x0,0,0
34,64,5,0x2F9ED0F14489E395,0xE,416,0.153846153846,0,NA,0x0,0xF,0,0
34,64,6,0x2F9ED0F14489E395,0xE,398,0.160804020101,0,NA,0x0,0x3,0,0
34,64,7,0x2F9ED0F14489E395,0xE,427,0.149882903981,0,NA,0x0,0x1,0,0
34,72,0,0x2F9ED0F14489E395,0xE,462,0.155844155844,1,0x6,0x8,0x8,1,1
34,72,1,0x2F9ED0F14489E395,0xE,344,0.209302325581,1,0x7,0x9,0x9,1,1
34,72,2,0x2F9ED0F14489E395,0xE,468,0.153846153846,2,NA,0x0,0xC,0,0
34,72,3,0x2F9ED0F14489E395,0xE,488,0.147540983607,0,NA,0x0,0x8,0,0
34,72,4,0x2F9ED0F14489E395,0xE,422,0.170616113744,0,NA,0x0,0x0,0,0
34,72,5,0x2F9ED0F14489E395,0xE,451,0.159645232816,0,NA,0x0,0xF,0,0
34,72,6,0x2F9ED0F14489E395,0xE,440,0.163636363636,0,NA,0x0,0x3,0,0
34,72,7,0x2F9ED0F14489E395,0xE,492,0.146341463415,0,NA,0x0,0x1,0,0
34,80,0,0x2F9ED0F14489E395,0xE,548,0.145985401460,1,0x6,0x8,0x8,1,1
34,80,1,0x2F9ED0F14489E395,0xE,376,0.212765957447,1,0x7,0x9,0x9,1,1
34,80,2,0x2F9ED0F14489E395,0xE,508,0.157480314961,1,0x2,0xC,0xC,1,1
34,80,3,0x2F9ED0F14489E395,0xE,583,0.137221269297,1,0x6,0x8,0x8,1,1
34,80,4,0x2F9ED0F14489E395,0xE,516,0.155038759690,1,0xE,0x0,0x0,1,1
34,80,5,0x2F9ED0F14489E395,0xE,495,0.161616161616,1,0x1,0xF,0xF,1,1
34,80,6,0x2F9ED0F14489E395,0xE,493,0.162271805274,1,0xD,0x3,0x3,1,1
34,80,7,0x2F9ED0F14489E395,0xE,542,0.147601476015,1,0xF,0x1,0x1,1,1
34,96,0,0x2F9ED0F14489E395,0xE,620,0.154838709677,1,0x6,0x8,0x8,1,1
34,96,1,0x2F9ED0F14489E395,0xE,511,0.187866927593,1,0x7,0x9,0x9,1,1
34,96,2,0x2F9ED0F14489E395,0xE,622,0.154340836013,1,0x2,0xC,0xC,1,1
34,96,3,0x2F9ED0F14489E395,0xE,681,0.140969162996,1,0x6,0x8,0x8,1,1
34,96,4,0x2F9ED0F14489E395,0xE,605,0.158677685950,1,0xE,0x0,0x0,1,1
34,96,5,0x2F9ED0F14489E395,0xE,584,0.164383561644,1,0x1,0xF,0xF,1,1
34,96,6,0x2F9ED0F14489E395,0xE,580,0.165517241379,1,0xD,0x3,0x3,1,1
34,96,7,0x2F9ED0F14489E395,0xE,638,0.150470219436,1,0xF,0x1,0x1,1,1
34,112,0,0x2F9ED0F14489E395,0xE,708,0.158192090395,1,0x6,0x8,0x8,1,1
34,112,1,0x2F9ED0F14489E395,0xE,620,0.180645161290,1,0x7,0x9,0x9,1,1
34,112,2,0x2F9ED0F14489E395,0xE,698,0.160458452722,1,0x2,0xC,0xC,1,1
34,112,3,0x2F9ED0F14489E395,0xE,789,0.141951837769,1,0x6,0x8,0x8,1,1
34,112,4,0x2F9ED0F14489E395,0xE,661,0.169440242057,1,0xE,0x0,0x0,1,1
34,112,5,0x2F9ED0F14489E395,0xE,666,0.168168168168,1,0x1,0xF,0xF,1,1
34,112,6,0x2F9ED0F14489E395,0xE,697,0.160688665710,1,0xD,0x3,0x3,1,1
34,112,7,0x2F9ED0F14489E395,0xE,750,0.149333333333,1,0xF,0x1,0x1,1,1
34,128,0,0x2F9ED0F14489E395,0xE,796,0.160804020101,1,0x6,0x8,0x8,1,1
34,128,1,0x2F9ED0F14489E395,0xE,667,0.191904047976,1,0x7,0x9,0x9,1,1
34,128,2,0x2F9ED0F14489E395,0xE,796,0.160804020101,1,0x2,0xC,0xC,1,1
34,128,3,0x2F9ED0F14489E395,0xE,898,0.142538975501,1,0x6,0x8,0x8,1,1
34,128,4,0x2F9ED0F14489E395,0xE,788,0.162436548223,1,0xE,0x0,0x0,1,1
34,128,5,0x2F9ED0F14489E395,0xE,758,0.168865435356,1,0x1,0xF,0xF,1,1
34,128,6,0x2F9ED0F14489E395,0xE,832,0.153846153846,1,0xD,0x3,0x3,1,1
34,128,7,0x2F9ED0F14489E395,0xE,833,0.153661464586,1,0xF,0x1,0x1,1,1
34,160,0,0x2F9ED0F14489E395,0xE,969,0.165118679051,1,0x6,0x8,0x8,1,1
34,160,1,0x2F9ED0F14489E395,0xE,882,0.181405895692,1,0x7,0x9,0x9,1,1
34,160,2,0x2F9ED0F14489E395,0xE,1003,0.159521435693,1,0x2,0xC,0xC,1,1
34,160,3,0x2F9ED0F14489E395,0xE,1128,0.141843971631,1,0x6,0x8,0x8,1,1
34,160,4,0x2F9ED0F14489E395,0xE,926,0.172786177106,1,0xE,0x0,0x0,1,1
34,160,5,0x2F9ED0F14489E395,0xE,957,0.167189132706,1,0x1,0xF,0xF,1,1
34,160,6,0x2F9ED0F14489E395,0xE,1025,0.156097560976,1,0xD,0x3,0x3,1,1
34,160,7,0x2F9ED0F14489E395,0xE,1005,0.159203980100,1,0xF,0x1,0x1,1,1
34,192,0,0x2F9ED0F14489E395,0xE,1128,0.170212765957,1,0x6,0x8,0x8,1,1
34,192,1,0x2F9ED0F14489E395,0xE,1062,0.180790960452,1,0x7,0x9,0x9,1,1
34,192,2,0x2F9ED0F14489E395,0xE,1220,0.157377049180,1,0x2,0xC,0xC,1,1
34,192,3,0x2F9ED0F14489E395,0xE,1326,0.144796380090,1,0x6,0x8,0x8,1,1
34,192,4,0x2F9ED0F14489E395,0xE,1154,0.166377816291,1,0xE,0x0,0x0,1,1
34,192,5,0x2F9ED0F14489E395,0xE,1201,0.159866777685,1,0x1,0xF,0xF,1,1
34,192,6,0x2F9ED0F14489E395,0xE,1218,0.157635467980,1,0xD,0x3,0x3,1,1
34,192,7,0x2F9ED0F14489E395,0xE,1158,0.165803108808,1,0xF,0x1,0x1,1,1
34,256,0,0x2F9ED0F14489E395,0xE,1514,0.169088507266,1,0x6,0x8,0x8,1,1
34,256,1,0x2F9ED0F14489E395,0xE,1456,0.175824175824,1,0x7,0x9,0x9,1,1
34,256,2,0x2F9ED0F14489E395,0xE,1621,0.157927205429,1,0x2,0xC,0xC,1,1
34,256,3,0x2F9ED0F14489E395,0xE,1801,0.142143253748,1,0x6,0x8,0x8,1,1
34,256,4,0x2F9ED0F14489E395,0xE,1501,0.170552964690,1,0xE,0x0,0x0,1,1
34,256,5,0x2F9ED0F14489E395,0xE,1547,0.165481577246,1,0x1,0xF,0xF,1,1
34,256,6,0x2F9ED0F14489E395,0xE,1564,0.163682864450,1,0xD,0x3,0x3,1,1
34,256,7,0x2F9ED0F14489E395,0xE,1557,0.164418754014,1,0xF,0x1,0x1,1,1
35,16,0,0x488C88955B2766E5,0xC,101,0.158415841584,6,NA,0x0,0xA,0,0
35,16,1,0x488C88955B2766E5,0xC,91,0.175824175824,0,NA,0x0,0x2,0,0
35,16,2,0x488C88955B2766E5,0xC,124,0.129032258065,0,NA,0x0,0x7,0,0
35,16,3,0x488C88955B2766E5,0xC,86,0.186046511628,0,NA,0x0,0xD,0,0
35,16,4,0x488C88955B2766E5,0xC,104,0.153846153846,0,NA,0x0,0x1,0,0
35,16,5,0x488C88955B2766E5,0xC,86,0.186046511628,0,NA,0x0,0xD,0,0
35,16,6,0x488C88955B2766E5,0xC,71,0.225352112676,0,NA,0x0,0xD,0,0
35,16,7,0x488C88955B2766E5,0xC,129,0.124031007752,0,NA,0x0,0x8,0,0
35,24,0,0x488C88955B2766E5,0xC,148,0.162162162162,3,NA,0x0,0xA,0,0
35,24,1,0x488C88955B2766E5,0xC,138,0.173913043478,0,NA,0x0,0x2,0,0
35,24,2,0x488C88955B2766E5,0xC,163,0.147239263804,0,NA,0x0,0x7,0,0
35,24,3,0x488C88955B2766E5,0xC,157,0.152866242038,0,NA,0x0,0xD,0,0
35,24,4,0x488C88955B2766E5,0xC,135,0.177777777778,0,NA,0x0,0x1,0,0
35,24,5,0x488C88955B2766E5,0xC,128,0.187500000000,0,NA,0x0,0xD,0,0
35,24,6,0x488C88955B2766E5,0xC,112,0.214285714286,0,NA,0x0,0xD,0,0
35,24,7,0x488C88955B2766E5,0xC,187,0.128342245989,0,NA,0x0,0x8,0,0
35,32,0,0x488C88955B2766E5,0xC,199,0.160804020101,2,NA,0x0,0xA,0,0
35,32,1,0x488C88955B2766E5,0xC,165,0.193939393939,0,NA,0x0,0x2,0,0
35,32,2,0x488C88955B2766E5,0xC,205,0.156097560976,0,NA,0x0,0x7,0,0
35,32,3,0x488C88955B2766E5,0xC,204,0.156862745098,0,NA,0x0,0xD,0,0
35,32,4,0x488C88955B2766E5,0xC,190,0.168421052632,0,NA,0x0,0x1,0,0
35,32,5,0x488C88955B2766E5,0xC,170,0.188235294118,0,NA,0x0,0xD,0,0
35,32,6,0x488C88955B2766E5,0xC,145,0.220689655172,0,NA,0x0,0xD,0,0
35,32,7,0x488C88955B2766E5,0xC,232,0.137931034483,0,NA,0x0,0x8,0,0
35,40,0,0x488C88955B2766E5,0xC,251,0.159362549801,2,NA,0x0,0xA,0,0
35,40,1,0x488C88955B2766E5,0xC,202,0.198019801980,0,NA,0x0,0x2,0,0
35,40,2,0x488C88955B2766E5,0xC,248,0.161290322581,0,NA,0x0,0x7,0,0
35,40,3,0x488C88955B2766E5,0xC,299,0.133779264214,0,NA,0x0,0xD,0,0
35,40,4,0x488C88955B2766E5,0xC,226,0.176991150442,0,NA,0x0,0x1,0,0
35,40,5,0x488C88955B2766E5,0xC,220,0.181818181818,0,NA,0x0,0xD,0,0
35,40,6,0x488C88955B2766E5,0xC,218,0.183486238532,0,NA,0x0,0xD,0,0
35,40,7,0x488C88955B2766E5,0xC,276,0.144927536232,0,NA,0x0,0x8,0,0
35,48,0,0x488C88955B2766E5,0xC,293,0.163822525597,2,NA,0x0,0xA,0,0
35,48,1,0x488C88955B2766E5,0xC,270,0.177777777778,0,NA,0x0,0x2,0,0
35,48,2,0x488C88955B2766E5,0xC,321,0.149532710280,0,NA,0x0,0x7,0,0
35,48,3,0x488C88955B2766E5,0xC,363,0.132231404959,0,NA,0x0,0xD,0,0
35,48,4,0x488C88955B2766E5,0xC,274,0.175182481752,0,NA,0x0,0x1,0,0
35,48,5,0x488C88955B2766E5,0xC,285,0.168421052632,0,NA,0x0,0xD,0,0
35,48,6,0x488C88955B2766E5,0xC,277,0.173285198556,0,NA,0x0,0xD,0,0
35,48,7,0x488C88955B2766E5,0xC,362,0.132596685083,0,NA,0x0,0x8,0,0
35,56,0,0x488C88955B2766E5,0xC,309,0.181229773463,1,0x6,0xA,0xA,1,1
35,56,1,0x488C88955B2766E5,0xC,305,0.183606557377,2,NA,0x0,0x2,0,0
35,56,2,0x488C88955B2766E5,0xC,370,0.151351351351,0,NA,0x0,0x7,0,0
35,56,3,0x488C88955B2766E5,0xC,425,0.131764705882,0,NA,0x0,0xD,0,0
35,56,4,0x488C88955B2766E5,0xC,341,0.164222873900,0,NA,0x0,0x1,0,0
35,56,5,0x488C88955B2766E5,0xC,311,0.180064308682,0,NA,0x0,0xD,0,0
35,56,6,0x488C88955B2766E5,0xC,314,0.178343949045,0,NA,0x0,0xD,0,0
35,56,7,0x488C88955B2766E5,0xC,452,0.123893805310,0,NA,0x0,0x8,0,0
35,64,0,0x488C88955B2766E5,0xC,378,0.169312169312,1,0x6,0xA,0xA,1,1
35,64,1,0x488C88955B2766E5,0xC,408,0.156862745098,2,NA,0x0,0x2,0,0
35,64,2,0x488C88955B2766E5,0xC,395,0.162025316456,0,NA,0x0,0x7,0,0
35,64,3,0x488C88955B2766E5,0xC,493,0.129817444219,0,NA,0x0,0xD,0,0
35,64,4,0x488C88955B2766E5,0xC,391,0.163682864450,0,NA,0x0,0x1,0,0
35,64,5,0x488C88955B2766E5,0xC,341,0.187683284457,0,NA,0x0,0xD,0,0
35,64,6,0x488C88955B2766E5,0xC,362,0.176795580110,0,NA,0x0,0xD,0,0
35,64,7,0x488C88955B2766E5,0xC,474,0.135021097046,0,NA,0x0,0x8,0,0
35,72,0,0x488C88955B2766E5,0xC,415,0.173493975904,1,0x6,0xA,0xA,1,1
35,72,1,0x488C88955B2766E5,0xC,455,0.158241758242,2,NA,0x0,0x2,0,0
35,72,2,0x488C88955B2766E5,0xC,446,0.161434977578,0,NA,0x0,0x7,0,0
35,72,3,0x488C88955B2766E5,0xC,535,0.134579439252,0,NA,0x0,0xD,0,0
35,72,4,0x488C88955B2766E5,0xC,435,0.165517241379,0,NA,0x0,0x1,0,0
35,72,5,0x488C88955B2766E5,0xC,379,0.189973614776,0,NA,0x0,0xD,0,0
35,72,6,0x488C88955B2766E5,0xC,426,0.169014084507,0,NA,0x0,0xD,0,0
35,72,7,0x488C88955B2766E5,0xC,498,0.144578313253,0,NA,0x0,0x8,0,0
35,80,0,0x488C88955B2766E5,0xC,461,0.173535791757,1,0x6,0xA,0xA,1,1
35,80,1,0x488C88955B2766E5,0xC,494,0.161943319838,1,0xE,0x2,0x2,1,1
35,80,2,0x488C88955B2766E5,0xC,485,0.164948453608,1,0xB,0x7,0x7,1,1
35,80,3,0x488C88955B2766E5,0xC,596,0.134228187919,1,0x1,0xD,0xD,1,1
35,80,4,0x488C88955B2766E5,0xC,511,0.156555772994,1,0xD,0x1,0x1,1,1
35,80,5,0x488C88955B2766E5,0xC,414,0.193236714976,1,0x1,0xD,0xD,1,1
35,80,6,0x488C88955B2766E5,0xC,464,0.172413793103,1,0x1,0xD,0xD,1,1
35,80,7,0x488C88955B2766E5,0xC,541,0.147874306839,1,0x4,0x8,0x8,1,1
35,96,0,0x488C88955B2766E5,0xC,562,0.170818505338,1,0x6,0xA,0xA,1,1
35,96,1,0x488C88955B2766E5,0xC,573,0.167539267016,1,0xE,0x2,0x2,1,1
35,96,2,0x488C88955B2766E5,0xC,553,0.173598553345,1,0xB,0x7,0x7,1,1
35,96,3,0x488C88955B2766E5,0xC,724,0.132596685083,1,0x1,0xD,0xD,1,1
35,96,4,0x488C88955B2766E5,0xC,607,0.158154859967,1,0xD,0x1,0x1,1,1
35,96,5,0x488C88955B2766E5,0xC,549,0.174863387978,1,0x1,0xD,0xD,1,1
35,96,6,0x488C88955B2766E5,0xC,562,0.170818505338,1,0x1,0xD,0xD,1,1
35,96,7,0x488C88955B2766E5,0xC,645,0.148837209302,1,0x4,0x8,0x8,1,1
35,112,0,0x488C88955B2766E5,0xC,668,0.167664670659,1,0x6,0xA,0xA,1,1
35,112,1,0x488C88955B2766E5,0xC,668,0.167664670659,1,0xE,0x2,0x2,1,1
35,112,2,0x488C88955B2766E5,0xC,619,0.180936995153,1,0xB,0x7,0x7,1,1
35,112,3,0x488C88955B2766E5,0xC,830,0.134939759036,1,0x1,0xD,0xD,1,1
35,112,4,0x488C88955B2766E5,0xC,697,0.160688665710,1,0xD,0x1,0x1,1,1
35,112,5,0x488C88955B2766E5,0xC,645,0.173643410853,1,0x1,0xD,0xD,1,1
35,112,6,0x488C88955B2766E5,0xC,671,0.166915052161,1,0x1,0xD,0xD,1,1
35,112,7,0x488C88955B2766E5,0xC,740,0.151351351351,1,0x4,0x8,0x8,1,1
35,128,0,0x488C88955B2766E5,0xC,809,0.158220024722,1,0x6,0xA,0xA,1,1
35,128,1,0x488C88955B2766E5,0xC,762,0.167979002625,1,0xE,0x2,0x2,1,1
35,128,2,0x488C88955B2766E5,0xC,744,0.172043010753,1,0xB,0x7,0x7,1,1
35,128,3,0x488C88955B2766E5,0xC,949,0.134878819810,1,0x1,0xD,0xD,1,1
35,128,4,0x488C88955B2766E5,0xC,759,0.168642951252,1,0xD,0x1,0x1,1,1
35,128,5,0x488C88955B2766E5,0xC,759,0.168642951252,1,0x1,0xD,0xD,1,1
35,128,6,0x488C88955B2766E5,0xC,780,0.164102564103,1,0x1,0xD,0xD,1,1
35,128,7,0x488C88955B2766E5,0xC,850,0.150588235294,1,0x4,0x8,0x8,1,1
35,160,0,0x488C88955B2766E5,0xC,971,0.164778578785,1,0x6,0xA,0xA,1,1
35,160,1,0x488C88955B2766E5,0xC,983,0.162767039674,1,0xE,0x2,0x2,1,1
35,160,2,0x488C88955B2766E5,0xC,927,0.172599784250,1,0xB,0x7,0x7,1,1
35,160,3,0x488C88955B2766E5,0xC,1132,0.141342756184,1,0x1,0xD,0xD,1,1
35,160,4,0x488C88955B2766E5,0xC,937,0.170757737460,1,0xD,0x1,0x1,1,1
35,160,5,0x488C88955B2766E5,0xC,961,0.166493236212,1,0x1,0xD,0xD,1,1
35,160,6,0x488C88955B2766E5,0xC,941,0.170031880978,1,0x1,0xD,0xD,1,1
35,160,7,0x488C88955B2766E5,0xC,1085,0.147465437788,1,0x4,0x8,0x8,1,1
35,192,0,0x488C88955B2766E5,0xC,1174,0.163543441227,1,0x6,0xA,0xA,1,1
35,192,1,0x488C88955B2766E5,0xC,1239,0.154963680387,1,0xE,0x2,0x2,1,1
35,192,2,0x488C88955B2766E5,0xC,1145,0.167685589520,1,0xB,0x7,0x7,1,1
35,192,3,0x488C88955B2766E5,0xC,1356,0.141592920354,1,0x1,0xD,0xD,1,1
35,192,4,0x488C88955B2766E5,0xC,1086,0.176795580110,1,0xD,0x1,0x1,1,1
35,192,5,0x488C88955B2766E5,0xC,1150,0.166956521739,1,0x1,0xD,0xD,1,1
35,192,6,0x488C88955B2766E5,0xC,1198,0.160267111853,1,0x1,0xD,0xD,1,1
35,192,7,0x488C88955B2766E5,0xC,1345,0.142750929368,1,0x4,0x8,0x8,1,1
35,256,0,0x488C88955B2766E5,0xC,1584,0.161616161616,1,0x6,0xA,0xA,1,1
35,256,1,0x488C88955B2766E5,0xC,1691,0.151389710231,1,0xE,0x2,0x2,1,1
35,256,2,0x488C88955B2766E5,0xC,1523,0.168089297439,1,0xB,0x7,0x7,1,1
35,256,3,0x488C88955B2766E5,0xC,1749,0.146369353917,1,0x1,0xD,0xD,1,1
35,256,4,0x488C88955B2766E5,0xC,1431,0.178895877009,1,0xD,0x1,0x1,1,1
35,256,5,0x488C88955B2766E5,0xC,1594,0.160602258469,1,0x1,0xD,0xD,1,1
35,256,6,0x488C88955B2766E5,0xC,1630,0.157055214724,1,0x1,0xD,0xD,1,1
35,256,7,0x488C88955B2766E5,0xC,1759,0.145537237067,1,0x4,0x8,0x8,1,1
36,16,0,0x04B9B5A835E1C531,0x3,88,0.181818181818,6,NA,0x0,0x7,0,0
36,16,1,0x04B9B5A835E1C531,0x3,111,0.144144144144,0,NA,0x0,0xD,0,0
36,16,2,0x04B9B5A835E1C531,0x3,57,0.280701754386,0,NA,0x0,0xE,0,0
36,16,3,0x04B9B5A835E1C531,0x3,78,0.205128205128,0,NA,0x0,0x4,0,0
36,16,4,0x04B9B5A835E1C531,0x3,62,0.258064516129,0,NA,0x0,0x4,0,0
36,16,5,0x04B9B5A835E1C531,0x3,135,0.118518518519,0,NA,0x0,0x7,0,0
36,16,6,0x04B9B5A835E1C531,0x3,109,0.146788990826,0,NA,0x0,0x2,0,0
36,16,7,0x04B9B5A835E1C531,0x3,80,0.200000000000,0,NA,0x0,0x1,0,0
36,24,0,0x04B9B5A835E1C531,0x3,150,0.160000000000,2,NA,0x0,0x7,0,0
36,24,1,0x04B9B5A835E1C531,0x3,155,0.154838709677,0,NA,0x0,0xD,0,0
36,24,2,0x04B9B5A835E1C531,0x3,101,0.237623762376,0,NA,0x0,0xE,0,0
36,24,3,0x04B9B5A835E1C531,0x3,140,0.171428571429,0,NA,0x0,0x4,0,0
36,24,4,0x04B9B5A835E1C531,0x3,113,0.212389380531,0,NA,0x0,0x4,0,0
36,24,5,0x04B9B5A835E1C531,0x3,193,0.124352331606,0,NA,0x0,0x7,0,0
36,24,6,0x04B9B5A835E1C531,0x3,147,0.163265306122,0,NA,0x0,0x2,0,0
36,24,7,0x04B9B5A835E1C531,0x3,138,0.173913043478,0,NA,0x0,0x1,0,0
36,32,0,0x04B9B5A835E1C531,0x3,200,0.160000000000,1,0x4,0x7,0x7,1,1
36,32,1,0x04B9B5A835E1C531,0x3,202,0.158415841584,4,NA,0x0,0xD,0,0
36,32,2,0x04B9B5A835E1C531,0x3,150,0.213333333333,0,NA,0x0,0xE,0,0
36,32,3,0x04B9B5A835E1C531,0x3,191,0.167539267016,0,NA,0x0,0x4,0,0
36,32,4,0x04B9B5A835E1C531,0x3,200,0.160000000000,0,NA,0x0,0x4,0,0
36,32,5,0x04B9B5A835E1C531,0x3,241,0.132780082988,0,NA,0x0,0x7,0,0
36,32,6,0x04B9B5A835E1C531,0x3,194,0.164948453608,0,NA,0x0,0x2,0,0
36,32,7,0x04B9B5A835E1C531,0x3,214,0.149532710280,0,NA,0x0,0x1,0,0
36,40,0,0x04B9B5A835E1C531,0x3,245,0.163265306122,1,0x4,0x7,0x7,1,1
36,40,1,0x04B9B5A835E1C531,0x3,262,0.152671755725,2,NA,0x0,0xD,0,0
36,40,2,0x04B9B5A835E1C531,0x3,200,0.200000000000,0,NA,0x0,0xE,0,0
36,40,3,0x04B9B5A835E1C531,0x3,261,0.153256704981,0,NA,0x0,0x4,0,0
36,40,4,0x04B9B5A835E1C531,0x3,263,0.152091254753,0,NA,0x0,0x4,0,0
36,40,5,0x04B9B5A835E1C531,0x3,310,0.129032258065,0,NA,0x0,0x7,0,0
36,40,6,0x04B9B5A835E1C531,0x3,258,0.155038759690,0,NA,0x0,0x2,0,0
36,40,7,0x04B9B5A835E1C531,0x3,249,0.160642570281,0,NA,0x0,0x1,0,0
36,48,0,0x04B9B5A835E1C531,0x3,289,0.166089965398,1,0x4,0x7,0x7,1,1
36,48,1,0x04B9B5A835E1C531,0x3,288,0.166666666667,1,0xE,0xD,0xD,1,1
36,48,2,0x04B9B5A835E1C531,0x3,235,0.204255319149,1,0xD,0xE,0xE,1,1
36,48,3,0x04B9B5A835E1C531,0x3,307,0.156351791531,2,NA,0x0,0x4,0,0
36,48,4,0x04B9B5A835E1C531,0x3,309,0.155339805825,0,NA,0x0,0x4,0,0
36,48,5,0x04B9B5A835E1C531,0x3,356,0.134831460674,0,NA,0x0,0x7,0,0
36,48,6,0x04B9B5A835E1C531,0x3,300,0.160000000000,0,NA,0x0,0x2,0,0
36,48,7,0x04B9B5A835E1C531,0x3,280,0.171428571429,0,NA,0x0,0x1,0,0
36,56,0,0x04B9B5A835E1C531,0x3,354,0.158192090395,1,0x4,0x7,0x7,1,1
36,56,1,0x04B9B5A835E1C531,0x3,342,0.163742690058,1,0xE,0xD,0xD,1,1
36,56,2,0x04B9B5A835E1C531,0x3,267,0.209737827715,1,0xD,0xE,0xE,1,1
36,56,3,0x04B9B5A835E1C531,0x3,349,0.160458452722,2,NA,0x0,0x4,0,0
36,56,4,0x04B9B5A835E1C531,0x3,342,0.163742690058,0,NA,0x0,0x4,0,0
36,56,5,0x04B9B5A835E1C531,0x3,416,0.134615384615,0,NA,0x0,0x7,0,0
36,56,6,0x04B9B5A835E1C531,0x3,345,0.162318840580,0,NA,0x0,0x2,0,0
36,56,7,0x04B9B5A835E1C531,0x3,304,0.184210526316,0,NA,0x0,0x1,0,0
36,64,0,0x04B9B5A835E1C531,0x3,417,0.153477218225,1,0x4,0x7,0x7,1,1
36,64,1,0x04B9B5A835E1C531,0x3,413,0.154963680387,1,0xE,0xD,0xD,1,1
36,64,2,0x04B9B5A835E1C531,0x3,306,0.209150326797,1,0xD,0xE,0xE,1,1
36,64,3,0x04B9B5A835E1C531,0x3,374,0.171122994652,2,NA,0x0,0x4,0,0
36,64,4,0x04B9B5A835E1C531,0x3,369,0.173441734417,0,NA,0x0,0x4,0,0
36,64,5,0x04B9B5A835E1C531,0x3,477,0.134171907757,0,NA,0x0,0x7,0,0
36,64,6,0x04B9B5A835E1C531,0x3,442,0.144796380090,0,NA,0x0,0x2,0,0
36,64,7,0x04B9B5A835E1C531,0x3,343,0.186588921283,0,NA,0x0,0x1,0,0
36,72,0,0x04B9B5A835E1C531,0x3,464,0.155172413793,1,0x4,0x7,0x7,1,1
36,72,1,0x04B9B5A835E1C531,0x3,465,0.154838709677,1,0xE,0xD,0xD,1,1
36,72,2,0x04B9B5A835E1C531,0x3,335,0.214925373134,1,0xD,0xE,0xE,1,1
36,72,3,0x04B9B5A835E1C531,0x3,429,0.167832167832,2,NA,0x0,0x4,0,0
36,72,4,0x04B9B5A835E1C531,0x3,413,0.174334140436,0,NA,0x0,0x4,0,0
36,72,5,0x04B9B5A835E1C531,0x3,547,0.131627056673,0,NA,0x0,0x7,0,0
36,72,6,0x04B9B5A835E1C531,0x3,462,0.155844155844,0,NA,0x0,0x2,0,0
36,72,7,0x04B9B5A835E1C531,0x3,410,0.175609756098,0,NA,0x0,0x1,0,0
36,80,0,0x04B9B5A835E1C531,0x3,496,0.161290322581,1,0x4,0x7,0x7,1,1
36,80,1,0x04B9B5A835E1C531,0x3,527,0.151802656546,1,0xE,0xD,0xD,1,1
36,80,2,0x04B9B5A835E1C531,0x3,361,0.221606648199,1,0xD,0xE,0xE,1,1
36,80,3,0x04B9B5A835E1C531,0x3,457,0.175054704595,1,0x7,0x4,0x4,1,1
36,80,4,0x04B9B5A835E1C531,0x3,461,0.173535791757,1,0x7,0x4,0x4,1,1
36,80,5,0x04B9B5A835E1C531,0x3,595,0.134453781513,1,0x4,0x7,0x7,1,1
36,80,6,0x04B9B5A835E1C531,0x3,525,0.152380952381,1,0x1,0x2,0x2,1,1
36,80,7,0x04B9B5A835E1C531,0x3,474,0.168776371308,1,0x2,0x1,0x1,1,1
36,96,0,0x04B9B5A835E1C531,0x3,623,0.154093097913,1,0x4,0x7,0x7,1,1
36,96,1,0x04B9B5A835E1C531,0x3,639,0.150234741784,1,0xE,0xD,0xD,1,1
36,96,2,0x04B9B5A835E1C531,0x3,512,0.187500000000,1,0xD,0xE,0xE,1,1
36,96,3,0x04B9B5A835E1C531,0x3,557,0.172351885099,1,0x7,0x4,0x4,1,1
36,96,4,0x04B9B5A835E1C531,0x3,578,0.166089965398,1,0x7,0x4,0x4,1,1
36,96,5,0x04B9B5A835E1C531,0x3,697,0.137733142037,1,0x4,0x7,0x7,1,1
36,96,6,0x04B9B5A835E1C531,0x3,618,0.155339805825,1,0x1,0x2,0x2,1,1
36,96,7,0x04B9B5A835E1C531,0x3,577,0.166377816291,1,0x2,0x1,0x1,1,1
36,112,0,0x04B9B5A835E1C531,0x3,720,0.155555555556,1,0x4,0x7,0x7,1,1
36,112,1,0x04B9B5A835E1C531,0x3,762,0.146981627297,1,0xE,0xD,0xD,1,1
36,112,2,0x04B9B5A835E1C531,0x3,573,0.195462478185,1,0xD,0xE,0xE,1,1
36,112,3,0x04B9B5A835E1C531,0x3,658,0.170212765957,1,0x7,0x4,0x4,1,1
36,112,4,0x04B9B5A835E1C531,0x3,658,0.170212765957,1,0x7,0x4,0x4,1,1
36,112,5,0x04B9B5A835E1C531,0x3,758,0.147757255937,1,0x4,0x7,0x7,1,1
36,112,6,0x04B9B5A835E1C531,0x3,757,0.147952443857,1,0x1,0x2,0x2,1,1
36,112,7,0x04B9B5A835E1C531,0x3,711,0.157524613221,1,0x2,0x1,0x1,1,1
36,128,0,0x04B9B5A835E1C531,0x3,848,0.150943396226,1,0x4,0x7,0x7,1,1
36,128,1,0x04B9B5A835E1C531,0x3,875,0.146285714286,1,0xE,0xD,0xD,1,1
36,128,2,0x04B9B5A835E1C531,0x3,655,0.195419847328,1,0xD,0xE,0xE,1,1
36,128,3,0x04B9B5A835E1C531,0x3,747,0.171352074967,1,0x7,0x4,0x4,1,1
36,128,4,0x04B9B5A835E1C531,0x3,794,0.161209068010,1,0x7,0x4,0x4,1,1
36,128,5,0x04B9B5A835E1C531,0x3,850,0.150588235294,1,0x4,0x7,0x7,1,1
36,128,6,0x04B9B5A835E1C531,0x3,846,0.151300236407,1,0x1,0x2,0x2,1,1
36,128,7,0x04B9B5A835E1C531,0x3,785,0.163057324841,1,0x2,0x1,0x1,1,1
36,160,0,0x04B9B5A835E1C531,0x3,1038,0.154142581888,1,0x4,0x7,0x7,1,1
36,160,1,0x04B9B5A835E1C531,0x3,1070,0.149532710280,1,0xE,0xD,0xD,1,1
36,160,2,0x04B9B5A835E1C531,0x3,870,0.183908045977,1,0xD,0xE,0xE,1,1
36,160,3,0x04B9B5A835E1C531,0x3,942,0.169851380042,1,0x7,0x4,0x4,1,1
36,160,4,0x04B9B5A835E1C531,0x3,964,0.165975103734,1,0x7,0x4,0x4,1,1
36,160,5,0x04B9B5A835E1C531,0x3,1007,0.158887785501,1,0x4,0x7,0x7,1,1
36,160,6,0x04B9B5A835E1C531,0x3,1073,0.149114631873,1,0x1,0x2,0x2,1,1
36,160,7,0x04B9B5A835E1C531,0x3,1008,0.158730158730,1,0x2,0x1,0x1,1,1
36,192,0,0x04B9B5A835E1C531,0x3,1177,0.163126593033,1,0x4,0x7,0x7,1,1
36,192,1,0x04B9B5A835E1C531,0x3,1254,0.153110047847,1,0xE,0xD,0xD,1,1
36,192,2,0x04B9B5A835E1C531,0x3,1106,0.173598553345,1,0xD,0xE,0xE,1,1
36,192,3,0x04B9B5A835E1C531,0x3,1154,0.166377816291,1,0x7,0x4,0x4,1,1
36,192,4,0x04B9B5A835E1C531,0x3,1135,0.169162995595,1,0x7,0x4,0x4,1,1
36,192,5,0x04B9B5A835E1C531,0x3,1159,0.165660051769,1,0x4,0x7,0x7,1,1
36,192,6,0x04B9B5A835E1C531,0x3,1277,0.150352388410,1,0x1,0x2,0x2,1,1
36,192,7,0x04B9B5A835E1C531,0x3,1199,0.160133444537,1,0x2,0x1,0x1,1,1
36,256,0,0x04B9B5A835E1C531,0x3,1656,0.154589371981,1,0x4,0x7,0x7,1,1
36,256,1,0x04B9B5A835E1C531,0x3,1617,0.158317872604,1,0xE,0xD,0xD,1,1
36,256,2,0x04B9B5A835E1C531,0x3,1470,0.174149659864,1,0xD,0xE,0xE,1,1
36,256,3,0x04B9B5A835E1C531,0x3,1497,0.171008684035,1,0x7,0x4,0x4,1,1
36,256,4,0x04B9B5A835E1C531,0x3,1557,0.164418754014,1,0x7,0x4,0x4,1,1
36,256,5,0x04B9B5A835E1C531,0x3,1597,0.160300563557,1,0x4,0x7,0x7,1,1
36,256,6,0x04B9B5A835E1C531,0x3,1639,0.156192800488,1,0x1,0x2,0x2,1,1
36,256,7,0x04B9B5A835E1C531,0x3,1577,0.162333544705,1,0x2,0x1,0x1,1,1
37,16,0,0xD6D1A2DC49B49622,0x3,103,0.155339805825,5,NA,0x0,0xB,0,0
37,16,1,0xD6D1A2DC49B49622,0x3,97,0.164948453608,0,NA,0x0,0xA,0,0
37,16,2,0xD6D1A2DC49B49622,0x3,81,0.197530864198,0,NA,0x0,0x6,0,0
37,16,3,0xD6D1A2DC49B49622,0x3,96,0.166666666667,0,NA,0x0,0x1,0,0
37,16,4,0xD6D1A2DC49B49622,0x3,112,0.142857142857,0,NA,0x0,0xA,0,0
37,16,5,0xD6D1A2DC49B49622,0x3,111,0.144144144144,0,NA,0x0,0xA,0,0
37,16,6,0xD6D1A2DC49B49622,0x3,64,0.250000000000,0,NA,0x0,0xD,0,0
37,16,7,0xD6D1A2DC49B49622,0x3,81,0.197530864198,0,NA,0x0,0x7,0,0
37,24,0,0xD6D1A2DC49B49622,0x3,134,0.179104477612,4,NA,0x0,0xB,0,0
37,24,1,0xD6D1A2DC49B49622,0x3,140,0.171428571429,0,NA,0x0,0xA,0,0
37,24,2,0xD6D1A2DC49B49622,0x3,120,0.200000000000,0,NA,0x0,0x6,0,0
37,24,3,0xD6D1A2DC49B49622,0x3,139,0.172661870504,0,NA,0x0,0x1,0,0
37,24,4,0xD6D1A2DC49B49622,0x3,153,0.156862745098,0,NA,0x0,0xA,0,0
37,24,5,0xD6D1A2DC49B49622,0x3,143,0.167832167832,0,NA,0x0,0xA,0,0
37,24,6,0xD6D1A2DC49B49622,0x3,105,0.228571428571,0,NA,0x0,0xD,0,0
37,24,7,0xD6D1A2DC49B49622,0x3,114,0.210526315789,0,NA,0x0,0x7,0,0
37,32,0,0xD6D1A2DC49B49622,0x3,191,0.167539267016,3,NA,0x0,0xB,0,0
37,32,1,0xD6D1A2DC49B49622,0x3,199,0.160804020101,0,NA,0x0,0xA,0,0
37,32,2,0xD6D1A2DC49B49622,0x3,171,0.187134502924,0,NA,0x0,0x6,0,0
37,32,3,0xD6D1A2DC49B49622,0x3,213,0.150234741784,0,NA,0x0,0x1,0,0
37,32,4,0xD6D1A2DC49B49622,0x3,212,0.150943396226,0,NA,0x0,0xA,0,0
37,32,5,0xD6D1A2DC49B49622,0x3,182,0.175824175824,0,NA,0x0,0xA,0,0
37,32,6,0xD6D1A2DC49B49622,0x3,172,0.186046511628,0,NA,0x0,0xD,0,0
37,32,7,0xD6D1A2DC49B49622,0x3,151,0.211920529801,0,NA,0x0,0x7,0,0
37,40,0,0xD6D1A2DC49B49622,0x3,250,0.160000000000,2,NA,0x0,0xB,0,0
37,40,1,0xD6D1A2DC49B49622,0x3,279,0.143369175627,0,NA,0x0,0xA,0,0
37,40,2,0xD6D1A2DC49B49622,0x3,238,0.168067226891,0,NA,0x0,0x6,0,0
37,40,3,0xD6D1A2DC49B49622,0x3,265,0.150943396226,0,NA,0x0,0x1,0,0
37,40,4,0xD6D1A2DC49B49622,0x3,250,0.160000000000,0,NA,0x0,0xA,0,0
37,40,5,0xD6D1A2DC49B49622,0x3,226,0.176991150442,0,NA,0x0,0xA,0,0
37,40,6,0xD6D1A2DC49B49622,0x3,209,0.191387559809,0,NA,0x0,0xD,0,0
37,40,7,0xD6D1A2DC49B49622,0x3,202,0.198019801980,0,NA,0x0,0x7,0,0
37,48,0,0xD6D1A2DC49B49622,0x3,290,0.165517241379,1,0x8,0xB,0xB,1,1
37,48,1,0xD6D1A2DC49B49622,0x3,335,0.143283582090,2,NA,0x0,0xA,0,0
37,48,2,0xD6D1A2DC49B49622,0x3,271,0.177121771218,0,NA,0x0,0x6,0,0
37,48,3,0xD6D1A2DC49B49622,0x3,319,0.150470219436,0,NA,0x0,0x1,0,0
37,48,4,0xD6D1A2DC49B49622,0x3,283,0.169611307420,0,NA,0x0,0xA,0,0
37,48,5,0xD6D1A2DC49B49622,0x3,266,0.180451127820,0,NA,0x0,0xA,0,0
37,48,6,0xD6D1A2DC49B49622,0x3,274,0.175182481752,0,NA,0x0,0xD,0,0
37,48,7,0xD6D1A2DC49B49622,0x3,240,0.200000000000,0,NA,0x0,0x7,0,0
37,56,0,0xD6D1A2DC49B49622,0x3,357,0.156862745098,1,0x8,0xB,0xB,1,1
37,56,1,0xD6D1A2DC49B49622,0x3,409,0.136919315403,1,0x9,0xA,0xA,1,1
37,56,2,0xD6D1A2DC49B49622,0x3,320,0.175000000000,1,0x5,0x6,0x6,1,1
37,56,3,0xD6D1A2DC49B49622,0x3,373,0.150134048257,1,0x2,0x1,0x1,1,1
37,56,4,0xD6D1A2DC49B49622,0x3,374,0.149732620321,1,0x9,0xA,0xA,1,1
37,56,5,0xD6D1A2DC49B49622,0x3,307,0.182410423453,1,0x9,0xA,0xA,1,1
37,56,6,0xD6D1A2DC49B49622,0x3,313,0.178913738019,1,0xE,0xD,0xD,1,1
37,56,7,0xD6D1A2DC49B49622,0x3,298,0.187919463087,1,0x4,0x7,0x7,1,1
37,64,0,0xD6D1A2DC49B49622,0x3,377,0.169761273210,1,0x8,0xB,0xB,1,1
37,64,1,0xD6D1A2DC49B49622,0x3,474,0.135021097046,1,0x9,0xA,0xA,1,1
37,64,2,0xD6D1A2DC49B49622,0x3,378,0.169312169312,1,0x5,0x6,0x6,1,1
37,64,3,0xD6D1A2DC49B49622,0x3,425,0.150588235294,1,0x2,0x1,0x1,1,1
37,64,4,0xD6D1A2DC49B49622,0x3,420,0.152380952381,1,0x9,0xA,0xA,1,1
37,64,5,0xD6D1A2DC49B49622,0x3,383,0.167101827676,1,0x9,0xA,0xA,1,1
37,64,6,0xD6D1A2DC49B49622,0x3,336,0.190476190476,1,0xE,0xD,0xD,1,1
37,64,7,0xD6D1A2DC49B49622,0x3,372,0.172043010753,1,0x4,0x7,0x7,1,1
37,72,0,0xD6D1A2DC49B49622,0x3,422,0.170616113744,1,0x8,0xB,0xB,1,1
37,72,1,0xD6D1A2DC49B49622,0x3,523,0.137667304015,1,0x9,0xA,0xA,1,1
37,72,2,0xD6D1A2DC49B49622,0x3,466,0.154506437768,1,0x5,0x6,0x6,1,1
37,72,3,0xD6D1A2DC49B49622,0x3,475,0.151578947368,1,0x2,0x1,0x1,1,1
37,72,4,0xD6D1A2DC49B49622,0x3,454,0.158590308370,1,0x9,0xA,0xA,1,1
37,72,5,0xD6D1A2DC49B49622,0x3,438,0.164383561644,1,0x9,0xA,0xA,1,1
37,72,6,0xD6D1A2DC49B49622,0x3,367,0.196185286104,1,0xE,0xD,0xD,1,1
37,72,7,0xD6D1A2DC49B49622,0x3,443,0.162528216704,1,0x4,0x7,0x7,1,1
37,80,0,0xD6D1A2DC49B49622,0x3,475,0.168421052632,1,0x8,0xB,0xB,1,1
37,80,1,0xD6D1A2DC49B49622,0x3,561,0.142602495544,1,0x9,0xA,0xA,1,1
37,80,2,0xD6D1A2DC49B49622,0x3,513,0.155945419103,1,0x5,0x6,0x6,1,1
37,80,3,0xD6D1A2DC49B49622,0x3,507,0.157790927022,1,0x2,0x1,0x1,1,1
37,80,4,0xD6D1A2DC49B49622,0x3,499,0.160320641283,1,0x9,0xA,0xA,1,1
37,80,5,0xD6D1A2DC49B49622,0x3,482,0.165975103734,1,0x9,0xA,0xA,1,1
37,80,6,0xD6D1A2DC49B49622,0x3,419,0.190930787589,1,0xE,0xD,0xD,1,1
37,80,7,0xD6D1A2DC49B49622,0x3,489,0.163599182004,1,0x4,0x7,0x7,1,1
37,96,0,0xD6D1A2DC49B49622,0x3,549,0.174863387978,1,0x8,0xB,0xB,1,1
37,96,1,0xD6D1A2DC49B49622,0x3,628,0.152866242038,1,0x9,0xA,0xA,1,1
37,96,2,0xD6D1A2DC49B49622,0x3,595,0.161344537815,1,0x5,0x6,0x6,1,1
37,96,3,0xD6D1A2DC49B49622,0x3,560,0.171428571429,1,0x2,0x1,0x1,1,1
37,96,4,0xD6D1A2DC49B49622,0x3,602,0.159468438538,1,0x9,0xA,0xA,1,1
37,96,5,0xD6D1A2DC49B49622,0x3,539,0.178107606679,1,0x9,0xA,0xA,1,1
37,96,6,0xD6D1A2DC49B49622,0x3,555,0.172972972973,1,0xE,0xD,0xD,1,1
37,96,7,0xD6D1A2DC49B49622,0x3,600,0.160000000000,1,0x4,0x7,0x7,1,1
37,112,0,0xD6D1A2DC49B49622,0x3,609,0.183908045977,1,0x8,0xB,0xB,1,1
37,112,1,0xD6D1A2DC49B49622,0x3,737,0.151967435550,1,0x9,0xA,0xA,1,1
37,112,2,0xD6D1A2DC49B49622,0x3,674,0.166172106825,1,0x5,0x6,0x6,1,1
37,112,3,0xD6D1A2DC49B49622,0x3,663,0.168929110106,1,0x2,0x1,0x1,1,1
37,112,4,0xD6D1A2DC49B49622,0x3,699,0.160228898426,1,0x9,0xA,0xA,1,1
37,112,5,0xD6D1A2DC49B49622,0x3,622,0.180064308682,1,0x9,0xA,0xA,1,1
37,112,6,0xD6D1A2DC49B49622,0x3,635,0.176377952756,1,0xE,0xD,0xD,1,1
37,112,7,0xD6D1A2DC49B49622,0x3,722,0.155124653740,1,0x4,0x7,0x7,1,1
37,128,0,0xD6D1A2DC49B49622,0x3,717,0.178521617852,1,0x8,0xB,0xB,1,1
37,128,1,0xD6D1A2DC49B49622,0x3,835,0.153293413174,1,0x9,0xA,0xA,1,1
37,128,2,0xD6D1A2DC49B49622,0x3,767,0.166883963494,1,0x5,0x6,0x6,1,1
37,128,3,0xD6D1A2DC49B49622,0x3,762,0.167979002625,1,0x2,0x1,0x1,1,1
37,128,4,0xD6D1A2DC49B49622,0x3,773,0.165588615783,1,0x9,0xA,0xA,1,1
37,128,5,0xD6D1A2DC49B49622,0x3,708,0.180790960452,1,0x9,0xA,0xA,1,1
37,128,6,0xD6D1A2DC49B49622,0x3,737,0.173677069199,1,0xE,0xD,0xD,1,1
37,128,7,0xD6D1A2DC49B49622,0x3,828,0.154589371981,1,0x4,0x7,0x7,1,1
37,160,0,0xD6D1A2DC49B49622,0x3,891,0.179573512907,1,0x8,0xB,0xB,1,1
37,160,1,0xD6D1A2DC49B49622,0x3,1035,0.154589371981,1,0x9,0xA,0xA,1,1
37,160,2,0xD6D1A2DC49B49622,0x3,966,0.165631469979,1,0x5,0x6,0x6,1,1
37,160,3,0xD6D1A2DC49B49622,0x3,935,0.171122994652,1,0x2,0x1,0x1,1,1
37,160,4,0xD6D1A2DC49B49622,0x3,1015,0.157635467980,1,0x9,0xA,0xA,1,1
37,160,5,0xD6D1A2DC49B49622,0x3,916,0.174672489083,1,0x9,0xA,0xA,1,1
37,160,6,0xD6D1A2DC49B49622,0x3,975,0.164102564103,1,0xE,0xD,0xD,1,1
37,160,7,0xD6D1A2DC49B49622,0x3,1010,0.158415841584,1,0x4,0x7,0x7,1,1
37,192,0,0xD6D1A2DC49B49622,0x3,1103,0.174070716228,1,0x8,0xB,0xB,1,1
37,192,1,0xD6D1A2DC49B49622,0x3,1275,0.150588235294,1,0x9,0xA,0xA,1,1
37,192,2,0xD6D1A2DC49B49622,0x3,1113,0.172506738544,1,0x5,0x6,0x6,1,1
37,192,3,0xD6D1A2DC49B49622,0x3,1195,0.160669456067,1,0x2,0x1,0x1,1,1
37,192,4,0xD6D1A2DC49B49622,0x3,1289,0.148952676493,1,0x9,0xA,0xA,1,1
37,192,5,0xD6D1A2DC49B49622,0x3,1098,0.174863387978,1,0x9,0xA,0xA,1,1
37,192,6,0xD6D1A2DC49B49622,0x3,1165,0.164806866953,1,0xE,0xD,0xD,1,1
37,192,7,0xD6D1A2DC49B49622,0x3,1195,0.160669456067,1,0x4,0x7,0x7,1,1
37,256,0,0xD6D1A2DC49B49622,0x3,1543,0.165910563837,1,0x8,0xB,0xB,1,1
37,256,1,0xD6D1A2DC49B49622,0x3,1673,0.153018529588,1,0x9,0xA,0xA,1,1
37,256,2,0xD6D1A2DC49B49622,0x3,1555,0.164630225080,1,0x5,0x6,0x6,1,1
37,256,3,0xD6D1A2DC49B49622,0x3,1574,0.162642947903,1,0x2,0x1,0x1,1,1
37,256,4,0xD6D1A2DC49B49622,0x3,1631,0.156958920907,1,0x9,0xA,0xA,1,1
37,256,5,0xD6D1A2DC49B49622,0x3,1481,0.172856178258,1,0x9,0xA,0xA,1,1
37,256,6,0xD6D1A2DC49B49622,0x3,1577,0.162333544705,1,0xE,0xD,0xD,1,1
37,256,7,0xD6D1A2DC49B49622,0x3,1615,0.158513931889,1,0x4,0x7,0x7,1,1
38,16,0,0xB14EA24D2C7AD5DB,0xD,97,0.164948453608,6,NA,0x0,0x8,0,0
38,16,1,0xB14EA24D2C7AD5DB,0xD,76,0.210526315789,0,NA,0x0,0x1,0,0
38,16,2,0xB14EA24D2C7AD5DB,0xD,73,0.219178082192,0,NA,0x0,0x9,0,0
38,16,3,0xB14EA24D2C7AD5DB,0xD,143,0.111888111888,0,NA,0x0,0x5,0,0
38,16,4,0xB14EA24D2C7AD5DB,0xD,121,0.132231404959,0,NA,0x0,0x6,0,0
38,16,5,0xB14EA24D2C7AD5DB,0xD,106,0.150943396226,0,NA,0x0,0x8,0,0
38,16,6,0xB14EA24D2C7AD5DB,0xD,107,0.149532710280,0,NA,0x0,0xD,0,0
38,16,7,0xB14EA24D2C7AD5DB,0xD,92,0.173913043478,0,NA,0x0,0xF,0,0
38,24,0,0xB14EA24D2C7AD5DB,0xD,160,0.150000000000,2,NA,0x0,0x8,0,0
38,24,1,0xB14EA24D2C7AD5DB,0xD,148,0.162162162162,0,NA,0x0,0x1,0,0
38,24,2,0xB14EA24D2C7AD5DB,0xD,124,0.193548387097,0,NA,0x0,0x9,0,0
38,24,3,0xB14EA24D2C7AD5DB,0xD,186,0.129032258065,0,NA,0x0,0x5,0,0
38,24,4,0xB14EA24D2C7AD5DB,0xD,218,0.110091743119,0,NA,0x0,0x6,0,0
38,24,5,0xB14EA24D2C7AD5DB,0xD,138,0.173913043478,0,NA,0x0,0x8,0,0
38,24,6,0xB14EA24D2C7AD5DB,0xD,200,0.120000000000,0,NA,0x0,0xD,0,0
38,24,7,0xB14EA24D2C7AD5DB,0xD,161,0.149068322981,0,NA,0x0,0xF,0,0
38,32,0,0xB14EA24D2C7AD5DB,0xD,188,0.170212765957,1,0x5,0x8,0x8,1,1
38,32,1,0xB14EA24D2C7AD5DB,0xD,217,0.147465437788,3,NA,0x0,0x1,0,0
38,32,2,0xB14EA24D2C7AD5DB,0xD,180,0.177777777778,0,NA,0x0,0x9,0,0
38,32,3,0xB14EA24D2C7AD5DB,0xD,217,0.147465437788,0,NA,0x0,0x5,0,0
38,32,4,0xB14EA24D2C7AD5DB,0xD,284,0.112676056338,0,NA,0x0,0x6,0,0
38,32,5,0xB14EA24D2C7AD5DB,0xD,187,0.171122994652,0,NA,0x0,0x8,0,0
38,32,6,0xB14EA24D2C7AD5DB,0xD,234,0.136752136752,0,NA,0x0,0xD,0,0
38,32,7,0xB14EA24D2C7AD5DB,0xD,206,0.155339805825,0,NA,0x0,0xF,0,0
38,40,0,0xB14EA24D2C7AD5DB,0xD,253,0.158102766798,1,0x5,0x8,0x8,1,1
38,40,1,0xB14EA24D2C7AD5DB,0xD,288,0.138888888889,2,NA,0x0,0x1,0,0
38,40,2,0xB14EA24D2C7AD5DB,0xD,219,0.182648401826,0,NA,0x0,0x9,0,0
38,40,3,0xB14EA24D2C7AD5DB,0xD,256,0.156250000000,0,NA,0x0,0x5,0,0
38,40,4,0xB14EA24D2C7AD5DB,0xD,312,0.128205128205,0,NA,0x0,0x6,0,0
38,40,5,0xB14EA24D2C7AD5DB,0xD,253,0.158102766798,0,NA,0x0,0x8,0,0
38,40,6,0xB14EA24D2C7AD5DB,0xD,279,0.143369175627,0,NA,0x0,0xD,0,0
38,40,7,0xB14EA24D2C7AD5DB,0xD,231,0.173160173160,0,NA,0x0,0xF,0,0
38,48,0,0xB14EA24D2C7AD5DB,0xD,284,0.169014084507,1,0x5,0x8,0x8,1,1
38,48,1,0xB14EA24D2C7AD5DB,0xD,354,0.135593220339,1,0xC,0x1,0x1,1,1
38,48,2,0xB14EA24D2C7AD5DB,0xD,241,0.199170124481,2,NA,0x0,0x9,0,0
38,48,3,0xB14EA24D2C7AD5DB,0xD,279,0.172043010753,0,NA,0x0,0x5,0,0
38,48,4,0xB14EA24D2C7AD5DB,0xD,340,0.141176470588,0,NA,0x0,0x6,0,0
38,48,5,0xB14EA24D2C7AD5DB,0xD,288,0.166666666667,0,NA,0x0,0x8,0,0
38,48,6,0xB14EA24D2C7AD5DB,0xD,305,0.157377049180,0,NA,0x0,0xD,0,0
38,48,7,0xB14EA24D2C7AD5DB,0xD,280,0.171428571429,0,NA,0x0,0xF,0,0
38,56,0,0xB14EA24D2C7AD5DB,0xD,335,0.167164179104,1,0x5,0x8,0x8,1,1
38,56,1,0xB14EA24D2C7AD5DB,0xD,409,0.136919315403,1,0xC,0x1,0x1,1,1
38,56,2,0xB14EA24D2C7AD5DB,0xD,289,0.193771626298,1,0x4,0x9,0x9,1,1
38,56,3,0xB14EA24D2C7AD5DB,0xD,318,0.176100628931,1,0x8,0x5,0x5,1,1
38,56,4,0xB14EA24D2C7AD5DB,0xD,367,0.152588555858,2,NA,0x0,0x6,0,0
38,56,5,0xB14EA24D2C7AD5DB,0xD,354,0.158192090395,0,NA,0x0,0x8,0,0
38,56,6,0xB14EA24D2C7AD5DB,0xD,361,0.155124653740,0,NA,0x0,0xD,0,0
38,56,7,0xB14EA24D2C7AD5DB,0xD,298,0.187919463087,0,NA,0x0,0xF,0,0
38,64,0,0xB14EA24D2C7AD5DB,0xD,371,0.172506738544,1,0x5,0x8,0x8,1,1
38,64,1,0xB14EA24D2C7AD5DB,0xD,453,0.141280353201,1,0xC,0x1,0x1,1,1
38,64,2,0xB14EA24D2C7AD5DB,0xD,335,0.191044776119,1,0x4,0x9,0x9,1,1
38,64,3,0xB14EA24D2C7AD5DB,0xD,364,0.175824175824,1,0x8,0x5,0x5,1,1
38,64,4,0xB14EA24D2C7AD5DB,0xD,415,0.154216867470,2,NA,0x0,0x6,0,0
38,64,5,0xB14EA24D2C7AD5DB,0xD,390,0.164102564103,0,NA,0x0,0x8,0,0
38,64,6,0xB14EA24D2C7AD5DB,0xD,411,0.155717761557,0,NA,0x0,0xD,0,0
38,64,7,0xB14EA24D2C7AD5DB,0xD,352,0.181818181818,0,NA,0x0,0xF,0,0
38,72,0,0xB14EA24D2C7AD5DB,0xD,459,0.156862745098,1,0x5,0x8,0x8,1,1
38,72,1,0xB14EA24D2C7AD5DB,0xD,494,0.145748987854,1,0xC,0x1,0x1,1,1
38,72,2,0xB14EA24D2C7AD5DB,0xD,383,0.187989556136,1,0x4,0x9,0x9,1,1
38,72,3,0xB14EA24D2C7AD5DB,0xD,401,0.179551122195,1,0x8,0x5,0x5,1,1
38,72,4,0xB14EA24D2C7AD5DB,0xD,442,0.162895927602,1,0xB,0x6,0x6,1,1
38,72,5,0xB14EA24D2C7AD5DB,0xD,431,0.167053364269,1,0x5,0x8,0x8,1,1
38,72,6,0xB14EA24D2C7AD5DB,0xD,442,0.162895927602,1,0x0,0xD,0xD,1,1
38,72,7,0xB14EA24D2C7AD5DB,0xD,394,0.182741116751,2,NA,0x0,0xF,0,0
38,80,0,0xB14EA24D2C7AD5DB,0xD,506,0.158102766798,1,0x5,0x8,0x8,1,1
38,80,1,0xB14EA24D2C7AD5DB,0xD,561,0.142602495544,1,0xC,0x1,0x1,1,1
38,80,2,0xB14EA24D2C7AD5DB,0xD,438,0.182648401826,1,0x4,0x9,0x9,1,1
38,80,3,0xB14EA24D2C7AD5DB,0xD,454,0.176211453744,1,0x8,0x5,0x5,1,1
38,80,4,0xB14EA24D2C7AD5DB,0xD,475,0.168421052632,1,0xB,0x6,0x6,1,1
38,80,5,0xB14EA24D2C7AD5DB,0xD,454,0.176211453744,1,0x5,0x8,0x8,1,1
38,80,6,0xB14EA24D2C7AD5DB,0xD,498,0.160642570281,1,0x0,0xD,0xD,1,1
38,80,7,0xB14EA24D2C7AD5DB,0xD,444,0.180180180180,2,NA,0x0,0xF,0,0
38,96,0,0xB14EA24D2C7AD5DB,0xD,628,0.152866242038,1,0x5,0x8,0x8,1,1
38,96,1,0xB14EA24D2C7AD5DB,0xD,658,0.145896656535,1,0xC,0x1,0x1,1,1
38,96,2,0xB14EA24D2C7AD5DB,0xD,504,0.190476190476,1,0x4,0x9,0x9,1,1
38,96,3,0xB14EA24D2C7AD5DB,0xD,569,0.168717047452,1,0x8,0x5,0x5,1,1
38,96,4,0xB14EA24D2C7AD5DB,0xD,563,0.170515097691,1,0xB,0x6,0x6,1,1
38,96,5,0xB14EA24D2C7AD5DB,0xD,539,0.178107606679,1,0x5,0x8,0x8,1,1
38,96,6,0xB14EA24D2C7AD5DB,0xD,587,0.163543441227,1,0x0,0xD,0xD,1,1
38,96,7,0xB14EA24D2C7AD5DB,0xD,518,0.185328185328,2,NA,0x0,0xF,0,0
38,112,0,0xB14EA24D2C7AD5DB,0xD,771,0.145265888457,1,0x5,0x8,0x8,1,1
38,112,1,0xB14EA24D2C7AD5DB,0xD,758,0.147757255937,1,0xC,0x1,0x1,1,1
38,112,2,0xB14EA24D2C7AD5DB,0xD,585,0.191452991453,1,0x4,0x9,0x9,1,1
38,112,3,0xB14EA24D2C7AD5DB,0xD,637,0.175824175824,1,0x8,0x5,0x5,1,1
38,112,4,0xB14EA24D2C7AD5DB,0xD,648,0.172839506173,1,0xB,0x6,0x6,1,1
38,112,5,0xB14EA24D2C7AD5DB,0xD,643,0.174183514774,1,0x5,0x8,0x8,1,1
38,112,6,0xB14EA24D2C7AD5DB,0xD,660,0.169696969697,1,0x0,0xD,0xD,1,1
38,112,7,0xB14EA24D2C7AD5DB,0xD,644,0.173913043478,1,0x2,0xF,0xF,1,1
38,128,0,0xB14EA24D2C7AD5DB,0xD,857,0.149358226371,1,0x5,0x8,0x8,1,1
38,128,1,0xB14EA24D2C7AD5DB,0xD,875,0.146285714286,1,0xC,0x1,0x1,1,1
38,128,2,0xB14EA24D2C7AD5DB,0xD,672,0.190476190476,1,0x4,0x9,0x9,1,1
38,128,3,0xB14EA24D2C7AD5DB,0xD,724,0.176795580110,1,0x8,0x5,0x5,1,1
38,128,4,0xB14EA24D2C7AD5DB,0xD,737,0.173677069199,1,0xB,0x6,0x6,1,1
38,128,5,0xB14EA24D2C7AD5DB,0xD,734,0.174386920981,1,0x5,0x8,0x8,1,1
38,128,6,0xB14EA24D2C7AD5DB,0xD,726,0.176308539945,1,0x0,0xD,0xD,1,1
38,128,7,0xB14EA24D2C7AD5DB,0xD,739,0.173207036536,1,0x2,0xF,0xF,1,1
38,160,0,0xB14EA24D2C7AD5DB,0xD,1041,0.153698366955,1,0x5,0x8,0x8,1,1
38,160,1,0xB14EA24D2C7AD5DB,0xD,1071,0.149393090570,1,0xC,0x1,0x1,1,1
38,160,2,0xB14EA24D2C7AD5DB,0xD,895,0.178770949721,1,0x4,0x9,0x9,1,1
38,160,3,0xB14EA24D2C7AD5DB,0xD,930,0.172043010753,1,0x8,0x5,0x5,1,1
38,160,4,0xB14EA24D2C7AD5DB,0xD,999,0.160160160160,1,0xB,0x6,0x6,1,1
38,160,5,0xB14EA24D2C7AD5DB,0xD,992,0.161290322581,1,0x5,0x8,0x8,1,1
38,160,6,0xB14EA24D2C7AD5DB,0xD,933,0.171489817792,1,0x0,0xD,0xD,1,1
38,160,7,0xB14EA24D2C7AD5DB,0xD,964,0.165975103734,1,0x2,0xF,0xF,1,1
38,192,0,0xB14EA24D2C7AD5DB,0xD,1251,0.153477218225,1,0x5,0x8,0x8,1,1
38,192,1,0xB14EA24D2C7AD5DB,0xD,1241,0.154713940371,1,0xC,0x1,0x1,1,1
38,192,2,0xB14EA24D2C7AD5DB,0xD,1098,0.174863387978,1,0x4,0x9,0x9,1,1
38,192,3,0xB14EA24D2C7AD5DB,0xD,1109,0.173128944995,1,0x8,0x5,0x5,1,1
38,192,4,0xB14EA24D2C7AD5DB,0xD,1212,0.158415841584,1,0xB,0x6,0x6,1,1
38,192,5,0xB14EA24D2C7AD5DB,0xD,1214,0.158154859967,1,0x5,0x8,0x8,1,1
38,192,6,0xB14EA24D2C7AD5DB,0xD,1092,0.175824175824,1,0x0,0xD,0xD,1,1
38,192,7,0xB14EA24D2C7AD5DB,0xD,1165,0.164806866953,1,0x2,0xF,0xF,1,1
38,256,0,0xB14EA24D2C7AD5DB,0xD,1584,0.161616161616,1,0x5,0x8,0x8,1,1
38,256,1,0xB14EA24D2C7AD5DB,0xD,1605,0.159501557632,1,0xC,0x1,0x1,1,1
38,256,2,0xB14EA24D2C7AD5DB,0xD,1497,0.171008684035,1,0x4,0x9,0x9,1,1
38,256,3,0xB14EA24D2C7AD5DB,0xD,1445,0.177162629758,1,0x8,0x5,0x5,1,1
38,256,4,0xB14EA24D2C7AD5DB,0xD,1567,0.163369495852,1,0xB,0x6,0x6,1,1
38,256,5,0xB14EA24D2C7AD5DB,0xD,1567,0.163369495852,1,0x5,0x8,0x8,1,1
38,256,6,0xB14EA24D2C7AD5DB,0xD,1425,0.179649122807,1,0x0,0xD,0xD,1,1
38,256,7,0xB14EA24D2C7AD5DB,0xD,1508,0.169761273210,1,0x2,0xF,0xF,1,1
39,16,0,0x480D9E8603A17768,0x8,84,0.190476190476,3,NA,0x0,0xC,0,0
39,16,1,0x480D9E8603A17768,0x8,123,0.130081300813,0,NA,0x0,0x0,0,0
39,16,2,0x480D9E8603A17768,0x8,79,0.202531645570,0,NA,0x0,0x0,0,0
39,16,3,0x480D9E8603A17768,0x8,95,0.168421052632,0,NA,0x0,0x4,0,0
39,16,4,0x480D9E8603A17768,0x8,116,0.137931034483,0,NA,0x0,0x4,0,0
39,16,5,0x480D9E8603A17768,0x8,94,0.170212765957,0,NA,0x0,0xC,0,0
39,16,6,0x480D9E8603A17768,0x8,70,0.228571428571,0,NA,0x0,0x2,0,0
39,16,7,0x480D9E8603A17768,0x8,89,0.179775280899,0,NA,0x0,0xD,0,0
39,24,0,0x480D9E8603A17768,0x8,136,0.176470588235,3,NA,0x0,0xC,0,0
39,24,1,0x480D9E8603A17768,0x8,165,0.145454545455,0,NA,0x0,0x0,0,0
39,24,2,0x480D9E8603A17768,0x8,132,0.181818181818,0,NA,0x0,0x0,0,0
39,24,3,0x480D9E8603A17768,0x8,135,0.177777777778,0,NA,0x0,0x4,0,0
39,24,4,0x480D9E8603A17768,0x8,148,0.162162162162,0,NA,0x0,0x4,0,0
39,24,5,0x480D9E8603A17768,0x8,127,0.188976377953,0,NA,0x0,0xC,0,0
39,24,6,0x480D9E8603A17768,0x8,105,0.228571428571,0,NA,0x0,0x2,0,0
39,24,7,0x480D9E8603A17768,0x8,117,0.205128205128,0,NA,0x0,0xD,0,0
39,32,0,0x480D9E8603A17768,0x8,158,0.202531645570,3,NA,0x0,0xC,0,0
39,32,1,0x480D9E8603A17768,0x8,197,0.162436548223,0,NA,0x0,0x0,0,0
39,32,2,0x480D9E8603A17768,0x8,175,0.182857142857,0,NA,0x0,0x0,0,0
39,32,3,0x480D9E8603A17768,0x8,199,0.160804020101,0,NA,0x0,0x4,0,0
39,32,4,0x480D9E8603A17768,0x8,191,0.167539267016,0,NA,0x0,0x4,0,0
39,32,5,0x480D9E8603A17768,0x8,201,0.159203980100,0,NA,0x0,0xC,0,0
39,32,6,0x480D9E8603A17768,0x8,163,0.196319018405,0,NA,0x0,0x2,0,0
39,32,7,0x480D9E8603A17768,0x8,187,0.171122994652,0,NA,0x0,0xD,0,0
39,40,0,0x480D9E8603A17768,0x8,224,0.178571428571,2,NA,0x0,0xC,0,0
39,40,1,0x480D9E8603A17768,0x8,243,0.164609053498,0,NA,0x0,0x0,0,0
39,40,2,0x480D9E8603A17768,0x8,253,0.158102766798,0,NA,0x0,0x0,0,0
39,40,3,0x480D9E8603A17768,0x8,250,0.160000000000,0,NA,0x0,0x4,0,0
39,40,4,0x480D9E8603A17768,0x8,234,0.170940170940,0,NA,0x0,0x4,0,0
39,40,5,0x480D9E8603A17768,0x8,252,0.158730158730,0,NA,0x0,0xC,0,0
39,40,6,0x480D9E8603A17768,0x8,202,0.198019801980,0,NA,0x0,0x2,0,0
39,40,7,0x480D9E8603A17768,0x8,227,0.176211453744,0,NA,0x0,0xD,0,0
39,48,0,0x480D9E8603A17768,0x8,267,0.179775280899,2,NA,0x0,0xC,0,0
39,48,1,0x480D9E8603A17768,0x8,288,0.166666666667,0,NA,0x0,0x0,0,0
39,48,2,0x480D9E8603A17768,0x8,293,0.163822525597,0,NA,0x0,0x0,0,0
39,48,3,0x480D9E8603A17768,0x8,326,0.147239263804,0,NA,0x0,0x4,0,0
39,48,4,0x480D9E8603A17768,0x8,270,0.177777777778,0,NA,0x0,0x4,0,0
39,48,5,0x480D9E8603A17768,0x8,330,0.145454545455,0,NA,0x0,0xC,0,0
39,48,6,0x480D9E8603A17768,0x8,265,0.181132075472,0,NA,0x0,0x2,0,0
39,48,7,0x480D9E8603A17768,0x8,263,0.182509505703,0,NA,0x0,0xD,0,0
39,56,0,0x480D9E8603A17768,0x8,308,0.181818181818,2,NA,0x0,0xC,0,0
39,56,1,0x480D9E8603A17768,0x8,324,0.172839506173,0,NA,0x0,0x0,0,0
39,56,2,0x480D9E8603A17768,0x8,328,0.170731707317,0,NA,0x0,0x0,0,0
39,56,3,0x480D9E8603A17768,0x8,355,0.157746478873,0,NA,0x0,0x4,0,0
39,56,4,0x480D9E8603A17768,0x8,304,0.184210526316,0,NA,0x0,0x4,0,0
39,56,5,0x480D9E8603A17768,0x8,393,0.142493638677,0,NA,0x0,0xC,0,0
39,56,6,0x480D9E8603A17768,0x8,303,0.184818481848,0,NA,0x0,0x2,0,0
39,56,7,0x480D9E8603A17768,0x8,303,0.184818481848,0,NA,0x0,0xD,0,0
39,64,0,0x480D9E8603A17768,0x8,354,0.180790960452,2,NA,0x0,0xC,0,0
39,64,1,0x480D9E8603A17768,0x8,375,0.170666666667,0,NA,0x0,0x0,0,0
39,64,2,0x480D9E8603A17768,0x8,353,0.181303116147,0,NA,0x0,0x0,0,0
39,64,3,0x480D9E8603A17768,0x8,411,0.155717761557,0,NA,0x0,0x4,0,0
39,64,4,0x480D9E8603A17768,0x8,329,0.194528875380,0,NA,0x0,0x4,0,0
39,64,5,0x480D9E8603A17768,0x8,434,0.147465437788,0,NA,0x0,0xC,0,0
39,64,6,0x480D9E8603A17768,0x8,365,0.175342465753,0,NA,0x0,0x2,0,0
39,64,7,0x480D9E8603A17768,0x8,360,0.177777777778,0,NA,0x0,0xD,0,0
39,72,0,0x480D9E8603A17768,0x8,390,0.184615384615,2,NA,0x0,0xC,0,0
39,72,1,0x480D9E8603A17768,0x8,438,0.164383561644,0,NA,0x0,0x0,0,0
39,72,2,0x480D9E8603A17768,0x8,411,0.175182481752,0,NA,0x0,0x0,0,0
39,72,3,0x480D9E8603A17768,0x8,482,0.149377593361,0,NA,0x0,0x4,0,0
39,72,4,0x480D9E8603A17768,0x8,345,0.208695652174,0,NA,0x0,0x4,0,0
39,72,5,0x480D9E8603A17768,0x8,478,0.150627615063,0,NA,0x0,0xC,0,0
39,72,6,0x480D9E8603A17768,0x8,429,0.167832167832,0,NA,0x0,0x2,0,0
39,72,7,0x480D9E8603A17768,0x8,396,0.181818181818,0,NA,0x0,0xD,0,0
39,80,0,0x480D9E8603A17768,0x8,460,0.173913043478,2,NA,0x0,0xC,0,0
39,80,1,0x480D9E8603A17768,0x8,489,0.163599182004,0,NA,0x0,0x0,0,0
39,80,2,0x480D9E8603A17768,0x8,476,0.168067226891,0,NA,0x0,0x0,0,0
39,80,3,0x480D9E8603A17768,0x8,531,0.150659133710,0,NA,0x0,0x4,0,0
39,80,4,0x480D9E8603A17768,0x8,374,0.213903743316,0,NA,0x0,0x4,0,0
39,80,5,0x480D9E8603A17768,0x8,497,0.160965794769,0,NA,0x0,0xC,0,0
39,80,6,0x480D9E8603A17768,0x8,473,0.169133192389,0,NA,0x0,0x2,0,0
39,80,7,0x480D9E8603A17768,0x8,461,0.173535791757,0,NA,0x0,0xD,0,0
39,96,0,0x480D9E8603A17768,0x8,584,0.164383561644,1,0x4,0xC,0xC,1,1
39,96,1,0x480D9E8603A17768,0x8,591,0.162436548223,1,0x8,0x0,0x0,1,1
39,96,2,0x480D9E8603A17768,0x8,578,0.166089965398,1,0x8,0x0,0x0,1,1
39,96,3,0x480D9E8603A17768,0x8,637,0.150706436421,1,0xC,0x4,0x4,1,1
39,96,4,0x480D9E8603A17768,0x8,446,0.215246636771,1,0xC,0x4,0x4,1,1
39,96,5,0x480D9E8603A17768,0x8,598,0.160535117057,1,0x4,0xC,0xC,1,1
39,96,6,0x480D9E8603A17768,0x8,542,0.177121771218,1,0xA,0x2,0x2,1,1
39,96,7,0x480D9E8603A17768,0x8,538,0.178438661710,1,0x5,0xD,0xD,1,1
39,112,0,0x480D9E8603A17768,0x8,654,0.171253822630,1,0x4,0xC,0xC,1,1
39,112,1,0x480D9E8603A17768,0x8,694,0.161383285303,1,0x8,0x0,0x0,1,1
39,112,2,0x480D9E8603A17768,0x8,680,0.164705882353,1,0x8,0x0,0x0,1,1
39,112,3,0x480D9E8603A17768,0x8,782,0.143222506394,1,0xC,0x4,0x4,1,1
39,112,4,0x480D9E8603A17768,0x8,548,0.204379562044,1,0xC,0x4,0x4,1,1
39,112,5,0x480D9E8603A17768,0x8,693,0.161616161616,1,0x4,0xC,0xC,1,1
39,112,6,0x480D9E8603A17768,0x8,639,0.175273865415,1,0xA,0x2,0x2,1,1
39,112,7,0x480D9E8603A17768,0x8,633,0.176935229068,1,0x5,0xD,0xD,1,1
39,128,0,0x480D9E8603A17768,0x8,776,0.164948453608,1,0x4,0xC,0xC,1,1
39,128,1,0x480D9E8603A17768,0x8,773,0.165588615783,1,0x8,0x0,0x0,1,1
39,128,2,0x480D9E8603A17768,0x8,763,0.167758846658,1,0x8,0x0,0x0,1,1
39,128,3,0x480D9E8603A17768,0x8,867,0.147635524798,1,0xC,0x4,0x4,1,1
39,128,4,0x480D9E8603A17768,0x8,647,0.197836166924,1,0xC,0x4,0x4,1,1
39,128,5,0x480D9E8603A17768,0x8,787,0.162642947903,1,0x4,0xC,0xC,1,1
39,128,6,0x480D9E8603A17768,0x8,733,0.174624829468,1,0xA,0x2,0x2,1,1
39,128,7,0x480D9E8603A17768,0x8,709,0.180535966150,1,0x5,0xD,0xD,1,1
39,160,0,0x480D9E8603A17768,0x8,910,0.175824175824,1,0x4,0xC,0xC,1,1
39,160,1,0x480D9E8603A17768,0x8,967,0.165460186143,1,0x8,0x0,0x0,1,1
39,160,2,0x480D9E8603A17768,0x8,988,0.161943319838,1,0x8,0x0,0x0,1,1
39,160,3,0x480D9E8603A17768,0x8,1075,0.148837209302,1,0xC,0x4,0x4,1,1
39,160,4,0x480D9E8603A17768,0x8,836,0.191387559809,1,0xC,0x4,0x4,1,1
39,160,5,0x480D9E8603A17768,0x8,962,0.166320166320,1,0x4,0xC,0xC,1,1
39,160,6,0x480D9E8603A17768,0x8,925,0.172972972973,1,0xA,0x2,0x2,1,1
39,160,7,0x480D9E8603A17768,0x8,936,0.170940170940,1,0x5,0xD,0xD,1,1
39,192,0,0x480D9E8603A17768,0x8,1105,0.173755656109,1,0x4,0xC,0xC,1,1
39,192,1,0x480D9E8603A17768,0x8,1224,0.156862745098,1,0x8,0x0,0x0,1,1
39,192,2,0x480D9E8603A17768,0x8,1160,0.165517241379,1,0x8,0x0,0x0,1,1
39,192,3,0x480D9E8603A17768,0x8,1239,0.154963680387,1,0xC,0x4,0x4,1,1
39,192,4,0x480D9E8603A17768,0x8,1132,0.169611307420,1,0xC,0x4,0x4,1,1
39,192,5,0x480D9E8603A17768,0x8,1185,0.162025316456,1,0x4,0xC,0xC,1,1
39,192,6,0x480D9E8603A17768,0x8,1113,0.172506738544,1,0xA,0x2,0x2,1,1
39,192,7,0x480D9E8603A17768,0x8,1091,0.175985334555,1,0x5,0xD,0xD,1,1
39,256,0,0x480D9E8603A17768,0x8,1538,0.166449934980,1,0x4,0xC,0xC,1,1
39,256,1,0x480D9E8603A17768,0x8,1547,0.165481577246,1,0x8,0x0,0x0,1,1
39,256,2,0x480D9E8603A17768,0x8,1578,0.162230671736,1,0x8,0x0,0x0,1,1
39,256,3,0x480D9E8603A17768,0x8,1597,0.160300563557,1,0xC,0x4,0x4,1,1
39,256,4,0x480D9E8603A17768,0x8,1490,0.171812080537,1,0xC,0x4,0x4,1,1
39,256,5,0x480D9E8603A17768,0x8,1638,0.156288156288,1,0x4,0xC,0xC,1,1
39,256,6,0x480D9E8603A17768,0x8,1583,0.161718256475,1,0xA,0x2,0x2,1,1
39,256,7,0x480D9E8603A17768,0x8,1471,0.174031271244,1,0x5,0xD,0xD,1,1
40,16,0,0x46650332EBB797EA,0xA,104,0.153846153846,6,NA,0x0,0x9,0,0
40,16,1,0x46650332EBB797EA,0xA,84,0.190476190476,0,NA,0x0,0x7,0,0
40,16,2,0x46650332EBB797EA,0xA,77,0.207792207792,0,NA,0x0,0xA,0,0
40,16,3,0x46650332EBB797EA,0xA,94,0.170212765957,0,NA,0x0,0x5,0,0
40,16,4,0x46650332EBB797EA,0xA,79,0.202531645570,0,NA,0x0,0x7,0,0
40,16,5,0x46650332EBB797EA,0xA,90,0.177777777778,0,NA,0x0,0xF,0,0
40,16,6,0x46650332EBB797EA,0xA,83,0.192771084337,0,NA,0x0,0xE,0,0
40,16,7,0x46650332EBB797EA,0xA,101,0.158415841584,0,NA,0x0,0x4,0,0
40,24,0,0x46650332EBB797EA,0xA,156,0.153846153846,4,NA,0x0,0x9,0,0
40,24,1,0x46650332EBB797EA,0xA,123,0.195121951220,0,NA,0x0,0x7,0,0
40,24,2,0x46650332EBB797EA,0xA,103,0.233009708738,0,NA,0x0,0xA,0,0
40,24,3,0x46650332EBB797EA,0xA,122,0.196721311475,0,NA,0x0,0x5,0,0
40,24,4,0x46650332EBB797EA,0xA,114,0.210526315789,0,NA,0x0,0x7,0,0
40,24,5,0x46650332EBB797EA,0xA,148,0.162162162162,0,NA,0x0,0xF,0,0
40,24,6,0x46650332EBB797EA,0xA,145,0.165517241379,0,NA,0x0,0xE,0,0
40,24,7,0x46650332EBB797EA,0xA,167,0.143712574850,0,NA,0x0,0x4,0,0
40,32,0,0x46650332EBB797EA,0xA,199,0.160804020101,1,0x3,0x9,0x9,1,1
40,32,1,0x46650332EBB797EA,0xA,171,0.187134502924,2,NA,0x0,0x7,0,0
40,32,2,0x46650332EBB797EA,0xA,144,0.222222222222,0,NA,0x0,0xA,0,0
40,32,3,0x46650332EBB797EA,0xA,155,0.206451612903,0,NA,0x0,0x5,0,0
40,32,4,0x46650332EBB797EA,0xA,161,0.198757763975,0,NA,0x0,0x7,0,0
40,32,5,0x46650332EBB797EA,0xA,181,0.176795580110,0,NA,0x0,0xF,0,0
40,32,6,0x46650332EBB797EA,0xA,183,0.174863387978,0,NA,0x0,0xE,0,0
40,32,7,0x46650332EBB797EA,0xA,199,0.160804020101,0,NA,0x0,0x4,0,0
40,40,0,0x46650332EBB797EA,0xA,261,0.153256704981,1,0x3,0x9,0x9,1,1
40,40,1,0x46650332EBB797EA,0xA,224,0.178571428571,2,NA,0x0,0x7,0,0
40,40,2,0x46650332EBB797EA,0xA,178,0.224719101124,0,NA,0x0,0xA,0,0
40,40,3,0x46650332EBB797EA,0xA,189,0.211640211640,0,NA,0x0,0x5,0,0
40,40,4,0x46650332EBB797EA,0xA,195,0.205128205128,0,NA,0x0,0x7,0,0
40,40,5,0x46650332EBB797EA,0xA,204,0.196078431373,0,NA,0x0,0xF,0,0
40,40,6,0x46650332EBB797EA,0xA,221,0.180995475113,0,NA,0x0,0xE,0,0
40,40,7,0x46650332EBB797EA,0xA,246,0.162601626016,0,NA,0x0,0x4,0,0
40,48,0,0x46650332EBB797EA,0xA,292,0.164383561644,1,0x3,0x9,0x9,1,1
40,48,1,0x46650332EBB797EA,0xA,264,0.181818181818,1,0xD,0x7,0x7,1,1
40,48,2,0x46650332EBB797EA,0xA,229,0.209606986900,2,NA,0x0,0xA,0,0
40,48,3,0x46650332EBB797EA,0xA,285,0.168421052632,0,NA,0x0,0x5,0,0
40,48,4,0x46650332EBB797EA,0xA,233,0.206008583691,0,NA,0x0,0x7,0,0
40,48,5,0x46650332EBB797EA,0xA,256,0.187500000000,0,NA,0x0,0xF,0,0
40,48,6,0x46650332EBB797EA,0xA,264,0.181818181818,0,NA,0x0,0xE,0,0
40,48,7,0x46650332EBB797EA,0xA,276,0.173913043478,0,NA,0x0,0x4,0,0
40,56,0,0x46650332EBB797EA,0xA,369,0.151761517615,1,0x3,0x9,0x9,1,1
40,56,1,0x46650332EBB797EA,0xA,339,0.165191740413,1,0xD,0x7,0x7,1,1
40,56,2,0x46650332EBB797EA,0xA,287,0.195121951220,2,NA,0x0,0xA,0,0
40,56,3,0x46650332EBB797EA,0xA,326,0.171779141104,0,NA,0x0,0x5,0,0
40,56,4,0x46650332EBB797EA,0xA,291,0.192439862543,0,NA,0x0,0x7,0,0
40,56,5,0x46650332EBB797EA,0xA,300,0.186666666667,0,NA,0x0,0xF,0,0
40,56,6,0x46650332EBB797EA,0xA,323,0.173374613003,0,NA,0x0,0xE,0,0
40,56,7,0x46650332EBB797EA,0xA,297,0.188552188552,0,NA,0x0,0x4,0,0
40,64,0,0x46650332EBB797EA,0xA,402,0.159203980100,1,0x3,0x9,0x9,1,1
40,64,1,0x46650332EBB797EA,0xA,417,0.153477218225,1,0xD,0x7,0x7,1,1
40,64,2,0x46650332EBB797EA,0xA,318,0.201257861635,1,0x0,0xA,0xA,1,1
40,64,3,0x46650332EBB797EA,0xA,389,0.164524421594,1,0xF,0x5,0x5,1,1
40,64,4,0x46650332EBB797EA,0xA,320,0.200000000000,1,0xD,0x7,0x7,1,1
40,64,5,0x46650332EBB797EA,0xA,385,0.166233766234,1,0x5,0xF,0xF,1,1
40,64,6,0x46650332EBB797EA,0xA,424,0.150943396226,2,NA,0x0,0xE,0,0
40,64,7,0x46650332EBB797EA,0xA,321,0.199376947040,0,NA,0x0,0x4,0,0
40,72,0,0x46650332EBB797EA,0xA,465,0.154838709677,1,0x3,0x9,0x9,1,1
40,72,1,0x46650332EBB797EA,0xA,462,0.155844155844,1,0xD,0x7,0x7,1,1
40,72,2,0x46650332EBB797EA,0xA,375,0.192000000000,1,0x0,0xA,0xA,1,1
40,72,3,0x46650332EBB797EA,0xA,436,0.165137614679,1,0xF,0x5,0x5,1,1
40,72,4,0x46650332EBB797EA,0xA,358,0.201117318436,1,0xD,0x7,0x7,1,1
40,72,5,0x46650332EBB797EA,0xA,416,0.173076923077,1,0x5,0xF,0xF,1,1
40,72,6,0x46650332EBB797EA,0xA,462,0.155844155844,1,0x4,0xE,0xE,1,1
40,72,7,0x46650332EBB797EA,0xA,355,0.202816901408,1,0xE,0x4,0x4,1,1
40,80,0,0x46650332EBB797EA,0xA,530,0.150943396226,1,0x3,0x9,0x9,1,1
40,80,1,0x46650332EBB797EA,0xA,484,0.165289256198,1,0xD,0x7,0x7,1,1
40,80,2,0x46650332EBB797EA,0xA,430,0.186046511628,1,0x0,0xA,0xA,1,1
40,80,3,0x46650332EBB797EA,0xA,491,0.162932790224,1,0xF,0x5,0x5,1,1
40,80,4,0x46650332EBB797EA,0xA,395,0.202531645570,1,0xD,0x7,0x7,1,1
40,80,5,0x46650332EBB797EA,0xA,452,0.176991150442,1,0x5,0xF,0xF,1,1
40,80,6,0x46650332EBB797EA,0xA,489,0.163599182004,1,0x4,0xE,0xE,1,1
40,80,7,0x46650332EBB797EA,0xA,417,0.191846522782,1,0xE,0x4,0x4,1,1
40,96,0,0x46650332EBB797EA,0xA,605,0.158677685950,1,0x3,0x9,0x9,1,1
40,96,1,0x46650332EBB797EA,0xA,578,0.166089965398,1,0xD,0x7,0x7,1,1
40,96,2,0x46650332EBB797EA,0xA,521,0.184261036468,1,0x0,0xA,0xA,1,1
40,96,3,0x46650332EBB797EA,0xA,603,0.159203980100,1,0xF,0x5,0x5,1,1
40,96,4,0x46650332EBB797EA,0xA,461,0.208242950108,1,0xD,0x7,0x7,1,1
40,96,5,0x46650332EBB797EA,0xA,548,0.175182481752,1,0x5,0xF,0xF,1,1
40,96,6,0x46650332EBB797EA,0xA,579,0.165803108808,1,0x4,0xE,0xE,1,1
40,96,7,0x46650332EBB797EA,0xA,501,0.191616766467,1,0xE,0x4,0x4,1,1
40,112,0,0x46650332EBB797EA,0xA,718,0.155988857939,1,0x3,0x9,0x9,1,1
40,112,1,0x46650332EBB797EA,0xA,687,0.163027656477,1,0xD,0x7,0x7,1,1
40,112,2,0x46650332EBB797EA,0xA,639,0.175273865415,1,0x0,0xA,0xA,1,1
40,112,3,0x46650332EBB797EA,0xA,673,0.166419019316,1,0xF,0x5,0x5,1,1
40,112,4,0x46650332EBB797EA,0xA,530,0.211320754717,1,0xD,0x7,0x7,1,1
40,112,5,0x46650332EBB797EA,0xA,621,0.180354267311,1,0x5,0xF,0xF,1,1
40,112,6,0x46650332EBB797EA,0xA,676,0.165680473373,1,0x4,0xE,0xE,1,1
40,112,7,0x46650332EBB797EA,0xA,608,0.184210526316,1,0xE,0x4,0x4,1,1
40,128,0,0x46650332EBB797EA,0xA,813,0.157441574416,1,0x3,0x9,0x9,1,1
40,128,1,0x46650332EBB797EA,0xA,805,0.159006211180,1,0xD,0x7,0x7,1,1
40,128,2,0x46650332EBB797EA,0xA,733,0.174624829468,1,0x0,0xA,0xA,1,1
40,128,3,0x46650332EBB797EA,0xA,753,0.169986719788,1,0xF,0x5,0x5,1,1
40,128,4,0x46650332EBB797EA,0xA,604,0.211920529801,1,0xD,0x7,0x7,1,1
40,128,5,0x46650332EBB797EA,0xA,707,0.181046676096,1,0x5,0xF,0xF,1,1
40,128,6,0x46650332EBB797EA,0xA,745,0.171812080537,1,0x4,0xE,0xE,1,1
40,128,7,0x46650332EBB797EA,0xA,732,0.174863387978,1,0xE,0x4,0x4,1,1
40,160,0,0x46650332EBB797EA,0xA,1005,0.159203980100,1,0x3,0x9,0x9,1,1
40,160,1,0x46650332EBB797EA,0xA,968,0.165289256198,1,0xD,0x7,0x7,1,1
40,160,2,0x46650332EBB797EA,0xA,878,0.182232346241,1,0x0,0xA,0xA,1,1
40,160,3,0x46650332EBB797EA,0xA,966,0.165631469979,1,0xF,0x5,0x5,1,1
40,160,4,0x46650332EBB797EA,0xA,771,0.207522697795,1,0xD,0x7,0x7,1,1
40,160,5,0x46650332EBB797EA,0xA,886,0.180586907449,1,0x5,0xF,0xF,1,1
40,160,6,0x46650332EBB797EA,0xA,958,0.167014613779,1,0x4,0xE,0xE,1,1
40,160,7,0x46650332EBB797EA,0xA,908,0.176211453744,1,0xE,0x4,0x4,1,1
40,192,0,0x46650332EBB797EA,0xA,1181,0.162574089754,1,0x3,0x9,0x9,1,1
40,192,1,0x46650332EBB797EA,0xA,1160,0.165517241379,1,0xD,0x7,0x7,1,1
40,192,2,0x46650332EBB797EA,0xA,1036,0.185328185328,1,0x0,0xA,0xA,1,1
40,192,3,0x46650332EBB797EA,0xA,1151,0.166811468288,1,0xF,0x5,0x5,1,1
40,192,4,0x46650332EBB797EA,0xA,1011,0.189910979228,1,0xD,0x7,0x7,1,1
40,192,5,0x46650332EBB797EA,0xA,1080,0.177777777778,1,0x5,0xF,0xF,1,1
40,192,6,0x46650332EBB797EA,0xA,1126,0.170515097691,1,0x4,0xE,0xE,1,1
40,192,7,0x46650332EBB797EA,0xA,1091,0.175985334555,1,0xE,0x4,0x4,1,1
40,256,0,0x46650332EBB797EA,0xA,1567,0.163369495852,1,0x3,0x9,0x9,1,1
40,256,1,0x46650332EBB797EA,0xA,1577,0.162333544705,1,0xD,0x7,0x7,1,1
40,256,2,0x46650332EBB797EA,0xA,1370,0.186861313869,1,0x0,0xA,0xA,1,1
40,256,3,0x46650332EBB797EA,0xA,1490,0.171812080537,1,0xF,0x5,0x5,1,1
40,256,4,0x46650332EBB797EA,0xA,1484,0.172506738544,1,0xD,0x7,0x7,1,1
40,256,5,0x46650332EBB797EA,0xA,1410,0.181560283688,1,0x5,0xF,0xF,1,1
40,256,6,0x46650332EBB797EA,0xA,1458,0.175582990398,1,0x4,0xE,0xE,1,1
40,256,7,0x46650332EBB797EA,0xA,1421,0.180154820549,1,0xE,0x4,0x4,1,1
41,16,0,0x92981D6DC4B9C2C3,0xA,87,0.183908045977,6,NA,0x0,0x1,0,0
41,16,1,0x92981D6DC4B9C2C3,0xA,79,0.202531645570,0,NA,0x0,0xE,0,0
41,16,2,0x92981D6DC4B9C2C3,0xA,83,0.192771084337,0,NA,0x0,0x4,0,0
41,16,3,0x92981D6DC4B9C2C3,0xA,68,0.235294117647,0,NA,0x0,0x9,0,0
41,16,4,0x92981D6DC4B9C2C3,0xA,58,0.275862068966,0,NA,0x0,0xA,0,0
41,16,5,0x92981D6DC4B9C2C3,0xA,83,0.192771084337,0,NA,0x0,0xA,0,0
41,16,6,0x92981D6DC4B9C2C3,0xA,97,0.164948453608,0,NA,0x0,0xE,0,0
41,16,7,0x92981D6DC4B9C2C3,0xA,92,0.173913043478,0,NA,0x0,0x9,0,0
41,24,0,0x92981D6DC4B9C2C3,0xA,164,0.146341463415,4,NA,0x0,0x1,0,0
41,24,1,0x92981D6DC4B9C2C3,0xA,134,0.179104477612,0,NA,0x0,0xE,0,0
41,24,2,0x92981D6DC4B9C2C3,0xA,106,0.226415094340,0,NA,0x0,0x4,0,0
41,24,3,0x92981D6DC4B9C2C3,0xA,113,0.212389380531,0,NA,0x0,0x9,0,0
41,24,4,0x92981D6DC4B9C2C3,0xA,106,0.226415094340,0,NA,0x0,0xA,0,0
41,24,5,0x92981D6DC4B9C2C3,0xA,117,0.205128205128,0,NA,0x0,0xA,0,0
41,24,6,0x92981D6DC4B9C2C3,0xA,139,0.172661870504,0,NA,0x0,0xE,0,0
41,24,7,0x92981D6DC4B9C2C3,0xA,117,0.205128205128,0,NA,0x0,0x9,0,0
41,32,0,0x92981D6DC4B9C2C3,0xA,221,0.144796380090,2,NA,0x0,0x1,0,0
41,32,1,0x92981D6DC4B9C2C3,0xA,178,0.179775280899,0,NA,0x0,0xE,0,0
41,32,2,0x92981D6DC4B9C2C3,0xA,144,0.222222222222,0,NA,0x0,0x4,0,0
41,32,3,0x92981D6DC4B9C2C3,0xA,185,0.172972972973,0,NA,0x0,0x9,0,0
41,32,4,0x92981D6DC4B9C2C3,0xA,148,0.216216216216,0,NA,0x0,0xA,0,0
41,32,5,0x92981D6DC4B9C2C3,0xA,179,0.178770949721,0,NA,0x0,0xA,0,0
41,32,6,0x92981D6DC4B9C2C3,0xA,167,0.191616766467,0,NA,0x0,0xE,0,0
41,32,7,0x92981D6DC4B9C2C3,0xA,169,0.189349112426,0,NA,0x0,0x9,0,0
41,40,0,0x92981D6DC4B9C2C3,0xA,277,0.144404332130,2,NA,0x0,0x1,0,0
41,40,1,0x92981D6DC4B9C2C3,0xA,224,0.178571428571,0,NA,0x0,0xE,0,0
41,40,2,0x92981D6DC4B9C2C3,0xA,203,0.197044334975,0,NA,0x0,0x4,0,0
41,40,3,0x92981D6DC4B9C2C3,0xA,269,0.148698884758,0,NA,0x0,0x9,0,0
41,40,4,0x92981D6DC4B9C2C3,0xA,201,0.199004975124,0,NA,0x0,0xA,0,0
41,40,5,0x92981D6DC4B9C2C3,0xA,210,0.190476190476,0,NA,0x0,0xA,0,0
41,40,6,0x92981D6DC4B9C2C3,0xA,239,0.167364016736,0,NA,0x0,0xE,0,0
41,40,7,0x92981D6DC4B9C2C3,0xA,228,0.175438596491,0,NA,0x0,0x9,0,0
41,48,0,0x92981D6DC4B9C2C3,0xA,309,0.155339805825,2,NA,0x0,0x1,0,0
41,48,1,0x92981D6DC4B9C2C3,0xA,276,0.173913043478,0,NA,0x0,0xE,0,0
41,48,2,0x92981D6DC4B9C2C3,0xA,244,0.196721311475,0,NA,0x0,0x4,0,0
41,48,3,0x92981D6DC4B9C2C3,0xA,333,0.144144144144,0,NA,0x0,0x9,0,0
41,48,4,0x92981D6DC4B9C2C3,0xA,242,0.198347107438,0,NA,0x0,0xA,0,0
41,48,5,0x92981D6DC4B9C2C3,0xA,269,0.178438661710,0,NA,0x0,0xA,0,0
41,48,6,0x92981D6DC4B9C2C3,0xA,297,0.161616161616,0,NA,0x0,0xE,0,0
41,48,7,0x92981D6DC4B9C2C3,0xA,297,0.161616161616,0,NA,0x0,0x9,0,0
41,56,0,0x92981D6DC4B9C2C3,0xA,347,0.161383285303,1,0xB,0x1,0x1,1,1
41,56,1,0x92981D6DC4B9C2C3,0xA,331,0.169184290030,2,NA,0x0,0xE,0,0
41,56,2,0x92981D6DC4B9C2C3,0xA,314,0.178343949045,0,NA,0x0,0x4,0,0
41,56,3,0x92981D6DC4B9C2C3,0xA,391,0.143222506394,0,NA,0x0,0x9,0,0
41,56,4,0x92981D6DC4B9C2C3,0xA,272,0.205882352941,0,NA,0x0,0xA,0,0
41,56,5,0x92981D6DC4B9C2C3,0xA,299,0.187290969900,0,NA,0x0,0xA,0,0
41,56,6,0x92981D6DC4B9C2C3,0xA,374,0.149732620321,0,NA,0x0,0xE,0,0
41,56,7,0x92981D6DC4B9C2C3,0xA,342,0.163742690058,0,NA,0x0,0x9,0,0
41,64,0,0x92981D6DC4B9C2C3,0xA,369,0.173441734417,1,0xB,0x1,0x1,1,1
41,64,1,0x92981D6DC4B9C2C3,0xA,361,0.177285318560,2,NA,0x0,0xE,0,0
41,64,2,0x92981D6DC4B9C2C3,0xA,357,0.179271708683,0,NA,0x0,0x4,0,0
41,64,3,0x92981D6DC4B9C2C3,0xA,472,0.135593220339,0,NA,0x0,0x9,0,0
41,64,4,0x92981D6DC4B9C2C3,0xA,310,0.206451612903,0,NA,0x0,0xA,0,0
41,64,5,0x92981D6DC4B9C2C3,0xA,331,0.193353474320,0,NA,0x0,0xA,0,0
41,64,6,0x92981D6DC4B9C2C3,0xA,426,0.150234741784,0,NA,0x0,0xE,0,0
41,64,7,0x92981D6DC4B9C2C3,0xA,366,0.174863387978,0,NA,0x0,0x9,0,0
41,72,0,0x92981D6DC4B9C2C3,0xA,399,0.180451127820,1,0xB,0x1,0x1,1,1
41,72,1,0x92981D6DC4B9C2C3,0xA,415,0.173493975904,2,NA,0x0,0xE,0,0
41,72,2,0x92981D6DC4B9C2C3,0xA,413,0.174334140436,0,NA,0x0,0x4,0,0
41,72,3,0x92981D6DC4B9C2C3,0xA,520,0.138461538462,0,NA,0x0,0x9,0,0
41,72,4,0x92981D6DC4B9C2C3,0xA,343,0.209912536443,0,NA,0x0,0xA,0,0
41,72,5,0x92981D6DC4B9C2C3,0xA,384,0.187500000000,0,NA,0x0,0xA,0,0
41,72,6,0x92981D6DC4B9C2C3,0xA,454,0.158590308370,0,NA,0x0,0xE,0,0
41,72,7,0x92981D6DC4B9C2C3,0xA,421,0.171021377672,0,NA,0x0,0x9,0,0
41,80,0,0x92981D6DC4B9C2C3,0xA,473,0.169133192389,1,0xB,0x1,0x1,1,1
41,80,1,0x92981D6DC4B9C2C3,0xA,495,0.161616161616,2,NA,0x0,0xE,0,0
41,80,2,0x92981D6DC4B9C2C3,0xA,473,0.169133192389,0,NA,0x0,0x4,0,0
41,80,3,0x92981D6DC4B9C2C3,0xA,569,0.140597539543,0,NA,0x0,0x9,0,0
41,80,4,0x92981D6DC4B9C2C3,0xA,374,0.213903743316,0,NA,0x0,0xA,0,0
41,80,5,0x92981D6DC4B9C2C3,0xA,426,0.187793427230,0,NA,0x0,0xA,0,0
41,80,6,0x92981D6DC4B9C2C3,0xA,488,0.163934426230,0,NA,0x0,0xE,0,0
41,80,7,0x92981D6DC4B9C2C3,0xA,452,0.176991150442,0,NA,0x0,0x9,0,0
41,96,0,0x92981D6DC4B9C2C3,0xA,625,0.153600000000,1,0xB,0x1,0x1,1,1
41,96,1,0x92981D6DC4B9C2C3,0xA,581,0.165232358003,2,NA,0x0,0xE,0,0
41,96,2,0x92981D6DC4B9C2C3,0xA,576,0.166666666667,0,NA,0x0,0x4,0,0
41,96,3,0x92981D6DC4B9C2C3,0xA,685,0.140145985401,0,NA,0x0,0x9,0,0
41,96,4,0x92981D6DC4B9C2C3,0xA,439,0.218678815490,0,NA,0x0,0xA,0,0
41,96,5,0x92981D6DC4B9C2C3,0xA,499,0.192384769539,0,NA,0x0,0xA,0,0
41,96,6,0x92981D6DC4B9C2C3,0xA,581,0.165232358003,0,NA,0x0,0xE,0,0
41,96,7,0x92981D6DC4B9C2C3,0xA,565,0.169911504425,0,NA,0x0,0x9,0,0
41,112,0,0x92981D6DC4B9C2C3,0xA,725,0.154482758621,1,0xB,0x1,0x1,1,1
41,112,1,0x92981D6DC4B9C2C3,0xA,674,0.166172106825,1,0x4,0xE,0xE,1,1
41,112,2,0x92981D6DC4B9C2C3,0xA,695,0.161151079137,1,0xE,0x4,0x4,1,1
41,112,3,0x92981D6DC4B9C2C3,0xA,756,0.148148148148,1,0x3,0x9,0x9,1,1
41,112,4,0x92981D6DC4B9C2C3,0xA,492,0.227642276423,1,0x0,0xA,0xA,1,1
41,112,5,0x92981D6DC4B9C2C3,0xA,581,0.192771084337,1,0x0,0xA,0xA,1,1
41,112,6,0x92981D6DC4B9C2C3,0xA,708,0.158192090395,1,0x4,0xE,0xE,1,1
41,112,7,0x92981D6DC4B9C2C3,0xA,623,0.179775280899,1,0x3,0x9,0x9,1,1
41,128,0,0x92981D6DC4B9C2C3,0xA,829,0.154402895054,1,0xB,0x1,0x1,1,1
41,128,1,0x92981D6DC4B9C2C3,0xA,760,0.168421052632,1,0x4,0xE,0xE,1,1
41,128,2,0x92981D6DC4B9C2C3,0xA,763,0.167758846658,1,0xE,0x4,0x4,1,1
41,128,3,0x92981D6DC4B9C2C3,0xA,840,0.152380952381,1,0x3,0x9,0x9,1,1
41,128,4,0x92981D6DC4B9C2C3,0xA,606,0.211221122112,1,0x0,0xA,0xA,1,1
41,128,5,0x92981D6DC4B9C2C3,0xA,691,0.185238784370,1,0x0,0xA,0xA,1,1
41,128,6,0x92981D6DC4B9C2C3,0xA,827,0.154776299879,1,0x4,0xE,0xE,1,1
41,128,7,0x92981D6DC4B9C2C3,0xA,731,0.175102599179,1,0x3,0x9,0x9,1,1
41,160,0,0x92981D6DC4B9C2C3,0xA,1029,0.155490767736,1,0xB,0x1,0x1,1,1
41,160,1,0x92981D6DC4B9C2C3,0xA,926,0.172786177106,1,0x4,0xE,0xE,1,1
41,160,2,0x92981D6DC4B9C2C3,0xA,956,0.167364016736,1,0xE,0x4,0x4,1,1
41,160,3,0x92981D6DC4B9C2C3,0xA,1018,0.157170923379,1,0x3,0x9,0x9,1,1
41,160,4,0x92981D6DC4B9C2C3,0xA,788,0.203045685279,1,0x0,0xA,0xA,1,1
41,160,5,0x92981D6DC4B9C2C3,0xA,883,0.181200453001,1,0x0,0xA,0xA,1,1
41,160,6,0x92981D6DC4B9C2C3,0xA,1031,0.155189136760,1,0x4,0xE,0xE,1,1
41,160,7,0x92981D6DC4B9C2C3,0xA,923,0.173347778982,1,0x3,0x9,0x9,1,1
41,192,0,0x92981D6DC4B9C2C3,0xA,1169,0.164242942686,1,0xB,0x1,0x1,1,1
41,192,1,0x92981D6DC4B9C2C3,0xA,1110,0.172972972973,1,0x4,0xE,0xE,1,1
41,192,2,0x92981D6DC4B9C2C3,0xA,1136,0.169014084507,1,0xE,0x4,0x4,1,1
41,192,3,0x92981D6DC4B9C2C3,0xA,1247,0.153969526864,1,0x3,0x9,0x9,1,1
41,192,4,0x92981D6DC4B9C2C3,0xA,1013,0.189536031589,1,0x0,0xA,0xA,1,1
41,192,5,0x92981D6DC4B9C2C3,0xA,1074,0.178770949721,1,0x0,0xA,0xA,1,1
41,192,6,0x92981D6DC4B9C2C3,0xA,1236,0.155339805825,1,0x4,0xE,0xE,1,1
41,192,7,0x92981D6DC4B9C2C3,0xA,1091,0.175985334555,1,0x3,0x9,0x9,1,1
41,256,0,0x92981D6DC4B9C2C3,0xA,1535,0.166775244300,1,0xB,0x1,0x1,1,1
41,256,1,0x92981D6DC4B9C2C3,0xA,1497,0.171008684035,1,0x4,0xE,0xE,1,1
41,256,2,0x92981D6DC4B9C2C3,0xA,1592,0.160804020101,1,0xE,0x4,0x4,1,1
41,256,3,0x92981D6DC4B9C2C3,0xA,1584,0.161616161616,1,0x3,0x9,0x9,1,1
41,256,4,0x92981D6DC4B9C2C3,0xA,1393,0.183776022972,1,0x0,0xA,0xA,1,1
41,256,5,0x92981D6DC4B9C2C3,0xA,1412,0.181303116147,1,0x0,0xA,0xA,1,1
41,256,6,0x92981D6DC4B9C2C3,0xA,1668,0.153477218225,1,0x4,0xE,0xE,1,1
41,256,7,0x92981D6DC4B9C2C3,0xA,1480,0.172972972973,1,0x3,0x9,0x9,1,1
42,16,0,0x8FE48E76000BB805,0x2,86,0.186046511628,7,NA,0x0,0xA,0,0
42,16,1,0x8FE48E76000BB805,0x2,80,0.200000000000,0,NA,0x0,0xC,0,0
42,16,2,0x8FE48E76000BB805,0x2,93,0.172043010753,0,NA,0x0,0xF,0,0
42,16,3,0x8FE48E76000BB805,0x2,118,0.135593220339,0,NA,0x0,0xC,0,0
42,16,4,0x8FE48E76000BB805,0x2,127,0.125984251969,0,NA,0x0,0x4,0,0
42,16,5,0x8FE48E76000BB805,0x2,111,0.144144144144,0,NA,0x0,0x4,0,0
42,16,6,0x8FE48E76000BB805,0x2,65,0.246153846154,0,NA,0x0,0x3,0,0
42,16,7,0x8FE48E76000BB805,0x2,163,0.098159509202,0,NA,0x0,0x8,0,0
42,24,0,0x8FE48E76000BB805,0x2,161,0.149068322981,4,NA,0x0,0xA,0,0
42,24,1,0x8FE48E76000BB805,0x2,127,0.188976377953,0,NA,0x0,0xC,0,0
42,24,2,0x8FE48E76000BB805,0x2,151,0.158940397351,0,NA,0x0,0xF,0,0
42,24,3,0x8FE48E76000BB805,0x2,193,0.124352331606,0,NA,0x0,0xC,0,0
42,24,4,0x8FE48E76000BB805,0x2,169,0.142011834320,0,NA,0x0,0x4,0,0
42,24,5,0x8FE48E76000BB805,0x2,173,0.138728323699,0,NA,0x0,0x4,0,0
42,24,6,0x8FE48E76000BB805,0x2,99,0.242424242424,0,NA,0x0,0x3,0,0
42,24,7,0x8FE48E76000BB805,0x2,208,0.115384615385,0,NA,0x0,0x8,0,0
42,32,0,0x8FE48E76000BB805,0x2,212,0.150943396226,3,NA,0x0,0xA,0,0
42,32,1,0x8FE48E76000BB805,0x2,182,0.175824175824,0,NA,0x0,0xC,0,0
42,32,2,0x8FE48E76000BB805,0x2,180,0.177777777778,0,NA,0x0,0xF,0,0
42,32,3,0x8FE48E76000BB805,0x2,223,0.143497757848,0,NA,0x0,0xC,0,0
42,32,4,0x8FE48E76000BB805,0x2,215,0.148837209302,0,NA,0x0,0x4,0,0
42,32,5,0x8FE48E76000BB805,0x2,213,0.150234741784,0,NA,0x0,0x4,0,0
42,32,6,0x8FE48E76000BB805,0x2,150,0.213333333333,0,NA,0x0,0x3,0,0
42,32,7,0x8FE48E76000BB805,0x2,247,0.129554655870,0,NA,0x0,0x8,0,0
42,40,0,0x8FE48E76000BB805,0x2,254,0.157480314961,2,NA,0x0,0xA,0,0
42,40,1,0x8FE48E76000BB805,0x2,224,0.178571428571,0,NA,0x0,0xC,0,0
42,40,2,0x8FE48E76000BB805,0x2,233,0.171673819742,0,NA,0x0,0xF,0,0
42,40,3,0x8FE48E76000BB805,0x2,275,0.145454545455,0,NA,0x0,0xC,0,0
42,40,4,0x8FE48E76000BB805,0x2,257,0.155642023346,0,NA,0x0,0x4,0,0
42,40,5,0x8FE48E76000BB805,0x2,255,0.156862745098,0,NA,0x0,0x4,0,0
42,40,6,0x8FE48E76000BB805,0x2,197,0.203045685279,0,NA,0x0,0x3,0,0
42,40,7,0x8FE48E76000BB805,0x2,292,0.136986301370,0,NA,0x0,0x8,0,0
42,48,0,0x8FE48E76000BB805,0x2,298,0.161073825503,1,0x8,0xA,0xA,1,1
42,48,1,0x8FE48E76000BB805,0x2,266,0.180451127820,2,NA,0x0,0xC,0,0
42,48,2,0x8FE48E76000BB805,0x2,288,0.166666666667,0,NA,0x0,0xF,0,0
42,48,3,0x8FE48E76000BB805,0x2,311,0.154340836013,0,NA,0x0,0xC,0,0
42,48,4,0x8FE48E76000BB805,0x2,283,0.169611307420,0,NA,0x0,0x4,0,0
42,48,5,0x8FE48E76000BB805,0x2,325,0.147692307692,0,NA,0x0,0x4,0,0
42,48,6,0x8FE48E76000BB805,0x2,275,0.174545454545,0,NA,0x0,0x3,0,0
42,48,7,0x8FE48E76000BB805,0x2,330,0.145454545455,0,NA,0x0,0x8,0,0
42,56,0,0x8FE48E76000BB805,0x2,356,0.157303370787,1,0x8,0xA,0xA,1,1
42,56,1,0x8FE48E76000BB805,0x2,290,0.193103448276,2,NA,0x0,0xC,0,0
42,56,2,0x8FE48E76000BB805,0x2,330,0.169696969697,0,NA,0x0,0xF,0,0
42,56,3,0x8FE48E76000BB805,0x2,367,0.152588555858,0,NA,0x0,0xC,0,0
42,56,4,0x8FE48E76000BB805,0x2,352,0.159090909091,0,NA,0x0,0x4,0,0
42,56,5,0x8FE48E76000BB805,0x2,357,0.156862745098,0,NA,0x0,0x4,0,0
42,56,6,0x8FE48E76000BB805,0x2,299,0.187290969900,0,NA,0x0,0x3,0,0
42,56,7,0x8FE48E76000BB805,0x2,382,0.146596858639,0,NA,0x0,0x8,0,0
42,64,0,0x8FE48E76000BB805,0x2,424,0.150943396226,1,0x8,0xA,0xA,1,1
42,64,1,0x8FE48E76000BB805,0x2,342,0.187134502924,2,NA,0x0,0xC,0,0
42,64,2,0x8FE48E76000BB805,0x2,364,0.175824175824,0,NA,0x0,0xF,0,0
42,64,3,0x8FE48E76000BB805,0x2,403,0.158808933002,0,NA,0x0,0xC,0,0
42,64,4,0x8FE48E76000BB805,0x2,401,0.159600997506,0,NA,0x0,0x4,0,0
42,64,5,0x8FE48E76000BB805,0x2,404,0.158415841584,0,NA,0x0,0x4,0,0
42,64,6,0x8FE48E76000BB805,0x2,327,0.195718654434,0,NA,0x0,0x3,0,0
42,64,7,0x8FE48E76000BB805,0x2,414,0.154589371981,0,NA,0x0,0x8,0,0
42,72,0,0x8FE48E76000BB805,0x2,461,0.156182212581,1,0x8,0xA,0xA,1,1
42,72,1,0x8FE48E76000BB805,0x2,396,0.181818181818,1,0xE,0xC,0xC,1,1
42,72,2,0x8FE48E76000BB805,0x2,399,0.180451127820,1,0xD,0xF,0xF,1,1
42,72,3,0x8FE48E76000BB805,0x2,436,0.165137614679,1,0xE,0xC,0xC,1,1
42,72,4,0x8FE48E76000BB805,0x2,461,0.156182212581,1,0x6,0x4,0x4,1,1
42,72,5,0x8FE48E76000BB805,0x2,503,0.143141153082,1,0x6,0x4,0x4,1,1
42,72,6,0x8FE48E76000BB805,0x2,388,0.185567010309,1,0x1,0x3,0x3,1,1
42,72,7,0x8FE48E76000BB805,0x2,451,0.159645232816,1,0xA,0x8,0x8,1,1
42,80,0,0x8FE48E76000BB805,0x2,494,0.161943319838,1,0x8,0xA,0xA,1,1
42,80,1,0x8FE48E76000BB805,0x2,453,0.176600441501,1,0xE,0xC,0xC,1,1
42,80,2,0x8FE48E76000BB805,0x2,454,0.176211453744,1,0xD,0xF,0xF,1,1
42,80,3,0x8FE48E76000BB805,0x2,475,0.168421052632,1,0xE,0xC,0xC,1,1
42,80,4,0x8FE48E76000BB805,0x2,522,0.153256704981,1,0x6,0x4,0x4,1,1
42,80,5,0x8FE48E76000BB805,0x2,543,0.147329650092,1,0x6,0x4,0x4,1,1
42,80,6,0x8FE48E76000BB805,0x2,435,0.183908045977,1,0x1,0x3,0x3,1,1
42,80,7,0x8FE48E76000BB805,0x2,512,0.156250000000,1,0xA,0x8,0x8,1,1
42,96,0,0x8FE48E76000BB805,0x2,583,0.164665523156,1,0x8,0xA,0xA,1,1
42,96,1,0x8FE48E76000BB805,0x2,596,0.161073825503,1,0xE,0xC,0xC,1,1
42,96,2,0x8FE48E76000BB805,0x2,540,0.177777777778,1,0xD,0xF,0xF,1,1
42,96,3,0x8FE48E76000BB805,0x2,553,0.173598553345,1,0xE,0xC,0xC,1,1
42,96,4,0x8FE48E76000BB805,0x2,615,0.156097560976,1,0x6,0x4,0x4,1,1
42,96,5,0x8FE48E76000BB805,0x2,691,0.138929088278,1,0x6,0x4,0x4,1,1
42,96,6,0x8FE48E76000BB805,0x2,527,0.182163187856,1,0x1,0x3,0x3,1,1
42,96,7,0x8FE48E76000BB805,0x2,640,0.150000000000,1,0xA,0x8,0x8,1,1
42,112,0,0x8FE48E76000BB805,0x2,702,0.159544159544,1,0x8,0xA,0xA,1,1
42,112,1,0x8FE48E76000BB805,0x2,693,0.161616161616,1,0xE,0xC,0xC,1,1
42,112,2,0x8FE48E76000BB805,0x2,636,0.176100628931,1,0xD,0xF,0xF,1,1
42,112,3,0x8FE48E76000BB805,0x2,635,0.176377952756,1,0xE,0xC,0xC,1,1
42,112,4,0x8FE48E76000BB805,0x2,707,0.158415841584,1,0x6,0x4,0x4,1,1
42,112,5,0x8FE48E76000BB805,0x2,827,0.135429262394,1,0x6,0x4,0x4,1,1
42,112,6,0x8FE48E76000BB805,0x2,630,0.177777777778,1,0x1,0x3,0x3,1,1
42,112,7,0x8FE48E76000BB805,0x2,742,0.150943396226,1,0xA,0x8,0x8,1,1
42,128,0,0x8FE48E76000BB805,0x2,779,0.164313222080,1,0x8,0xA,0xA,1,1
42,128,1,0x8FE48E76000BB805,0x2,815,0.157055214724,1,0xE,0xC,0xC,1,1
42,128,2,0x8FE48E76000BB805,0x2,727,0.176066024759,1,0xD,0xF,0xF,1,1
42,128,3,0x8FE48E76000BB805,0x2,754,0.169761273210,1,0xE,0xC,0xC,1,1
42,128,4,0x8FE48E76000BB805,0x2,787,0.162642947903,1,0x6,0x4,0x4,1,1
42,128,5,0x8FE48E76000BB805,0x2,933,0.137191854234,1,0x6,0x4,0x4,1,1
42,128,6,0x8FE48E76000BB805,0x2,680,0.188235294118,1,0x1,0x3,0x3,1,1
42,128,7,0x8FE48E76000BB805,0x2,856,0.149532710280,1,0xA,0x8,0x8,1,1
42,160,0,0x8FE48E76000BB805,0x2,945,0.169312169312,1,0x8,0xA,0xA,1,1
42,160,1,0x8FE48E76000BB805,0x2,1036,0.154440154440,1,0xE,0xC,0xC,1,1
42,160,2,0x8FE48E76000BB805,0x2,957,0.167189132706,1,0xD,0xF,0xF,1,1
42,160,3,0x8FE48E76000BB805,0x2,951,0.168243953733,1,0xE,0xC,0xC,1,1
42,160,4,0x8FE48E76000BB805,0x2,975,0.164102564103,1,0x6,0x4,0x4,1,1
42,160,5,0x8FE48E76000BB805,0x2,1141,0.140227870289,1,0x6,0x4,0x4,1,1
42,160,6,0x8FE48E76000BB805,0x2,858,0.186480186480,1,0x1,0x3,0x3,1,1
42,160,7,0x8FE48E76000BB805,0x2,1003,0.159521435693,1,0xA,0x8,0x8,1,1
42,192,0,0x8FE48E76000BB805,0x2,1132,0.169611307420,1,0x8,0xA,0xA,1,1
42,192,1,0x8FE48E76000BB805,0x2,1210,0.158677685950,1,0xE,0xC,0xC,1,1
42,192,2,0x8FE48E76000BB805,0x2,1129,0.170062001771,1,0xD,0xF,0xF,1,1
42,192,3,0x8FE48E76000BB805,0x2,1110,0.172972972973,1,0xE,0xC,0xC,1,1
42,192,4,0x8FE48E76000BB805,0x2,1189,0.161480235492,1,0x6,0x4,0x4,1,1
42,192,5,0x8FE48E76000BB805,0x2,1326,0.144796380090,1,0x6,0x4,0x4,1,1
42,192,6,0x8FE48E76000BB805,0x2,1069,0.179607109448,1,0x1,0x3,0x3,1,1
42,192,7,0x8FE48E76000BB805,0x2,1156,0.166089965398,1,0xA,0x8,0x8,1,1
42,256,0,0x8FE48E76000BB805,0x2,1540,0.166233766234,1,0x8,0xA,0xA,1,1
42,256,1,0x8FE48E76000BB805,0x2,1569,0.163161249203,1,0xE,0xC,0xC,1,1
42,256,2,0x8FE48E76000BB805,0x2,1507,0.169873921699,1,0xD,0xF,0xF,1,1
42,256,3,0x8FE48E76000BB805,0x2,1491,0.171696847753,1,0xE,0xC,0xC,1,1
42,256,4,0x8FE48E76000BB805,0x2,1627,0.157344806392,1,0x6,0x4,0x4,1,1
42,256,5,0x8FE48E76000BB805,0x2,1759,0.145537237067,1,0x6,0x4,0x4,1,1
42,256,6,0x8FE48E76000BB805,0x2,1472,0.173913043478,1,0x1,0x3,0x3,1,1
42,256,7,0x8FE48E76000BB805,0x2,1597,0.160300563557,1,0xA,0x8,0x8,1,1
43,16,0,0x58430272FCE9B342,0xE,133,0.120300751880,8,NA,0x0,0x6,0,0
43,16,1,0x58430272FCE9B342,0xE,120,0.133333333333,0,NA,0x0,0x5,0,0
43,16,2,0x58430272FCE9B342,0xE,86,0.186046511628,0,NA,0x0,0x1,0,0
43,16,3,0x58430272FCE9B342,0xE,97,0.164948453608,0,NA,0x0,0x3,0,0
43,16,4,0x58430272FCE9B342,0xE,63,0.253968253968,0,NA,0x0,0x6,0,0
43,16,5,0x58430272FCE9B342,0xE,65,0.246153846154,0,NA,0x0,0xB,0,0
43,16,6,0x58430272FCE9B342,0xE,104,0.153846153846,0,NA,0x0,0x1,0,0
43,16,7,0x58430272FCE9B342,0xE,114,0.140350877193,0,NA,0x0,0x3,0,0
43,24,0,0x58430272FCE9B342,0xE,183,0.131147540984,5,NA,0x0,0x6,0,0
43,24,1,0x58430272FCE9B342,0xE,170,0.141176470588,0,NA,0x0,0x5,0,0
43,24,2,0x58430272FCE9B342,0xE,110,0.218181818182,0,NA,0x0,0x1,0,0
43,24,3,0x58430272FCE9B342,0xE,170,0.141176470588,0,NA,0x0,0x3,0,0
43,24,4,0x58430272FCE9B342,0xE,114,0.210526315789,0,NA,0x0,0x6,0,0
43,24,5,0x58430272FCE9B342,0xE,104,0.230769230769,0,NA,0x0,0xB,0,0
43,24,6,0x58430272FCE9B342,0xE,151,0.158940397351,0,NA,0x0,0x1,0,0
43,24,7,0x58430272FCE9B342,0xE,147,0.163265306122,0,NA,0x0,0x3,0,0
43,32,0,0x58430272FCE9B342,0xE,220,0.145454545455,3,NA,0x0,0x6,0,0
43,32,1,0x58430272FCE9B342,0xE,205,0.156097560976,0,NA,0x0,0x5,0,0
43,32,2,0x58430272FCE9B342,0xE,205,0.156097560976,0,NA,0x0,0x1,0,0
43,32,3,0x58430272FCE9B342,0xE,217,0.147465437788,0,NA,0x0,0x3,0,0
43,32,4,0x58430272FCE9B342,0xE,195,0.164102564103,0,NA,0x0,0x6,0,0
43,32,5,0x58430272FCE9B342,0xE,147,0.217687074830,0,NA,0x0,0xB,0,0
43,32,6,0x58430272FCE9B342,0xE,197,0.162436548223,0,NA,0x0,0x1,0,0
43,32,7,0x58430272FCE9B342,0xE,200,0.160000000000,0,NA,0x0,0x3,0,0
43,40,0,0x58430272FCE9B342,0xE,243,0.164609053498,3,NA,0x0,0x6,0,0
43,40,1,0x58430272FCE9B342,0xE,245,0.163265306122,0,NA,0x0,0x5,0,0
43,40,2,0x58430272FCE9B342,0xE,257,0.155642023346,0,NA,0x0,0x1,0,0
43,40,3,0x58430272FCE9B342,0xE,286,0.139860139860,0,NA,0x0,0x3,0,0
43,40,4,0x58430272FCE9B342,0xE,221,0.180995475113,0,NA,0x0,0x6,0,0
43,40,5,0x58430272FCE9B342,0xE,210,0.190476190476,0,NA,0x0,0xB,0,0
43,40,6,0x58430272FCE9B342,0xE,252,0.158730158730,0,NA,0x0,0x1,0,0
43,40,7,0x58430272FCE9B342,0xE,242,0.165289256198,0,NA,0x0,0x3,0,0
43,48,0,0x58430272FCE9B342,0xE,275,0.174545454545,2,NA,0x0,0x6,0,0
43,48,1,0x58430272FCE9B342,0xE,325,0.147692307692,0,NA,0x0,0x5,0,0
43,48,2,0x58430272FCE9B342,0xE,321,0.149532710280,0,NA,0x0,0x1,0,0
43,48,3,0x58430272FCE9B342,0xE,315,0.152380952381,0,NA,0x0,0x3,0,0
43,48,4,0x58430272FCE9B342,0xE,265,0.181132075472,0,NA,0x0,0x6,0,0
43,48,5,0x58430272FCE9B342,0xE,264,0.181818181818,0,NA,0x0,0xB,0,0
43,48,6,0x58430272FCE9B342,0xE,330,0.145454545455,0,NA,0x0,0x1,0,0
43,48,7,0x58430272FCE9B342,0xE,285,0.168421052632,0,NA,0x0,0x3,0,0
43,56,0,0x58430272FCE9B342,0xE,325,0.172307692308,1,0x8,0x6,0x6,1,1
43,56,1,0x58430272FCE9B342,0xE,384,0.145833333333,1,0xB,0x5,0x5,1,1
43,56,2,0x58430272FCE9B342,0xE,355,0.157746478873,1,0xF,0x1,0x1,1,1
43,56,3,0x58430272FCE9B342,0xE,339,0.165191740413,1,0xD,0x3,0x3,1,1
43,56,4,0x58430272FCE9B342,0xE,303,0.184818481848,2,NA,0x0,0x6,0,0
43,56,5,0x58430272FCE9B342,0xE,309,0.181229773463,0,NA,0x0,0xB,0,0
43,56,6,0x58430272FCE9B342,0xE,376,0.148936170213,0,NA,0x0,0x1,0,0
43,56,7,0x58430272FCE9B342,0xE,352,0.159090909091,0,NA,0x0,0x3,0,0
43,64,0,0x58430272FCE9B342,0xE,366,0.174863387978,1,0x8,0x6,0x6,1,1
43,64,1,0x58430272FCE9B342,0xE,430,0.148837209302,1,0xB,0x5,0x5,1,1
43,64,2,0x58430272FCE9B342,0xE,397,0.161209068010,1,0xF,0x1,0x1,1,1
43,64,3,0x58430272FCE9B342,0xE,381,0.167979002625,1,0xD,0x3,0x3,1,1
43,64,4,0x58430272FCE9B342,0xE,372,0.172043010753,2,NA,0x0,0x6,0,0
43,64,5,0x58430272FCE9B342,0xE,344,0.186046511628,0,NA,0x0,0xB,0,0
43,64,6,0x58430272FCE9B342,0xE,417,0.153477218225,0,NA,0x0,0x1,0,0
43,64,7,0x58430272FCE9B342,0xE,376,0.170212765957,0,NA,0x0,0x3,0,0
43,72,0,0x58430272FCE9B342,0xE,415,0.173493975904,1,0x8,0x6,0x6,1,1
43,72,1,0x58430272FCE9B342,0xE,488,0.147540983607,1,0xB,0x5,0x5,1,1
43,72,2,0x58430272FCE9B342,0xE,441,0.163265306122,1,0xF,0x1,0x1,1,1
43,72,3,0x58430272FCE9B342,0xE,442,0.162895927602,1,0xD,0x3,0x3,1,1
43,72,4,0x58430272FCE9B342,0xE,441,0.163265306122,2,NA,0x0,0x6,0,0
43,72,5,0x58430272FCE9B342,0xE,368,0.195652173913,0,NA,0x0,0xB,0,0
43,72,6,0x58430272FCE9B342,0xE,476,0.151260504202,0,NA,0x0,0x1,0,0
43,72,7,0x58430272FCE9B342,0xE,408,0.176470588235,0,NA,0x0,0x3,0,0
43,80,0,0x58430272FCE9B342,0xE,500,0.160000000000,1,0x8,0x6,0x6,1,1
43,80,1,0x58430272FCE9B342,0xE,541,0.147874306839,1,0xB,0x5,0x5,1,1
43,80,2,0x58430272FCE9B342,0xE,497,0.160965794769,1,0xF,0x1,0x1,1,1
43,80,3,0x58430272FCE9B342,0xE,481,0.166320166320,1,0xD,0x3,0x3,1,1
43,80,4,0x58430272FCE9B342,0xE,495,0.161616161616,2,NA,0x0,0x6,0,0
43,80,5,0x58430272FCE9B342,0xE,450,0.177777777778,0,NA,0x0,0xB,0,0
43,80,6,0x58430272FCE9B342,0xE,526,0.152091254753,0,NA,0x0,0x1,0,0
43,80,7,0x58430272FCE9B342,0xE,451,0.177383592018,0,NA,0x0,0x3,0,0
43,96,0,0x58430272FCE9B342,0xE,573,0.167539267016,1,0x8,0x6,0x6,1,1
43,96,1,0x58430272FCE9B342,0xE,632,0.151898734177,1,0xB,0x5,0x5,1,1
43,96,2,0x58430272FCE9B342,0xE,583,0.164665523156,1,0xF,0x1,0x1,1,1
43,96,3,0x58430272FCE9B342,0xE,555,0.172972972973,1,0xD,0x3,0x3,1,1
43,96,4,0x58430272FCE9B342,0xE,595,0.161344537815,2,NA,0x0,0x6,0,0
43,96,5,0x58430272FCE9B342,0xE,535,0.179439252336,0,NA,0x0,0xB,0,0
43,96,6,0x58430272FCE9B342,0xE,630,0.152380952381,0,NA,0x0,0x1,0,0
43,96,7,0x58430272FCE9B342,0xE,533,0.180112570356,0,NA,0x0,0x3,0,0
43,112,0,0x58430272FCE9B342,0xE,674,0.166172106825,1,0x8,0x6,0x6,1,1
43,112,1,0x58430272FCE9B342,0xE,730,0.153424657534,1,0xB,0x5,0x5,1,1
43,112,2,0x58430272FCE9B342,0xE,673,0.166419019316,1,0xF,0x1,0x1,1,1
43,112,3,0x58430272FCE9B342,0xE,688,0.162790697674,1,0xD,0x3,0x3,1,1
43,112,4,0x58430272FCE9B342,0xE,725,0.154482758621,2,NA,0x0,0x6,0,0
43,112,5,0x58430272FCE9B342,0xE,654,0.171253822630,0,NA,0x0,0xB,0,0
43,112,6,0x58430272FCE9B342,0xE,739,0.151556156969,0,NA,0x0,0x1,0,0
43,112,7,0x58430272FCE9B342,0xE,640,0.175000000000,0,NA,0x0,0x3,0,0
43,128,0,0x58430272FCE9B342,0xE,752,0.170212765957,1,0x8,0x6,0x6,1,1
43,128,1,0x58430272FCE9B342,0xE,810,0.158024691358,1,0xB,0x5,0x5,1,1
43,128,2,0x58430272FCE9B342,0xE,805,0.159006211180,1,0xF,0x1,0x1,1,1
43,128,3,0x58430272FCE9B342,0xE,776,0.164948453608,1,0xD,0x3,0x3,1,1
43,128,4,0x58430272FCE9B342,0xE,821,0.155907429963,2,NA,0x0,0x6,0,0
43,128,5,0x58430272FCE9B342,0xE,791,0.161820480405,0,NA,0x0,0xB,0,0
43,128,6,0x58430272FCE9B342,0xE,800,0.160000000000,0,NA,0x0,0x1,0,0
43,128,7,0x58430272FCE9B342,0xE,761,0.168199737188,0,NA,0x0,0x3,0,0
43,160,0,0x58430272FCE9B342,0xE,941,0.170031880978,1,0x8,0x6,0x6,1,1
43,160,1,0x58430272FCE9B342,0xE,995,0.160804020101,1,0xB,0x5,0x5,1,1
43,160,2,0x58430272FCE9B342,0xE,997,0.160481444333,1,0xF,0x1,0x1,1,1
43,160,3,0x58430272FCE9B342,0xE,976,0.163934426230,1,0xD,0x3,0x3,1,1
43,160,4,0x58430272FCE9B342,0xE,990,0.161616161616,1,0x8,0x6,0x6,1,1
43,160,5,0x58430272FCE9B342,0xE,987,0.162107396150,1,0x5,0xB,0xB,1,1
43,160,6,0x58430272FCE9B342,0xE,967,0.165460186143,1,0xF,0x1,0x1,1,1
43,160,7,0x58430272FCE9B342,0xE,985,0.162436548223,1,0xD,0x3,0x3,1,1
43,192,0,0x58430272FCE9B342,0xE,1182,0.162436548223,1,0x8,0x6,0x6,1,1
43,192,1,0x58430272FCE9B342,0xE,1167,0.164524421594,1,0xB,0x5,0x5,1,1
43,192,2,0x58430272FCE9B342,0xE,1212,0.158415841584,1,0xF,0x1,0x1,1,1
43,192,3,0x58430272FCE9B342,0xE,1189,0.161480235492,1,0xD,0x3,0x3,1,1
43,192,4,0x58430272FCE9B342,0xE,1164,0.164948453608,1,0x8,0x6,0x6,1,1
43,192,5,0x58430272FCE9B342,0xE,1120,0.171428571429,1,0x5,0xB,0xB,1,1
43,192,6,0x58430272FCE9B342,0xE,1113,0.172506738544,1,0xF,0x1,0x1,1,1
43,192,7,0x58430272FCE9B342,0xE,1155,0.166233766234,1,0xD,0x3,0x3,1,1
43,256,0,0x58430272FCE9B342,0xE,1557,0.164418754014,1,0x8,0x6,0x6,1,1
43,256,1,0x58430272FCE9B342,0xE,1608,0.159203980100,1,0xB,0x5,0x5,1,1
43,256,2,0x58430272FCE9B342,0xE,1548,0.165374677003,1,0xF,0x1,0x1,1,1
43,256,3,0x58430272FCE9B342,0xE,1547,0.165481577246,1,0xD,0x3,0x3,1,1
43,256,4,0x58430272FCE9B342,0xE,1549,0.165267914784,1,0x8,0x6,0x6,1,1
43,256,5,0x58430272FCE9B342,0xE,1482,0.172739541161,1,0x5,0xB,0xB,1,1
43,256,6,0x58430272FCE9B342,0xE,1502,0.170439414115,1,0xF,0x1,0x1,1,1
43,256,7,0x58430272FCE9B342,0xE,1513,0.169200264375,1,0xD,0x3,0x3,1,1
44,16,0,0xE7AD1818903A1E11,0x9,126,0.126984126984,6,NA,0x0,0x8,0,0
44,16,1,0xE7AD1818903A1E11,0x9,76,0.210526315789,0,NA,0x0,0xD,0,0
44,16,2,0xE7AD1818903A1E11,0x9,76,0.210526315789,0,NA,0x0,0x8,0,0
44,16,3,0xE7AD1818903A1E11,0x9,100,0.160000000000,0,NA,0x0,0x8,0,0
44,16,4,0xE7AD1818903A1E11,0x9,151,0.105960264901,0,NA,0x0,0x1,0,0
44,16,5,0xE7AD1818903A1E11,0x9,64,0.250000000000,0,NA,0x0,0xD,0,0
44,16,6,0xE7AD1818903A1E11,0x9,98,0.163265306122,0,NA,0x0,0xB,0,0
44,16,7,0xE7AD1818903A1E11,0x9,79,0.202531645570,0,NA,0x0,0xB,0,0
44,24,0,0xE7AD1818903A1E11,0x9,173,0.138728323699,2,NA,0x0,0x8,0,0
44,24,1,0xE7AD1818903A1E11,0x9,105,0.228571428571,0,NA,0x0,0xD,0,0
44,24,2,0xE7AD1818903A1E11,0x9,142,0.169014084507,0,NA,0x0,0x8,0,0
44,24,3,0xE7AD1818903A1E11,0x9,146,0.164383561644,0,NA,0x0,0x8,0,0
44,24,4,0xE7AD1818903A1E11,0x9,219,0.109589041096,0,NA,0x0,0x1,0,0
44,24,5,0xE7AD1818903A1E11,0x9,96,0.250000000000,0,NA,0x0,0xD,0,0
44,24,6,0xE7AD1818903A1E11,0x9,151,0.158940397351,0,NA,0x0,0xB,0,0
44,24,7,0xE7AD1818903A1E11,0x9,129,0.186046511628,0,NA,0x0,0xB,0,0
44,32,0,0xE7AD1818903A1E11,0x9,214,0.149532710280,2,NA,0x0,0x8,0,0
44,32,1,0xE7AD1818903A1E11,0x9,144,0.222222222222,0,NA,0x0,0xD,0,0
44,32,2,0xE7AD1818903A1E11,0x9,203,0.157635467980,0,NA,0x0,0x8,0,0
44,32,3,0xE7AD1818903A1E11,0x9,176,0.181818181818,0,NA,0x0,0x8,0,0
44,32,4,0xE7AD1818903A1E11,0x9,260,0.123076923077,0,NA,0x0,0x1,0,0
44,32,5,0xE7AD1818903A1E11,0x9,153,0.209150326797,0,NA,0x0,0xD,0,0
44,32,6,0xE7AD1818903A1E11,0x9,193,0.165803108808,0,NA,0x0,0xB,0,0
44,32,7,0xE7AD1818903A1E11,0x9,175,0.182857142857,0,NA,0x0,0xB,0,0
44,40,0,0xE7AD1818903A1E11,0x9,259,0.154440154440,2,NA,0x0,0x8,0,0
44,40,1,0xE7AD1818903A1E11,0x9,182,0.219780219780,0,NA,0x0,0xD,0,0
44,40,2,0xE7AD1818903A1E11,0x9,253,0.158102766798,0,NA,0x0,0x8,0,0
44,40,3,0xE7AD1818903A1E11,0x9,237,0.168776371308,0,NA,0x0,0x8,0,0
44,40,4,0xE7AD1818903A1E11,0x9,310,0.129032258065,0,NA,0x0,0x1,0,0
44,40,5,0xE7AD1818903A1E11,0x9,192,0.208333333333,0,NA,0x0,0xD,0,0
44,40,6,0xE7AD1818903A1E11,0x9,220,0.181818181818,0,NA,0x0,0xB,0,0
44,40,7,0xE7AD1818903A1E11,0x9,218,0.183486238532,0,NA,0x0,0xB,0,0
44,48,0,0xE7AD1818903A1E11,0x9,284,0.169014084507,2,NA,0x0,0x8,0,0
44,48,1,0xE7AD1818903A1E11,0x9,247,0.194331983806,0,NA,0x0,0xD,0,0
44,48,2,0xE7AD1818903A1E11,0x9,320,0.150000000000,0,NA,0x0,0x8,0,0
44,48,3,0xE7AD1818903A1E11,0x9,307,0.156351791531,0,NA,0x0,0x8,0,0
44,48,4,0xE7AD1818903A1E11,0x9,361,0.132963988920,0,NA,0x0,0x1,0,0
44,48,5,0xE7AD1818903A1E11,0x9,224,0.214285714286,0,NA,0x0,0xD,0,0
44,48,6,0xE7AD1818903A1E11,0x9,258,0.186046511628,0,NA,0x0,0xB,0,0
44,48,7,0xE7AD1818903A1E11,0x9,276,0.173913043478,0,NA,0x0,0xB,0,0
44,56,0,0xE7AD1818903A1E11,0x9,330,0.169696969697,2,NA,0x0,0x8,0,0
44,56,1,0xE7AD1818903A1E11,0x9,279,0.200716845878,0,NA,0x0,0xD,0,0
44,56,2,0xE7AD1818903A1E11,0x9,349,0.160458452722,0,NA,0x0,0x8,0,0
44,56,3,0xE7AD1818903A1E11,0x9,398,0.140703517588,0,NA,0x0,0x8,0,0
44,56,4,0xE7AD1818903A1E11,0x9,408,0.137254901961,0,NA,0x0,0x1,0,0
44,56,5,0xE7AD1818903A1E11,0x9,254,0.220472440945,0,NA,0x0,0xD,0,0
44,56,6,0xE7AD1818903A1E11,0x9,297,0.188552188552,0,NA,0x0,0xB,0,0
44,56,7,0xE7AD1818903A1E11,0x9,338,0.165680473373,0,NA,0x0,0xB,0,0
44,64,0,0xE7AD1818903A1E11,0x9,370,0.172972972973,1,0x1,0x8,0x8,1,1
44,64,1,0xE7AD1818903A1E11,0x9,320,0.200000000000,2,NA,0x0,0xD,0,0
44,64,2,0xE7AD1818903A1E11,0x9,385,0.166233766234,0,NA,0x0,0x8,0,0
44,64,3,0xE7AD1818903A1E11,0x9,428,0.149532710280,0,NA,0x0,0x8,0,0
44,64,4,0xE7AD1818903A1E11,0x9,439,0.145785876993,0,NA,0x0,0x1,0,0
44,64,5,0xE7AD1818903A1E11,0x9,324,0.197530864198,0,NA,0x0,0xD,0,0
44,64,6,0xE7AD1818903A1E11,0x9,323,0.198142414861,0,NA,0x0,0xB,0,0
44,64,7,0xE7AD1818903A1E11,0x9,392,0.163265306122,0,NA,0x0,0xB,0,0
44,72,0,0xE7AD1818903A1E11,0x9,440,0.163636363636,1,0x1,0x8,0x8,1,1
44,72,1,0xE7AD1818903A1E11,0x9,371,0.194070080863,2,NA,0x0,0xD,0,0
44,72,2,0xE7AD1818903A1E11,0x9,439,0.164009111617,0,NA,0x0,0x8,0,0
44,72,3,0xE7AD1818903A1E11,0x9,470,0.153191489362,0,NA,0x0,0x8,0,0
44,72,4,0xE7AD1818903A1E11,0x9,471,0.152866242038,0,NA,0x0,0x1,0,0
44,72,5,0xE7AD1818903A1E11,0x9,363,0.198347107438,0,NA,0x0,0xD,0,0
44,72,6,0xE7AD1818903A1E11,0x9,384,0.187500000000,0,NA,0x0,0xB,0,0
44,72,7,0xE7AD1818903A1E11,0x9,452,0.159292035398,0,NA,0x0,0xB,0,0
44,80,0,0xE7AD1818903A1E11,0x9,492,0.162601626016,1,0x1,0x8,0x8,1,1
44,80,1,0xE7AD1818903A1E11,0x9,412,0.194174757282,2,NA,0x0,0xD,0,0
44,80,2,0xE7AD1818903A1E11,0x9,478,0.167364016736,0,NA,0x0,0x8,0,0
44,80,3,0xE7AD1818903A1E11,0x9,515,0.155339805825,0,NA,0x0,0x8,0,0
44,80,4,0xE7AD1818903A1E11,0x9,523,0.152963671128,0,NA,0x0,0x1,0,0
44,80,5,0xE7AD1818903A1E11,0x9,411,0.194647201946,0,NA,0x0,0xD,0,0
44,80,6,0xE7AD1818903A1E11,0x9,423,0.189125295508,0,NA,0x0,0xB,0,0
44,80,7,0xE7AD1818903A1E11,0x9,491,0.162932790224,0,NA,0x0,0xB,0,0
44,96,0,0xE7AD1818903A1E11,0x9,561,0.171122994652,1,0x1,0x8,0x8,1,1
44,96,1,0xE7AD1818903A1E11,0x9,512,0.187500000000,1,0x4,0xD,0xD,1,1
44,96,2,0xE7AD1818903A1E11,0x9,568,0.169014084507,1,0x1,0x8,0x8,1,1
44,96,3,0xE7AD1818903A1E11,0x9,587,0.163543441227,1,0x1,0x8,0x8,1,1
44,96,4,0xE7AD1818903A1E11,0x9,611,0.157119476268,1,0x8,0x1,0x1,1,1
44,96,5,0xE7AD1818903A1E11,0x9,524,0.183206106870,1,0x4,0xD,0xD,1,1
44,96,6,0xE7AD1818903A1E11,0x9,553,0.173598553345,1,0x2,0xB,0xB,1,1
44,96,7,0xE7AD1818903A1E11,0x9,556,0.172661870504,1,0x2,0xB,0xB,1,1
44,112,0,0xE7AD1818903A1E11,0x9,626,0.178913738019,1,0x1,0x8,0x8,1,1
44,112,1,0xE7AD1818903A1E11,0x9,639,0.175273865415,1,0x4,0xD,0xD,1,1
44,112,2,0xE7AD1818903A1E11,0x9,647,0.173106646059,1,0x1,0x8,0x8,1,1
44,112,3,0xE7AD1818903A1E11,0x9,679,0.164948453608,1,0x1,0x8,0x8,1,1
44,112,4,0xE7AD1818903A1E11,0x9,709,0.157968970381,1,0x8,0x1,0x1,1,1
44,112,5,0xE7AD1818903A1E11,0x9,610,0.183606557377,1,0x4,0xD,0xD,1,1
44,112,6,0xE7AD1818903A1E11,0x9,638,0.175548589342,1,0x2,0xB,0xB,1,1
44,112,7,0xE7AD1818903A1E11,0x9,635,0.176377952756,1,0x2,0xB,0xB,1,1
44,128,0,0xE7AD1818903A1E11,0x9,759,0.168642951252,1,0x1,0x8,0x8,1,1
44,128,1,0xE7AD1818903A1E11,0x9,770,0.166233766234,1,0x4,0xD,0xD,1,1
44,128,2,0xE7AD1818903A1E11,0x9,757,0.169088507266,1,0x1,0x8,0x8,1,1
44,128,3,0xE7AD1818903A1E11,0x9,782,0.163682864450,1,0x1,0x8,0x8,1,1
44,128,4,0xE7AD1818903A1E11,0x9,774,0.165374677003,1,0x8,0x1,0x1,1,1
44,128,5,0xE7AD1818903A1E11,0x9,730,0.175342465753,1,0x4,0xD,0xD,1,1
44,128,6,0xE7AD1818903A1E11,0x9,740,0.172972972973,1,0x2,0xB,0xB,1,1
44,128,7,0xE7AD1818903A1E11,0x9,685,0.186861313869,1,0x2,0xB,0xB,1,1
44,160,0,0xE7AD1818903A1E11,0x9,926,0.172786177106,1,0x1,0x8,0x8,1,1
44,160,1,0xE7AD1818903A1E11,0x9,941,0.170031880978,1,0x4,0xD,0xD,1,1
44,160,2,0xE7AD1818903A1E11,0x9,933,0.171489817792,1,0x1,0x8,0x8,1,1
44,160,3,0xE7AD1818903A1E11,0x9,949,0.168598524763,1,0x1,0x8,0x8,1,1
44,160,4,0xE7AD1818903A1E11,0x9,893,0.179171332587,1,0x8,0x1,0x1,1,1
44,160,5,0xE7AD1818903A1E11,0x9,980,0.163265306122,1,0x4,0xD,0xD,1,1
44,160,6,0xE7AD1818903A1E11,0x9,928,0.172413793103,1,0x2,0xB,0xB,1,1
44,160,7,0xE7AD1818903A1E11,0x9,890,0.179775280899,1,0x2,0xB,0xB,1,1
44,192,0,0xE7AD1818903A1E11,0x9,1092,0.175824175824,1,0x1,0x8,0x8,1,1
44,192,1,0xE7AD1818903A1E11,0x9,1152,0.166666666667,1,0x4,0xD,0xD,1,1
44,192,2,0xE7AD1818903A1E11,0x9,1083,0.177285318560,1,0x1,0x8,0x8,1,1
44,192,3,0xE7AD1818903A1E11,0x9,1136,0.169014084507,1,0x1,0x8,0x8,1,1
44,192,4,0xE7AD1818903A1E11,0x9,1085,0.176958525346,1,0x8,0x1,0x1,1,1
44,192,5,0xE7AD1818903A1E11,0x9,1184,0.162162162162,1,0x4,0xD,0xD,1,1
44,192,6,0xE7AD1818903A1E11,0x9,1176,0.163265306122,1,0x2,0xB,0xB,1,1
44,192,7,0xE7AD1818903A1E11,0x9,1037,0.185149469624,1,0x2,0xB,0xB,1,1
44,256,0,0xE7AD1818903A1E11,0x9,1452,0.176308539945,1,0x1,0x8,0x8,1,1
44,256,1,0xE7AD1818903A1E11,0x9,1606,0.159402241594,1,0x4,0xD,0xD,1,1
44,256,2,0xE7AD1818903A1E11,0x9,1487,0.172158708810,1,0x1,0x8,0x8,1,1
44,256,3,0xE7AD1818903A1E11,0x9,1575,0.162539682540,1,0x1,0x8,0x8,1,1
44,256,4,0xE7AD1818903A1E11,0x9,1452,0.176308539945,1,0x8,0x1,0x1,1,1
44,256,5,0xE7AD1818903A1E11,0x9,1615,0.158513931889,1,0x4,0xD,0xD,1,1
44,256,6,0xE7AD1818903A1E11,0x9,1582,0.161820480405,1,0x2,0xB,0xB,1,1
44,256,7,0xE7AD1818903A1E11,0x9,1384,0.184971098266,1,0x2,0xB,0xB,1,1
45,16,0,0xDEED368CDF1472E8,0xE,81,0.197530864198,5,NA,0x0,0x9,0,0
45,16,1,0xDEED368CDF1472E8,0xE,58,0.275862068966,0,NA,0x0,0x6,0,0
45,16,2,0xDEED368CDF1472E8,0xE,118,0.135593220339,0,NA,0x0,0xC,0,0
45,16,3,0xDEED368CDF1472E8,0xE,90,0.177777777778,0,NA,0x0,0xD,0,0
45,16,4,0xDEED368CDF1472E8,0xE,59,0.271186440678,0,NA,0x0,0xC,0,0
45,16,5,0xDEED368CDF1472E8,0xE,72,0.222222222222,0,NA,0x0,0x4,0,0
45,16,6,0xDEED368CDF1472E8,0xE,90,0.177777777778,0,NA,0x0,0xD,0,0
45,16,7,0xDEED368CDF1472E8,0xE,107,0.149532710280,0,NA,0x0,0x6,0,0
45,24,0,0xDEED368CDF1472E8,0xE,177,0.135593220339,5,NA,0x0,0x9,0,0
45,24,1,0xDEED368CDF1472E8,0xE,113,0.212389380531,0,NA,0x0,0x6,0,0
45,24,2,0xDEED368CDF1472E8,0xE,196,0.122448979592,0,NA,0x0,0xC,0,0
45,24,3,0xDEED368CDF1472E8,0xE,114,0.210526315789,0,NA,0x0,0xD,0,0
45,24,4,0xDEED368CDF1472E8,0xE,90,0.266666666667,0,NA,0x0,0xC,0,0
45,24,5,0xDEED368CDF1472E8,0xE,103,0.233009708738,0,NA,0x0,0x4,0,0
45,24,6,0xDEED368CDF1472E8,0xE,145,0.165517241379,0,NA,0x0,0xD,0,0
45,24,7,0xDEED368CDF1472E8,0xE,148,0.162162162162,0,NA,0x0,0x6,0,0
45,32,0,0xDEED368CDF1472E8,0xE,208,0.153846153846,4,NA,0x0,0x9,0,0
45,32,1,0xDEED368CDF1472E8,0xE,147,0.217687074830,0,NA,0x0,0x6,0,0
45,32,2,0xDEED368CDF1472E8,0xE,238,0.134453781513,0,NA,0x0,0xC,0,0
45,32,3,0xDEED368CDF1472E8,0xE,200,0.160000000000,0,NA,0x0,0xD,0,0
45,32,4,0xDEED368CDF1472E8,0xE,134,0.238805970149,0,NA,0x0,0xC,0,0
45,32,5,0xDEED368CDF1472E8,0xE,137,0.233576642336,0,NA,0x0,0x4,0,0
45,32,6,0xDEED368CDF1472E8,0xE,179,0.178770949721,0,NA,0x0,0xD,0,0
45,32,7,0xDEED368CDF1472E8,0xE,207,0.154589371981,0,NA,0x0,0x6,0,0
45,40,0,0xDEED368CDF1472E8,0xE,277,0.144404332130,3,NA,0x0,0x9,0,0
45,40,1,0xDEED368CDF1472E8,0xE,172,0.232558139535,0,NA,0x0,0x6,0,0
45,40,2,0xDEED368CDF1472E8,0xE,275,0.145454545455,0,NA,0x0,0xC,0,0
45,40,3,0xDEED368CDF1472E8,0xE,244,0.163934426230,0,NA,0x0,0xD,0,0
45,40,4,0xDEED368CDF1472E8,0xE,169,0.236686390533,0,NA,0x0,0xC,0,0
45,40,5,0xDEED368CDF1472E8,0xE,210,0.190476190476,0,NA,0x0,0x4,0,0
45,40,6,0xDEED368CDF1472E8,0xE,231,0.173160173160,0,NA,0x0,0xD,0,0
45,40,7,0xDEED368CDF1472E8,0xE,249,0.160642570281,0,NA,0x0,0x6,0,0
45,48,0,0xDEED368CDF1472E8,0xE,308,0.155844155844,2,NA,0x0,0x9,0,0
45,48,1,0xDEED368CDF1472E8,0xE,225,0.213333333333,0,NA,0x0,0x6,0,0
45,48,2,0xDEED368CDF1472E8,0xE,322,0.149068322981,0,NA,0x0,0xC,0,0
45,48,3,0xDEED368CDF1472E8,0xE,291,0.164948453608,0,NA,0x0,0xD,0,0
45,48,4,0xDEED368CDF1472E8,0xE,207,0.231884057971,0,NA,0x0,0xC,0,0
45,48,5,0xDEED368CDF1472E8,0xE,264,0.181818181818,0,NA,0x0,0x4,0,0
45,48,6,0xDEED368CDF1472E8,0xE,280,0.171428571429,0,NA,0x0,0xD,0,0
45,48,7,0xDEED368CDF1472E8,0xE,298,0.161073825503,0,NA,0x0,0x6,0,0
45,56,0,0xDEED368CDF1472E8,0xE,365,0.153424657534,1,0x7,0x9,0x9,1,1
45,56,1,0xDEED368CDF1472E8,0xE,252,0.222222222222,1,0x8,0x6,0x6,1,1
45,56,2,0xDEED368CDF1472E8,0xE,356,0.157303370787,1,0x2,0xC,0xC,1,1
45,56,3,0xDEED368CDF1472E8,0xE,353,0.158640226629,1,0x3,0xD,0xD,1,1
45,56,4,0xDEED368CDF1472E8,0xE,283,0.197879858657,2,NA,0x0,0xC,0,0
45,56,5,0xDEED368CDF1472E8,0xE,315,0.177777777778,0,NA,0x0,0x4,0,0
45,56,6,0xDEED368CDF1472E8,0xE,336,0.166666666667,0,NA,0x0,0xD,0,0
45,56,7,0xDEED368CDF1472E8,0xE,349,0.160458452722,0,NA,0x0,0x6,0,0
45,64,0,0xDEED368CDF1472E8,0xE,392,0.163265306122,1,0x7,0x9,0x9,1,1
45,64,1,0xDEED368CDF1472E8,0xE,276,0.231884057971,1,0x8,0x6,0x6,1,1
45,64,2,0xDEED368CDF1472E8,0xE,400,0.160000000000,1,0x2,0xC,0xC,1,1
45,64,3,0xDEED368CDF1472E8,0xE,393,0.162849872774,1,0x3,0xD,0xD,1,1
45,64,4,0xDEED368CDF1472E8,0xE,325,0.196923076923,1,0x2,0xC,0xC,1,1
45,64,5,0xDEED368CDF1472E8,0xE,366,0.174863387978,1,0xA,0x4,0x4,1,1
45,64,6,0xDEED368CDF1472E8,0xE,371,0.172506738544,1,0x3,0xD,0xD,1,1
45,64,7,0xDEED368CDF1472E8,0xE,430,0.148837209302,1,0x8,0x6,0x6,1,1
45,72,0,0xDEED368CDF1472E8,0xE,457,0.157549234136,1,0x7,0x9,0x9,1,1
45,72,1,0xDEED368CDF1472E8,0xE,314,0.229299363057,1,0x8,0x6,0x6,1,1
45,72,2,0xDEED368CDF1472E8,0xE,437,0.164759725400,1,0x2,0xC,0xC,1,1
45,72,3,0xDEED368CDF1472E8,0xE,439,0.164009111617,1,0x3,0xD,0xD,1,1
45,72,4,0xDEED368CDF1472E8,0xE,413,0.174334140436,1,0x2,0xC,0xC,1,1
45,72,5,0xDEED368CDF1472E8,0xE,436,0.165137614679,1,0xA,0x4,0x4,1,1
45,72,6,0xDEED368CDF1472E8,0xE,411,0.175182481752,1,0x3,0xD,0xD,1,1
45,72,7,0xDEED368CDF1472E8,0xE,481,0.149688149688,1,0x8,0x6,0x6,1,1
45,80,0,0xDEED368CDF1472E8,0xE,511,0.156555772994,1,0x7,0x9,0x9,1,1
45,80,1,0xDEED368CDF1472E8,0xE,344,0.232558139535,1,0x8,0x6,0x6,1,1
45,80,2,0xDEED368CDF1472E8,0xE,516,0.155038759690,1,0x2,0xC,0xC,1,1
45,80,3,0xDEED368CDF1472E8,0xE,473,0.169133192389,1,0x3,0xD,0xD,1,1
45,80,4,0xDEED368CDF1472E8,0xE,435,0.183908045977,1,0x2,0xC,0xC,1,1
45,80,5,0xDEED368CDF1472E8,0xE,483,0.165631469979,1,0xA,0x4,0x4,1,1
45,80,6,0xDEED368CDF1472E8,0xE,450,0.177777777778,1,0x3,0xD,0xD,1,1
45,80,7,0xDEED368CDF1472E8,0xE,549,0.145719489982,1,0x8,0x6,0x6,1,1
45,96,0,0xDEED368CDF1472E8,0xE,645,0.148837209302,1,0x7,0x9,0x9,1,1
45,96,1,0xDEED368CDF1472E8,0xE,443,0.216704288939,1,0x8,0x6,0x6,1,1
45,96,2,0xDEED368CDF1472E8,0xE,575,0.166956521739,1,0x2,0xC,0xC,1,1
45,96,3,0xDEED368CDF1472E8,0xE,544,0.176470588235,1,0x3,0xD,0xD,1,1
45,96,4,0xDEED368CDF1472E8,0xE,497,0.193158953722,1,0x2,0xC,0xC,1,1
45,96,5,0xDEED368CDF1472E8,0xE,581,0.165232358003,1,0xA,0x4,0x4,1,1
45,96,6,0xDEED368CDF1472E8,0xE,516,0.186046511628,1,0x3,0xD,0xD,1,1
45,96,7,0xDEED368CDF1472E8,0xE,683,0.140556368960,1,0x8,0x6,0x6,1,1
45,112,0,0xDEED368CDF1472E8,0xE,745,0.150335570470,1,0x7,0x9,0x9,1,1
45,112,1,0xDEED368CDF1472E8,0xE,558,0.200716845878,1,0x8,0x6,0x6,1,1
45,112,2,0xDEED368CDF1472E8,0xE,660,0.169696969697,1,0x2,0xC,0xC,1,1
45,112,3,0xDEED368CDF1472E8,0xE,655,0.170992366412,1,0x3,0xD,0xD,1,1
45,112,4,0xDEED368CDF1472E8,0xE,600,0.186666666667,1,0x2,0xC,0xC,1,1
45,112,5,0xDEED368CDF1472E8,0xE,679,0.164948453608,1,0xA,0x4,0x4,1,1
45,112,6,0xDEED368CDF1472E8,0xE,620,0.180645161290,1,0x3,0xD,0xD,1,1
45,112,7,0xDEED368CDF1472E8,0xE,758,0.147757255937,1,0x8,0x6,0x6,1,1
45,128,0,0xDEED368CDF1472E8,0xE,853,0.150058616647,1,0x7,0x9,0x9,1,1
45,128,1,0xDEED368CDF1472E8,0xE,645,0.198449612403,1,0x8,0x6,0x6,1,1
45,128,2,0xDEED368CDF1472E8,0xE,758,0.168865435356,1,0x2,0xC,0xC,1,1
45,128,3,0xDEED368CDF1472E8,0xE,731,0.175102599179,1,0x3,0xD,0xD,1,1
45,128,4,0xDEED368CDF1472E8,0xE,729,0.175582990398,1,0x2,0xC,0xC,1,1
45,128,5,0xDEED368CDF1472E8,0xE,753,0.169986719788,1,0xA,0x4,0x4,1,1
45,128,6,0xDEED368CDF1472E8,0xE,705,0.181560283688,1,0x3,0xD,0xD,1,1
45,128,7,0xDEED368CDF1472E8,0xE,848,0.150943396226,1,0x8,0x6,0x6,1,1
45,160,0,0xDEED368CDF1472E8,0xE,1074,0.148975791434,1,0x7,0x9,0x9,1,1
45,160,1,0xDEED368CDF1472E8,0xE,837,0.191158900836,1,0x8,0x6,0x6,1,1
45,160,2,0xDEED368CDF1472E8,0xE,904,0.176991150442,1,0x2,0xC,0xC,1,1
45,160,3,0xDEED368CDF1472E8,0xE,945,0.169312169312,1,0x3,0xD,0xD,1,1
45,160,4,0xDEED368CDF1472E8,0xE,916,0.174672489083,1,0x2,0xC,0xC,1,1
45,160,5,0xDEED368CDF1472E8,0xE,975,0.164102564103,1,0xA,0x4,0x4,1,1
45,160,6,0xDEED368CDF1472E8,0xE,932,0.171673819742,1,0x3,0xD,0xD,1,1
45,160,7,0xDEED368CDF1472E8,0xE,1035,0.154589371981,1,0x8,0x6,0x6,1,1
45,192,0,0xDEED368CDF1472E8,0xE,1266,0.151658767773,1,0x7,0x9,0x9,1,1
45,192,1,0xDEED368CDF1472E8,0xE,1073,0.178937558248,1,0x8,0x6,0x6,1,1
45,192,2,0xDEED368CDF1472E8,0xE,1084,0.177121771218,1,0x2,0xC,0xC,1,1
45,192,3,0xDEED368CDF1472E8,0xE,1129,0.170062001771,1,0x3,0xD,0xD,1,1
45,192,4,0xDEED368CDF1472E8,0xE,1109,0.173128944995,1,0x2,0xC,0xC,1,1
45,192,5,0xDEED368CDF1472E8,0xE,1191,0.161209068010,1,0xA,0x4,0x4,1,1
45,192,6,0xDEED368CDF1472E8,0xE,1145,0.167685589520,1,0x3,0xD,0xD,1,1
45,192,7,0xDEED368CDF1472E8,0xE,1212,0.158415841584,1,0x8,0x6,0x6,1,1
45,256,0,0xDEED368CDF1472E8,0xE,1694,0.151121605667,1,0x7,0x9,0x9,1,1
45,256,1,0xDEED368CDF1472E8,0xE,1492,0.171581769437,1,0x8,0x6,0x6,1,1
45,256,2,0xDEED368CDF1472E8,0xE,1418,0.180535966150,1,0x2,0xC,0xC,1,1
45,256,3,0xDEED368CDF1472E8,0xE,1542,0.166018158236,1,0x3,0xD,0xD,1,1
45,256,4,0xDEED368CDF1472E8,0xE,1503,0.170326014637,1,0x2,0xC,0xC,1,1
45,256,5,0xDEED368CDF1472E8,0xE,1626,0.157441574416,1,0xA,0x4,0x4,1,1
45,256,6,0xDEED368CDF1472E8,0xE,1546,0.165588615783,1,0x3,0xD,0xD,1,1
45,256,7,0xDEED368CDF1472E8,0xE,1590,0.161006289308,1,0x8,0x6,0x6,1,1
46,16,0,0xF948C856292CF9E1,0x1,72,0.222222222222,6,NA,0x0,0x7,0,0
46,16,1,0xF948C856292CF9E1,0x1,81,0.197530864198,0,NA,0x0,0xB,0,0
46,16,2,0xF948C856292CF9E1,0x1,126,0.126984126984,0,NA,0x0,0x8,0,0
46,16,3,0xF948C856292CF9E1,0x1,54,0.296296296296,0,NA,0x0,0x7,0,0
46,16,4,0xF948C856292CF9E1,0x1,75,0.213333333333,0,NA,0x0,0xB,0,0
46,16,5,0xF948C856292CF9E1,0x1,68,0.235294117647,0,NA,0x0,0x0,0,0
46,16,6,0xF948C856292CF9E1,0x1,92,0.173913043478,0,NA,0x0,0xA,0,0
46,16,7,0xF948C856292CF9E1,0x1,112,0.142857142857,0,NA,0x0,0xE,0,0
46,24,0,0xF948C856292CF9E1,0x1,109,0.220183486239,5,NA,0x0,0x7,0,0
46,24,1,0xF948C856292CF9E1,0x1,119,0.201680672269,0,NA,0x0,0xB,0,0
46,24,2,0xF948C856292CF9E1,0x1,166,0.144578313253,0,NA,0x0,0x8,0,0
46,24,3,0xF948C856292CF9E1,0x1,86,0.279069767442,0,NA,0x0,0x7,0,0
46,24,4,0xF948C856292CF9E1,0x1,153,0.156862745098,0,NA,0x0,0xB,0,0
46,24,5,0xF948C856292CF9E1,0x1,116,0.206896551724,0,NA,0x0,0x0,0,0
46,24,6,0xF948C856292CF9E1,0x1,152,0.157894736842,0,NA,0x0,0xA,0,0
46,24,7,0xF948C856292CF9E1,0x1,142,0.169014084507,0,NA,0x0,0xE,0,0
46,32,0,0xF948C856292CF9E1,0x1,132,0.242424242424,2,NA,0x0,0x7,0,0
46,32,1,0xF948C856292CF9E1,0x1,155,0.206451612903,0,NA,0x0,0xB,0,0
46,32,2,0xF948C856292CF9E1,0x1,209,0.153110047847,0,NA,0x0,0x8,0,0
46,32,3,0xF948C856292CF9E1,0x1,120,0.266666666667,0,NA,0x0,0x7,0,0
46,32,4,0xF948C856292CF9E1,0x1,189,0.169312169312,0,NA,0x0,0xB,0,0
46,32,5,0xF948C856292CF9E1,0x1,155,0.206451612903,0,NA,0x0,0x0,0,0
46,32,6,0xF948C856292CF9E1,0x1,212,0.150943396226,0,NA,0x0,0xA,0,0
46,32,7,0xF948C856292CF9E1,0x1,192,0.166666666667,0,NA,0x0,0xE,0,0
46,40,0,0xF948C856292CF9E1,0x1,156,0.256410256410,2,NA,0x0,0x7,0,0
46,40,1,0xF948C856292CF9E1,0x1,228,0.175438596491,0,NA,0x0,0xB,0,0
46,40,2,0xF948C856292CF9E1,0x1,250,0.160000000000,0,NA,0x0,0x8,0,0
46,40,3,0xF948C856292CF9E1,0x1,176,0.227272727273,0,NA,0x0,0x7,0,0
46,40,4,0xF948C856292CF9E1,0x1,232,0.172413793103,0,NA,0x0,0xB,0,0
46,40,5,0xF948C856292CF9E1,0x1,187,0.213903743316,0,NA,0x0,0x0,0,0
46,40,6,0xF948C856292CF9E1,0x1,252,0.158730158730,0,NA,0x0,0xA,0,0
46,40,7,0xF948C856292CF9E1,0x1,249,0.160642570281,0,NA,0x0,0xE,0,0
46,48,0,0xF948C856292CF9E1,0x1,203,0.236453201970,1,0x6,0x7,0x7,1,1
46,48,1,0xF948C856292CF9E1,0x1,265,0.181132075472,2,NA,0x0,0xB,0,0
46,48,2,0xF948C856292CF9E1,0x1,287,0.167247386760,0,NA,0x0,0x8,0,0
46,48,3,0xF948C856292CF9E1,0x1,222,0.216216216216,0,NA,0x0,0x7,0,0
46,48,4,0xF948C856292CF9E1,0x1,273,0.175824175824,0,NA,0x0,0xB,0,0
46,48,5,0xF948C856292CF9E1,0x1,212,0.226415094340,0,NA,0x0,0x0,0,0
46,48,6,0xF948C856292CF9E1,0x1,288,0.166666666667,0,NA,0x0,0xA,0,0
46,48,7,0xF948C856292CF9E1,0x1,319,0.150470219436,0,NA,0x0,0xE,0,0
46,56,0,0xF948C856292CF9E1,0x1,250,0.224000000000,1,0x6,0x7,0x7,1,1
46,56,1,0xF948C856292CF9E1,0x1,304,0.184210526316,1,0xA,0xB,0xB,1,1
46,56,2,0xF948C856292CF9E1,0x1,311,0.180064308682,1,0x9,0x8,0x8,1,1
46,56,3,0xF948C856292CF9E1,0x1,264,0.212121212121,1,0x6,0x7,0x7,1,1
46,56,4,0xF948C856292CF9E1,0x1,385,0.145454545455,1,0xA,0xB,0xB,1,1
46,56,5,0xF948C856292CF9E1,0x1,259,0.216216216216,1,0x1,0x0,0x0,1,1
46,56,6,0xF948C856292CF9E1,0x1,333,0.168168168168,1,0xB,0xA,0xA,1,1
46,56,7,0xF948C856292CF9E1,0x1,397,0.141057934509,1,0xF,0xE,0xE,1,1
46,64,0,0xF948C856292CF9E1,0x1,302,0.211920529801,1,0x6,0x7,0x7,1,1
46,64,1,0xF948C856292CF9E1,0x1,345,0.185507246377,1,0xA,0xB,0xB,1,1
46,64,2,0xF948C856292CF9E1,0x1,353,0.181303116147,1,0x9,0x8,0x8,1,1
46,64,3,0xF948C856292CF9E1,0x1,294,0.217687074830,1,0x6,0x7,0x7,1,1
46,64,4,0xF948C856292CF9E1,0x1,430,0.148837209302,1,0xA,0xB,0xB,1,1
46,64,5,0xF948C856292CF9E1,0x1,297,0.215488215488,1,0x1,0x0,0x0,1,1
46,64,6,0xF948C856292CF9E1,0x1,364,0.175824175824,1,0xB,0xA,0xA,1,1
46,64,7,0xF948C856292CF9E1,0x1,438,0.146118721461,1,0xF,0xE,0xE,1,1
46,72,0,0xF948C856292CF9E1,0x1,344,0.209302325581,1,0x6,0x7,0x7,1,1
46,72,1,0xF948C856292CF9E1,0x1,389,0.185089974293,1,0xA,0xB,0xB,1,1
46,72,2,0xF948C856292CF9E1,0x1,392,0.183673469388,1,0x9,0x8,0x8,1,1
46,72,3,0xF948C856292CF9E1,0x1,338,0.213017751479,1,0x6,0x7,0x7,1,1
46,72,4,0xF948C856292CF9E1,0x1,479,0.150313152401,1,0xA,0xB,0xB,1,1
46,72,5,0xF948C856292CF9E1,0x1,322,0.223602484472,1,0x1,0x0,0x0,1,1
46,72,6,0xF948C856292CF9E1,0x1,406,0.177339901478,1,0xB,0xA,0xA,1,1
46,72,7,0xF948C856292CF9E1,0x1,493,0.146044624746,1,0xF,0xE,0xE,1,1
46,80,0,0xF948C856292CF9E1,0x1,374,0.213903743316,1,0x6,0x7,0x7,1,1
46,80,1,0xF948C856292CF9E1,0x1,447,0.178970917226,1,0xA,0xB,0xB,1,1
46,80,2,0xF948C856292CF9E1,0x1,417,0.191846522782,1,0x9,0x8,0x8,1,1
46,80,3,0xF948C856292CF9E1,0x1,378,0.211640211640,1,0x6,0x7,0x7,1,1
46,80,4,0xF948C856292CF9E1,0x1,512,0.156250000000,1,0xA,0xB,0xB,1,1
46,80,5,0xF948C856292CF9E1,0x1,388,0.206185567010,1,0x1,0x0,0x0,1,1
46,80,6,0xF948C856292CF9E1,0x1,442,0.180995475113,1,0xB,0xA,0xA,1,1
46,80,7,0xF948C856292CF9E1,0x1,535,0.149532710280,1,0xF,0xE,0xE,1,1
46,96,0,0xF948C856292CF9E1,0x1,524,0.183206106870,1,0x6,0x7,0x7,1,1
46,96,1,0xF948C856292CF9E1,0x1,527,0.182163187856,1,0xA,0xB,0xB,1,1
46,96,2,0xF948C856292CF9E1,0x1,497,0.193158953722,1,0x9,0x8,0x8,1,1
46,96,3,0xF948C856292CF9E1,0x1,510,0.188235294118,1,0x6,0x7,0x7,1,1
46,96,4,0xF948C856292CF9E1,0x1,580,0.165517241379,1,0xA,0xB,0xB,1,1
46,96,5,0xF948C856292CF9E1,0x1,523,0.183556405354,1,0x1,0x0,0x0,1,1
46,96,6,0xF948C856292CF9E1,0x1,535,0.179439252336,1,0xB,0xA,0xA,1,1
46,96,7,0xF948C856292CF9E1,0x1,644,0.149068322981,1,0xF,0xE,0xE,1,1
46,112,0,0xF948C856292CF9E1,0x1,577,0.194107452340,1,0x6,0x7,0x7,1,1
46,112,1,0xF948C856292CF9E1,0x1,636,0.176100628931,1,0xA,0xB,0xB,1,1
46,112,2,0xF948C856292CF9E1,0x1,622,0.180064308682,1,0x9,0x8,0x8,1,1
46,112,3,0xF948C856292CF9E1,0x1,582,0.192439862543,1,0x6,0x7,0x7,1,1
46,112,4,0xF948C856292CF9E1,0x1,654,0.171253822630,1,0xA,0xB,0xB,1,1
46,112,5,0xF948C856292CF9E1,0x1,608,0.184210526316,1,0x1,0x0,0x0,1,1
46,112,6,0xF948C856292CF9E1,0x1,648,0.172839506173,1,0xB,0xA,0xA,1,1
46,112,7,0xF948C856292CF9E1,0x1,747,0.149933065596,1,0xF,0xE,0xE,1,1
46,128,0,0xF948C856292CF9E1,0x1,637,0.200941915228,1,0x6,0x7,0x7,1,1
46,128,1,0xF948C856292CF9E1,0x1,733,0.174624829468,1,0xA,0xB,0xB,1,1
46,128,2,0xF948C856292CF9E1,0x1,710,0.180281690141,1,0x9,0x8,0x8,1,1
46,128,3,0xF948C856292CF9E1,0x1,693,0.184704184704,1,0x6,0x7,0x7,1,1
46,128,4,0xF948C856292CF9E1,0x1,822,0.155717761557,1,0xA,0xB,0xB,1,1
46,128,5,0xF948C856292CF9E1,0x1,692,0.184971098266,1,0x1,0x0,0x0,1,1
46,128,6,0xF948C856292CF9E1,0x1,775,0.165161290323,1,0xB,0xA,0xA,1,1
46,128,7,0xF948C856292CF9E1,0x1,860,0.148837209302,1,0xF,0xE,0xE,1,1
46,160,0,0xF948C856292CF9E1,0x1,833,0.192076830732,1,0x6,0x7,0x7,1,1
46,160,1,0xF948C856292CF9E1,0x1,940,0.170212765957,1,0xA,0xB,0xB,1,1
46,160,2,0xF948C856292CF9E1,0x1,970,0.164948453608,1,0x9,0x8,0x8,1,1
46,160,3,0xF948C856292CF9E1,0x1,907,0.176405733186,1,0x6,0x7,0x7,1,1
46,160,4,0xF948C856292CF9E1,0x1,999,0.160160160160,1,0xA,0xB,0xB,1,1
46,160,5,0xF948C856292CF9E1,0x1,857,0.186697782964,1,0x1,0x0,0x0,1,1
46,160,6,0xF948C856292CF9E1,0x1,974,0.164271047228,1,0xB,0xA,0xA,1,1
46,160,7,0xF948C856292CF9E1,0x1,1072,0.149253731343,1,0xF,0xE,0xE,1,1
46,192,0,0xF948C856292CF9E1,0x1,1028,0.186770428016,1,0x6,0x7,0x7,1,1
46,192,1,0xF948C856292CF9E1,0x1,1075,0.178604651163,1,0xA,0xB,0xB,1,1
46,192,2,0xF948C856292CF9E1,0x1,1125,0.170666666667,1,0x9,0x8,0x8,1,1
46,192,3,0xF948C856292CF9E1,0x1,1121,0.171275646744,1,0x6,0x7,0x7,1,1
46,192,4,0xF948C856292CF9E1,0x1,1219,0.157506152584,1,0xA,0xB,0xB,1,1
46,192,5,0xF948C856292CF9E1,0x1,1031,0.186226964113,1,0x1,0x0,0x0,1,1
46,192,6,0xF948C856292CF9E1,0x1,1213,0.158285243199,1,0xB,0xA,0xA,1,1
46,192,7,0xF948C856292CF9E1,0x1,1258,0.152623211447,1,0xF,0xE,0xE,1,1
46,256,0,0xF948C856292CF9E1,0x1,1346,0.190193164933,1,0x6,0x7,0x7,1,1
46,256,1,0xF948C856292CF9E1,0x1,1479,0.173089925625,1,0xA,0xB,0xB,1,1
46,256,2,0xF948C856292CF9E1,0x1,1443,0.177408177408,1,0x9,0x8,0x8,1,1
46,256,3,0xF948C856292CF9E1,0x1,1417,0.180663373324,1,0x6,0x7,0x7,1,1
46,256,4,0xF948C856292CF9E1,0x1,1609,0.159105034183,1,0xA,0xB,0xB,1,1
46,256,5,0xF948C856292CF9E1,0x1,1417,0.180663373324,1,0x1,0x0,0x0,1,1
46,256,6,0xF948C856292CF9E1,0x1,1617,0.158317872604,1,0xB,0xA,0xA,1,1
46,256,7,0xF948C856292CF9E1,0x1,1607,0.159303049160,1,0xF,0xE,0xE,1,1
47,16,0,0x870B2BA5E2148A1E,0x9,71,0.225352112676,5,NA,0x0,0x2,0,0
47,16,1,0x870B2BA5E2148A1E,0x9,100,0.160000000000,0,NA,0x0,0x3,0,0
47,16,2,0x870B2BA5E2148A1E,0x9,106,0.150943396226,0,NA,0x0,0x5,0,0
47,16,3,0x870B2BA5E2148A1E,0x9,76,0.210526315789,0,NA,0x0,0xD,0,0
47,16,4,0x870B2BA5E2148A1E,0x9,116,0.137931034483,0,NA,0x0,0x2,0,0
47,16,5,0x870B2BA5E2148A1E,0x9,62,0.258064516129,0,NA,0x0,0x8,0,0
47,16,6,0x870B2BA5E2148A1E,0x9,96,0.166666666667,0,NA,0x0,0x8,0,0
47,16,7,0x870B2BA5E2148A1E,0x9,130,0.123076923077,0,NA,0x0,0xF,0,0
47,24,0,0x870B2BA5E2148A1E,0x9,133,0.180451127820,3,NA,0x0,0x2,0,0
47,24,1,0x870B2BA5E2148A1E,0x9,129,0.186046511628,0,NA,0x0,0x3,0,0
47,24,2,0x870B2BA5E2148A1E,0x9,140,0.171428571429,0,NA,0x0,0x5,0,0
47,24,3,0x870B2BA5E2148A1E,0x9,131,0.183206106870,0,NA,0x0,0xD,0,0
47,24,4,0x870B2BA5E2148A1E,0x9,159,0.150943396226,0,NA,0x0,0x2,0,0
47,24,5,0x870B2BA5E2148A1E,0x9,136,0.176470588235,0,NA,0x0,0x8,0,0
47,24,6,0x870B2BA5E2148A1E,0x9,147,0.163265306122,0,NA,0x0,0x8,0,0
47,24,7,0x870B2BA5E2148A1E,0x9,176,0.136363636364,0,NA,0x0,0xF,0,0
47,32,0,0x870B2BA5E2148A1E,0x9,207,0.154589371981,3,NA,0x0,0x2,0,0
47,32,1,0x870B2BA5E2148A1E,0x9,198,0.161616161616,0,NA,0x0,0x3,0,0
47,32,2,0x870B2BA5E2148A1E,0x9,209,0.153110047847,0,NA,0x0,0x5,0,0
47,32,3,0x870B2BA5E2148A1E,0x9,180,0.177777777778,0,NA,0x0,0xD,0,0
47,32,4,0x870B2BA5E2148A1E,0x9,199,0.160804020101,0,NA,0x0,0x2,0,0
47,32,5,0x870B2BA5E2148A1E,0x9,189,0.169312169312,0,NA,0x0,0x8,0,0
47,32,6,0x870B2BA5E2148A1E,0x9,207,0.154589371981,0,NA,0x0,0x8,0,0
47,32,7,0x870B2BA5E2148A1E,0x9,192,0.166666666667,0,NA,0x0,0xF,0,0
47,40,0,0x870B2BA5E2148A1E,0x9,238,0.168067226891,2,NA,0x0,0x2,0,0
47,40,1,0x870B2BA5E2148A1E,0x9,230,0.173913043478,0,NA,0x0,0x3,0,0
47,40,2,0x870B2BA5E2148A1E,0x9,270,0.148148148148,0,NA,0x0,0x5,0,0
47,40,3,0x870B2BA5E2148A1E,0x9,238,0.168067226891,0,NA,0x0,0xD,0,0
47,40,4,0x870B2BA5E2148A1E,0x9,266,0.150375939850,0,NA,0x0,0x2,0,0
47,40,5,0x870B2BA5E2148A1E,0x9,268,0.149253731343,0,NA,0x0,0x8,0,0
47,40,6,0x870B2BA5E2148A1E,0x9,244,0.163934426230,0,NA,0x0,0x8,0,0
47,40,7,0x870B2BA5E2148A1E,0x9,240,0.166666666667,0,NA,0x0,0xF,0,0
47,48,0,0x870B2BA5E2148A1E,0x9,297,0.161616161616,1,0xB,0x2,0x2,1,1
47,48,1,0x870B2BA5E2148A1E,0x9,263,0.182509505703,1,0xA,0x3,0x3,1,1
47,48,2,0x870B2BA5E2148A1E,0x9,337,0.142433234421,2,NA,0x0,0x5,0,0
47,48,3,0x870B2BA5E2148A1E,0x9,278,0.172661870504,0,NA,0x0,0xD,0,0
47,48,4,0x870B2BA5E2148A1E,0x9,290,0.165517241379,0,NA,0x0,0x2,0,0
47,48,5,0x870B2BA5E2148A1E,0x9,321,0.149532710280,0,NA,0x0,0x8,0,0
47,48,6,0x870B2BA5E2148A1E,0x9,305,0.157377049180,0,NA,0x0,0x8,0,0
47,48,7,0x870B2BA5E2148A1E,0x9,273,0.175824175824,0,NA,0x0,0xF,0,0
47,56,0,0x870B2BA5E2148A1E,0x9,360,0.155555555556,1,0xB,0x2,0x2,1,1
47,56,1,0x870B2BA5E2148A1E,0x9,290,0.193103448276,1,0xA,0x3,0x3,1,1
47,56,2,0x870B2BA5E2148A1E,0x9,365,0.153424657534,1,0xC,0x5,0x5,1,1
47,56,3,0x870B2BA5E2148A1E,0x9,338,0.165680473373,1,0x4,0xD,0xD,1,1
47,56,4,0x870B2BA5E2148A1E,0x9,332,0.168674698795,1,0xB,0x2,0x2,1,1
47,56,5,0x870B2BA5E2148A1E,0x9,373,0.150134048257,2,NA,0x0,0x8,0,0
47,56,6,0x870B2BA5E2148A1E,0x9,333,0.168168168168,0,NA,0x0,0x8,0,0
47,56,7,0x870B2BA5E2148A1E,0x9,319,0.175548589342,0,NA,0x0,0xF,0,0
47,64,0,0x870B2BA5E2148A1E,0x9,396,0.161616161616,1,0xB,0x2,0x2,1,1
47,64,1,0x870B2BA5E2148A1E,0x9,335,0.191044776119,1,0xA,0x3,0x3,1,1
47,64,2,0x870B2BA5E2148A1E,0x9,399,0.160401002506,1,0xC,0x5,0x5,1,1
47,64,3,0x870B2BA5E2148A1E,0x9,369,0.173441734417,1,0x4,0xD,0xD,1,1
47,64,4,0x870B2BA5E2148A1E,0x9,371,0.172506738544,1,0xB,0x2,0x2,1,1
47,64,5,0x870B2BA5E2148A1E,0x9,434,0.147465437788,2,NA,0x0,0x8,0,0
47,64,6,0x870B2BA5E2148A1E,0x9,373,0.171581769437,0,NA,0x0,0x8,0,0
47,64,7,0x870B2BA5E2148A1E,0x9,388,0.164948453608,0,NA,0x0,0xF,0,0
47,72,0,0x870B2BA5E2148A1E,0x9,429,0.167832167832,1,0xB,0x2,0x2,1,1
47,72,1,0x870B2BA5E2148A1E,0x9,362,0.198895027624,1,0xA,0x3,0x3,1,1
47,72,2,0x870B2BA5E2148A1E,0x9,475,0.151578947368,1,0xC,0x5,0x5,1,1
47,72,3,0x870B2BA5E2148A1E,0x9,416,0.173076923077,1,0x4,0xD,0xD,1,1
47,72,4,0x870B2BA5E2148A1E,0x9,423,0.170212765957,1,0xB,0x2,0x2,1,1
47,72,5,0x870B2BA5E2148A1E,0x9,494,0.145748987854,2,NA,0x0,0x8,0,0
47,72,6,0x870B2BA5E2148A1E,0x9,407,0.176904176904,0,NA,0x0,0x8,0,0
47,72,7,0x870B2BA5E2148A1E,0x9,451,0.159645232816,0,NA,0x0,0xF,0,0
47,80,0,0x870B2BA5E2148A1E,0x9,488,0.163934426230,1,0xB,0x2,0x2,1,1
47,80,1,0x870B2BA5E2148A1E,0x9,399,0.200501253133,1,0xA,0x3,0x3,1,1
47,80,2,0x870B2BA5E2148A1E,0x9,514,0.155642023346,1,0xC,0x5,0x5,1,1
47,80,3,0x870B2BA5E2148A1E,0x9,453,0.176600441501,1,0x4,0xD,0xD,1,1
47,80,4,0x870B2BA5E2148A1E,0x9,461,0.173535791757,1,0xB,0x2,0x2,1,1
47,80,5,0x870B2BA5E2148A1E,0x9,533,0.150093808630,1,0x1,0x8,0x8,1,1
47,80,6,0x870B2BA5E2148A1E,0x9,442,0.180995475113,1,0x1,0x8,0x8,1,1
47,80,7,0x870B2BA5E2148A1E,0x9,501,0.159680638723,1,0x6,0xF,0xF,1,1
47,96,0,0x870B2BA5E2148A1E,0x9,590,0.162711864407,1,0xB,0x2,0x2,1,1
47,96,1,0x870B2BA5E2148A1E,0x9,486,0.197530864198,1,0xA,0x3,0x3,1,1
47,96,2,0x870B2BA5E2148A1E,0x9,637,0.150706436421,1,0xC,0x5,0x5,1,1
47,96,3,0x870B2BA5E2148A1E,0x9,529,0.181474480151,1,0x4,0xD,0xD,1,1
47,96,4,0x870B2BA5E2148A1E,0x9,572,0.167832167832,1,0xB,0x2,0x2,1,1
47,96,5,0x870B2BA5E2148A1E,0x9,674,0.142433234421,1,0x1,0x8,0x8,1,1
47,96,6,0x870B2BA5E2148A1E,0x9,543,0.176795580110,1,0x1,0x8,0x8,1,1
47,96,7,0x870B2BA5E2148A1E,0x9,560,0.171428571429,1,0x6,0xF,0xF,1,1
47,112,0,0x870B2BA5E2148A1E,0x9,680,0.164705882353,1,0xB,0x2,0x2,1,1
47,112,1,0x870B2BA5E2148A1E,0x9,577,0.194107452340,1,0xA,0x3,0x3,1,1
47,112,2,0x870B2BA5E2148A1E,0x9,700,0.160000000000,1,0xC,0x5,0x5,1,1
47,112,3,0x870B2BA5E2148A1E,0x9,645,0.173643410853,1,0x4,0xD,0xD,1,1
47,112,4,0x870B2BA5E2148A1E,0x9,676,0.165680473373,1,0xB,0x2,0x2,1,1
47,112,5,0x870B2BA5E2148A1E,0x9,781,0.143405889885,1,0x1,0x8,0x8,1,1
47,112,6,0x870B2BA5E2148A1E,0x9,682,0.164222873900,1,0x1,0x8,0x8,1,1
47,112,7,0x870B2BA5E2148A1E,0x9,639,0.175273865415,1,0x6,0xF,0xF,1,1
47,128,0,0x870B2BA5E2148A1E,0x9,750,0.170666666667,1,0xB,0x2,0x2,1,1
47,128,1,0x870B2BA5E2148A1E,0x9,666,0.192192192192,1,0xA,0x3,0x3,1,1
47,128,2,0x870B2BA5E2148A1E,0x9,782,0.163682864450,1,0xC,0x5,0x5,1,1
47,128,3,0x870B2BA5E2148A1E,0x9,728,0.175824175824,1,0x4,0xD,0xD,1,1
47,128,4,0x870B2BA5E2148A1E,0x9,749,0.170894526035,1,0xB,0x2,0x2,1,1
47,128,5,0x870B2BA5E2148A1E,0x9,833,0.153661464586,1,0x1,0x8,0x8,1,1
47,128,6,0x870B2BA5E2148A1E,0x9,736,0.173913043478,1,0x1,0x8,0x8,1,1
47,128,7,0x870B2BA5E2148A1E,0x9,704,0.181818181818,1,0x6,0xF,0xF,1,1
47,160,0,0x870B2BA5E2148A1E,0x9,963,0.166147455867,1,0xB,0x2,0x2,1,1
47,160,1,0x870B2BA5E2148A1E,0x9,850,0.188235294118,1,0xA,0x3,0x3,1,1
47,160,2,0x870B2BA5E2148A1E,0x9,927,0.172599784250,1,0xC,0x5,0x5,1,1
47,160,3,0x870B2BA5E2148A1E,0x9,1013,0.157946692991,1,0x4,0xD,0xD,1,1
47,160,4,0x870B2BA5E2148A1E,0x9,957,0.167189132706,1,0xB,0x2,0x2,1,1
47,160,5,0x870B2BA5E2148A1E,0x9,1010,0.158415841584,1,0x1,0x8,0x8,1,1
47,160,6,0x870B2BA5E2148A1E,0x9,914,0.175054704595,1,0x1,0x8,0x8,1,1
47,160,7,0x870B2BA5E2148A1E,0x9,906,0.176600441501,1,0x6,0xF,0xF,1,1
47,192,0,0x870B2BA5E2148A1E,0x9,1141,0.168273444347,1,0xB,0x2,0x2,1,1
47,192,1,0x870B2BA5E2148A1E,0x9,1019,0.188420019627,1,0xA,0x3,0x3,1,1
47,192,2,0x870B2BA5E2148A1E,0x9,1088,0.176470588235,1,0xC,0x5,0x5,1,1
47,192,3,0x870B2BA5E2148A1E,0x9,1193,0.160938809723,1,0x4,0xD,0xD,1,1
47,192,4,0x870B2BA5E2148A1E,0x9,1131,0.169761273210,1,0xB,0x2,0x2,1,1
47,192,5,0x870B2BA5E2148A1E,0x9,1158,0.165803108808,1,0x1,0x8,0x8,1,1
47,192,6,0x870B2BA5E2148A1E,0x9,1137,0.168865435356,1,0x1,0x8,0x8,1,1
47,192,7,0x870B2BA5E2148A1E,0x9,1175,0.163404255319,1,0x6,0xF,0xF,1,1
47,256,0,0x870B2BA5E2148A1E,0x9,1558,0.164313222080,1,0xB,0x2,0x2,1,1
47,256,1,0x870B2BA5E2148A1E,0x9,1465,0.174744027304,1,0xA,0x3,0x3,1,1
47,256,2,0x870B2BA5E2148A1E,0x9,1529,0.167429692610,1,0xC,0x5,0x5,1,1
47,256,3,0x870B2BA5E2148A1E,0x9,1671,0.153201675643,1,0x4,0xD,0xD,1,1
47,256,4,0x870B2BA5E2148A1E,0x9,1514,0.169088507266,1,0xB,0x2,0x2,1,1
47,256,5,0x870B2BA5E2148A1E,0x9,1550,0.165161290323,1,0x1,0x8,0x8,1,1
47,256,6,0x870B2BA5E2148A1E,0x9,1449,0.176673567978,1,0x1,0x8,0x8,1,1
47,256,7,0x870B2BA5E2148A1E,0x9,1533,0.166992824527,1,0x6,0xF,0xF,1,1
48,16,0,0x81547F3DADD6E1A2,0x0,97,0.164948453608,6,NA,0x0,0x1,0,0
48,16,1,0x81547F3DADD6E1A2,0x0,71,0.225352112676,0,NA,0x0,0x4,0,0
48,16,2,0x81547F3DADD6E1A2,0x0,68,0.235294117647,0,NA,0x0,0x8,0,0
48,16,3,0x81547F3DADD6E1A2,0x0,95,0.168421052632,0,NA,0x0,0x0,0,0
48,16,4,0x81547F3DADD6E1A2,0x0,89,0.179775280899,0,NA,0x0,0x0,0,0
48,16,5,0x81547F3DADD6E1A2,0x0,97,0.164948453608,0,NA,0x0,0xC,0,0
48,16,6,0x81547F3DADD6E1A2,0x0,75,0.213333333333,0,NA,0x0,0xE,0,0
48,16,7,0x81547F3DADD6E1A2,0x0,57,0.280701754386,0,NA,0x0,0xD,0,0
48,24,0,0x81547F3DADD6E1A2,0x0,133,0.180451127820,5,NA,0x0,0x1,0,0
48,24,1,0x81547F3DADD6E1A2,0x0,100,0.240000000000,0,NA,0x0,0x4,0,0
48,24,2,0x81547F3DADD6E1A2,0x0,101,0.237623762376,0,NA,0x0,0x8,0,0
48,24,3,0x81547F3DADD6E1A2,0x0,126,0.190476190476,0,NA,0x0,0x0,0,0
48,24,4,0x81547F3DADD6E1A2,0x0,154,0.155844155844,0,NA,0x0,0x0,0,0
48,24,5,0x81547F3DADD6E1A2,0x0,146,0.164383561644,0,NA,0x0,0xC,0,0
48,24,6,0x81547F3DADD6E1A2,0x0,117,0.205128205128,0,NA,0x0,0xE,0,0
48,24,7,0x81547F3DADD6E1A2,0x0,118,0.203389830508,0,NA,0x0,0xD,0,0
48,32,0,0x81547F3DADD6E1A2,0x0,162,0.197530864198,3,NA,0x0,0x1,0,0
48,32,1,0x81547F3DADD6E1A2,0x0,153,0.209150326797,0,NA,0x0,0x4,0,0
48,32,2,0x81547F3DADD6E1A2,0x0,150,0.213333333333,0,NA,0x0,0x8,0,0
48,32,3,0x81547F3DADD6E1A2,0x0,167,0.191616766467,0,NA,0x0,0x0,0,0
48,32,4,0x81547F3DADD6E1A2,0x0,210,0.152380952381,0,NA,0x0,0x0,0,0
48,32,5,0x81547F3DADD6E1A2,0x0,223,0.143497757848,0,NA,0x0,0xC,0,0
48,32,6,0x81547F3DADD6E1A2,0x0,177,0.180790960452,0,NA,0x0,0xE,0,0
48,32,7,0x81547F3DADD6E1A2,0x0,221,0.144796380090,0,NA,0x0,0xD,0,0
48,40,0,0x81547F3DADD6E1A2,0x0,207,0.193236714976,2,NA,0x0,0x1,0,0
48,40,1,0x81547F3DADD6E1A2,0x0,245,0.163265306122,0,NA,0x0,0x4,0,0
48,40,2,0x81547F3DADD6E1A2,0x0,185,0.216216216216,0,NA,0x0,0x8,0,0
48,40,3,0x81547F3DADD6E1A2,0x0,204,0.196078431373,0,NA,0x0,0x0,0,0
48,40,4,0x81547F3DADD6E1A2,0x0,238,0.168067226891,0,NA,0x0,0x0,0,0
48,40,5,0x81547F3DADD6E1A2,0x0,263,0.152091254753,0,NA,0x0,0xC,0,0
48,40,6,0x81547F3DADD6E1A2,0x0,239,0.167364016736,0,NA,0x0,0xE,0,0
48,40,7,0x81547F3DADD6E1A2,0x0,289,0.138408304498,0,NA,0x0,0xD,0,0
48,48,0,0x81547F3DADD6E1A2,0x0,256,0.187500000000,1,0x1,0x1,0x1,1,1
48,48,1,0x81547F3DADD6E1A2,0x0,282,0.170212765957,3,NA,0x0,0x4,0,0
48,48,2,0x81547F3DADD6E1A2,0x0,265,0.181132075472,0,NA,0x0,0x8,0,0
48,48,3,0x81547F3DADD6E1A2,0x0,273,0.175824175824,0,NA,0x0,0x0,0,0
48,48,4,0x81547F3DADD6E1A2,0x0,277,0.173285198556,0,NA,0x0,0x0,0,0
48,48,5,0x81547F3DADD6E1A2,0x0,313,0.153354632588,0,NA,0x0,0xC,0,0
48,48,6,0x81547F3DADD6E1A2,0x0,291,0.164948453608,0,NA,0x0,0xE,0,0
48,48,7,0x81547F3DADD6E1A2,0x0,350,0.137142857143,0,NA,0x0,0xD,0,0
48,56,0,0x81547F3DADD6E1A2,0x0,322,0.173913043478,1,0x1,0x1,0x1,1,1
48,56,1,0x81547F3DADD6E1A2,0x0,356,0.157303370787,2,NA,0x0,0x4,0,0
48,56,2,0x81547F3DADD6E1A2,0x0,323,0.173374613003,0,NA,0x0,0x8,0,0
48,56,3,0x81547F3DADD6E1A2,0x0,317,0.176656151420,0,NA,0x0,0x0,0,0
48,56,4,0x81547F3DADD6E1A2,0x0,337,0.166172106825,0,NA,0x0,0x0,0,0
48,56,5,0x81547F3DADD6E1A2,0x0,360,0.155555555556,0,NA,0x0,0xC,0,0
48,56,6,0x81547F3DADD6E1A2,0x0,331,0.169184290030,0,NA,0x0,0xE,0,0
48,56,7,0x81547F3DADD6E1A2,0x0,411,0.136253041363,0,NA,0x0,0xD,0,0
48,64,0,0x81547F3DADD6E1A2,0x0,384,0.166666666667,1,0x1,0x1,0x1,1,1
48,64,1,0x81547F3DADD6E1A2,0x0,416,0.153846153846,2,NA,0x0,0x4,0,0
48,64,2,0x81547F3DADD6E1A2,0x0,362,0.176795580110,0,NA,0x0,0x8,0,0
48,64,3,0x81547F3DADD6E1A2,0x0,359,0.178272980501,0,NA,0x0,0x0,0,0
48,64,4,0x81547F3DADD6E1A2,0x0,424,0.150943396226,0,NA,0x0,0x0,0,0
48,64,5,0x81547F3DADD6E1A2,0x0,405,0.158024691358,0,NA,0x0,0xC,0,0
48,64,6,0x81547F3DADD6E1A2,0x0,398,0.160804020101,0,NA,0x0,0xE,0,0
48,64,7,0x81547F3DADD6E1A2,0x0,496,0.129032258065,0,NA,0x0,0xD,0,0
48,72,0,0x81547F3DADD6E1A2,0x0,432,0.166666666667,1,0x1,0x1,0x1,1,1
48,72,1,0x81547F3DADD6E1A2,0x0,455,0.158241758242,2,NA,0x0,0x4,0,0
48,72,2,0x81547F3DADD6E1A2,0x0,395,0.182278481013,0,NA,0x0,0x8,0,0
48,72,3,0x81547F3DADD6E1A2,0x0,431,0.167053364269,0,NA,0x0,0x0,0,0
48,72,4,0x81547F3DADD6E1A2,0x0,468,0.153846153846,0,NA,0x0,0x0,0,0
48,72,5,0x81547F3DADD6E1A2,0x0,460,0.156521739130,0,NA,0x0,0xC,0,0
48,72,6,0x81547F3DADD6E1A2,0x0,451,0.159645232816,0,NA,0x0,0xE,0,0
48,72,7,0x81547F3DADD6E1A2,0x0,566,0.127208480565,0,NA,0x0,0xD,0,0
48,80,0,0x81547F3DADD6E1A2,0x0,499,0.160320641283,1,0x1,0x1,0x1,1,1
48,80,1,0x81547F3DADD6E1A2,0x0,491,0.162932790224,2,NA,0x0,0x4,0,0
48,80,2,0x81547F3DADD6E1A2,0x0,436,0.183486238532,0,NA,0x0,0x8,0,0
48,80,3,0x81547F3DADD6E1A2,0x0,482,0.165975103734,0,NA,0x0,0x0,0,0
48,80,4,0x81547F3DADD6E1A2,0x0,523,0.152963671128,0,NA,0x0,0x0,0,0
48,80,5,0x81547F3DADD6E1A2,0x0,534,0.149812734082,0,NA,0x0,0xC,0,0
48,80,6,0x81547F3DADD6E1A2,0x0,491,0.162932790224,0,NA,0x0,0xE,0,0
48,80,7,0x81547F3DADD6E1A2,0x0,683,0.117130307467,0,NA,0x0,0xD,0,0
48,96,0,0x81547F3DADD6E1A2,0x0,604,0.158940397351,1,0x1,0x1,0x1,1,1
48,96,1,0x81547F3DADD6E1A2,0x0,597,0.160804020101,1,0x4,0x4,0x4,1,1
48,96,2,0x81547F3DADD6E1A2,0x0,584,0.164383561644,1,0x8,0x8,0x8,1,1
48,96,3,0x81547F3DADD6E1A2,0x0,575,0.166956521739,1,0x0,0x0,0x0,1,1
48,96,4,0x81547F3DADD6E1A2,0x0,602,0.159468438538,1,0x0,0x0,0x0,1,1
48,96,5,0x81547F3DADD6E1A2,0x0,657,0.146118721461,1,0xC,0xC,0xC,1,1
48,96,6,0x81547F3DADD6E1A2,0x0,588,0.163265306122,2,NA,0x0,0xE,0,0
48,96,7,0x81547F3DADD6E1A2,0x0,799,0.120150187735,0,NA,0x0,0xD,0,0
48,112,0,0x81547F3DADD6E1A2,0x0,689,0.162554426705,1,0x1,0x1,0x1,1,1
48,112,1,0x81547F3DADD6E1A2,0x0,699,0.160228898426,1,0x4,0x4,0x4,1,1
48,112,2,0x81547F3DADD6E1A2,0x0,648,0.172839506173,1,0x8,0x8,0x8,1,1
48,112,3,0x81547F3DADD6E1A2,0x0,662,0.169184290030,1,0x0,0x0,0x0,1,1
48,112,4,0x81547F3DADD6E1A2,0x0,695,0.161151079137,1,0x0,0x0,0x0,1,1
48,112,5,0x81547F3DADD6E1A2,0x0,766,0.146214099217,1,0xC,0xC,0xC,1,1
48,112,6,0x81547F3DADD6E1A2,0x0,684,0.163742690058,2,NA,0x0,0xE,0,0
48,112,7,0x81547F3DADD6E1A2,0x0,894,0.125279642058,0,NA,0x0,0xD,0,0
48,128,0,0x81547F3DADD6E1A2,0x0,784,0.163265306122,1,0x1,0x1,0x1,1,1
48,128,1,0x81547F3DADD6E1A2,0x0,833,0.153661464586,1,0x4,0x4,0x4,1,1
48,128,2,0x81547F3DADD6E1A2,0x0,753,0.169986719788,1,0x8,0x8,0x8,1,1
48,128,3,0x81547F3DADD6E1A2,0x0,797,0.160602258469,1,0x0,0x0,0x0,1,1
48,128,4,0x81547F3DADD6E1A2,0x0,817,0.156670746634,1,0x0,0x0,0x0,1,1
48,128,5,0x81547F3DADD6E1A2,0x0,854,0.149882903981,1,0xC,0xC,0xC,1,1
48,128,6,0x81547F3DADD6E1A2,0x0,761,0.168199737188,1,0xE,0xE,0xE,1,1
48,128,7,0x81547F3DADD6E1A2,0x0,972,0.131687242798,1,0xD,0xD,0xD,1,1
48,160,0,0x81547F3DADD6E1A2,0x0,1024,0.156250000000,1,0x1,0x1,0x1,1,1
48,160,1,0x81547F3DADD6E1A2,0x0,1021,0.156709108717,1,0x4,0x4,0x4,1,1
48,160,2,0x81547F3DADD6E1A2,0x0,963,0.166147455867,1,0x8,0x8,0x8,1,1
48,160,3,0x81547F3DADD6E1A2,0x0,965,0.165803108808,1,0x0,0x0,0x0,1,1
48,160,4,0x81547F3DADD6E1A2,0x0,1019,0.157016683023,1,0x0,0x0,0x0,1,1
48,160,5,0x81547F3DADD6E1A2,0x0,1035,0.154589371981,1,0xC,0xC,0xC,1,1
48,160,6,0x81547F3DADD6E1A2,0x0,949,0.168598524763,1,0xE,0xE,0xE,1,1
48,160,7,0x81547F3DADD6E1A2,0x0,1138,0.140597539543,1,0xD,0xD,0xD,1,1
48,192,0,0x81547F3DADD6E1A2,0x0,1290,0.148837209302,1,0x1,0x1,0x1,1,1
48,192,1,0x81547F3DADD6E1A2,0x0,1222,0.157119476268,1,0x4,0x4,0x4,1,1
48,192,2,0x81547F3DADD6E1A2,0x0,1135,0.169162995595,1,0x8,0x8,0x8,1,1
48,192,3,0x81547F3DADD6E1A2,0x0,1168,0.164383561644,1,0x0,0x0,0x0,1,1
48,192,4,0x81547F3DADD6E1A2,0x0,1258,0.152623211447,1,0x0,0x0,0x0,1,1
48,192,5,0x81547F3DADD6E1A2,0x0,1287,0.149184149184,1,0xC,0xC,0xC,1,1
48,192,6,0x81547F3DADD6E1A2,0x0,1114,0.172351885099,1,0xE,0xE,0xE,1,1
48,192,7,0x81547F3DADD6E1A2,0x0,1316,0.145896656535,1,0xD,0xD,0xD,1,1
48,256,0,0x81547F3DADD6E1A2,0x0,1670,0.153293413174,1,0x1,0x1,0x1,1,1
48,256,1,0x81547F3DADD6E1A2,0x0,1618,0.158220024722,1,0x4,0x4,0x4,1,1
48,256,2,0x81547F3DADD6E1A2,0x0,1522,0.168199737188,1,0x8,0x8,0x8,1,1
48,256,3,0x81547F3DADD6E1A2,0x0,1575,0.162539682540,1,0x0,0x0,0x0,1,1
48,256,4,0x81547F3DADD6E1A2,0x0,1639,0.156192800488,1,0x0,0x0,0x0,1,1
48,256,5,0x81547F3DADD6E1A2,0x0,1717,0.149097262667,1,0xC,0xC,0xC,1,1
48,256,6,0x81547F3DADD6E1A2,0x0,1456,0.175824175824,1,0xE,0xE,0xE,1,1
48,256,7,0x81547F3DADD6E1A2,0x0,1642,0.155907429963,1,0xD,0xD,0xD,1,1
49,16,0,0x3317A10D74B6F667,0x7,108,0.148148148148,6,NA,0x0,0xC,0,0
49,16,1,0x3317A10D74B6F667,0x7,91,0.175824175824,0,NA,0x0,0x7,0,0
49,16,2,0x3317A10D74B6F667,0x7,73,0.219178082192,0,NA,0x0,0xC,0,0
49,16,3,0x3317A10D74B6F667,0x7,88,0.181818181818,0,NA,0x0,0x6,0,0
49,16,4,0x3317A10D74B6F667,0x7,70,0.228571428571,0,NA,0x0,0xE,0,0
49,16,5,0x3317A10D74B6F667,0x7,102,0.156862745098,0,NA,0x0,0xB,0,0
49,16,6,0x3317A10D74B6F667,0x7,130,0.123076923077,0,NA,0x0,0x2,0,0
49,16,7,0x3317A10D74B6F667,0x7,104,0.153846153846,0,NA,0x0,0x1,0,0
49,24,0,0x3317A10D74B6F667,0x7,144,0.166666666667,4,NA,0x0,0xC,0,0
49,24,1,0x3317A10D74B6F667,0x7,147,0.163265306122,0,NA,0x0,0x7,0,0
49,24,2,0x3317A10D74B6F667,0x7,144,0.166666666667,0,NA,0x0,0xC,0,0
49,24,3,0x3317A10D74B6F667,0x7,131,0.183206106870,0,NA,0x0,0x6,0,0
49,24,4,0x3317A10D74B6F667,0x7,136,0.176470588235,0,NA,0x0,0xE,0,0
49,24,5,0x3317A10D74B6F667,0x7,143,0.167832167832,0,NA,0x0,0xB,0,0
49,24,6,0x3317A10D74B6F667,0x7,154,0.155844155844,0,NA,0x0,0x2,0,0
49,24,7,0x3317A10D74B6F667,0x7,133,0.180451127820,0,NA,0x0,0x1,0,0
49,32,0,0x3317A10D74B6F667,0x7,184,0.173913043478,3,NA,0x0,0xC,0,0
49,32,1,0x3317A10D74B6F667,0x7,177,0.180790960452,0,NA,0x0,0x7,0,0
49,32,2,0x3317A10D74B6F667,0x7,221,0.144796380090,0,NA,0x0,0xC,0,0
49,32,3,0x3317A10D74B6F667,0x7,168,0.190476190476,0,NA,0x0,0x6,0,0
49,32,4,0x3317A10D74B6F667,0x7,193,0.165803108808,0,NA,0x0,0xE,0,0
49,32,5,0x3317A10D74B6F667,0x7,179,0.178770949721,0,NA,0x0,0xB,0,0
49,32,6,0x3317A10D74B6F667,0x7,192,0.166666666667,0,NA,0x0,0x2,0,0
49,32,7,0x3317A10D74B6F667,0x7,189,0.169312169312,0,NA,0x0,0x1,0,0
49,40,0,0x3317A10D74B6F667,0x7,246,0.162601626016,3,NA,0x0,0xC,0,0
49,40,1,0x3317A10D74B6F667,0x7,241,0.165975103734,0,NA,0x0,0x7,0,0
49,40,2,0x3317A10D74B6F667,0x7,270,0.148148148148,0,NA,0x0,0xC,0,0
49,40,3,0x3317A10D74B6F667,0x7,225,0.177777777778,0,NA,0x0,0x6,0,0
49,40,4,0x3317A10D74B6F667,0x7,240,0.166666666667,0,NA,0x0,0xE,0,0
49,40,5,0x3317A10D74B6F667,0x7,222,0.180180180180,0,NA,0x0,0xB,0,0
49,40,6,0x3317A10D74B6F667,0x7,217,0.184331797235,0,NA,0x0,0x2,0,0
49,40,7,0x3317A10D74B6F667,0x7,237,0.168776371308,0,NA,0x0,0x1,0,0
49,48,0,0x3317A10D74B6F667,0x7,303,0.158415841584,1,0xB,0xC,0xC,1,1
49,48,1,0x3317A10D74B6F667,0x7,307,0.156351791531,2,NA,0x0,0x7,0,0
49,48,2,0x3317A10D74B6F667,0x7,322,0.149068322981,0,NA,0x0,0xC,0,0
49,48,3,0x3317A10D74B6F667,0x7,257,0.186770428016,0,NA,0x0,0x6,0,0
49,48,4,0x3317A10D74B6F667,0x7,283,0.169611307420,0,NA,0x0,0xE,0,0
49,48,5,0x3317A10D74B6F667,0x7,253,0.189723320158,0,NA,0x0,0xB,0,0
49,48,6,0x3317A10D74B6F667,0x7,281,0.170818505338,0,NA,0x0,0x2,0,0
49,48,7,0x3317A10D74B6F667,0x7,299,0.160535117057,0,NA,0x0,0x1,0,0
49,56,0,0x3317A10D74B6F667,0x7,348,0.160919540230,1,0xB,0xC,0xC,1,1
49,56,1,0x3317A10D74B6F667,0x7,383,0.146214099217,1,0x0,0x7,0x7,1,1
49,56,2,0x3317A10D74B6F667,0x7,370,0.151351351351,1,0xB,0xC,0xC,1,1
49,56,3,0x3317A10D74B6F667,0x7,297,0.188552188552,1,0x1,0x6,0x6,1,1
49,56,4,0x3317A10D74B6F667,0x7,339,0.165191740413,2,NA,0x0,0xE,0,0
49,56,5,0x3317A10D74B6F667,0x7,294,0.190476190476,0,NA,0x0,0xB,0,0
49,56,6,0x3317A10D74B6F667,0x7,317,0.176656151420,0,NA,0x0,0x2,0,0
49,56,7,0x3317A10D74B6F667,0x7,371,0.150943396226,0,NA,0x0,0x1,0,0
49,64,0,0x3317A10D74B6F667,0x7,393,0.162849872774,1,0xB,0xC,0xC,1,1
49,64,1,0x3317A10D74B6F667,0x7,424,0.150943396226,1,0x0,0x7,0x7,1,1
49,64,2,0x3317A10D74B6F667,0x7,404,0.158415841584,1,0xB,0xC,0xC,1,1
49,64,3,0x3317A10D74B6F667,0x7,328,0.195121951220,1,0x1,0x6,0x6,1,1
49,64,4,0x3317A10D74B6F667,0x7,404,0.158415841584,2,NA,0x0,0xE,0,0
49,64,5,0x3317A10D74B6F667,0x7,343,0.186588921283,0,NA,0x0,0xB,0,0
49,64,6,0x3317A10D74B6F667,0x7,349,0.183381088825,0,NA,0x0,0x2,0,0
49,64,7,0x3317A10D74B6F667,0x7,425,0.150588235294,0,NA,0x0,0x1,0,0
49,72,0,0x3317A10D74B6F667,0x7,460,0.156521739130,1,0xB,0xC,0xC,1,1
49,72,1,0x3317A10D74B6F667,0x7,494,0.145748987854,1,0x0,0x7,0x7,1,1
49,72,2,0x3317A10D74B6F667,0x7,483,0.149068322981,1,0xB,0xC,0xC,1,1
49,72,3,0x3317A10D74B6F667,0x7,369,0.195121951220,1,0x1,0x6,0x6,1,1
49,72,4,0x3317A10D74B6F667,0x7,473,0.152219873150,2,NA,0x0,0xE,0,0
49,72,5,0x3317A10D74B6F667,0x7,379,0.189973614776,0,NA,0x0,0xB,0,0
49,72,6,0x3317A10D74B6F667,0x7,380,0.189473684211,0,NA,0x0,0x2,0,0
49,72,7,0x3317A10D74B6F667,0x7,475,0.151578947368,0,NA,0x0,0x1,0,0
49,80,0,0x3317A10D74B6F667,0x7,489,0.163599182004,1,0xB,0xC,0xC,1,1
49,80,1,0x3317A10D74B6F667,0x7,536,0.149253731343,1,0x0,0x7,0x7,1,1
49,80,2,0x3317A10D74B6F667,0x7,545,0.146788990826,1,0xB,0xC,0xC,1,1
49,80,3,0x3317A10D74B6F667,0x7,413,0.193704600484,1,0x1,0x6,0x6,1,1
49,80,4,0x3317A10D74B6F667,0x7,517,0.154738878143,1,0x9,0xE,0xE,1,1
49,80,5,0x3317A10D74B6F667,0x7,443,0.180586907449,1,0xC,0xB,0xB,1,1
49,80,6,0x3317A10D74B6F667,0x7,394,0.203045685279,1,0x5,0x2,0x2,1,1
49,80,7,0x3317A10D74B6F667,0x7,535,0.149532710280,1,0x6,0x1,0x1,1,1
49,96,0,0x3317A10D74B6F667,0x7,599,0.160267111853,1,0xB,0xC,0xC,1,1
49,96,1,0x3317A10D74B6F667,0x7,645,0.148837209302,1,0x0,0x7,0x7,1,1
49,96,2,0x3317A10D74B6F667,0x7,642,0.149532710280,1,0xB,0xC,0xC,1,1
49,96,3,0x3317A10D74B6F667,0x7,520,0.184615384615,1,0x1,0x6,0x6,1,1
49,96,4,0x3317A10D74B6F667,0x7,581,0.165232358003,1,0x9,0xE,0xE,1,1
49,96,5,0x3317A10D74B6F667,0x7,558,0.172043010753,1,0xC,0xB,0xB,1,1
49,96,6,0x3317A10D74B6F667,0x7,517,0.185686653772,1,0x5,0x2,0x2,1,1
49,96,7,0x3317A10D74B6F667,0x7,606,0.158415841584,1,0x6,0x1,0x1,1,1
49,112,0,0x3317A10D74B6F667,0x7,690,0.162318840580,1,0xB,0xC,0xC,1,1
49,112,1,0x3317A10D74B6F667,0x7,758,0.147757255937,1,0x0,0x7,0x7,1,1
49,112,2,0x3317A10D74B6F667,0x7,806,0.138957816377,1,0xB,0xC,0xC,1,1
49,112,3,0x3317A10D74B6F667,0x7,621,0.180354267311,1,0x1,0x6,0x6,1,1
49,112,4,0x3317A10D74B6F667,0x7,709,0.157968970381,1,0x9,0xE,0xE,1,1
49,112,5,0x3317A10D74B6F667,0x7,675,0.165925925926,1,0xC,0xB,0xB,1,1
49,112,6,0x3317A10D74B6F667,0x7,599,0.186978297162,1,0x5,0x2,0x2,1,1
49,112,7,0x3317A10D74B6F667,0x7,694,0.161383285303,1,0x6,0x1,0x1,1,1
49,128,0,0x3317A10D74B6F667,0x7,759,0.168642951252,1,0xB,0xC,0xC,1,1
49,128,1,0x3317A10D74B6F667,0x7,856,0.149532710280,1,0x0,0x7,0x7,1,1
49,128,2,0x3317A10D74B6F667,0x7,934,0.137044967880,1,0xB,0xC,0xC,1,1
49,128,3,0x3317A10D74B6F667,0x7,707,0.181046676096,1,0x1,0x6,0x6,1,1
49,128,4,0x3317A10D74B6F667,0x7,797,0.160602258469,1,0x9,0xE,0xE,1,1
49,128,5,0x3317A10D74B6F667,0x7,801,0.159800249688,1,0xC,0xB,0xB,1,1
49,128,6,0x3317A10D74B6F667,0x7,681,0.187958883994,1,0x5,0x2,0x2,1,1
49,128,7,0x3317A10D74B6F667,0x7,788,0.162436548223,1,0x6,0x1,0x1,1,1
49,160,0,0x3317A10D74B6F667,0x7,981,0.163098878695,1,0xB,0xC,0xC,1,1
49,160,1,0x3317A10D74B6F667,0x7,1077,0.148560817084,1,0x0,0x7,0x7,1,1
49,160,2,0x3317A10D74B6F667,0x7,1121,0.142729705620,1,0xB,0xC,0xC,1,1
49,160,3,0x3317A10D74B6F667,0x7,951,0.168243953733,1,0x1,0x6,0x6,1,1
49,160,4,0x3317A10D74B6F667,0x7,1024,0.156250000000,1,0x9,0xE,0xE,1,1
49,160,5,0x3317A10D74B6F667,0x7,995,0.160804020101,1,0xC,0xB,0xB,1,1
49,160,6,0x3317A10D74B6F667,0x7,869,0.184119677791,1,0x5,0x2,0x2,1,1
49,160,7,0x3317A10D74B6F667,0x7,985,0.162436548223,1,0x6,0x1,0x1,1,1
49,192,0,0x3317A10D74B6F667,0x7,1184,0.162162162162,1,0xB,0xC,0xC,1,1
49,192,1,0x3317A10D74B6F667,0x7,1285,0.149416342412,1,0x0,0x7,0x7,1,1
49,192,2,0x3317A10D74B6F667,0x7,1279,0.150117279124,1,0xB,0xC,0xC,1,1
49,192,3,0x3317A10D74B6F667,0x7,1163,0.165090283749,1,0x1,0x6,0x6,1,1
49,192,4,0x3317A10D74B6F667,0x7,1206,0.159203980100,1,0x9,0xE,0xE,1,1
49,192,5,0x3317A10D74B6F667,0x7,1206,0.159203980100,1,0xC,0xB,0xB,1,1
49,192,6,0x3317A10D74B6F667,0x7,1038,0.184971098266,1,0x5,0x2,0x2,1,1
49,192,7,0x3317A10D74B6F667,0x7,1159,0.165660051769,1,0x6,0x1,0x1,1,1
49,256,0,0x3317A10D74B6F667,0x7,1586,0.161412358134,1,0xB,0xC,0xC,1,1
49,256,1,0x3317A10D74B6F667,0x7,1680,0.152380952381,1,0x0,0x7,0x7,1,1
49,256,2,0x3317A10D74B6F667,0x7,1609,0.159105034183,1,0xB,0xC,0xC,1,1
49,256,3,0x3317A10D74B6F667,0x7,1552,0.164948453608,1,0x1,0x6,0x6,1,1
49,256,4,0x3317A10D74B6F667,0x7,1564,0.163682864450,1,0x9,0xE,0xE,1,1
49,256,5,0x3317A10D74B6F667,0x7,1616,0.158415841584,1,0xC,0xB,0xB,1,1
49,256,6,0x3317A10D74B6F667,0x7,1429,0.179146256123,1,0x5,0x2,0x2,1,1
49,256,7,0x3317A10D74B6F667,0x7,1580,0.162025316456,1,0x6,0x1,0x1,1,1
50,16,0,0x2A04DB9C982C541C,0xB,84,0.190476190476,6,NA,0x0,0xF,0,0
50,16,1,0x2A04DB9C982C541C,0xB,104,0.153846153846,0,NA,0x0,0xB,0,0
50,16,2,0x2A04DB9C982C541C,0xB,127,0.125984251969,0,NA,0x0,0xD,0,0
50,16,3,0x2A04DB9C982C541C,0xB,89,0.179775280899,0,NA,0x0,0x2,0,0
50,16,4,0x2A04DB9C982C541C,0xB,95,0.168421052632,0,NA,0x0,0x1,0,0
50,16,5,0x2A04DB9C982C541C,0xB,127,0.125984251969,0,NA,0x0,0x2,0,0
50,16,6,0x2A04DB9C982C541C,0xB,82,0.195121951220,0,NA,0x0,0x6,0,0
50,16,7,0x2A04DB9C982C541C,0xB,142,0.112676056338,0,NA,0x0,0x3,0,0
50,24,0,0x2A04DB9C982C541C,0xB,122,0.196721311475,3,NA,0x0,0xF,0,0
50,24,1,0x2A04DB9C982C541C,0xB,149,0.161073825503,0,NA,0x0,0xB,0,0
50,24,2,0x2A04DB9C982C541C,0xB,192,0.125000000000,0,NA,0x0,0xD,0,0
50,24,3,0x2A04DB9C982C541C,0xB,117,0.205128205128,0,NA,0x0,0x2,0,0
50,24,4,0x2A04DB9C982C541C,0xB,152,0.157894736842,0,NA,0x0,0x1,0,0
50,24,5,0x2A04DB9C982C541C,0xB,174,0.137931034483,0,NA,0x0,0x2,0,0
50,24,6,0x2A04DB9C982C541C,0xB,147,0.163265306122,0,NA,0x0,0x6,0,0
50,24,7,0x2A04DB9C982C541C,0xB,225,0.106666666667,0,NA,0x0,0x3,0,0
50,32,0,0x2A04DB9C982C541C,0xB,191,0.167539267016,3,NA,0x0,0xF,0,0
50,32,1,0x2A04DB9C982C541C,0xB,191,0.167539267016,0,NA,0x0,0xB,0,0
50,32,2,0x2A04DB9C982C541C,0xB,221,0.144796380090,0,NA,0x0,0xD,0,0
50,32,3,0x2A04DB9C982C541C,0xB,174,0.183908045977,0,NA,0x0,0x2,0,0
50,32,4,0x2A04DB9C982C541C,0xB,214,0.149532710280,0,NA,0x0,0x1,0,0
50,32,5,0x2A04DB9C982C541C,0xB,219,0.146118721461,0,NA,0x0,0x2,0,0
50,32,6,0x2A04DB9C982C541C,0xB,188,0.170212765957,0,NA,0x0,0x6,0,0
50,32,7,0x2A04DB9C982C541C,0xB,276,0.115942028986,0,NA,0x0,0x3,0,0
50,40,0,0x2A04DB9C982C541C,0xB,252,0.158730158730,3,NA,0x0,0xF,0,0
50,40,1,0x2A04DB9C982C541C,0xB,208,0.192307692308,0,NA,0x0,0xB,0,0
50,40,2,0x2A04DB9C982C541C,0xB,254,0.157480314961,0,NA,0x0,0xD,0,0
50,40,3,0x2A04DB9C982C541C,0xB,229,0.174672489083,0,NA,0x0,0x2,0,0
50,40,4,0x2A04DB9C982C541C,0xB,248,0.161290322581,0,NA,0x0,0x1,0,0
50,40,5,0x2A04DB9C982C541C,0xB,266,0.150375939850,0,NA,0x0,0x2,0,0
50,40,6,0x2A04DB9C982C541C,0xB,241,0.165975103734,0,NA,0x0,0x6,0,0
50,40,7,0x2A04DB9C982C541C,0xB,306,0.130718954248,0,NA,0x0,0x3,0,0
50,48,0,0x2A04DB9C982C541C,0xB,316,0.151898734177,2,NA,0x0,0xF,0,0
50,48,1,0x2A04DB9C982C541C,0xB,258,0.186046511628,0,NA,0x0,0xB,0,0
50,48,2,0x2A04DB9C982C541C,0xB,305,0.157377049180,0,NA,0x0,0xD,0,0
50,48,3,0x2A04DB9C982C541C,0xB,262,0.183206106870,0,NA,0x0,0x2,0,0
50,48,4,0x2A04DB9C982C541C,0xB,291,0.164948453608,0,NA,0x0,0x1,0,0
50,48,5,0x2A04DB9C982C541C,0xB,316,0.151898734177,0,NA,0x0,0x2,0,0
50,48,6,0x2A04DB9C982C541C,0xB,273,0.175824175824,0,NA,0x0,0x6,0,0
50,48,7,0x2A04DB9C982C541C,0xB,367,0.130790190736,0,NA,0x0,0x3,0,0
50,56,0,0x2A04DB9C982C541C,0xB,379,0.147757255937,1,0x4,0xF,0xF,1,1
50,56,1,0x2A04DB9C982C541C,0xB,310,0.180645161290,1,0x0,0xB,0xB,1,1
50,56,2,0x2A04DB9C982C541C,0xB,349,0.160458452722,1,0x6,0xD,0xD,1,1
50,56,3,0x2A04DB9C982C541C,0xB,310,0.180645161290,1,0x9,0x2,0x2,1,1
50,56,4,0x2A04DB9C982C541C,0xB,329,0.170212765957,2,NA,0x0,0x1,0,0
50,56,5,0x2A04DB9C982C541C,0xB,361,0.155124653740,0,NA,0x0,0x2,0,0
50,56,6,0x2A04DB9C982C541C,0xB,319,0.175548589342,0,NA,0x0,0x6,0,0
50,56,7,0x2A04DB9C982C541C,0xB,428,0.130841121495,0,NA,0x0,0x3,0,0
50,64,0,0x2A04DB9C982C541C,0xB,433,0.147806004619,1,0x4,0xF,0xF,1,1
50,64,1,0x2A04DB9C982C541C,0xB,347,0.184438040346,1,0x0,0xB,0xB,1,1
50,64,2,0x2A04DB9C982C541C,0xB,428,0.149532710280,1,0x6,0xD,0xD,1,1
50,64,3,0x2A04DB9C982C541C,0xB,365,0.175342465753,1,0x9,0x2,0x2,1,1
50,64,4,0x2A04DB9C982C541C,0xB,385,0.166233766234,2,NA,0x0,0x1,0,0
50,64,5,0x2A04DB9C982C541C,0xB,438,0.146118721461,0,NA,0x0,0x2,0,0
50,64,6,0x2A04DB9C982C541C,0xB,365,0.175342465753,0,NA,0x0,0x6,0,0
50,64,7,0x2A04DB9C982C541C,0xB,487,0.131416837782,0,NA,0x0,0x3,0,0
50,72,0,0x2A04DB9C982C541C,0xB,472,0.152542372881,1,0x4,0xF,0xF,1,1
50,72,1,0x2A04DB9C982C541C,0xB,405,0.177777777778,1,0x0,0xB,0xB,1,1
50,72,2,0x2A04DB9C982C541C,0xB,480,0.150000000000,1,0x6,0xD,0xD,1,1
50,72,3,0x2A04DB9C982C541C,0xB,404,0.178217821782,1,0x9,0x2,0x2,1,1
50,72,4,0x2A04DB9C982C541C,0xB,432,0.166666666667,1,0xA,0x1,0x1,1,1
50,72,5,0x2A04DB9C982C541C,0xB,482,0.149377593361,2,NA,0x0,0x2,0,0
50,72,6,0x2A04DB9C982C541C,0xB,414,0.173913043478,0,NA,0x0,0x6,0,0
50,72,7,0x2A04DB9C982C541C,0xB,554,0.129963898917,0,NA,0x0,0x3,0,0
50,80,0,0x2A04DB9C982C541C,0xB,502,0.159362549801,1,0x4,0xF,0xF,1,1
50,80,1,0x2A04DB9C982C541C,0xB,482,0.165975103734,1,0x0,0xB,0xB,1,1
50,80,2,0x2A04DB9C982C541C,0xB,523,0.152963671128,1,0x6,0xD,0xD,1,1
50,80,3,0x2A04DB9C982C541C,0xB,447,0.178970917226,1,0x9,0x2,0x2,1,1
50,80,4,0x2A04DB9C982C541C,0xB,500,0.160000000000,1,0xA,0x1,0x1,1,1
50,80,5,0x2A04DB9C982C541C,0xB,542,0.147601476015,1,0x9,0x2,0x2,1,1
50,80,6,0x2A04DB9C982C541C,0xB,466,0.171673819742,1,0xD,0x6,0x6,1,1
50,80,7,0x2A04DB9C982C541C,0xB,593,0.134907251265,1,0x8,0x3,0x3,1,1
50,96,0,0x2A04DB9C982C541C,0xB,584,0.164383561644,1,0x4,0xF,0xF,1,1
50,96,1,0x2A04DB9C982C541C,0xB,571,0.168126094571,1,0x0,0xB,0xB,1,1
50,96,2,0x2A04DB9C982C541C,0xB,584,0.164383561644,1,0x6,0xD,0xD,1,1
50,96,3,0x2A04DB9C982C541C,0xB,520,0.184615384615,1,0x9,0x2,0x2,1,1
50,96,4,0x2A04DB9C982C541C,0xB,612,0.156862745098,1,0xA,0x1,0x1,1,1
50,96,5,0x2A04DB9C982C541C,0xB,636,0.150943396226,1,0x9,0x2,0x2,1,1
50,96,6,0x2A04DB9C982C541C,0xB,531,0.180790960452,1,0xD,0x6,0x6,1,1
50,96,7,0x2A04DB9C982C541C,0xB,691,0.138929088278,1,0x8,0x3,0x3,1,1
50,112,0,0x2A04DB9C982C541C,0xB,685,0.163503649635,1,0x4,0xF,0xF,1,1
50,112,1,0x2A04DB9C982C541C,0xB,641,0.174726989080,1,0x0,0xB,0xB,1,1
50,112,2,0x2A04DB9C982C541C,0xB,670,0.167164179104,1,0x6,0xD,0xD,1,1
50,112,3,0x2A04DB9C982C541C,0xB,636,0.176100628931,1,0x9,0x2,0x2,1,1
50,112,4,0x2A04DB9C982C541C,0xB,705,0.158865248227,1,0xA,0x1,0x1,1,1
50,112,5,0x2A04DB9C982C541C,0xB,721,0.155339805825,1,0x9,0x2,0x2,1,1
50,112,6,0x2A04DB9C982C541C,0xB,649,0.172573189522,1,0xD,0x6,0x6,1,1
50,112,7,0x2A04DB9C982C541C,0xB,808,0.138613861386,1,0x8,0x3,0x3,1,1
50,128,0,0x2A04DB9C982C541C,0xB,798,0.160401002506,1,0x4,0xF,0xF,1,1
50,128,1,0x2A04DB9C982C541C,0xB,732,0.174863387978,1,0x0,0xB,0xB,1,1
50,128,2,0x2A04DB9C982C541C,0xB,774,0.165374677003,1,0x6,0xD,0xD,1,1
50,128,3,0x2A04DB9C982C541C,0xB,775,0.165161290323,1,0x9,0x2,0x2,1,1
50,128,4,0x2A04DB9C982C541C,0xB,831,0.154031287605,1,0xA,0x1,0x1,1,1
50,128,5,0x2A04DB9C982C541C,0xB,817,0.156670746634,1,0x9,0x2,0x2,1,1
50,128,6,0x2A04DB9C982C541C,0xB,741,0.172739541161,1,0xD,0x6,0x6,1,1
50,128,7,0x2A04DB9C982C541C,0xB,880,0.145454545455,1,0x8,0x3,0x3,1,1
50,160,0,0x2A04DB9C982C541C,0xB,974,0.164271047228,1,0x4,0xF,0xF,1,1
50,160,1,0x2A04DB9C982C541C,0xB,906,0.176600441501,1,0x0,0xB,0xB,1,1
50,160,2,0x2A04DB9C982C541C,0xB,948,0.168776371308,1,0x6,0xD,0xD,1,1
50,160,3,0x2A04DB9C982C541C,0xB,986,0.162271805274,1,0x9,0x2,0x2,1,1
50,160,4,0x2A04DB9C982C541C,0xB,1003,0.159521435693,1,0xA,0x1,0x1,1,1
50,160,5,0x2A04DB9C982C541C,0xB,1073,0.149114631873,1,0x9,0x2,0x2,1,1
50,160,6,0x2A04DB9C982C541C,0xB,926,0.172786177106,1,0xD,0x6,0x6,1,1
50,160,7,0x2A04DB9C982C541C,0xB,1036,0.154440154440,1,0x8,0x3,0x3,1,1
50,192,0,0x2A04DB9C982C541C,0xB,1216,0.157894736842,1,0x4,0xF,0xF,1,1
50,192,1,0x2A04DB9C982C541C,0xB,1072,0.179104477612,1,0x0,0xB,0xB,1,1
50,192,2,0x2A04DB9C982C541C,0xB,1150,0.166956521739,1,0x6,0xD,0xD,1,1
50,192,3,0x2A04DB9C982C541C,0xB,1254,0.153110047847,1,0x9,0x2,0x2,1,1
50,192,4,0x2A04DB9C982C541C,0xB,1191,0.161209068010,1,0xA,0x1,0x1,1,1
50,192,5,0x2A04DB9C982C541C,0xB,1246,0.154093097913,1,0x9,0x2,0x2,1,1
50,192,6,0x2A04DB9C982C541C,0xB,1133,0.169461606355,1,0xD,0x6,0x6,1,1
50,192,7,0x2A04DB9C982C541C,0xB,1191,0.161209068010,1,0x8,0x3,0x3,1,1
50,256,0,0x2A04DB9C982C541C,0xB,1657,0.154496077248,1,0x4,0xF,0xF,1,1
50,256,1,0x2A04DB9C982C541C,0xB,1450,0.176551724138,1,0x0,0xB,0xB,1,1
50,256,2,0x2A04DB9C982C541C,0xB,1518,0.168642951252,1,0x6,0xD,0xD,1,1
50,256,3,0x2A04DB9C982C541C,0xB,1656,0.154589371981,1,0x9,0x2,0x2,1,1
50,256,4,0x2A04DB9C982C541C,0xB,1602,0.159800249688,1,0xA,0x1,0x1,1,1
50,256,5,0x2A04DB9C982C541C,0xB,1605,0.159501557632,1,0x9,0x2,0x2,1,1
50,256,6,0x2A04DB9C982C541C,0xB,1507,0.169873921699,1,0xD,0x6,0x6,1,1
50,256,7,0x2A04DB9C982C541C,0xB,1490,0.171812080537,1,0x8,0x3,0x3,1,1
51,16,0,0x5A717FE744CB3C6A,0x1,115,0.139130434783,7,NA,0x0,0xE,0,0
51,16,1,0x5A717FE744CB3C6A,0x1,90,0.177777777778,0,NA,0x0,0xC,0,0
51,16,2,0x5A717FE744CB3C6A,0x1,59,0.271186440678,0,NA,0x0,0xF,0,0
51,16,3,0x5A717FE744CB3C6A,0x1,81,0.197530864198,0,NA,0x0,0xE,0,0
51,16,4,0x5A717FE744CB3C6A,0x1,107,0.149532710280,0,NA,0x0,0xB,0,0
51,16,5,0x5A717FE744CB3C6A,0x1,90,0.177777777778,0,NA,0x0,0xF,0,0
51,16,6,0x5A717FE744CB3C6A,0x1,92,0.173913043478,0,NA,0x0,0xD,0,0
51,16,7,0x5A717FE744CB3C6A,0x1,110,0.145454545455,0,NA,0x0,0x9,0,0
51,24,0,0x5A717FE744CB3C6A,0x1,168,0.142857142857,3,NA,0x0,0xE,0,0
51,24,1,0x5A717FE744CB3C6A,0x1,129,0.186046511628,0,NA,0x0,0xC,0,0
51,24,2,0x5A717FE744CB3C6A,0x1,104,0.230769230769,0,NA,0x0,0xF,0,0
51,24,3,0x5A717FE744CB3C6A,0x1,154,0.155844155844,0,NA,0x0,0xE,0,0
51,24,4,0x5A717FE744CB3C6A,0x1,144,0.166666666667,0,NA,0x0,0xB,0,0
51,24,5,0x5A717FE744CB3C6A,0x1,157,0.152866242038,0,NA,0x0,0xF,0,0
51,24,6,0x5A717FE744CB3C6A,0x1,140,0.171428571429,0,NA,0x0,0xD,0,0
51,24,7,0x5A717FE744CB3C6A,0x1,171,0.140350877193,0,NA,0x0,0x9,0,0
51,32,0,0x5A717FE744CB3C6A,0x1,191,0.167539267016,1,0xF,0xE,0xE,1,1
51,32,1,0x5A717FE744CB3C6A,0x1,159,0.201257861635,4,NA,0x0,0xC,0,0
51,32,2,0x5A717FE744CB3C6A,0x1,146,0.219178082192,0,NA,0x0,0xF,0,0
51,32,3,0x5A717FE744CB3C6A,0x1,182,0.175824175824,0,NA,0x0,0xE,0,0
51,32,4,0x5A717FE744CB3C6A,0x1,184,0.173913043478,0,NA,0x0,0xB,0,0
51,32,5,0x5A717FE744CB3C6A,0x1,199,0.160804020101,0,NA,0x0,0xF,0,0
51,32,6,0x5A717FE744CB3C6A,0x1,189,0.169312169312,0,NA,0x0,0xD,0,0
51,32,7,0x5A717FE744CB3C6A,0x1,218,0.146788990826,0,NA,0x0,0x9,0,0
51,40,0,0x5A717FE744CB3C6A,0x1,222,0.180180180180,1,0xF,0xE,0xE,1,1
51,40,1,0x5A717FE744CB3C6A,0x1,226,0.176991150442,3,NA,0x0,0xC,0,0
51,40,2,0x5A717FE744CB3C6A,0x1,174,0.229885057471,0,NA,0x0,0xF,0,0
51,40,3,0x5A717FE744CB3C6A,0x1,258,0.155038759690,0,NA,0x0,0xE,0,0
51,40,4,0x5A717FE744CB3C6A,0x1,262,0.152671755725,0,NA,0x0,0xB,0,0
51,40,5,0x5A717FE744CB3C6A,0x1,236,0.169491525424,0,NA,0x0,0xF,0,0
51,40,6,0x5A717FE744CB3C6A,0x1,238,0.168067226891,0,NA,0x0,0xD,0,0
51,40,7,0x5A717FE744CB3C6A,0x1,273,0.146520146520,0,NA,0x0,0x9,0,0
51,48,0,0x5A717FE744CB3C6A,0x1,295,0.162711864407,1,0xF,0xE,0xE,1,1
51,48,1,0x5A717FE744CB3C6A,0x1,266,0.180451127820,2,NA,0x0,0xC,0,0
51,48,2,0x5A717FE744CB3C6A,0x1,221,0.217194570136,0,NA,0x0,0xF,0,0
51,48,3,0x5A717FE744CB3C6A,0x1,319,0.150470219436,0,NA,0x0,0xE,0,0
51,48,4,0x5A717FE744CB3C6A,0x1,312,0.153846153846,0,NA,0x0,0xB,0,0
51,48,5,0x5A717FE744CB3C6A,0x1,272,0.176470588235,0,NA,0x0,0xF,0,0
51,48,6,0x5A717FE744CB3C6A,0x1,291,0.164948453608,0,NA,0x0,0xD,0,0
51,48,7,0x5A717FE744CB3C6A,0x1,354,0.135593220339,0,NA,0x0,0x9,0,0
51,56,0,0x5A717FE744CB3C6A,0x1,354,0.158192090395,1,0xF,0xE,0xE,1,1
51,56,1,0x5A717FE744CB3C6A,0x1,306,0.183006535948,2,NA,0x0,0xC,0,0
51,56,2,0x5A717FE744CB3C6A,0x1,275,0.203636363636,0,NA,0x0,0xF,0,0
51,56,3,0x5A717FE744CB3C6A,0x1,392,0.142857142857,0,NA,0x0,0xE,0,0
51,56,4,0x5A717FE744CB3C6A,0x1,346,0.161849710983,0,NA,0x0,0xB,0,0
51,56,5,0x5A717FE744CB3C6A,0x1,314,0.178343949045,0,NA,0x0,0xF,0,0
51,56,6,0x5A717FE744CB3C6A,0x1,331,0.169184290030,0,NA,0x0,0xD,0,0
51,56,7,0x5A717FE744CB3C6A,0x1,436,0.128440366972,0,NA,0x0,0x9,0,0
51,64,0,0x5A717FE744CB3C6A,0x1,414,0.154589371981,1,0xF,0xE,0xE,1,1
51,64,1,0x5A717FE744CB3C6A,0x1,325,0.196923076923,2,NA,0x0,0xC,0,0
51,64,2,0x5A717FE744CB3C6A,0x1,330,0.193939393939,0,NA,0x0,0xF,0,0
51,64,3,0x5A717FE744CB3C6A,0x1,436,0.146788990826,0,NA,0x0,0xE,0,0
51,64,4,0x5A717FE744CB3C6A,0x1,396,0.161616161616,0,NA,0x0,0xB,0,0
51,64,5,0x5A717FE744CB3C6A,0x1,363,0.176308539945,0,NA,0x0,0xF,0,0
51,64,6,0x5A717FE744CB3C6A,0x1,369,0.173441734417,0,NA,0x0,0xD,0,0
51,64,7,0x5A717FE744CB3C6A,0x1,500,0.128000000000,0,NA,0x0,0x9,0,0
51,72,0,0x5A717FE744CB3C6A,0x1,448,0.160714285714,1,0xF,0xE,0xE,1,1
51,72,1,0x5A717FE744CB3C6A,0x1,382,0.188481675393,2,NA,0x0,0xC,0,0
51,72,2,0x5A717FE744CB3C6A,0x1,397,0.181360201511,0,NA,0x0,0xF,0,0
51,72,3,0x5A717FE744CB3C6A,0x1,479,0.150313152401,0,NA,0x0,0xE,0,0
51,72,4,0x5A717FE744CB3C6A,0x1,450,0.160000000000,0,NA,0x0,0xB,0,0
51,72,5,0x5A717FE744CB3C6A,0x1,409,0.176039119804,0,NA,0x0,0xF,0,0
51,72,6,0x5A717FE744CB3C6A,0x1,410,0.175609756098,0,NA,0x0,0xD,0,0
51,72,7,0x5A717FE744CB3C6A,0x1,523,0.137667304015,0,NA,0x0,0x9,0,0
51,80,0,0x5A717FE744CB3C6A,0x1,478,0.167364016736,1,0xF,0xE,0xE,1,1
51,80,1,0x5A717FE744CB3C6A,0x1,455,0.175824175824,2,NA,0x0,0xC,0,0
51,80,2,0x5A717FE744CB3C6A,0x1,446,0.179372197309,0,NA,0x0,0xF,0,0
51,80,3,0x5A717FE744CB3C6A,0x1,501,0.159680638723,0,NA,0x0,0xE,0,0
51,80,4,0x5A717FE744CB3C6A,0x1,493,0.162271805274,0,NA,0x0,0xB,0,0
51,80,5,0x5A717FE744CB3C6A,0x1,459,0.174291938998,0,NA,0x0,0xF,0,0
51,80,6,0x5A717FE744CB3C6A,0x1,460,0.173913043478,0,NA,0x0,0xD,0,0
51,80,7,0x5A717FE744CB3C6A,0x1,548,0.145985401460,0,NA,0x0,0x9,0,0
51,96,0,0x5A717FE744CB3C6A,0x1,608,0.157894736842,1,0xF,0xE,0xE,1,1
51,96,1,0x5A717FE744CB3C6A,0x1,561,0.171122994652,1,0xD,0xC,0xC,1,1
51,96,2,0x5A717FE744CB3C6A,0x1,530,0.181132075472,1,0xE,0xF,0xF,1,1
51,96,3,0x5A717FE744CB3C6A,0x1,596,0.161073825503,1,0xF,0xE,0xE,1,1
51,96,4,0x5A717FE744CB3C6A,0x1,582,0.164948453608,1,0xA,0xB,0xB,1,1
51,96,5,0x5A717FE744CB3C6A,0x1,540,0.177777777778,1,0xE,0xF,0xF,1,1
51,96,6,0x5A717FE744CB3C6A,0x1,557,0.172351885099,1,0xC,0xD,0xD,1,1
51,96,7,0x5A717FE744CB3C6A,0x1,689,0.139332365747,1,0x8,0x9,0x9,1,1
51,112,0,0x5A717FE744CB3C6A,0x1,722,0.155124653740,1,0xF,0xE,0xE,1,1
51,112,1,0x5A717FE744CB3C6A,0x1,624,0.179487179487,1,0xD,0xC,0xC,1,1
51,112,2,0x5A717FE744CB3C6A,0x1,656,0.170731707317,1,0xE,0xF,0xF,1,1
51,112,3,0x5A717FE744CB3C6A,0x1,703,0.159317211949,1,0xF,0xE,0xE,1,1
51,112,4,0x5A717FE744CB3C6A,0x1,669,0.167414050822,1,0xA,0xB,0xB,1,1
51,112,5,0x5A717FE744CB3C6A,0x1,603,0.185737976783,1,0xE,0xF,0xF,1,1
51,112,6,0x5A717FE744CB3C6A,0x1,667,0.167916041979,1,0xC,0xD,0xD,1,1
51,112,7,0x5A717FE744CB3C6A,0x1,812,0.137931034483,1,0x8,0x9,0x9,1,1
51,128,0,0x5A717FE744CB3C6A,0x1,862,0.148491879350,1,0xF,0xE,0xE,1,1
51,128,1,0x5A717FE744CB3C6A,0x1,749,0.170894526035,1,0xD,0xC,0xC,1,1
51,128,2,0x5A717FE744CB3C6A,0x1,751,0.170439414115,1,0xE,0xF,0xF,1,1
51,128,3,0x5A717FE744CB3C6A,0x1,777,0.164736164736,1,0xF,0xE,0xE,1,1
51,128,4,0x5A717FE744CB3C6A,0x1,752,0.170212765957,1,0xA,0xB,0xB,1,1
51,128,5,0x5A717FE744CB3C6A,0x1,685,0.186861313869,1,0xE,0xF,0xF,1,1
51,128,6,0x5A717FE744CB3C6A,0x1,767,0.166883963494,1,0xC,0xD,0xD,1,1
51,128,7,0x5A717FE744CB3C6A,0x1,964,0.132780082988,1,0x8,0x9,0x9,1,1
51,160,0,0x5A717FE744CB3C6A,0x1,1034,0.154738878143,1,0xF,0xE,0xE,1,1
51,160,1,0x5A717FE744CB3C6A,0x1,929,0.172228202368,1,0xD,0xC,0xC,1,1
51,160,2,0x5A717FE744CB3C6A,0x1,1031,0.155189136760,1,0xE,0xF,0xF,1,1
51,160,3,0x5A717FE744CB3C6A,0x1,963,0.166147455867,1,0xF,0xE,0xE,1,1
51,160,4,0x5A717FE744CB3C6A,0x1,954,0.167714884696,1,0xA,0xB,0xB,1,1
51,160,5,0x5A717FE744CB3C6A,0x1,895,0.178770949721,1,0xE,0xF,0xF,1,1
51,160,6,0x5A717FE744CB3C6A,0x1,967,0.165460186143,1,0xC,0xD,0xD,1,1
51,160,7,0x5A717FE744CB3C6A,0x1,1213,0.131904369332,1,0x8,0x9,0x9,1,1
51,192,0,0x5A717FE744CB3C6A,0x1,1242,0.154589371981,1,0xF,0xE,0xE,1,1
51,192,1,0x5A717FE744CB3C6A,0x1,1070,0.179439252336,1,0xD,0xC,0xC,1,1
51,192,2,0x5A717FE744CB3C6A,0x1,1198,0.160267111853,1,0xE,0xF,0xF,1,1
51,192,3,0x5A717FE744CB3C6A,0x1,1183,0.162299239222,1,0xF,0xE,0xE,1,1
51,192,4,0x5A717FE744CB3C6A,0x1,1117,0.171888988362,1,0xA,0xB,0xB,1,1
51,192,5,0x5A717FE744CB3C6A,0x1,1086,0.176795580110,1,0xE,0xF,0xF,1,1
51,192,6,0x5A717FE744CB3C6A,0x1,1143,0.167979002625,1,0xC,0xD,0xD,1,1
51,192,7,0x5A717FE744CB3C6A,0x1,1385,0.138628158845,1,0x8,0x9,0x9,1,1
51,256,0,0x5A717FE744CB3C6A,0x1,1581,0.161922833650,1,0xF,0xE,0xE,1,1
51,256,1,0x5A717FE744CB3C6A,0x1,1404,0.182336182336,1,0xD,0xC,0xC,1,1
51,256,2,0x5A717FE744CB3C6A,0x1,1527,0.167648984938,1,0xE,0xF,0xF,1,1
51,256,3,0x5A717FE744CB3C6A,0x1,1558,0.164313222080,1,0xF,0xE,0xE,1,1
51,256,4,0x5A717FE744CB3C6A,0x1,1547,0.165481577246,1,0xA,0xB,0xB,1,1
51,256,5,0x5A717FE744CB3C6A,0x1,1497,0.171008684035,1,0xE,0xF,0xF,1,1
51,256,6,0x5A717FE744CB3C6A,0x1,1587,0.161310649023,1,0xC,0xD,0xD,1,1
51,256,7,0x5A717FE744CB3C6A,0x1,1812,0.141280353201,1,0x8,0x9,0x9,1,1
52,16,0,0xE105CC96C197876D,0x8,78,0.205128205128,7,NA,0x0,0x2,0,0
52,16,1,0xE105CC96C197876D,0x8,120,0.133333333333,0,NA,0x0,0x8,0,0
52,16,2,0xE105CC96C197876D,0x8,116,0.137931034483,0,NA,0x0,0x9,0,0
52,16,3,0xE105CC96C197876D,0x8,100,0.160000000000,0,NA,0x0,0x0,0,0
52,16,4,0xE105CC96C197876D,0x8,94,0.170212765957,0,NA,0x0,0xD,0,0
52,16,5,0xE105CC96C197876D,0x8,93,0.172043010753,0,NA,0x0,0x7,0,0
52,16,6,0xE105CC96C197876D,0x8,146,0.109589041096,0,NA,0x0,0x2,0,0
52,16,7,0xE105CC96C197876D,0x8,157,0.101910828025,0,NA,0x0,0x2,0,0
52,24,0,0xE105CC96C197876D,0x8,105,0.228571428571,5,NA,0x0,0x2,0,0
52,24,1,0xE105CC96C197876D,0x8,171,0.140350877193,0,NA,0x0,0x8,0,0
52,24,2,0xE105CC96C197876D,0x8,198,0.121212121212,0,NA,0x0,0x9,0,0
52,24,3,0xE105CC96C197876D,0x8,136,0.176470588235,0,NA,0x0,0x0,0,0
52,24,4,0xE105CC96C197876D,0x8,121,0.198347107438,0,NA,0x0,0xD,0,0
52,24,5,0xE105CC96C197876D,0x8,125,0.192000000000,0,NA,0x0,0x7,0,0
52,24,6,0xE105CC96C197876D,0x8,188,0.127659574468,0,NA,0x0,0x2,0,0
52,24,7,0xE105CC96C197876D,0x8,193,0.124352331606,0,NA,0x0,0x2,0,0
52,32,0,0xE105CC96C197876D,0x8,168,0.190476190476,3,NA,0x0,0x2,0,0
52,32,1,0xE105CC96C197876D,0x8,217,0.147465437788,0,NA,0x0,0x8,0,0
52,32,2,0xE105CC96C197876D,0x8,221,0.144796380090,0,NA,0x0,0x9,0,0
52,32,3,0xE105CC96C197876D,0x8,192,0.166666666667,0,NA,0x0,0x0,0,0
52,32,4,0xE105CC96C197876D,0x8,163,0.196319018405,0,NA,0x0,0xD,0,0
52,32,5,0xE105CC96C197876D,0x8,178,0.179775280899,0,NA,0x0,0x7,0,0
52,32,6,0xE105CC96C197876D,0x8,246,0.130081300813,0,NA,0x0,0x2,0,0
52,32,7,0xE105CC96C197876D,0x8,237,0.135021097046,0,NA,0x0,0x2,0,0
52,40,0,0xE105CC96C197876D,0x8,215,0.186046511628,2,NA,0x0,0x2,0,0
52,40,1,0xE105CC96C197876D,0x8,273,0.146520146520,0,NA,0x0,0x8,0,0
52,40,2,0xE105CC96C197876D,0x8,292,0.136986301370,0,NA,0x0,0x9,0,0
52,40,3,0xE105CC96C197876D,0x8,274,0.145985401460,0,NA,0x0,0x0,0,0
52,40,4,0xE105CC96C197876D,0x8,238,0.168067226891,0,NA,0x0,0xD,0,0
52,40,5,0xE105CC96C197876D,0x8,240,0.166666666667,0,NA,0x0,0x7,0,0
52,40,6,0xE105CC96C197876D,0x8,283,0.141342756184,0,NA,0x0,0x2,0,0
52,40,7,0xE105CC96C197876D,0x8,295,0.135593220339,0,NA,0x0,0x2,0,0
52,48,0,0xE105CC96C197876D,0x8,273,0.175824175824,2,NA,0x0,0x2,0,0
52,48,1,0xE105CC96C197876D,0x8,308,0.155844155844,0,NA,0x0,0x8,0,0
52,48,2,0xE105CC96C197876D,0x8,349,0.137535816619,0,NA,0x0,0x9,0,0
52,48,3,0xE105CC96C197876D,0x8,330,0.145454545455,0,NA,0x0,0x0,0,0
52,48,4,0xE105CC96C197876D,0x8,272,0.176470588235,0,NA,0x0,0xD,0,0
52,48,5,0xE105CC96C197876D,0x8,299,0.160535117057,0,NA,0x0,0x7,0,0
52,48,6,0xE105CC96C197876D,0x8,349,0.137535816619,0,NA,0x0,0x2,0,0
52,48,7,0xE105CC96C197876D,0x8,336,0.142857142857,0,NA,0x0,0x2,0,0
52,56,0,0xE105CC96C197876D,0x8,340,0.164705882353,2,NA,0x0,0x2,0,0
52,56,1,0xE105CC96C197876D,0x8,346,0.161849710983,0,NA,0x0,0x8,0,0
52,56,2,0xE105CC96C197876D,0x8,385,0.145454545455,0,NA,0x0,0x9,0,0
52,56,3,0xE105CC96C197876D,0x8,360,0.155555555556,0,NA,0x0,0x0,0,0
52,56,4,0xE105CC96C197876D,0x8,320,0.175000000000,0,NA,0x0,0xD,0,0
52,56,5,0xE105CC96C197876D,0x8,372,0.150537634409,0,NA,0x0,0x7,0,0
52,56,6,0xE105CC96C197876D,0x8,403,0.138957816377,0,NA,0x0,0x2,0,0
52,56,7,0xE105CC96C197876D,0x8,374,0.149732620321,0,NA,0x0,0x2,0,0
52,64,0,0xE105CC96C197876D,0x8,374,0.171122994652,1,0xA,0x2,0x2,1,1
52,64,1,0xE105CC96C197876D,0x8,371,0.172506738544,1,0x0,0x8,0x8,1,1
52,64,2,0xE105CC96C197876D,0x8,459,0.139433551198,1,0x1,0x9,0x9,1,1
52,64,3,0xE105CC96C197876D,0x8,413,0.154963680387,2,NA,0x0,0x0,0,0
52,64,4,0xE105CC96C197876D,0x8,401,0.159600997506,0,NA,0x0,0xD,0,0
52,64,5,0xE105CC96C197876D,0x8,431,0.148491879350,0,NA,0x0,0x7,0,0
52,64,6,0xE105CC96C197876D,0x8,444,0.144144144144,0,NA,0x0,0x2,0,0
52,64,7,0xE105CC96C197876D,0x8,406,0.157635467980,0,NA,0x0,0x2,0,0
52,72,0,0xE105CC96C197876D,0x8,432,0.166666666667,1,0xA,0x2,0x2,1,1
52,72,1,0xE105CC96C197876D,0x8,430,0.167441860465,1,0x0,0x8,0x8,1,1
52,72,2,0xE105CC96C197876D,0x8,498,0.144578313253,1,0x1,0x9,0x9,1,1
52,72,3,0xE105CC96C197876D,0x8,441,0.163265306122,2,NA,0x0,0x0,0,0
52,72,4,0xE105CC96C197876D,0x8,455,0.158241758242,0,NA,0x0,0xD,0,0
52,72,5,0xE105CC96C197876D,0x8,496,0.145161290323,0,NA,0x0,0x7,0,0
52,72,6,0xE105CC96C197876D,0x8,498,0.144578313253,0,NA,0x0,0x2,0,0
52,72,7,0xE105CC96C197876D,0x8,486,0.148148148148,0,NA,0x0,0x2,0,0
52,80,0,0xE105CC96C197876D,0x8,485,0.164948453608,1,0xA,0x2,0x2,1,1
52,80,1,0xE105CC96C197876D,0x8,471,0.169851380042,1,0x0,0x8,0x8,1,1
52,80,2,0xE105CC96C197876D,0x8,543,0.147329650092,1,0x1,0x9,0x9,1,1
52,80,3,0xE105CC96C197876D,0x8,467,0.171306209850,2,NA,0x0,0x0,0,0
52,80,4,0xE105CC96C197876D,0x8,525,0.152380952381,0,NA,0x0,0xD,0,0
52,80,5,0xE105CC96C197876D,0x8,539,0.148423005566,0,NA,0x0,0x7,0,0
52,80,6,0xE105CC96C197876D,0x8,555,0.144144144144,0,NA,0x0,0x2,0,0
52,80,7,0xE105CC96C197876D,0x8,540,0.148148148148,0,NA,0x0,0x2,0,0
52,96,0,0xE105CC96C197876D,0x8,607,0.158154859967,1,0xA,0x2,0x2,1,1
52,96,1,0xE105CC96C197876D,0x8,564,0.170212765957,1,0x0,0x8,0x8,1,1
52,96,2,0xE105CC96C197876D,0x8,619,0.155088852989,1,0x1,0x9,0x9,1,1
52,96,3,0xE105CC96C197876D,0x8,518,0.185328185328,1,0x8,0x0,0x0,1,1
52,96,4,0xE105CC96C197876D,0x8,692,0.138728323699,1,0x5,0xD,0xD,1,1
52,96,5,0xE105CC96C197876D,0x8,640,0.150000000000,1,0xF,0x7,0x7,1,1
52,96,6,0xE105CC96C197876D,0x8,654,0.146788990826,1,0xA,0x2,0x2,1,1
52,96,7,0xE105CC96C197876D,0x8,634,0.151419558360,1,0xA,0x2,0x2,1,1
52,112,0,0xE105CC96C197876D,0x8,703,0.159317211949,1,0xA,0x2,0x2,1,1
52,112,1,0xE105CC96C197876D,0x8,679,0.164948453608,1,0x0,0x8,0x8,1,1
52,112,2,0xE105CC96C197876D,0x8,782,0.143222506394,1,0x1,0x9,0x9,1,1
52,112,3,0xE105CC96C197876D,0x8,595,0.188235294118,1,0x8,0x0,0x0,1,1
52,112,4,0xE105CC96C197876D,0x8,807,0.138785625774,1,0x5,0xD,0xD,1,1
52,112,5,0xE105CC96C197876D,0x8,733,0.152796725784,1,0xF,0x7,0x7,1,1
52,112,6,0xE105CC96C197876D,0x8,756,0.148148148148,1,0xA,0x2,0x2,1,1
52,112,7,0xE105CC96C197876D,0x8,702,0.159544159544,1,0xA,0x2,0x2,1,1
52,128,0,0xE105CC96C197876D,0x8,792,0.161616161616,1,0xA,0x2,0x2,1,1
52,128,1,0xE105CC96C197876D,0x8,783,0.163473818646,1,0x0,0x8,0x8,1,1
52,128,2,0xE105CC96C197876D,0x8,900,0.142222222222,1,0x1,0x9,0x9,1,1
52,128,3,0xE105CC96C197876D,0x8,678,0.188790560472,1,0x8,0x0,0x0,1,1
52,128,4,0xE105CC96C197876D,0x8,907,0.141124586549,1,0x5,0xD,0xD,1,1
52,128,5,0xE105CC96C197876D,0x8,807,0.158612143742,1,0xF,0x7,0x7,1,1
52,128,6,0xE105CC96C197876D,0x8,854,0.149882903981,1,0xA,0x2,0x2,1,1
52,128,7,0xE105CC96C197876D,0x8,791,0.161820480405,1,0xA,0x2,0x2,1,1
52,160,0,0xE105CC96C197876D,0x8,1001,0.159840159840,1,0xA,0x2,0x2,1,1
52,160,1,0xE105CC96C197876D,0x8,966,0.165631469979,1,0x0,0x8,0x8,1,1
52,160,2,0xE105CC96C197876D,0x8,1063,0.150517403575,1,0x1,0x9,0x9,1,1
52,160,3,0xE105CC96C197876D,0x8,857,0.186697782964,1,0x8,0x0,0x0,1,1
52,160,4,0xE105CC96C197876D,0x8,1054,0.151802656546,1,0x5,0xD,0xD,1,1
52,160,5,0xE105CC96C197876D,0x8,1008,0.158730158730,1,0xF,0x7,0x7,1,1
52,160,6,0xE105CC96C197876D,0x8,1015,0.157635467980,1,0xA,0x2,0x2,1,1
52,160,7,0xE105CC96C197876D,0x8,1003,0.159521435693,1,0xA,0x2,0x2,1,1
52,192,0,0xE105CC96C197876D,0x8,1188,0.161616161616,1,0xA,0x2,0x2,1,1
52,192,1,0xE105CC96C197876D,0x8,1164,0.164948453608,1,0x0,0x8,0x8,1,1
52,192,2,0xE105CC96C197876D,0x8,1230,0.156097560976,1,0x1,0x9,0x9,1,1
52,192,3,0xE105CC96C197876D,0x8,1082,0.177449168207,1,0x8,0x0,0x0,1,1
52,192,4,0xE105CC96C197876D,0x8,1245,0.154216867470,1,0x5,0xD,0xD,1,1
52,192,5,0xE105CC96C197876D,0x8,1203,0.159600997506,1,0xF,0x7,0x7,1,1
52,192,6,0xE105CC96C197876D,0x8,1260,0.152380952381,1,0xA,0x2,0x2,1,1
52,192,7,0xE105CC96C197876D,0x8,1231,0.155970755483,1,0xA,0x2,0x2,1,1
52,256,0,0xE105CC96C197876D,0x8,1621,0.157927205429,1,0xA,0x2,0x2,1,1
52,256,1,0xE105CC96C197876D,0x8,1564,0.163682864450,1,0x0,0x8,0x8,1,1
52,256,2,0xE105CC96C197876D,0x8,1588,0.161209068010,1,0x1,0x9,0x9,1,1
52,256,3,0xE105CC96C197876D,0x8,1496,0.171122994652,1,0x8,0x0,0x0,1,1
52,256,4,0xE105CC96C197876D,0x8,1660,0.154216867470,1,0x5,0xD,0xD,1,1
52,256,5,0xE105CC96C197876D,0x8,1595,0.160501567398,1,0xF,0x7,0x7,1,1
52,256,6,0xE105CC96C197876D,0x8,1601,0.159900062461,1,0xA,0x2,0x2,1,1
52,256,7,0xE105CC96C197876D,0x8,1616,0.158415841584,1,0xA,0x2,0x2,1,1
53,16,0,0x1556E23895AF628E,0x7,76,0.210526315789,6,NA,0x0,0x0,0,0
53,16,1,0x1556E23895AF628E,0x7,119,0.134453781513,0,NA,0x0,0xE,0,0
53,16,2,0x1556E23895AF628E,0x7,109,0.146788990826,0,NA,0x0,0xD,0,0
53,16,3,0x1556E23895AF628E,0x7,67,0.238805970149,0,NA,0x0,0xE,0,0
53,16,4,0x1556E23895AF628E,0x7,75,0.213333333333,0,NA,0x0,0xD,0,0
53,16,5,0x1556E23895AF628E,0x7,67,0.238805970149,0,NA,0x0,0x3,0,0
53,16,6,0x1556E23895AF628E,0x7,90,0.177777777778,0,NA,0x0,0xA,0,0
53,16,7,0x1556E23895AF628E,0x7,98,0.163265306122,0,NA,0x0,0xB,0,0
53,24,0,0x1556E23895AF628E,0x7,130,0.184615384615,5,NA,0x0,0x0,0,0
53,24,1,0x1556E23895AF628E,0x7,172,0.139534883721,0,NA,0x0,0xE,0,0
53,24,2,0x1556E23895AF628E,0x7,140,0.171428571429,0,NA,0x0,0xD,0,0
53,24,3,0x1556E23895AF628E,0x7,106,0.226415094340,0,NA,0x0,0xE,0,0
53,24,4,0x1556E23895AF628E,0x7,109,0.220183486239,0,NA,0x0,0xD,0,0
53,24,5,0x1556E23895AF628E,0x7,100,0.240000000000,0,NA,0x0,0x3,0,0
53,24,6,0x1556E23895AF628E,0x7,144,0.166666666667,0,NA,0x0,0xA,0,0
53,24,7,0x1556E23895AF628E,0x7,143,0.167832167832,0,NA,0x0,0xB,0,0
53,32,0,0x1556E23895AF628E,0x7,180,0.177777777778,2,NA,0x0,0x0,0,0
53,32,1,0x1556E23895AF628E,0x7,247,0.129554655870,0,NA,0x0,0xE,0,0
53,32,2,0x1556E23895AF628E,0x7,182,0.175824175824,0,NA,0x0,0xD,0,0
53,32,3,0x1556E23895AF628E,0x7,150,0.213333333333,0,NA,0x0,0xE,0,0
53,32,4,0x1556E23895AF628E,0x7,138,0.231884057971,0,NA,0x0,0xD,0,0
53,32,5,0x1556E23895AF628E,0x7,137,0.233576642336,0,NA,0x0,0x3,0,0
53,32,6,0x1556E23895AF628E,0x7,201,0.159203980100,0,NA,0x0,0xA,0,0
53,32,7,0x1556E23895AF628E,0x7,224,0.142857142857,0,NA,0x0,0xB,0,0
53,40,0,0x1556E23895AF628E,0x7,222,0.180180180180,2,NA,0x0,0x0,0,0
53,40,1,0x1556E23895AF628E,0x7,274,0.145985401460,0,NA,0x0,0xE,0,0
53,40,2,0x1556E23895AF628E,0x7,213,0.187793427230,0,NA,0x0,0xD,0,0
53,40,3,0x1556E23895AF628E,0x7,197,0.203045685279,0,NA,0x0,0xE,0,0
53,40,4,0x1556E23895AF628E,0x7,213,0.187793427230,0,NA,0x0,0xD,0,0
53,40,5,0x1556E23895AF628E,0x7,208,0.192307692308,0,NA,0x0,0x3,0,0
53,40,6,0x1556E23895AF628E,0x7,255,0.156862745098,0,NA,0x0,0xA,0,0
53,40,7,0x1556E23895AF628E,0x7,302,0.132450331126,0,NA,0x0,0xB,0,0
53,48,0,0x1556E23895AF628E,0x7,257,0.186770428016,2,NA,0x0,0x0,0,0
53,48,1,0x1556E23895AF628E,0x7,315,0.152380952381,0,NA,0x0,0xE,0,0
53,48,2,0x1556E23895AF628E,0x7,273,0.175824175824,0,NA,0x0,0xD,0,0
53,48,3,0x1556E23895AF628E,0x7,268,0.179104477612,0,NA,0x0,0xE,0,0
53,48,4,0x1556E23895AF628E,0x7,244,0.196721311475,0,NA,0x0,0xD,0,0
53,48,5,0x1556E23895AF628E,0x7,257,0.186770428016,0,NA,0x0,0x3,0,0
53,48,6,0x1556E23895AF628E,0x7,303,0.158415841584,0,NA,0x0,0xA,0,0
53,48,7,0x1556E23895AF628E,0x7,346,0.138728323699,0,NA,0x0,0xB,0,0
53,56,0,0x1556E23895AF628E,0x7,304,0.184210526316,2,NA,0x0,0x0,0,0
53,56,1,0x1556E23895AF628E,0x7,386,0.145077720207,0,NA,0x0,0xE,0,0
53,56,2,0x1556E23895AF628E,0x7,323,0.173374613003,0,NA,0x0,0xD,0,0
53,56,3,0x1556E23895AF628E,0x7,309,0.181229773463,0,NA,0x0,0xE,0,0
53,56,4,0x1556E23895AF628E,0x7,323,0.173374613003,0,NA,0x0,0xD,0,0
53,56,5,0x1556E23895AF628E,0x7,292,0.191780821918,0,NA,0x0,0x3,0,0
53,56,6,0x1556E23895AF628E,0x7,329,0.170212765957,0,NA,0x0,0xA,0,0
53,56,7,0x1556E23895AF628E,0x7,384,0.145833333333,0,NA,0x0,0xB,0,0
53,64,0,0x1556E23895AF628E,0x7,380,0.168421052632,1,0x7,0x0,0x0,1,1
53,64,1,0x1556E23895AF628E,0x7,424,0.150943396226,1,0x9,0xE,0xE,1,1
53,64,2,0x1556E23895AF628E,0x7,369,0.173441734417,1,0xA,0xD,0xD,1,1
53,64,3,0x1556E23895AF628E,0x7,364,0.175824175824,1,0x9,0xE,0xE,1,1
53,64,4,0x1556E23895AF628E,0x7,374,0.171122994652,1,0xA,0xD,0xD,1,1
53,64,5,0x1556E23895AF628E,0x7,316,0.202531645570,2,NA,0x0,0x3,0,0
53,64,6,0x1556E23895AF628E,0x7,392,0.163265306122,0,NA,0x0,0xA,0,0
53,64,7,0x1556E23895AF628E,0x7,423,0.151300236407,0,NA,0x0,0xB,0,0
53,72,0,0x1556E23895AF628E,0x7,420,0.171428571429,1,0x7,0x0,0x0,1,1
53,72,1,0x1556E23895AF628E,0x7,478,0.150627615063,1,0x9,0xE,0xE,1,1
53,72,2,0x1556E23895AF628E,0x7,409,0.176039119804,1,0xA,0xD,0xD,1,1
53,72,3,0x1556E23895AF628E,0x7,403,0.178660049628,1,0x9,0xE,0xE,1,1
53,72,4,0x1556E23895AF628E,0x7,415,0.173493975904,1,0xA,0xD,0xD,1,1
53,72,5,0x1556E23895AF628E,0x7,347,0.207492795389,2,NA,0x0,0x3,0,0
53,72,6,0x1556E23895AF628E,0x7,441,0.163265306122,0,NA,0x0,0xA,0,0
53,72,7,0x1556E23895AF628E,0x7,491,0.146639511202,0,NA,0x0,0xB,0,0
53,80,0,0x1556E23895AF628E,0x7,464,0.172413793103,1,0x7,0x0,0x0,1,1
53,80,1,0x1556E23895AF628E,0x7,513,0.155945419103,1,0x9,0xE,0xE,1,1
53,80,2,0x1556E23895AF628E,0x7,476,0.168067226891,1,0xA,0xD,0xD,1,1
53,80,3,0x1556E23895AF628E,0x7,432,0.185185185185,1,0x9,0xE,0xE,1,1
53,80,4,0x1556E23895AF628E,0x7,463,0.172786177106,1,0xA,0xD,0xD,1,1
53,80,5,0x1556E23895AF628E,0x7,404,0.198019801980,1,0x4,0x3,0x3,1,1
53,80,6,0x1556E23895AF628E,0x7,493,0.162271805274,1,0xD,0xA,0xA,1,1
53,80,7,0x1556E23895AF628E,0x7,538,0.148698884758,2,NA,0x0,0xB,0,0
53,96,0,0x1556E23895AF628E,0x7,530,0.181132075472,1,0x7,0x0,0x0,1,1
53,96,1,0x1556E23895AF628E,0x7,607,0.158154859967,1,0x9,0xE,0xE,1,1
53,96,2,0x1556E23895AF628E,0x7,554,0.173285198556,1,0xA,0xD,0xD,1,1
53,96,3,0x1556E23895AF628E,0x7,543,0.176795580110,1,0x9,0xE,0xE,1,1
53,96,4,0x1556E23895AF628E,0x7,608,0.157894736842,1,0xA,0xD,0xD,1,1
53,96,5,0x1556E23895AF628E,0x7,492,0.195121951220,1,0x4,0x3,0x3,1,1
53,96,6,0x1556E23895AF628E,0x7,570,0.168421052632,1,0xD,0xA,0xA,1,1
53,96,7,0x1556E23895AF628E,0x7,612,0.156862745098,1,0xC,0xB,0xB,1,1
53,112,0,0x1556E23895AF628E,0x7,618,0.181229773463,1,0x7,0x0,0x0,1,1
53,112,1,0x1556E23895AF628E,0x7,697,0.160688665710,1,0x9,0xE,0xE,1,1
53,112,2,0x1556E23895AF628E,0x7,631,0.177496038035,1,0xA,0xD,0xD,1,1
53,112,3,0x1556E23895AF628E,0x7,660,0.169696969697,1,0x9,0xE,0xE,1,1
53,112,4,0x1556E23895AF628E,0x7,693,0.161616161616,1,0xA,0xD,0xD,1,1
53,112,5,0x1556E23895AF628E,0x7,566,0.197879858657,1,0x4,0x3,0x3,1,1
53,112,6,0x1556E23895AF628E,0x7,669,0.167414050822,1,0xD,0xA,0xA,1,1
53,112,7,0x1556E23895AF628E,0x7,740,0.151351351351,1,0xC,0xB,0xB,1,1
53,128,0,0x1556E23895AF628E,0x7,706,0.181303116147,1,0x7,0x0,0x0,1,1
53,128,1,0x1556E23895AF628E,0x7,778,0.164524421594,1,0x9,0xE,0xE,1,1
53,128,2,0x1556E23895AF628E,0x7,736,0.173913043478,1,0xA,0xD,0xD,1,1
53,128,3,0x1556E23895AF628E,0x7,742,0.172506738544,1,0x9,0xE,0xE,1,1
53,128,4,0x1556E23895AF628E,0x7,820,0.156097560976,1,0xA,0xD,0xD,1,1
53,128,5,0x1556E23895AF628E,0x7,661,0.193645990923,1,0x4,0x3,0x3,1,1
53,128,6,0x1556E23895AF628E,0x7,805,0.159006211180,1,0xD,0xA,0xA,1,1
53,128,7,0x1556E23895AF628E,0x7,869,0.147295742232,1,0xC,0xB,0xB,1,1
53,160,0,0x1556E23895AF628E,0x7,958,0.167014613779,1,0x7,0x0,0x0,1,1
53,160,1,0x1556E23895AF628E,0x7,974,0.164271047228,1,0x9,0xE,0xE,1,1
53,160,2,0x1556E23895AF628E,0x7,964,0.165975103734,1,0xA,0xD,0xD,1,1
53,160,3,0x1556E23895AF628E,0x7,920,0.173913043478,1,0x9,0xE,0xE,1,1
53,160,4,0x1556E23895AF628E,0x7,1035,0.154589371981,1,0xA,0xD,0xD,1,1
53,160,5,0x1556E23895AF628E,0x7,844,0.189573459716,1,0x4,0x3,0x3,1,1
53,160,6,0x1556E23895AF628E,0x7,984,0.162601626016,1,0xD,0xA,0xA,1,1
53,160,7,0x1556E23895AF628E,0x7,1034,0.154738878143,1,0xC,0xB,0xB,1,1
53,192,0,0x1556E23895AF628E,0x7,1121,0.171275646744,1,0x7,0x0,0x0,1,1
53,192,1,0x1556E23895AF628E,0x7,1158,0.165803108808,1,0x9,0xE,0xE,1,1
53,192,2,0x1556E23895AF628E,0x7,1118,0.171735241503,1,0xA,0xD,0xD,1,1
53,192,3,0x1556E23895AF628E,0x7,1119,0.171581769437,1,0x9,0xE,0xE,1,1
53,192,4,0x1556E23895AF628E,0x7,1259,0.152501985703,1,0xA,0xD,0xD,1,1
53,192,5,0x1556E23895AF628E,0x7,1063,0.180620884290,1,0x4,0x3,0x3,1,1
53,192,6,0x1556E23895AF628E,0x7,1210,0.158677685950,1,0xD,0xA,0xA,1,1
53,192,7,0x1556E23895AF628E,0x7,1224,0.156862745098,1,0xC,0xB,0xB,1,1
53,256,0,0x1556E23895AF628E,0x7,1476,0.173441734417,1,0x7,0x0,0x0,1,1
53,256,1,0x1556E23895AF628E,0x7,1580,0.162025316456,1,0x9,0xE,0xE,1,1
53,256,2,0x1556E23895AF628E,0x7,1469,0.174268209666,1,0xA,0xD,0xD,1,1
53,256,3,0x1556E23895AF628E,0x7,1481,0.172856178258,1,0x9,0xE,0xE,1,1
53,256,4,0x1556E23895AF628E,0x7,1668,0.153477218225,1,0xA,0xD,0xD,1,1
53,256,5,0x1556E23895AF628E,0x7,1381,0.185372918175,1,0x4,0x3,0x3,1,1
53,256,6,0x1556E23895AF628E,0x7,1592,0.160804020101,1,0xD,0xA,0xA,1,1
53,256,7,0x1556E23895AF628E,0x7,1710,0.149707602339,1,0xC,0xB,0xB,1,1
54,16,0,0xBF7DCB18D3E65266,0x8,66,0.242424242424,3,NA,0x0,0xD,0,0
54,16,1,0xBF7DCB18D3E65266,0x8,89,0.179775280899,0,NA,0x0,0x0,0,0
54,16,2,0xBF7DCB18D3E65266,0x8,95,0.168421052632,0,NA,0x0,0xF,0,0
54,16,3,0xBF7DCB18D3E65266,0x8,74,0.216216216216,0,NA,0x0,0x0,0,0
54,16,4,0xBF7DCB18D3E65266,0x8,76,0.210526315789,0,NA,0x0,0x7,0,0
54,16,5,0xBF7DCB18D3E65266,0x8,167,0.095808383234,0,NA,0x0,0xC,0,0
54,16,6,0xBF7DCB18D3E65266,0x8,118,0.135593220339,0,NA,0x0,0x2,0,0
54,16,7,0xBF7DCB18D3E65266,0x8,102,0.156862745098,0,NA,0x0,0x0,0,0
54,24,0,0xBF7DCB18D3E65266,0x8,111,0.216216216216,3,NA,0x0,0xD,0,0
54,24,1,0xBF7DCB18D3E65266,0x8,125,0.192000000000,0,NA,0x0,0x0,0,0
54,24,2,0xBF7DCB18D3E65266,0x8,140,0.171428571429,0,NA,0x0,0xF,0,0
54,24,3,0xBF7DCB18D3E65266,0x8,121,0.198347107438,0,NA,0x0,0x0,0,0
54,24,4,0xBF7DCB18D3E65266,0x8,118,0.203389830508,0,NA,0x0,0x7,0,0
54,24,5,0xBF7DCB18D3E65266,0x8,195,0.123076923077,0,NA,0x0,0xC,0,0
54,24,6,0xBF7DCB18D3E65266,0x8,178,0.134831460674,0,NA,0x0,0x2,0,0
54,24,7,0xBF7DCB18D3E65266,0x8,132,0.181818181818,0,NA,0x0,0x0,0,0
54,32,0,0xBF7DCB18D3E65266,0x8,164,0.195121951220,2,NA,0x0,0xD,0,0
54,32,1,0xBF7DCB18D3E65266,0x8,165,0.193939393939,0,NA,0x0,0x0,0,0
54,32,2,0xBF7DCB18D3E65266,0x8,175,0.182857142857,0,NA,0x0,0xF,0,0
54,32,3,0xBF7DCB18D3E65266,0x8,169,0.189349112426,0,NA,0x0,0x0,0,0
54,32,4,0xBF7DCB18D3E65266,0x8,192,0.166666666667,0,NA,0x0,0x7,0,0
54,32,5,0xBF7DCB18D3E65266,0x8,230,0.139130434783,0,NA,0x0,0xC,0,0
54,32,6,0xBF7DCB18D3E65266,0x8,222,0.144144144144,0,NA,0x0,0x2,0,0
54,32,7,0xBF7DCB18D3E65266,0x8,177,0.180790960452,0,NA,0x0,0x0,0,0
54,40,0,0xBF7DCB18D3E65266,0x8,245,0.163265306122,2,NA,0x0,0xD,0,0
54,40,1,0xBF7DCB18D3E65266,0x8,227,0.176211453744,0,NA,0x0,0x0,0,0
54,40,2,0xBF7DCB18D3E65266,0x8,209,0.191387559809,0,NA,0x0,0xF,0,0
54,40,3,0xBF7DCB18D3E65266,0x8,196,0.204081632653,0,NA,0x0,0x0,0,0
54,40,4,0xBF7DCB18D3E65266,0x8,230,0.173913043478,0,NA,0x0,0x7,0,0
54,40,5,0xBF7DCB18D3E65266,0x8,271,0.147601476015,0,NA,0x0,0xC,0,0
54,40,6,0xBF7DCB18D3E65266,0x8,286,0.139860139860,0,NA,0x0,0x2,0,0
54,40,7,0xBF7DCB18D3E65266,0x8,248,0.161290322581,0,NA,0x0,0x0,0,0
54,48,0,0xBF7DCB18D3E65266,0x8,307,0.156351791531,2,NA,0x0,0xD,0,0
54,48,1,0xBF7DCB18D3E65266,0x8,287,0.167247386760,0,NA,0x0,0x0,0,0
54,48,2,0xBF7DCB18D3E65266,0x8,270,0.177777777778,0,NA,0x0,0xF,0,0
54,48,3,0xBF7DCB18D3E65266,0x8,244,0.196721311475,0,NA,0x0,0x0,0,0
54,48,4,0xBF7DCB18D3E65266,0x8,282,0.170212765957,0,NA,0x0,0x7,0,0
54,48,5,0xBF7DCB18D3E65266,0x8,329,0.145896656535,0,NA,0x0,0xC,0,0
54,48,6,0xBF7DCB18D3E65266,0x8,353,0.135977337110,0,NA,0x0,0x2,0,0
54,48,7,0xBF7DCB18D3E65266,0x8,277,0.173285198556,0,NA,0x0,0x0,0,0
54,56,0,0xBF7DCB18D3E65266,0x8,374,0.149732620321,2,NA,0x0,0xD,0,0
54,56,1,0xBF7DCB18D3E65266,0x8,327,0.171253822630,0,NA,0x0,0x0,0,0
54,56,2,0xBF7DCB18D3E65266,0x8,310,0.180645161290,0,NA,0x0,0xF,0,0
54,56,3,0xBF7DCB18D3E65266,0x8,288,0.194444444444,0,NA,0x0,0x0,0,0
54,56,4,0xBF7DCB18D3E65266,0x8,317,0.176656151420,0,NA,0x0,0x7,0,0
54,56,5,0xBF7DCB18D3E65266,0x8,371,0.150943396226,0,NA,0x0,0xC,0,0
54,56,6,0xBF7DCB18D3E65266,0x8,395,0.141772151899,0,NA,0x0,0x2,0,0
54,56,7,0xBF7DCB18D3E65266,0x8,323,0.173374613003,0,NA,0x0,0x0,0,0
54,64,0,0xBF7DCB18D3E65266,0x8,439,0.145785876993,1,0x5,0xD,0xD,1,1
54,64,1,0xBF7DCB18D3E65266,0x8,393,0.162849872774,1,0x8,0x0,0x0,1,1
54,64,2,0xBF7DCB18D3E65266,0x8,355,0.180281690141,2,NA,0x0,0xF,0,0
54,64,3,0xBF7DCB18D3E65266,0x8,336,0.190476190476,0,NA,0x0,0x0,0,0
54,64,4,0xBF7DCB18D3E65266,0x8,394,0.162436548223,0,NA,0x0,0x7,0,0
54,64,5,0xBF7DCB18D3E65266,0x8,399,0.160401002506,0,NA,0x0,0xC,0,0
54,64,6,0xBF7DCB18D3E65266,0x8,487,0.131416837782,0,NA,0x0,0x2,0,0
54,64,7,0xBF7DCB18D3E65266,0x8,353,0.181303116147,0,NA,0x0,0x0,0,0
54,72,0,0xBF7DCB18D3E65266,0x8,499,0.144288577154,1,0x5,0xD,0xD,1,1
54,72,1,0xBF7DCB18D3E65266,0x8,456,0.157894736842,1,0x8,0x0,0x0,1,1
54,72,2,0xBF7DCB18D3E65266,0x8,450,0.160000000000,2,NA,0x0,0xF,0,0
54,72,3,0xBF7DCB18D3E65266,0x8,391,0.184143222506,0,NA,0x0,0x0,0,0
54,72,4,0xBF7DCB18D3E65266,0x8,443,0.162528216704,0,NA,0x0,0x7,0,0
54,72,5,0xBF7DCB18D3E65266,0x8,433,0.166281755196,0,NA,0x0,0xC,0,0
54,72,6,0xBF7DCB18D3E65266,0x8,512,0.140625000000,0,NA,0x0,0x2,0,0
54,72,7,0xBF7DCB18D3E65266,0x8,405,0.177777777778,0,NA,0x0,0x0,0,0
54,80,0,0xBF7DCB18D3E65266,0x8,548,0.145985401460,1,0x5,0xD,0xD,1,1
54,80,1,0xBF7DCB18D3E65266,0x8,484,0.165289256198,1,0x8,0x0,0x0,1,1
54,80,2,0xBF7DCB18D3E65266,0x8,508,0.157480314961,2,NA,0x0,0xF,0,0
54,80,3,0xBF7DCB18D3E65266,0x8,438,0.182648401826,0,NA,0x0,0x0,0,0
54,80,4,0xBF7DCB18D3E65266,0x8,477,0.167714884696,0,NA,0x0,0x7,0,0
54,80,5,0xBF7DCB18D3E65266,0x8,477,0.167714884696,0,NA,0x0,0xC,0,0
54,80,6,0xBF7DCB18D3E65266,0x8,566,0.141342756184,0,NA,0x0,0x2,0,0
54,80,7,0xBF7DCB18D3E65266,0x8,468,0.170940170940,0,NA,0x0,0x0,0,0
54,96,0,0xBF7DCB18D3E65266,0x8,643,0.149300155521,1,0x5,0xD,0xD,1,1
54,96,1,0xBF7DCB18D3E65266,0x8,600,0.160000000000,1,0x8,0x0,0x0,1,1
54,96,2,0xBF7DCB18D3E65266,0x8,585,0.164102564103,2,NA,0x0,0xF,0,0
54,96,3,0xBF7DCB18D3E65266,0x8,578,0.166089965398,0,NA,0x0,0x0,0,0
54,96,4,0xBF7DCB18D3E65266,0x8,581,0.165232358003,0,NA,0x0,0x7,0,0
54,96,5,0xBF7DCB18D3E65266,0x8,601,0.159733777038,0,NA,0x0,0xC,0,0
54,96,6,0xBF7DCB18D3E65266,0x8,648,0.148148148148,0,NA,0x0,0x2,0,0
54,96,7,0xBF7DCB18D3E65266,0x8,555,0.172972972973,0,NA,0x0,0x0,0,0
54,112,0,0xBF7DCB18D3E65266,0x8,788,0.142131979695,1,0x5,0xD,0xD,1,1
54,112,1,0xBF7DCB18D3E65266,0x8,727,0.154057771664,1,0x8,0x0,0x0,1,1
54,112,2,0xBF7DCB18D3E65266,0x8,654,0.171253822630,2,NA,0x0,0xF,0,0
54,112,3,0xBF7DCB18D3E65266,0x8,671,0.166915052161,0,NA,0x0,0x0,0,0
54,112,4,0xBF7DCB18D3E65266,0x8,656,0.170731707317,0,NA,0x0,0x7,0,0
54,112,5,0xBF7DCB18D3E65266,0x8,725,0.154482758621,0,NA,0x0,0xC,0,0
54,112,6,0xBF7DCB18D3E65266,0x8,748,0.149732620321,0,NA,0x0,0x2,0,0
54,112,7,0xBF7DCB18D3E65266,0x8,641,0.174726989080,0,NA,0x0,0x0,0,0
54,128,0,0xBF7DCB18D3E65266,0x8,855,0.149707602339,1,0x5,0xD,0xD,1,1
54,128,1,0xBF7DCB18D3E65266,0x8,871,0.146957520092,1,0x8,0x0,0x0,1,1
54,128,2,0xBF7DCB18D3E65266,0x8,751,0.170439414115,1,0x7,0xF,0xF,1,1
54,128,3,0xBF7DCB18D3E65266,0x8,739,0.173207036536,1,0x8,0x0,0x0,1,1
54,128,4,0xBF7DCB18D3E65266,0x8,743,0.172274562584,1,0xF,0x7,0x7,1,1
54,128,5,0xBF7DCB18D3E65266,0x8,802,0.159600997506,1,0x4,0xC,0xC,1,1
54,128,6,0xBF7DCB18D3E65266,0x8,837,0.152927120669,1,0xA,0x2,0x2,1,1
54,128,7,0xBF7DCB18D3E65266,0x8,747,0.171352074967,1,0x8,0x0,0x0,1,1
54,160,0,0xBF7DCB18D3E65266,0x8,1088,0.147058823529,1,0x5,0xD,0xD,1,1
54,160,1,0xBF7DCB18D3E65266,0x8,1096,0.145985401460,1,0x8,0x0,0x0,1,1
54,160,2,0xBF7DCB18D3E65266,0x8,987,0.162107396150,1,0x7,0xF,0xF,1,1
54,160,3,0xBF7DCB18D3E65266,0x8,956,0.167364016736,1,0x8,0x0,0x0,1,1
54,160,4,0xBF7DCB18D3E65266,0x8,901,0.177580466149,1,0xF,0x7,0x7,1,1
54,160,5,0xBF7DCB18D3E65266,0x8,1013,0.157946692991,1,0x4,0xC,0xC,1,1
54,160,6,0xBF7DCB18D3E65266,0x8,1023,0.156402737048,1,0xA,0x2,0x2,1,1
54,160,7,0xBF7DCB18D3E65266,0x8,926,0.172786177106,1,0x8,0x0,0x0,1,1
54,192,0,0xBF7DCB18D3E65266,0x8,1290,0.148837209302,1,0x5,0xD,0xD,1,1
54,192,1,0xBF7DCB18D3E65266,0x8,1276,0.150470219436,1,0x8,0x0,0x0,1,1
54,192,2,0xBF7DCB18D3E65266,0x8,1191,0.161209068010,1,0x7,0xF,0xF,1,1
54,192,3,0xBF7DCB18D3E65266,0x8,1152,0.166666666667,1,0x8,0x0,0x0,1,1
54,192,4,0xBF7DCB18D3E65266,0x8,1133,0.169461606355,1,0xF,0x7,0x7,1,1
54,192,5,0xBF7DCB18D3E65266,0x8,1254,0.153110047847,1,0x4,0xC,0xC,1,1
54,192,6,0xBF7DCB18D3E65266,0x8,1216,0.157894736842,1,0xA,0x2,0x2,1,1
54,192,7,0xBF7DCB18D3E65266,0x8,1098,0.174863387978,1,0x8,0x0,0x0,1,1
54,256,0,0xBF7DCB18D3E65266,0x8,1732,0.147806004619,1,0x5,0xD,0xD,1,1
54,256,1,0xBF7DCB18D3E65266,0x8,1629,0.157151626765,1,0x8,0x0,0x0,1,1
54,256,2,0xBF7DCB18D3E65266,0x8,1563,0.163787587972,1,0x7,0xF,0xF,1,1
54,256,3,0xBF7DCB18D3E65266,0x8,1536,0.166666666667,1,0x8,0x0,0x0,1,1
54,256,4,0xBF7DCB18D3E65266,0x8,1534,0.166883963494,1,0xF,0x7,0x7,1,1
54,256,5,0xBF7DCB18D3E65266,0x8,1659,0.154309825196,1,0x4,0xC,0xC,1,1
54,256,6,0xBF7DCB18D3E65266,0x8,1610,0.159006211180,1,0xA,0x2,0x2,1,1
54,256,7,0xBF7DCB18D3E65266,0x8,1516,0.168865435356,1,0x8,0x0,0x0,1,1
55,16,0,0xF8309DD37BB972D8,0xC,108,0.148148148148,4,NA,0x0,0xE,0,0
55,16,1,0xF8309DD37BB972D8,0xC,78,0.205128205128,0,NA,0x0,0xB,0,0
55,16,2,0xF8309DD37BB972D8,0xC,126,0.126984126984,0,NA,0x0,0x1,0,0
55,16,3,0xF8309DD37BB972D8,0xC,82,0.195121951220,0,NA,0x0,0x4,0,0
55,16,4,0xF8309DD37BB972D8,0xC,85,0.188235294118,0,NA,0x0,0x2,0,0
55,16,5,0xF8309DD37BB972D8,0xC,121,0.132231404959,0,NA,0x0,0xA,0,0
55,16,6,0xF8309DD37BB972D8,0xC,44,0.363636363636,0,NA,0x0,0x7,0,0
55,16,7,0xF8309DD37BB972D8,0xC,89,0.179775280899,0,NA,0x0,0x2,0,0
55,24,0,0xF8309DD37BB972D8,0xC,187,0.128342245989,3,NA,0x0,0xE,0,0
55,24,1,0xF8309DD37BB972D8,0xC,124,0.193548387097,0,NA,0x0,0xB,0,0
55,24,2,0xF8309DD37BB972D8,0xC,159,0.150943396226,0,NA,0x0,0x1,0,0
55,24,3,0xF8309DD37BB972D8,0xC,123,0.195121951220,0,NA,0x0,0x4,0,0
55,24,4,0xF8309DD37BB972D8,0xC,113,0.212389380531,0,NA,0x0,0x2,0,0
55,24,5,0xF8309DD37BB972D8,0xC,153,0.156862745098,0,NA,0x0,0xA,0,0
55,24,6,0xF8309DD37BB972D8,0xC,100,0.240000000000,0,NA,0x0,0x7,0,0
55,24,7,0xF8309DD37BB972D8,0xC,127,0.188976377953,0,NA,0x0,0x2,0,0
55,32,0,0xF8309DD37BB972D8,0xC,242,0.132231404959,2,NA,0x0,0xE,0,0
55,32,1,0xF8309DD37BB972D8,0xC,157,0.203821656051,0,NA,0x0,0xB,0,0
55,32,2,0xF8309DD37BB972D8,0xC,224,0.142857142857,0,NA,0x0,0x1,0,0
55,32,3,0xF8309DD37BB972D8,0xC,156,0.205128205128,0,NA,0x0,0x4,0,0
55,32,4,0xF8309DD37BB972D8,0xC,157,0.203821656051,0,NA,0x0,0x2,0,0
55,32,5,0xF8309DD37BB972D8,0xC,195,0.164102564103,0,NA,0x0,0xA,0,0
55,32,6,0xF8309DD37BB972D8,0xC,143,0.223776223776,0,NA,0x0,0x7,0,0
55,32,7,0xF8309DD37BB972D8,0xC,160,0.200000000000,0,NA,0x0,0x2,0,0
55,40,0,0xF8309DD37BB972D8,0xC,290,0.137931034483,2,NA,0x0,0xE,0,0
55,40,1,0xF8309DD37BB972D8,0xC,204,0.196078431373,0,NA,0x0,0xB,0,0
55,40,2,0xF8309DD37BB972D8,0xC,272,0.147058823529,0,NA,0x0,0x1,0,0
55,40,3,0xF8309DD37BB972D8,0xC,173,0.231213872832,0,NA,0x0,0x4,0,0
55,40,4,0xF8309DD37BB972D8,0xC,220,0.181818181818,0,NA,0x0,0x2,0,0
55,40,5,0xF8309DD37BB972D8,0xC,229,0.174672489083,0,NA,0x0,0xA,0,0
55,40,6,0xF8309DD37BB972D8,0xC,167,0.239520958084,0,NA,0x0,0x7,0,0
55,40,7,0xF8309DD37BB972D8,0xC,208,0.192307692308,0,NA,0x0,0x2,0,0
55,48,0,0xF8309DD37BB972D8,0xC,365,0.131506849315,2,NA,0x0,0xE,0,0
55,48,1,0xF8309DD37BB972D8,0xC,273,0.175824175824,0,NA,0x0,0xB,0,0
55,48,2,0xF8309DD37BB972D8,0xC,335,0.143283582090,0,NA,0x0,0x1,0,0
55,48,3,0xF8309DD37BB972D8,0xC,220,0.218181818182,0,NA,0x0,0x4,0,0
55,48,4,0xF8309DD37BB972D8,0xC,292,0.164383561644,0,NA,0x0,0x2,0,0
55,48,5,0xF8309DD37BB972D8,0xC,274,0.175182481752,0,NA,0x0,0xA,0,0
55,48,6,0xF8309DD37BB972D8,0xC,208,0.230769230769,0,NA,0x0,0x7,0,0
55,48,7,0xF8309DD37BB972D8,0xC,245,0.195918367347,0,NA,0x0,0x2,0,0
55,56,0,0xF8309DD37BB972D8,0xC,411,0.136253041363,1,0x2,0xE,0xE,1,1
55,56,1,0xF8309DD37BB972D8,0xC,345,0.162318840580,2,NA,0x0,0xB,0,0
55,56,2,0xF8309DD37BB972D8,0xC,366,0.153005464481,0,NA,0x0,0x1,0,0
55,56,3,0xF8309DD37BB972D8,0xC,286,0.195804195804,0,NA,0x0,0x4,0,0
55,56,4,0xF8309DD37BB972D8,0xC,326,0.171779141104,0,NA,0x0,0x2,0,0
55,56,5,0xF8309DD37BB972D8,0xC,298,0.187919463087,0,NA,0x0,0xA,0,0
55,56,6,0xF8309DD37BB972D8,0xC,248,0.225806451613,0,NA,0x0,0x7,0,0
55,56,7,0xF8309DD37BB972D8,0xC,313,0.178913738019,0,NA,0x0,0x2,0,0
55,64,0,0xF8309DD37BB972D8,0xC,494,0.129554655870,1,0x2,0xE,0xE,1,1
55,64,1,0xF8309DD37BB972D8,0xC,372,0.172043010753,1,0x7,0xB,0xB,1,1
55,64,2,0xF8309DD37BB972D8,0xC,402,0.159203980100,1,0xD,0x1,0x1,1,1
55,64,3,0xF8309DD37BB972D8,0xC,352,0.181818181818,1,0x8,0x4,0x4,1,1
55,64,4,0xF8309DD37BB972D8,0xC,374,0.171122994652,1,0xE,0x2,0x2,1,1
55,64,5,0xF8309DD37BB972D8,0xC,339,0.188790560472,1,0x6,0xA,0xA,1,1
55,64,6,0xF8309DD37BB972D8,0xC,274,0.233576642336,1,0xB,0x7,0x7,1,1
55,64,7,0xF8309DD37BB972D8,0xC,386,0.165803108808,1,0xE,0x2,0x2,1,1
55,72,0,0xF8309DD37BB972D8,0xC,549,0.131147540984,1,0x2,0xE,0xE,1,1
55,72,1,0xF8309DD37BB972D8,0xC,428,0.168224299065,1,0x7,0xB,0xB,1,1
55,72,2,0xF8309DD37BB972D8,0xC,446,0.161434977578,1,0xD,0x1,0x1,1,1
55,72,3,0xF8309DD37BB972D8,0xC,418,0.172248803828,1,0x8,0x4,0x4,1,1
55,72,4,0xF8309DD37BB972D8,0xC,422,0.170616113744,1,0xE,0x2,0x2,1,1
55,72,5,0xF8309DD37BB972D8,0xC,372,0.193548387097,1,0x6,0xA,0xA,1,1
55,72,6,0xF8309DD37BB972D8,0xC,326,0.220858895706,1,0xB,0x7,0x7,1,1
55,72,7,0xF8309DD37BB972D8,0xC,442,0.162895927602,1,0xE,0x2,0x2,1,1
55,80,0,0xF8309DD37BB972D8,0xC,595,0.134453781513,1,0x2,0xE,0xE,1,1
55,80,1,0xF8309DD37BB972D8,0xC,464,0.172413793103,1,0x7,0xB,0xB,1,1
55,80,2,0xF8309DD37BB972D8,0xC,498,0.160642570281,1,0xD,0x1,0x1,1,1
55,80,3,0xF8309DD37BB972D8,0xC,496,0.161290322581,1,0x8,0x4,0x4,1,1
55,80,4,0xF8309DD37BB972D8,0xC,524,0.152671755725,1,0xE,0x2,0x2,1,1
55,80,5,0xF8309DD37BB972D8,0xC,438,0.182648401826,1,0x6,0xA,0xA,1,1
55,80,6,0xF8309DD37BB972D8,0xC,378,0.211640211640,1,0xB,0x7,0x7,1,1
55,80,7,0xF8309DD37BB972D8,0xC,480,0.166666666667,1,0xE,0x2,0x2,1,1
55,96,0,0xF8309DD37BB972D8,0xC,717,0.133891213389,1,0x2,0xE,0xE,1,1
55,96,1,0xF8309DD37BB972D8,0xC,540,0.177777777778,1,0x7,0xB,0xB,1,1
55,96,2,0xF8309DD37BB972D8,0xC,596,0.161073825503,1,0xD,0x1,0x1,1,1
55,96,3,0xF8309DD37BB972D8,0xC,606,0.158415841584,1,0x8,0x4,0x4,1,1
55,96,4,0xF8309DD37BB972D8,0xC,608,0.157894736842,1,0xE,0x2,0x2,1,1
55,96,5,0xF8309DD37BB972D8,0xC,531,0.180790960452,1,0x6,0xA,0xA,1,1
55,96,6,0xF8309DD37BB972D8,0xC,467,0.205567451820,1,0xB,0x7,0x7,1,1
55,96,7,0xF8309DD37BB972D8,0xC,583,0.164665523156,1,0xE,0x2,0x2,1,1
55,112,0,0xF8309DD37BB972D8,0xC,816,0.137254901961,1,0x2,0xE,0xE,1,1
55,112,1,0xF8309DD37BB972D8,0xC,593,0.188870151771,1,0x7,0xB,0xB,1,1
55,112,2,0xF8309DD37BB972D8,0xC,697,0.160688665710,1,0xD,0x1,0x1,1,1
55,112,3,0xF8309DD37BB972D8,0xC,665,0.168421052632,1,0x8,0x4,0x4,1,1
55,112,4,0xF8309DD37BB972D8,0xC,750,0.149333333333,1,0xE,0x2,0x2,1,1
55,112,5,0xF8309DD37BB972D8,0xC,607,0.184514003295,1,0x6,0xA,0xA,1,1
55,112,6,0xF8309DD37BB972D8,0xC,571,0.196147110333,1,0xB,0x7,0x7,1,1
55,112,7,0xF8309DD37BB972D8,0xC,664,0.168674698795,1,0xE,0x2,0x2,1,1
55,128,0,0xF8309DD37BB972D8,0xC,892,0.143497757848,1,0x2,0xE,0xE,1,1
55,128,1,0xF8309DD37BB972D8,0xC,676,0.189349112426,1,0x7,0xB,0xB,1,1
55,128,2,0xF8309DD37BB972D8,0xC,793,0.161412358134,1,0xD,0x1,0x1,1,1
55,128,3,0xF8309DD37BB972D8,0xC,758,0.168865435356,1,0x8,0x4,0x4,1,1
55,128,4,0xF8309DD37BB972D8,0xC,841,0.152199762188,1,0xE,0x2,0x2,1,1
55,128,5,0xF8309DD37BB972D8,0xC,715,0.179020979021,1,0x6,0xA,0xA,1,1
55,128,6,0xF8309DD37BB972D8,0xC,682,0.187683284457,1,0xB,0x7,0x7,1,1
55,128,7,0xF8309DD37BB972D8,0xC,772,0.165803108808,1,0xE,0x2,0x2,1,1
55,160,0,0xF8309DD37BB972D8,0xC,1095,0.146118721461,1,0x2,0xE,0xE,1,1
55,160,1,0xF8309DD37BB972D8,0xC,825,0.193939393939,1,0x7,0xB,0xB,1,1
55,160,2,0xF8309DD37BB972D8,0xC,998,0.160320641283,1,0xD,0x1,0x1,1,1
55,160,3,0xF8309DD37BB972D8,0xC,893,0.179171332587,1,0x8,0x4,0x4,1,1
55,160,4,0xF8309DD37BB972D8,0xC,1014,0.157790927022,1,0xE,0x2,0x2,1,1
55,160,5,0xF8309DD37BB972D8,0xC,957,0.167189132706,1,0x6,0xA,0xA,1,1
55,160,6,0xF8309DD37BB972D8,0xC,870,0.183908045977,1,0xB,0x7,0x7,1,1
55,160,7,0xF8309DD37BB972D8,0xC,955,0.167539267016,1,0xE,0x2,0x2,1,1
55,192,0,0xF8309DD37BB972D8,0xC,1283,0.149649259548,1,0x2,0xE,0xE,1,1
55,192,1,0xF8309DD37BB972D8,0xC,1020,0.188235294118,1,0x7,0xB,0xB,1,1
55,192,2,0xF8309DD37BB972D8,0xC,1181,0.162574089754,1,0xD,0x1,0x1,1,1
55,192,3,0xF8309DD37BB972D8,0xC,1130,0.169911504425,1,0x8,0x4,0x4,1,1
55,192,4,0xF8309DD37BB972D8,0xC,1253,0.153232242618,1,0xE,0x2,0x2,1,1
55,192,5,0xF8309DD37BB972D8,0xC,1117,0.171888988362,1,0x6,0xA,0xA,1,1
55,192,6,0xF8309DD37BB972D8,0xC,1104,0.173913043478,1,0xB,0x7,0x7,1,1
55,192,7,0xF8309DD37BB972D8,0xC,1103,0.174070716228,1,0xE,0x2,0x2,1,1
55,256,0,0xF8309DD37BB972D8,0xC,1613,0.158710477371,1,0x2,0xE,0xE,1,1
55,256,1,0xF8309DD37BB972D8,0xC,1369,0.186997808619,1,0x7,0xB,0xB,1,1
55,256,2,0xF8309DD37BB972D8,0xC,1573,0.162746344565,1,0xD,0x1,0x1,1,1
55,256,3,0xF8309DD37BB972D8,0xC,1497,0.171008684035,1,0x8,0x4,0x4,1,1
55,256,4,0xF8309DD37BB972D8,0xC,1672,0.153110047847,1,0xE,0x2,0x2,1,1
55,256,5,0xF8309DD37BB972D8,0xC,1462,0.175102599179,1,0x6,0xA,0xA,1,1
55,256,6,0xF8309DD37BB972D8,0xC,1504,0.170212765957,1,0xB,0x7,0x7,1,1
55,256,7,0xF8309DD37BB972D8,0xC,1514,0.169088507266,1,0xE,0x2,0x2,1,1
56,16,0,0x0756A6B964CC6880,0xB,108,0.148148148148,3,NA,0x0,0x1,0,0
56,16,1,0x0756A6B964CC6880,0xB,106,0.150943396226,0,NA,0x0,0xC,0,0
56,16,2,0x0756A6B964CC6880,0xB,112,0.142857142857,0,NA,0x0,0x6,0,0
56,16,3,0x0756A6B964CC6880,0xB,119,0.134453781513,0,NA,0x0,0x0,0,0
56,16,4,0x0756A6B964CC6880,0xB,89,0.179775280899,0,NA,0x0,0xC,0,0
56,16,5,0x0756A6B964CC6880,0xB,85,0.188235294118,0,NA,0x0,0xC,0,0
56,16,6,0x0756A6B964CC6880,0xB,82,0.195121951220,0,NA,0x0,0x8,0,0
56,16,7,0x0756A6B964CC6880,0xB,90,0.177777777778,0,NA,0x0,0x9,0,0
56,24,0,0x0756A6B964CC6880,0xB,190,0.126315789474,2,NA,0x0,0x1,0,0
56,24,1,0x0756A6B964CC6880,0xB,168,0.142857142857,0,NA,0x0,0xC,0,0
56,24,2,0x0756A6B964CC6880,0xB,159,0.150943396226,0,NA,0x0,0x6,0,0
56,24,3,0x0756A6B964CC6880,0xB,155,0.154838709677,0,NA,0x0,0x0,0,0
56,24,4,0x0756A6B964CC6880,0xB,134,0.179104477612,0,NA,0x0,0xC,0,0
56,24,5,0x0756A6B964CC6880,0xB,120,0.200000000000,0,NA,0x0,0xC,0,0
56,24,6,0x0756A6B964CC6880,0xB,122,0.196721311475,0,NA,0x0,0x8,0,0
56,24,7,0x0756A6B964CC6880,0xB,172,0.139534883721,0,NA,0x0,0x9,0,0
56,32,0,0x0756A6B964CC6880,0xB,268,0.119402985075,2,NA,0x0,0x1,0,0
56,32,1,0x0756A6B964CC6880,0xB,200,0.160000000000,0,NA,0x0,0xC,0,0
56,32,2,0x0756A6B964CC6880,0xB,196,0.163265306122,0,NA,0x0,0x6,0,0
56,32,3,0x0756A6B964CC6880,0xB,188,0.170212765957,0,NA,0x0,0x0,0,0
56,32,4,0x0756A6B964CC6880,0xB,164,0.195121951220,0,NA,0x0,0xC,0,0
56,32,5,0x0756A6B964CC6880,0xB,178,0.179775280899,0,NA,0x0,0xC,0,0
56,32,6,0x0756A6B964CC6880,0xB,162,0.197530864198,0,NA,0x0,0x8,0,0
56,32,7,0x0756A6B964CC6880,0xB,205,0.156097560976,0,NA,0x0,0x9,0,0
56,40,0,0x0756A6B964CC6880,0xB,343,0.116618075802,1,0xA,0x1,0x1,1,1
56,40,1,0x0756A6B964CC6880,0xB,225,0.177777777778,1,0x7,0xC,0xC,1,1
56,40,2,0x0756A6B964CC6880,0xB,278,0.143884892086,1,0xD,0x6,0x6,1,1
56,40,3,0x0756A6B964CC6880,0xB,235,0.170212765957,1,0xB,0x0,0x0,1,1
56,40,4,0x0756A6B964CC6880,0xB,219,0.182648401826,2,NA,0x0,0xC,0,0
56,40,5,0x0756A6B964CC6880,0xB,237,0.168776371308,0,NA,0x0,0xC,0,0
56,40,6,0x0756A6B964CC6880,0xB,194,0.206185567010,0,NA,0x0,0x8,0,0
56,40,7,0x0756A6B964CC6880,0xB,245,0.163265306122,0,NA,0x0,0x9,0,0
56,48,0,0x0756A6B964CC6880,0xB,412,0.116504854369,1,0xA,0x1,0x1,1,1
56,48,1,0x0756A6B964CC6880,0xB,252,0.190476190476,1,0x7,0xC,0xC,1,1
56,48,2,0x0756A6B964CC6880,0xB,322,0.149068322981,1,0xD,0x6,0x6,1,1
56,48,3,0x0756A6B964CC6880,0xB,267,0.179775280899,1,0xB,0x0,0x0,1,1
56,48,4,0x0756A6B964CC6880,0xB,264,0.181818181818,2,NA,0x0,0xC,0,0
56,48,5,0x0756A6B964CC6880,0xB,266,0.180451127820,0,NA,0x0,0xC,0,0
56,48,6,0x0756A6B964CC6880,0xB,235,0.204255319149,0,NA,0x0,0x8,0,0
56,48,7,0x0756A6B964CC6880,0xB,306,0.156862745098,0,NA,0x0,0x9,0,0
56,56,0,0x0756A6B964CC6880,0xB,454,0.123348017621,1,0xA,0x1,0x1,1,1
56,56,1,0x0756A6B964CC6880,0xB,327,0.171253822630,1,0x7,0xC,0xC,1,1
56,56,2,0x0756A6B964CC6880,0xB,357,0.156862745098,1,0xD,0x6,0x6,1,1
56,56,3,0x0756A6B964CC6880,0xB,287,0.195121951220,1,0xB,0x0,0x0,1,1
56,56,4,0x0756A6B964CC6880,0xB,284,0.197183098592,2,NA,0x0,0xC,0,0
56,56,5,0x0756A6B964CC6880,0xB,342,0.163742690058,0,NA,0x0,0xC,0,0
56,56,6,0x0756A6B964CC6880,0xB,306,0.183006535948,0,NA,0x0,0x8,0,0
56,56,7,0x0756A6B964CC6880,0xB,352,0.159090909091,0,NA,0x0,0x9,0,0
56,64,0,0x0756A6B964CC6880,0xB,490,0.130612244898,1,0xA,0x1,0x1,1,1
56,64,1,0x0756A6B964CC6880,0xB,363,0.176308539945,1,0x7,0xC,0xC,1,1
56,64,2,0x0756A6B964CC6880,0xB,440,0.145454545455,1,0xD,0x6,0x6,1,1
56,64,3,0x0756A6B964CC6880,0xB,331,0.193353474320,1,0xB,0x0,0x0,1,1
56,64,4,0x0756A6B964CC6880,0xB,330,0.193939393939,1,0x7,0xC,0xC,1,1
56,64,5,0x0756A6B964CC6880,0xB,387,0.165374677003,1,0x7,0xC,0xC,1,1
56,64,6,0x0756A6B964CC6880,0xB,345,0.185507246377,2,NA,0x0,0x8,0,0
56,64,7,0x0756A6B964CC6880,0xB,387,0.165374677003,0,NA,0x0,0x9,0,0
56,72,0,0x0756A6B964CC6880,0xB,523,0.137667304015,1,0xA,0x1,0x1,1,1
56,72,1,0x0756A6B964CC6880,0xB,445,0.161797752809,1,0x7,0xC,0xC,1,1
56,72,2,0x0756A6B964CC6880,0xB,491,0.146639511202,1,0xD,0x6,0x6,1,1
56,72,3,0x0756A6B964CC6880,0xB,369,0.195121951220,1,0xB,0x0,0x0,1,1
56,72,4,0x0756A6B964CC6880,0xB,374,0.192513368984,1,0x7,0xC,0xC,1,1
56,72,5,0x0756A6B964CC6880,0xB,442,0.162895927602,1,0x7,0xC,0xC,1,1
56,72,6,0x0756A6B964CC6880,0xB,373,0.193029490617,1,0x3,0x8,0x8,1,1
56,72,7,0x0756A6B964CC6880,0xB,456,0.157894736842,1,0x2,0x9,0x9,1,1
56,80,0,0x0756A6B964CC6880,0xB,565,0.141592920354,1,0xA,0x1,0x1,1,1
56,80,1,0x0756A6B964CC6880,0xB,495,0.161616161616,1,0x7,0xC,0xC,1,1
56,80,2,0x0756A6B964CC6880,0xB,549,0.145719489982,1,0xD,0x6,0x6,1,1
56,80,3,0x0756A6B964CC6880,0xB,391,0.204603580563,1,0xB,0x0,0x0,1,1
56,80,4,0x0756A6B964CC6880,0xB,438,0.182648401826,1,0x7,0xC,0xC,1,1
56,80,5,0x0756A6B964CC6880,0xB,492,0.162601626016,1,0x7,0xC,0xC,1,1
56,80,6,0x0756A6B964CC6880,0xB,421,0.190023752969,1,0x3,0x8,0x8,1,1
56,80,7,0x0756A6B964CC6880,0xB,500,0.160000000000,1,0x2,0x9,0x9,1,1
56,96,0,0x0756A6B964CC6880,0xB,653,0.147013782542,1,0xA,0x1,0x1,1,1
56,96,1,0x0756A6B964CC6880,0xB,575,0.166956521739,1,0x7,0xC,0xC,1,1
56,96,2,0x0756A6B964CC6880,0xB,651,0.147465437788,1,0xD,0x6,0x6,1,1
56,96,3,0x0756A6B964CC6880,0xB,489,0.196319018405,1,0xB,0x0,0x0,1,1
56,96,4,0x0756A6B964CC6880,0xB,568,0.169014084507,1,0x7,0xC,0xC,1,1
56,96,5,0x0756A6B964CC6880,0xB,599,0.160267111853,1,0x7,0xC,0xC,1,1
56,96,6,0x0756A6B964CC6880,0xB,503,0.190854870775,1,0x3,0x8,0x8,1,1
56,96,7,0x0756A6B964CC6880,0xB,631,0.152139461173,1,0x2,0x9,0x9,1,1
56,112,0,0x0756A6B964CC6880,0xB,761,0.147174770039,1,0xA,0x1,0x1,1,1
56,112,1,0x0756A6B964CC6880,0xB,656,0.170731707317,1,0x7,0xC,0xC,1,1
56,112,2,0x0756A6B964CC6880,0xB,752,0.148936170213,1,0xD,0x6,0x6,1,1
56,112,3,0x0756A6B964CC6880,0xB,591,0.189509306261,1,0xB,0x0,0x0,1,1
56,112,4,0x0756A6B964CC6880,0xB,684,0.163742690058,1,0x7,0xC,0xC,1,1
56,112,5,0x0756A6B964CC6880,0xB,668,0.167664670659,1,0x7,0xC,0xC,1,1
56,112,6,0x0756A6B964CC6880,0xB,557,0.201077199282,1,0x3,0x8,0x8,1,1
56,112,7,0x0756A6B964CC6880,0xB,748,0.149732620321,1,0x2,0x9,0x9,1,1
56,128,0,0x0756A6B964CC6880,0xB,887,0.144306651635,1,0xA,0x1,0x1,1,1
56,128,1,0x0756A6B964CC6880,0xB,732,0.174863387978,1,0x7,0xC,0xC,1,1
56,128,2,0x0756A6B964CC6880,0xB,855,0.149707602339,1,0xD,0x6,0x6,1,1
56,128,3,0x0756A6B964CC6880,0xB,686,0.186588921283,1,0xB,0x0,0x0,1,1
56,128,4,0x0756A6B964CC6880,0xB,786,0.162849872774,1,0x7,0xC,0xC,1,1
56,128,5,0x0756A6B964CC6880,0xB,788,0.162436548223,1,0x7,0xC,0xC,1,1
56,128,6,0x0756A6B964CC6880,0xB,658,0.194528875380,1,0x3,0x8,0x8,1,1
56,128,7,0x0756A6B964CC6880,0xB,873,0.146620847652,1,0x2,0x9,0x9,1,1
56,160,0,0x0756A6B964CC6880,0xB,1006,0.159045725646,1,0xA,0x1,0x1,1,1
56,160,1,0x0756A6B964CC6880,0xB,908,0.176211453744,1,0x7,0xC,0xC,1,1
56,160,2,0x0756A6B964CC6880,0xB,1068,0.149812734082,1,0xD,0x6,0x6,1,1
56,160,3,0x0756A6B964CC6880,0xB,918,0.174291938998,1,0xB,0x0,0x0,1,1
56,160,4,0x0756A6B964CC6880,0xB,1001,0.159840159840,1,0x7,0xC,0xC,1,1
56,160,5,0x0756A6B964CC6880,0xB,971,0.164778578785,1,0x7,0xC,0xC,1,1
56,160,6,0x0756A6B964CC6880,0xB,952,0.168067226891,1,0x3,0x8,0x8,1,1
56,160,7,0x0756A6B964CC6880,0xB,1062,0.150659133710,1,0x2,0x9,0x9,1,1
56,192,0,0x0756A6B964CC6880,0xB,1196,0.160535117057,1,0xA,0x1,0x1,1,1
56,192,1,0x0756A6B964CC6880,0xB,1093,0.175663311985,1,0x7,0xC,0xC,1,1
56,192,2,0x0756A6B964CC6880,0xB,1269,0.151300236407,1,0xD,0x6,0x6,1,1
56,192,3,0x0756A6B964CC6880,0xB,1155,0.166233766234,1,0xB,0x0,0x0,1,1
56,192,4,0x0756A6B964CC6880,0xB,1180,0.162711864407,1,0x7,0xC,0xC,1,1
56,192,5,0x0756A6B964CC6880,0xB,1131,0.169761273210,1,0x7,0xC,0xC,1,1
56,192,6,0x0756A6B964CC6880,0xB,1143,0.167979002625,1,0x3,0x8,0x8,1,1
56,192,7,0x0756A6B964CC6880,0xB,1256,0.152866242038,1,0x2,0x9,0x9,1,1
56,256,0,0x0756A6B964CC6880,0xB,1500,0.170666666667,1,0xA,0x1,0x1,1,1
56,256,1,0x0756A6B964CC6880,0xB,1474,0.173677069199,1,0x7,0xC,0xC,1,1
56,256,2,0x0756A6B964CC6880,0xB,1601,0.159900062461,1,0xD,0x6,0x6,1,1
56,256,3,0x0756A6B964CC6880,0xB,1581,0.161922833650,1,0xB,0x0,0x0,1,1
56,256,4,0x0756A6B964CC6880,0xB,1616,0.158415841584,1,0x7,0xC,0xC,1,1
56,256,5,0x0756A6B964CC6880,0xB,1529,0.167429692610,1,0x7,0xC,0xC,1,1
56,256,6,0x0756A6B964CC6880,0xB,1479,0.173089925625,1,0x3,0x8,0x8,1,1
56,256,7,0x0756A6B964CC6880,0xB,1691,0.151389710231,1,0x2,0x9,0x9,1,1
57,16,0,0x47B4DC9CEB5F08D0,0x9,124,0.129032258065,7,NA,0x0,0x8,0,0
57,16,1,0x47B4DC9CEB5F08D0,0x9,71,0.225352112676,0,NA,0x0,0x8,0,0
57,16,2,0x47B4DC9CEB5F08D0,0x9,87,0.183908045977,0,NA,0x0,0xF,0,0
57,16,3,0x47B4DC9CEB5F08D0,0x9,68,0.235294117647,0,NA,0x0,0xE,0,0
57,16,4,0x47B4DC9CEB5F08D0,0x9,94,0.170212765957,0,NA,0x0,0xA,0,0
57,16,5,0x47B4DC9CEB5F08D0,0x9,98,0.163265306122,0,NA,0x0,0x8,0,0
57,16,6,0x47B4DC9CEB5F08D0,0x9,94,0.170212765957,0,NA,0x0,0x5,0,0
57,16,7,0x47B4DC9CEB5F08D0,0x9,113,0.141592920354,0,NA,0x0,0xF,0,0
57,24,0,0x47B4DC9CEB5F08D0,0x9,183,0.131147540984,4,NA,0x0,0x8,0,0
57,24,1,0x47B4DC9CEB5F08D0,0x9,101,0.237623762376,0,NA,0x0,0x8,0,0
57,24,2,0x47B4DC9CEB5F08D0,0x9,177,0.135593220339,0,NA,0x0,0xF,0,0
57,24,3,0x47B4DC9CEB5F08D0,0x9,125,0.192000000000,0,NA,0x0,0xE,0,0
57,24,4,0x47B4DC9CEB5F08D0,0x9,183,0.131147540984,0,NA,0x0,0xA,0,0
57,24,5,0x47B4DC9CEB5F08D0,0x9,141,0.170212765957,0,NA,0x0,0x8,0,0
57,24,6,0x47B4DC9CEB5F08D0,0x9,151,0.158940397351,0,NA,0x0,0x5,0,0
57,24,7,0x47B4DC9CEB5F08D0,0x9,153,0.156862745098,0,NA,0x0,0xF,0,0
57,32,0,0x47B4DC9CEB5F08D0,0x9,223,0.143497757848,4,NA,0x0,0x8,0,0
57,32,1,0x47B4DC9CEB5F08D0,0x9,159,0.201257861635,0,NA,0x0,0x8,0,0
57,32,2,0x47B4DC9CEB5F08D0,0x9,245,0.130612244898,0,NA,0x0,0xF,0,0
57,32,3,0x47B4DC9CEB5F08D0,0x9,187,0.171122994652,0,NA,0x0,0xE,0,0
57,32,4,0x47B4DC9CEB5F08D0,0x9,266,0.120300751880,0,NA,0x0,0xA,0,0
57,32,5,0x47B4DC9CEB5F08D0,0x9,175,0.182857142857,0,NA,0x0,0x8,0,0
57,32,6,0x47B4DC9CEB5F08D0,0x9,197,0.162436548223,0,NA,0x0,0x5,0,0
57,32,7,0x47B4DC9CEB5F08D0,0x9,224,0.142857142857,0,NA,0x0,0xF,0,0
57,40,0,0x47B4DC9CEB5F08D0,0x9,254,0.157480314961,3,NA,0x0,0x8,0,0
57,40,1,0x47B4DC9CEB5F08D0,0x9,208,0.192307692308,0,NA,0x0,0x8,0,0
57,40,2,0x47B4DC9CEB5F08D0,0x9,325,0.123076923077,0,NA,0x0,0xF,0,0
57,40,3,0x47B4DC9CEB5F08D0,0x9,229,0.174672489083,0,NA,0x0,0xE,0,0
57,40,4,0x47B4DC9CEB5F08D0,0x9,339,0.117994100295,0,NA,0x0,0xA,0,0
57,40,5,0x47B4DC9CEB5F08D0,0x9,239,0.167364016736,0,NA,0x0,0x8,0,0
57,40,6,0x47B4DC9CEB5F08D0,0x9,236,0.169491525424,0,NA,0x0,0x5,0,0
57,40,7,0x47B4DC9CEB5F08D0,0x9,285,0.140350877193,0,NA,0x0,0xF,0,0
57,48,0,0x47B4DC9CEB5F08D0,0x9,293,0.163822525597,2,NA,0x0,0x8,0,0
57,48,1,0x47B4DC9CEB5F08D0,0x9,250,0.192000000000,0,NA,0x0,0x8,0,0
57,48,2,0x47B4DC9CEB5F08D0,0x9,388,0.123711340206,0,NA,0x0,0xF,0,0
57,48,3,0x47B4DC9CEB5F08D0,0x9,284,0.169014084507,0,NA,0x0,0xE,0,0
57,48,4,0x47B4DC9CEB5F08D0,0x9,403,0.119106699752,0,NA,0x0,0xA,0,0
57,48,5,0x47B4DC9CEB5F08D0,0x9,267,0.179775280899,0,NA,0x0,0x8,0,0
57,48,6,0x47B4DC9CEB5F08D0,0x9,298,0.161073825503,0,NA,0x0,0x5,0,0
57,48,7,0x47B4DC9CEB5F08D0,0x9,350,0.137142857143,0,NA,0x0,0xF,0,0
57,56,0,0x47B4DC9CEB5F08D0,0x9,330,0.169696969697,2,NA,0x0,0x8,0,0
57,56,1,0x47B4DC9CEB5F08D0,0x9,312,0.179487179487,0,NA,0x0,0x8,0,0
57,56,2,0x47B4DC9CEB5F08D0,0x9,431,0.129930394432,0,NA,0x0,0xF,0,0
57,56,3,0x47B4DC9CEB5F08D0,0x9,312,0.179487179487,0,NA,0x0,0xE,0,0
57,56,4,0x47B4DC9CEB5F08D0,0x9,456,0.122807017544,0,NA,0x0,0xA,0,0
57,56,5,0x47B4DC9CEB5F08D0,0x9,305,0.183606557377,0,NA,0x0,0x8,0,0
57,56,6,0x47B4DC9CEB5F08D0,0x9,360,0.155555555556,0,NA,0x0,0x5,0,0
57,56,7,0x47B4DC9CEB5F08D0,0x9,406,0.137931034483,0,NA,0x0,0xF,0,0
57,64,0,0x47B4DC9CEB5F08D0,0x9,408,0.156862745098,2,NA,0x0,0x8,0,0
57,64,1,0x47B4DC9CEB5F08D0,0x9,367,0.174386920981,0,NA,0x0,0x8,0,0
57,64,2,0x47B4DC9CEB5F08D0,0x9,524,0.122137404580,0,NA,0x0,0xF,0,0
57,64,3,0x47B4DC9CEB5F08D0,0x9,343,0.186588921283,0,NA,0x0,0xE,0,0
57,64,4,0x47B4DC9CEB5F08D0,0x9,509,0.125736738703,0,NA,0x0,0xA,0,0
57,64,5,0x47B4DC9CEB5F08D0,0x9,351,0.182336182336,0,NA,0x0,0x8,0,0
57,64,6,0x47B4DC9CEB5F08D0,0x9,434,0.147465437788,0,NA,0x0,0x5,0,0
57,64,7,0x47B4DC9CEB5F08D0,0x9,525,0.121904761905,0,NA,0x0,0xF,0,0
57,72,0,0x47B4DC9CEB5F08D0,0x9,426,0.169014084507,2,NA,0x0,0x8,0,0
57,72,1,0x47B4DC9CEB5F08D0,0x9,395,0.182278481013,0,NA,0x0,0x8,0,0
57,72,2,0x47B4DC9CEB5F08D0,0x9,550,0.130909090909,0,NA,0x0,0xF,0,0
57,72,3,0x47B4DC9CEB5F08D0,0x9,391,0.184143222506,0,NA,0x0,0xE,0,0
57,72,4,0x47B4DC9CEB5F08D0,0x9,561,0.128342245989,0,NA,0x0,0xA,0,0
57,72,5,0x47B4DC9CEB5F08D0,0x9,405,0.177777777778,0,NA,0x0,0x8,0,0
57,72,6,0x47B4DC9CEB5F08D0,0x9,476,0.151260504202,0,NA,0x0,0x5,0,0
57,72,7,0x47B4DC9CEB5F08D0,0x9,575,0.125217391304,0,NA,0x0,0xF,0,0
57,80,0,0x47B4DC9CEB5F08D0,0x9,469,0.170575692964,2,NA,0x0,0x8,0,0
57,80,1,0x47B4DC9CEB5F08D0,0x9,454,0.176211453744,0,NA,0x0,0x8,0,0
57,80,2,0x47B4DC9CEB5F08D0,0x9,591,0.135363790186,0,NA,0x0,0xF,0,0
57,80,3,0x47B4DC9CEB5F08D0,0x9,437,0.183066361556,0,NA,0x0,0xE,0,0
57,80,4,0x47B4DC9CEB5F08D0,0x9,609,0.131362889984,0,NA,0x0,0xA,0,0
57,80,5,0x47B4DC9CEB5F08D0,0x9,455,0.175824175824,0,NA,0x0,0x8,0,0
57,80,6,0x47B4DC9CEB5F08D0,0x9,517,0.154738878143,0,NA,0x0,0x5,0,0
57,80,7,0x47B4DC9CEB5F08D0,0x9,625,0.128000000000,0,NA,0x0,0xF,0,0
57,96,0,0x47B4DC9CEB5F08D0,0x9,539,0.178107606679,1,0x1,0x8,0x8,1,1
57,96,1,0x47B4DC9CEB5F08D0,0x9,545,0.176146788991,1,0x1,0x8,0x8,1,1
57,96,2,0x47B4DC9CEB5F08D0,0x9,692,0.138728323699,1,0x6,0xF,0xF,1,1
57,96,3,0x47B4DC9CEB5F08D0,0x9,528,0.181818181818,1,0x7,0xE,0xE,1,1
57,96,4,0x47B4DC9CEB5F08D0,0x9,689,0.139332365747,1,0x3,0xA,0xA,1,1
57,96,5,0x47B4DC9CEB5F08D0,0x9,546,0.175824175824,1,0x1,0x8,0x8,1,1
57,96,6,0x47B4DC9CEB5F08D0,0x9,605,0.158677685950,1,0xC,0x5,0x5,1,1
57,96,7,0x47B4DC9CEB5F08D0,0x9,722,0.132963988920,1,0x6,0xF,0xF,1,1
57,112,0,0x47B4DC9CEB5F08D0,0x9,658,0.170212765957,1,0x1,0x8,0x8,1,1
57,112,1,0x47B4DC9CEB5F08D0,0x9,638,0.175548589342,1,0x1,0x8,0x8,1,1
57,112,2,0x47B4DC9CEB5F08D0,0x9,800,0.140000000000,1,0x6,0xF,0xF,1,1
57,112,3,0x47B4DC9CEB5F08D0,0x9,617,0.181523500810,1,0x7,0xE,0xE,1,1
57,112,4,0x47B4DC9CEB5F08D0,0x9,777,0.144144144144,1,0x3,0xA,0xA,1,1
57,112,5,0x47B4DC9CEB5F08D0,0x9,621,0.180354267311,1,0x1,0x8,0x8,1,1
57,112,6,0x47B4DC9CEB5F08D0,0x9,709,0.157968970381,1,0xC,0x5,0x5,1,1
57,112,7,0x47B4DC9CEB5F08D0,0x9,832,0.134615384615,1,0x6,0xF,0xF,1,1
57,128,0,0x47B4DC9CEB5F08D0,0x9,792,0.161616161616,1,0x1,0x8,0x8,1,1
57,128,1,0x47B4DC9CEB5F08D0,0x9,733,0.174624829468,1,0x1,0x8,0x8,1,1
57,128,2,0x47B4DC9CEB5F08D0,0x9,889,0.143982002250,1,0x6,0xF,0xF,1,1
57,128,3,0x47B4DC9CEB5F08D0,0x9,688,0.186046511628,1,0x7,0xE,0xE,1,1
57,128,4,0x47B4DC9CEB5F08D0,0x9,872,0.146788990826,1,0x3,0xA,0xA,1,1
57,128,5,0x47B4DC9CEB5F08D0,0x9,683,0.187408491947,1,0x1,0x8,0x8,1,1
57,128,6,0x47B4DC9CEB5F08D0,0x9,848,0.150943396226,1,0xC,0x5,0x5,1,1
57,128,7,0x47B4DC9CEB5F08D0,0x9,943,0.135737009544,1,0x6,0xF,0xF,1,1
57,160,0,0x47B4DC9CEB5F08D0,0x9,1065,0.150234741784,1,0x1,0x8,0x8,1,1
57,160,1,0x47B4DC9CEB5F08D0,0x9,978,0.163599182004,1,0x1,0x8,0x8,1,1
57,160,2,0x47B4DC9CEB5F08D0,0x9,1087,0.147194112236,1,0x6,0xF,0xF,1,1
57,160,3,0x47B4DC9CEB5F08D0,0x9,839,0.190703218117,1,0x7,0xE,0xE,1,1
57,160,4,0x47B4DC9CEB5F08D0,0x9,1086,0.147329650092,1,0x3,0xA,0xA,1,1
57,160,5,0x47B4DC9CEB5F08D0,0x9,923,0.173347778982,1,0x1,0x8,0x8,1,1
57,160,6,0x47B4DC9CEB5F08D0,0x9,1005,0.159203980100,1,0xC,0x5,0x5,1,1
57,160,7,0x47B4DC9CEB5F08D0,0x9,1078,0.148423005566,1,0x6,0xF,0xF,1,1
57,192,0,0x47B4DC9CEB5F08D0,0x9,1226,0.156606851550,1,0x1,0x8,0x8,1,1
57,192,1,0x47B4DC9CEB5F08D0,0x9,1179,0.162849872774,1,0x1,0x8,0x8,1,1
57,192,2,0x47B4DC9CEB5F08D0,0x9,1265,0.151778656126,1,0x6,0xF,0xF,1,1
57,192,3,0x47B4DC9CEB5F08D0,0x9,1092,0.175824175824,1,0x7,0xE,0xE,1,1
57,192,4,0x47B4DC9CEB5F08D0,0x9,1265,0.151778656126,1,0x3,0xA,0xA,1,1
57,192,5,0x47B4DC9CEB5F08D0,0x9,1125,0.170666666667,1,0x1,0x8,0x8,1,1
57,192,6,0x47B4DC9CEB5F08D0,0x9,1168,0.164383561644,1,0xC,0x5,0x5,1,1
57,192,7,0x47B4DC9CEB5F08D0,0x9,1251,0.153477218225,1,0x6,0xF,0xF,1,1
57,256,0,0x47B4DC9CEB5F08D0,0x9,1605,0.159501557632,1,0x1,0x8,0x8,1,1
57,256,1,0x47B4DC9CEB5F08D0,0x9,1533,0.166992824527,1,0x1,0x8,0x8,1,1
57,256,2,0x47B4DC9CEB5F08D0,0x9,1601,0.159900062461,1,0x6,0xF,0xF,1,1
57,256,3,0x47B4DC9CEB5F08D0,0x9,1546,0.165588615783,1,0x7,0xE,0xE,1,1
57,256,4,0x47B4DC9CEB5F08D0,0x9,1693,0.151210868281,1,0x3,0xA,0xA,1,1
57,256,5,0x47B4DC9CEB5F08D0,0x9,1537,0.166558230319,1,0x1,0x8,0x8,1,1
57,256,6,0x47B4DC9CEB5F08D0,0x9,1543,0.165910563837,1,0xC,0x5,0x5,1,1
57,256,7,0x47B4DC9CEB5F08D0,0x9,1623,0.157732593962,1,0x6,0xF,0xF,1,1
58,16,0,0x523295146AAB0A61,0x0,143,0.111888111888,6,NA,0x0,0x8,0,0
58,16,1,0x523295146AAB0A61,0x0,81,0.197530864198,0,NA,0x0,0x3,0,0
58,16,2,0x523295146AAB0A61,0x0,108,0.148148148148,0,NA,0x0,0x7,0,0
58,16,3,0x523295146AAB0A61,0x0,91,0.175824175824,0,NA,0x0,0xA,0,0
58,16,4,0x523295146AAB0A61,0x0,111,0.144144144144,0,NA,0x0,0xA,0,0
58,16,5,0x523295146AAB0A61,0x0,93,0.172043010753,0,NA,0x0,0xA,0,0
58,16,6,0x523295146AAB0A61,0x0,159,0.100628930818,0,NA,0x0,0x1,0,0
58,16,7,0x523295146AAB0A61,0x0,100,0.160000000000,0,NA,0x0,0x4,0,0
58,24,0,0x523295146AAB0A61,0x0,186,0.129032258065,4,NA,0x0,0x8,0,0
58,24,1,0x523295146AAB0A61,0x0,164,0.146341463415,0,NA,0x0,0x3,0,0
58,24,2,0x523295146AAB0A61,0x0,159,0.150943396226,0,NA,0x0,0x7,0,0
58,24,3,0x523295146AAB0A61,0x0,167,0.143712574850,0,NA,0x0,0xA,0,0
58,24,4,0x523295146AAB0A61,0x0,172,0.139534883721,0,NA,0x0,0xA,0,0
58,24,5,0x523295146AAB0A61,0x0,144,0.166666666667,0,NA,0x0,0xA,0,0
58,24,6,0x523295146AAB0A61,0x0,198,0.121212121212,0,NA,0x0,0x1,0,0
58,24,7,0x523295146AAB0A61,0x0,176,0.136363636364,0,NA,0x0,0x4,0,0
58,32,0,0x523295146AAB0A61,0x0,217,0.147465437788,2,NA,0x0,0x8,0,0
58,32,1,0x523295146AAB0A61,0x0,200,0.160000000000,0,NA,0x0,0x3,0,0
58,32,2,0x523295146AAB0A61,0x0,213,0.150234741784,0,NA,0x0,0x7,0,0
58,32,3,0x523295146AAB0A61,0x0,194,0.164948453608,0,NA,0x0,0xA,0,0
58,32,4,0x523295146AAB0A61,0x0,234,0.136752136752,0,NA,0x0,0xA,0,0
58,32,5,0x523295146AAB0A61,0x0,216,0.148148148148,0,NA,0x0,0xA,0,0
58,32,6,0x523295146AAB0A61,0x0,234,0.136752136752,0,NA,0x0,0x1,0,0
58,32,7,0x523295146AAB0A61,0x0,223,0.143497757848,0,NA,0x0,0x4,0,0
58,40,0,0x523295146AAB0A61,0x0,265,0.150943396226,2,NA,0x0,0x8,0,0
58,40,1,0x523295146AAB0A61,0x0,233,0.171673819742,0,NA,0x0,0x3,0,0
58,40,2,0x523295146AAB0A61,0x0,255,0.156862745098,0,NA,0x0,0x7,0,0
58,40,3,0x523295146AAB0A61,0x0,249,0.160642570281,0,NA,0x0,0xA,0,0
58,40,4,0x523295146AAB0A61,0x0,263,0.152091254753,0,NA,0x0,0xA,0,0
58,40,5,0x523295146AAB0A61,0x0,254,0.157480314961,0,NA,0x0,0xA,0,0
58,40,6,0x523295146AAB0A61,0x0,269,0.148698884758,0,NA,0x0,0x1,0,0
58,40,7,0x523295146AAB0A61,0x0,292,0.136986301370,0,NA,0x0,0x4,0,0
58,48,0,0x523295146AAB0A61,0x0,294,0.163265306122,2,NA,0x0,0x8,0,0
58,48,1,0x523295146AAB0A61,0x0,334,0.143712574850,0,NA,0x0,0x3,0,0
58,48,2,0x523295146AAB0A61,0x0,298,0.161073825503,0,NA,0x0,0x7,0,0
58,48,3,0x523295146AAB0A61,0x0,314,0.152866242038,0,NA,0x0,0xA,0,0
58,48,4,0x523295146AAB0A61,0x0,310,0.154838709677,0,NA,0x0,0xA,0,0
58,48,5,0x523295146AAB0A61,0x0,307,0.156351791531,0,NA,0x0,0xA,0,0
58,48,6,0x523295146AAB0A61,0x0,348,0.137931034483,0,NA,0x0,0x1,0,0
58,48,7,0x523295146AAB0A61,0x0,325,0.147692307692,0,NA,0x0,0x4,0,0
58,56,0,0x523295146AAB0A61,0x0,341,0.164222873900,2,NA,0x0,0x8,0,0
58,56,1,0x523295146AAB0A61,0x0,379,0.147757255937,0,NA,0x0,0x3,0,0
58,56,2,0x523295146AAB0A61,0x0,365,0.153424657534,0,NA,0x0,0x7,0,0
58,56,3,0x523295146AAB0A61,0x0,353,0.158640226629,0,NA,0x0,0xA,0,0
58,56,4,0x523295146AAB0A61,0x0,340,0.164705882353,0,NA,0x0,0xA,0,0
58,56,5,0x523295146AAB0A61,0x0,355,0.157746478873,0,NA,0x0,0xA,0,0
58,56,6,0x523295146AAB0A61,0x0,392,0.142857142857,0,NA,0x0,0x1,0,0
58,56,7,0x523295146AAB0A61,0x0,370,0.151351351351,0,NA,0x0,0x4,0,0
58,64,0,0x523295146AAB0A61,0x0,389,0.164524421594,1,0x8,0x8,0x8,1,1
58,64,1,0x523295146AAB0A61,0x0,424,0.150943396226,1,0x3,0x3,0x3,1,1
58,64,2,0x523295146AAB0A61,0x0,435,0.147126436782,1,0x7,0x7,0x7,1,1
58,64,3,0x523295146AAB0A61,0x0,393,0.162849872774,1,0xA,0xA,0xA,1,1
58,64,4,0x523295146AAB0A61,0x0,391,0.163682864450,2,NA,0x0,0xA,0,0
58,64,5,0x523295146AAB0A61,0x0,382,0.167539267016,0,NA,0x0,0xA,0,0
58,64,6,0x523295146AAB0A61,0x0,447,0.143176733781,0,NA,0x0,0x1,0,0
58,64,7,0x523295146AAB0A61,0x0,435,0.147126436782,0,NA,0x0,0x4,0,0
58,72,0,0x523295146AAB0A61,0x0,423,0.170212765957,1,0x8,0x8,0x8,1,1
58,72,1,0x523295146AAB0A61,0x0,452,0.159292035398,1,0x3,0x3,0x3,1,1
58,72,2,0x523295146AAB0A61,0x0,505,0.142574257426,1,0x7,0x7,0x7,1,1
58,72,3,0x523295146AAB0A61,0x0,430,0.167441860465,1,0xA,0xA,0xA,1,1
58,72,4,0x523295146AAB0A61,0x0,421,0.171021377672,1,0xA,0xA,0xA,1,1
58,72,5,0x523295146AAB0A61,0x0,422,0.170616113744,1,0xA,0xA,0xA,1,1
58,72,6,0x523295146AAB0A61,0x0,493,0.146044624746,1,0x1,0x1,0x1,1,1
58,72,7,0x523295146AAB0A61,0x0,514,0.140077821012,1,0x4,0x4,0x4,1,1
58,80,0,0x523295146AAB0A61,0x0,454,0.176211453744,1,0x8,0x8,0x8,1,1
58,80,1,0x523295146AAB0A61,0x0,512,0.156250000000,1,0x3,0x3,0x3,1,1
58,80,2,0x523295146AAB0A61,0x0,542,0.147601476015,1,0x7,0x7,0x7,1,1
58,80,3,0x523295146AAB0A61,0x0,498,0.160642570281,1,0xA,0xA,0xA,1,1
58,80,4,0x523295146AAB0A61,0x0,478,0.167364016736,1,0xA,0xA,0xA,1,1
58,80,5,0x523295146AAB0A61,0x0,455,0.175824175824,1,0xA,0xA,0xA,1,1
58,80,6,0x523295146AAB0A61,0x0,551,0.145190562613,1,0x1,0x1,0x1,1,1
58,80,7,0x523295146AAB0A61,0x0,568,0.140845070423,1,0x4,0x4,0x4,1,1
58,96,0,0x523295146AAB0A61,0x0,550,0.174545454545,1,0x8,0x8,0x8,1,1
58,96,1,0x523295146AAB0A61,0x0,614,0.156351791531,1,0x3,0x3,0x3,1,1
58,96,2,0x523295146AAB0A61,0x0,603,0.159203980100,1,0x7,0x7,0x7,1,1
58,96,3,0x523295146AAB0A61,0x0,635,0.151181102362,1,0xA,0xA,0xA,1,1
58,96,4,0x523295146AAB0A61,0x0,619,0.155088852989,1,0xA,0xA,0xA,1,1
58,96,5,0x523295146AAB0A61,0x0,575,0.166956521739,1,0xA,0xA,0xA,1,1
58,96,6,0x523295146AAB0A61,0x0,617,0.155591572123,1,0x1,0x1,0x1,1,1
58,96,7,0x523295146AAB0A61,0x0,685,0.140145985401,1,0x4,0x4,0x4,1,1
58,112,0,0x523295146AAB0A61,0x0,662,0.169184290030,1,0x8,0x8,0x8,1,1
58,112,1,0x523295146AAB0A61,0x0,709,0.157968970381,1,0x3,0x3,0x3,1,1
58,112,2,0x523295146AAB0A61,0x0,740,0.151351351351,1,0x7,0x7,0x7,1,1
58,112,3,0x523295146AAB0A61,0x0,719,0.155771905424,1,0xA,0xA,0xA,1,1
58,112,4,0x523295146AAB0A61,0x0,676,0.165680473373,1,0xA,0xA,0xA,1,1
58,112,5,0x523295146AAB0A61,0x0,680,0.164705882353,1,0xA,0xA,0xA,1,1
58,112,6,0x523295146AAB0A61,0x0,700,0.160000000000,1,0x1,0x1,0x1,1,1
58,112,7,0x523295146AAB0A61,0x0,761,0.147174770039,1,0x4,0x4,0x4,1,1
58,128,0,0x523295146AAB0A61,0x0,787,0.162642947903,1,0x8,0x8,0x8,1,1
58,128,1,0x523295146AAB0A61,0x0,806,0.158808933002,1,0x3,0x3,0x3,1,1
58,128,2,0x523295146AAB0A61,0x0,814,0.157248157248,1,0x7,0x7,0x7,1,1
58,128,3,0x523295146AAB0A61,0x0,823,0.155528554070,1,0xA,0xA,0xA,1,1
58,128,4,0x523295146AAB0A61,0x0,777,0.164736164736,1,0xA,0xA,0xA,1,1
58,128,5,0x523295146AAB0A61,0x0,771,0.166018158236,1,0xA,0xA,0xA,1,1
58,128,6,0x523295146AAB0A61,0x0,824,0.155339805825,1,0x1,0x1,0x1,1,1
58,128,7,0x523295146AAB0A61,0x0,893,0.143337066069,1,0x4,0x4,0x4,1,1
58,160,0,0x523295146AAB0A61,0x0,954,0.167714884696,1,0x8,0x8,0x8,1,1
58,160,1,0x523295146AAB0A61,0x0,1018,0.157170923379,1,0x3,0x3,0x3,1,1
58,160,2,0x523295146AAB0A61,0x0,1051,0.152235965747,1,0x7,0x7,0x7,1,1
58,160,3,0x523295146AAB0A61,0x0,1027,0.155793573515,1,0xA,0xA,0xA,1,1
58,160,4,0x523295146AAB0A61,0x0,939,0.170394036209,1,0xA,0xA,0xA,1,1
58,160,5,0x523295146AAB0A61,0x0,990,0.161616161616,1,0xA,0xA,0xA,1,1
58,160,6,0x523295146AAB0A61,0x0,1078,0.148423005566,1,0x1,0x1,0x1,1,1
58,160,7,0x523295146AAB0A61,0x0,1080,0.148148148148,1,0x4,0x4,0x4,1,1
58,192,0,0x523295146AAB0A61,0x0,1150,0.166956521739,1,0x8,0x8,0x8,1,1
58,192,1,0x523295146AAB0A61,0x0,1166,0.164665523156,1,0x3,0x3,0x3,1,1
58,192,2,0x523295146AAB0A61,0x0,1210,0.158677685950,1,0x7,0x7,0x7,1,1
58,192,3,0x523295146AAB0A61,0x0,1163,0.165090283749,1,0xA,0xA,0xA,1,1
58,192,4,0x523295146AAB0A61,0x0,1122,0.171122994652,1,0xA,0xA,0xA,1,1
58,192,5,0x523295146AAB0A61,0x0,1167,0.164524421594,1,0xA,0xA,0xA,1,1
58,192,6,0x523295146AAB0A61,0x0,1290,0.148837209302,1,0x1,0x1,0x1,1,1
58,192,7,0x523295146AAB0A61,0x0,1217,0.157764995892,1,0x4,0x4,0x4,1,1
58,256,0,0x523295146AAB0A61,0x0,1517,0.168754119974,1,0x8,0x8,0x8,1,1
58,256,1,0x523295146AAB0A61,0x0,1553,0.164842240824,1,0x3,0x3,0x3,1,1
58,256,2,0x523295146AAB0A61,0x0,1661,0.154124021674,1,0x7,0x7,0x7,1,1
58,256,3,0x523295146AAB0A61,0x0,1567,0.163369495852,1,0xA,0xA,0xA,1,1
58,256,4,0x523295146AAB0A61,0x0,1519,0.168531928901,1,0xA,0xA,0xA,1,1
58,256,5,0x523295146AAB0A61,0x0,1556,0.164524421594,1,0xA,0xA,0xA,1,1
58,256,6,0x523295146AAB0A61,0x0,1676,0.152744630072,1,0x1,0x1,0x1,1,1
58,256,7,0x523295146AAB0A61,0x0,1581,0.161922833650,1,0x4,0x4,0x4,1,1
59,16,0,0x7DBAEBC6B725E03A,0x0,112,0.142857142857,4,NA,0x0,0x7,0,0
59,16,1,0x7DBAEBC6B725E03A,0x0,97,0.164948453608,0,NA,0x0,0xA,0,0
59,16,2,0x7DBAEBC6B725E03A,0x0,111,0.144144144144,0,NA,0x0,0xA,0,0
59,16,3,0x7DBAEBC6B725E03A,0x0,74,0.216216216216,0,NA,0x0,0x8,0,0
59,16,4,0x7DBAEBC6B725E03A,0x0,122,0.131147540984,0,NA,0x0,0x2,0,0
59,16,5,0x7DBAEBC6B725E03A,0x0,95,0.168421052632,0,NA,0x0,0xC,0,0
59,16,6,0x7DBAEBC6B725E03A,0x0,109,0.146788990826,0,NA,0x0,0x4,0,0
59,16,7,0x7DBAEBC6B725E03A,0x0,108,0.148148148148,0,NA,0x0,0x9,0,0
59,24,0,0x7DBAEBC6B725E03A,0x0,142,0.169014084507,2,NA,0x0,0x7,0,0
59,24,1,0x7DBAEBC6B725E03A,0x0,139,0.172661870504,0,NA,0x0,0xA,0,0
59,24,2,0x7DBAEBC6B725E03A,0x0,157,0.152866242038,0,NA,0x0,0xA,0,0
59,24,3,0x7DBAEBC6B725E03A,0x0,130,0.184615384615,0,NA,0x0,0x8,0,0
59,24,4,0x7DBAEBC6B725E03A,0x0,196,0.122448979592,0,NA,0x0,0x2,0,0
59,24,5,0x7DBAEBC6B725E03A,0x0,128,0.187500000000,0,NA,0x0,0xC,0,0
59,24,6,0x7DBAEBC6B725E03A,0x0,142,0.169014084507,0,NA,0x0,0x4,0,0
59,24,7,0x7DBAEBC6B725E03A,0x0,138,0.173913043478,0,NA,0x0,0x9,0,0
59,32,0,0x7DBAEBC6B725E03A,0x0,229,0.139737991266,1,0x7,0x7,0x7,1,1
59,32,1,0x7DBAEBC6B725E03A,0x0,171,0.187134502924,3,NA,0x0,0xA,0,0
59,32,2,0x7DBAEBC6B725E03A,0x0,199,0.160804020101,0,NA,0x0,0xA,0,0
59,32,3,0x7DBAEBC6B725E03A,0x0,181,0.176795580110,0,NA,0x0,0x8,0,0
59,32,4,0x7DBAEBC6B725E03A,0x0,262,0.122137404580,0,NA,0x0,0x2,0,0
59,32,5,0x7DBAEBC6B725E03A,0x0,160,0.200000000000,0,NA,0x0,0xC,0,0
59,32,6,0x7DBAEBC6B725E03A,0x0,212,0.150943396226,0,NA,0x0,0x4,0,0
59,32,7,0x7DBAEBC6B725E03A,0x0,177,0.180790960452,0,NA,0x0,0x9,0,0
59,40,0,0x7DBAEBC6B725E03A,0x0,288,0.138888888889,1,0x7,0x7,0x7,1,1
59,40,1,0x7DBAEBC6B725E03A,0x0,203,0.197044334975,1,0xA,0xA,0xA,1,1
59,40,2,0x7DBAEBC6B725E03A,0x0,250,0.160000000000,1,0xA,0xA,0xA,1,1
59,40,3,0x7DBAEBC6B725E03A,0x0,211,0.189573459716,1,0x8,0x8,0x8,1,1
59,40,4,0x7DBAEBC6B725E03A,0x0,290,0.137931034483,2,NA,0x0,0x2,0,0
59,40,5,0x7DBAEBC6B725E03A,0x0,215,0.186046511628,0,NA,0x0,0xC,0,0
59,40,6,0x7DBAEBC6B725E03A,0x0,246,0.162601626016,0,NA,0x0,0x4,0,0
59,40,7,0x7DBAEBC6B725E03A,0x0,235,0.170212765957,0,NA,0x0,0x9,0,0
59,48,0,0x7DBAEBC6B725E03A,0x0,355,0.135211267606,1,0x7,0x7,0x7,1,1
59,48,1,0x7DBAEBC6B725E03A,0x0,261,0.183908045977,1,0xA,0xA,0xA,1,1
59,48,2,0x7DBAEBC6B725E03A,0x0,312,0.153846153846,1,0xA,0xA,0xA,1,1
59,48,3,0x7DBAEBC6B725E03A,0x0,277,0.173285198556,1,0x8,0x8,0x8,1,1
59,48,4,0x7DBAEBC6B725E03A,0x0,346,0.138728323699,2,NA,0x0,0x2,0,0
59,48,5,0x7DBAEBC6B725E03A,0x0,252,0.190476190476,0,NA,0x0,0xC,0,0
59,48,6,0x7DBAEBC6B725E03A,0x0,302,0.158940397351,0,NA,0x0,0x4,0,0
59,48,7,0x7DBAEBC6B725E03A,0x0,266,0.180451127820,0,NA,0x0,0x9,0,0
59,56,0,0x7DBAEBC6B725E03A,0x0,384,0.145833333333,1,0x7,0x7,0x7,1,1
59,56,1,0x7DBAEBC6B725E03A,0x0,315,0.177777777778,1,0xA,0xA,0xA,1,1
59,56,2,0x7DBAEBC6B725E03A,0x0,368,0.152173913043,1,0xA,0xA,0xA,1,1
59,56,3,0x7DBAEBC6B725E03A,0x0,366,0.153005464481,1,0x8,0x8,0x8,1,1
59,56,4,0x7DBAEBC6B725E03A,0x0,400,0.140000000000,2,NA,0x0,0x2,0,0
59,56,5,0x7DBAEBC6B725E03A,0x0,288,0.194444444444,0,NA,0x0,0xC,0,0
59,56,6,0x7DBAEBC6B725E03A,0x0,316,0.177215189873,0,NA,0x0,0x4,0,0
59,56,7,0x7DBAEBC6B725E03A,0x0,299,0.187290969900,0,NA,0x0,0x9,0,0
59,64,0,0x7DBAEBC6B725E03A,0x0,417,0.153477218225,1,0x7,0x7,0x7,1,1
59,64,1,0x7DBAEBC6B725E03A,0x0,351,0.182336182336,1,0xA,0xA,0xA,1,1
59,64,2,0x7DBAEBC6B725E03A,0x0,445,0.143820224719,1,0xA,0xA,0xA,1,1
59,64,3,0x7DBAEBC6B725E03A,0x0,428,0.149532710280,1,0x8,0x8,0x8,1,1
59,64,4,0x7DBAEBC6B725E03A,0x0,467,0.137044967880,1,0x2,0x2,0x2,1,1
59,64,5,0x7DBAEBC6B725E03A,0x0,317,0.201892744479,1,0xC,0xC,0xC,1,1
59,64,6,0x7DBAEBC6B725E03A,0x0,366,0.174863387978,2,NA,0x0,0x4,0,0
59,64,7,0x7DBAEBC6B725E03A,0x0,334,0.191616766467,0,NA,0x0,0x9,0,0
59,72,0,0x7DBAEBC6B725E03A,0x0,460,0.156521739130,1,0x7,0x7,0x7,1,1
59,72,1,0x7DBAEBC6B725E03A,0x0,398,0.180904522613,1,0xA,0xA,0xA,1,1
59,72,2,0x7DBAEBC6B725E03A,0x0,483,0.149068322981,1,0xA,0xA,0xA,1,1
59,72,3,0x7DBAEBC6B725E03A,0x0,487,0.147843942505,1,0x8,0x8,0x8,1,1
59,72,4,0x7DBAEBC6B725E03A,0x0,526,0.136882129278,1,0x2,0x2,0x2,1,1
59,72,5,0x7DBAEBC6B725E03A,0x0,394,0.182741116751,1,0xC,0xC,0xC,1,1
59,72,6,0x7DBAEBC6B725E03A,0x0,400,0.180000000000,1,0x4,0x4,0x4,1,1
59,72,7,0x7DBAEBC6B725E03A,0x0,391,0.184143222506,1,0x9,0x9,0x9,1,1
59,80,0,0x7DBAEBC6B725E03A,0x0,547,0.146252285192,1,0x7,0x7,0x7,1,1
59,80,1,0x7DBAEBC6B725E03A,0x0,433,0.184757505774,1,0xA,0xA,0xA,1,1
59,80,2,0x7DBAEBC6B725E03A,0x0,540,0.148148148148,1,0xA,0xA,0xA,1,1
59,80,3,0x7DBAEBC6B725E03A,0x0,554,0.144404332130,1,0x8,0x8,0x8,1,1
59,80,4,0x7DBAEBC6B725E03A,0x0,601,0.133111480865,1,0x2,0x2,0x2,1,1
59,80,5,0x7DBAEBC6B725E03A,0x0,426,0.187793427230,1,0xC,0xC,0xC,1,1
59,80,6,0x7DBAEBC6B725E03A,0x0,438,0.182648401826,1,0x4,0x4,0x4,1,1
59,80,7,0x7DBAEBC6B725E03A,0x0,428,0.186915887850,1,0x9,0x9,0x9,1,1
59,96,0,0x7DBAEBC6B725E03A,0x0,648,0.148148148148,1,0x7,0x7,0x7,1,1
59,96,1,0x7DBAEBC6B725E03A,0x0,512,0.187500000000,1,0xA,0xA,0xA,1,1
59,96,2,0x7DBAEBC6B725E03A,0x0,641,0.149765990640,1,0xA,0xA,0xA,1,1
59,96,3,0x7DBAEBC6B725E03A,0x0,643,0.149300155521,1,0x8,0x8,0x8,1,1
59,96,4,0x7DBAEBC6B725E03A,0x0,713,0.134642356241,1,0x2,0x2,0x2,1,1
59,96,5,0x7DBAEBC6B725E03A,0x0,481,0.199584199584,1,0xC,0xC,0xC,1,1
59,96,6,0x7DBAEBC6B725E03A,0x0,539,0.178107606679,1,0x4,0x4,0x4,1,1
59,96,7,0x7DBAEBC6B725E03A,0x0,524,0.183206106870,1,0x9,0x9,0x9,1,1
59,112,0,0x7DBAEBC6B725E03A,0x0,721,0.155339805825,1,0x7,0x7,0x7,1,1
59,112,1,0x7DBAEBC6B725E03A,0x0,598,0.187290969900,1,0xA,0xA,0xA,1,1
59,112,2,0x7DBAEBC6B725E03A,0x0,769,0.145643693108,1,0xA,0xA,0xA,1,1
59,112,3,0x7DBAEBC6B725E03A,0x0,696,0.160919540230,1,0x8,0x8,0x8,1,1
59,112,4,0x7DBAEBC6B725E03A,0x0,798,0.140350877193,1,0x2,0x2,0x2,1,1
59,112,5,0x7DBAEBC6B725E03A,0x0,625,0.179200000000,1,0xC,0xC,0xC,1,1
59,112,6,0x7DBAEBC6B725E03A,0x0,632,0.177215189873,1,0x4,0x4,0x4,1,1
59,112,7,0x7DBAEBC6B725E03A,0x0,638,0.175548589342,1,0x9,0x9,0x9,1,1
59,128,0,0x7DBAEBC6B725E03A,0x0,864,0.148148148148,1,0x7,0x7,0x7,1,1
59,128,1,0x7DBAEBC6B725E03A,0x0,674,0.189910979228,1,0xA,0xA,0xA,1,1
59,128,2,0x7DBAEBC6B725E03A,0x0,876,0.146118721461,1,0xA,0xA,0xA,1,1
59,128,3,0x7DBAEBC6B725E03A,0x0,745,0.171812080537,1,0x8,0x8,0x8,1,1
59,128,4,0x7DBAEBC6B725E03A,0x0,893,0.143337066069,1,0x2,0x2,0x2,1,1
59,128,5,0x7DBAEBC6B725E03A,0x0,710,0.180281690141,1,0xC,0xC,0xC,1,1
59,128,6,0x7DBAEBC6B725E03A,0x0,758,0.168865435356,1,0x4,0x4,0x4,1,1
59,128,7,0x7DBAEBC6B725E03A,0x0,714,0.179271708683,1,0x9,0x9,0x9,1,1
59,160,0,0x7DBAEBC6B725E03A,0x0,1081,0.148011100833,1,0x7,0x7,0x7,1,1
59,160,1,0x7DBAEBC6B725E03A,0x0,879,0.182025028441,1,0xA,0xA,0xA,1,1
59,160,2,0x7DBAEBC6B725E03A,0x0,1053,0.151946818613,1,0xA,0xA,0xA,1,1
59,160,3,0x7DBAEBC6B725E03A,0x0,921,0.173724212812,1,0x8,0x8,0x8,1,1
59,160,4,0x7DBAEBC6B725E03A,0x0,1057,0.151371807001,1,0x2,0x2,0x2,1,1
59,160,5,0x7DBAEBC6B725E03A,0x0,907,0.176405733186,1,0xC,0xC,0xC,1,1
59,160,6,0x7DBAEBC6B725E03A,0x0,984,0.162601626016,1,0x4,0x4,0x4,1,1
59,160,7,0x7DBAEBC6B725E03A,0x0,866,0.184757505774,1,0x9,0x9,0x9,1,1
59,192,0,0x7DBAEBC6B725E03A,0x0,1305,0.147126436782,1,0x7,0x7,0x7,1,1
59,192,1,0x7DBAEBC6B725E03A,0x0,1080,0.177777777778,1,0xA,0xA,0xA,1,1
59,192,2,0x7DBAEBC6B725E03A,0x0,1230,0.156097560976,1,0xA,0xA,0xA,1,1
59,192,3,0x7DBAEBC6B725E03A,0x0,1138,0.168717047452,1,0x8,0x8,0x8,1,1
59,192,4,0x7DBAEBC6B725E03A,0x0,1236,0.155339805825,1,0x2,0x2,0x2,1,1
59,192,5,0x7DBAEBC6B725E03A,0x0,1109,0.173128944995,1,0xC,0xC,0xC,1,1
59,192,6,0x7DBAEBC6B725E03A,0x0,1175,0.163404255319,1,0x4,0x4,0x4,1,1
59,192,7,0x7DBAEBC6B725E03A,0x0,1052,0.182509505703,1,0x9,0x9,0x9,1,1
59,256,0,0x7DBAEBC6B725E03A,0x0,1649,0.155245603396,1,0x7,0x7,0x7,1,1
59,256,1,0x7DBAEBC6B725E03A,0x0,1418,0.180535966150,1,0xA,0xA,0xA,1,1
59,256,2,0x7DBAEBC6B725E03A,0x0,1632,0.156862745098,1,0xA,0xA,0xA,1,1
59,256,3,0x7DBAEBC6B725E03A,0x0,1599,0.160100062539,1,0x8,0x8,0x8,1,1
59,256,4,0x7DBAEBC6B725E03A,0x0,1653,0.154869933454,1,0x2,0x2,0x2,1,1
59,256,5,0x7DBAEBC6B725E03A,0x0,1466,0.174624829468,1,0xC,0xC,0xC,1,1
59,256,6,0x7DBAEBC6B725E03A,0x0,1575,0.162539682540,1,0x4,0x4,0x4,1,1
59,256,7,0x7DBAEBC6B725E03A,0x0,1430,0.179020979021,1,0x9,0x9,0x9,1,1
60,16,0,0x462A312CB0BE77B1,0x7,136,0.117647058824,5,NA,0x0,0xC,0,0
60,16,1,0x462A312CB0BE77B1,0x7,161,0.099378881988,0,NA,0x0,0x7,0,0
60,16,2,0x462A312CB0BE77B1,0x7,87,0.183908045977,0,NA,0x0,0x2,0,0
60,16,3,0x462A312CB0BE77B1,0x7,101,0.158415841584,0,NA,0x0,0x3,0,0
60,16,4,0x462A312CB0BE77B1,0x7,87,0.183908045977,0,NA,0x0,0x5,0,0
60,16,5,0x462A312CB0BE77B1,0x7,104,0.153846153846,0,NA,0x0,0xA,0,0
60,16,6,0x462A312CB0BE77B1,0x7,77,0.207792207792,0,NA,0x0,0x8,0,0
60,16,7,0x462A312CB0BE77B1,0x7,66,0.242424242424,0,NA,0x0,0xA,0,0
60,24,0,0x462A312CB0BE77B1,0x7,164,0.146341463415,3,NA,0x0,0xC,0,0
60,24,1,0x462A312CB0BE77B1,0x7,203,0.118226600985,0,NA,0x0,0x7,0,0
60,24,2,0x462A312CB0BE77B1,0x7,146,0.164383561644,0,NA,0x0,0x2,0,0
60,24,3,0x462A312CB0BE77B1,0x7,129,0.186046511628,0,NA,0x0,0x3,0,0
60,24,4,0x462A312CB0BE77B1,0x7,123,0.195121951220,0,NA,0x0,0x5,0,0
60,24,5,0x462A312CB0BE77B1,0x7,119,0.201680672269,0,NA,0x0,0xA,0,0
60,24,6,0x462A312CB0BE77B1,0x7,125,0.192000000000,0,NA,0x0,0x8,0,0
60,24,7,0x462A312CB0BE77B1,0x7,134,0.179104477612,0,NA,0x0,0xA,0,0
60,32,0,0x462A312CB0BE77B1,0x7,218,0.146788990826,2,NA,0x0,0xC,0,0
60,32,1,0x462A312CB0BE77B1,0x7,265,0.120754716981,0,NA,0x0,0x7,0,0
60,32,2,0x462A312CB0BE77B1,0x7,191,0.167539267016,0,NA,0x0,0x2,0,0
60,32,3,0x462A312CB0BE77B1,0x7,170,0.188235294118,0,NA,0x0,0x3,0,0
60,32,4,0x462A312CB0BE77B1,0x7,155,0.206451612903,0,NA,0x0,0x5,0,0
60,32,5,0x462A312CB0BE77B1,0x7,168,0.190476190476,0,NA,0x0,0xA,0,0
60,32,6,0x462A312CB0BE77B1,0x7,165,0.193939393939,0,NA,0x0,0x8,0,0
60,32,7,0x462A312CB0BE77B1,0x7,188,0.170212765957,0,NA,0x0,0xA,0,0
60,40,0,0x462A312CB0BE77B1,0x7,278,0.143884892086,2,NA,0x0,0xC,0,0
60,40,1,0x462A312CB0BE77B1,0x7,319,0.125391849530,0,NA,0x0,0x7,0,0
60,40,2,0x462A312CB0BE77B1,0x7,241,0.165975103734,0,NA,0x0,0x2,0,0
60,40,3,0x462A312CB0BE77B1,0x7,204,0.196078431373,0,NA,0x0,0x3,0,0
60,40,4,0x462A312CB0BE77B1,0x7,191,0.209424083770,0,NA,0x0,0x5,0,0
60,40,5,0x462A312CB0BE77B1,0x7,219,0.182648401826,0,NA,0x0,0xA,0,0
60,40,6,0x462A312CB0BE77B1,0x7,203,0.197044334975,0,NA,0x0,0x8,0,0
60,40,7,0x462A312CB0BE77B1,0x7,235,0.170212765957,0,NA,0x0,0xA,0,0
60,48,0,0x462A312CB0BE77B1,0x7,314,0.152866242038,2,NA,0x0,0xC,0,0
60,48,1,0x462A312CB0BE77B1,0x7,355,0.135211267606,0,NA,0x0,0x7,0,0
60,48,2,0x462A312CB0BE77B1,0x7,280,0.171428571429,0,NA,0x0,0x2,0,0
60,48,3,0x462A312CB0BE77B1,0x7,273,0.175824175824,0,NA,0x0,0x3,0,0
60,48,4,0x462A312CB0BE77B1,0x7,257,0.186770428016,0,NA,0x0,0x5,0,0
60,48,5,0x462A312CB0BE77B1,0x7,291,0.164948453608,0,NA,0x0,0xA,0,0
60,48,6,0x462A312CB0BE77B1,0x7,231,0.207792207792,0,NA,0x0,0x8,0,0
60,48,7,0x462A312CB0BE77B1,0x7,275,0.174545454545,0,NA,0x0,0xA,0,0
60,56,0,0x462A312CB0BE77B1,0x7,361,0.155124653740,2,NA,0x0,0xC,0,0
60,56,1,0x462A312CB0BE77B1,0x7,407,0.137592137592,0,NA,0x0,0x7,0,0
60,56,2,0x462A312CB0BE77B1,0x7,317,0.176656151420,0,NA,0x0,0x2,0,0
60,56,3,0x462A312CB0BE77B1,0x7,339,0.165191740413,0,NA,0x0,0x3,0,0
60,56,4,0x462A312CB0BE77B1,0x7,316,0.177215189873,0,NA,0x0,0x5,0,0
60,56,5,0x462A312CB0BE77B1,0x7,311,0.180064308682,0,NA,0x0,0xA,0,0
60,56,6,0x462A312CB0BE77B1,0x7,280,0.200000000000,0,NA,0x0,0x8,0,0
60,56,7,0x462A312CB0BE77B1,0x7,332,0.168674698795,0,NA,0x0,0xA,0,0
60,64,0,0x462A312CB0BE77B1,0x7,432,0.148148148148,1,0xB,0xC,0xC,1,1
60,64,1,0x462A312CB0BE77B1,0x7,445,0.143820224719,1,0x0,0x7,0x7,1,1
60,64,2,0x462A312CB0BE77B1,0x7,371,0.172506738544,1,0x5,0x2,0x2,1,1
60,64,3,0x462A312CB0BE77B1,0x7,393,0.162849872774,1,0x4,0x3,0x3,1,1
60,64,4,0x462A312CB0BE77B1,0x7,365,0.175342465753,1,0x2,0x5,0x5,1,1
60,64,5,0x462A312CB0BE77B1,0x7,339,0.188790560472,1,0xD,0xA,0xA,1,1
60,64,6,0x462A312CB0BE77B1,0x7,318,0.201257861635,1,0xF,0x8,0x8,1,1
60,64,7,0x462A312CB0BE77B1,0x7,398,0.160804020101,1,0xD,0xA,0xA,1,1
60,72,0,0x462A312CB0BE77B1,0x7,504,0.142857142857,1,0xB,0xC,0xC,1,1
60,72,1,0x462A312CB0BE77B1,0x7,511,0.140900195695,1,0x0,0x7,0x7,1,1
60,72,2,0x462A312CB0BE77B1,0x7,413,0.174334140436,1,0x5,0x2,0x2,1,1
60,72,3,0x462A312CB0BE77B1,0x7,456,0.157894736842,1,0x4,0x3,0x3,1,1
60,72,4,0x462A312CB0BE77B1,0x7,405,0.177777777778,1,0x2,0x5,0x5,1,1
60,72,5,0x462A312CB0BE77B1,0x7,380,0.189473684211,1,0xD,0xA,0xA,1,1
60,72,6,0x462A312CB0BE77B1,0x7,348,0.206896551724,1,0xF,0x8,0x8,1,1
60,72,7,0x462A312CB0BE77B1,0x7,457,0.157549234136,1,0xD,0xA,0xA,1,1
60,80,0,0x462A312CB0BE77B1,0x7,555,0.144144144144,1,0xB,0xC,0xC,1,1
60,80,1,0x462A312CB0BE77B1,0x7,546,0.146520146520,1,0x0,0x7,0x7,1,1
60,80,2,0x462A312CB0BE77B1,0x7,476,0.168067226891,1,0x5,0x2,0x2,1,1
60,80,3,0x462A312CB0BE77B1,0x7,506,0.158102766798,1,0x4,0x3,0x3,1,1
60,80,4,0x462A312CB0BE77B1,0x7,470,0.170212765957,1,0x2,0x5,0x5,1,1
60,80,5,0x462A312CB0BE77B1,0x7,462,0.173160173160,1,0xD,0xA,0xA,1,1
60,80,6,0x462A312CB0BE77B1,0x7,420,0.190476190476,1,0xF,0x8,0x8,1,1
60,80,7,0x462A312CB0BE77B1,0x7,513,0.155945419103,1,0xD,0xA,0xA,1,1
60,96,0,0x462A312CB0BE77B1,0x7,632,0.151898734177,1,0xB,0xC,0xC,1,1
60,96,1,0x462A312CB0BE77B1,0x7,627,0.153110047847,1,0x0,0x7,0x7,1,1
60,96,2,0x462A312CB0BE77B1,0x7,577,0.166377816291,1,0x5,0x2,0x2,1,1
60,96,3,0x462A312CB0BE77B1,0x7,627,0.153110047847,1,0x4,0x3,0x3,1,1
60,96,4,0x462A312CB0BE77B1,0x7,545,0.176146788991,1,0x2,0x5,0x5,1,1
60,96,5,0x462A312CB0BE77B1,0x7,533,0.180112570356,1,0xD,0xA,0xA,1,1
60,96,6,0x462A312CB0BE77B1,0x7,524,0.183206106870,1,0xF,0x8,0x8,1,1
60,96,7,0x462A312CB0BE77B1,0x7,597,0.160804020101,1,0xD,0xA,0xA,1,1
60,112,0,0x462A312CB0BE77B1,0x7,748,0.149732620321,1,0xB,0xC,0xC,1,1
60,112,1,0x462A312CB0BE77B1,0x7,707,0.158415841584,1,0x0,0x7,0x7,1,1
60,112,2,0x462A312CB0BE77B1,0x7,704,0.159090909091,1,0x5,0x2,0x2,1,1
60,112,3,0x462A312CB0BE77B1,0x7,706,0.158640226629,1,0x4,0x3,0x3,1,1
60,112,4,0x462A312CB0BE77B1,0x7,640,0.175000000000,1,0x2,0x5,0x5,1,1
60,112,5,0x462A312CB0BE77B1,0x7,614,0.182410423453,1,0xD,0xA,0xA,1,1
60,112,6,0x462A312CB0BE77B1,0x7,621,0.180354267311,1,0xF,0x8,0x8,1,1
60,112,7,0x462A312CB0BE77B1,0x7,708,0.158192090395,1,0xD,0xA,0xA,1,1
60,128,0,0x462A312CB0BE77B1,0x7,884,0.144796380090,1,0xB,0xC,0xC,1,1
60,128,1,0x462A312CB0BE77B1,0x7,784,0.163265306122,1,0x0,0x7,0x7,1,1
60,128,2,0x462A312CB0BE77B1,0x7,789,0.162230671736,1,0x5,0x2,0x2,1,1
60,128,3,0x462A312CB0BE77B1,0x7,793,0.161412358134,1,0x4,0x3,0x3,1,1
60,128,4,0x462A312CB0BE77B1,0x7,745,0.171812080537,1,0x2,0x5,0x5,1,1
60,128,5,0x462A312CB0BE77B1,0x7,706,0.181303116147,1,0xD,0xA,0xA,1,1
60,128,6,0x462A312CB0BE77B1,0x7,712,0.179775280899,1,0xF,0x8,0x8,1,1
60,128,7,0x462A312CB0BE77B1,0x7,809,0.158220024722,1,0xD,0xA,0xA,1,1
60,160,0,0x462A312CB0BE77B1,0x7,1052,0.152091254753,1,0xB,0xC,0xC,1,1
60,160,1,0x462A312CB0BE77B1,0x7,947,0.168954593453,1,0x0,0x7,0x7,1,1
60,160,2,0x462A312CB0BE77B1,0x7,951,0.168243953733,1,0x5,0x2,0x2,1,1
60,160,3,0x462A312CB0BE77B1,0x7,999,0.160160160160,1,0x4,0x3,0x3,1,1
60,160,4,0x462A312CB0BE77B1,0x7,939,0.170394036209,1,0x2,0x5,0x5,1,1
60,160,5,0x462A312CB0BE77B1,0x7,869,0.184119677791,1,0xD,0xA,0xA,1,1
60,160,6,0x462A312CB0BE77B1,0x7,891,0.179573512907,1,0xF,0x8,0x8,1,1
60,160,7,0x462A312CB0BE77B1,0x7,1008,0.158730158730,1,0xD,0xA,0xA,1,1
60,192,0,0x462A312CB0BE77B1,0x7,1182,0.162436548223,1,0xB,0xC,0xC,1,1
60,192,1,0x462A312CB0BE77B1,0x7,1104,0.173913043478,1,0x0,0x7,0x7,1,1
60,192,2,0x462A312CB0BE77B1,0x7,1142,0.168126094571,1,0x5,0x2,0x2,1,1
60,192,3,0x462A312CB0BE77B1,0x7,1206,0.159203980100,1,0x4,0x3,0x3,1,1
60,192,4,0x462A312CB0BE77B1,0x7,1095,0.175342465753,1,0x2,0x5,0x5,1,1
60,192,5,0x462A312CB0BE77B1,0x7,1064,0.180451127820,1,0xD,0xA,0xA,1,1
60,192,6,0x462A312CB0BE77B1,0x7,1047,0.183381088825,1,0xF,0x8,0x8,1,1
60,192,7,0x462A312CB0BE77B1,0x7,1174,0.163543441227,1,0xD,0xA,0xA,1,1
60,256,0,0x462A312CB0BE77B1,0x7,1538,0.166449934980,1,0xB,0xC,0xC,1,1
60,256,1,0x462A312CB0BE77B1,0x7,1420,0.180281690141,1,0x0,0x7,0x7,1,1
60,256,2,0x462A312CB0BE77B1,0x7,1492,0.171581769437,1,0x5,0x2,0x2,1,1
60,256,3,0x462A312CB0BE77B1,0x7,1653,0.154869933454,1,0x4,0x3,0x3,1,1
60,256,4,0x462A312CB0BE77B1,0x7,1423,0.179901616304,1,0x2,0x5,0x5,1,1
60,256,5,0x462A312CB0BE77B1,0x7,1422,0.180028129395,1,0xD,0xA,0xA,1,1
60,256,6,0x462A312CB0BE77B1,0x7,1449,0.176673567978,1,0xF,0x8,0x8,1,1
60,256,7,0x462A312CB0BE77B1,0x7,1618,0.158220024722,1,0xD,0xA,0xA,1,1
61,16,0,0x5EDDA45E3EB5B91C,0x6,101,0.158415841584,6,NA,0x0,0x6,0,0
61,16,1,0x5EDDA45E3EB5B91C,0x6,118,0.135593220339,0,NA,0x0,0x3,0,0
61,16,2,0x5EDDA45E3EB5B91C,0x6,60,0.266666666667,0,NA,0x0,0x7,0,0
61,16,3,0x5EDDA45E3EB5B91C,0x6,55,0.290909090909,0,NA,0x0,0x7,0,0
61,16,4,0x5EDDA45E3EB5B91C,0x6,118,0.135593220339,0,NA,0x0,0xA,0,0
61,16,5,0x5EDDA45E3EB5B91C,0x6,85,0.188235294118,0,NA,0x0,0xA,0,0
61,16,6,0x5EDDA45E3EB5B91C,0x6,102,0.156862745098,0,NA,0x0,0x7,0,0
61,16,7,0x5EDDA45E3EB5B91C,0x6,102,0.156862745098,0,NA,0x0,0xE,0,0
61,24,0,0x5EDDA45E3EB5B91C,0x6,142,0.169014084507,5,NA,0x0,0x6,0,0
61,24,1,0x5EDDA45E3EB5B91C,0x6,149,0.161073825503,0,NA,0x0,0x3,0,0
61,24,2,0x5EDDA45E3EB5B91C,0x6,116,0.206896551724,0,NA,0x0,0x7,0,0
61,24,3,0x5EDDA45E3EB5B91C,0x6,80,0.300000000000,0,NA,0x0,0x7,0,0
61,24,4,0x5EDDA45E3EB5B91C,0x6,186,0.129032258065,0,NA,0x0,0xA,0,0
61,24,5,0x5EDDA45E3EB5B91C,0x6,118,0.203389830508,0,NA,0x0,0xA,0,0
61,24,6,0x5EDDA45E3EB5B91C,0x6,133,0.180451127820,0,NA,0x0,0x7,0,0
61,24,7,0x5EDDA45E3EB5B91C,0x6,131,0.183206106870,0,NA,0x0,0xE,0,0
61,32,0,0x5EDDA45E3EB5B91C,0x6,168,0.190476190476,4,NA,0x0,0x6,0,0
61,32,1,0x5EDDA45E3EB5B91C,0x6,181,0.176795580110,0,NA,0x0,0x3,0,0
61,32,2,0x5EDDA45E3EB5B91C,0x6,159,0.201257861635,0,NA,0x0,0x7,0,0
61,32,3,0x5EDDA45E3EB5B91C,0x6,150,0.213333333333,0,NA,0x0,0x7,0,0
61,32,4,0x5EDDA45E3EB5B91C,0x6,228,0.140350877193,0,NA,0x0,0xA,0,0
61,32,5,0x5EDDA45E3EB5B91C,0x6,153,0.209150326797,0,NA,0x0,0xA,0,0
61,32,6,0x5EDDA45E3EB5B91C,0x6,207,0.154589371981,0,NA,0x0,0x7,0,0
61,32,7,0x5EDDA45E3EB5B91C,0x6,174,0.183908045977,0,NA,0x0,0xE,0,0
61,40,0,0x5EDDA45E3EB5B91C,0x6,205,0.195121951220,3,NA,0x0,0x6,0,0
61,40,1,0x5EDDA45E3EB5B91C,0x6,231,0.173160173160,0,NA,0x0,0x3,0,0
61,40,2,0x5EDDA45E3EB5B91C,0x6,195,0.205128205128,0,NA,0x0,0x7,0,0
61,40,3,0x5EDDA45E3EB5B91C,0x6,201,0.199004975124,0,NA,0x0,0x7,0,0
61,40,4,0x5EDDA45E3EB5B91C,0x6,273,0.146520146520,0,NA,0x0,0xA,0,0
61,40,5,0x5EDDA45E3EB5B91C,0x6,214,0.186915887850,0,NA,0x0,0xA,0,0
61,40,6,0x5EDDA45E3EB5B91C,0x6,235,0.170212765957,0,NA,0x0,0x7,0,0
61,40,7,0x5EDDA45E3EB5B91C,0x6,243,0.164609053498,0,NA,0x0,0xE,0,0
61,48,0,0x5EDDA45E3EB5B91C,0x6,250,0.192000000000,3,NA,0x0,0x6,0,0
61,48,1,0x5EDDA45E3EB5B91C,0x6,296,0.162162162162,0,NA,0x0,0x3,0,0
61,48,2,0x5EDDA45E3EB5B91C,0x6,264,0.181818181818,0,NA,0x0,0x7,0,0
61,48,3,0x5EDDA45E3EB5B91C,0x6,244,0.196721311475,0,NA,0x0,0x7,0,0
61,48,4,0x5EDDA45E3EB5B91C,0x6,316,0.151898734177,0,NA,0x0,0xA,0,0
61,48,5,0x5EDDA45E3EB5B91C,0x6,238,0.201680672269,0,NA,0x0,0xA,0,0
61,48,6,0x5EDDA45E3EB5B91C,0x6,294,0.163265306122,0,NA,0x0,0x7,0,0
61,48,7,0x5EDDA45E3EB5B91C,0x6,270,0.177777777778,0,NA,0x0,0xE,0,0
61,56,0,0x5EDDA45E3EB5B91C,0x6,298,0.187919463087,1,0x0,0x6,0x6,1,1
61,56,1,0x5EDDA45E3EB5B91C,0x6,349,0.160458452722,2,NA,0x0,0x3,0,0
61,56,2,0x5EDDA45E3EB5B91C,0x6,297,0.188552188552,0,NA,0x0,0x7,0,0
61,56,3,0x5EDDA45E3EB5B91C,0x6,297,0.188552188552,0,NA,0x0,0x7,0,0
61,56,4,0x5EDDA45E3EB5B91C,0x6,409,0.136919315403,0,NA,0x0,0xA,0,0
61,56,5,0x5EDDA45E3EB5B91C,0x6,277,0.202166064982,0,NA,0x0,0xA,0,0
61,56,6,0x5EDDA45E3EB5B91C,0x6,329,0.170212765957,0,NA,0x0,0x7,0,0
61,56,7,0x5EDDA45E3EB5B91C,0x6,306,0.183006535948,0,NA,0x0,0xE,0,0
61,64,0,0x5EDDA45E3EB5B91C,0x6,341,0.187683284457,1,0x0,0x6,0x6,1,1
61,64,1,0x5EDDA45E3EB5B91C,0x6,404,0.158415841584,2,NA,0x0,0x3,0,0
61,64,2,0x5EDDA45E3EB5B91C,0x6,334,0.191616766467,0,NA,0x0,0x7,0,0
61,64,3,0x5EDDA45E3EB5B91C,0x6,350,0.182857142857,0,NA,0x0,0x7,0,0
61,64,4,0x5EDDA45E3EB5B91C,0x6,454,0.140969162996,0,NA,0x0,0xA,0,0
61,64,5,0x5EDDA45E3EB5B91C,0x6,315,0.203174603175,0,NA,0x0,0xA,0,0
61,64,6,0x5EDDA45E3EB5B91C,0x6,353,0.181303116147,0,NA,0x0,0x7,0,0
61,64,7,0x5EDDA45E3EB5B91C,0x6,385,0.166233766234,0,NA,0x0,0xE,0,0
61,72,0,0x5EDDA45E3EB5B91C,0x6,411,0.175182481752,1,0x0,0x6,0x6,1,1
61,72,1,0x5EDDA45E3EB5B91C,0x6,465,0.154838709677,2,NA,0x0,0x3,0,0
61,72,2,0x5EDDA45E3EB5B91C,0x6,375,0.192000000000,0,NA,0x0,0x7,0,0
61,72,3,0x5EDDA45E3EB5B91C,0x6,411,0.175182481752,0,NA,0x0,0x7,0,0
61,72,4,0x5EDDA45E3EB5B91C,0x6,493,0.146044624746,0,NA,0x0,0xA,0,0
61,72,5,0x5EDDA45E3EB5B91C,0x6,330,0.218181818182,0,NA,0x0,0xA,0,0
61,72,6,0x5EDDA45E3EB5B91C,0x6,443,0.162528216704,0,NA,0x0,0x7,0,0
61,72,7,0x5EDDA45E3EB5B91C,0x6,428,0.168224299065,0,NA,0x0,0xE,0,0
61,80,0,0x5EDDA45E3EB5B91C,0x6,470,0.170212765957,1,0x0,0x6,0x6,1,1
61,80,1,0x5EDDA45E3EB5B91C,0x6,519,0.154142581888,2,NA,0x0,0x3,0,0
61,80,2,0x5EDDA45E3EB5B91C,0x6,403,0.198511166253,0,NA,0x0,0x7,0,0
61,80,3,0x5EDDA45E3EB5B91C,0x6,457,0.175054704595,0,NA,0x0,0x7,0,0
61,80,4,0x5EDDA45E3EB5B91C,0x6,547,0.146252285192,0,NA,0x0,0xA,0,0
61,80,5,0x5EDDA45E3EB5B91C,0x6,363,0.220385674931,0,NA,0x0,0xA,0,0
61,80,6,0x5EDDA45E3EB5B91C,0x6,476,0.168067226891,0,NA,0x0,0x7,0,0
61,80,7,0x5EDDA45E3EB5B91C,0x6,477,0.167714884696,0,NA,0x0,0xE,0,0
61,96,0,0x5EDDA45E3EB5B91C,0x6,541,0.177449168207,1,0x0,0x6,0x6,1,1
61,96,1,0x5EDDA45E3EB5B91C,0x6,608,0.157894736842,2,NA,0x0,0x3,0,0
61,96,2,0x5EDDA45E3EB5B91C,0x6,485,0.197938144330,0,NA,0x0,0x7,0,0
61,96,3,0x5EDDA45E3EB5B91C,0x6,540,0.177777777778,0,NA,0x0,0x7,0,0
61,96,4,0x5EDDA45E3EB5B91C,0x6,627,0.153110047847,0,NA,0x0,0xA,0,0
61,96,5,0x5EDDA45E3EB5B91C,0x6,465,0.206451612903,0,NA,0x0,0xA,0,0
61,96,6,0x5EDDA45E3EB5B91C,0x6,582,0.164948453608,0,NA,0x0,0x7,0,0
61,96,7,0x5EDDA45E3EB5B91C,0x6,565,0.169911504425,0,NA,0x0,0xE,0,0
61,112,0,0x5EDDA45E3EB5B91C,0x6,627,0.178628389155,1,0x0,0x6,0x6,1,1
61,112,1,0x5EDDA45E3EB5B91C,0x6,736,0.152173913043,1,0x5,0x3,0x3,1,1
61,112,2,0x5EDDA45E3EB5B91C,0x6,573,0.195462478185,1,0x1,0x7,0x7,1,1
61,112,3,0x5EDDA45E3EB5B91C,0x6,641,0.174726989080,1,0x1,0x7,0x7,1,1
61,112,4,0x5EDDA45E3EB5B91C,0x6,733,0.152796725784,1,0xC,0xA,0xA,1,1
61,112,5,0x5EDDA45E3EB5B91C,0x6,533,0.210131332083,1,0xC,0xA,0xA,1,1
61,112,6,0x5EDDA45E3EB5B91C,0x6,659,0.169954476480,1,0x1,0x7,0x7,1,1
61,112,7,0x5EDDA45E3EB5B91C,0x6,635,0.176377952756,1,0x8,0xE,0xE,1,1
61,128,0,0x5EDDA45E3EB5B91C,0x6,729,0.175582990398,1,0x0,0x6,0x6,1,1
61,128,1,0x5EDDA45E3EB5B91C,0x6,858,0.149184149184,1,0x5,0x3,0x3,1,1
61,128,2,0x5EDDA45E3EB5B91C,0x6,748,0.171122994652,1,0x1,0x7,0x7,1,1
61,128,3,0x5EDDA45E3EB5B91C,0x6,710,0.180281690141,1,0x1,0x7,0x7,1,1
61,128,4,0x5EDDA45E3EB5B91C,0x6,854,0.149882903981,1,0xC,0xA,0xA,1,1
61,128,5,0x5EDDA45E3EB5B91C,0x6,609,0.210180623974,1,0xC,0xA,0xA,1,1
61,128,6,0x5EDDA45E3EB5B91C,0x6,756,0.169312169312,1,0x1,0x7,0x7,1,1
61,128,7,0x5EDDA45E3EB5B91C,0x6,736,0.173913043478,1,0x8,0xE,0xE,1,1
61,160,0,0x5EDDA45E3EB5B91C,0x6,883,0.181200453001,1,0x0,0x6,0x6,1,1
61,160,1,0x5EDDA45E3EB5B91C,0x6,1058,0.151228733459,1,0x5,0x3,0x3,1,1
61,160,2,0x5EDDA45E3EB5B91C,0x6,924,0.173160173160,1,0x1,0x7,0x7,1,1
61,160,3,0x5EDDA45E3EB5B91C,0x6,905,0.176795580110,1,0x1,0x7,0x7,1,1
61,160,4,0x5EDDA45E3EB5B91C,0x6,1040,0.153846153846,1,0xC,0xA,0xA,1,1
61,160,5,0x5EDDA45E3EB5B91C,0x6,794,0.201511335013,1,0xC,0xA,0xA,1,1
61,160,6,0x5EDDA45E3EB5B91C,0x6,944,0.169491525424,1,0x1,0x7,0x7,1,1
61,160,7,0x5EDDA45E3EB5B91C,0x6,965,0.165803108808,1,0x8,0xE,0xE,1,1
61,192,0,0x5EDDA45E3EB5B91C,0x6,1063,0.180620884290,1,0x0,0x6,0x6,1,1
61,192,1,0x5EDDA45E3EB5B91C,0x6,1243,0.154465004023,1,0x5,0x3,0x3,1,1
61,192,2,0x5EDDA45E3EB5B91C,0x6,1123,0.170970614426,1,0x1,0x7,0x7,1,1
61,192,3,0x5EDDA45E3EB5B91C,0x6,1093,0.175663311985,1,0x1,0x7,0x7,1,1
61,192,4,0x5EDDA45E3EB5B91C,0x6,1263,0.152019002375,1,0xC,0xA,0xA,1,1
61,192,5,0x5EDDA45E3EB5B91C,0x6,993,0.193353474320,1,0xC,0xA,0xA,1,1
61,192,6,0x5EDDA45E3EB5B91C,0x6,1128,0.170212765957,1,0x1,0x7,0x7,1,1
61,192,7,0x5EDDA45E3EB5B91C,0x6,1123,0.170970614426,1,0x8,0xE,0xE,1,1
61,256,0,0x5EDDA45E3EB5B91C,0x6,1414,0.181046676096,1,0x0,0x6,0x6,1,1
61,256,1,0x5EDDA45E3EB5B91C,0x6,1686,0.151838671412,1,0x5,0x3,0x3,1,1
61,256,2,0x5EDDA45E3EB5B91C,0x6,1600,0.160000000000,1,0x1,0x7,0x7,1,1
61,256,3,0x5EDDA45E3EB5B91C,0x6,1464,0.174863387978,1,0x1,0x7,0x7,1,1
61,256,4,0x5EDDA45E3EB5B91C,0x6,1636,0.156479217604,1,0xC,0xA,0xA,1,1
61,256,5,0x5EDDA45E3EB5B91C,0x6,1408,0.181818181818,1,0xC,0xA,0xA,1,1
61,256,6,0x5EDDA45E3EB5B91C,0x6,1476,0.173441734417,1,0x1,0x7,0x7,1,1
61,256,7,0x5EDDA45E3EB5B91C,0x6,1492,0.171581769437,1,0x8,0xE,0xE,1,1
62,16,0,0x04AA75752ABF1F55,0x1,102,0.156862745098,6,NA,0x0,0xD,0,0
62,16,1,0x04AA75752ABF1F55,0x1,100,0.160000000000,0,NA,0x0,0xB,0,0
62,16,2,0x04AA75752ABF1F55,0x1,113,0.141592920354,0,NA,0x0,0x6,0,0
62,16,3,0x04AA75752ABF1F55,0x1,127,0.125984251969,0,NA,0x0,0x9,0,0
62,16,4,0x04AA75752ABF1F55,0x1,98,0.163265306122,0,NA,0x0,0xE,0,0
62,16,5,0x04AA75752ABF1F55,0x1,140,0.114285714286,0,NA,0x0,0xC,0,0
62,16,6,0x04AA75752ABF1F55,0x1,106,0.150943396226,0,NA,0x0,0xD,0,0
62,16,7,0x04AA75752ABF1F55,0x1,123,0.130081300813,0,NA,0x0,0xD,0,0
62,24,0,0x04AA75752ABF1F55,0x1,147,0.163265306122,3,NA,0x0,0xD,0,0
62,24,1,0x04AA75752ABF1F55,0x1,146,0.164383561644,0,NA,0x0,0xB,0,0
62,24,2,0x04AA75752ABF1F55,0x1,161,0.149068322981,0,NA,0x0,0x6,0,0
62,24,3,0x04AA75752ABF1F55,0x1,179,0.134078212291,0,NA,0x0,0x9,0,0
62,24,4,0x04AA75752ABF1F55,0x1,159,0.150943396226,0,NA,0x0,0xE,0,0
62,24,5,0x04AA75752ABF1F55,0x1,190,0.126315789474,0,NA,0x0,0xC,0,0
62,24,6,0x04AA75752ABF1F55,0x1,132,0.181818181818,0,NA,0x0,0xD,0,0
62,24,7,0x04AA75752ABF1F55,0x1,165,0.145454545455,0,NA,0x0,0xD,0,0
62,32,0,0x04AA75752ABF1F55,0x1,187,0.171122994652,3,NA,0x0,0xD,0,0
62,32,1,0x04AA75752ABF1F55,0x1,187,0.171122994652,0,NA,0x0,0xB,0,0
62,32,2,0x04AA75752ABF1F55,0x1,214,0.149532710280,0,NA,0x0,0x6,0,0
62,32,3,0x04AA75752ABF1F55,0x1,226,0.141592920354,0,NA,0x0,0x9,0,0
62,32,4,0x04AA75752ABF1F55,0x1,205,0.156097560976,0,NA,0x0,0xE,0,0
62,32,5,0x04AA75752ABF1F55,0x1,252,0.126984126984,0,NA,0x0,0xC,0,0
62,32,6,0x04AA75752ABF1F55,0x1,150,0.213333333333,0,NA,0x0,0xD,0,0
62,32,7,0x04AA75752ABF1F55,0x1,198,0.161616161616,0,NA,0x0,0xD,0,0
62,40,0,0x04AA75752ABF1F55,0x1,233,0.171673819742,2,NA,0x0,0xD,0,0
62,40,1,0x04AA75752ABF1F55,0x1,228,0.175438596491,0,NA,0x0,0xB,0,0
62,40,2,0x04AA75752ABF1F55,0x1,259,0.154440154440,0,NA,0x0,0x6,0,0
62,40,3,0x04AA75752ABF1F55,0x1,271,0.147601476015,0,NA,0x0,0x9,0,0
62,40,4,0x04AA75752ABF1F55,0x1,274,0.145985401460,0,NA,0x0,0xE,0,0
62,40,5,0x04AA75752ABF1F55,0x1,305,0.131147540984,0,NA,0x0,0xC,0,0
62,40,6,0x04AA75752ABF1F55,0x1,198,0.202020202020,0,NA,0x0,0xD,0,0
62,40,7,0x04AA75752ABF1F55,0x1,281,0.142348754448,0,NA,0x0,0xD,0,0
62,48,0,0x04AA75752ABF1F55,0x1,256,0.187500000000,2,NA,0x0,0xD,0,0
62,48,1,0x04AA75752ABF1F55,0x1,275,0.174545454545,0,NA,0x0,0xB,0,0
62,48,2,0x04AA75752ABF1F55,0x1,308,0.155844155844,0,NA,0x0,0x6,0,0
62,48,3,0x04AA75752ABF1F55,0x1,328,0.146341463415,0,NA,0x0,0x9,0,0
62,48,4,0x04AA75752ABF1F55,0x1,305,0.157377049180,0,NA,0x0,0xE,0,0
62,48,5,0x04AA75752ABF1F55,0x1,363,0.132231404959,0,NA,0x0,0xC,0,0
62,48,6,0x04AA75752ABF1F55,0x1,267,0.179775280899,0,NA,0x0,0xD,0,0
62,48,7,0x04AA75752ABF1F55,0x1,295,0.162711864407,0,NA,0x0,0xD,0,0
62,56,0,0x04AA75752ABF1F55,0x1,320,0.175000000000,2,NA,0x0,0xD,0,0
62,56,1,0x04AA75752ABF1F55,0x1,343,0.163265306122,0,NA,0x0,0xB,0,0
62,56,2,0x04AA75752ABF1F55,0x1,328,0.170731707317,0,NA,0x0,0x6,0,0
62,56,3,0x04AA75752ABF1F55,0x1,369,0.151761517615,0,NA,0x0,0x9,0,0
62,56,4,0x04AA75752ABF1F55,0x1,344,0.162790697674,0,NA,0x0,0xE,0,0
62,56,5,0x04AA75752ABF1F55,0x1,401,0.139650872818,0,NA,0x0,0xC,0,0
62,56,6,0x04AA75752ABF1F55,0x1,301,0.186046511628,0,NA,0x0,0xD,0,0
62,56,7,0x04AA75752ABF1F55,0x1,331,0.169184290030,0,NA,0x0,0xD,0,0
62,64,0,0x04AA75752ABF1F55,0x1,381,0.167979002625,2,NA,0x0,0xD,0,0
62,64,1,0x04AA75752ABF1F55,0x1,392,0.163265306122,0,NA,0x0,0xB,0,0
62,64,2,0x04AA75752ABF1F55,0x1,369,0.173441734417,0,NA,0x0,0x6,0,0
62,64,3,0x04AA75752ABF1F55,0x1,413,0.154963680387,0,NA,0x0,0x9,0,0
62,64,4,0x04AA75752ABF1F55,0x1,384,0.166666666667,0,NA,0x0,0xE,0,0
62,64,5,0x04AA75752ABF1F55,0x1,421,0.152019002375,0,NA,0x0,0xC,0,0
62,64,6,0x04AA75752ABF1F55,0x1,329,0.194528875380,0,NA,0x0,0xD,0,0
62,64,7,0x04AA75752ABF1F55,0x1,359,0.178272980501,0,NA,0x0,0xD,0,0
62,72,0,0x04AA75752ABF1F55,0x1,414,0.173913043478,1,0xC,0xD,0xD,1,1
62,72,1,0x04AA75752ABF1F55,0x1,435,0.165517241379,1,0xA,0xB,0xB,1,1
62,72,2,0x04AA75752ABF1F55,0x1,415,0.173493975904,1,0x7,0x6,0x6,1,1
62,72,3,0x04AA75752ABF1F55,0x1,442,0.162895927602,1,0x8,0x9,0x9,1,1
62,72,4,0x04AA75752ABF1F55,0x1,406,0.177339901478,1,0xF,0xE,0xE,1,1
62,72,5,0x04AA75752ABF1F55,0x1,477,0.150943396226,2,NA,0x0,0xC,0,0
62,72,6,0x04AA75752ABF1F55,0x1,372,0.193548387097,0,NA,0x0,0xD,0,0
62,72,7,0x04AA75752ABF1F55,0x1,392,0.183673469388,0,NA,0x0,0xD,0,0
62,80,0,0x04AA75752ABF1F55,0x1,478,0.167364016736,1,0xC,0xD,0xD,1,1
62,80,1,0x04AA75752ABF1F55,0x1,480,0.166666666667,1,0xA,0xB,0xB,1,1
62,80,2,0x04AA75752ABF1F55,0x1,461,0.173535791757,1,0x7,0x6,0x6,1,1
62,80,3,0x04AA75752ABF1F55,0x1,475,0.168421052632,1,0x8,0x9,0x9,1,1
62,80,4,0x04AA75752ABF1F55,0x1,475,0.168421052632,1,0xF,0xE,0xE,1,1
62,80,5,0x04AA75752ABF1F55,0x1,517,0.154738878143,1,0xD,0xC,0xC,1,1
62,80,6,0x04AA75752ABF1F55,0x1,430,0.186046511628,1,0xC,0xD,0xD,1,1
62,80,7,0x04AA75752ABF1F55,0x1,438,0.182648401826,1,0xC,0xD,0xD,1,1
62,96,0,0x04AA75752ABF1F55,0x1,592,0.162162162162,1,0xC,0xD,0xD,1,1
62,96,1,0x04AA75752ABF1F55,0x1,577,0.166377816291,1,0xA,0xB,0xB,1,1
62,96,2,0x04AA75752ABF1F55,0x1,541,0.177449168207,1,0x7,0x6,0x6,1,1
62,96,3,0x04AA75752ABF1F55,0x1,542,0.177121771218,1,0x8,0x9,0x9,1,1
62,96,4,0x04AA75752ABF1F55,0x1,544,0.176470588235,1,0xF,0xE,0xE,1,1
62,96,5,0x04AA75752ABF1F55,0x1,605,0.158677685950,1,0xD,0xC,0xC,1,1
62,96,6,0x04AA75752ABF1F55,0x1,509,0.188605108055,1,0xC,0xD,0xD,1,1
62,96,7,0x04AA75752ABF1F55,0x1,539,0.178107606679,1,0xC,0xD,0xD,1,1
62,112,0,0x04AA75752ABF1F55,0x1,707,0.158415841584,1,0xC,0xD,0xD,1,1
62,112,1,0x04AA75752ABF1F55,0x1,690,0.162318840580,1,0xA,0xB,0xB,1,1
62,112,2,0x04AA75752ABF1F55,0x1,610,0.183606557377,1,0x7,0x6,0x6,1,1
62,112,3,0x04AA75752ABF1F55,0x1,656,0.170731707317,1,0x8,0x9,0x9,1,1
62,112,4,0x04AA75752ABF1F55,0x1,652,0.171779141104,1,0xF,0xE,0xE,1,1
62,112,5,0x04AA75752ABF1F55,0x1,707,0.158415841584,1,0xD,0xC,0xC,1,1
62,112,6,0x04AA75752ABF1F55,0x1,659,0.169954476480,1,0xC,0xD,0xD,1,1
62,112,7,0x04AA75752ABF1F55,0x1,629,0.178060413355,1,0xC,0xD,0xD,1,1
62,128,0,0x04AA75752ABF1F55,0x1,855,0.149707602339,1,0xC,0xD,0xD,1,1
62,128,1,0x04AA75752ABF1F55,0x1,784,0.163265306122,1,0xA,0xB,0xB,1,1
62,128,2,0x04AA75752ABF1F55,0x1,721,0.177531206657,1,0x7,0x6,0x6,1,1
62,128,3,0x04AA75752ABF1F55,0x1,771,0.166018158236,1,0x8,0x9,0x9,1,1
62,128,4,0x04AA75752ABF1F55,0x1,726,0.176308539945,1,0xF,0xE,0xE,1,1
62,128,5,0x04AA75752ABF1F55,0x1,769,0.166449934980,1,0xD,0xC,0xC,1,1
62,128,6,0x04AA75752ABF1F55,0x1,707,0.181046676096,1,0xC,0xD,0xD,1,1
62,128,7,0x04AA75752ABF1F55,0x1,725,0.176551724138,1,0xC,0xD,0xD,1,1
62,160,0,0x04AA75752ABF1F55,0x1,1015,0.157635467980,1,0xC,0xD,0xD,1,1
62,160,1,0x04AA75752ABF1F55,0x1,990,0.161616161616,1,0xA,0xB,0xB,1,1
62,160,2,0x04AA75752ABF1F55,0x1,934,0.171306209850,1,0x7,0x6,0x6,1,1
62,160,3,0x04AA75752ABF1F55,0x1,996,0.160642570281,1,0x8,0x9,0x9,1,1
62,160,4,0x04AA75752ABF1F55,0x1,867,0.184544405998,1,0xF,0xE,0xE,1,1
62,160,5,0x04AA75752ABF1F55,0x1,997,0.160481444333,1,0xD,0xC,0xC,1,1
62,160,6,0x04AA75752ABF1F55,0x1,924,0.173160173160,1,0xC,0xD,0xD,1,1
62,160,7,0x04AA75752ABF1F55,0x1,925,0.172972972973,1,0xC,0xD,0xD,1,1
62,192,0,0x04AA75752ABF1F55,0x1,1231,0.155970755483,1,0xC,0xD,0xD,1,1
62,192,1,0x04AA75752ABF1F55,0x1,1186,0.161888701518,1,0xA,0xB,0xB,1,1
62,192,2,0x04AA75752ABF1F55,0x1,1157,0.165946413137,1,0x7,0x6,0x6,1,1
62,192,3,0x04AA75752ABF1F55,0x1,1182,0.162436548223,1,0x8,0x9,0x9,1,1
62,192,4,0x04AA75752ABF1F55,0x1,1093,0.175663311985,1,0xF,0xE,0xE,1,1
62,192,5,0x04AA75752ABF1F55,0x1,1193,0.160938809723,1,0xD,0xC,0xC,1,1
62,192,6,0x04AA75752ABF1F55,0x1,1094,0.175502742230,1,0xC,0xD,0xD,1,1
62,192,7,0x04AA75752ABF1F55,0x1,1092,0.175824175824,1,0xC,0xD,0xD,1,1
62,256,0,0x04AA75752ABF1F55,0x1,1717,0.149097262667,1,0xC,0xD,0xD,1,1
62,256,1,0x04AA75752ABF1F55,0x1,1604,0.159600997506,1,0xA,0xB,0xB,1,1
62,256,2,0x04AA75752ABF1F55,0x1,1502,0.170439414115,1,0x7,0x6,0x6,1,1
62,256,3,0x04AA75752ABF1F55,0x1,1561,0.163997437540,1,0x8,0x9,0x9,1,1
62,256,4,0x04AA75752ABF1F55,0x1,1442,0.177531206657,1,0xF,0xE,0xE,1,1
62,256,5,0x04AA75752ABF1F55,0x1,1654,0.154776299879,1,0xD,0xC,0xC,1,1
62,256,6,0x04AA75752ABF1F55,0x1,1532,0.167101827676,1,0xC,0xD,0xD,1,1
62,256,7,0x04AA75752ABF1F55,0x1,1524,0.167979002625,1,0xC,0xD,0xD,1,1
63,16,0,0xE335C25AD4A29846,0x1,91,0.175824175824,7,NA,0x0,0x1,0,0
63,16,1,0xE335C25AD4A29846,0x1,93,0.172043010753,0,NA,0x0,0x4,0,0
63,16,2,0xE335C25AD4A29846,0x1,92,0.173913043478,0,NA,0x0,0xD,0,0
63,16,3,0xE335C25AD4A29846,0x1,73,0.219178082192,0,NA,0x0,0xE,0,0
63,16,4,0xE335C25AD4A29846,0x1,100,0.160000000000,0,NA,0x0,0x4,0,0
63,16,5,0xE335C25AD4A29846,0x1,109,0.146788990826,0,NA,0x0,0x0,0,0
63,16,6,0xE335C25AD4A29846,0x1,121,0.132231404959,0,NA,0x0,0x3,0,0
63,16,7,0xE335C25AD4A29846,0x1,96,0.166666666667,0,NA,0x0,0x2,0,0
63,24,0,0xE335C25AD4A29846,0x1,136,0.176470588235,4,NA,0x0,0x1,0,0
63,24,1,0xE335C25AD4A29846,0x1,137,0.175182481752,0,NA,0x0,0x4,0,0
63,24,2,0xE335C25AD4A29846,0x1,160,0.150000000000,0,NA,0x0,0xD,0,0
63,24,3,0xE335C25AD4A29846,0x1,109,0.220183486239,0,NA,0x0,0xE,0,0
63,24,4,0xE335C25AD4A29846,0x1,147,0.163265306122,0,NA,0x0,0x4,0,0
63,24,5,0xE335C25AD4A29846,0x1,141,0.170212765957,0,NA,0x0,0x0,0,0
63,24,6,0xE335C25AD4A29846,0x1,189,0.126984126984,0,NA,0x0,0x3,0,0
63,24,7,0xE335C25AD4A29846,0x1,142,0.169014084507,0,NA,0x0,0x2,0,0
63,32,0,0xE335C25AD4A29846,0x1,191,0.167539267016,4,NA,0x0,0x1,0,0
63,32,1,0xE335C25AD4A29846,0x1,162,0.197530864198,0,NA,0x0,0x4,0,0
63,32,2,0xE335C25AD4A29846,0x1,230,0.139130434783,0,NA,0x0,0xD,0,0
63,32,3,0xE335C25AD4A29846,0x1,176,0.181818181818,0,NA,0x0,0xE,0,0
63,32,4,0xE335C25AD4A29846,0x1,211,0.151658767773,0,NA,0x0,0x4,0,0
63,32,5,0xE335C25AD4A29846,0x1,192,0.166666666667,0,NA,0x0,0x0,0,0
63,32,6,0xE335C25AD4A29846,0x1,271,0.118081180812,0,NA,0x0,0x3,0,0
63,32,7,0xE335C25AD4A29846,0x1,190,0.168421052632,0,NA,0x0,0x2,0,0
63,40,0,0xE335C25AD4A29846,0x1,231,0.173160173160,3,NA,0x0,0x1,0,0
63,40,1,0xE335C25AD4A29846,0x1,202,0.198019801980,0,NA,0x0,0x4,0,0
63,40,2,0xE335C25AD4A29846,0x1,273,0.146520146520,0,NA,0x0,0xD,0,0
63,40,3,0xE335C25AD4A29846,0x1,220,0.181818181818,0,NA,0x0,0xE,0,0
63,40,4,0xE335C25AD4A29846,0x1,262,0.152671755725,0,NA,0x0,0x4,0,0
63,40,5,0xE335C25AD4A29846,0x1,215,0.186046511628,0,NA,0x0,0x0,0,0
63,40,6,0xE335C25AD4A29846,0x1,330,0.121212121212,0,NA,0x0,0x3,0,0
63,40,7,0xE335C25AD4A29846,0x1,216,0.185185185185,0,NA,0x0,0x2,0,0
63,48,0,0xE335C25AD4A29846,0x1,282,0.170212765957,1,0x0,0x1,0x1,1,1
63,48,1,0xE335C25AD4A29846,0x1,271,0.177121771218,1,0x5,0x4,0x4,1,1
63,48,2,0xE335C25AD4A29846,0x1,323,0.148606811146,1,0xC,0xD,0xD,1,1
63,48,3,0xE335C25AD4A29846,0x1,292,0.164383561644,1,0xF,0xE,0xE,1,1
63,48,4,0xE335C25AD4A29846,0x1,346,0.138728323699,1,0x5,0x4,0x4,1,1
63,48,5,0xE335C25AD4A29846,0x1,261,0.183908045977,2,NA,0x0,0x0,0,0
63,48,6,0xE335C25AD4A29846,0x1,400,0.120000000000,0,NA,0x0,0x3,0,0
63,48,7,0xE335C25AD4A29846,0x1,277,0.173285198556,0,NA,0x0,0x2,0,0
63,56,0,0xE335C25AD4A29846,0x1,344,0.162790697674,1,0x0,0x1,0x1,1,1
63,56,1,0xE335C25AD4A29846,0x1,332,0.168674698795,1,0x5,0x4,0x4,1,1
63,56,2,0xE335C25AD4A29846,0x1,388,0.144329896907,1,0xC,0xD,0xD,1,1
63,56,3,0xE335C25AD4A29846,0x1,336,0.166666666667,1,0xF,0xE,0xE,1,1
63,56,4,0xE335C25AD4A29846,0x1,390,0.143589743590,1,0x5,0x4,0x4,1,1
63,56,5,0xE335C25AD4A29846,0x1,294,0.190476190476,2,NA,0x0,0x0,0,0
63,56,6,0xE335C25AD4A29846,0x1,477,0.117400419287,0,NA,0x0,0x3,0,0
63,56,7,0xE335C25AD4A29846,0x1,323,0.173374613003,0,NA,0x0,0x2,0,0
63,64,0,0xE335C25AD4A29846,0x1,383,0.167101827676,1,0x0,0x1,0x1,1,1
63,64,1,0xE335C25AD4A29846,0x1,369,0.173441734417,1,0x5,0x4,0x4,1,1
63,64,2,0xE335C25AD4A29846,0x1,467,0.137044967880,1,0xC,0xD,0xD,1,1
63,64,3,0xE335C25AD4A29846,0x1,409,0.156479217604,1,0xF,0xE,0xE,1,1
63,64,4,0xE335C25AD4A29846,0x1,431,0.148491879350,1,0x5,0x4,0x4,1,1
63,64,5,0xE335C25AD4A29846,0x1,329,0.194528875380,2,NA,0x0,0x0,0,0
63,64,6,0xE335C25AD4A29846,0x1,523,0.122370936902,0,NA,0x0,0x3,0,0
63,64,7,0xE335C25AD4A29846,0x1,401,0.159600997506,0,NA,0x0,0x2,0,0
63,72,0,0xE335C25AD4A29846,0x1,401,0.179551122195,1,0x0,0x1,0x1,1,1
63,72,1,0xE335C25AD4A29846,0x1,388,0.185567010309,1,0x5,0x4,0x4,1,1
63,72,2,0xE335C25AD4A29846,0x1,491,0.146639511202,1,0xC,0xD,0xD,1,1
63,72,3,0xE335C25AD4A29846,0x1,458,0.157205240175,1,0xF,0xE,0xE,1,1
63,72,4,0xE335C25AD4A29846,0x1,505,0.142574257426,1,0x5,0x4,0x4,1,1
63,72,5,0xE335C25AD4A29846,0x1,409,0.176039119804,2,NA,0x0,0x0,0,0
63,72,6,0xE335C25AD4A29846,0x1,572,0.125874125874,0,NA,0x0,0x3,0,0
63,72,7,0xE335C25AD4A29846,0x1,460,0.156521739130,0,NA,0x0,0x2,0,0
63,80,0,0xE335C25AD4A29846,0x1,429,0.186480186480,1,0x0,0x1,0x1,1,1
63,80,1,0xE335C25AD4A29846,0x1,423,0.189125295508,1,0x5,0x4,0x4,1,1
63,80,2,0xE335C25AD4A29846,0x1,551,0.145190562613,1,0xC,0xD,0xD,1,1
63,80,3,0xE335C25AD4A29846,0x1,511,0.156555772994,1,0xF,0xE,0xE,1,1
63,80,4,0xE335C25AD4A29846,0x1,523,0.152963671128,1,0x5,0x4,0x4,1,1
63,80,5,0xE335C25AD4A29846,0x1,450,0.177777777778,1,0x1,0x0,0x0,1,1
63,80,6,0xE335C25AD4A29846,0x1,609,0.131362889984,1,0x2,0x3,0x3,1,1
63,80,7,0xE335C25AD4A29846,0x1,506,0.158102766798,1,0x3,0x2,0x2,1,1
63,96,0,0xE335C25AD4A29846,0x1,536,0.179104477612,1,0x0,0x1,0x1,1,1
63,96,1,0xE335C25AD4A29846,0x1,508,0.188976377953,1,0x5,0x4,0x4,1,1
63,96,2,0xE335C25AD4A29846,0x1,625,0.153600000000,1,0xC,0xD,0xD,1,1
63,96,3,0xE335C25AD4A29846,0x1,607,0.158154859967,1,0xF,0xE,0xE,1,1
63,96,4,0xE335C25AD4A29846,0x1,607,0.158154859967,1,0x5,0x4,0x4,1,1
63,96,5,0xE335C25AD4A29846,0x1,648,0.148148148148,1,0x1,0x0,0x0,1,1
63,96,6,0xE335C25AD4A29846,0x1,693,0.138528138528,1,0x2,0x3,0x3,1,1
63,96,7,0xE335C25AD4A29846,0x1,585,0.164102564103,1,0x3,0x2,0x2,1,1
63,112,0,0xE335C25AD4A29846,0x1,632,0.177215189873,1,0x0,0x1,0x1,1,1
63,112,1,0xE335C25AD4A29846,0x1,594,0.188552188552,1,0x5,0x4,0x4,1,1
63,112,2,0xE335C25AD4A29846,0x1,744,0.150537634409,1,0xC,0xD,0xD,1,1
63,112,3,0xE335C25AD4A29846,0x1,706,0.158640226629,1,0xF,0xE,0xE,1,1
63,112,4,0xE335C25AD4A29846,0x1,695,0.161151079137,1,0x5,0x4,0x4,1,1
63,112,5,0xE335C25AD4A29846,0x1,728,0.153846153846,1,0x1,0x0,0x0,1,1
63,112,6,0xE335C25AD4A29846,0x1,789,0.141951837769,1,0x2,0x3,0x3,1,1
63,112,7,0xE335C25AD4A29846,0x1,736,0.152173913043,1,0x3,0x2,0x2,1,1
63,128,0,0xE335C25AD4A29846,0x1,756,0.169312169312,1,0x0,0x1,0x1,1,1
63,128,1,0xE335C25AD4A29846,0x1,679,0.188512518409,1,0x5,0x4,0x4,1,1
63,128,2,0xE335C25AD4A29846,0x1,849,0.150765606596,1,0xC,0xD,0xD,1,1
63,128,3,0xE335C25AD4A29846,0x1,822,0.155717761557,1,0xF,0xE,0xE,1,1
63,128,4,0xE335C25AD4A29846,0x1,816,0.156862745098,1,0x5,0x4,0x4,1,1
63,128,5,0xE335C25AD4A29846,0x1,812,0.157635467980,1,0x1,0x0,0x0,1,1
63,128,6,0xE335C25AD4A29846,0x1,862,0.148491879350,1,0x2,0x3,0x3,1,1
63,128,7,0xE335C25AD4A29846,0x1,819,0.156288156288,1,0x3,0x2,0x2,1,1
63,160,0,0xE335C25AD4A29846,0x1,942,0.169851380042,1,0x0,0x1,0x1,1,1
63,160,1,0xE335C25AD4A29846,0x1,850,0.188235294118,1,0x5,0x4,0x4,1,1
63,160,2,0xE335C25AD4A29846,0x1,1096,0.145985401460,1,0xC,0xD,0xD,1,1
63,160,3,0xE335C25AD4A29846,0x1,1015,0.157635467980,1,0xF,0xE,0xE,1,1
63,160,4,0xE335C25AD4A29846,0x1,1057,0.151371807001,1,0x5,0x4,0x4,1,1
63,160,5,0xE335C25AD4A29846,0x1,990,0.161616161616,1,0x1,0x0,0x0,1,1
63,160,6,0xE335C25AD4A29846,0x1,1090,0.146788990826,1,0x2,0x3,0x3,1,1
63,160,7,0xE335C25AD4A29846,0x1,1035,0.154589371981,1,0x3,0x2,0x2,1,1
63,192,0,0xE335C25AD4A29846,0x1,1137,0.168865435356,1,0x0,0x1,0x1,1,1
63,192,1,0xE335C25AD4A29846,0x1,1069,0.179607109448,1,0x5,0x4,0x4,1,1
63,192,2,0xE335C25AD4A29846,0x1,1276,0.150470219436,1,0xC,0xD,0xD,1,1
63,192,3,0xE335C25AD4A29846,0x1,1171,0.163962425278,1,0xF,0xE,0xE,1,1
63,192,4,0xE335C25AD4A29846,0x1,1310,0.146564885496,1,0x5,0x4,0x4,1,1
63,192,5,0xE335C25AD4A29846,0x1,1185,0.162025316456,1,0x1,0x0,0x0,1,1
63,192,6,0xE335C25AD4A29846,0x1,1277,0.150352388410,1,0x2,0x3,0x3,1,1
63,192,7,0xE335C25AD4A29846,0x1,1269,0.151300236407,1,0x3,0x2,0x2,1,1
63,256,0,0xE335C25AD4A29846,0x1,1500,0.170666666667,1,0x0,0x1,0x1,1,1
63,256,1,0xE335C25AD4A29846,0x1,1533,0.166992824527,1,0x5,0x4,0x4,1,1
63,256,2,0xE335C25AD4A29846,0x1,1695,0.151032448378,1,0xC,0xD,0xD,1,1
63,256,3,0xE335C25AD4A29846,0x1,1459,0.175462645648,1,0xF,0xE,0xE,1,1
63,256,4,0xE335C25AD4A29846,0x1,1758,0.145620022753,1,0x5,0x4,0x4,1,1
63,256,5,0xE335C25AD4A29846,0x1,1544,0.165803108808,1,0x1,0x0,0x0,1,1
63,256,6,0xE335C25AD4A29846,0x1,1652,0.154963680387,1,0x2,0x3,0x3,1,1
63,256,7,0xE335C25AD4A29846,0x1,1696,0.150943396226,1,0x3,0x2,0x2,1,1
64,16,0,0x27AFFA5655B58B31,0xC,74,0.216216216216,6,NA,0x0,0xA,0,0
64,16,1,0x27AFFA5655B58B31,0xC,144,0.111111111111,0,NA,0x0,0xD,0,0
64,16,2,0x27AFFA5655B58B31,0xC,115,0.139130434783,0,NA,0x0,0x6,0,0
64,16,3,0x27AFFA5655B58B31,0xC,102,0.156862745098,0,NA,0x0,0x9,0,0
64,16,4,0x27AFFA5655B58B31,0xC,73,0.219178082192,0,NA,0x0,0xA,0,0
64,16,5,0x27AFFA5655B58B31,0xC,98,0.163265306122,0,NA,0x0,0x6,0,0
64,16,6,0x27AFFA5655B58B31,0xC,80,0.200000000000,0,NA,0x0,0xC,0,0
64,16,7,0x27AFFA5655B58B31,0xC,104,0.153846153846,0,NA,0x0,0xC,0,0
64,24,0,0x27AFFA5655B58B31,0xC,104,0.230769230769,4,NA,0x0,0xA,0,0
64,24,1,0x27AFFA5655B58B31,0xC,157,0.152866242038,0,NA,0x0,0xD,0,0
64,24,2,0x27AFFA5655B58B31,0xC,158,0.151898734177,0,NA,0x0,0x6,0,0
64,24,3,0x27AFFA5655B58B31,0xC,148,0.162162162162,0,NA,0x0,0x9,0,0
64,24,4,0x27AFFA5655B58B31,0xC,124,0.193548387097,0,NA,0x0,0xA,0,0
64,24,5,0x27AFFA5655B58B31,0xC,134,0.179104477612,0,NA,0x0,0x6,0,0
64,24,6,0x27AFFA5655B58B31,0xC,143,0.167832167832,0,NA,0x0,0xC,0,0
64,24,7,0x27AFFA5655B58B31,0xC,164,0.146341463415,0,NA,0x0,0xC,0,0
64,32,0,0x27AFFA5655B58B31,0xC,132,0.242424242424,1,0x6,0xA,0xA,1,1
64,32,1,0x27AFFA5655B58B31,0xC,207,0.154589371981,3,NA,0x0,0xD,0,0
64,32,2,0x27AFFA5655B58B31,0xC,191,0.167539267016,0,NA,0x0,0x6,0,0
64,32,3,0x27AFFA5655B58B31,0xC,195,0.164102564103,0,NA,0x0,0x9,0,0
64,32,4,0x27AFFA5655B58B31,0xC,166,0.192771084337,0,NA,0x0,0xA,0,0
64,32,5,0x27AFFA5655B58B31,0xC,212,0.150943396226,0,NA,0x0,0x6,0,0
64,32,6,0x27AFFA5655B58B31,0xC,217,0.147465437788,0,NA,0x0,0xC,0,0
64,32,7,0x27AFFA5655B58B31,0xC,195,0.164102564103,0,NA,0x0,0xC,0,0
64,40,0,0x27AFFA5655B58B31,0xC,175,0.228571428571,1,0x6,0xA,0xA,1,1
64,40,1,0x27AFFA5655B58B31,0xC,240,0.166666666667,1,0x1,0xD,0xD,1,1
64,40,2,0x27AFFA5655B58B31,0xC,243,0.164609053498,2,NA,0x0,0x6,0,0
64,40,3,0x27AFFA5655B58B31,0xC,256,0.156250000000,0,NA,0x0,0x9,0,0
64,40,4,0x27AFFA5655B58B31,0xC,194,0.206185567010,0,NA,0x0,0xA,0,0
64,40,5,0x27AFFA5655B58B31,0xC,276,0.144927536232,0,NA,0x0,0x6,0,0
64,40,6,0x27AFFA5655B58B31,0xC,247,0.161943319838,0,NA,0x0,0xC,0,0
64,40,7,0x27AFFA5655B58B31,0xC,260,0.153846153846,0,NA,0x0,0xC,0,0
64,48,0,0x27AFFA5655B58B31,0xC,215,0.223255813953,1,0x6,0xA,0xA,1,1
64,48,1,0x27AFFA5655B58B31,0xC,309,0.155339805825,1,0x1,0xD,0xD,1,1
64,48,2,0x27AFFA5655B58B31,0xC,280,0.171428571429,1,0xA,0x6,0x6,1,1
64,48,3,0x27AFFA5655B58B31,0xC,313,0.153354632588,1,0x5,0x9,0x9,1,1
64,48,4,0x27AFFA5655B58B31,0xC,232,0.206896551724,2,NA,0x0,0xA,0,0
64,48,5,0x27AFFA5655B58B31,0xC,319,0.150470219436,0,NA,0x0,0x6,0,0
64,48,6,0x27AFFA5655B58B31,0xC,308,0.155844155844,0,NA,0x0,0xC,0,0
64,48,7,0x27AFFA5655B58B31,0xC,326,0.147239263804,0,NA,0x0,0xC,0,0
64,56,0,0x27AFFA5655B58B31,0xC,259,0.216216216216,1,0x6,0xA,0xA,1,1
64,56,1,0x27AFFA5655B58B31,0xC,351,0.159544159544,1,0x1,0xD,0xD,1,1
64,56,2,0x27AFFA5655B58B31,0xC,361,0.155124653740,1,0xA,0x6,0x6,1,1
64,56,3,0x27AFFA5655B58B31,0xC,386,0.145077720207,1,0x5,0x9,0x9,1,1
64,56,4,0x27AFFA5655B58B31,0xC,284,0.197183098592,2,NA,0x0,0xA,0,0
64,56,5,0x27AFFA5655B58B31,0xC,362,0.154696132597,0,NA,0x0,0x6,0,0
64,56,6,0x27AFFA5655B58B31,0xC,369,0.151761517615,0,NA,0x0,0xC,0,0
64,56,7,0x27AFFA5655B58B31,0xC,369,0.151761517615,0,NA,0x0,0xC,0,0
64,64,0,0x27AFFA5655B58B31,0xC,318,0.201257861635,1,0x6,0xA,0xA,1,1
64,64,1,0x27AFFA5655B58B31,0xC,409,0.156479217604,1,0x1,0xD,0xD,1,1
64,64,2,0x27AFFA5655B58B31,0xC,416,0.153846153846,1,0xA,0x6,0x6,1,1
64,64,3,0x27AFFA5655B58B31,0xC,454,0.140969162996,1,0x5,0x9,0x9,1,1
64,64,4,0x27AFFA5655B58B31,0xC,351,0.182336182336,1,0x6,0xA,0xA,1,1
64,64,5,0x27AFFA5655B58B31,0xC,417,0.153477218225,1,0xA,0x6,0x6,1,1
64,64,6,0x27AFFA5655B58B31,0xC,419,0.152744630072,1,0x0,0xC,0xC,1,1
64,64,7,0x27AFFA5655B58B31,0xC,418,0.153110047847,1,0x0,0xC,0xC,1,1
64,72,0,0x27AFFA5655B58B31,0xC,385,0.187012987013,1,0x6,0xA,0xA,1,1
64,72,1,0x27AFFA5655B58B31,0xC,462,0.155844155844,1,0x1,0xD,0xD,1,1
64,72,2,0x27AFFA5655B58B31,0xC,451,0.159645232816,1,0xA,0x6,0x6,1,1
64,72,3,0x27AFFA5655B58B31,0xC,511,0.140900195695,1,0x5,0x9,0x9,1,1
64,72,4,0x27AFFA5655B58B31,0xC,426,0.169014084507,1,0x6,0xA,0xA,1,1
64,72,5,0x27AFFA5655B58B31,0xC,483,0.149068322981,1,0xA,0x6,0x6,1,1
64,72,6,0x27AFFA5655B58B31,0xC,493,0.146044624746,1,0x0,0xC,0xC,1,1
64,72,7,0x27AFFA5655B58B31,0xC,468,0.153846153846,1,0x0,0xC,0xC,1,1
64,80,0,0x27AFFA5655B58B31,0xC,431,0.185614849188,1,0x6,0xA,0xA,1,1
64,80,1,0x27AFFA5655B58B31,0xC,480,0.166666666667,1,0x1,0xD,0xD,1,1
64,80,2,0x27AFFA5655B58B31,0xC,486,0.164609053498,1,0xA,0x6,0x6,1,1
64,80,3,0x27AFFA5655B58B31,0xC,566,0.141342756184,1,0x5,0x9,0x9,1,1
64,80,4,0x27AFFA5655B58B31,0xC,455,0.175824175824,1,0x6,0xA,0xA,1,1
64,80,5,0x27AFFA5655B58B31,0xC,576,0.138888888889,1,0xA,0x6,0x6,1,1
64,80,6,0x27AFFA5655B58B31,0xC,525,0.152380952381,1,0x0,0xC,0xC,1,1
64,80,7,0x27AFFA5655B58B31,0xC,497,0.160965794769,1,0x0,0xC,0xC,1,1
64,96,0,0x27AFFA5655B58B31,0xC,545,0.176146788991,1,0x6,0xA,0xA,1,1
64,96,1,0x27AFFA5655B58B31,0xC,561,0.171122994652,1,0x1,0xD,0xD,1,1
64,96,2,0x27AFFA5655B58B31,0xC,564,0.170212765957,1,0xA,0x6,0x6,1,1
64,96,3,0x27AFFA5655B58B31,0xC,640,0.150000000000,1,0x5,0x9,0x9,1,1
64,96,4,0x27AFFA5655B58B31,0xC,559,0.171735241503,1,0x6,0xA,0xA,1,1
64,96,5,0x27AFFA5655B58B31,0xC,688,0.139534883721,1,0xA,0x6,0x6,1,1
64,96,6,0x27AFFA5655B58B31,0xC,632,0.151898734177,1,0x0,0xC,0xC,1,1
64,96,7,0x27AFFA5655B58B31,0xC,578,0.166089965398,1,0x0,0xC,0xC,1,1
64,112,0,0x27AFFA5655B58B31,0xC,659,0.169954476480,1,0x6,0xA,0xA,1,1
64,112,1,0x27AFFA5655B58B31,0xC,680,0.164705882353,1,0x1,0xD,0xD,1,1
64,112,2,0x27AFFA5655B58B31,0xC,642,0.174454828660,1,0xA,0x6,0x6,1,1
64,112,3,0x27AFFA5655B58B31,0xC,736,0.152173913043,1,0x5,0x9,0x9,1,1
64,112,4,0x27AFFA5655B58B31,0xC,620,0.180645161290,1,0x6,0xA,0xA,1,1
64,112,5,0x27AFFA5655B58B31,0xC,776,0.144329896907,1,0xA,0x6,0x6,1,1
64,112,6,0x27AFFA5655B58B31,0xC,742,0.150943396226,1,0x0,0xC,0xC,1,1
64,112,7,0x27AFFA5655B58B31,0xC,637,0.175824175824,1,0x0,0xC,0xC,1,1
64,128,0,0x27AFFA5655B58B31,0xC,805,0.159006211180,1,0x6,0xA,0xA,1,1
64,128,1,0x27AFFA5655B58B31,0xC,776,0.164948453608,1,0x1,0xD,0xD,1,1
64,128,2,0x27AFFA5655B58B31,0xC,719,0.178025034771,1,0xA,0x6,0x6,1,1
64,128,3,0x27AFFA5655B58B31,0xC,809,0.158220024722,1,0x5,0x9,0x9,1,1
64,128,4,0x27AFFA5655B58B31,0xC,704,0.181818181818,1,0x6,0xA,0xA,1,1
64,128,5,0x27AFFA5655B58B31,0xC,862,0.148491879350,1,0xA,0x6,0x6,1,1
64,128,6,0x27AFFA5655B58B31,0xC,877,0.145952109464,1,0x0,0xC,0xC,1,1
64,128,7,0x27AFFA5655B58B31,0xC,733,0.174624829468,1,0x0,0xC,0xC,1,1
64,160,0,0x27AFFA5655B58B31,0xC,960,0.166666666667,1,0x6,0xA,0xA,1,1
64,160,1,0x27AFFA5655B58B31,0xC,961,0.166493236212,1,0x1,0xD,0xD,1,1
64,160,2,0x27AFFA5655B58B31,0xC,872,0.183486238532,1,0xA,0x6,0x6,1,1
64,160,3,0x27AFFA5655B58B31,0xC,978,0.163599182004,1,0x5,0x9,0x9,1,1
64,160,4,0x27AFFA5655B58B31,0xC,850,0.188235294118,1,0x6,0xA,0xA,1,1
64,160,5,0x27AFFA5655B58B31,0xC,1044,0.153256704981,1,0xA,0x6,0x6,1,1
64,160,6,0x27AFFA5655B58B31,0xC,1103,0.145058930190,1,0x0,0xC,0xC,1,1
64,160,7,0x27AFFA5655B58B31,0xC,908,0.176211453744,1,0x0,0xC,0xC,1,1
64,192,0,0x27AFFA5655B58B31,0xC,1140,0.168421052632,1,0x6,0xA,0xA,1,1
64,192,1,0x27AFFA5655B58B31,0xC,1191,0.161209068010,1,0x1,0xD,0xD,1,1
64,192,2,0x27AFFA5655B58B31,0xC,1033,0.185866408519,1,0xA,0x6,0x6,1,1
64,192,3,0x27AFFA5655B58B31,0xC,1203,0.159600997506,1,0x5,0x9,0x9,1,1
64,192,4,0x27AFFA5655B58B31,0xC,1039,0.184793070260,1,0x6,0xA,0xA,1,1
64,192,5,0x27AFFA5655B58B31,0xC,1198,0.160267111853,1,0xA,0x6,0x6,1,1
64,192,6,0x27AFFA5655B58B31,0xC,1287,0.149184149184,1,0x0,0xC,0xC,1,1
64,192,7,0x27AFFA5655B58B31,0xC,1075,0.178604651163,1,0x0,0xC,0xC,1,1
64,256,0,0x27AFFA5655B58B31,0xC,1593,0.160703075957,1,0x6,0xA,0xA,1,1
64,256,1,0x27AFFA5655B58B31,0xC,1546,0.165588615783,1,0x1,0xD,0xD,1,1
64,256,2,0x27AFFA5655B58B31,0xC,1461,0.175222450376,1,0xA,0x6,0x6,1,1
64,256,3,0x27AFFA5655B58B31,0xC,1582,0.161820480405,1,0x5,0x9,0x9,1,1
64,256,4,0x27AFFA5655B58B31,0xC,1437,0.178148921364,1,0x6,0xA,0xA,1,1
64,256,5,0x27AFFA5655B58B31,0xC,1659,0.154309825196,1,0xA,0x6,0x6,1,1
64,256,6,0x27AFFA5655B58B31,0xC,1658,0.154402895054,1,0x0,0xC,0xC,1,1
64,256,7,0x27AFFA5655B58B31,0xC,1431,0.178895877009,1,0x0,0xC,0xC,1,1
65,16,0,0x5473CDA32319F25A,0xC,78,0.205128205128,7,NA,0x0,0xA,0,0
65,16,1,0x5473CDA32319F25A,0xC,53,0.301886792453,0,NA,0x0,0xD,0,0
65,16,2,0x5473CDA32319F25A,0xC,90,0.177777777778,0,NA,0x0,0x7,0,0
65,16,3,0x5473CDA32319F25A,0xC,131,0.122137404580,0,NA,0x0,0x3,0,0
65,16,4,0x5473CDA32319F25A,0xC,111,0.144144144144,0,NA,0x0,0x8,0,0
65,16,5,0x5473CDA32319F25A,0xC,72,0.222222222222,0,NA,0x0,0xE,0,0
65,16,6,0x5473CDA32319F25A,0xC,49,0.326530612245,0,NA,0x0,0xE,0,0
65,16,7,0x5473CDA32319F25A,0xC,99,0.161616161616,0,NA,0x0,0x2,0,0
65,24,0,0x5473CDA32319F25A,0xC,138,0.173913043478,7,NA,0x0,0xA,0,0
65,24,1,0x5473CDA32319F25A,0xC,97,0.247422680412,0,NA,0x0,0xD,0,0
65,24,2,0x5473CDA32319F25A,0xC,150,0.160000000000,0,NA,0x0,0x7,0,0
65,24,3,0x5473CDA32319F25A,0xC,175,0.137142857143,0,NA,0x0,0x3,0,0
65,24,4,0x5473CDA32319F25A,0xC,158,0.151898734177,0,NA,0x0,0x8,0,0
65,24,5,0x5473CDA32319F25A,0xC,157,0.152866242038,0,NA,0x0,0xE,0,0
65,24,6,0x5473CDA32319F25A,0xC,116,0.206896551724,0,NA,0x0,0xE,0,0
65,24,7,0x5473CDA32319F25A,0xC,129,0.186046511628,0,NA,0x0,0x2,0,0
65,32,0,0x5473CDA32319F25A,0xC,181,0.176795580110,5,NA,0x0,0xA,0,0
65,32,1,0x5473CDA32319F25A,0xC,136,0.235294117647,0,NA,0x0,0xD,0,0
65,32,2,0x5473CDA32319F25A,0xC,221,0.144796380090,0,NA,0x0,0x7,0,0
65,32,3,0x5473CDA32319F25A,0xC,228,0.140350877193,0,NA,0x0,0x3,0,0
65,32,4,0x5473CDA32319F25A,0xC,192,0.166666666667,0,NA,0x0,0x8,0,0
65,32,5,0x5473CDA32319F25A,0xC,197,0.162436548223,0,NA,0x0,0xE,0,0
65,32,6,0x5473CDA32319F25A,0xC,163,0.196319018405,0,NA,0x0,0xE,0,0
65,32,7,0x5473CDA32319F25A,0xC,177,0.180790960452,0,NA,0x0,0x2,0,0
65,40,0,0x5473CDA32319F25A,0xC,226,0.176991150442,3,NA,0x0,0xA,0,0
65,40,1,0x5473CDA32319F25A,0xC,189,0.211640211640,0,NA,0x0,0xD,0,0
65,40,2,0x5473CDA32319F25A,0xC,272,0.147058823529,0,NA,0x0,0x7,0,0
65,40,3,0x5473CDA32319F25A,0xC,280,0.142857142857,0,NA,0x0,0x3,0,0
65,40,4,0x5473CDA32319F25A,0xC,257,0.155642023346,0,NA,0x0,0x8,0,0
65,40,5,0x5473CDA32319F25A,0xC,277,0.144404332130,0,NA,0x0,0xE,0,0
65,40,6,0x5473CDA32319F25A,0xC,208,0.192307692308,0,NA,0x0,0xE,0,0
65,40,7,0x5473CDA32319F25A,0xC,225,0.177777777778,0,NA,0x0,0x2,0,0
65,48,0,0x5473CDA32319F25A,0xC,268,0.179104477612,2,NA,0x0,0xA,0,0
65,48,1,0x5473CDA32319F25A,0xC,228,0.210526315789,0,NA,0x0,0xD,0,0
65,48,2,0x5473CDA32319F25A,0xC,289,0.166089965398,0,NA,0x0,0x7,0,0
65,48,3,0x5473CDA32319F25A,0xC,359,0.133704735376,0,NA,0x0,0x3,0,0
65,48,4,0x5473CDA32319F25A,0xC,302,0.158940397351,0,NA,0x0,0x8,0,0
65,48,5,0x5473CDA32319F25A,0xC,357,0.134453781513,0,NA,0x0,0xE,0,0
65,48,6,0x5473CDA32319F25A,0xC,255,0.188235294118,0,NA,0x0,0xE,0,0
65,48,7,0x5473CDA32319F25A,0xC,259,0.185328185328,0,NA,0x0,0x2,0,0
65,56,0,0x5473CDA32319F25A,0xC,290,0.193103448276,1,0x6,0xA,0xA,1,1
65,56,1,0x5473CDA32319F25A,0xC,268,0.208955223881,2,NA,0x0,0xD,0,0
65,56,2,0x5473CDA32319F25A,0xC,335,0.167164179104,0,NA,0x0,0x7,0,0
65,56,3,0x5473CDA32319F25A,0xC,435,0.128735632184,0,NA,0x0,0x3,0,0
65,56,4,0x5473CDA32319F25A,0xC,354,0.158192090395,0,NA,0x0,0x8,0,0
65,56,5,0x5473CDA32319F25A,0xC,394,0.142131979695,0,NA,0x0,0xE,0,0
65,56,6,0x5473CDA32319F25A,0xC,298,0.187919463087,0,NA,0x0,0xE,0,0
65,56,7,0x5473CDA32319F25A,0xC,286,0.195804195804,0,NA,0x0,0x2,0,0
65,64,0,0x5473CDA32319F25A,0xC,339,0.188790560472,1,0x6,0xA,0xA,1,1
65,64,1,0x5473CDA32319F25A,0xC,332,0.192771084337,2,NA,0x0,0xD,0,0
65,64,2,0x5473CDA32319F25A,0xC,397,0.161209068010,0,NA,0x0,0x7,0,0
65,64,3,0x5473CDA32319F25A,0xC,472,0.135593220339,0,NA,0x0,0x3,0,0
65,64,4,0x5473CDA32319F25A,0xC,391,0.163682864450,0,NA,0x0,0x8,0,0
65,64,5,0x5473CDA32319F25A,0xC,464,0.137931034483,0,NA,0x0,0xE,0,0
65,64,6,0x5473CDA32319F25A,0xC,361,0.177285318560,0,NA,0x0,0xE,0,0
65,64,7,0x5473CDA32319F25A,0xC,345,0.185507246377,0,NA,0x0,0x2,0,0
65,72,0,0x5473CDA32319F25A,0xC,365,0.197260273973,1,0x6,0xA,0xA,1,1
65,72,1,0x5473CDA32319F25A,0xC,365,0.197260273973,1,0x1,0xD,0xD,1,1
65,72,2,0x5473CDA32319F25A,0xC,486,0.148148148148,1,0xB,0x7,0x7,1,1
65,72,3,0x5473CDA32319F25A,0xC,514,0.140077821012,1,0xF,0x3,0x3,1,1
65,72,4,0x5473CDA32319F25A,0xC,429,0.167832167832,1,0x4,0x8,0x8,1,1
65,72,5,0x5473CDA32319F25A,0xC,507,0.142011834320,1,0x2,0xE,0xE,1,1
65,72,6,0x5473CDA32319F25A,0xC,396,0.181818181818,1,0x2,0xE,0xE,1,1
65,72,7,0x5473CDA32319F25A,0xC,407,0.176904176904,2,NA,0x0,0x2,0,0
65,80,0,0x5473CDA32319F25A,0xC,418,0.191387559809,1,0x6,0xA,0xA,1,1
65,80,1,0x5473CDA32319F25A,0xC,463,0.172786177106,1,0x1,0xD,0xD,1,1
65,80,2,0x5473CDA32319F25A,0xC,545,0.146788990826,1,0xB,0x7,0x7,1,1
65,80,3,0x5473CDA32319F25A,0xC,581,0.137693631670,1,0xF,0x3,0x3,1,1
65,80,4,0x5473CDA32319F25A,0xC,523,0.152963671128,1,0x4,0x8,0x8,1,1
65,80,5,0x5473CDA32319F25A,0xC,574,0.139372822300,1,0x2,0xE,0xE,1,1
65,80,6,0x5473CDA32319F25A,0xC,470,0.170212765957,1,0x2,0xE,0xE,1,1
65,80,7,0x5473CDA32319F25A,0xC,461,0.173535791757,1,0xE,0x2,0x2,1,1
65,96,0,0x5473CDA32319F25A,0xC,511,0.187866927593,1,0x6,0xA,0xA,1,1
65,96,1,0x5473CDA32319F25A,0xC,540,0.177777777778,1,0x1,0xD,0xD,1,1
65,96,2,0x5473CDA32319F25A,0xC,649,0.147919876733,1,0xB,0x7,0x7,1,1
65,96,3,0x5473CDA32319F25A,0xC,669,0.143497757848,1,0xF,0x3,0x3,1,1
65,96,4,0x5473CDA32319F25A,0xC,617,0.155591572123,1,0x4,0x8,0x8,1,1
65,96,5,0x5473CDA32319F25A,0xC,628,0.152866242038,1,0x2,0xE,0xE,1,1
65,96,6,0x5473CDA32319F25A,0xC,544,0.176470588235,1,0x2,0xE,0xE,1,1
65,96,7,0x5473CDA32319F25A,0xC,567,0.169312169312,1,0xE,0x2,0x2,1,1
65,112,0,0x5473CDA32319F25A,0xC,625,0.179200000000,1,0x6,0xA,0xA,1,1
65,112,1,0x5473CDA32319F25A,0xC,616,0.181818181818,1,0x1,0xD,0xD,1,1
65,112,2,0x5473CDA32319F25A,0xC,734,0.152588555858,1,0xB,0x7,0x7,1,1
65,112,3,0x5473CDA32319F25A,0xC,751,0.149134487350,1,0xF,0x3,0x3,1,1
65,112,4,0x5473CDA32319F25A,0xC,738,0.151761517615,1,0x4,0x8,0x8,1,1
65,112,5,0x5473CDA32319F25A,0xC,691,0.162083936324,1,0x2,0xE,0xE,1,1
65,112,6,0x5473CDA32319F25A,0xC,626,0.178913738019,1,0x2,0xE,0xE,1,1
65,112,7,0x5473CDA32319F25A,0xC,649,0.172573189522,1,0xE,0x2,0x2,1,1
65,128,0,0x5473CDA32319F25A,0xC,738,0.173441734417,1,0x6,0xA,0xA,1,1
65,128,1,0x5473CDA32319F25A,0xC,708,0.180790960452,1,0x1,0xD,0xD,1,1
65,128,2,0x5473CDA32319F25A,0xC,822,0.155717761557,1,0xB,0x7,0x7,1,1
65,128,3,0x5473CDA32319F25A,0xC,889,0.143982002250,1,0xF,0x3,0x3,1,1
65,128,4,0x5473CDA32319F25A,0xC,838,0.152744630072,1,0x4,0x8,0x8,1,1
65,128,5,0x5473CDA32319F25A,0xC,760,0.168421052632,1,0x2,0xE,0xE,1,1
65,128,6,0x5473CDA32319F25A,0xC,762,0.167979002625,1,0x2,0xE,0xE,1,1
65,128,7,0x5473CDA32319F25A,0xC,786,0.162849872774,1,0xE,0x2,0x2,1,1
65,160,0,0x5473CDA32319F25A,0xC,922,0.173535791757,1,0x6,0xA,0xA,1,1
65,160,1,0x5473CDA32319F25A,0xC,914,0.175054704595,1,0x1,0xD,0xD,1,1
65,160,2,0x5473CDA32319F25A,0xC,1022,0.156555772994,1,0xB,0x7,0x7,1,1
65,160,3,0x5473CDA32319F25A,0xC,1040,0.153846153846,1,0xF,0x3,0x3,1,1
65,160,4,0x5473CDA32319F25A,0xC,1019,0.157016683023,1,0x4,0x8,0x8,1,1
65,160,5,0x5473CDA32319F25A,0xC,931,0.171858216971,1,0x2,0xE,0xE,1,1
65,160,6,0x5473CDA32319F25A,0xC,933,0.171489817792,1,0x2,0xE,0xE,1,1
65,160,7,0x5473CDA32319F25A,0xC,1006,0.159045725646,1,0xE,0x2,0x2,1,1
65,192,0,0x5473CDA32319F25A,0xC,1112,0.172661870504,1,0x6,0xA,0xA,1,1
65,192,1,0x5473CDA32319F25A,0xC,1143,0.167979002625,1,0x1,0xD,0xD,1,1
65,192,2,0x5473CDA32319F25A,0xC,1241,0.154713940371,1,0xB,0x7,0x7,1,1
65,192,3,0x5473CDA32319F25A,0xC,1192,0.161073825503,1,0xF,0x3,0x3,1,1
65,192,4,0x5473CDA32319F25A,0xC,1173,0.163682864450,1,0x4,0x8,0x8,1,1
65,192,5,0x5473CDA32319F25A,0xC,1135,0.169162995595,1,0x2,0xE,0xE,1,1
65,192,6,0x5473CDA32319F25A,0xC,1123,0.170970614426,1,0x2,0xE,0xE,1,1
65,192,7,0x5473CDA32319F25A,0xC,1213,0.158285243199,1,0xE,0x2,0x2,1,1
65,256,0,0x5473CDA32319F25A,0xC,1440,0.177777777778,1,0x6,0xA,0xA,1,1
65,256,1,0x5473CDA32319F25A,0xC,1464,0.174863387978,1,0x1,0xD,0xD,1,1
65,256,2,0x5473CDA32319F25A,0xC,1617,0.158317872604,1,0xB,0x7,0x7,1,1
65,256,3,0x5473CDA32319F25A,0xC,1574,0.162642947903,1,0xF,0x3,0x3,1,1
65,256,4,0x5473CDA32319F25A,0xC,1543,0.165910563837,1,0x4,0x8,0x8,1,1
65,256,5,0x5473CDA32319F25A,0xC,1580,0.162025316456,1,0x2,0xE,0xE,1,1
65,256,6,0x5473CDA32319F25A,0xC,1578,0.162230671736,1,0x2,0xE,0xE,1,1
65,256,7,0x5473CDA32319F25A,0xC,1594,0.160602258469,1,0xE,0x2,0x2,1,1
66,16,0,0xF45F9FBBD6458C4B,0xE,93,0.172043010753,8,NA,0x0,0xB,0,0
66,16,1,0xF45F9FBBD6458C4B,0xE,126,0.126984126984,0,NA,0x0,0x8,0,0
66,16,2,0xF45F9FBBD6458C4B,0xE,113,0.141592920354,0,NA,0x0,0xD,0,0
66,16,3,0xF45F9FBBD6458C4B,0xE,134,0.119402985075,0,NA,0x0,0xF,0,0
66,16,4,0xF45F9FBBD6458C4B,0xE,125,0.128000000000,0,NA,0x0,0x9,0,0
66,16,5,0xF45F9FBBD6458C4B,0xE,138,0.115942028986,0,NA,0x0,0xA,0,0
66,16,6,0xF45F9FBBD6458C4B,0xE,113,0.141592920354,0,NA,0x0,0xF,0,0
66,16,7,0xF45F9FBBD6458C4B,0xE,80,0.200000000000,0,NA,0x0,0x9,0,0
66,24,0,0xF45F9FBBD6458C4B,0xE,147,0.163265306122,4,NA,0x0,0xB,0,0
66,24,1,0xF45F9FBBD6458C4B,0xE,197,0.121827411168,0,NA,0x0,0x8,0,0
66,24,2,0xF45F9FBBD6458C4B,0xE,155,0.154838709677,0,NA,0x0,0xD,0,0
66,24,3,0xF45F9FBBD6458C4B,0xE,158,0.151898734177,0,NA,0x0,0xF,0,0
66,24,4,0xF45F9FBBD6458C4B,0xE,178,0.134831460674,0,NA,0x0,0x9,0,0
66,24,5,0xF45F9FBBD6458C4B,0xE,201,0.119402985075,0,NA,0x0,0xA,0,0
66,24,6,0xF45F9FBBD6458C4B,0xE,175,0.137142857143,0,NA,0x0,0xF,0,0
66,24,7,0xF45F9FBBD6458C4B,0xE,144,0.166666666667,0,NA,0x0,0x9,0,0
66,32,0,0xF45F9FBBD6458C4B,0xE,185,0.172972972973,4,NA,0x0,0xB,0,0
66,32,1,0xF45F9FBBD6458C4B,0xE,232,0.137931034483,0,NA,0x0,0x8,0,0
66,32,2,0xF45F9FBBD6458C4B,0xE,215,0.148837209302,0,NA,0x0,0xD,0,0
66,32,3,0xF45F9FBBD6458C4B,0xE,199,0.160804020101,0,NA,0x0,0xF,0,0
66,32,4,0xF45F9FBBD6458C4B,0xE,219,0.146118721461,0,NA,0x0,0x9,0,0
66,32,5,0xF45F9FBBD6458C4B,0xE,236,0.135593220339,0,NA,0x0,0xA,0,0
66,32,6,0xF45F9FBBD6458C4B,0xE,213,0.150234741784,0,NA,0x0,0xF,0,0
66,32,7,0xF45F9FBBD6458C4B,0xE,200,0.160000000000,0,NA,0x0,0x9,0,0
66,40,0,0xF45F9FBBD6458C4B,0xE,225,0.177777777778,2,NA,0x0,0xB,0,0
66,40,1,0xF45F9FBBD6458C4B,0xE,294,0.136054421769,0,NA,0x0,0x8,0,0
66,40,2,0xF45F9FBBD6458C4B,0xE,247,0.161943319838,0,NA,0x0,0xD,0,0
66,40,3,0xF45F9FBBD6458C4B,0xE,249,0.160642570281,0,NA,0x0,0xF,0,0
66,40,4,0xF45F9FBBD6458C4B,0xE,255,0.156862745098,0,NA,0x0,0x9,0,0
66,40,5,0xF45F9FBBD6458C4B,0xE,269,0.148698884758,0,NA,0x0,0xA,0,0
66,40,6,0xF45F9FBBD6458C4B,0xE,253,0.158102766798,0,NA,0x0,0xF,0,0
66,40,7,0xF45F9FBBD6458C4B,0xE,247,0.161943319838,0,NA,0x0,0x9,0,0
66,48,0,0xF45F9FBBD6458C4B,0xE,262,0.183206106870,2,NA,0x0,0xB,0,0
66,48,1,0xF45F9FBBD6458C4B,0xE,355,0.135211267606,0,NA,0x0,0x8,0,0
66,48,2,0xF45F9FBBD6458C4B,0xE,321,0.149532710280,0,NA,0x0,0xD,0,0
66,48,3,0xF45F9FBBD6458C4B,0xE,286,0.167832167832,0,NA,0x0,0xF,0,0
66,48,4,0xF45F9FBBD6458C4B,0xE,326,0.147239263804,0,NA,0x0,0x9,0,0
66,48,5,0xF45F9FBBD6458C4B,0xE,307,0.156351791531,0,NA,0x0,0xA,0,0
66,48,6,0xF45F9FBBD6458C4B,0xE,292,0.164383561644,0,NA,0x0,0xF,0,0
66,48,7,0xF45F9FBBD6458C4B,0xE,284,0.169014084507,0,NA,0x0,0x9,0,0
66,56,0,0xF45F9FBBD6458C4B,0xE,309,0.181229773463,2,NA,0x0,0xB,0,0
66,56,1,0xF45F9FBBD6458C4B,0xE,403,0.138957816377,0,NA,0x0,0x8,0,0
66,56,2,0xF45F9FBBD6458C4B,0xE,363,0.154269972452,0,NA,0x0,0xD,0,0
66,56,3,0xF45F9FBBD6458C4B,0xE,322,0.173913043478,0,NA,0x0,0xF,0,0
66,56,4,0xF45F9FBBD6458C4B,0xE,374,0.149732620321,0,NA,0x0,0x9,0,0
66,56,5,0xF45F9FBBD6458C4B,0xE,350,0.160000000000,0,NA,0x0,0xA,0,0
66,56,6,0xF45F9FBBD6458C4B,0xE,346,0.161849710983,0,NA,0x0,0xF,0,0
66,56,7,0xF45F9FBBD6458C4B,0xE,360,0.155555555556,0,NA,0x0,0x9,0,0
66,64,0,0xF45F9FBBD6458C4B,0xE,357,0.179271708683,2,NA,0x0,0xB,0,0
66,64,1,0xF45F9FBBD6458C4B,0xE,447,0.143176733781,0,NA,0x0,0x8,0,0
66,64,2,0xF45F9FBBD6458C4B,0xE,408,0.156862745098,0,NA,0x0,0xD,0,0
66,64,3,0xF45F9FBBD6458C4B,0xE,369,0.173441734417,0,NA,0x0,0xF,0,0
66,64,4,0xF45F9FBBD6458C4B,0xE,417,0.153477218225,0,NA,0x0,0x9,0,0
66,64,5,0xF45F9FBBD6458C4B,0xE,380,0.168421052632,0,NA,0x0,0xA,0,0
66,64,6,0xF45F9FBBD6458C4B,0xE,408,0.156862745098,0,NA,0x0,0xF,0,0
66,64,7,0xF45F9FBBD6458C4B,0xE,414,0.154589371981,0,NA,0x0,0x9,0,0
66,72,0,0xF45F9FBBD6458C4B,0xE,391,0.184143222506,2,NA,0x0,0xB,0,0
66,72,1,0xF45F9FBBD6458C4B,0xE,474,0.151898734177,0,NA,0x0,0x8,0,0
66,72,2,0xF45F9FBBD6458C4B,0xE,452,0.159292035398,0,NA,0x0,0xD,0,0
66,72,3,0xF45F9FBBD6458C4B,0xE,406,0.177339901478,0,NA,0x0,0xF,0,0
66,72,4,0xF45F9FBBD6458C4B,0xE,464,0.155172413793,0,NA,0x0,0x9,0,0
66,72,5,0xF45F9FBBD6458C4B,0xE,402,0.179104477612,0,NA,0x0,0xA,0,0
66,72,6,0xF45F9FBBD6458C4B,0xE,453,0.158940397351,0,NA,0x0,0xF,0,0
66,72,7,0xF45F9FBBD6458C4B,0xE,453,0.158940397351,0,NA,0x0,0x9,0,0
66,80,0,0xF45F9FBBD6458C4B,0xE,445,0.179775280899,1,0x5,0xB,0xB,1,1
66,80,1,0xF45F9FBBD6458C4B,0xE,511,0.156555772994,1,0x6,0x8,0x8,1,1
66,80,2,0xF45F9FBBD6458C4B,0xE,529,0.151228733459,1,0x3,0xD,0xD,1,1
66,80,3,0xF45F9FBBD6458C4B,0xE,449,0.178173719376,1,0x1,0xF,0xF,1,1
66,80,4,0xF45F9FBBD6458C4B,0xE,503,0.159045725646,1,0x7,0x9,0x9,1,1
66,80,5,0xF45F9FBBD6458C4B,0xE,431,0.185614849188,2,NA,0x0,0xA,0,0
66,80,6,0xF45F9FBBD6458C4B,0xE,493,0.162271805274,0,NA,0x0,0xF,0,0
66,80,7,0xF45F9FBBD6458C4B,0xE,484,0.165289256198,0,NA,0x0,0x9,0,0
66,96,0,0xF45F9FBBD6458C4B,0xE,536,0.179104477612,1,0x5,0xB,0xB,1,1
66,96,1,0xF45F9FBBD6458C4B,0xE,575,0.166956521739,1,0x6,0x8,0x8,1,1
66,96,2,0xF45F9FBBD6458C4B,0xE,607,0.158154859967,1,0x3,0xD,0xD,1,1
66,96,3,0xF45F9FBBD6458C4B,0xE,518,0.185328185328,1,0x1,0xF,0xF,1,1
66,96,4,0xF45F9FBBD6458C4B,0xE,562,0.170818505338,1,0x7,0x9,0x9,1,1
66,96,5,0xF45F9FBBD6458C4B,0xE,506,0.189723320158,1,0x4,0xA,0xA,1,1
66,96,6,0xF45F9FBBD6458C4B,0xE,599,0.160267111853,1,0x1,0xF,0xF,1,1
66,96,7,0xF45F9FBBD6458C4B,0xE,575,0.166956521739,1,0x7,0x9,0x9,1,1
66,112,0,0xF45F9FBBD6458C4B,0xE,648,0.172839506173,1,0x5,0xB,0xB,1,1
66,112,1,0xF45F9FBBD6458C4B,0xE,664,0.168674698795,1,0x6,0x8,0x8,1,1
66,112,2,0xF45F9FBBD6458C4B,0xE,691,0.162083936324,1,0x3,0xD,0xD,1,1
66,112,3,0xF45F9FBBD6458C4B,0xE,612,0.183006535948,1,0x1,0xF,0xF,1,1
66,112,4,0xF45F9FBBD6458C4B,0xE,643,0.174183514774,1,0x7,0x9,0x9,1,1
66,112,5,0xF45F9FBBD6458C4B,0xE,612,0.183006535948,1,0x4,0xA,0xA,1,1
66,112,6,0xF45F9FBBD6458C4B,0xE,706,0.158640226629,1,0x1,0xF,0xF,1,1
66,112,7,0xF45F9FBBD6458C4B,0xE,669,0.167414050822,1,0x7,0x9,0x9,1,1
66,128,0,0xF45F9FBBD6458C4B,0xE,786,0.162849872774,1,0x5,0xB,0xB,1,1
66,128,1,0xF45F9FBBD6458C4B,0xE,843,0.151838671412,1,0x6,0x8,0x8,1,1
66,128,2,0xF45F9FBBD6458C4B,0xE,784,0.163265306122,1,0x3,0xD,0xD,1,1
66,128,3,0xF45F9FBBD6458C4B,0xE,713,0.179523141655,1,0x1,0xF,0xF,1,1
66,128,4,0xF45F9FBBD6458C4B,0xE,752,0.170212765957,1,0x7,0x9,0x9,1,1
66,128,5,0xF45F9FBBD6458C4B,0xE,747,0.171352074967,1,0x4,0xA,0xA,1,1
66,128,6,0xF45F9FBBD6458C4B,0xE,772,0.165803108808,1,0x1,0xF,0xF,1,1
66,128,7,0xF45F9FBBD6458C4B,0xE,770,0.166233766234,1,0x7,0x9,0x9,1,1
66,160,0,0xF45F9FBBD6458C4B,0xE,1000,0.160000000000,1,0x5,0xB,0xB,1,1
66,160,1,0xF45F9FBBD6458C4B,0xE,1037,0.154291224687,1,0x6,0x8,0x8,1,1
66,160,2,0xF45F9FBBD6458C4B,0xE,977,0.163766632549,1,0x3,0xD,0xD,1,1
66,160,3,0xF45F9FBBD6458C4B,0xE,918,0.174291938998,1,0x1,0xF,0xF,1,1
66,160,4,0xF45F9FBBD6458C4B,0xE,953,0.167890870934,1,0x7,0x9,0x9,1,1
66,160,5,0xF45F9FBBD6458C4B,0xE,930,0.172043010753,1,0x4,0xA,0xA,1,1
66,160,6,0xF45F9FBBD6458C4B,0xE,951,0.168243953733,1,0x1,0xF,0xF,1,1
66,160,7,0xF45F9FBBD6458C4B,0xE,953,0.167890870934,1,0x7,0x9,0x9,1,1
66,192,0,0xF45F9FBBD6458C4B,0xE,1196,0.160535117057,1,0x5,0xB,0xB,1,1
66,192,1,0xF45F9FBBD6458C4B,0xE,1252,0.153354632588,1,0x6,0x8,0x8,1,1
66,192,2,0xF45F9FBBD6458C4B,0xE,1152,0.166666666667,1,0x3,0xD,0xD,1,1
66,192,3,0xF45F9FBBD6458C4B,0xE,1134,0.169312169312,1,0x1,0xF,0xF,1,1
66,192,4,0xF45F9FBBD6458C4B,0xE,1154,0.166377816291,1,0x7,0x9,0x9,1,1
66,192,5,0xF45F9FBBD6458C4B,0xE,1131,0.169761273210,1,0x4,0xA,0xA,1,1
66,192,6,0xF45F9FBBD6458C4B,0xE,1117,0.171888988362,1,0x1,0xF,0xF,1,1
66,192,7,0xF45F9FBBD6458C4B,0xE,1144,0.167832167832,1,0x7,0x9,0x9,1,1
66,256,0,0xF45F9FBBD6458C4B,0xE,1589,0.161107614852,1,0x5,0xB,0xB,1,1
66,256,1,0xF45F9FBBD6458C4B,0xE,1648,0.155339805825,1,0x6,0x8,0x8,1,1
66,256,2,0xF45F9FBBD6458C4B,0xE,1577,0.162333544705,1,0x3,0xD,0xD,1,1
66,256,3,0xF45F9FBBD6458C4B,0xE,1543,0.165910563837,1,0x1,0xF,0xF,1,1
66,256,4,0xF45F9FBBD6458C4B,0xE,1457,0.175703500343,1,0x7,0x9,0x9,1,1
66,256,5,0xF45F9FBBD6458C4B,0xE,1473,0.173794976239,1,0x4,0xA,0xA,1,1
66,256,6,0xF45F9FBBD6458C4B,0xE,1480,0.172972972973,1,0x1,0xF,0xF,1,1
66,256,7,0xF45F9FBBD6458C4B,0xE,1446,0.177040110650,1,0x7,0x9,0x9,1,1
67,16,0,0xA4F874F955DB8773,0xC,150,0.106666666667,8,NA,0x0,0xD,0,0
67,16,1,0xA4F874F955DB8773,0xC,75,0.213333333333,0,NA,0x0,0xD,0,0
67,16,2,0xA4F874F955DB8773,0xC,104,0.153846153846,0,NA,0x0,0x0,0,0
67,16,3,0xA4F874F955DB8773,0xC,99,0.161616161616,0,NA,0x0,0x6,0,0
67,16,4,0xA4F874F955DB8773,0xC,136,0.117647058824,0,NA,0x0,0x9,0,0
67,16,5,0xA4F874F955DB8773,0xC,87,0.183908045977,0,NA,0x0,0xA,0,0
67,16,6,0xA4F874F955DB8773,0xC,127,0.125984251969,0,NA,0x0,0xE,0,0
67,16,7,0xA4F874F955DB8773,0xC,65,0.246153846154,0,NA,0x0,0xD,0,0
67,24,0,0xA4F874F955DB8773,0xC,190,0.126315789474,6,NA,0x0,0xD,0,0
67,24,1,0xA4F874F955DB8773,0xC,117,0.205128205128,0,NA,0x0,0xD,0,0
67,24,2,0xA4F874F955DB8773,0xC,168,0.142857142857,0,NA,0x0,0x0,0,0
67,24,3,0xA4F874F955DB8773,0xC,134,0.179104477612,0,NA,0x0,0x6,0,0
67,24,4,0xA4F874F955DB8773,0xC,190,0.126315789474,0,NA,0x0,0x9,0,0
67,24,5,0xA4F874F955DB8773,0xC,127,0.188976377953,0,NA,0x0,0xA,0,0
67,24,6,0xA4F874F955DB8773,0xC,173,0.138728323699,0,NA,0x0,0xE,0,0
67,24,7,0xA4F874F955DB8773,0xC,97,0.247422680412,0,NA,0x0,0xD,0,0
67,32,0,0xA4F874F955DB8773,0xC,252,0.126984126984,3,NA,0x0,0xD,0,0
67,32,1,0xA4F874F955DB8773,0xC,172,0.186046511628,0,NA,0x0,0xD,0,0
67,32,2,0xA4F874F955DB8773,0xC,221,0.144796380090,0,NA,0x0,0x0,0,0
67,32,3,0xA4F874F955DB8773,0xC,166,0.192771084337,0,NA,0x0,0x6,0,0
67,32,4,0xA4F874F955DB8773,0xC,249,0.128514056225,0,NA,0x0,0x9,0,0
67,32,5,0xA4F874F955DB8773,0xC,203,0.157635467980,0,NA,0x0,0xA,0,0
67,32,6,0xA4F874F955DB8773,0xC,229,0.139737991266,0,NA,0x0,0xE,0,0
67,32,7,0xA4F874F955DB8773,0xC,152,0.210526315789,0,NA,0x0,0xD,0,0
67,40,0,0xA4F874F955DB8773,0xC,277,0.144404332130,2,NA,0x0,0xD,0,0
67,40,1,0xA4F874F955DB8773,0xC,223,0.179372197309,0,NA,0x0,0xD,0,0
67,40,2,0xA4F874F955DB8773,0xC,257,0.155642023346,0,NA,0x0,0x0,0,0
67,40,3,0xA4F874F955DB8773,0xC,207,0.193236714976,0,NA,0x0,0x6,0,0
67,40,4,0xA4F874F955DB8773,0xC,293,0.136518771331,0,NA,0x0,0x9,0,0
67,40,5,0xA4F874F955DB8773,0xC,239,0.167364016736,0,NA,0x0,0xA,0,0
67,40,6,0xA4F874F955DB8773,0xC,295,0.135593220339,0,NA,0x0,0xE,0,0
67,40,7,0xA4F874F955DB8773,0xC,197,0.203045685279,0,NA,0x0,0xD,0,0
67,48,0,0xA4F874F955DB8773,0xC,313,0.153354632588,2,NA,0x0,0xD,0,0
67,48,1,0xA4F874F955DB8773,0xC,261,0.183908045977,0,NA,0x0,0xD,0,0
67,48,2,0xA4F874F955DB8773,0xC,278,0.172661870504,0,NA,0x0,0x0,0,0
67,48,3,0xA4F874F955DB8773,0xC,267,0.179775280899,0,NA,0x0,0x6,0,0
67,48,4,0xA4F874F955DB8773,0xC,345,0.139130434783,0,NA,0x0,0x9,0,0
67,48,5,0xA4F874F955DB8773,0xC,292,0.164383561644,0,NA,0x0,0xA,0,0
67,48,6,0xA4F874F955DB8773,0xC,340,0.141176470588,0,NA,0x0,0xE,0,0
67,48,7,0xA4F874F955DB8773,0xC,236,0.203389830508,0,NA,0x0,0xD,0,0
67,56,0,0xA4F874F955DB8773,0xC,340,0.164705882353,1,0x1,0xD,0xD,1,1
67,56,1,0xA4F874F955DB8773,0xC,308,0.181818181818,1,0x1,0xD,0xD,1,1
67,56,2,0xA4F874F955DB8773,0xC,323,0.173374613003,1,0xC,0x0,0x0,1,1
67,56,3,0xA4F874F955DB8773,0xC,337,0.166172106825,1,0xA,0x6,0x6,1,1
67,56,4,0xA4F874F955DB8773,0xC,386,0.145077720207,2,NA,0x0,0x9,0,0
67,56,5,0xA4F874F955DB8773,0xC,336,0.166666666667,0,NA,0x0,0xA,0,0
67,56,6,0xA4F874F955DB8773,0xC,380,0.147368421053,0,NA,0x0,0xE,0,0
67,56,7,0xA4F874F955DB8773,0xC,292,0.191780821918,0,NA,0x0,0xD,0,0
67,64,0,0xA4F874F955DB8773,0xC,384,0.166666666667,1,0x1,0xD,0xD,1,1
67,64,1,0xA4F874F955DB8773,0xC,348,0.183908045977,1,0x1,0xD,0xD,1,1
67,64,2,0xA4F874F955DB8773,0xC,380,0.168421052632,1,0xC,0x0,0x0,1,1
67,64,3,0xA4F874F955DB8773,0xC,383,0.167101827676,1,0xA,0x6,0x6,1,1
67,64,4,0xA4F874F955DB8773,0xC,461,0.138828633406,2,NA,0x0,0x9,0,0
67,64,5,0xA4F874F955DB8773,0xC,382,0.167539267016,0,NA,0x0,0xA,0,0
67,64,6,0xA4F874F955DB8773,0xC,475,0.134736842105,0,NA,0x0,0xE,0,0
67,64,7,0xA4F874F955DB8773,0xC,338,0.189349112426,0,NA,0x0,0xD,0,0
67,72,0,0xA4F874F955DB8773,0xC,424,0.169811320755,1,0x1,0xD,0xD,1,1
67,72,1,0xA4F874F955DB8773,0xC,415,0.173493975904,1,0x1,0xD,0xD,1,1
67,72,2,0xA4F874F955DB8773,0xC,460,0.156521739130,1,0xC,0x0,0x0,1,1
67,72,3,0xA4F874F955DB8773,0xC,432,0.166666666667,1,0xA,0x6,0x6,1,1
67,72,4,0xA4F874F955DB8773,0xC,496,0.145161290323,2,NA,0x0,0x9,0,0
67,72,5,0xA4F874F955DB8773,0xC,410,0.175609756098,0,NA,0x0,0xA,0,0
67,72,6,0xA4F874F955DB8773,0xC,517,0.139264990329,0,NA,0x0,0xE,0,0
67,72,7,0xA4F874F955DB8773,0xC,396,0.181818181818,0,NA,0x0,0xD,0,0
67,80,0,0xA4F874F955DB8773,0xC,458,0.174672489083,1,0x1,0xD,0xD,1,1
67,80,1,0xA4F874F955DB8773,0xC,457,0.175054704595,1,0x1,0xD,0xD,1,1
67,80,2,0xA4F874F955DB8773,0xC,495,0.161616161616,1,0xC,0x0,0x0,1,1
67,80,3,0xA4F874F955DB8773,0xC,487,0.164271047228,1,0xA,0x6,0x6,1,1
67,80,4,0xA4F874F955DB8773,0xC,536,0.149253731343,1,0x5,0x9,0x9,1,1
67,80,5,0xA4F874F955DB8773,0xC,468,0.170940170940,1,0x6,0xA,0xA,1,1
67,80,6,0xA4F874F955DB8773,0xC,562,0.142348754448,1,0x2,0xE,0xE,1,1
67,80,7,0xA4F874F955DB8773,0xC,431,0.185614849188,1,0x1,0xD,0xD,1,1
67,96,0,0xA4F874F955DB8773,0xC,583,0.164665523156,1,0x1,0xD,0xD,1,1
67,96,1,0xA4F874F955DB8773,0xC,581,0.165232358003,1,0x1,0xD,0xD,1,1
67,96,2,0xA4F874F955DB8773,0xC,606,0.158415841584,1,0xC,0x0,0x0,1,1
67,96,3,0xA4F874F955DB8773,0xC,587,0.163543441227,1,0xA,0x6,0x6,1,1
67,96,4,0xA4F874F955DB8773,0xC,648,0.148148148148,1,0x5,0x9,0x9,1,1
67,96,5,0xA4F874F955DB8773,0xC,593,0.161888701518,1,0x6,0xA,0xA,1,1
67,96,6,0xA4F874F955DB8773,0xC,633,0.151658767773,1,0x2,0xE,0xE,1,1
67,96,7,0xA4F874F955DB8773,0xC,512,0.187500000000,1,0x1,0xD,0xD,1,1
67,112,0,0xA4F874F955DB8773,0xC,692,0.161849710983,1,0x1,0xD,0xD,1,1
67,112,1,0xA4F874F955DB8773,0xC,665,0.168421052632,1,0x1,0xD,0xD,1,1
67,112,2,0xA4F874F955DB8773,0xC,675,0.165925925926,1,0xC,0x0,0x0,1,1
67,112,3,0xA4F874F955DB8773,0xC,692,0.161849710983,1,0xA,0x6,0x6,1,1
67,112,4,0xA4F874F955DB8773,0xC,749,0.149532710280,1,0x5,0x9,0x9,1,1
67,112,5,0xA4F874F955DB8773,0xC,715,0.156643356643,1,0x6,0xA,0xA,1,1
67,112,6,0xA4F874F955DB8773,0xC,717,0.156206415621,1,0x2,0xE,0xE,1,1
67,112,7,0xA4F874F955DB8773,0xC,600,0.186666666667,1,0x1,0xD,0xD,1,1
67,128,0,0xA4F874F955DB8773,0xC,774,0.165374677003,1,0x1,0xD,0xD,1,1
67,128,1,0xA4F874F955DB8773,0xC,780,0.164102564103,1,0x1,0xD,0xD,1,1
67,128,2,0xA4F874F955DB8773,0xC,804,0.159203980100,1,0xC,0x0,0x0,1,1
67,128,3,0xA4F874F955DB8773,0xC,796,0.160804020101,1,0xA,0x6,0x6,1,1
67,128,4,0xA4F874F955DB8773,0xC,843,0.151838671412,1,0x5,0x9,0x9,1,1
67,128,5,0xA4F874F955DB8773,0xC,847,0.151121605667,1,0x6,0xA,0xA,1,1
67,128,6,0xA4F874F955DB8773,0xC,861,0.148664343786,1,0x2,0xE,0xE,1,1
67,128,7,0xA4F874F955DB8773,0xC,670,0.191044776119,1,0x1,0xD,0xD,1,1
67,160,0,0xA4F874F955DB8773,0xC,942,0.169851380042,1,0x1,0xD,0xD,1,1
67,160,1,0xA4F874F955DB8773,0xC,987,0.162107396150,1,0x1,0xD,0xD,1,1
67,160,2,0xA4F874F955DB8773,0xC,1020,0.156862745098,1,0xC,0x0,0x0,1,1
67,160,3,0xA4F874F955DB8773,0xC,944,0.169491525424,1,0xA,0x6,0x6,1,1
67,160,4,0xA4F874F955DB8773,0xC,1066,0.150093808630,1,0x5,0x9,0x9,1,1
67,160,5,0xA4F874F955DB8773,0xC,981,0.163098878695,1,0x6,0xA,0xA,1,1
67,160,6,0xA4F874F955DB8773,0xC,1072,0.149253731343,1,0x2,0xE,0xE,1,1
67,160,7,0xA4F874F955DB8773,0xC,888,0.180180180180,1,0x1,0xD,0xD,1,1
67,192,0,0xA4F874F955DB8773,0xC,1131,0.169761273210,1,0x1,0xD,0xD,1,1
67,192,1,0xA4F874F955DB8773,0xC,1163,0.165090283749,1,0x1,0xD,0xD,1,1
67,192,2,0xA4F874F955DB8773,0xC,1198,0.160267111853,1,0xC,0x0,0x0,1,1
67,192,3,0xA4F874F955DB8773,0xC,1161,0.165374677003,1,0xA,0x6,0x6,1,1
67,192,4,0xA4F874F955DB8773,0xC,1219,0.157506152584,1,0x5,0x9,0x9,1,1
67,192,5,0xA4F874F955DB8773,0xC,1128,0.170212765957,1,0x6,0xA,0xA,1,1
67,192,6,0xA4F874F955DB8773,0xC,1305,0.147126436782,1,0x2,0xE,0xE,1,1
67,192,7,0xA4F874F955DB8773,0xC,1079,0.177942539388,1,0x1,0xD,0xD,1,1
67,256,0,0xA4F874F955DB8773,0xC,1526,0.167758846658,1,0x1,0xD,0xD,1,1
67,256,1,0xA4F874F955DB8773,0xC,1611,0.158907510863,1,0x1,0xD,0xD,1,1
67,256,2,0xA4F874F955DB8773,0xC,1639,0.156192800488,1,0xC,0x0,0x0,1,1
67,256,3,0xA4F874F955DB8773,0xC,1593,0.160703075957,1,0xA,0x6,0x6,1,1
67,256,4,0xA4F874F955DB8773,0xC,1661,0.154124021674,1,0x5,0x9,0x9,1,1
67,256,5,0xA4F874F955DB8773,0xC,1493,0.171466845278,1,0x6,0xA,0xA,1,1
67,256,6,0xA4F874F955DB8773,0xC,1737,0.147380541163,1,0x2,0xE,0xE,1,1
67,256,7,0xA4F874F955DB8773,0xC,1449,0.176673567978,1,0x1,0xD,0xD,1,1
68,16,0,0xCF026CC0524E2852,0x5,62,0.258064516129,6,NA,0x0,0xF,0,0
68,16,1,0xCF026CC0524E2852,0x5,102,0.156862745098,0,NA,0x0,0x1,0,0
68,16,2,0xCF026CC0524E2852,0x5,62,0.258064516129,0,NA,0x0,0xC,0,0
68,16,3,0xCF026CC0524E2852,0x5,86,0.186046511628,0,NA,0x0,0x7,0,0
68,16,4,0xCF026CC0524E2852,0x5,93,0.172043010753,0,NA,0x0,0x8,0,0
68,16,5,0xCF026CC0524E2852,0x5,87,0.183908045977,0,NA,0x0,0x4,0,0
68,16,6,0xCF026CC0524E2852,0x5,103,0.155339805825,0,NA,0x0,0x1,0,0
68,16,7,0xCF026CC0524E2852,0x5,78,0.205128205128,0,NA,0x0,0x8,0,0
68,24,0,0xCF026CC0524E2852,0x5,117,0.205128205128,4,NA,0x0,0xF,0,0
68,24,1,0xCF026CC0524E2852,0x5,159,0.150943396226,0,NA,0x0,0x1,0,0
68,24,2,0xCF026CC0524E2852,0x5,119,0.201680672269,0,NA,0x0,0xC,0,0
68,24,3,0xCF026CC0524E2852,0x5,145,0.165517241379,0,NA,0x0,0x7,0,0
68,24,4,0xCF026CC0524E2852,0x5,154,0.155844155844,0,NA,0x0,0x8,0,0
68,24,5,0xCF026CC0524E2852,0x5,150,0.160000000000,0,NA,0x0,0x4,0,0
68,24,6,0xCF026CC0524E2852,0x5,150,0.160000000000,0,NA,0x0,0x1,0,0
68,24,7,0xCF026CC0524E2852,0x5,131,0.183206106870,0,NA,0x0,0x8,0,0
68,32,0,0xCF026CC0524E2852,0x5,157,0.203821656051,3,NA,0x0,0xF,0,0
68,32,1,0xCF026CC0524E2852,0x5,215,0.148837209302,0,NA,0x0,0x1,0,0
68,32,2,0xCF026CC0524E2852,0x5,159,0.201257861635,0,NA,0x0,0xC,0,0
68,32,3,0xCF026CC0524E2852,0x5,194,0.164948453608,0,NA,0x0,0x7,0,0
68,32,4,0xCF026CC0524E2852,0x5,201,0.159203980100,0,NA,0x0,0x8,0,0
68,32,5,0xCF026CC0524E2852,0x5,174,0.183908045977,0,NA,0x0,0x4,0,0
68,32,6,0xCF026CC0524E2852,0x5,188,0.170212765957,0,NA,0x0,0x1,0,0
68,32,7,0xCF026CC0524E2852,0x5,194,0.164948453608,0,NA,0x0,0x8,0,0
68,40,0,0xCF026CC0524E2852,0x5,228,0.175438596491,1,0xA,0xF,0xF,1,1
68,40,1,0xCF026CC0524E2852,0x5,262,0.152671755725,2,NA,0x0,0x1,0,0
68,40,2,0xCF026CC0524E2852,0x5,188,0.212765957447,0,NA,0x0,0xC,0,0
68,40,3,0xCF026CC0524E2852,0x5,273,0.146520146520,0,NA,0x0,0x7,0,0
68,40,4,0xCF026CC0524E2852,0x5,257,0.155642023346,0,NA,0x0,0x8,0,0
68,40,5,0xCF026CC0524E2852,0x5,223,0.179372197309,0,NA,0x0,0x4,0,0
68,40,6,0xCF026CC0524E2852,0x5,231,0.173160173160,0,NA,0x0,0x1,0,0
68,40,7,0xCF026CC0524E2852,0x5,212,0.188679245283,0,NA,0x0,0x8,0,0
68,48,0,0xCF026CC0524E2852,0x5,288,0.166666666667,1,0xA,0xF,0xF,1,1
68,48,1,0xCF026CC0524E2852,0x5,294,0.163265306122,1,0x4,0x1,0x1,1,1
68,48,2,0xCF026CC0524E2852,0x5,274,0.175182481752,1,0x9,0xC,0xC,1,1
68,48,3,0xCF026CC0524E2852,0x5,360,0.133333333333,1,0x2,0x7,0x7,1,1
68,48,4,0xCF026CC0524E2852,0x5,303,0.158415841584,2,NA,0x0,0x8,0,0
68,48,5,0xCF026CC0524E2852,0x5,274,0.175182481752,0,NA,0x0,0x4,0,0
68,48,6,0xCF026CC0524E2852,0x5,280,0.171428571429,0,NA,0x0,0x1,0,0
68,48,7,0xCF026CC0524E2852,0x5,277,0.173285198556,0,NA,0x0,0x8,0,0
68,56,0,0xCF026CC0524E2852,0x5,375,0.149333333333,1,0xA,0xF,0xF,1,1
68,56,1,0xCF026CC0524E2852,0x5,355,0.157746478873,1,0x4,0x1,0x1,1,1
68,56,2,0xCF026CC0524E2852,0x5,324,0.172839506173,1,0x9,0xC,0xC,1,1
68,56,3,0xCF026CC0524E2852,0x5,422,0.132701421801,1,0x2,0x7,0x7,1,1
68,56,4,0xCF026CC0524E2852,0x5,356,0.157303370787,1,0xD,0x8,0x8,1,1
68,56,5,0xCF026CC0524E2852,0x5,322,0.173913043478,1,0x1,0x4,0x4,1,1
68,56,6,0xCF026CC0524E2852,0x5,314,0.178343949045,1,0x4,0x1,0x1,1,1
68,56,7,0xCF026CC0524E2852,0x5,359,0.155988857939,1,0xD,0x8,0x8,1,1
68,64,0,0xCF026CC0524E2852,0x5,422,0.151658767773,1,0xA,0xF,0xF,1,1
68,64,1,0xCF026CC0524E2852,0x5,405,0.158024691358,1,0x4,0x1,0x1,1,1
68,64,2,0xCF026CC0524E2852,0x5,356,0.179775280899,1,0x9,0xC,0xC,1,1
68,64,3,0xCF026CC0524E2852,0x5,453,0.141280353201,1,0x2,0x7,0x7,1,1
68,64,4,0xCF026CC0524E2852,0x5,391,0.163682864450,1,0xD,0x8,0x8,1,1
68,64,5,0xCF026CC0524E2852,0x5,376,0.170212765957,1,0x1,0x4,0x4,1,1
68,64,6,0xCF026CC0524E2852,0x5,380,0.168421052632,1,0x4,0x1,0x1,1,1
68,64,7,0xCF026CC0524E2852,0x5,433,0.147806004619,1,0xD,0x8,0x8,1,1
68,72,0,0xCF026CC0524E2852,0x5,468,0.153846153846,1,0xA,0xF,0xF,1,1
68,72,1,0xCF026CC0524E2852,0x5,452,0.159292035398,1,0x4,0x1,0x1,1,1
68,72,2,0xCF026CC0524E2852,0x5,381,0.188976377953,1,0x9,0xC,0xC,1,1
68,72,3,0xCF026CC0524E2852,0x5,512,0.140625000000,1,0x2,0x7,0x7,1,1
68,72,4,0xCF026CC0524E2852,0x5,435,0.165517241379,1,0xD,0x8,0x8,1,1
68,72,5,0xCF026CC0524E2852,0x5,412,0.174757281553,1,0x1,0x4,0x4,1,1
68,72,6,0xCF026CC0524E2852,0x5,439,0.164009111617,1,0x4,0x1,0x1,1,1
68,72,7,0xCF026CC0524E2852,0x5,492,0.146341463415,1,0xD,0x8,0x8,1,1
68,80,0,0xCF026CC0524E2852,0x5,528,0.151515151515,1,0xA,0xF,0xF,1,1
68,80,1,0xCF026CC0524E2852,0x5,496,0.161290322581,1,0x4,0x1,0x1,1,1
68,80,2,0xCF026CC0524E2852,0x5,445,0.179775280899,1,0x9,0xC,0xC,1,1
68,80,3,0xCF026CC0524E2852,0x5,561,0.142602495544,1,0x2,0x7,0x7,1,1
68,80,4,0xCF026CC0524E2852,0x5,486,0.164609053498,1,0xD,0x8,0x8,1,1
68,80,5,0xCF026CC0524E2852,0x5,440,0.181818181818,1,0x1,0x4,0x4,1,1
68,80,6,0xCF026CC0524E2852,0x5,490,0.163265306122,1,0x4,0x1,0x1,1,1
68,80,7,0xCF026CC0524E2852,0x5,536,0.149253731343,1,0xD,0x8,0x8,1,1
68,96,0,0xCF026CC0524E2852,0x5,683,0.140556368960,1,0xA,0xF,0xF,1,1
68,96,1,0xCF026CC0524E2852,0x5,585,0.164102564103,1,0x4,0x1,0x1,1,1
68,96,2,0xCF026CC0524E2852,0x5,568,0.169014084507,1,0x9,0xC,0xC,1,1
68,96,3,0xCF026CC0524E2852,0x5,630,0.152380952381,1,0x2,0x7,0x7,1,1
68,96,4,0xCF026CC0524E2852,0x5,573,0.167539267016,1,0xD,0x8,0x8,1,1
68,96,5,0xCF026CC0524E2852,0x5,514,0.186770428016,1,0x1,0x4,0x4,1,1
68,96,6,0xCF026CC0524E2852,0x5,561,0.171122994652,1,0x4,0x1,0x1,1,1
68,96,7,0xCF026CC0524E2852,0x5,654,0.146788990826,1,0xD,0x8,0x8,1,1
68,112,0,0xCF026CC0524E2852,0x5,776,0.144329896907,1,0xA,0xF,0xF,1,1
68,112,1,0xCF026CC0524E2852,0x5,706,0.158640226629,1,0x4,0x1,0x1,1,1
68,112,2,0xCF026CC0524E2852,0x5,648,0.172839506173,1,0x9,0xC,0xC,1,1
68,112,3,0xCF026CC0524E2852,0x5,728,0.153846153846,1,0x2,0x7,0x7,1,1
68,112,4,0xCF026CC0524E2852,0x5,654,0.171253822630,1,0xD,0x8,0x8,1,1
68,112,5,0xCF026CC0524E2852,0x5,610,0.183606557377,1,0x1,0x4,0x4,1,1
68,112,6,0xCF026CC0524E2852,0x5,710,0.157746478873,1,0x4,0x1,0x1,1,1
68,112,7,0xCF026CC0524E2852,0x5,761,0.147174770039,1,0xD,0x8,0x8,1,1
68,128,0,0xCF026CC0524E2852,0x5,867,0.147635524798,1,0xA,0xF,0xF,1,1
68,128,1,0xCF026CC0524E2852,0x5,779,0.164313222080,1,0x4,0x1,0x1,1,1
68,128,2,0xCF026CC0524E2852,0x5,732,0.174863387978,1,0x9,0xC,0xC,1,1
68,128,3,0xCF026CC0524E2852,0x5,826,0.154963680387,1,0x2,0x7,0x7,1,1
68,128,4,0xCF026CC0524E2852,0x5,739,0.173207036536,1,0xD,0x8,0x8,1,1
68,128,5,0xCF026CC0524E2852,0x5,752,0.170212765957,1,0x1,0x4,0x4,1,1
68,128,6,0xCF026CC0524E2852,0x5,819,0.156288156288,1,0x4,0x1,0x1,1,1
68,128,7,0xCF026CC0524E2852,0x5,897,0.142697881828,1,0xD,0x8,0x8,1,1
68,160,0,0xCF026CC0524E2852,0x5,1021,0.156709108717,1,0xA,0xF,0xF,1,1
68,160,1,0xCF026CC0524E2852,0x5,995,0.160804020101,1,0x4,0x1,0x1,1,1
68,160,2,0xCF026CC0524E2852,0x5,881,0.181611804767,1,0x9,0xC,0xC,1,1
68,160,3,0xCF026CC0524E2852,0x5,1003,0.159521435693,1,0x2,0x7,0x7,1,1
68,160,4,0xCF026CC0524E2852,0x5,943,0.169671261930,1,0xD,0x8,0x8,1,1
68,160,5,0xCF026CC0524E2852,0x5,956,0.167364016736,1,0x1,0x4,0x4,1,1
68,160,6,0xCF026CC0524E2852,0x5,951,0.168243953733,1,0x4,0x1,0x1,1,1
68,160,7,0xCF026CC0524E2852,0x5,1083,0.147737765466,1,0xD,0x8,0x8,1,1
68,192,0,0xCF026CC0524E2852,0x5,1236,0.155339805825,1,0xA,0xF,0xF,1,1
68,192,1,0xCF026CC0524E2852,0x5,1189,0.161480235492,1,0x4,0x1,0x1,1,1
68,192,2,0xCF026CC0524E2852,0x5,1082,0.177449168207,1,0x9,0xC,0xC,1,1
68,192,3,0xCF026CC0524E2852,0x5,1152,0.166666666667,1,0x2,0x7,0x7,1,1
68,192,4,0xCF026CC0524E2852,0x5,1119,0.171581769437,1,0xD,0x8,0x8,1,1
68,192,5,0xCF026CC0524E2852,0x5,1176,0.163265306122,1,0x1,0x4,0x4,1,1
68,192,6,0xCF026CC0524E2852,0x5,1143,0.167979002625,1,0x4,0x1,0x1,1,1
68,192,7,0xCF026CC0524E2852,0x5,1270,0.151181102362,1,0xD,0x8,0x8,1,1
68,256,0,0xCF026CC0524E2852,0x5,1570,0.163057324841,1,0xA,0xF,0xF,1,1
68,256,1,0xCF026CC0524E2852,0x5,1498,0.170894526035,1,0x4,0x1,0x1,1,1
68,256,2,0xCF026CC0524E2852,0x5,1480,0.172972972973,1,0x9,0xC,0xC,1,1
68,256,3,0xCF026CC0524E2852,0x5,1517,0.168754119974,1,0x2,0x7,0x7,1,1
68,256,4,0xCF026CC0524E2852,0x5,1476,0.173441734417,1,0xD,0x8,0x8,1,1
68,256,5,0xCF026CC0524E2852,0x5,1565,0.163578274760,1,0x1,0x4,0x4,1,1
68,256,6,0xCF026CC0524E2852,0x5,1516,0.168865435356,1,0x4,0x1,0x1,1,1
68,256,7,0xCF026CC0524E2852,0x5,1620,0.158024691358,1,0xD,0x8,0x8,1,1
69,16,0,0xAA6F44E2BBF99B52,0x7,89,0.179775280899,7,NA,0x0,0x1,0,0
69,16,1,0xAA6F44E2BBF99B52,0x7,115,0.139130434783,0,NA,0x0,0xF,0,0
69,16,2,0xAA6F44E2BBF99B52,0x7,114,0.140350877193,0,NA,0x0,0x2,0,0
69,16,3,0xAA6F44E2BBF99B52,0x7,115,0.139130434783,0,NA,0x0,0x4,0,0
69,16,4,0xAA6F44E2BBF99B52,0x7,110,0.145454545455,0,NA,0x0,0x2,0,0
69,16,5,0xAA6F44E2BBF99B52,0x7,83,0.192771084337,0,NA,0x0,0x5,0,0
69,16,6,0xAA6F44E2BBF99B52,0x7,111,0.144144144144,0,NA,0x0,0x8,0,0
69,16,7,0xAA6F44E2BBF99B52,0x7,69,0.231884057971,0,NA,0x0,0x1,0,0
69,24,0,0xAA6F44E2BBF99B52,0x7,138,0.173913043478,5,NA,0x0,0x1,0,0
69,24,1,0xAA6F44E2BBF99B52,0x7,179,0.134078212291,0,NA,0x0,0xF,0,0
69,24,2,0xAA6F44E2BBF99B52,0x7,188,0.127659574468,0,NA,0x0,0x2,0,0
69,24,3,0xAA6F44E2BBF99B52,0x7,145,0.165517241379,0,NA,0x0,0x4,0,0
69,24,4,0xAA6F44E2BBF99B52,0x7,198,0.121212121212,0,NA,0x0,0x2,0,0
69,24,5,0xAA6F44E2BBF99B52,0x7,145,0.165517241379,0,NA,0x0,0x5,0,0
69,24,6,0xAA6F44E2BBF99B52,0x7,187,0.128342245989,0,NA,0x0,0x8,0,0
69,24,7,0xAA6F44E2BBF99B52,0x7,102,0.235294117647,0,NA,0x0,0x1,0,0
69,32,0,0xAA6F44E2BBF99B52,0x7,179,0.178770949721,4,NA,0x0,0x1,0,0
69,32,1,0xAA6F44E2BBF99B52,0x7,218,0.146788990826,0,NA,0x0,0xF,0,0
69,32,2,0xAA6F44E2BBF99B52,0x7,225,0.142222222222,0,NA,0x0,0x2,0,0
69,32,3,0xAA6F44E2BBF99B52,0x7,231,0.138528138528,0,NA,0x0,0x4,0,0
69,32,4,0xAA6F44E2BBF99B52,0x7,234,0.136752136752,0,NA,0x0,0x2,0,0
69,32,5,0xAA6F44E2BBF99B52,0x7,193,0.165803108808,0,NA,0x0,0x5,0,0
69,32,6,0xAA6F44E2BBF99B52,0x7,227,0.140969162996,0,NA,0x0,0x8,0,0
69,32,7,0xAA6F44E2BBF99B52,0x7,146,0.219178082192,0,NA,0x0,0x1,0,0
69,40,0,0xAA6F44E2BBF99B52,0x7,218,0.183486238532,3,NA,0x0,0x1,0,0
69,40,1,0xAA6F44E2BBF99B52,0x7,255,0.156862745098,0,NA,0x0,0xF,0,0
69,40,2,0xAA6F44E2BBF99B52,0x7,279,0.143369175627,0,NA,0x0,0x2,0,0
69,40,3,0xAA6F44E2BBF99B52,0x7,286,0.139860139860,0,NA,0x0,0x4,0,0
69,40,4,0xAA6F44E2BBF99B52,0x7,348,0.114942528736,0,NA,0x0,0x2,0,0
69,40,5,0xAA6F44E2BBF99B52,0x7,256,0.156250000000,0,NA,0x0,0x5,0,0
69,40,6,0xAA6F44E2BBF99B52,0x7,252,0.158730158730,0,NA,0x0,0x8,0,0
69,40,7,0xAA6F44E2BBF99B52,0x7,203,0.197044334975,0,NA,0x0,0x1,0,0
69,48,0,0xAA6F44E2BBF99B52,0x7,280,0.171428571429,2,NA,0x0,0x1,0,0
69,48,1,0xAA6F44E2BBF99B52,0x7,289,0.166089965398,0,NA,0x0,0xF,0,0
69,48,2,0xAA6F44E2BBF99B52,0x7,347,0.138328530259,0,NA,0x0,0x2,0,0
69,48,3,0xAA6F44E2BBF99B52,0x7,321,0.149532710280,0,NA,0x0,0x4,0,0
69,48,4,0xAA6F44E2BBF99B52,0x7,397,0.120906801008,0,NA,0x0,0x2,0,0
69,48,5,0xAA6F44E2BBF99B52,0x7,314,0.152866242038,0,NA,0x0,0x5,0,0
69,48,6,0xAA6F44E2BBF99B52,0x7,310,0.154838709677,0,NA,0x0,0x8,0,0
69,48,7,0xAA6F44E2BBF99B52,0x7,263,0.182509505703,0,NA,0x0,0x1,0,0
69,56,0,0xAA6F44E2BBF99B52,0x7,332,0.168674698795,1,0x6,0x1,0x1,1,1
69,56,1,0xAA6F44E2BBF99B52,0x7,319,0.175548589342,1,0x8,0xF,0xF,1,1
69,56,2,0xAA6F44E2BBF99B52,0x7,369,0.151761517615,1,0x5,0x2,0x2,1,1
69,56,3,0xAA6F44E2BBF99B52,0x7,358,0.156424581006,1,0x3,0x4,0x4,1,1
69,56,4,0xAA6F44E2BBF99B52,0x7,446,0.125560538117,2,NA,0x0,0x2,0,0
69,56,5,0xAA6F44E2BBF99B52,0x7,362,0.154696132597,0,NA,0x0,0x5,0,0
69,56,6,0xAA6F44E2BBF99B52,0x7,377,0.148541114058,0,NA,0x0,0x8,0,0
69,56,7,0xAA6F44E2BBF99B52,0x7,348,0.160919540230,0,NA,0x0,0x1,0,0
69,64,0,0xAA6F44E2BBF99B52,0x7,399,0.160401002506,1,0x6,0x1,0x1,1,1
69,64,1,0xAA6F44E2BBF99B52,0x7,370,0.172972972973,1,0x8,0xF,0xF,1,1
69,64,2,0xAA6F44E2BBF99B52,0x7,419,0.152744630072,1,0x5,0x2,0x2,1,1
69,64,3,0xAA6F44E2BBF99B52,0x7,419,0.152744630072,1,0x3,0x4,0x4,1,1
69,64,4,0xAA6F44E2BBF99B52,0x7,495,0.129292929293,2,NA,0x0,0x2,0,0
69,64,5,0xAA6F44E2BBF99B52,0x7,439,0.145785876993,0,NA,0x0,0x5,0,0
69,64,6,0xAA6F44E2BBF99B52,0x7,422,0.151658767773,0,NA,0x0,0x8,0,0
69,64,7,0xAA6F44E2BBF99B52,0x7,395,0.162025316456,0,NA,0x0,0x1,0,0
69,72,0,0xAA6F44E2BBF99B52,0x7,432,0.166666666667,1,0x6,0x1,0x1,1,1
69,72,1,0xAA6F44E2BBF99B52,0x7,412,0.174757281553,1,0x8,0xF,0xF,1,1
69,72,2,0xAA6F44E2BBF99B52,0x7,467,0.154175588865,1,0x5,0x2,0x2,1,1
69,72,3,0xAA6F44E2BBF99B52,0x7,449,0.160356347439,1,0x3,0x4,0x4,1,1
69,72,4,0xAA6F44E2BBF99B52,0x7,538,0.133828996283,1,0x5,0x2,0x2,1,1
69,72,5,0xAA6F44E2BBF99B52,0x7,509,0.141453831041,1,0x2,0x5,0x5,1,1
69,72,6,0xAA6F44E2BBF99B52,0x7,450,0.160000000000,3,NA,0x0,0x8,0,0
69,72,7,0xAA6F44E2BBF99B52,0x7,448,0.160714285714,0,NA,0x0,0x1,0,0
69,80,0,0xAA6F44E2BBF99B52,0x7,451,0.177383592018,1,0x6,0x1,0x1,1,1
69,80,1,0xAA6F44E2BBF99B52,0x7,468,0.170940170940,1,0x8,0xF,0xF,1,1
69,80,2,0xAA6F44E2BBF99B52,0x7,500,0.160000000000,1,0x5,0x2,0x2,1,1
69,80,3,0xAA6F44E2BBF99B52,0x7,477,0.167714884696,1,0x3,0x4,0x4,1,1
69,80,4,0xAA6F44E2BBF99B52,0x7,586,0.136518771331,1,0x5,0x2,0x2,1,1
69,80,5,0xAA6F44E2BBF99B52,0x7,546,0.146520146520,1,0x2,0x5,0x5,1,1
69,80,6,0xAA6F44E2BBF99B52,0x7,530,0.150943396226,2,NA,0x0,0x8,0,0
69,80,7,0xAA6F44E2BBF99B52,0x7,498,0.160642570281,0,NA,0x0,0x1,0,0
69,96,0,0xAA6F44E2BBF99B52,0x7,532,0.180451127820,1,0x6,0x1,0x1,1,1
69,96,1,0xAA6F44E2BBF99B52,0x7,587,0.163543441227,1,0x8,0xF,0xF,1,1
69,96,2,0xAA6F44E2BBF99B52,0x7,572,0.167832167832,1,0x5,0x2,0x2,1,1
69,96,3,0xAA6F44E2BBF99B52,0x7,583,0.164665523156,1,0x3,0x4,0x4,1,1
69,96,4,0xAA6F44E2BBF99B52,0x7,705,0.136170212766,1,0x5,0x2,0x2,1,1
69,96,5,0xAA6F44E2BBF99B52,0x7,631,0.152139461173,1,0x2,0x5,0x5,1,1
69,96,6,0xAA6F44E2BBF99B52,0x7,617,0.155591572123,1,0xF,0x8,0x8,1,1
69,96,7,0xAA6F44E2BBF99B52,0x7,591,0.162436548223,2,NA,0x0,0x1,0,0
69,112,0,0xAA6F44E2BBF99B52,0x7,587,0.190800681431,1,0x6,0x1,0x1,1,1
69,112,1,0xAA6F44E2BBF99B52,0x7,668,0.167664670659,1,0x8,0xF,0xF,1,1
69,112,2,0xAA6F44E2BBF99B52,0x7,696,0.160919540230,1,0x5,0x2,0x2,1,1
69,112,3,0xAA6F44E2BBF99B52,0x7,709,0.157968970381,1,0x3,0x4,0x4,1,1
69,112,4,0xAA6F44E2BBF99B52,0x7,807,0.138785625774,1,0x5,0x2,0x2,1,1
69,112,5,0xAA6F44E2BBF99B52,0x7,729,0.153635116598,1,0x2,0x5,0x5,1,1
69,112,6,0xAA6F44E2BBF99B52,0x7,693,0.161616161616,1,0xF,0x8,0x8,1,1
69,112,7,0xAA6F44E2BBF99B52,0x7,685,0.163503649635,1,0x6,0x1,0x1,1,1
69,128,0,0xAA6F44E2BBF99B52,0x7,694,0.184438040346,1,0x6,0x1,0x1,1,1
69,128,1,0xAA6F44E2BBF99B52,0x7,754,0.169761273210,1,0x8,0xF,0xF,1,1
69,128,2,0xAA6F44E2BBF99B52,0x7,784,0.163265306122,1,0x5,0x2,0x2,1,1
69,128,3,0xAA6F44E2BBF99B52,0x7,774,0.165374677003,1,0x3,0x4,0x4,1,1
69,128,4,0xAA6F44E2BBF99B52,0x7,931,0.137486573577,1,0x5,0x2,0x2,1,1
69,128,5,0xAA6F44E2BBF99B52,0x7,804,0.159203980100,1,0x2,0x5,0x5,1,1
69,128,6,0xAA6F44E2BBF99B52,0x7,777,0.164736164736,1,0xF,0x8,0x8,1,1
69,128,7,0xAA6F44E2BBF99B52,0x7,768,0.166666666667,1,0x6,0x1,0x1,1,1
69,160,0,0xAA6F44E2BBF99B52,0x7,853,0.187573270809,1,0x6,0x1,0x1,1,1
69,160,1,0xAA6F44E2BBF99B52,0x7,970,0.164948453608,1,0x8,0xF,0xF,1,1
69,160,2,0xAA6F44E2BBF99B52,0x7,1035,0.154589371981,1,0x5,0x2,0x2,1,1
69,160,3,0xAA6F44E2BBF99B52,0x7,935,0.171122994652,1,0x3,0x4,0x4,1,1
69,160,4,0xAA6F44E2BBF99B52,0x7,1149,0.139251523064,1,0x5,0x2,0x2,1,1
69,160,5,0xAA6F44E2BBF99B52,0x7,965,0.165803108808,1,0x2,0x5,0x5,1,1
69,160,6,0xAA6F44E2BBF99B52,0x7,922,0.173535791757,1,0xF,0x8,0x8,1,1
69,160,7,0xAA6F44E2BBF99B52,0x7,912,0.175438596491,1,0x6,0x1,0x1,1,1
69,192,0,0xAA6F44E2BBF99B52,0x7,1107,0.173441734417,1,0x6,0x1,0x1,1,1
69,192,1,0xAA6F44E2BBF99B52,0x7,1117,0.171888988362,1,0x8,0xF,0xF,1,1
69,192,2,0xAA6F44E2BBF99B52,0x7,1258,0.152623211447,1,0x5,0x2,0x2,1,1
69,192,3,0xAA6F44E2BBF99B52,0x7,1108,0.173285198556,1,0x3,0x4,0x4,1,1
69,192,4,0xAA6F44E2BBF99B52,0x7,1344,0.142857142857,1,0x5,0x2,0x2,1,1
69,192,5,0xAA6F44E2BBF99B52,0x7,1152,0.166666666667,1,0x2,0x5,0x5,1,1
69,192,6,0xAA6F44E2BBF99B52,0x7,1151,0.166811468288,1,0xF,0x8,0x8,1,1
69,192,7,0xAA6F44E2BBF99B52,0x7,1112,0.172661870504,1,0x6,0x1,0x1,1,1
69,256,0,0xAA6F44E2BBF99B52,0x7,1495,0.171237458194,1,0x6,0x1,0x1,1,1
69,256,1,0xAA6F44E2BBF99B52,0x7,1494,0.171352074967,1,0x8,0xF,0xF,1,1
69,256,2,0xAA6F44E2BBF99B52,0x7,1588,0.161209068010,1,0x5,0x2,0x2,1,1
69,256,3,0xAA6F44E2BBF99B52,0x7,1451,0.176430048243,1,0x3,0x4,0x4,1,1
69,256,4,0xAA6F44E2BBF99B52,0x7,1724,0.148491879350,1,0x5,0x2,0x2,1,1
69,256,5,0xAA6F44E2BBF99B52,0x7,1555,0.164630225080,1,0x2,0x5,0x5,1,1
69,256,6,0xAA6F44E2BBF99B52,0x7,1479,0.173089925625,1,0xF,0x8,0x8,1,1
69,256,7,0xAA6F44E2BBF99B52,0x7,1483,0.172623061362,1,0x6,0x1,0x1,1,1
70,16,0,0x61B19AB267FF0ADE,0xE,102,0.156862745098,5,NA,0x0,0xD,0,0
70,16,1,0x61B19AB267FF0ADE,0xE,132,0.121212121212,0,NA,0x0,0x4,0,0
70,16,2,0x61B19AB267FF0ADE,0xE,77,0.207792207792,0,NA,0x0,0x3,0,0
70,16,3,0x61B19AB267FF0ADE,0xE,105,0.152380952381,0,NA,0x0,0x6,0,0
70,16,4,0x61B19AB267FF0ADE,0xE,112,0.142857142857,0,NA,0x0,0x8,0,0
70,16,5,0x61B19AB267FF0ADE,0xE,85,0.188235294118,0,NA,0x0,0x0,0,0
70,16,6,0x61B19AB267FF0ADE,0xE,101,0.158415841584,0,NA,0x0,0x9,0,0
70,16,7,0x61B19AB267FF0ADE,0xE,93,0.172043010753,0,NA,0x0,0x6,0,0
70,24,0,0x61B19AB267FF0ADE,0xE,171,0.140350877193,2,NA,0x0,0xD,0,0
70,24,1,0x61B19AB267FF0ADE,0xE,186,0.129032258065,0,NA,0x0,0x4,0,0
70,24,2,0x61B19AB267FF0ADE,0xE,171,0.140350877193,0,NA,0x0,0x3,0,0
70,24,3,0x61B19AB267FF0ADE,0xE,137,0.175182481752,0,NA,0x0,0x6,0,0
70,24,4,0x61B19AB267FF0ADE,0xE,221,0.108597285068,0,NA,0x0,0x8,0,0
70,24,5,0x61B19AB267FF0ADE,0xE,121,0.198347107438,0,NA,0x0,0x0,0,0
70,24,6,0x61B19AB267FF0ADE,0xE,147,0.163265306122,0,NA,0x0,0x9,0,0
70,24,7,0x61B19AB267FF0ADE,0xE,127,0.188976377953,0,NA,0x0,0x6,0,0
70,32,0,0x61B19AB267FF0ADE,0xE,210,0.152380952381,1,0x3,0xD,0xD,1,1
70,32,1,0x61B19AB267FF0ADE,0xE,256,0.125000000000,5,NA,0x0,0x4,0,0
70,32,2,0x61B19AB267FF0ADE,0xE,214,0.149532710280,0,NA,0x0,0x3,0,0
70,32,3,0x61B19AB267FF0ADE,0xE,167,0.191616766467,0,NA,0x0,0x6,0,0
70,32,4,0x61B19AB267FF0ADE,0xE,265,0.120754716981,0,NA,0x0,0x8,0,0
70,32,5,0x61B19AB267FF0ADE,0xE,156,0.205128205128,0,NA,0x0,0x0,0,0
70,32,6,0x61B19AB267FF0ADE,0xE,182,0.175824175824,0,NA,0x0,0x9,0,0
70,32,7,0x61B19AB267FF0ADE,0xE,194,0.164948453608,0,NA,0x0,0x6,0,0
70,40,0,0x61B19AB267FF0ADE,0xE,266,0.150375939850,1,0x3,0xD,0xD,1,1
70,40,1,0x61B19AB267FF0ADE,0xE,303,0.132013201320,2,NA,0x0,0x4,0,0
70,40,2,0x61B19AB267FF0ADE,0xE,299,0.133779264214,0,NA,0x0,0x3,0,0
70,40,3,0x61B19AB267FF0ADE,0xE,213,0.187793427230,0,NA,0x0,0x6,0,0
70,40,4,0x61B19AB267FF0ADE,0xE,330,0.121212121212,0,NA,0x0,0x8,0,0
70,40,5,0x61B19AB267FF0ADE,0xE,203,0.197044334975,0,NA,0x0,0x0,0,0
70,40,6,0x61B19AB267FF0ADE,0xE,228,0.175438596491,0,NA,0x0,0x9,0,0
70,40,7,0x61B19AB267FF0ADE,0xE,249,0.160642570281,0,NA,0x0,0x6,0,0
70,48,0,0x61B19AB267FF0ADE,0xE,306,0.156862745098,1,0x3,0xD,0xD,1,1
70,48,1,0x61B19AB267FF0ADE,0xE,356,0.134831460674,1,0xA,0x4,0x4,1,1
70,48,2,0x61B19AB267FF0ADE,0xE,356,0.134831460674,2,NA,0x0,0x3,0,0
70,48,3,0x61B19AB267FF0ADE,0xE,266,0.180451127820,0,NA,0x0,0x6,0,0
70,48,4,0x61B19AB267FF0ADE,0xE,363,0.132231404959,0,NA,0x0,0x8,0,0
70,48,5,0x61B19AB267FF0ADE,0xE,253,0.189723320158,0,NA,0x0,0x0,0,0
70,48,6,0x61B19AB267FF0ADE,0xE,293,0.163822525597,0,NA,0x0,0x9,0,0
70,48,7,0x61B19AB267FF0ADE,0xE,315,0.152380952381,0,NA,0x0,0x6,0,0
70,56,0,0x61B19AB267FF0ADE,0xE,358,0.156424581006,1,0x3,0xD,0xD,1,1
70,56,1,0x61B19AB267FF0ADE,0xE,408,0.137254901961,1,0xA,0x4,0x4,1,1
70,56,2,0x61B19AB267FF0ADE,0xE,386,0.145077720207,2,NA,0x0,0x3,0,0
70,56,3,0x61B19AB267FF0ADE,0xE,324,0.172839506173,0,NA,0x0,0x6,0,0
70,56,4,0x61B19AB267FF0ADE,0xE,403,0.138957816377,0,NA,0x0,0x8,0,0
70,56,5,0x61B19AB267FF0ADE,0xE,287,0.195121951220,0,NA,0x0,0x0,0,0
70,56,6,0x61B19AB267FF0ADE,0xE,356,0.157303370787,0,NA,0x0,0x9,0,0
70,56,7,0x61B19AB267FF0ADE,0xE,361,0.155124653740,0,NA,0x0,0x6,0,0
70,64,0,0x61B19AB267FF0ADE,0xE,402,0.159203980100,1,0x3,0xD,0xD,1,1
70,64,1,0x61B19AB267FF0ADE,0xE,457,0.140043763676,1,0xA,0x4,0x4,1,1
70,64,2,0x61B19AB267FF0ADE,0xE,429,0.149184149184,2,NA,0x0,0x3,0,0
70,64,3,0x61B19AB267FF0ADE,0xE,365,0.175342465753,0,NA,0x0,0x6,0,0
70,64,4,0x61B19AB267FF0ADE,0xE,426,0.150234741784,0,NA,0x0,0x8,0,0
70,64,5,0x61B19AB267FF0ADE,0xE,327,0.195718654434,0,NA,0x0,0x0,0,0
70,64,6,0x61B19AB267FF0ADE,0xE,406,0.157635467980,0,NA,0x0,0x9,0,0
70,64,7,0x61B19AB267FF0ADE,0xE,402,0.159203980100,0,NA,0x0,0x6,0,0
70,72,0,0x61B19AB267FF0ADE,0xE,432,0.166666666667,1,0x3,0xD,0xD,1,1
70,72,1,0x61B19AB267FF0ADE,0xE,506,0.142292490119,1,0xA,0x4,0x4,1,1
70,72,2,0x61B19AB267FF0ADE,0xE,455,0.158241758242,1,0xD,0x3,0x3,1,1
70,72,3,0x61B19AB267FF0ADE,0xE,449,0.160356347439,1,0x8,0x6,0x6,1,1
70,72,4,0x61B19AB267FF0ADE,0xE,476,0.151260504202,1,0x6,0x8,0x8,1,1
70,72,5,0x61B19AB267FF0ADE,0xE,388,0.185567010309,1,0xE,0x0,0x0,1,1
70,72,6,0x61B19AB267FF0ADE,0xE,478,0.150627615063,2,NA,0x0,0x9,0,0
70,72,7,0x61B19AB267FF0ADE,0xE,440,0.163636363636,0,NA,0x0,0x6,0,0
70,80,0,0x61B19AB267FF0ADE,0xE,480,0.166666666667,1,0x3,0xD,0xD,1,1
70,80,1,0x61B19AB267FF0ADE,0xE,554,0.144404332130,1,0xA,0x4,0x4,1,1
70,80,2,0x61B19AB267FF0ADE,0xE,519,0.154142581888,1,0xD,0x3,0x3,1,1
70,80,3,0x61B19AB267FF0ADE,0xE,492,0.162601626016,1,0x8,0x6,0x6,1,1
70,80,4,0x61B19AB267FF0ADE,0xE,533,0.150093808630,1,0x6,0x8,0x8,1,1
70,80,5,0x61B19AB267FF0ADE,0xE,431,0.185614849188,1,0xE,0x0,0x0,1,1
70,80,6,0x61B19AB267FF0ADE,0xE,544,0.147058823529,2,NA,0x0,0x9,0,0
70,80,7,0x61B19AB267FF0ADE,0xE,491,0.162932790224,0,NA,0x0,0x6,0,0
70,96,0,0x61B19AB267FF0ADE,0xE,607,0.158154859967,1,0x3,0xD,0xD,1,1
70,96,1,0x61B19AB267FF0ADE,0xE,657,0.146118721461,1,0xA,0x4,0x4,1,1
70,96,2,0x61B19AB267FF0ADE,0xE,613,0.156606851550,1,0xD,0x3,0x3,1,1
70,96,3,0x61B19AB267FF0ADE,0xE,549,0.174863387978,1,0x8,0x6,0x6,1,1
70,96,4,0x61B19AB267FF0ADE,0xE,619,0.155088852989,1,0x6,0x8,0x8,1,1
70,96,5,0x61B19AB267FF0ADE,0xE,535,0.179439252336,1,0xE,0x0,0x0,1,1
70,96,6,0x61B19AB267FF0ADE,0xE,617,0.155591572123,1,0x7,0x9,0x9,1,1
70,96,7,0x61B19AB267FF0ADE,0xE,617,0.155591572123,1,0x8,0x6,0x6,1,1
70,112,0,0x61B19AB267FF0ADE,0xE,672,0.166666666667,1,0x3,0xD,0xD,1,1
70,112,1,0x61B19AB267FF0ADE,0xE,760,0.147368421053,1,0xA,0x4,0x4,1,1
70,112,2,0x61B19AB267FF0ADE,0xE,730,0.153424657534,1,0xD,0x3,0x3,1,1
70,112,3,0x61B19AB267FF0ADE,0xE,619,0.180936995153,1,0x8,0x6,0x6,1,1
70,112,4,0x61B19AB267FF0ADE,0xE,713,0.157082748948,1,0x6,0x8,0x8,1,1
70,112,5,0x61B19AB267FF0ADE,0xE,667,0.167916041979,1,0xE,0x0,0x0,1,1
70,112,6,0x61B19AB267FF0ADE,0xE,695,0.161151079137,1,0x7,0x9,0x9,1,1
70,112,7,0x61B19AB267FF0ADE,0xE,713,0.157082748948,1,0x8,0x6,0x6,1,1
70,128,0,0x61B19AB267FF0ADE,0xE,780,0.164102564103,1,0x3,0xD,0xD,1,1
70,128,1,0x61B19AB267FF0ADE,0xE,873,0.146620847652,1,0xA,0x4,0x4,1,1
70,128,2,0x61B19AB267FF0ADE,0xE,812,0.157635467980,1,0xD,0x3,0x3,1,1
70,128,3,0x61B19AB267FF0ADE,0xE,698,0.183381088825,1,0x8,0x6,0x6,1,1
70,128,4,0x61B19AB267FF0ADE,0xE,795,0.161006289308,1,0x6,0x8,0x8,1,1
70,128,5,0x61B19AB267FF0ADE,0xE,772,0.165803108808,1,0xE,0x0,0x0,1,1
70,128,6,0x61B19AB267FF0ADE,0xE,782,0.163682864450,1,0x7,0x9,0x9,1,1
70,128,7,0x61B19AB267FF0ADE,0xE,833,0.153661464586,1,0x8,0x6,0x6,1,1
70,160,0,0x61B19AB267FF0ADE,0xE,952,0.168067226891,1,0x3,0xD,0xD,1,1
70,160,1,0x61B19AB267FF0ADE,0xE,1069,0.149672591207,1,0xA,0x4,0x4,1,1
70,160,2,0x61B19AB267FF0ADE,0xE,997,0.160481444333,1,0xD,0x3,0x3,1,1
70,160,3,0x61B19AB267FF0ADE,0xE,892,0.179372197309,1,0x8,0x6,0x6,1,1
70,160,4,0x61B19AB267FF0ADE,0xE,979,0.163432073544,1,0x6,0x8,0x8,1,1
70,160,5,0x61B19AB267FF0ADE,0xE,927,0.172599784250,1,0xE,0x0,0x0,1,1
70,160,6,0x61B19AB267FF0ADE,0xE,967,0.165460186143,1,0x7,0x9,0x9,1,1
70,160,7,0x61B19AB267FF0ADE,0xE,1070,0.149532710280,1,0x8,0x6,0x6,1,1
70,192,0,0x61B19AB267FF0ADE,0xE,1140,0.168421052632,1,0x3,0xD,0xD,1,1
70,192,1,0x61B19AB267FF0ADE,0xE,1251,0.153477218225,1,0xA,0x4,0x4,1,1
70,192,2,0x61B19AB267FF0ADE,0xE,1193,0.160938809723,1,0xD,0x3,0x3,1,1
70,192,3,0x61B19AB267FF0ADE,0xE,1079,0.177942539388,1,0x8,0x6,0x6,1,1
70,192,4,0x61B19AB267FF0ADE,0xE,1227,0.156479217604,1,0x6,0x8,0x8,1,1
70,192,5,0x61B19AB267FF0ADE,0xE,1104,0.173913043478,1,0xE,0x0,0x0,1,1
70,192,6,0x61B19AB267FF0ADE,0xE,1134,0.169312169312,1,0x7,0x9,0x9,1,1
70,192,7,0x61B19AB267FF0ADE,0xE,1269,0.151300236407,1,0x8,0x6,0x6,1,1
70,256,0,0x61B19AB267FF0ADE,0xE,1519,0.168531928901,1,0x3,0xD,0xD,1,1
70,256,1,0x61B19AB267FF0ADE,0xE,1719,0.148923792903,1,0xA,0x4,0x4,1,1
70,256,2,0x61B19AB267FF0ADE,0xE,1562,0.163892445583,1,0xD,0x3,0x3,1,1
70,256,3,0x61B19AB267FF0ADE,0xE,1453,0.176187198899,1,0x8,0x6,0x6,1,1
70,256,4,0x61B19AB267FF0ADE,0xE,1640,0.156097560976,1,0x6,0x8,0x8,1,1
70,256,5,0x61B19AB267FF0ADE,0xE,1440,0.177777777778,1,0xE,0x0,0x0,1,1
70,256,6,0x61B19AB267FF0ADE,0xE,1565,0.163578274760,1,0x7,0x9,0x9,1,1
70,256,7,0x61B19AB267FF0ADE,0xE,1647,0.155434122647,1,0x8,0x6,0x6,1,1
71,16,0,0x05D50C370A2B6A28,0xC,65,0.246153846154,7,NA,0x0,0x6,0,0
71,16,1,0x05D50C370A2B6A28,0xC,142,0.112676056338,0,NA,0x0,0x1,0,0
71,16,2,0x05D50C370A2B6A28,0xC,116,0.137931034483,0,NA,0x0,0x7,0,0
71,16,3,0x05D50C370A2B6A28,0xC,76,0.210526315789,0,NA,0x0,0xD,0,0
71,16,4,0x05D50C370A2B6A28,0xC,138,0.115942028986,0,NA,0x0,0x3,0,0
71,16,5,0x05D50C370A2B6A28,0xC,116,0.137931034483,0,NA,0x0,0x4,0,0
71,16,6,0x05D50C370A2B6A28,0xC,98,0.163265306122,0,NA,0x0,0x5,0,0
71,16,7,0x05D50C370A2B6A28,0xC,123,0.130081300813,0,NA,0x0,0x3,0,0
71,24,0,0x05D50C370A2B6A28,0xC,119,0.201680672269,4,NA,0x0,0x6,0,0
71,24,1,0x05D50C370A2B6A28,0xC,197,0.121827411168,0,NA,0x0,0x1,0,0
71,24,2,0x05D50C370A2B6A28,0xC,196,0.122448979592,0,NA,0x0,0x7,0,0
71,24,3,0x05D50C370A2B6A28,0xC,138,0.173913043478,0,NA,0x0,0xD,0,0
71,24,4,0x05D50C370A2B6A28,0xC,169,0.142011834320,0,NA,0x0,0x3,0,0
71,24,5,0x05D50C370A2B6A28,0xC,152,0.157894736842,0,NA,0x0,0x4,0,0
71,24,6,0x05D50C370A2B6A28,0xC,136,0.176470588235,0,NA,0x0,0x5,0,0
71,24,7,0x05D50C370A2B6A28,0xC,179,0.134078212291,0,NA,0x0,0x3,0,0
71,32,0,0x05D50C370A2B6A28,0xC,172,0.186046511628,3,NA,0x0,0x6,0,0
71,32,1,0x05D50C370A2B6A28,0xC,253,0.126482213439,0,NA,0x0,0x1,0,0
71,32,2,0x05D50C370A2B6A28,0xC,219,0.146118721461,0,NA,0x0,0x7,0,0
71,32,3,0x05D50C370A2B6A28,0xC,195,0.164102564103,0,NA,0x0,0xD,0,0
71,32,4,0x05D50C370A2B6A28,0xC,246,0.130081300813,0,NA,0x0,0x3,0,0
71,32,5,0x05D50C370A2B6A28,0xC,212,0.150943396226,0,NA,0x0,0x4,0,0
71,32,6,0x05D50C370A2B6A28,0xC,183,0.174863387978,0,NA,0x0,0x5,0,0
71,32,7,0x05D50C370A2B6A28,0xC,250,0.128000000000,0,NA,0x0,0x3,0,0
71,40,0,0x05D50C370A2B6A28,0xC,195,0.205128205128,2,NA,0x0,0x6,0,0
71,40,1,0x05D50C370A2B6A28,0xC,333,0.120120120120,0,NA,0x0,0x1,0,0
71,40,2,0x05D50C370A2B6A28,0xC,265,0.150943396226,0,NA,0x0,0x7,0,0
71,40,3,0x05D50C370A2B6A28,0xC,226,0.176991150442,0,NA,0x0,0xD,0,0
71,40,4,0x05D50C370A2B6A28,0xC,307,0.130293159609,0,NA,0x0,0x3,0,0
71,40,5,0x05D50C370A2B6A28,0xC,243,0.164609053498,0,NA,0x0,0x4,0,0
71,40,6,0x05D50C370A2B6A28,0xC,216,0.185185185185,0,NA,0x0,0x5,0,0
71,40,7,0x05D50C370A2B6A28,0xC,290,0.137931034483,0,NA,0x0,0x3,0,0
71,48,0,0x05D50C370A2B6A28,0xC,231,0.207792207792,2,NA,0x0,0x6,0,0
71,48,1,0x05D50C370A2B6A28,0xC,385,0.124675324675,0,NA,0x0,0x1,0,0
71,48,2,0x05D50C370A2B6A28,0xC,312,0.153846153846,0,NA,0x0,0x7,0,0
71,48,3,0x05D50C370A2B6A28,0xC,282,0.170212765957,0,NA,0x0,0xD,0,0
71,48,4,0x05D50C370A2B6A28,0xC,344,0.139534883721,0,NA,0x0,0x3,0,0
71,48,5,0x05D50C370A2B6A28,0xC,272,0.176470588235,0,NA,0x0,0x4,0,0
71,48,6,0x05D50C370A2B6A28,0xC,259,0.185328185328,0,NA,0x0,0x5,0,0
71,48,7,0x05D50C370A2B6A28,0xC,322,0.149068322981,0,NA,0x0,0x3,0,0
71,56,0,0x05D50C370A2B6A28,0xC,318,0.176100628931,1,0xA,0x6,0x6,1,1
71,56,1,0x05D50C370A2B6A28,0xC,423,0.132387706856,2,NA,0x0,0x1,0,0
71,56,2,0x05D50C370A2B6A28,0xC,358,0.156424581006,0,NA,0x0,0x7,0,0
71,56,3,0x05D50C370A2B6A28,0xC,309,0.181229773463,0,NA,0x0,0xD,0,0
71,56,4,0x05D50C370A2B6A28,0xC,414,0.135265700483,0,NA,0x0,0x3,0,0
71,56,5,0x05D50C370A2B6A28,0xC,344,0.162790697674,0,NA,0x0,0x4,0,0
71,56,6,0x05D50C370A2B6A28,0xC,315,0.177777777778,0,NA,0x0,0x5,0,0
71,56,7,0x05D50C370A2B6A28,0xC,384,0.145833333333,0,NA,0x0,0x3,0,0
71,64,0,0x05D50C370A2B6A28,0xC,372,0.172043010753,1,0xA,0x6,0x6,1,1
71,64,1,0x05D50C370A2B6A28,0xC,499,0.128256513026,2,NA,0x0,0x1,0,0
71,64,2,0x05D50C370A2B6A28,0xC,397,0.161209068010,0,NA,0x0,0x7,0,0
71,64,3,0x05D50C370A2B6A28,0xC,357,0.179271708683,0,NA,0x0,0xD,0,0
71,64,4,0x05D50C370A2B6A28,0xC,504,0.126984126984,0,NA,0x0,0x3,0,0
71,64,5,0x05D50C370A2B6A28,0xC,391,0.163682864450,0,NA,0x0,0x4,0,0
71,64,6,0x05D50C370A2B6A28,0xC,352,0.181818181818,0,NA,0x0,0x5,0,0
71,64,7,0x05D50C370A2B6A28,0xC,429,0.149184149184,0,NA,0x0,0x3,0,0
71,72,0,0x05D50C370A2B6A28,0xC,421,0.171021377672,1,0xA,0x6,0x6,1,1
71,72,1,0x05D50C370A2B6A28,0xC,566,0.127208480565,2,NA,0x0,0x1,0,0
71,72,2,0x05D50C370A2B6A28,0xC,471,0.152866242038,0,NA,0x0,0x7,0,0
71,72,3,0x05D50C370A2B6A28,0xC,398,0.180904522613,0,NA,0x0,0xD,0,0
71,72,4,0x05D50C370A2B6A28,0xC,553,0.130198915009,0,NA,0x0,0x3,0,0
71,72,5,0x05D50C370A2B6A28,0xC,421,0.171021377672,0,NA,0x0,0x4,0,0
71,72,6,0x05D50C370A2B6A28,0xC,424,0.169811320755,0,NA,0x0,0x5,0,0
71,72,7,0x05D50C370A2B6A28,0xC,499,0.144288577154,0,NA,0x0,0x3,0,0
71,80,0,0x05D50C370A2B6A28,0xC,472,0.169491525424,1,0xA,0x6,0x6,1,1
71,80,1,0x05D50C370A2B6A28,0xC,597,0.134003350084,1,0xD,0x1,0x1,1,1
71,80,2,0x05D50C370A2B6A28,0xC,517,0.154738878143,2,NA,0x0,0x7,0,0
71,80,3,0x05D50C370A2B6A28,0xC,443,0.180586907449,0,NA,0x0,0xD,0,0
71,80,4,0x05D50C370A2B6A28,0xC,612,0.130718954248,0,NA,0x0,0x3,0,0
71,80,5,0x05D50C370A2B6A28,0xC,487,0.164271047228,0,NA,0x0,0x4,0,0
71,80,6,0x05D50C370A2B6A28,0xC,472,0.169491525424,0,NA,0x0,0x5,0,0
71,80,7,0x05D50C370A2B6A28,0xC,574,0.139372822300,0,NA,0x0,0x3,0,0
71,96,0,0x05D50C370A2B6A28,0xC,562,0.170818505338,1,0xA,0x6,0x6,1,1
71,96,1,0x05D50C370A2B6A28,0xC,720,0.133333333333,1,0xD,0x1,0x1,1,1
71,96,2,0x05D50C370A2B6A28,0xC,575,0.166956521739,1,0xB,0x7,0x7,1,1
71,96,3,0x05D50C370A2B6A28,0xC,515,0.186407766990,1,0x1,0xD,0xD,1,1
71,96,4,0x05D50C370A2B6A28,0xC,679,0.141384388807,1,0xF,0x3,0x3,1,1
71,96,5,0x05D50C370A2B6A28,0xC,577,0.166377816291,1,0x8,0x4,0x4,1,1
71,96,6,0x05D50C370A2B6A28,0xC,572,0.167832167832,1,0x9,0x5,0x5,1,1
71,96,7,0x05D50C370A2B6A28,0xC,673,0.142644873700,1,0xF,0x3,0x3,1,1
71,112,0,0x05D50C370A2B6A28,0xC,682,0.164222873900,1,0xA,0x6,0x6,1,1
71,112,1,0x05D50C370A2B6A28,0xC,841,0.133174791914,1,0xD,0x1,0x1,1,1
71,112,2,0x05D50C370A2B6A28,0xC,661,0.169440242057,1,0xB,0x7,0x7,1,1
71,112,3,0x05D50C370A2B6A28,0xC,632,0.177215189873,1,0x1,0xD,0xD,1,1
71,112,4,0x05D50C370A2B6A28,0xC,817,0.137086903305,1,0xF,0x3,0x3,1,1
71,112,5,0x05D50C370A2B6A28,0xC,684,0.163742690058,1,0x8,0x4,0x4,1,1
71,112,6,0x05D50C370A2B6A28,0xC,673,0.166419019316,1,0x9,0x5,0x5,1,1
71,112,7,0x05D50C370A2B6A28,0xC,752,0.148936170213,1,0xF,0x3,0x3,1,1
71,128,0,0x05D50C370A2B6A28,0xC,800,0.160000000000,1,0xA,0x6,0x6,1,1
71,128,1,0x05D50C370A2B6A28,0xC,910,0.140659340659,1,0xD,0x1,0x1,1,1
71,128,2,0x05D50C370A2B6A28,0xC,760,0.168421052632,1,0xB,0x7,0x7,1,1
71,128,3,0x05D50C370A2B6A28,0xC,712,0.179775280899,1,0x1,0xD,0xD,1,1
71,128,4,0x05D50C370A2B6A28,0xC,940,0.136170212766,1,0xF,0x3,0x3,1,1
71,128,5,0x05D50C370A2B6A28,0xC,762,0.167979002625,1,0x8,0x4,0x4,1,1
71,128,6,0x05D50C370A2B6A28,0xC,756,0.169312169312,1,0x9,0x5,0x5,1,1
71,128,7,0x05D50C370A2B6A28,0xC,900,0.142222222222,1,0xF,0x3,0x3,1,1
71,160,0,0x05D50C370A2B6A28,0xC,1031,0.155189136760,1,0xA,0x6,0x6,1,1
71,160,1,0x05D50C370A2B6A28,0xC,1160,0.137931034483,1,0xD,0x1,0x1,1,1
71,160,2,0x05D50C370A2B6A28,0xC,979,0.163432073544,1,0xB,0x7,0x7,1,1
71,160,3,0x05D50C370A2B6A28,0xC,930,0.172043010753,1,0x1,0xD,0xD,1,1
71,160,4,0x05D50C370A2B6A28,0xC,1103,0.145058930190,1,0xF,0x3,0x3,1,1
71,160,5,0x05D50C370A2B6A28,0xC,949,0.168598524763,1,0x8,0x4,0x4,1,1
71,160,6,0x05D50C370A2B6A28,0xC,966,0.165631469979,1,0x9,0x5,0x5,1,1
71,160,7,0x05D50C370A2B6A28,0xC,1108,0.144404332130,1,0xF,0x3,0x3,1,1
71,192,0,0x05D50C370A2B6A28,0xC,1217,0.157764995892,1,0xA,0x6,0x6,1,1
71,192,1,0x05D50C370A2B6A28,0xC,1374,0.139737991266,1,0xD,0x1,0x1,1,1
71,192,2,0x05D50C370A2B6A28,0xC,1186,0.161888701518,1,0xB,0x7,0x7,1,1
71,192,3,0x05D50C370A2B6A28,0xC,1151,0.166811468288,1,0x1,0xD,0xD,1,1
71,192,4,0x05D50C370A2B6A28,0xC,1274,0.150706436421,1,0xF,0x3,0x3,1,1
71,192,5,0x05D50C370A2B6A28,0xC,1101,0.174386920981,1,0x8,0x4,0x4,1,1
71,192,6,0x05D50C370A2B6A28,0xC,1160,0.165517241379,1,0x9,0x5,0x5,1,1
71,192,7,0x05D50C370A2B6A28,0xC,1300,0.147692307692,1,0xF,0x3,0x3,1,1
71,256,0,0x05D50C370A2B6A28,0xC,1704,0.150234741784,1,0xA,0x6,0x6,1,1
71,256,1,0x05D50C370A2B6A28,0xC,1792,0.142857142857,1,0xD,0x1,0x1,1,1
71,256,2,0x05D50C370A2B6A28,0xC,1602,0.159800249688,1,0xB,0x7,0x7,1,1
71,256,3,0x05D50C370A2B6A28,0xC,1553,0.164842240824,1,0x1,0xD,0xD,1,1
71,256,4,0x05D50C370A2B6A28,0xC,1586,0.161412358134,1,0xF,0x3,0x3,1,1
71,256,5,0x05D50C370A2B6A28,0xC,1481,0.172856178258,1,0x8,0x4,0x4,1,1
71,256,6,0x05D50C370A2B6A28,0xC,1592,0.160804020101,1,0x9,0x5,0x5,1,1
71,256,7,0x05D50C370A2B6A28,0xC,1660,0.154216867470,1,0xF,0x3,0x3,1,1
72,16,0,0xD743C74DCCA84251,0x2,70,0.228571428571,6,NA,0x0,0x3,0,0
72,16,1,0xD743C74DCCA84251,0x2,79,0.202531645570,0,NA,0x0,0x1,0,0
72,16,2,0xD743C74DCCA84251,0x2,111,0.144144144144,0,NA,0x0,0x9,0,0
72,16,3,0xD743C74DCCA84251,0x2,133,0.120300751880,0,NA,0x0,0x5,0,0
72,16,4,0xD743C74DCCA84251,0x2,82,0.195121951220,0,NA,0x0,0x4,0,0
72,16,5,0xD743C74DCCA84251,0x2,44,0.363636363636,0,NA,0x0,0xC,0,0
72,16,6,0xD743C74DCCA84251,0x2,82,0.195121951220,0,NA,0x0,0xC,0,0
72,16,7,0xD743C74DCCA84251,0x2,105,0.152380952381,0,NA,0x0,0x4,0,0
72,24,0,0xD743C74DCCA84251,0x2,97,0.247422680412,3,NA,0x0,0x3,0,0
72,24,1,0xD743C74DCCA84251,0x2,103,0.233009708738,0,NA,0x0,0x1,0,0
72,24,2,0xD743C74DCCA84251,0x2,144,0.166666666667,0,NA,0x0,0x9,0,0
72,24,3,0xD743C74DCCA84251,0x2,171,0.140350877193,0,NA,0x0,0x5,0,0
72,24,4,0xD743C74DCCA84251,0x2,127,0.188976377953,0,NA,0x0,0x4,0,0
72,24,5,0xD743C74DCCA84251,0x2,67,0.358208955224,0,NA,0x0,0xC,0,0
72,24,6,0xD743C74DCCA84251,0x2,153,0.156862745098,0,NA,0x0,0xC,0,0
72,24,7,0xD743C74DCCA84251,0x2,129,0.186046511628,0,NA,0x0,0x4,0,0
72,32,0,0xD743C74DCCA84251,0x2,133,0.240601503759,2,NA,0x0,0x3,0,0
72,32,1,0xD743C74DCCA84251,0x2,144,0.222222222222,0,NA,0x0,0x1,0,0
72,32,2,0xD743C74DCCA84251,0x2,196,0.163265306122,0,NA,0x0,0x9,0,0
72,32,3,0xD743C74DCCA84251,0x2,202,0.158415841584,0,NA,0x0,0x5,0,0
72,32,4,0xD743C74DCCA84251,0x2,215,0.148837209302,0,NA,0x0,0x4,0,0
72,32,5,0xD743C74DCCA84251,0x2,99,0.323232323232,0,NA,0x0,0xC,0,0
72,32,6,0xD743C74DCCA84251,0x2,197,0.162436548223,0,NA,0x0,0xC,0,0
72,32,7,0xD743C74DCCA84251,0x2,172,0.186046511628,0,NA,0x0,0x4,0,0
72,40,0,0xD743C74DCCA84251,0x2,157,0.254777070064,1,0x1,0x3,0x3,1,1
72,40,1,0xD743C74DCCA84251,0x2,201,0.199004975124,3,NA,0x0,0x1,0,0
72,40,2,0xD743C74DCCA84251,0x2,252,0.158730158730,0,NA,0x0,0x9,0,0
72,40,3,0xD743C74DCCA84251,0x2,243,0.164609053498,0,NA,0x0,0x5,0,0
72,40,4,0xD743C74DCCA84251,0x2,302,0.132450331126,0,NA,0x0,0x4,0,0
72,40,5,0xD743C74DCCA84251,0x2,147,0.272108843537,0,NA,0x0,0xC,0,0
72,40,6,0xD743C74DCCA84251,0x2,238,0.168067226891,0,NA,0x0,0xC,0,0
72,40,7,0xD743C74DCCA84251,0x2,232,0.172413793103,0,NA,0x0,0x4,0,0
72,48,0,0xD743C74DCCA84251,0x2,217,0.221198156682,1,0x1,0x3,0x3,1,1
72,48,1,0xD743C74DCCA84251,0x2,266,0.180451127820,2,NA,0x0,0x1,0,0
72,48,2,0xD743C74DCCA84251,0x2,290,0.165517241379,0,NA,0x0,0x9,0,0
72,48,3,0xD743C74DCCA84251,0x2,291,0.164948453608,0,NA,0x0,0x5,0,0
72,48,4,0xD743C74DCCA84251,0x2,340,0.141176470588,0,NA,0x0,0x4,0,0
72,48,5,0xD743C74DCCA84251,0x2,214,0.224299065421,0,NA,0x0,0xC,0,0
72,48,6,0xD743C74DCCA84251,0x2,289,0.166089965398,0,NA,0x0,0xC,0,0
72,48,7,0xD743C74DCCA84251,0x2,293,0.163822525597,0,NA,0x0,0x4,0,0
72,56,0,0xD743C74DCCA84251,0x2,253,0.221343873518,1,0x1,0x3,0x3,1,1
72,56,1,0xD743C74DCCA84251,0x2,310,0.180645161290,1,0x3,0x1,0x1,1,1
72,56,2,0xD743C74DCCA84251,0x2,309,0.181229773463,1,0xB,0x9,0x9,1,1
72,56,3,0xD743C74DCCA84251,0x2,344,0.162790697674,1,0x7,0x5,0x5,1,1
72,56,4,0xD743C74DCCA84251,0x2,392,0.142857142857,1,0x6,0x4,0x4,1,1
72,56,5,0xD743C74DCCA84251,0x2,294,0.190476190476,2,NA,0x0,0xC,0,0
72,56,6,0xD743C74DCCA84251,0x2,328,0.170731707317,0,NA,0x0,0xC,0,0
72,56,7,0xD743C74DCCA84251,0x2,335,0.167164179104,0,NA,0x0,0x4,0,0
72,64,0,0xD743C74DCCA84251,0x2,293,0.218430034130,1,0x1,0x3,0x3,1,1
72,64,1,0xD743C74DCCA84251,0x2,352,0.181818181818,1,0x3,0x1,0x1,1,1
72,64,2,0xD743C74DCCA84251,0x2,364,0.175824175824,1,0xB,0x9,0x9,1,1
72,64,3,0xD743C74DCCA84251,0x2,410,0.156097560976,1,0x7,0x5,0x5,1,1
72,64,4,0xD743C74DCCA84251,0x2,443,0.144469525959,1,0x6,0x4,0x4,1,1
72,64,5,0xD743C74DCCA84251,0x2,334,0.191616766467,2,NA,0x0,0xC,0,0
72,64,6,0xD743C74DCCA84251,0x2,365,0.175342465753,0,NA,0x0,0xC,0,0
72,64,7,0xD743C74DCCA84251,0x2,401,0.159600997506,0,NA,0x0,0x4,0,0
72,72,0,0xD743C74DCCA84251,0x2,360,0.200000000000,1,0x1,0x3,0x3,1,1
72,72,1,0xD743C74DCCA84251,0x2,398,0.180904522613,1,0x3,0x1,0x1,1,1
72,72,2,0xD743C74DCCA84251,0x2,420,0.171428571429,1,0xB,0x9,0x9,1,1
72,72,3,0xD743C74DCCA84251,0x2,450,0.160000000000,1,0x7,0x5,0x5,1,1
72,72,4,0xD743C74DCCA84251,0x2,498,0.144578313253,1,0x6,0x4,0x4,1,1
72,72,5,0xD743C74DCCA84251,0x2,371,0.194070080863,2,NA,0x0,0xC,0,0
72,72,6,0xD743C74DCCA84251,0x2,444,0.162162162162,0,NA,0x0,0xC,0,0
72,72,7,0xD743C74DCCA84251,0x2,446,0.161434977578,0,NA,0x0,0x4,0,0
72,80,0,0xD743C74DCCA84251,0x2,410,0.195121951220,1,0x1,0x3,0x3,1,1
72,80,1,0xD743C74DCCA84251,0x2,452,0.176991150442,1,0x3,0x1,0x1,1,1
72,80,2,0xD743C74DCCA84251,0x2,467,0.171306209850,1,0xB,0x9,0x9,1,1
72,80,3,0xD743C74DCCA84251,0x2,479,0.167014613779,1,0x7,0x5,0x5,1,1
72,80,4,0xD743C74DCCA84251,0x2,520,0.153846153846,1,0x6,0x4,0x4,1,1
72,80,5,0xD743C74DCCA84251,0x2,427,0.187353629977,1,0xE,0xC,0xC,1,1
72,80,6,0xD743C74DCCA84251,0x2,476,0.168067226891,1,0xE,0xC,0xC,1,1
72,80,7,0xD743C74DCCA84251,0x2,466,0.171673819742,1,0x6,0x4,0x4,1,1
72,96,0,0xD743C74DCCA84251,0x2,553,0.173598553345,1,0x1,0x3,0x3,1,1
72,96,1,0xD743C74DCCA84251,0x2,559,0.171735241503,1,0x3,0x1,0x1,1,1
72,96,2,0xD743C74DCCA84251,0x2,596,0.161073825503,1,0xB,0x9,0x9,1,1
72,96,3,0xD743C74DCCA84251,0x2,569,0.168717047452,1,0x7,0x5,0x5,1,1
72,96,4,0xD743C74DCCA84251,0x2,660,0.145454545455,1,0x6,0x4,0x4,1,1
72,96,5,0xD743C74DCCA84251,0x2,533,0.180112570356,1,0xE,0xC,0xC,1,1
72,96,6,0xD743C74DCCA84251,0x2,599,0.160267111853,1,0xE,0xC,0xC,1,1
72,96,7,0xD743C74DCCA84251,0x2,587,0.163543441227,1,0x6,0x4,0x4,1,1
72,112,0,0xD743C74DCCA84251,0x2,650,0.172307692308,1,0x1,0x3,0x3,1,1
72,112,1,0xD743C74DCCA84251,0x2,684,0.163742690058,1,0x3,0x1,0x1,1,1
72,112,2,0xD743C74DCCA84251,0x2,692,0.161849710983,1,0xB,0x9,0x9,1,1
72,112,3,0xD743C74DCCA84251,0x2,688,0.162790697674,1,0x7,0x5,0x5,1,1
72,112,4,0xD743C74DCCA84251,0x2,743,0.150740242261,1,0x6,0x4,0x4,1,1
72,112,5,0xD743C74DCCA84251,0x2,609,0.183908045977,1,0xE,0xC,0xC,1,1
72,112,6,0xD743C74DCCA84251,0x2,691,0.162083936324,1,0xE,0xC,0xC,1,1
72,112,7,0xD743C74DCCA84251,0x2,710,0.157746478873,1,0x6,0x4,0x4,1,1
72,128,0,0xD743C74DCCA84251,0x2,731,0.175102599179,1,0x1,0x3,0x3,1,1
72,128,1,0xD743C74DCCA84251,0x2,780,0.164102564103,1,0x3,0x1,0x1,1,1
72,128,2,0xD743C74DCCA84251,0x2,771,0.166018158236,1,0xB,0x9,0x9,1,1
72,128,3,0xD743C74DCCA84251,0x2,794,0.161209068010,1,0x7,0x5,0x5,1,1
72,128,4,0xD743C74DCCA84251,0x2,817,0.156670746634,1,0x6,0x4,0x4,1,1
72,128,5,0xD743C74DCCA84251,0x2,757,0.169088507266,1,0xE,0xC,0xC,1,1
72,128,6,0xD743C74DCCA84251,0x2,847,0.151121605667,1,0xE,0xC,0xC,1,1
72,128,7,0xD743C74DCCA84251,0x2,798,0.160401002506,1,0x6,0x4,0x4,1,1
72,160,0,0xD743C74DCCA84251,0x2,958,0.167014613779,1,0x1,0x3,0x3,1,1
72,160,1,0xD743C74DCCA84251,0x2,1049,0.152526215443,1,0x3,0x1,0x1,1,1
72,160,2,0xD743C74DCCA84251,0x2,919,0.174102285092,1,0xB,0x9,0x9,1,1
72,160,3,0xD743C74DCCA84251,0x2,989,0.161779575329,1,0x7,0x5,0x5,1,1
72,160,4,0xD743C74DCCA84251,0x2,996,0.160642570281,1,0x6,0x4,0x4,1,1
72,160,5,0xD743C74DCCA84251,0x2,947,0.168954593453,1,0xE,0xC,0xC,1,1
72,160,6,0xD743C74DCCA84251,0x2,1021,0.156709108717,1,0xE,0xC,0xC,1,1
72,160,7,0xD743C74DCCA84251,0x2,958,0.167014613779,1,0x6,0x4,0x4,1,1
72,192,0,0xD743C74DCCA84251,0x2,1183,0.162299239222,1,0x1,0x3,0x3,1,1
72,192,1,0xD743C74DCCA84251,0x2,1185,0.162025316456,1,0x3,0x1,0x1,1,1
72,192,2,0xD743C74DCCA84251,0x2,1094,0.175502742230,1,0xB,0x9,0x9,1,1
72,192,3,0xD743C74DCCA84251,0x2,1208,0.158940397351,1,0x7,0x5,0x5,1,1
72,192,4,0xD743C74DCCA84251,0x2,1213,0.158285243199,1,0x6,0x4,0x4,1,1
72,192,5,0xD743C74DCCA84251,0x2,1102,0.174228675136,1,0xE,0xC,0xC,1,1
72,192,6,0xD743C74DCCA84251,0x2,1207,0.159072079536,1,0xE,0xC,0xC,1,1
72,192,7,0xD743C74DCCA84251,0x2,1170,0.164102564103,1,0x6,0x4,0x4,1,1
72,256,0,0xD743C74DCCA84251,0x2,1547,0.165481577246,1,0x1,0x3,0x3,1,1
72,256,1,0xD743C74DCCA84251,0x2,1569,0.163161249203,1,0x3,0x1,0x1,1,1
72,256,2,0xD743C74DCCA84251,0x2,1466,0.174624829468,1,0xB,0x9,0x9,1,1
72,256,3,0xD743C74DCCA84251,0x2,1562,0.163892445583,1,0x7,0x5,0x5,1,1
72,256,4,0xD743C74DCCA84251,0x2,1540,0.166233766234,1,0x6,0x4,0x4,1,1
72,256,5,0xD743C74DCCA84251,0x2,1571,0.162953532782,1,0xE,0xC,0xC,1,1
72,256,6,0xD743C74DCCA84251,0x2,1565,0.163578274760,1,0xE,0xC,0xC,1,1
72,256,7,0xD743C74DCCA84251,0x2,1616,0.158415841584,1,0x6,0x4,0x4,1,1
73,16,0,0xF27DAC0F9AA6C5AD,0x1,70,0.228571428571,6,NA,0x0,0xE,0,0
73,16,1,0xF27DAC0F9AA6C5AD,0x1,113,0.141592920354,0,NA,0x0,0x8,0,0
73,16,2,0xF27DAC0F9AA6C5AD,0x1,115,0.139130434783,0,NA,0x0,0x1,0,0
73,16,3,0xF27DAC0F9AA6C5AD,0x1,116,0.137931034483,0,NA,0x0,0xD,0,0
73,16,4,0xF27DAC0F9AA6C5AD,0x1,94,0.170212765957,0,NA,0x0,0xD,0,0
73,16,5,0xF27DAC0F9AA6C5AD,0x1,85,0.188235294118,0,NA,0x0,0x3,0,0
73,16,6,0xF27DAC0F9AA6C5AD,0x1,67,0.238805970149,0,NA,0x0,0xE,0,0
73,16,7,0xF27DAC0F9AA6C5AD,0x1,93,0.172043010753,0,NA,0x0,0x8,0,0
73,24,0,0xF27DAC0F9AA6C5AD,0x1,177,0.135593220339,3,NA,0x0,0xE,0,0
73,24,1,0xF27DAC0F9AA6C5AD,0x1,177,0.135593220339,0,NA,0x0,0x8,0,0
73,24,2,0xF27DAC0F9AA6C5AD,0x1,185,0.129729729730,0,NA,0x0,0x1,0,0
73,24,3,0xF27DAC0F9AA6C5AD,0x1,161,0.149068322981,0,NA,0x0,0xD,0,0
73,24,4,0xF27DAC0F9AA6C5AD,0x1,151,0.158940397351,0,NA,0x0,0xD,0,0
73,24,5,0xF27DAC0F9AA6C5AD,0x1,128,0.187500000000,0,NA,0x0,0x3,0,0
73,24,6,0xF27DAC0F9AA6C5AD,0x1,103,0.233009708738,0,NA,0x0,0xE,0,0
73,24,7,0xF27DAC0F9AA6C5AD,0x1,163,0.147239263804,0,NA,0x0,0x8,0,0
73,32,0,0xF27DAC0F9AA6C5AD,0x1,272,0.117647058824,3,NA,0x0,0xE,0,0
73,32,1,0xF27DAC0F9AA6C5AD,0x1,205,0.156097560976,0,NA,0x0,0x8,0,0
73,32,2,0xF27DAC0F9AA6C5AD,0x1,252,0.126984126984,0,NA,0x0,0x1,0,0
73,32,3,0xF27DAC0F9AA6C5AD,0x1,211,0.151658767773,0,NA,0x0,0xD,0,0
73,32,4,0xF27DAC0F9AA6C5AD,0x1,201,0.159203980100,0,NA,0x0,0xD,0,0
73,32,5,0xF27DAC0F9AA6C5AD,0x1,188,0.170212765957,0,NA,0x0,0x3,0,0
73,32,6,0xF27DAC0F9AA6C5AD,0x1,173,0.184971098266,0,NA,0x0,0xE,0,0
73,32,7,0xF27DAC0F9AA6C5AD,0x1,223,0.143497757848,0,NA,0x0,0x8,0,0
73,40,0,0xF27DAC0F9AA6C5AD,0x1,321,0.124610591900,2,NA,0x0,0xE,0,0
73,40,1,0xF27DAC0F9AA6C5AD,0x1,289,0.138408304498,0,NA,0x0,0x8,0,0
73,40,2,0xF27DAC0F9AA6C5AD,0x1,286,0.139860139860,0,NA,0x0,0x1,0,0
73,40,3,0xF27DAC0F9AA6C5AD,0x1,271,0.147601476015,0,NA,0x0,0xD,0,0
73,40,4,0xF27DAC0F9AA6C5AD,0x1,263,0.152091254753,0,NA,0x0,0xD,0,0
73,40,5,0xF27DAC0F9AA6C5AD,0x1,227,0.176211453744,0,NA,0x0,0x3,0,0
73,40,6,0xF27DAC0F9AA6C5AD,0x1,216,0.185185185185,0,NA,0x0,0xE,0,0
73,40,7,0xF27DAC0F9AA6C5AD,0x1,295,0.135593220339,0,NA,0x0,0x8,0,0
73,48,0,0xF27DAC0F9AA6C5AD,0x1,348,0.137931034483,2,NA,0x0,0xE,0,0
73,48,1,0xF27DAC0F9AA6C5AD,0x1,313,0.153354632588,0,NA,0x0,0x8,0,0
73,48,2,0xF27DAC0F9AA6C5AD,0x1,342,0.140350877193,0,NA,0x0,0x1,0,0
73,48,3,0xF27DAC0F9AA6C5AD,0x1,322,0.149068322981,0,NA,0x0,0xD,0,0
73,48,4,0xF27DAC0F9AA6C5AD,0x1,302,0.158940397351,0,NA,0x0,0xD,0,0
73,48,5,0xF27DAC0F9AA6C5AD,0x1,260,0.184615384615,0,NA,0x0,0x3,0,0
73,48,6,0xF27DAC0F9AA6C5AD,0x1,282,0.170212765957,0,NA,0x0,0xE,0,0
73,48,7,0xF27DAC0F9AA6C5AD,0x1,326,0.147239263804,0,NA,0x0,0x8,0,0
73,56,0,0xF27DAC0F9AA6C5AD,0x1,402,0.139303482587,2,NA,0x0,0xE,0,0
73,56,1,0xF27DAC0F9AA6C5AD,0x1,374,0.149732620321,0,NA,0x0,0x8,0,0
73,56,2,0xF27DAC0F9AA6C5AD,0x1,409,0.136919315403,0,NA,0x0,0x1,0,0
73,56,3,0xF27DAC0F9AA6C5AD,0x1,361,0.155124653740,0,NA,0x0,0xD,0,0
73,56,4,0xF27DAC0F9AA6C5AD,0x1,347,0.161383285303,0,NA,0x0,0xD,0,0
73,56,5,0xF27DAC0F9AA6C5AD,0x1,311,0.180064308682,0,NA,0x0,0x3,0,0
73,56,6,0xF27DAC0F9AA6C5AD,0x1,335,0.167164179104,0,NA,0x0,0xE,0,0
73,56,7,0xF27DAC0F9AA6C5AD,0x1,389,0.143958868895,0,NA,0x0,0x8,0,0
73,64,0,0xF27DAC0F9AA6C5AD,0x1,429,0.149184149184,1,0xF,0xE,0xE,1,1
73,64,1,0xF27DAC0F9AA6C5AD,0x1,422,0.151658767773,1,0x9,0x8,0x8,1,1
73,64,2,0xF27DAC0F9AA6C5AD,0x1,436,0.146788990826,1,0x0,0x1,0x1,1,1
73,64,3,0xF27DAC0F9AA6C5AD,0x1,405,0.158024691358,2,NA,0x0,0xD,0,0
73,64,4,0xF27DAC0F9AA6C5AD,0x1,407,0.157248157248,0,NA,0x0,0xD,0,0
73,64,5,0xF27DAC0F9AA6C5AD,0x1,363,0.176308539945,0,NA,0x0,0x3,0,0
73,64,6,0xF27DAC0F9AA6C5AD,0x1,387,0.165374677003,0,NA,0x0,0xE,0,0
73,64,7,0xF27DAC0F9AA6C5AD,0x1,443,0.144469525959,0,NA,0x0,0x8,0,0
73,72,0,0xF27DAC0F9AA6C5AD,0x1,470,0.153191489362,1,0xF,0xE,0xE,1,1
73,72,1,0xF27DAC0F9AA6C5AD,0x1,490,0.146938775510,1,0x9,0x8,0x8,1,1
73,72,2,0xF27DAC0F9AA6C5AD,0x1,465,0.154838709677,1,0x0,0x1,0x1,1,1
73,72,3,0xF27DAC0F9AA6C5AD,0x1,436,0.165137614679,2,NA,0x0,0xD,0,0
73,72,4,0xF27DAC0F9AA6C5AD,0x1,477,0.150943396226,0,NA,0x0,0xD,0,0
73,72,5,0xF27DAC0F9AA6C5AD,0x1,394,0.182741116751,0,NA,0x0,0x3,0,0
73,72,6,0xF27DAC0F9AA6C5AD,0x1,432,0.166666666667,0,NA,0x0,0xE,0,0
73,72,7,0xF27DAC0F9AA6C5AD,0x1,507,0.142011834320,0,NA,0x0,0x8,0,0
73,80,0,0xF27DAC0F9AA6C5AD,0x1,514,0.155642023346,1,0xF,0xE,0xE,1,1
73,80,1,0xF27DAC0F9AA6C5AD,0x1,548,0.145985401460,1,0x9,0x8,0x8,1,1
73,80,2,0xF27DAC0F9AA6C5AD,0x1,495,0.161616161616,1,0x0,0x1,0x1,1,1
73,80,3,0xF27DAC0F9AA6C5AD,0x1,484,0.165289256198,1,0xC,0xD,0xD,1,1
73,80,4,0xF27DAC0F9AA6C5AD,0x1,521,0.153550863724,1,0xC,0xD,0xD,1,1
73,80,5,0xF27DAC0F9AA6C5AD,0x1,438,0.182648401826,1,0x2,0x3,0x3,1,1
73,80,6,0xF27DAC0F9AA6C5AD,0x1,480,0.166666666667,1,0xF,0xE,0xE,1,1
73,80,7,0xF27DAC0F9AA6C5AD,0x1,553,0.144665461121,1,0x9,0x8,0x8,1,1
73,96,0,0xF27DAC0F9AA6C5AD,0x1,594,0.161616161616,1,0xF,0xE,0xE,1,1
73,96,1,0xF27DAC0F9AA6C5AD,0x1,627,0.153110047847,1,0x9,0x8,0x8,1,1
73,96,2,0xF27DAC0F9AA6C5AD,0x1,562,0.170818505338,1,0x0,0x1,0x1,1,1
73,96,3,0xF27DAC0F9AA6C5AD,0x1,578,0.166089965398,1,0xC,0xD,0xD,1,1
73,96,4,0xF27DAC0F9AA6C5AD,0x1,596,0.161073825503,1,0xC,0xD,0xD,1,1
73,96,5,0xF27DAC0F9AA6C5AD,0x1,570,0.168421052632,1,0x2,0x3,0x3,1,1
73,96,6,0xF27DAC0F9AA6C5AD,0x1,581,0.165232358003,1,0xF,0xE,0xE,1,1
73,96,7,0xF27DAC0F9AA6C5AD,0x1,639,0.150234741784,1,0x9,0x8,0x8,1,1
73,112,0,0xF27DAC0F9AA6C5AD,0x1,711,0.157524613221,1,0xF,0xE,0xE,1,1
73,112,1,0xF27DAC0F9AA6C5AD,0x1,775,0.144516129032,1,0x9,0x8,0x8,1,1
73,112,2,0xF27DAC0F9AA6C5AD,0x1,641,0.174726989080,1,0x0,0x1,0x1,1,1
73,112,3,0xF27DAC0F9AA6C5AD,0x1,660,0.169696969697,1,0xC,0xD,0xD,1,1
73,112,4,0xF27DAC0F9AA6C5AD,0x1,726,0.154269972452,1,0xC,0xD,0xD,1,1
73,112,5,0xF27DAC0F9AA6C5AD,0x1,662,0.169184290030,1,0x2,0x3,0x3,1,1
73,112,6,0xF27DAC0F9AA6C5AD,0x1,672,0.166666666667,1,0xF,0xE,0xE,1,1
73,112,7,0xF27DAC0F9AA6C5AD,0x1,726,0.154269972452,1,0x9,0x8,0x8,1,1
73,128,0,0xF27DAC0F9AA6C5AD,0x1,838,0.152744630072,1,0xF,0xE,0xE,1,1
73,128,1,0xF27DAC0F9AA6C5AD,0x1,850,0.150588235294,1,0x9,0x8,0x8,1,1
73,128,2,0xF27DAC0F9AA6C5AD,0x1,763,0.167758846658,1,0x0,0x1,0x1,1,1
73,128,3,0xF27DAC0F9AA6C5AD,0x1,725,0.176551724138,1,0xC,0xD,0xD,1,1
73,128,4,0xF27DAC0F9AA6C5AD,0x1,836,0.153110047847,1,0xC,0xD,0xD,1,1
73,128,5,0xF27DAC0F9AA6C5AD,0x1,775,0.165161290323,1,0x2,0x3,0x3,1,1
73,128,6,0xF27DAC0F9AA6C5AD,0x1,761,0.168199737188,1,0xF,0xE,0xE,1,1
73,128,7,0xF27DAC0F9AA6C5AD,0x1,782,0.163682864450,1,0x9,0x8,0x8,1,1
73,160,0,0xF27DAC0F9AA6C5AD,0x1,1057,0.151371807001,1,0xF,0xE,0xE,1,1
73,160,1,0xF27DAC0F9AA6C5AD,0x1,1066,0.150093808630,1,0x9,0x8,0x8,1,1
73,160,2,0xF27DAC0F9AA6C5AD,0x1,967,0.165460186143,1,0x0,0x1,0x1,1,1
73,160,3,0xF27DAC0F9AA6C5AD,0x1,934,0.171306209850,1,0xC,0xD,0xD,1,1
73,160,4,0xF27DAC0F9AA6C5AD,0x1,1074,0.148975791434,1,0xC,0xD,0xD,1,1
73,160,5,0xF27DAC0F9AA6C5AD,0x1,973,0.164439876670,1,0x2,0x3,0x3,1,1
73,160,6,0xF27DAC0F9AA6C5AD,0x1,895,0.178770949721,1,0xF,0xE,0xE,1,1
73,160,7,0xF27DAC0F9AA6C5AD,0x1,971,0.164778578785,1,0x9,0x8,0x8,1,1
73,192,0,0xF27DAC0F9AA6C5AD,0x1,1257,0.152744630072,1,0xF,0xE,0xE,1,1
73,192,1,0xF27DAC0F9AA6C5AD,0x1,1223,0.156991005724,1,0x9,0x8,0x8,1,1
73,192,2,0xF27DAC0F9AA6C5AD,0x1,1197,0.160401002506,1,0x0,0x1,0x1,1,1
73,192,3,0xF27DAC0F9AA6C5AD,0x1,1133,0.169461606355,1,0xC,0xD,0xD,1,1
73,192,4,0xF27DAC0F9AA6C5AD,0x1,1283,0.149649259548,1,0xC,0xD,0xD,1,1
73,192,5,0xF27DAC0F9AA6C5AD,0x1,1136,0.169014084507,1,0x2,0x3,0x3,1,1
73,192,6,0xF27DAC0F9AA6C5AD,0x1,1109,0.173128944995,1,0xF,0xE,0xE,1,1
73,192,7,0xF27DAC0F9AA6C5AD,0x1,1162,0.165232358003,1,0x9,0x8,0x8,1,1
73,256,0,0xF27DAC0F9AA6C5AD,0x1,1612,0.158808933002,1,0xF,0xE,0xE,1,1
73,256,1,0xF27DAC0F9AA6C5AD,0x1,1693,0.151210868281,1,0x9,0x8,0x8,1,1
73,256,2,0xF27DAC0F9AA6C5AD,0x1,1594,0.160602258469,1,0x0,0x1,0x1,1,1
73,256,3,0xF27DAC0F9AA6C5AD,0x1,1524,0.167979002625,1,0xC,0xD,0xD,1,1
73,256,4,0xF27DAC0F9AA6C5AD,0x1,1649,0.155245603396,1,0xC,0xD,0xD,1,1
73,256,5,0xF27DAC0F9AA6C5AD,0x1,1473,0.173794976239,1,0x2,0x3,0x3,1,1
73,256,6,0xF27DAC0F9AA6C5AD,0x1,1522,0.168199737188,1,0xF,0xE,0xE,1,1
73,256,7,0xF27DAC0F9AA6C5AD,0x1,1593,0.160703075957,1,0x9,0x8,0x8,1,1
74,16,0,0x8E1C247C4A2F24FD,0x9,104,0.153846153846,5,NA,0x0,0x6,0,0
74,16,1,0x8E1C247C4A2F24FD,0x9,144,0.111111111111,0,NA,0x0,0x5,0,0
74,16,2,0x8E1C247C4A2F24FD,0x9,59,0.271186440678,0,NA,0x0,0x8,0,0
74,16,3,0x8E1C247C4A2F24FD,0x9,152,0.105263157895,0,NA,0x0,0x1,0,0
74,16,4,0x8E1C247C4A2F24FD,0x9,78,0.205128205128,0,NA,0x0,0xD,0,0
74,16,5,0x8E1C247C4A2F24FD,0x9,81,0.197530864198,0,NA,0x0,0xC,0,0
74,16,6,0x8E1C247C4A2F24FD,0x9,86,0.186046511628,0,NA,0x0,0xB,0,0
74,16,7,0x8E1C247C4A2F24FD,0x9,118,0.135593220339,0,NA,0x0,0x2,0,0
74,24,0,0x8E1C247C4A2F24FD,0x9,149,0.161073825503,2,NA,0x0,0x6,0,0
74,24,1,0x8E1C247C4A2F24FD,0x9,202,0.118811881188,0,NA,0x0,0x5,0,0
74,24,2,0x8E1C247C4A2F24FD,0x9,129,0.186046511628,0,NA,0x0,0x8,0,0
74,24,3,0x8E1C247C4A2F24FD,0x9,196,0.122448979592,0,NA,0x0,0x1,0,0
74,24,4,0x8E1C247C4A2F24FD,0x9,145,0.165517241379,0,NA,0x0,0xD,0,0
74,24,5,0x8E1C247C4A2F24FD,0x9,136,0.176470588235,0,NA,0x0,0xC,0,0
74,24,6,0x8E1C247C4A2F24FD,0x9,124,0.193548387097,0,NA,0x0,0xB,0,0
74,24,7,0x8E1C247C4A2F24FD,0x9,172,0.139534883721,0,NA,0x0,0x2,0,0
74,32,0,0x8E1C247C4A2F24FD,0x9,197,0.162436548223,2,NA,0x0,0x6,0,0
74,32,1,0x8E1C247C4A2F24FD,0x9,264,0.121212121212,0,NA,0x0,0x5,0,0
74,32,2,0x8E1C247C4A2F24FD,0x9,181,0.176795580110,0,NA,0x0,0x8,0,0
74,32,3,0x8E1C247C4A2F24FD,0x9,234,0.136752136752,0,NA,0x0,0x1,0,0
74,32,4,0x8E1C247C4A2F24FD,0x9,209,0.153110047847,0,NA,0x0,0xD,0,0
74,32,5,0x8E1C247C4A2F24FD,0x9,186,0.172043010753,0,NA,0x0,0xC,0,0
74,32,6,0x8E1C247C4A2F24FD,0x9,173,0.184971098266,0,NA,0x0,0xB,0,0
74,32,7,0x8E1C247C4A2F24FD,0x9,229,0.139737991266,0,NA,0x0,0x2,0,0
74,40,0,0x8E1C247C4A2F24FD,0x9,226,0.176991150442,1,0xF,0x6,0x6,1,1
74,40,1,0x8E1C247C4A2F24FD,0x9,337,0.118694362018,2,NA,0x0,0x5,0,0
74,40,2,0x8E1C247C4A2F24FD,0x9,221,0.180995475113,0,NA,0x0,0x8,0,0
74,40,3,0x8E1C247C4A2F24FD,0x9,303,0.132013201320,0,NA,0x0,0x1,0,0
74,40,4,0x8E1C247C4A2F24FD,0x9,259,0.154440154440,0,NA,0x0,0xD,0,0
74,40,5,0x8E1C247C4A2F24FD,0x9,249,0.160642570281,0,NA,0x0,0xC,0,0
74,40,6,0x8E1C247C4A2F24FD,0x9,210,0.190476190476,0,NA,0x0,0xB,0,0
74,40,7,0x8E1C247C4A2F24FD,0x9,277,0.144404332130,0,NA,0x0,0x2,0,0
74,48,0,0x8E1C247C4A2F24FD,0x9,308,0.155844155844,1,0xF,0x6,0x6,1,1
74,48,1,0x8E1C247C4A2F24FD,0x9,377,0.127320954907,2,NA,0x0,0x5,0,0
74,48,2,0x8E1C247C4A2F24FD,0x9,289,0.166089965398,0,NA,0x0,0x8,0,0
74,48,3,0x8E1C247C4A2F24FD,0x9,375,0.128000000000,0,NA,0x0,0x1,0,0
74,48,4,0x8E1C247C4A2F24FD,0x9,314,0.152866242038,0,NA,0x0,0xD,0,0
74,48,5,0x8E1C247C4A2F24FD,0x9,289,0.166089965398,0,NA,0x0,0xC,0,0
74,48,6,0x8E1C247C4A2F24FD,0x9,243,0.197530864198,0,NA,0x0,0xB,0,0
74,48,7,0x8E1C247C4A2F24FD,0x9,315,0.152380952381,0,NA,0x0,0x2,0,0
74,56,0,0x8E1C247C4A2F24FD,0x9,374,0.149732620321,1,0xF,0x6,0x6,1,1
74,56,1,0x8E1C247C4A2F24FD,0x9,426,0.131455399061,1,0xC,0x5,0x5,1,1
74,56,2,0x8E1C247C4A2F24FD,0x9,336,0.166666666667,2,NA,0x0,0x8,0,0
74,56,3,0x8E1C247C4A2F24FD,0x9,413,0.135593220339,0,NA,0x0,0x1,0,0
74,56,4,0x8E1C247C4A2F24FD,0x9,358,0.156424581006,0,NA,0x0,0xD,0,0
74,56,5,0x8E1C247C4A2F24FD,0x9,317,0.176656151420,0,NA,0x0,0xC,0,0
74,56,6,0x8E1C247C4A2F24FD,0x9,289,0.193771626298,0,NA,0x0,0xB,0,0
74,56,7,0x8E1C247C4A2F24FD,0x9,364,0.153846153846,0,NA,0x0,0x2,0,0
74,64,0,0x8E1C247C4A2F24FD,0x9,429,0.149184149184,1,0xF,0x6,0x6,1,1
74,64,1,0x8E1C247C4A2F24FD,0x9,449,0.142538975501,1,0xC,0x5,0x5,1,1
74,64,2,0x8E1C247C4A2F24FD,0x9,371,0.172506738544,2,NA,0x0,0x8,0,0
74,64,3,0x8E1C247C4A2F24FD,0x9,475,0.134736842105,0,NA,0x0,0x1,0,0
74,64,4,0x8E1C247C4A2F24FD,0x9,421,0.152019002375,0,NA,0x0,0xD,0,0
74,64,5,0x8E1C247C4A2F24FD,0x9,370,0.172972972973,0,NA,0x0,0xC,0,0
74,64,6,0x8E1C247C4A2F24FD,0x9,347,0.184438040346,0,NA,0x0,0xB,0,0
74,64,7,0x8E1C247C4A2F24FD,0x9,396,0.161616161616,0,NA,0x0,0x2,0,0
74,72,0,0x8E1C247C4A2F24FD,0x9,471,0.152866242038,1,0xF,0x6,0x6,1,1
74,72,1,0x8E1C247C4A2F24FD,0x9,475,0.151578947368,1,0xC,0x5,0x5,1,1
74,72,2,0x8E1C247C4A2F24FD,0x9,416,0.173076923077,2,NA,0x0,0x8,0,0
74,72,3,0x8E1C247C4A2F24FD,0x9,534,0.134831460674,0,NA,0x0,0x1,0,0
74,72,4,0x8E1C247C4A2F24FD,0x9,457,0.157549234136,0,NA,0x0,0xD,0,0
74,72,5,0x8E1C247C4A2F24FD,0x9,421,0.171021377672,0,NA,0x0,0xC,0,0
74,72,6,0x8E1C247C4A2F24FD,0x9,427,0.168618266979,0,NA,0x0,0xB,0,0
74,72,7,0x8E1C247C4A2F24FD,0x9,454,0.158590308370,0,NA,0x0,0x2,0,0
74,80,0,0x8E1C247C4A2F24FD,0x9,513,0.155945419103,1,0xF,0x6,0x6,1,1
74,80,1,0x8E1C247C4A2F24FD,0x9,549,0.145719489982,1,0xC,0x5,0x5,1,1
74,80,2,0x8E1C247C4A2F24FD,0x9,458,0.174672489083,2,NA,0x0,0x8,0,0
74,80,3,0x8E1C247C4A2F24FD,0x9,590,0.135593220339,0,NA,0x0,0x1,0,0
74,80,4,0x8E1C247C4A2F24FD,0x9,503,0.159045725646,0,NA,0x0,0xD,0,0
74,80,5,0x8E1C247C4A2F24FD,0x9,482,0.165975103734,0,NA,0x0,0xC,0,0
74,80,6,0x8E1C247C4A2F24FD,0x9,462,0.173160173160,0,NA,0x0,0xB,0,0
74,80,7,0x8E1C247C4A2F24FD,0x9,501,0.159680638723,0,NA,0x0,0x2,0,0
74,96,0,0x8E1C247C4A2F24FD,0x9,591,0.162436548223,1,0xF,0x6,0x6,1,1
74,96,1,0x8E1C247C4A2F24FD,0x9,647,0.148377125193,1,0xC,0x5,0x5,1,1
74,96,2,0x8E1C247C4A2F24FD,0x9,568,0.169014084507,1,0x1,0x8,0x8,1,1
74,96,3,0x8E1C247C4A2F24FD,0x9,696,0.137931034483,1,0x8,0x1,0x1,1,1
74,96,4,0x8E1C247C4A2F24FD,0x9,587,0.163543441227,1,0x4,0xD,0xD,1,1
74,96,5,0x8E1C247C4A2F24FD,0x9,586,0.163822525597,1,0x5,0xC,0xC,1,1
74,96,6,0x8E1C247C4A2F24FD,0x9,605,0.158677685950,1,0x2,0xB,0xB,1,1
74,96,7,0x8E1C247C4A2F24FD,0x9,598,0.160535117057,1,0xB,0x2,0x2,1,1
74,112,0,0x8E1C247C4A2F24FD,0x9,694,0.161383285303,1,0xF,0x6,0x6,1,1
74,112,1,0x8E1C247C4A2F24FD,0x9,727,0.154057771664,1,0xC,0x5,0x5,1,1
74,112,2,0x8E1C247C4A2F24FD,0x9,690,0.162318840580,1,0x1,0x8,0x8,1,1
74,112,3,0x8E1C247C4A2F24FD,0x9,856,0.130841121495,1,0x8,0x1,0x1,1,1
74,112,4,0x8E1C247C4A2F24FD,0x9,682,0.164222873900,1,0x4,0xD,0xD,1,1
74,112,5,0x8E1C247C4A2F24FD,0x9,694,0.161383285303,1,0x5,0xC,0xC,1,1
74,112,6,0x8E1C247C4A2F24FD,0x9,725,0.154482758621,1,0x2,0xB,0xB,1,1
74,112,7,0x8E1C247C4A2F24FD,0x9,684,0.163742690058,1,0xB,0x2,0x2,1,1
74,128,0,0x8E1C247C4A2F24FD,0x9,793,0.161412358134,1,0xF,0x6,0x6,1,1
74,128,1,0x8E1C247C4A2F24FD,0x9,803,0.159402241594,1,0xC,0x5,0x5,1,1
74,128,2,0x8E1C247C4A2F24FD,0x9,820,0.156097560976,1,0x1,0x8,0x8,1,1
74,128,3,0x8E1C247C4A2F24FD,0x9,969,0.132094943240,1,0x8,0x1,0x1,1,1
74,128,4,0x8E1C247C4A2F24FD,0x9,755,0.169536423841,1,0x4,0xD,0xD,1,1
74,128,5,0x8E1C247C4A2F24FD,0x9,822,0.155717761557,1,0x5,0xC,0xC,1,1
74,128,6,0x8E1C247C4A2F24FD,0x9,782,0.163682864450,1,0x2,0xB,0xB,1,1
74,128,7,0x8E1C247C4A2F24FD,0x9,758,0.168865435356,1,0xB,0x2,0x2,1,1
74,160,0,0x8E1C247C4A2F24FD,0x9,988,0.161943319838,1,0xF,0x6,0x6,1,1
74,160,1,0x8E1C247C4A2F24FD,0x9,990,0.161616161616,1,0xC,0x5,0x5,1,1
74,160,2,0x8E1C247C4A2F24FD,0x9,951,0.168243953733,1,0x1,0x8,0x8,1,1
74,160,3,0x8E1C247C4A2F24FD,0x9,1111,0.144014401440,1,0x8,0x1,0x1,1,1
74,160,4,0x8E1C247C4A2F24FD,0x9,942,0.169851380042,1,0x4,0xD,0xD,1,1
74,160,5,0x8E1C247C4A2F24FD,0x9,1017,0.157325467060,1,0x5,0xC,0xC,1,1
74,160,6,0x8E1C247C4A2F24FD,0x9,968,0.165289256198,1,0x2,0xB,0xB,1,1
74,160,7,0x8E1C247C4A2F24FD,0x9,959,0.166840458811,1,0xB,0x2,0x2,1,1
74,192,0,0x8E1C247C4A2F24FD,0x9,1178,0.162988115450,1,0xF,0x6,0x6,1,1
74,192,1,0x8E1C247C4A2F24FD,0x9,1139,0.168568920105,1,0xC,0x5,0x5,1,1
74,192,2,0x8E1C247C4A2F24FD,0x9,1146,0.167539267016,1,0x1,0x8,0x8,1,1
74,192,3,0x8E1C247C4A2F24FD,0x9,1306,0.147013782542,1,0x8,0x1,0x1,1,1
74,192,4,0x8E1C247C4A2F24FD,0x9,1163,0.165090283749,1,0x4,0xD,0xD,1,1
74,192,5,0x8E1C247C4A2F24FD,0x9,1194,0.160804020101,1,0x5,0xC,0xC,1,1
74,192,6,0x8E1C247C4A2F24FD,0x9,1140,0.168421052632,1,0x2,0xB,0xB,1,1
74,192,7,0x8E1C247C4A2F24FD,0x9,1145,0.167685589520,1,0xB,0x2,0x2,1,1
74,256,0,0x8E1C247C4A2F24FD,0x9,1609,0.159105034183,1,0xF,0x6,0x6,1,1
74,256,1,0x8E1C247C4A2F24FD,0x9,1501,0.170552964690,1,0xC,0x5,0x5,1,1
74,256,2,0x8E1C247C4A2F24FD,0x9,1515,0.168976897690,1,0x1,0x8,0x8,1,1
74,256,3,0x8E1C247C4A2F24FD,0x9,1692,0.151300236407,1,0x8,0x1,0x1,1,1
74,256,4,0x8E1C247C4A2F24FD,0x9,1517,0.168754119974,1,0x4,0xD,0xD,1,1
74,256,5,0x8E1C247C4A2F24FD,0x9,1645,0.155623100304,1,0x5,0xC,0xC,1,1
74,256,6,0x8E1C247C4A2F24FD,0x9,1525,0.167868852459,1,0x2,0xB,0xB,1,1
74,256,7,0x8E1C247C4A2F24FD,0x9,1651,0.155057540884,1,0xB,0x2,0x2,1,1
75,16,0,0x584386292A3D52C6,0x0,125,0.128000000000,4,NA,0x0,0xB,0,0
75,16,1,0x584386292A3D52C6,0x0,125,0.128000000000,0,NA,0x0,0x9,0,0
75,16,2,0x584386292A3D52C6,0x0,126,0.126984126984,0,NA,0x0,0xA,0,0
75,16,3,0x584386292A3D52C6,0x0,65,0.246153846154,0,NA,0x0,0x2,0,0
75,16,4,0x584386292A3D52C6,0x0,103,0.155339805825,0,NA,0x0,0x0,0,0
75,16,5,0x584386292A3D52C6,0x0,143,0.111888111888,0,NA,0x0,0x9,0,0
75,16,6,0x584386292A3D52C6,0x0,74,0.216216216216,0,NA,0x0,0x7,0,0
75,16,7,0x584386292A3D52C6,0x0,87,0.183908045977,0,NA,0x0,0x2,0,0
75,24,0,0x584386292A3D52C6,0x0,170,0.141176470588,2,NA,0x0,0xB,0,0
75,24,1,0x584386292A3D52C6,0x0,160,0.150000000000,0,NA,0x0,0x9,0,0
75,24,2,0x584386292A3D52C6,0x0,189,0.126984126984,0,NA,0x0,0xA,0,0
75,24,3,0x584386292A3D52C6,0x0,121,0.198347107438,0,NA,0x0,0x2,0,0
75,24,4,0x584386292A3D52C6,0x0,155,0.154838709677,0,NA,0x0,0x0,0,0
75,24,5,0x584386292A3D52C6,0x0,180,0.133333333333,0,NA,0x0,0x9,0,0
75,24,6,0x584386292A3D52C6,0x0,126,0.190476190476,0,NA,0x0,0x7,0,0
75,24,7,0x584386292A3D52C6,0x0,128,0.187500000000,0,NA,0x0,0x2,0,0
75,32,0,0x584386292A3D52C6,0x0,203,0.157635467980,1,0xB,0xB,0xB,1,1
75,32,1,0x584386292A3D52C6,0x0,242,0.132231404959,4,NA,0x0,0x9,0,0
75,32,2,0x584386292A3D52C6,0x0,234,0.136752136752,0,NA,0x0,0xA,0,0
75,32,3,0x584386292A3D52C6,0x0,171,0.187134502924,0,NA,0x0,0x2,0,0
75,32,4,0x584386292A3D52C6,0x0,185,0.172972972973,0,NA,0x0,0x0,0,0
75,32,5,0x584386292A3D52C6,0x0,236,0.135593220339,0,NA,0x0,0x9,0,0
75,32,6,0x584386292A3D52C6,0x0,215,0.148837209302,0,NA,0x0,0x7,0,0
75,32,7,0x584386292A3D52C6,0x0,160,0.200000000000,0,NA,0x0,0x2,0,0
75,40,0,0x584386292A3D52C6,0x0,258,0.155038759690,1,0xB,0xB,0xB,1,1
75,40,1,0x584386292A3D52C6,0x0,272,0.147058823529,4,NA,0x0,0x9,0,0
75,40,2,0x584386292A3D52C6,0x0,320,0.125000000000,0,NA,0x0,0xA,0,0
75,40,3,0x584386292A3D52C6,0x0,229,0.174672489083,0,NA,0x0,0x2,0,0
75,40,4,0x584386292A3D52C6,0x0,223,0.179372197309,0,NA,0x0,0x0,0,0
75,40,5,0x584386292A3D52C6,0x0,246,0.162601626016,0,NA,0x0,0x9,0,0
75,40,6,0x584386292A3D52C6,0x0,244,0.163934426230,0,NA,0x0,0x7,0,0
75,40,7,0x584386292A3D52C6,0x0,180,0.222222222222,0,NA,0x0,0x2,0,0
75,48,0,0x584386292A3D52C6,0x0,290,0.165517241379,1,0xB,0xB,0xB,1,1
75,48,1,0x584386292A3D52C6,0x0,318,0.150943396226,1,0x9,0x9,0x9,1,1
75,48,2,0x584386292A3D52C6,0x0,436,0.110091743119,1,0xA,0xA,0xA,1,1
75,48,3,0x584386292A3D52C6,0x0,272,0.176470588235,2,NA,0x0,0x2,0,0
75,48,4,0x584386292A3D52C6,0x0,254,0.188976377953,0,NA,0x0,0x0,0,0
75,48,5,0x584386292A3D52C6,0x0,276,0.173913043478,0,NA,0x0,0x9,0,0
75,48,6,0x584386292A3D52C6,0x0,291,0.164948453608,0,NA,0x0,0x7,0,0
75,48,7,0x584386292A3D52C6,0x0,208,0.230769230769,0,NA,0x0,0x2,0,0
75,56,0,0x584386292A3D52C6,0x0,324,0.172839506173,1,0xB,0xB,0xB,1,1
75,56,1,0x584386292A3D52C6,0x0,393,0.142493638677,1,0x9,0x9,0x9,1,1
75,56,2,0x584386292A3D52C6,0x0,486,0.115226337449,1,0xA,0xA,0xA,1,1
75,56,3,0x584386292A3D52C6,0x0,302,0.185430463576,2,NA,0x0,0x2,0,0
75,56,4,0x584386292A3D52C6,0x0,332,0.168674698795,0,NA,0x0,0x0,0,0
75,56,5,0x584386292A3D52C6,0x0,316,0.177215189873,0,NA,0x0,0x9,0,0
75,56,6,0x584386292A3D52C6,0x0,310,0.180645161290,0,NA,0x0,0x7,0,0
75,56,7,0x584386292A3D52C6,0x0,249,0.224899598394,0,NA,0x0,0x2,0,0
75,64,0,0x584386292A3D52C6,0x0,369,0.173441734417,1,0xB,0xB,0xB,1,1
75,64,1,0x584386292A3D52C6,0x0,443,0.144469525959,1,0x9,0x9,0x9,1,1
75,64,2,0x584386292A3D52C6,0x0,511,0.125244618395,1,0xA,0xA,0xA,1,1
75,64,3,0x584386292A3D52C6,0x0,359,0.178272980501,2,NA,0x0,0x2,0,0
75,64,4,0x584386292A3D52C6,0x0,409,0.156479217604,0,NA,0x0,0x0,0,0
75,64,5,0x584386292A3D52C6,0x0,371,0.172506738544,0,NA,0x0,0x9,0,0
75,64,6,0x584386292A3D52C6,0x0,370,0.172972972973,0,NA,0x0,0x7,0,0
75,64,7,0x584386292A3D52C6,0x0,282,0.226950354610,0,NA,0x0,0x2,0,0
75,72,0,0x584386292A3D52C6,0x0,419,0.171837708831,1,0xB,0xB,0xB,1,1
75,72,1,0x584386292A3D52C6,0x0,465,0.154838709677,1,0x9,0x9,0x9,1,1
75,72,2,0x584386292A3D52C6,0x0,561,0.128342245989,1,0xA,0xA,0xA,1,1
75,72,3,0x584386292A3D52C6,0x0,412,0.174757281553,2,NA,0x0,0x2,0,0
75,72,4,0x584386292A3D52C6,0x0,456,0.157894736842,0,NA,0x0,0x0,0,0
75,72,5,0x584386292A3D52C6,0x0,439,0.164009111617,0,NA,0x0,0x9,0,0
75,72,6,0x584386292A3D52C6,0x0,393,0.183206106870,0,NA,0x0,0x7,0,0
75,72,7,0x584386292A3D52C6,0x0,335,0.214925373134,0,NA,0x0,0x2,0,0
75,80,0,0x584386292A3D52C6,0x0,459,0.174291938998,1,0xB,0xB,0xB,1,1
75,80,1,0x584386292A3D52C6,0x0,529,0.151228733459,1,0x9,0x9,0x9,1,1
75,80,2,0x584386292A3D52C6,0x0,591,0.135363790186,1,0xA,0xA,0xA,1,1
75,80,3,0x584386292A3D52C6,0x0,448,0.178571428571,2,NA,0x0,0x2,0,0
75,80,4,0x584386292A3D52C6,0x0,478,0.167364016736,0,NA,0x0,0x0,0,0
75,80,5,0x584386292A3D52C6,0x0,493,0.162271805274,0,NA,0x0,0x9,0,0
75,80,6,0x584386292A3D52C6,0x0,433,0.184757505774,0,NA,0x0,0x7,0,0
75,80,7,0x584386292A3D52C6,0x0,387,0.206718346253,0,NA,0x0,0x2,0,0
75,96,0,0x584386292A3D52C6,0x0,531,0.180790960452,1,0xB,0xB,0xB,1,1
75,96,1,0x584386292A3D52C6,0x0,623,0.154093097913,1,0x9,0x9,0x9,1,1
75,96,2,0x584386292A3D52C6,0x0,690,0.139130434783,1,0xA,0xA,0xA,1,1
75,96,3,0x584386292A3D52C6,0x0,596,0.161073825503,2,NA,0x0,0x2,0,0
75,96,4,0x584386292A3D52C6,0x0,598,0.160535117057,0,NA,0x0,0x0,0,0
75,96,5,0x584386292A3D52C6,0x0,558,0.172043010753,0,NA,0x0,0x9,0,0
75,96,6,0x584386292A3D52C6,0x0,520,0.184615384615,0,NA,0x0,0x7,0,0
75,96,7,0x584386292A3D52C6,0x0,498,0.192771084337,0,NA,0x0,0x2,0,0
75,112,0,0x584386292A3D52C6,0x0,608,0.184210526316,1,0xB,0xB,0xB,1,1
75,112,1,0x584386292A3D52C6,0x0,756,0.148148148148,1,0x9,0x9,0x9,1,1
75,112,2,0x584386292A3D52C6,0x0,779,0.143774069320,1,0xA,0xA,0xA,1,1
75,112,3,0x584386292A3D52C6,0x0,696,0.160919540230,1,0x2,0x2,0x2,1,1
75,112,4,0x584386292A3D52C6,0x0,673,0.166419019316,1,0x0,0x0,0x0,1,1
75,112,5,0x584386292A3D52C6,0x0,633,0.176935229068,1,0x9,0x9,0x9,1,1
75,112,6,0x584386292A3D52C6,0x0,604,0.185430463576,1,0x7,0x7,0x7,1,1
75,112,7,0x584386292A3D52C6,0x0,589,0.190152801358,1,0x2,0x2,0x2,1,1
75,128,0,0x584386292A3D52C6,0x0,690,0.185507246377,1,0xB,0xB,0xB,1,1
75,128,1,0x584386292A3D52C6,0x0,907,0.141124586549,1,0x9,0x9,0x9,1,1
75,128,2,0x584386292A3D52C6,0x0,875,0.146285714286,1,0xA,0xA,0xA,1,1
75,128,3,0x584386292A3D52C6,0x0,777,0.164736164736,1,0x2,0x2,0x2,1,1
75,128,4,0x584386292A3D52C6,0x0,720,0.177777777778,1,0x0,0x0,0x0,1,1
75,128,5,0x584386292A3D52C6,0x0,734,0.174386920981,1,0x9,0x9,0x9,1,1
75,128,6,0x584386292A3D52C6,0x0,689,0.185776487663,1,0x7,0x7,0x7,1,1
75,128,7,0x584386292A3D52C6,0x0,665,0.192481203008,1,0x2,0x2,0x2,1,1
75,160,0,0x584386292A3D52C6,0x0,880,0.181818181818,1,0xB,0xB,0xB,1,1
75,160,1,0x584386292A3D52C6,0x0,1109,0.144274120830,1,0x9,0x9,0x9,1,1
75,160,2,0x584386292A3D52C6,0x0,1140,0.140350877193,1,0xA,0xA,0xA,1,1
75,160,3,0x584386292A3D52C6,0x0,1027,0.155793573515,1,0x2,0x2,0x2,1,1
75,160,4,0x584386292A3D52C6,0x0,882,0.181405895692,1,0x0,0x0,0x0,1,1
75,160,5,0x584386292A3D52C6,0x0,932,0.171673819742,1,0x9,0x9,0x9,1,1
75,160,6,0x584386292A3D52C6,0x0,815,0.196319018405,1,0x7,0x7,0x7,1,1
75,160,7,0x584386292A3D52C6,0x0,835,0.191616766467,1,0x2,0x2,0x2,1,1
75,192,0,0x584386292A3D52C6,0x0,1100,0.174545454545,1,0xB,0xB,0xB,1,1
75,192,1,0x584386292A3D52C6,0x0,1253,0.153232242618,1,0x9,0x9,0x9,1,1
75,192,2,0x584386292A3D52C6,0x0,1355,0.141697416974,1,0xA,0xA,0xA,1,1
75,192,3,0x584386292A3D52C6,0x0,1226,0.156606851550,1,0x2,0x2,0x2,1,1
75,192,4,0x584386292A3D52C6,0x0,1092,0.175824175824,1,0x0,0x0,0x0,1,1
75,192,5,0x584386292A3D52C6,0x0,1114,0.172351885099,1,0x9,0x9,0x9,1,1
75,192,6,0x584386292A3D52C6,0x0,1008,0.190476190476,1,0x7,0x7,0x7,1,1
75,192,7,0x584386292A3D52C6,0x0,1041,0.184438040346,1,0x2,0x2,0x2,1,1
75,256,0,0x584386292A3D52C6,0x0,1512,0.169312169312,1,0xB,0xB,0xB,1,1
75,256,1,0x584386292A3D52C6,0x0,1697,0.150854449028,1,0x9,0x9,0x9,1,1
75,256,2,0x584386292A3D52C6,0x0,1754,0.145952109464,1,0xA,0xA,0xA,1,1
75,256,3,0x584386292A3D52C6,0x0,1598,0.160200250313,1,0x2,0x2,0x2,1,1
75,256,4,0x584386292A3D52C6,0x0,1411,0.181431608788,1,0x0,0x0,0x0,1,1
75,256,5,0x584386292A3D52C6,0x0,1415,0.180918727915,1,0x9,0x9,0x9,1,1
75,256,6,0x584386292A3D52C6,0x0,1418,0.180535966150,1,0x7,0x7,0x7,1,1
75,256,7,0x584386292A3D52C6,0x0,1465,0.174744027304,1,0x2,0x2,0x2,1,1
76,16,0,0x9C5301FE43E84E12,0x6,83,0.192771084337,6,NA,0x0,0xA,0,0
76,16,1,0x9C5301FE43E84E12,0x6,99,0.161616161616,0,NA,0x0,0xA,0,0
76,16,2,0x9C5301FE43E84E12,0x6,100,0.160000000000,0,NA,0x0,0x5,0,0
76,16,3,0x9C5301FE43E84E12,0x6,125,0.128000000000,0,NA,0x0,0xC,0,0
76,16,4,0x9C5301FE43E84E12,0x6,128,0.125000000000,0,NA,0x0,0x2,0,0
76,16,5,0x9C5301FE43E84E12,0x6,83,0.192771084337,0,NA,0x0,0x5,0,0
76,16,6,0x9C5301FE43E84E12,0x6,96,0.166666666667,0,NA,0x0,0xD,0,0
76,16,7,0x9C5301FE43E84E12,0x6,96,0.166666666667,0,NA,0x0,0xA,0,0
76,24,0,0x9C5301FE43E84E12,0x6,125,0.192000000000,4,NA,0x0,0xA,0,0
76,24,1,0x9C5301FE43E84E12,0x6,137,0.175182481752,0,NA,0x0,0xA,0,0
76,24,2,0x9C5301FE43E84E12,0x6,157,0.152866242038,0,NA,0x0,0x5,0,0
76,24,3,0x9C5301FE43E84E12,0x6,189,0.126984126984,0,NA,0x0,0xC,0,0
76,24,4,0x9C5301FE43E84E12,0x6,220,0.109090909091,0,NA,0x0,0x2,0,0
76,24,5,0x9C5301FE43E84E12,0x6,120,0.200000000000,0,NA,0x0,0x5,0,0
76,24,6,0x9C5301FE43E84E12,0x6,177,0.135593220339,0,NA,0x0,0xD,0,0
76,24,7,0x9C5301FE43E84E12,0x6,147,0.163265306122,0,NA,0x0,0xA,0,0
76,32,0,0x9C5301FE43E84E12,0x6,143,0.223776223776,3,NA,0x0,0xA,0,0
76,32,1,0x9C5301FE43E84E12,0x6,170,0.188235294118,0,NA,0x0,0xA,0,0
76,32,2,0x9C5301FE43E84E12,0x6,193,0.165803108808,0,NA,0x0,0x5,0,0
76,32,3,0x9C5301FE43E84E12,0x6,267,0.119850187266,0,NA,0x0,0xC,0,0
76,32,4,0x9C5301FE43E84E12,0x6,290,0.110344827586,0,NA,0x0,0x2,0,0
76,32,5,0x9C5301FE43E84E12,0x6,178,0.179775280899,0,NA,0x0,0x5,0,0
76,32,6,0x9C5301FE43E84E12,0x6,220,0.145454545455,0,NA,0x0,0xD,0,0
76,32,7,0x9C5301FE43E84E12,0x6,209,0.153110047847,0,NA,0x0,0xA,0,0
76,40,0,0x9C5301FE43E84E12,0x6,167,0.239520958084,2,NA,0x0,0xA,0,0
76,40,1,0x9C5301FE43E84E12,0x6,242,0.165289256198,0,NA,0x0,0xA,0,0
76,40,2,0x9C5301FE43E84E12,0x6,224,0.178571428571,0,NA,0x0,0x5,0,0
76,40,3,0x9C5301FE43E84E12,0x6,304,0.131578947368,0,NA,0x0,0xC,0,0
76,40,4,0x9C5301FE43E84E12,0x6,347,0.115273775216,0,NA,0x0,0x2,0,0
76,40,5,0x9C5301FE43E84E12,0x6,212,0.188679245283,0,NA,0x0,0x5,0,0
76,40,6,0x9C5301FE43E84E12,0x6,258,0.155038759690,0,NA,0x0,0xD,0,0
76,40,7,0x9C5301FE43E84E12,0x6,276,0.144927536232,0,NA,0x0,0xA,0,0
76,48,0,0x9C5301FE43E84E12,0x6,206,0.233009708738,1,0xC,0xA,0xA,1,1
76,48,1,0x9C5301FE43E84E12,0x6,301,0.159468438538,2,NA,0x0,0xA,0,0
76,48,2,0x9C5301FE43E84E12,0x6,279,0.172043010753,0,NA,0x0,0x5,0,0
76,48,3,0x9C5301FE43E84E12,0x6,338,0.142011834320,0,NA,0x0,0xC,0,0
76,48,4,0x9C5301FE43E84E12,0x6,386,0.124352331606,0,NA,0x0,0x2,0,0
76,48,5,0x9C5301FE43E84E12,0x6,256,0.187500000000,0,NA,0x0,0x5,0,0
76,48,6,0x9C5301FE43E84E12,0x6,296,0.162162162162,0,NA,0x0,0xD,0,0
76,48,7,0x9C5301FE43E84E12,0x6,335,0.143283582090,0,NA,0x0,0xA,0,0
76,56,0,0x9C5301FE43E84E12,0x6,237,0.236286919831,1,0xC,0xA,0xA,1,1
76,56,1,0x9C5301FE43E84E12,0x6,349,0.160458452722,1,0xC,0xA,0xA,1,1
76,56,2,0x9C5301FE43E84E12,0x6,317,0.176656151420,1,0x3,0x5,0x5,1,1
76,56,3,0x9C5301FE43E84E12,0x6,392,0.142857142857,1,0xA,0xC,0xC,1,1
76,56,4,0x9C5301FE43E84E12,0x6,444,0.126126126126,1,0x4,0x2,0x2,1,1
76,56,5,0x9C5301FE43E84E12,0x6,282,0.198581560284,1,0x3,0x5,0x5,1,1
76,56,6,0x9C5301FE43E84E12,0x6,349,0.160458452722,2,NA,0x0,0xD,0,0
76,56,7,0x9C5301FE43E84E12,0x6,360,0.155555555556,0,NA,0x0,0xA,0,0
76,64,0,0x9C5301FE43E84E12,0x6,255,0.250980392157,1,0xC,0xA,0xA,1,1
76,64,1,0x9C5301FE43E84E12,0x6,375,0.170666666667,1,0xC,0xA,0xA,1,1
76,64,2,0x9C5301FE43E84E12,0x6,375,0.170666666667,1,0x3,0x5,0x5,1,1
76,64,3,0x9C5301FE43E84E12,0x6,466,0.137339055794,1,0xA,0xC,0xC,1,1
76,64,4,0x9C5301FE43E84E12,0x6,497,0.128772635815,1,0x4,0x2,0x2,1,1
76,64,5,0x9C5301FE43E84E12,0x6,341,0.187683284457,1,0x3,0x5,0x5,1,1
76,64,6,0x9C5301FE43E84E12,0x6,379,0.168865435356,2,NA,0x0,0xD,0,0
76,64,7,0x9C5301FE43E84E12,0x6,400,0.160000000000,0,NA,0x0,0xA,0,0
76,72,0,0x9C5301FE43E84E12,0x6,300,0.240000000000,1,0xC,0xA,0xA,1,1
76,72,1,0x9C5301FE43E84E12,0x6,443,0.162528216704,1,0xC,0xA,0xA,1,1
76,72,2,0x9C5301FE43E84E12,0x6,422,0.170616113744,1,0x3,0x5,0x5,1,1
76,72,3,0x9C5301FE43E84E12,0x6,505,0.142574257426,1,0xA,0xC,0xC,1,1
76,72,4,0x9C5301FE43E84E12,0x6,543,0.132596685083,1,0x4,0x2,0x2,1,1
76,72,5,0x9C5301FE43E84E12,0x6,395,0.182278481013,1,0x3,0x5,0x5,1,1
76,72,6,0x9C5301FE43E84E12,0x6,429,0.167832167832,2,NA,0x0,0xD,0,0
76,72,7,0x9C5301FE43E84E12,0x6,452,0.159292035398,0,NA,0x0,0xA,0,0
76,80,0,0x9C5301FE43E84E12,0x6,336,0.238095238095,1,0xC,0xA,0xA,1,1
76,80,1,0x9C5301FE43E84E12,0x6,497,0.160965794769,1,0xC,0xA,0xA,1,1
76,80,2,0x9C5301FE43E84E12,0x6,460,0.173913043478,1,0x3,0x5,0x5,1,1
76,80,3,0x9C5301FE43E84E12,0x6,567,0.141093474427,1,0xA,0xC,0xC,1,1
76,80,4,0x9C5301FE43E84E12,0x6,579,0.138169257340,1,0x4,0x2,0x2,1,1
76,80,5,0x9C5301FE43E84E12,0x6,431,0.185614849188,1,0x3,0x5,0x5,1,1
76,80,6,0x9C5301FE43E84E12,0x6,509,0.157170923379,1,0xB,0xD,0xD,1,1
76,80,7,0x9C5301FE43E84E12,0x6,513,0.155945419103,1,0xC,0xA,0xA,1,1
76,96,0,0x9C5301FE43E84E12,0x6,430,0.223255813953,1,0xC,0xA,0xA,1,1
76,96,1,0x9C5301FE43E84E12,0x6,611,0.157119476268,1,0xC,0xA,0xA,1,1
76,96,2,0x9C5301FE43E84E12,0x6,547,0.175502742230,1,0x3,0x5,0x5,1,1
76,96,3,0x9C5301FE43E84E12,0x6,640,0.150000000000,1,0xA,0xC,0xC,1,1
76,96,4,0x9C5301FE43E84E12,0x6,680,0.141176470588,1,0x4,0x2,0x2,1,1
76,96,5,0x9C5301FE43E84E12,0x6,550,0.174545454545,1,0x3,0x5,0x5,1,1
76,96,6,0x9C5301FE43E84E12,0x6,592,0.162162162162,1,0xB,0xD,0xD,1,1
76,96,7,0x9C5301FE43E84E12,0x6,629,0.152623211447,1,0xC,0xA,0xA,1,1
76,112,0,0x9C5301FE43E84E12,0x6,537,0.208566108007,1,0xC,0xA,0xA,1,1
76,112,1,0x9C5301FE43E84E12,0x6,743,0.150740242261,1,0xC,0xA,0xA,1,1
76,112,2,0x9C5301FE43E84E12,0x6,673,0.166419019316,1,0x3,0x5,0x5,1,1
76,112,3,0x9C5301FE43E84E12,0x6,687,0.163027656477,1,0xA,0xC,0xC,1,1
76,112,4,0x9C5301FE43E84E12,0x6,768,0.145833333333,1,0x4,0x2,0x2,1,1
76,112,5,0x9C5301FE43E84E12,0x6,654,0.171253822630,1,0x3,0x5,0x5,1,1
76,112,6,0x9C5301FE43E84E12,0x6,691,0.162083936324,1,0xB,0xD,0xD,1,1
76,112,7,0x9C5301FE43E84E12,0x6,696,0.160919540230,1,0xC,0xA,0xA,1,1
76,128,0,0x9C5301FE43E84E12,0x6,614,0.208469055375,1,0xC,0xA,0xA,1,1
76,128,1,0x9C5301FE43E84E12,0x6,804,0.159203980100,1,0xC,0xA,0xA,1,1
76,128,2,0x9C5301FE43E84E12,0x6,782,0.163682864450,1,0x3,0x5,0x5,1,1
76,128,3,0x9C5301FE43E84E12,0x6,772,0.165803108808,1,0xA,0xC,0xC,1,1
76,128,4,0x9C5301FE43E84E12,0x6,834,0.153477218225,1,0x4,0x2,0x2,1,1
76,128,5,0x9C5301FE43E84E12,0x6,751,0.170439414115,1,0x3,0x5,0x5,1,1
76,128,6,0x9C5301FE43E84E12,0x6,801,0.159800249688,1,0xB,0xD,0xD,1,1
76,128,7,0x9C5301FE43E84E12,0x6,773,0.165588615783,1,0xC,0xA,0xA,1,1
76,160,0,0x9C5301FE43E84E12,0x6,759,0.210803689065,1,0xC,0xA,0xA,1,1
76,160,1,0x9C5301FE43E84E12,0x6,996,0.160642570281,1,0xC,0xA,0xA,1,1
76,160,2,0x9C5301FE43E84E12,0x6,1000,0.160000000000,1,0x3,0x5,0x5,1,1
76,160,3,0x9C5301FE43E84E12,0x6,1029,0.155490767736,1,0xA,0xC,0xC,1,1
76,160,4,0x9C5301FE43E84E12,0x6,1023,0.156402737048,1,0x4,0x2,0x2,1,1
76,160,5,0x9C5301FE43E84E12,0x6,911,0.175631174533,1,0x3,0x5,0x5,1,1
76,160,6,0x9C5301FE43E84E12,0x6,1022,0.156555772994,1,0xB,0xD,0xD,1,1
76,160,7,0x9C5301FE43E84E12,0x6,923,0.173347778982,1,0xC,0xA,0xA,1,1
76,192,0,0x9C5301FE43E84E12,0x6,949,0.202318229715,1,0xC,0xA,0xA,1,1
76,192,1,0x9C5301FE43E84E12,0x6,1154,0.166377816291,1,0xC,0xA,0xA,1,1
76,192,2,0x9C5301FE43E84E12,0x6,1171,0.163962425278,1,0x3,0x5,0x5,1,1
76,192,3,0x9C5301FE43E84E12,0x6,1245,0.154216867470,1,0xA,0xC,0xC,1,1
76,192,4,0x9C5301FE43E84E12,0x6,1249,0.153722978383,1,0x4,0x2,0x2,1,1
76,192,5,0x9C5301FE43E84E12,0x6,1119,0.171581769437,1,0x3,0x5,0x5,1,1
76,192,6,0x9C5301FE43E84E12,0x6,1250,0.153600000000,1,0xB,0xD,0xD,1,1
76,192,7,0x9C5301FE43E84E12,0x6,1091,0.175985334555,1,0xC,0xA,0xA,1,1
76,256,0,0x9C5301FE43E84E12,0x6,1367,0.187271397220,1,0xC,0xA,0xA,1,1
76,256,1,0x9C5301FE43E84E12,0x6,1538,0.166449934980,1,0xC,0xA,0xA,1,1
76,256,2,0x9C5301FE43E84E12,0x6,1535,0.166775244300,1,0x3,0x5,0x5,1,1
76,256,3,0x9C5301FE43E84E12,0x6,1684,0.152019002375,1,0xA,0xC,0xC,1,1
76,256,4,0x9C5301FE43E84E12,0x6,1722,0.148664343786,1,0x4,0x2,0x2,1,1
76,256,5,0x9C5301FE43E84E12,0x6,1517,0.168754119974,1,0x3,0x5,0x5,1,1
76,256,6,0x9C5301FE43E84E12,0x6,1669,0.153385260635,1,0xB,0xD,0xD,1,1
76,256,7,0x9C5301FE43E84E12,0x6,1522,0.168199737188,1,0xC,0xA,0xA,1,1
77,16,0,0xBD01D4BB43EAFD83,0x8,104,0.153846153846,3,NA,0x0,0x5,0,0
77,16,1,0xBD01D4BB43EAFD83,0x8,83,0.192771084337,0,NA,0x0,0xA,0,0
77,16,2,0xBD01D4BB43EAFD83,0x8,121,0.132231404959,0,NA,0x0,0x8,0,0
77,16,3,0xBD01D4BB43EAFD83,0x8,93,0.172043010753,0,NA,0x0,0x2,0,0
77,16,4,0xBD01D4BB43EAFD83,0x8,87,0.183908045977,0,NA,0x0,0x3,0,0
77,16,5,0xBD01D4BB43EAFD83,0x8,93,0.172043010753,0,NA,0x0,0xA,0,0
77,16,6,0xBD01D4BB43EAFD83,0x8,107,0.149532710280,0,NA,0x0,0x1,0,0
77,16,7,0xBD01D4BB43EAFD83,0x8,129,0.124031007752,0,NA,0x0,0xD,0,0
77,24,0,0xBD01D4BB43EAFD83,0x8,143,0.167832167832,3,NA,0x0,0x5,0,0
77,24,1,0xBD01D4BB43EAFD83,0x8,119,0.201680672269,0,NA,0x0,0xA,0,0
77,24,2,0xBD01D4BB43EAFD83,0x8,162,0.148148148148,0,NA,0x0,0x8,0,0
77,24,3,0xBD01D4BB43EAFD83,0x8,116,0.206896551724,0,NA,0x0,0x2,0,0
77,24,4,0xBD01D4BB43EAFD83,0x8,160,0.150000000000,0,NA,0x0,0x3,0,0
77,24,5,0xBD01D4BB43EAFD83,0x8,140,0.171428571429,0,NA,0x0,0xA,0,0
77,24,6,0xBD01D4BB43EAFD83,0x8,192,0.125000000000,0,NA,0x0,0x1,0,0
77,24,7,0xBD01D4BB43EAFD83,0x8,160,0.150000000000,0,NA,0x0,0xD,0,0
77,32,0,0xBD01D4BB43EAFD83,0x8,191,0.167539267016,3,NA,0x0,0x5,0,0
77,32,1,0xBD01D4BB43EAFD83,0x8,151,0.211920529801,0,NA,0x0,0xA,0,0
77,32,2,0xBD01D4BB43EAFD83,0x8,201,0.159203980100,0,NA,0x0,0x8,0,0
77,32,3,0xBD01D4BB43EAFD83,0x8,145,0.220689655172,0,NA,0x0,0x2,0,0
77,32,4,0xBD01D4BB43EAFD83,0x8,191,0.167539267016,0,NA,0x0,0x3,0,0
77,32,5,0xBD01D4BB43EAFD83,0x8,175,0.182857142857,0,NA,0x0,0xA,0,0
77,32,6,0xBD01D4BB43EAFD83,0x8,260,0.123076923077,0,NA,0x0,0x1,0,0
77,32,7,0xBD01D4BB43EAFD83,0x8,196,0.163265306122,0,NA,0x0,0xD,0,0
77,40,0,0xBD01D4BB43EAFD83,0x8,272,0.147058823529,2,NA,0x0,0x5,0,0
77,40,1,0xBD01D4BB43EAFD83,0x8,214,0.186915887850,0,NA,0x0,0xA,0,0
77,40,2,0xBD01D4BB43EAFD83,0x8,263,0.152091254753,0,NA,0x0,0x8,0,0
77,40,3,0xBD01D4BB43EAFD83,0x8,181,0.220994475138,0,NA,0x0,0x2,0,0
77,40,4,0xBD01D4BB43EAFD83,0x8,221,0.180995475113,0,NA,0x0,0x3,0,0
77,40,5,0xBD01D4BB43EAFD83,0x8,266,0.150375939850,0,NA,0x0,0xA,0,0
77,40,6,0xBD01D4BB43EAFD83,0x8,289,0.138408304498,0,NA,0x0,0x1,0,0
77,40,7,0xBD01D4BB43EAFD83,0x8,265,0.150943396226,0,NA,0x0,0xD,0,0
77,48,0,0xBD01D4BB43EAFD83,0x8,319,0.150470219436,2,NA,0x0,0x5,0,0
77,48,1,0xBD01D4BB43EAFD83,0x8,245,0.195918367347,0,NA,0x0,0xA,0,0
77,48,2,0xBD01D4BB43EAFD83,0x8,327,0.146788990826,0,NA,0x0,0x8,0,0
77,48,3,0xBD01D4BB43EAFD83,0x8,222,0.216216216216,0,NA,0x0,0x2,0,0
77,48,4,0xBD01D4BB43EAFD83,0x8,295,0.162711864407,0,NA,0x0,0x3,0,0
77,48,5,0xBD01D4BB43EAFD83,0x8,303,0.158415841584,0,NA,0x0,0xA,0,0
77,48,6,0xBD01D4BB43EAFD83,0x8,339,0.141592920354,0,NA,0x0,0x1,0,0
77,48,7,0xBD01D4BB43EAFD83,0x8,361,0.132963988920,0,NA,0x0,0xD,0,0
77,56,0,0xBD01D4BB43EAFD83,0x8,351,0.159544159544,2,NA,0x0,0x5,0,0
77,56,1,0xBD01D4BB43EAFD83,0x8,298,0.187919463087,0,NA,0x0,0xA,0,0
77,56,2,0xBD01D4BB43EAFD83,0x8,354,0.158192090395,0,NA,0x0,0x8,0,0
77,56,3,0xBD01D4BB43EAFD83,0x8,283,0.197879858657,0,NA,0x0,0x2,0,0
77,56,4,0xBD01D4BB43EAFD83,0x8,391,0.143222506394,0,NA,0x0,0x3,0,0
77,56,5,0xBD01D4BB43EAFD83,0x8,382,0.146596858639,0,NA,0x0,0xA,0,0
77,56,6,0xBD01D4BB43EAFD83,0x8,367,0.152588555858,0,NA,0x0,0x1,0,0
77,56,7,0xBD01D4BB43EAFD83,0x8,398,0.140703517588,0,NA,0x0,0xD,0,0
77,64,0,0xBD01D4BB43EAFD83,0x8,385,0.166233766234,2,NA,0x0,0x5,0,0
77,64,1,0xBD01D4BB43EAFD83,0x8,324,0.197530864198,0,NA,0x0,0xA,0,0
77,64,2,0xBD01D4BB43EAFD83,0x8,415,0.154216867470,0,NA,0x0,0x8,0,0
77,64,3,0xBD01D4BB43EAFD83,0x8,362,0.176795580110,0,NA,0x0,0x2,0,0
77,64,4,0xBD01D4BB43EAFD83,0x8,440,0.145454545455,0,NA,0x0,0x3,0,0
77,64,5,0xBD01D4BB43EAFD83,0x8,426,0.150234741784,0,NA,0x0,0xA,0,0
77,64,6,0xBD01D4BB43EAFD83,0x8,405,0.158024691358,0,NA,0x0,0x1,0,0
77,64,7,0xBD01D4BB43EAFD83,0x8,452,0.141592920354,0,NA,0x0,0xD,0,0
77,72,0,0xBD01D4BB43EAFD83,0x8,447,0.161073825503,2,NA,0x0,0x5,0,0
77,72,1,0xBD01D4BB43EAFD83,0x8,389,0.185089974293,0,NA,0x0,0xA,0,0
77,72,2,0xBD01D4BB43EAFD83,0x8,442,0.162895927602,0,NA,0x0,0x8,0,0
77,72,3,0xBD01D4BB43EAFD83,0x8,407,0.176904176904,0,NA,0x0,0x2,0,0
77,72,4,0xBD01D4BB43EAFD83,0x8,502,0.143426294821,0,NA,0x0,0x3,0,0
77,72,5,0xBD01D4BB43EAFD83,0x8,466,0.154506437768,0,NA,0x0,0xA,0,0
77,72,6,0xBD01D4BB43EAFD83,0x8,462,0.155844155844,0,NA,0x0,0x1,0,0
77,72,7,0xBD01D4BB43EAFD83,0x8,516,0.139534883721,0,NA,0x0,0xD,0,0
77,80,0,0xBD01D4BB43EAFD83,0x8,504,0.158730158730,1,0xD,0x5,0x5,1,1
77,80,1,0xBD01D4BB43EAFD83,0x8,418,0.191387559809,1,0x2,0xA,0xA,1,1
77,80,2,0xBD01D4BB43EAFD83,0x8,472,0.169491525424,1,0x0,0x8,0x8,1,1
77,80,3,0xBD01D4BB43EAFD83,0x8,453,0.176600441501,1,0xA,0x2,0x2,1,1
77,80,4,0xBD01D4BB43EAFD83,0x8,531,0.150659133710,1,0xB,0x3,0x3,1,1
77,80,5,0xBD01D4BB43EAFD83,0x8,544,0.147058823529,2,NA,0x0,0xA,0,0
77,80,6,0xBD01D4BB43EAFD83,0x8,485,0.164948453608,0,NA,0x0,0x1,0,0
77,80,7,0xBD01D4BB43EAFD83,0x8,573,0.139616055846,0,NA,0x0,0xD,0,0
77,96,0,0xBD01D4BB43EAFD83,0x8,593,0.161888701518,1,0xD,0x5,0x5,1,1
77,96,1,0xBD01D4BB43EAFD83,0x8,494,0.194331983806,1,0x2,0xA,0xA,1,1
77,96,2,0xBD01D4BB43EAFD83,0x8,557,0.172351885099,1,0x0,0x8,0x8,1,1
77,96,3,0xBD01D4BB43EAFD83,0x8,536,0.179104477612,1,0xA,0x2,0x2,1,1
77,96,4,0xBD01D4BB43EAFD83,0x8,614,0.156351791531,1,0xB,0x3,0x3,1,1
77,96,5,0xBD01D4BB43EAFD83,0x8,654,0.146788990826,1,0x2,0xA,0xA,1,1
77,96,6,0xBD01D4BB43EAFD83,0x8,573,0.167539267016,1,0x9,0x1,0x1,1,1
77,96,7,0xBD01D4BB43EAFD83,0x8,670,0.143283582090,1,0x5,0xD,0xD,1,1
77,112,0,0xBD01D4BB43EAFD83,0x8,710,0.157746478873,1,0xD,0x5,0x5,1,1
77,112,1,0xBD01D4BB43EAFD83,0x8,576,0.194444444444,1,0x2,0xA,0xA,1,1
77,112,2,0xBD01D4BB43EAFD83,0x8,675,0.165925925926,1,0x0,0x8,0x8,1,1
77,112,3,0xBD01D4BB43EAFD83,0x8,589,0.190152801358,1,0xA,0x2,0x2,1,1
77,112,4,0xBD01D4BB43EAFD83,0x8,737,0.151967435550,1,0xB,0x3,0x3,1,1
77,112,5,0xBD01D4BB43EAFD83,0x8,741,0.151147098516,1,0x2,0xA,0xA,1,1
77,112,6,0xBD01D4BB43EAFD83,0x8,705,0.158865248227,1,0x9,0x1,0x1,1,1
77,112,7,0xBD01D4BB43EAFD83,0x8,824,0.135922330097,1,0x5,0xD,0xD,1,1
77,128,0,0xBD01D4BB43EAFD83,0x8,826,0.154963680387,1,0xD,0x5,0x5,1,1
77,128,1,0xBD01D4BB43EAFD83,0x8,659,0.194233687405,1,0x2,0xA,0xA,1,1
77,128,2,0xBD01D4BB43EAFD83,0x8,732,0.174863387978,1,0x0,0x8,0x8,1,1
77,128,3,0xBD01D4BB43EAFD83,0x8,685,0.186861313869,1,0xA,0x2,0x2,1,1
77,128,4,0xBD01D4BB43EAFD83,0x8,853,0.150058616647,1,0xB,0x3,0x3,1,1
77,128,5,0xBD01D4BB43EAFD83,0x8,814,0.157248157248,1,0x2,0xA,0xA,1,1
77,128,6,0xBD01D4BB43EAFD83,0x8,811,0.157829839704,1,0x9,0x1,0x1,1,1
77,128,7,0xBD01D4BB43EAFD83,0x8,932,0.137339055794,1,0x5,0xD,0xD,1,1
77,160,0,0xBD01D4BB43EAFD83,0x8,1082,0.147874306839,1,0xD,0x5,0x5,1,1
77,160,1,0xBD01D4BB43EAFD83,0x8,842,0.190023752969,1,0x2,0xA,0xA,1,1
77,160,2,0xBD01D4BB43EAFD83,0x8,923,0.173347778982,1,0x0,0x8,0x8,1,1
77,160,3,0xBD01D4BB43EAFD83,0x8,849,0.188457008245,1,0xA,0x2,0x2,1,1
77,160,4,0xBD01D4BB43EAFD83,0x8,1040,0.153846153846,1,0xB,0x3,0x3,1,1
77,160,5,0xBD01D4BB43EAFD83,0x8,1037,0.154291224687,1,0x2,0xA,0xA,1,1
77,160,6,0xBD01D4BB43EAFD83,0x8,995,0.160804020101,1,0x9,0x1,0x1,1,1
77,160,7,0xBD01D4BB43EAFD83,0x8,1112,0.143884892086,1,0x5,0xD,0xD,1,1
77,192,0,0xBD01D4BB43EAFD83,0x8,1244,0.154340836013,1,0xD,0x5,0x5,1,1
77,192,1,0xBD01D4BB43EAFD83,0x8,974,0.197125256674,1,0x2,0xA,0xA,1,1
77,192,2,0xBD01D4BB43EAFD83,0x8,1100,0.174545454545,1,0x0,0x8,0x8,1,1
77,192,3,0xBD01D4BB43EAFD83,0x8,1052,0.182509505703,1,0xA,0x2,0x2,1,1
77,192,4,0xBD01D4BB43EAFD83,0x8,1242,0.154589371981,1,0xB,0x3,0x3,1,1
77,192,5,0xBD01D4BB43EAFD83,0x8,1265,0.151778656126,1,0x2,0xA,0xA,1,1
77,192,6,0xBD01D4BB43EAFD83,0x8,1141,0.168273444347,1,0x9,0x1,0x1,1,1
77,192,7,0xBD01D4BB43EAFD83,0x8,1334,0.143928035982,1,0x5,0xD,0xD,1,1
77,256,0,0xBD01D4BB43EAFD83,0x8,1650,0.155151515152,1,0xD,0x5,0x5,1,1
77,256,1,0xBD01D4BB43EAFD83,0x8,1402,0.182596291013,1,0x2,0xA,0xA,1,1
77,256,2,0xBD01D4BB43EAFD83,0x8,1513,0.169200264375,1,0x0,0x8,0x8,1,1
77,256,3,0xBD01D4BB43EAFD83,0x8,1541,0.166125892278,1,0xA,0x2,0x2,1,1
77,256,4,0xBD01D4BB43EAFD83,0x8,1742,0.146957520092,1,0xB,0x3,0x3,1,1
77,256,5,0xBD01D4BB43EAFD83,0x8,1732,0.147806004619,1,0x2,0xA,0xA,1,1
77,256,6,0xBD01D4BB43EAFD83,0x8,1545,0.165695792880,1,0x9,0x1,0x1,1,1
77,256,7,0xBD01D4BB43EAFD83,0x8,1695,0.151032448378,1,0x5,0xD,0xD,1,1
78,16,0,0x0BF2A038BCB5148D,0xA,102,0.156862745098,8,NA,0x0,0x4,0,0
78,16,1,0x0BF2A038BCB5148D,0xA,81,0.197530864198,0,NA,0x0,0xF,0,0
78,16,2,0x0BF2A038BCB5148D,0xA,114,0.140350877193,0,NA,0x0,0x7,0,0
78,16,3,0x0BF2A038BCB5148D,0xA,89,0.179775280899,0,NA,0x0,0x4,0,0
78,16,4,0x0BF2A038BCB5148D,0xA,79,0.202531645570,0,NA,0x0,0xF,0,0
78,16,5,0x0BF2A038BCB5148D,0xA,134,0.119402985075,0,NA,0x0,0xE,0,0
78,16,6,0x0BF2A038BCB5148D,0xA,90,0.177777777778,0,NA,0x0,0xB,0,0
78,16,7,0x0BF2A038BCB5148D,0xA,98,0.163265306122,0,NA,0x0,0x4,0,0
78,24,0,0x0BF2A038BCB5148D,0xA,170,0.141176470588,4,NA,0x0,0x4,0,0
78,24,1,0x0BF2A038BCB5148D,0xA,131,0.183206106870,0,NA,0x0,0xF,0,0
78,24,2,0x0BF2A038BCB5148D,0xA,145,0.165517241379,0,NA,0x0,0x7,0,0
78,24,3,0x0BF2A038BCB5148D,0xA,133,0.180451127820,0,NA,0x0,0x4,0,0
78,24,4,0x0BF2A038BCB5148D,0xA,133,0.180451127820,0,NA,0x0,0xF,0,0
78,24,5,0x0BF2A038BCB5148D,0xA,180,0.133333333333,0,NA,0x0,0xE,0,0
78,24,6,0x0BF2A038BCB5148D,0xA,157,0.152866242038,0,NA,0x0,0xB,0,0
78,24,7,0x0BF2A038BCB5148D,0xA,133,0.180451127820,0,NA,0x0,0x4,0,0
78,32,0,0x0BF2A038BCB5148D,0xA,199,0.160804020101,3,NA,0x0,0x4,0,0
78,32,1,0x0BF2A038BCB5148D,0xA,169,0.189349112426,0,NA,0x0,0xF,0,0
78,32,2,0x0BF2A038BCB5148D,0xA,189,0.169312169312,0,NA,0x0,0x7,0,0
78,32,3,0x0BF2A038BCB5148D,0xA,211,0.151658767773,0,NA,0x0,0x4,0,0
78,32,4,0x0BF2A038BCB5148D,0xA,197,0.162436548223,0,NA,0x0,0xF,0,0
78,32,5,0x0BF2A038BCB5148D,0xA,230,0.139130434783,0,NA,0x0,0xE,0,0
78,32,6,0x0BF2A038BCB5148D,0xA,204,0.156862745098,0,NA,0x0,0xB,0,0
78,32,7,0x0BF2A038BCB5148D,0xA,199,0.160804020101,0,NA,0x0,0x4,0,0
78,40,0,0x0BF2A038BCB5148D,0xA,241,0.165975103734,2,NA,0x0,0x4,0,0
78,40,1,0x0BF2A038BCB5148D,0xA,192,0.208333333333,0,NA,0x0,0xF,0,0
78,40,2,0x0BF2A038BCB5148D,0xA,230,0.173913043478,0,NA,0x0,0x7,0,0
78,40,3,0x0BF2A038BCB5148D,0xA,236,0.169491525424,0,NA,0x0,0x4,0,0
78,40,4,0x0BF2A038BCB5148D,0xA,255,0.156862745098,0,NA,0x0,0xF,0,0
78,40,5,0x0BF2A038BCB5148D,0xA,254,0.157480314961,0,NA,0x0,0xE,0,0
78,40,6,0x0BF2A038BCB5148D,0xA,236,0.169491525424,0,NA,0x0,0xB,0,0
78,40,7,0x0BF2A038BCB5148D,0xA,263,0.152091254753,0,NA,0x0,0x4,0,0
78,48,0,0x0BF2A038BCB5148D,0xA,291,0.164948453608,2,NA,0x0,0x4,0,0
78,48,1,0x0BF2A038BCB5148D,0xA,237,0.202531645570,0,NA,0x0,0xF,0,0
78,48,2,0x0BF2A038BCB5148D,0xA,279,0.172043010753,0,NA,0x0,0x7,0,0
78,48,3,0x0BF2A038BCB5148D,0xA,299,0.160535117057,0,NA,0x0,0x4,0,0
78,48,4,0x0BF2A038BCB5148D,0xA,320,0.150000000000,0,NA,0x0,0xF,0,0
78,48,5,0x0BF2A038BCB5148D,0xA,298,0.161073825503,0,NA,0x0,0xE,0,0
78,48,6,0x0BF2A038BCB5148D,0xA,282,0.170212765957,0,NA,0x0,0xB,0,0
78,48,7,0x0BF2A038BCB5148D,0xA,304,0.157894736842,0,NA,0x0,0x4,0,0
78,56,0,0x0BF2A038BCB5148D,0xA,337,0.166172106825,2,NA,0x0,0x4,0,0
78,56,1,0x0BF2A038BCB5148D,0xA,288,0.194444444444,0,NA,0x0,0xF,0,0
78,56,2,0x0BF2A038BCB5148D,0xA,343,0.163265306122,0,NA,0x0,0x7,0,0
78,56,3,0x0BF2A038BCB5148D,0xA,336,0.166666666667,0,NA,0x0,0x4,0,0
78,56,4,0x0BF2A038BCB5148D,0xA,374,0.149732620321,0,NA,0x0,0xF,0,0
78,56,5,0x0BF2A038BCB5148D,0xA,365,0.153424657534,0,NA,0x0,0xE,0,0
78,56,6,0x0BF2A038BCB5148D,0xA,370,0.151351351351,0,NA,0x0,0xB,0,0
78,56,7,0x0BF2A038BCB5148D,0xA,348,0.160919540230,0,NA,0x0,0x4,0,0
78,64,0,0x0BF2A038BCB5148D,0xA,394,0.162436548223,1,0xE,0x4,0x4,1,1
78,64,1,0x0BF2A038BCB5148D,0xA,331,0.193353474320,1,0x5,0xF,0xF,1,1
78,64,2,0x0BF2A038BCB5148D,0xA,383,0.167101827676,1,0xD,0x7,0x7,1,1
78,64,3,0x0BF2A038BCB5148D,0xA,376,0.170212765957,2,NA,0x0,0x4,0,0
78,64,4,0x0BF2A038BCB5148D,0xA,435,0.147126436782,0,NA,0x0,0xF,0,0
78,64,5,0x0BF2A038BCB5148D,0xA,419,0.152744630072,0,NA,0x0,0xE,0,0
78,64,6,0x0BF2A038BCB5148D,0xA,412,0.155339805825,0,NA,0x0,0xB,0,0
78,64,7,0x0BF2A038BCB5148D,0xA,393,0.162849872774,0,NA,0x0,0x4,0,0
78,72,0,0x0BF2A038BCB5148D,0xA,426,0.169014084507,1,0xE,0x4,0x4,1,1
78,72,1,0x0BF2A038BCB5148D,0xA,391,0.184143222506,1,0x5,0xF,0xF,1,1
78,72,2,0x0BF2A038BCB5148D,0xA,422,0.170616113744,1,0xD,0x7,0x7,1,1
78,72,3,0x0BF2A038BCB5148D,0xA,417,0.172661870504,1,0xE,0x4,0x4,1,1
78,72,4,0x0BF2A038BCB5148D,0xA,503,0.143141153082,1,0x5,0xF,0xF,1,1
78,72,5,0x0BF2A038BCB5148D,0xA,460,0.156521739130,1,0x4,0xE,0xE,1,1
78,72,6,0x0BF2A038BCB5148D,0xA,446,0.161434977578,1,0x1,0xB,0xB,1,1
78,72,7,0x0BF2A038BCB5148D,0xA,470,0.153191489362,1,0xE,0x4,0x4,1,1
78,80,0,0x0BF2A038BCB5148D,0xA,474,0.168776371308,1,0xE,0x4,0x4,1,1
78,80,1,0x0BF2A038BCB5148D,0xA,424,0.188679245283,1,0x5,0xF,0xF,1,1
78,80,2,0x0BF2A038BCB5148D,0xA,484,0.165289256198,1,0xD,0x7,0x7,1,1
78,80,3,0x0BF2A038BCB5148D,0xA,463,0.172786177106,1,0xE,0x4,0x4,1,1
78,80,4,0x0BF2A038BCB5148D,0xA,552,0.144927536232,1,0x5,0xF,0xF,1,1
78,80,5,0x0BF2A038BCB5148D,0xA,498,0.160642570281,1,0x4,0xE,0xE,1,1
78,80,6,0x0BF2A038BCB5148D,0xA,512,0.156250000000,1,0x1,0xB,0xB,1,1
78,80,7,0x0BF2A038BCB5148D,0xA,511,0.156555772994,1,0xE,0x4,0x4,1,1
78,96,0,0x0BF2A038BCB5148D,0xA,612,0.156862745098,1,0xE,0x4,0x4,1,1
78,96,1,0x0BF2A038BCB5148D,0xA,545,0.176146788991,1,0x5,0xF,0xF,1,1
78,96,2,0x0BF2A038BCB5148D,0xA,549,0.174863387978,1,0xD,0x7,0x7,1,1
78,96,3,0x0BF2A038BCB5148D,0xA,595,0.161344537815,1,0xE,0x4,0x4,1,1
78,96,4,0x0BF2A038BCB5148D,0xA,623,0.154093097913,1,0x5,0xF,0xF,1,1
78,96,5,0x0BF2A038BCB5148D,0xA,618,0.155339805825,1,0x4,0xE,0xE,1,1
78,96,6,0x0BF2A038BCB5148D,0xA,606,0.158415841584,1,0x1,0xB,0xB,1,1
78,96,7,0x0BF2A038BCB5148D,0xA,608,0.157894736842,1,0xE,0x4,0x4,1,1
78,112,0,0x0BF2A038BCB5148D,0xA,696,0.160919540230,1,0xE,0x4,0x4,1,1
78,112,1,0x0BF2A038BCB5148D,0xA,622,0.180064308682,1,0x5,0xF,0xF,1,1
78,112,2,0x0BF2A038BCB5148D,0xA,645,0.173643410853,1,0xD,0x7,0x7,1,1
78,112,3,0x0BF2A038BCB5148D,0xA,696,0.160919540230,1,0xE,0x4,0x4,1,1
78,112,4,0x0BF2A038BCB5148D,0xA,725,0.154482758621,1,0x5,0xF,0xF,1,1
78,112,5,0x0BF2A038BCB5148D,0xA,745,0.150335570470,1,0x4,0xE,0xE,1,1
78,112,6,0x0BF2A038BCB5148D,0xA,675,0.165925925926,1,0x1,0xB,0xB,1,1
78,112,7,0x0BF2A038BCB5148D,0xA,697,0.160688665710,1,0xE,0x4,0x4,1,1
78,128,0,0x0BF2A038BCB5148D,0xA,811,0.157829839704,1,0xE,0x4,0x4,1,1
78,128,1,0x0BF2A038BCB5148D,0xA,732,0.174863387978,1,0x5,0xF,0xF,1,1
78,128,2,0x0BF2A038BCB5148D,0xA,722,0.177285318560,1,0xD,0x7,0x7,1,1
78,128,3,0x0BF2A038BCB5148D,0xA,761,0.168199737188,1,0xE,0x4,0x4,1,1
78,128,4,0x0BF2A038BCB5148D,0xA,833,0.153661464586,1,0x5,0xF,0xF,1,1
78,128,5,0x0BF2A038BCB5148D,0xA,815,0.157055214724,1,0x4,0xE,0xE,1,1
78,128,6,0x0BF2A038BCB5148D,0xA,763,0.167758846658,1,0x1,0xB,0xB,1,1
78,128,7,0x0BF2A038BCB5148D,0xA,763,0.167758846658,1,0xE,0x4,0x4,1,1
78,160,0,0x0BF2A038BCB5148D,0xA,1012,0.158102766798,1,0xE,0x4,0x4,1,1
78,160,1,0x0BF2A038BCB5148D,0xA,908,0.176211453744,1,0x5,0xF,0xF,1,1
78,160,2,0x0BF2A038BCB5148D,0xA,939,0.170394036209,1,0xD,0x7,0x7,1,1
78,160,3,0x0BF2A038BCB5148D,0xA,939,0.170394036209,1,0xE,0x4,0x4,1,1
78,160,4,0x0BF2A038BCB5148D,0xA,1018,0.157170923379,1,0x5,0xF,0xF,1,1
78,160,5,0x0BF2A038BCB5148D,0xA,1008,0.158730158730,1,0x4,0xE,0xE,1,1
78,160,6,0x0BF2A038BCB5148D,0xA,967,0.165460186143,1,0x1,0xB,0xB,1,1
78,160,7,0x0BF2A038BCB5148D,0xA,934,0.171306209850,1,0xE,0x4,0x4,1,1
78,192,0,0x0BF2A038BCB5148D,0xA,1165,0.164806866953,1,0xE,0x4,0x4,1,1
78,192,1,0x0BF2A038BCB5148D,0xA,1085,0.176958525346,1,0x5,0xF,0xF,1,1
78,192,2,0x0BF2A038BCB5148D,0xA,1138,0.168717047452,1,0xD,0x7,0x7,1,1
78,192,3,0x0BF2A038BCB5148D,0xA,1120,0.171428571429,1,0xE,0x4,0x4,1,1
78,192,4,0x0BF2A038BCB5148D,0xA,1204,0.159468438538,1,0x5,0xF,0xF,1,1
78,192,5,0x0BF2A038BCB5148D,0xA,1139,0.168568920105,1,0x4,0xE,0xE,1,1
78,192,6,0x0BF2A038BCB5148D,0xA,1208,0.158940397351,1,0x1,0xB,0xB,1,1
78,192,7,0x0BF2A038BCB5148D,0xA,1126,0.170515097691,1,0xE,0x4,0x4,1,1
78,256,0,0x0BF2A038BCB5148D,0xA,1515,0.168976897690,1,0xE,0x4,0x4,1,1
78,256,1,0x0BF2A038BCB5148D,0xA,1471,0.174031271244,1,0x5,0xF,0xF,1,1
78,256,2,0x0BF2A038BCB5148D,0xA,1538,0.166449934980,1,0xD,0x7,0x7,1,1
78,256,3,0x0BF2A038BCB5148D,0xA,1529,0.167429692610,1,0xE,0x4,0x4,1,1
78,256,4,0x0BF2A038BCB5148D,0xA,1525,0.167868852459,1,0x5,0xF,0xF,1,1
78,256,5,0x0BF2A038BCB5148D,0xA,1522,0.168199737188,1,0x4,0xE,0xE,1,1
78,256,6,0x0BF2A038BCB5148D,0xA,1651,0.155057540884,1,0x1,0xB,0xB,1,1
78,256,7,0x0BF2A038BCB5148D,0xA,1481,0.172856178258,1,0xE,0x4,0x4,1,1
79,16,0,0xBB40DDD7EC53A23A,0x1,108,0.148148148148,5,NA,0x0,0x2,0,0
79,16,1,0xBB40DDD7EC53A23A,0x1,97,0.164948453608,0,NA,0x0,0xB,0,0
79,16,2,0xBB40DDD7EC53A23A,0x1,98,0.163265306122,0,NA,0x0,0x4,0,0
79,16,3,0xBB40DDD7EC53A23A,0x1,74,0.216216216216,0,NA,0x0,0xF,0,0
79,16,4,0xBB40DDD7EC53A23A,0x1,92,0.173913043478,0,NA,0x0,0x7,0,0
79,16,5,0xBB40DDD7EC53A23A,0x1,131,0.122137404580,0,NA,0x0,0xD,0,0
79,16,6,0xBB40DDD7EC53A23A,0x1,86,0.186046511628,0,NA,0x0,0xB,0,0
79,16,7,0xBB40DDD7EC53A23A,0x1,142,0.112676056338,0,NA,0x0,0x2,0,0
79,24,0,0xBB40DDD7EC53A23A,0x1,165,0.145454545455,2,NA,0x0,0x2,0,0
79,24,1,0xBB40DDD7EC53A23A,0x1,135,0.177777777778,0,NA,0x0,0xB,0,0
79,24,2,0xBB40DDD7EC53A23A,0x1,152,0.157894736842,0,NA,0x0,0x4,0,0
79,24,3,0xBB40DDD7EC53A23A,0x1,104,0.230769230769,0,NA,0x0,0xF,0,0
79,24,4,0xBB40DDD7EC53A23A,0x1,120,0.200000000000,0,NA,0x0,0x7,0,0
79,24,5,0xBB40DDD7EC53A23A,0x1,169,0.142011834320,0,NA,0x0,0xD,0,0
79,24,6,0xBB40DDD7EC53A23A,0x1,126,0.190476190476,0,NA,0x0,0xB,0,0
79,24,7,0xBB40DDD7EC53A23A,0x1,185,0.129729729730,0,NA,0x0,0x2,0,0
79,32,0,0xBB40DDD7EC53A23A,0x1,218,0.146788990826,2,NA,0x0,0x2,0,0
79,32,1,0xBB40DDD7EC53A23A,0x1,199,0.160804020101,0,NA,0x0,0xB,0,0
79,32,2,0xBB40DDD7EC53A23A,0x1,246,0.130081300813,0,NA,0x0,0x4,0,0
79,32,3,0xBB40DDD7EC53A23A,0x1,175,0.182857142857,0,NA,0x0,0xF,0,0
79,32,4,0xBB40DDD7EC53A23A,0x1,161,0.198757763975,0,NA,0x0,0x7,0,0
79,32,5,0xBB40DDD7EC53A23A,0x1,197,0.162436548223,0,NA,0x0,0xD,0,0
79,32,6,0xBB40DDD7EC53A23A,0x1,149,0.214765100671,0,NA,0x0,0xB,0,0
79,32,7,0xBB40DDD7EC53A23A,0x1,237,0.135021097046,0,NA,0x0,0x2,0,0
79,40,0,0xBB40DDD7EC53A23A,0x1,273,0.146520146520,2,NA,0x0,0x2,0,0
79,40,1,0xBB40DDD7EC53A23A,0x1,248,0.161290322581,0,NA,0x0,0xB,0,0
79,40,2,0xBB40DDD7EC53A23A,0x1,296,0.135135135135,0,NA,0x0,0x4,0,0
79,40,3,0xBB40DDD7EC53A23A,0x1,215,0.186046511628,0,NA,0x0,0xF,0,0
79,40,4,0xBB40DDD7EC53A23A,0x1,230,0.173913043478,0,NA,0x0,0x7,0,0
79,40,5,0xBB40DDD7EC53A23A,0x1,254,0.157480314961,0,NA,0x0,0xD,0,0
79,40,6,0xBB40DDD7EC53A23A,0x1,192,0.208333333333,0,NA,0x0,0xB,0,0
79,40,7,0xBB40DDD7EC53A23A,0x1,270,0.148148148148,0,NA,0x0,0x2,0,0
79,48,0,0xBB40DDD7EC53A23A,0x1,352,0.136363636364,1,0x3,0x2,0x2,1,1
79,48,1,0xBB40DDD7EC53A23A,0x1,292,0.164383561644,1,0xA,0xB,0xB,1,1
79,48,2,0xBB40DDD7EC53A23A,0x1,336,0.142857142857,2,NA,0x0,0x4,0,0
79,48,3,0xBB40DDD7EC53A23A,0x1,269,0.178438661710,0,NA,0x0,0xF,0,0
79,48,4,0xBB40DDD7EC53A23A,0x1,257,0.186770428016,0,NA,0x0,0x7,0,0
79,48,5,0xBB40DDD7EC53A23A,0x1,325,0.147692307692,0,NA,0x0,0xD,0,0
79,48,6,0xBB40DDD7EC53A23A,0x1,230,0.208695652174,0,NA,0x0,0xB,0,0
79,48,7,0xBB40DDD7EC53A23A,0x1,322,0.149068322981,0,NA,0x0,0x2,0,0
79,56,0,0xBB40DDD7EC53A23A,0x1,396,0.141414141414,1,0x3,0x2,0x2,1,1
79,56,1,0xBB40DDD7EC53A23A,0x1,356,0.157303370787,1,0xA,0xB,0xB,1,1
79,56,2,0xBB40DDD7EC53A23A,0x1,392,0.142857142857,2,NA,0x0,0x4,0,0
79,56,3,0xBB40DDD7EC53A23A,0x1,349,0.160458452722,0,NA,0x0,0xF,0,0
79,56,4,0xBB40DDD7EC53A23A,0x1,319,0.175548589342,0,NA,0x0,0x7,0,0
79,56,5,0xBB40DDD7EC53A23A,0x1,361,0.155124653740,0,NA,0x0,0xD,0,0
79,56,6,0xBB40DDD7EC53A23A,0x1,256,0.218750000000,0,NA,0x0,0xB,0,0
79,56,7,0xBB40DDD7EC53A23A,0x1,360,0.155555555556,0,NA,0x0,0x2,0,0
79,64,0,0xBB40DDD7EC53A23A,0x1,434,0.147465437788,1,0x3,0x2,0x2,1,1
79,64,1,0xBB40DDD7EC53A23A,0x1,395,0.162025316456,1,0xA,0xB,0xB,1,1
79,64,2,0xBB40DDD7EC53A23A,0x1,455,0.140659340659,1,0x5,0x4,0x4,1,1
79,64,3,0xBB40DDD7EC53A23A,0x1,371,0.172506738544,1,0xE,0xF,0xF,1,1
79,64,4,0xBB40DDD7EC53A23A,0x1,356,0.179775280899,1,0x6,0x7,0x7,1,1
79,64,5,0xBB40DDD7EC53A23A,0x1,413,0.154963680387,1,0xC,0xD,0xD,1,1
79,64,6,0xBB40DDD7EC53A23A,0x1,296,0.216216216216,1,0xA,0xB,0xB,1,1
79,64,7,0xBB40DDD7EC53A23A,0x1,431,0.148491879350,1,0x3,0x2,0x2,1,1
79,72,0,0xBB40DDD7EC53A23A,0x1,472,0.152542372881,1,0x3,0x2,0x2,1,1
79,72,1,0xBB40DDD7EC53A23A,0x1,452,0.159292035398,1,0xA,0xB,0xB,1,1
79,72,2,0xBB40DDD7EC53A23A,0x1,496,0.145161290323,1,0x5,0x4,0x4,1,1
79,72,3,0xBB40DDD7EC53A23A,0x1,409,0.176039119804,1,0xE,0xF,0xF,1,1
79,72,4,0xBB40DDD7EC53A23A,0x1,396,0.181818181818,1,0x6,0x7,0x7,1,1
79,72,5,0xBB40DDD7EC53A23A,0x1,450,0.160000000000,1,0xC,0xD,0xD,1,1
79,72,6,0xBB40DDD7EC53A23A,0x1,335,0.214925373134,1,0xA,0xB,0xB,1,1
79,72,7,0xBB40DDD7EC53A23A,0x1,493,0.146044624746,1,0x3,0x2,0x2,1,1
79,80,0,0xBB40DDD7EC53A23A,0x1,503,0.159045725646,1,0x3,0x2,0x2,1,1
79,80,1,0xBB40DDD7EC53A23A,0x1,504,0.158730158730,1,0xA,0xB,0xB,1,1
79,80,2,0xBB40DDD7EC53A23A,0x1,539,0.148423005566,1,0x5,0x4,0x4,1,1
79,80,3,0xBB40DDD7EC53A23A,0x1,453,0.176600441501,1,0xE,0xF,0xF,1,1
79,80,4,0xBB40DDD7EC53A23A,0x1,480,0.166666666667,1,0x6,0x7,0x7,1,1
79,80,5,0xBB40DDD7EC53A23A,0x1,487,0.164271047228,1,0xC,0xD,0xD,1,1
79,80,6,0xBB40DDD7EC53A23A,0x1,392,0.204081632653,1,0xA,0xB,0xB,1,1
79,80,7,0xBB40DDD7EC53A23A,0x1,540,0.148148148148,1,0x3,0x2,0x2,1,1
79,96,0,0xBB40DDD7EC53A23A,0x1,601,0.159733777038,1,0x3,0x2,0x2,1,1
79,96,1,0xBB40DDD7EC53A23A,0x1,576,0.166666666667,1,0xA,0xB,0xB,1,1
79,96,2,0xBB40DDD7EC53A23A,0x1,635,0.151181102362,1,0x5,0x4,0x4,1,1
79,96,3,0xBB40DDD7EC53A23A,0x1,565,0.169911504425,1,0xE,0xF,0xF,1,1
79,96,4,0xBB40DDD7EC53A23A,0x1,550,0.174545454545,1,0x6,0x7,0x7,1,1
79,96,5,0xBB40DDD7EC53A23A,0x1,576,0.166666666667,1,0xC,0xD,0xD,1,1
79,96,6,0xBB40DDD7EC53A23A,0x1,479,0.200417536534,1,0xA,0xB,0xB,1,1
79,96,7,0xBB40DDD7EC53A23A,0x1,605,0.158677685950,1,0x3,0x2,0x2,1,1
79,112,0,0xBB40DDD7EC53A23A,0x1,693,0.161616161616,1,0x3,0x2,0x2,1,1
79,112,1,0xBB40DDD7EC53A23A,0x1,702,0.159544159544,1,0xA,0xB,0xB,1,1
79,112,2,0xBB40DDD7EC53A23A,0x1,740,0.151351351351,1,0x5,0x4,0x4,1,1
79,112,3,0xBB40DDD7EC53A23A,0x1,652,0.171779141104,1,0xE,0xF,0xF,1,1
79,112,4,0xBB40DDD7EC53A23A,0x1,633,0.176935229068,1,0x6,0x7,0x7,1,1
79,112,5,0xBB40DDD7EC53A23A,0x1,682,0.164222873900,1,0xC,0xD,0xD,1,1
79,112,6,0xBB40DDD7EC53A23A,0x1,577,0.194107452340,1,0xA,0xB,0xB,1,1
79,112,7,0xBB40DDD7EC53A23A,0x1,701,0.159771754636,1,0x3,0x2,0x2,1,1
79,128,0,0xBB40DDD7EC53A23A,0x1,777,0.164736164736,1,0x3,0x2,0x2,1,1
79,128,1,0xBB40DDD7EC53A23A,0x1,826,0.154963680387,1,0xA,0xB,0xB,1,1
79,128,2,0xBB40DDD7EC53A23A,0x1,820,0.156097560976,1,0x5,0x4,0x4,1,1
79,128,3,0xBB40DDD7EC53A23A,0x1,743,0.172274562584,1,0xE,0xF,0xF,1,1
79,128,4,0xBB40DDD7EC53A23A,0x1,744,0.172043010753,1,0x6,0x7,0x7,1,1
79,128,5,0xBB40DDD7EC53A23A,0x1,783,0.163473818646,1,0xC,0xD,0xD,1,1
79,128,6,0xBB40DDD7EC53A23A,0x1,674,0.189910979228,1,0xA,0xB,0xB,1,1
79,128,7,0xBB40DDD7EC53A23A,0x1,786,0.162849872774,1,0x3,0x2,0x2,1,1
79,160,0,0xBB40DDD7EC53A23A,0x1,995,0.160804020101,1,0x3,0x2,0x2,1,1
79,160,1,0xBB40DDD7EC53A23A,0x1,973,0.164439876670,1,0xA,0xB,0xB,1,1
79,160,2,0xBB40DDD7EC53A23A,0x1,992,0.161290322581,1,0x5,0x4,0x4,1,1
79,160,3,0xBB40DDD7EC53A23A,0x1,953,0.167890870934,1,0xE,0xF,0xF,1,1
79,160,4,0xBB40DDD7EC53A23A,0x1,929,0.172228202368,1,0x6,0x7,0x7,1,1
79,160,5,0xBB40DDD7EC53A23A,0x1,1023,0.156402737048,1,0xC,0xD,0xD,1,1
79,160,6,0xBB40DDD7EC53A23A,0x1,870,0.183908045977,1,0xA,0xB,0xB,1,1
79,160,7,0xBB40DDD7EC53A23A,0x1,999,0.160160160160,1,0x3,0x2,0x2,1,1
79,192,0,0xBB40DDD7EC53A23A,0x1,1162,0.165232358003,1,0x3,0x2,0x2,1,1
79,192,1,0xBB40DDD7EC53A23A,0x1,1213,0.158285243199,1,0xA,0xB,0xB,1,1
79,192,2,0xBB40DDD7EC53A23A,0x1,1192,0.161073825503,1,0x5,0x4,0x4,1,1
79,192,3,0xBB40DDD7EC53A23A,0x1,1099,0.174704276615,1,0xE,0xF,0xF,1,1
79,192,4,0xBB40DDD7EC53A23A,0x1,1075,0.178604651163,1,0x6,0x7,0x7,1,1
79,192,5,0xBB40DDD7EC53A23A,0x1,1203,0.159600997506,1,0xC,0xD,0xD,1,1
79,192,6,0xBB40DDD7EC53A23A,0x1,986,0.194726166329,1,0xA,0xB,0xB,1,1
79,192,7,0xBB40DDD7EC53A23A,0x1,1184,0.162162162162,1,0x3,0x2,0x2,1,1
79,256,0,0xBB40DDD7EC53A23A,0x1,1572,0.162849872774,1,0x3,0x2,0x2,1,1
79,256,1,0xBB40DDD7EC53A23A,0x1,1577,0.162333544705,1,0xA,0xB,0xB,1,1
79,256,2,0xBB40DDD7EC53A23A,0x1,1539,0.166341780377,1,0x5,0x4,0x4,1,1
79,256,3,0xBB40DDD7EC53A23A,0x1,1524,0.167979002625,1,0xE,0xF,0xF,1,1
79,256,4,0xBB40DDD7EC53A23A,0x1,1443,0.177408177408,1,0x6,0x7,0x7,1,1
79,256,5,0xBB40DDD7EC53A23A,0x1,1600,0.160000000000,1,0xC,0xD,0xD,1,1
79,256,6,0xBB40DDD7EC53A23A,0x1,1312,0.195121951220,1,0xA,0xB,0xB,1,1
79,256,7,0xBB40DDD7EC53A23A,0x1,1490,0.171812080537,1,0x3,0x2,0x2,1,1
80,16,0,0x0E81D9B9F9ACCE90,0x7,101,0.158415841584,6,NA,0x0,0xB,0,0
80,16,1,0x0E81D9B9F9ACCE90,0x7,84,0.190476190476,0,NA,0x0,0xB,0,0
80,16,2,0x0E81D9B9F9ACCE90,0x7,126,0.126984126984,0,NA,0x0,0x4,0,0
80,16,3,0x0E81D9B9F9ACCE90,0x7,124,0.129032258065,0,NA,0x0,0xF,0,0
80,16,4,0x0E81D9B9F9ACCE90,0x7,98,0.163265306122,0,NA,0x0,0x8,0,0
80,16,5,0x0E81D9B9F9ACCE90,0x7,88,0.181818181818,0,NA,0x0,0x4,0,0
80,16,6,0x0E81D9B9F9ACCE90,0x7,101,0.158415841584,0,NA,0x0,0x9,0,0
80,16,7,0x0E81D9B9F9ACCE90,0x7,95,0.168421052632,0,NA,0x0,0x3,0,0
80,24,0,0x0E81D9B9F9ACCE90,0x7,175,0.137142857143,3,NA,0x0,0xB,0,0
80,24,1,0x0E81D9B9F9ACCE90,0x7,107,0.224299065421,0,NA,0x0,0xB,0,0
80,24,2,0x0E81D9B9F9ACCE90,0x7,155,0.154838709677,0,NA,0x0,0x4,0,0
80,24,3,0x0E81D9B9F9ACCE90,0x7,163,0.147239263804,0,NA,0x0,0xF,0,0
80,24,4,0x0E81D9B9F9ACCE90,0x7,135,0.177777777778,0,NA,0x0,0x8,0,0
80,24,5,0x0E81D9B9F9ACCE90,0x7,156,0.153846153846,0,NA,0x0,0x4,0,0
80,24,6,0x0E81D9B9F9ACCE90,0x7,140,0.171428571429,0,NA,0x0,0x9,0,0
80,24,7,0x0E81D9B9F9ACCE90,0x7,163,0.147239263804,0,NA,0x0,0x3,0,0
80,32,0,0x0E81D9B9F9ACCE90,0x7,236,0.135593220339,2,NA,0x0,0xB,0,0
80,32,1,0x0E81D9B9F9ACCE90,0x7,140,0.228571428571,0,NA,0x0,0xB,0,0
80,32,2,0x0E81D9B9F9ACCE90,0x7,205,0.156097560976,0,NA,0x0,0x4,0,0
80,32,3,0x0E81D9B9F9ACCE90,0x7,205,0.156097560976,0,NA,0x0,0xF,0,0
80,32,4,0x0E81D9B9F9ACCE90,0x7,197,0.162436548223,0,NA,0x0,0x8,0,0
80,32,5,0x0E81D9B9F9ACCE90,0x7,194,0.164948453608,0,NA,0x0,0x4,0,0
80,32,6,0x0E81D9B9F9ACCE90,0x7,194,0.164948453608,0,NA,0x0,0x9,0,0
80,32,7,0x0E81D9B9F9ACCE90,0x7,218,0.146788990826,0,NA,0x0,0x3,0,0
80,40,0,0x0E81D9B9F9ACCE90,0x7,310,0.129032258065,2,NA,0x0,0xB,0,0
80,40,1,0x0E81D9B9F9ACCE90,0x7,187,0.213903743316,0,NA,0x0,0xB,0,0
80,40,2,0x0E81D9B9F9ACCE90,0x7,261,0.153256704981,0,NA,0x0,0x4,0,0
80,40,3,0x0E81D9B9F9ACCE90,0x7,245,0.163265306122,0,NA,0x0,0xF,0,0
80,40,4,0x0E81D9B9F9ACCE90,0x7,236,0.169491525424,0,NA,0x0,0x8,0,0
80,40,5,0x0E81D9B9F9ACCE90,0x7,249,0.160642570281,0,NA,0x0,0x4,0,0
80,40,6,0x0E81D9B9F9ACCE90,0x7,225,0.177777777778,0,NA,0x0,0x9,0,0
80,40,7,0x0E81D9B9F9ACCE90,0x7,297,0.134680134680,0,NA,0x0,0x3,0,0
80,48,0,0x0E81D9B9F9ACCE90,0x7,351,0.136752136752,2,NA,0x0,0xB,0,0
80,48,1,0x0E81D9B9F9ACCE90,0x7,232,0.206896551724,0,NA,0x0,0xB,0,0
80,48,2,0x0E81D9B9F9ACCE90,0x7,295,0.162711864407,0,NA,0x0,0x4,0,0
80,48,3,0x0E81D9B9F9ACCE90,0x7,295,0.162711864407,0,NA,0x0,0xF,0,0
80,48,4,0x0E81D9B9F9ACCE90,0x7,275,0.174545454545,0,NA,0x0,0x8,0,0
80,48,5,0x0E81D9B9F9ACCE90,0x7,309,0.155339805825,0,NA,0x0,0x4,0,0
80,48,6,0x0E81D9B9F9ACCE90,0x7,265,0.181132075472,0,NA,0x0,0x9,0,0
80,48,7,0x0E81D9B9F9ACCE90,0x7,338,0.142011834320,0,NA,0x0,0x3,0,0
80,56,0,0x0E81D9B9F9ACCE90,0x7,408,0.137254901961,1,0xC,0xB,0xB,1,1
80,56,1,0x0E81D9B9F9ACCE90,0x7,270,0.207407407407,2,NA,0x0,0xB,0,0
80,56,2,0x0E81D9B9F9ACCE90,0x7,343,0.163265306122,0,NA,0x0,0x4,0,0
80,56,3,0x0E81D9B9F9ACCE90,0x7,356,0.157303370787,0,NA,0x0,0xF,0,0
80,56,4,0x0E81D9B9F9ACCE90,0x7,324,0.172839506173,0,NA,0x0,0x8,0,0
80,56,5,0x0E81D9B9F9ACCE90,0x7,350,0.160000000000,0,NA,0x0,0x4,0,0
80,56,6,0x0E81D9B9F9ACCE90,0x7,308,0.181818181818,0,NA,0x0,0x9,0,0
80,56,7,0x0E81D9B9F9ACCE90,0x7,408,0.137254901961,0,NA,0x0,0x3,0,0
80,64,0,0x0E81D9B9F9ACCE90,0x7,449,0.142538975501,1,0xC,0xB,0xB,1,1
80,64,1,0x0E81D9B9F9ACCE90,0x7,328,0.195121951220,1,0xC,0xB,0xB,1,1
80,64,2,0x0E81D9B9F9ACCE90,0x7,383,0.167101827676,1,0x3,0x4,0x4,1,1
80,64,3,0x0E81D9B9F9ACCE90,0x7,398,0.160804020101,1,0x8,0xF,0xF,1,1
80,64,4,0x0E81D9B9F9ACCE90,0x7,346,0.184971098266,1,0xF,0x8,0x8,1,1
80,64,5,0x0E81D9B9F9ACCE90,0x7,425,0.150588235294,1,0x3,0x4,0x4,1,1
80,64,6,0x0E81D9B9F9ACCE90,0x7,341,0.187683284457,1,0xE,0x9,0x9,1,1
80,64,7,0x0E81D9B9F9ACCE90,0x7,485,0.131958762887,1,0x4,0x3,0x3,1,1
80,72,0,0x0E81D9B9F9ACCE90,0x7,504,0.142857142857,1,0xC,0xB,0xB,1,1
80,72,1,0x0E81D9B9F9ACCE90,0x7,371,0.194070080863,1,0xC,0xB,0xB,1,1
80,72,2,0x0E81D9B9F9ACCE90,0x7,435,0.165517241379,1,0x3,0x4,0x4,1,1
80,72,3,0x0E81D9B9F9ACCE90,0x7,455,0.158241758242,1,0x8,0xF,0xF,1,1
80,72,4,0x0E81D9B9F9ACCE90,0x7,400,0.180000000000,1,0xF,0x8,0x8,1,1
80,72,5,0x0E81D9B9F9ACCE90,0x7,456,0.157894736842,1,0x3,0x4,0x4,1,1
80,72,6,0x0E81D9B9F9ACCE90,0x7,399,0.180451127820,1,0xE,0x9,0x9,1,1
80,72,7,0x0E81D9B9F9ACCE90,0x7,508,0.141732283465,1,0x4,0x3,0x3,1,1
80,80,0,0x0E81D9B9F9ACCE90,0x7,543,0.147329650092,1,0xC,0xB,0xB,1,1
80,80,1,0x0E81D9B9F9ACCE90,0x7,424,0.188679245283,1,0xC,0xB,0xB,1,1
80,80,2,0x0E81D9B9F9ACCE90,0x7,473,0.169133192389,1,0x3,0x4,0x4,1,1
80,80,3,0x0E81D9B9F9ACCE90,0x7,503,0.159045725646,1,0x8,0xF,0xF,1,1
80,80,4,0x0E81D9B9F9ACCE90,0x7,450,0.177777777778,1,0xF,0x8,0x8,1,1
80,80,5,0x0E81D9B9F9ACCE90,0x7,496,0.161290322581,1,0x3,0x4,0x4,1,1
80,80,6,0x0E81D9B9F9ACCE90,0x7,435,0.183908045977,1,0xE,0x9,0x9,1,1
80,80,7,0x0E81D9B9F9ACCE90,0x7,553,0.144665461121,1,0x4,0x3,0x3,1,1
80,96,0,0x0E81D9B9F9ACCE90,0x7,621,0.154589371981,1,0xC,0xB,0xB,1,1
80,96,1,0x0E81D9B9F9ACCE90,0x7,552,0.173913043478,1,0xC,0xB,0xB,1,1
80,96,2,0x0E81D9B9F9ACCE90,0x7,563,0.170515097691,1,0x3,0x4,0x4,1,1
80,96,3,0x0E81D9B9F9ACCE90,0x7,640,0.150000000000,1,0x8,0xF,0xF,1,1
80,96,4,0x0E81D9B9F9ACCE90,0x7,521,0.184261036468,1,0xF,0x8,0x8,1,1
80,96,5,0x0E81D9B9F9ACCE90,0x7,604,0.158940397351,1,0x3,0x4,0x4,1,1
80,96,6,0x0E81D9B9F9ACCE90,0x7,501,0.191616766467,1,0xE,0x9,0x9,1,1
80,96,7,0x0E81D9B9F9ACCE90,0x7,641,0.149765990640,1,0x4,0x3,0x3,1,1
80,112,0,0x0E81D9B9F9ACCE90,0x7,735,0.152380952381,1,0xC,0xB,0xB,1,1
80,112,1,0x0E81D9B9F9ACCE90,0x7,619,0.180936995153,1,0xC,0xB,0xB,1,1
80,112,2,0x0E81D9B9F9ACCE90,0x7,653,0.171516079632,1,0x3,0x4,0x4,1,1
80,112,3,0x0E81D9B9F9ACCE90,0x7,745,0.150335570470,1,0x8,0xF,0xF,1,1
80,112,4,0x0E81D9B9F9ACCE90,0x7,627,0.178628389155,1,0xF,0x8,0x8,1,1
80,112,5,0x0E81D9B9F9ACCE90,0x7,691,0.162083936324,1,0x3,0x4,0x4,1,1
80,112,6,0x0E81D9B9F9ACCE90,0x7,587,0.190800681431,1,0xE,0x9,0x9,1,1
80,112,7,0x0E81D9B9F9ACCE90,0x7,761,0.147174770039,1,0x4,0x3,0x3,1,1
80,128,0,0x0E81D9B9F9ACCE90,0x7,830,0.154216867470,1,0xC,0xB,0xB,1,1
80,128,1,0x0E81D9B9F9ACCE90,0x7,705,0.181560283688,1,0xC,0xB,0xB,1,1
80,128,2,0x0E81D9B9F9ACCE90,0x7,743,0.172274562584,1,0x3,0x4,0x4,1,1
80,128,3,0x0E81D9B9F9ACCE90,0x7,815,0.157055214724,1,0x8,0xF,0xF,1,1
80,128,4,0x0E81D9B9F9ACCE90,0x7,711,0.180028129395,1,0xF,0x8,0x8,1,1
80,128,5,0x0E81D9B9F9ACCE90,0x7,838,0.152744630072,1,0x3,0x4,0x4,1,1
80,128,6,0x0E81D9B9F9ACCE90,0x7,671,0.190760059613,1,0xE,0x9,0x9,1,1
80,128,7,0x0E81D9B9F9ACCE90,0x7,854,0.149882903981,1,0x4,0x3,0x3,1,1
80,160,0,0x0E81D9B9F9ACCE90,0x7,1062,0.150659133710,1,0xC,0xB,0xB,1,1
80,160,1,0x0E81D9B9F9ACCE90,0x7,947,0.168954593453,1,0xC,0xB,0xB,1,1
80,160,2,0x0E81D9B9F9ACCE90,0x7,951,0.168243953733,1,0x3,0x4,0x4,1,1
80,160,3,0x0E81D9B9F9ACCE90,0x7,974,0.164271047228,1,0x8,0xF,0xF,1,1
80,160,4,0x0E81D9B9F9ACCE90,0x7,938,0.170575692964,1,0xF,0x8,0x8,1,1
80,160,5,0x0E81D9B9F9ACCE90,0x7,1035,0.154589371981,1,0x3,0x4,0x4,1,1
80,160,6,0x0E81D9B9F9ACCE90,0x7,877,0.182440136830,1,0xE,0x9,0x9,1,1
80,160,7,0x0E81D9B9F9ACCE90,0x7,1076,0.148698884758,1,0x4,0x3,0x3,1,1
80,192,0,0x0E81D9B9F9ACCE90,0x7,1270,0.151181102362,1,0xC,0xB,0xB,1,1
80,192,1,0x0E81D9B9F9ACCE90,0x7,1170,0.164102564103,1,0xC,0xB,0xB,1,1
80,192,2,0x0E81D9B9F9ACCE90,0x7,1100,0.174545454545,1,0x3,0x4,0x4,1,1
80,192,3,0x0E81D9B9F9ACCE90,0x7,1152,0.166666666667,1,0x8,0xF,0xF,1,1
80,192,4,0x0E81D9B9F9ACCE90,0x7,1143,0.167979002625,1,0xF,0x8,0x8,1,1
80,192,5,0x0E81D9B9F9ACCE90,0x7,1232,0.155844155844,1,0x3,0x4,0x4,1,1
80,192,6,0x0E81D9B9F9ACCE90,0x7,1124,0.170818505338,1,0xE,0x9,0x9,1,1
80,192,7,0x0E81D9B9F9ACCE90,0x7,1300,0.147692307692,1,0x4,0x3,0x3,1,1
80,256,0,0x0E81D9B9F9ACCE90,0x7,1660,0.154216867470,1,0xC,0xB,0xB,1,1
80,256,1,0x0E81D9B9F9ACCE90,0x7,1550,0.165161290323,1,0xC,0xB,0xB,1,1
80,256,2,0x0E81D9B9F9ACCE90,0x7,1421,0.180154820549,1,0x3,0x4,0x4,1,1
80,256,3,0x0E81D9B9F9ACCE90,0x7,1520,0.168421052632,1,0x8,0xF,0xF,1,1
80,256,4,0x0E81D9B9F9ACCE90,0x7,1513,0.169200264375,1,0xF,0x8,0x8,1,1
80,256,5,0x0E81D9B9F9ACCE90,0x7,1656,0.154589371981,1,0x3,0x4,0x4,1,1
80,256,6,0x0E81D9B9F9ACCE90,0x7,1496,0.171122994652,1,0xE,0x9,0x9,1,1
80,256,7,0x0E81D9B9F9ACCE90,0x7,1698,0.150765606596,1,0x4,0x3,0x3,1,1
81,16,0,0xD5CE011F1EFD5EBE,0x9,78,0.205128205128,4,NA,0x0,0xB,0,0
81,16,1,0xD5CE011F1EFD5EBE,0x9,72,0.222222222222,0,NA,0x0,0x7,0,0
81,16,2,0xD5CE011F1EFD5EBE,0x9,137,0.116788321168,0,NA,0x0,0xD,0,0
81,16,3,0xD5CE011F1EFD5EBE,0x9,84,0.190476190476,0,NA,0x0,0xA,0,0
81,16,4,0xD5CE011F1EFD5EBE,0x9,106,0.150943396226,0,NA,0x0,0x5,0,0
81,16,5,0xD5CE011F1EFD5EBE,0x9,109,0.146788990826,0,NA,0x0,0x3,0,0
81,16,6,0xD5CE011F1EFD5EBE,0x9,74,0.216216216216,0,NA,0x0,0xB,0,0
81,16,7,0xD5CE011F1EFD5EBE,0x9,117,0.136752136752,0,NA,0x0,0x9,0,0
81,24,0,0xD5CE011F1EFD5EBE,0x9,143,0.167832167832,2,NA,0x0,0xB,0,0
81,24,1,0xD5CE011F1EFD5EBE,0x9,114,0.210526315789,0,NA,0x0,0x7,0,0
81,24,2,0xD5CE011F1EFD5EBE,0x9,197,0.121827411168,0,NA,0x0,0xD,0,0
81,24,3,0xD5CE011F1EFD5EBE,0x9,150,0.160000000000,0,NA,0x0,0xA,0,0
81,24,4,0xD5CE011F1EFD5EBE,0x9,189,0.126984126984,0,NA,0x0,0x5,0,0
81,24,5,0xD5CE011F1EFD5EBE,0x9,149,0.161073825503,0,NA,0x0,0x3,0,0
81,24,6,0xD5CE011F1EFD5EBE,0x9,145,0.165517241379,0,NA,0x0,0xB,0,0
81,24,7,0xD5CE011F1EFD5EBE,0x9,183,0.131147540984,0,NA,0x0,0x9,0,0
81,32,0,0xD5CE011F1EFD5EBE,0x9,188,0.170212765957,2,NA,0x0,0xB,0,0
81,32,1,0xD5CE011F1EFD5EBE,0x9,174,0.183908045977,0,NA,0x0,0x7,0,0
81,32,2,0xD5CE011F1EFD5EBE,0x9,246,0.130081300813,0,NA,0x0,0xD,0,0
81,32,3,0xD5CE011F1EFD5EBE,0x9,228,0.140350877193,0,NA,0x0,0xA,0,0
81,32,4,0xD5CE011F1EFD5EBE,0x9,228,0.140350877193,0,NA,0x0,0x5,0,0
81,32,5,0xD5CE011F1EFD5EBE,0x9,195,0.164102564103,0,NA,0x0,0x3,0,0
81,32,6,0xD5CE011F1EFD5EBE,0x9,199,0.160804020101,0,NA,0x0,0xB,0,0
81,32,7,0xD5CE011F1EFD5EBE,0x9,220,0.145454545455,0,NA,0x0,0x9,0,0
81,40,0,0xD5CE011F1EFD5EBE,0x9,230,0.173913043478,2,NA,0x0,0xB,0,0
81,40,1,0xD5CE011F1EFD5EBE,0x9,213,0.187793427230,0,NA,0x0,0x7,0,0
81,40,2,0xD5CE011F1EFD5EBE,0x9,309,0.129449838188,0,NA,0x0,0xD,0,0
81,40,3,0xD5CE011F1EFD5EBE,0x9,272,0.147058823529,0,NA,0x0,0xA,0,0
81,40,4,0xD5CE011F1EFD5EBE,0x9,283,0.141342756184,0,NA,0x0,0x5,0,0
81,40,5,0xD5CE011F1EFD5EBE,0x9,234,0.170940170940,0,NA,0x0,0x3,0,0
81,40,6,0xD5CE011F1EFD5EBE,0x9,253,0.158102766798,0,NA,0x0,0xB,0,0
81,40,7,0xD5CE011F1EFD5EBE,0x9,270,0.148148148148,0,NA,0x0,0x9,0,0
81,48,0,0xD5CE011F1EFD5EBE,0x9,249,0.192771084337,1,0x2,0xB,0xB,1,1
81,48,1,0xD5CE011F1EFD5EBE,0x9,255,0.188235294118,1,0xE,0x7,0x7,1,1
81,48,2,0xD5CE011F1EFD5EBE,0x9,332,0.144578313253,1,0x4,0xD,0xD,1,1
81,48,3,0xD5CE011F1EFD5EBE,0x9,328,0.146341463415,2,NA,0x0,0xA,0,0
81,48,4,0xD5CE011F1EFD5EBE,0x9,353,0.135977337110,0,NA,0x0,0x5,0,0
81,48,5,0xD5CE011F1EFD5EBE,0x9,290,0.165517241379,0,NA,0x0,0x3,0,0
81,48,6,0xD5CE011F1EFD5EBE,0x9,317,0.151419558360,0,NA,0x0,0xB,0,0
81,48,7,0xD5CE011F1EFD5EBE,0x9,310,0.154838709677,0,NA,0x0,0x9,0,0
81,56,0,0xD5CE011F1EFD5EBE,0x9,296,0.189189189189,1,0x2,0xB,0xB,1,1
81,56,1,0xD5CE011F1EFD5EBE,0x9,290,0.193103448276,1,0xE,0x7,0x7,1,1
81,56,2,0xD5CE011F1EFD5EBE,0x9,380,0.147368421053,1,0x4,0xD,0xD,1,1
81,56,3,0xD5CE011F1EFD5EBE,0x9,364,0.153846153846,2,NA,0x0,0xA,0,0
81,56,4,0xD5CE011F1EFD5EBE,0x9,403,0.138957816377,0,NA,0x0,0x5,0,0
81,56,5,0xD5CE011F1EFD5EBE,0x9,383,0.146214099217,0,NA,0x0,0x3,0,0
81,56,6,0xD5CE011F1EFD5EBE,0x9,365,0.153424657534,0,NA,0x0,0xB,0,0
81,56,7,0xD5CE011F1EFD5EBE,0x9,350,0.160000000000,0,NA,0x0,0x9,0,0
81,64,0,0xD5CE011F1EFD5EBE,0x9,358,0.178770949721,1,0x2,0xB,0xB,1,1
81,64,1,0xD5CE011F1EFD5EBE,0x9,327,0.195718654434,1,0xE,0x7,0x7,1,1
81,64,2,0xD5CE011F1EFD5EBE,0x9,434,0.147465437788,1,0x4,0xD,0xD,1,1
81,64,3,0xD5CE011F1EFD5EBE,0x9,412,0.155339805825,2,NA,0x0,0xA,0,0
81,64,4,0xD5CE011F1EFD5EBE,0x9,446,0.143497757848,0,NA,0x0,0x5,0,0
81,64,5,0xD5CE011F1EFD5EBE,0x9,426,0.150234741784,0,NA,0x0,0x3,0,0
81,64,6,0xD5CE011F1EFD5EBE,0x9,399,0.160401002506,0,NA,0x0,0xB,0,0
81,64,7,0xD5CE011F1EFD5EBE,0x9,384,0.166666666667,0,NA,0x0,0x9,0,0
81,72,0,0xD5CE011F1EFD5EBE,0x9,411,0.175182481752,1,0x2,0xB,0xB,1,1
81,72,1,0xD5CE011F1EFD5EBE,0x9,355,0.202816901408,1,0xE,0x7,0x7,1,1
81,72,2,0xD5CE011F1EFD5EBE,0x9,498,0.144578313253,1,0x4,0xD,0xD,1,1
81,72,3,0xD5CE011F1EFD5EBE,0x9,499,0.144288577154,1,0x3,0xA,0xA,1,1
81,72,4,0xD5CE011F1EFD5EBE,0x9,475,0.151578947368,1,0xC,0x5,0x5,1,1
81,72,5,0xD5CE011F1EFD5EBE,0x9,466,0.154506437768,1,0xA,0x3,0x3,1,1
81,72,6,0xD5CE011F1EFD5EBE,0x9,426,0.169014084507,2,NA,0x0,0xB,0,0
81,72,7,0xD5CE011F1EFD5EBE,0x9,433,0.166281755196,0,NA,0x0,0x9,0,0
81,80,0,0xD5CE011F1EFD5EBE,0x9,463,0.172786177106,1,0x2,0xB,0xB,1,1
81,80,1,0xD5CE011F1EFD5EBE,0x9,396,0.202020202020,1,0xE,0x7,0x7,1,1
81,80,2,0xD5CE011F1EFD5EBE,0x9,530,0.150943396226,1,0x4,0xD,0xD,1,1
81,80,3,0xD5CE011F1EFD5EBE,0x9,560,0.142857142857,1,0x3,0xA,0xA,1,1
81,80,4,0xD5CE011F1EFD5EBE,0x9,546,0.146520146520,1,0xC,0x5,0x5,1,1
81,80,5,0xD5CE011F1EFD5EBE,0x9,530,0.150943396226,1,0xA,0x3,0x3,1,1
81,80,6,0xD5CE011F1EFD5EBE,0x9,466,0.171673819742,2,NA,0x0,0xB,0,0
81,80,7,0xD5CE011F1EFD5EBE,0x9,495,0.161616161616,0,NA,0x0,0x9,0,0
81,96,0,0xD5CE011F1EFD5EBE,0x9,551,0.174228675136,1,0x2,0xB,0xB,1,1
81,96,1,0xD5CE011F1EFD5EBE,0x9,525,0.182857142857,1,0xE,0x7,0x7,1,1
81,96,2,0xD5CE011F1EFD5EBE,0x9,626,0.153354632588,1,0x4,0xD,0xD,1,1
81,96,3,0xD5CE011F1EFD5EBE,0x9,638,0.150470219436,1,0x3,0xA,0xA,1,1
81,96,4,0xD5CE011F1EFD5EBE,0x9,642,0.149532710280,1,0xC,0x5,0x5,1,1
81,96,5,0xD5CE011F1EFD5EBE,0x9,631,0.152139461173,1,0xA,0x3,0x3,1,1
81,96,6,0xD5CE011F1EFD5EBE,0x9,565,0.169911504425,1,0x2,0xB,0xB,1,1
81,96,7,0xD5CE011F1EFD5EBE,0x9,554,0.173285198556,1,0x0,0x9,0x9,1,1
81,112,0,0xD5CE011F1EFD5EBE,0x9,633,0.176935229068,1,0x2,0xB,0xB,1,1
81,112,1,0xD5CE011F1EFD5EBE,0x9,626,0.178913738019,1,0xE,0x7,0x7,1,1
81,112,2,0xD5CE011F1EFD5EBE,0x9,721,0.155339805825,1,0x4,0xD,0xD,1,1
81,112,3,0xD5CE011F1EFD5EBE,0x9,760,0.147368421053,1,0x3,0xA,0xA,1,1
81,112,4,0xD5CE011F1EFD5EBE,0x9,739,0.151556156969,1,0xC,0x5,0x5,1,1
81,112,5,0xD5CE011F1EFD5EBE,0x9,731,0.153214774282,1,0xA,0x3,0x3,1,1
81,112,6,0xD5CE011F1EFD5EBE,0x9,643,0.174183514774,1,0x2,0xB,0xB,1,1
81,112,7,0xD5CE011F1EFD5EBE,0x9,633,0.176935229068,1,0x0,0x9,0x9,1,1
81,128,0,0xD5CE011F1EFD5EBE,0x9,722,0.177285318560,1,0x2,0xB,0xB,1,1
81,128,1,0xD5CE011F1EFD5EBE,0x9,731,0.175102599179,1,0xE,0x7,0x7,1,1
81,128,2,0xD5CE011F1EFD5EBE,0x9,803,0.159402241594,1,0x4,0xD,0xD,1,1
81,128,3,0xD5CE011F1EFD5EBE,0x9,841,0.152199762188,1,0x3,0xA,0xA,1,1
81,128,4,0xD5CE011F1EFD5EBE,0x9,830,0.154216867470,1,0xC,0x5,0x5,1,1
81,128,5,0xD5CE011F1EFD5EBE,0x9,841,0.152199762188,1,0xA,0x3,0x3,1,1
81,128,6,0xD5CE011F1EFD5EBE,0x9,735,0.174149659864,1,0x2,0xB,0xB,1,1
81,128,7,0xD5CE011F1EFD5EBE,0x9,727,0.176066024759,1,0x0,0x9,0x9,1,1
81,160,0,0xD5CE011F1EFD5EBE,0x9,877,0.182440136830,1,0x2,0xB,0xB,1,1
81,160,1,0xD5CE011F1EFD5EBE,0x9,935,0.171122994652,1,0xE,0x7,0x7,1,1
81,160,2,0xD5CE011F1EFD5EBE,0x9,1010,0.158415841584,1,0x4,0xD,0xD,1,1
81,160,3,0xD5CE011F1EFD5EBE,0x9,997,0.160481444333,1,0x3,0xA,0xA,1,1
81,160,4,0xD5CE011F1EFD5EBE,0x9,1007,0.158887785501,1,0xC,0x5,0x5,1,1
81,160,5,0xD5CE011F1EFD5EBE,0x9,1017,0.157325467060,1,0xA,0x3,0x3,1,1
81,160,6,0xD5CE011F1EFD5EBE,0x9,933,0.171489817792,1,0x2,0xB,0xB,1,1
81,160,7,0xD5CE011F1EFD5EBE,0x9,943,0.169671261930,1,0x0,0x9,0x9,1,1
81,192,0,0xD5CE011F1EFD5EBE,0x9,1050,0.182857142857,1,0x2,0xB,0xB,1,1
81,192,1,0xD5CE011F1EFD5EBE,0x9,1114,0.172351885099,1,0xE,0x7,0x7,1,1
81,192,2,0xD5CE011F1EFD5EBE,0x9,1197,0.160401002506,1,0x4,0xD,0xD,1,1
81,192,3,0xD5CE011F1EFD5EBE,0x9,1193,0.160938809723,1,0x3,0xA,0xA,1,1
81,192,4,0xD5CE011F1EFD5EBE,0x9,1176,0.163265306122,1,0xC,0x5,0x5,1,1
81,192,5,0xD5CE011F1EFD5EBE,0x9,1184,0.162162162162,1,0xA,0x3,0x3,1,1
81,192,6,0xD5CE011F1EFD5EBE,0x9,1087,0.176632934683,1,0x2,0xB,0xB,1,1
81,192,7,0xD5CE011F1EFD5EBE,0x9,1091,0.175985334555,1,0x0,0x9,0x9,1,1
81,256,0,0xD5CE011F1EFD5EBE,0x9,1461,0.175222450376,1,0x2,0xB,0xB,1,1
81,256,1,0xD5CE011F1EFD5EBE,0x9,1478,0.173207036536,1,0xE,0x7,0x7,1,1
81,256,2,0xD5CE011F1EFD5EBE,0x9,1532,0.167101827676,1,0x4,0xD,0xD,1,1
81,256,3,0xD5CE011F1EFD5EBE,0x9,1613,0.158710477371,1,0x3,0xA,0xA,1,1
81,256,4,0xD5CE011F1EFD5EBE,0x9,1593,0.160703075957,1,0xC,0x5,0x5,1,1
81,256,5,0xD5CE011F1EFD5EBE,0x9,1574,0.162642947903,1,0xA,0x3,0x3,1,1
81,256,6,0xD5CE011F1EFD5EBE,0x9,1483,0.172623061362,1,0x2,0xB,0xB,1,1
81,256,7,0xD5CE011F1EFD5EBE,0x9,1490,0.171812080537,1,0x0,0x9,0x9,1,1
82,16,0,0x7DEF254816A860E0,0xE,124,0.129032258065,7,NA,0x0,0x6,0,0
82,16,1,0x7DEF254816A860E0,0xE,113,0.141592920354,0,NA,0x0,0x3,0,0
82,16,2,0x7DEF254816A860E0,0xE,114,0.140350877193,0,NA,0x0,0xD,0,0
82,16,3,0x7DEF254816A860E0,0xE,85,0.188235294118,0,NA,0x0,0x3,0,0
82,16,4,0x7DEF254816A860E0,0xE,116,0.137931034483,0,NA,0x0,0x5,0,0
82,16,5,0x7DEF254816A860E0,0xE,86,0.186046511628,0,NA,0x0,0xC,0,0
82,16,6,0x7DEF254816A860E0,0xE,161,0.099378881988,0,NA,0x0,0x4,0,0
82,16,7,0x7DEF254816A860E0,0xE,99,0.161616161616,0,NA,0x0,0xA,0,0
82,24,0,0x7DEF254816A860E0,0xE,180,0.133333333333,5,NA,0x0,0x6,0,0
82,24,1,0x7DEF254816A860E0,0xE,152,0.157894736842,0,NA,0x0,0x3,0,0
82,24,2,0x7DEF254816A860E0,0xE,166,0.144578313253,0,NA,0x0,0xD,0,0
82,24,3,0x7DEF254816A860E0,0xE,123,0.195121951220,0,NA,0x0,0x3,0,0
82,24,4,0x7DEF254816A860E0,0xE,163,0.147239263804,0,NA,0x0,0x5,0,0
82,24,5,0x7DEF254816A860E0,0xE,123,0.195121951220,0,NA,0x0,0xC,0,0
82,24,6,0x7DEF254816A860E0,0xE,242,0.099173553719,0,NA,0x0,0x4,0,0
82,24,7,0x7DEF254816A860E0,0xE,144,0.166666666667,0,NA,0x0,0xA,0,0
82,32,0,0x7DEF254816A860E0,0xE,232,0.137931034483,4,NA,0x0,0x6,0,0
82,32,1,0x7DEF254816A860E0,0xE,192,0.166666666667,0,NA,0x0,0x3,0,0
82,32,2,0x7DEF254816A860E0,0xE,243,0.131687242798,0,NA,0x0,0xD,0,0
82,32,3,0x7DEF254816A860E0,0xE,172,0.186046511628,0,NA,0x0,0x3,0,0
82,32,4,0x7DEF254816A860E0,0xE,204,0.156862745098,0,NA,0x0,0x5,0,0
82,32,5,0x7DEF254816A860E0,0xE,176,0.181818181818,0,NA,0x0,0xC,0,0
82,32,6,0x7DEF254816A860E0,0xE,288,0.111111111111,0,NA,0x0,0x4,0,0
82,32,7,0x7DEF254816A860E0,0xE,187,0.171122994652,0,NA,0x0,0xA,0,0
82,40,0,0x7DEF254816A860E0,0xE,308,0.129870129870,2,NA,0x0,0x6,0,0
82,40,1,0x7DEF254816A860E0,0xE,231,0.173160173160,0,NA,0x0,0x3,0,0
82,40,2,0x7DEF254816A860E0,0xE,271,0.147601476015,0,NA,0x0,0xD,0,0
82,40,3,0x7DEF254816A860E0,0xE,201,0.199004975124,0,NA,0x0,0x3,0,0
82,40,4,0x7DEF254816A860E0,0xE,249,0.160642570281,0,NA,0x0,0x5,0,0
82,40,5,0x7DEF254816A860E0,0xE,201,0.199004975124,0,NA,0x0,0xC,0,0
82,40,6,0x7DEF254816A860E0,0xE,335,0.119402985075,0,NA,0x0,0x4,0,0
82,40,7,0x7DEF254816A860E0,0xE,254,0.157480314961,0,NA,0x0,0xA,0,0
82,48,0,0x7DEF254816A860E0,0xE,337,0.142433234421,1,0x8,0x6,0x6,1,1
82,48,1,0x7DEF254816A860E0,0xE,279,0.172043010753,2,NA,0x0,0x3,0,0
82,48,2,0x7DEF254816A860E0,0xE,313,0.153354632588,0,NA,0x0,0xD,0,0
82,48,3,0x7DEF254816A860E0,0xE,247,0.194331983806,0,NA,0x0,0x3,0,0
82,48,4,0x7DEF254816A860E0,0xE,320,0.150000000000,0,NA,0x0,0x5,0,0
82,48,5,0x7DEF254816A860E0,0xE,255,0.188235294118,0,NA,0x0,0xC,0,0
82,48,6,0x7DEF254816A860E0,0xE,369,0.130081300813,0,NA,0x0,0x4,0,0
82,48,7,0x7DEF254816A860E0,0xE,291,0.164948453608,0,NA,0x0,0xA,0,0
82,56,0,0x7DEF254816A860E0,0xE,396,0.141414141414,1,0x8,0x6,0x6,1,1
82,56,1,0x7DEF254816A860E0,0xE,320,0.175000000000,2,NA,0x0,0x3,0,0
82,56,2,0x7DEF254816A860E0,0xE,337,0.166172106825,0,NA,0x0,0xD,0,0
82,56,3,0x7DEF254816A860E0,0xE,290,0.193103448276,0,NA,0x0,0x3,0,0
82,56,4,0x7DEF254816A860E0,0xE,360,0.155555555556,0,NA,0x0,0x5,0,0
82,56,5,0x7DEF254816A860E0,0xE,313,0.178913738019,0,NA,0x0,0xC,0,0
82,56,6,0x7DEF254816A860E0,0xE,416,0.134615384615,0,NA,0x0,0x4,0,0
82,56,7,0x7DEF254816A860E0,0xE,322,0.173913043478,0,NA,0x0,0xA,0,0
82,64,0,0x7DEF254816A860E0,0xE,443,0.144469525959,1,0x8,0x6,0x6,1,1
82,64,1,0x7DEF254816A860E0,0xE,361,0.177285318560,2,NA,0x0,0x3,0,0
82,64,2,0x7DEF254816A860E0,0xE,381,0.167979002625,0,NA,0x0,0xD,0,0
82,64,3,0x7DEF254816A860E0,0xE,347,0.184438040346,0,NA,0x0,0x3,0,0
82,64,4,0x7DEF254816A860E0,0xE,386,0.165803108808,0,NA,0x0,0x5,0,0
82,64,5,0x7DEF254816A860E0,0xE,360,0.177777777778,0,NA,0x0,0xC,0,0
82,64,6,0x7DEF254816A860E0,0xE,459,0.139433551198,0,NA,0x0,0x4,0,0
82,64,7,0x7DEF254816A860E0,0xE,373,0.171581769437,0,NA,0x0,0xA,0,0
82,72,0,0x7DEF254816A860E0,0xE,477,0.150943396226,1,0x8,0x6,0x6,1,1
82,72,1,0x7DEF254816A860E0,0xE,414,0.173913043478,2,NA,0x0,0x3,0,0
82,72,2,0x7DEF254816A860E0,0xE,411,0.175182481752,0,NA,0x0,0xD,0,0
82,72,3,0x7DEF254816A860E0,0xE,412,0.174757281553,0,NA,0x0,0x3,0,0
82,72,4,0x7DEF254816A860E0,0xE,447,0.161073825503,0,NA,0x0,0x5,0,0
82,72,5,0x7DEF254816A860E0,0xE,429,0.167832167832,0,NA,0x0,0xC,0,0
82,72,6,0x7DEF254816A860E0,0xE,523,0.137667304015,0,NA,0x0,0x4,0,0
82,72,7,0x7DEF254816A860E0,0xE,437,0.164759725400,0,NA,0x0,0xA,0,0
82,80,0,0x7DEF254816A860E0,0xE,547,0.146252285192,1,0x8,0x6,0x6,1,1
82,80,1,0x7DEF254816A860E0,0xE,474,0.168776371308,1,0xD,0x3,0x3,1,1
82,80,2,0x7DEF254816A860E0,0xE,448,0.178571428571,1,0x3,0xD,0xD,1,1
82,80,3,0x7DEF254816A860E0,0xE,448,0.178571428571,1,0xD,0x3,0x3,1,1
82,80,4,0x7DEF254816A860E0,0xE,534,0.149812734082,1,0xB,0x5,0x5,1,1
82,80,5,0x7DEF254816A860E0,0xE,502,0.159362549801,1,0x2,0xC,0xC,1,1
82,80,6,0x7DEF254816A860E0,0xE,577,0.138648180243,1,0xA,0x4,0x4,1,1
82,80,7,0x7DEF254816A860E0,0xE,494,0.161943319838,1,0x4,0xA,0xA,1,1
82,96,0,0x7DEF254816A860E0,0xE,651,0.147465437788,1,0x8,0x6,0x6,1,1
82,96,1,0x7DEF254816A860E0,0xE,561,0.171122994652,1,0xD,0x3,0x3,1,1
82,96,2,0x7DEF254816A860E0,0xE,514,0.186770428016,1,0x3,0xD,0xD,1,1
82,96,3,0x7DEF254816A860E0,0xE,540,0.177777777778,1,0xD,0x3,0x3,1,1
82,96,4,0x7DEF254816A860E0,0xE,598,0.160535117057,1,0xB,0x5,0x5,1,1
82,96,5,0x7DEF254816A860E0,0xE,609,0.157635467980,1,0x2,0xC,0xC,1,1
82,96,6,0x7DEF254816A860E0,0xE,672,0.142857142857,1,0xA,0x4,0x4,1,1
82,96,7,0x7DEF254816A860E0,0xE,586,0.163822525597,1,0x4,0xA,0xA,1,1
82,112,0,0x7DEF254816A860E0,0xE,736,0.152173913043,1,0x8,0x6,0x6,1,1
82,112,1,0x7DEF254816A860E0,0xE,699,0.160228898426,1,0xD,0x3,0x3,1,1
82,112,2,0x7DEF254816A860E0,0xE,612,0.183006535948,1,0x3,0xD,0xD,1,1
82,112,3,0x7DEF254816A860E0,0xE,635,0.176377952756,1,0xD,0x3,0x3,1,1
82,112,4,0x7DEF254816A860E0,0xE,687,0.163027656477,1,0xB,0x5,0x5,1,1
82,112,5,0x7DEF254816A860E0,0xE,687,0.163027656477,1,0x2,0xC,0xC,1,1
82,112,6,0x7DEF254816A860E0,0xE,769,0.145643693108,1,0xA,0x4,0x4,1,1
82,112,7,0x7DEF254816A860E0,0xE,696,0.160919540230,1,0x4,0xA,0xA,1,1
82,128,0,0x7DEF254816A860E0,0xE,864,0.148148148148,1,0x8,0x6,0x6,1,1
82,128,1,0x7DEF254816A860E0,0xE,798,0.160401002506,1,0xD,0x3,0x3,1,1
82,128,2,0x7DEF254816A860E0,0xE,704,0.181818181818,1,0x3,0xD,0xD,1,1
82,128,3,0x7DEF254816A860E0,0xE,717,0.178521617852,1,0xD,0x3,0x3,1,1
82,128,4,0x7DEF254816A860E0,0xE,789,0.162230671736,1,0xB,0x5,0x5,1,1
82,128,5,0x7DEF254816A860E0,0xE,740,0.172972972973,1,0x2,0xC,0xC,1,1
82,128,6,0x7DEF254816A860E0,0xE,878,0.145785876993,1,0xA,0x4,0x4,1,1
82,128,7,0x7DEF254816A860E0,0xE,804,0.159203980100,1,0x4,0xA,0xA,1,1
82,160,0,0x7DEF254816A860E0,0xE,1133,0.141218005296,1,0x8,0x6,0x6,1,1
82,160,1,0x7DEF254816A860E0,0xE,1022,0.156555772994,1,0xD,0x3,0x3,1,1
82,160,2,0x7DEF254816A860E0,0xE,914,0.175054704595,1,0x3,0xD,0xD,1,1
82,160,3,0x7DEF254816A860E0,0xE,895,0.178770949721,1,0xD,0x3,0x3,1,1
82,160,4,0x7DEF254816A860E0,0xE,972,0.164609053498,1,0xB,0x5,0x5,1,1
82,160,5,0x7DEF254816A860E0,0xE,902,0.177383592018,1,0x2,0xC,0xC,1,1
82,160,6,0x7DEF254816A860E0,0xE,1054,0.151802656546,1,0xA,0x4,0x4,1,1
82,160,7,0x7DEF254816A860E0,0xE,1048,0.152671755725,1,0x4,0xA,0xA,1,1
82,192,0,0x7DEF254816A860E0,0xE,1332,0.144144144144,1,0x8,0x6,0x6,1,1
82,192,1,0x7DEF254816A860E0,0xE,1193,0.160938809723,1,0xD,0x3,0x3,1,1
82,192,2,0x7DEF254816A860E0,0xE,1120,0.171428571429,1,0x3,0xD,0xD,1,1
82,192,3,0x7DEF254816A860E0,0xE,1067,0.179943767573,1,0xD,0x3,0x3,1,1
82,192,4,0x7DEF254816A860E0,0xE,1111,0.172817281728,1,0xB,0x5,0x5,1,1
82,192,5,0x7DEF254816A860E0,0xE,1108,0.173285198556,1,0x2,0xC,0xC,1,1
82,192,6,0x7DEF254816A860E0,0xE,1232,0.155844155844,1,0xA,0x4,0x4,1,1
82,192,7,0x7DEF254816A860E0,0xE,1263,0.152019002375,1,0x4,0xA,0xA,1,1
82,256,0,0x7DEF254816A860E0,0xE,1670,0.153293413174,1,0x8,0x6,0x6,1,1
82,256,1,0x7DEF254816A860E0,0xE,1610,0.159006211180,1,0xD,0x3,0x3,1,1
82,256,2,0x7DEF254816A860E0,0xE,1491,0.171696847753,1,0x3,0xD,0xD,1,1
82,256,3,0x7DEF254816A860E0,0xE,1432,0.178770949721,1,0xD,0x3,0x3,1,1
82,256,4,0x7DEF254816A860E0,0xE,1446,0.177040110650,1,0xB,0x5,0x5,1,1
82,256,5,0x7DEF254816A860E0,0xE,1479,0.173089925625,1,0x2,0xC,0xC,1,1
82,256,6,0x7DEF254816A860E0,0xE,1575,0.162539682540,1,0xA,0x4,0x4,1,1
82,256,7,0x7DEF254816A860E0,0xE,1698,0.150765606596,1,0x4,0xA,0xA,1,1
83,16,0,0x6654D02B6BB60130,0x8,110,0.145454545455,6,NA,0x0,0xB,0,0
83,16,1,0x6654D02B6BB60130,0x8,109,0.146788990826,0,NA,0x0,0xA,0,0
83,16,2,0x6654D02B6BB60130,0x8,114,0.140350877193,0,NA,0x0,0xE,0,0
83,16,3,0x6654D02B6BB60130,0x8,92,0.173913043478,0,NA,0x0,0x6,0,0
83,16,4,0x6654D02B6BB60130,0x8,81,0.197530864198,0,NA,0x0,0x6,0,0
83,16,5,0x6654D02B6BB60130,0x8,53,0.301886792453,0,NA,0x0,0x6,0,0
83,16,6,0x6654D02B6BB60130,0x8,129,0.124031007752,0,NA,0x0,0x3,0,0
83,16,7,0x6654D02B6BB60130,0x8,108,0.148148148148,0,NA,0x0,0x9,0,0
83,24,0,0x6654D02B6BB60130,0x8,168,0.142857142857,3,NA,0x0,0xB,0,0
83,24,1,0x6654D02B6BB60130,0x8,151,0.158940397351,0,NA,0x0,0xA,0,0
83,24,2,0x6654D02B6BB60130,0x8,141,0.170212765957,0,NA,0x0,0xE,0,0
83,24,3,0x6654D02B6BB60130,0x8,125,0.192000000000,0,NA,0x0,0x6,0,0
83,24,4,0x6654D02B6BB60130,0x8,116,0.206896551724,0,NA,0x0,0x6,0,0
83,24,5,0x6654D02B6BB60130,0x8,94,0.255319148936,0,NA,0x0,0x6,0,0
83,24,6,0x6654D02B6BB60130,0x8,190,0.126315789474,0,NA,0x0,0x3,0,0
83,24,7,0x6654D02B6BB60130,0x8,181,0.132596685083,0,NA,0x0,0x9,0,0
83,32,0,0x6654D02B6BB60130,0x8,227,0.140969162996,3,NA,0x0,0xB,0,0
83,32,1,0x6654D02B6BB60130,0x8,196,0.163265306122,0,NA,0x0,0xA,0,0
83,32,2,0x6654D02B6BB60130,0x8,186,0.172043010753,0,NA,0x0,0xE,0,0
83,32,3,0x6654D02B6BB60130,0x8,176,0.181818181818,0,NA,0x0,0x6,0,0
83,32,4,0x6654D02B6BB60130,0x8,158,0.202531645570,0,NA,0x0,0x6,0,0
83,32,5,0x6654D02B6BB60130,0x8,179,0.178770949721,0,NA,0x0,0x6,0,0
83,32,6,0x6654D02B6BB60130,0x8,236,0.135593220339,0,NA,0x0,0x3,0,0
83,32,7,0x6654D02B6BB60130,0x8,250,0.128000000000,0,NA,0x0,0x9,0,0
83,40,0,0x6654D02B6BB60130,0x8,276,0.144927536232,1,0x3,0xB,0xB,1,1
83,40,1,0x6654D02B6BB60130,0x8,236,0.169491525424,2,NA,0x0,0xA,0,0
83,40,2,0x6654D02B6BB60130,0x8,264,0.151515151515,0,NA,0x0,0xE,0,0
83,40,3,0x6654D02B6BB60130,0x8,223,0.179372197309,0,NA,0x0,0x6,0,0
83,40,4,0x6654D02B6BB60130,0x8,206,0.194174757282,0,NA,0x0,0x6,0,0
83,40,5,0x6654D02B6BB60130,0x8,256,0.156250000000,0,NA,0x0,0x6,0,0
83,40,6,0x6654D02B6BB60130,0x8,280,0.142857142857,0,NA,0x0,0x3,0,0
83,40,7,0x6654D02B6BB60130,0x8,311,0.128617363344,0,NA,0x0,0x9,0,0
83,48,0,0x6654D02B6BB60130,0x8,321,0.149532710280,1,0x3,0xB,0xB,1,1
83,48,1,0x6654D02B6BB60130,0x8,278,0.172661870504,2,NA,0x0,0xA,0,0
83,48,2,0x6654D02B6BB60130,0x8,350,0.137142857143,0,NA,0x0,0xE,0,0
83,48,3,0x6654D02B6BB60130,0x8,279,0.172043010753,0,NA,0x0,0x6,0,0
83,48,4,0x6654D02B6BB60130,0x8,291,0.164948453608,0,NA,0x0,0x6,0,0
83,48,5,0x6654D02B6BB60130,0x8,297,0.161616161616,0,NA,0x0,0x6,0,0
83,48,6,0x6654D02B6BB60130,0x8,350,0.137142857143,0,NA,0x0,0x3,0,0
83,48,7,0x6654D02B6BB60130,0x8,387,0.124031007752,0,NA,0x0,0x9,0,0
83,56,0,0x6654D02B6BB60130,0x8,347,0.161383285303,1,0x3,0xB,0xB,1,1
83,56,1,0x6654D02B6BB60130,0x8,368,0.152173913043,1,0x2,0xA,0xA,1,1
83,56,2,0x6654D02B6BB60130,0x8,395,0.141772151899,2,NA,0x0,0xE,0,0
83,56,3,0x6654D02B6BB60130,0x8,315,0.177777777778,0,NA,0x0,0x6,0,0
83,56,4,0x6654D02B6BB60130,0x8,338,0.165680473373,0,NA,0x0,0x6,0,0
83,56,5,0x6654D02B6BB60130,0x8,360,0.155555555556,0,NA,0x0,0x6,0,0
83,56,6,0x6654D02B6BB60130,0x8,371,0.150943396226,0,NA,0x0,0x3,0,0
83,56,7,0x6654D02B6BB60130,0x8,434,0.129032258065,0,NA,0x0,0x9,0,0
83,64,0,0x6654D02B6BB60130,0x8,379,0.168865435356,1,0x3,0xB,0xB,1,1
83,64,1,0x6654D02B6BB60130,0x8,402,0.159203980100,1,0x2,0xA,0xA,1,1
83,64,2,0x6654D02B6BB60130,0x8,430,0.148837209302,1,0x6,0xE,0xE,1,1
83,64,3,0x6654D02B6BB60130,0x8,379,0.168865435356,1,0xE,0x6,0x6,1,1
83,64,4,0x6654D02B6BB60130,0x8,389,0.164524421594,1,0xE,0x6,0x6,1,1
83,64,5,0x6654D02B6BB60130,0x8,418,0.153110047847,1,0xE,0x6,0x6,1,1
83,64,6,0x6654D02B6BB60130,0x8,435,0.147126436782,1,0xB,0x3,0x3,1,1
83,64,7,0x6654D02B6BB60130,0x8,499,0.128256513026,1,0x1,0x9,0x9,1,1
83,72,0,0x6654D02B6BB60130,0x8,432,0.166666666667,1,0x3,0xB,0xB,1,1
83,72,1,0x6654D02B6BB60130,0x8,442,0.162895927602,1,0x2,0xA,0xA,1,1
83,72,2,0x6654D02B6BB60130,0x8,460,0.156521739130,1,0x6,0xE,0xE,1,1
83,72,3,0x6654D02B6BB60130,0x8,427,0.168618266979,1,0xE,0x6,0x6,1,1
83,72,4,0x6654D02B6BB60130,0x8,422,0.170616113744,1,0xE,0x6,0x6,1,1
83,72,5,0x6654D02B6BB60130,0x8,435,0.165517241379,1,0xE,0x6,0x6,1,1
83,72,6,0x6654D02B6BB60130,0x8,480,0.150000000000,1,0xB,0x3,0x3,1,1
83,72,7,0x6654D02B6BB60130,0x8,555,0.129729729730,1,0x1,0x9,0x9,1,1
83,80,0,0x6654D02B6BB60130,0x8,481,0.166320166320,1,0x3,0xB,0xB,1,1
83,80,1,0x6654D02B6BB60130,0x8,520,0.153846153846,1,0x2,0xA,0xA,1,1
83,80,2,0x6654D02B6BB60130,0x8,522,0.153256704981,1,0x6,0xE,0xE,1,1
83,80,3,0x6654D02B6BB60130,0x8,471,0.169851380042,1,0xE,0x6,0x6,1,1
83,80,4,0x6654D02B6BB60130,0x8,460,0.173913043478,1,0xE,0x6,0x6,1,1
83,80,5,0x6654D02B6BB60130,0x8,506,0.158102766798,1,0xE,0x6,0x6,1,1
83,80,6,0x6654D02B6BB60130,0x8,503,0.159045725646,1,0xB,0x3,0x3,1,1
83,80,7,0x6654D02B6BB60130,0x8,584,0.136986301370,1,0x1,0x9,0x9,1,1
83,96,0,0x6654D02B6BB60130,0x8,562,0.170818505338,1,0x3,0xB,0xB,1,1
83,96,1,0x6654D02B6BB60130,0x8,617,0.155591572123,1,0x2,0xA,0xA,1,1
83,96,2,0x6654D02B6BB60130,0x8,572,0.167832167832,1,0x6,0xE,0xE,1,1
83,96,3,0x6654D02B6BB60130,0x8,579,0.165803108808,1,0xE,0x6,0x6,1,1
83,96,4,0x6654D02B6BB60130,0x8,552,0.173913043478,1,0xE,0x6,0x6,1,1
83,96,5,0x6654D02B6BB60130,0x8,608,0.157894736842,1,0xE,0x6,0x6,1,1
83,96,6,0x6654D02B6BB60130,0x8,601,0.159733777038,1,0xB,0x3,0x3,1,1
83,96,7,0x6654D02B6BB60130,0x8,674,0.142433234421,1,0x1,0x9,0x9,1,1
83,112,0,0x6654D02B6BB60130,0x8,681,0.164464023495,1,0x3,0xB,0xB,1,1
83,112,1,0x6654D02B6BB60130,0x8,778,0.143958868895,1,0x2,0xA,0xA,1,1
83,112,2,0x6654D02B6BB60130,0x8,689,0.162554426705,1,0x6,0xE,0xE,1,1
83,112,3,0x6654D02B6BB60130,0x8,686,0.163265306122,1,0xE,0x6,0x6,1,1
83,112,4,0x6654D02B6BB60130,0x8,626,0.178913738019,1,0xE,0x6,0x6,1,1
83,112,5,0x6654D02B6BB60130,0x8,691,0.162083936324,1,0xE,0x6,0x6,1,1
83,112,6,0x6654D02B6BB60130,0x8,672,0.166666666667,1,0xB,0x3,0x3,1,1
83,112,7,0x6654D02B6BB60130,0x8,768,0.145833333333,1,0x1,0x9,0x9,1,1
83,128,0,0x6654D02B6BB60130,0x8,837,0.152927120669,1,0x3,0xB,0xB,1,1
83,128,1,0x6654D02B6BB60130,0x8,871,0.146957520092,1,0x2,0xA,0xA,1,1
83,128,2,0x6654D02B6BB60130,0x8,779,0.164313222080,1,0x6,0xE,0xE,1,1
83,128,3,0x6654D02B6BB60130,0x8,769,0.166449934980,1,0xE,0x6,0x6,1,1
83,128,4,0x6654D02B6BB60130,0x8,759,0.168642951252,1,0xE,0x6,0x6,1,1
83,128,5,0x6654D02B6BB60130,0x8,763,0.167758846658,1,0xE,0x6,0x6,1,1
83,128,6,0x6654D02B6BB60130,0x8,758,0.168865435356,1,0xB,0x3,0x3,1,1
83,128,7,0x6654D02B6BB60130,0x8,899,0.142380422692,1,0x1,0x9,0x9,1,1
83,160,0,0x6654D02B6BB60130,0x8,1037,0.154291224687,1,0x3,0xB,0xB,1,1
83,160,1,0x6654D02B6BB60130,0x8,1021,0.156709108717,1,0x2,0xA,0xA,1,1
83,160,2,0x6654D02B6BB60130,0x8,971,0.164778578785,1,0x6,0xE,0xE,1,1
83,160,3,0x6654D02B6BB60130,0x8,998,0.160320641283,1,0xE,0x6,0x6,1,1
83,160,4,0x6654D02B6BB60130,0x8,994,0.160965794769,1,0xE,0x6,0x6,1,1
83,160,5,0x6654D02B6BB60130,0x8,952,0.168067226891,1,0xE,0x6,0x6,1,1
83,160,6,0x6654D02B6BB60130,0x8,970,0.164948453608,1,0xB,0x3,0x3,1,1
83,160,7,0x6654D02B6BB60130,0x8,1058,0.151228733459,1,0x1,0x9,0x9,1,1
83,192,0,0x6654D02B6BB60130,0x8,1278,0.150234741784,1,0x3,0xB,0xB,1,1
83,192,1,0x6654D02B6BB60130,0x8,1197,0.160401002506,1,0x2,0xA,0xA,1,1
83,192,2,0x6654D02B6BB60130,0x8,1201,0.159866777685,1,0x6,0xE,0xE,1,1
83,192,3,0x6654D02B6BB60130,0x8,1247,0.153969526864,1,0xE,0x6,0x6,1,1
83,192,4,0x6654D02B6BB60130,0x8,1202,0.159733777038,1,0xE,0x6,0x6,1,1
83,192,5,0x6654D02B6BB60130,0x8,1113,0.172506738544,1,0xE,0x6,0x6,1,1
83,192,6,0x6654D02B6BB60130,0x8,1166,0.164665523156,1,0xB,0x3,0x3,1,1
83,192,7,0x6654D02B6BB60130,0x8,1268,0.151419558360,1,0x1,0x9,0x9,1,1
83,256,0,0x6654D02B6BB60130,0x8,1600,0.160000000000,1,0x3,0xB,0xB,1,1
83,256,1,0x6654D02B6BB60130,0x8,1555,0.164630225080,1,0x2,0xA,0xA,1,1
83,256,2,0x6654D02B6BB60130,0x8,1598,0.160200250313,1,0x6,0xE,0xE,1,1
83,256,3,0x6654D02B6BB60130,0x8,1666,0.153661464586,1,0xE,0x6,0x6,1,1
83,256,4,0x6654D02B6BB60130,0x8,1609,0.159105034183,1,0xE,0x6,0x6,1,1
83,256,5,0x6654D02B6BB60130,0x8,1579,0.162127929069,1,0xE,0x6,0x6,1,1
83,256,6,0x6654D02B6BB60130,0x8,1547,0.165481577246,1,0xB,0x3,0x3,1,1
83,256,7,0x6654D02B6BB60130,0x8,1687,0.151748666271,1,0x1,0x9,0x9,1,1
84,16,0,0xDC6AFE543D671CB8,0x4,90,0.177777777778,5,NA,0x0,0x0,0,0
84,16,1,0xDC6AFE543D671CB8,0x4,104,0.153846153846,0,NA,0x0,0xA,0,0
84,16,2,0xDC6AFE543D671CB8,0x4,85,0.188235294118,0,NA,0x0,0x7,0,0
84,16,3,0xDC6AFE543D671CB8,0x4,107,0.149532710280,0,NA,0x0,0x4,0,0
84,16,4,0xDC6AFE543D671CB8,0x4,111,0.144144144144,0,NA,0x0,0xA,0,0
84,16,5,0xDC6AFE543D671CB8,0x4,99,0.161616161616,0,NA,0x0,0xA,0,0
84,16,6,0xDC6AFE543D671CB8,0x4,97,0.164948453608,0,NA,0x0,0x3,0,0
84,16,7,0xDC6AFE543D671CB8,0x4,78,0.205128205128,0,NA,0x0,0x7,0,0
84,24,0,0xDC6AFE543D671CB8,0x4,149,0.161073825503,4,NA,0x0,0x0,0,0
84,24,1,0xDC6AFE543D671CB8,0x4,164,0.146341463415,0,NA,0x0,0xA,0,0
84,24,2,0xDC6AFE543D671CB8,0x4,133,0.180451127820,0,NA,0x0,0x7,0,0
84,24,3,0xDC6AFE543D671CB8,0x4,163,0.147239263804,0,NA,0x0,0x4,0,0
84,24,4,0xDC6AFE543D671CB8,0x4,168,0.142857142857,0,NA,0x0,0xA,0,0
84,24,5,0xDC6AFE543D671CB8,0x4,164,0.146341463415,0,NA,0x0,0xA,0,0
84,24,6,0xDC6AFE543D671CB8,0x4,143,0.167832167832,0,NA,0x0,0x3,0,0
84,24,7,0xDC6AFE543D671CB8,0x4,99,0.242424242424,0,NA,0x0,0x7,0,0
84,32,0,0xDC6AFE543D671CB8,0x4,226,0.141592920354,3,NA,0x0,0x0,0,0
84,32,1,0xDC6AFE543D671CB8,0x4,232,0.137931034483,0,NA,0x0,0xA,0,0
84,32,2,0xDC6AFE543D671CB8,0x4,214,0.149532710280,0,NA,0x0,0x7,0,0
84,32,3,0xDC6AFE543D671CB8,0x4,209,0.153110047847,0,NA,0x0,0x4,0,0
84,32,4,0xDC6AFE543D671CB8,0x4,220,0.145454545455,0,NA,0x0,0xA,0,0
84,32,5,0xDC6AFE543D671CB8,0x4,210,0.152380952381,0,NA,0x0,0xA,0,0
84,32,6,0xDC6AFE543D671CB8,0x4,186,0.172043010753,0,NA,0x0,0x3,0,0
84,32,7,0xDC6AFE543D671CB8,0x4,149,0.214765100671,0,NA,0x0,0x7,0,0
84,40,0,0xDC6AFE543D671CB8,0x4,243,0.164609053498,2,NA,0x0,0x0,0,0
84,40,1,0xDC6AFE543D671CB8,0x4,267,0.149812734082,0,NA,0x0,0xA,0,0
84,40,2,0xDC6AFE543D671CB8,0x4,278,0.143884892086,0,NA,0x0,0x7,0,0
84,40,3,0xDC6AFE543D671CB8,0x4,260,0.153846153846,0,NA,0x0,0x4,0,0
84,40,4,0xDC6AFE543D671CB8,0x4,264,0.151515151515,0,NA,0x0,0xA,0,0
84,40,5,0xDC6AFE543D671CB8,0x4,260,0.153846153846,0,NA,0x0,0xA,0,0
84,40,6,0xDC6AFE543D671CB8,0x4,214,0.186915887850,0,NA,0x0,0x3,0,0
84,40,7,0xDC6AFE543D671CB8,0x4,224,0.178571428571,0,NA,0x0,0x7,0,0
84,48,0,0xDC6AFE543D671CB8,0x4,283,0.169611307420,2,NA,0x0,0x0,0,0
84,48,1,0xDC6AFE543D671CB8,0x4,301,0.159468438538,0,NA,0x0,0xA,0,0
84,48,2,0xDC6AFE543D671CB8,0x4,337,0.142433234421,0,NA,0x0,0x7,0,0
84,48,3,0xDC6AFE543D671CB8,0x4,303,0.158415841584,0,NA,0x0,0x4,0,0
84,48,4,0xDC6AFE543D671CB8,0x4,328,0.146341463415,0,NA,0x0,0xA,0,0
84,48,5,0xDC6AFE543D671CB8,0x4,317,0.151419558360,0,NA,0x0,0xA,0,0
84,48,6,0xDC6AFE543D671CB8,0x4,254,0.188976377953,0,NA,0x0,0x3,0,0
84,48,7,0xDC6AFE543D671CB8,0x4,274,0.175182481752,0,NA,0x0,0x7,0,0
84,56,0,0xDC6AFE543D671CB8,0x4,360,0.155555555556,1,0x4,0x0,0x0,1,1
84,56,1,0xDC6AFE543D671CB8,0x4,346,0.161849710983,1,0xE,0xA,0xA,1,1
84,56,2,0xDC6AFE543D671CB8,0x4,374,0.149732620321,1,0x3,0x7,0x7,1,1
84,56,3,0xDC6AFE543D671CB8,0x4,337,0.166172106825,2,NA,0x0,0x4,0,0
84,56,4,0xDC6AFE543D671CB8,0x4,367,0.152588555858,0,NA,0x0,0xA,0,0
84,56,5,0xDC6AFE543D671CB8,0x4,365,0.153424657534,0,NA,0x0,0xA,0,0
84,56,6,0xDC6AFE543D671CB8,0x4,341,0.164222873900,0,NA,0x0,0x3,0,0
84,56,7,0xDC6AFE543D671CB8,0x4,313,0.178913738019,0,NA,0x0,0x7,0,0
84,64,0,0xDC6AFE543D671CB8,0x4,400,0.160000000000,1,0x4,0x0,0x0,1,1
84,64,1,0xDC6AFE543D671CB8,0x4,400,0.160000000000,1,0xE,0xA,0xA,1,1
84,64,2,0xDC6AFE543D671CB8,0x4,444,0.144144144144,1,0x3,0x7,0x7,1,1
84,64,3,0xDC6AFE543D671CB8,0x4,363,0.176308539945,1,0x0,0x4,0x4,1,1
84,64,4,0xDC6AFE543D671CB8,0x4,399,0.160401002506,1,0xE,0xA,0xA,1,1
84,64,5,0xDC6AFE543D671CB8,0x4,412,0.155339805825,1,0xE,0xA,0xA,1,1
84,64,6,0xDC6AFE543D671CB8,0x4,386,0.165803108808,1,0x7,0x3,0x3,1,1
84,64,7,0xDC6AFE543D671CB8,0x4,345,0.185507246377,1,0x3,0x7,0x7,1,1
84,72,0,0xDC6AFE543D671CB8,0x4,470,0.153191489362,1,0x4,0x0,0x0,1,1
84,72,1,0xDC6AFE543D671CB8,0x4,461,0.156182212581,1,0xE,0xA,0xA,1,1
84,72,2,0xDC6AFE543D671CB8,0x4,488,0.147540983607,1,0x3,0x7,0x7,1,1
84,72,3,0xDC6AFE543D671CB8,0x4,397,0.181360201511,1,0x0,0x4,0x4,1,1
84,72,4,0xDC6AFE543D671CB8,0x4,464,0.155172413793,1,0xE,0xA,0xA,1,1
84,72,5,0xDC6AFE543D671CB8,0x4,484,0.148760330579,1,0xE,0xA,0xA,1,1
84,72,6,0xDC6AFE543D671CB8,0x4,436,0.165137614679,1,0x7,0x3,0x3,1,1
84,72,7,0xDC6AFE543D671CB8,0x4,396,0.181818181818,1,0x3,0x7,0x7,1,1
84,80,0,0xDC6AFE543D671CB8,0x4,517,0.154738878143,1,0x4,0x0,0x0,1,1
84,80,1,0xDC6AFE543D671CB8,0x4,507,0.157790927022,1,0xE,0xA,0xA,1,1
84,80,2,0xDC6AFE543D671CB8,0x4,532,0.150375939850,1,0x3,0x7,0x7,1,1
84,80,3,0xDC6AFE543D671CB8,0x4,446,0.179372197309,1,0x0,0x4,0x4,1,1
84,80,4,0xDC6AFE543D671CB8,0x4,516,0.155038759690,1,0xE,0xA,0xA,1,1
84,80,5,0xDC6AFE543D671CB8,0x4,533,0.150093808630,1,0xE,0xA,0xA,1,1
84,80,6,0xDC6AFE543D671CB8,0x4,483,0.165631469979,1,0x7,0x3,0x3,1,1
84,80,7,0xDC6AFE543D671CB8,0x4,445,0.179775280899,1,0x3,0x7,0x7,1,1
84,96,0,0xDC6AFE543D671CB8,0x4,613,0.156606851550,1,0x4,0x0,0x0,1,1
84,96,1,0xDC6AFE543D671CB8,0x4,598,0.160535117057,1,0xE,0xA,0xA,1,1
84,96,2,0xDC6AFE543D671CB8,0x4,652,0.147239263804,1,0x3,0x7,0x7,1,1
84,96,3,0xDC6AFE543D671CB8,0x4,532,0.180451127820,1,0x0,0x4,0x4,1,1
84,96,4,0xDC6AFE543D671CB8,0x4,579,0.165803108808,1,0xE,0xA,0xA,1,1
84,96,5,0xDC6AFE543D671CB8,0x4,639,0.150234741784,1,0xE,0xA,0xA,1,1
84,96,6,0xDC6AFE543D671CB8,0x4,608,0.157894736842,1,0x7,0x3,0x3,1,1
84,96,7,0xDC6AFE543D671CB8,0x4,537,0.178770949721,1,0x3,0x7,0x7,1,1
84,112,0,0xDC6AFE543D671CB8,0x4,727,0.154057771664,1,0x4,0x0,0x0,1,1
84,112,1,0xDC6AFE543D671CB8,0x4,716,0.156424581006,1,0xE,0xA,0xA,1,1
84,112,2,0xDC6AFE543D671CB8,0x4,762,0.146981627297,1,0x3,0x7,0x7,1,1
84,112,3,0xDC6AFE543D671CB8,0x4,597,0.187604690117,1,0x0,0x4,0x4,1,1
84,112,4,0xDC6AFE543D671CB8,0x4,677,0.165435745938,1,0xE,0xA,0xA,1,1
84,112,5,0xDC6AFE543D671CB8,0x4,766,0.146214099217,1,0xE,0xA,0xA,1,1
84,112,6,0xDC6AFE543D671CB8,0x4,707,0.158415841584,1,0x7,0x3,0x3,1,1
84,112,7,0xDC6AFE543D671CB8,0x4,661,0.169440242057,1,0x3,0x7,0x7,1,1
84,128,0,0xDC6AFE543D671CB8,0x4,823,0.155528554070,1,0x4,0x0,0x0,1,1
84,128,1,0xDC6AFE543D671CB8,0x4,819,0.156288156288,1,0xE,0xA,0xA,1,1
84,128,2,0xDC6AFE543D671CB8,0x4,838,0.152744630072,1,0x3,0x7,0x7,1,1
84,128,3,0xDC6AFE543D671CB8,0x4,685,0.186861313869,1,0x0,0x4,0x4,1,1
84,128,4,0xDC6AFE543D671CB8,0x4,811,0.157829839704,1,0xE,0xA,0xA,1,1
84,128,5,0xDC6AFE543D671CB8,0x4,837,0.152927120669,1,0xE,0xA,0xA,1,1
84,128,6,0xDC6AFE543D671CB8,0x4,828,0.154589371981,1,0x7,0x3,0x3,1,1
84,128,7,0xDC6AFE543D671CB8,0x4,733,0.174624829468,1,0x3,0x7,0x7,1,1
84,160,0,0xDC6AFE543D671CB8,0x4,1028,0.155642023346,1,0x4,0x0,0x0,1,1
84,160,1,0xDC6AFE543D671CB8,0x4,1048,0.152671755725,1,0xE,0xA,0xA,1,1
84,160,2,0xDC6AFE543D671CB8,0x4,1013,0.157946692991,1,0x3,0x7,0x7,1,1
84,160,3,0xDC6AFE543D671CB8,0x4,853,0.187573270809,1,0x0,0x4,0x4,1,1
84,160,4,0xDC6AFE543D671CB8,0x4,979,0.163432073544,1,0xE,0xA,0xA,1,1
84,160,5,0xDC6AFE543D671CB8,0x4,1025,0.156097560976,1,0xE,0xA,0xA,1,1
84,160,6,0xDC6AFE543D671CB8,0x4,1015,0.157635467980,1,0x7,0x3,0x3,1,1
84,160,7,0xDC6AFE543D671CB8,0x4,954,0.167714884696,1,0x3,0x7,0x7,1,1
84,192,0,0xDC6AFE543D671CB8,0x4,1245,0.154216867470,1,0x4,0x0,0x0,1,1
84,192,1,0xDC6AFE543D671CB8,0x4,1250,0.153600000000,1,0xE,0xA,0xA,1,1
84,192,2,0xDC6AFE543D671CB8,0x4,1210,0.158677685950,1,0x3,0x7,0x7,1,1
84,192,3,0xDC6AFE543D671CB8,0x4,1064,0.180451127820,1,0x0,0x4,0x4,1,1
84,192,4,0xDC6AFE543D671CB8,0x4,1111,0.172817281728,1,0xE,0xA,0xA,1,1
84,192,5,0xDC6AFE543D671CB8,0x4,1232,0.155844155844,1,0xE,0xA,0xA,1,1
84,192,6,0xDC6AFE543D671CB8,0x4,1223,0.156991005724,1,0x7,0x3,0x3,1,1
84,192,7,0xDC6AFE543D671CB8,0x4,1190,0.161344537815,1,0x3,0x7,0x7,1,1
84,256,0,0xDC6AFE543D671CB8,0x4,1579,0.162127929069,1,0x4,0x0,0x0,1,1
84,256,1,0xDC6AFE543D671CB8,0x4,1674,0.152927120669,1,0xE,0xA,0xA,1,1
84,256,2,0xDC6AFE543D671CB8,0x4,1588,0.161209068010,1,0x3,0x7,0x7,1,1
84,256,3,0xDC6AFE543D671CB8,0x4,1526,0.167758846658,1,0x0,0x4,0x4,1,1
84,256,4,0xDC6AFE543D671CB8,0x4,1547,0.165481577246,1,0xE,0xA,0xA,1,1
84,256,5,0xDC6AFE543D671CB8,0x4,1619,0.158122297715,1,0xE,0xA,0xA,1,1
84,256,6,0xDC6AFE543D671CB8,0x4,1570,0.163057324841,1,0x7,0x3,0x3,1,1
84,256,7,0xDC6AFE543D671CB8,0x4,1586,0.161412358134,1,0x3,0x7,0x7,1,1
85,16,0,0xCE170322222CAAA7,0x5,84,0.190476190476,7,NA,0x0,0xC,0,0
85,16,1,0xCE170322222CAAA7,0x5,67,0.238805970149,0,NA,0x0,0x3,0,0
85,16,2,0xCE170322222CAAA7,0x5,60,0.266666666667,0,NA,0x0,0x4,0,0
85,16,3,0xCE170322222CAAA7,0x5,89,0.179775280899,0,NA,0x0,0x2,0,0
85,16,4,0xCE170322222CAAA7,0x5,101,0.158415841584,0,NA,0x0,0x9,0,0
85,16,5,0xCE170322222CAAA7,0x5,113,0.141592920354,0,NA,0x0,0xD,0,0
85,16,6,0xCE170322222CAAA7,0x5,76,0.210526315789,0,NA,0x0,0x0,0,0
85,16,7,0xCE170322222CAAA7,0x5,155,0.103225806452,0,NA,0x0,0x4,0,0
85,24,0,0xCE170322222CAAA7,0x5,117,0.205128205128,5,NA,0x0,0xC,0,0
85,24,1,0xCE170322222CAAA7,0x5,122,0.196721311475,0,NA,0x0,0x3,0,0
85,24,2,0xCE170322222CAAA7,0x5,94,0.255319148936,0,NA,0x0,0x4,0,0
85,24,3,0xCE170322222CAAA7,0x5,140,0.171428571429,0,NA,0x0,0x2,0,0
85,24,4,0xCE170322222CAAA7,0x5,150,0.160000000000,0,NA,0x0,0x9,0,0
85,24,5,0xCE170322222CAAA7,0x5,169,0.142011834320,0,NA,0x0,0xD,0,0
85,24,6,0xCE170322222CAAA7,0x5,124,0.193548387097,0,NA,0x0,0x0,0,0
85,24,7,0xCE170322222CAAA7,0x5,210,0.114285714286,0,NA,0x0,0x4,0,0
85,32,0,0xCE170322222CAAA7,0x5,161,0.198757763975,3,NA,0x0,0xC,0,0
85,32,1,0xCE170322222CAAA7,0x5,183,0.174863387978,0,NA,0x0,0x3,0,0
85,32,2,0xCE170322222CAAA7,0x5,179,0.178770949721,0,NA,0x0,0x4,0,0
85,32,3,0xCE170322222CAAA7,0x5,196,0.163265306122,0,NA,0x0,0x2,0,0
85,32,4,0xCE170322222CAAA7,0x5,197,0.162436548223,0,NA,0x0,0x9,0,0
85,32,5,0xCE170322222CAAA7,0x5,199,0.160804020101,0,NA,0x0,0xD,0,0
85,32,6,0xCE170322222CAAA7,0x5,186,0.172043010753,0,NA,0x0,0x0,0,0
85,32,7,0xCE170322222CAAA7,0x5,244,0.131147540984,0,NA,0x0,0x4,0,0
85,40,0,0xCE170322222CAAA7,0x5,200,0.200000000000,2,NA,0x0,0xC,0,0
85,40,1,0xCE170322222CAAA7,0x5,223,0.179372197309,0,NA,0x0,0x3,0,0
85,40,2,0xCE170322222CAAA7,0x5,211,0.189573459716,0,NA,0x0,0x4,0,0
85,40,3,0xCE170322222CAAA7,0x5,244,0.163934426230,0,NA,0x0,0x2,0,0
85,40,4,0xCE170322222CAAA7,0x5,231,0.173160173160,0,NA,0x0,0x9,0,0
85,40,5,0xCE170322222CAAA7,0x5,259,0.154440154440,0,NA,0x0,0xD,0,0
85,40,6,0xCE170322222CAAA7,0x5,244,0.163934426230,0,NA,0x0,0x0,0,0
85,40,7,0xCE170322222CAAA7,0x5,319,0.125391849530,0,NA,0x0,0x4,0,0
85,48,0,0xCE170322222CAAA7,0x5,239,0.200836820084,1,0x9,0xC,0xC,1,1
85,48,1,0xCE170322222CAAA7,0x5,283,0.169611307420,3,NA,0x0,0x3,0,0
85,48,2,0xCE170322222CAAA7,0x5,255,0.188235294118,0,NA,0x0,0x4,0,0
85,48,3,0xCE170322222CAAA7,0x5,300,0.160000000000,0,NA,0x0,0x2,0,0
85,48,4,0xCE170322222CAAA7,0x5,260,0.184615384615,0,NA,0x0,0x9,0,0
85,48,5,0xCE170322222CAAA7,0x5,339,0.141592920354,0,NA,0x0,0xD,0,0
85,48,6,0xCE170322222CAAA7,0x5,288,0.166666666667,0,NA,0x0,0x0,0,0
85,48,7,0xCE170322222CAAA7,0x5,372,0.129032258065,0,NA,0x0,0x4,0,0
85,56,0,0xCE170322222CAAA7,0x5,277,0.202166064982,1,0x9,0xC,0xC,1,1
85,56,1,0xCE170322222CAAA7,0x5,324,0.172839506173,2,NA,0x0,0x3,0,0
85,56,2,0xCE170322222CAAA7,0x5,283,0.197879858657,0,NA,0x0,0x4,0,0
85,56,3,0xCE170322222CAAA7,0x5,332,0.168674698795,0,NA,0x0,0x2,0,0
85,56,4,0xCE170322222CAAA7,0x5,299,0.187290969900,0,NA,0x0,0x9,0,0
85,56,5,0xCE170322222CAAA7,0x5,399,0.140350877193,0,NA,0x0,0xD,0,0
85,56,6,0xCE170322222CAAA7,0x5,369,0.151761517615,0,NA,0x0,0x0,0,0
85,56,7,0xCE170322222CAAA7,0x5,396,0.141414141414,0,NA,0x0,0x4,0,0
85,64,0,0xCE170322222CAAA7,0x5,318,0.201257861635,1,0x9,0xC,0xC,1,1
85,64,1,0xCE170322222CAAA7,0x5,355,0.180281690141,2,NA,0x0,0x3,0,0
85,64,2,0xCE170322222CAAA7,0x5,339,0.188790560472,0,NA,0x0,0x4,0,0
85,64,3,0xCE170322222CAAA7,0x5,370,0.172972972973,0,NA,0x0,0x2,0,0
85,64,4,0xCE170322222CAAA7,0x5,333,0.192192192192,0,NA,0x0,0x9,0,0
85,64,5,0xCE170322222CAAA7,0x5,451,0.141906873614,0,NA,0x0,0xD,0,0
85,64,6,0xCE170322222CAAA7,0x5,413,0.154963680387,0,NA,0x0,0x0,0,0
85,64,7,0xCE170322222CAAA7,0x5,440,0.145454545455,0,NA,0x0,0x4,0,0
85,72,0,0xCE170322222CAAA7,0x5,345,0.208695652174,1,0x9,0xC,0xC,1,1
85,72,1,0xCE170322222CAAA7,0x5,420,0.171428571429,1,0x6,0x3,0x3,1,1
85,72,2,0xCE170322222CAAA7,0x5,375,0.192000000000,1,0x1,0x4,0x4,1,1
85,72,3,0xCE170322222CAAA7,0x5,444,0.162162162162,1,0x7,0x2,0x2,1,1
85,72,4,0xCE170322222CAAA7,0x5,365,0.197260273973,1,0xC,0x9,0x9,1,1
85,72,5,0xCE170322222CAAA7,0x5,478,0.150627615063,2,NA,0x0,0xD,0,0
85,72,6,0xCE170322222CAAA7,0x5,433,0.166281755196,0,NA,0x0,0x0,0,0
85,72,7,0xCE170322222CAAA7,0x5,501,0.143712574850,0,NA,0x0,0x4,0,0
85,80,0,0xCE170322222CAAA7,0x5,457,0.175054704595,1,0x9,0xC,0xC,1,1
85,80,1,0xCE170322222CAAA7,0x5,441,0.181405895692,1,0x6,0x3,0x3,1,1
85,80,2,0xCE170322222CAAA7,0x5,418,0.191387559809,1,0x1,0x4,0x4,1,1
85,80,3,0xCE170322222CAAA7,0x5,504,0.158730158730,1,0x7,0x2,0x2,1,1
85,80,4,0xCE170322222CAAA7,0x5,458,0.174672489083,1,0xC,0x9,0x9,1,1
85,80,5,0xCE170322222CAAA7,0x5,526,0.152091254753,2,NA,0x0,0xD,0,0
85,80,6,0xCE170322222CAAA7,0x5,458,0.174672489083,0,NA,0x0,0x0,0,0
85,80,7,0xCE170322222CAAA7,0x5,523,0.152963671128,0,NA,0x0,0x4,0,0
85,96,0,0xCE170322222CAAA7,0x5,553,0.173598553345,1,0x9,0xC,0xC,1,1
85,96,1,0xCE170322222CAAA7,0x5,511,0.187866927593,1,0x6,0x3,0x3,1,1
85,96,2,0xCE170322222CAAA7,0x5,524,0.183206106870,1,0x1,0x4,0x4,1,1
85,96,3,0xCE170322222CAAA7,0x5,582,0.164948453608,1,0x7,0x2,0x2,1,1
85,96,4,0xCE170322222CAAA7,0x5,559,0.171735241503,1,0xC,0x9,0x9,1,1
85,96,5,0xCE170322222CAAA7,0x5,625,0.153600000000,2,NA,0x0,0xD,0,0
85,96,6,0xCE170322222CAAA7,0x5,559,0.171735241503,0,NA,0x0,0x0,0,0
85,96,7,0xCE170322222CAAA7,0x5,610,0.157377049180,0,NA,0x0,0x4,0,0
85,112,0,0xCE170322222CAAA7,0x5,675,0.165925925926,1,0x9,0xC,0xC,1,1
85,112,1,0xCE170322222CAAA7,0x5,602,0.186046511628,1,0x6,0x3,0x3,1,1
85,112,2,0xCE170322222CAAA7,0x5,612,0.183006535948,1,0x1,0x4,0x4,1,1
85,112,3,0xCE170322222CAAA7,0x5,681,0.164464023495,1,0x7,0x2,0x2,1,1
85,112,4,0xCE170322222CAAA7,0x5,641,0.174726989080,1,0xC,0x9,0x9,1,1
85,112,5,0xCE170322222CAAA7,0x5,690,0.162318840580,2,NA,0x0,0xD,0,0
85,112,6,0xCE170322222CAAA7,0x5,667,0.167916041979,0,NA,0x0,0x0,0,0
85,112,7,0xCE170322222CAAA7,0x5,708,0.158192090395,0,NA,0x0,0x4,0,0
85,128,0,0xCE170322222CAAA7,0x5,809,0.158220024722,1,0x9,0xC,0xC,1,1
85,128,1,0xCE170322222CAAA7,0x5,686,0.186588921283,1,0x6,0x3,0x3,1,1
85,128,2,0xCE170322222CAAA7,0x5,698,0.183381088825,1,0x1,0x4,0x4,1,1
85,128,3,0xCE170322222CAAA7,0x5,781,0.163892445583,1,0x7,0x2,0x2,1,1
85,128,4,0xCE170322222CAAA7,0x5,763,0.167758846658,1,0xC,0x9,0x9,1,1
85,128,5,0xCE170322222CAAA7,0x5,826,0.154963680387,1,0x8,0xD,0xD,1,1
85,128,6,0xCE170322222CAAA7,0x5,727,0.176066024759,1,0x5,0x0,0x0,1,1
85,128,7,0xCE170322222CAAA7,0x5,810,0.158024691358,1,0x1,0x4,0x4,1,1
85,160,0,0xCE170322222CAAA7,0x5,973,0.164439876670,1,0x9,0xC,0xC,1,1
85,160,1,0xCE170322222CAAA7,0x5,831,0.192539109507,1,0x6,0x3,0x3,1,1
85,160,2,0xCE170322222CAAA7,0x5,877,0.182440136830,1,0x1,0x4,0x4,1,1
85,160,3,0xCE170322222CAAA7,0x5,977,0.163766632549,1,0x7,0x2,0x2,1,1
85,160,4,0xCE170322222CAAA7,0x5,985,0.162436548223,1,0xC,0x9,0x9,1,1
85,160,5,0xCE170322222CAAA7,0x5,1021,0.156709108717,1,0x8,0xD,0xD,1,1
85,160,6,0xCE170322222CAAA7,0x5,873,0.183276059565,1,0x5,0x0,0x0,1,1
85,160,7,0xCE170322222CAAA7,0x5,1019,0.157016683023,1,0x1,0x4,0x4,1,1
85,192,0,0xCE170322222CAAA7,0x5,1230,0.156097560976,1,0x9,0xC,0xC,1,1
85,192,1,0xCE170322222CAAA7,0x5,1045,0.183732057416,1,0x6,0x3,0x3,1,1
85,192,2,0xCE170322222CAAA7,0x5,1080,0.177777777778,1,0x1,0x4,0x4,1,1
85,192,3,0xCE170322222CAAA7,0x5,1171,0.163962425278,1,0x7,0x2,0x2,1,1
85,192,4,0xCE170322222CAAA7,0x5,1164,0.164948453608,1,0xC,0x9,0x9,1,1
85,192,5,0xCE170322222CAAA7,0x5,1254,0.153110047847,1,0x8,0xD,0xD,1,1
85,192,6,0xCE170322222CAAA7,0x5,1086,0.176795580110,1,0x5,0x0,0x0,1,1
85,192,7,0xCE170322222CAAA7,0x5,1182,0.162436548223,1,0x1,0x4,0x4,1,1
85,256,0,0xCE170322222CAAA7,0x5,1708,0.149882903981,1,0x9,0xC,0xC,1,1
85,256,1,0xCE170322222CAAA7,0x5,1382,0.185238784370,1,0x6,0x3,0x3,1,1
85,256,2,0xCE170322222CAAA7,0x5,1401,0.182726623840,1,0x1,0x4,0x4,1,1
85,256,3,0xCE170322222CAAA7,0x5,1506,0.169986719788,1,0x7,0x2,0x2,1,1
85,256,4,0xCE170322222CAAA7,0x5,1609,0.159105034183,1,0xC,0x9,0x9,1,1
85,256,5,0xCE170322222CAAA7,0x5,1606,0.159402241594,1,0x8,0xD,0xD,1,1
85,256,6,0xCE170322222CAAA7,0x5,1413,0.181174805379,1,0x5,0x0,0x0,1,1
85,256,7,0xCE170322222CAAA7,0x5,1574,0.162642947903,1,0x1,0x4,0x4,1,1
86,16,0,0xC9651FD1C726C8ED,0x0,122,0.131147540984,5,NA,0x0,0x8,0,0
86,16,1,0xC9651FD1C726C8ED,0x0,97,0.164948453608,0,NA,0x0,0x8,0,0
86,16,2,0xC9651FD1C726C8ED,0x0,103,0.155339805825,0,NA,0x0,0xC,0,0
86,16,3,0xC9651FD1C726C8ED,0x0,65,0.246153846154,0,NA,0x0,0x4,0,0
86,16,4,0xC9651FD1C726C8ED,0x0,91,0.175824175824,0,NA,0x0,0x4,0,0
86,16,5,0xC9651FD1C726C8ED,0x0,105,0.152380952381,0,NA,0x0,0xA,0,0
86,16,6,0xC9651FD1C726C8ED,0x0,118,0.135593220339,0,NA,0x0,0x5,0,0
86,16,7,0xC9651FD1C726C8ED,0x0,127,0.125984251969,0,NA,0x0,0xF,0,0
86,24,0,0xC9651FD1C726C8ED,0x0,167,0.143712574850,5,NA,0x0,0x8,0,0
86,24,1,0xC9651FD1C726C8ED,0x0,133,0.180451127820,0,NA,0x0,0x8,0,0
86,24,2,0xC9651FD1C726C8ED,0x0,157,0.152866242038,0,NA,0x0,0xC,0,0
86,24,3,0xC9651FD1C726C8ED,0x0,134,0.179104477612,0,NA,0x0,0x4,0,0
86,24,4,0xC9651FD1C726C8ED,0x0,154,0.155844155844,0,NA,0x0,0x4,0,0
86,24,5,0xC9651FD1C726C8ED,0x0,131,0.183206106870,0,NA,0x0,0xA,0,0
86,24,6,0xC9651FD1C726C8ED,0x0,162,0.148148148148,0,NA,0x0,0x5,0,0
86,24,7,0xC9651FD1C726C8ED,0x0,151,0.158940397351,0,NA,0x0,0xF,0,0
86,32,0,0xC9651FD1C726C8ED,0x0,253,0.126482213439,4,NA,0x0,0x8,0,0
86,32,1,0xC9651FD1C726C8ED,0x0,171,0.187134502924,0,NA,0x0,0x8,0,0
86,32,2,0xC9651FD1C726C8ED,0x0,186,0.172043010753,0,NA,0x0,0xC,0,0
86,32,3,0xC9651FD1C726C8ED,0x0,184,0.173913043478,0,NA,0x0,0x4,0,0
86,32,4,0xC9651FD1C726C8ED,0x0,225,0.142222222222,0,NA,0x0,0x4,0,0
86,32,5,0xC9651FD1C726C8ED,0x0,168,0.190476190476,0,NA,0x0,0xA,0,0
86,32,6,0xC9651FD1C726C8ED,0x0,184,0.173913043478,0,NA,0x0,0x5,0,0
86,32,7,0xC9651FD1C726C8ED,0x0,200,0.160000000000,0,NA,0x0,0xF,0,0
86,40,0,0xC9651FD1C726C8ED,0x0,283,0.141342756184,3,NA,0x0,0x8,0,0
86,40,1,0xC9651FD1C726C8ED,0x0,210,0.190476190476,0,NA,0x0,0x8,0,0
86,40,2,0xC9651FD1C726C8ED,0x0,237,0.168776371308,0,NA,0x0,0xC,0,0
86,40,3,0xC9651FD1C726C8ED,0x0,226,0.176991150442,0,NA,0x0,0x4,0,0
86,40,4,0xC9651FD1C726C8ED,0x0,285,0.140350877193,0,NA,0x0,0x4,0,0
86,40,5,0xC9651FD1C726C8ED,0x0,275,0.145454545455,0,NA,0x0,0xA,0,0
86,40,6,0xC9651FD1C726C8ED,0x0,231,0.173160173160,0,NA,0x0,0x5,0,0
86,40,7,0xC9651FD1C726C8ED,0x0,279,0.143369175627,0,NA,0x0,0xF,0,0
86,48,0,0xC9651FD1C726C8ED,0x0,355,0.135211267606,3,NA,0x0,0x8,0,0
86,48,1,0xC9651FD1C726C8ED,0x0,265,0.181132075472,0,NA,0x0,0x8,0,0
86,48,2,0xC9651FD1C726C8ED,0x0,262,0.183206106870,0,NA,0x0,0xC,0,0
86,48,3,0xC9651FD1C726C8ED,0x0,270,0.177777777778,0,NA,0x0,0x4,0,0
86,48,4,0xC9651FD1C726C8ED,0x0,310,0.154838709677,0,NA,0x0,0x4,0,0
86,48,5,0xC9651FD1C726C8ED,0x0,353,0.135977337110,0,NA,0x0,0xA,0,0
86,48,6,0xC9651FD1C726C8ED,0x0,264,0.181818181818,0,NA,0x0,0x5,0,0
86,48,7,0xC9651FD1C726C8ED,0x0,320,0.150000000000,0,NA,0x0,0xF,0,0
86,56,0,0xC9651FD1C726C8ED,0x0,419,0.133651551313,2,NA,0x0,0x8,0,0
86,56,1,0xC9651FD1C726C8ED,0x0,310,0.180645161290,0,NA,0x0,0x8,0,0
86,56,2,0xC9651FD1C726C8ED,0x0,302,0.185430463576,0,NA,0x0,0xC,0,0
86,56,3,0xC9651FD1C726C8ED,0x0,310,0.180645161290,0,NA,0x0,0x4,0,0
86,56,4,0xC9651FD1C726C8ED,0x0,350,0.160000000000,0,NA,0x0,0x4,0,0
86,56,5,0xC9651FD1C726C8ED,0x0,394,0.142131979695,0,NA,0x0,0xA,0,0
86,56,6,0xC9651FD1C726C8ED,0x0,304,0.184210526316,0,NA,0x0,0x5,0,0
86,56,7,0xC9651FD1C726C8ED,0x0,396,0.141414141414,0,NA,0x0,0xF,0,0
86,64,0,0xC9651FD1C726C8ED,0x0,465,0.137634408602,1,0x8,0x8,0x8,1,1
86,64,1,0xC9651FD1C726C8ED,0x0,355,0.180281690141,1,0x8,0x8,0x8,1,1
86,64,2,0xC9651FD1C726C8ED,0x0,349,0.183381088825,1,0xC,0xC,0xC,1,1
86,64,3,0xC9651FD1C726C8ED,0x0,356,0.179775280899,1,0x4,0x4,0x4,1,1
86,64,4,0xC9651FD1C726C8ED,0x0,412,0.155339805825,1,0x4,0x4,0x4,1,1
86,64,5,0xC9651FD1C726C8ED,0x0,459,0.139433551198,1,0xA,0xA,0xA,1,1
86,64,6,0xC9651FD1C726C8ED,0x0,344,0.186046511628,2,NA,0x0,0x5,0,0
86,64,7,0xC9651FD1C726C8ED,0x0,453,0.141280353201,0,NA,0x0,0xF,0,0
86,72,0,0xC9651FD1C726C8ED,0x0,507,0.142011834320,1,0x8,0x8,0x8,1,1
86,72,1,0xC9651FD1C726C8ED,0x0,391,0.184143222506,1,0x8,0x8,0x8,1,1
86,72,2,0xC9651FD1C726C8ED,0x0,417,0.172661870504,1,0xC,0xC,0xC,1,1
86,72,3,0xC9651FD1C726C8ED,0x0,407,0.176904176904,1,0x4,0x4,0x4,1,1
86,72,4,0xC9651FD1C726C8ED,0x0,488,0.147540983607,1,0x4,0x4,0x4,1,1
86,72,5,0xC9651FD1C726C8ED,0x0,524,0.137404580153,1,0xA,0xA,0xA,1,1
86,72,6,0xC9651FD1C726C8ED,0x0,371,0.194070080863,2,NA,0x0,0x5,0,0
86,72,7,0xC9651FD1C726C8ED,0x0,512,0.140625000000,0,NA,0x0,0xF,0,0
86,80,0,0xC9651FD1C726C8ED,0x0,589,0.135823429542,1,0x8,0x8,0x8,1,1
86,80,1,0xC9651FD1C726C8ED,0x0,429,0.186480186480,1,0x8,0x8,0x8,1,1
86,80,2,0xC9651FD1C726C8ED,0x0,463,0.172786177106,1,0xC,0xC,0xC,1,1
86,80,3,0xC9651FD1C726C8ED,0x0,465,0.172043010753,1,0x4,0x4,0x4,1,1
86,80,4,0xC9651FD1C726C8ED,0x0,542,0.147601476015,1,0x4,0x4,0x4,1,1
86,80,5,0xC9651FD1C726C8ED,0x0,562,0.142348754448,1,0xA,0xA,0xA,1,1
86,80,6,0xC9651FD1C726C8ED,0x0,405,0.197530864198,1,0x5,0x5,0x5,1,1
86,80,7,0xC9651FD1C726C8ED,0x0,601,0.133111480865,1,0xF,0xF,0xF,1,1
86,96,0,0xC9651FD1C726C8ED,0x0,666,0.144144144144,1,0x8,0x8,0x8,1,1
86,96,1,0xC9651FD1C726C8ED,0x0,493,0.194726166329,1,0x8,0x8,0x8,1,1
86,96,2,0xC9651FD1C726C8ED,0x0,595,0.161344537815,1,0xC,0xC,0xC,1,1
86,96,3,0xC9651FD1C726C8ED,0x0,578,0.166089965398,1,0x4,0x4,0x4,1,1
86,96,4,0xC9651FD1C726C8ED,0x0,637,0.150706436421,1,0x4,0x4,0x4,1,1
86,96,5,0xC9651FD1C726C8ED,0x0,643,0.149300155521,1,0xA,0xA,0xA,1,1
86,96,6,0xC9651FD1C726C8ED,0x0,508,0.188976377953,1,0x5,0x5,0x5,1,1
86,96,7,0xC9651FD1C726C8ED,0x0,709,0.135401974612,1,0xF,0xF,0xF,1,1
86,112,0,0xC9651FD1C726C8ED,0x0,780,0.143589743590,1,0x8,0x8,0x8,1,1
86,112,1,0xC9651FD1C726C8ED,0x0,605,0.185123966942,1,0x8,0x8,0x8,1,1
86,112,2,0xC9651FD1C726C8ED,0x0,701,0.159771754636,1,0xC,0xC,0xC,1,1
86,112,3,0xC9651FD1C726C8ED,0x0,656,0.170731707317,1,0x4,0x4,0x4,1,1
86,112,4,0xC9651FD1C726C8ED,0x0,778,0.143958868895,1,0x4,0x4,0x4,1,1
86,112,5,0xC9651FD1C726C8ED,0x0,763,0.146788990826,1,0xA,0xA,0xA,1,1
86,112,6,0xC9651FD1C726C8ED,0x0,567,0.197530864198,1,0x5,0x5,0x5,1,1
86,112,7,0xC9651FD1C726C8ED,0x0,832,0.134615384615,1,0xF,0xF,0xF,1,1
86,128,0,0xC9651FD1C726C8ED,0x0,861,0.148664343786,1,0x8,0x8,0x8,1,1
86,128,1,0xC9651FD1C726C8ED,0x0,698,0.183381088825,1,0x8,0x8,0x8,1,1
86,128,2,0xC9651FD1C726C8ED,0x0,806,0.158808933002,1,0xC,0xC,0xC,1,1
86,128,3,0xC9651FD1C726C8ED,0x0,747,0.171352074967,1,0x4,0x4,0x4,1,1
86,128,4,0xC9651FD1C726C8ED,0x0,880,0.145454545455,1,0x4,0x4,0x4,1,1
86,128,5,0xC9651FD1C726C8ED,0x0,878,0.145785876993,1,0xA,0xA,0xA,1,1
86,128,6,0xC9651FD1C726C8ED,0x0,668,0.191616766467,1,0x5,0x5,0x5,1,1
86,128,7,0xC9651FD1C726C8ED,0x0,931,0.137486573577,1,0xF,0xF,0xF,1,1
86,160,0,0xC9651FD1C726C8ED,0x0,1021,0.156709108717,1,0x8,0x8,0x8,1,1
86,160,1,0xC9651FD1C726C8ED,0x0,851,0.188014101058,1,0x8,0x8,0x8,1,1
86,160,2,0xC9651FD1C726C8ED,0x0,1066,0.150093808630,1,0xC,0xC,0xC,1,1
86,160,3,0xC9651FD1C726C8ED,0x0,992,0.161290322581,1,0x4,0x4,0x4,1,1
86,160,4,0xC9651FD1C726C8ED,0x0,1006,0.159045725646,1,0x4,0x4,0x4,1,1
86,160,5,0xC9651FD1C726C8ED,0x0,1040,0.153846153846,1,0xA,0xA,0xA,1,1
86,160,6,0xC9651FD1C726C8ED,0x0,945,0.169312169312,1,0x5,0x5,0x5,1,1
86,160,7,0xC9651FD1C726C8ED,0x0,1106,0.144665461121,1,0xF,0xF,0xF,1,1
86,192,0,0xC9651FD1C726C8ED,0x0,1248,0.153846153846,1,0x8,0x8,0x8,1,1
86,192,1,0xC9651FD1C726C8ED,0x0,1131,0.169761273210,1,0x8,0x8,0x8,1,1
86,192,2,0xC9651FD1C726C8ED,0x0,1259,0.152501985703,1,0xC,0xC,0xC,1,1
86,192,3,0xC9651FD1C726C8ED,0x0,1148,0.167247386760,1,0x4,0x4,0x4,1,1
86,192,4,0xC9651FD1C726C8ED,0x0,1192,0.161073825503,1,0x4,0x4,0x4,1,1
86,192,5,0xC9651FD1C726C8ED,0x0,1328,0.144578313253,1,0xA,0xA,0xA,1,1
86,192,6,0xC9651FD1C726C8ED,0x0,1154,0.166377816291,1,0x5,0x5,0x5,1,1
86,192,7,0xC9651FD1C726C8ED,0x0,1253,0.153232242618,1,0xF,0xF,0xF,1,1
86,256,0,0xC9651FD1C726C8ED,0x0,1636,0.156479217604,1,0x8,0x8,0x8,1,1
86,256,1,0xC9651FD1C726C8ED,0x0,1572,0.162849872774,1,0x8,0x8,0x8,1,1
86,256,2,0xC9651FD1C726C8ED,0x0,1600,0.160000000000,1,0xC,0xC,0xC,1,1
86,256,3,0xC9651FD1C726C8ED,0x0,1464,0.174863387978,1,0x4,0x4,0x4,1,1
86,256,4,0xC9651FD1C726C8ED,0x0,1687,0.151748666271,1,0x4,0x4,0x4,1,1
86,256,5,0xC9651FD1C726C8ED,0x0,1669,0.153385260635,1,0xA,0xA,0xA,1,1
86,256,6,0xC9651FD1C726C8ED,0x0,1642,0.155907429963,1,0x5,0x5,0x5,1,1
86,256,7,0xC9651FD1C726C8ED,0x0,1581,0.161922833650,1,0xF,0xF,0xF,1,1
87,16,0,0xE2FF03D05679B1EC,0x2,101,0.158415841584,6,NA,0x0,0x9,0,0
87,16,1,0xE2FF03D05679B1EC,0x2,76,0.210526315789,0,NA,0x0,0x1,0,0
87,16,2,0xE2FF03D05679B1EC,0x2,89,0.179775280899,0,NA,0x0,0x0,0,0
87,16,3,0xE2FF03D05679B1EC,0x2,115,0.139130434783,0,NA,0x0,0xA,0,0
87,16,4,0xE2FF03D05679B1EC,0x2,154,0.103896103896,0,NA,0x0,0x0,0,0
87,16,5,0xE2FF03D05679B1EC,0x2,112,0.142857142857,0,NA,0x0,0xB,0,0
87,16,6,0xE2FF03D05679B1EC,0x2,79,0.202531645570,0,NA,0x0,0x1,0,0
87,16,7,0xE2FF03D05679B1EC,0x2,136,0.117647058824,0,NA,0x0,0x2,0,0
87,24,0,0xE2FF03D05679B1EC,0x2,150,0.160000000000,4,NA,0x0,0x9,0,0
87,24,1,0xE2FF03D05679B1EC,0x2,111,0.216216216216,0,NA,0x0,0x1,0,0
87,24,2,0xE2FF03D05679B1EC,0x2,151,0.158940397351,0,NA,0x0,0x0,0,0
87,24,3,0xE2FF03D05679B1EC,0x2,164,0.146341463415,0,NA,0x0,0xA,0,0
87,24,4,0xE2FF03D05679B1EC,0x2,204,0.117647058824,0,NA,0x0,0x0,0,0
87,24,5,0xE2FF03D05679B1EC,0x2,181,0.132596685083,0,NA,0x0,0xB,0,0
87,24,6,0xE2FF03D05679B1EC,0x2,155,0.154838709677,0,NA,0x0,0x1,0,0
87,24,7,0xE2FF03D05679B1EC,0x2,183,0.131147540984,0,NA,0x0,0x2,0,0
87,32,0,0xE2FF03D05679B1EC,0x2,187,0.171122994652,2,NA,0x0,0x9,0,0
87,32,1,0xE2FF03D05679B1EC,0x2,148,0.216216216216,0,NA,0x0,0x1,0,0
87,32,2,0xE2FF03D05679B1EC,0x2,198,0.161616161616,0,NA,0x0,0x0,0,0
87,32,3,0xE2FF03D05679B1EC,0x2,207,0.154589371981,0,NA,0x0,0xA,0,0
87,32,4,0xE2FF03D05679B1EC,0x2,223,0.143497757848,0,NA,0x0,0x0,0,0
87,32,5,0xE2FF03D05679B1EC,0x2,234,0.136752136752,0,NA,0x0,0xB,0,0
87,32,6,0xE2FF03D05679B1EC,0x2,184,0.173913043478,0,NA,0x0,0x1,0,0
87,32,7,0xE2FF03D05679B1EC,0x2,209,0.153110047847,0,NA,0x0,0x2,0,0
87,40,0,0xE2FF03D05679B1EC,0x2,252,0.158730158730,2,NA,0x0,0x9,0,0
87,40,1,0xE2FF03D05679B1EC,0x2,207,0.193236714976,0,NA,0x0,0x1,0,0
87,40,2,0xE2FF03D05679B1EC,0x2,243,0.164609053498,0,NA,0x0,0x0,0,0
87,40,3,0xE2FF03D05679B1EC,0x2,239,0.167364016736,0,NA,0x0,0xA,0,0
87,40,4,0xE2FF03D05679B1EC,0x2,316,0.126582278481,0,NA,0x0,0x0,0,0
87,40,5,0xE2FF03D05679B1EC,0x2,274,0.145985401460,0,NA,0x0,0xB,0,0
87,40,6,0xE2FF03D05679B1EC,0x2,238,0.168067226891,0,NA,0x0,0x1,0,0
87,40,7,0xE2FF03D05679B1EC,0x2,239,0.167364016736,0,NA,0x0,0x2,0,0
87,48,0,0xE2FF03D05679B1EC,0x2,313,0.153354632588,2,NA,0x0,0x9,0,0
87,48,1,0xE2FF03D05679B1EC,0x2,242,0.198347107438,0,NA,0x0,0x1,0,0
87,48,2,0xE2FF03D05679B1EC,0x2,312,0.153846153846,0,NA,0x0,0x0,0,0
87,48,3,0xE2FF03D05679B1EC,0x2,323,0.148606811146,0,NA,0x0,0xA,0,0
87,48,4,0xE2FF03D05679B1EC,0x2,366,0.131147540984,0,NA,0x0,0x0,0,0
87,48,5,0xE2FF03D05679B1EC,0x2,331,0.145015105740,0,NA,0x0,0xB,0,0
87,48,6,0xE2FF03D05679B1EC,0x2,313,0.153354632588,0,NA,0x0,0x1,0,0
87,48,7,0xE2FF03D05679B1EC,0x2,282,0.170212765957,0,NA,0x0,0x2,0,0
87,56,0,0xE2FF03D05679B1EC,0x2,366,0.153005464481,1,0xB,0x9,0x9,1,1
87,56,1,0xE2FF03D05679B1EC,0x2,279,0.200716845878,2,NA,0x0,0x1,0,0
87,56,2,0xE2FF03D05679B1EC,0x2,379,0.147757255937,0,NA,0x0,0x0,0,0
87,56,3,0xE2FF03D05679B1EC,0x2,365,0.153424657534,0,NA,0x0,0xA,0,0
87,56,4,0xE2FF03D05679B1EC,0x2,414,0.135265700483,0,NA,0x0,0x0,0,0
87,56,5,0xE2FF03D05679B1EC,0x2,385,0.145454545455,0,NA,0x0,0xB,0,0
87,56,6,0xE2FF03D05679B1EC,0x2,367,0.152588555858,0,NA,0x0,0x1,0,0
87,56,7,0xE2FF03D05679B1EC,0x2,313,0.178913738019,0,NA,0x0,0x2,0,0
87,64,0,0xE2FF03D05679B1EC,0x2,404,0.158415841584,1,0xB,0x9,0x9,1,1
87,64,1,0xE2FF03D05679B1EC,0x2,319,0.200626959248,1,0x3,0x1,0x1,1,1
87,64,2,0xE2FF03D05679B1EC,0x2,432,0.148148148148,2,NA,0x0,0x0,0,0
87,64,3,0xE2FF03D05679B1EC,0x2,401,0.159600997506,0,NA,0x0,0xA,0,0
87,64,4,0xE2FF03D05679B1EC,0x2,457,0.140043763676,0,NA,0x0,0x0,0,0
87,64,5,0xE2FF03D05679B1EC,0x2,422,0.151658767773,0,NA,0x0,0xB,0,0
87,64,6,0xE2FF03D05679B1EC,0x2,398,0.160804020101,0,NA,0x0,0x1,0,0
87,64,7,0xE2FF03D05679B1EC,0x2,354,0.180790960452,0,NA,0x0,0x2,0,0
87,72,0,0xE2FF03D05679B1EC,0x2,428,0.168224299065,1,0xB,0x9,0x9,1,1
87,72,1,0xE2FF03D05679B1EC,0x2,374,0.192513368984,1,0x3,0x1,0x1,1,1
87,72,2,0xE2FF03D05679B1EC,0x2,464,0.155172413793,1,0x2,0x0,0x0,1,1
87,72,3,0xE2FF03D05679B1EC,0x2,446,0.161434977578,1,0x8,0xA,0xA,1,1
87,72,4,0xE2FF03D05679B1EC,0x2,523,0.137667304015,1,0x2,0x0,0x0,1,1
87,72,5,0xE2FF03D05679B1EC,0x2,479,0.150313152401,1,0x9,0xB,0xB,1,1
87,72,6,0xE2FF03D05679B1EC,0x2,455,0.158241758242,1,0x3,0x1,0x1,1,1
87,72,7,0xE2FF03D05679B1EC,0x2,410,0.175609756098,1,0x0,0x2,0x2,1,1
87,80,0,0xE2FF03D05679B1EC,0x2,475,0.168421052632,1,0xB,0x9,0x9,1,1
87,80,1,0xE2FF03D05679B1EC,0x2,425,0.188235294118,1,0x3,0x1,0x1,1,1
87,80,2,0xE2FF03D05679B1EC,0x2,503,0.159045725646,1,0x2,0x0,0x0,1,1
87,80,3,0xE2FF03D05679B1EC,0x2,494,0.161943319838,1,0x8,0xA,0xA,1,1
87,80,4,0xE2FF03D05679B1EC,0x2,565,0.141592920354,1,0x2,0x0,0x0,1,1
87,80,5,0xE2FF03D05679B1EC,0x2,517,0.154738878143,1,0x9,0xB,0xB,1,1
87,80,6,0xE2FF03D05679B1EC,0x2,496,0.161290322581,1,0x3,0x1,0x1,1,1
87,80,7,0xE2FF03D05679B1EC,0x2,461,0.173535791757,1,0x0,0x2,0x2,1,1
87,96,0,0xE2FF03D05679B1EC,0x2,564,0.170212765957,1,0xB,0x9,0x9,1,1
87,96,1,0xE2FF03D05679B1EC,0x2,501,0.191616766467,1,0x3,0x1,0x1,1,1
87,96,2,0xE2FF03D05679B1EC,0x2,576,0.166666666667,1,0x2,0x0,0x0,1,1
87,96,3,0xE2FF03D05679B1EC,0x2,624,0.153846153846,1,0x8,0xA,0xA,1,1
87,96,4,0xE2FF03D05679B1EC,0x2,660,0.145454545455,1,0x2,0x0,0x0,1,1
87,96,5,0xE2FF03D05679B1EC,0x2,597,0.160804020101,1,0x9,0xB,0xB,1,1
87,96,6,0xE2FF03D05679B1EC,0x2,575,0.166956521739,1,0x3,0x1,0x1,1,1
87,96,7,0xE2FF03D05679B1EC,0x2,561,0.171122994652,1,0x0,0x2,0x2,1,1
87,112,0,0xE2FF03D05679B1EC,0x2,673,0.166419019316,1,0xB,0x9,0x9,1,1
87,112,1,0xE2FF03D05679B1EC,0x2,621,0.180354267311,1,0x3,0x1,0x1,1,1
87,112,2,0xE2FF03D05679B1EC,0x2,680,0.164705882353,1,0x2,0x0,0x0,1,1
87,112,3,0xE2FF03D05679B1EC,0x2,714,0.156862745098,1,0x8,0xA,0xA,1,1
87,112,4,0xE2FF03D05679B1EC,0x2,786,0.142493638677,1,0x2,0x0,0x0,1,1
87,112,5,0xE2FF03D05679B1EC,0x2,710,0.157746478873,1,0x9,0xB,0xB,1,1
87,112,6,0xE2FF03D05679B1EC,0x2,684,0.163742690058,1,0x3,0x1,0x1,1,1
87,112,7,0xE2FF03D05679B1EC,0x2,659,0.169954476480,1,0x0,0x2,0x2,1,1
87,128,0,0xE2FF03D05679B1EC,0x2,747,0.171352074967,1,0xB,0x9,0x9,1,1
87,128,1,0xE2FF03D05679B1EC,0x2,714,0.179271708683,1,0x3,0x1,0x1,1,1
87,128,2,0xE2FF03D05679B1EC,0x2,795,0.161006289308,1,0x2,0x0,0x0,1,1
87,128,3,0xE2FF03D05679B1EC,0x2,797,0.160602258469,1,0x8,0xA,0xA,1,1
87,128,4,0xE2FF03D05679B1EC,0x2,877,0.145952109464,1,0x2,0x0,0x0,1,1
87,128,5,0xE2FF03D05679B1EC,0x2,828,0.154589371981,1,0x9,0xB,0xB,1,1
87,128,6,0xE2FF03D05679B1EC,0x2,802,0.159600997506,1,0x3,0x1,0x1,1,1
87,128,7,0xE2FF03D05679B1EC,0x2,769,0.166449934980,1,0x0,0x2,0x2,1,1
87,160,0,0xE2FF03D05679B1EC,0x2,974,0.164271047228,1,0xB,0x9,0x9,1,1
87,160,1,0xE2FF03D05679B1EC,0x2,937,0.170757737460,1,0x3,0x1,0x1,1,1
87,160,2,0xE2FF03D05679B1EC,0x2,1017,0.157325467060,1,0x2,0x0,0x0,1,1
87,160,3,0xE2FF03D05679B1EC,0x2,983,0.162767039674,1,0x8,0xA,0xA,1,1
87,160,4,0xE2FF03D05679B1EC,0x2,1035,0.154589371981,1,0x2,0x0,0x0,1,1
87,160,5,0xE2FF03D05679B1EC,0x2,1014,0.157790927022,1,0x9,0xB,0xB,1,1
87,160,6,0xE2FF03D05679B1EC,0x2,1039,0.153994225217,1,0x3,0x1,0x1,1,1
87,160,7,0xE2FF03D05679B1EC,0x2,965,0.165803108808,1,0x0,0x2,0x2,1,1
87,192,0,0xE2FF03D05679B1EC,0x2,1147,0.167393199651,1,0xB,0x9,0x9,1,1
87,192,1,0xE2FF03D05679B1EC,0x2,1148,0.167247386760,1,0x3,0x1,0x1,1,1
87,192,2,0xE2FF03D05679B1EC,0x2,1200,0.160000000000,1,0x2,0x0,0x0,1,1
87,192,3,0xE2FF03D05679B1EC,0x2,1137,0.168865435356,1,0x8,0xA,0xA,1,1
87,192,4,0xE2FF03D05679B1EC,0x2,1208,0.158940397351,1,0x2,0x0,0x0,1,1
87,192,5,0xE2FF03D05679B1EC,0x2,1201,0.159866777685,1,0x9,0xB,0xB,1,1
87,192,6,0xE2FF03D05679B1EC,0x2,1211,0.158546655656,1,0x3,0x1,0x1,1,1
87,192,7,0xE2FF03D05679B1EC,0x2,1161,0.165374677003,1,0x0,0x2,0x2,1,1
87,256,0,0xE2FF03D05679B1EC,0x2,1554,0.164736164736,1,0xB,0x9,0x9,1,1
87,256,1,0xE2FF03D05679B1EC,0x2,1550,0.165161290323,1,0x3,0x1,0x1,1,1
87,256,2,0xE2FF03D05679B1EC,0x2,1551,0.165054803353,1,0x2,0x0,0x0,1,1
87,256,3,0xE2FF03D05679B1EC,0x2,1463,0.174982911825,1,0x8,0xA,0xA,1,1
87,256,4,0xE2FF03D05679B1EC,0x2,1588,0.161209068010,1,0x2,0x0,0x0,1,1
87,256,5,0xE2FF03D05679B1EC,0x2,1610,0.159006211180,1,0x9,0xB,0xB,1,1
87,256,6,0xE2FF03D05679B1EC,0x2,1555,0.164630225080,1,0x3,0x1,0x1,1,1
87,256,7,0xE2FF03D05679B1EC,0x2,1562,0.163892445583,1,0x0,0x2,0x2,1,1
88,16,0,0xCF56C3778F2F4310,0x2,123,0.130081300813,8,NA,0x0,0xA,0,0
88,16,1,0xCF56C3778F2F4310,0x2,88,0.181818181818,0,NA,0x0,0xC,0,0
88,16,2,0xCF56C3778F2F4310,0x2,113,0.141592920354,0,NA,0x0,0x9,0,0
88,16,3,0xCF56C3778F2F4310,0x2,123,0.130081300813,0,NA,0x0,0xD,0,0
88,16,4,0xCF56C3778F2F4310,0x2,87,0.183908045977,0,NA,0x0,0xC,0,0
88,16,5,0xCF56C3778F2F4310,0x2,81,0.197530864198,0,NA,0x0,0xF,0,0
88,16,6,0xCF56C3778F2F4310,0x2,131,0.122137404580,0,NA,0x0,0xC,0,0
88,16,7,0xCF56C3778F2F4310,0x2,58,0.275862068966,0,NA,0x0,0xC,0,0
88,24,0,0xCF56C3778F2F4310,0x2,168,0.142857142857,6,NA,0x0,0xA,0,0
88,24,1,0xCF56C3778F2F4310,0x2,128,0.187500000000,0,NA,0x0,0xC,0,0
88,24,2,0xCF56C3778F2F4310,0x2,164,0.146341463415,0,NA,0x0,0x9,0,0
88,24,3,0xCF56C3778F2F4310,0x2,193,0.124352331606,0,NA,0x0,0xD,0,0
88,24,4,0xCF56C3778F2F4310,0x2,137,0.175182481752,0,NA,0x0,0xC,0,0
88,24,5,0xCF56C3778F2F4310,0x2,175,0.137142857143,0,NA,0x0,0xF,0,0
88,24,6,0xCF56C3778F2F4310,0x2,172,0.139534883721,0,NA,0x0,0xC,0,0
88,24,7,0xCF56C3778F2F4310,0x2,100,0.240000000000,0,NA,0x0,0xC,0,0
88,32,0,0xCF56C3778F2F4310,0x2,246,0.130081300813,4,NA,0x0,0xA,0,0
88,32,1,0xCF56C3778F2F4310,0x2,173,0.184971098266,0,NA,0x0,0xC,0,0
88,32,2,0xCF56C3778F2F4310,0x2,201,0.159203980100,0,NA,0x0,0x9,0,0
88,32,3,0xCF56C3778F2F4310,0x2,223,0.143497757848,0,NA,0x0,0xD,0,0
88,32,4,0xCF56C3778F2F4310,0x2,188,0.170212765957,0,NA,0x0,0xC,0,0
88,32,5,0xCF56C3778F2F4310,0x2,205,0.156097560976,0,NA,0x0,0xF,0,0
88,32,6,0xCF56C3778F2F4310,0x2,208,0.153846153846,0,NA,0x0,0xC,0,0
88,32,7,0xCF56C3778F2F4310,0x2,138,0.231884057971,0,NA,0x0,0xC,0,0
88,40,0,0xCF56C3778F2F4310,0x2,294,0.136054421769,3,NA,0x0,0xA,0,0
88,40,1,0xCF56C3778F2F4310,0x2,214,0.186915887850,0,NA,0x0,0xC,0,0
88,40,2,0xCF56C3778F2F4310,0x2,242,0.165289256198,0,NA,0x0,0x9,0,0
88,40,3,0xCF56C3778F2F4310,0x2,271,0.147601476015,0,NA,0x0,0xD,0,0
88,40,4,0xCF56C3778F2F4310,0x2,277,0.144404332130,0,NA,0x0,0xC,0,0
88,40,5,0xCF56C3778F2F4310,0x2,247,0.161943319838,0,NA,0x0,0xF,0,0
88,40,6,0xCF56C3778F2F4310,0x2,270,0.148148148148,0,NA,0x0,0xC,0,0
88,40,7,0xCF56C3778F2F4310,0x2,214,0.186915887850,0,NA,0x0,0xC,0,0
88,48,0,0xCF56C3778F2F4310,0x2,349,0.137535816619,3,NA,0x0,0xA,0,0
88,48,1,0xCF56C3778F2F4310,0x2,258,0.186046511628,0,NA,0x0,0xC,0,0
88,48,2,0xCF56C3778F2F4310,0x2,314,0.152866242038,0,NA,0x0,0x9,0,0
88,48,3,0xCF56C3778F2F4310,0x2,332,0.144578313253,0,NA,0x0,0xD,0,0
88,48,4,0xCF56C3778F2F4310,0x2,340,0.141176470588,0,NA,0x0,0xC,0,0
88,48,5,0xCF56C3778F2F4310,0x2,295,0.162711864407,0,NA,0x0,0xF,0,0
88,48,6,0xCF56C3778F2F4310,0x2,335,0.143283582090,0,NA,0x0,0xC,0,0
88,48,7,0xCF56C3778F2F4310,0x2,245,0.195918367347,0,NA,0x0,0xC,0,0
88,56,0,0xCF56C3778F2F4310,0x2,440,0.127272727273,2,NA,0x0,0xA,0,0
88,56,1,0xCF56C3778F2F4310,0x2,309,0.181229773463,0,NA,0x0,0xC,0,0
88,56,2,0xCF56C3778F2F4310,0x2,361,0.155124653740,0,NA,0x0,0x9,0,0
88,56,3,0xCF56C3778F2F4310,0x2,392,0.142857142857,0,NA,0x0,0xD,0,0
88,56,4,0xCF56C3778F2F4310,0x2,372,0.150537634409,0,NA,0x0,0xC,0,0
88,56,5,0xCF56C3778F2F4310,0x2,341,0.164222873900,0,NA,0x0,0xF,0,0
88,56,6,0xCF56C3778F2F4310,0x2,371,0.150943396226,0,NA,0x0,0xC,0,0
88,56,7,0xCF56C3778F2F4310,0x2,272,0.205882352941,0,NA,0x0,0xC,0,0
88,64,0,0xCF56C3778F2F4310,0x2,490,0.130612244898,2,NA,0x0,0xA,0,0
88,64,1,0xCF56C3778F2F4310,0x2,344,0.186046511628,0,NA,0x0,0xC,0,0
88,64,2,0xCF56C3778F2F4310,0x2,434,0.147465437788,0,NA,0x0,0x9,0,0
88,64,3,0xCF56C3778F2F4310,0x2,430,0.148837209302,0,NA,0x0,0xD,0,0
88,64,4,0xCF56C3778F2F4310,0x2,427,0.149882903981,0,NA,0x0,0xC,0,0
88,64,5,0xCF56C3778F2F4310,0x2,398,0.160804020101,0,NA,0x0,0xF,0,0
88,64,6,0xCF56C3778F2F4310,0x2,406,0.157635467980,0,NA,0x0,0xC,0,0
88,64,7,0xCF56C3778F2F4310,0x2,311,0.205787781350,0,NA,0x0,0xC,0,0
88,72,0,0xCF56C3778F2F4310,0x2,519,0.138728323699,2,NA,0x0,0xA,0,0
88,72,1,0xCF56C3778F2F4310,0x2,373,0.193029490617,0,NA,0x0,0xC,0,0
88,72,2,0xCF56C3778F2F4310,0x2,489,0.147239263804,0,NA,0x0,0x9,0,0
88,72,3,0xCF56C3778F2F4310,0x2,488,0.147540983607,0,NA,0x0,0xD,0,0
88,72,4,0xCF56C3778F2F4310,0x2,518,0.138996138996,0,NA,0x0,0xC,0,0
88,72,5,0xCF56C3778F2F4310,0x2,448,0.160714285714,0,NA,0x0,0xF,0,0
88,72,6,0xCF56C3778F2F4310,0x2,465,0.154838709677,0,NA,0x0,0xC,0,0
88,72,7,0xCF56C3778F2F4310,0x2,339,0.212389380531,0,NA,0x0,0xC,0,0
88,80,0,0xCF56C3778F2F4310,0x2,559,0.143112701252,2,NA,0x0,0xA,0,0
88,80,1,0xCF56C3778F2F4310,0x2,442,0.180995475113,0,NA,0x0,0xC,0,0
88,80,2,0xCF56C3778F2F4310,0x2,529,0.151228733459,0,NA,0x0,0x9,0,0
88,80,3,0xCF56C3778F2F4310,0x2,534,0.149812734082,0,NA,0x0,0xD,0,0
88,80,4,0xCF56C3778F2F4310,0x2,556,0.143884892086,0,NA,0x0,0xC,0,0
88,80,5,0xCF56C3778F2F4310,0x2,513,0.155945419103,0,NA,0x0,0xF,0,0
88,80,6,0xCF56C3778F2F4310,0x2,499,0.160320641283,0,NA,0x0,0xC,0,0
88,80,7,0xCF56C3778F2F4310,0x2,376,0.212765957447,0,NA,0x0,0xC,0,0
88,96,0,0xCF56C3778F2F4310,0x2,680,0.141176470588,1,0x8,0xA,0xA,1,1
88,96,1,0xCF56C3778F2F4310,0x2,530,0.181132075472,1,0xE,0xC,0xC,1,1
88,96,2,0xCF56C3778F2F4310,0x2,613,0.156606851550,1,0xB,0x9,0x9,1,1
88,96,3,0xCF56C3778F2F4310,0x2,587,0.163543441227,1,0xF,0xD,0xD,1,1
88,96,4,0xCF56C3778F2F4310,0x2,627,0.153110047847,1,0xE,0xC,0xC,1,1
88,96,5,0xCF56C3778F2F4310,0x2,599,0.160267111853,1,0xD,0xF,0xF,1,1
88,96,6,0xCF56C3778F2F4310,0x2,590,0.162711864407,1,0xE,0xC,0xC,1,1
88,96,7,0xCF56C3778F2F4310,0x2,470,0.204255319149,1,0xE,0xC,0xC,1,1
88,112,0,0xCF56C3778F2F4310,0x2,742,0.150943396226,1,0x8,0xA,0xA,1,1
88,112,1,0xCF56C3778F2F4310,0x2,670,0.167164179104,1,0xE,0xC,0xC,1,1
88,112,2,0xCF56C3778F2F4310,0x2,702,0.159544159544,1,0xB,0x9,0x9,1,1
88,112,3,0xCF56C3778F2F4310,0x2,710,0.157746478873,1,0xF,0xD,0xD,1,1
88,112,4,0xCF56C3778F2F4310,0x2,687,0.163027656477,1,0xE,0xC,0xC,1,1
88,112,5,0xCF56C3778F2F4310,0x2,680,0.164705882353,1,0xD,0xF,0xF,1,1
88,112,6,0xCF56C3778F2F4310,0x2,715,0.156643356643,1,0xE,0xC,0xC,1,1
88,112,7,0xCF56C3778F2F4310,0x2,576,0.194444444444,1,0xE,0xC,0xC,1,1
88,128,0,0xCF56C3778F2F4310,0x2,829,0.154402895054,1,0x8,0xA,0xA,1,1
88,128,1,0xCF56C3778F2F4310,0x2,776,0.164948453608,1,0xE,0xC,0xC,1,1
88,128,2,0xCF56C3778F2F4310,0x2,762,0.167979002625,1,0xB,0x9,0x9,1,1
88,128,3,0xCF56C3778F2F4310,0x2,804,0.159203980100,1,0xF,0xD,0xD,1,1
88,128,4,0xCF56C3778F2F4310,0x2,778,0.164524421594,1,0xE,0xC,0xC,1,1
88,128,5,0xCF56C3778F2F4310,0x2,840,0.152380952381,1,0xD,0xF,0xF,1,1
88,128,6,0xCF56C3778F2F4310,0x2,805,0.159006211180,1,0xE,0xC,0xC,1,1
88,128,7,0xCF56C3778F2F4310,0x2,671,0.190760059613,1,0xE,0xC,0xC,1,1
88,160,0,0xCF56C3778F2F4310,0x2,992,0.161290322581,1,0x8,0xA,0xA,1,1
88,160,1,0xCF56C3778F2F4310,0x2,943,0.169671261930,1,0xE,0xC,0xC,1,1
88,160,2,0xCF56C3778F2F4310,0x2,924,0.173160173160,1,0xB,0x9,0x9,1,1
88,160,3,0xCF56C3778F2F4310,0x2,1003,0.159521435693,1,0xF,0xD,0xD,1,1
88,160,4,0xCF56C3778F2F4310,0x2,956,0.167364016736,1,0xE,0xC,0xC,1,1
88,160,5,0xCF56C3778F2F4310,0x2,1106,0.144665461121,1,0xD,0xF,0xF,1,1
88,160,6,0xCF56C3778F2F4310,0x2,1010,0.158415841584,1,0xE,0xC,0xC,1,1
88,160,7,0xCF56C3778F2F4310,0x2,844,0.189573459716,1,0xE,0xC,0xC,1,1
88,192,0,0xCF56C3778F2F4310,0x2,1173,0.163682864450,1,0x8,0xA,0xA,1,1
88,192,1,0xCF56C3778F2F4310,0x2,1166,0.164665523156,1,0xE,0xC,0xC,1,1
88,192,2,0xCF56C3778F2F4310,0x2,1121,0.171275646744,1,0xB,0x9,0x9,1,1
88,192,3,0xCF56C3778F2F4310,0x2,1278,0.150234741784,1,0xF,0xD,0xD,1,1
88,192,4,0xCF56C3778F2F4310,0x2,1187,0.161752316765,1,0xE,0xC,0xC,1,1
88,192,5,0xCF56C3778F2F4310,0x2,1336,0.143712574850,1,0xD,0xF,0xF,1,1
88,192,6,0xCF56C3778F2F4310,0x2,1189,0.161480235492,1,0xE,0xC,0xC,1,1
88,192,7,0xCF56C3778F2F4310,0x2,1049,0.183031458532,1,0xE,0xC,0xC,1,1
88,256,0,0xCF56C3778F2F4310,0x2,1567,0.163369495852,1,0x8,0xA,0xA,1,1
88,256,1,0xCF56C3778F2F4310,0x2,1546,0.165588615783,1,0xE,0xC,0xC,1,1
88,256,2,0xCF56C3778F2F4310,0x2,1455,0.175945017182,1,0xB,0x9,0x9,1,1
88,256,3,0xCF56C3778F2F4310,0x2,1756,0.145785876993,1,0xF,0xD,0xD,1,1
88,256,4,0xCF56C3778F2F4310,0x2,1561,0.163997437540,1,0xE,0xC,0xC,1,1
88,256,5,0xCF56C3778F2F4310,0x2,1681,0.152290303391,1,0xD,0xF,0xF,1,1
88,256,6,0xCF56C3778F2F4310,0x2,1578,0.162230671736,1,0xE,0xC,0xC,1,1
88,256,7,0xCF56C3778F2F4310,0x2,1417,0.180663373324,1,0xE,0xC,0xC,1,1
89,16,0,0xF82F558FFCB20FD5,0xC,105,0.152380952381,6,NA,0x0,0x2,0,0
89,16,1,0xF82F558FFCB20FD5,0xC,88,0.181818181818,0,NA,0x0,0x4,0,0
89,16,2,0xF82F558FFCB20FD5,0xC,107,0.149532710280,0,NA,0x0,0xF,0,0
89,16,3,0xF82F558FFCB20FD5,0xC,105,0.152380952381,0,NA,0x0,0x8,0,0
89,16,4,0xF82F558FFCB20FD5,0xC,106,0.150943396226,0,NA,0x0,0xD,0,0
89,16,5,0xF82F558FFCB20FD5,0xC,83,0.192771084337,0,NA,0x0,0x8,0,0
89,16,6,0xF82F558FFCB20FD5,0xC,138,0.115942028986,0,NA,0x0,0x5,0,0
89,16,7,0xF82F558FFCB20FD5,0xC,61,0.262295081967,0,NA,0x0,0xE,0,0
89,24,0,0xF82F558FFCB20FD5,0xC,156,0.153846153846,4,NA,0x0,0x2,0,0
89,24,1,0xF82F558FFCB20FD5,0xC,132,0.181818181818,0,NA,0x0,0x4,0,0
89,24,2,0xF82F558FFCB20FD5,0xC,192,0.125000000000,0,NA,0x0,0xF,0,0
89,24,3,0xF82F558FFCB20FD5,0xC,143,0.167832167832,0,NA,0x0,0x8,0,0
89,24,4,0xF82F558FFCB20FD5,0xC,132,0.181818181818,0,NA,0x0,0xD,0,0
89,24,5,0xF82F558FFCB20FD5,0xC,120,0.200000000000,0,NA,0x0,0x8,0,0
89,24,6,0xF82F558FFCB20FD5,0xC,182,0.131868131868,0,NA,0x0,0x5,0,0
89,24,7,0xF82F558FFCB20FD5,0xC,120,0.200000000000,0,NA,0x0,0xE,0,0
89,32,0,0xF82F558FFCB20FD5,0xC,195,0.164102564103,4,NA,0x0,0x2,0,0
89,32,1,0xF82F558FFCB20FD5,0xC,240,0.133333333333,0,NA,0x0,0x4,0,0
89,32,2,0xF82F558FFCB20FD5,0xC,258,0.124031007752,0,NA,0x0,0xF,0,0
89,32,3,0xF82F558FFCB20FD5,0xC,196,0.163265306122,0,NA,0x0,0x8,0,0
89,32,4,0xF82F558FFCB20FD5,0xC,182,0.175824175824,0,NA,0x0,0xD,0,0
89,32,5,0xF82F558FFCB20FD5,0xC,145,0.220689655172,0,NA,0x0,0x8,0,0
89,32,6,0xF82F558FFCB20FD5,0xC,237,0.135021097046,0,NA,0x0,0x5,0,0
89,32,7,0xF82F558FFCB20FD5,0xC,159,0.201257861635,0,NA,0x0,0xE,0,0
89,40,0,0xF82F558FFCB20FD5,0xC,245,0.163265306122,3,NA,0x0,0x2,0,0
89,40,1,0xF82F558FFCB20FD5,0xC,284,0.140845070423,0,NA,0x0,0x4,0,0
89,40,2,0xF82F558FFCB20FD5,0xC,309,0.129449838188,0,NA,0x0,0xF,0,0
89,40,3,0xF82F558FFCB20FD5,0xC,270,0.148148148148,0,NA,0x0,0x8,0,0
89,40,4,0xF82F558FFCB20FD5,0xC,215,0.186046511628,0,NA,0x0,0xD,0,0
89,40,5,0xF82F558FFCB20FD5,0xC,183,0.218579234973,0,NA,0x0,0x8,0,0
89,40,6,0xF82F558FFCB20FD5,0xC,306,0.130718954248,0,NA,0x0,0x5,0,0
89,40,7,0xF82F558FFCB20FD5,0xC,223,0.179372197309,0,NA,0x0,0xE,0,0
89,48,0,0xF82F558FFCB20FD5,0xC,287,0.167247386760,3,NA,0x0,0x2,0,0
89,48,1,0xF82F558FFCB20FD5,0xC,312,0.153846153846,0,NA,0x0,0x4,0,0
89,48,2,0xF82F558FFCB20FD5,0xC,334,0.143712574850,0,NA,0x0,0xF,0,0
89,48,3,0xF82F558FFCB20FD5,0xC,320,0.150000000000,0,NA,0x0,0x8,0,0
89,48,4,0xF82F558FFCB20FD5,0xC,312,0.153846153846,0,NA,0x0,0xD,0,0
89,48,5,0xF82F558FFCB20FD5,0xC,249,0.192771084337,0,NA,0x0,0x8,0,0
89,48,6,0xF82F558FFCB20FD5,0xC,364,0.131868131868,0,NA,0x0,0x5,0,0
89,48,7,0xF82F558FFCB20FD5,0xC,266,0.180451127820,0,NA,0x0,0xE,0,0
89,56,0,0xF82F558FFCB20FD5,0xC,324,0.172839506173,1,0xE,0x2,0x2,1,1
89,56,1,0xF82F558FFCB20FD5,0xC,351,0.159544159544,3,NA,0x0,0x4,0,0
89,56,2,0xF82F558FFCB20FD5,0xC,370,0.151351351351,0,NA,0x0,0xF,0,0
89,56,3,0xF82F558FFCB20FD5,0xC,369,0.151761517615,0,NA,0x0,0x8,0,0
89,56,4,0xF82F558FFCB20FD5,0xC,375,0.149333333333,0,NA,0x0,0xD,0,0
89,56,5,0xF82F558FFCB20FD5,0xC,302,0.185430463576,0,NA,0x0,0x8,0,0
89,56,6,0xF82F558FFCB20FD5,0xC,416,0.134615384615,0,NA,0x0,0x5,0,0
89,56,7,0xF82F558FFCB20FD5,0xC,307,0.182410423453,0,NA,0x0,0xE,0,0
89,64,0,0xF82F558FFCB20FD5,0xC,390,0.164102564103,1,0xE,0x2,0x2,1,1
89,64,1,0xF82F558FFCB20FD5,0xC,409,0.156479217604,2,NA,0x0,0x4,0,0
89,64,2,0xF82F558FFCB20FD5,0xC,425,0.150588235294,0,NA,0x0,0xF,0,0
89,64,3,0xF82F558FFCB20FD5,0xC,410,0.156097560976,0,NA,0x0,0x8,0,0
89,64,4,0xF82F558FFCB20FD5,0xC,393,0.162849872774,0,NA,0x0,0xD,0,0
89,64,5,0xF82F558FFCB20FD5,0xC,356,0.179775280899,0,NA,0x0,0x8,0,0
89,64,6,0xF82F558FFCB20FD5,0xC,452,0.141592920354,0,NA,0x0,0x5,0,0
89,64,7,0xF82F558FFCB20FD5,0xC,352,0.181818181818,0,NA,0x0,0xE,0,0
89,72,0,0xF82F558FFCB20FD5,0xC,425,0.169411764706,1,0xE,0x2,0x2,1,1
89,72,1,0xF82F558FFCB20FD5,0xC,462,0.155844155844,2,NA,0x0,0x4,0,0
89,72,2,0xF82F558FFCB20FD5,0xC,467,0.154175588865,0,NA,0x0,0xF,0,0
89,72,3,0xF82F558FFCB20FD5,0xC,447,0.161073825503,0,NA,0x0,0x8,0,0
89,72,4,0xF82F558FFCB20FD5,0xC,434,0.165898617512,0,NA,0x0,0xD,0,0
89,72,5,0xF82F558FFCB20FD5,0xC,413,0.174334140436,0,NA,0x0,0x8,0,0
89,72,6,0xF82F558FFCB20FD5,0xC,488,0.147540983607,0,NA,0x0,0x5,0,0
89,72,7,0xF82F558FFCB20FD5,0xC,402,0.179104477612,0,NA,0x0,0xE,0,0
89,80,0,0xF82F558FFCB20FD5,0xC,473,0.169133192389,1,0xE,0x2,0x2,1,1
89,80,1,0xF82F558FFCB20FD5,0xC,511,0.156555772994,1,0x8,0x4,0x4,1,1
89,80,2,0xF82F558FFCB20FD5,0xC,497,0.160965794769,1,0x3,0xF,0xF,1,1
89,80,3,0xF82F558FFCB20FD5,0xC,489,0.163599182004,1,0x4,0x8,0x8,1,1
89,80,4,0xF82F558FFCB20FD5,0xC,500,0.160000000000,1,0x1,0xD,0xD,1,1
89,80,5,0xF82F558FFCB20FD5,0xC,452,0.176991150442,1,0x4,0x8,0x8,1,1
89,80,6,0xF82F558FFCB20FD5,0xC,539,0.148423005566,1,0x9,0x5,0x5,1,1
89,80,7,0xF82F558FFCB20FD5,0xC,432,0.185185185185,1,0x2,0xE,0xE,1,1
89,96,0,0xF82F558FFCB20FD5,0xC,576,0.166666666667,1,0xE,0x2,0x2,1,1
89,96,1,0xF82F558FFCB20FD5,0xC,583,0.164665523156,1,0x8,0x4,0x4,1,1
89,96,2,0xF82F558FFCB20FD5,0xC,573,0.167539267016,1,0x3,0xF,0xF,1,1
89,96,3,0xF82F558FFCB20FD5,0xC,609,0.157635467980,1,0x4,0x8,0x8,1,1
89,96,4,0xF82F558FFCB20FD5,0xC,609,0.157635467980,1,0x1,0xD,0xD,1,1
89,96,5,0xF82F558FFCB20FD5,0xC,606,0.158415841584,1,0x4,0x8,0x8,1,1
89,96,6,0xF82F558FFCB20FD5,0xC,656,0.146341463415,1,0x9,0x5,0x5,1,1
89,96,7,0xF82F558FFCB20FD5,0xC,518,0.185328185328,1,0x2,0xE,0xE,1,1
89,112,0,0xF82F558FFCB20FD5,0xC,704,0.159090909091,1,0xE,0x2,0x2,1,1
89,112,1,0xF82F558FFCB20FD5,0xC,700,0.160000000000,1,0x8,0x4,0x4,1,1
89,112,2,0xF82F558FFCB20FD5,0xC,651,0.172043010753,1,0x3,0xF,0xF,1,1
89,112,3,0xF82F558FFCB20FD5,0xC,722,0.155124653740,1,0x4,0x8,0x8,1,1
89,112,4,0xF82F558FFCB20FD5,0xC,700,0.160000000000,1,0x1,0xD,0xD,1,1
89,112,5,0xF82F558FFCB20FD5,0xC,702,0.159544159544,1,0x4,0x8,0x8,1,1
89,112,6,0xF82F558FFCB20FD5,0xC,744,0.150537634409,1,0x9,0x5,0x5,1,1
89,112,7,0xF82F558FFCB20FD5,0xC,593,0.188870151771,1,0x2,0xE,0xE,1,1
89,128,0,0xF82F558FFCB20FD5,0xC,772,0.165803108808,1,0xE,0x2,0x2,1,1
89,128,1,0xF82F558FFCB20FD5,0xC,842,0.152019002375,1,0x8,0x4,0x4,1,1
89,128,2,0xF82F558FFCB20FD5,0xC,771,0.166018158236,1,0x3,0xF,0xF,1,1
89,128,3,0xF82F558FFCB20FD5,0xC,804,0.159203980100,1,0x4,0x8,0x8,1,1
89,128,4,0xF82F558FFCB20FD5,0xC,808,0.158415841584,1,0x1,0xD,0xD,1,1
89,128,5,0xF82F558FFCB20FD5,0xC,808,0.158415841584,1,0x4,0x8,0x8,1,1
89,128,6,0xF82F558FFCB20FD5,0xC,840,0.152380952381,1,0x9,0x5,0x5,1,1
89,128,7,0xF82F558FFCB20FD5,0xC,683,0.187408491947,1,0x2,0xE,0xE,1,1
89,160,0,0xF82F558FFCB20FD5,0xC,919,0.174102285092,1,0xE,0x2,0x2,1,1
89,160,1,0xF82F558FFCB20FD5,0xC,1023,0.156402737048,1,0x8,0x4,0x4,1,1
89,160,2,0xF82F558FFCB20FD5,0xC,944,0.169491525424,1,0x3,0xF,0xF,1,1
89,160,3,0xF82F558FFCB20FD5,0xC,962,0.166320166320,1,0x4,0x8,0x8,1,1
89,160,4,0xF82F558FFCB20FD5,0xC,990,0.161616161616,1,0x1,0xD,0xD,1,1
89,160,5,0xF82F558FFCB20FD5,0xC,964,0.165975103734,1,0x4,0x8,0x8,1,1
89,160,6,0xF82F558FFCB20FD5,0xC,1041,0.153698366955,1,0x9,0x5,0x5,1,1
89,160,7,0xF82F558FFCB20FD5,0xC,860,0.186046511628,1,0x2,0xE,0xE,1,1
89,192,0,0xF82F558FFCB20FD5,0xC,1096,0.175182481752,1,0xE,0x2,0x2,1,1
89,192,1,0xF82F558FFCB20FD5,0xC,1249,0.153722978383,1,0x8,0x4,0x4,1,1
89,192,2,0xF82F558FFCB20FD5,0xC,1094,0.175502742230,1,0x3,0xF,0xF,1,1
89,192,3,0xF82F558FFCB20FD5,0xC,1147,0.167393199651,1,0x4,0x8,0x8,1,1
89,192,4,0xF82F558FFCB20FD5,0xC,1192,0.161073825503,1,0x1,0xD,0xD,1,1
89,192,5,0xF82F558FFCB20FD5,0xC,1174,0.163543441227,1,0x4,0x8,0x8,1,1
89,192,6,0xF82F558FFCB20FD5,0xC,1223,0.156991005724,1,0x9,0x5,0x5,1,1
89,192,7,0xF82F558FFCB20FD5,0xC,1055,0.181990521327,1,0x2,0xE,0xE,1,1
89,256,0,0xF82F558FFCB20FD5,0xC,1473,0.173794976239,1,0xE,0x2,0x2,1,1
89,256,1,0xF82F558FFCB20FD5,0xC,1611,0.158907510863,1,0x8,0x4,0x4,1,1
89,256,2,0xF82F558FFCB20FD5,0xC,1468,0.174386920981,1,0x3,0xF,0xF,1,1
89,256,3,0xF82F558FFCB20FD5,0xC,1520,0.168421052632,1,0x4,0x8,0x8,1,1
89,256,4,0xF82F558FFCB20FD5,0xC,1671,0.153201675643,1,0x1,0xD,0xD,1,1
89,256,5,0xF82F558FFCB20FD5,0xC,1479,0.173089925625,1,0x4,0x8,0x8,1,1
89,256,6,0xF82F558FFCB20FD5,0xC,1582,0.161820480405,1,0x9,0x5,0x5,1,1
89,256,7,0xF82F558FFCB20FD5,0xC,1535,0.166775244300,1,0x2,0xE,0xE,1,1
90,16,0,0x2F2D7A46D8A21502,0x2,118,0.135593220339,5,NA,0x0,0x0,0,0
90,16,1,0x2F2D7A46D8A21502,0x2,96,0.166666666667,0,NA,0x0,0x0,0,0
90,16,2,0x2F2D7A46D8A21502,0x2,81,0.197530864198,0,NA,0x0,0x0,0,0
90,16,3,0x2F2D7A46D8A21502,0x2,82,0.195121951220,0,NA,0x0,0xF,0,0
90,16,4,0x2F2D7A46D8A21502,0x2,105,0.152380952381,0,NA,0x0,0x2,0,0
90,16,5,0x2F2D7A46D8A21502,0x2,94,0.170212765957,0,NA,0x0,0x2,0,0
90,16,6,0x2F2D7A46D8A21502,0x2,102,0.156862745098,0,NA,0x0,0xC,0,0
90,16,7,0x2F2D7A46D8A21502,0x2,103,0.155339805825,0,NA,0x0,0x3,0,0
90,24,0,0x2F2D7A46D8A21502,0x2,154,0.155844155844,4,NA,0x0,0x0,0,0
90,24,1,0x2F2D7A46D8A21502,0x2,115,0.208695652174,0,NA,0x0,0x0,0,0
90,24,2,0x2F2D7A46D8A21502,0x2,124,0.193548387097,0,NA,0x0,0x0,0,0
90,24,3,0x2F2D7A46D8A21502,0x2,122,0.196721311475,0,NA,0x0,0xF,0,0
90,24,4,0x2F2D7A46D8A21502,0x2,167,0.143712574850,0,NA,0x0,0x2,0,0
90,24,5,0x2F2D7A46D8A21502,0x2,119,0.201680672269,0,NA,0x0,0x2,0,0
90,24,6,0x2F2D7A46D8A21502,0x2,149,0.161073825503,0,NA,0x0,0xC,0,0
90,24,7,0x2F2D7A46D8A21502,0x2,147,0.163265306122,0,NA,0x0,0x3,0,0
90,32,0,0x2F2D7A46D8A21502,0x2,219,0.146118721461,2,NA,0x0,0x0,0,0
90,32,1,0x2F2D7A46D8A21502,0x2,138,0.231884057971,0,NA,0x0,0x0,0,0
90,32,2,0x2F2D7A46D8A21502,0x2,186,0.172043010753,0,NA,0x0,0x0,0,0
90,32,3,0x2F2D7A46D8A21502,0x2,194,0.164948453608,0,NA,0x0,0xF,0,0
90,32,4,0x2F2D7A46D8A21502,0x2,229,0.139737991266,0,NA,0x0,0x2,0,0
90,32,5,0x2F2D7A46D8A21502,0x2,158,0.202531645570,0,NA,0x0,0x2,0,0
90,32,6,0x2F2D7A46D8A21502,0x2,187,0.171122994652,0,NA,0x0,0xC,0,0
90,32,7,0x2F2D7A46D8A21502,0x2,183,0.174863387978,0,NA,0x0,0x3,0,0
90,40,0,0x2F2D7A46D8A21502,0x2,277,0.144404332130,1,0x2,0x0,0x0,1,1
90,40,1,0x2F2D7A46D8A21502,0x2,224,0.178571428571,3,NA,0x0,0x0,0,0
90,40,2,0x2F2D7A46D8A21502,0x2,226,0.176991150442,0,NA,0x0,0x0,0,0
90,40,3,0x2F2D7A46D8A21502,0x2,231,0.173160173160,0,NA,0x0,0xF,0,0
90,40,4,0x2F2D7A46D8A21502,0x2,298,0.134228187919,0,NA,0x0,0x2,0,0
90,40,5,0x2F2D7A46D8A21502,0x2,192,0.208333333333,0,NA,0x0,0x2,0,0
90,40,6,0x2F2D7A46D8A21502,0x2,226,0.176991150442,0,NA,0x0,0xC,0,0
90,40,7,0x2F2D7A46D8A21502,0x2,239,0.167364016736,0,NA,0x0,0x3,0,0
90,48,0,0x2F2D7A46D8A21502,0x2,308,0.155844155844,1,0x2,0x0,0x0,1,1
90,48,1,0x2F2D7A46D8A21502,0x2,257,0.186770428016,2,NA,0x0,0x0,0,0
90,48,2,0x2F2D7A46D8A21502,0x2,345,0.139130434783,0,NA,0x0,0x0,0,0
90,48,3,0x2F2D7A46D8A21502,0x2,284,0.169014084507,0,NA,0x0,0xF,0,0
90,48,4,0x2F2D7A46D8A21502,0x2,338,0.142011834320,0,NA,0x0,0x2,0,0
90,48,5,0x2F2D7A46D8A21502,0x2,220,0.218181818182,0,NA,0x0,0x2,0,0
90,48,6,0x2F2D7A46D8A21502,0x2,321,0.149532710280,0,NA,0x0,0xC,0,0
90,48,7,0x2F2D7A46D8A21502,0x2,275,0.174545454545,0,NA,0x0,0x3,0,0
90,56,0,0x2F2D7A46D8A21502,0x2,393,0.142493638677,1,0x2,0x0,0x0,1,1
90,56,1,0x2F2D7A46D8A21502,0x2,288,0.194444444444,1,0x2,0x0,0x0,1,1
90,56,2,0x2F2D7A46D8A21502,0x2,409,0.136919315403,1,0x2,0x0,0x0,1,1
90,56,3,0x2F2D7A46D8A21502,0x2,327,0.171253822630,1,0xD,0xF,0xF,1,1
90,56,4,0x2F2D7A46D8A21502,0x2,393,0.142493638677,1,0x0,0x2,0x2,1,1
90,56,5,0x2F2D7A46D8A21502,0x2,255,0.219607843137,2,NA,0x0,0x2,0,0
90,56,6,0x2F2D7A46D8A21502,0x2,361,0.155124653740,0,NA,0x0,0xC,0,0
90,56,7,0x2F2D7A46D8A21502,0x2,308,0.181818181818,0,NA,0x0,0x3,0,0
90,64,0,0x2F2D7A46D8A21502,0x2,422,0.151658767773,1,0x2,0x0,0x0,1,1
90,64,1,0x2F2D7A46D8A21502,0x2,358,0.178770949721,1,0x2,0x0,0x0,1,1
90,64,2,0x2F2D7A46D8A21502,0x2,470,0.136170212766,1,0x2,0x0,0x0,1,1
90,64,3,0x2F2D7A46D8A21502,0x2,363,0.176308539945,1,0xD,0xF,0xF,1,1
90,64,4,0x2F2D7A46D8A21502,0x2,423,0.151300236407,1,0x0,0x2,0x2,1,1
90,64,5,0x2F2D7A46D8A21502,0x2,309,0.207119741100,1,0x0,0x2,0x2,1,1
90,64,6,0x2F2D7A46D8A21502,0x2,433,0.147806004619,2,NA,0x0,0xC,0,0
90,64,7,0x2F2D7A46D8A21502,0x2,342,0.187134502924,0,NA,0x0,0x3,0,0
90,72,0,0x2F2D7A46D8A21502,0x2,447,0.161073825503,1,0x2,0x0,0x0,1,1
90,72,1,0x2F2D7A46D8A21502,0x2,415,0.173493975904,1,0x2,0x0,0x0,1,1
90,72,2,0x2F2D7A46D8A21502,0x2,517,0.139264990329,1,0x2,0x0,0x0,1,1
90,72,3,0x2F2D7A46D8A21502,0x2,404,0.178217821782,1,0xD,0xF,0xF,1,1
90,72,4,0x2F2D7A46D8A21502,0x2,469,0.153518123667,1,0x0,0x2,0x2,1,1
90,72,5,0x2F2D7A46D8A21502,0x2,340,0.211764705882,1,0x0,0x2,0x2,1,1
90,72,6,0x2F2D7A46D8A21502,0x2,497,0.144869215292,2,NA,0x0,0xC,0,0
90,72,7,0x2F2D7A46D8A21502,0x2,393,0.183206106870,0,NA,0x0,0x3,0,0
90,80,0,0x2F2D7A46D8A21502,0x2,541,0.147874306839,1,0x2,0x0,0x0,1,1
90,80,1,0x2F2D7A46D8A21502,0x2,483,0.165631469979,1,0x2,0x0,0x0,1,1
90,80,2,0x2F2D7A46D8A21502,0x2,570,0.140350877193,1,0x2,0x0,0x0,1,1
90,80,3,0x2F2D7A46D8A21502,0x2,454,0.176211453744,1,0xD,0xF,0xF,1,1
90,80,4,0x2F2D7A46D8A21502,0x2,522,0.153256704981,1,0x0,0x2,0x2,1,1
90,80,5,0x2F2D7A46D8A21502,0x2,371,0.215633423181,1,0x0,0x2,0x2,1,1
90,80,6,0x2F2D7A46D8A21502,0x2,557,0.143626570916,2,NA,0x0,0xC,0,0
90,80,7,0x2F2D7A46D8A21502,0x2,454,0.176211453744,0,NA,0x0,0x3,0,0
90,96,0,0x2F2D7A46D8A21502,0x2,661,0.145234493192,1,0x2,0x0,0x0,1,1
90,96,1,0x2F2D7A46D8A21502,0x2,570,0.168421052632,1,0x2,0x0,0x0,1,1
90,96,2,0x2F2D7A46D8A21502,0x2,680,0.141176470588,1,0x2,0x0,0x0,1,1
90,96,3,0x2F2D7A46D8A21502,0x2,562,0.170818505338,1,0xD,0xF,0xF,1,1
90,96,4,0x2F2D7A46D8A21502,0x2,605,0.158677685950,1,0x0,0x2,0x2,1,1
90,96,5,0x2F2D7A46D8A21502,0x2,442,0.217194570136,1,0x0,0x2,0x2,1,1
90,96,6,0x2F2D7A46D8A21502,0x2,657,0.146118721461,1,0xE,0xC,0xC,1,1
90,96,7,0x2F2D7A46D8A21502,0x2,558,0.172043010753,1,0x1,0x3,0x3,1,1
90,112,0,0x2F2D7A46D8A21502,0x2,778,0.143958868895,1,0x2,0x0,0x0,1,1
90,112,1,0x2F2D7A46D8A21502,0x2,659,0.169954476480,1,0x2,0x0,0x0,1,1
90,112,2,0x2F2D7A46D8A21502,0x2,753,0.148738379814,1,0x2,0x0,0x0,1,1
90,112,3,0x2F2D7A46D8A21502,0x2,641,0.174726989080,1,0xD,0xF,0xF,1,1
90,112,4,0x2F2D7A46D8A21502,0x2,695,0.161151079137,1,0x0,0x2,0x2,1,1
90,112,5,0x2F2D7A46D8A21502,0x2,561,0.199643493761,1,0x0,0x2,0x2,1,1
90,112,6,0x2F2D7A46D8A21502,0x2,778,0.143958868895,1,0xE,0xC,0xC,1,1
90,112,7,0x2F2D7A46D8A21502,0x2,660,0.169696969697,1,0x1,0x3,0x3,1,1
90,128,0,0x2F2D7A46D8A21502,0x2,918,0.139433551198,1,0x2,0x0,0x0,1,1
90,128,1,0x2F2D7A46D8A21502,0x2,803,0.159402241594,1,0x2,0x0,0x0,1,1
90,128,2,0x2F2D7A46D8A21502,0x2,893,0.143337066069,1,0x2,0x0,0x0,1,1
90,128,3,0x2F2D7A46D8A21502,0x2,735,0.174149659864,1,0xD,0xF,0xF,1,1
90,128,4,0x2F2D7A46D8A21502,0x2,781,0.163892445583,1,0x0,0x2,0x2,1,1
90,128,5,0x2F2D7A46D8A21502,0x2,648,0.197530864198,1,0x0,0x2,0x2,1,1
90,128,6,0x2F2D7A46D8A21502,0x2,912,0.140350877193,1,0xE,0xC,0xC,1,1
90,128,7,0x2F2D7A46D8A21502,0x2,761,0.168199737188,1,0x1,0x3,0x3,1,1
90,160,0,0x2F2D7A46D8A21502,0x2,1104,0.144927536232,1,0x2,0x0,0x0,1,1
90,160,1,0x2F2D7A46D8A21502,0x2,961,0.166493236212,1,0x2,0x0,0x0,1,1
90,160,2,0x2F2D7A46D8A21502,0x2,1092,0.146520146520,1,0x2,0x0,0x0,1,1
90,160,3,0x2F2D7A46D8A21502,0x2,871,0.183696900115,1,0xD,0xF,0xF,1,1
90,160,4,0x2F2D7A46D8A21502,0x2,1022,0.156555772994,1,0x0,0x2,0x2,1,1
90,160,5,0x2F2D7A46D8A21502,0x2,835,0.191616766467,1,0x0,0x2,0x2,1,1
90,160,6,0x2F2D7A46D8A21502,0x2,1111,0.144014401440,1,0xE,0xC,0xC,1,1
90,160,7,0x2F2D7A46D8A21502,0x2,933,0.171489817792,1,0x1,0x3,0x3,1,1
90,192,0,0x2F2D7A46D8A21502,0x2,1342,0.143070044709,1,0x2,0x0,0x0,1,1
90,192,1,0x2F2D7A46D8A21502,0x2,1112,0.172661870504,1,0x2,0x0,0x0,1,1
90,192,2,0x2F2D7A46D8A21502,0x2,1276,0.150470219436,1,0x2,0x0,0x0,1,1
90,192,3,0x2F2D7A46D8A21502,0x2,1070,0.179439252336,1,0xD,0xF,0xF,1,1
90,192,4,0x2F2D7A46D8A21502,0x2,1186,0.161888701518,1,0x0,0x2,0x2,1,1
90,192,5,0x2F2D7A46D8A21502,0x2,1053,0.182336182336,1,0x0,0x2,0x2,1,1
90,192,6,0x2F2D7A46D8A21502,0x2,1279,0.150117279124,1,0xE,0xC,0xC,1,1
90,192,7,0x2F2D7A46D8A21502,0x2,1087,0.176632934683,1,0x1,0x3,0x3,1,1
90,256,0,0x2F2D7A46D8A21502,0x2,1782,0.143658810325,1,0x2,0x0,0x0,1,1
90,256,1,0x2F2D7A46D8A21502,0x2,1466,0.174624829468,1,0x2,0x0,0x0,1,1
90,256,2,0x2F2D7A46D8A21502,0x2,1662,0.154031287605,1,0x2,0x0,0x0,1,1
90,256,3,0x2F2D7A46D8A21502,0x2,1434,0.178521617852,1,0xD,0xF,0xF,1,1
90,256,4,0x2F2D7A46D8A21502,0x2,1597,0.160300563557,1,0x0,0x2,0x2,1,1
90,256,5,0x2F2D7A46D8A21502,0x2,1433,0.178646196790,1,0x0,0x2,0x2,1,1
90,256,6,0x2F2D7A46D8A21502,0x2,1563,0.163787587972,1,0xE,0xC,0xC,1,1
90,256,7,0x2F2D7A46D8A21502,0x2,1413,0.181174805379,1,0x1,0x3,0x3,1,1
91,16,0,0x7433E4D6E2FA51C0,0xC,115,0.139130434783,8,NA,0x0,0x8,0,0
91,16,1,0x7433E4D6E2FA51C0,0xC,96,0.166666666667,0,NA,0x0,0xF,0,0
91,16,2,0x7433E4D6E2FA51C0,0xC,91,0.175824175824,0,NA,0x0,0x8,0,0
91,16,3,0x7433E4D6E2FA51C0,0xC,75,0.213333333333,0,NA,0x0,0x9,0,0
91,16,4,0x7433E4D6E2FA51C0,0xC,68,0.235294117647,0,NA,0x0,0x5,0,0
91,16,5,0x7433E4D6E2FA51C0,0xC,128,0.125000000000,0,NA,0x0,0x1,0,0
91,16,6,0x7433E4D6E2FA51C0,0xC,125,0.128000000000,0,NA,0x0,0xC,0,0
91,16,7,0x7433E4D6E2FA51C0,0xC,119,0.134453781513,0,NA,0x0,0x7,0,0
91,24,0,0x7433E4D6E2FA51C0,0xC,161,0.149068322981,6,NA,0x0,0x8,0,0
91,24,1,0x7433E4D6E2FA51C0,0xC,179,0.134078212291,0,NA,0x0,0xF,0,0
91,24,2,0x7433E4D6E2FA51C0,0xC,145,0.165517241379,0,NA,0x0,0x8,0,0
91,24,3,0x7433E4D6E2FA51C0,0xC,111,0.216216216216,0,NA,0x0,0x9,0,0
91,24,4,0x7433E4D6E2FA51C0,0xC,101,0.237623762376,0,NA,0x0,0x5,0,0
91,24,5,0x7433E4D6E2FA51C0,0xC,171,0.140350877193,0,NA,0x0,0x1,0,0
91,24,6,0x7433E4D6E2FA51C0,0xC,197,0.121827411168,0,NA,0x0,0xC,0,0
91,24,7,0x7433E4D6E2FA51C0,0xC,179,0.134078212291,0,NA,0x0,0x7,0,0
91,32,0,0x7433E4D6E2FA51C0,0xC,198,0.161616161616,5,NA,0x0,0x8,0,0
91,32,1,0x7433E4D6E2FA51C0,0xC,220,0.145454545455,0,NA,0x0,0xF,0,0
91,32,2,0x7433E4D6E2FA51C0,0xC,185,0.172972972973,0,NA,0x0,0x8,0,0
91,32,3,0x7433E4D6E2FA51C0,0xC,138,0.231884057971,0,NA,0x0,0x9,0,0
91,32,4,0x7433E4D6E2FA51C0,0xC,178,0.179775280899,0,NA,0x0,0x5,0,0
91,32,5,0x7433E4D6E2FA51C0,0xC,259,0.123552123552,0,NA,0x0,0x1,0,0
91,32,6,0x7433E4D6E2FA51C0,0xC,254,0.125984251969,0,NA,0x0,0xC,0,0
91,32,7,0x7433E4D6E2FA51C0,0xC,203,0.157635467980,0,NA,0x0,0x7,0,0
91,40,0,0x7433E4D6E2FA51C0,0xC,247,0.161943319838,2,NA,0x0,0x8,0,0
91,40,1,0x7433E4D6E2FA51C0,0xC,273,0.146520146520,0,NA,0x0,0xF,0,0
91,40,2,0x7433E4D6E2FA51C0,0xC,249,0.160642570281,0,NA,0x0,0x8,0,0
91,40,3,0x7433E4D6E2FA51C0,0xC,162,0.246913580247,0,NA,0x0,0x9,0,0
91,40,4,0x7433E4D6E2FA51C0,0xC,234,0.170940170940,0,NA,0x0,0x5,0,0
91,40,5,0x7433E4D6E2FA51C0,0xC,297,0.134680134680,0,NA,0x0,0x1,0,0
91,40,6,0x7433E4D6E2FA51C0,0xC,293,0.136518771331,0,NA,0x0,0xC,0,0
91,40,7,0x7433E4D6E2FA51C0,0xC,245,0.163265306122,0,NA,0x0,0x7,0,0
91,48,0,0x7433E4D6E2FA51C0,0xC,287,0.167247386760,1,0x4,0x8,0x8,1,1
91,48,1,0x7433E4D6E2FA51C0,0xC,309,0.155339805825,1,0x3,0xF,0xF,1,1
91,48,2,0x7433E4D6E2FA51C0,0xC,290,0.165517241379,2,NA,0x0,0x8,0,0
91,48,3,0x7433E4D6E2FA51C0,0xC,214,0.224299065421,0,NA,0x0,0x9,0,0
91,48,4,0x7433E4D6E2FA51C0,0xC,276,0.173913043478,0,NA,0x0,0x5,0,0
91,48,5,0x7433E4D6E2FA51C0,0xC,335,0.143283582090,0,NA,0x0,0x1,0,0
91,48,6,0x7433E4D6E2FA51C0,0xC,341,0.140762463343,0,NA,0x0,0xC,0,0
91,48,7,0x7433E4D6E2FA51C0,0xC,331,0.145015105740,0,NA,0x0,0x7,0,0
91,56,0,0x7433E4D6E2FA51C0,0xC,354,0.158192090395,1,0x4,0x8,0x8,1,1
91,56,1,0x7433E4D6E2FA51C0,0xC,360,0.155555555556,1,0x3,0xF,0xF,1,1
91,56,2,0x7433E4D6E2FA51C0,0xC,346,0.161849710983,2,NA,0x0,0x8,0,0
91,56,3,0x7433E4D6E2FA51C0,0xC,270,0.207407407407,0,NA,0x0,0x9,0,0
91,56,4,0x7433E4D6E2FA51C0,0xC,324,0.172839506173,0,NA,0x0,0x5,0,0
91,56,5,0x7433E4D6E2FA51C0,0xC,369,0.151761517615,0,NA,0x0,0x1,0,0
91,56,6,0x7433E4D6E2FA51C0,0xC,386,0.145077720207,0,NA,0x0,0xC,0,0
91,56,7,0x7433E4D6E2FA51C0,0xC,400,0.140000000000,0,NA,0x0,0x7,0,0
91,64,0,0x7433E4D6E2FA51C0,0xC,437,0.146453089245,1,0x4,0x8,0x8,1,1
91,64,1,0x7433E4D6E2FA51C0,0xC,380,0.168421052632,1,0x3,0xF,0xF,1,1
91,64,2,0x7433E4D6E2FA51C0,0xC,382,0.167539267016,1,0x4,0x8,0x8,1,1
91,64,3,0x7433E4D6E2FA51C0,0xC,299,0.214046822742,1,0x5,0x9,0x9,1,1
91,64,4,0x7433E4D6E2FA51C0,0xC,376,0.170212765957,1,0x9,0x5,0x5,1,1
91,64,5,0x7433E4D6E2FA51C0,0xC,392,0.163265306122,1,0xD,0x1,0x1,1,1
91,64,6,0x7433E4D6E2FA51C0,0xC,424,0.150943396226,2,NA,0x0,0xC,0,0
91,64,7,0x7433E4D6E2FA51C0,0xC,435,0.147126436782,0,NA,0x0,0x7,0,0
91,72,0,0x7433E4D6E2FA51C0,0xC,483,0.149068322981,1,0x4,0x8,0x8,1,1
91,72,1,0x7433E4D6E2FA51C0,0xC,413,0.174334140436,1,0x3,0xF,0xF,1,1
91,72,2,0x7433E4D6E2FA51C0,0xC,429,0.167832167832,1,0x4,0x8,0x8,1,1
91,72,3,0x7433E4D6E2FA51C0,0xC,366,0.196721311475,1,0x5,0x9,0x9,1,1
91,72,4,0x7433E4D6E2FA51C0,0xC,429,0.167832167832,1,0x9,0x5,0x5,1,1
91,72,5,0x7433E4D6E2FA51C0,0xC,437,0.164759725400,1,0xD,0x1,0x1,1,1
91,72,6,0x7433E4D6E2FA51C0,0xC,464,0.155172413793,2,NA,0x0,0xC,0,0
91,72,7,0x7433E4D6E2FA51C0,0xC,483,0.149068322981,0,NA,0x0,0x7,0,0
91,80,0,0x7433E4D6E2FA51C0,0xC,547,0.146252285192,1,0x4,0x8,0x8,1,1
91,80,1,0x7433E4D6E2FA51C0,0xC,434,0.184331797235,1,0x3,0xF,0xF,1,1
91,80,2,0x7433E4D6E2FA51C0,0xC,514,0.155642023346,1,0x4,0x8,0x8,1,1
91,80,3,0x7433E4D6E2FA51C0,0xC,392,0.204081632653,1,0x5,0x9,0x9,1,1
91,80,4,0x7433E4D6E2FA51C0,0xC,471,0.169851380042,1,0x9,0x5,0x5,1,1
91,80,5,0x7433E4D6E2FA51C0,0xC,529,0.151228733459,1,0xD,0x1,0x1,1,1
91,80,6,0x7433E4D6E2FA51C0,0xC,542,0.147601476015,2,NA,0x0,0xC,0,0
91,80,7,0x7433E4D6E2FA51C0,0xC,532,0.150375939850,0,NA,0x0,0x7,0,0
91,96,0,0x7433E4D6E2FA51C0,0xC,643,0.149300155521,1,0x4,0x8,0x8,1,1
91,96,1,0x7433E4D6E2FA51C0,0xC,520,0.184615384615,1,0x3,0xF,0xF,1,1
91,96,2,0x7433E4D6E2FA51C0,0xC,632,0.151898734177,1,0x4,0x8,0x8,1,1
91,96,3,0x7433E4D6E2FA51C0,0xC,535,0.179439252336,1,0x5,0x9,0x9,1,1
91,96,4,0x7433E4D6E2FA51C0,0xC,581,0.165232358003,1,0x9,0x5,0x5,1,1
91,96,5,0x7433E4D6E2FA51C0,0xC,658,0.145896656535,1,0xD,0x1,0x1,1,1
91,96,6,0x7433E4D6E2FA51C0,0xC,629,0.152623211447,1,0x0,0xC,0xC,1,1
91,96,7,0x7433E4D6E2FA51C0,0xC,612,0.156862745098,1,0xB,0x7,0x7,1,1
91,112,0,0x7433E4D6E2FA51C0,0xC,720,0.155555555556,1,0x4,0x8,0x8,1,1
91,112,1,0x7433E4D6E2FA51C0,0xC,624,0.179487179487,1,0x3,0xF,0xF,1,1
91,112,2,0x7433E4D6E2FA51C0,0xC,716,0.156424581006,1,0x4,0x8,0x8,1,1
91,112,3,0x7433E4D6E2FA51C0,0xC,634,0.176656151420,1,0x5,0x9,0x9,1,1
91,112,4,0x7433E4D6E2FA51C0,0xC,687,0.163027656477,1,0x9,0x5,0x5,1,1
91,112,5,0x7433E4D6E2FA51C0,0xC,755,0.148344370861,1,0xD,0x1,0x1,1,1
91,112,6,0x7433E4D6E2FA51C0,0xC,724,0.154696132597,1,0x0,0xC,0xC,1,1
91,112,7,0x7433E4D6E2FA51C0,0xC,723,0.154910096819,1,0xB,0x7,0x7,1,1
91,128,0,0x7433E4D6E2FA51C0,0xC,804,0.159203980100,1,0x4,0x8,0x8,1,1
91,128,1,0x7433E4D6E2FA51C0,0xC,742,0.172506738544,1,0x3,0xF,0xF,1,1
91,128,2,0x7433E4D6E2FA51C0,0xC,792,0.161616161616,1,0x4,0x8,0x8,1,1
91,128,3,0x7433E4D6E2FA51C0,0xC,742,0.172506738544,1,0x5,0x9,0x9,1,1
91,128,4,0x7433E4D6E2FA51C0,0xC,774,0.165374677003,1,0x9,0x5,0x5,1,1
91,128,5,0x7433E4D6E2FA51C0,0xC,844,0.151658767773,1,0xD,0x1,0x1,1,1
91,128,6,0x7433E4D6E2FA51C0,0xC,823,0.155528554070,1,0x0,0xC,0xC,1,1
91,128,7,0x7433E4D6E2FA51C0,0xC,851,0.150411280846,1,0xB,0x7,0x7,1,1
91,160,0,0x7433E4D6E2FA51C0,0xC,1011,0.158259149357,1,0x4,0x8,0x8,1,1
91,160,1,0x7433E4D6E2FA51C0,0xC,931,0.171858216971,1,0x3,0xF,0xF,1,1
91,160,2,0x7433E4D6E2FA51C0,0xC,890,0.179775280899,1,0x4,0x8,0x8,1,1
91,160,3,0x7433E4D6E2FA51C0,0xC,952,0.168067226891,1,0x5,0x9,0x9,1,1
91,160,4,0x7433E4D6E2FA51C0,0xC,969,0.165118679051,1,0x9,0x5,0x5,1,1
91,160,5,0x7433E4D6E2FA51C0,0xC,1084,0.147601476015,1,0xD,0x1,0x1,1,1
91,160,6,0x7433E4D6E2FA51C0,0xC,1004,0.159362549801,1,0x0,0xC,0xC,1,1
91,160,7,0x7433E4D6E2FA51C0,0xC,1100,0.145454545455,1,0xB,0x7,0x7,1,1
91,192,0,0x7433E4D6E2FA51C0,0xC,1181,0.162574089754,1,0x4,0x8,0x8,1,1
91,192,1,0x7433E4D6E2FA51C0,0xC,1095,0.175342465753,1,0x3,0xF,0xF,1,1
91,192,2,0x7433E4D6E2FA51C0,0xC,1055,0.181990521327,1,0x4,0x8,0x8,1,1
91,192,3,0x7433E4D6E2FA51C0,0xC,1181,0.162574089754,1,0x5,0x9,0x9,1,1
91,192,4,0x7433E4D6E2FA51C0,0xC,1194,0.160804020101,1,0x9,0x5,0x5,1,1
91,192,5,0x7433E4D6E2FA51C0,0xC,1282,0.149765990640,1,0xD,0x1,0x1,1,1
91,192,6,0x7433E4D6E2FA51C0,0xC,1185,0.162025316456,1,0x0,0xC,0xC,1,1
91,192,7,0x7433E4D6E2FA51C0,0xC,1313,0.146230007616,1,0xB,0x7,0x7,1,1
91,256,0,0x7433E4D6E2FA51C0,0xC,1588,0.161209068010,1,0x4,0x8,0x8,1,1
91,256,1,0x7433E4D6E2FA51C0,0xC,1422,0.180028129395,1,0x3,0xF,0xF,1,1
91,256,2,0x7433E4D6E2FA51C0,0xC,1420,0.180281690141,1,0x4,0x8,0x8,1,1
91,256,3,0x7433E4D6E2FA51C0,0xC,1592,0.160804020101,1,0x5,0x9,0x9,1,1
91,256,4,0x7433E4D6E2FA51C0,0xC,1566,0.163473818646,1,0x9,0x5,0x5,1,1
91,256,5,0x7433E4D6E2FA51C0,0xC,1604,0.159600997506,1,0xD,0x1,0x1,1,1
91,256,6,0x7433E4D6E2FA51C0,0xC,1683,0.152109328580,1,0x0,0xC,0xC,1,1
91,256,7,0x7433E4D6E2FA51C0,0xC,1685,0.151928783383,1,0xB,0x7,0x7,1,1
92,16,0,0xBF486E8F97989928,0xC,67,0.238805970149,5,NA,0x0,0xC,0,0
92,16,1,0xBF486E8F97989928,0xC,89,0.179775280899,0,NA,0x0,0x0,0,0
92,16,2,0xBF486E8F97989928,0xC,121,0.132231404959,0,NA,0x0,0x5,0,0
92,16,3,0xBF486E8F97989928,0xC,78,0.205128205128,0,NA,0x0,0xF,0,0
92,16,4,0xBF486E8F97989928,0xC,93,0.172043010753,0,NA,0x0,0x6,0,0
92,16,5,0xBF486E8F97989928,0xC,83,0.192771084337,0,NA,0x0,0xC,0,0
92,16,6,0xBF486E8F97989928,0xC,98,0.163265306122,0,NA,0x0,0x6,0,0
92,16,7,0xBF486E8F97989928,0xC,100,0.160000000000,0,NA,0x0,0xB,0,0
92,24,0,0xBF486E8F97989928,0xC,99,0.242424242424,2,NA,0x0,0xC,0,0
92,24,1,0xBF486E8F97989928,0xC,128,0.187500000000,0,NA,0x0,0x0,0,0
92,24,2,0xBF486E8F97989928,0xC,191,0.125654450262,0,NA,0x0,0x5,0,0
92,24,3,0xBF486E8F97989928,0xC,116,0.206896551724,0,NA,0x0,0xF,0,0
92,24,4,0xBF486E8F97989928,0xC,186,0.129032258065,0,NA,0x0,0x6,0,0
92,24,5,0xBF486E8F97989928,0xC,116,0.206896551724,0,NA,0x0,0xC,0,0
92,24,6,0xBF486E8F97989928,0xC,183,0.131147540984,0,NA,0x0,0x6,0,0
92,24,7,0xBF486E8F97989928,0xC,132,0.181818181818,0,NA,0x0,0xB,0,0
92,32,0,0xBF486E8F97989928,0xC,145,0.220689655172,2,NA,0x0,0xC,0,0
92,32,1,0xBF486E8F97989928,0xC,190,0.168421052632,0,NA,0x0,0x0,0,0
92,32,2,0xBF486E8F97989928,0xC,231,0.138528138528,0,NA,0x0,0x5,0,0
92,32,3,0xBF486E8F97989928,0xC,155,0.206451612903,0,NA,0x0,0xF,0,0
92,32,4,0xBF486E8F97989928,0xC,226,0.141592920354,0,NA,0x0,0x6,0,0
92,32,5,0xBF486E8F97989928,0xC,161,0.198757763975,0,NA,0x0,0xC,0,0
92,32,6,0xBF486E8F97989928,0xC,210,0.152380952381,0,NA,0x0,0x6,0,0
92,32,7,0xBF486E8F97989928,0xC,205,0.156097560976,0,NA,0x0,0xB,0,0
92,40,0,0xBF486E8F97989928,0xC,187,0.213903743316,1,0x0,0xC,0xC,1,1
92,40,1,0xBF486E8F97989928,0xC,252,0.158730158730,3,NA,0x0,0x0,0,0
92,40,2,0xBF486E8F97989928,0xC,274,0.145985401460,0,NA,0x0,0x5,0,0
92,40,3,0xBF486E8F97989928,0xC,195,0.205128205128,0,NA,0x0,0xF,0,0
92,40,4,0xBF486E8F97989928,0xC,283,0.141342756184,0,NA,0x0,0x6,0,0
92,40,5,0xBF486E8F97989928,0xC,260,0.153846153846,0,NA,0x0,0xC,0,0
92,40,6,0xBF486E8F97989928,0xC,255,0.156862745098,0,NA,0x0,0x6,0,0
92,40,7,0xBF486E8F97989928,0xC,255,0.156862745098,0,NA,0x0,0xB,0,0
92,48,0,0xBF486E8F97989928,0xC,204,0.235294117647,1,0x0,0xC,0xC,1,1
92,48,1,0xBF486E8F97989928,0xC,326,0.147239263804,1,0xC,0x0,0x0,1,1
92,48,2,0xBF486E8F97989928,0xC,341,0.140762463343,1,0x9,0x5,0x5,1,1
92,48,3,0xBF486E8F97989928,0xC,265,0.181132075472,3,NA,0x0,0xF,0,0
92,48,4,0xBF486E8F97989928,0xC,334,0.143712574850,0,NA,0x0,0x6,0,0
92,48,5,0xBF486E8F97989928,0xC,326,0.147239263804,0,NA,0x0,0xC,0,0
92,48,6,0xBF486E8F97989928,0xC,290,0.165517241379,0,NA,0x0,0x6,0,0
92,48,7,0xBF486E8F97989928,0xC,290,0.165517241379,0,NA,0x0,0xB,0,0
92,56,0,0xBF486E8F97989928,0xC,254,0.220472440945,1,0x0,0xC,0xC,1,1
92,56,1,0xBF486E8F97989928,0xC,379,0.147757255937,1,0xC,0x0,0x0,1,1
92,56,2,0xBF486E8F97989928,0xC,403,0.138957816377,1,0x9,0x5,0x5,1,1
92,56,3,0xBF486E8F97989928,0xC,312,0.179487179487,3,NA,0x0,0xF,0,0
92,56,4,0xBF486E8F97989928,0xC,387,0.144702842377,0,NA,0x0,0x6,0,0
92,56,5,0xBF486E8F97989928,0xC,380,0.147368421053,0,NA,0x0,0xC,0,0
92,56,6,0xBF486E8F97989928,0xC,351,0.159544159544,0,NA,0x0,0x6,0,0
92,56,7,0xBF486E8F97989928,0xC,346,0.161849710983,0,NA,0x0,0xB,0,0
92,64,0,0xBF486E8F97989928,0xC,288,0.222222222222,1,0x0,0xC,0xC,1,1
92,64,1,0xBF486E8F97989928,0xC,430,0.148837209302,1,0xC,0x0,0x0,1,1
92,64,2,0xBF486E8F97989928,0xC,466,0.137339055794,1,0x9,0x5,0x5,1,1
92,64,3,0xBF486E8F97989928,0xC,345,0.185507246377,3,NA,0x0,0xF,0,0
92,64,4,0xBF486E8F97989928,0xC,447,0.143176733781,0,NA,0x0,0x6,0,0
92,64,5,0xBF486E8F97989928,0xC,432,0.148148148148,0,NA,0x0,0xC,0,0
92,64,6,0xBF486E8F97989928,0xC,398,0.160804020101,0,NA,0x0,0x6,0,0
92,64,7,0xBF486E8F97989928,0xC,403,0.158808933002,0,NA,0x0,0xB,0,0
92,72,0,0xBF486E8F97989928,0xC,344,0.209302325581,1,0x0,0xC,0xC,1,1
92,72,1,0xBF486E8F97989928,0xC,472,0.152542372881,1,0xC,0x0,0x0,1,1
92,72,2,0xBF486E8F97989928,0xC,549,0.131147540984,1,0x9,0x5,0x5,1,1
92,72,3,0xBF486E8F97989928,0xC,418,0.172248803828,2,NA,0x0,0xF,0,0
92,72,4,0xBF486E8F97989928,0xC,512,0.140625000000,0,NA,0x0,0x6,0,0
92,72,5,0xBF486E8F97989928,0xC,452,0.159292035398,0,NA,0x0,0xC,0,0
92,72,6,0xBF486E8F97989928,0xC,430,0.167441860465,0,NA,0x0,0x6,0,0
92,72,7,0xBF486E8F97989928,0xC,452,0.159292035398,0,NA,0x0,0xB,0,0
92,80,0,0xBF486E8F97989928,0xC,392,0.204081632653,1,0x0,0xC,0xC,1,1
92,80,1,0xBF486E8F97989928,0xC,504,0.158730158730,1,0xC,0x0,0x0,1,1
92,80,2,0xBF486E8F97989928,0xC,590,0.135593220339,1,0x9,0x5,0x5,1,1
92,80,3,0xBF486E8F97989928,0xC,455,0.175824175824,1,0x3,0xF,0xF,1,1
92,80,4,0xBF486E8F97989928,0xC,558,0.143369175627,1,0xA,0x6,0x6,1,1
92,80,5,0xBF486E8F97989928,0xC,519,0.154142581888,1,0x0,0xC,0xC,1,1
92,80,6,0xBF486E8F97989928,0xC,502,0.159362549801,1,0xA,0x6,0x6,1,1
92,80,7,0xBF486E8F97989928,0xC,488,0.163934426230,1,0x7,0xB,0xB,1,1
92,96,0,0xBF486E8F97989928,0xC,482,0.199170124481,1,0x0,0xC,0xC,1,1
92,96,1,0xBF486E8F97989928,0xC,589,0.162988115450,1,0xC,0x0,0x0,1,1
92,96,2,0xBF486E8F97989928,0xC,674,0.142433234421,1,0x9,0x5,0x5,1,1
92,96,3,0xBF486E8F97989928,0xC,519,0.184971098266,1,0x3,0xF,0xF,1,1
92,96,4,0xBF486E8F97989928,0xC,654,0.146788990826,1,0xA,0x6,0x6,1,1
92,96,5,0xBF486E8F97989928,0xC,638,0.150470219436,1,0x0,0xC,0xC,1,1
92,96,6,0xBF486E8F97989928,0xC,603,0.159203980100,1,0xA,0x6,0x6,1,1
92,96,7,0xBF486E8F97989928,0xC,569,0.168717047452,1,0x7,0xB,0xB,1,1
92,112,0,0xBF486E8F97989928,0xC,559,0.200357781753,1,0x0,0xC,0xC,1,1
92,112,1,0xBF486E8F97989928,0xC,655,0.170992366412,1,0xC,0x0,0x0,1,1
92,112,2,0xBF486E8F97989928,0xC,743,0.150740242261,1,0x9,0x5,0x5,1,1
92,112,3,0xBF486E8F97989928,0xC,594,0.188552188552,1,0x3,0xF,0xF,1,1
92,112,4,0xBF486E8F97989928,0xC,783,0.143039591315,1,0xA,0x6,0x6,1,1
92,112,5,0xBF486E8F97989928,0xC,737,0.151967435550,1,0x0,0xC,0xC,1,1
92,112,6,0xBF486E8F97989928,0xC,708,0.158192090395,1,0xA,0x6,0x6,1,1
92,112,7,0xBF486E8F97989928,0xC,660,0.169696969697,1,0x7,0xB,0xB,1,1
92,128,0,0xBF486E8F97989928,0xC,693,0.184704184704,1,0x0,0xC,0xC,1,1
92,128,1,0xBF486E8F97989928,0xC,761,0.168199737188,1,0xC,0x0,0x0,1,1
92,128,2,0xBF486E8F97989928,0xC,821,0.155907429963,1,0x9,0x5,0x5,1,1
92,128,3,0xBF486E8F97989928,0xC,665,0.192481203008,1,0x3,0xF,0xF,1,1
92,128,4,0xBF486E8F97989928,0xC,906,0.141280353201,1,0xA,0x6,0x6,1,1
92,128,5,0xBF486E8F97989928,0xC,813,0.157441574416,1,0x0,0xC,0xC,1,1
92,128,6,0xBF486E8F97989928,0xC,803,0.159402241594,1,0xA,0x6,0x6,1,1
92,128,7,0xBF486E8F97989928,0xC,857,0.149358226371,1,0x7,0xB,0xB,1,1
92,160,0,0xBF486E8F97989928,0xC,837,0.191158900836,1,0x0,0xC,0xC,1,1
92,160,1,0xBF486E8F97989928,0xC,928,0.172413793103,1,0xC,0x0,0x0,1,1
92,160,2,0xBF486E8F97989928,0xC,980,0.163265306122,1,0x9,0x5,0x5,1,1
92,160,3,0xBF486E8F97989928,0xC,883,0.181200453001,1,0x3,0xF,0xF,1,1
92,160,4,0xBF486E8F97989928,0xC,1125,0.142222222222,1,0xA,0x6,0x6,1,1
92,160,5,0xBF486E8F97989928,0xC,994,0.160965794769,1,0x0,0xC,0xC,1,1
92,160,6,0xBF486E8F97989928,0xC,987,0.162107396150,1,0xA,0x6,0x6,1,1
92,160,7,0xBF486E8F97989928,0xC,1020,0.156862745098,1,0x7,0xB,0xB,1,1
92,192,0,0xBF486E8F97989928,0xC,1082,0.177449168207,1,0x0,0xC,0xC,1,1
92,192,1,0xBF486E8F97989928,0xC,1113,0.172506738544,1,0xC,0x0,0x0,1,1
92,192,2,0xBF486E8F97989928,0xC,1178,0.162988115450,1,0x9,0x5,0x5,1,1
92,192,3,0xBF486E8F97989928,0xC,1092,0.175824175824,1,0x3,0xF,0xF,1,1
92,192,4,0xBF486E8F97989928,0xC,1277,0.150352388410,1,0xA,0x6,0x6,1,1
92,192,5,0xBF486E8F97989928,0xC,1178,0.162988115450,1,0x0,0xC,0xC,1,1
92,192,6,0xBF486E8F97989928,0xC,1211,0.158546655656,1,0xA,0x6,0x6,1,1
92,192,7,0xBF486E8F97989928,0xC,1243,0.154465004023,1,0x7,0xB,0xB,1,1
92,256,0,0xBF486E8F97989928,0xC,1442,0.177531206657,1,0x0,0xC,0xC,1,1
92,256,1,0xBF486E8F97989928,0xC,1489,0.171927468099,1,0xC,0x0,0x0,1,1
92,256,2,0xBF486E8F97989928,0xC,1629,0.157151626765,1,0x9,0x5,0x5,1,1
92,256,3,0xBF486E8F97989928,0xC,1463,0.174982911825,1,0x3,0xF,0xF,1,1
92,256,4,0xBF486E8F97989928,0xC,1660,0.154216867470,1,0xA,0x6,0x6,1,1
92,256,5,0xBF486E8F97989928,0xC,1479,0.173089925625,1,0x0,0xC,0xC,1,1
92,256,6,0xBF486E8F97989928,0xC,1587,0.161310649023,1,0xA,0x6,0x6,1,1
92,256,7,0xBF486E8F97989928,0xC,1623,0.157732593962,1,0x7,0xB,0xB,1,1
93,16,0,0x3BFB158FD31DFE08,0xF,108,0.148148148148,8,NA,0x0,0x5,0,0
93,16,1,0x3BFB158FD31DFE08,0xF,111,0.144144144144,0,NA,0x0,0x6,0,0
93,16,2,0x3BFB158FD31DFE08,0xF,139,0.115107913669,0,NA,0x0,0x6,0,0
93,16,3,0x3BFB158FD31DFE08,0xF,105,0.152380952381,0,NA,0x0,0xB,0,0
93,16,4,0x3BFB158FD31DFE08,0xF,127,0.125984251969,0,NA,0x0,0x4,0,0
93,16,5,0x3BFB158FD31DFE08,0xF,95,0.168421052632,0,NA,0x0,0x5,0,0
93,16,6,0x3BFB158FD31DFE08,0xF,95,0.168421052632,0,NA,0x0,0x1,0,0
93,16,7,0x3BFB158FD31DFE08,0xF,80,0.200000000000,0,NA,0x0,0x0,0,0
93,24,0,0x3BFB158FD31DFE08,0xF,154,0.155844155844,4,NA,0x0,0x5,0,0
93,24,1,0x3BFB158FD31DFE08,0xF,156,0.153846153846,0,NA,0x0,0x6,0,0
93,24,2,0x3BFB158FD31DFE08,0xF,181,0.132596685083,0,NA,0x0,0x6,0,0
93,24,3,0x3BFB158FD31DFE08,0xF,172,0.139534883721,0,NA,0x0,0xB,0,0
93,24,4,0x3BFB158FD31DFE08,0xF,197,0.121827411168,0,NA,0x0,0x4,0,0
93,24,5,0x3BFB158FD31DFE08,0xF,155,0.154838709677,0,NA,0x0,0x5,0,0
93,24,6,0x3BFB158FD31DFE08,0xF,131,0.183206106870,0,NA,0x0,0x1,0,0
93,24,7,0x3BFB158FD31DFE08,0xF,121,0.198347107438,0,NA,0x0,0x0,0,0
93,32,0,0x3BFB158FD31DFE08,0xF,229,0.139737991266,3,NA,0x0,0x5,0,0
93,32,1,0x3BFB158FD31DFE08,0xF,204,0.156862745098,0,NA,0x0,0x6,0,0
93,32,2,0x3BFB158FD31DFE08,0xF,199,0.160804020101,0,NA,0x0,0x6,0,0
93,32,3,0x3BFB158FD31DFE08,0xF,244,0.131147540984,0,NA,0x0,0xB,0,0
93,32,4,0x3BFB158FD31DFE08,0xF,240,0.133333333333,0,NA,0x0,0x4,0,0
93,32,5,0x3BFB158FD31DFE08,0xF,195,0.164102564103,0,NA,0x0,0x5,0,0
93,32,6,0x3BFB158FD31DFE08,0xF,154,0.207792207792,0,NA,0x0,0x1,0,0
93,32,7,0x3BFB158FD31DFE08,0xF,194,0.164948453608,0,NA,0x0,0x0,0,0
93,40,0,0x3BFB158FD31DFE08,0xF,257,0.155642023346,2,NA,0x0,0x5,0,0
93,40,1,0x3BFB158FD31DFE08,0xF,254,0.157480314961,0,NA,0x0,0x6,0,0
93,40,2,0x3BFB158FD31DFE08,0xF,239,0.167364016736,0,NA,0x0,0x6,0,0
93,40,3,0x3BFB158FD31DFE08,0xF,274,0.145985401460,0,NA,0x0,0xB,0,0
93,40,4,0x3BFB158FD31DFE08,0xF,308,0.129870129870,0,NA,0x0,0x4,0,0
93,40,5,0x3BFB158FD31DFE08,0xF,236,0.169491525424,0,NA,0x0,0x5,0,0
93,40,6,0x3BFB158FD31DFE08,0xF,235,0.170212765957,0,NA,0x0,0x1,0,0
93,40,7,0x3BFB158FD31DFE08,0xF,256,0.156250000000,0,NA,0x0,0x0,0,0
93,48,0,0x3BFB158FD31DFE08,0xF,290,0.165517241379,2,NA,0x0,0x5,0,0
93,48,1,0x3BFB158FD31DFE08,0xF,320,0.150000000000,0,NA,0x0,0x6,0,0
93,48,2,0x3BFB158FD31DFE08,0xF,273,0.175824175824,0,NA,0x0,0x6,0,0
93,48,3,0x3BFB158FD31DFE08,0xF,334,0.143712574850,0,NA,0x0,0xB,0,0
93,48,4,0x3BFB158FD31DFE08,0xF,362,0.132596685083,0,NA,0x0,0x4,0,0
93,48,5,0x3BFB158FD31DFE08,0xF,268,0.179104477612,0,NA,0x0,0x5,0,0
93,48,6,0x3BFB158FD31DFE08,0xF,290,0.165517241379,0,NA,0x0,0x1,0,0
93,48,7,0x3BFB158FD31DFE08,0xF,298,0.161073825503,0,NA,0x0,0x0,0,0
93,56,0,0x3BFB158FD31DFE08,0xF,337,0.166172106825,2,NA,0x0,0x5,0,0
93,56,1,0x3BFB158FD31DFE08,0xF,354,0.158192090395,0,NA,0x0,0x6,0,0
93,56,2,0x3BFB158FD31DFE08,0xF,310,0.180645161290,0,NA,0x0,0x6,0,0
93,56,3,0x3BFB158FD31DFE08,0xF,370,0.151351351351,0,NA,0x0,0xB,0,0
93,56,4,0x3BFB158FD31DFE08,0xF,428,0.130841121495,0,NA,0x0,0x4,0,0
93,56,5,0x3BFB158FD31DFE08,0xF,298,0.187919463087,0,NA,0x0,0x5,0,0
93,56,6,0x3BFB158FD31DFE08,0xF,354,0.158192090395,0,NA,0x0,0x1,0,0
93,56,7,0x3BFB158FD31DFE08,0xF,340,0.164705882353,0,NA,0x0,0x0,0,0
93,64,0,0x3BFB158FD31DFE08,0xF,370,0.172972972973,2,NA,0x0,0x5,0,0
93,64,1,0x3BFB158FD31DFE08,0xF,392,0.163265306122,0,NA,0x0,0x6,0,0
93,64,2,0x3BFB158FD31DFE08,0xF,373,0.171581769437,0,NA,0x0,0x6,0,0
93,64,3,0x3BFB158FD31DFE08,0xF,467,0.137044967880,0,NA,0x0,0xB,0,0
93,64,4,0x3BFB158FD31DFE08,0xF,482,0.132780082988,0,NA,0x0,0x4,0,0
93,64,5,0x3BFB158FD31DFE08,0xF,358,0.178770949721,0,NA,0x0,0x5,0,0
93,64,6,0x3BFB158FD31DFE08,0xF,385,0.166233766234,0,NA,0x0,0x1,0,0
93,64,7,0x3BFB158FD31DFE08,0xF,417,0.153477218225,0,NA,0x0,0x0,0,0
93,72,0,0x3BFB158FD31DFE08,0xF,430,0.167441860465,2,NA,0x0,0x5,0,0
93,72,1,0x3BFB158FD31DFE08,0xF,467,0.154175588865,0,NA,0x0,0x6,0,0
93,72,2,0x3BFB158FD31DFE08,0xF,411,0.175182481752,0,NA,0x0,0x6,0,0
93,72,3,0x3BFB158FD31DFE08,0xF,503,0.143141153082,0,NA,0x0,0xB,0,0
93,72,4,0x3BFB158FD31DFE08,0xF,537,0.134078212291,0,NA,0x0,0x4,0,0
93,72,5,0x3BFB158FD31DFE08,0xF,406,0.177339901478,0,NA,0x0,0x5,0,0
93,72,6,0x3BFB158FD31DFE08,0xF,436,0.165137614679,0,NA,0x0,0x1,0,0
93,72,7,0x3BFB158FD31DFE08,0xF,491,0.146639511202,0,NA,0x0,0x0,0,0
93,80,0,0x3BFB158FD31DFE08,0xF,462,0.173160173160,2,NA,0x0,0x5,0,0
93,80,1,0x3BFB158FD31DFE08,0xF,528,0.151515151515,0,NA,0x0,0x6,0,0
93,80,2,0x3BFB158FD31DFE08,0xF,478,0.167364016736,0,NA,0x0,0x6,0,0
93,80,3,0x3BFB158FD31DFE08,0xF,556,0.143884892086,0,NA,0x0,0xB,0,0
93,80,4,0x3BFB158FD31DFE08,0xF,573,0.139616055846,0,NA,0x0,0x4,0,0
93,80,5,0x3BFB158FD31DFE08,0xF,447,0.178970917226,0,NA,0x0,0x5,0,0
93,80,6,0x3BFB158FD31DFE08,0xF,475,0.168421052632,0,NA,0x0,0x1,0,0
93,80,7,0x3BFB158FD31DFE08,0xF,525,0.152380952381,0,NA,0x0,0x0,0,0
93,96,0,0x3BFB158FD31DFE08,0xF,557,0.172351885099,2,NA,0x0,0x5,0,0
93,96,1,0x3BFB158FD31DFE08,0xF,606,0.158415841584,0,NA,0x0,0x6,0,0
93,96,2,0x3BFB158FD31DFE08,0xF,593,0.161888701518,0,NA,0x0,0x6,0,0
93,96,3,0x3BFB158FD31DFE08,0xF,641,0.149765990640,0,NA,0x0,0xB,0,0
93,96,4,0x3BFB158FD31DFE08,0xF,660,0.145454545455,0,NA,0x0,0x4,0,0
93,96,5,0x3BFB158FD31DFE08,0xF,573,0.167539267016,0,NA,0x0,0x5,0,0
93,96,6,0x3BFB158FD31DFE08,0xF,579,0.165803108808,0,NA,0x0,0x1,0,0
93,96,7,0x3BFB158FD31DFE08,0xF,613,0.156606851550,0,NA,0x0,0x0,0,0
93,112,0,0x3BFB158FD31DFE08,0xF,638,0.175548589342,2,NA,0x0,0x5,0,0
93,112,1,0x3BFB158FD31DFE08,0xF,715,0.156643356643,0,NA,0x0,0x6,0,0
93,112,2,0x3BFB158FD31DFE08,0xF,666,0.168168168168,0,NA,0x0,0x6,0,0
93,112,3,0x3BFB158FD31DFE08,0xF,769,0.145643693108,0,NA,0x0,0xB,0,0
93,112,4,0x3BFB158FD31DFE08,0xF,742,0.150943396226,0,NA,0x0,0x4,0,0
93,112,5,0x3BFB158FD31DFE08,0xF,673,0.166419019316,0,NA,0x0,0x5,0,0
93,112,6,0x3BFB158FD31DFE08,0xF,649,0.172573189522,0,NA,0x0,0x1,0,0
93,112,7,0x3BFB158FD31DFE08,0xF,692,0.161849710983,0,NA,0x0,0x0,0,0
93,128,0,0x3BFB158FD31DFE08,0xF,780,0.164102564103,1,0xA,0x5,0x5,1,1
93,128,1,0x3BFB158FD31DFE08,0xF,775,0.165161290323,1,0x9,0x6,0x6,1,1
93,128,2,0x3BFB158FD31DFE08,0xF,748,0.171122994652,1,0x9,0x6,0x6,1,1
93,128,3,0x3BFB158FD31DFE08,0xF,847,0.151121605667,1,0x4,0xB,0xB,1,1
93,128,4,0x3BFB158FD31DFE08,0xF,838,0.152744630072,1,0xB,0x4,0x4,1,1
93,128,5,0x3BFB158FD31DFE08,0xF,737,0.173677069199,1,0xA,0x5,0x5,1,1
93,128,6,0x3BFB158FD31DFE08,0xF,709,0.180535966150,1,0xE,0x1,0x1,1,1
93,128,7,0x3BFB158FD31DFE08,0xF,794,0.161209068010,1,0xF,0x0,0x0,1,1
93,160,0,0x3BFB158FD31DFE08,0xF,951,0.168243953733,1,0xA,0x5,0x5,1,1
93,160,1,0x3BFB158FD31DFE08,0xF,938,0.170575692964,1,0x9,0x6,0x6,1,1
93,160,2,0x3BFB158FD31DFE08,0xF,974,0.164271047228,1,0x9,0x6,0x6,1,1
93,160,3,0x3BFB158FD31DFE08,0xF,1059,0.151085930123,1,0x4,0xB,0xB,1,1
93,160,4,0x3BFB158FD31DFE08,0xF,1058,0.151228733459,1,0xB,0x4,0x4,1,1
93,160,5,0x3BFB158FD31DFE08,0xF,912,0.175438596491,1,0xA,0x5,0x5,1,1
93,160,6,0x3BFB158FD31DFE08,0xF,868,0.184331797235,1,0xE,0x1,0x1,1,1
93,160,7,0x3BFB158FD31DFE08,0xF,984,0.162601626016,1,0xF,0x0,0x0,1,1
93,192,0,0x3BFB158FD31DFE08,0xF,1180,0.162711864407,1,0xA,0x5,0x5,1,1
93,192,1,0x3BFB158FD31DFE08,0xF,1163,0.165090283749,1,0x9,0x6,0x6,1,1
93,192,2,0x3BFB158FD31DFE08,0xF,1193,0.160938809723,1,0x9,0x6,0x6,1,1
93,192,3,0x3BFB158FD31DFE08,0xF,1247,0.153969526864,1,0x4,0xB,0xB,1,1
93,192,4,0x3BFB158FD31DFE08,0xF,1243,0.154465004023,1,0xB,0x4,0x4,1,1
93,192,5,0x3BFB158FD31DFE08,0xF,1097,0.175022789426,1,0xA,0x5,0x5,1,1
93,192,6,0x3BFB158FD31DFE08,0xF,1059,0.181303116147,1,0xE,0x1,0x1,1,1
93,192,7,0x3BFB158FD31DFE08,0xF,1182,0.162436548223,1,0xF,0x0,0x0,1,1
93,256,0,0x3BFB158FD31DFE08,0xF,1605,0.159501557632,1,0xA,0x5,0x5,1,1
93,256,1,0x3BFB158FD31DFE08,0xF,1624,0.157635467980,1,0x9,0x6,0x6,1,1
93,256,2,0x3BFB158FD31DFE08,0xF,1647,0.155434122647,1,0x9,0x6,0x6,1,1
93,256,3,0x3BFB158FD31DFE08,0xF,1635,0.156574923547,1,0x4,0xB,0xB,1,1
93,256,4,0x3BFB158FD31DFE08,0xF,1624,0.157635467980,1,0xB,0x4,0x4,1,1
93,256,5,0x3BFB158FD31DFE08,0xF,1519,0.168531928901,1,0xA,0x5,0x5,1,1
93,256,6,0x3BFB158FD31DFE08,0xF,1436,0.178272980501,1,0xE,0x1,0x1,1,1
93,256,7,0x3BFB158FD31DFE08,0xF,1558,0.164313222080,1,0xF,0x0,0x0,1,1
94,16,0,0x3200624FED2D06EC,0x2,86,0.186046511628,4,NA,0x0,0x1,0,0
94,16,1,0x3200624FED2D06EC,0x2,88,0.181818181818,0,NA,0x0,0xF,0,0
94,16,2,0x3200624FED2D06EC,0x2,68,0.235294117647,0,NA,0x0,0x6,0,0
94,16,3,0x3200624FED2D06EC,0x2,109,0.146788990826,0,NA,0x0,0xF,0,0
94,16,4,0x3200624FED2D06EC,0x2,75,0.213333333333,0,NA,0x0,0xF,0,0
94,16,5,0x3200624FED2D06EC,0x2,88,0.181818181818,0,NA,0x0,0xA,0,0
94,16,6,0x3200624FED2D06EC,0x2,63,0.253968253968,0,NA,0x0,0x3,0,0
94,16,7,0x3200624FED2D06EC,0x2,69,0.231884057971,0,NA,0x0,0x6,0,0
94,24,0,0x3200624FED2D06EC,0x2,117,0.205128205128,4,NA,0x0,0x1,0,0
94,24,1,0x3200624FED2D06EC,0x2,154,0.155844155844,0,NA,0x0,0xF,0,0
94,24,2,0x3200624FED2D06EC,0x2,113,0.212389380531,0,NA,0x0,0x6,0,0
94,24,3,0x3200624FED2D06EC,0x2,170,0.141176470588,0,NA,0x0,0xF,0,0
94,24,4,0x3200624FED2D06EC,0x2,120,0.200000000000,0,NA,0x0,0xF,0,0
94,24,5,0x3200624FED2D06EC,0x2,120,0.200000000000,0,NA,0x0,0xA,0,0
94,24,6,0x3200624FED2D06EC,0x2,107,0.224299065421,0,NA,0x0,0x3,0,0
94,24,7,0x3200624FED2D06EC,0x2,106,0.226415094340,0,NA,0x0,0x6,0,0
94,32,0,0x3200624FED2D06EC,0x2,151,0.211920529801,1,0x3,0x1,0x1,1,1
94,32,1,0x3200624FED2D06EC,0x2,193,0.165803108808,3,NA,0x0,0xF,0,0
94,32,2,0x3200624FED2D06EC,0x2,155,0.206451612903,0,NA,0x0,0x6,0,0
94,32,3,0x3200624FED2D06EC,0x2,230,0.139130434783,0,NA,0x0,0xF,0,0
94,32,4,0x3200624FED2D06EC,0x2,189,0.169312169312,0,NA,0x0,0xF,0,0
94,32,5,0x3200624FED2D06EC,0x2,158,0.202531645570,0,NA,0x0,0xA,0,0
94,32,6,0x3200624FED2D06EC,0x2,143,0.223776223776,0,NA,0x0,0x3,0,0
94,32,7,0x3200624FED2D06EC,0x2,151,0.211920529801,0,NA,0x0,0x6,0,0
94,40,0,0x3200624FED2D06EC,0x2,199,0.201005025126,1,0x3,0x1,0x1,1,1
94,40,1,0x3200624FED2D06EC,0x2,266,0.150375939850,2,NA,0x0,0xF,0,0
94,40,2,0x3200624FED2D06EC,0x2,184,0.217391304348,0,NA,0x0,0x6,0,0
94,40,3,0x3200624FED2D06EC,0x2,306,0.130718954248,0,NA,0x0,0xF,0,0
94,40,4,0x3200624FED2D06EC,0x2,255,0.156862745098,0,NA,0x0,0xF,0,0
94,40,5,0x3200624FED2D06EC,0x2,198,0.202020202020,0,NA,0x0,0xA,0,0
94,40,6,0x3200624FED2D06EC,0x2,182,0.219780219780,0,NA,0x0,0x3,0,0
94,40,7,0x3200624FED2D06EC,0x2,179,0.223463687151,0,NA,0x0,0x6,0,0
94,48,0,0x3200624FED2D06EC,0x2,247,0.194331983806,1,0x3,0x1,0x1,1,1
94,48,1,0x3200624FED2D06EC,0x2,318,0.150943396226,2,NA,0x0,0xF,0,0
94,48,2,0x3200624FED2D06EC,0x2,229,0.209606986900,0,NA,0x0,0x6,0,0
94,48,3,0x3200624FED2D06EC,0x2,354,0.135593220339,0,NA,0x0,0xF,0,0
94,48,4,0x3200624FED2D06EC,0x2,285,0.168421052632,0,NA,0x0,0xF,0,0
94,48,5,0x3200624FED2D06EC,0x2,260,0.184615384615,0,NA,0x0,0xA,0,0
94,48,6,0x3200624FED2D06EC,0x2,247,0.194331983806,0,NA,0x0,0x3,0,0
94,48,7,0x3200624FED2D06EC,0x2,235,0.204255319149,0,NA,0x0,0x6,0,0
94,56,0,0x3200624FED2D06EC,0x2,291,0.192439862543,1,0x3,0x1,0x1,1,1
94,56,1,0x3200624FED2D06EC,0x2,391,0.143222506394,1,0xD,0xF,0xF,1,1
94,56,2,0x3200624FED2D06EC,0x2,267,0.209737827715,3,NA,0x0,0x6,0,0
94,56,3,0x3200624FED2D06EC,0x2,399,0.140350877193,0,NA,0x0,0xF,0,0
94,56,4,0x3200624FED2D06EC,0x2,331,0.169184290030,0,NA,0x0,0xF,0,0
94,56,5,0x3200624FED2D06EC,0x2,300,0.186666666667,0,NA,0x0,0xA,0,0
94,56,6,0x3200624FED2D06EC,0x2,282,0.198581560284,0,NA,0x0,0x3,0,0
94,56,7,0x3200624FED2D06EC,0x2,273,0.205128205128,0,NA,0x0,0x6,0,0
94,64,0,0x3200624FED2D06EC,0x2,314,0.203821656051,1,0x3,0x1,0x1,1,1
94,64,1,0x3200624FED2D06EC,0x2,415,0.154216867470,1,0xD,0xF,0xF,1,1
94,64,2,0x3200624FED2D06EC,0x2,314,0.203821656051,1,0x4,0x6,0x6,1,1
94,64,3,0x3200624FED2D06EC,0x2,432,0.148148148148,2,NA,0x0,0xF,0,0
94,64,4,0x3200624FED2D06EC,0x2,391,0.163682864450,0,NA,0x0,0xF,0,0
94,64,5,0x3200624FED2D06EC,0x2,340,0.188235294118,0,NA,0x0,0xA,0,0
94,64,6,0x3200624FED2D06EC,0x2,316,0.202531645570,0,NA,0x0,0x3,0,0
94,64,7,0x3200624FED2D06EC,0x2,338,0.189349112426,0,NA,0x0,0x6,0,0
94,72,0,0x3200624FED2D06EC,0x2,351,0.205128205128,1,0x3,0x1,0x1,1,1
94,72,1,0x3200624FED2D06EC,0x2,447,0.161073825503,1,0xD,0xF,0xF,1,1
94,72,2,0x3200624FED2D06EC,0x2,366,0.196721311475,1,0x4,0x6,0x6,1,1
94,72,3,0x3200624FED2D06EC,0x2,463,0.155507559395,1,0xD,0xF,0xF,1,1
94,72,4,0x3200624FED2D06EC,0x2,429,0.167832167832,1,0xD,0xF,0xF,1,1
94,72,5,0x3200624FED2D06EC,0x2,385,0.187012987013,1,0x8,0xA,0xA,1,1
94,72,6,0x3200624FED2D06EC,0x2,388,0.185567010309,1,0x1,0x3,0x3,1,1
94,72,7,0x3200624FED2D06EC,0x2,388,0.185567010309,2,NA,0x0,0x6,0,0
94,80,0,0x3200624FED2D06EC,0x2,395,0.202531645570,1,0x3,0x1,0x1,1,1
94,80,1,0x3200624FED2D06EC,0x2,507,0.157790927022,1,0xD,0xF,0xF,1,1
94,80,2,0x3200624FED2D06EC,0x2,403,0.198511166253,1,0x4,0x6,0x6,1,1
94,80,3,0x3200624FED2D06EC,0x2,508,0.157480314961,1,0xD,0xF,0xF,1,1
94,80,4,0x3200624FED2D06EC,0x2,479,0.167014613779,1,0xD,0xF,0xF,1,1
94,80,5,0x3200624FED2D06EC,0x2,427,0.187353629977,1,0x8,0xA,0xA,1,1
94,80,6,0x3200624FED2D06EC,0x2,453,0.176600441501,1,0x1,0x3,0x3,1,1
94,80,7,0x3200624FED2D06EC,0x2,428,0.186915887850,2,NA,0x0,0x6,0,0
94,96,0,0x3200624FED2D06EC,0x2,470,0.204255319149,1,0x3,0x1,0x1,1,1
94,96,1,0x3200624FED2D06EC,0x2,580,0.165517241379,1,0xD,0xF,0xF,1,1
94,96,2,0x3200624FED2D06EC,0x2,549,0.174863387978,1,0x4,0x6,0x6,1,1
94,96,3,0x3200624FED2D06EC,0x2,634,0.151419558360,1,0xD,0xF,0xF,1,1
94,96,4,0x3200624FED2D06EC,0x2,592,0.162162162162,1,0xD,0xF,0xF,1,1
94,96,5,0x3200624FED2D06EC,0x2,526,0.182509505703,1,0x8,0xA,0xA,1,1
94,96,6,0x3200624FED2D06EC,0x2,526,0.182509505703,1,0x1,0x3,0x3,1,1
94,96,7,0x3200624FED2D06EC,0x2,532,0.180451127820,1,0x4,0x6,0x6,1,1
94,112,0,0x3200624FED2D06EC,0x2,545,0.205504587156,1,0x3,0x1,0x1,1,1
94,112,1,0x3200624FED2D06EC,0x2,677,0.165435745938,1,0xD,0xF,0xF,1,1
94,112,2,0x3200624FED2D06EC,0x2,615,0.182113821138,1,0x4,0x6,0x6,1,1
94,112,3,0x3200624FED2D06EC,0x2,721,0.155339805825,1,0xD,0xF,0xF,1,1
94,112,4,0x3200624FED2D06EC,0x2,695,0.161151079137,1,0xD,0xF,0xF,1,1
94,112,5,0x3200624FED2D06EC,0x2,610,0.183606557377,1,0x8,0xA,0xA,1,1
94,112,6,0x3200624FED2D06EC,0x2,702,0.159544159544,1,0x1,0x3,0x3,1,1
94,112,7,0x3200624FED2D06EC,0x2,648,0.172839506173,1,0x4,0x6,0x6,1,1
94,128,0,0x3200624FED2D06EC,0x2,651,0.196620583717,1,0x3,0x1,0x1,1,1
94,128,1,0x3200624FED2D06EC,0x2,801,0.159800249688,1,0xD,0xF,0xF,1,1
94,128,2,0x3200624FED2D06EC,0x2,725,0.176551724138,1,0x4,0x6,0x6,1,1
94,128,3,0x3200624FED2D06EC,0x2,825,0.155151515152,1,0xD,0xF,0xF,1,1
94,128,4,0x3200624FED2D06EC,0x2,766,0.167101827676,1,0xD,0xF,0xF,1,1
94,128,5,0x3200624FED2D06EC,0x2,682,0.187683284457,1,0x8,0xA,0xA,1,1
94,128,6,0x3200624FED2D06EC,0x2,810,0.158024691358,1,0x1,0x3,0x3,1,1
94,128,7,0x3200624FED2D06EC,0x2,735,0.174149659864,1,0x4,0x6,0x6,1,1
94,160,0,0x3200624FED2D06EC,0x2,870,0.183908045977,1,0x3,0x1,0x1,1,1
94,160,1,0x3200624FED2D06EC,0x2,960,0.166666666667,1,0xD,0xF,0xF,1,1
94,160,2,0x3200624FED2D06EC,0x2,896,0.178571428571,1,0x4,0x6,0x6,1,1
94,160,3,0x3200624FED2D06EC,0x2,1104,0.144927536232,1,0xD,0xF,0xF,1,1
94,160,4,0x3200624FED2D06EC,0x2,974,0.164271047228,1,0xD,0xF,0xF,1,1
94,160,5,0x3200624FED2D06EC,0x2,930,0.172043010753,1,0x8,0xA,0xA,1,1
94,160,6,0x3200624FED2D06EC,0x2,969,0.165118679051,1,0x1,0x3,0x3,1,1
94,160,7,0x3200624FED2D06EC,0x2,967,0.165460186143,1,0x4,0x6,0x6,1,1
94,192,0,0x3200624FED2D06EC,0x2,1014,0.189349112426,1,0x3,0x1,0x1,1,1
94,192,1,0x3200624FED2D06EC,0x2,1154,0.166377816291,1,0xD,0xF,0xF,1,1
94,192,2,0x3200624FED2D06EC,0x2,1096,0.175182481752,1,0x4,0x6,0x6,1,1
94,192,3,0x3200624FED2D06EC,0x2,1261,0.152260111023,1,0xD,0xF,0xF,1,1
94,192,4,0x3200624FED2D06EC,0x2,1210,0.158677685950,1,0xD,0xF,0xF,1,1
94,192,5,0x3200624FED2D06EC,0x2,1120,0.171428571429,1,0x8,0xA,0xA,1,1
94,192,6,0x3200624FED2D06EC,0x2,1149,0.167101827676,1,0x1,0x3,0x3,1,1
94,192,7,0x3200624FED2D06EC,0x2,1120,0.171428571429,1,0x4,0x6,0x6,1,1
94,256,0,0x3200624FED2D06EC,0x2,1395,0.183512544803,1,0x3,0x1,0x1,1,1
94,256,1,0x3200624FED2D06EC,0x2,1573,0.162746344565,1,0xD,0xF,0xF,1,1
94,256,2,0x3200624FED2D06EC,0x2,1478,0.173207036536,1,0x4,0x6,0x6,1,1
94,256,3,0x3200624FED2D06EC,0x2,1586,0.161412358134,1,0xD,0xF,0xF,1,1
94,256,4,0x3200624FED2D06EC,0x2,1620,0.158024691358,1,0xD,0xF,0xF,1,1
94,256,5,0x3200624FED2D06EC,0x2,1453,0.176187198899,1,0x8,0xA,0xA,1,1
94,256,6,0x3200624FED2D06EC,0x2,1504,0.170212765957,1,0x1,0x3,0x3,1,1
94,256,7,0x3200624FED2D06EC,0x2,1454,0.176066024759,1,0x4,0x6,0x6,1,1
95,16,0,0xC0108742C7F9A664,0xC,96,0.166666666667,8,NA,0x0,0x0,0,0
95,16,1,0xC0108742C7F9A664,0xC,90,0.177777777778,0,NA,0x0,0xF,0,0
95,16,2,0xC0108742C7F9A664,0xC,87,0.183908045977,0,NA,0x0,0x5,0,0
95,16,3,0xC0108742C7F9A664,0xC,74,0.216216216216,0,NA,0x0,0x2,0,0
95,16,4,0xC0108742C7F9A664,0xC,75,0.213333333333,0,NA,0x0,0x9,0,0
95,16,5,0xC0108742C7F9A664,0xC,122,0.131147540984,0,NA,0x0,0x8,0,0
95,16,6,0xC0108742C7F9A664,0xC,85,0.188235294118,0,NA,0x0,0x6,0,0
95,16,7,0xC0108742C7F9A664,0xC,97,0.164948453608,0,NA,0x0,0xA,0,0
95,24,0,0xC0108742C7F9A664,0xC,157,0.152866242038,6,NA,0x0,0x0,0,0
95,24,1,0xC0108742C7F9A664,0xC,204,0.117647058824,0,NA,0x0,0xF,0,0
95,24,2,0xC0108742C7F9A664,0xC,125,0.192000000000,0,NA,0x0,0x5,0,0
95,24,3,0xC0108742C7F9A664,0xC,107,0.224299065421,0,NA,0x0,0x2,0,0
95,24,4,0xC0108742C7F9A664,0xC,117,0.205128205128,0,NA,0x0,0x9,0,0
95,24,5,0xC0108742C7F9A664,0xC,179,0.134078212291,0,NA,0x0,0x8,0,0
95,24,6,0xC0108742C7F9A664,0xC,150,0.160000000000,0,NA,0x0,0x6,0,0
95,24,7,0xC0108742C7F9A664,0xC,122,0.196721311475,0,NA,0x0,0xA,0,0
95,32,0,0xC0108742C7F9A664,0xC,210,0.152380952381,4,NA,0x0,0x0,0,0
95,32,1,0xC0108742C7F9A664,0xC,263,0.121673003802,0,NA,0x0,0xF,0,0
95,32,2,0xC0108742C7F9A664,0xC,159,0.201257861635,0,NA,0x0,0x5,0,0
95,32,3,0xC0108742C7F9A664,0xC,155,0.206451612903,0,NA,0x0,0x2,0,0
95,32,4,0xC0108742C7F9A664,0xC,159,0.201257861635,0,NA,0x0,0x9,0,0
95,32,5,0xC0108742C7F9A664,0xC,231,0.138528138528,0,NA,0x0,0x8,0,0
95,32,6,0xC0108742C7F9A664,0xC,199,0.160804020101,0,NA,0x0,0x6,0,0
95,32,7,0xC0108742C7F9A664,0xC,169,0.189349112426,0,NA,0x0,0xA,0,0
95,40,0,0xC0108742C7F9A664,0xC,268,0.149253731343,3,NA,0x0,0x0,0,0
95,40,1,0xC0108742C7F9A664,0xC,325,0.123076923077,0,NA,0x0,0xF,0,0
95,40,2,0xC0108742C7F9A664,0xC,176,0.227272727273,0,NA,0x0,0x5,0,0
95,40,3,0xC0108742C7F9A664,0xC,228,0.175438596491,0,NA,0x0,0x2,0,0
95,40,4,0xC0108742C7F9A664,0xC,191,0.209424083770,0,NA,0x0,0x9,0,0
95,40,5,0xC0108742C7F9A664,0xC,267,0.149812734082,0,NA,0x0,0x8,0,0
95,40,6,0xC0108742C7F9A664,0xC,263,0.152091254753,0,NA,0x0,0x6,0,0
95,40,7,0xC0108742C7F9A664,0xC,258,0.155038759690,0,NA,0x0,0xA,0,0
95,48,0,0xC0108742C7F9A664,0xC,333,0.144144144144,3,NA,0x0,0x0,0,0
95,48,1,0xC0108742C7F9A664,0xC,357,0.134453781513,0,NA,0x0,0xF,0,0
95,48,2,0xC0108742C7F9A664,0xC,244,0.196721311475,0,NA,0x0,0x5,0,0
95,48,3,0xC0108742C7F9A664,0xC,274,0.175182481752,0,NA,0x0,0x2,0,0
95,48,4,0xC0108742C7F9A664,0xC,243,0.197530864198,0,NA,0x0,0x9,0,0
95,48,5,0xC0108742C7F9A664,0xC,294,0.163265306122,0,NA,0x0,0x8,0,0
95,48,6,0xC0108742C7F9A664,0xC,320,0.150000000000,0,NA,0x0,0x6,0,0
95,48,7,0xC0108742C7F9A664,0xC,296,0.162162162162,0,NA,0x0,0xA,0,0
95,56,0,0xC0108742C7F9A664,0xC,367,0.152588555858,2,NA,0x0,0x0,0,0
95,56,1,0xC0108742C7F9A664,0xC,398,0.140703517588,0,NA,0x0,0xF,0,0
95,56,2,0xC0108742C7F9A664,0xC,321,0.174454828660,0,NA,0x0,0x5,0,0
95,56,3,0xC0108742C7F9A664,0xC,323,0.173374613003,0,NA,0x0,0x2,0,0
95,56,4,0xC0108742C7F9A664,0xC,278,0.201438848921,0,NA,0x0,0x9,0,0
95,56,5,0xC0108742C7F9A664,0xC,321,0.174454828660,0,NA,0x0,0x8,0,0
95,56,6,0xC0108742C7F9A664,0xC,368,0.152173913043,0,NA,0x0,0x6,0,0
95,56,7,0xC0108742C7F9A664,0xC,349,0.160458452722,0,NA,0x0,0xA,0,0
95,64,0,0xC0108742C7F9A664,0xC,424,0.150943396226,1,0xC,0x0,0x0,1,1
95,64,1,0xC0108742C7F9A664,0xC,450,0.142222222222,2,NA,0x0,0xF,0,0
95,64,2,0xC0108742C7F9A664,0xC,369,0.173441734417,0,NA,0x0,0x5,0,0
95,64,3,0xC0108742C7F9A664,0xC,399,0.160401002506,0,NA,0x0,0x2,0,0
95,64,4,0xC0108742C7F9A664,0xC,344,0.186046511628,0,NA,0x0,0x9,0,0
95,64,5,0xC0108742C7F9A664,0xC,405,0.158024691358,0,NA,0x0,0x8,0,0
95,64,6,0xC0108742C7F9A664,0xC,409,0.156479217604,0,NA,0x0,0x6,0,0
95,64,7,0xC0108742C7F9A664,0xC,405,0.158024691358,0,NA,0x0,0xA,0,0
95,72,0,0xC0108742C7F9A664,0xC,473,0.152219873150,1,0xC,0x0,0x0,1,1
95,72,1,0xC0108742C7F9A664,0xC,492,0.146341463415,2,NA,0x0,0xF,0,0
95,72,2,0xC0108742C7F9A664,0xC,438,0.164383561644,0,NA,0x0,0x5,0,0
95,72,3,0xC0108742C7F9A664,0xC,442,0.162895927602,0,NA,0x0,0x2,0,0
95,72,4,0xC0108742C7F9A664,0xC,395,0.182278481013,0,NA,0x0,0x9,0,0
95,72,5,0xC0108742C7F9A664,0xC,462,0.155844155844,0,NA,0x0,0x8,0,0
95,72,6,0xC0108742C7F9A664,0xC,450,0.160000000000,0,NA,0x0,0x6,0,0
95,72,7,0xC0108742C7F9A664,0xC,466,0.154506437768,0,NA,0x0,0xA,0,0
95,80,0,0xC0108742C7F9A664,0xC,521,0.153550863724,1,0xC,0x0,0x0,1,1
95,80,1,0xC0108742C7F9A664,0xC,537,0.148975791434,1,0x3,0xF,0xF,1,1
95,80,2,0xC0108742C7F9A664,0xC,467,0.171306209850,1,0x9,0x5,0x5,1,1
95,80,3,0xC0108742C7F9A664,0xC,476,0.168067226891,1,0xE,0x2,0x2,1,1
95,80,4,0xC0108742C7F9A664,0xC,471,0.169851380042,1,0x5,0x9,0x9,1,1
95,80,5,0xC0108742C7F9A664,0xC,508,0.157480314961,1,0x4,0x8,0x8,1,1
95,80,6,0xC0108742C7F9A664,0xC,499,0.160320641283,1,0xA,0x6,0x6,1,1
95,80,7,0xC0108742C7F9A664,0xC,515,0.155339805825,1,0x6,0xA,0xA,1,1
95,96,0,0xC0108742C7F9A664,0xC,623,0.154093097913,1,0xC,0x0,0x0,1,1
95,96,1,0xC0108742C7F9A664,0xC,609,0.157635467980,1,0x3,0xF,0xF,1,1
95,96,2,0xC0108742C7F9A664,0xC,545,0.176146788991,1,0x9,0x5,0x5,1,1
95,96,3,0xC0108742C7F9A664,0xC,585,0.164102564103,1,0xE,0x2,0x2,1,1
95,96,4,0xC0108742C7F9A664,0xC,536,0.179104477612,1,0x5,0x9,0x9,1,1
95,96,5,0xC0108742C7F9A664,0xC,596,0.161073825503,1,0x4,0x8,0x8,1,1
95,96,6,0xC0108742C7F9A664,0xC,561,0.171122994652,1,0xA,0x6,0x6,1,1
95,96,7,0xC0108742C7F9A664,0xC,588,0.163265306122,1,0x6,0xA,0xA,1,1
95,112,0,0xC0108742C7F9A664,0xC,708,0.158192090395,1,0xC,0x0,0x0,1,1
95,112,1,0xC0108742C7F9A664,0xC,704,0.159090909091,1,0x3,0xF,0xF,1,1
95,112,2,0xC0108742C7F9A664,0xC,637,0.175824175824,1,0x9,0x5,0x5,1,1
95,112,3,0xC0108742C7F9A664,0xC,740,0.151351351351,1,0xE,0x2,0x2,1,1
95,112,4,0xC0108742C7F9A664,0xC,648,0.172839506173,1,0x5,0x9,0x9,1,1
95,112,5,0xC0108742C7F9A664,0xC,743,0.150740242261,1,0x4,0x8,0x8,1,1
95,112,6,0xC0108742C7F9A664,0xC,684,0.163742690058,1,0xA,0x6,0x6,1,1
95,112,7,0xC0108742C7F9A664,0xC,689,0.162554426705,1,0x6,0xA,0xA,1,1
95,128,0,0xC0108742C7F9A664,0xC,779,0.164313222080,1,0xC,0x0,0x0,1,1
95,128,1,0xC0108742C7F9A664,0xC,794,0.161209068010,1,0x3,0xF,0xF,1,1
95,128,2,0xC0108742C7F9A664,0xC,736,0.173913043478,1,0x9,0x5,0x5,1,1
95,128,3,0xC0108742C7F9A664,0xC,856,0.149532710280,1,0xE,0x2,0x2,1,1
95,128,4,0xC0108742C7F9A664,0xC,740,0.172972972973,1,0x5,0x9,0x9,1,1
95,128,5,0xC0108742C7F9A664,0xC,856,0.149532710280,1,0x4,0x8,0x8,1,1
95,128,6,0xC0108742C7F9A664,0xC,785,0.163057324841,1,0xA,0x6,0x6,1,1
95,128,7,0xC0108742C7F9A664,0xC,765,0.167320261438,1,0x6,0xA,0xA,1,1
95,160,0,0xC0108742C7F9A664,0xC,930,0.172043010753,1,0xC,0x0,0x0,1,1
95,160,1,0xC0108742C7F9A664,0xC,1015,0.157635467980,1,0x3,0xF,0xF,1,1
95,160,2,0xC0108742C7F9A664,0xC,878,0.182232346241,1,0x9,0x5,0x5,1,1
95,160,3,0xC0108742C7F9A664,0xC,1062,0.150659133710,1,0xE,0x2,0x2,1,1
95,160,4,0xC0108742C7F9A664,0xC,901,0.177580466149,1,0x5,0x9,0x9,1,1
95,160,5,0xC0108742C7F9A664,0xC,1022,0.156555772994,1,0x4,0x8,0x8,1,1
95,160,6,0xC0108742C7F9A664,0xC,990,0.161616161616,1,0xA,0x6,0x6,1,1
95,160,7,0xC0108742C7F9A664,0xC,933,0.171489817792,1,0x6,0xA,0xA,1,1
95,192,0,0xC0108742C7F9A664,0xC,1062,0.180790960452,1,0xC,0x0,0x0,1,1
95,192,1,0xC0108742C7F9A664,0xC,1189,0.161480235492,1,0x3,0xF,0xF,1,1
95,192,2,0xC0108742C7F9A664,0xC,1060,0.181132075472,1,0x9,0x5,0x5,1,1
95,192,3,0xC0108742C7F9A664,0xC,1257,0.152744630072,1,0xE,0x2,0x2,1,1
95,192,4,0xC0108742C7F9A664,0xC,1067,0.179943767573,1,0x5,0x9,0x9,1,1
95,192,5,0xC0108742C7F9A664,0xC,1212,0.158415841584,1,0x4,0x8,0x8,1,1
95,192,6,0xC0108742C7F9A664,0xC,1185,0.162025316456,1,0xA,0x6,0x6,1,1
95,192,7,0xC0108742C7F9A664,0xC,1176,0.163265306122,1,0x6,0xA,0xA,1,1
95,256,0,0xC0108742C7F9A664,0xC,1495,0.171237458194,1,0xC,0x0,0x0,1,1
95,256,1,0xC0108742C7F9A664,0xC,1571,0.162953532782,1,0x3,0xF,0xF,1,1
95,256,2,0xC0108742C7F9A664,0xC,1470,0.174149659864,1,0x9,0x5,0x5,1,1
95,256,3,0xC0108742C7F9A664,0xC,1635,0.156574923547,1,0xE,0x2,0x2,1,1
95,256,4,0xC0108742C7F9A664,0xC,1480,0.172972972973,1,0x5,0x9,0x9,1,1
95,256,5,0xC0108742C7F9A664,0xC,1666,0.153661464586,1,0x4,0x8,0x8,1,1
95,256,6,0xC0108742C7F9A664,0xC,1525,0.167868852459,1,0xA,0x6,0x6,1,1
95,256,7,0xC0108742C7F9A664,0xC,1579,0.162127929069,1,0x6,0xA,0xA,1,1
96,16,0,0x4153AA06F37F1DC5,0x7,96,0.166666666667,5,NA,0x0,0xB,0,0
96,16,1,0x4153AA06F37F1DC5,0x7,67,0.238805970149,0,NA,0x0,0x8,0,0
96,16,2,0x4153AA06F37F1DC5,0x7,78,0.205128205128,0,NA,0x0,0xA,0,0
96,16,3,0x4153AA06F37F1DC5,0x7,82,0.195121951220,0,NA,0x0,0xC,0,0
96,16,4,0x4153AA06F37F1DC5,0x7,89,0.179775280899,0,NA,0x0,0x9,0,0
96,16,5,0x4153AA06F37F1DC5,0x7,97,0.164948453608,0,NA,0x0,0x0,0,0
96,16,6,0x4153AA06F37F1DC5,0x7,120,0.133333333333,0,NA,0x0,0x0,0,0
96,16,7,0x4153AA06F37F1DC5,0x7,94,0.170212765957,0,NA,0x0,0x4,0,0
96,24,0,0x4153AA06F37F1DC5,0x7,144,0.166666666667,4,NA,0x0,0xB,0,0
96,24,1,0x4153AA06F37F1DC5,0x7,122,0.196721311475,0,NA,0x0,0x8,0,0
96,24,2,0x4153AA06F37F1DC5,0x7,111,0.216216216216,0,NA,0x0,0xA,0,0
96,24,3,0x4153AA06F37F1DC5,0x7,142,0.169014084507,0,NA,0x0,0xC,0,0
96,24,4,0x4153AA06F37F1DC5,0x7,133,0.180451127820,0,NA,0x0,0x9,0,0
96,24,5,0x4153AA06F37F1DC5,0x7,133,0.180451127820,0,NA,0x0,0x0,0,0
96,24,6,0x4153AA06F37F1DC5,0x7,158,0.151898734177,0,NA,0x0,0x0,0,0
96,24,7,0x4153AA06F37F1DC5,0x7,117,0.205128205128,0,NA,0x0,0x4,0,0
96,32,0,0x4153AA06F37F1DC5,0x7,170,0.188235294118,4,NA,0x0,0xB,0,0
96,32,1,0x4153AA06F37F1DC5,0x7,166,0.192771084337,0,NA,0x0,0x8,0,0
96,32,2,0x4153AA06F37F1DC5,0x7,145,0.220689655172,0,NA,0x0,0xA,0,0
96,32,3,0x4153AA06F37F1DC5,0x7,235,0.136170212766,0,NA,0x0,0xC,0,0
96,32,4,0x4153AA06F37F1DC5,0x7,164,0.195121951220,0,NA,0x0,0x9,0,0
96,32,5,0x4153AA06F37F1DC5,0x7,191,0.167539267016,0,NA,0x0,0x0,0,0
96,32,6,0x4153AA06F37F1DC5,0x7,203,0.157635467980,0,NA,0x0,0x0,0,0
96,32,7,0x4153AA06F37F1DC5,0x7,143,0.223776223776,0,NA,0x0,0x4,0,0
96,40,0,0x4153AA06F37F1DC5,0x7,223,0.179372197309,4,NA,0x0,0xB,0,0
96,40,1,0x4153AA06F37F1DC5,0x7,229,0.174672489083,0,NA,0x0,0x8,0,0
96,40,2,0x4153AA06F37F1DC5,0x7,177,0.225988700565,0,NA,0x0,0xA,0,0
96,40,3,0x4153AA06F37F1DC5,0x7,302,0.132450331126,0,NA,0x0,0xC,0,0
96,40,4,0x4153AA06F37F1DC5,0x7,209,0.191387559809,0,NA,0x0,0x9,0,0
96,40,5,0x4153AA06F37F1DC5,0x7,233,0.171673819742,0,NA,0x0,0x0,0,0
96,40,6,0x4153AA06F37F1DC5,0x7,251,0.159362549801,0,NA,0x0,0x0,0,0
96,40,7,0x4153AA06F37F1DC5,0x7,184,0.217391304348,0,NA,0x0,0x4,0,0
96,48,0,0x4153AA06F37F1DC5,0x7,283,0.169611307420,3,NA,0x0,0xB,0,0
96,48,1,0x4153AA06F37F1DC5,0x7,276,0.173913043478,0,NA,0x0,0x8,0,0
96,48,2,0x4153AA06F37F1DC5,0x7,238,0.201680672269,0,NA,0x0,0xA,0,0
96,48,3,0x4153AA06F37F1DC5,0x7,396,0.121212121212,0,NA,0x0,0xC,0,0
96,48,4,0x4153AA06F37F1DC5,0x7,265,0.181132075472,0,NA,0x0,0x9,0,0
96,48,5,0x4153AA06F37F1DC5,0x7,265,0.181132075472,0,NA,0x0,0x0,0,0
96,48,6,0x4153AA06F37F1DC5,0x7,302,0.158940397351,0,NA,0x0,0x0,0,0
96,48,7,0x4153AA06F37F1DC5,0x7,219,0.219178082192,0,NA,0x0,0x4,0,0
96,56,0,0x4153AA06F37F1DC5,0x7,338,0.165680473373,2,NA,0x0,0xB,0,0
96,56,1,0x4153AA06F37F1DC5,0x7,318,0.176100628931,0,NA,0x0,0x8,0,0
96,56,2,0x4153AA06F37F1DC5,0x7,286,0.195804195804,0,NA,0x0,0xA,0,0
96,56,3,0x4153AA06F37F1DC5,0x7,447,0.125279642058,0,NA,0x0,0xC,0,0
96,56,4,0x4153AA06F37F1DC5,0x7,310,0.180645161290,0,NA,0x0,0x9,0,0
96,56,5,0x4153AA06F37F1DC5,0x7,309,0.181229773463,0,NA,0x0,0x0,0,0
96,56,6,0x4153AA06F37F1DC5,0x7,375,0.149333333333,0,NA,0x0,0x0,0,0
96,56,7,0x4153AA06F37F1DC5,0x7,265,0.211320754717,0,NA,0x0,0x4,0,0
96,64,0,0x4153AA06F37F1DC5,0x7,379,0.168865435356,1,0xC,0xB,0xB,1,1
96,64,1,0x4153AA06F37F1DC5,0x7,364,0.175824175824,1,0xF,0x8,0x8,1,1
96,64,2,0x4153AA06F37F1DC5,0x7,346,0.184971098266,1,0xD,0xA,0xA,1,1
96,64,3,0x4153AA06F37F1DC5,0x7,502,0.127490039841,1,0xB,0xC,0xC,1,1
96,64,4,0x4153AA06F37F1DC5,0x7,365,0.175342465753,2,NA,0x0,0x9,0,0
96,64,5,0x4153AA06F37F1DC5,0x7,378,0.169312169312,0,NA,0x0,0x0,0,0
96,64,6,0x4153AA06F37F1DC5,0x7,434,0.147465437788,0,NA,0x0,0x0,0,0
96,64,7,0x4153AA06F37F1DC5,0x7,342,0.187134502924,0,NA,0x0,0x4,0,0
96,72,0,0x4153AA06F37F1DC5,0x7,417,0.172661870504,1,0xC,0xB,0xB,1,1
96,72,1,0x4153AA06F37F1DC5,0x7,413,0.174334140436,1,0xF,0x8,0x8,1,1
96,72,2,0x4153AA06F37F1DC5,0x7,410,0.175609756098,1,0xD,0xA,0xA,1,1
96,72,3,0x4153AA06F37F1DC5,0x7,564,0.127659574468,1,0xB,0xC,0xC,1,1
96,72,4,0x4153AA06F37F1DC5,0x7,418,0.172248803828,1,0xE,0x9,0x9,1,1
96,72,5,0x4153AA06F37F1DC5,0x7,464,0.155172413793,1,0x7,0x0,0x0,1,1
96,72,6,0x4153AA06F37F1DC5,0x7,474,0.151898734177,1,0x7,0x0,0x0,1,1
96,72,7,0x4153AA06F37F1DC5,0x7,387,0.186046511628,1,0x3,0x4,0x4,1,1
96,80,0,0x4153AA06F37F1DC5,0x7,488,0.163934426230,1,0xC,0xB,0xB,1,1
96,80,1,0x4153AA06F37F1DC5,0x7,464,0.172413793103,1,0xF,0x8,0x8,1,1
96,80,2,0x4153AA06F37F1DC5,0x7,477,0.167714884696,1,0xD,0xA,0xA,1,1
96,80,3,0x4153AA06F37F1DC5,0x7,613,0.130505709625,1,0xB,0xC,0xC,1,1
96,80,4,0x4153AA06F37F1DC5,0x7,482,0.165975103734,1,0xE,0x9,0x9,1,1
96,80,5,0x4153AA06F37F1DC5,0x7,537,0.148975791434,1,0x7,0x0,0x0,1,1
96,80,6,0x4153AA06F37F1DC5,0x7,570,0.140350877193,1,0x7,0x0,0x0,1,1
96,80,7,0x4153AA06F37F1DC5,0x7,457,0.175054704595,1,0x3,0x4,0x4,1,1
96,96,0,0x4153AA06F37F1DC5,0x7,588,0.163265306122,1,0xC,0xB,0xB,1,1
96,96,1,0x4153AA06F37F1DC5,0x7,543,0.176795580110,1,0xF,0x8,0x8,1,1
96,96,2,0x4153AA06F37F1DC5,0x7,565,0.169911504425,1,0xD,0xA,0xA,1,1
96,96,3,0x4153AA06F37F1DC5,0x7,702,0.136752136752,1,0xB,0xC,0xC,1,1
96,96,4,0x4153AA06F37F1DC5,0x7,575,0.166956521739,1,0xE,0x9,0x9,1,1
96,96,5,0x4153AA06F37F1DC5,0x7,642,0.149532710280,1,0x7,0x0,0x0,1,1
96,96,6,0x4153AA06F37F1DC5,0x7,668,0.143712574850,1,0x7,0x0,0x0,1,1
96,96,7,0x4153AA06F37F1DC5,0x7,586,0.163822525597,1,0x3,0x4,0x4,1,1
96,112,0,0x4153AA06F37F1DC5,0x7,699,0.160228898426,1,0xC,0xB,0xB,1,1
96,112,1,0x4153AA06F37F1DC5,0x7,640,0.175000000000,1,0xF,0x8,0x8,1,1
96,112,2,0x4153AA06F37F1DC5,0x7,681,0.164464023495,1,0xD,0xA,0xA,1,1
96,112,3,0x4153AA06F37F1DC5,0x7,839,0.133492252682,1,0xB,0xC,0xC,1,1
96,112,4,0x4153AA06F37F1DC5,0x7,692,0.161849710983,1,0xE,0x9,0x9,1,1
96,112,5,0x4153AA06F37F1DC5,0x7,754,0.148541114058,1,0x7,0x0,0x0,1,1
96,112,6,0x4153AA06F37F1DC5,0x7,753,0.148738379814,1,0x7,0x0,0x0,1,1
96,112,7,0x4153AA06F37F1DC5,0x7,663,0.168929110106,1,0x3,0x4,0x4,1,1
96,128,0,0x4153AA06F37F1DC5,0x7,776,0.164948453608,1,0xC,0xB,0xB,1,1
96,128,1,0x4153AA06F37F1DC5,0x7,720,0.177777777778,1,0xF,0x8,0x8,1,1
96,128,2,0x4153AA06F37F1DC5,0x7,811,0.157829839704,1,0xD,0xA,0xA,1,1
96,128,3,0x4153AA06F37F1DC5,0x7,947,0.135163674762,1,0xB,0xC,0xC,1,1
96,128,4,0x4153AA06F37F1DC5,0x7,773,0.165588615783,1,0xE,0x9,0x9,1,1
96,128,5,0x4153AA06F37F1DC5,0x7,811,0.157829839704,1,0x7,0x0,0x0,1,1
96,128,6,0x4153AA06F37F1DC5,0x7,856,0.149532710280,1,0x7,0x0,0x0,1,1
96,128,7,0x4153AA06F37F1DC5,0x7,747,0.171352074967,1,0x3,0x4,0x4,1,1
96,160,0,0x4153AA06F37F1DC5,0x7,948,0.168776371308,1,0xC,0xB,0xB,1,1
96,160,1,0x4153AA06F37F1DC5,0x7,943,0.169671261930,1,0xF,0x8,0x8,1,1
96,160,2,0x4153AA06F37F1DC5,0x7,956,0.167364016736,1,0xD,0xA,0xA,1,1
96,160,3,0x4153AA06F37F1DC5,0x7,1080,0.148148148148,1,0xB,0xC,0xC,1,1
96,160,4,0x4153AA06F37F1DC5,0x7,1009,0.158572844400,1,0xE,0x9,0x9,1,1
96,160,5,0x4153AA06F37F1DC5,0x7,996,0.160642570281,1,0x7,0x0,0x0,1,1
96,160,6,0x4153AA06F37F1DC5,0x7,1060,0.150943396226,1,0x7,0x0,0x0,1,1
96,160,7,0x4153AA06F37F1DC5,0x7,900,0.177777777778,1,0x3,0x4,0x4,1,1
96,192,0,0x4153AA06F37F1DC5,0x7,1163,0.165090283749,1,0xC,0xB,0xB,1,1
96,192,1,0x4153AA06F37F1DC5,0x7,1135,0.169162995595,1,0xF,0x8,0x8,1,1
96,192,2,0x4153AA06F37F1DC5,0x7,1149,0.167101827676,1,0xD,0xA,0xA,1,1
96,192,3,0x4153AA06F37F1DC5,0x7,1275,0.150588235294,1,0xB,0xC,0xC,1,1
96,192,4,0x4153AA06F37F1DC5,0x7,1154,0.166377816291,1,0xE,0x9,0x9,1,1
96,192,5,0x4153AA06F37F1DC5,0x7,1178,0.162988115450,1,0x7,0x0,0x0,1,1
96,192,6,0x4153AA06F37F1DC5,0x7,1249,0.153722978383,1,0x7,0x0,0x0,1,1
96,192,7,0x4153AA06F37F1DC5,0x7,1088,0.176470588235,1,0x3,0x4,0x4,1,1
96,256,0,0x4153AA06F37F1DC5,0x7,1550,0.165161290323,1,0xC,0xB,0xB,1,1
96,256,1,0x4153AA06F37F1DC5,0x7,1503,0.170326014637,1,0xF,0x8,0x8,1,1
96,256,2,0x4153AA06F37F1DC5,0x7,1623,0.157732593962,1,0xD,0xA,0xA,1,1
96,256,3,0x4153AA06F37F1DC5,0x7,1627,0.157344806392,1,0xB,0xC,0xC,1,1
96,256,4,0x4153AA06F37F1DC5,0x7,1542,0.166018158236,1,0xE,0x9,0x9,1,1
96,256,5,0x4153AA06F37F1DC5,0x7,1573,0.162746344565,1,0x7,0x0,0x0,1,1
96,256,6,0x4153AA06F37F1DC5,0x7,1702,0.150411280846,1,0x7,0x0,0x0,1,1
96,256,7,0x4153AA06F37F1DC5,0x7,1446,0.177040110650,1,0x3,0x4,0x4,1,1
97,16,0,0xA727173874498AD0,0x6,51,0.313725490196,5,NA,0x0,0x7,0,0
97,16,1,0xA727173874498AD0,0x6,100,0.160000000000,0,NA,0x0,0x9,0,0
97,16,2,0xA727173874498AD0,0x6,72,0.222222222222,0,NA,0x0,0xA,0,0
97,16,3,0xA727173874498AD0,0x6,97,0.164948453608,0,NA,0x0,0xD,0,0
97,16,4,0xA727173874498AD0,0x6,92,0.173913043478,0,NA,0x0,0x4,0,0
97,16,5,0xA727173874498AD0,0x6,98,0.163265306122,0,NA,0x0,0x0,0,0
97,16,6,0xA727173874498AD0,0x6,72,0.222222222222,0,NA,0x0,0x6,0,0
97,16,7,0xA727173874498AD0,0x6,122,0.131147540984,0,NA,0x0,0x6,0,0
97,24,0,0xA727173874498AD0,0x6,116,0.206896551724,3,NA,0x0,0x7,0,0
97,24,1,0xA727173874498AD0,0x6,132,0.181818181818,0,NA,0x0,0x9,0,0
97,24,2,0xA727173874498AD0,0x6,114,0.210526315789,0,NA,0x0,0xA,0,0
97,24,3,0xA727173874498AD0,0x6,130,0.184615384615,0,NA,0x0,0xD,0,0
97,24,4,0xA727173874498AD0,0x6,118,0.203389830508,0,NA,0x0,0x4,0,0
97,24,5,0xA727173874498AD0,0x6,166,0.144578313253,0,NA,0x0,0x0,0,0
97,24,6,0xA727173874498AD0,0x6,111,0.216216216216,0,NA,0x0,0x6,0,0
97,24,7,0xA727173874498AD0,0x6,165,0.145454545455,0,NA,0x0,0x6,0,0
97,32,0,0xA727173874498AD0,0x6,184,0.173913043478,2,NA,0x0,0x7,0,0
97,32,1,0xA727173874498AD0,0x6,180,0.177777777778,0,NA,0x0,0x9,0,0
97,32,2,0xA727173874498AD0,0x6,172,0.186046511628,0,NA,0x0,0xA,0,0
97,32,3,0xA727173874498AD0,0x6,174,0.183908045977,0,NA,0x0,0xD,0,0
97,32,4,0xA727173874498AD0,0x6,154,0.207792207792,0,NA,0x0,0x4,0,0
97,32,5,0xA727173874498AD0,0x6,214,0.149532710280,0,NA,0x0,0x0,0,0
97,32,6,0xA727173874498AD0,0x6,158,0.202531645570,0,NA,0x0,0x6,0,0
97,32,7,0xA727173874498AD0,0x6,234,0.136752136752,0,NA,0x0,0x6,0,0
97,40,0,0xA727173874498AD0,0x6,224,0.178571428571,1,0x1,0x7,0x7,1,1
97,40,1,0xA727173874498AD0,0x6,216,0.185185185185,4,NA,0x0,0x9,0,0
97,40,2,0xA727173874498AD0,0x6,217,0.184331797235,0,NA,0x0,0xA,0,0
97,40,3,0xA727173874498AD0,0x6,226,0.176991150442,0,NA,0x0,0xD,0,0
97,40,4,0xA727173874498AD0,0x6,207,0.193236714976,0,NA,0x0,0x4,0,0
97,40,5,0xA727173874498AD0,0x6,277,0.144404332130,0,NA,0x0,0x0,0,0
97,40,6,0xA727173874498AD0,0x6,201,0.199004975124,0,NA,0x0,0x6,0,0
97,40,7,0xA727173874498AD0,0x6,288,0.138888888889,0,NA,0x0,0x6,0,0
97,48,0,0xA727173874498AD0,0x6,330,0.145454545455,1,0x1,0x7,0x7,1,1
97,48,1,0xA727173874498AD0,0x6,270,0.177777777778,2,NA,0x0,0x9,0,0
97,48,2,0xA727173874498AD0,0x6,254,0.188976377953,0,NA,0x0,0xA,0,0
97,48,3,0xA727173874498AD0,0x6,274,0.175182481752,0,NA,0x0,0xD,0,0
97,48,4,0xA727173874498AD0,0x6,258,0.186046511628,0,NA,0x0,0x4,0,0
97,48,5,0xA727173874498AD0,0x6,325,0.147692307692,0,NA,0x0,0x0,0,0
97,48,6,0xA727173874498AD0,0x6,265,0.181132075472,0,NA,0x0,0x6,0,0
97,48,7,0xA727173874498AD0,0x6,337,0.142433234421,0,NA,0x0,0x6,0,0
97,56,0,0xA727173874498AD0,0x6,416,0.134615384615,1,0x1,0x7,0x7,1,1
97,56,1,0xA727173874498AD0,0x6,351,0.159544159544,1,0xF,0x9,0x9,1,1
97,56,2,0xA727173874498AD0,0x6,291,0.192439862543,2,NA,0x0,0xA,0,0
97,56,3,0xA727173874498AD0,0x6,321,0.174454828660,0,NA,0x0,0xD,0,0
97,56,4,0xA727173874498AD0,0x6,292,0.191780821918,0,NA,0x0,0x4,0,0
97,56,5,0xA727173874498AD0,0x6,365,0.153424657534,0,NA,0x0,0x0,0,0
97,56,6,0xA727173874498AD0,0x6,310,0.180645161290,0,NA,0x0,0x6,0,0
97,56,7,0xA727173874498AD0,0x6,400,0.140000000000,0,NA,0x0,0x6,0,0
97,64,0,0xA727173874498AD0,0x6,499,0.128256513026,1,0x1,0x7,0x7,1,1
97,64,1,0xA727173874498AD0,0x6,387,0.165374677003,1,0xF,0x9,0x9,1,1
97,64,2,0xA727173874498AD0,0x6,331,0.193353474320,2,NA,0x0,0xA,0,0
97,64,3,0xA727173874498AD0,0x6,393,0.162849872774,0,NA,0x0,0xD,0,0
97,64,4,0xA727173874498AD0,0x6,380,0.168421052632,0,NA,0x0,0x4,0,0
97,64,5,0xA727173874498AD0,0x6,412,0.155339805825,0,NA,0x0,0x0,0,0
97,64,6,0xA727173874498AD0,0x6,370,0.172972972973,0,NA,0x0,0x6,0,0
97,64,7,0xA727173874498AD0,0x6,443,0.144469525959,0,NA,0x0,0x6,0,0
97,72,0,0xA727173874498AD0,0x6,543,0.132596685083,1,0x1,0x7,0x7,1,1
97,72,1,0xA727173874498AD0,0x6,441,0.163265306122,1,0xF,0x9,0x9,1,1
97,72,2,0xA727173874498AD0,0x6,380,0.189473684211,1,0xC,0xA,0xA,1,1
97,72,3,0xA727173874498AD0,0x6,424,0.169811320755,1,0xB,0xD,0xD,1,1
97,72,4,0xA727173874498AD0,0x6,432,0.166666666667,1,0x2,0x4,0x4,1,1
97,72,5,0xA727173874498AD0,0x6,451,0.159645232816,1,0x6,0x0,0x0,1,1
97,72,6,0xA727173874498AD0,0x6,413,0.174334140436,2,NA,0x0,0x6,0,0
97,72,7,0xA727173874498AD0,0x6,473,0.152219873150,0,NA,0x0,0x6,0,0
97,80,0,0xA727173874498AD0,0x6,589,0.135823429542,1,0x1,0x7,0x7,1,1
97,80,1,0xA727173874498AD0,0x6,527,0.151802656546,1,0xF,0x9,0x9,1,1
97,80,2,0xA727173874498AD0,0x6,422,0.189573459716,1,0xC,0xA,0xA,1,1
97,80,3,0xA727173874498AD0,0x6,499,0.160320641283,1,0xB,0xD,0xD,1,1
97,80,4,0xA727173874498AD0,0x6,471,0.169851380042,1,0x2,0x4,0x4,1,1
97,80,5,0xA727173874498AD0,0x6,504,0.158730158730,1,0x6,0x0,0x0,1,1
97,80,6,0xA727173874498AD0,0x6,488,0.163934426230,1,0x0,0x6,0x6,1,1
97,80,7,0xA727173874498AD0,0x6,531,0.150659133710,1,0x0,0x6,0x6,1,1
97,96,0,0xA727173874498AD0,0x6,691,0.138929088278,1,0x1,0x7,0x7,1,1
97,96,1,0xA727173874498AD0,0x6,599,0.160267111853,1,0xF,0x9,0x9,1,1
97,96,2,0xA727173874498AD0,0x6,523,0.183556405354,1,0xC,0xA,0xA,1,1
97,96,3,0xA727173874498AD0,0x6,588,0.163265306122,1,0xB,0xD,0xD,1,1
97,96,4,0xA727173874498AD0,0x6,548,0.175182481752,1,0x2,0x4,0x4,1,1
97,96,5,0xA727173874498AD0,0x6,614,0.156351791531,1,0x6,0x0,0x0,1,1
97,96,6,0xA727173874498AD0,0x6,554,0.173285198556,1,0x0,0x6,0x6,1,1
97,96,7,0xA727173874498AD0,0x6,581,0.165232358003,1,0x0,0x6,0x6,1,1
97,112,0,0xA727173874498AD0,0x6,802,0.139650872818,1,0x1,0x7,0x7,1,1
97,112,1,0xA727173874498AD0,0x6,681,0.164464023495,1,0xF,0x9,0x9,1,1
97,112,2,0xA727173874498AD0,0x6,621,0.180354267311,1,0xC,0xA,0xA,1,1
97,112,3,0xA727173874498AD0,0x6,692,0.161849710983,1,0xB,0xD,0xD,1,1
97,112,4,0xA727173874498AD0,0x6,638,0.175548589342,1,0x2,0x4,0x4,1,1
97,112,5,0xA727173874498AD0,0x6,707,0.158415841584,1,0x6,0x0,0x0,1,1
97,112,6,0xA727173874498AD0,0x6,633,0.176935229068,1,0x0,0x6,0x6,1,1
97,112,7,0xA727173874498AD0,0x6,667,0.167916041979,1,0x0,0x6,0x6,1,1
97,128,0,0xA727173874498AD0,0x6,935,0.136898395722,1,0x1,0x7,0x7,1,1
97,128,1,0xA727173874498AD0,0x6,754,0.169761273210,1,0xF,0x9,0x9,1,1
97,128,2,0xA727173874498AD0,0x6,744,0.172043010753,1,0xC,0xA,0xA,1,1
97,128,3,0xA727173874498AD0,0x6,850,0.150588235294,1,0xB,0xD,0xD,1,1
97,128,4,0xA727173874498AD0,0x6,722,0.177285318560,1,0x2,0x4,0x4,1,1
97,128,5,0xA727173874498AD0,0x6,777,0.164736164736,1,0x6,0x0,0x0,1,1
97,128,6,0xA727173874498AD0,0x6,762,0.167979002625,1,0x0,0x6,0x6,1,1
97,128,7,0xA727173874498AD0,0x6,755,0.169536423841,1,0x0,0x6,0x6,1,1
97,160,0,0xA727173874498AD0,0x6,1130,0.141592920354,1,0x1,0x7,0x7,1,1
97,160,1,0xA727173874498AD0,0x6,927,0.172599784250,1,0xF,0x9,0x9,1,1
97,160,2,0xA727173874498AD0,0x6,920,0.173913043478,1,0xC,0xA,0xA,1,1
97,160,3,0xA727173874498AD0,0x6,985,0.162436548223,1,0xB,0xD,0xD,1,1
97,160,4,0xA727173874498AD0,0x6,947,0.168954593453,1,0x2,0x4,0x4,1,1
97,160,5,0xA727173874498AD0,0x6,982,0.162932790224,1,0x6,0x0,0x0,1,1
97,160,6,0xA727173874498AD0,0x6,973,0.164439876670,1,0x0,0x6,0x6,1,1
97,160,7,0xA727173874498AD0,0x6,965,0.165803108808,1,0x0,0x6,0x6,1,1
97,192,0,0xA727173874498AD0,0x6,1307,0.146901300689,1,0x1,0x7,0x7,1,1
97,192,1,0xA727173874498AD0,0x6,1172,0.163822525597,1,0xF,0x9,0x9,1,1
97,192,2,0xA727173874498AD0,0x6,1101,0.174386920981,1,0xC,0xA,0xA,1,1
97,192,3,0xA727173874498AD0,0x6,1135,0.169162995595,1,0xB,0xD,0xD,1,1
97,192,4,0xA727173874498AD0,0x6,1115,0.172197309417,1,0x2,0x4,0x4,1,1
97,192,5,0xA727173874498AD0,0x6,1172,0.163822525597,1,0x6,0x0,0x0,1,1
97,192,6,0xA727173874498AD0,0x6,1182,0.162436548223,1,0x0,0x6,0x6,1,1
97,192,7,0xA727173874498AD0,0x6,1157,0.165946413137,1,0x0,0x6,0x6,1,1
97,256,0,0xA727173874498AD0,0x6,1751,0.146202170188,1,0x1,0x7,0x7,1,1
97,256,1,0xA727173874498AD0,0x6,1607,0.159303049160,1,0xF,0x9,0x9,1,1
97,256,2,0xA727173874498AD0,0x6,1439,0.177901320361,1,0xC,0xA,0xA,1,1
97,256,3,0xA727173874498AD0,0x6,1479,0.173089925625,1,0xB,0xD,0xD,1,1
97,256,4,0xA727173874498AD0,0x6,1476,0.173441734417,1,0x2,0x4,0x4,1,1
97,256,5,0xA727173874498AD0,0x6,1470,0.174149659864,1,0x6,0x0,0x0,1,1
97,256,6,0xA727173874498AD0,0x6,1579,0.162127929069,1,0x0,0x6,0x6,1,1
97,256,7,0xA727173874498AD0,0x6,1532,0.167101827676,1,0x0,0x6,0x6,1,1
98,16,0,0xE2155803B3A336DE,0x5,109,0.146788990826,8,NA,0x0,0xA,0,0
98,16,1,0xE2155803B3A336DE,0x5,130,0.123076923077,0,NA,0x0,0x0,0,0
98,16,2,0xE2155803B3A336DE,0x5,150,0.106666666667,0,NA,0x0,0xE,0,0
98,16,3,0xE2155803B3A336DE,0x5,93,0.172043010753,0,NA,0x0,0x2,0,0
98,16,4,0xE2155803B3A336DE,0x5,93,0.172043010753,0,NA,0x0,0x2,0,0
98,16,5,0xE2155803B3A336DE,0x5,86,0.186046511628,0,NA,0x0,0xA,0,0
98,16,6,0xE2155803B3A336DE,0x5,124,0.129032258065,0,NA,0x0,0x6,0,0
98,16,7,0xE2155803B3A336DE,0x5,90,0.177777777778,0,NA,0x0,0x5,0,0
98,24,0,0xE2155803B3A336DE,0x5,170,0.141176470588,5,NA,0x0,0xA,0,0
98,24,1,0xE2155803B3A336DE,0x5,175,0.137142857143,0,NA,0x0,0x0,0,0
98,24,2,0xE2155803B3A336DE,0x5,233,0.103004291845,0,NA,0x0,0xE,0,0
98,24,3,0xE2155803B3A336DE,0x5,134,0.179104477612,0,NA,0x0,0x2,0,0
98,24,4,0xE2155803B3A336DE,0x5,157,0.152866242038,0,NA,0x0,0x2,0,0
98,24,5,0xE2155803B3A336DE,0x5,156,0.153846153846,0,NA,0x0,0xA,0,0
98,24,6,0xE2155803B3A336DE,0x5,167,0.143712574850,0,NA,0x0,0x6,0,0
98,24,7,0xE2155803B3A336DE,0x5,134,0.179104477612,0,NA,0x0,0x5,0,0
98,32,0,0xE2155803B3A336DE,0x5,207,0.154589371981,2,NA,0x0,0xA,0,0
98,32,1,0xE2155803B3A336DE,0x5,205,0.156097560976,0,NA,0x0,0x0,0,0
98,32,2,0xE2155803B3A336DE,0x5,274,0.116788321168,0,NA,0x0,0xE,0,0
98,32,3,0xE2155803B3A336DE,0x5,200,0.160000000000,0,NA,0x0,0x2,0,0
98,32,4,0xE2155803B3A336DE,0x5,215,0.148837209302,0,NA,0x0,0x2,0,0
98,32,5,0xE2155803B3A336DE,0x5,194,0.164948453608,0,NA,0x0,0xA,0,0
98,32,6,0xE2155803B3A336DE,0x5,221,0.144796380090,0,NA,0x0,0x6,0,0
98,32,7,0xE2155803B3A336DE,0x5,163,0.196319018405,0,NA,0x0,0x5,0,0
98,40,0,0xE2155803B3A336DE,0x5,256,0.156250000000,1,0xF,0xA,0xA,1,1
98,40,1,0xE2155803B3A336DE,0x5,246,0.162601626016,1,0x5,0x0,0x0,1,1
98,40,2,0xE2155803B3A336DE,0x5,344,0.116279069767,2,NA,0x0,0xE,0,0
98,40,3,0xE2155803B3A336DE,0x5,250,0.160000000000,0,NA,0x0,0x2,0,0
98,40,4,0xE2155803B3A336DE,0x5,256,0.156250000000,0,NA,0x0,0x2,0,0
98,40,5,0xE2155803B3A336DE,0x5,222,0.180180180180,0,NA,0x0,0xA,0,0
98,40,6,0xE2155803B3A336DE,0x5,256,0.156250000000,0,NA,0x0,0x6,0,0
98,40,7,0xE2155803B3A336DE,0x5,210,0.190476190476,0,NA,0x0,0x5,0,0
98,48,0,0xE2155803B3A336DE,0x5,283,0.169611307420,1,0xF,0xA,0xA,1,1
98,48,1,0xE2155803B3A336DE,0x5,283,0.169611307420,1,0x5,0x0,0x0,1,1
98,48,2,0xE2155803B3A336DE,0x5,392,0.122448979592,1,0xB,0xE,0xE,1,1
98,48,3,0xE2155803B3A336DE,0x5,303,0.158415841584,2,NA,0x0,0x2,0,0
98,48,4,0xE2155803B3A336DE,0x5,294,0.163265306122,0,NA,0x0,0x2,0,0
98,48,5,0xE2155803B3A336DE,0x5,292,0.164383561644,0,NA,0x0,0xA,0,0
98,48,6,0xE2155803B3A336DE,0x5,298,0.161073825503,0,NA,0x0,0x6,0,0
98,48,7,0xE2155803B3A336DE,0x5,241,0.199170124481,0,NA,0x0,0x5,0,0
98,56,0,0xE2155803B3A336DE,0x5,307,0.182410423453,1,0xF,0xA,0xA,1,1
98,56,1,0xE2155803B3A336DE,0x5,345,0.162318840580,1,0x5,0x0,0x0,1,1
98,56,2,0xE2155803B3A336DE,0x5,453,0.123620309051,1,0xB,0xE,0xE,1,1
98,56,3,0xE2155803B3A336DE,0x5,343,0.163265306122,2,NA,0x0,0x2,0,0
98,56,4,0xE2155803B3A336DE,0x5,325,0.172307692308,0,NA,0x0,0x2,0,0
98,56,5,0xE2155803B3A336DE,0x5,333,0.168168168168,0,NA,0x0,0xA,0,0
98,56,6,0xE2155803B3A336DE,0x5,341,0.164222873900,0,NA,0x0,0x6,0,0
98,56,7,0xE2155803B3A336DE,0x5,281,0.199288256228,0,NA,0x0,0x5,0,0
98,64,0,0xE2155803B3A336DE,0x5,345,0.185507246377,1,0xF,0xA,0xA,1,1
98,64,1,0xE2155803B3A336DE,0x5,404,0.158415841584,1,0x5,0x0,0x0,1,1
98,64,2,0xE2155803B3A336DE,0x5,508,0.125984251969,1,0xB,0xE,0xE,1,1
98,64,3,0xE2155803B3A336DE,0x5,377,0.169761273210,1,0x7,0x2,0x2,1,1
98,64,4,0xE2155803B3A336DE,0x5,404,0.158415841584,1,0x7,0x2,0x2,1,1
98,64,5,0xE2155803B3A336DE,0x5,369,0.173441734417,1,0xF,0xA,0xA,1,1
98,64,6,0xE2155803B3A336DE,0x5,406,0.157635467980,1,0x3,0x6,0x6,1,1
98,64,7,0xE2155803B3A336DE,0x5,333,0.192192192192,1,0x0,0x5,0x5,1,1
98,72,0,0xE2155803B3A336DE,0x5,386,0.186528497409,1,0xF,0xA,0xA,1,1
98,72,1,0xE2155803B3A336DE,0x5,460,0.156521739130,1,0x5,0x0,0x0,1,1
98,72,2,0xE2155803B3A336DE,0x5,583,0.123499142367,1,0xB,0xE,0xE,1,1
98,72,3,0xE2155803B3A336DE,0x5,434,0.165898617512,1,0x7,0x2,0x2,1,1
98,72,4,0xE2155803B3A336DE,0x5,426,0.169014084507,1,0x7,0x2,0x2,1,1
98,72,5,0xE2155803B3A336DE,0x5,420,0.171428571429,1,0xF,0xA,0xA,1,1
98,72,6,0xE2155803B3A336DE,0x5,424,0.169811320755,1,0x3,0x6,0x6,1,1
98,72,7,0xE2155803B3A336DE,0x5,371,0.194070080863,1,0x0,0x5,0x5,1,1
98,80,0,0xE2155803B3A336DE,0x5,417,0.191846522782,1,0xF,0xA,0xA,1,1
98,80,1,0xE2155803B3A336DE,0x5,502,0.159362549801,1,0x5,0x0,0x0,1,1
98,80,2,0xE2155803B3A336DE,0x5,628,0.127388535032,1,0xB,0xE,0xE,1,1
98,80,3,0xE2155803B3A336DE,0x5,468,0.170940170940,1,0x7,0x2,0x2,1,1
98,80,4,0xE2155803B3A336DE,0x5,454,0.176211453744,1,0x7,0x2,0x2,1,1
98,80,5,0xE2155803B3A336DE,0x5,494,0.161943319838,1,0xF,0xA,0xA,1,1
98,80,6,0xE2155803B3A336DE,0x5,484,0.165289256198,1,0x3,0x6,0x6,1,1
98,80,7,0xE2155803B3A336DE,0x5,407,0.196560196560,1,0x0,0x5,0x5,1,1
98,96,0,0xE2155803B3A336DE,0x5,538,0.178438661710,1,0xF,0xA,0xA,1,1
98,96,1,0xE2155803B3A336DE,0x5,589,0.162988115450,1,0x5,0x0,0x0,1,1
98,96,2,0xE2155803B3A336DE,0x5,730,0.131506849315,1,0xB,0xE,0xE,1,1
98,96,3,0xE2155803B3A336DE,0x5,581,0.165232358003,1,0x7,0x2,0x2,1,1
98,96,4,0xE2155803B3A336DE,0x5,533,0.180112570356,1,0x7,0x2,0x2,1,1
98,96,5,0xE2155803B3A336DE,0x5,594,0.161616161616,1,0xF,0xA,0xA,1,1
98,96,6,0xE2155803B3A336DE,0x5,576,0.166666666667,1,0x3,0x6,0x6,1,1
98,96,7,0xE2155803B3A336DE,0x5,504,0.190476190476,1,0x0,0x5,0x5,1,1
98,112,0,0xE2155803B3A336DE,0x5,652,0.171779141104,1,0xF,0xA,0xA,1,1
98,112,1,0xE2155803B3A336DE,0x5,654,0.171253822630,1,0x5,0x0,0x0,1,1
98,112,2,0xE2155803B3A336DE,0x5,837,0.133811230585,1,0xB,0xE,0xE,1,1
98,112,3,0xE2155803B3A336DE,0x5,707,0.158415841584,1,0x7,0x2,0x2,1,1
98,112,4,0xE2155803B3A336DE,0x5,633,0.176935229068,1,0x7,0x2,0x2,1,1
98,112,5,0xE2155803B3A336DE,0x5,710,0.157746478873,1,0xF,0xA,0xA,1,1
98,112,6,0xE2155803B3A336DE,0x5,680,0.164705882353,1,0x3,0x6,0x6,1,1
98,112,7,0xE2155803B3A336DE,0x5,591,0.189509306261,1,0x0,0x5,0x5,1,1
98,128,0,0xE2155803B3A336DE,0x5,769,0.166449934980,1,0xF,0xA,0xA,1,1
98,128,1,0xE2155803B3A336DE,0x5,746,0.171581769437,1,0x5,0x0,0x0,1,1
98,128,2,0xE2155803B3A336DE,0x5,932,0.137339055794,1,0xB,0xE,0xE,1,1
98,128,3,0xE2155803B3A336DE,0x5,784,0.163265306122,1,0x7,0x2,0x2,1,1
98,128,4,0xE2155803B3A336DE,0x5,740,0.172972972973,1,0x7,0x2,0x2,1,1
98,128,5,0xE2155803B3A336DE,0x5,803,0.159402241594,1,0xF,0xA,0xA,1,1
98,128,6,0xE2155803B3A336DE,0x5,761,0.168199737188,1,0x3,0x6,0x6,1,1
98,128,7,0xE2155803B3A336DE,0x5,684,0.187134502924,1,0x0,0x5,0x5,1,1
98,160,0,0xE2155803B3A336DE,0x5,970,0.164948453608,1,0xF,0xA,0xA,1,1
98,160,1,0xE2155803B3A336DE,0x5,900,0.177777777778,1,0x5,0x0,0x0,1,1
98,160,2,0xE2155803B3A336DE,0x5,1168,0.136986301370,1,0xB,0xE,0xE,1,1
98,160,3,0xE2155803B3A336DE,0x5,980,0.163265306122,1,0x7,0x2,0x2,1,1
98,160,4,0xE2155803B3A336DE,0x5,970,0.164948453608,1,0x7,0x2,0x2,1,1
98,160,5,0xE2155803B3A336DE,0x5,997,0.160481444333,1,0xF,0xA,0xA,1,1
98,160,6,0xE2155803B3A336DE,0x5,950,0.168421052632,1,0x3,0x6,0x6,1,1
98,160,7,0xE2155803B3A336DE,0x5,948,0.168776371308,1,0x0,0x5,0x5,1,1
98,192,0,0xE2155803B3A336DE,0x5,1140,0.168421052632,1,0xF,0xA,0xA,1,1
98,192,1,0xE2155803B3A336DE,0x5,1109,0.173128944995,1,0x5,0x0,0x0,1,1
98,192,2,0xE2155803B3A336DE,0x5,1326,0.144796380090,1,0xB,0xE,0xE,1,1
98,192,3,0xE2155803B3A336DE,0x5,1169,0.164242942686,1,0x7,0x2,0x2,1,1
98,192,4,0xE2155803B3A336DE,0x5,1154,0.166377816291,1,0x7,0x2,0x2,1,1
98,192,5,0xE2155803B3A336DE,0x5,1226,0.156606851550,1,0xF,0xA,0xA,1,1
98,192,6,0xE2155803B3A336DE,0x5,1118,0.171735241503,1,0x3,0x6,0x6,1,1
98,192,7,0xE2155803B3A336DE,0x5,1120,0.171428571429,1,0x0,0x5,0x5,1,1
98,256,0,0xE2155803B3A336DE,0x5,1470,0.174149659864,1,0xF,0xA,0xA,1,1
98,256,1,0xE2155803B3A336DE,0x5,1515,0.168976897690,1,0x5,0x0,0x0,1,1
98,256,2,0xE2155803B3A336DE,0x5,1741,0.147041929925,1,0xB,0xE,0xE,1,1
98,256,3,0xE2155803B3A336DE,0x5,1571,0.162953532782,1,0x7,0x2,0x2,1,1
98,256,4,0xE2155803B3A336DE,0x5,1479,0.173089925625,1,0x7,0x2,0x2,1,1
98,256,5,0xE2155803B3A336DE,0x5,1616,0.158415841584,1,0xF,0xA,0xA,1,1
98,256,6,0xE2155803B3A336DE,0x5,1552,0.164948453608,1,0x3,0x6,0x6,1,1
98,256,7,0xE2155803B3A336DE,0x5,1535,0.166775244300,1,0x0,0x5,0x5,1,1
99,16,0,0x2079B83BF24E7C31,0x7,70,0.228571428571,6,NA,0x0,0x9,0,0
99,16,1,0x2079B83BF24E7C31,0x7,83,0.192771084337,0,NA,0x0,0xB,0,0
99,16,2,0x2079B83BF24E7C31,0x7,95,0.168421052632,0,NA,0x0,0x3,0,0
99,16,3,0x2079B83BF24E7C31,0x7,114,0.140350877193,0,NA,0x0,0x4,0,0
99,16,4,0x2079B83BF24E7C31,0x7,171,0.093567251462,0,NA,0x0,0x4,0,0
99,16,5,0x2079B83BF24E7C31,0x7,81,0.197530864198,0,NA,0x0,0xE,0,0
99,16,6,0x2079B83BF24E7C31,0x7,117,0.136752136752,0,NA,0x0,0x9,0,0
99,16,7,0x2079B83BF24E7C31,0x7,124,0.129032258065,0,NA,0x0,0x8,0,0
99,24,0,0x2079B83BF24E7C31,0x7,117,0.205128205128,5,NA,0x0,0x9,0,0
99,24,1,0x2079B83BF24E7C31,0x7,143,0.167832167832,0,NA,0x0,0xB,0,0
99,24,2,0x2079B83BF24E7C31,0x7,130,0.184615384615,0,NA,0x0,0x3,0,0
99,24,3,0x2079B83BF24E7C31,0x7,158,0.151898734177,0,NA,0x0,0x4,0,0
99,24,4,0x2079B83BF24E7C31,0x7,238,0.100840336134,0,NA,0x0,0x4,0,0
99,24,5,0x2079B83BF24E7C31,0x7,135,0.177777777778,0,NA,0x0,0xE,0,0
99,24,6,0x2079B83BF24E7C31,0x7,183,0.131147540984,0,NA,0x0,0x9,0,0
99,24,7,0x2079B83BF24E7C31,0x7,182,0.131868131868,0,NA,0x0,0x8,0,0
99,32,0,0x2079B83BF24E7C31,0x7,178,0.179775280899,3,NA,0x0,0x9,0,0
99,32,1,0x2079B83BF24E7C31,0x7,209,0.153110047847,0,NA,0x0,0xB,0,0
99,32,2,0x2079B83BF24E7C31,0x7,176,0.181818181818,0,NA,0x0,0x3,0,0
99,32,3,0x2079B83BF24E7C31,0x7,197,0.162436548223,0,NA,0x0,0x4,0,0
99,32,4,0x2079B83BF24E7C31,0x7,277,0.115523465704,0,NA,0x0,0x4,0,0
99,32,5,0x2079B83BF24E7C31,0x7,220,0.145454545455,0,NA,0x0,0xE,0,0
99,32,6,0x2079B83BF24E7C31,0x7,231,0.138528138528,0,NA,0x0,0x9,0,0
99,32,7,0x2079B83BF24E7C31,0x7,229,0.139737991266,0,NA,0x0,0x8,0,0
99,40,0,0x2079B83BF24E7C31,0x7,223,0.179372197309,2,NA,0x0,0x9,0,0
99,40,1,0x2079B83BF24E7C31,0x7,276,0.144927536232,0,NA,0x0,0xB,0,0
99,40,2,0x2079B83BF24E7C31,0x7,237,0.168776371308,0,NA,0x0,0x3,0,0
99,40,3,0x2079B83BF24E7C31,0x7,223,0.179372197309,0,NA,0x0,0x4,0,0
99,40,4,0x2079B83BF24E7C31,0x7,325,0.123076923077,0,NA,0x0,0x4,0,0
99,40,5,0x2079B83BF24E7C31,0x7,258,0.155038759690,0,NA,0x0,0xE,0,0
99,40,6,0x2079B83BF24E7C31,0x7,274,0.145985401460,0,NA,0x0,0x9,0,0
99,40,7,0x2079B83BF24E7C31,0x7,326,0.122699386503,0,NA,0x0,0x8,0,0
99,48,0,0x2079B83BF24E7C31,0x7,258,0.186046511628,1,0xE,0x9,0x9,1,1
99,48,1,0x2079B83BF24E7C31,0x7,347,0.138328530259,1,0xC,0xB,0xB,1,1
99,48,2,0x2079B83BF24E7C31,0x7,306,0.156862745098,3,NA,0x0,0x3,0,0
99,48,3,0x2079B83BF24E7C31,0x7,291,0.164948453608,0,NA,0x0,0x4,0,0
99,48,4,0x2079B83BF24E7C31,0x7,356,0.134831460674,0,NA,0x0,0x4,0,0
99,48,5,0x2079B83BF24E7C31,0x7,327,0.146788990826,0,NA,0x0,0xE,0,0
99,48,6,0x2079B83BF24E7C31,0x7,315,0.152380952381,0,NA,0x0,0x9,0,0
99,48,7,0x2079B83BF24E7C31,0x7,375,0.128000000000,0,NA,0x0,0x8,0,0
99,56,0,0x2079B83BF24E7C31,0x7,303,0.184818481848,1,0xE,0x9,0x9,1,1
99,56,1,0x2079B83BF24E7C31,0x7,403,0.138957816377,1,0xC,0xB,0xB,1,1
99,56,2,0x2079B83BF24E7C31,0x7,380,0.147368421053,2,NA,0x0,0x3,0,0
99,56,3,0x2079B83BF24E7C31,0x7,338,0.165680473373,0,NA,0x0,0x4,0,0
99,56,4,0x2079B83BF24E7C31,0x7,412,0.135922330097,0,NA,0x0,0x4,0,0
99,56,5,0x2079B83BF24E7C31,0x7,367,0.152588555858,0,NA,0x0,0xE,0,0
99,56,6,0x2079B83BF24E7C31,0x7,367,0.152588555858,0,NA,0x0,0x9,0,0
99,56,7,0x2079B83BF24E7C31,0x7,406,0.137931034483,0,NA,0x0,0x8,0,0
99,64,0,0x2079B83BF24E7C31,0x7,335,0.191044776119,1,0xE,0x9,0x9,1,1
99,64,1,0x2079B83BF24E7C31,0x7,458,0.139737991266,1,0xC,0xB,0xB,1,1
99,64,2,0x2079B83BF24E7C31,0x7,409,0.156479217604,2,NA,0x0,0x3,0,0
99,64,3,0x2079B83BF24E7C31,0x7,386,0.165803108808,0,NA,0x0,0x4,0,0
99,64,4,0x2079B83BF24E7C31,0x7,487,0.131416837782,0,NA,0x0,0x4,0,0
99,64,5,0x2079B83BF24E7C31,0x7,420,0.152380952381,0,NA,0x0,0xE,0,0
99,64,6,0x2079B83BF24E7C31,0x7,411,0.155717761557,0,NA,0x0,0x9,0,0
99,64,7,0x2079B83BF24E7C31,0x7,505,0.126732673267,0,NA,0x0,0x8,0,0
99,72,0,0x2079B83BF24E7C31,0x7,369,0.195121951220,1,0xE,0x9,0x9,1,1
99,72,1,0x2079B83BF24E7C31,0x7,505,0.142574257426,1,0xC,0xB,0xB,1,1
99,72,2,0x2079B83BF24E7C31,0x7,431,0.167053364269,1,0x4,0x3,0x3,1,1
99,72,3,0x2079B83BF24E7C31,0x7,439,0.164009111617,1,0x3,0x4,0x4,1,1
99,72,4,0x2079B83BF24E7C31,0x7,516,0.139534883721,1,0x3,0x4,0x4,1,1
99,72,5,0x2079B83BF24E7C31,0x7,459,0.156862745098,1,0x9,0xE,0xE,1,1
99,72,6,0x2079B83BF24E7C31,0x7,454,0.158590308370,1,0xE,0x9,0x9,1,1
99,72,7,0x2079B83BF24E7C31,0x7,540,0.133333333333,1,0xF,0x8,0x8,1,1
99,80,0,0x2079B83BF24E7C31,0x7,411,0.194647201946,1,0xE,0x9,0x9,1,1
99,80,1,0x2079B83BF24E7C31,0x7,543,0.147329650092,1,0xC,0xB,0xB,1,1
99,80,2,0x2079B83BF24E7C31,0x7,470,0.170212765957,1,0x4,0x3,0x3,1,1
99,80,3,0x2079B83BF24E7C31,0x7,498,0.160642570281,1,0x3,0x4,0x4,1,1
99,80,4,0x2079B83BF24E7C31,0x7,568,0.140845070423,1,0x3,0x4,0x4,1,1
99,80,5,0x2079B83BF24E7C31,0x7,490,0.163265306122,1,0x9,0xE,0xE,1,1
99,80,6,0x2079B83BF24E7C31,0x7,514,0.155642023346,1,0xE,0x9,0x9,1,1
99,80,7,0x2079B83BF24E7C31,0x7,576,0.138888888889,1,0xF,0x8,0x8,1,1
99,96,0,0x2079B83BF24E7C31,0x7,462,0.207792207792,1,0xE,0x9,0x9,1,1
99,96,1,0x2079B83BF24E7C31,0x7,695,0.138129496403,1,0xC,0xB,0xB,1,1
99,96,2,0x2079B83BF24E7C31,0x7,589,0.162988115450,1,0x4,0x3,0x3,1,1
99,96,3,0x2079B83BF24E7C31,0x7,614,0.156351791531,1,0x3,0x4,0x4,1,1
99,96,4,0x2079B83BF24E7C31,0x7,670,0.143283582090,1,0x3,0x4,0x4,1,1
99,96,5,0x2079B83BF24E7C31,0x7,599,0.160267111853,1,0x9,0xE,0xE,1,1
99,96,6,0x2079B83BF24E7C31,0x7,643,0.149300155521,1,0xE,0x9,0x9,1,1
99,96,7,0x2079B83BF24E7C31,0x7,674,0.142433234421,1,0xF,0x8,0x8,1,1
99,112,0,0x2079B83BF24E7C31,0x7,608,0.184210526316,1,0xE,0x9,0x9,1,1
99,112,1,0x2079B83BF24E7C31,0x7,775,0.144516129032,1,0xC,0xB,0xB,1,1
99,112,2,0x2079B83BF24E7C31,0x7,704,0.159090909091,1,0x4,0x3,0x3,1,1
99,112,3,0x2079B83BF24E7C31,0x7,694,0.161383285303,1,0x3,0x4,0x4,1,1
99,112,4,0x2079B83BF24E7C31,0x7,713,0.157082748948,1,0x3,0x4,0x4,1,1
99,112,5,0x2079B83BF24E7C31,0x7,703,0.159317211949,1,0x9,0xE,0xE,1,1
99,112,6,0x2079B83BF24E7C31,0x7,740,0.151351351351,1,0xE,0x9,0x9,1,1
99,112,7,0x2079B83BF24E7C31,0x7,739,0.151556156969,1,0xF,0x8,0x8,1,1
99,128,0,0x2079B83BF24E7C31,0x7,737,0.173677069199,1,0xE,0x9,0x9,1,1
99,128,1,0x2079B83BF24E7C31,0x7,833,0.153661464586,1,0xC,0xB,0xB,1,1
99,128,2,0x2079B83BF24E7C31,0x7,797,0.160602258469,1,0x4,0x3,0x3,1,1
99,128,3,0x2079B83BF24E7C31,0x7,775,0.165161290323,1,0x3,0x4,0x4,1,1
99,128,4,0x2079B83BF24E7C31,0x7,807,0.158612143742,1,0x3,0x4,0x4,1,1
99,128,5,0x2079B83BF24E7C31,0x7,798,0.160401002506,1,0x9,0xE,0xE,1,1
99,128,6,0x2079B83BF24E7C31,0x7,851,0.150411280846,1,0xE,0x9,0x9,1,1
99,128,7,0x2079B83BF24E7C31,0x7,855,0.149707602339,1,0xF,0x8,0x8,1,1
99,160,0,0x2079B83BF24E7C31,0x7,909,0.176017601760,1,0xE,0x9,0x9,1,1
99,160,1,0x2079B83BF24E7C31,0x7,955,0.167539267016,1,0xC,0xB,0xB,1,1
99,160,2,0x2079B83BF24E7C31,0x7,937,0.170757737460,1,0x4,0x3,0x3,1,1
99,160,3,0x2079B83BF24E7C31,0x7,951,0.168243953733,1,0x3,0x4,0x4,1,1
99,160,4,0x2079B83BF24E7C31,0x7,976,0.163934426230,1,0x3,0x4,0x4,1,1
99,160,5,0x2079B83BF24E7C31,0x7,957,0.167189132706,1,0x9,0xE,0xE,1,1
99,160,6,0x2079B83BF24E7C31,0x7,1066,0.150093808630,1,0xE,0x9,0x9,1,1
99,160,7,0x2079B83BF24E7C31,0x7,1058,0.151228733459,1,0xF,0x8,0x8,1,1
99,192,0,0x2079B83BF24E7C31,0x7,1001,0.191808191808,1,0xE,0x9,0x9,1,1
99,192,1,0x2079B83BF24E7C31,0x7,1120,0.171428571429,1,0xC,0xB,0xB,1,1
99,192,2,0x2079B83BF24E7C31,0x7,1150,0.166956521739,1,0x4,0x3,0x3,1,1
99,192,3,0x2079B83BF24E7C31,0x7,1166,0.164665523156,1,0x3,0x4,0x4,1,1
99,192,4,0x2079B83BF24E7C31,0x7,1176,0.163265306122,1,0x3,0x4,0x4,1,1
99,192,5,0x2079B83BF24E7C31,0x7,1164,0.164948453608,1,0x9,0xE,0xE,1,1
99,192,6,0x2079B83BF24E7C31,0x7,1269,0.151300236407,1,0xE,0x9,0x9,1,1
99,192,7,0x2079B83BF24E7C31,0x7,1260,0.152380952381,1,0xF,0x8,0x8,1,1
99,256,0,0x2079B83BF24E7C31,0x7,1432,0.178770949721,1,0xE,0x9,0x9,1,1
99,256,1,0x2079B83BF24E7C31,0x7,1539,0.166341780377,1,0xC,0xB,0xB,1,1
99,256,2,0x2079B83BF24E7C31,0x7,1546,0.165588615783,1,0x4,0x3,0x3,1,1
99,256,3,0x2079B83BF24E7C31,0x7,1499,0.170780520347,1,0x3,0x4,0x4,1,1
99,256,4,0x2079B83BF24E7C31,0x7,1597,0.160300563557,1,0x3,0x4,0x4,1,1
99,256,5,0x2079B83BF24E7C31,0x7,1613,0.158710477371,1,0x9,0xE,0xE,1,1
99,256,6,0x2079B83BF24E7C31,0x7,1654,0.154776299879,1,0xE,0x9,0x9,1,1
99,256,7,0x2079B83BF24E7C31,0x7,1678,0.152562574493,1,0xF,0x8,0x8,1,1
