trial,samples_per_sbox,master_seed,trial_seed,key,known_delta,actual_sk28,recovered_sk28,full_key_success,correct_words,unique_missing_words,total_queries,mean_queries_per_sbox,min_queries_per_sbox,max_queries_per_sbox,aggregate_empirical_rate,theoretical_rate,absolute_rate_error
0,16,0x5343454E45525931,0xF559DB8B509345F2,278F055F87CBA123432E,0x9,0xDCAB79D2,0x00000000,0,0,0,761,95.125000,70,119,0.168199737188,0.164132936375,0.004066800813
0,24,0x5343454E45525931,0xF559DB8B509345F2,278F055F87CBA123432E,0x9,0xDCAB79D2,0x00000000,0,0,0,1223,152.875000,120,190,0.156991005724,0.164132936375,0.007141930652
0,32,0x5343454E45525931,0xF559DB8B509345F2,278F055F87CBA123432E,0x9,0xDCAB79D2,0x00000000,0,0,0,1593,199.125000,158,239,0.160703075957,0.164132936375,0.003429860418
0,40,0x5343454E45525931,0xF559DB8B509345F2,278F055F87CBA123432E,0x9,0xDCAB79D2,0x00000000,0,3,3,1955,244.375000,195,278,0.163682864450,0.164132936375,0.000450071925
0,48,0x5343454E45525931,0xF559DB8B509345F2,278F055F87CBA123432E,0x9,0xDCAB79D2,0x00000000,0,3,3,2304,288.000000,244,326,0.166666666667,0.164132936375,0.002533730291
0,56,0x5343454E45525931,0xF559DB8B509345F2,278F055F87CBA123432E,0x9,0xDCAB79D2,0xDCAB79D2,1,8,8,2659,332.375000,298,369,0.168484392629,0.164132936375,0.004351456253
0,64,0x5343454E45525931,0xF559DB8B509345F2,278F055F87CBA123432E,0x9,0xDCAB79D2,0xDCAB79D2,1,8,8,3004,375.500000,343,399,0.170439414115,0.164132936375,0.006306477739
0,72,0x5343454E45525931,0xF559DB8B509345F2,278F055F87CBA123432E,0x9,0xDCAB79D2,0xDCAB79D2,1,8,8,3339,417.375000,382,454,0.172506738544,0.164132936375,0.008373802169
0,80,0x5343454E45525931,0xF559DB8B509345F2,278F055F87CBA123432E,0x9,0xDCAB79D2,0xDCAB79D2,1,8,8,3814,476.750000,429,542,0.167802831673,0.164132936375,0.003669895297
0,96,0x5343454E45525931,0xF559DB8B509345F2,278F055F87CBA123432E,0x9,0xDCAB79D2,0xDCAB79D2,1,8,8,4595,574.375000,526,637,0.167138193689,0.164132936375,0.003005257313
0,112,0x5343454E45525931,0xF559DB8B509345F2,278F055F87CBA123432E,0x9,0xDCAB79D2,0xDCAB79D2,1,8,8,5473,684.125000,631,777,0.163712771789,0.164132936375,0.000420164587
0,128,0x5343454E45525931,0xF559DB8B509345F2,278F055F87CBA123432E,0x9,0xDCAB79D2,0xDCAB79D2,1,8,8,6203,775.375000,726,866,0.165081412220,0.164132936375,0.000948475845
0,160,0x5343454E45525931,0xF559DB8B509345F2,278F055F87CBA123432E,0x9,0xDCAB79D2,0xDCAB79D2,1,8,8,7749,968.625000,898,1040,0.165182604207,0.164132936375,0.001049667832
0,192,0x5343454E45525931,0xF559DB8B509345F2,278F055F87CBA123432E,0x9,0xDCAB79D2,0xDCAB79D2,1,8,8,9191,1148.875000,1072,1262,0.167120008704,0.164132936375,0.002987072329
0,256,0x5343454E45525931,0xF559DB8B509345F2,278F055F87CBA123432E,0x9,0xDCAB79D2,0xDCAB79D2,1,8,8,12326,1540.750000,1455,1685,0.166152847639,0.164132936375,0.002019911264
1,16,0x5343454E45525931,0xAD18F677B9DCF542,349A825D2877648A7F0C,0x2,0x90FC469F,0x00000000,0,0,0,703,87.875000,57,129,0.182076813656,0.164132936375,0.017943877280
1,24,0x5343454E45525931,0xAD18F677B9DCF542,349A825D2877648A7F0C,0x2,0x90FC469F,0x00000000,0,0,0,1144,143.000000,79,200,0.167832167832,0.164132936375,0.003699231457
1,32,0x5343454E45525931,0xAD18F677B9DCF542,349A825D2877648A7F0C,0x2,0x90FC469F,0x00000000,0,0,0,1560,195.000000,147,244,0.164102564103,0.164132936375,0.000030372273
1,40,0x5343454E45525931,0xAD18F677B9DCF542,349A825D2877648A7F0C,0x2,0x90FC469F,0x00000000,0,1,1,1855,231.875000,179,289,0.172506738544,0.164132936375,0.008373802169
1,48,0x5343454E45525931,0xAD18F677B9DCF542,349A825D2877648A7F0C,0x2,0x90FC469F,0x00000000,0,1,1,2339,292.375000,227,364,0.164172723386,0.164132936375,0.000039787011
1,56,0x5343454E45525931,0xAD18F677B9DCF542,349A825D2877648A7F0C,0x2,0x90FC469F,0x00000000,0,2,2,2783,347.875000,284,401,0.160977362558,0.164132936375,0.003155573817
1,64,0x5343454E45525931,0xAD18F677B9DCF542,349A825D2877648A7F0C,0x2,0x90FC469F,0x00000000,0,2,2,3164,395.500000,345,449,0.161820480405,0.164132936375,0.002312455971
1,72,0x5343454E45525931,0xAD18F677B9DCF542,349A825D2877648A7F0C,0x2,0x90FC469F,0x00000000,0,2,2,3559,444.875000,368,495,0.161843214386,0.164132936375,0.002289721989
1,80,0x5343454E45525931,0xAD18F677B9DCF542,349A825D2877648A7F0C,0x2,0x90FC469F,0x00000000,0,2,2,3967,495.875000,428,544,0.161330980590,0.164132936375,0.002801955786
1,96,0x5343454E45525931,0xAD18F677B9DCF542,349A825D2877648A7F0C,0x2,0x90FC469F,0x00000000,0,2,2,4713,589.125000,505,655,0.162953532782,0.164132936375,0.001179403594
1,112,0x5343454E45525931,0xAD18F677B9DCF542,349A825D2877648A7F0C,0x2,0x90FC469F,0x90FC469F,1,8,8,5483,685.375000,598,741,0.163414189312,0.164132936375,0.000718747063
1,128,0x5343454E45525931,0xAD18F677B9DCF542,349A825D2877648A7F0C,0x2,0x90FC469F,0x90FC469F,1,8,8,6228,778.500000,674,851,0.164418754014,0.164132936375,0.000285817639
1,160,0x5343454E45525931,0xAD18F677B9DCF542,349A825D2877648A7F0C,0x2,0x90FC469F,0x90FC469F,1,8,8,7859,982.375000,849,1049,0.162870594223,0.164132936375,0.001262342152
1,192,0x5343454E45525931,0xAD18F677B9DCF542,349A825D2877648A7F0C,0x2,0x90FC469F,0x90FC469F,1,8,8,9364,1170.500000,1036,1271,0.164032464759,0.164132936375,0.000100471617
1,256,0x5343454E45525931,0xAD18F677B9DCF542,349A825D2877648A7F0C,0x2,0x90FC469F,0x90FC469F,1,8,8,12556,1569.500000,1389,1739,0.163109270468,0.164132936375,0.001023665907
2,16,0x5343454E45525931,0x0459E4E2B3FA1662,1E1BFF13976C579C8868,0x7,0xFA6F48AB,0x00000000,0,0,0,753,94.125000,69,131,0.169986719788,0.164132936375,0.005853783412
2,24,0x5343454E45525931,0x0459E4E2B3FA1662,1E1BFF13976C579C8868,0x7,0xFA6F48AB,0x00000000,0,0,0,1211,151.375000,141,174,0.158546655656,0.164132936375,0.005586280719
2,32,0x5343454E45525931,0x0459E4E2B3FA1662,1E1BFF13976C579C8868,0x7,0xFA6F48AB,0x00000000,0,0,0,1553,194.125000,175,228,0.164842240824,0.164132936375,0.000709304449
2,40,0x5343454E45525931,0x0459E4E2B3FA1662,1E1BFF13976C579C8868,0x7,0xFA6F48AB,0x00000000,0,0,0,1948,243.500000,222,279,0.164271047228,0.164132936375,0.000138110853
2,48,0x5343454E45525931,0x0459E4E2B3FA1662,1E1BFF13976C579C8868,0x7,0xFA6F48AB,0x00000000,0,0,0,2287,285.875000,248,325,0.167905553126,0.164132936375,0.003772616751
2,56,0x5343454E45525931,0x0459E4E2B3FA1662,1E1BFF13976C579C8868,0x7,0xFA6F48AB,0x00000000,0,0,0,2732,341.500000,285,384,0.163982430454,0.164132936375,0.000150505921
2,64,0x5343454E45525931,0x0459E4E2B3FA1662,1E1BFF13976C579C8868,0x7,0xFA6F48AB,0x00000000,0,1,1,3085,385.625000,336,431,0.165964343598,0.164132936375,0.001831407223
2,72,0x5343454E45525931,0x0459E4E2B3FA1662,1E1BFF13976C579C8868,0x7,0xFA6F48AB,0x00000000,0,1,1,3460,432.500000,372,495,0.166473988439,0.164132936375,0.002341052064
2,80,0x5343454E45525931,0x0459E4E2B3FA1662,1E1BFF13976C579C8868,0x7,0xFA6F48AB,0x00000000,0,3,3,3884,485.500000,420,540,0.164778578785,0.164132936375,0.000645642409
2,96,0x5343454E45525931,0x0459E4E2B3FA1662,1E1BFF13976C579C8868,0x7,0xFA6F48AB,0x00000000,0,3,3,4659,582.375000,495,636,0.164842240824,0.164132936375,0.000709304449
2,112,0x5343454E45525931,0x0459E4E2B3FA1662,1E1BFF13976C579C8868,0x7,0xFA6F48AB,0xFA6F48AB,1,8,8,5457,682.125000,593,729,0.164192779916,0.164132936375,0.000059843540
2,128,0x5343454E45525931,0x0459E4E2B3FA1662,1E1BFF13976C579C8868,0x7,0xFA6F48AB,0xFA6F48AB,1,8,8,6272,784.000000,682,873,0.163265306122,0.164132936375,0.000867630253
2,160,0x5343454E45525931,0x0459E4E2B3FA1662,1E1BFF13976C579C8868,0x7,0xFA6F48AB,0xFA6F48AB,1,8,8,7714,964.250000,866,1055,0.165932071558,0.164132936375,0.001799135183
2,192,0x5343454E45525931,0x0459E4E2B3FA1662,1E1BFF13976C579C8868,0x7,0xFA6F48AB,0xFA6F48AB,1,8,8,9113,1139.125000,1047,1226,0.168550422473,0.164132936375,0.004417486098
2,256,0x5343454E45525931,0x0459E4E2B3FA1662,1E1BFF13976C579C8868,0x7,0xFA6F48AB,0xFA6F48AB,1,8,8,12330,1541.250000,1392,1667,0.166098945661,0.164132936375,0.001966009286
3,16,0x5343454E45525931,0x158C51C5EFBBC18F,A5C4DDAAD22CB3459FAF,0x2,0xFA6A4835,0x00000000,0,0,0,712,89.000000,58,112,0.179775280899,0.164132936375,0.015642344524
3,24,0x5343454E45525931,0x158C51C5EFBBC18F,A5C4DDAAD22CB3459FAF,0x2,0xFA6A4835,0x00000000,0,0,0,1041,130.125000,102,153,0.184438040346,0.164132936375,0.020305103970
3,32,0x5343454E45525931,0x158C51C5EFBBC18F,A5C4DDAAD22CB3459FAF,0x2,0xFA6A4835,0x00000000,0,0,0,1416,177.000000,118,219,0.180790960452,0.164132936375,0.016658024077
3,40,0x5343454E45525931,0x158C51C5EFBBC18F,A5C4DDAAD22CB3459FAF,0x2,0xFA6A4835,0x00000000,0,0,0,1794,224.250000,148,272,0.178372352285,0.164132936375,0.014239415910
3,48,0x5343454E45525931,0x158C51C5EFBBC18F,A5C4DDAAD22CB3459FAF,0x2,0xFA6A4835,0x00000000,0,0,0,2155,269.375000,199,305,0.178190255220,0.164132936375,0.014057318845
3,56,0x5343454E45525931,0x158C51C5EFBBC18F,A5C4DDAAD22CB3459FAF,0x2,0xFA6A4835,0xFA6A4835,1,8,8,2502,312.750000,252,344,0.179056754596,0.164132936375,0.014923818221
3,64,0x5343454E45525931,0x158C51C5EFBBC18F,A5C4DDAAD22CB3459FAF,0x2,0xFA6A4835,0xFA6A4835,1,8,8,2935,366.875000,326,406,0.174446337308,0.164132936375,0.010313400933
3,72,0x5343454E45525931,0x158C51C5EFBBC18F,A5C4DDAAD22CB3459FAF,0x2,0xFA6A4835,0xFA6A4835,1,8,8,3277,409.625000,357,464,0.175770521819,0.164132936375,0.011637585443
3,80,0x5343454E45525931,0x158C51C5EFBBC18F,A5C4DDAAD22CB3459FAF,0x2,0xFA6A4835,0xFA6A4835,1,8,8,3616,452.000000,397,502,0.176991150442,0.164132936375,0.012858214067
3,96,0x5343454E45525931,0x158C51C5EFBBC18F,A5C4DDAAD22CB3459FAF,0x2,0xFA6A4835,0xFA6A4835,1,8,8,4448,556.000000,485,622,0.172661870504,0.164132936375,0.008528934128
3,112,0x5343454E45525931,0x158C51C5EFBBC18F,A5C4DDAAD22CB3459FAF,0x2,0xFA6A4835,0xFA6A4835,1,8,8,5198,649.750000,573,718,0.172373989996,0.164132936375,0.008241053621
3,128,0x5343454E45525931,0x158C51C5EFBBC18F,A5C4DDAAD22CB3459FAF,0x2,0xFA6A4835,0xFA6A4835,1,8,8,5906,738.250000,681,825,0.173383000339,0.164132936375,0.009250063963
3,160,0x5343454E45525931,0x158C51C5EFBBC18F,A5C4DDAAD22CB3459FAF,0x2,0xFA6A4835,0xFA6A4835,1,8,8,7464,933.000000,869,989,0.171489817792,0.164132936375,0.007356881417
3,192,0x5343454E45525931,0x158C51C5EFBBC18F,A5C4DDAAD22CB3459FAF,0x2,0xFA6A4835,0xFA6A4835,1,8,8,9153,1144.125000,1084,1198,0.167813831531,0.164132936375,0.003680895155
3,256,0x5343454E45525931,0x158C51C5EFBBC18F,A5C4DDAAD22CB3459FAF,0x2,0xFA6A4835,0xFA6A4835,1,8,8,12044,1505.500000,1405,1565,0.170043175025,0.164132936375,0.005910238650
4,16,0x5343454E45525931,0xB6F54429D299354C,A74A52ADD1F204241A37,0x4,0xD1D1E22F,0x00000000,0,0,0,760,95.000000,75,108,0.168421052632,0.164132936375,0.004288116256
4,24,0x5343454E45525931,0xB6F54429D299354C,A74A52ADD1F204241A37,0x4,0xD1D1E22F,0x00000000,0,0,0,1191,148.875000,123,161,0.161209068010,0.164132936375,0.002923868365
4,32,0x5343454E45525931,0xB6F54429D299354C,A74A52ADD1F204241A37,0x4,0xD1D1E22F,0x00000000,0,0,0,1536,192.000000,156,213,0.166666666667,0.164132936375,0.002533730291
4,40,0x5343454E45525931,0xB6F54429D299354C,A74A52ADD1F204241A37,0x4,0xD1D1E22F,0x00000000,0,0,0,1927,240.875000,211,285,0.166061235080,0.164132936375,0.001928298705
4,48,0x5343454E45525931,0xB6F54429D299354C,A74A52ADD1F204241A37,0x4,0xD1D1E22F,0x00000000,0,0,0,2293,286.625000,260,325,0.167466201483,0.164132936375,0.003333265107
4,56,0x5343454E45525931,0xB6F54429D299354C,A74A52ADD1F204241A37,0x4,0xD1D1E22F,0x00000000,0,4,4,2749,343.625000,310,375,0.162968352128,0.164132936375,0.001164584247
4,64,0x5343454E45525931,0xB6F54429D299354C,A74A52ADD1F204241A37,0x4,0xD1D1E22F,0x00000000,0,4,4,3168,396.000000,342,437,0.161616161616,0.164132936375,0.002516774759
4,72,0x5343454E45525931,0xB6F54429D299354C,A74A52ADD1F204241A37,0x4,0xD1D1E22F,0x00000000,0,4,4,3506,438.250000,396,472,0.164289788933,0.164132936375,0.000156852558
4,80,0x5343454E45525931,0xB6F54429D299354C,A74A52ADD1F204241A37,0x4,0xD1D1E22F,0x00000000,0,4,4,3920,490.000000,433,523,0.163265306122,0.164132936375,0.000867630253
4,96,0x5343454E45525931,0xB6F54429D299354C,A74A52ADD1F204241A37,0x4,0xD1D1E22F,0xD1D1E22F,1,8,8,4645,580.625000,531,618,0.165339074273,0.164132936375,0.001206137898
4,112,0x5343454E45525931,0xB6F54429D299354C,A74A52ADD1F204241A37,0x4,0xD1D1E22F,0xD1D1E22F,1,8,8,5361,670.125000,593,707,0.167132997575,0.164132936375,0.003000061200
4,128,0x5343454E45525931,0xB6F54429D299354C,A74A52ADD1F204241A37,0x4,0xD1D1E22F,0xD1D1E22F,1,8,8,6271,783.875000,703,823,0.163291341094,0.164132936375,0.000841595281
4,160,0x5343454E45525931,0xB6F54429D299354C,A74A52ADD1F204241A37,0x4,0xD1D1E22F,0xD1D1E22F,1,8,8,7854,981.750000,888,1051,0.162974280621,0.164132936375,0.001158655754
4,192,0x5343454E45525931,0xB6F54429D299354C,A74A52ADD1F204241A37,0x4,0xD1D1E22F,0xD1D1E22F,1,8,8,9443,1180.375000,1082,1248,0.162660171556,0.164132936375,0.001472764820
4,256,0x5343454E45525931,0xB6F54429D299354C,A74A52ADD1F204241A37,0x4,0xD1D1E22F,0xD1D1E22F,1,8,8,12606,1575.750000,1438,1661,0.162462319530,0.164132936375,0.001670616845
5,16,0x5343454E45525931,0xC8F117C1C5838205,935FAC4D3AC20C2D9B09,0xE,0x444577DA,0x00000000,0,0,0,845,105.625000,74,129,0.151479289941,0.164132936375,0.012653646435
5,24,0x5343454E45525931,0xC8F117C1C5838205,935FAC4D3AC20C2D9B09,0xE,0x444577DA,0x00000000,0,0,0,1183,147.875000,116,192,0.162299239222,0.164132936375,0.001833697153
5,32,0x5343454E45525931,0xC8F117C1C5838205,935FAC4D3AC20C2D9B09,0xE,0x444577DA,0x00000000,0,0,0,1605,200.625000,155,250,0.159501557632,0.164132936375,0.004631378743
5,40,0x5343454E45525931,0xC8F117C1C5838205,935FAC4D3AC20C2D9B09,0xE,0x444577DA,0x00000000,0,0,0,1955,244.375000,210,298,0.163682864450,0.164132936375,0.000450071925
5,48,0x5343454E45525931,0xC8F117C1C5838205,935FAC4D3AC20C2D9B09,0xE,0x444577DA,0x00000000,0,0,0,2367,295.875000,257,387,0.162230671736,0.164132936375,0.001902264639
5,56,0x5343454E45525931,0xC8F117C1C5838205,935FAC4D3AC20C2D9B09,0xE,0x444577DA,0x00000000,0,0,0,2803,350.375000,298,436,0.159828754905,0.164132936375,0.004304181470
5,64,0x5343454E45525931,0xC8F117C1C5838205,935FAC4D3AC20C2D9B09,0xE,0x444577DA,0x00000000,0,0,0,3201,400.125000,341,474,0.159950015620,0.164132936375,0.004182920755
5,72,0x5343454E45525931,0xC8F117C1C5838205,935FAC4D3AC20C2D9B09,0xE,0x444577DA,0x444577DA,1,8,8,3591,448.875000,393,537,0.160401002506,0.164132936375,0.003731933869
5,80,0x5343454E45525931,0xC8F117C1C5838205,935FAC4D3AC20C2D9B09,0xE,0x444577DA,0x444577DA,1,8,8,3962,495.250000,420,568,0.161534578496,0.164132936375,0.002598357880
5,96,0x5343454E45525931,0xC8F117C1C5838205,935FAC4D3AC20C2D9B09,0xE,0x444577DA,0x444577DA,1,8,8,4794,599.250000,538,647,0.160200250313,0.164132936375,0.003932686062
5,112,0x5343454E45525931,0xC8F117C1C5838205,935FAC4D3AC20C2D9B09,0xE,0x444577DA,0x444577DA,1,8,8,5561,695.125000,616,766,0.161122100342,0.164132936375,0.003010836034
5,128,0x5343454E45525931,0xC8F117C1C5838205,935FAC4D3AC20C2D9B09,0xE,0x444577DA,0x444577DA,1,8,8,6308,788.500000,681,881,0.162333544705,0.164132936375,0.001799391670
5,160,0x5343454E45525931,0xC8F117C1C5838205,935FAC4D3AC20C2D9B09,0xE,0x444577DA,0x444577DA,1,8,8,7936,992.000000,890,1107,0.161290322581,0.164132936375,0.002842613795
5,192,0x5343454E45525931,0xC8F117C1C5838205,935FAC4D3AC20C2D9B09,0xE,0x444577DA,0x444577DA,1,8,8,9338,1167.250000,1057,1287,0.164489183979,0.164132936375,0.000356247604
5,256,0x5343454E45525931,0xC8F117C1C5838205,935FAC4D3AC20C2D9B09,0xE,0x444577DA,0x444577DA,1,8,8,12253,1531.625000,1400,1666,0.167142740553,0.164132936375,0.003009804178
6,16,0x5343454E45525931,0x524EDC030D4BA50B,D801EB6B3968F6244EF7,0x0,0xC340CD1E,0x00000000,0,0,0,777,97.125000,77,129,0.164736164736,0.164132936375,0.000603228361
6,24,0x5343454E45525931,0x524EDC030D4BA50B,D801EB6B3968F6244EF7,0x0,0xC340CD1E,0x00000000,0,0,0,1152,144.000000,107,195,0.166666666667,0.164132936375,0.002533730291
6,32,0x5343454E45525931,0x524EDC030D4BA50B,D801EB6B3968F6244EF7,0x0,0xC340CD1E,0x00000000,0,0,0,1552,194.000000,164,259,0.164948453608,0.164132936375,0.000815517233
6,40,0x5343454E45525931,0x524EDC030D4BA50B,D801EB6B3968F6244EF7,0x0,0xC340CD1E,0x00000000,0,0,0,1961,245.125000,189,340,0.163182049975,0.164132936375,0.000950886401
6,48,0x5343454E45525931,0x524EDC030D4BA50B,D801EB6B3968F6244EF7,0x0,0xC340CD1E,0x00000000,0,0,0,2318,289.750000,225,388,0.165660051769,0.164132936375,0.001527115393
6,56,0x5343454E45525931,0x524EDC030D4BA50B,D801EB6B3968F6244EF7,0x0,0xC340CD1E,0x00000000,0,0,0,2750,343.750000,251,432,0.162909090909,0.164132936375,0.001223845466
6,64,0x5343454E45525931,0x524EDC030D4BA50B,D801EB6B3968F6244EF7,0x0,0xC340CD1E,0x00000000,0,0,0,3111,388.875000,300,478,0.164577306332,0.164132936375,0.000444369957
6,72,0x5343454E45525931,0x524EDC030D4BA50B,D801EB6B3968F6244EF7,0x0,0xC340CD1E,0x00000000,0,0,0,3502,437.750000,359,541,0.164477441462,0.164132936375,0.000344505087
6,80,0x5343454E45525931,0x524EDC030D4BA50B,D801EB6B3968F6244EF7,0x0,0xC340CD1E,0x00000000,0,0,0,3927,490.875000,415,600,0.162974280621,0.164132936375,0.001158655754
6,96,0x5343454E45525931,0x524EDC030D4BA50B,D801EB6B3968F6244EF7,0x0,0xC340CD1E,0xC340CD1E,1,8,8,4645,580.625000,513,706,0.165339074273,0.164132936375,0.001206137898
6,112,0x5343454E45525931,0x524EDC030D4BA50B,D801EB6B3968F6244EF7,0x0,0xC340CD1E,0xC340CD1E,1,8,8,5326,665.750000,592,797,0.168231318062,0.164132936375,0.004098381687
6,128,0x5343454E45525931,0x524EDC030D4BA50B,D801EB6B3968F6244EF7,0x0,0xC340CD1E,0xC340CD1E,1,8,8,6187,773.375000,701,894,0.165508323905,0.164132936375,0.001375387530
6,160,0x5343454E45525931,0x524EDC030D4BA50B,D801EB6B3968F6244EF7,0x0,0xC340CD1E,0xC340CD1E,1,8,8,7662,957.750000,853,1081,0.167058209345,0.164132936375,0.002925272969
6,192,0x5343454E45525931,0x524EDC030D4BA50B,D801EB6B3968F6244EF7,0x0,0xC340CD1E,0xC340CD1E,1,8,8,9374,1171.750000,1069,1329,0.163857478131,0.164132936375,0.000275458244
6,256,0x5343454E45525931,0x524EDC030D4BA50B,D801EB6B3968F6244EF7,0x0,0xC340CD1E,0xC340CD1E,1,8,8,12435,1554.375000,1412,1730,0.164696421391,0.164132936375,0.000563485016
7,16,0x5343454E45525931,0x1C1B95409DC0A280,C780357F72316820E6F8,0xB,0xACCDE1E0,0x00000000,0,0,0,744,93.000000,69,124,0.172043010753,0.164132936375,0.007910074377
7,24,0x5343454E45525931,0x1C1B95409DC0A280,C780357F72316820E6F8,0xB,0xACCDE1E0,0x00000000,0,0,0,1097,137.125000,108,160,0.175022789426,0.164132936375,0.010889853050
7,32,0x5343454E45525931,0x1C1B95409DC0A280,C780357F72316820E6F8,0xB,0xACCDE1E0,0x00000000,0,0,0,1461,182.625000,149,200,0.175222450376,0.164132936375,0.011089514001
7,40,0x5343454E45525931,0x1C1B95409DC0A280,C780357F72316820E6F8,0xB,0xACCDE1E0,0x00000000,0,0,0,1807,225.875000,200,255,0.177089097952,0.164132936375,0.012956161577
7,48,0x5343454E45525931,0x1C1B95409DC0A280,C780357F72316820E6F8,0xB,0xACCDE1E0,0x00000000,0,1,1,2185,273.125000,246,317,0.175743707094,0.164132936375,0.011610770718
7,56,0x5343454E45525931,0x1C1B95409DC0A280,C780357F72316820E6F8,0xB,0xACCDE1E0,0x00000000,0,1,1,2531,316.375000,287,358,0.177005136310,0.164132936375,0.012872199934
7,64,0x5343454E45525931,0x1C1B95409DC0A280,C780357F72316820E6F8,0xB,0xACCDE1E0,0x00000000,0,1,1,2942,367.750000,335,409,0.174031271244,0.164132936375,0.009898334869
7,72,0x5343454E45525931,0x1C1B95409DC0A280,C780357F72316820E6F8,0xB,0xACCDE1E0,0x00000000,0,1,1,3356,419.500000,382,467,0.171632896305,0.164132936375,0.007499959930
7,80,0x5343454E45525931,0x1C1B95409DC0A280,C780357F72316820E6F8,0xB,0xACCDE1E0,0xACCDE1E0,1,8,8,3694,461.750000,417,499,0.173253925284,0.164132936375,0.009120988909
7,96,0x5343454E45525931,0x1C1B95409DC0A280,C780357F72316820E6F8,0xB,0xACCDE1E0,0xACCDE1E0,1,8,8,4418,552.250000,518,583,0.173834314169,0.164132936375,0.009701377794
7,112,0x5343454E45525931,0x1C1B95409DC0A280,C780357F72316820E6F8,0xB,0xACCDE1E0,0xACCDE1E0,1,8,8,5206,650.750000,618,695,0.172109104879,0.164132936375,0.007976168504
7,128,0x5343454E45525931,0x1C1B95409DC0A280,C780357F72316820E6F8,0xB,0xACCDE1E0,0xACCDE1E0,1,8,8,5960,745.000000,697,796,0.171812080537,0.164132936375,0.007679144162
7,160,0x5343454E45525931,0x1C1B95409DC0A280,C780357F72316820E6F8,0xB,0xACCDE1E0,0xACCDE1E0,1,8,8,7427,928.375000,830,998,0.172344149724,0.164132936375,0.008211213349
7,192,0x5343454E45525931,0x1C1B95409DC0A280,C780357F72316820E6F8,0xB,0xACCDE1E0,0xACCDE1E0,1,8,8,9003,1125.375000,1056,1278,0.170609796734,0.164132936375,0.006476860359
7,256,0x5343454E45525931,0x1C1B95409DC0A280,C780357F72316820E6F8,0xB,0xACCDE1E0,0xACCDE1E0,1,8,8,11915,1489.375000,1393,1596,0.171884179606,0.164132936375,0.007751243230
8,16,0x5343454E45525931,0x884833BBE6275AE8,7C5272573025293EB965,0x1,0xF2001301,0x00000000,0,0,0,716,89.500000,65,125,0.178770949721,0.164132936375,0.014638013345
8,24,0x5343454E45525931,0x884833BBE6275AE8,7C5272573025293EB965,0x1,0xF2001301,0x00000000,0,0,0,1017,127.125000,96,168,0.188790560472,0.164132936375,0.024657624097
8,32,0x5343454E45525931,0x884833BBE6275AE8,7C5272573025293EB965,0x1,0xF2001301,0x00000000,0,0,0,1402,175.250000,155,213,0.182596291013,0.164132936375,0.018463354637
8,40,0x5343454E45525931,0x884833BBE6275AE8,7C5272573025293EB965,0x1,0xF2001301,0x00000000,0,0,0,1810,226.250000,182,256,0.176795580110,0.164132936375,0.012662643735
8,48,0x5343454E45525931,0x884833BBE6275AE8,7C5272573025293EB965,0x1,0xF2001301,0x00000000,0,1,1,2226,278.250000,246,321,0.172506738544,0.164132936375,0.008373802169
8,56,0x5343454E45525931,0x884833BBE6275AE8,7C5272573025293EB965,0x1,0xF2001301,0x00000000,0,1,1,2602,325.250000,281,387,0.172175249808,0.164132936375,0.008042313432
8,64,0x5343454E45525931,0x884833BBE6275AE8,7C5272573025293EB965,0x1,0xF2001301,0xF2001301,1,8,8,3026,378.250000,321,438,0.169200264375,0.164132936375,0.005067328000
8,72,0x5343454E45525931,0x884833BBE6275AE8,7C5272573025293EB965,0x1,0xF2001301,0xF2001301,1,8,8,3430,428.750000,396,473,0.167930029155,0.164132936375,0.003797092779
8,80,0x5343454E45525931,0x884833BBE6275AE8,7C5272573025293EB965,0x1,0xF2001301,0xF2001301,1,8,8,3875,484.375000,446,509,0.165161290323,0.164132936375,0.001028353947
8,96,0x5343454E45525931,0x884833BBE6275AE8,7C5272573025293EB965,0x1,0xF2001301,0xF2001301,1,8,8,4676,584.500000,545,613,0.164242942686,0.164132936375,0.000110006311
8,112,0x5343454E45525931,0x884833BBE6275AE8,7C5272573025293EB965,0x1,0xF2001301,0xF2001301,1,8,8,5470,683.750000,641,735,0.163802559415,0.164132936375,0.000330376960
8,128,0x5343454E45525931,0x884833BBE6275AE8,7C5272573025293EB965,0x1,0xF2001301,0xF2001301,1,8,8,6111,763.875000,712,823,0.167566683031,0.164132936375,0.003433746655
8,160,0x5343454E45525931,0x884833BBE6275AE8,7C5272573025293EB965,0x1,0xF2001301,0xF2001301,1,8,8,7568,946.000000,896,1027,0.169133192389,0.164132936375,0.005000256014
8,192,0x5343454E45525931,0x884833BBE6275AE8,7C5272573025293EB965,0x1,0xF2001301,0xF2001301,1,8,8,9107,1138.375000,1084,1210,0.168661469200,0.164132936375,0.004528532824
8,256,0x5343454E45525931,0x884833BBE6275AE8,7C5272573025293EB965,0x1,0xF2001301,0xF2001301,1,8,8,12024,1503.000000,1434,1560,0.170326014637,0.164132936375,0.006193078262
9,16,0x5343454E45525931,0xE8BEB9F6CBCE3011,BF8D61222DD37FB38623,0x4,0xC064ACDF,0x00000000,0,0,0,778,97.250000,72,129,0.164524421594,0.164132936375,0.000391485218
9,24,0x5343454E45525931,0xE8BEB9F6CBCE3011,BF8D61222DD37FB38623,0x4,0xC064ACDF,0x00000000,0,0,0,1216,152.000000,132,177,0.157894736842,0.164132936375,0.006238199533
9,32,0x5343454E45525931,0xE8BEB9F6CBCE3011,BF8D61222DD37FB38623,0x4,0xC064ACDF,0x00000000,0,0,0,1624,203.000000,169,241,0.157635467980,0.164132936375,0.006497468395
9,40,0x5343454E45525931,0xE8BEB9F6CBCE3011,BF8D61222DD37FB38623,0x4,0xC064ACDF,0x00000000,0,0,0,1953,244.125000,204,292,0.163850486431,0.164132936375,0.000282449944
9,48,0x5343454E45525931,0xE8BEB9F6CBCE3011,BF8D61222DD37FB38623,0x4,0xC064ACDF,0x00000000,0,5,5,2272,284.000000,224,330,0.169014084507,0.164132936375,0.004881148132
9,56,0x5343454E45525931,0xE8BEB9F6CBCE3011,BF8D61222DD37FB38623,0x4,0xC064ACDF,0x00000000,0,5,5,2639,329.875000,291,364,0.169761273210,0.164132936375,0.005628336834
9,64,0x5343454E45525931,0xE8BEB9F6CBCE3011,BF8D61222DD37FB38623,0x4,0xC064ACDF,0x00000000,0,5,5,3037,379.625000,326,423,0.168587421798,0.164132936375,0.004454485422
9,72,0x5343454E45525931,0xE8BEB9F6CBCE3011,BF8D61222DD37FB38623,0x4,0xC064ACDF,0x00000000,0,5,5,3351,418.875000,365,459,0.171888988362,0.164132936375,0.007756051986
9,80,0x5343454E45525931,0xE8BEB9F6CBCE3011,BF8D61222DD37FB38623,0x4,0xC064ACDF,0x00000000,0,5,5,3771,471.375000,419,504,0.169716255635,0.164132936375,0.005583319260
9,96,0x5343454E45525931,0xE8BEB9F6CBCE3011,BF8D61222DD37FB38623,0x4,0xC064ACDF,0x00000000,0,5,5,4569,571.125000,531,604,0.168089297439,0.164132936375,0.003956361064
9,112,0x5343454E45525931,0xE8BEB9F6CBCE3011,BF8D61222DD37FB38623,0x4,0xC064ACDF,0xC064ACDF,1,8,8,5370,671.250000,602,703,0.166852886406,0.164132936375,0.002719950031
9,128,0x5343454E45525931,0xE8BEB9F6CBCE3011,BF8D61222DD37FB38623,0x4,0xC064ACDF,0xC064ACDF,1,8,8,6109,763.625000,677,824,0.167621541987,0.164132936375,0.003488605612
9,160,0x5343454E45525931,0xE8BEB9F6CBCE3011,BF8D61222DD37FB38623,0x4,0xC064ACDF,0xC064ACDF,1,8,8,7688,961.000000,906,1006,0.166493236212,0.164132936375,0.002360299837
9,192,0x5343454E45525931,0xE8BEB9F6CBCE3011,BF8D61222DD37FB38623,0x4,0xC064ACDF,0xC064ACDF,1,8,8,9229,1153.625000,1101,1199,0.166431899447,0.164132936375,0.002298963072
9,256,0x5343454E45525931,0xE8BEB9F6CBCE3011,BF8D61222DD37FB38623,0x4,0xC064ACDF,0xC064ACDF,1,8,8,12222,1527.750000,1460,1598,0.167566683031,0.164132936375,0.003433746655
10,16,0x5343454E45525931,0xB5E073D580E46841,24C4B64C05587B8EA81A,0x7,0x1991A9F6,0x00000000,0,0,0,834,104.250000,63,153,0.153477218225,0.164132936375,0.010655718150
10,24,0x5343454E45525931,0xB5E073D580E46841,24C4B64C05587B8EA81A,0x7,0x1991A9F6,0x00000000,0,0,0,1257,157.125000,103,209,0.152744630072,0.164132936375,0.011388306304
10,32,0x5343454E45525931,0xB5E073D580E46841,24C4B64C05587B8EA81A,0x7,0x1991A9F6,0x00000000,0,0,0,1655,206.875000,175,266,0.154682779456,0.164132936375,0.009450156919
10,40,0x5343454E45525931,0xB5E073D580E46841,24C4B64C05587B8EA81A,0x7,0x1991A9F6,0x00000000,0,1,1,2127,265.875000,238,311,0.150446638458,0.164132936375,0.013686297917
10,48,0x5343454E45525931,0xB5E073D580E46841,24C4B64C05587B8EA81A,0x7,0x1991A9F6,0x00000000,0,1,1,2514,314.250000,288,352,0.152744630072,0.164132936375,0.011388306304
10,56,0x5343454E45525931,0xB5E073D580E46841,24C4B64C05587B8EA81A,0x7,0x1991A9F6,0x00000000,0,1,1,2928,366.000000,310,390,0.153005464481,0.164132936375,0.011127471894
10,64,0x5343454E45525931,0xB5E073D580E46841,24C4B64C05587B8EA81A,0x7,0x1991A9F6,0x00000000,0,1,1,3321,415.125000,342,453,0.154170430593,0.164132936375,0.009962505782
10,72,0x5343454E45525931,0xB5E073D580E46841,24C4B64C05587B8EA81A,0x7,0x1991A9F6,0x00000000,0,1,1,3718,464.750000,413,523,0.154922001076,0.164132936375,0.009210935300
10,80,0x5343454E45525931,0xB5E073D580E46841,24C4B64C05587B8EA81A,0x7,0x1991A9F6,0x00000000,0,1,1,4090,511.250000,461,566,0.156479217604,0.164132936375,0.007653718771
10,96,0x5343454E45525931,0xB5E073D580E46841,24C4B64C05587B8EA81A,0x7,0x1991A9F6,0x00000000,0,1,1,4763,595.375000,548,651,0.161242914130,0.164132936375,0.002890022246
10,112,0x5343454E45525931,0xB5E073D580E46841,24C4B64C05587B8EA81A,0x7,0x1991A9F6,0x1991A9F6,1,8,8,5534,691.750000,650,760,0.161908203831,0.164132936375,0.002224732545
10,128,0x5343454E45525931,0xB5E073D580E46841,24C4B64C05587B8EA81A,0x7,0x1991A9F6,0x1991A9F6,1,8,8,6300,787.500000,746,864,0.162539682540,0.164132936375,0.001593253836
10,160,0x5343454E45525931,0xB5E073D580E46841,24C4B64C05587B8EA81A,0x7,0x1991A9F6,0x1991A9F6,1,8,8,7862,982.750000,946,1031,0.162808445688,0.164132936375,0.001324490687
10,192,0x5343454E45525931,0xB5E073D580E46841,24C4B64C05587B8EA81A,0x7,0x1991A9F6,0x1991A9F6,1,8,8,9316,1164.500000,1117,1230,0.164877629884,0.164132936375,0.000744693509
10,256,0x5343454E45525931,0xB5E073D580E46841,24C4B64C05587B8EA81A,0x7,0x1991A9F6,0x1991A9F6,1,8,8,12322,1540.250000,1457,1622,0.166206784613,0.164132936375,0.002073848238
11,16,0x5343454E45525931,0x23DC5318B9BB087C,3A27075718AA006A63FF,0x8,0x59D8B492,0x00000000,0,0,0,778,97.250000,65,121,0.164524421594,0.164132936375,0.000391485218
11,24,0x5343454E45525931,0x23DC5318B9BB087C,3A27075718AA006A63FF,0x8,0x59D8B492,0x00000000,0,0,0,1167,145.875000,106,182,0.164524421594,0.164132936375,0.000391485218
11,32,0x5343454E45525931,0x23DC5318B9BB087C,3A27075718AA006A63FF,0x8,0x59D8B492,0x00000000,0,0,0,1476,184.500000,127,231,0.173441734417,0.164132936375,0.009308798042
11,40,0x5343454E45525931,0x23DC5318B9BB087C,3A27075718AA006A63FF,0x8,0x59D8B492,0x00000000,0,0,0,1947,243.375000,184,301,0.164355418593,0.164132936375,0.000222482217
11,48,0x5343454E45525931,0x23DC5318B9BB087C,3A27075718AA006A63FF,0x8,0x59D8B492,0x00000000,0,1,1,2450,306.250000,242,363,0.156734693878,0.164132936375,0.007398242498
11,56,0x5343454E45525931,0x23DC5318B9BB087C,3A27075718AA006A63FF,0x8,0x59D8B492,0x00000000,0,6,6,2869,358.625000,280,409,0.156151969327,0.164132936375,0.007980967048
11,64,0x5343454E45525931,0x23DC5318B9BB087C,3A27075718AA006A63FF,0x8,0x59D8B492,0x00000000,0,6,6,3316,414.500000,350,451,0.154402895054,0.164132936375,0.009730041321
11,72,0x5343454E45525931,0x23DC5318B9BB087C,3A27075718AA006A63FF,0x8,0x59D8B492,0x00000000,0,6,6,3652,456.500000,388,490,0.157721796276,0.164132936375,0.006411140099
11,80,0x5343454E45525931,0x23DC5318B9BB087C,3A27075718AA006A63FF,0x8,0x59D8B492,0x00000000,0,6,6,4068,508.500000,427,543,0.157325467060,0.164132936375,0.006807469315
11,96,0x5343454E45525931,0x23DC5318B9BB087C,3A27075718AA006A63FF,0x8,0x59D8B492,0x59D8B492,1,8,8,4849,606.125000,546,656,0.158383171788,0.164132936375,0.005749764587
11,112,0x5343454E45525931,0x23DC5318B9BB087C,3A27075718AA006A63FF,0x8,0x59D8B492,0x59D8B492,1,8,8,5695,711.875000,618,752,0.157330992098,0.164132936375,0.006801944277
11,128,0x5343454E45525931,0x23DC5318B9BB087C,3A27075718AA006A63FF,0x8,0x59D8B492,0x59D8B492,1,8,8,6432,804.000000,704,838,0.159203980100,0.164132936375,0.004928956276
11,160,0x5343454E45525931,0x23DC5318B9BB087C,3A27075718AA006A63FF,0x8,0x59D8B492,0x59D8B492,1,8,8,7986,998.250000,900,1032,0.160280490859,0.164132936375,0.003852445516
11,192,0x5343454E45525931,0x23DC5318B9BB087C,3A27075718AA006A63FF,0x8,0x59D8B492,0x59D8B492,1,8,8,9600,1200.000000,1146,1254,0.160000000000,0.164132936375,0.004132936375
11,256,0x5343454E45525931,0x23DC5318B9BB087C,3A27075718AA006A63FF,0x8,0x59D8B492,0x59D8B492,1,8,8,12784,1598.000000,1556,1645,0.160200250313,0.164132936375,0.003932686062
12,16,0x5343454E45525931,0xC3133EBE20383CB5,555DC17238BA293E6E46,0x4,0x48D60FBD,0x00000000,0,0,0,703,87.875000,70,144,0.182076813656,0.164132936375,0.017943877280
12,24,0x5343454E45525931,0xC3133EBE20383CB5,555DC17238BA293E6E46,0x4,0x48D60FBD,0x00000000,0,0,0,1044,130.500000,99,188,0.183908045977,0.164132936375,0.019775109602
12,32,0x5343454E45525931,0xC3133EBE20383CB5,555DC17238BA293E6E46,0x4,0x48D60FBD,0x00000000,0,1,1,1432,179.000000,149,250,0.178770949721,0.164132936375,0.014638013345
12,40,0x5343454E45525931,0xC3133EBE20383CB5,555DC17238BA293E6E46,0x4,0x48D60FBD,0x00000000,0,2,2,1821,227.625000,191,297,0.175727622186,0.164132936375,0.011594685810
12,48,0x5343454E45525931,0xC3133EBE20383CB5,555DC17238BA293E6E46,0x4,0x48D60FBD,0x00000000,0,5,5,2127,265.875000,229,331,0.180535966150,0.164132936375,0.016403029774
12,56,0x5343454E45525931,0xC3133EBE20383CB5,555DC17238BA293E6E46,0x4,0x48D60FBD,0x00000000,0,5,5,2518,314.750000,269,368,0.177918983320,0.164132936375,0.013786046945
12,64,0x5343454E45525931,0xC3133EBE20383CB5,555DC17238BA293E6E46,0x4,0x48D60FBD,0x48D60FBD,1,8,8,2971,371.375000,321,443,0.172332547964,0.164132936375,0.008199611588
12,72,0x5343454E45525931,0xC3133EBE20383CB5,555DC17238BA293E6E46,0x4,0x48D60FBD,0x48D60FBD,1,8,8,3302,412.750000,340,476,0.174439733495,0.164132936375,0.010306797119
12,80,0x5343454E45525931,0xC3133EBE20383CB5,555DC17238BA293E6E46,0x4,0x48D60FBD,0x48D60FBD,1,8,8,3705,463.125000,384,539,0.172739541161,0.164132936375,0.008606604785
12,96,0x5343454E45525931,0xC3133EBE20383CB5,555DC17238BA293E6E46,0x4,0x48D60FBD,0x48D60FBD,1,8,8,4530,566.250000,469,654,0.169536423841,0.164132936375,0.005403487466
12,112,0x5343454E45525931,0xC3133EBE20383CB5,555DC17238BA293E6E46,0x4,0x48D60FBD,0x48D60FBD,1,8,8,5267,658.375000,550,778,0.170115815455,0.164132936375,0.005982879079
12,128,0x5343454E45525931,0xC3133EBE20383CB5,555DC17238BA293E6E46,0x4,0x48D60FBD,0x48D60FBD,1,8,8,6188,773.500000,692,928,0.165481577246,0.164132936375,0.001348640871
12,160,0x5343454E45525931,0xC3133EBE20383CB5,555DC17238BA293E6E46,0x4,0x48D60FBD,0x48D60FBD,1,8,8,7750,968.750000,865,1147,0.165161290323,0.164132936375,0.001028353947
12,192,0x5343454E45525931,0xC3133EBE20383CB5,555DC17238BA293E6E46,0x4,0x48D60FBD,0x48D60FBD,1,8,8,9321,1165.125000,1019,1335,0.164789185710,0.164132936375,0.000656249334
12,256,0x5343454E45525931,0xC3133EBE20383CB5,555DC17238BA293E6E46,0x4,0x48D60FBD,0x48D60FBD,1,8,8,12502,1562.750000,1406,1729,0.163813789794,0.164132936375,0.000319146582
13,16,0x5343454E45525931,0x5033CC933AA12013,8252609D862DC1C63058,0xF,0xFC8BC551,0x00000000,0,0,0,793,99.125000,78,117,0.161412358134,0.164132936375,0.002720578242
13,24,0x5343454E45525931,0x5033CC933AA12013,8252609D862DC1C63058,0xF,0xFC8BC551,0x00000000,0,0,0,1166,145.750000,115,171,0.164665523156,0.164132936375,0.000532586781
13,32,0x5343454E45525931,0x5033CC933AA12013,8252609D862DC1C63058,0xF,0xFC8BC551,0x00000000,0,1,1,1566,195.750000,170,226,0.163473818646,0.164132936375,0.000659117729
13,40,0x5343454E45525931,0x5033CC933AA12013,8252609D862DC1C63058,0xF,0xFC8BC551,0x00000000,0,1,1,1866,233.250000,204,263,0.171489817792,0.164132936375,0.007356881417
13,48,0x5343454E45525931,0x5033CC933AA12013,8252609D862DC1C63058,0xF,0xFC8BC551,0x00000000,0,1,1,2266,283.250000,240,326,0.169461606355,0.164132936375,0.005328669979
13,56,0x5343454E45525931,0x5033CC933AA12013,8252609D862DC1C63058,0xF,0xFC8BC551,0xFC8BC551,1,8,8,2805,350.625000,288,404,0.159714795009,0.164132936375,0.004418141366
13,64,0x5343454E45525931,0x5033CC933AA12013,8252609D862DC1C63058,0xF,0xFC8BC551,0xFC8BC551,1,8,8,3158,394.750000,320,445,0.162127929069,0.164132936375,0.002005007306
13,72,0x5343454E45525931,0x5033CC933AA12013,8252609D862DC1C63058,0xF,0xFC8BC551,0xFC8BC551,1,8,8,3576,447.000000,362,509,0.161073825503,0.164132936375,0.003059110872
13,80,0x5343454E45525931,0x5033CC933AA12013,8252609D862DC1C63058,0xF,0xFC8BC551,0xFC8BC551,1,8,8,3875,484.375000,401,545,0.165161290323,0.164132936375,0.001028353947
13,96,0x5343454E45525931,0x5033CC933AA12013,8252609D862DC1C63058,0xF,0xFC8BC551,0xFC8BC551,1,8,8,4559,569.875000,469,628,0.168457995174,0.164132936375,0.004325058799
13,112,0x5343454E45525931,0x5033CC933AA12013,8252609D862DC1C63058,0xF,0xFC8BC551,0xFC8BC551,1,8,8,5305,663.125000,588,713,0.168897266730,0.164132936375,0.004764330354
13,128,0x5343454E45525931,0x5033CC933AA12013,8252609D862DC1C63058,0xF,0xFC8BC551,0xFC8BC551,1,8,8,5964,745.500000,654,813,0.171696847753,0.164132936375,0.007563911378
13,160,0x5343454E45525931,0x5033CC933AA12013,8252609D862DC1C63058,0xF,0xFC8BC551,0xFC8BC551,1,8,8,7572,946.500000,834,1035,0.169043845747,0.164132936375,0.004910909372
13,192,0x5343454E45525931,0x5033CC933AA12013,8252609D862DC1C63058,0xF,0xFC8BC551,0xFC8BC551,1,8,8,9171,1146.375000,1044,1213,0.167484461891,0.164132936375,0.003351525515
13,256,0x5343454E45525931,0x5033CC933AA12013,8252609D862DC1C63058,0xF,0xFC8BC551,0xFC8BC551,1,8,8,12240,1530.000000,1413,1609,0.167320261438,0.164132936375,0.003187325063
14,16,0x5343454E45525931,0xB773EFA684AFC604,90E11EE08CEDD5F90993,0xA,0x5F83FEAD,0x00000000,0,0,0,821,102.625000,74,141,0.155907429963,0.164132936375,0.008225506412
14,24,0x5343454E45525931,0xB773EFA684AFC604,90E11EE08CEDD5F90993,0xA,0x5F83FEAD,0x00000000,0,0,0,1210,151.250000,116,193,0.158677685950,0.164132936375,0.005455250425
14,32,0x5343454E45525931,0xB773EFA684AFC604,90E11EE08CEDD5F90993,0xA,0x5F83FEAD,0x00000000,0,0,0,1631,203.875000,168,241,0.156958920907,0.164132936375,0.007174015468
14,40,0x5343454E45525931,0xB773EFA684AFC604,90E11EE08CEDD5F90993,0xA,0x5F83FEAD,0x00000000,0,0,0,2001,250.125000,208,280,0.159920039980,0.164132936375,0.004212896395
14,48,0x5343454E45525931,0xB773EFA684AFC604,90E11EE08CEDD5F90993,0xA,0x5F83FEAD,0x00000000,0,0,0,2416,302.000000,273,350,0.158940397351,0.164132936375,0.005192539024
14,56,0x5343454E45525931,0xB773EFA684AFC604,90E11EE08CEDD5F90993,0xA,0x5F83FEAD,0x00000000,0,0,0,2780,347.500000,303,396,0.161151079137,0.164132936375,0.002981857239
14,64,0x5343454E45525931,0xB773EFA684AFC604,90E11EE08CEDD5F90993,0xA,0x5F83FEAD,0x00000000,0,0,0,3213,401.625000,352,443,0.159352629941,0.164132936375,0.004780306435
14,72,0x5343454E45525931,0xB773EFA684AFC604,90E11EE08CEDD5F90993,0xA,0x5F83FEAD,0x00000000,0,0,0,3607,450.875000,379,473,0.159689492653,0.164132936375,0.004443443722
14,80,0x5343454E45525931,0xB773EFA684AFC604,90E11EE08CEDD5F90993,0xA,0x5F83FEAD,0x5F83FEAD,1,8,8,3947,493.375000,403,526,0.162148467190,0.164132936375,0.001984469185
14,96,0x5343454E45525931,0xB773EFA684AFC604,90E11EE08CEDD5F90993,0xA,0x5F83FEAD,0x5F83FEAD,1,8,8,4730,591.250000,542,630,0.162367864693,0.164132936375,0.001765071682
14,112,0x5343454E45525931,0xB773EFA684AFC604,90E11EE08CEDD5F90993,0xA,0x5F83FEAD,0x5F83FEAD,1,8,8,5447,680.875000,615,721,0.164494217000,0.164132936375,0.000361280625
14,128,0x5343454E45525931,0xB773EFA684AFC604,90E11EE08CEDD5F90993,0xA,0x5F83FEAD,0x5F83FEAD,1,8,8,6100,762.500000,695,824,0.167868852459,0.164132936375,0.003735916084
14,160,0x5343454E45525931,0xB773EFA684AFC604,90E11EE08CEDD5F90993,0xA,0x5F83FEAD,0x5F83FEAD,1,8,8,7688,961.000000,874,1087,0.166493236212,0.164132936375,0.002360299837
14,192,0x5343454E45525931,0xB773EFA684AFC604,90E11EE08CEDD5F90993,0xA,0x5F83FEAD,0x5F83FEAD,1,8,8,9215,1151.875000,1103,1242,0.166684753120,0.164132936375,0.002551816745
14,256,0x5343454E45525931,0xB773EFA684AFC604,90E11EE08CEDD5F90993,0xA,0x5F83FEAD,0x5F83FEAD,1,8,8,12486,1560.750000,1441,1751,0.164023706551,0.164132936375,0.000109229824
15,16,0x5343454E45525931,0xF62DBFEF9FFE9939,9329C6778243CBFE21A8,0xD,0x80529537,0x00000000,0,0,0,653,81.625000,49,116,0.196018376723,0.164132936375,0.031885440347
15,24,0x5343454E45525931,0xF62DBFEF9FFE9939,9329C6778243CBFE21A8,0xD,0x80529537,0x00000000,0,0,0,1118,139.750000,81,177,0.171735241503,0.164132936375,0.007602305127
15,32,0x5343454E45525931,0xF62DBFEF9FFE9939,9329C6778243CBFE21A8,0xD,0x80529537,0x00000000,0,1,1,1450,181.250000,119,212,0.176551724138,0.164132936375,0.012418787763
15,40,0x5343454E45525931,0xF62DBFEF9FFE9939,9329C6778243CBFE21A8,0xD,0x80529537,0x00000000,0,1,1,1952,244.000000,173,305,0.163934426230,0.164132936375,0.000198510146
15,48,0x5343454E45525931,0xF62DBFEF9FFE9939,9329C6778243CBFE21A8,0xD,0x80529537,0x00000000,0,1,1,2341,292.625000,216,340,0.164032464759,0.164132936375,0.000100471617
15,56,0x5343454E45525931,0xF62DBFEF9FFE9939,9329C6778243CBFE21A8,0xD,0x80529537,0x00000000,0,1,1,2759,344.875000,254,404,0.162377673070,0.164132936375,0.001755263305
15,64,0x5343454E45525931,0xF62DBFEF9FFE9939,9329C6778243CBFE21A8,0xD,0x80529537,0x00000000,0,3,3,3136,392.000000,317,465,0.163265306122,0.164132936375,0.000867630253
15,72,0x5343454E45525931,0xF62DBFEF9FFE9939,9329C6778243CBFE21A8,0xD,0x80529537,0x00000000,0,3,3,3556,444.500000,389,519,0.161979752531,0.164132936375,0.002153183844
15,80,0x5343454E45525931,0xF62DBFEF9FFE9939,9329C6778243CBFE21A8,0xD,0x80529537,0x80529537,1,8,8,3929,491.125000,424,605,0.162891320947,0.164132936375,0.001241615429
15,96,0x5343454E45525931,0xF62DBFEF9FFE9939,9329C6778243CBFE21A8,0xD,0x80529537,0x80529537,1,8,8,4639,579.875000,491,692,0.165552920888,0.164132936375,0.001419984513
15,112,0x5343454E45525931,0xF62DBFEF9FFE9939,9329C6778243CBFE21A8,0xD,0x80529537,0x80529537,1,8,8,5447,680.875000,590,779,0.164494217000,0.164132936375,0.000361280625
15,128,0x5343454E45525931,0xF62DBFEF9FFE9939,9329C6778243CBFE21A8,0xD,0x80529537,0x80529537,1,8,8,6196,774.500000,684,889,0.165267914784,0.164132936375,0.001134978408
15,160,0x5343454E45525931,0xF62DBFEF9FFE9939,9329C6778243CBFE21A8,0xD,0x80529537,0x80529537,1,8,8,7722,965.250000,846,1078,0.165760165760,0.164132936375,0.001627229385
15,192,0x5343454E45525931,0xF62DBFEF9FFE9939,9329C6778243CBFE21A8,0xD,0x80529537,0x80529537,1,8,8,9213,1151.625000,973,1285,0.166720937805,0.164132936375,0.002588001430
15,256,0x5343454E45525931,0xF62DBFEF9FFE9939,9329C6778243CBFE21A8,0xD,0x80529537,0x80529537,1,8,8,12342,1542.750000,1414,1738,0.165937449360,0.164132936375,0.001804512985
16,16,0x5343454E45525931,0x85F16EE4B20F3530,0A0F307FE07DE66EBD4A,0x8,0xFAE20035,0x00000000,0,0,0,732,91.500000,67,114,0.174863387978,0.164132936375,0.010730451603
16,24,0x5343454E45525931,0x85F16EE4B20F3530,0A0F307FE07DE66EBD4A,0x8,0xFAE20035,0x00000000,0,0,0,1141,142.625000,118,159,0.168273444347,0.164132936375,0.004140507972
16,32,0x5343454E45525931,0x85F16EE4B20F3530,0A0F307FE07DE66EBD4A,0x8,0xFAE20035,0x00000000,0,0,0,1528,191.000000,151,231,0.167539267016,0.164132936375,0.003406330640
16,40,0x5343454E45525931,0x85F16EE4B20F3530,0A0F307FE07DE66EBD4A,0x8,0xFAE20035,0x00000000,0,0,0,1933,241.625000,210,316,0.165545783756,0.164132936375,0.001412847380
16,48,0x5343454E45525931,0x85F16EE4B20F3530,0A0F307FE07DE66EBD4A,0x8,0xFAE20035,0x00000000,0,0,0,2301,287.625000,256,369,0.166883963494,0.164132936375,0.002751027119
16,56,0x5343454E45525931,0x85F16EE4B20F3530,0A0F307FE07DE66EBD4A,0x8,0xFAE20035,0x00000000,0,0,0,2676,334.500000,305,412,0.167414050822,0.164132936375,0.003281114447
16,64,0x5343454E45525931,0x85F16EE4B20F3530,0A0F307FE07DE66EBD4A,0x8,0xFAE20035,0x00000000,0,0,0,3058,382.250000,330,457,0.167429692610,0.164132936375,0.003296756234
16,72,0x5343454E45525931,0x85F16EE4B20F3530,0A0F307FE07DE66EBD4A,0x8,0xFAE20035,0x00000000,0,0,0,3460,432.500000,355,514,0.166473988439,0.164132936375,0.002341052064
16,80,0x5343454E45525931,0x85F16EE4B20F3530,0A0F307FE07DE66EBD4A,0x8,0xFAE20035,0x00000000,0,4,4,3745,468.125000,381,553,0.170894526035,0.164132936375,0.006761589659
16,96,0x5343454E45525931,0x85F16EE4B20F3530,0A0F307FE07DE66EBD4A,0x8,0xFAE20035,0xFAE20035,1,8,8,4538,567.250000,466,676,0.169237549581,0.164132936375,0.005104613206
16,112,0x5343454E45525931,0x85F16EE4B20F3530,0A0F307FE07DE66EBD4A,0x8,0xFAE20035,0xFAE20035,1,8,8,5240,655.000000,531,779,0.170992366412,0.164132936375,0.006859430037
16,128,0x5343454E45525931,0x85F16EE4B20F3530,0A0F307FE07DE66EBD4A,0x8,0xFAE20035,0xFAE20035,1,8,8,6116,764.500000,614,871,0.167429692610,0.164132936375,0.003296756234
16,160,0x5343454E45525931,0x85F16EE4B20F3530,0A0F307FE07DE66EBD4A,0x8,0xFAE20035,0xFAE20035,1,8,8,7540,942.500000,783,1032,0.169761273210,0.164132936375,0.005628336834
16,192,0x5343454E45525931,0x85F16EE4B20F3530,0A0F307FE07DE66EBD4A,0x8,0xFAE20035,0xFAE20035,1,8,8,9138,1142.250000,962,1269,0.168089297439,0.164132936375,0.003956361064
16,256,0x5343454E45525931,0x85F16EE4B20F3530,0A0F307FE07DE66EBD4A,0x8,0xFAE20035,0xFAE20035,1,8,8,12020,1502.500000,1271,1590,0.170382695507,0.164132936375,0.006249759132
17,16,0x5343454E45525931,0xE3A153F7085AD422,3F8BC76A034F84EF76E0,0x2,0xDA243FD5,0x00000000,0,0,0,867,108.375000,80,134,0.147635524798,0.164132936375,0.016497411577
17,24,0x5343454E45525931,0xE3A153F7085AD422,3F8BC76A034F84EF76E0,0x2,0xDA243FD5,0x00000000,0,0,0,1317,164.625000,147,195,0.145785876993,0.164132936375,0.018347059382
17,32,0x5343454E45525931,0xE3A153F7085AD422,3F8BC76A034F84EF76E0,0x2,0xDA243FD5,0x00000000,0,0,0,1652,206.500000,184,256,0.154963680387,0.164132936375,0.009169255988
17,40,0x5343454E45525931,0xE3A153F7085AD422,3F8BC76A034F84EF76E0,0x2,0xDA243FD5,0x00000000,0,1,1,1981,247.625000,231,287,0.161534578496,0.164132936375,0.002598357880
17,48,0x5343454E45525931,0xE3A153F7085AD422,3F8BC76A034F84EF76E0,0x2,0xDA243FD5,0x00000000,0,3,3,2312,289.000000,258,321,0.166089965398,0.164132936375,0.001957029023
17,56,0x5343454E45525931,0xE3A153F7085AD422,3F8BC76A034F84EF76E0,0x2,0xDA243FD5,0xDA243FD5,1,8,8,2733,341.625000,325,360,0.163922429565,0.164132936375,0.000210506811
17,64,0x5343454E45525931,0xE3A153F7085AD422,3F8BC76A034F84EF76E0,0x2,0xDA243FD5,0xDA243FD5,1,8,8,3144,393.000000,383,405,0.162849872774,0.164132936375,0.001283063602
17,72,0x5343454E45525931,0xE3A153F7085AD422,3F8BC76A034F84EF76E0,0x2,0xDA243FD5,0xDA243FD5,1,8,8,3562,445.250000,425,459,0.161706906232,0.164132936375,0.002426030143
17,80,0x5343454E45525931,0xE3A153F7085AD422,3F8BC76A034F84EF76E0,0x2,0xDA243FD5,0xDA243FD5,1,8,8,3917,489.625000,468,516,0.163390349757,0.164132936375,0.000742586618
17,96,0x5343454E45525931,0xE3A153F7085AD422,3F8BC76A034F84EF76E0,0x2,0xDA243FD5,0xDA243FD5,1,8,8,4541,567.625000,543,594,0.169125743228,0.164132936375,0.004992806853
17,112,0x5343454E45525931,0xE3A153F7085AD422,3F8BC76A034F84EF76E0,0x2,0xDA243FD5,0xDA243FD5,1,8,8,5285,660.625000,618,696,0.169536423841,0.164132936375,0.005403487466
17,128,0x5343454E45525931,0xE3A153F7085AD422,3F8BC76A034F84EF76E0,0x2,0xDA243FD5,0xDA243FD5,1,8,8,6033,754.125000,686,808,0.169733134427,0.164132936375,0.005600198052
17,160,0x5343454E45525931,0xE3A153F7085AD422,3F8BC76A034F84EF76E0,0x2,0xDA243FD5,0xDA243FD5,1,8,8,7733,966.625000,894,1019,0.165524376051,0.164132936375,0.001391439675
17,192,0x5343454E45525931,0xE3A153F7085AD422,3F8BC76A034F84EF76E0,0x2,0xDA243FD5,0xDA243FD5,1,8,8,9295,1161.875000,1082,1230,0.165250134481,0.164132936375,0.001117198106
17,256,0x5343454E45525931,0xE3A153F7085AD422,3F8BC76A034F84EF76E0,0x2,0xDA243FD5,0xDA243FD5,1,8,8,12309,1538.625000,1436,1589,0.166382321878,0.164132936375,0.002249385503
18,16,0x5343454E45525931,0x527E0716B990965A,B73F63FEC55DDCEF5D53,0xB,0xF3F880A7,0x00000000,0,0,0,786,98.250000,73,127,0.162849872774,0.164132936375,0.001283063602
18,24,0x5343454E45525931,0x527E0716B990965A,B73F63FEC55DDCEF5D53,0xB,0xF3F880A7,0x00000000,0,0,0,1194,149.250000,110,177,0.160804020101,0.164132936375,0.003328916275
18,32,0x5343454E45525931,0x527E0716B990965A,B73F63FEC55DDCEF5D53,0xB,0xF3F880A7,0x00000000,0,1,1,1561,195.125000,160,226,0.163997437540,0.164132936375,0.000135498835
18,40,0x5343454E45525931,0x527E0716B990965A,B73F63FEC55DDCEF5D53,0xB,0xF3F880A7,0x00000000,0,1,1,2015,251.875000,224,281,0.158808933002,0.164132936375,0.005324003373
18,48,0x5343454E45525931,0x527E0716B990965A,B73F63FEC55DDCEF5D53,0xB,0xF3F880A7,0x00000000,0,1,1,2446,305.750000,268,352,0.156991005724,0.164132936375,0.007141930652
18,56,0x5343454E45525931,0x527E0716B990965A,B73F63FEC55DDCEF5D53,0xB,0xF3F880A7,0x00000000,0,6,6,2832,354.000000,301,393,0.158192090395,0.164132936375,0.005940845980
18,64,0x5343454E45525931,0x527E0716B990965A,B73F63FEC55DDCEF5D53,0xB,0xF3F880A7,0x00000000,0,6,6,3223,402.875000,342,459,0.158858206640,0.164132936375,0.005274729736
18,72,0x5343454E45525931,0x527E0716B990965A,B73F63FEC55DDCEF5D53,0xB,0xF3F880A7,0xF3F880A7,1,8,8,3554,444.250000,388,495,0.162070906021,0.164132936375,0.002062030354
18,80,0x5343454E45525931,0x527E0716B990965A,B73F63FEC55DDCEF5D53,0xB,0xF3F880A7,0xF3F880A7,1,8,8,3997,499.625000,445,565,0.160120090068,0.164132936375,0.004012846308
18,96,0x5343454E45525931,0x527E0716B990965A,B73F63FEC55DDCEF5D53,0xB,0xF3F880A7,0xF3F880A7,1,8,8,4737,592.125000,540,654,0.162127929069,0.164132936375,0.002005007306
18,112,0x5343454E45525931,0x527E0716B990965A,B73F63FEC55DDCEF5D53,0xB,0xF3F880A7,0xF3F880A7,1,8,8,5467,683.375000,630,756,0.163892445583,0.164132936375,0.000240490793
18,128,0x5343454E45525931,0x527E0716B990965A,B73F63FEC55DDCEF5D53,0xB,0xF3F880A7,0xF3F880A7,1,8,8,6275,784.375000,704,895,0.163187250996,0.164132936375,0.000945685379
18,160,0x5343454E45525931,0x527E0716B990965A,B73F63FEC55DDCEF5D53,0xB,0xF3F880A7,0xF3F880A7,1,8,8,7920,990.000000,868,1117,0.161616161616,0.164132936375,0.002516774759
18,192,0x5343454E45525931,0x527E0716B990965A,B73F63FEC55DDCEF5D53,0xB,0xF3F880A7,0xF3F880A7,1,8,8,9497,1187.125000,1086,1300,0.161735284827,0.164132936375,0.002397651549
18,256,0x5343454E45525931,0x527E0716B990965A,B73F63FEC55DDCEF5D53,0xB,0xF3F880A7,0xF3F880A7,1,8,8,12495,1561.875000,1459,1708,0.163905562225,0.164132936375,0.000227374150
19,16,0x5343454E45525931,0x927E07C917C5D0FD,D543D4D235D19C1D8C4D,0x7,0xC1265382,0x00000000,0,0,0,741,92.625000,76,105,0.172739541161,0.164132936375,0.008606604785
19,24,0x5343454E45525931,0x927E07C917C5D0FD,D543D4D235D19C1D8C4D,0x7,0xC1265382,0x00000000,0,0,0,1163,145.375000,110,183,0.165090283749,0.164132936375,0.000957347374
19,32,0x5343454E45525931,0x927E07C917C5D0FD,D543D4D235D19C1D8C4D,0x7,0xC1265382,0x00000000,0,0,0,1584,198.000000,168,258,0.161616161616,0.164132936375,0.002516774759
19,40,0x5343454E45525931,0x927E07C917C5D0FD,D543D4D235D19C1D8C4D,0x7,0xC1265382,0x00000000,0,0,0,1977,247.125000,230,300,0.161861406171,0.164132936375,0.002271530204
19,48,0x5343454E45525931,0x927E07C917C5D0FD,D543D4D235D19C1D8C4D,0x7,0xC1265382,0x00000000,0,3,3,2395,299.375000,278,350,0.160334029228,0.164132936375,0.003798907148
19,56,0x5343454E45525931,0x927E07C917C5D0FD,D543D4D235D19C1D8C4D,0x7,0xC1265382,0x00000000,0,3,3,2804,350.500000,333,384,0.159771754636,0.164132936375,0.004361181739
19,64,0x5343454E45525931,0x927E07C917C5D0FD,D543D4D235D19C1D8C4D,0x7,0xC1265382,0x00000000,0,3,3,3247,405.875000,373,439,0.157684016015,0.164132936375,0.006448920361
19,72,0x5343454E45525931,0x927E07C917C5D0FD,D543D4D235D19C1D8C4D,0x7,0xC1265382,0xC1265382,1,8,8,3640,455.000000,409,495,0.158241758242,0.164132936375,0.005891178134
19,80,0x5343454E45525931,0x927E07C917C5D0FD,D543D4D235D19C1D8C4D,0x7,0xC1265382,0xC1265382,1,8,8,4104,513.000000,456,598,0.155945419103,0.164132936375,0.008187517272
19,96,0x5343454E45525931,0x927E07C917C5D0FD,D543D4D235D19C1D8C4D,0x7,0xC1265382,0xC1265382,1,8,8,4909,613.625000,550,740,0.156447341617,0.164132936375,0.007685594758
19,112,0x5343454E45525931,0x927E07C917C5D0FD,D543D4D235D19C1D8C4D,0x7,0xC1265382,0xC1265382,1,8,8,5642,705.250000,647,824,0.158808933002,0.164132936375,0.005324003373
19,128,0x5343454E45525931,0x927E07C917C5D0FD,D543D4D235D19C1D8C4D,0x7,0xC1265382,0xC1265382,1,8,8,6439,804.875000,732,925,0.159030905420,0.164132936375,0.005102030955
19,160,0x5343454E45525931,0x927E07C917C5D0FD,D543D4D235D19C1D8C4D,0x7,0xC1265382,0xC1265382,1,8,8,8033,1004.125000,913,1128,0.159342711316,0.164132936375,0.004790225060
19,192,0x5343454E45525931,0x927E07C917C5D0FD,D543D4D235D19C1D8C4D,0x7,0xC1265382,0xC1265382,1,8,8,9473,1184.125000,1084,1316,0.162145043809,0.164132936375,0.001987892567
19,256,0x5343454E45525931,0x927E07C917C5D0FD,D543D4D235D19C1D8C4D,0x7,0xC1265382,0xC1265382,1,8,8,12592,1574.000000,1433,1726,0.162642947903,0.164132936375,0.001489988472
20,16,0x5343454E45525931,0xBAFE5C902684FF59,B173DB23CCA736041F72,0x9,0x89B1C7DF,0x00000000,0,0,0,871,108.875000,92,133,0.146957520092,0.164132936375,0.017175416284
20,24,0x5343454E45525931,0xBAFE5C902684FF59,B173DB23CCA736041F72,0x9,0x89B1C7DF,0x00000000,0,0,0,1212,151.500000,113,197,0.158415841584,0.164132936375,0.005717094791
20,32,0x5343454E45525931,0xBAFE5C902684FF59,B173DB23CCA736041F72,0x9,0x89B1C7DF,0x00000000,0,0,0,1702,212.750000,178,276,0.150411280846,0.164132936375,0.013721655529
20,40,0x5343454E45525931,0xBAFE5C902684FF59,B173DB23CCA736041F72,0x9,0x89B1C7DF,0x00000000,0,0,0,2072,259.000000,212,315,0.154440154440,0.164132936375,0.009692781935
20,48,0x5343454E45525931,0xBAFE5C902684FF59,B173DB23CCA736041F72,0x9,0x89B1C7DF,0x00000000,0,0,0,2531,316.375000,267,366,0.151718688266,0.164132936375,0.012414248110
20,56,0x5343454E45525931,0xBAFE5C902684FF59,B173DB23CCA736041F72,0x9,0x89B1C7DF,0x00000000,0,0,0,2941,367.625000,302,423,0.152329139748,0.164132936375,0.011803796627
20,64,0x5343454E45525931,0xBAFE5C902684FF59,B173DB23CCA736041F72,0x9,0x89B1C7DF,0x00000000,0,0,0,3294,411.750000,342,459,0.155434122647,0.164132936375,0.008698813728
20,72,0x5343454E45525931,0xBAFE5C902684FF59,B173DB23CCA736041F72,0x9,0x89B1C7DF,0x00000000,0,0,0,3730,466.250000,391,540,0.154423592493,0.164132936375,0.009709343882
20,80,0x5343454E45525931,0xBAFE5C902684FF59,B173DB23CCA736041F72,0x9,0x89B1C7DF,0x00000000,0,2,2,4079,509.875000,450,600,0.156901201275,0.164132936375,0.007231735101
20,96,0x5343454E45525931,0xBAFE5C902684FF59,B173DB23CCA736041F72,0x9,0x89B1C7DF,0x00000000,0,5,5,4911,613.875000,536,715,0.156383628589,0.164132936375,0.007749307786
20,112,0x5343454E45525931,0xBAFE5C902684FF59,B173DB23CCA736041F72,0x9,0x89B1C7DF,0x00000000,0,5,5,5716,714.500000,632,790,0.156752974108,0.164132936375,0.007379962268
20,128,0x5343454E45525931,0xBAFE5C902684FF59,B173DB23CCA736041F72,0x9,0x89B1C7DF,0x89B1C7DF,1,8,8,6622,827.750000,738,917,0.154636061613,0.164132936375,0.009496874763
20,160,0x5343454E45525931,0xBAFE5C902684FF59,B173DB23CCA736041F72,0x9,0x89B1C7DF,0x89B1C7DF,1,8,8,8135,1016.875000,939,1115,0.157344806392,0.164132936375,0.006788129983
20,192,0x5343454E45525931,0xBAFE5C902684FF59,B173DB23CCA736041F72,0x9,0x89B1C7DF,0x89B1C7DF,1,8,8,9732,1216.500000,1136,1280,0.157829839704,0.164132936375,0.006303096671
20,256,0x5343454E45525931,0xBAFE5C902684FF59,B173DB23CCA736041F72,0x9,0x89B1C7DF,0x89B1C7DF,1,8,8,12902,1612.750000,1537,1727,0.158735079833,0.164132936375,0.005397856543
21,16,0x5343454E45525931,0xEA120E3BF3E76C5A,08BEAA34A4CD446D3321,0xC,0xD88254AE,0x00000000,0,0,0,768,96.000000,63,130,0.166666666667,0.164132936375,0.002533730291
21,24,0x5343454E45525931,0xEA120E3BF3E76C5A,08BEAA34A4CD446D3321,0xC,0xD88254AE,0x00000000,0,0,0,1099,137.375000,92,186,0.174704276615,0.164132936375,0.010571340240
21,32,0x5343454E45525931,0xEA120E3BF3E76C5A,08BEAA34A4CD446D3321,0xC,0xD88254AE,0x00000000,0,0,0,1476,184.500000,139,222,0.173441734417,0.164132936375,0.009308798042
21,40,0x5343454E45525931,0xEA120E3BF3E76C5A,08BEAA34A4CD446D3321,0xC,0xD88254AE,0x00000000,0,0,0,1842,230.250000,171,292,0.173724212812,0.164132936375,0.009591276437
21,48,0x5343454E45525931,0xEA120E3BF3E76C5A,08BEAA34A4CD446D3321,0xC,0xD88254AE,0x00000000,0,1,1,2278,284.750000,223,382,0.168568920105,0.164132936375,0.004435983730
21,56,0x5343454E45525931,0xEA120E3BF3E76C5A,08BEAA34A4CD446D3321,0xC,0xD88254AE,0x00000000,0,1,1,2656,332.000000,254,426,0.168674698795,0.164132936375,0.004541762420
21,64,0x5343454E45525931,0xEA120E3BF3E76C5A,08BEAA34A4CD446D3321,0xC,0xD88254AE,0x00000000,0,1,1,3057,382.125000,311,452,0.167484461891,0.164132936375,0.003351525515
21,72,0x5343454E45525931,0xEA120E3BF3E76C5A,08BEAA34A4CD446D3321,0xC,0xD88254AE,0x00000000,0,3,3,3427,428.375000,350,484,0.168077035308,0.164132936375,0.003944098932
21,80,0x5343454E45525931,0xEA120E3BF3E76C5A,08BEAA34A4CD446D3321,0xC,0xD88254AE,0xD88254AE,1,8,8,3736,467.000000,382,526,0.171306209850,0.164132936375,0.007173273475
21,96,0x5343454E45525931,0xEA120E3BF3E76C5A,08BEAA34A4CD446D3321,0xC,0xD88254AE,0xD88254AE,1,8,8,4532,566.500000,463,637,0.169461606355,0.164132936375,0.005328669979
21,112,0x5343454E45525931,0xEA120E3BF3E76C5A,08BEAA34A4CD446D3321,0xC,0xD88254AE,0xD88254AE,1,8,8,5251,656.375000,515,737,0.170634164921,0.164132936375,0.006501228546
21,128,0x5343454E45525931,0xEA120E3BF3E76C5A,08BEAA34A4CD446D3321,0xC,0xD88254AE,0xD88254AE,1,8,8,6049,756.125000,649,861,0.169284179203,0.164132936375,0.005151242828
21,160,0x5343454E45525931,0xEA120E3BF3E76C5A,08BEAA34A4CD446D3321,0xC,0xD88254AE,0xD88254AE,1,8,8,7561,945.125000,829,1085,0.169289776485,0.164132936375,0.005156840109
21,192,0x5343454E45525931,0xEA120E3BF3E76C5A,08BEAA34A4CD446D3321,0xC,0xD88254AE,0xD88254AE,1,8,8,9080,1135.000000,1031,1277,0.169162995595,0.164132936375,0.005030059219
21,256,0x5343454E45525931,0xEA120E3BF3E76C5A,08BEAA34A4CD446D3321,0xC,0xD88254AE,0xD88254AE,1,8,8,12113,1514.125000,1398,1661,0.169074548006,0.164132936375,0.004941611631
22,16,0x5343454E45525931,0x819079A1061A7BBD,F00CA0B963764D459EC8,0xC,0xE8F722BC,0x00000000,0,0,0,780,97.500000,77,125,0.164102564103,0.164132936375,0.000030372273
22,24,0x5343454E45525931,0x819079A1061A7BBD,F00CA0B963764D459EC8,0xC,0xE8F722BC,0x00000000,0,0,0,1161,145.125000,98,203,0.165374677003,0.164132936375,0.001241740627
22,32,0x5343454E45525931,0x819079A1061A7BBD,F00CA0B963764D459EC8,0xC,0xE8F722BC,0x00000000,0,0,0,1524,190.500000,147,250,0.167979002625,0.164132936375,0.003846066249
22,40,0x5343454E45525931,0x819079A1061A7BBD,F00CA0B963764D459EC8,0xC,0xE8F722BC,0x00000000,0,0,0,1840,230.000000,177,294,0.173913043478,0.164132936375,0.009780107103
22,48,0x5343454E45525931,0x819079A1061A7BBD,F00CA0B963764D459EC8,0xC,0xE8F722BC,0x00000000,0,0,0,2292,286.500000,242,348,0.167539267016,0.164132936375,0.003406330640
22,56,0x5343454E45525931,0x819079A1061A7BBD,F00CA0B963764D459EC8,0xC,0xE8F722BC,0x00000000,0,0,0,2646,330.750000,278,401,0.169312169312,0.164132936375,0.005179232937
22,64,0x5343454E45525931,0x819079A1061A7BBD,F00CA0B963764D459EC8,0xC,0xE8F722BC,0xE8F722BC,1,8,8,2987,373.375000,320,429,0.171409440911,0.164132936375,0.007276504535
22,72,0x5343454E45525931,0x819079A1061A7BBD,F00CA0B963764D459EC8,0xC,0xE8F722BC,0xE8F722BC,1,8,8,3356,419.500000,346,480,0.171632896305,0.164132936375,0.007499959930
22,80,0x5343454E45525931,0x819079A1061A7BBD,F00CA0B963764D459EC8,0xC,0xE8F722BC,0xE8F722BC,1,8,8,3738,467.250000,389,511,0.171214553237,0.164132936375,0.007081616862
22,96,0x5343454E45525931,0x819079A1061A7BBD,F00CA0B963764D459EC8,0xC,0xE8F722BC,0xE8F722BC,1,8,8,4563,570.375000,481,627,0.168310322156,0.164132936375,0.004177385781
22,112,0x5343454E45525931,0x819079A1061A7BBD,F00CA0B963764D459EC8,0xC,0xE8F722BC,0xE8F722BC,1,8,8,5332,666.500000,569,749,0.168042010503,0.164132936375,0.003909074127
22,128,0x5343454E45525931,0x819079A1061A7BBD,F00CA0B963764D459EC8,0xC,0xE8F722BC,0xE8F722BC,1,8,8,6168,771.000000,665,873,0.166018158236,0.164132936375,0.001885221861
22,160,0x5343454E45525931,0x819079A1061A7BBD,F00CA0B963764D459EC8,0xC,0xE8F722BC,0xE8F722BC,1,8,8,7778,972.250000,849,1096,0.164566726665,0.164132936375,0.000433790290
22,192,0x5343454E45525931,0x819079A1061A7BBD,F00CA0B963764D459EC8,0xC,0xE8F722BC,0xE8F722BC,1,8,8,9375,1171.875000,1048,1301,0.163840000000,0.164132936375,0.000292936375
22,256,0x5343454E45525931,0x819079A1061A7BBD,F00CA0B963764D459EC8,0xC,0xE8F722BC,0xE8F722BC,1,8,8,12630,1578.750000,1481,1706,0.162153602534,0.164132936375,0.001979333842
23,16,0x5343454E45525931,0xAD3F9AC7EF6F528D,62877F063617383B4528,0x8,0xD7B1D547,0x00000000,0,0,0,809,101.125000,79,122,0.158220024722,0.164132936375,0.005912911653
23,24,0x5343454E45525931,0xAD3F9AC7EF6F528D,62877F063617383B4528,0x8,0xD7B1D547,0x00000000,0,0,0,1177,147.125000,111,166,0.163126593033,0.164132936375,0.001006343342
23,32,0x5343454E45525931,0xAD3F9AC7EF6F528D,62877F063617383B4528,0x8,0xD7B1D547,0x00000000,0,0,0,1541,192.625000,152,225,0.166125892278,0.164132936375,0.001992955902
23,40,0x5343454E45525931,0xAD3F9AC7EF6F528D,62877F063617383B4528,0x8,0xD7B1D547,0x00000000,0,0,0,2006,250.750000,210,305,0.159521435693,0.164132936375,0.004611500682
23,48,0x5343454E45525931,0xAD3F9AC7EF6F528D,62877F063617383B4528,0x8,0xD7B1D547,0x00000000,0,0,0,2506,313.250000,241,367,0.153232242618,0.164132936375,0.010900693758
23,56,0x5343454E45525931,0xAD3F9AC7EF6F528D,62877F063617383B4528,0x8,0xD7B1D547,0x00000000,0,0,0,2964,370.500000,286,459,0.151147098516,0.164132936375,0.012985837860
23,64,0x5343454E45525931,0xAD3F9AC7EF6F528D,62877F063617383B4528,0x8,0xD7B1D547,0x00000000,0,0,0,3325,415.625000,330,528,0.153984962406,0.164132936375,0.010147973969
23,72,0x5343454E45525931,0xAD3F9AC7EF6F528D,62877F063617383B4528,0x8,0xD7B1D547,0x00000000,0,0,0,3619,452.375000,358,553,0.159159988947,0.164132936375,0.004972947428
23,80,0x5343454E45525931,0xAD3F9AC7EF6F528D,62877F063617383B4528,0x8,0xD7B1D547,0x00000000,0,0,0,3971,496.375000,403,612,0.161168471418,0.164132936375,0.002964464958
23,96,0x5343454E45525931,0xAD3F9AC7EF6F528D,62877F063617383B4528,0x8,0xD7B1D547,0x00000000,0,0,0,4722,590.250000,502,709,0.162642947903,0.164132936375,0.001489988472
23,112,0x5343454E45525931,0xAD3F9AC7EF6F528D,62877F063617383B4528,0x8,0xD7B1D547,0xD7B1D547,1,8,8,5536,692.000000,620,815,0.161849710983,0.164132936375,0.002283225393
23,128,0x5343454E45525931,0xAD3F9AC7EF6F528D,62877F063617383B4528,0x8,0xD7B1D547,0xD7B1D547,1,8,8,6399,799.875000,720,899,0.160025003907,0.164132936375,0.004107932469
23,160,0x5343454E45525931,0xAD3F9AC7EF6F528D,62877F063617383B4528,0x8,0xD7B1D547,0xD7B1D547,1,8,8,8112,1014.000000,898,1130,0.157790927022,0.164132936375,0.006342009354
23,192,0x5343454E45525931,0xAD3F9AC7EF6F528D,62877F063617383B4528,0x8,0xD7B1D547,0xD7B1D547,1,8,8,9739,1217.375000,1089,1351,0.157716397987,0.164132936375,0.006416538388
23,256,0x5343454E45525931,0xAD3F9AC7EF6F528D,62877F063617383B4528,0x8,0xD7B1D547,0xD7B1D547,1,8,8,12800,1600.000000,1488,1732,0.160000000000,0.164132936375,0.004132936375
24,16,0x5343454E45525931,0x5B32E11DDC78FEB6,ACCF718C44F29E12C7F0,0x9,0x3B93AF4D,0x00000000,0,0,0,805,100.625000,70,138,0.159006211180,0.164132936375,0.005126725195
24,24,0x5343454E45525931,0x5B32E11DDC78FEB6,ACCF718C44F29E12C7F0,0x9,0x3B93AF4D,0x00000000,0,0,0,1112,139.000000,108,170,0.172661870504,0.164132936375,0.008528934128
24,32,0x5343454E45525931,0x5B32E11DDC78FEB6,ACCF718C44F29E12C7F0,0x9,0x3B93AF4D,0x00000000,0,0,0,1516,189.500000,144,227,0.168865435356,0.164132936375,0.004732498981
24,40,0x5343454E45525931,0x5B32E11DDC78FEB6,ACCF718C44F29E12C7F0,0x9,0x3B93AF4D,0x00000000,0,0,0,1856,232.000000,173,287,0.172413793103,0.164132936375,0.008280856728
24,48,0x5343454E45525931,0x5B32E11DDC78FEB6,ACCF718C44F29E12C7F0,0x9,0x3B93AF4D,0x00000000,0,0,0,2215,276.875000,206,343,0.173363431151,0.164132936375,0.009230494776
24,56,0x5343454E45525931,0x5B32E11DDC78FEB6,ACCF718C44F29E12C7F0,0x9,0x3B93AF4D,0x00000000,0,0,0,2666,333.250000,279,390,0.168042010503,0.164132936375,0.003909074127
24,64,0x5343454E45525931,0x5B32E11DDC78FEB6,ACCF718C44F29E12C7F0,0x9,0x3B93AF4D,0x00000000,0,0,0,3005,375.625000,305,458,0.170382695507,0.164132936375,0.006249759132
24,72,0x5343454E45525931,0x5B32E11DDC78FEB6,ACCF718C44F29E12C7F0,0x9,0x3B93AF4D,0x00000000,0,0,0,3432,429.000000,351,511,0.167832167832,0.164132936375,0.003699231457
24,80,0x5343454E45525931,0x5B32E11DDC78FEB6,ACCF718C44F29E12C7F0,0x9,0x3B93AF4D,0x00000000,0,6,6,3781,472.625000,387,564,0.169267389579,0.164132936375,0.005134453204
24,96,0x5343454E45525931,0x5B32E11DDC78FEB6,ACCF718C44F29E12C7F0,0x9,0x3B93AF4D,0x3B93AF4D,1,8,8,4590,573.750000,500,666,0.167320261438,0.164132936375,0.003187325063
24,112,0x5343454E45525931,0x5B32E11DDC78FEB6,ACCF718C44F29E12C7F0,0x9,0x3B93AF4D,0x3B93AF4D,1,8,8,5302,662.750000,579,752,0.168992832893,0.164132936375,0.004859896518
24,128,0x5343454E45525931,0x5B32E11DDC78FEB6,ACCF718C44F29E12C7F0,0x9,0x3B93AF4D,0x3B93AF4D,1,8,8,6062,757.750000,674,861,0.168921148136,0.164132936375,0.004788211761
24,160,0x5343454E45525931,0x5B32E11DDC78FEB6,ACCF718C44F29E12C7F0,0x9,0x3B93AF4D,0x3B93AF4D,1,8,8,7644,955.500000,833,1094,0.167451596023,0.164132936375,0.003318659648
24,192,0x5343454E45525931,0x5B32E11DDC78FEB6,ACCF718C44F29E12C7F0,0x9,0x3B93AF4D,0x3B93AF4D,1,8,8,9155,1144.375000,984,1269,0.167777170945,0.164132936375,0.003644234569
24,256,0x5343454E45525931,0x5B32E11DDC78FEB6,ACCF718C44F29E12C7F0,0x9,0x3B93AF4D,0x3B93AF4D,1,8,8,12307,1538.375000,1361,1740,0.166409360527,0.164132936375,0.002276424151
25,16,0x5343454E45525931,0xB5B2A431D8B6AC37,F5FB2595801921AE976C,0xA,0xC4A666CF,0x00000000,0,0,0,740,92.500000,67,128,0.172972972973,0.164132936375,0.008840036598
25,24,0x5343454E45525931,0xB5B2A431D8B6AC37,F5FB2595801921AE976C,0xA,0xC4A666CF,0x00000000,0,0,0,1145,143.125000,115,194,0.167685589520,0.164132936375,0.003552653144
25,32,0x5343454E45525931,0xB5B2A431D8B6AC37,F5FB2595801921AE976C,0xA,0xC4A666CF,0x00000000,0,0,0,1576,197.000000,148,269,0.162436548223,0.164132936375,0.001696388152
25,40,0x5343454E45525931,0xB5B2A431D8B6AC37,F5FB2595801921AE976C,0xA,0xC4A666CF,0x00000000,0,0,0,2063,257.875000,201,330,0.155113911779,0.164132936375,0.009019024596
25,48,0x5343454E45525931,0xB5B2A431D8B6AC37,F5FB2595801921AE976C,0xA,0xC4A666CF,0x00000000,0,0,0,2425,303.125000,236,375,0.158350515464,0.164132936375,0.005782420911
25,56,0x5343454E45525931,0xB5B2A431D8B6AC37,F5FB2595801921AE976C,0xA,0xC4A666CF,0x00000000,0,0,0,2897,362.125000,280,461,0.154642733863,0.164132936375,0.009490202513
25,64,0x5343454E45525931,0xB5B2A431D8B6AC37,F5FB2595801921AE976C,0xA,0xC4A666CF,0x00000000,0,2,2,3289,411.125000,332,512,0.155670416540,0.164132936375,0.008462519835
25,72,0x5343454E45525931,0xB5B2A431D8B6AC37,F5FB2595801921AE976C,0xA,0xC4A666CF,0x00000000,0,3,3,3731,466.375000,373,562,0.154382203163,0.164132936375,0.009750733213
25,80,0x5343454E45525931,0xB5B2A431D8B6AC37,F5FB2595801921AE976C,0xA,0xC4A666CF,0x00000000,0,3,3,4203,525.375000,418,648,0.152272186533,0.164132936375,0.011860749842
25,96,0x5343454E45525931,0xB5B2A431D8B6AC37,F5FB2595801921AE976C,0xA,0xC4A666CF,0xC4A666CF,1,8,8,4965,620.625000,528,741,0.154682779456,0.164132936375,0.009450156919
25,112,0x5343454E45525931,0xB5B2A431D8B6AC37,F5FB2595801921AE976C,0xA,0xC4A666CF,0xC4A666CF,1,8,8,5720,715.000000,602,855,0.156643356643,0.164132936375,0.007489579732
25,128,0x5343454E45525931,0xB5B2A431D8B6AC37,F5FB2595801921AE976C,0xA,0xC4A666CF,0xC4A666CF,1,8,8,6465,808.125000,657,931,0.158391337974,0.164132936375,0.005741598402
25,160,0x5343454E45525931,0xB5B2A431D8B6AC37,F5FB2595801921AE976C,0xA,0xC4A666CF,0xC4A666CF,1,8,8,8163,1020.375000,880,1135,0.156805096166,0.164132936375,0.007327840210
25,192,0x5343454E45525931,0xB5B2A431D8B6AC37,F5FB2595801921AE976C,0xA,0xC4A666CF,0xC4A666CF,1,8,8,9678,1209.750000,1063,1383,0.158710477371,0.164132936375,0.005422459004
25,256,0x5343454E45525931,0xB5B2A431D8B6AC37,F5FB2595801921AE976C,0xA,0xC4A666CF,0xC4A666CF,1,8,8,12895,1611.875000,1429,1840,0.158821248546,0.164132936375,0.005311687829
26,16,0x5343454E45525931,0x1874FB4440619DBA,874DBB5D2A632FB5055D,0xF,0x32E9B466,0x00000000,0,0,0,900,112.500000,68,179,0.142222222222,0.164132936375,0.021910714153
26,24,0x5343454E45525931,0x1874FB4440619DBA,874DBB5D2A632FB5055D,0xF,0x32E9B466,0x00000000,0,0,0,1293,161.625000,116,248,0.148491879350,0.164132936375,0.015641057025
26,32,0x5343454E45525931,0x1874FB4440619DBA,874DBB5D2A632FB5055D,0xF,0x32E9B466,0x00000000,0,0,0,1682,210.250000,143,282,0.152199762188,0.164132936375,0.011933174187
26,40,0x5343454E45525931,0x1874FB4440619DBA,874DBB5D2A632FB5055D,0xF,0x32E9B466,0x00000000,0,0,0,2041,255.125000,191,340,0.156785889270,0.164132936375,0.007347047105
26,48,0x5343454E45525931,0x1874FB4440619DBA,874DBB5D2A632FB5055D,0xF,0x32E9B466,0x00000000,0,2,2,2426,303.250000,249,383,0.158285243199,0.164132936375,0.005847693177
26,56,0x5343454E45525931,0x1874FB4440619DBA,874DBB5D2A632FB5055D,0xF,0x32E9B466,0x00000000,0,2,2,2819,352.375000,295,436,0.158921603405,0.164132936375,0.005211332970
26,64,0x5343454E45525931,0x1874FB4440619DBA,874DBB5D2A632FB5055D,0xF,0x32E9B466,0x00000000,0,2,2,3138,392.250000,333,489,0.163161249203,0.164132936375,0.000971687172
26,72,0x5343454E45525931,0x1874FB4440619DBA,874DBB5D2A632FB5055D,0xF,0x32E9B466,0x32E9B466,1,8,8,3526,440.750000,377,536,0.163357912649,0.164132936375,0.000775023726
26,80,0x5343454E45525931,0x1874FB4440619DBA,874DBB5D2A632FB5055D,0xF,0x32E9B466,0x32E9B466,1,8,8,3881,485.125000,412,591,0.164905952074,0.164132936375,0.000773015699
26,96,0x5343454E45525931,0x1874FB4440619DBA,874DBB5D2A632FB5055D,0xF,0x32E9B466,0x32E9B466,1,8,8,4680,585.000000,499,702,0.164102564103,0.164132936375,0.000030372273
26,112,0x5343454E45525931,0x1874FB4440619DBA,874DBB5D2A632FB5055D,0xF,0x32E9B466,0x32E9B466,1,8,8,5540,692.500000,591,817,0.161732851986,0.164132936375,0.002400084390
26,128,0x5343454E45525931,0x1874FB4440619DBA,874DBB5D2A632FB5055D,0xF,0x32E9B466,0x32E9B466,1,8,8,6334,791.750000,698,956,0.161667192927,0.164132936375,0.002465743448
26,160,0x5343454E45525931,0x1874FB4440619DBA,874DBB5D2A632FB5055D,0xF,0x32E9B466,0x32E9B466,1,8,8,7853,981.625000,871,1181,0.162995033745,0.164132936375,0.001137902630
26,192,0x5343454E45525931,0x1874FB4440619DBA,874DBB5D2A632FB5055D,0xF,0x32E9B466,0x32E9B466,1,8,8,9634,1204.250000,1102,1402,0.159435333195,0.164132936375,0.004697603180
26,256,0x5343454E45525931,0x1874FB4440619DBA,874DBB5D2A632FB5055D,0xF,0x32E9B466,0x32E9B466,1,8,8,12755,1594.375000,1470,1888,0.160564484516,0.164132936375,0.003568451859
27,16,0x5343454E45525931,0xC41C2D8763A37AF7,9A6ECFC459D9ED5087C9,0x5,0x706B8565,0x00000000,0,0,0,858,107.250000,89,132,0.149184149184,0.164132936375,0.014948787191
27,24,0x5343454E45525931,0xC41C2D8763A37AF7,9A6ECFC459D9ED5087C9,0x5,0x706B8565,0x00000000,0,0,0,1224,153.000000,128,195,0.156862745098,0.164132936375,0.007270191277
27,32,0x5343454E45525931,0xC41C2D8763A37AF7,9A6ECFC459D9ED5087C9,0x5,0x706B8565,0x00000000,0,0,0,1580,197.500000,165,237,0.162025316456,0.164132936375,0.002107619920
27,40,0x5343454E45525931,0xC41C2D8763A37AF7,9A6ECFC459D9ED5087C9,0x5,0x706B8565,0x00000000,0,0,0,1965,245.625000,211,286,0.162849872774,0.164132936375,0.001283063602
27,48,0x5343454E45525931,0xC41C2D8763A37AF7,9A6ECFC459D9ED5087C9,0x5,0x706B8565,0x00000000,0,0,0,2400,300.000000,252,368,0.160000000000,0.164132936375,0.004132936375
27,56,0x5343454E45525931,0xC41C2D8763A37AF7,9A6ECFC459D9ED5087C9,0x5,0x706B8565,0x00000000,0,0,0,2833,354.125000,295,443,0.158136251324,0.164132936375,0.005996685052
27,64,0x5343454E45525931,0xC41C2D8763A37AF7,9A6ECFC459D9ED5087C9,0x5,0x706B8565,0x706B8565,1,8,8,3254,406.750000,342,509,0.157344806392,0.164132936375,0.006788129983
27,72,0x5343454E45525931,0xC41C2D8763A37AF7,9A6ECFC459D9ED5087C9,0x5,0x706B8565,0x706B8565,1,8,8,3612,451.500000,390,535,0.159468438538,0.164132936375,0.004664497837
27,80,0x5343454E45525931,0xC41C2D8763A37AF7,9A6ECFC459D9ED5087C9,0x5,0x706B8565,0x706B8565,1,8,8,3977,497.125000,437,578,0.160925320593,0.164132936375,0.003207615782
27,96,0x5343454E45525931,0xC41C2D8763A37AF7,9A6ECFC459D9ED5087C9,0x5,0x706B8565,0x706B8565,1,8,8,4840,605.000000,538,701,0.158677685950,0.164132936375,0.005455250425
27,112,0x5343454E45525931,0xC41C2D8763A37AF7,9A6ECFC459D9ED5087C9,0x5,0x706B8565,0x706B8565,1,8,8,5583,697.875000,637,822,0.160487193265,0.164132936375,0.003645743110
27,128,0x5343454E45525931,0xC41C2D8763A37AF7,9A6ECFC459D9ED5087C9,0x5,0x706B8565,0x706B8565,1,8,8,6313,789.125000,712,945,0.162204973863,0.164132936375,0.001927962512
27,160,0x5343454E45525931,0xC41C2D8763A37AF7,9A6ECFC459D9ED5087C9,0x5,0x706B8565,0x706B8565,1,8,8,7842,980.250000,869,1129,0.163223667432,0.164132936375,0.000909268944
27,192,0x5343454E45525931,0xC41C2D8763A37AF7,9A6ECFC459D9ED5087C9,0x5,0x706B8565,0x706B8565,1,8,8,9474,1184.250000,1116,1328,0.162127929069,0.164132936375,0.002005007306
27,256,0x5343454E45525931,0xC41C2D8763A37AF7,9A6ECFC459D9ED5087C9,0x5,0x706B8565,0x706B8565,1,8,8,12241,1530.125000,1452,1686,0.167306592599,0.164132936375,0.003173656223
28,16,0x5343454E45525931,0x5EF5EA6FA6EFEFC0,FB187331787DF899CDCA,0xD,0x91559720,0x00000000,0,0,0,740,92.500000,81,112,0.172972972973,0.164132936375,0.008840036598
28,24,0x5343454E45525931,0x5EF5EA6FA6EFEFC0,FB187331787DF899CDCA,0xD,0x91559720,0x00000000,0,0,0,1209,151.125000,132,192,0.158808933002,0.164132936375,0.005324003373
28,32,0x5343454E45525931,0x5EF5EA6FA6EFEFC0,FB187331787DF899CDCA,0xD,0x91559720,0x00000000,0,0,0,1609,201.125000,167,229,0.159105034183,0.164132936375,0.005027902193
28,40,0x5343454E45525931,0x5EF5EA6FA6EFEFC0,FB187331787DF899CDCA,0xD,0x91559720,0x00000000,0,3,3,1967,245.875000,218,265,0.162684290798,0.164132936375,0.001448645577
28,48,0x5343454E45525931,0x5EF5EA6FA6EFEFC0,FB187331787DF899CDCA,0xD,0x91559720,0x00000000,0,3,3,2337,292.125000,249,330,0.164313222080,0.164132936375,0.000180285704
28,56,0x5343454E45525931,0x5EF5EA6FA6EFEFC0,FB187331787DF899CDCA,0xD,0x91559720,0x00000000,0,3,3,2704,338.000000,303,382,0.165680473373,0.164132936375,0.001547536997
28,64,0x5343454E45525931,0x5EF5EA6FA6EFEFC0,FB187331787DF899CDCA,0xD,0x91559720,0x00000000,0,3,3,3110,388.750000,363,461,0.164630225080,0.164132936375,0.000497288705
28,72,0x5343454E45525931,0x5EF5EA6FA6EFEFC0,FB187331787DF899CDCA,0xD,0x91559720,0x00000000,0,3,3,3443,430.375000,397,514,0.167295962823,0.164132936375,0.003163026448
28,80,0x5343454E45525931,0x5EF5EA6FA6EFEFC0,FB187331787DF899CDCA,0xD,0x91559720,0x00000000,0,3,3,3806,475.750000,434,569,0.168155543878,0.164132936375,0.004022607503
28,96,0x5343454E45525931,0x5EF5EA6FA6EFEFC0,FB187331787DF899CDCA,0xD,0x91559720,0x91559720,1,8,8,4586,573.250000,518,647,0.167466201483,0.164132936375,0.003333265107
28,112,0x5343454E45525931,0x5EF5EA6FA6EFEFC0,FB187331787DF899CDCA,0xD,0x91559720,0x91559720,1,8,8,5326,665.750000,615,771,0.168231318062,0.164132936375,0.004098381687
28,128,0x5343454E45525931,0x5EF5EA6FA6EFEFC0,FB187331787DF899CDCA,0xD,0x91559720,0x91559720,1,8,8,6057,757.125000,698,846,0.169060591052,0.164132936375,0.004927654676
28,160,0x5343454E45525931,0x5EF5EA6FA6EFEFC0,FB187331787DF899CDCA,0xD,0x91559720,0x91559720,1,8,8,7652,956.500000,887,1080,0.167276529012,0.164132936375,0.003143592637
28,192,0x5343454E45525931,0x5EF5EA6FA6EFEFC0,FB187331787DF899CDCA,0xD,0x91559720,0x91559720,1,8,8,9295,1161.875000,1052,1271,0.165250134481,0.164132936375,0.001117198106
28,256,0x5343454E45525931,0x5EF5EA6FA6EFEFC0,FB187331787DF899CDCA,0xD,0x91559720,0x91559720,1,8,8,12153,1519.125000,1397,1650,0.168518061384,0.164132936375,0.004385125009
29,16,0x5343454E45525931,0xAAE7CCECA2A30407,143F8C5587EFBCC30D9C,0x6,0xAFE5D126,0x00000000,0,0,0,753,94.125000,73,136,0.169986719788,0.164132936375,0.005853783412
29,24,0x5343454E45525931,0xAAE7CCECA2A30407,143F8C5587EFBCC30D9C,0x6,0xAFE5D126,0x00000000,0,0,0,1214,151.750000,120,182,0.158154859967,0.164132936375,0.005978076408
29,32,0x5343454E45525931,0xAAE7CCECA2A30407,143F8C5587EFBCC30D9C,0x6,0xAFE5D126,0x00000000,0,0,0,1664,208.000000,177,238,0.153846153846,0.164132936375,0.010286782529
29,40,0x5343454E45525931,0xAAE7CCECA2A30407,143F8C5587EFBCC30D9C,0x6,0xAFE5D126,0x00000000,0,0,0,2024,253.000000,221,286,0.158102766798,0.164132936375,0.006030169577
29,48,0x5343454E45525931,0xAAE7CCECA2A30407,143F8C5587EFBCC30D9C,0x6,0xAFE5D126,0x00000000,0,0,0,2450,306.250000,265,334,0.156734693878,0.164132936375,0.007398242498
29,56,0x5343454E45525931,0xAAE7CCECA2A30407,143F8C5587EFBCC30D9C,0x6,0xAFE5D126,0x00000000,0,0,0,2805,350.625000,324,373,0.159714795009,0.164132936375,0.004418141366
29,64,0x5343454E45525931,0xAAE7CCECA2A30407,143F8C5587EFBCC30D9C,0x6,0xAFE5D126,0x00000000,0,0,0,3163,395.375000,369,417,0.161871640847,0.164132936375,0.002261295528
29,72,0x5343454E45525931,0xAAE7CCECA2A30407,143F8C5587EFBCC30D9C,0x6,0xAFE5D126,0x00000000,0,5,5,3662,457.750000,413,504,0.157291097761,0.164132936375,0.006841838615
29,80,0x5343454E45525931,0xAAE7CCECA2A30407,143F8C5587EFBCC30D9C,0x6,0xAFE5D126,0x00000000,0,5,5,4010,501.250000,450,574,0.159600997506,0.164132936375,0.004531938869
29,96,0x5343454E45525931,0xAAE7CCECA2A30407,143F8C5587EFBCC30D9C,0x6,0xAFE5D126,0x00000000,0,5,5,4817,602.125000,582,647,0.159435333195,0.164132936375,0.004697603180
29,112,0x5343454E45525931,0xAAE7CCECA2A30407,143F8C5587EFBCC30D9C,0x6,0xAFE5D126,0xAFE5D126,1,8,8,5650,706.250000,684,759,0.158584070796,0.164132936375,0.005548865579
29,128,0x5343454E45525931,0xAAE7CCECA2A30407,143F8C5587EFBCC30D9C,0x6,0xAFE5D126,0xAFE5D126,1,8,8,6427,803.375000,763,845,0.159327835693,0.164132936375,0.004805100682
29,160,0x5343454E45525931,0xAAE7CCECA2A30407,143F8C5587EFBCC30D9C,0x6,0xAFE5D126,0xAFE5D126,1,8,8,7953,994.125000,953,1043,0.160945555136,0.164132936375,0.003187381239
29,192,0x5343454E45525931,0xAAE7CCECA2A30407,143F8C5587EFBCC30D9C,0x6,0xAFE5D126,0xAFE5D126,1,8,8,9485,1185.625000,1102,1258,0.161939905113,0.164132936375,0.002193031262
29,256,0x5343454E45525931,0xAAE7CCECA2A30407,143F8C5587EFBCC30D9C,0x6,0xAFE5D126,0xAFE5D126,1,8,8,12618,1577.250000,1497,1685,0.162307814234,0.164132936375,0.001825122142
30,16,0x5343454E45525931,0x99144F4620E7FD6B,538EE3C1582B1C2EB743,0x5,0x6222BE58,0x00000000,0,0,0,830,103.750000,82,117,0.154216867470,0.164132936375,0.009916068905
30,24,0x5343454E45525931,0x99144F4620E7FD6B,538EE3C1582B1C2EB743,0x5,0x6222BE58,0x00000000,0,0,0,1232,154.000000,124,188,0.155844155844,0.164132936375,0.008288780531
30,32,0x5343454E45525931,0x99144F4620E7FD6B,538EE3C1582B1C2EB743,0x5,0x6222BE58,0x00000000,0,0,0,1607,200.875000,164,234,0.159303049160,0.164132936375,0.004829887215
30,40,0x5343454E45525931,0x99144F4620E7FD6B,538EE3C1582B1C2EB743,0x5,0x6222BE58,0x00000000,0,0,0,2065,258.125000,216,294,0.154963680387,0.164132936375,0.009169255988
30,48,0x5343454E45525931,0x99144F4620E7FD6B,538EE3C1582B1C2EB743,0x5,0x6222BE58,0x00000000,0,0,0,2407,300.875000,269,349,0.159534690486,0.164132936375,0.004598245889
30,56,0x5343454E45525931,0x99144F4620E7FD6B,538EE3C1582B1C2EB743,0x5,0x6222BE58,0x00000000,0,5,5,2813,351.625000,312,399,0.159260575898,0.164132936375,0.004872360478
30,64,0x5343454E45525931,0x99144F4620E7FD6B,538EE3C1582B1C2EB743,0x5,0x6222BE58,0x00000000,0,5,5,3144,393.000000,351,456,0.162849872774,0.164132936375,0.001283063602
30,72,0x5343454E45525931,0x99144F4620E7FD6B,538EE3C1582B1C2EB743,0x5,0x6222BE58,0x00000000,0,5,5,3497,437.125000,389,515,0.164712610809,0.164132936375,0.000579674434
30,80,0x5343454E45525931,0x99144F4620E7FD6B,538EE3C1582B1C2EB743,0x5,0x6222BE58,0x00000000,0,5,5,3883,485.375000,448,556,0.164821014679,0.164132936375,0.000688078304
30,96,0x5343454E45525931,0x99144F4620E7FD6B,538EE3C1582B1C2EB743,0x5,0x6222BE58,0x6222BE58,1,8,8,4585,573.125000,538,674,0.167502726281,0.164132936375,0.003369789906
30,112,0x5343454E45525931,0x99144F4620E7FD6B,538EE3C1582B1C2EB743,0x5,0x6222BE58,0x6222BE58,1,8,8,5395,674.375000,606,788,0.166079703429,0.164132936375,0.001946767054
30,128,0x5343454E45525931,0x99144F4620E7FD6B,538EE3C1582B1C2EB743,0x5,0x6222BE58,0x6222BE58,1,8,8,6190,773.750000,709,868,0.165428109855,0.164132936375,0.001295173479
30,160,0x5343454E45525931,0x99144F4620E7FD6B,538EE3C1582B1C2EB743,0x5,0x6222BE58,0x6222BE58,1,8,8,7662,957.750000,889,1029,0.167058209345,0.164132936375,0.002925272969
30,192,0x5343454E45525931,0x99144F4620E7FD6B,538EE3C1582B1C2EB743,0x5,0x6222BE58,0x6222BE58,1,8,8,9282,1160.250000,1098,1249,0.165481577246,0.164132936375,0.001348640871
30,256,0x5343454E45525931,0x99144F4620E7FD6B,538EE3C1582B1C2EB743,0x5,0x6222BE58,0x6222BE58,1,8,8,12529,1566.125000,1462,1672,0.163460771011,0.164132936375,0.000672165364
31,16,0x5343454E45525931,0x8C312E6DD0C33A8E,B56E8B560698D622EE3A,0x1,0x4F236FCF,0x00000000,0,0,0,731,91.375000,49,133,0.175102599179,0.164132936375,0.010969662804
31,24,0x5343454E45525931,0x8C312E6DD0C33A8E,B56E8B560698D622EE3A,0x1,0x4F236FCF,0x00000000,0,0,0,1234,154.250000,102,210,0.155591572123,0.164132936375,0.008541364252
31,32,0x5343454E45525931,0x8C312E6DD0C33A8E,B56E8B560698D622EE3A,0x1,0x4F236FCF,0x00000000,0,0,0,1672,209.000000,144,275,0.153110047847,0.164132936375,0.011022888528
31,40,0x5343454E45525931,0x8C312E6DD0C33A8E,B56E8B560698D622EE3A,0x1,0x4F236FCF,0x00000000,0,0,0,2116,264.500000,172,320,0.151228733459,0.164132936375,0.012904202916
31,48,0x5343454E45525931,0x8C312E6DD0C33A8E,B56E8B560698D622EE3A,0x1,0x4F236FCF,0x00000000,0,0,0,2475,309.375000,224,397,0.155151515152,0.164132936375,0.008981421224
31,56,0x5343454E45525931,0x8C312E6DD0C33A8E,B56E8B560698D622EE3A,0x1,0x4F236FCF,0x00000000,0,0,0,2964,370.500000,270,482,0.151147098516,0.164132936375,0.012985837860
31,64,0x5343454E45525931,0x8C312E6DD0C33A8E,B56E8B560698D622EE3A,0x1,0x4F236FCF,0x00000000,0,0,0,3356,419.500000,323,504,0.152562574493,0.164132936375,0.011570361882
31,72,0x5343454E45525931,0x8C312E6DD0C33A8E,B56E8B560698D622EE3A,0x1,0x4F236FCF,0x00000000,0,2,2,3724,465.500000,352,536,0.154672395274,0.164132936375,0.009460541101
31,80,0x5343454E45525931,0x8C312E6DD0C33A8E,B56E8B560698D622EE3A,0x1,0x4F236FCF,0x4F236FCF,1,8,8,4137,517.125000,419,577,0.154701474498,0.164132936375,0.009431461877
31,96,0x5343454E45525931,0x8C312E6DD0C33A8E,B56E8B560698D622EE3A,0x1,0x4F236FCF,0x4F236FCF,1,8,8,4978,622.250000,535,675,0.154278826838,0.164132936375,0.009854109537
31,112,0x5343454E45525931,0x8C312E6DD0C33A8E,B56E8B560698D622EE3A,0x1,0x4F236FCF,0x4F236FCF,1,8,8,5917,739.625000,600,856,0.151428088558,0.164132936375,0.012704847817
31,128,0x5343454E45525931,0x8C312E6DD0C33A8E,B56E8B560698D622EE3A,0x1,0x4F236FCF,0x4F236FCF,1,8,8,6609,826.125000,689,932,0.154940233016,0.164132936375,0.009192703360
31,160,0x5343454E45525931,0x8C312E6DD0C33A8E,B56E8B560698D622EE3A,0x1,0x4F236FCF,0x4F236FCF,1,8,8,8095,1011.875000,827,1130,0.158122297715,0.164132936375,0.006010638661
31,192,0x5343454E45525931,0x8C312E6DD0C33A8E,B56E8B560698D622EE3A,0x1,0x4F236FCF,0x4F236FCF,1,8,8,9471,1183.875000,1040,1288,0.162179284131,0.164132936375,0.001953652245
31,256,0x5343454E45525931,0x8C312E6DD0C33A8E,B56E8B560698D622EE3A,0x1,0x4F236FCF,0x4F236FCF,1,8,8,12612,1576.500000,1398,1694,0.162385030130,0.164132936375,0.001747906245
32,16,0x5343454E45525931,0x5B8E68B64E240593,15149FEF61C84EE8CD1D,0x3,0xD0982276,0x00000000,0,0,0,760,95.000000,70,132,0.168421052632,0.164132936375,0.004288116256
32,24,0x5343454E45525931,0x5B8E68B64E240593,15149FEF61C84EE8CD1D,0x3,0xD0982276,0x00000000,0,0,0,1119,139.875000,112,192,0.171581769437,0.164132936375,0.007448833062
32,32,0x5343454E45525931,0x5B8E68B64E240593,15149FEF61C84EE8CD1D,0x3,0xD0982276,0x00000000,0,0,0,1497,187.125000,163,212,0.171008684035,0.164132936375,0.006875747659
32,40,0x5343454E45525931,0x5B8E68B64E240593,15149FEF61C84EE8CD1D,0x3,0xD0982276,0x00000000,0,0,0,1892,236.500000,202,277,0.169133192389,0.164132936375,0.005000256014
32,48,0x5343454E45525931,0x5B8E68B64E240593,15149FEF61C84EE8CD1D,0x3,0xD0982276,0x00000000,0,0,0,2295,286.875000,267,318,0.167320261438,0.164132936375,0.003187325063
32,56,0x5343454E45525931,0x5B8E68B64E240593,15149FEF61C84EE8CD1D,0x3,0xD0982276,0x00000000,0,1,1,2671,333.875000,311,365,0.167727442905,0.164132936375,0.003594506530
32,64,0x5343454E45525931,0x5B8E68B64E240593,15149FEF61C84EE8CD1D,0x3,0xD0982276,0x00000000,0,6,6,3062,382.750000,370,409,0.167210973220,0.164132936375,0.003078036845
32,72,0x5343454E45525931,0x5B8E68B64E240593,15149FEF61C84EE8CD1D,0x3,0xD0982276,0x00000000,0,6,6,3489,436.125000,401,481,0.165090283749,0.164132936375,0.000957347374
32,80,0x5343454E45525931,0x5B8E68B64E240593,15149FEF61C84EE8CD1D,0x3,0xD0982276,0xD0982276,1,8,8,3880,485.000000,438,560,0.164948453608,0.164132936375,0.000815517233
32,96,0x5343454E45525931,0x5B8E68B64E240593,15149FEF61C84EE8CD1D,0x3,0xD0982276,0xD0982276,1,8,8,4640,580.000000,541,643,0.165517241379,0.164132936375,0.001384305004
32,112,0x5343454E45525931,0x5B8E68B64E240593,15149FEF61C84EE8CD1D,0x3,0xD0982276,0xD0982276,1,8,8,5474,684.250000,638,765,0.163682864450,0.164132936375,0.000450071925
32,128,0x5343454E45525931,0x5B8E68B64E240593,15149FEF61C84EE8CD1D,0x3,0xD0982276,0xD0982276,1,8,8,6228,778.500000,715,883,0.164418754014,0.164132936375,0.000285817639
32,160,0x5343454E45525931,0x5B8E68B64E240593,15149FEF61C84EE8CD1D,0x3,0xD0982276,0xD0982276,1,8,8,7647,955.875000,872,1118,0.167385902968,0.164132936375,0.003252966593
32,192,0x5343454E45525931,0x5B8E68B64E240593,15149FEF61C84EE8CD1D,0x3,0xD0982276,0xD0982276,1,8,8,9089,1136.125000,1002,1271,0.168995489053,0.164132936375,0.004862552677
32,256,0x5343454E45525931,0x5B8E68B64E240593,15149FEF61C84EE8CD1D,0x3,0xD0982276,0xD0982276,1,8,8,12226,1528.250000,1324,1750,0.167511859971,0.164132936375,0.003378923595
33,16,0x5343454E45525931,0x3E379CFC379640C2,E1704A4C89811C61FC66,0x8,0xCF1FB417,0x00000000,0,0,0,744,93.000000,68,127,0.172043010753,0.164132936375,0.007910074377
33,24,0x5343454E45525931,0x3E379CFC379640C2,E1704A4C89811C61FC66,0x8,0xCF1FB417,0x00000000,0,0,0,1121,140.125000,112,179,0.171275646744,0.164132936375,0.007142710369
33,32,0x5343454E45525931,0x3E379CFC379640C2,E1704A4C89811C61FC66,0x8,0xCF1FB417,0x00000000,0,0,0,1535,191.875000,158,254,0.166775244300,0.164132936375,0.002642307924
33,40,0x5343454E45525931,0x3E379CFC379640C2,E1704A4C89811C61FC66,0x8,0xCF1FB417,0x00000000,0,0,0,1893,236.625000,192,304,0.169043845747,0.164132936375,0.004910909372
33,48,0x5343454E45525931,0x3E379CFC379640C2,E1704A4C89811C61FC66,0x8,0xCF1FB417,0x00000000,0,0,0,2313,289.125000,227,365,0.166018158236,0.164132936375,0.001885221861
33,56,0x5343454E45525931,0x3E379CFC379640C2,E1704A4C89811C61FC66,0x8,0xCF1FB417,0x00000000,0,0,0,2671,333.875000,281,409,0.167727442905,0.164132936375,0.003594506530
33,64,0x5343454E45525931,0x3E379CFC379640C2,E1704A4C89811C61FC66,0x8,0xCF1FB417,0x00000000,0,0,0,3062,382.750000,317,444,0.167210973220,0.164132936375,0.003078036845
33,72,0x5343454E45525931,0x3E379CFC379640C2,E1704A4C89811C61FC66,0x8,0xCF1FB417,0xCF1FB417,1,8,8,3478,434.750000,363,504,0.165612420932,0.164132936375,0.001479484556
33,80,0x5343454E45525931,0x3E379CFC379640C2,E1704A4C89811C61FC66,0x8,0xCF1FB417,0xCF1FB417,1,8,8,3997,499.625000,427,589,0.160120090068,0.164132936375,0.004012846308
33,96,0x5343454E45525931,0x3E379CFC379640C2,E1704A4C89811C61FC66,0x8,0xCF1FB417,0xCF1FB417,1,8,8,4939,617.375000,509,725,0.155497064183,0.164132936375,0.008635872192
33,112,0x5343454E45525931,0x3E379CFC379640C2,E1704A4C89811C61FC66,0x8,0xCF1FB417,0xCF1FB417,1,8,8,5681,710.125000,597,820,0.157718711494,0.164132936375,0.006414224881
33,128,0x5343454E45525931,0x3E379CFC379640C2,E1704A4C89811C61FC66,0x8,0xCF1FB417,0xCF1FB417,1,8,8,6446,805.750000,670,899,0.158858206640,0.164132936375,0.005274729736
33,160,0x5343454E45525931,0x3E379CFC379640C2,E1704A4C89811C61FC66,0x8,0xCF1FB417,0xCF1FB417,1,8,8,8061,1007.625000,840,1124,0.158789232105,0.164132936375,0.005343704270
33,192,0x5343454E45525931,0x3E379CFC379640C2,E1704A4C89811C61FC66,0x8,0xCF1FB417,0xCF1FB417,1,8,8,9546,1193.250000,1057,1310,0.160905091138,0.164132936375,0.003227845238
33,256,0x5343454E45525931,0x3E379CFC379640C2,E1704A4C89811C61FC66,0x8,0xCF1FB417,0xCF1FB417,1,8,8,12560,1570.000000,1443,1680,0.163057324841,0.164132936375,0.001075611535
34,16,0x5343454E45525931,0x2F9ED0F14489E395,BB918BBC34FF2EC6FEAB,0xE,0xE260242F,0x00000000,0,0,0,826,103.250000,75,139,0.154963680387,0.164132936375,0.009169255988
34,24,0x5343454E45525931,0x2F9ED0F14489E395,BB918BBC34FF2EC6FEAB,0xE,0xE260242F,0x00000000,0,0,0,1169,146.125000,111,190,0.164242942686,0.164132936375,0.000110006311
34,32,0x5343454E45525931,0x2F9ED0F14489E395,BB918BBC34FF2EC6FEAB,0xE,0xE260242F,0x00000000,0,0,0,1600,200.000000,155,248,0.160000000000,0.164132936375,0.004132936375
34,40,0x5343454E45525931,0x2F9ED0F14489E395,BB918BBC34FF2EC6FEAB,0xE,0xE260242F,0x00000000,0,0,0,2005,250.625000,192,297,0.159600997506,0.164132936375,0.004531938869
34,48,0x5343454E45525931,0x2F9ED0F14489E395,BB918BBC34FF2EC6FEAB,0xE,0xE260242F,0x00000000,0,1,1,2394,299.250000,229,346,0.160401002506,0.164132936375,0.003731933869
34,56,0x5343454E45525931,0x2F9ED0F14489E395,BB918BBC34FF2EC6FEAB,0xE,0xE260242F,0x00000000,0,2,2,2788,348.500000,284,391,0.160688665710,0.164132936375,0.003444270665
34,64,0x5343454E45525931,0x2F9ED0F14489E395,BB918BBC34FF2EC6FEAB,0xE,0xE260242F,0x00000000,0,2,2,3148,393.500000,309,432,0.162642947903,0.164132936375,0.001489988472
34,72,0x5343454E45525931,0x2F9ED0F14489E395,BB918BBC34FF2EC6FEAB,0xE,0xE260242F,0x00000000,0,2,2,3567,445.875000,344,492,0.161480235492,0.164132936375,0.002652700883
34,80,0x5343454E45525931,0x2F9ED0F14489E395,BB918BBC34FF2EC6FEAB,0xE,0xE260242F,0xE260242F,1,8,8,4061,507.625000,376,583,0.157596651071,0.164132936375,0.006536285304
34,96,0x5343454E45525931,0x2F9ED0F14489E395,BB918BBC34FF2EC6FEAB,0xE,0xE260242F,0xE260242F,1,8,8,4841,605.125000,511,681,0.158644908077,0.164132936375,0.005488028299
34,112,0x5343454E45525931,0x2F9ED0F14489E395,BB918BBC34FF2EC6FEAB,0xE,0xE260242F,0xE260242F,1,8,8,5589,698.625000,620,789,0.160314904276,0.164132936375,0.003818032099
34,128,0x5343454E45525931,0x2F9ED0F14489E395,BB918BBC34FF2EC6FEAB,0xE,0xE260242F,0xE260242F,1,8,8,6368,796.000000,667,898,0.160804020101,0.164132936375,0.003328916275
34,160,0x5343454E45525931,0x2F9ED0F14489E395,BB918BBC34FF2EC6FEAB,0xE,0xE260242F,0xE260242F,1,8,8,7895,986.875000,882,1128,0.162127929069,0.164132936375,0.002005007306
34,192,0x5343454E45525931,0x2F9ED0F14489E395,BB918BBC34FF2EC6FEAB,0xE,0xE260242F,0xE260242F,1,8,8,9467,1183.375000,1062,1326,0.162247808176,0.164132936375,0.001885128200
34,256,0x5343454E45525931,0x2F9ED0F14489E395,BB918BBC34FF2EC6FEAB,0xE,0xE260242F,0xE260242F,1,8,8,12561,1570.125000,1456,1801,0.163044343603,0.164132936375,0.001088592772
35,16,0x5343454E45525931,0x488C88955B2766E5,04F0E069D355F550A334,0xC,0x7C076CE9,0x00000000,0,0,0,792,99.000000,71,129,0.161616161616,0.164132936375,0.002516774759
35,24,0x5343454E45525931,0x488C88955B2766E5,04F0E069D355F550A334,0xC,0x7C076CE9,0x00000000,0,0,0,1168,146.000000,112,187,0.164383561644,0.164132936375,0.000250625268
35,32,0x5343454E45525931,0x488C88955B2766E5,04F0E069D355F550A334,0xC,0x7C076CE9,0x00000000,0,0,0,1510,188.750000,145,232,0.169536423841,0.164132936375,0.005403487466
35,40,0x5343454E45525931,0x488C88955B2766E5,04F0E069D355F550A334,0xC,0x7C076CE9,0x00000000,0,0,0,1940,242.500000,202,299,0.164948453608,0.164132936375,0.000815517233
35,48,0x5343454E45525931,0x488C88955B2766E5,04F0E069D355F550A334,0xC,0x7C076CE9,0x00000000,0,0,0,2445,305.625000,270,363,0.157055214724,0.164132936375,0.007077721651
35,56,0x5343454E45525931,0x488C88955B2766E5,04F0E069D355F550A334,0xC,0x7C076CE9,0x00000000,0,1,1,2827,353.375000,305,452,0.158471878316,0.164132936375,0.005661058059
35,64,0x5343454E45525931,0x488C88955B2766E5,04F0E069D355F550A334,0xC,0x7C076CE9,0x00000000,0,1,1,3242,405.250000,341,493,0.157927205429,0.164132936375,0.006205730947
35,72,0x5343454E45525931,0x488C88955B2766E5,04F0E069D355F550A334,0xC,0x7C076CE9,0x00000000,0,1,1,3589,448.625000,379,535,0.160490387295,0.164132936375,0.003642549081
35,80,0x5343454E45525931,0x488C88955B2766E5,04F0E069D355F550A334,0xC,0x7C076CE9,0x7C076CE9,1,8,8,3966,495.750000,414,596,0.161371659102,0.164132936375,0.002761277273
35,96,0x5343454E45525931,0x488C88955B2766E5,04F0E069D355F550A334,0xC,0x7C076CE9,0x7C076CE9,1,8,8,4775,596.875000,549,724,0.160837696335,0.164132936375,0.003295240040
35,112,0x5343454E45525931,0x488C88955B2766E5,04F0E069D355F550A334,0xC,0x7C076CE9,0x7C076CE9,1,8,8,5538,692.250000,619,830,0.161791260383,0.164132936375,0.002341675993
35,128,0x5343454E45525931,0x488C88955B2766E5,04F0E069D355F550A334,0xC,0x7C076CE9,0x7C076CE9,1,8,8,6412,801.500000,744,949,0.159700561447,0.164132936375,0.004432374928
35,160,0x5343454E45525931,0x488C88955B2766E5,04F0E069D355F550A334,0xC,0x7C076CE9,0x7C076CE9,1,8,8,7937,992.125000,927,1132,0.161270001260,0.164132936375,0.002862935115
35,192,0x5343454E45525931,0x488C88955B2766E5,04F0E069D355F550A334,0xC,0x7C076CE9,0x7C076CE9,1,8,8,9693,1211.625000,1086,1356,0.158464871557,0.164132936375,0.005668064819
35,256,0x5343454E45525931,0x488C88955B2766E5,04F0E069D355F550A334,0xC,0x7C076CE9,0x7C076CE9,1,8,8,12961,1620.125000,1431,1759,0.158012499036,0.164132936375,0.006120437340
36,16,0x5343454E45525931,0x04B9B5A835E1C531,CF4A42D59F924DF06478,0x3,0xA3653F06,0x00000000,0,0,0,720,90.000000,57,135,0.177777777778,0.164132936375,0.013644841402
36,24,0x5343454E45525931,0x04B9B5A835E1C531,CF4A42D59F924DF06478,0x3,0xA3653F06,0x00000000,0,0,0,1137,142.125000,101,193,0.168865435356,0.164132936375,0.004732498981
36,32,0x5343454E45525931,0x04B9B5A835E1C531,CF4A42D59F924DF06478,0x3,0xA3653F06,0x00000000,0,1,1,1592,199.000000,150,241,0.160804020101,0.164132936375,0.003328916275
36,40,0x5343454E45525931,0x04B9B5A835E1C531,CF4A42D59F924DF06478,0x3,0xA3653F06,0x00000000,0,1,1,2048,256.000000,200,310,0.156250000000,0.164132936375,0.007882936375
36,48,0x5343454E45525931,0x04B9B5A835E1C531,CF4A42D59F924DF06478,0x3,0xA3653F06,0x00000000,0,3,3,2364,295.500000,235,356,0.162436548223,0.164132936375,0.001696388152
36,56,0x5343454E45525931,0x04B9B5A835E1C531,CF4A42D59F924DF06478,0x3,0xA3653F06,0x00000000,0,3,3,2719,339.875000,267,416,0.164766458257,0.164132936375,0.000633521881
36,64,0x5343454E45525931,0x04B9B5A835E1C531,CF4A42D59F924DF06478,0x3,0xA3653F06,0x00000000,0,3,3,3141,392.625000,306,477,0.163005412289,0.164132936375,0.001127524086
36,72,0x5343454E45525931,0x04B9B5A835E1C531,CF4A42D59F924DF06478,0x3,0xA3653F06,0x00000000,0,3,3,3525,440.625000,335,547,0.163404255319,0.164132936375,0.000728681056
36,80,0x5343454E45525931,0x04B9B5A835E1C531,CF4A42D59F924DF06478,0x3,0xA3653F06,0xA3653F06,1,8,8,3896,487.000000,361,595,0.164271047228,0.164132936375,0.000138110853
36,96,0x5343454E45525931,0x04B9B5A835E1C531,CF4A42D59F924DF06478,0x3,0xA3653F06,0xA3653F06,1,8,8,4801,600.125000,512,697,0.159966673610,0.164132936375,0.004166262766
36,112,0x5343454E45525931,0x04B9B5A835E1C531,CF4A42D59F924DF06478,0x3,0xA3653F06,0xA3653F06,1,8,8,5597,699.625000,573,762,0.160085760229,0.164132936375,0.004047176147
36,128,0x5343454E45525931,0x04B9B5A835E1C531,CF4A42D59F924DF06478,0x3,0xA3653F06,0xA3653F06,1,8,8,6400,800.000000,655,875,0.160000000000,0.164132936375,0.004132936375
36,160,0x5343454E45525931,0x04B9B5A835E1C531,CF4A42D59F924DF06478,0x3,0xA3653F06,0xA3653F06,1,8,8,7972,996.500000,870,1073,0.160561966884,0.164132936375,0.003570969491
36,192,0x5343454E45525931,0x04B9B5A835E1C531,CF4A42D59F924DF06478,0x3,0xA3653F06,0xA3653F06,1,8,8,9461,1182.625000,1106,1277,0.162350702886,0.164132936375,0.001782233490
36,256,0x5343454E45525931,0x04B9B5A835E1C531,CF4A42D59F924DF06478,0x3,0xA3653F06,0xA3653F06,1,8,8,12610,1576.250000,1470,1656,0.162410785091,0.164132936375,0.001722151284
37,16,0x5343454E45525931,0xD6D1A2DC49B49622,674FFADC758A5D59F064,0x3,0xC9B7C473,0x00000000,0,0,0,745,93.125000,64,112,0.171812080537,0.164132936375,0.007679144162
37,24,0x5343454E45525931,0xD6D1A2DC49B49622,674FFADC758A5D59F064,0x3,0xC9B7C473,0x00000000,0,0,0,1048,131.000000,105,153,0.183206106870,0.164132936375,0.019073170495
37,32,0x5343454E45525931,0xD6D1A2DC49B49622,674FFADC758A5D59F064,0x3,0xC9B7C473,0x00000000,0,0,0,1491,186.375000,151,213,0.171696847753,0.164132936375,0.007563911378
37,40,0x5343454E45525931,0xD6D1A2DC49B49622,674FFADC758A5D59F064,0x3,0xC9B7C473,0x00000000,0,0,0,1919,239.875000,202,279,0.166753517457,0.164132936375,0.002620581082
37,48,0x5343454E45525931,0xD6D1A2DC49B49622,674FFADC758A5D59F064,0x3,0xC9B7C473,0x00000000,0,1,1,2278,284.750000,240,335,0.168568920105,0.164132936375,0.004435983730
37,56,0x5343454E45525931,0xD6D1A2DC49B49622,674FFADC758A5D59F064,0x3,0xC9B7C473,0xC9B7C473,1,8,8,2751,343.875000,298,409,0.162849872774,0.164132936375,0.001283063602
37,64,0x5343454E45525931,0xD6D1A2DC49B49622,674FFADC758A5D59F064,0x3,0xC9B7C473,0xC9B7C473,1,8,8,3165,395.625000,336,474,0.161769352291,0.164132936375,0.002363584085
37,72,0x5343454E45525931,0xD6D1A2DC49B49622,674FFADC758A5D59F064,0x3,0xC9B7C473,0xC9B7C473,1,8,8,3588,448.500000,367,523,0.160535117057,0.164132936375,0.003597819319
37,80,0x5343454E45525931,0xD6D1A2DC49B49622,674FFADC758A5D59F064,0x3,0xC9B7C473,0xC9B7C473,1,8,8,3945,493.125000,419,561,0.162230671736,0.164132936375,0.001902264639
37,96,0x5343454E45525931,0xD6D1A2DC49B49622,674FFADC758A5D59F064,0x3,0xC9B7C473,0xC9B7C473,1,8,8,4628,578.500000,539,628,0.165946413137,0.164132936375,0.001813476762
37,112,0x5343454E45525931,0xD6D1A2DC49B49622,674FFADC758A5D59F064,0x3,0xC9B7C473,0xC9B7C473,1,8,8,5361,670.125000,609,737,0.167132997575,0.164132936375,0.003000061200
37,128,0x5343454E45525931,0xD6D1A2DC49B49622,674FFADC758A5D59F064,0x3,0xC9B7C473,0xC9B7C473,1,8,8,6127,765.875000,708,835,0.167129100702,0.164132936375,0.002996164326
37,160,0x5343454E45525931,0xD6D1A2DC49B49622,674FFADC758A5D59F064,0x3,0xC9B7C473,0xC9B7C473,1,8,8,7743,967.875000,891,1035,0.165310603125,0.164132936375,0.001177666750
37,192,0x5343454E45525931,0xD6D1A2DC49B49622,674FFADC758A5D59F064,0x3,0xC9B7C473,0xC9B7C473,1,8,8,9433,1179.125000,1098,1289,0.162832608926,0.164132936375,0.001300327449
37,256,0x5343454E45525931,0xD6D1A2DC49B49622,674FFADC758A5D59F064,0x3,0xC9B7C473,0xC9B7C473,1,8,8,12649,1581.125000,1481,1673,0.161910032414,0.164132936375,0.002222903962
38,16,0x5343454E45525931,0xB14EA24D2C7AD5DB,7DDAD19C69E814C7AA2D,0xD,0xCE90D8E5,0x00000000,0,0,0,815,101.875000,73,143,0.157055214724,0.164132936375,0.007077721651
38,24,0x5343454E45525931,0xB14EA24D2C7AD5DB,7DDAD19C69E814C7AA2D,0xD,0xCE90D8E5,0x00000000,0,0,0,1335,166.875000,124,218,0.143820224719,0.164132936375,0.020312711656
38,32,0x5343454E45525931,0xB14EA24D2C7AD5DB,7DDAD19C69E814C7AA2D,0xD,0xCE90D8E5,0x00000000,0,1,1,1713,214.125000,180,284,0.149445417396,0.164132936375,0.014687518979
38,40,0x5343454E45525931,0xB14EA24D2C7AD5DB,7DDAD19C69E814C7AA2D,0xD,0xCE90D8E5,0x00000000,0,1,1,2091,261.375000,219,312,0.153036824486,0.164132936375,0.011096111889
38,48,0x5343454E45525931,0xB14EA24D2C7AD5DB,7DDAD19C69E814C7AA2D,0xD,0xCE90D8E5,0x00000000,0,2,2,2371,296.375000,241,354,0.161956980177,0.164132936375,0.002175956198
38,56,0x5343454E45525931,0xB14EA24D2C7AD5DB,7DDAD19C69E814C7AA2D,0xD,0xCE90D8E5,0x00000000,0,4,4,2731,341.375000,289,409,0.164042475284,0.164132936375,0.000090461092
38,64,0x5343454E45525931,0xB14EA24D2C7AD5DB,7DDAD19C69E814C7AA2D,0xD,0xCE90D8E5,0x00000000,0,4,4,3091,386.375000,335,453,0.165642186995,0.164132936375,0.001509250619
38,72,0x5343454E45525931,0xB14EA24D2C7AD5DB,7DDAD19C69E814C7AA2D,0xD,0xCE90D8E5,0x00000000,0,7,7,3446,430.750000,383,494,0.167150319211,0.164132936375,0.003017382835
38,80,0x5343454E45525931,0xB14EA24D2C7AD5DB,7DDAD19C69E814C7AA2D,0xD,0xCE90D8E5,0x00000000,0,7,7,3830,478.750000,438,561,0.167101827676,0.164132936375,0.002968891301
38,96,0x5343454E45525931,0xB14EA24D2C7AD5DB,7DDAD19C69E814C7AA2D,0xD,0xCE90D8E5,0x00000000,0,7,7,4566,570.750000,504,658,0.168199737188,0.164132936375,0.004066800813
38,112,0x5343454E45525931,0xB14EA24D2C7AD5DB,7DDAD19C69E814C7AA2D,0xD,0xCE90D8E5,0xCE90D8E5,1,8,8,5346,668.250000,585,771,0.167601945380,0.164132936375,0.003469009004
38,128,0x5343454E45525931,0xB14EA24D2C7AD5DB,7DDAD19C69E814C7AA2D,0xD,0xCE90D8E5,0xCE90D8E5,1,8,8,6064,758.000000,672,875,0.168865435356,0.164132936375,0.004732498981
38,160,0x5343454E45525931,0xB14EA24D2C7AD5DB,7DDAD19C69E814C7AA2D,0xD,0xCE90D8E5,0xCE90D8E5,1,8,8,7825,978.125000,895,1071,0.163578274760,0.164132936375,0.000554661615
38,192,0x5343454E45525931,0xB14EA24D2C7AD5DB,7DDAD19C69E814C7AA2D,0xD,0xCE90D8E5,0xCE90D8E5,1,8,8,9382,1172.750000,1092,1251,0.163717757408,0.164132936375,0.000415178968
38,256,0x5343454E45525931,0xB14EA24D2C7AD5DB,7DDAD19C69E814C7AA2D,0xD,0xCE90D8E5,0xCE90D8E5,1,8,8,12198,1524.750000,1425,1605,0.167896376455,0.164132936375,0.003763440080
39,16,0x5343454E45525931,0x480D9E8603A17768,D978F3DC3F73A259A207,0x8,0x8040B9A1,0x00000000,0,0,0,750,93.750000,70,123,0.170666666667,0.164132936375,0.006533730291
39,24,0x5343454E45525931,0x480D9E8603A17768,D978F3DC3F73A259A207,0x8,0x8040B9A1,0x00000000,0,0,0,1065,133.125000,105,165,0.180281690141,0.164132936375,0.016148753765
39,32,0x5343454E45525931,0x480D9E8603A17768,D978F3DC3F73A259A207,0x8,0x8040B9A1,0x00000000,0,0,0,1471,183.875000,158,201,0.174031271244,0.164132936375,0.009898334869
39,40,0x5343454E45525931,0x480D9E8603A17768,D978F3DC3F73A259A207,0x8,0x8040B9A1,0x00000000,0,0,0,1885,235.625000,202,253,0.169761273210,0.164132936375,0.005628336834
39,48,0x5343454E45525931,0x480D9E8603A17768,D978F3DC3F73A259A207,0x8,0x8040B9A1,0x00000000,0,0,0,2302,287.750000,263,330,0.166811468288,0.164132936375,0.002678531913
39,56,0x5343454E45525931,0x480D9E8603A17768,D978F3DC3F73A259A207,0x8,0x8040B9A1,0x00000000,0,0,0,2618,327.250000,303,393,0.171122994652,0.164132936375,0.006990058277
39,64,0x5343454E45525931,0x480D9E8603A17768,D978F3DC3F73A259A207,0x8,0x8040B9A1,0x00000000,0,0,0,2981,372.625000,329,434,0.171754444817,0.164132936375,0.007621508442
39,72,0x5343454E45525931,0x480D9E8603A17768,D978F3DC3F73A259A207,0x8,0x8040B9A1,0x00000000,0,0,0,3369,421.125000,345,482,0.170970614426,0.164132936375,0.006837678050
39,80,0x5343454E45525931,0x480D9E8603A17768,D978F3DC3F73A259A207,0x8,0x8040B9A1,0x00000000,0,0,0,3761,470.125000,374,531,0.170167508641,0.164132936375,0.006034572266
39,96,0x5343454E45525931,0x480D9E8603A17768,D978F3DC3F73A259A207,0x8,0x8040B9A1,0x8040B9A1,1,8,8,4514,564.250000,446,637,0.170137350465,0.164132936375,0.006004414090
39,112,0x5343454E45525931,0x480D9E8603A17768,D978F3DC3F73A259A207,0x8,0x8040B9A1,0x8040B9A1,1,8,8,5323,665.375000,548,782,0.168326131881,0.164132936375,0.004193195505
39,128,0x5343454E45525931,0x480D9E8603A17768,D978F3DC3F73A259A207,0x8,0x8040B9A1,0x8040B9A1,1,8,8,6055,756.875000,647,867,0.169116432700,0.164132936375,0.004983496325
39,160,0x5343454E45525931,0x480D9E8603A17768,D978F3DC3F73A259A207,0x8,0x8040B9A1,0x8040B9A1,1,8,8,7599,949.875000,836,1075,0.168443216213,0.164132936375,0.004310279837
39,192,0x5343454E45525931,0x480D9E8603A17768,D978F3DC3F73A259A207,0x8,0x8040B9A1,0x8040B9A1,1,8,8,9249,1156.125000,1091,1239,0.166072007785,0.164132936375,0.001939071409
39,256,0x5343454E45525931,0x480D9E8603A17768,D978F3DC3F73A259A207,0x8,0x8040B9A1,0x8040B9A1,1,8,8,12442,1555.250000,1471,1638,0.164603761453,0.164132936375,0.000470825078
40,16,0x5343454E45525931,0x46650332EBB797EA,0F35AA66D39F00082759,0xA,0x3B76FA65,0x00000000,0,0,0,712,89.000000,77,104,0.179775280899,0.164132936375,0.015642344524
40,24,0x5343454E45525931,0x46650332EBB797EA,0F35AA66D39F00082759,0xA,0x3B76FA65,0x00000000,0,0,0,1078,134.750000,103,167,0.178107606679,0.164132936375,0.013974670304
40,32,0x5343454E45525931,0x46650332EBB797EA,0F35AA66D39F00082759,0xA,0x3B76FA65,0x00000000,0,1,1,1393,174.125000,144,199,0.183776022972,0.164132936375,0.019643086597
40,40,0x5343454E45525931,0x46650332EBB797EA,0F35AA66D39F00082759,0xA,0x3B76FA65,0x00000000,0,1,1,1718,214.750000,178,261,0.186263096624,0.164132936375,0.022130160249
40,48,0x5343454E45525931,0x46650332EBB797EA,0F35AA66D39F00082759,0xA,0x3B76FA65,0x00000000,0,2,2,2099,262.375000,229,292,0.182944259171,0.164132936375,0.018811322796
40,56,0x5343454E45525931,0x46650332EBB797EA,0F35AA66D39F00082759,0xA,0x3B76FA65,0x00000000,0,2,2,2532,316.500000,287,369,0.176935229068,0.164132936375,0.012802292693
40,64,0x5343454E45525931,0x46650332EBB797EA,0F35AA66D39F00082759,0xA,0x3B76FA65,0x00000000,0,6,6,2976,372.000000,318,424,0.172043010753,0.164132936375,0.007910074377
40,72,0x5343454E45525931,0x46650332EBB797EA,0F35AA66D39F00082759,0xA,0x3B76FA65,0x3B76FA65,1,8,8,3329,416.125000,355,465,0.173024932412,0.164132936375,0.008891996037
40,80,0x5343454E45525931,0x46650332EBB797EA,0F35AA66D39F00082759,0xA,0x3B76FA65,0x3B76FA65,1,8,8,3688,461.000000,395,530,0.173535791757,0.164132936375,0.009402855382
40,96,0x5343454E45525931,0x46650332EBB797EA,0F35AA66D39F00082759,0xA,0x3B76FA65,0x3B76FA65,1,8,8,4396,549.500000,461,605,0.174704276615,0.164132936375,0.010571340240
40,112,0x5343454E45525931,0x46650332EBB797EA,0F35AA66D39F00082759,0xA,0x3B76FA65,0x3B76FA65,1,8,8,5152,644.000000,530,718,0.173913043478,0.164132936375,0.009780107103
40,128,0x5343454E45525931,0x46650332EBB797EA,0F35AA66D39F00082759,0xA,0x3B76FA65,0x3B76FA65,1,8,8,5892,736.500000,604,813,0.173794976239,0.164132936375,0.009662039864
40,160,0x5343454E45525931,0x46650332EBB797EA,0F35AA66D39F00082759,0xA,0x3B76FA65,0x3B76FA65,1,8,8,7340,917.500000,771,1005,0.174386920981,0.164132936375,0.010253984606
40,192,0x5343454E45525931,0x46650332EBB797EA,0F35AA66D39F00082759,0xA,0x3B76FA65,0x3B76FA65,1,8,8,8836,1104.500000,1011,1181,0.173834314169,0.164132936375,0.009701377794
40,256,0x5343454E45525931,0x46650332EBB797EA,0F35AA66D39F00082759,0xA,0x3B76FA65,0x3B76FA65,1,8,8,11777,1472.125000,1370,1577,0.173898276301,0.164132936375,0.009765339926
41,16,0x5343454E45525931,0x92981D6DC4B9C2C3,1AC391F9D9A07DEF6273,0xA,0x897246FA,0x00000000,0,0,0,647,80.875000,58,97,0.197836166924,0.164132936375,0.033703230549
41,24,0x5343454E45525931,0x92981D6DC4B9C2C3,1AC391F9D9A07DEF6273,0xA,0x897246FA,0x00000000,0,0,0,996,124.500000,106,164,0.192771084337,0.164132936375,0.028638147962
41,32,0x5343454E45525931,0x92981D6DC4B9C2C3,1AC391F9D9A07DEF6273,0xA,0x897246FA,0x00000000,0,0,0,1391,173.875000,144,221,0.184040258807,0.164132936375,0.019907322431
41,40,0x5343454E45525931,0x92981D6DC4B9C2C3,1AC391F9D9A07DEF6273,0xA,0x897246FA,0x00000000,0,0,0,1851,231.375000,201,277,0.172879524581,0.164132936375,0.008746588206
41,48,0x5343454E45525931,0x92981D6DC4B9C2C3,1AC391F9D9A07DEF6273,0xA,0x897246FA,0x00000000,0,0,0,2267,283.375000,242,333,0.169386854874,0.164132936375,0.005253918499
41,56,0x5343454E45525931,0x92981D6DC4B9C2C3,1AC391F9D9A07DEF6273,0xA,0x897246FA,0x00000000,0,1,1,2670,333.750000,272,391,0.167790262172,0.164132936375,0.003657325797
41,64,0x5343454E45525931,0x92981D6DC4B9C2C3,1AC391F9D9A07DEF6273,0xA,0x897246FA,0x00000000,0,1,1,2992,374.000000,310,472,0.171122994652,0.164132936375,0.006990058277
41,72,0x5343454E45525931,0x92981D6DC4B9C2C3,1AC391F9D9A07DEF6273,0xA,0x897246FA,0x00000000,0,1,1,3349,418.625000,343,520,0.171991639295,0.164132936375,0.007858702920
41,80,0x5343454E45525931,0x92981D6DC4B9C2C3,1AC391F9D9A07DEF6273,0xA,0x897246FA,0x00000000,0,1,1,3750,468.750000,374,569,0.170666666667,0.164132936375,0.006533730291
41,96,0x5343454E45525931,0x92981D6DC4B9C2C3,1AC391F9D9A07DEF6273,0xA,0x897246FA,0x00000000,0,1,1,4551,568.875000,439,685,0.168754119974,0.164132936375,0.004621183598
41,112,0x5343454E45525931,0x92981D6DC4B9C2C3,1AC391F9D9A07DEF6273,0xA,0x897246FA,0x897246FA,1,8,8,5254,656.750000,492,756,0.170536733917,0.164132936375,0.006403797542
41,128,0x5343454E45525931,0x92981D6DC4B9C2C3,1AC391F9D9A07DEF6273,0xA,0x897246FA,0x897246FA,1,8,8,6047,755.875000,606,840,0.169340168679,0.164132936375,0.005207232303
41,160,0x5343454E45525931,0x92981D6DC4B9C2C3,1AC391F9D9A07DEF6273,0xA,0x897246FA,0x897246FA,1,8,8,7554,944.250000,788,1031,0.169446650781,0.164132936375,0.005313714406
41,192,0x5343454E45525931,0x92981D6DC4B9C2C3,1AC391F9D9A07DEF6273,0xA,0x897246FA,0x897246FA,1,8,8,9076,1134.500000,1013,1247,0.169237549581,0.164132936375,0.005104613206
41,256,0x5343454E45525931,0x92981D6DC4B9C2C3,1AC391F9D9A07DEF6273,0xA,0x897246FA,0x897246FA,1,8,8,12161,1520.125000,1393,1668,0.168407203355,0.164132936375,0.004274266980
42,16,0x5343454E45525931,0x8FE48E76000BB805,458703DFAECD5C6851C8,0x2,0x44453E8F,0x00000000,0,0,0,843,105.375000,65,163,0.151838671412,0.164132936375,0.012294264964
42,24,0x5343454E45525931,0x8FE48E76000BB805,458703DFAECD5C6851C8,0x2,0x44453E8F,0x00000000,0,0,0,1281,160.125000,99,208,0.149882903981,0.164132936375,0.014250032394
42,32,0x5343454E45525931,0x8FE48E76000BB805,458703DFAECD5C6851C8,0x2,0x44453E8F,0x00000000,0,0,0,1622,202.750000,150,247,0.157829839704,0.164132936375,0.006303096671
42,40,0x5343454E45525931,0x8FE48E76000BB805,458703DFAECD5C6851C8,0x2,0x44453E8F,0x00000000,0,0,0,1987,248.375000,197,292,0.161046804227,0.164132936375,0.003086132148
42,48,0x5343454E45525931,0x8FE48E76000BB805,458703DFAECD5C6851C8,0x2,0x44453E8F,0x00000000,0,1,1,2376,297.000000,266,330,0.161616161616,0.164132936375,0.002516774759
42,56,0x5343454E45525931,0x8FE48E76000BB805,458703DFAECD5C6851C8,0x2,0x44453E8F,0x00000000,0,1,1,2733,341.625000,290,382,0.163922429565,0.164132936375,0.000210506811
42,64,0x5343454E45525931,0x8FE48E76000BB805,458703DFAECD5C6851C8,0x2,0x44453E8F,0x00000000,0,1,1,3079,384.875000,327,424,0.166287755765,0.164132936375,0.002154819389
42,72,0x5343454E45525931,0x8FE48E76000BB805,458703DFAECD5C6851C8,0x2,0x44453E8F,0x44453E8F,1,8,8,3495,436.875000,388,503,0.164806866953,0.164132936375,0.000673930577
42,80,0x5343454E45525931,0x8FE48E76000BB805,458703DFAECD5C6851C8,0x2,0x44453E8F,0x44453E8F,1,8,8,3888,486.000000,435,543,0.164609053498,0.164132936375,0.000476117123
42,96,0x5343454E45525931,0x8FE48E76000BB805,458703DFAECD5C6851C8,0x2,0x44453E8F,0x44453E8F,1,8,8,4745,593.125000,527,691,0.161854583772,0.164132936375,0.002278352603
42,112,0x5343454E45525931,0x8FE48E76000BB805,458703DFAECD5C6851C8,0x2,0x44453E8F,0x44453E8F,1,8,8,5572,696.500000,630,827,0.160804020101,0.164132936375,0.003328916275
42,128,0x5343454E45525931,0x8FE48E76000BB805,458703DFAECD5C6851C8,0x2,0x44453E8F,0x44453E8F,1,8,8,6331,791.375000,680,933,0.161743800347,0.164132936375,0.002389136028
42,160,0x5343454E45525931,0x8FE48E76000BB805,458703DFAECD5C6851C8,0x2,0x44453E8F,0x44453E8F,1,8,8,7866,983.250000,858,1141,0.162725654717,0.164132936375,0.001407281659
42,192,0x5343454E45525931,0x8FE48E76000BB805,458703DFAECD5C6851C8,0x2,0x44453E8F,0x44453E8F,1,8,8,9321,1165.125000,1069,1326,0.164789185710,0.164132936375,0.000656249334
42,256,0x5343454E45525931,0x8FE48E76000BB805,458703DFAECD5C6851C8,0x2,0x44453E8F,0x44453E8F,1,8,8,12562,1570.250000,1472,1759,0.163031364432,0.164132936375,0.001101571943
43,16,0x5343454E45525931,0x58430272FCE9B342,56DE1981DDB7BFE9A146,0xE,0xEEB91320,0x00000000,0,0,0,782,97.750000,63,133,0.163682864450,0.164132936375,0.000450071925
43,24,0x5343454E45525931,0x58430272FCE9B342,56DE1981DDB7BFE9A146,0xE,0xEEB91320,0x00000000,0,0,0,1149,143.625000,104,183,0.167101827676,0.164132936375,0.002968891301
43,32,0x5343454E45525931,0x58430272FCE9B342,56DE1981DDB7BFE9A146,0xE,0xEEB91320,0x00000000,0,0,0,1586,198.250000,147,220,0.161412358134,0.164132936375,0.002720578242
43,40,0x5343454E45525931,0x58430272FCE9B342,56DE1981DDB7BFE9A146,0xE,0xEEB91320,0x00000000,0,0,0,1956,244.500000,210,286,0.163599182004,0.164132936375,0.000533754371
43,48,0x5343454E45525931,0x58430272FCE9B342,56DE1981DDB7BFE9A146,0xE,0xEEB91320,0x00000000,0,0,0,2380,297.500000,264,330,0.161344537815,0.164132936375,0.002788398560
43,56,0x5343454E45525931,0x58430272FCE9B342,56DE1981DDB7BFE9A146,0xE,0xEEB91320,0x00000000,0,4,4,2743,342.875000,303,384,0.163324826832,0.164132936375,0.000808109543
43,64,0x5343454E45525931,0x58430272FCE9B342,56DE1981DDB7BFE9A146,0xE,0xEEB91320,0x00000000,0,4,4,3083,385.375000,344,430,0.166072007785,0.164132936375,0.001939071409
43,72,0x5343454E45525931,0x58430272FCE9B342,56DE1981DDB7BFE9A146,0xE,0xEEB91320,0x00000000,0,4,4,3479,434.875000,368,488,0.165564817476,0.164132936375,0.001431881101
43,80,0x5343454E45525931,0x58430272FCE9B342,56DE1981DDB7BFE9A146,0xE,0xEEB91320,0x00000000,0,4,4,3941,492.625000,450,541,0.162395331134,0.164132936375,0.001737605241
43,96,0x5343454E45525931,0x58430272FCE9B342,56DE1981DDB7BFE9A146,0xE,0xEEB91320,0x00000000,0,4,4,4636,579.500000,533,632,0.165660051769,0.164132936375,0.001527115393
43,112,0x5343454E45525931,0x58430272FCE9B342,56DE1981DDB7BFE9A146,0xE,0xEEB91320,0x00000000,0,4,4,5523,690.375000,640,739,0.162230671736,0.164132936375,0.001902264639
43,128,0x5343454E45525931,0x58430272FCE9B342,56DE1981DDB7BFE9A146,0xE,0xEEB91320,0x00000000,0,4,4,6316,789.500000,752,821,0.162127929069,0.164132936375,0.002005007306
43,160,0x5343454E45525931,0x58430272FCE9B342,56DE1981DDB7BFE9A146,0xE,0xEEB91320,0xEEB91320,1,8,8,7838,979.750000,941,997,0.163306966063,0.164132936375,0.000825970313
43,192,0x5343454E45525931,0x58430272FCE9B342,56DE1981DDB7BFE9A146,0xE,0xEEB91320,0xEEB91320,1,8,8,9302,1162.750000,1113,1212,0.165125779402,0.164132936375,0.000992843027
43,256,0x5343454E45525931,0x58430272FCE9B342,56DE1981DDB7BFE9A146,0xE,0xEEB91320,0xEEB91320,1,8,8,12306,1538.250000,1482,1608,0.166422883146,0.164132936375,0.002289946771
44,16,0x5343454E45525931,0xE7AD1818903A1E11,B64964AF1B462C0EB522,0x9,0xF2C022EF,0x00000000,0,0,0,770,96.250000,64,151,0.166233766234,0.164132936375,0.002100829858
44,24,0x5343454E45525931,0xE7AD1818903A1E11,B64964AF1B462C0EB522,0x9,0xF2C022EF,0x00000000,0,0,0,1161,145.125000,96,219,0.165374677003,0.164132936375,0.001241740627
44,32,0x5343454E45525931,0xE7AD1818903A1E11,B64964AF1B462C0EB522,0x9,0xF2C022EF,0x00000000,0,0,0,1518,189.750000,144,260,0.168642951252,0.164132936375,0.004510014876
44,40,0x5343454E45525931,0xE7AD1818903A1E11,B64964AF1B462C0EB522,0x9,0xF2C022EF,0x00000000,0,0,0,1871,233.875000,182,310,0.171031533939,0.164132936375,0.006898597564
44,48,0x5343454E45525931,0xE7AD1818903A1E11,B64964AF1B462C0EB522,0x9,0xF2C022EF,0x00000000,0,0,0,2277,284.625000,224,361,0.168642951252,0.164132936375,0.004510014876
44,56,0x5343454E45525931,0xE7AD1818903A1E11,B64964AF1B462C0EB522,0x9,0xF2C022EF,0x00000000,0,0,0,2653,331.625000,254,408,0.168865435356,0.164132936375,0.004732498981
44,64,0x5343454E45525931,0xE7AD1818903A1E11,B64964AF1B462C0EB522,0x9,0xF2C022EF,0x00000000,0,1,1,2981,372.625000,320,439,0.171754444817,0.164132936375,0.007621508442
44,72,0x5343454E45525931,0xE7AD1818903A1E11,B64964AF1B462C0EB522,0x9,0xF2C022EF,0x00000000,0,1,1,3390,423.750000,363,471,0.169911504425,0.164132936375,0.005778568049
44,80,0x5343454E45525931,0xE7AD1818903A1E11,B64964AF1B462C0EB522,0x9,0xF2C022EF,0x00000000,0,1,1,3745,468.125000,411,523,0.170894526035,0.164132936375,0.006761589659
44,96,0x5343454E45525931,0xE7AD1818903A1E11,B64964AF1B462C0EB522,0x9,0xF2C022EF,0xF2C022EF,1,8,8,4472,559.000000,512,611,0.171735241503,0.164132936375,0.007602305127
44,112,0x5343454E45525931,0xE7AD1818903A1E11,B64964AF1B462C0EB522,0x9,0xF2C022EF,0xF2C022EF,1,8,8,5183,647.875000,610,709,0.172872853560,0.164132936375,0.008739917184
44,128,0x5343454E45525931,0xE7AD1818903A1E11,B64964AF1B462C0EB522,0x9,0xF2C022EF,0xF2C022EF,1,8,8,5997,749.625000,685,782,0.170752042688,0.164132936375,0.006619106313
44,160,0x5343454E45525931,0xE7AD1818903A1E11,B64964AF1B462C0EB522,0x9,0xF2C022EF,0xF2C022EF,1,8,8,7440,930.000000,890,980,0.172043010753,0.164132936375,0.007910074377
44,192,0x5343454E45525931,0xE7AD1818903A1E11,B64964AF1B462C0EB522,0x9,0xF2C022EF,0xF2C022EF,1,8,8,8945,1118.125000,1037,1184,0.171716042482,0.164132936375,0.007583106106
44,256,0x5343454E45525931,0xE7AD1818903A1E11,B64964AF1B462C0EB522,0x9,0xF2C022EF,0xF2C022EF,1,8,8,12153,1519.125000,1384,1615,0.168518061384,0.164132936375,0.004385125009
45,16,0x5343454E45525931,0xDEED368CDF1472E8,A4B0CFB228FF9EAAEC9C,0xE,0x4982FE5D,0x00000000,0,0,0,675,84.375000,58,118,0.189629629630,0.164132936375,0.025496693254
45,24,0x5343454E45525931,0xDEED368CDF1472E8,A4B0CFB228FF9EAAEC9C,0xE,0x4982FE5D,0x00000000,0,0,0,1086,135.750000,90,196,0.176795580110,0.164132936375,0.012662643735
45,32,0x5343454E45525931,0xDEED368CDF1472E8,A4B0CFB228FF9EAAEC9C,0xE,0x4982FE5D,0x00000000,0,0,0,1450,181.250000,134,238,0.176551724138,0.164132936375,0.012418787763
45,40,0x5343454E45525931,0xDEED368CDF1472E8,A4B0CFB228FF9EAAEC9C,0xE,0x4982FE5D,0x00000000,0,0,0,1827,228.375000,169,277,0.175150519978,0.164132936375,0.011017583603
45,48,0x5343454E45525931,0xDEED368CDF1472E8,A4B0CFB228FF9EAAEC9C,0xE,0x4982FE5D,0x00000000,0,0,0,2195,274.375000,207,322,0.174943052392,0.164132936375,0.010810116016
45,56,0x5343454E45525931,0xDEED368CDF1472E8,A4B0CFB228FF9EAAEC9C,0xE,0x4982FE5D,0x00000000,0,4,4,2609,326.125000,252,365,0.171713300115,0.164132936375,0.007580363740
45,64,0x5343454E45525931,0xDEED368CDF1472E8,A4B0CFB228FF9EAAEC9C,0xE,0x4982FE5D,0x4982FE5D,1,8,8,2953,369.125000,276,430,0.173383000339,0.164132936375,0.009250063963
45,72,0x5343454E45525931,0xDEED368CDF1472E8,A4B0CFB228FF9EAAEC9C,0xE,0x4982FE5D,0x4982FE5D,1,8,8,3388,423.500000,314,481,0.170011806375,0.164132936375,0.005878870000
45,80,0x5343454E45525931,0xDEED368CDF1472E8,A4B0CFB228FF9EAAEC9C,0xE,0x4982FE5D,0x4982FE5D,1,8,8,3761,470.125000,344,549,0.170167508641,0.164132936375,0.006034572266
45,96,0x5343454E45525931,0xDEED368CDF1472E8,A4B0CFB228FF9EAAEC9C,0xE,0x4982FE5D,0x4982FE5D,1,8,8,4484,560.500000,443,683,0.171275646744,0.164132936375,0.007142710369
45,112,0x5343454E45525931,0xDEED368CDF1472E8,A4B0CFB228FF9EAAEC9C,0xE,0x4982FE5D,0x4982FE5D,1,8,8,5275,659.375000,558,758,0.169857819905,0.164132936375,0.005724883530
45,128,0x5343454E45525931,0xDEED368CDF1472E8,A4B0CFB228FF9EAAEC9C,0xE,0x4982FE5D,0x4982FE5D,1,8,8,6022,752.750000,645,853,0.170043175025,0.164132936375,0.005910238650
45,160,0x5343454E45525931,0xDEED368CDF1472E8,A4B0CFB228FF9EAAEC9C,0xE,0x4982FE5D,0x4982FE5D,1,8,8,7618,952.250000,837,1074,0.168023103177,0.164132936375,0.003890166801
45,192,0x5343454E45525931,0xDEED368CDF1472E8,A4B0CFB228FF9EAAEC9C,0xE,0x4982FE5D,0x4982FE5D,1,8,8,9209,1151.125000,1073,1266,0.166793354327,0.164132936375,0.002660417952
45,256,0x5343454E45525931,0xDEED368CDF1472E8,A4B0CFB228FF9EAAEC9C,0xE,0x4982FE5D,0x4982FE5D,1,8,8,12411,1551.375000,1418,1694,0.165014906132,0.164132936375,0.000881969756
46,16,0x5343454E45525931,0xF948C856292CF9E1,9AEE558D2ED83DCDF0CF,0x1,0x1BDB89D6,0x00000000,0,0,0,680,85.000000,54,126,0.188235294118,0.164132936375,0.024102357742
46,24,0x5343454E45525931,0xF948C856292CF9E1,9AEE558D2ED83DCDF0CF,0x1,0x1BDB89D6,0x00000000,0,0,0,1043,130.375000,86,166,0.184084372004,0.164132936375,0.019951435628
46,32,0x5343454E45525931,0xF948C856292CF9E1,9AEE558D2ED83DCDF0CF,0x1,0x1BDB89D6,0x00000000,0,0,0,1364,170.500000,120,212,0.187683284457,0.164132936375,0.023550348082
46,40,0x5343454E45525931,0xF948C856292CF9E1,9AEE558D2ED83DCDF0CF,0x1,0x1BDB89D6,0x00000000,0,0,0,1730,216.250000,156,252,0.184971098266,0.164132936375,0.020838161891
46,48,0x5343454E45525931,0xF948C856292CF9E1,9AEE558D2ED83DCDF0CF,0x1,0x1BDB89D6,0x00000000,0,1,1,2069,258.625000,203,319,0.185596906718,0.164132936375,0.021463970343
46,56,0x5343454E45525931,0xF948C856292CF9E1,9AEE558D2ED83DCDF0CF,0x1,0x1BDB89D6,0x1BDB89D6,1,8,8,2503,312.875000,250,397,0.178985217739,0.164132936375,0.014852281363
46,64,0x5343454E45525931,0xF948C856292CF9E1,9AEE558D2ED83DCDF0CF,0x1,0x1BDB89D6,0x1BDB89D6,1,8,8,2823,352.875000,294,438,0.181367339710,0.164132936375,0.017234403334
46,72,0x5343454E45525931,0xF948C856292CF9E1,9AEE558D2ED83DCDF0CF,0x1,0x1BDB89D6,0x1BDB89D6,1,8,8,3163,395.375000,322,493,0.182105595953,0.164132936375,0.017972659578
46,80,0x5343454E45525931,0xF948C856292CF9E1,9AEE558D2ED83DCDF0CF,0x1,0x1BDB89D6,0x1BDB89D6,1,8,8,3493,436.625000,374,535,0.183223590037,0.164132936375,0.019090653662
46,96,0x5343454E45525931,0xF948C856292CF9E1,9AEE558D2ED83DCDF0CF,0x1,0x1BDB89D6,0x1BDB89D6,1,8,8,4340,542.500000,497,644,0.176958525346,0.164132936375,0.012825588970
46,112,0x5343454E45525931,0xF948C856292CF9E1,9AEE558D2ED83DCDF0CF,0x1,0x1BDB89D6,0x1BDB89D6,1,8,8,5074,634.250000,577,747,0.176586519511,0.164132936375,0.012453583136
46,128,0x5343454E45525931,0xF948C856292CF9E1,9AEE558D2ED83DCDF0CF,0x1,0x1BDB89D6,0x1BDB89D6,1,8,8,5922,740.250000,637,860,0.172914555893,0.164132936375,0.008781619518
46,160,0x5343454E45525931,0xF948C856292CF9E1,9AEE558D2ED83DCDF0CF,0x1,0x1BDB89D6,0x1BDB89D6,1,8,8,7552,944.000000,833,1072,0.169491525424,0.164132936375,0.005358589048
46,192,0x5343454E45525931,0xF948C856292CF9E1,9AEE558D2ED83DCDF0CF,0x1,0x1BDB89D6,0x1BDB89D6,1,8,8,9070,1133.750000,1028,1258,0.169349503859,0.164132936375,0.005216567484
46,256,0x5343454E45525931,0xF948C856292CF9E1,9AEE558D2ED83DCDF0CF,0x1,0x1BDB89D6,0x1BDB89D6,1,8,8,11935,1491.875000,1346,1617,0.171596145790,0.164132936375,0.007463209414
47,16,0x5343454E45525931,0x870B2BA5E2148A1E,1A7035CBCDF2B4F0D675,0x9,0x8E938CE8,0x00000000,0,0,0,757,94.625000,62,130,0.169088507266,0.164132936375,0.004955570890
47,24,0x5343454E45525931,0x870B2BA5E2148A1E,1A7035CBCDF2B4F0D675,0x9,0x8E938CE8,0x00000000,0,0,0,1151,143.875000,129,176,0.166811468288,0.164132936375,0.002678531913
47,32,0x5343454E45525931,0x870B2BA5E2148A1E,1A7035CBCDF2B4F0D675,0x9,0x8E938CE8,0x00000000,0,0,0,1581,197.625000,180,209,0.161922833650,0.164132936375,0.002210102726
47,40,0x5343454E45525931,0x870B2BA5E2148A1E,1A7035CBCDF2B4F0D675,0x9,0x8E938CE8,0x00000000,0,0,0,1994,249.250000,230,270,0.160481444333,0.164132936375,0.003651492042
47,48,0x5343454E45525931,0x870B2BA5E2148A1E,1A7035CBCDF2B4F0D675,0x9,0x8E938CE8,0x00000000,0,2,2,2364,295.500000,263,337,0.162436548223,0.164132936375,0.001696388152
47,56,0x5343454E45525931,0x870B2BA5E2148A1E,1A7035CBCDF2B4F0D675,0x9,0x8E938CE8,0x00000000,0,5,5,2710,338.750000,290,373,0.165313653137,0.164132936375,0.001180716761
47,64,0x5343454E45525931,0x870B2BA5E2148A1E,1A7035CBCDF2B4F0D675,0x9,0x8E938CE8,0x00000000,0,5,5,3065,383.125000,335,434,0.167047308320,0.164132936375,0.002914371944
47,72,0x5343454E45525931,0x870B2BA5E2148A1E,1A7035CBCDF2B4F0D675,0x9,0x8E938CE8,0x00000000,0,5,5,3457,432.125000,362,494,0.166618455308,0.164132936375,0.002485518933
47,80,0x5343454E45525931,0x870B2BA5E2148A1E,1A7035CBCDF2B4F0D675,0x9,0x8E938CE8,0x8E938CE8,1,8,8,3791,473.875000,399,533,0.168820891585,0.164132936375,0.004687955210
47,96,0x5343454E45525931,0x870B2BA5E2148A1E,1A7035CBCDF2B4F0D675,0x9,0x8E938CE8,0x8E938CE8,1,8,8,4591,573.875000,486,674,0.167283816162,0.164132936375,0.003150879787
47,112,0x5343454E45525931,0x870B2BA5E2148A1E,1A7035CBCDF2B4F0D675,0x9,0x8E938CE8,0x8E938CE8,1,8,8,5380,672.500000,577,781,0.166542750929,0.164132936375,0.002409814554
47,128,0x5343454E45525931,0x870B2BA5E2148A1E,1A7035CBCDF2B4F0D675,0x9,0x8E938CE8,0x8E938CE8,1,8,8,5948,743.500000,666,833,0.172158708810,0.164132936375,0.008025772434
47,160,0x5343454E45525931,0x870B2BA5E2148A1E,1A7035CBCDF2B4F0D675,0x9,0x8E938CE8,0x8E938CE8,1,8,8,7540,942.500000,850,1013,0.169761273210,0.164132936375,0.005628336834
47,192,0x5343454E45525931,0x870B2BA5E2148A1E,1A7035CBCDF2B4F0D675,0x9,0x8E938CE8,0x8E938CE8,1,8,8,9042,1130.250000,1019,1193,0.169873921699,0.164132936375,0.005740985323
47,256,0x5343454E45525931,0x870B2BA5E2148A1E,1A7035CBCDF2B4F0D675,0x9,0x8E938CE8,0x8E938CE8,1,8,8,12269,1533.625000,1449,1671,0.166924769745,0.164132936375,0.002791833370
48,16,0x5343454E45525931,0x81547F3DADD6E1A2,E51581E06306934F1E62,0x0,0x8140E2E4,0x00000000,0,0,0,649,81.125000,57,97,0.197226502311,0.164132936375,0.033093565936
48,24,0x5343454E45525931,0x81547F3DADD6E1A2,E51581E06306934F1E62,0x0,0x8140E2E4,0x00000000,0,0,0,995,124.375000,100,154,0.192964824121,0.164132936375,0.028831887745
48,32,0x5343454E45525931,0x81547F3DADD6E1A2,E51581E06306934F1E62,0x0,0x8140E2E4,0x00000000,0,0,0,1463,182.875000,150,223,0.174982911825,0.164132936375,0.010849975450
48,40,0x5343454E45525931,0x81547F3DADD6E1A2,E51581E06306934F1E62,0x0,0x8140E2E4,0x00000000,0,0,0,1870,233.750000,185,289,0.171122994652,0.164132936375,0.006990058277
48,48,0x5343454E45525931,0x81547F3DADD6E1A2,E51581E06306934F1E62,0x0,0x8140E2E4,0x00000000,0,1,1,2307,288.375000,256,350,0.166449934980,0.164132936375,0.002316998605
48,56,0x5343454E45525931,0x81547F3DADD6E1A2,E51581E06306934F1E62,0x0,0x8140E2E4,0x00000000,0,1,1,2757,344.625000,317,411,0.162495466086,0.164132936375,0.001637470289
48,64,0x5343454E45525931,0x81547F3DADD6E1A2,E51581E06306934F1E62,0x0,0x8140E2E4,0x00000000,0,1,1,3244,405.500000,359,496,0.157829839704,0.164132936375,0.006303096671
48,72,0x5343454E45525931,0x81547F3DADD6E1A2,E51581E06306934F1E62,0x0,0x8140E2E4,0x00000000,0,1,1,3658,457.250000,395,566,0.157463094587,0.164132936375,0.006669841788
48,80,0x5343454E45525931,0x81547F3DADD6E1A2,E51581E06306934F1E62,0x0,0x8140E2E4,0x00000000,0,1,1,4139,517.375000,436,683,0.154626721430,0.164132936375,0.009506214945
48,96,0x5343454E45525931,0x81547F3DADD6E1A2,E51581E06306934F1E62,0x0,0x8140E2E4,0x00000000,0,6,6,5006,625.750000,575,799,0.153415900919,0.164132936375,0.010717035456
48,112,0x5343454E45525931,0x81547F3DADD6E1A2,E51581E06306934F1E62,0x0,0x8140E2E4,0x00000000,0,6,6,5737,717.125000,648,894,0.156179187729,0.164132936375,0.007953748647
48,128,0x5343454E45525931,0x81547F3DADD6E1A2,E51581E06306934F1E62,0x0,0x8140E2E4,0x8140E2E4,1,8,8,6571,821.375000,753,972,0.155836250190,0.164132936375,0.008296686185
48,160,0x5343454E45525931,0x81547F3DADD6E1A2,E51581E06306934F1E62,0x0,0x8140E2E4,0x8140E2E4,1,8,8,8114,1014.250000,949,1138,0.157752033522,0.164132936375,0.006380902853
48,192,0x5343454E45525931,0x81547F3DADD6E1A2,E51581E06306934F1E62,0x0,0x8140E2E4,0x8140E2E4,1,8,8,9790,1223.750000,1114,1316,0.156894790603,0.164132936375,0.007238145773
48,256,0x5343454E45525931,0x81547F3DADD6E1A2,E51581E06306934F1E62,0x0,0x8140E2E4,0x8140E2E4,1,8,8,12839,1604.875000,1456,1717,0.159513980840,0.164132936375,0.004618955536
49,16,0x5343454E45525931,0x3317A10D74B6F667,4EA730E8819CF13CB68E,0x7,0xA27A1F35,0x00000000,0,0,0,766,95.750000,70,130,0.167101827676,0.164132936375,0.002968891301
49,24,0x5343454E45525931,0x3317A10D74B6F667,4EA730E8819CF13CB68E,0x7,0xA27A1F35,0x00000000,0,0,0,1132,141.500000,131,154,0.169611307420,0.164132936375,0.005478371045
49,32,0x5343454E45525931,0x3317A10D74B6F667,4EA730E8819CF13CB68E,0x7,0xA27A1F35,0x00000000,0,0,0,1503,187.875000,168,221,0.170326014637,0.164132936375,0.006193078262
49,40,0x5343454E45525931,0x3317A10D74B6F667,4EA730E8819CF13CB68E,0x7,0xA27A1F35,0x00000000,0,0,0,1898,237.250000,217,270,0.168598524763,0.164132936375,0.004465588388
49,48,0x5343454E45525931,0x3317A10D74B6F667,4EA730E8819CF13CB68E,0x7,0xA27A1F35,0x00000000,0,1,1,2305,288.125000,253,322,0.166594360087,0.164132936375,0.002461423711
49,56,0x5343454E45525931,0x3317A10D74B6F667,4EA730E8819CF13CB68E,0x7,0xA27A1F35,0x00000000,0,4,4,2719,339.875000,294,383,0.164766458257,0.164132936375,0.000633521881
49,64,0x5343454E45525931,0x3317A10D74B6F667,4EA730E8819CF13CB68E,0x7,0xA27A1F35,0x00000000,0,4,4,3070,383.750000,328,425,0.166775244300,0.164132936375,0.002642307924
49,72,0x5343454E45525931,0x3317A10D74B6F667,4EA730E8819CF13CB68E,0x7,0xA27A1F35,0x00000000,0,4,4,3513,439.125000,369,494,0.163962425278,0.164132936375,0.000170511098
49,80,0x5343454E45525931,0x3317A10D74B6F667,4EA730E8819CF13CB68E,0x7,0xA27A1F35,0xA27A1F35,1,8,8,3872,484.000000,394,545,0.165289256198,0.164132936375,0.001156319823
49,96,0x5343454E45525931,0x3317A10D74B6F667,4EA730E8819CF13CB68E,0x7,0xA27A1F35,0xA27A1F35,1,8,8,4668,583.500000,517,645,0.164524421594,0.164132936375,0.000391485218
49,112,0x5343454E45525931,0x3317A10D74B6F667,4EA730E8819CF13CB68E,0x7,0xA27A1F35,0xA27A1F35,1,8,8,5552,694.000000,599,806,0.161383285303,0.164132936375,0.002749651073
49,128,0x5343454E45525931,0x3317A10D74B6F667,4EA730E8819CF13CB68E,0x7,0xA27A1F35,0xA27A1F35,1,8,8,6323,790.375000,681,934,0.161948442195,0.164132936375,0.002184494180
49,160,0x5343454E45525931,0x3317A10D74B6F667,4EA730E8819CF13CB68E,0x7,0xA27A1F35,0xA27A1F35,1,8,8,8003,1000.375000,869,1121,0.159940022492,0.164132936375,0.004192913884
49,192,0x5343454E45525931,0x3317A10D74B6F667,4EA730E8819CF13CB68E,0x7,0xA27A1F35,0xA27A1F35,1,8,8,9520,1190.000000,1038,1285,0.161344537815,0.164132936375,0.002788398560
49,256,0x5343454E45525931,0x3317A10D74B6F667,4EA730E8819CF13CB68E,0x7,0xA27A1F35,0xA27A1F35,1,8,8,12616,1577.000000,1429,1680,0.162333544705,0.164132936375,0.001799391670
50,16,0x5343454E45525931,0x2A04DB9C982C541C,66824E1A7D04761231A2,0xB,0x97EB4507,0x00000000,0,0,0,850,106.250000,82,142,0.150588235294,0.164132936375,0.013544701081
50,24,0x5343454E45525931,0x2A04DB9C982C541C,66824E1A7D04761231A2,0xB,0x97EB4507,0x00000000,0,0,0,1278,159.750000,117,225,0.150234741784,0.164132936375,0.013898194591
50,32,0x5343454E45525931,0x2A04DB9C982C541C,66824E1A7D04761231A2,0xB,0x97EB4507,0x00000000,0,0,0,1674,209.250000,174,276,0.152927120669,0.164132936375,0.011205815706
50,40,0x5343454E45525931,0x2A04DB9C982C541C,66824E1A7D04761231A2,0xB,0x97EB4507,0x00000000,0,0,0,2004,250.500000,208,306,0.159680638723,0.164132936375,0.004452297653
50,48,0x5343454E45525931,0x2A04DB9C982C541C,66824E1A7D04761231A2,0xB,0x97EB4507,0x00000000,0,0,0,2388,298.500000,258,367,0.160804020101,0.164132936375,0.003328916275
50,56,0x5343454E45525931,0x2A04DB9C982C541C,66824E1A7D04761231A2,0xB,0x97EB4507,0x00000000,0,4,4,2785,348.125000,310,428,0.160861759425,0.164132936375,0.003271176950
50,64,0x5343454E45525931,0x2A04DB9C982C541C,66824E1A7D04761231A2,0xB,0x97EB4507,0x00000000,0,4,4,3248,406.000000,347,487,0.157635467980,0.164132936375,0.006497468395
50,72,0x5343454E45525931,0x2A04DB9C982C541C,66824E1A7D04761231A2,0xB,0x97EB4507,0x00000000,0,5,5,3643,455.375000,404,554,0.158111446610,0.164132936375,0.006021489765
50,80,0x5343454E45525931,0x2A04DB9C982C541C,66824E1A7D04761231A2,0xB,0x97EB4507,0x97EB4507,1,8,8,4055,506.875000,447,593,0.157829839704,0.164132936375,0.006303096671
50,96,0x5343454E45525931,0x2A04DB9C982C541C,66824E1A7D04761231A2,0xB,0x97EB4507,0x97EB4507,1,8,8,4729,591.125000,520,691,0.162402199196,0.164132936375,0.001730737179
50,112,0x5343454E45525931,0x2A04DB9C982C541C,66824E1A7D04761231A2,0xB,0x97EB4507,0x97EB4507,1,8,8,5515,689.375000,636,808,0.162466001813,0.164132936375,0.001666934562
50,128,0x5343454E45525931,0x2A04DB9C982C541C,66824E1A7D04761231A2,0xB,0x97EB4507,0x97EB4507,1,8,8,6348,793.500000,732,880,0.161310649023,0.164132936375,0.002822287352
50,160,0x5343454E45525931,0x2A04DB9C982C541C,66824E1A7D04761231A2,0xB,0x97EB4507,0x97EB4507,1,8,8,7852,981.500000,906,1073,0.163015792155,0.164132936375,0.001117144221
50,192,0x5343454E45525931,0x2A04DB9C982C541C,66824E1A7D04761231A2,0xB,0x97EB4507,0x97EB4507,1,8,8,9453,1181.625000,1072,1254,0.162488099016,0.164132936375,0.001644837359
50,256,0x5343454E45525931,0x2A04DB9C982C541C,66824E1A7D04761231A2,0xB,0x97EB4507,0x97EB4507,1,8,8,12485,1560.625000,1450,1657,0.164036844213,0.164132936375,0.000096092162
51,16,0x5343454E45525931,0x5A717FE744CB3C6A,BF27EA95A52512C113E7,0x1,0xF43D6FFF,0x00000000,0,0,0,744,93.000000,59,115,0.172043010753,0.164132936375,0.007910074377
51,24,0x5343454E45525931,0x5A717FE744CB3C6A,BF27EA95A52512C113E7,0x1,0xF43D6FFF,0x00000000,0,0,0,1167,145.875000,104,171,0.164524421594,0.164132936375,0.000391485218
51,32,0x5343454E45525931,0x5A717FE744CB3C6A,BF27EA95A52512C113E7,0x1,0xF43D6FFF,0x00000000,0,1,1,1468,183.500000,146,218,0.174386920981,0.164132936375,0.010253984606
51,40,0x5343454E45525931,0x5A717FE744CB3C6A,BF27EA95A52512C113E7,0x1,0xF43D6FFF,0x00000000,0,1,1,1889,236.125000,174,273,0.169401799894,0.164132936375,0.005268863519
51,48,0x5343454E45525931,0x5A717FE744CB3C6A,BF27EA95A52512C113E7,0x1,0xF43D6FFF,0x00000000,0,1,1,2330,291.250000,221,354,0.164806866953,0.164132936375,0.000673930577
51,56,0x5343454E45525931,0x5A717FE744CB3C6A,BF27EA95A52512C113E7,0x1,0xF43D6FFF,0x00000000,0,1,1,2754,344.250000,275,436,0.162672476398,0.164132936375,0.001460459977
51,64,0x5343454E45525931,0x5A717FE744CB3C6A,BF27EA95A52512C113E7,0x1,0xF43D6FFF,0x00000000,0,1,1,3133,391.625000,325,500,0.163421640600,0.164132936375,0.000711295775
51,72,0x5343454E45525931,0x5A717FE744CB3C6A,BF27EA95A52512C113E7,0x1,0xF43D6FFF,0x00000000,0,1,1,3498,437.250000,382,523,0.164665523156,0.164132936375,0.000532586781
51,80,0x5343454E45525931,0x5A717FE744CB3C6A,BF27EA95A52512C113E7,0x1,0xF43D6FFF,0x00000000,0,1,1,3840,480.000000,446,548,0.166666666667,0.164132936375,0.002533730291
51,96,0x5343454E45525931,0x5A717FE744CB3C6A,BF27EA95A52512C113E7,0x1,0xF43D6FFF,0xF43D6FFF,1,8,8,4663,582.875000,530,689,0.164700836371,0.164132936375,0.000567899996
51,112,0x5343454E45525931,0x5A717FE744CB3C6A,BF27EA95A52512C113E7,0x1,0xF43D6FFF,0xF43D6FFF,1,8,8,5456,682.000000,603,812,0.164222873900,0.164132936375,0.000089937525
51,128,0x5343454E45525931,0x5A717FE744CB3C6A,BF27EA95A52512C113E7,0x1,0xF43D6FFF,0xF43D6FFF,1,8,8,6307,788.375000,685,964,0.162359283336,0.164132936375,0.001773653039
51,160,0x5343454E45525931,0x5A717FE744CB3C6A,BF27EA95A52512C113E7,0x1,0xF43D6FFF,0xF43D6FFF,1,8,8,7986,998.250000,895,1213,0.160280490859,0.164132936375,0.003852445516
51,192,0x5343454E45525931,0x5A717FE744CB3C6A,BF27EA95A52512C113E7,0x1,0xF43D6FFF,0xF43D6FFF,1,8,8,9424,1178.000000,1070,1385,0.162988115450,0.164132936375,0.001144820925
51,256,0x5343454E45525931,0x5A717FE744CB3C6A,BF27EA95A52512C113E7,0x1,0xF43D6FFF,0xF43D6FFF,1,8,8,12513,1564.125000,1404,1812,0.163669783425,0.164132936375,0.000463152950
52,16,0x5343454E45525931,0xE105CC96C197876D,77BB50F474AD79B81C3E,0x8,0x34E13016,0x00000000,0,0,0,904,113.000000,78,157,0.141592920354,0.164132936375,0.022540016021
52,24,0x5343454E45525931,0xE105CC96C197876D,77BB50F474AD79B81C3E,0x8,0x34E13016,0x00000000,0,0,0,1237,154.625000,105,198,0.155214227971,0.164132936375,0.008918708404
52,32,0x5343454E45525931,0xE105CC96C197876D,77BB50F474AD79B81C3E,0x8,0x34E13016,0x00000000,0,0,0,1622,202.750000,163,246,0.157829839704,0.164132936375,0.006303096671
52,40,0x5343454E45525931,0xE105CC96C197876D,77BB50F474AD79B81C3E,0x8,0x34E13016,0x00000000,0,0,0,2110,263.750000,215,295,0.151658767773,0.164132936375,0.012474168603
52,48,0x5343454E45525931,0xE105CC96C197876D,77BB50F474AD79B81C3E,0x8,0x34E13016,0x00000000,0,0,0,2516,314.500000,272,349,0.152623211447,0.164132936375,0.011509724929
52,56,0x5343454E45525931,0xE105CC96C197876D,77BB50F474AD79B81C3E,0x8,0x34E13016,0x00000000,0,0,0,2900,362.500000,320,403,0.154482758621,0.164132936375,0.009650177755
52,64,0x5343454E45525931,0xE105CC96C197876D,77BB50F474AD79B81C3E,0x8,0x34E13016,0x00000000,0,3,3,3299,412.375000,371,459,0.155198545014,0.164132936375,0.008934391362
52,72,0x5343454E45525931,0xE105CC96C197876D,77BB50F474AD79B81C3E,0x8,0x34E13016,0x00000000,0,3,3,3736,467.000000,430,498,0.154175588865,0.164132936375,0.009957347510
52,80,0x5343454E45525931,0xE105CC96C197876D,77BB50F474AD79B81C3E,0x8,0x34E13016,0x00000000,0,3,3,4125,515.625000,467,555,0.155151515152,0.164132936375,0.008981421224
52,96,0x5343454E45525931,0xE105CC96C197876D,77BB50F474AD79B81C3E,0x8,0x34E13016,0x34E13016,1,8,8,4928,616.000000,518,692,0.155844155844,0.164132936375,0.008288780531
52,112,0x5343454E45525931,0xE105CC96C197876D,77BB50F474AD79B81C3E,0x8,0x34E13016,0x34E13016,1,8,8,5757,719.625000,595,807,0.155636616293,0.164132936375,0.008496320082
52,128,0x5343454E45525931,0xE105CC96C197876D,77BB50F474AD79B81C3E,0x8,0x34E13016,0x34E13016,1,8,8,6512,814.000000,678,907,0.157248157248,0.164132936375,0.006884779127
52,160,0x5343454E45525931,0xE105CC96C197876D,77BB50F474AD79B81C3E,0x8,0x34E13016,0x34E13016,1,8,8,7967,995.875000,857,1063,0.160662733777,0.164132936375,0.003470202599
52,192,0x5343454E45525931,0xE105CC96C197876D,77BB50F474AD79B81C3E,0x8,0x34E13016,0x34E13016,1,8,8,9603,1200.375000,1082,1260,0.159950015620,0.164132936375,0.004182920755
52,256,0x5343454E45525931,0xE105CC96C197876D,77BB50F474AD79B81C3E,0x8,0x34E13016,0x34E13016,1,8,8,12741,1592.625000,1496,1660,0.160740915156,0.164132936375,0.003392021220
53,16,0x5343454E45525931,0x1556E23895AF628E,103BF102806966C70A2F,0x7,0xB4EA1EDE,0x00000000,0,0,0,701,87.625000,67,119,0.182596291013,0.164132936375,0.018463354637
53,24,0x5343454E45525931,0x1556E23895AF628E,103BF102806966C70A2F,0x7,0xB4EA1EDE,0x00000000,0,0,0,1044,130.500000,100,172,0.183908045977,0.164132936375,0.019775109602
53,32,0x5343454E45525931,0x1556E23895AF628E,103BF102806966C70A2F,0x7,0xB4EA1EDE,0x00000000,0,0,0,1459,182.375000,137,247,0.175462645648,0.164132936375,0.011329709272
53,40,0x5343454E45525931,0x1556E23895AF628E,103BF102806966C70A2F,0x7,0xB4EA1EDE,0x00000000,0,0,0,1884,235.500000,197,302,0.169851380042,0.164132936375,0.005718443667
53,48,0x5343454E45525931,0x1556E23895AF628E,103BF102806966C70A2F,0x7,0xB4EA1EDE,0x00000000,0,0,0,2263,282.875000,244,346,0.169686257181,0.164132936375,0.005553320805
53,56,0x5343454E45525931,0x1556E23895AF628E,103BF102806966C70A2F,0x7,0xB4EA1EDE,0x00000000,0,0,0,2650,331.250000,292,386,0.169056603774,0.164132936375,0.004923667398
53,64,0x5343454E45525931,0x1556E23895AF628E,103BF102806966C70A2F,0x7,0xB4EA1EDE,0x00000000,0,5,5,3042,380.250000,316,424,0.168310322156,0.164132936375,0.004177385781
53,72,0x5343454E45525931,0x1556E23895AF628E,103BF102806966C70A2F,0x7,0xB4EA1EDE,0x00000000,0,5,5,3404,425.500000,347,491,0.169212690952,0.164132936375,0.005079754576
53,80,0x5343454E45525931,0x1556E23895AF628E,103BF102806966C70A2F,0x7,0xB4EA1EDE,0x00000000,0,7,7,3783,472.875000,404,538,0.169177901137,0.164132936375,0.005044964761
53,96,0x5343454E45525931,0x1556E23895AF628E,103BF102806966C70A2F,0x7,0xB4EA1EDE,0xB4EA1EDE,1,8,8,4516,564.500000,492,612,0.170062001771,0.164132936375,0.005929065396
53,112,0x5343454E45525931,0x1556E23895AF628E,103BF102806966C70A2F,0x7,0xB4EA1EDE,0xB4EA1EDE,1,8,8,5274,659.250000,566,740,0.169890026545,0.164132936375,0.005757090170
53,128,0x5343454E45525931,0x1556E23895AF628E,103BF102806966C70A2F,0x7,0xB4EA1EDE,0xB4EA1EDE,1,8,8,6117,764.625000,661,869,0.167402321399,0.164132936375,0.003269385024
53,160,0x5343454E45525931,0x1556E23895AF628E,103BF102806966C70A2F,0x7,0xB4EA1EDE,0xB4EA1EDE,1,8,8,7713,964.125000,844,1035,0.165953584857,0.164132936375,0.001820648481
53,192,0x5343454E45525931,0x1556E23895AF628E,103BF102806966C70A2F,0x7,0xB4EA1EDE,0xB4EA1EDE,1,8,8,9272,1159.000000,1063,1259,0.165660051769,0.164132936375,0.001527115393
53,256,0x5343454E45525931,0x1556E23895AF628E,103BF102806966C70A2F,0x7,0xB4EA1EDE,0xB4EA1EDE,1,8,8,12357,1544.625000,1381,1710,0.165736020070,0.164132936375,0.001603083694
54,16,0x5343454E45525931,0xBF7DCB18D3E65266,2FA08FF2D89EA64AD2BF,0x8,0x15543525,0x00000000,0,0,0,787,98.375000,66,167,0.162642947903,0.164132936375,0.001489988472
54,24,0x5343454E45525931,0xBF7DCB18D3E65266,2FA08FF2D89EA64AD2BF,0x8,0x15543525,0x00000000,0,0,0,1120,140.000000,111,195,0.171428571429,0.164132936375,0.007295635053
54,32,0x5343454E45525931,0xBF7DCB18D3E65266,2FA08FF2D89EA64AD2BF,0x8,0x15543525,0x00000000,0,0,0,1494,186.750000,164,230,0.171352074967,0.164132936375,0.007219138591
54,40,0x5343454E45525931,0xBF7DCB18D3E65266,2FA08FF2D89EA64AD2BF,0x8,0x15543525,0x00000000,0,0,0,1912,239.000000,196,286,0.167364016736,0.164132936375,0.003231080361
54,48,0x5343454E45525931,0xBF7DCB18D3E65266,2FA08FF2D89EA64AD2BF,0x8,0x15543525,0x00000000,0,0,0,2349,293.625000,244,353,0.163473818646,0.164132936375,0.000659117729
54,56,0x5343454E45525931,0xBF7DCB18D3E65266,2FA08FF2D89EA64AD2BF,0x8,0x15543525,0x00000000,0,0,0,2705,338.125000,288,395,0.165619223660,0.164132936375,0.001486287285
54,64,0x5343454E45525931,0xBF7DCB18D3E65266,2FA08FF2D89EA64AD2BF,0x8,0x15543525,0x00000000,0,2,2,3156,394.500000,336,487,0.162230671736,0.164132936375,0.001902264639
54,72,0x5343454E45525931,0xBF7DCB18D3E65266,2FA08FF2D89EA64AD2BF,0x8,0x15543525,0x00000000,0,2,2,3589,448.625000,391,512,0.160490387295,0.164132936375,0.003642549081
54,80,0x5343454E45525931,0xBF7DCB18D3E65266,2FA08FF2D89EA64AD2BF,0x8,0x15543525,0x00000000,0,2,2,3966,495.750000,438,566,0.161371659102,0.164132936375,0.002761277273
54,96,0x5343454E45525931,0xBF7DCB18D3E65266,2FA08FF2D89EA64AD2BF,0x8,0x15543525,0x00000000,0,2,2,4791,598.875000,555,648,0.160300563557,0.164132936375,0.003832372819
54,112,0x5343454E45525931,0xBF7DCB18D3E65266,2FA08FF2D89EA64AD2BF,0x8,0x15543525,0x00000000,0,2,2,5610,701.250000,641,788,0.159714795009,0.164132936375,0.004418141366
54,128,0x5343454E45525931,0xBF7DCB18D3E65266,2FA08FF2D89EA64AD2BF,0x8,0x15543525,0x15543525,1,8,8,6345,793.125000,739,871,0.161386918834,0.164132936375,0.002746017542
54,160,0x5343454E45525931,0xBF7DCB18D3E65266,2FA08FF2D89EA64AD2BF,0x8,0x15543525,0x15543525,1,8,8,7990,998.750000,901,1096,0.160200250313,0.164132936375,0.003932686062
54,192,0x5343454E45525931,0xBF7DCB18D3E65266,2FA08FF2D89EA64AD2BF,0x8,0x15543525,0x15543525,1,8,8,9610,1201.250000,1098,1290,0.159833506764,0.164132936375,0.004299429612
54,256,0x5343454E45525931,0xBF7DCB18D3E65266,2FA08FF2D89EA64AD2BF,0x8,0x15543525,0x15543525,1,8,8,12779,1597.375000,1516,1732,0.160262931372,0.164132936375,0.003870005004
55,16,0x5343454E45525931,0xF8309DD37BB972D8,2143C2BCAD6F7C6FE9C3,0xC,0x46F34923,0x00000000,0,0,0,733,91.625000,44,126,0.174624829468,0.164132936375,0.010491893093
55,24,0x5343454E45525931,0xF8309DD37BB972D8,2143C2BCAD6F7C6FE9C3,0xC,0x46F34923,0x00000000,0,0,0,1086,135.750000,100,187,0.176795580110,0.164132936375,0.012662643735
55,32,0x5343454E45525931,0xF8309DD37BB972D8,2143C2BCAD6F7C6FE9C3,0xC,0x46F34923,0x00000000,0,0,0,1434,179.250000,143,242,0.178521617852,0.164132936375,0.014388681477
55,40,0x5343454E45525931,0xF8309DD37BB972D8,2143C2BCAD6F7C6FE9C3,0xC,0x46F34923,0x00000000,0,0,0,1763,220.375000,167,290,0.181508791832,0.164132936375,0.017375855457
55,48,0x5343454E45525931,0xF8309DD37BB972D8,2143C2BCAD6F7C6FE9C3,0xC,0x46F34923,0x00000000,0,0,0,2212,276.500000,208,365,0.173598553345,0.164132936375,0.009465616970
55,56,0x5343454E45525931,0xF8309DD37BB972D8,2143C2BCAD6F7C6FE9C3,0xC,0x46F34923,0x00000000,0,1,1,2593,324.125000,248,411,0.172772849981,0.164132936375,0.008639913605
55,64,0x5343454E45525931,0xF8309DD37BB972D8,2143C2BCAD6F7C6FE9C3,0xC,0x46F34923,0x46F34923,1,8,8,2993,374.125000,274,494,0.171065820247,0.164132936375,0.006932883872
55,72,0x5343454E45525931,0xF8309DD37BB972D8,2143C2BCAD6F7C6FE9C3,0xC,0x46F34923,0x46F34923,1,8,8,3403,425.375000,326,549,0.169262415516,0.164132936375,0.005129479140
55,80,0x5343454E45525931,0xF8309DD37BB972D8,2143C2BCAD6F7C6FE9C3,0xC,0x46F34923,0x46F34923,1,8,8,3873,484.125000,378,595,0.165246578879,0.164132936375,0.001113642504
55,96,0x5343454E45525931,0xF8309DD37BB972D8,2143C2BCAD6F7C6FE9C3,0xC,0x46F34923,0x46F34923,1,8,8,4648,581.000000,467,717,0.165232358003,0.164132936375,0.001099421628
55,112,0x5343454E45525931,0xF8309DD37BB972D8,2143C2BCAD6F7C6FE9C3,0xC,0x46F34923,0x46F34923,1,8,8,5363,670.375000,571,816,0.167070669401,0.164132936375,0.002937733026
55,128,0x5343454E45525931,0xF8309DD37BB972D8,2143C2BCAD6F7C6FE9C3,0xC,0x46F34923,0x46F34923,1,8,8,6129,766.125000,676,892,0.167074563550,0.164132936375,0.002941627175
55,160,0x5343454E45525931,0xF8309DD37BB972D8,2143C2BCAD6F7C6FE9C3,0xC,0x46F34923,0x46F34923,1,8,8,7607,950.875000,825,1095,0.168266070724,0.164132936375,0.004133134349
55,192,0x5343454E45525931,0xF8309DD37BB972D8,2143C2BCAD6F7C6FE9C3,0xC,0x46F34923,0x46F34923,1,8,8,9191,1148.875000,1020,1283,0.167120008704,0.164132936375,0.002987072329
55,256,0x5343454E45525931,0xF8309DD37BB972D8,2143C2BCAD6F7C6FE9C3,0xC,0x46F34923,0x46F34923,1,8,8,12204,1525.500000,1369,1672,0.167813831531,0.164132936375,0.003680895155
56,16,0x5343454E45525931,0x0756A6B964CC6880,0ABEBE1A4FBB1183059E,0xB,0x810436F2,0x00000000,0,0,0,791,98.875000,82,119,0.161820480405,0.164132936375,0.002312455971
56,24,0x5343454E45525931,0x0756A6B964CC6880,0ABEBE1A4FBB1183059E,0xB,0x810436F2,0x00000000,0,0,0,1220,152.500000,120,190,0.157377049180,0.164132936375,0.006755887195
56,32,0x5343454E45525931,0x0756A6B964CC6880,0ABEBE1A4FBB1183059E,0xB,0x810436F2,0x00000000,0,0,0,1561,195.125000,162,268,0.163997437540,0.164132936375,0.000135498835
56,40,0x5343454E45525931,0x0756A6B964CC6880,0ABEBE1A4FBB1183059E,0xB,0x810436F2,0x00000000,0,4,4,1976,247.000000,194,343,0.161943319838,0.164132936375,0.002189616537
56,48,0x5343454E45525931,0x0756A6B964CC6880,0ABEBE1A4FBB1183059E,0xB,0x810436F2,0x00000000,0,4,4,2324,290.500000,235,412,0.165232358003,0.164132936375,0.001099421628
56,56,0x5343454E45525931,0x0756A6B964CC6880,0ABEBE1A4FBB1183059E,0xB,0x810436F2,0x00000000,0,4,4,2709,338.625000,284,454,0.165374677003,0.164132936375,0.001241740627
56,64,0x5343454E45525931,0x0756A6B964CC6880,0ABEBE1A4FBB1183059E,0xB,0x810436F2,0x00000000,0,6,6,3073,384.125000,330,490,0.166612430849,0.164132936375,0.002479494474
56,72,0x5343454E45525931,0x0756A6B964CC6880,0ABEBE1A4FBB1183059E,0xB,0x810436F2,0x810436F2,1,8,8,3473,434.125000,369,523,0.165850849410,0.164132936375,0.001717913034
56,80,0x5343454E45525931,0x0756A6B964CC6880,0ABEBE1A4FBB1183059E,0xB,0x810436F2,0x810436F2,1,8,8,3851,481.375000,391,565,0.166190599844,0.164132936375,0.002057663469
56,96,0x5343454E45525931,0x0756A6B964CC6880,0ABEBE1A4FBB1183059E,0xB,0x810436F2,0x810436F2,1,8,8,4669,583.625000,489,653,0.164489183979,0.164132936375,0.000356247604
56,112,0x5343454E45525931,0x0756A6B964CC6880,0ABEBE1A4FBB1183059E,0xB,0x810436F2,0x810436F2,1,8,8,5417,677.125000,557,761,0.165405205833,0.164132936375,0.001272269458
56,128,0x5343454E45525931,0x0756A6B964CC6880,0ABEBE1A4FBB1183059E,0xB,0x810436F2,0x810436F2,1,8,8,6265,783.125000,658,887,0.163447725459,0.164132936375,0.000685210916
56,160,0x5343454E45525931,0x0756A6B964CC6880,0ABEBE1A4FBB1183059E,0xB,0x810436F2,0x810436F2,1,8,8,7886,985.750000,908,1068,0.162312959675,0.164132936375,0.001819976700
56,192,0x5343454E45525931,0x0756A6B964CC6880,0ABEBE1A4FBB1183059E,0xB,0x810436F2,0x810436F2,1,8,8,9423,1177.875000,1093,1269,0.163005412289,0.164132936375,0.001127524086
56,256,0x5343454E45525931,0x0756A6B964CC6880,0ABEBE1A4FBB1183059E,0xB,0x810436F2,0x810436F2,1,8,8,12471,1558.875000,1474,1691,0.164220992703,0.164132936375,0.000088056328
57,16,0x5343454E45525931,0x47B4DC9CEB5F08D0,AB20B56CDA4AE95CA672,0x9,0xC49CCCBF,0x00000000,0,0,0,749,93.625000,68,124,0.170894526035,0.164132936375,0.006761589659
57,24,0x5343454E45525931,0x47B4DC9CEB5F08D0,AB20B56CDA4AE95CA672,0x9,0xC49CCCBF,0x00000000,0,0,0,1214,151.750000,101,183,0.158154859967,0.164132936375,0.005978076408
57,32,0x5343454E45525931,0x47B4DC9CEB5F08D0,AB20B56CDA4AE95CA672,0x9,0xC49CCCBF,0x00000000,0,0,0,1676,209.500000,159,266,0.152744630072,0.164132936375,0.011388306304
57,40,0x5343454E45525931,0x47B4DC9CEB5F08D0,AB20B56CDA4AE95CA672,0x9,0xC49CCCBF,0x00000000,0,0,0,2115,264.375000,208,339,0.151300236407,0.164132936375,0.012832699969
57,48,0x5343454E45525931,0x47B4DC9CEB5F08D0,AB20B56CDA4AE95CA672,0x9,0xC49CCCBF,0x00000000,0,0,0,2533,316.625000,250,403,0.151598894591,0.164132936375,0.012534041784
57,56,0x5343454E45525931,0x47B4DC9CEB5F08D0,AB20B56CDA4AE95CA672,0x9,0xC49CCCBF,0x00000000,0,0,0,2912,364.000000,305,456,0.153846153846,0.164132936375,0.010286782529
57,64,0x5343454E45525931,0x47B4DC9CEB5F08D0,AB20B56CDA4AE95CA672,0x9,0xC49CCCBF,0x00000000,0,0,0,3461,432.625000,343,525,0.147934123086,0.164132936375,0.016198813290
57,72,0x5343454E45525931,0x47B4DC9CEB5F08D0,AB20B56CDA4AE95CA672,0x9,0xC49CCCBF,0x00000000,0,0,0,3779,472.375000,391,575,0.152421275470,0.164132936375,0.011711660906
57,80,0x5343454E45525931,0x47B4DC9CEB5F08D0,AB20B56CDA4AE95CA672,0x9,0xC49CCCBF,0x00000000,0,0,0,4157,519.625000,437,625,0.153957180659,0.164132936375,0.010175755716
57,96,0x5343454E45525931,0x47B4DC9CEB5F08D0,AB20B56CDA4AE95CA672,0x9,0xC49CCCBF,0xC49CCCBF,1,8,8,4866,608.250000,528,722,0.157829839704,0.164132936375,0.006303096671
57,112,0x5343454E45525931,0x47B4DC9CEB5F08D0,AB20B56CDA4AE95CA672,0x9,0xC49CCCBF,0xC49CCCBF,1,8,8,5652,706.500000,617,832,0.158527954706,0.164132936375,0.005604981669
57,128,0x5343454E45525931,0x47B4DC9CEB5F08D0,AB20B56CDA4AE95CA672,0x9,0xC49CCCBF,0xC49CCCBF,1,8,8,6448,806.000000,683,943,0.158808933002,0.164132936375,0.005324003373
57,160,0x5343454E45525931,0x47B4DC9CEB5F08D0,AB20B56CDA4AE95CA672,0x9,0xC49CCCBF,0xC49CCCBF,1,8,8,8061,1007.625000,839,1087,0.158789232105,0.164132936375,0.005343704270
57,192,0x5343454E45525931,0x47B4DC9CEB5F08D0,AB20B56CDA4AE95CA672,0x9,0xC49CCCBF,0xC49CCCBF,1,8,8,9571,1196.375000,1092,1265,0.160484797827,0.164132936375,0.003648138549
57,256,0x5343454E45525931,0x47B4DC9CEB5F08D0,AB20B56CDA4AE95CA672,0x9,0xC49CCCBF,0xC49CCCBF,1,8,8,12681,1585.125000,1533,1693,0.161501458875,0.164132936375,0.002631477500
58,16,0x5343454E45525931,0x523295146AAB0A61,7EF51BCD319BCFD7F11B,0x0,0x463E8439,0x00000000,0,0,0,886,110.750000,81,159,0.144469525959,0.164132936375,0.019663410416
58,24,0x5343454E45525931,0x523295146AAB0A61,7EF51BCD319BCFD7F11B,0x0,0x463E8439,0x00000000,0,0,0,1366,170.750000,144,198,0.140556368960,0.164132936375,0.023576567415
58,32,0x5343454E45525931,0x523295146AAB0A61,7EF51BCD319BCFD7F11B,0x0,0x463E8439,0x00000000,0,0,0,1731,216.375000,194,234,0.147891392259,0.164132936375,0.016241544117
58,40,0x5343454E45525931,0x523295146AAB0A61,7EF51BCD319BCFD7F11B,0x0,0x463E8439,0x00000000,0,0,0,2080,260.000000,233,292,0.153846153846,0.164132936375,0.010286782529
58,48,0x5343454E45525931,0x523295146AAB0A61,7EF51BCD319BCFD7F11B,0x0,0x463E8439,0x00000000,0,0,0,2530,316.250000,294,348,0.151778656126,0.164132936375,0.012354280249
58,56,0x5343454E45525931,0x523295146AAB0A61,7EF51BCD319BCFD7F11B,0x0,0x463E8439,0x00000000,0,0,0,2895,361.875000,340,392,0.154749568221,0.164132936375,0.009383368154
58,64,0x5343454E45525931,0x523295146AAB0A61,7EF51BCD319BCFD7F11B,0x0,0x463E8439,0x00000000,0,4,4,3296,412.000000,382,447,0.155339805825,0.164132936375,0.008793130550
58,72,0x5343454E45525931,0x523295146AAB0A61,7EF51BCD319BCFD7F11B,0x0,0x463E8439,0x463E8439,1,8,8,3660,457.500000,421,514,0.157377049180,0.164132936375,0.006755887195
58,80,0x5343454E45525931,0x523295146AAB0A61,7EF51BCD319BCFD7F11B,0x0,0x463E8439,0x463E8439,1,8,8,4058,507.250000,454,568,0.157713159192,0.164132936375,0.006419777184
58,96,0x5343454E45525931,0x523295146AAB0A61,7EF51BCD319BCFD7F11B,0x0,0x463E8439,0x463E8439,1,8,8,4898,612.250000,550,685,0.156798693344,0.164132936375,0.007334243031
58,112,0x5343454E45525931,0x523295146AAB0A61,7EF51BCD319BCFD7F11B,0x0,0x463E8439,0x463E8439,1,8,8,5647,705.875000,662,761,0.158668319462,0.164132936375,0.005464616914
58,128,0x5343454E45525931,0x523295146AAB0A61,7EF51BCD319BCFD7F11B,0x0,0x463E8439,0x463E8439,1,8,8,6495,811.875000,771,893,0.157659738260,0.164132936375,0.006473198115
58,160,0x5343454E45525931,0x523295146AAB0A61,7EF51BCD319BCFD7F11B,0x0,0x463E8439,0x463E8439,1,8,8,8137,1017.125000,939,1080,0.157306132481,0.164132936375,0.006826803894
58,192,0x5343454E45525931,0x523295146AAB0A61,7EF51BCD319BCFD7F11B,0x0,0x463E8439,0x463E8439,1,8,8,9485,1185.625000,1122,1290,0.161939905113,0.164132936375,0.002193031262
58,256,0x5343454E45525931,0x523295146AAB0A61,7EF51BCD319BCFD7F11B,0x0,0x463E8439,0x463E8439,1,8,8,12630,1578.750000,1517,1676,0.162153602534,0.164132936375,0.001979333842
59,16,0x5343454E45525931,0x7DBAEBC6B725E03A,3F8F8B9387F5CB1279B8,0x0,0x811761AE,0x00000000,0,0,0,828,103.500000,74,122,0.154589371981,0.164132936375,0.009543564395
59,24,0x5343454E45525931,0x7DBAEBC6B725E03A,3F8F8B9387F5CB1279B8,0x0,0x811761AE,0x00000000,0,0,0,1172,146.500000,128,196,0.163822525597,0.164132936375,0.000310410778
59,32,0x5343454E45525931,0x7DBAEBC6B725E03A,3F8F8B9387F5CB1279B8,0x0,0x811761AE,0x00000000,0,1,1,1591,198.875000,160,262,0.160905091138,0.164132936375,0.003227845238
59,40,0x5343454E45525931,0x7DBAEBC6B725E03A,3F8F8B9387F5CB1279B8,0x0,0x811761AE,0x00000000,0,4,4,1938,242.250000,203,290,0.165118679051,0.164132936375,0.000985742675
59,48,0x5343454E45525931,0x7DBAEBC6B725E03A,3F8F8B9387F5CB1279B8,0x0,0x811761AE,0x00000000,0,4,4,2371,296.375000,252,355,0.161956980177,0.164132936375,0.002175956198
59,56,0x5343454E45525931,0x7DBAEBC6B725E03A,3F8F8B9387F5CB1279B8,0x0,0x811761AE,0x00000000,0,4,4,2736,342.000000,288,400,0.163742690058,0.164132936375,0.000390246317
59,64,0x5343454E45525931,0x7DBAEBC6B725E03A,3F8F8B9387F5CB1279B8,0x0,0x811761AE,0x00000000,0,6,6,3125,390.625000,317,467,0.163840000000,0.164132936375,0.000292936375
59,72,0x5343454E45525931,0x7DBAEBC6B725E03A,3F8F8B9387F5CB1279B8,0x0,0x811761AE,0x811761AE,1,8,8,3539,442.375000,391,526,0.162757841198,0.164132936375,0.001375095177
59,80,0x5343454E45525931,0x7DBAEBC6B725E03A,3F8F8B9387F5CB1279B8,0x0,0x811761AE,0x811761AE,1,8,8,3967,495.875000,426,601,0.161330980590,0.164132936375,0.002801955786
59,96,0x5343454E45525931,0x7DBAEBC6B725E03A,3F8F8B9387F5CB1279B8,0x0,0x811761AE,0x811761AE,1,8,8,4701,587.625000,481,713,0.163369495852,0.164132936375,0.000763440523
59,112,0x5343454E45525931,0x7DBAEBC6B725E03A,3F8F8B9387F5CB1279B8,0x0,0x811761AE,0x811761AE,1,8,8,5477,684.625000,598,798,0.163593207961,0.164132936375,0.000539728415
59,128,0x5343454E45525931,0x7DBAEBC6B725E03A,3F8F8B9387F5CB1279B8,0x0,0x811761AE,0x811761AE,1,8,8,6234,779.250000,674,893,0.164260506898,0.164132936375,0.000127570522
59,160,0x5343454E45525931,0x7DBAEBC6B725E03A,3F8F8B9387F5CB1279B8,0x0,0x811761AE,0x811761AE,1,8,8,7748,968.500000,866,1081,0.165203923593,0.164132936375,0.001070987218
59,192,0x5343454E45525931,0x7DBAEBC6B725E03A,3F8F8B9387F5CB1279B8,0x0,0x811761AE,0x811761AE,1,8,8,9325,1165.625000,1052,1305,0.164718498660,0.164132936375,0.000585562284
59,256,0x5343454E45525931,0x7DBAEBC6B725E03A,3F8F8B9387F5CB1279B8,0x0,0x811761AE,0x811761AE,1,8,8,12422,1552.750000,1418,1653,0.164868781195,0.164132936375,0.000735844819
60,16,0x5343454E45525931,0x462A312CB0BE77B1,09484D83EF712B977107,0x7,0x1AAE13E1,0x00000000,0,0,0,819,102.375000,66,161,0.156288156288,0.164132936375,0.007844780087
60,24,0x5343454E45525931,0x462A312CB0BE77B1,09484D83EF712B977107,0x7,0x1AAE13E1,0x00000000,0,0,0,1143,142.875000,119,203,0.167979002625,0.164132936375,0.003846066249
60,32,0x5343454E45525931,0x462A312CB0BE77B1,09484D83EF712B977107,0x7,0x1AAE13E1,0x00000000,0,0,0,1520,190.000000,155,265,0.168421052632,0.164132936375,0.004288116256
60,40,0x5343454E45525931,0x462A312CB0BE77B1,09484D83EF712B977107,0x7,0x1AAE13E1,0x00000000,0,0,0,1890,236.250000,191,319,0.169312169312,0.164132936375,0.005179232937
60,48,0x5343454E45525931,0x462A312CB0BE77B1,09484D83EF712B977107,0x7,0x1AAE13E1,0x00000000,0,0,0,2276,284.500000,231,355,0.168717047452,0.164132936375,0.004584111076
60,56,0x5343454E45525931,0x462A312CB0BE77B1,09484D83EF712B977107,0x7,0x1AAE13E1,0x00000000,0,0,0,2663,332.875000,280,407,0.168231318062,0.164132936375,0.004098381687
60,64,0x5343454E45525931,0x462A312CB0BE77B1,09484D83EF712B977107,0x7,0x1AAE13E1,0x1AAE13E1,1,8,8,3061,382.625000,318,445,0.167265599477,0.164132936375,0.003132663102
60,72,0x5343454E45525931,0x462A312CB0BE77B1,09484D83EF712B977107,0x7,0x1AAE13E1,0x1AAE13E1,1,8,8,3474,434.250000,348,511,0.165803108808,0.164132936375,0.001670172433
60,80,0x5343454E45525931,0x462A312CB0BE77B1,09484D83EF712B977107,0x7,0x1AAE13E1,0x1AAE13E1,1,8,8,3948,493.500000,420,555,0.162107396150,0.164132936375,0.002025540225
60,96,0x5343454E45525931,0x462A312CB0BE77B1,09484D83EF712B977107,0x7,0x1AAE13E1,0x1AAE13E1,1,8,8,4662,582.750000,524,632,0.164736164736,0.164132936375,0.000603228361
60,112,0x5343454E45525931,0x462A312CB0BE77B1,09484D83EF712B977107,0x7,0x1AAE13E1,0x1AAE13E1,1,8,8,5448,681.000000,614,748,0.164464023495,0.164132936375,0.000331087119
60,128,0x5343454E45525931,0x462A312CB0BE77B1,09484D83EF712B977107,0x7,0x1AAE13E1,0x1AAE13E1,1,8,8,6222,777.750000,706,884,0.164577306332,0.164132936375,0.000444369957
60,160,0x5343454E45525931,0x462A312CB0BE77B1,09484D83EF712B977107,0x7,0x1AAE13E1,0x1AAE13E1,1,8,8,7656,957.000000,869,1052,0.167189132706,0.164132936375,0.003056196331
60,192,0x5343454E45525931,0x462A312CB0BE77B1,09484D83EF712B977107,0x7,0x1AAE13E1,0x1AAE13E1,1,8,8,9014,1126.750000,1047,1206,0.170401597515,0.164132936375,0.006268661140
60,256,0x5343454E45525931,0x462A312CB0BE77B1,09484D83EF712B977107,0x7,0x1AAE13E1,0x1AAE13E1,1,8,8,12015,1501.875000,1420,1653,0.170453599667,0.164132936375,0.006320663292
61,16,0x5343454E45525931,0x5EDDA45E3EB5B91C,0739C36D63BA300CAD76,0x6,0x4EFFCDB0,0x00000000,0,0,0,741,92.625000,55,118,0.172739541161,0.164132936375,0.008606604785
61,24,0x5343454E45525931,0x5EDDA45E3EB5B91C,0739C36D63BA300CAD76,0x6,0x4EFFCDB0,0x00000000,0,0,0,1055,131.875000,80,186,0.181990521327,0.164132936375,0.017857584952
61,32,0x5343454E45525931,0x5EDDA45E3EB5B91C,0739C36D63BA300CAD76,0x6,0x4EFFCDB0,0x00000000,0,0,0,1420,177.500000,150,228,0.180281690141,0.164132936375,0.016148753765
61,40,0x5343454E45525931,0x5EDDA45E3EB5B91C,0739C36D63BA300CAD76,0x6,0x4EFFCDB0,0x00000000,0,0,0,1797,224.625000,195,273,0.178074568726,0.164132936375,0.013941632350
61,48,0x5343454E45525931,0x5EDDA45E3EB5B91C,0739C36D63BA300CAD76,0x6,0x4EFFCDB0,0x00000000,0,0,0,2172,271.500000,238,316,0.176795580110,0.164132936375,0.012662643735
61,56,0x5343454E45525931,0x5EDDA45E3EB5B91C,0739C36D63BA300CAD76,0x6,0x4EFFCDB0,0x00000000,0,1,1,2562,320.250000,277,409,0.174863387978,0.164132936375,0.010730451603
61,64,0x5343454E45525931,0x5EDDA45E3EB5B91C,0739C36D63BA300CAD76,0x6,0x4EFFCDB0,0x00000000,0,1,1,2936,367.000000,315,454,0.174386920981,0.164132936375,0.010253984606
61,72,0x5343454E45525931,0x5EDDA45E3EB5B91C,0739C36D63BA300CAD76,0x6,0x4EFFCDB0,0x00000000,0,1,1,3356,419.500000,330,493,0.171632896305,0.164132936375,0.007499959930
61,80,0x5343454E45525931,0x5EDDA45E3EB5B91C,0739C36D63BA300CAD76,0x6,0x4EFFCDB0,0x00000000,0,1,1,3712,464.000000,363,547,0.172413793103,0.164132936375,0.008280856728
61,96,0x5343454E45525931,0x5EDDA45E3EB5B91C,0739C36D63BA300CAD76,0x6,0x4EFFCDB0,0x00000000,0,1,1,4413,551.625000,465,627,0.174031271244,0.164132936375,0.009898334869
61,112,0x5343454E45525931,0x5EDDA45E3EB5B91C,0739C36D63BA300CAD76,0x6,0x4EFFCDB0,0x4EFFCDB0,1,8,8,5137,642.125000,533,736,0.174420868211,0.164132936375,0.010287931836
61,128,0x5343454E45525931,0x5EDDA45E3EB5B91C,0739C36D63BA300CAD76,0x6,0x4EFFCDB0,0x4EFFCDB0,1,8,8,6000,750.000000,609,858,0.170666666667,0.164132936375,0.006533730291
61,160,0x5343454E45525931,0x5EDDA45E3EB5B91C,0739C36D63BA300CAD76,0x6,0x4EFFCDB0,0x4EFFCDB0,1,8,8,7513,939.125000,794,1058,0.170371356316,0.164132936375,0.006238419940
61,192,0x5343454E45525931,0x5EDDA45E3EB5B91C,0739C36D63BA300CAD76,0x6,0x4EFFCDB0,0x4EFFCDB0,1,8,8,9029,1128.625000,993,1263,0.170118507033,0.164132936375,0.005985570658
61,256,0x5343454E45525931,0x5EDDA45E3EB5B91C,0739C36D63BA300CAD76,0x6,0x4EFFCDB0,0x4EFFCDB0,1,8,8,12176,1522.000000,1408,1686,0.168199737188,0.164132936375,0.004066800813
62,16,0x5343454E45525931,0x04AA75752ABF1F55,48CF3630A4EDD08711F8,0x1,0xCB16F5FB,0x00000000,0,0,0,909,113.625000,98,140,0.140814081408,0.164132936375,0.023318854967
62,24,0x5343454E45525931,0x04AA75752ABF1F55,48CF3630A4EDD08711F8,0x1,0xCB16F5FB,0x00000000,0,0,0,1279,159.875000,132,190,0.150117279124,0.164132936375,0.014015657251
62,32,0x5343454E45525931,0x04AA75752ABF1F55,48CF3630A4EDD08711F8,0x1,0xCB16F5FB,0x00000000,0,0,0,1619,202.375000,150,252,0.158122297715,0.164132936375,0.006010638661
62,40,0x5343454E45525931,0x04AA75752ABF1F55,48CF3630A4EDD08711F8,0x1,0xCB16F5FB,0x00000000,0,0,0,2049,256.125000,198,305,0.156173743289,0.164132936375,0.007959193086
62,48,0x5343454E45525931,0x04AA75752ABF1F55,48CF3630A4EDD08711F8,0x1,0xCB16F5FB,0x00000000,0,0,0,2397,299.625000,256,363,0.160200250313,0.164132936375,0.003932686062
62,56,0x5343454E45525931,0x04AA75752ABF1F55,48CF3630A4EDD08711F8,0x1,0xCB16F5FB,0x00000000,0,0,0,2737,342.125000,301,401,0.163682864450,0.164132936375,0.000450071925
62,64,0x5343454E45525931,0x04AA75752ABF1F55,48CF3630A4EDD08711F8,0x1,0xCB16F5FB,0x00000000,0,0,0,3048,381.000000,329,421,0.167979002625,0.164132936375,0.003846066249
62,72,0x5343454E45525931,0x04AA75752ABF1F55,48CF3630A4EDD08711F8,0x1,0xCB16F5FB,0x00000000,0,5,5,3353,419.125000,372,477,0.171786459887,0.164132936375,0.007653523511
62,80,0x5343454E45525931,0x04AA75752ABF1F55,48CF3630A4EDD08711F8,0x1,0xCB16F5FB,0xCB16F5FB,1,8,8,3754,469.250000,430,517,0.170484816196,0.164132936375,0.006351879821
62,96,0x5343454E45525931,0x04AA75752ABF1F55,48CF3630A4EDD08711F8,0x1,0xCB16F5FB,0xCB16F5FB,1,8,8,4449,556.125000,509,605,0.172623061362,0.164132936375,0.008490124987
62,112,0x5343454E45525931,0x04AA75752ABF1F55,48CF3630A4EDD08711F8,0x1,0xCB16F5FB,0xCB16F5FB,1,8,8,5310,663.750000,610,707,0.168738229755,0.164132936375,0.004605293380
62,128,0x5343454E45525931,0x04AA75752ABF1F55,48CF3630A4EDD08711F8,0x1,0xCB16F5FB,0xCB16F5FB,1,8,8,6058,757.250000,707,855,0.169032684054,0.164132936375,0.004899747679
62,160,0x5343454E45525931,0x04AA75752ABF1F55,48CF3630A4EDD08711F8,0x1,0xCB16F5FB,0xCB16F5FB,1,8,8,7648,956.000000,867,1015,0.167364016736,0.164132936375,0.003231080361
62,192,0x5343454E45525931,0x04AA75752ABF1F55,48CF3630A4EDD08711F8,0x1,0xCB16F5FB,0xCB16F5FB,1,8,8,9228,1153.500000,1092,1231,0.166449934980,0.164132936375,0.002316998605
62,256,0x5343454E45525931,0x04AA75752ABF1F55,48CF3630A4EDD08711F8,0x1,0xCB16F5FB,0xCB16F5FB,1,8,8,12536,1567.000000,1442,1717,0.163369495852,0.164132936375,0.000763440523
63,16,0x5343454E45525931,0xE335C25AD4A29846,324C5EED5BE8C2FB1B93,0x1,0x45C81E0C,0x00000000,0,0,0,775,96.875000,73,121,0.165161290323,0.164132936375,0.001028353947
63,24,0x5343454E45525931,0xE335C25AD4A29846,324C5EED5BE8C2FB1B93,0x1,0x45C81E0C,0x00000000,0,0,0,1161,145.125000,109,189,0.165374677003,0.164132936375,0.001241740627
63,32,0x5343454E45525931,0xE335C25AD4A29846,324C5EED5BE8C2FB1B93,0x1,0x45C81E0C,0x00000000,0,0,0,1623,202.875000,162,271,0.157732593962,0.164132936375,0.006400342414
63,40,0x5343454E45525931,0xE335C25AD4A29846,324C5EED5BE8C2FB1B93,0x1,0x45C81E0C,0x00000000,0,0,0,1949,243.625000,202,330,0.164186762442,0.164132936375,0.000053826067
63,48,0x5343454E45525931,0xE335C25AD4A29846,324C5EED5BE8C2FB1B93,0x1,0x45C81E0C,0x00000000,0,5,5,2452,306.500000,261,400,0.156606851550,0.164132936375,0.007526084826
63,56,0x5343454E45525931,0xE335C25AD4A29846,324C5EED5BE8C2FB1B93,0x1,0x45C81E0C,0x00000000,0,5,5,2884,360.500000,294,477,0.155339805825,0.164132936375,0.008793130550
63,64,0x5343454E45525931,0xE335C25AD4A29846,324C5EED5BE8C2FB1B93,0x1,0x45C81E0C,0x00000000,0,5,5,3312,414.000000,329,523,0.154589371981,0.164132936375,0.009543564395
63,72,0x5343454E45525931,0xE335C25AD4A29846,324C5EED5BE8C2FB1B93,0x1,0x45C81E0C,0x00000000,0,5,5,3684,460.500000,388,572,0.156351791531,0.164132936375,0.007781144844
63,80,0x5343454E45525931,0xE335C25AD4A29846,324C5EED5BE8C2FB1B93,0x1,0x45C81E0C,0x45C81E0C,1,8,8,4002,500.250000,423,609,0.159920039980,0.164132936375,0.004212896395
63,96,0x5343454E45525931,0xE335C25AD4A29846,324C5EED5BE8C2FB1B93,0x1,0x45C81E0C,0x45C81E0C,1,8,8,4809,601.125000,508,693,0.159700561447,0.164132936375,0.004432374928
63,112,0x5343454E45525931,0xE335C25AD4A29846,324C5EED5BE8C2FB1B93,0x1,0x45C81E0C,0x45C81E0C,1,8,8,5624,703.000000,594,789,0.159317211949,0.164132936375,0.004815724427
63,128,0x5343454E45525931,0xE335C25AD4A29846,324C5EED5BE8C2FB1B93,0x1,0x45C81E0C,0x45C81E0C,1,8,8,6415,801.875000,679,862,0.159625876851,0.164132936375,0.004507059524
63,160,0x5343454E45525931,0xE335C25AD4A29846,324C5EED5BE8C2FB1B93,0x1,0x45C81E0C,0x45C81E0C,1,8,8,8075,1009.375000,850,1096,0.158513931889,0.164132936375,0.005619004487
63,192,0x5343454E45525931,0xE335C25AD4A29846,324C5EED5BE8C2FB1B93,0x1,0x45C81E0C,0x45C81E0C,1,8,8,9694,1211.750000,1069,1310,0.158448524861,0.164132936375,0.005684411515
63,256,0x5343454E45525931,0xE335C25AD4A29846,324C5EED5BE8C2FB1B93,0x1,0x45C81E0C,0x45C81E0C,1,8,8,12837,1604.625000,1459,1758,0.159538833061,0.164132936375,0.004594103315
64,16,0x5343454E45525931,0x27AFFA5655B58B31,0A443B3007FA59DB3DB9,0xC,0x0A35E6DB,0x00000000,0,0,0,790,98.750000,73,144,0.162025316456,0.164132936375,0.002107619920
64,24,0x5343454E45525931,0x27AFFA5655B58B31,0A443B3007FA59DB3DB9,0xC,0x0A35E6DB,0x00000000,0,0,0,1132,141.500000,104,164,0.169611307420,0.164132936375,0.005478371045
64,32,0x5343454E45525931,0x27AFFA5655B58B31,0A443B3007FA59DB3DB9,0xC,0x0A35E6DB,0x00000000,0,1,1,1515,189.375000,132,217,0.168976897690,0.164132936375,0.004843961314
64,40,0x5343454E45525931,0x27AFFA5655B58B31,0A443B3007FA59DB3DB9,0xC,0x0A35E6DB,0x00000000,0,2,2,1891,236.375000,175,276,0.169222633527,0.164132936375,0.005089697152
64,48,0x5343454E45525931,0x27AFFA5655B58B31,0A443B3007FA59DB3DB9,0xC,0x0A35E6DB,0x00000000,0,4,4,2302,287.750000,215,326,0.166811468288,0.164132936375,0.002678531913
64,56,0x5343454E45525931,0x27AFFA5655B58B31,0A443B3007FA59DB3DB9,0xC,0x0A35E6DB,0x00000000,0,4,4,2741,342.625000,259,386,0.163443998541,0.164132936375,0.000688937835
64,64,0x5343454E45525931,0x27AFFA5655B58B31,0A443B3007FA59DB3DB9,0xC,0x0A35E6DB,0x0A35E6DB,1,8,8,3202,400.250000,318,454,0.159900062461,0.164132936375,0.004232873914
64,72,0x5343454E45525931,0x27AFFA5655B58B31,0A443B3007FA59DB3DB9,0xC,0x0A35E6DB,0x0A35E6DB,1,8,8,3679,459.875000,385,511,0.156564283773,0.164132936375,0.007568652603
64,80,0x5343454E45525931,0x27AFFA5655B58B31,0A443B3007FA59DB3DB9,0xC,0x0A35E6DB,0x0A35E6DB,1,8,8,4016,502.000000,431,576,0.159362549801,0.164132936375,0.004770386575
64,96,0x5343454E45525931,0x27AFFA5655B58B31,0A443B3007FA59DB3DB9,0xC,0x0A35E6DB,0x0A35E6DB,1,8,8,4767,595.875000,545,688,0.161107614852,0.164132936375,0.003025321523
64,112,0x5343454E45525931,0x27AFFA5655B58B31,0A443B3007FA59DB3DB9,0xC,0x0A35E6DB,0x0A35E6DB,1,8,8,5492,686.500000,620,776,0.163146394756,0.164132936375,0.000986541619
64,128,0x5343454E45525931,0x27AFFA5655B58B31,0A443B3007FA59DB3DB9,0xC,0x0A35E6DB,0x0A35E6DB,1,8,8,6285,785.625000,704,877,0.162927605410,0.164132936375,0.001205330966
64,160,0x5343454E45525931,0x27AFFA5655B58B31,0A443B3007FA59DB3DB9,0xC,0x0A35E6DB,0x0A35E6DB,1,8,8,7676,959.500000,850,1103,0.166753517457,0.164132936375,0.002620581082
64,192,0x5343454E45525931,0x27AFFA5655B58B31,0A443B3007FA59DB3DB9,0xC,0x0A35E6DB,0x0A35E6DB,1,8,8,9166,1145.750000,1033,1287,0.167575823696,0.164132936375,0.003442887321
64,256,0x5343454E45525931,0x27AFFA5655B58B31,0A443B3007FA59DB3DB9,0xC,0x0A35E6DB,0x0A35E6DB,1,8,8,12367,1545.875000,1431,1659,0.165602005337,0.164132936375,0.001469068961
65,16,0x5343454E45525931,0x5473CDA32319F25A,71B613CAFEC1FC33AFCE,0xC,0x0EED6673,0x00000000,0,0,0,683,85.375000,49,131,0.187408491947,0.164132936375,0.023275555572
65,24,0x5343454E45525931,0x5473CDA32319F25A,71B613CAFEC1FC33AFCE,0xC,0x0EED6673,0x00000000,0,0,0,1120,140.000000,97,175,0.171428571429,0.164132936375,0.007295635053
65,32,0x5343454E45525931,0x5473CDA32319F25A,71B613CAFEC1FC33AFCE,0xC,0x0EED6673,0x00000000,0,0,0,1495,186.875000,136,228,0.171237458194,0.164132936375,0.007104521819
65,40,0x5343454E45525931,0x5473CDA32319F25A,71B613CAFEC1FC33AFCE,0xC,0x0EED6673,0x00000000,0,0,0,1934,241.750000,189,280,0.165460186143,0.164132936375,0.001327249767
65,48,0x5343454E45525931,0x5473CDA32319F25A,71B613CAFEC1FC33AFCE,0xC,0x0EED6673,0x00000000,0,0,0,2317,289.625000,228,359,0.165731549417,0.164132936375,0.001598613042
65,56,0x5343454E45525931,0x5473CDA32319F25A,71B613CAFEC1FC33AFCE,0xC,0x0EED6673,0x00000000,0,1,1,2660,332.500000,268,435,0.168421052632,0.164132936375,0.004288116256
65,64,0x5343454E45525931,0x5473CDA32319F25A,71B613CAFEC1FC33AFCE,0xC,0x0EED6673,0x00000000,0,1,1,3101,387.625000,332,472,0.165108029668,0.164132936375,0.000975093292
65,72,0x5343454E45525931,0x5473CDA32319F25A,71B613CAFEC1FC33AFCE,0xC,0x0EED6673,0x00000000,0,7,7,3469,433.625000,365,514,0.166042087057,0.164132936375,0.001909150681
65,80,0x5343454E45525931,0x5473CDA32319F25A,71B613CAFEC1FC33AFCE,0xC,0x0EED6673,0x0EED6673,1,8,8,4035,504.375000,418,581,0.158612143742,0.164132936375,0.005520792633
65,96,0x5343454E45525931,0x5473CDA32319F25A,71B613CAFEC1FC33AFCE,0xC,0x0EED6673,0x0EED6673,1,8,8,4725,590.625000,511,669,0.162539682540,0.164132936375,0.001593253836
65,112,0x5343454E45525931,0x5473CDA32319F25A,71B613CAFEC1FC33AFCE,0xC,0x0EED6673,0x0EED6673,1,8,8,5430,678.750000,616,751,0.165009208103,0.164132936375,0.000876271728
65,128,0x5343454E45525931,0x5473CDA32319F25A,71B613CAFEC1FC33AFCE,0xC,0x0EED6673,0x0EED6673,1,8,8,6303,787.875000,708,889,0.162462319530,0.164132936375,0.001670616845
65,160,0x5343454E45525931,0x5473CDA32319F25A,71B613CAFEC1FC33AFCE,0xC,0x0EED6673,0x0EED6673,1,8,8,7787,973.375000,914,1040,0.164376524978,0.164132936375,0.000243588602
65,192,0x5343454E45525931,0x5473CDA32319F25A,71B613CAFEC1FC33AFCE,0xC,0x0EED6673,0x0EED6673,1,8,8,9332,1166.500000,1112,1241,0.164594942135,0.164132936375,0.000462005759
65,256,0x5343454E45525931,0x5473CDA32319F25A,71B613CAFEC1FC33AFCE,0xC,0x0EED6673,0x0EED6673,1,8,8,12390,1548.750000,1440,1617,0.165294592413,0.164132936375,0.001161656038
66,16,0x5343454E45525931,0xF45F9FBBD6458C4B,6B8264EC8ED2297D9B39,0xE,0xDD694CFF,0x00000000,0,0,0,922,115.250000,80,138,0.138828633406,0.164132936375,0.025304302970
66,24,0x5343454E45525931,0xF45F9FBBD6458C4B,6B8264EC8ED2297D9B39,0xE,0xDD694CFF,0x00000000,0,0,0,1355,169.375000,144,201,0.141697416974,0.164132936375,0.022435519401
66,32,0x5343454E45525931,0xF45F9FBBD6458C4B,6B8264EC8ED2297D9B39,0xE,0xDD694CFF,0x00000000,0,0,0,1699,212.375000,185,236,0.150676868746,0.164132936375,0.013456067629
66,40,0x5343454E45525931,0xF45F9FBBD6458C4B,6B8264EC8ED2297D9B39,0xE,0xDD694CFF,0x00000000,0,0,0,2039,254.875000,225,294,0.156939676312,0.164132936375,0.007193260063
66,48,0x5343454E45525931,0xF45F9FBBD6458C4B,6B8264EC8ED2297D9B39,0xE,0xDD694CFF,0x00000000,0,0,0,2433,304.125000,262,355,0.157829839704,0.164132936375,0.006303096671
66,56,0x5343454E45525931,0xF45F9FBBD6458C4B,6B8264EC8ED2297D9B39,0xE,0xDD694CFF,0x00000000,0,0,0,2827,353.375000,309,403,0.158471878316,0.164132936375,0.005661058059
66,64,0x5343454E45525931,0xF45F9FBBD6458C4B,6B8264EC8ED2297D9B39,0xE,0xDD694CFF,0x00000000,0,0,0,3200,400.000000,357,447,0.160000000000,0.164132936375,0.004132936375
66,72,0x5343454E45525931,0xF45F9FBBD6458C4B,6B8264EC8ED2297D9B39,0xE,0xDD694CFF,0x00000000,0,0,0,3495,436.875000,391,474,0.164806866953,0.164132936375,0.000673930577
66,80,0x5343454E45525931,0xF45F9FBBD6458C4B,6B8264EC8ED2297D9B39,0xE,0xDD694CFF,0x00000000,0,5,5,3845,480.625000,431,529,0.166449934980,0.164132936375,0.002316998605
66,96,0x5343454E45525931,0xF45F9FBBD6458C4B,6B8264EC8ED2297D9B39,0xE,0xDD694CFF,0xDD694CFF,1,8,8,4478,559.750000,506,607,0.171505136222,0.164132936375,0.007372199846
66,112,0x5343454E45525931,0xF45F9FBBD6458C4B,6B8264EC8ED2297D9B39,0xE,0xDD694CFF,0xDD694CFF,1,8,8,5245,655.625000,612,706,0.170829361296,0.164132936375,0.006696424921
66,128,0x5343454E45525931,0xF45F9FBBD6458C4B,6B8264EC8ED2297D9B39,0xE,0xDD694CFF,0xDD694CFF,1,8,8,6167,770.875000,713,843,0.166045078644,0.164132936375,0.001912142269
66,160,0x5343454E45525931,0xF45F9FBBD6458C4B,6B8264EC8ED2297D9B39,0xE,0xDD694CFF,0xDD694CFF,1,8,8,7719,964.875000,918,1037,0.165824588677,0.164132936375,0.001691652302
66,192,0x5343454E45525931,0xF45F9FBBD6458C4B,6B8264EC8ED2297D9B39,0xE,0xDD694CFF,0xDD694CFF,1,8,8,9280,1160.000000,1117,1252,0.165517241379,0.164132936375,0.001384305004
66,256,0x5343454E45525931,0xF45F9FBBD6458C4B,6B8264EC8ED2297D9B39,0xE,0xDD694CFF,0xDD694CFF,1,8,8,12213,1526.625000,1446,1648,0.167690166216,0.164132936375,0.003557229841
67,16,0x5343454E45525931,0xA4F874F955DB8773,0859D6A3BE02357EF8BA,0xC,0x9368CBF3,0x00000000,0,0,0,843,105.375000,65,150,0.151838671412,0.164132936375,0.012294264964
67,24,0x5343454E45525931,0xA4F874F955DB8773,0859D6A3BE02357EF8BA,0xC,0x9368CBF3,0x00000000,0,0,0,1196,149.500000,97,190,0.160535117057,0.164132936375,0.003597819319
67,32,0x5343454E45525931,0xA4F874F955DB8773,0859D6A3BE02357EF8BA,0xC,0x9368CBF3,0x00000000,0,0,0,1644,205.500000,152,252,0.155717761557,0.164132936375,0.008415174818
67,40,0x5343454E45525931,0xA4F874F955DB8773,0859D6A3BE02357EF8BA,0xC,0x9368CBF3,0x00000000,0,0,0,1988,248.500000,197,295,0.160965794769,0.164132936375,0.003167141607
67,48,0x5343454E45525931,0xA4F874F955DB8773,0859D6A3BE02357EF8BA,0xC,0x9368CBF3,0x00000000,0,0,0,2332,291.500000,236,345,0.164665523156,0.164132936375,0.000532586781
67,56,0x5343454E45525931,0xA4F874F955DB8773,0859D6A3BE02357EF8BA,0xC,0x9368CBF3,0x00000000,0,4,4,2702,337.750000,292,386,0.165803108808,0.164132936375,0.001670172433
67,64,0x5343454E45525931,0xA4F874F955DB8773,0859D6A3BE02357EF8BA,0xC,0x9368CBF3,0x00000000,0,4,4,3151,393.875000,338,475,0.162488099016,0.164132936375,0.001644837359
67,72,0x5343454E45525931,0xA4F874F955DB8773,0859D6A3BE02357EF8BA,0xC,0x9368CBF3,0x00000000,0,4,4,3550,443.750000,396,517,0.162253521127,0.164132936375,0.001879415249
67,80,0x5343454E45525931,0xA4F874F955DB8773,0859D6A3BE02357EF8BA,0xC,0x9368CBF3,0x9368CBF3,1,8,8,3894,486.750000,431,562,0.164355418593,0.164132936375,0.000222482217
67,96,0x5343454E45525931,0xA4F874F955DB8773,0859D6A3BE02357EF8BA,0xC,0x9368CBF3,0x9368CBF3,1,8,8,4743,592.875000,512,648,0.161922833650,0.164132936375,0.002210102726
67,112,0x5343454E45525931,0xA4F874F955DB8773,0859D6A3BE02357EF8BA,0xC,0x9368CBF3,0x9368CBF3,1,8,8,5505,688.125000,600,749,0.162761126249,0.164132936375,0.001371810127
67,128,0x5343454E45525931,0xA4F874F955DB8773,0859D6A3BE02357EF8BA,0xC,0x9368CBF3,0x9368CBF3,1,8,8,6375,796.875000,670,861,0.160627450980,0.164132936375,0.003505485395
67,160,0x5343454E45525931,0xA4F874F955DB8773,0859D6A3BE02357EF8BA,0xC,0x9368CBF3,0x9368CBF3,1,8,8,7900,987.500000,888,1072,0.162025316456,0.164132936375,0.002107619920
67,192,0x5343454E45525931,0xA4F874F955DB8773,0859D6A3BE02357EF8BA,0xC,0x9368CBF3,0x9368CBF3,1,8,8,9384,1173.000000,1079,1305,0.163682864450,0.164132936375,0.000450071925
67,256,0x5343454E45525931,0xA4F874F955DB8773,0859D6A3BE02357EF8BA,0xC,0x9368CBF3,0x9368CBF3,1,8,8,12709,1588.625000,1449,1737,0.161145644819,0.164132936375,0.002987291557
68,16,0x5343454E45525931,0xCF026CC0524E2852,35041C5F1875D5A839F8,0x5,0x4B092D95,0x00000000,0,0,0,673,84.125000,62,103,0.190193164933,0.164132936375,0.026060228558
68,24,0x5343454E45525931,0xCF026CC0524E2852,35041C5F1875D5A839F8,0x5,0x4B092D95,0x00000000,0,0,0,1125,140.625000,117,159,0.170666666667,0.164132936375,0.006533730291
68,32,0x5343454E45525931,0xCF026CC0524E2852,35041C5F1875D5A839F8,0x5,0x4B092D95,0x00000000,0,0,0,1482,185.250000,157,215,0.172739541161,0.164132936375,0.008606604785
68,40,0x5343454E45525931,0xCF026CC0524E2852,35041C5F1875D5A839F8,0x5,0x4B092D95,0x00000000,0,1,1,1874,234.250000,188,273,0.170757737460,0.164132936375,0.006624801085
68,48,0x5343454E45525931,0xCF026CC0524E2852,35041C5F1875D5A839F8,0x5,0x4B092D95,0x00000000,0,4,4,2350,293.750000,274,360,0.163404255319,0.164132936375,0.000728681056
68,56,0x5343454E45525931,0xCF026CC0524E2852,35041C5F1875D5A839F8,0x5,0x4B092D95,0x4B092D95,1,8,8,2827,353.375000,314,422,0.158471878316,0.164132936375,0.005661058059
68,64,0x5343454E45525931,0xCF026CC0524E2852,35041C5F1875D5A839F8,0x5,0x4B092D95,0x4B092D95,1,8,8,3216,402.000000,356,453,0.159203980100,0.164132936375,0.004928956276
68,72,0x5343454E45525931,0xCF026CC0524E2852,35041C5F1875D5A839F8,0x5,0x4B092D95,0x4B092D95,1,8,8,3591,448.875000,381,512,0.160401002506,0.164132936375,0.003731933869
68,80,0x5343454E45525931,0xCF026CC0524E2852,35041C5F1875D5A839F8,0x5,0x4B092D95,0x4B092D95,1,8,8,3982,497.750000,440,561,0.160723254646,0.164132936375,0.003409681729
68,96,0x5343454E45525931,0xCF026CC0524E2852,35041C5F1875D5A839F8,0x5,0x4B092D95,0x4B092D95,1,8,8,4768,596.000000,514,683,0.161073825503,0.164132936375,0.003059110872
68,112,0x5343454E45525931,0xCF026CC0524E2852,35041C5F1875D5A839F8,0x5,0x4B092D95,0x4B092D95,1,8,8,5593,699.125000,610,776,0.160200250313,0.164132936375,0.003932686062
68,128,0x5343454E45525931,0xCF026CC0524E2852,35041C5F1875D5A839F8,0x5,0x4B092D95,0x4B092D95,1,8,8,6411,801.375000,732,897,0.159725471845,0.164132936375,0.004407464530
68,160,0x5343454E45525931,0xCF026CC0524E2852,35041C5F1875D5A839F8,0x5,0x4B092D95,0x4B092D95,1,8,8,7833,979.125000,881,1083,0.163411208988,0.164132936375,0.000721727388
68,192,0x5343454E45525931,0xCF026CC0524E2852,35041C5F1875D5A839F8,0x5,0x4B092D95,0x4B092D95,1,8,8,9367,1170.875000,1082,1270,0.163979929540,0.164132936375,0.000153006835
68,256,0x5343454E45525931,0xCF026CC0524E2852,35041C5F1875D5A839F8,0x5,0x4B092D95,0x4B092D95,1,8,8,12242,1530.250000,1476,1620,0.167292925992,0.164132936375,0.003159989617
69,16,0x5343454E45525931,0xAA6F44E2BBF99B52,25969B1FBF944DE47DE8,0x7,0xA3162A42,0x00000000,0,0,0,806,100.750000,69,115,0.158808933002,0.164132936375,0.005324003373
69,24,0x5343454E45525931,0xAA6F44E2BBF99B52,25969B1FBF944DE47DE8,0x7,0xA3162A42,0x00000000,0,0,0,1282,160.250000,102,198,0.149765990640,0.164132936375,0.014366945736
69,32,0x5343454E45525931,0xAA6F44E2BBF99B52,25969B1FBF944DE47DE8,0x7,0xA3162A42,0x00000000,0,0,0,1653,206.625000,146,234,0.154869933454,0.164132936375,0.009263002921
69,40,0x5343454E45525931,0xAA6F44E2BBF99B52,25969B1FBF944DE47DE8,0x7,0xA3162A42,0x00000000,0,0,0,2097,262.125000,203,348,0.152598950882,0.164132936375,0.011533985493
69,48,0x5343454E45525931,0xAA6F44E2BBF99B52,25969B1FBF944DE47DE8,0x7,0xA3162A42,0x00000000,0,0,0,2521,315.125000,263,397,0.152320507735,0.164132936375,0.011812428640
69,56,0x5343454E45525931,0xAA6F44E2BBF99B52,25969B1FBF944DE47DE8,0x7,0xA3162A42,0x00000000,0,4,4,2911,363.875000,319,446,0.153899003779,0.164132936375,0.010233932597
69,64,0x5343454E45525931,0xAA6F44E2BBF99B52,25969B1FBF944DE47DE8,0x7,0xA3162A42,0x00000000,0,4,4,3358,419.750000,370,495,0.152471709351,0.164132936375,0.011661227025
69,72,0x5343454E45525931,0xAA6F44E2BBF99B52,25969B1FBF944DE47DE8,0x7,0xA3162A42,0x00000000,0,6,6,3705,463.125000,412,538,0.155465587045,0.164132936375,0.008667349331
69,80,0x5343454E45525931,0xAA6F44E2BBF99B52,25969B1FBF944DE47DE8,0x7,0xA3162A42,0x00000000,0,6,6,4056,507.000000,451,586,0.157790927022,0.164132936375,0.006342009354
69,96,0x5343454E45525931,0xAA6F44E2BBF99B52,25969B1FBF944DE47DE8,0x7,0xA3162A42,0x00000000,0,7,7,4818,602.250000,532,705,0.159402241594,0.164132936375,0.004730694781
69,112,0x5343454E45525931,0xAA6F44E2BBF99B52,25969B1FBF944DE47DE8,0x7,0xA3162A42,0xA3162A42,1,8,8,5574,696.750000,587,807,0.160746322210,0.164132936375,0.003386614165
69,128,0x5343454E45525931,0xAA6F44E2BBF99B52,25969B1FBF944DE47DE8,0x7,0xA3162A42,0xA3162A42,1,8,8,6286,785.750000,694,931,0.162901686287,0.164132936375,0.001231250088
69,160,0x5343454E45525931,0xAA6F44E2BBF99B52,25969B1FBF944DE47DE8,0x7,0xA3162A42,0xA3162A42,1,8,8,7741,967.625000,853,1149,0.165353313525,0.164132936375,0.001220377150
69,192,0x5343454E45525931,0xAA6F44E2BBF99B52,25969B1FBF944DE47DE8,0x7,0xA3162A42,0xA3162A42,1,8,8,9349,1168.625000,1107,1344,0.164295646593,0.164132936375,0.000162710218
69,256,0x5343454E45525931,0xAA6F44E2BBF99B52,25969B1FBF944DE47DE8,0x7,0xA3162A42,0xA3162A42,1,8,8,12269,1533.625000,1451,1724,0.166924769745,0.164132936375,0.002791833370
70,16,0x5343454E45525931,0x61B19AB267FF0ADE,EC8571EFF8B4A3F7A512,0xE,0x458C8B51,0x00000000,0,0,0,807,100.875000,77,132,0.158612143742,0.164132936375,0.005520792633
70,24,0x5343454E45525931,0x61B19AB267FF0ADE,EC8571EFF8B4A3F7A512,0xE,0x458C8B51,0x00000000,0,0,0,1281,160.125000,121,221,0.149882903981,0.164132936375,0.014250032394
70,32,0x5343454E45525931,0x61B19AB267FF0ADE,EC8571EFF8B4A3F7A512,0xE,0x458C8B51,0x00000000,0,1,1,1644,205.500000,156,265,0.155717761557,0.164132936375,0.008415174818
70,40,0x5343454E45525931,0x61B19AB267FF0ADE,EC8571EFF8B4A3F7A512,0xE,0x458C8B51,0x00000000,0,1,1,2091,261.375000,203,330,0.153036824486,0.164132936375,0.011096111889
70,48,0x5343454E45525931,0x61B19AB267FF0ADE,EC8571EFF8B4A3F7A512,0xE,0x458C8B51,0x00000000,0,2,2,2508,313.500000,253,363,0.153110047847,0.164132936375,0.011022888528
70,56,0x5343454E45525931,0x61B19AB267FF0ADE,EC8571EFF8B4A3F7A512,0xE,0x458C8B51,0x00000000,0,2,2,2883,360.375000,287,408,0.155393687131,0.164132936375,0.008739249244
70,64,0x5343454E45525931,0x61B19AB267FF0ADE,EC8571EFF8B4A3F7A512,0xE,0x458C8B51,0x00000000,0,2,2,3214,401.750000,327,457,0.159303049160,0.164132936375,0.004829887215
70,72,0x5343454E45525931,0x61B19AB267FF0ADE,EC8571EFF8B4A3F7A512,0xE,0x458C8B51,0x00000000,0,6,6,3624,453.000000,388,506,0.158940397351,0.164132936375,0.005192539024
70,80,0x5343454E45525931,0x61B19AB267FF0ADE,EC8571EFF8B4A3F7A512,0xE,0x458C8B51,0x00000000,0,6,6,4044,505.500000,431,554,0.158259149357,0.164132936375,0.005873787018
70,96,0x5343454E45525931,0x61B19AB267FF0ADE,EC8571EFF8B4A3F7A512,0xE,0x458C8B51,0x458C8B51,1,8,8,4814,601.750000,535,657,0.159534690486,0.164132936375,0.004598245889
70,112,0x5343454E45525931,0x61B19AB267FF0ADE,EC8571EFF8B4A3F7A512,0xE,0x458C8B51,0x458C8B51,1,8,8,5569,696.125000,619,760,0.160890644640,0.164132936375,0.003242291735
70,128,0x5343454E45525931,0x61B19AB267FF0ADE,EC8571EFF8B4A3F7A512,0xE,0x458C8B51,0x458C8B51,1,8,8,6345,793.125000,698,873,0.161386918834,0.164132936375,0.002746017542
70,160,0x5343454E45525931,0x61B19AB267FF0ADE,EC8571EFF8B4A3F7A512,0xE,0x458C8B51,0x458C8B51,1,8,8,7853,981.625000,892,1070,0.162995033745,0.164132936375,0.001137902630
70,192,0x5343454E45525931,0x61B19AB267FF0ADE,EC8571EFF8B4A3F7A512,0xE,0x458C8B51,0x458C8B51,1,8,8,9397,1174.625000,1079,1269,0.163456422262,0.164132936375,0.000676514113
70,256,0x5343454E45525931,0x61B19AB267FF0ADE,EC8571EFF8B4A3F7A512,0xE,0x458C8B51,0x458C8B51,1,8,8,12545,1568.125000,1440,1719,0.163252291750,0.164132936375,0.000880644626
71,16,0x5343454E45525931,0x05D50C370A2B6A28,8142996D58535493A6B1,0xC,0xDE956D08,0x00000000,0,0,0,874,109.250000,65,142,0.146453089245,0.164132936375,0.017679847131
71,24,0x5343454E45525931,0x05D50C370A2B6A28,8142996D58535493A6B1,0xC,0xDE956D08,0x00000000,0,0,0,1286,160.750000,119,197,0.149300155521,0.164132936375,0.014832780854
71,32,0x5343454E45525931,0x05D50C370A2B6A28,8142996D58535493A6B1,0xC,0xDE956D08,0x00000000,0,0,0,1730,216.250000,172,253,0.147976878613,0.164132936375,0.016156057763
71,40,0x5343454E45525931,0x05D50C370A2B6A28,8142996D58535493A6B1,0xC,0xDE956D08,0x00000000,0,0,0,2075,259.375000,195,333,0.154216867470,0.164132936375,0.009916068905
71,48,0x5343454E45525931,0x05D50C370A2B6A28,8142996D58535493A6B1,0xC,0xDE956D08,0x00000000,0,0,0,2407,300.875000,231,385,0.159534690486,0.164132936375,0.004598245889
71,56,0x5343454E45525931,0x05D50C370A2B6A28,8142996D58535493A6B1,0xC,0xDE956D08,0x00000000,0,1,1,2865,358.125000,309,423,0.156369982548,0.164132936375,0.007762953827
71,64,0x5343454E45525931,0x05D50C370A2B6A28,8142996D58535493A6B1,0xC,0xDE956D08,0x00000000,0,1,1,3301,412.625000,352,504,0.155104513784,0.164132936375,0.009028422592
71,72,0x5343454E45525931,0x05D50C370A2B6A28,8142996D58535493A6B1,0xC,0xDE956D08,0x00000000,0,1,1,3753,469.125000,398,566,0.153477218225,0.164132936375,0.010655718150
71,80,0x5343454E45525931,0x05D50C370A2B6A28,8142996D58535493A6B1,0xC,0xDE956D08,0x00000000,0,2,2,4174,521.750000,443,612,0.153330138955,0.164132936375,0.010802797420
71,96,0x5343454E45525931,0x05D50C370A2B6A28,8142996D58535493A6B1,0xC,0xDE956D08,0xDE956D08,1,8,8,4873,609.125000,515,720,0.157603119228,0.164132936375,0.006529817147
71,112,0x5343454E45525931,0x05D50C370A2B6A28,8142996D58535493A6B1,0xC,0xDE956D08,0xDE956D08,1,8,8,5742,717.750000,632,841,0.156043190526,0.164132936375,0.008089745849
71,128,0x5343454E45525931,0x05D50C370A2B6A28,8142996D58535493A6B1,0xC,0xDE956D08,0xDE956D08,1,8,8,6540,817.500000,712,940,0.156574923547,0.164132936375,0.007558012828
71,160,0x5343454E45525931,0x05D50C370A2B6A28,8142996D58535493A6B1,0xC,0xDE956D08,0xDE956D08,1,8,8,8226,1028.250000,930,1160,0.155604181862,0.164132936375,0.008528754513
71,192,0x5343454E45525931,0x05D50C370A2B6A28,8142996D58535493A6B1,0xC,0xDE956D08,0xDE956D08,1,8,8,9763,1220.375000,1101,1374,0.157328689952,0.164132936375,0.006804246424
71,256,0x5343454E45525931,0x05D50C370A2B6A28,8142996D58535493A6B1,0xC,0xDE956D08,0xDE956D08,1,8,8,12970,1621.250000,1481,1792,0.157902852737,0.164132936375,0.006230083638
72,16,0x5343454E45525931,0xD743C74DCCA84251,5F87C0629BEF89D4D951,0x2,0x0F01F864,0x00000000,0,0,0,706,88.250000,44,133,0.181303116147,0.164132936375,0.017170179772
72,24,0x5343454E45525931,0xD743C74DCCA84251,5F87C0629BEF89D4D951,0x2,0x0F01F864,0x00000000,0,0,0,991,123.875000,67,171,0.193743693239,0.164132936375,0.029610756864
72,32,0x5343454E45525931,0xD743C74DCCA84251,5F87C0629BEF89D4D951,0x2,0x0F01F864,0x00000000,0,0,0,1358,169.750000,99,215,0.188512518409,0.164132936375,0.024379582034
72,40,0x5343454E45525931,0xD743C74DCCA84251,5F87C0629BEF89D4D951,0x2,0x0F01F864,0x00000000,0,1,1,1772,221.500000,147,302,0.180586907449,0.164132936375,0.016453971074
72,48,0x5343454E45525931,0xD743C74DCCA84251,5F87C0629BEF89D4D951,0x2,0x0F01F864,0x00000000,0,1,1,2200,275.000000,214,340,0.174545454545,0.164132936375,0.010412518170
72,56,0x5343454E45525931,0xD743C74DCCA84251,5F87C0629BEF89D4D951,0x2,0x0F01F864,0x00000000,0,5,5,2565,320.625000,253,392,0.174658869396,0.164132936375,0.010525933020
72,64,0x5343454E45525931,0xD743C74DCCA84251,5F87C0629BEF89D4D951,0x2,0x0F01F864,0x00000000,0,5,5,2962,370.250000,293,443,0.172856178258,0.164132936375,0.008723241883
72,72,0x5343454E45525931,0xD743C74DCCA84251,5F87C0629BEF89D4D951,0x2,0x0F01F864,0x00000000,0,5,5,3387,423.375000,360,498,0.170062001771,0.164132936375,0.005929065396
72,80,0x5343454E45525931,0xD743C74DCCA84251,5F87C0629BEF89D4D951,0x2,0x0F01F864,0x0F01F864,1,8,8,3697,462.125000,410,520,0.173113335137,0.164132936375,0.008980398761
72,96,0x5343454E45525931,0xD743C74DCCA84251,5F87C0629BEF89D4D951,0x2,0x0F01F864,0x0F01F864,1,8,8,4656,582.000000,533,660,0.164948453608,0.164132936375,0.000815517233
72,112,0x5343454E45525931,0xD743C74DCCA84251,5F87C0629BEF89D4D951,0x2,0x0F01F864,0x0F01F864,1,8,8,5467,683.375000,609,743,0.163892445583,0.164132936375,0.000240490793
72,128,0x5343454E45525931,0xD743C74DCCA84251,5F87C0629BEF89D4D951,0x2,0x0F01F864,0x0F01F864,1,8,8,6295,786.875000,731,847,0.162668784750,0.164132936375,0.001464151626
72,160,0x5343454E45525931,0xD743C74DCCA84251,5F87C0629BEF89D4D951,0x2,0x0F01F864,0x0F01F864,1,8,8,7837,979.625000,919,1049,0.163327804007,0.164132936375,0.000805132369
72,192,0x5343454E45525931,0xD743C74DCCA84251,5F87C0629BEF89D4D951,0x2,0x0F01F864,0x0F01F864,1,8,8,9362,1170.250000,1094,1213,0.164067506943,0.164132936375,0.000065429432
72,256,0x5343454E45525931,0xD743C74DCCA84251,5F87C0629BEF89D4D951,0x2,0x0F01F864,0x0F01F864,1,8,8,12436,1554.500000,1466,1616,0.164683177871,0.164132936375,0.000550241495
73,16,0x5343454E45525931,0xF27DAC0F9AA6C5AD,777682B6C9853C77414C,0x1,0x3C6159DB,0x00000000,0,0,0,753,94.125000,67,116,0.169986719788,0.164132936375,0.005853783412
73,24,0x5343454E45525931,0xF27DAC0F9AA6C5AD,777682B6C9853C77414C,0x1,0x3C6159DB,0x00000000,0,0,0,1245,155.625000,103,185,0.154216867470,0.164132936375,0.009916068905
73,32,0x5343454E45525931,0xF27DAC0F9AA6C5AD,777682B6C9853C77414C,0x1,0x3C6159DB,0x00000000,0,0,0,1725,215.625000,173,272,0.148405797101,0.164132936375,0.015727139274
73,40,0x5343454E45525931,0xF27DAC0F9AA6C5AD,777682B6C9853C77414C,0x1,0x3C6159DB,0x00000000,0,0,0,2168,271.000000,216,321,0.147601476015,0.164132936375,0.016531460361
73,48,0x5343454E45525931,0xF27DAC0F9AA6C5AD,777682B6C9853C77414C,0x1,0x3C6159DB,0x00000000,0,0,0,2495,311.875000,260,348,0.153907815631,0.164132936375,0.010225120744
73,56,0x5343454E45525931,0xF27DAC0F9AA6C5AD,777682B6C9853C77414C,0x1,0x3C6159DB,0x00000000,0,0,0,2928,366.000000,311,409,0.153005464481,0.164132936375,0.011127471894
73,64,0x5343454E45525931,0xF27DAC0F9AA6C5AD,777682B6C9853C77414C,0x1,0x3C6159DB,0x00000000,0,3,3,3292,411.500000,363,443,0.155528554070,0.164132936375,0.008604382305
73,72,0x5343454E45525931,0xF27DAC0F9AA6C5AD,777682B6C9853C77414C,0x1,0x3C6159DB,0x00000000,0,3,3,3671,458.875000,394,507,0.156905475347,0.164132936375,0.007227461028
73,80,0x5343454E45525931,0xF27DAC0F9AA6C5AD,777682B6C9853C77414C,0x1,0x3C6159DB,0x3C6159DB,1,8,8,4033,504.125000,438,553,0.158690800893,0.164132936375,0.005442135483
73,96,0x5343454E45525931,0xF27DAC0F9AA6C5AD,777682B6C9853C77414C,0x1,0x3C6159DB,0x3C6159DB,1,8,8,4747,593.375000,562,639,0.161786391405,0.164132936375,0.002346544970
73,112,0x5343454E45525931,0xF27DAC0F9AA6C5AD,777682B6C9853C77414C,0x1,0x3C6159DB,0x3C6159DB,1,8,8,5573,696.625000,641,775,0.160775165979,0.164132936375,0.003357770397
73,128,0x5343454E45525931,0xF27DAC0F9AA6C5AD,777682B6C9853C77414C,0x1,0x3C6159DB,0x3C6159DB,1,8,8,6330,791.250000,725,850,0.161769352291,0.164132936375,0.002363584085
73,160,0x5343454E45525931,0xF27DAC0F9AA6C5AD,777682B6C9853C77414C,0x1,0x3C6159DB,0x3C6159DB,1,8,8,7937,992.125000,895,1074,0.161270001260,0.164132936375,0.002862935115
73,192,0x5343454E45525931,0xF27DAC0F9AA6C5AD,777682B6C9853C77414C,0x1,0x3C6159DB,0x3C6159DB,1,8,8,9500,1187.500000,1109,1283,0.161684210526,0.164132936375,0.002448725849
73,256,0x5343454E45525931,0xF27DAC0F9AA6C5AD,777682B6C9853C77414C,0x1,0x3C6159DB,0x3C6159DB,1,8,8,12660,1582.500000,1473,1693,0.161769352291,0.164132936375,0.002363584085
74,16,0x5343454E45525931,0x8E1C247C4A2F24FD,3F43DB6F40425E5FDADA,0x9,0x5AC13374,0x00000000,0,0,0,822,102.750000,59,152,0.155717761557,0.164132936375,0.008415174818
74,24,0x5343454E45525931,0x8E1C247C4A2F24FD,3F43DB6F40425E5FDADA,0x9,0x5AC13374,0x00000000,0,0,0,1253,156.625000,124,202,0.153232242618,0.164132936375,0.010900693758
74,32,0x5343454E45525931,0x8E1C247C4A2F24FD,3F43DB6F40425E5FDADA,0x9,0x5AC13374,0x00000000,0,0,0,1673,209.125000,173,264,0.153018529588,0.164132936375,0.011114406788
74,40,0x5343454E45525931,0x8E1C247C4A2F24FD,3F43DB6F40425E5FDADA,0x9,0x5AC13374,0x00000000,0,1,1,2082,260.250000,210,337,0.153698366955,0.164132936375,0.010434569421
74,48,0x5343454E45525931,0x8E1C247C4A2F24FD,3F43DB6F40425E5FDADA,0x9,0x5AC13374,0x00000000,0,1,1,2510,313.750000,243,377,0.152988047809,0.164132936375,0.011144888567
74,56,0x5343454E45525931,0x8E1C247C4A2F24FD,3F43DB6F40425E5FDADA,0x9,0x5AC13374,0x00000000,0,2,2,2877,359.625000,289,426,0.155717761557,0.164132936375,0.008415174818
74,64,0x5343454E45525931,0x8E1C247C4A2F24FD,3F43DB6F40425E5FDADA,0x9,0x5AC13374,0x00000000,0,2,2,3258,407.250000,347,475,0.157151626765,0.164132936375,0.006981309610
74,72,0x5343454E45525931,0x8E1C247C4A2F24FD,3F43DB6F40425E5FDADA,0x9,0x5AC13374,0x00000000,0,2,2,3655,456.875000,416,534,0.157592339261,0.164132936375,0.006540597114
74,80,0x5343454E45525931,0x8E1C247C4A2F24FD,3F43DB6F40425E5FDADA,0x9,0x5AC13374,0x00000000,0,2,2,4058,507.250000,458,590,0.157713159192,0.164132936375,0.006419777184
74,96,0x5343454E45525931,0x8E1C247C4A2F24FD,3F43DB6F40425E5FDADA,0x9,0x5AC13374,0x5AC13374,1,8,8,4878,609.750000,568,696,0.157441574416,0.164132936375,0.006691361960
74,112,0x5343454E45525931,0x8E1C247C4A2F24FD,3F43DB6F40425E5FDADA,0x9,0x5AC13374,0x5AC13374,1,8,8,5752,719.000000,682,856,0.155771905424,0.164132936375,0.008361030951
74,128,0x5343454E45525931,0x8E1C247C4A2F24FD,3F43DB6F40425E5FDADA,0x9,0x5AC13374,0x5AC13374,1,8,8,6502,812.750000,755,969,0.157490003076,0.164132936375,0.006642933299
74,160,0x5343454E45525931,0x8E1C247C4A2F24FD,3F43DB6F40425E5FDADA,0x9,0x5AC13374,0x5AC13374,1,8,8,7926,990.750000,942,1111,0.161493817815,0.164132936375,0.002639118561
74,192,0x5343454E45525931,0x8E1C247C4A2F24FD,3F43DB6F40425E5FDADA,0x9,0x5AC13374,0x5AC13374,1,8,8,9411,1176.375000,1139,1306,0.163213261077,0.164132936375,0.000919675298
74,256,0x5343454E45525931,0x8E1C247C4A2F24FD,3F43DB6F40425E5FDADA,0x9,0x5AC13374,0x5AC13374,1,8,8,12655,1581.875000,1501,1692,0.161833267483,0.164132936375,0.002299668892
75,16,0x5343454E45525931,0x584386292A3D52C6,FB220676C44F5B33B6CA,0x0,0x63CD4027,0x00000000,0,0,0,848,106.000000,65,143,0.150943396226,0.164132936375,0.013189540149
75,24,0x5343454E45525931,0x584386292A3D52C6,FB220676C44F5B33B6CA,0x0,0x63CD4027,0x00000000,0,0,0,1229,153.625000,121,189,0.156224572823,0.164132936375,0.007908363552
75,32,0x5343454E45525931,0x584386292A3D52C6,FB220676C44F5B33B6CA,0x0,0x63CD4027,0x00000000,0,1,1,1646,205.750000,160,242,0.155528554070,0.164132936375,0.008604382305
75,40,0x5343454E45525931,0x584386292A3D52C6,FB220676C44F5B33B6CA,0x0,0x63CD4027,0x00000000,0,1,1,1972,246.500000,180,320,0.162271805274,0.164132936375,0.001861131102
75,48,0x5343454E45525931,0x584386292A3D52C6,FB220676C44F5B33B6CA,0x0,0x63CD4027,0x00000000,0,3,3,2345,293.125000,208,436,0.163752665245,0.164132936375,0.000380271130
75,56,0x5343454E45525931,0x584386292A3D52C6,FB220676C44F5B33B6CA,0x0,0x63CD4027,0x00000000,0,3,3,2712,339.000000,249,486,0.165191740413,0.164132936375,0.001058804038
75,64,0x5343454E45525931,0x584386292A3D52C6,FB220676C44F5B33B6CA,0x0,0x63CD4027,0x00000000,0,3,3,3114,389.250000,282,511,0.164418754014,0.164132936375,0.000285817639
75,72,0x5343454E45525931,0x584386292A3D52C6,FB220676C44F5B33B6CA,0x0,0x63CD4027,0x00000000,0,3,3,3480,435.000000,335,561,0.165517241379,0.164132936375,0.001384305004
75,80,0x5343454E45525931,0x584386292A3D52C6,FB220676C44F5B33B6CA,0x0,0x63CD4027,0x00000000,0,3,3,3818,477.250000,387,591,0.167627029859,0.164132936375,0.003494093483
75,96,0x5343454E45525931,0x584386292A3D52C6,FB220676C44F5B33B6CA,0x0,0x63CD4027,0x00000000,0,3,3,4614,576.750000,498,690,0.166449934980,0.164132936375,0.002316998605
75,112,0x5343454E45525931,0x584386292A3D52C6,FB220676C44F5B33B6CA,0x0,0x63CD4027,0x63CD4027,1,8,8,5338,667.250000,589,779,0.167853128513,0.164132936375,0.003720192137
75,128,0x5343454E45525931,0x584386292A3D52C6,FB220676C44F5B33B6CA,0x0,0x63CD4027,0x63CD4027,1,8,8,6057,757.125000,665,907,0.169060591052,0.164132936375,0.004927654676
75,160,0x5343454E45525931,0x584386292A3D52C6,FB220676C44F5B33B6CA,0x0,0x63CD4027,0x63CD4027,1,8,8,7620,952.500000,815,1140,0.167979002625,0.164132936375,0.003846066249
75,192,0x5343454E45525931,0x584386292A3D52C6,FB220676C44F5B33B6CA,0x0,0x63CD4027,0x63CD4027,1,8,8,9189,1148.625000,1008,1355,0.167156382631,0.164132936375,0.003023446256
75,256,0x5343454E45525931,0x584386292A3D52C6,FB220676C44F5B33B6CA,0x0,0x63CD4027,0x63CD4027,1,8,8,12270,1533.750000,1411,1754,0.166911165444,0.164132936375,0.002778229069
76,16,0x5343454E45525931,0x9C5301FE43E84E12,3D7E276B1B2834A095F4,0x6,0x64936CCB,0x00000000,0,0,0,810,101.250000,83,128,0.158024691358,0.164132936375,0.006108245017
76,24,0x5343454E45525931,0x9C5301FE43E84E12,3D7E276B1B2834A095F4,0x6,0x64936CCB,0x00000000,0,0,0,1272,159.000000,120,220,0.150943396226,0.164132936375,0.013189540149
76,32,0x5343454E45525931,0x9C5301FE43E84E12,3D7E276B1B2834A095F4,0x6,0x64936CCB,0x00000000,0,0,0,1670,208.750000,143,290,0.153293413174,0.164132936375,0.010839523202
76,40,0x5343454E45525931,0x9C5301FE43E84E12,3D7E276B1B2834A095F4,0x6,0x64936CCB,0x00000000,0,0,0,2030,253.750000,167,347,0.157635467980,0.164132936375,0.006497468395
76,48,0x5343454E45525931,0x9C5301FE43E84E12,3D7E276B1B2834A095F4,0x6,0x64936CCB,0x00000000,0,1,1,2397,299.625000,206,386,0.160200250313,0.164132936375,0.003932686062
76,56,0x5343454E45525931,0x9C5301FE43E84E12,3D7E276B1B2834A095F4,0x6,0x64936CCB,0x00000000,0,6,6,2730,341.250000,237,444,0.164102564103,0.164132936375,0.000030372273
76,64,0x5343454E45525931,0x9C5301FE43E84E12,3D7E276B1B2834A095F4,0x6,0x64936CCB,0x00000000,0,6,6,3088,386.000000,255,497,0.165803108808,0.164132936375,0.001670172433
76,72,0x5343454E45525931,0x9C5301FE43E84E12,3D7E276B1B2834A095F4,0x6,0x64936CCB,0x00000000,0,6,6,3489,436.125000,300,543,0.165090283749,0.164132936375,0.000957347374
76,80,0x5343454E45525931,0x9C5301FE43E84E12,3D7E276B1B2834A095F4,0x6,0x64936CCB,0x64936CCB,1,8,8,3892,486.500000,336,579,0.164439876670,0.164132936375,0.000306940295
76,96,0x5343454E45525931,0x9C5301FE43E84E12,3D7E276B1B2834A095F4,0x6,0x64936CCB,0x64936CCB,1,8,8,4679,584.875000,430,680,0.164137636247,0.164132936375,0.000004699872
76,112,0x5343454E45525931,0x9C5301FE43E84E12,3D7E276B1B2834A095F4,0x6,0x64936CCB,0x64936CCB,1,8,8,5449,681.125000,537,768,0.164433841072,0.164132936375,0.000300904696
76,128,0x5343454E45525931,0x9C5301FE43E84E12,3D7E276B1B2834A095F4,0x6,0x64936CCB,0x64936CCB,1,8,8,6131,766.375000,614,834,0.167020061980,0.164132936375,0.002887125605
76,160,0x5343454E45525931,0x9C5301FE43E84E12,3D7E276B1B2834A095F4,0x6,0x64936CCB,0x64936CCB,1,8,8,7663,957.875000,759,1029,0.167036408717,0.164132936375,0.002903472342
76,192,0x5343454E45525931,0x9C5301FE43E84E12,3D7E276B1B2834A095F4,0x6,0x64936CCB,0x64936CCB,1,8,8,9228,1153.500000,949,1250,0.166449934980,0.164132936375,0.002316998605
76,256,0x5343454E45525931,0x9C5301FE43E84E12,3D7E276B1B2834A095F4,0x6,0x64936CCB,0x64936CCB,1,8,8,12554,1569.250000,1367,1722,0.163135255695,0.164132936375,0.000997680680
77,16,0x5343454E45525931,0xBD01D4BB43EAFD83,4E29D26B04C0CD62C40C,0x8,0xD13A81A6,0x00000000,0,0,0,817,102.125000,83,129,0.156670746634,0.164132936375,0.007462189741
77,24,0x5343454E45525931,0xBD01D4BB43EAFD83,4E29D26B04C0CD62C40C,0x8,0xD13A81A6,0x00000000,0,0,0,1192,149.000000,116,192,0.161073825503,0.164132936375,0.003059110872
77,32,0x5343454E45525931,0xBD01D4BB43EAFD83,4E29D26B04C0CD62C40C,0x8,0xD13A81A6,0x00000000,0,0,0,1510,188.750000,145,260,0.169536423841,0.164132936375,0.005403487466
77,40,0x5343454E45525931,0xBD01D4BB43EAFD83,4E29D26B04C0CD62C40C,0x8,0xD13A81A6,0x00000000,0,0,0,1971,246.375000,181,289,0.162354134957,0.164132936375,0.001778801418
77,48,0x5343454E45525931,0xBD01D4BB43EAFD83,4E29D26B04C0CD62C40C,0x8,0xD13A81A6,0x00000000,0,0,0,2411,301.375000,222,361,0.159270012443,0.164132936375,0.004862923932
77,56,0x5343454E45525931,0xBD01D4BB43EAFD83,4E29D26B04C0CD62C40C,0x8,0xD13A81A6,0x00000000,0,0,0,2824,353.000000,283,398,0.158640226629,0.164132936375,0.005492709746
77,64,0x5343454E45525931,0xBD01D4BB43EAFD83,4E29D26B04C0CD62C40C,0x8,0xD13A81A6,0x00000000,0,0,0,3209,401.125000,324,452,0.159551262075,0.164132936375,0.004581674300
77,72,0x5343454E45525931,0xBD01D4BB43EAFD83,4E29D26B04C0CD62C40C,0x8,0xD13A81A6,0x00000000,0,0,0,3631,453.875000,389,516,0.158633985128,0.164132936375,0.005498951247
77,80,0x5343454E45525931,0xBD01D4BB43EAFD83,4E29D26B04C0CD62C40C,0x8,0xD13A81A6,0x00000000,0,5,5,3980,497.500000,418,573,0.160804020101,0.164132936375,0.003328916275
77,96,0x5343454E45525931,0xBD01D4BB43EAFD83,4E29D26B04C0CD62C40C,0x8,0xD13A81A6,0xD13A81A6,1,8,8,4691,586.375000,494,670,0.163717757408,0.164132936375,0.000415178968
77,112,0x5343454E45525931,0xBD01D4BB43EAFD83,4E29D26B04C0CD62C40C,0x8,0xD13A81A6,0xD13A81A6,1,8,8,5557,694.625000,576,824,0.161238078100,0.164132936375,0.002894858276
77,128,0x5343454E45525931,0xBD01D4BB43EAFD83,4E29D26B04C0CD62C40C,0x8,0xD13A81A6,0xD13A81A6,1,8,8,6312,789.000000,659,932,0.162230671736,0.164132936375,0.001902264639
77,160,0x5343454E45525931,0xBD01D4BB43EAFD83,4E29D26B04C0CD62C40C,0x8,0xD13A81A6,0xD13A81A6,1,8,8,7880,985.000000,842,1112,0.162436548223,0.164132936375,0.001696388152
77,192,0x5343454E45525931,0xBD01D4BB43EAFD83,4E29D26B04C0CD62C40C,0x8,0xD13A81A6,0xD13A81A6,1,8,8,9352,1169.000000,974,1334,0.164242942686,0.164132936375,0.000110006311
77,256,0x5343454E45525931,0xBD01D4BB43EAFD83,4E29D26B04C0CD62C40C,0x8,0xD13A81A6,0xD13A81A6,1,8,8,12820,1602.500000,1402,1742,0.159750390016,0.164132936375,0.004382546360
78,16,0x5343454E45525931,0x0BF2A038BCB5148D,3A5833B37F840E2E7061,0xA,0x5676BF72,0x00000000,0,0,0,787,98.375000,79,134,0.162642947903,0.164132936375,0.001489988472
78,24,0x5343454E45525931,0x0BF2A038BCB5148D,3A5833B37F840E2E7061,0xA,0x5676BF72,0x00000000,0,0,0,1182,147.750000,131,180,0.162436548223,0.164132936375,0.001696388152
78,32,0x5343454E45525931,0x0BF2A038BCB5148D,3A5833B37F840E2E7061,0xA,0x5676BF72,0x00000000,0,0,0,1598,199.750000,169,230,0.160200250313,0.164132936375,0.003932686062
78,40,0x5343454E45525931,0x0BF2A038BCB5148D,3A5833B37F840E2E7061,0xA,0x5676BF72,0x00000000,0,0,0,1907,238.375000,192,263,0.167802831673,0.164132936375,0.003669895297
78,48,0x5343454E45525931,0x0BF2A038BCB5148D,3A5833B37F840E2E7061,0xA,0x5676BF72,0x00000000,0,0,0,2310,288.750000,237,320,0.166233766234,0.164132936375,0.002100829858
78,56,0x5343454E45525931,0x0BF2A038BCB5148D,3A5833B37F840E2E7061,0xA,0x5676BF72,0x00000000,0,0,0,2761,345.125000,288,374,0.162260050706,0.164132936375,0.001872885669
78,64,0x5343454E45525931,0x0BF2A038BCB5148D,3A5833B37F840E2E7061,0xA,0x5676BF72,0x00000000,0,3,3,3143,392.875000,331,435,0.162901686287,0.164132936375,0.001231250088
78,72,0x5343454E45525931,0x0BF2A038BCB5148D,3A5833B37F840E2E7061,0xA,0x5676BF72,0x5676BF72,1,8,8,3535,441.875000,391,503,0.162942008487,0.164132936375,0.001190927889
78,80,0x5343454E45525931,0x0BF2A038BCB5148D,3A5833B37F840E2E7061,0xA,0x5676BF72,0x5676BF72,1,8,8,3918,489.750000,424,552,0.163348647269,0.164132936375,0.000784289106
78,96,0x5343454E45525931,0x0BF2A038BCB5148D,3A5833B37F840E2E7061,0xA,0x5676BF72,0x5676BF72,1,8,8,4756,594.500000,545,623,0.161480235492,0.164132936375,0.002652700883
78,112,0x5343454E45525931,0x0BF2A038BCB5148D,3A5833B37F840E2E7061,0xA,0x5676BF72,0x5676BF72,1,8,8,5501,687.625000,622,745,0.162879476459,0.164132936375,0.001253459917
78,128,0x5343454E45525931,0x0BF2A038BCB5148D,3A5833B37F840E2E7061,0xA,0x5676BF72,0x5676BF72,1,8,8,6200,775.000000,722,833,0.165161290323,0.164132936375,0.001028353947
78,160,0x5343454E45525931,0x0BF2A038BCB5148D,3A5833B37F840E2E7061,0xA,0x5676BF72,0x5676BF72,1,8,8,7725,965.625000,908,1018,0.165695792880,0.164132936375,0.001562856505
78,192,0x5343454E45525931,0x0BF2A038BCB5148D,3A5833B37F840E2E7061,0xA,0x5676BF72,0x5676BF72,1,8,8,9185,1148.125000,1085,1208,0.167229178008,0.164132936375,0.003096241632
78,256,0x5343454E45525931,0x0BF2A038BCB5148D,3A5833B37F840E2E7061,0xA,0x5676BF72,0x5676BF72,1,8,8,12232,1529.000000,1471,1651,0.167429692610,0.164132936375,0.003296756234
79,16,0x5343454E45525931,0xBB40DDD7EC53A23A,08E5D868F30FDD6826D2,0x1,0x7ADB3C6A,0x00000000,0,0,0,828,103.500000,74,142,0.154589371981,0.164132936375,0.009543564395
79,24,0x5343454E45525931,0xBB40DDD7EC53A23A,08E5D868F30FDD6826D2,0x1,0x7ADB3C6A,0x00000000,0,0,0,1156,144.500000,104,185,0.166089965398,0.164132936375,0.001957029023
79,32,0x5343454E45525931,0xBB40DDD7EC53A23A,08E5D868F30FDD6826D2,0x1,0x7ADB3C6A,0x00000000,0,0,0,1582,197.750000,149,246,0.161820480405,0.164132936375,0.002312455971
79,40,0x5343454E45525931,0xBB40DDD7EC53A23A,08E5D868F30FDD6826D2,0x1,0x7ADB3C6A,0x00000000,0,0,0,1978,247.250000,192,296,0.161779575329,0.164132936375,0.002353361047
79,48,0x5343454E45525931,0xBB40DDD7EC53A23A,08E5D868F30FDD6826D2,0x1,0x7ADB3C6A,0x00000000,0,2,2,2383,297.875000,230,352,0.161141418380,0.164132936375,0.002991517995
79,56,0x5343454E45525931,0xBB40DDD7EC53A23A,08E5D868F30FDD6826D2,0x1,0x7ADB3C6A,0x00000000,0,2,2,2789,348.625000,256,396,0.160631050556,0.164132936375,0.003501885820
79,64,0x5343454E45525931,0xBB40DDD7EC53A23A,08E5D868F30FDD6826D2,0x1,0x7ADB3C6A,0x7ADB3C6A,1,8,8,3151,393.875000,296,455,0.162488099016,0.164132936375,0.001644837359
79,72,0x5343454E45525931,0xBB40DDD7EC53A23A,08E5D868F30FDD6826D2,0x1,0x7ADB3C6A,0x7ADB3C6A,1,8,8,3503,437.875000,335,496,0.164430488153,0.164132936375,0.000297551778
79,80,0x5343454E45525931,0xBB40DDD7EC53A23A,08E5D868F30FDD6826D2,0x1,0x7ADB3C6A,0x7ADB3C6A,1,8,8,3898,487.250000,392,540,0.164186762442,0.164132936375,0.000053826067
79,96,0x5343454E45525931,0xBB40DDD7EC53A23A,08E5D868F30FDD6826D2,0x1,0x7ADB3C6A,0x7ADB3C6A,1,8,8,4587,573.375000,479,635,0.167429692610,0.164132936375,0.003296756234
79,112,0x5343454E45525931,0xBB40DDD7EC53A23A,08E5D868F30FDD6826D2,0x1,0x7ADB3C6A,0x7ADB3C6A,1,8,8,5380,672.500000,577,740,0.166542750929,0.164132936375,0.002409814554
79,128,0x5343454E45525931,0xBB40DDD7EC53A23A,08E5D868F30FDD6826D2,0x1,0x7ADB3C6A,0x7ADB3C6A,1,8,8,6153,769.125000,674,826,0.166422883146,0.164132936375,0.002289946771
79,160,0x5343454E45525931,0xBB40DDD7EC53A23A,08E5D868F30FDD6826D2,0x1,0x7ADB3C6A,0x7ADB3C6A,1,8,8,7734,966.750000,870,1023,0.165502973882,0.164132936375,0.001370037506
79,192,0x5343454E45525931,0xBB40DDD7EC53A23A,08E5D868F30FDD6826D2,0x1,0x7ADB3C6A,0x7ADB3C6A,1,8,8,9114,1139.250000,986,1213,0.168531928901,0.164132936375,0.004398992525
79,256,0x5343454E45525931,0xBB40DDD7EC53A23A,08E5D868F30FDD6826D2,0x1,0x7ADB3C6A,0x7ADB3C6A,1,8,8,12057,1507.125000,1312,1600,0.169859832462,0.164132936375,0.005726896087
80,16,0x5343454E45525931,0x0E81D9B9F9ACCE90,8BB35E629B678079D6E7,0x7,0xCB8B2C5B,0x00000000,0,0,0,817,102.125000,84,126,0.156670746634,0.164132936375,0.007462189741
80,24,0x5343454E45525931,0x0E81D9B9F9ACCE90,8BB35E629B678079D6E7,0x7,0xCB8B2C5B,0x00000000,0,0,0,1194,149.250000,107,175,0.160804020101,0.164132936375,0.003328916275
80,32,0x5343454E45525931,0x0E81D9B9F9ACCE90,8BB35E629B678079D6E7,0x7,0xCB8B2C5B,0x00000000,0,0,0,1589,198.625000,140,236,0.161107614852,0.164132936375,0.003025321523
80,40,0x5343454E45525931,0x0E81D9B9F9ACCE90,8BB35E629B678079D6E7,0x7,0xCB8B2C5B,0x00000000,0,0,0,2010,251.250000,187,310,0.159203980100,0.164132936375,0.004928956276
80,48,0x5343454E45525931,0x0E81D9B9F9ACCE90,8BB35E629B678079D6E7,0x7,0xCB8B2C5B,0x00000000,0,0,0,2360,295.000000,232,351,0.162711864407,0.164132936375,0.001421071969
80,56,0x5343454E45525931,0x0E81D9B9F9ACCE90,8BB35E629B678079D6E7,0x7,0xCB8B2C5B,0x00000000,0,1,1,2767,345.875000,270,408,0.161908203831,0.164132936375,0.002224732545
80,64,0x5343454E45525931,0x0E81D9B9F9ACCE90,8BB35E629B678079D6E7,0x7,0xCB8B2C5B,0xCB8B2C5B,1,8,8,3155,394.375000,328,485,0.162282091918,0.164132936375,0.001850844458
80,72,0x5343454E45525931,0x0E81D9B9F9ACCE90,8BB35E629B678079D6E7,0x7,0xCB8B2C5B,0xCB8B2C5B,1,8,8,3528,441.000000,371,508,0.163265306122,0.164132936375,0.000867630253
80,80,0x5343454E45525931,0x0E81D9B9F9ACCE90,8BB35E629B678079D6E7,0x7,0xCB8B2C5B,0xCB8B2C5B,1,8,8,3877,484.625000,424,553,0.165076089760,0.164132936375,0.000943153385
80,96,0x5343454E45525931,0x0E81D9B9F9ACCE90,8BB35E629B678079D6E7,0x7,0xCB8B2C5B,0xCB8B2C5B,1,8,8,4643,580.375000,501,641,0.165410295068,0.164132936375,0.001277358692
80,112,0x5343454E45525931,0x0E81D9B9F9ACCE90,8BB35E629B678079D6E7,0x7,0xCB8B2C5B,0xCB8B2C5B,1,8,8,5418,677.250000,587,761,0.165374677003,0.164132936375,0.001241740627
80,128,0x5343454E45525931,0x0E81D9B9F9ACCE90,8BB35E629B678079D6E7,0x7,0xCB8B2C5B,0xCB8B2C5B,1,8,8,6167,770.875000,671,854,0.166045078644,0.164132936375,0.001912142269
80,160,0x5343454E45525931,0x0E81D9B9F9ACCE90,8BB35E629B678079D6E7,0x7,0xCB8B2C5B,0xCB8B2C5B,1,8,8,7860,982.500000,877,1076,0.162849872774,0.164132936375,0.001283063602
80,192,0x5343454E45525931,0x0E81D9B9F9ACCE90,8BB35E629B678079D6E7,0x7,0xCB8B2C5B,0xCB8B2C5B,1,8,8,9491,1186.375000,1100,1300,0.161837530292,0.164132936375,0.002295406084
80,256,0x5343454E45525931,0x0E81D9B9F9ACCE90,8BB35E629B678079D6E7,0x7,0xCB8B2C5B,0xCB8B2C5B,1,8,8,12514,1564.250000,1421,1698,0.163656704491,0.164132936375,0.000476231884
81,16,0x5343454E45525931,0xD5CE011F1EFD5EBE,D5E8A5E55987E42FA25E,0x9,0xF76B16CD,0x00000000,0,0,0,777,97.125000,72,137,0.164736164736,0.164132936375,0.000603228361
81,24,0x5343454E45525931,0xD5CE011F1EFD5EBE,D5E8A5E55987E42FA25E,0x9,0xF76B16CD,0x00000000,0,0,0,1270,158.750000,114,197,0.151181102362,0.164132936375,0.012951834013
81,32,0x5343454E45525931,0xD5CE011F1EFD5EBE,D5E8A5E55987E42FA25E,0x9,0xF76B16CD,0x00000000,0,0,0,1678,209.750000,174,246,0.152562574493,0.164132936375,0.011570361882
81,40,0x5343454E45525931,0xD5CE011F1EFD5EBE,D5E8A5E55987E42FA25E,0x9,0xF76B16CD,0x00000000,0,0,0,2064,258.000000,213,309,0.155038759690,0.164132936375,0.009094176685
81,48,0x5343454E45525931,0xD5CE011F1EFD5EBE,D5E8A5E55987E42FA25E,0x9,0xF76B16CD,0x00000000,0,3,3,2434,304.250000,249,353,0.157764995892,0.164132936375,0.006367940484
81,56,0x5343454E45525931,0xD5CE011F1EFD5EBE,D5E8A5E55987E42FA25E,0x9,0xF76B16CD,0x00000000,0,3,3,2831,353.875000,290,403,0.158247968916,0.164132936375,0.005884967460
81,64,0x5343454E45525931,0xD5CE011F1EFD5EBE,D5E8A5E55987E42FA25E,0x9,0xF76B16CD,0x00000000,0,3,3,3186,398.250000,327,446,0.160703075957,0.164132936375,0.003429860418
81,72,0x5343454E45525931,0xD5CE011F1EFD5EBE,D5E8A5E55987E42FA25E,0x9,0xF76B16CD,0x00000000,0,6,6,3563,445.375000,355,499,0.161661521190,0.164132936375,0.002471415185
81,80,0x5343454E45525931,0xD5CE011F1EFD5EBE,D5E8A5E55987E42FA25E,0x9,0xF76B16CD,0x00000000,0,6,6,3986,498.250000,396,560,0.160561966884,0.164132936375,0.003570969491
81,96,0x5343454E45525931,0xD5CE011F1EFD5EBE,D5E8A5E55987E42FA25E,0x9,0xF76B16CD,0xF76B16CD,1,8,8,4732,591.500000,525,642,0.162299239222,0.164132936375,0.001833697153
81,112,0x5343454E45525931,0xD5CE011F1EFD5EBE,D5E8A5E55987E42FA25E,0x9,0xF76B16CD,0xF76B16CD,1,8,8,5486,685.750000,626,760,0.163324826832,0.164132936375,0.000808109543
81,128,0x5343454E45525931,0xD5CE011F1EFD5EBE,D5E8A5E55987E42FA25E,0x9,0xF76B16CD,0xF76B16CD,1,8,8,6230,778.750000,722,841,0.164365971108,0.164132936375,0.000233034732
81,160,0x5343454E45525931,0xD5CE011F1EFD5EBE,D5E8A5E55987E42FA25E,0x9,0xF76B16CD,0xF76B16CD,1,8,8,7719,964.875000,877,1017,0.165824588677,0.164132936375,0.001691652302
81,192,0x5343454E45525931,0xD5CE011F1EFD5EBE,D5E8A5E55987E42FA25E,0x9,0xF76B16CD,0xF76B16CD,1,8,8,9092,1136.500000,1050,1197,0.168939727233,0.164132936375,0.004806790857
81,256,0x5343454E45525931,0xD5CE011F1EFD5EBE,D5E8A5E55987E42FA25E,0x9,0xF76B16CD,0xF76B16CD,1,8,8,12224,1528.000000,1461,1613,0.167539267016,0.164132936375,0.003406330640
82,16,0x5343454E45525931,0x7DEF254816A860E0,4B4D98736857B0D363F4,0xE,0x1E8B75A4,0x00000000,0,0,0,898,112.250000,85,161,0.142538975501,0.164132936375,0.021593960874
82,24,0x5343454E45525931,0x7DEF254816A860E0,4B4D98736857B0D363F4,0xE,0x1E8B75A4,0x00000000,0,0,0,1293,161.625000,123,242,0.148491879350,0.164132936375,0.015641057025
82,32,0x5343454E45525931,0x7DEF254816A860E0,4B4D98736857B0D363F4,0xE,0x1E8B75A4,0x00000000,0,0,0,1694,211.750000,172,288,0.151121605667,0.164132936375,0.013011330708
82,40,0x5343454E45525931,0x7DEF254816A860E0,4B4D98736857B0D363F4,0xE,0x1E8B75A4,0x00000000,0,0,0,2050,256.250000,201,335,0.156097560976,0.164132936375,0.008035375400
82,48,0x5343454E45525931,0x7DEF254816A860E0,4B4D98736857B0D363F4,0xE,0x1E8B75A4,0x00000000,0,1,1,2411,301.375000,247,369,0.159270012443,0.164132936375,0.004862923932
82,56,0x5343454E45525931,0x7DEF254816A860E0,4B4D98736857B0D363F4,0xE,0x1E8B75A4,0x00000000,0,1,1,2754,344.250000,290,416,0.162672476398,0.164132936375,0.001460459977
82,64,0x5343454E45525931,0x7DEF254816A860E0,4B4D98736857B0D363F4,0xE,0x1E8B75A4,0x00000000,0,1,1,3110,388.750000,347,459,0.164630225080,0.164132936375,0.000497288705
82,72,0x5343454E45525931,0x7DEF254816A860E0,4B4D98736857B0D363F4,0xE,0x1E8B75A4,0x00000000,0,1,1,3550,443.750000,411,523,0.162253521127,0.164132936375,0.001879415249
82,80,0x5343454E45525931,0x7DEF254816A860E0,4B4D98736857B0D363F4,0xE,0x1E8B75A4,0x1E8B75A4,1,8,8,4024,503.000000,448,577,0.159045725646,0.164132936375,0.005087210729
82,96,0x5343454E45525931,0x7DEF254816A860E0,4B4D98736857B0D363F4,0xE,0x1E8B75A4,0x1E8B75A4,1,8,8,4731,591.375000,514,672,0.162333544705,0.164132936375,0.001799391670
82,112,0x5343454E45525931,0x7DEF254816A860E0,4B4D98736857B0D363F4,0xE,0x1E8B75A4,0x1E8B75A4,1,8,8,5521,690.125000,612,769,0.162289440319,0.164132936375,0.001843496057
82,128,0x5343454E45525931,0x7DEF254816A860E0,4B4D98736857B0D363F4,0xE,0x1E8B75A4,0x1E8B75A4,1,8,8,6294,786.750000,704,878,0.162694629806,0.164132936375,0.001438306569
82,160,0x5343454E45525931,0x7DEF254816A860E0,4B4D98736857B0D363F4,0xE,0x1E8B75A4,0x1E8B75A4,1,8,8,7940,992.500000,895,1133,0.161209068010,0.164132936375,0.002923868365
82,192,0x5343454E45525931,0x7DEF254816A860E0,4B4D98736857B0D363F4,0xE,0x1E8B75A4,0x1E8B75A4,1,8,8,9426,1178.250000,1067,1332,0.162953532782,0.164132936375,0.001179403594
82,256,0x5343454E45525931,0x7DEF254816A860E0,4B4D98736857B0D363F4,0xE,0x1E8B75A4,0x1E8B75A4,1,8,8,12401,1550.125000,1432,1698,0.165147971938,0.164132936375,0.001015035562
83,16,0x5343454E45525931,0x6654D02B6BB60130,AB48CB6E931169F36791,0x8,0xC17F3C87,0x00000000,0,0,0,796,99.500000,53,129,0.160804020101,0.164132936375,0.003328916275
83,24,0x5343454E45525931,0x6654D02B6BB60130,AB48CB6E931169F36791,0x8,0xC17F3C87,0x00000000,0,0,0,1166,145.750000,94,190,0.164665523156,0.164132936375,0.000532586781
83,32,0x5343454E45525931,0x6654D02B6BB60130,AB48CB6E931169F36791,0x8,0xC17F3C87,0x00000000,0,0,0,1608,201.000000,158,250,0.159203980100,0.164132936375,0.004928956276
83,40,0x5343454E45525931,0x6654D02B6BB60130,AB48CB6E931169F36791,0x8,0xC17F3C87,0x00000000,0,1,1,2052,256.500000,206,311,0.155945419103,0.164132936375,0.008187517272
83,48,0x5343454E45525931,0x6654D02B6BB60130,AB48CB6E931169F36791,0x8,0xC17F3C87,0x00000000,0,1,1,2553,319.125000,278,387,0.150411280846,0.164132936375,0.013721655529
83,56,0x5343454E45525931,0x6654D02B6BB60130,AB48CB6E931169F36791,0x8,0xC17F3C87,0x00000000,0,2,2,2928,366.000000,315,434,0.153005464481,0.164132936375,0.011127471894
83,64,0x5343454E45525931,0x6654D02B6BB60130,AB48CB6E931169F36791,0x8,0xC17F3C87,0xC17F3C87,1,8,8,3331,416.375000,379,499,0.153707595317,0.164132936375,0.010425341059
83,72,0x5343454E45525931,0x6654D02B6BB60130,AB48CB6E931169F36791,0x8,0xC17F3C87,0xC17F3C87,1,8,8,3653,456.625000,422,555,0.157678620312,0.164132936375,0.006454316063
83,80,0x5343454E45525931,0x6654D02B6BB60130,AB48CB6E931169F36791,0x8,0xC17F3C87,0xC17F3C87,1,8,8,4047,505.875000,460,584,0.158141833457,0.164132936375,0.005991102918
83,96,0x5343454E45525931,0x6654D02B6BB60130,AB48CB6E931169F36791,0x8,0xC17F3C87,0xC17F3C87,1,8,8,4765,595.625000,552,674,0.161175236097,0.164132936375,0.002957700279
83,112,0x5343454E45525931,0x6654D02B6BB60130,AB48CB6E931169F36791,0x8,0xC17F3C87,0xC17F3C87,1,8,8,5591,698.875000,626,778,0.160257556788,0.164132936375,0.003875379588
83,128,0x5343454E45525931,0x6654D02B6BB60130,AB48CB6E931169F36791,0x8,0xC17F3C87,0xC17F3C87,1,8,8,6435,804.375000,758,899,0.159129759130,0.164132936375,0.005003177246
83,160,0x5343454E45525931,0x6654D02B6BB60130,AB48CB6E931169F36791,0x8,0xC17F3C87,0xC17F3C87,1,8,8,8001,1000.125000,952,1058,0.159980002500,0.164132936375,0.004152933876
83,192,0x5343454E45525931,0x6654D02B6BB60130,AB48CB6E931169F36791,0x8,0xC17F3C87,0xC17F3C87,1,8,8,9672,1209.000000,1113,1278,0.158808933002,0.164132936375,0.005324003373
83,256,0x5343454E45525931,0x6654D02B6BB60130,AB48CB6E931169F36791,0x8,0xC17F3C87,0xC17F3C87,1,8,8,12841,1605.125000,1547,1687,0.159489136360,0.164132936375,0.004643800015
84,16,0x5343454E45525931,0xDC6AFE543D671CB8,EAEE6D2726563F52293A,0x4,0xC4F68C32,0x00000000,0,0,0,771,96.375000,78,111,0.166018158236,0.164132936375,0.001885221861
84,24,0x5343454E45525931,0xDC6AFE543D671CB8,EAEE6D2726563F52293A,0x4,0xC4F68C32,0x00000000,0,0,0,1183,147.875000,99,168,0.162299239222,0.164132936375,0.001833697153
84,32,0x5343454E45525931,0xDC6AFE543D671CB8,EAEE6D2726563F52293A,0x4,0xC4F68C32,0x00000000,0,0,0,1646,205.750000,149,232,0.155528554070,0.164132936375,0.008604382305
84,40,0x5343454E45525931,0xDC6AFE543D671CB8,EAEE6D2726563F52293A,0x4,0xC4F68C32,0x00000000,0,0,0,2010,251.250000,214,278,0.159203980100,0.164132936375,0.004928956276
84,48,0x5343454E45525931,0xDC6AFE543D671CB8,EAEE6D2726563F52293A,0x4,0xC4F68C32,0x00000000,0,0,0,2397,299.625000,254,337,0.160200250313,0.164132936375,0.003932686062
84,56,0x5343454E45525931,0xDC6AFE543D671CB8,EAEE6D2726563F52293A,0x4,0xC4F68C32,0x00000000,0,3,3,2803,350.375000,313,374,0.159828754905,0.164132936375,0.004304181470
84,64,0x5343454E45525931,0xDC6AFE543D671CB8,EAEE6D2726563F52293A,0x4,0xC4F68C32,0xC4F68C32,1,8,8,3149,393.625000,345,444,0.162591298825,0.164132936375,0.001541637550
84,72,0x5343454E45525931,0xDC6AFE543D671CB8,EAEE6D2726563F52293A,0x4,0xC4F68C32,0xC4F68C32,1,8,8,3596,449.500000,396,488,0.160177975528,0.164132936375,0.003954960847
84,80,0x5343454E45525931,0xDC6AFE543D671CB8,EAEE6D2726563F52293A,0x4,0xC4F68C32,0xC4F68C32,1,8,8,3979,497.375000,445,533,0.160844433275,0.164132936375,0.003288503101
84,96,0x5343454E45525931,0xDC6AFE543D671CB8,EAEE6D2726563F52293A,0x4,0xC4F68C32,0xC4F68C32,1,8,8,4758,594.750000,532,652,0.161412358134,0.164132936375,0.002720578242
84,112,0x5343454E45525931,0xDC6AFE543D671CB8,EAEE6D2726563F52293A,0x4,0xC4F68C32,0xC4F68C32,1,8,8,5613,701.625000,597,766,0.159629431676,0.164132936375,0.004503504699
84,128,0x5343454E45525931,0xDC6AFE543D671CB8,EAEE6D2726563F52293A,0x4,0xC4F68C32,0xC4F68C32,1,8,8,6374,796.750000,685,838,0.160652651396,0.164132936375,0.003480284979
84,160,0x5343454E45525931,0xDC6AFE543D671CB8,EAEE6D2726563F52293A,0x4,0xC4F68C32,0xC4F68C32,1,8,8,7915,989.375000,853,1048,0.161718256475,0.164132936375,0.002414679900
84,192,0x5343454E45525931,0xDC6AFE543D671CB8,EAEE6D2726563F52293A,0x4,0xC4F68C32,0xC4F68C32,1,8,8,9525,1190.625000,1064,1250,0.161259842520,0.164132936375,0.002873093856
84,256,0x5343454E45525931,0xDC6AFE543D671CB8,EAEE6D2726563F52293A,0x4,0xC4F68C32,0xC4F68C32,1,8,8,12689,1586.125000,1526,1674,0.161399637481,0.164132936375,0.002733298894
85,16,0x5343454E45525931,0xCE170322222CAAA7,4AF91CEABD75FBBBB5DA,0x5,0x320AA531,0x00000000,0,0,0,745,93.125000,60,155,0.171812080537,0.164132936375,0.007679144162
85,24,0x5343454E45525931,0xCE170322222CAAA7,4AF91CEABD75FBBBB5DA,0x5,0x320AA531,0x00000000,0,0,0,1126,140.750000,94,210,0.170515097691,0.164132936375,0.006382161316
85,32,0x5343454E45525931,0xCE170322222CAAA7,4AF91CEABD75FBBBB5DA,0x5,0x320AA531,0x00000000,0,0,0,1545,193.125000,161,244,0.165695792880,0.164132936375,0.001562856505
85,40,0x5343454E45525931,0xCE170322222CAAA7,4AF91CEABD75FBBBB5DA,0x5,0x320AA531,0x00000000,0,0,0,1931,241.375000,200,319,0.165717244951,0.164132936375,0.001584308575
85,48,0x5343454E45525931,0xCE170322222CAAA7,4AF91CEABD75FBBBB5DA,0x5,0x320AA531,0x00000000,0,1,1,2336,292.000000,239,372,0.164383561644,0.164132936375,0.000250625268
85,56,0x5343454E45525931,0xCE170322222CAAA7,4AF91CEABD75FBBBB5DA,0x5,0x320AA531,0x00000000,0,1,1,2679,334.875000,277,399,0.167226577081,0.164132936375,0.003093640706
85,64,0x5343454E45525931,0xCE170322222CAAA7,4AF91CEABD75FBBBB5DA,0x5,0x320AA531,0x00000000,0,1,1,3019,377.375000,318,451,0.169592580325,0.164132936375,0.005459643949
85,72,0x5343454E45525931,0xCE170322222CAAA7,4AF91CEABD75FBBBB5DA,0x5,0x320AA531,0x00000000,0,5,5,3361,420.125000,345,501,0.171377566201,0.164132936375,0.007244629825
85,80,0x5343454E45525931,0xCE170322222CAAA7,4AF91CEABD75FBBBB5DA,0x5,0x320AA531,0x00000000,0,5,5,3785,473.125000,418,526,0.169088507266,0.164132936375,0.004955570890
85,96,0x5343454E45525931,0xCE170322222CAAA7,4AF91CEABD75FBBBB5DA,0x5,0x320AA531,0x00000000,0,5,5,4523,565.375000,511,625,0.169798806102,0.164132936375,0.005665869727
85,112,0x5343454E45525931,0xCE170322222CAAA7,4AF91CEABD75FBBBB5DA,0x5,0x320AA531,0x00000000,0,5,5,5276,659.500000,602,708,0.169825625474,0.164132936375,0.005692689098
85,128,0x5343454E45525931,0xCE170322222CAAA7,4AF91CEABD75FBBBB5DA,0x5,0x320AA531,0x320AA531,1,8,8,6100,762.500000,686,826,0.167868852459,0.164132936375,0.003735916084
85,160,0x5343454E45525931,0xCE170322222CAAA7,4AF91CEABD75FBBBB5DA,0x5,0x320AA531,0x320AA531,1,8,8,7556,944.500000,831,1021,0.169401799894,0.164132936375,0.005268863519
85,192,0x5343454E45525931,0xCE170322222CAAA7,4AF91CEABD75FBBBB5DA,0x5,0x320AA531,0x320AA531,1,8,8,9212,1151.500000,1045,1254,0.166739036040,0.164132936375,0.002606099665
85,256,0x5343454E45525931,0xCE170322222CAAA7,4AF91CEABD75FBBBB5DA,0x5,0x320AA531,0x320AA531,1,8,8,12199,1524.875000,1382,1708,0.167882613329,0.164132936375,0.003749676954
86,16,0x5343454E45525931,0xC9651FD1C726C8ED,10F3F09CBB7983467E37,0x0,0xC0A0DCA7,0x00000000,0,0,0,828,103.500000,65,127,0.154589371981,0.164132936375,0.009543564395
86,24,0x5343454E45525931,0xC9651FD1C726C8ED,10F3F09CBB7983467E37,0x0,0xC0A0DCA7,0x00000000,0,0,0,1189,148.625000,131,167,0.161480235492,0.164132936375,0.002652700883
86,32,0x5343454E45525931,0xC9651FD1C726C8ED,10F3F09CBB7983467E37,0x0,0xC0A0DCA7,0x00000000,0,0,0,1571,196.375000,168,253,0.162953532782,0.164132936375,0.001179403594
86,40,0x5343454E45525931,0xC9651FD1C726C8ED,10F3F09CBB7983467E37,0x0,0xC0A0DCA7,0x00000000,0,0,0,2026,253.250000,210,285,0.157946692991,0.164132936375,0.006186243384
86,48,0x5343454E45525931,0xC9651FD1C726C8ED,10F3F09CBB7983467E37,0x0,0xC0A0DCA7,0x00000000,0,0,0,2399,299.875000,262,355,0.160066694456,0.164132936375,0.004066241919
86,56,0x5343454E45525931,0xC9651FD1C726C8ED,10F3F09CBB7983467E37,0x0,0xC0A0DCA7,0x00000000,0,0,0,2785,348.125000,302,419,0.160861759425,0.164132936375,0.003271176950
86,64,0x5343454E45525931,0xC9651FD1C726C8ED,10F3F09CBB7983467E37,0x0,0xC0A0DCA7,0x00000000,0,6,6,3193,399.125000,344,465,0.160350767303,0.164132936375,0.003782169072
86,72,0x5343454E45525931,0xC9651FD1C726C8ED,10F3F09CBB7983467E37,0x0,0xC0A0DCA7,0x00000000,0,6,6,3617,452.125000,371,524,0.159247995576,0.164132936375,0.004884940799
86,80,0x5343454E45525931,0xC9651FD1C726C8ED,10F3F09CBB7983467E37,0x0,0xC0A0DCA7,0xC0A0DCA7,1,8,8,4056,507.000000,405,601,0.157790927022,0.164132936375,0.006342009354
86,96,0x5343454E45525931,0xC9651FD1C726C8ED,10F3F09CBB7983467E37,0x0,0xC0A0DCA7,0xC0A0DCA7,1,8,8,4829,603.625000,493,709,0.159039138538,0.164132936375,0.005093797837
86,112,0x5343454E45525931,0xC9651FD1C726C8ED,10F3F09CBB7983467E37,0x0,0xC0A0DCA7,0xC0A0DCA7,1,8,8,5682,710.250000,567,832,0.157690953889,0.164132936375,0.006441982486
86,128,0x5343454E45525931,0xC9651FD1C726C8ED,10F3F09CBB7983467E37,0x0,0xC0A0DCA7,0xC0A0DCA7,1,8,8,6469,808.625000,668,931,0.158293399289,0.164132936375,0.005839537086
86,160,0x5343454E45525931,0xC9651FD1C726C8ED,10F3F09CBB7983467E37,0x0,0xC0A0DCA7,0xC0A0DCA7,1,8,8,8027,1003.375000,851,1106,0.159461816370,0.164132936375,0.004671120006
86,192,0x5343454E45525931,0xC9651FD1C726C8ED,10F3F09CBB7983467E37,0x0,0xC0A0DCA7,0xC0A0DCA7,1,8,8,9713,1214.125000,1131,1328,0.158138577165,0.164132936375,0.005994359211
86,256,0x5343454E45525931,0xC9651FD1C726C8ED,10F3F09CBB7983467E37,0x0,0xC0A0DCA7,0xC0A0DCA7,1,8,8,12851,1606.375000,1464,1687,0.159365029959,0.164132936375,0.004767906417
87,16,0x5343454E45525931,0xE2FF03D05679B1EC,E506672C4D3A567B63CA,0x2,0x63A80029,0x00000000,0,0,0,862,107.750000,76,154,0.148491879350,0.164132936375,0.015641057025
87,24,0x5343454E45525931,0xE2FF03D05679B1EC,E506672C4D3A567B63CA,0x2,0x63A80029,0x00000000,0,0,0,1299,162.375000,111,204,0.147806004619,0.164132936375,0.016326931756
87,32,0x5343454E45525931,0xE2FF03D05679B1EC,E506672C4D3A567B63CA,0x2,0x63A80029,0x00000000,0,0,0,1590,198.750000,148,234,0.161006289308,0.164132936375,0.003126647067
87,40,0x5343454E45525931,0xE2FF03D05679B1EC,E506672C4D3A567B63CA,0x2,0x63A80029,0x00000000,0,0,0,2008,251.000000,207,316,0.159362549801,0.164132936375,0.004770386575
87,48,0x5343454E45525931,0xE2FF03D05679B1EC,E506672C4D3A567B63CA,0x2,0x63A80029,0x00000000,0,0,0,2482,310.250000,242,366,0.154713940371,0.164132936375,0.009418996005
87,56,0x5343454E45525931,0xE2FF03D05679B1EC,E506672C4D3A567B63CA,0x2,0x63A80029,0x00000000,0,1,1,2868,358.500000,279,414,0.156206415621,0.164132936375,0.007926520755
87,64,0x5343454E45525931,0xE2FF03D05679B1EC,E506672C4D3A567B63CA,0x2,0x63A80029,0x00000000,0,2,2,3187,398.375000,319,457,0.160652651396,0.164132936375,0.003480284979
87,72,0x5343454E45525931,0xE2FF03D05679B1EC,E506672C4D3A567B63CA,0x2,0x63A80029,0x63A80029,1,8,8,3579,447.375000,374,523,0.160938809723,0.164132936375,0.003194126652
87,80,0x5343454E45525931,0xE2FF03D05679B1EC,E506672C4D3A567B63CA,0x2,0x63A80029,0x63A80029,1,8,8,3936,492.000000,425,565,0.162601626016,0.164132936375,0.001531310359
87,96,0x5343454E45525931,0xE2FF03D05679B1EC,E506672C4D3A567B63CA,0x2,0x63A80029,0x63A80029,1,8,8,4658,582.250000,501,660,0.164877629884,0.164132936375,0.000744693509
87,112,0x5343454E45525931,0xE2FF03D05679B1EC,E506672C4D3A567B63CA,0x2,0x63A80029,0x63A80029,1,8,8,5527,690.875000,621,786,0.162113262168,0.164132936375,0.002019674208
87,128,0x5343454E45525931,0xE2FF03D05679B1EC,E506672C4D3A567B63CA,0x2,0x63A80029,0x63A80029,1,8,8,6329,791.125000,714,877,0.161794912308,0.164132936375,0.002338024067
87,160,0x5343454E45525931,0xE2FF03D05679B1EC,E506672C4D3A567B63CA,0x2,0x63A80029,0x63A80029,1,8,8,7964,995.500000,937,1039,0.160723254646,0.164132936375,0.003409681729
87,192,0x5343454E45525931,0xE2FF03D05679B1EC,E506672C4D3A567B63CA,0x2,0x63A80029,0x63A80029,1,8,8,9413,1176.625000,1137,1211,0.163178582811,0.164132936375,0.000954353564
87,256,0x5343454E45525931,0xE2FF03D05679B1EC,E506672C4D3A567B63CA,0x2,0x63A80029,0x63A80029,1,8,8,12433,1554.125000,1463,1610,0.164722914823,0.164132936375,0.000589978448
88,16,0x5343454E45525931,0xCF56C3778F2F4310,5FF5BC81F2A4C101A976,0x2,0x2C21FAFF,0x00000000,0,0,0,804,100.500000,58,131,0.159203980100,0.164132936375,0.004928956276
88,24,0x5343454E45525931,0xCF56C3778F2F4310,5FF5BC81F2A4C101A976,0x2,0x2C21FAFF,0x00000000,0,0,0,1237,154.625000,100,193,0.155214227971,0.164132936375,0.008918708404
88,32,0x5343454E45525931,0xCF56C3778F2F4310,5FF5BC81F2A4C101A976,0x2,0x2C21FAFF,0x00000000,0,0,0,1582,197.750000,138,246,0.161820480405,0.164132936375,0.002312455971
88,40,0x5343454E45525931,0xCF56C3778F2F4310,5FF5BC81F2A4C101A976,0x2,0x2C21FAFF,0x00000000,0,0,0,2029,253.625000,214,294,0.157713159192,0.164132936375,0.006419777184
88,48,0x5343454E45525931,0xCF56C3778F2F4310,5FF5BC81F2A4C101A976,0x2,0x2C21FAFF,0x00000000,0,0,0,2468,308.500000,245,349,0.155591572123,0.164132936375,0.008541364252
88,56,0x5343454E45525931,0xCF56C3778F2F4310,5FF5BC81F2A4C101A976,0x2,0x2C21FAFF,0x00000000,0,0,0,2858,357.250000,272,440,0.156752974108,0.164132936375,0.007379962268
88,64,0x5343454E45525931,0xCF56C3778F2F4310,5FF5BC81F2A4C101A976,0x2,0x2C21FAFF,0x00000000,0,0,0,3240,405.000000,311,490,0.158024691358,0.164132936375,0.006108245017
88,72,0x5343454E45525931,0xCF56C3778F2F4310,5FF5BC81F2A4C101A976,0x2,0x2C21FAFF,0x00000000,0,0,0,3639,454.875000,339,519,0.158285243199,0.164132936375,0.005847693177
88,80,0x5343454E45525931,0xCF56C3778F2F4310,5FF5BC81F2A4C101A976,0x2,0x2C21FAFF,0x00000000,0,0,0,4008,501.000000,376,559,0.159680638723,0.164132936375,0.004452297653
88,96,0x5343454E45525931,0xCF56C3778F2F4310,5FF5BC81F2A4C101A976,0x2,0x2C21FAFF,0x2C21FAFF,1,8,8,4696,587.000000,470,680,0.163543441227,0.164132936375,0.000589495149
88,112,0x5343454E45525931,0xCF56C3778F2F4310,5FF5BC81F2A4C101A976,0x2,0x2C21FAFF,0x2C21FAFF,1,8,8,5482,685.250000,576,742,0.163443998541,0.164132936375,0.000688937835
88,128,0x5343454E45525931,0xCF56C3778F2F4310,5FF5BC81F2A4C101A976,0x2,0x2C21FAFF,0x2C21FAFF,1,8,8,6265,783.125000,671,840,0.163447725459,0.164132936375,0.000685210916
88,160,0x5343454E45525931,0xCF56C3778F2F4310,5FF5BC81F2A4C101A976,0x2,0x2C21FAFF,0x2C21FAFF,1,8,8,7778,972.250000,844,1106,0.164566726665,0.164132936375,0.000433790290
88,192,0x5343454E45525931,0xCF56C3778F2F4310,5FF5BC81F2A4C101A976,0x2,0x2C21FAFF,0x2C21FAFF,1,8,8,9499,1187.375000,1049,1336,0.161701231709,0.164132936375,0.002431704667
88,256,0x5343454E45525931,0xCF56C3778F2F4310,5FF5BC81F2A4C101A976,0x2,0x2C21FAFF,0x2C21FAFF,1,8,8,12561,1570.125000,1417,1756,0.163044343603,0.164132936375,0.001088592772
89,16,0x5343454E45525931,0xF82F558FFCB20FD5,EAD358A9D992B708694F,0xC,0x5485D6BC,0x00000000,0,0,0,793,99.125000,61,138,0.161412358134,0.164132936375,0.002720578242
89,24,0x5343454E45525931,0xF82F558FFCB20FD5,EAD358A9D992B708694F,0xC,0x5485D6BC,0x00000000,0,0,0,1177,147.125000,120,192,0.163126593033,0.164132936375,0.001006343342
89,32,0x5343454E45525931,0xF82F558FFCB20FD5,EAD358A9D992B708694F,0xC,0x5485D6BC,0x00000000,0,0,0,1612,201.500000,145,258,0.158808933002,0.164132936375,0.005324003373
89,40,0x5343454E45525931,0xF82F558FFCB20FD5,EAD358A9D992B708694F,0xC,0x5485D6BC,0x00000000,0,0,0,2035,254.375000,183,309,0.157248157248,0.164132936375,0.006884779127
89,48,0x5343454E45525931,0xF82F558FFCB20FD5,EAD358A9D992B708694F,0xC,0x5485D6BC,0x00000000,0,0,0,2444,305.500000,249,364,0.157119476268,0.164132936375,0.007013460107
89,56,0x5343454E45525931,0xF82F558FFCB20FD5,EAD358A9D992B708694F,0xC,0x5485D6BC,0x00000000,0,1,1,2814,351.750000,302,416,0.159203980100,0.164132936375,0.004928956276
89,64,0x5343454E45525931,0xF82F558FFCB20FD5,EAD358A9D992B708694F,0xC,0x5485D6BC,0x00000000,0,1,1,3187,398.375000,352,452,0.160652651396,0.164132936375,0.003480284979
89,72,0x5343454E45525931,0xF82F558FFCB20FD5,EAD358A9D992B708694F,0xC,0x5485D6BC,0x00000000,0,1,1,3538,442.250000,402,488,0.162803843980,0.164132936375,0.001329092396
89,80,0x5343454E45525931,0xF82F558FFCB20FD5,EAD358A9D992B708694F,0xC,0x5485D6BC,0x5485D6BC,1,8,8,3893,486.625000,432,539,0.164397636784,0.164132936375,0.000264700409
89,96,0x5343454E45525931,0xF82F558FFCB20FD5,EAD358A9D992B708694F,0xC,0x5485D6BC,0x5485D6BC,1,8,8,4730,591.250000,518,656,0.162367864693,0.164132936375,0.001765071682
89,112,0x5343454E45525931,0xF82F558FFCB20FD5,EAD358A9D992B708694F,0xC,0x5485D6BC,0x5485D6BC,1,8,8,5516,689.500000,593,744,0.162436548223,0.164132936375,0.001696388152
89,128,0x5343454E45525931,0xF82F558FFCB20FD5,EAD358A9D992B708694F,0xC,0x5485D6BC,0x5485D6BC,1,8,8,6328,791.000000,683,842,0.161820480405,0.164132936375,0.002312455971
89,160,0x5343454E45525931,0xF82F558FFCB20FD5,EAD358A9D992B708694F,0xC,0x5485D6BC,0x5485D6BC,1,8,8,7703,962.875000,860,1041,0.166169025055,0.164132936375,0.002036088680
89,192,0x5343454E45525931,0xF82F558FFCB20FD5,EAD358A9D992B708694F,0xC,0x5485D6BC,0x5485D6BC,1,8,8,9230,1153.750000,1055,1249,0.166413867822,0.164132936375,0.002280931447
89,256,0x5343454E45525931,0xF82F558FFCB20FD5,EAD358A9D992B708694F,0xC,0x5485D6BC,0x5485D6BC,1,8,8,12339,1542.375000,1468,1671,0.165977793987,0.164132936375,0.001844857611
90,16,0x5343454E45525931,0x2F2D7A46D8A21502,5649DA0581E37751CC23,0x2,0x88B84848,0x00000000,0,0,0,781,97.625000,81,118,0.163892445583,0.164132936375,0.000240490793
90,24,0x5343454E45525931,0x2F2D7A46D8A21502,5649DA0581E37751CC23,0x2,0x88B84848,0x00000000,0,0,0,1097,137.125000,115,167,0.175022789426,0.164132936375,0.010889853050
90,32,0x5343454E45525931,0x2F2D7A46D8A21502,5649DA0581E37751CC23,0x2,0x88B84848,0x00000000,0,0,0,1494,186.750000,138,229,0.171352074967,0.164132936375,0.007219138591
90,40,0x5343454E45525931,0x2F2D7A46D8A21502,5649DA0581E37751CC23,0x2,0x88B84848,0x00000000,0,1,1,1913,239.125000,192,298,0.167276529012,0.164132936375,0.003143592637
90,48,0x5343454E45525931,0x2F2D7A46D8A21502,5649DA0581E37751CC23,0x2,0x88B84848,0x00000000,0,1,1,2348,293.500000,220,345,0.163543441227,0.164132936375,0.000589495149
90,56,0x5343454E45525931,0x2F2D7A46D8A21502,5649DA0581E37751CC23,0x2,0x88B84848,0x00000000,0,5,5,2734,341.750000,255,409,0.163862472568,0.164132936375,0.000270463808
90,64,0x5343454E45525931,0x2F2D7A46D8A21502,5649DA0581E37751CC23,0x2,0x88B84848,0x00000000,0,6,6,3120,390.000000,309,470,0.164102564103,0.164132936375,0.000030372273
90,72,0x5343454E45525931,0x2F2D7A46D8A21502,5649DA0581E37751CC23,0x2,0x88B84848,0x00000000,0,6,6,3482,435.250000,340,517,0.165422171166,0.164132936375,0.001289234791
90,80,0x5343454E45525931,0x2F2D7A46D8A21502,5649DA0581E37751CC23,0x2,0x88B84848,0x00000000,0,6,6,3952,494.000000,371,570,0.161943319838,0.164132936375,0.002189616537
90,96,0x5343454E45525931,0x2F2D7A46D8A21502,5649DA0581E37751CC23,0x2,0x88B84848,0x88B84848,1,8,8,4735,591.875000,442,680,0.162196409715,0.164132936375,0.001936526660
90,112,0x5343454E45525931,0x2F2D7A46D8A21502,5649DA0581E37751CC23,0x2,0x88B84848,0x88B84848,1,8,8,5525,690.625000,561,778,0.162171945701,0.164132936375,0.001960990674
90,128,0x5343454E45525931,0x2F2D7A46D8A21502,5649DA0581E37751CC23,0x2,0x88B84848,0x88B84848,1,8,8,6451,806.375000,648,918,0.158735079833,0.164132936375,0.005397856543
90,160,0x5343454E45525931,0x2F2D7A46D8A21502,5649DA0581E37751CC23,0x2,0x88B84848,0x88B84848,1,8,8,7929,991.125000,835,1111,0.161432715349,0.164132936375,0.002700221027
90,192,0x5343454E45525931,0x2F2D7A46D8A21502,5649DA0581E37751CC23,0x2,0x88B84848,0x88B84848,1,8,8,9405,1175.625000,1053,1342,0.163317384370,0.164132936375,0.000815552005
90,256,0x5343454E45525931,0x2F2D7A46D8A21502,5649DA0581E37751CC23,0x2,0x88B84848,0x88B84848,1,8,8,12350,1543.750000,1413,1782,0.165829959514,0.164132936375,0.001697023139
91,16,0x5343454E45525931,0x7433E4D6E2FA51C0,9965783F2DDD92EE3099,0xC,0xBA82D24F,0x00000000,0,0,0,817,102.125000,68,128,0.156670746634,0.164132936375,0.007462189741
91,24,0x5343454E45525931,0x7433E4D6E2FA51C0,9965783F2DDD92EE3099,0xC,0xBA82D24F,0x00000000,0,0,0,1244,155.500000,101,197,0.154340836013,0.164132936375,0.009792100363
91,32,0x5343454E45525931,0x7433E4D6E2FA51C0,9965783F2DDD92EE3099,0xC,0xBA82D24F,0x00000000,0,0,0,1635,204.375000,138,259,0.156574923547,0.164132936375,0.007558012828
91,40,0x5343454E45525931,0x7433E4D6E2FA51C0,9965783F2DDD92EE3099,0xC,0xBA82D24F,0x00000000,0,0,0,2000,250.000000,162,297,0.160000000000,0.164132936375,0.004132936375
91,48,0x5343454E45525931,0x7433E4D6E2FA51C0,9965783F2DDD92EE3099,0xC,0xBA82D24F,0x00000000,0,2,2,2383,297.875000,214,341,0.161141418380,0.164132936375,0.002991517995
91,56,0x5343454E45525931,0x7433E4D6E2FA51C0,9965783F2DDD92EE3099,0xC,0xBA82D24F,0x00000000,0,2,2,2809,351.125000,270,400,0.159487362051,0.164132936375,0.004645574325
91,64,0x5343454E45525931,0x7433E4D6E2FA51C0,9965783F2DDD92EE3099,0xC,0xBA82D24F,0x00000000,0,6,6,3125,390.625000,299,437,0.163840000000,0.164132936375,0.000292936375
91,72,0x5343454E45525931,0x7433E4D6E2FA51C0,9965783F2DDD92EE3099,0xC,0xBA82D24F,0x00000000,0,6,6,3504,438.000000,366,483,0.164383561644,0.164132936375,0.000250625268
91,80,0x5343454E45525931,0x7433E4D6E2FA51C0,9965783F2DDD92EE3099,0xC,0xBA82D24F,0x00000000,0,6,6,3961,495.125000,392,547,0.161575359758,0.164132936375,0.002557576618
91,96,0x5343454E45525931,0x7433E4D6E2FA51C0,9965783F2DDD92EE3099,0xC,0xBA82D24F,0xBA82D24F,1,8,8,4810,601.250000,520,658,0.159667359667,0.164132936375,0.004465576708
91,112,0x5343454E45525931,0x7433E4D6E2FA51C0,9965783F2DDD92EE3099,0xC,0xBA82D24F,0xBA82D24F,1,8,8,5583,697.875000,624,755,0.160487193265,0.164132936375,0.003645743110
91,128,0x5343454E45525931,0x7433E4D6E2FA51C0,9965783F2DDD92EE3099,0xC,0xBA82D24F,0xBA82D24F,1,8,8,6372,796.500000,742,851,0.160703075957,0.164132936375,0.003429860418
91,160,0x5343454E45525931,0x7433E4D6E2FA51C0,9965783F2DDD92EE3099,0xC,0xBA82D24F,0xBA82D24F,1,8,8,7941,992.625000,890,1100,0.161188767158,0.164132936375,0.002944169218
91,192,0x5343454E45525931,0x7433E4D6E2FA51C0,9965783F2DDD92EE3099,0xC,0xBA82D24F,0xBA82D24F,1,8,8,9486,1185.750000,1055,1313,0.161922833650,0.164132936375,0.002210102726
91,256,0x5343454E45525931,0x7433E4D6E2FA51C0,9965783F2DDD92EE3099,0xC,0xBA82D24F,0xBA82D24F,1,8,8,12560,1570.000000,1420,1685,0.163057324841,0.164132936375,0.001075611535
92,16,0x5343454E45525931,0xBF486E8F97989928,F1ACDEC5439104FFE523,0xC,0x8CD87DA9,0x00000000,0,0,0,729,91.125000,67,121,0.175582990398,0.164132936375,0.011450054022
92,24,0x5343454E45525931,0xBF486E8F97989928,F1ACDEC5439104FFE523,0xC,0x8CD87DA9,0x00000000,0,0,0,1151,143.875000,99,191,0.166811468288,0.164132936375,0.002678531913
92,32,0x5343454E45525931,0xBF486E8F97989928,F1ACDEC5439104FFE523,0xC,0x8CD87DA9,0x00000000,0,0,0,1523,190.375000,145,231,0.168089297439,0.164132936375,0.003956361064
92,40,0x5343454E45525931,0xBF486E8F97989928,F1ACDEC5439104FFE523,0xC,0x8CD87DA9,0x00000000,0,1,1,1961,245.125000,187,283,0.163182049975,0.164132936375,0.000950886401
92,48,0x5343454E45525931,0xBF486E8F97989928,F1ACDEC5439104FFE523,0xC,0x8CD87DA9,0x00000000,0,3,3,2376,297.000000,204,341,0.161616161616,0.164132936375,0.002516774759
92,56,0x5343454E45525931,0xBF486E8F97989928,F1ACDEC5439104FFE523,0xC,0x8CD87DA9,0x00000000,0,3,3,2812,351.500000,254,403,0.159317211949,0.164132936375,0.004815724427
92,64,0x5343454E45525931,0xBF486E8F97989928,F1ACDEC5439104FFE523,0xC,0x8CD87DA9,0x00000000,0,3,3,3209,401.125000,288,466,0.159551262075,0.164132936375,0.004581674300
92,72,0x5343454E45525931,0xBF486E8F97989928,F1ACDEC5439104FFE523,0xC,0x8CD87DA9,0x00000000,0,3,3,3629,453.625000,344,549,0.158721410857,0.164132936375,0.005411525518
92,80,0x5343454E45525931,0xBF486E8F97989928,F1ACDEC5439104FFE523,0xC,0x8CD87DA9,0x8CD87DA9,1,8,8,4008,501.000000,392,590,0.159680638723,0.164132936375,0.004452297653
92,96,0x5343454E45525931,0xBF486E8F97989928,F1ACDEC5439104FFE523,0xC,0x8CD87DA9,0x8CD87DA9,1,8,8,4728,591.000000,482,674,0.162436548223,0.164132936375,0.001696388152
92,112,0x5343454E45525931,0xBF486E8F97989928,F1ACDEC5439104FFE523,0xC,0x8CD87DA9,0x8CD87DA9,1,8,8,5439,679.875000,559,783,0.164736164736,0.164132936375,0.000603228361
92,128,0x5343454E45525931,0xBF486E8F97989928,F1ACDEC5439104FFE523,0xC,0x8CD87DA9,0x8CD87DA9,1,8,8,6319,789.875000,665,906,0.162050957430,0.164132936375,0.002081978945
92,160,0x5343454E45525931,0xBF486E8F97989928,F1ACDEC5439104FFE523,0xC,0x8CD87DA9,0x8CD87DA9,1,8,8,7754,969.250000,837,1125,0.165076089760,0.164132936375,0.000943153385
92,192,0x5343454E45525931,0xBF486E8F97989928,F1ACDEC5439104FFE523,0xC,0x8CD87DA9,0x8CD87DA9,1,8,8,9374,1171.750000,1082,1277,0.163857478131,0.164132936375,0.000275458244
92,256,0x5343454E45525931,0xBF486E8F97989928,F1ACDEC5439104FFE523,0xC,0x8CD87DA9,0x8CD87DA9,1,8,8,12372,1546.500000,1442,1660,0.165535079211,0.164132936375,0.001402142836
93,16,0x5343454E45525931,0x3BFB158FD31DFE08,FF70292F661299476517,0xF,0x690E3708,0x00000000,0,0,0,860,107.500000,80,139,0.148837209302,0.164132936375,0.015295727073
93,24,0x5343454E45525931,0x3BFB158FD31DFE08,FF70292F661299476517,0xF,0x690E3708,0x00000000,0,0,0,1267,158.375000,121,197,0.151539068666,0.164132936375,0.012593867709
93,32,0x5343454E45525931,0x3BFB158FD31DFE08,FF70292F661299476517,0xF,0x690E3708,0x00000000,0,0,0,1659,207.375000,154,244,0.154309825196,0.164132936375,0.009823111179
93,40,0x5343454E45525931,0x3BFB158FD31DFE08,FF70292F661299476517,0xF,0x690E3708,0x00000000,0,0,0,2059,257.375000,235,308,0.155415250121,0.164132936375,0.008717686254
93,48,0x5343454E45525931,0x3BFB158FD31DFE08,FF70292F661299476517,0xF,0x690E3708,0x00000000,0,0,0,2435,304.375000,268,362,0.157700205339,0.164132936375,0.006432731037
93,56,0x5343454E45525931,0x3BFB158FD31DFE08,FF70292F661299476517,0xF,0x690E3708,0x00000000,0,0,0,2791,348.875000,298,428,0.160515944106,0.164132936375,0.003616992269
93,64,0x5343454E45525931,0x3BFB158FD31DFE08,FF70292F661299476517,0xF,0x690E3708,0x00000000,0,0,0,3244,405.500000,358,482,0.157829839704,0.164132936375,0.006303096671
93,72,0x5343454E45525931,0x3BFB158FD31DFE08,FF70292F661299476517,0xF,0x690E3708,0x00000000,0,0,0,3681,460.125000,406,537,0.156479217604,0.164132936375,0.007653718771
93,80,0x5343454E45525931,0x3BFB158FD31DFE08,FF70292F661299476517,0xF,0x690E3708,0x00000000,0,0,0,4044,505.500000,447,573,0.158259149357,0.164132936375,0.005873787018
93,96,0x5343454E45525931,0x3BFB158FD31DFE08,FF70292F661299476517,0xF,0x690E3708,0x00000000,0,0,0,4822,602.750000,557,660,0.159270012443,0.164132936375,0.004862923932
93,112,0x5343454E45525931,0x3BFB158FD31DFE08,FF70292F661299476517,0xF,0x690E3708,0x00000000,0,0,0,5544,693.000000,638,769,0.161616161616,0.164132936375,0.002516774759
93,128,0x5343454E45525931,0x3BFB158FD31DFE08,FF70292F661299476517,0xF,0x690E3708,0x690E3708,1,8,8,6228,778.500000,709,847,0.164418754014,0.164132936375,0.000285817639
93,160,0x5343454E45525931,0x3BFB158FD31DFE08,FF70292F661299476517,0xF,0x690E3708,0x690E3708,1,8,8,7744,968.000000,868,1059,0.165289256198,0.164132936375,0.001156319823
93,192,0x5343454E45525931,0x3BFB158FD31DFE08,FF70292F661299476517,0xF,0x690E3708,0x690E3708,1,8,8,9364,1170.500000,1059,1247,0.164032464759,0.164132936375,0.000100471617
93,256,0x5343454E45525931,0x3BFB158FD31DFE08,FF70292F661299476517,0xF,0x690E3708,0x690E3708,1,8,8,12648,1581.000000,1436,1647,0.161922833650,0.164132936375,0.002210102726
94,16,0x5343454E45525931,0x3200624FED2D06EC,8EAAA39F8A55AAFCA47D,0x2,0x5BFE9E3A,0x00000000,0,0,0,646,80.750000,63,109,0.198142414861,0.164132936375,0.034009478485
94,24,0x5343454E45525931,0x3200624FED2D06EC,8EAAA39F8A55AAFCA47D,0x2,0x5BFE9E3A,0x00000000,0,0,0,1007,125.875000,106,170,0.190665342602,0.164132936375,0.026532406226
94,32,0x5343454E45525931,0x3200624FED2D06EC,8EAAA39F8A55AAFCA47D,0x2,0x5BFE9E3A,0x00000000,0,1,1,1370,171.250000,143,230,0.186861313869,0.164132936375,0.022728377493
94,40,0x5343454E45525931,0x3200624FED2D06EC,8EAAA39F8A55AAFCA47D,0x2,0x5BFE9E3A,0x00000000,0,1,1,1769,221.125000,179,306,0.180893159977,0.164132936375,0.016760223602
94,48,0x5343454E45525931,0x3200624FED2D06EC,8EAAA39F8A55AAFCA47D,0x2,0x5BFE9E3A,0x00000000,0,1,1,2175,271.875000,229,354,0.176551724138,0.164132936375,0.012418787763
94,56,0x5343454E45525931,0x3200624FED2D06EC,8EAAA39F8A55AAFCA47D,0x2,0x5BFE9E3A,0x00000000,0,2,2,2534,316.750000,267,399,0.176795580110,0.164132936375,0.012662643735
94,64,0x5343454E45525931,0x3200624FED2D06EC,8EAAA39F8A55AAFCA47D,0x2,0x5BFE9E3A,0x00000000,0,3,3,2860,357.500000,314,432,0.179020979021,0.164132936375,0.014888042646
94,72,0x5343454E45525931,0x3200624FED2D06EC,8EAAA39F8A55AAFCA47D,0x2,0x5BFE9E3A,0x00000000,0,7,7,3217,402.125000,351,463,0.179048803233,0.164132936375,0.014915866857
94,80,0x5343454E45525931,0x3200624FED2D06EC,8EAAA39F8A55AAFCA47D,0x2,0x5BFE9E3A,0x00000000,0,7,7,3600,450.000000,395,508,0.177777777778,0.164132936375,0.013644841402
94,96,0x5343454E45525931,0x3200624FED2D06EC,8EAAA39F8A55AAFCA47D,0x2,0x5BFE9E3A,0x5BFE9E3A,1,8,8,4409,551.125000,470,634,0.174189158539,0.164132936375,0.010056222164
94,112,0x5343454E45525931,0x3200624FED2D06EC,8EAAA39F8A55AAFCA47D,0x2,0x5BFE9E3A,0x5BFE9E3A,1,8,8,5213,651.625000,545,721,0.171877997314,0.164132936375,0.007745060939
94,128,0x5343454E45525931,0x3200624FED2D06EC,8EAAA39F8A55AAFCA47D,0x2,0x5BFE9E3A,0x5BFE9E3A,1,8,8,5995,749.375000,651,825,0.170809007506,0.164132936375,0.006676071131
94,160,0x5343454E45525931,0x3200624FED2D06EC,8EAAA39F8A55AAFCA47D,0x2,0x5BFE9E3A,0x5BFE9E3A,1,8,8,7670,958.750000,870,1104,0.166883963494,0.164132936375,0.002751027119
94,192,0x5343454E45525931,0x3200624FED2D06EC,8EAAA39F8A55AAFCA47D,0x2,0x5BFE9E3A,0x5BFE9E3A,1,8,8,9124,1140.500000,1014,1261,0.168347216133,0.164132936375,0.004214279758
94,256,0x5343454E45525931,0x3200624FED2D06EC,8EAAA39F8A55AAFCA47D,0x2,0x5BFE9E3A,0x5BFE9E3A,1,8,8,12063,1507.875000,1395,1620,0.169775346100,0.164132936375,0.005642409724
95,16,0x5343454E45525931,0xC0108742C7F9A664,9287C4CDCAA237578E1F,0xC,0x16CA46B2,0x00000000,0,0,0,726,90.750000,74,122,0.176308539945,0.164132936375,0.012175603570
95,24,0x5343454E45525931,0xC0108742C7F9A664,9287C4CDCAA237578E1F,0xC,0x16CA46B2,0x00000000,0,0,0,1161,145.125000,107,204,0.165374677003,0.164132936375,0.001241740627
95,32,0x5343454E45525931,0xC0108742C7F9A664,9287C4CDCAA237578E1F,0xC,0x16CA46B2,0x00000000,0,0,0,1545,193.125000,155,263,0.165695792880,0.164132936375,0.001562856505
95,40,0x5343454E45525931,0xC0108742C7F9A664,9287C4CDCAA237578E1F,0xC,0x16CA46B2,0x00000000,0,0,0,1976,247.000000,176,325,0.161943319838,0.164132936375,0.002189616537
95,48,0x5343454E45525931,0xC0108742C7F9A664,9287C4CDCAA237578E1F,0xC,0x16CA46B2,0x00000000,0,0,0,2361,295.125000,243,357,0.162642947903,0.164132936375,0.001489988472
95,56,0x5343454E45525931,0xC0108742C7F9A664,9287C4CDCAA237578E1F,0xC,0x16CA46B2,0x00000000,0,0,0,2725,340.625000,278,398,0.164403669725,0.164132936375,0.000270733349
95,64,0x5343454E45525931,0xC0108742C7F9A664,9287C4CDCAA237578E1F,0xC,0x16CA46B2,0x00000000,0,1,1,3205,400.625000,344,450,0.159750390016,0.164132936375,0.004382546360
95,72,0x5343454E45525931,0xC0108742C7F9A664,9287C4CDCAA237578E1F,0xC,0x16CA46B2,0x00000000,0,1,1,3618,452.250000,395,492,0.159203980100,0.164132936375,0.004928956276
95,80,0x5343454E45525931,0xC0108742C7F9A664,9287C4CDCAA237578E1F,0xC,0x16CA46B2,0x16CA46B2,1,8,8,3994,499.250000,467,537,0.160240360541,0.164132936375,0.003892575835
95,96,0x5343454E45525931,0xC0108742C7F9A664,9287C4CDCAA237578E1F,0xC,0x16CA46B2,0x16CA46B2,1,8,8,4643,580.375000,536,623,0.165410295068,0.164132936375,0.001277358692
95,112,0x5343454E45525931,0xC0108742C7F9A664,9287C4CDCAA237578E1F,0xC,0x16CA46B2,0x16CA46B2,1,8,8,5553,694.125000,637,743,0.161354222943,0.164132936375,0.002778713433
95,128,0x5343454E45525931,0xC0108742C7F9A664,9287C4CDCAA237578E1F,0xC,0x16CA46B2,0x16CA46B2,1,8,8,6311,788.875000,736,856,0.162256377753,0.164132936375,0.001876558622
95,160,0x5343454E45525931,0xC0108742C7F9A664,9287C4CDCAA237578E1F,0xC,0x16CA46B2,0x16CA46B2,1,8,8,7731,966.375000,878,1062,0.165567196999,0.164132936375,0.001434260624
95,192,0x5343454E45525931,0xC0108742C7F9A664,9287C4CDCAA237578E1F,0xC,0x16CA46B2,0x16CA46B2,1,8,8,9208,1151.000000,1060,1257,0.166811468288,0.164132936375,0.002678531913
95,256,0x5343454E45525931,0xC0108742C7F9A664,9287C4CDCAA237578E1F,0xC,0x16CA46B2,0x16CA46B2,1,8,8,12421,1552.625000,1470,1666,0.164882054585,0.164132936375,0.000749118210
96,16,0x5343454E45525931,0x4153AA06F37F1DC5,9C4632C3CE1F0EB6FBC8,0x7,0x1105881F,0x00000000,0,0,0,723,90.375000,67,120,0.177040110650,0.164132936375,0.012907174275
96,24,0x5343454E45525931,0x4153AA06F37F1DC5,9C4632C3CE1F0EB6FBC8,0x7,0x1105881F,0x00000000,0,0,0,1060,132.500000,111,158,0.181132075472,0.164132936375,0.016999139096
96,32,0x5343454E45525931,0x4153AA06F37F1DC5,9C4632C3CE1F0EB6FBC8,0x7,0x1105881F,0x00000000,0,0,0,1417,177.125000,143,235,0.180663373324,0.164132936375,0.016530436949
96,40,0x5343454E45525931,0x4153AA06F37F1DC5,9C4632C3CE1F0EB6FBC8,0x7,0x1105881F,0x00000000,0,0,0,1808,226.000000,177,302,0.176991150442,0.164132936375,0.012858214067
96,48,0x5343454E45525931,0x4153AA06F37F1DC5,9C4632C3CE1F0EB6FBC8,0x7,0x1105881F,0x00000000,0,0,0,2244,280.500000,219,396,0.171122994652,0.164132936375,0.006990058277
96,56,0x5343454E45525931,0x4153AA06F37F1DC5,9C4632C3CE1F0EB6FBC8,0x7,0x1105881F,0x00000000,0,0,0,2648,331.000000,265,447,0.169184290030,0.164132936375,0.005051353655
96,64,0x5343454E45525931,0x4153AA06F37F1DC5,9C4632C3CE1F0EB6FBC8,0x7,0x1105881F,0x00000000,0,4,4,3110,388.750000,342,502,0.164630225080,0.164132936375,0.000497288705
96,72,0x5343454E45525931,0x4153AA06F37F1DC5,9C4632C3CE1F0EB6FBC8,0x7,0x1105881F,0x1105881F,1,8,8,3547,443.375000,387,564,0.162390752749,0.164132936375,0.001742183627
96,80,0x5343454E45525931,0x4153AA06F37F1DC5,9C4632C3CE1F0EB6FBC8,0x7,0x1105881F,0x1105881F,1,8,8,4088,511.000000,457,613,0.156555772994,0.164132936375,0.007577163381
96,96,0x5343454E45525931,0x4153AA06F37F1DC5,9C4632C3CE1F0EB6FBC8,0x7,0x1105881F,0x1105881F,1,8,8,4869,608.625000,543,702,0.157732593962,0.164132936375,0.006400342414
96,112,0x5343454E45525931,0x4153AA06F37F1DC5,9C4632C3CE1F0EB6FBC8,0x7,0x1105881F,0x1105881F,1,8,8,5721,715.125000,640,839,0.156615976228,0.164132936375,0.007516960147
96,128,0x5343454E45525931,0x4153AA06F37F1DC5,9C4632C3CE1F0EB6FBC8,0x7,0x1105881F,0x1105881F,1,8,8,6441,805.125000,720,947,0.158981524608,0.164132936375,0.005151411767
96,160,0x5343454E45525931,0x4153AA06F37F1DC5,9C4632C3CE1F0EB6FBC8,0x7,0x1105881F,0x1105881F,1,8,8,7892,986.500000,900,1080,0.162189559047,0.164132936375,0.001943377328
96,192,0x5343454E45525931,0x4153AA06F37F1DC5,9C4632C3CE1F0EB6FBC8,0x7,0x1105881F,0x1105881F,1,8,8,9391,1173.875000,1088,1275,0.163560856139,0.164132936375,0.000572080237
96,256,0x5343454E45525931,0x4153AA06F37F1DC5,9C4632C3CE1F0EB6FBC8,0x7,0x1105881F,0x1105881F,1,8,8,12566,1570.750000,1446,1702,0.162979468407,0.164132936375,0.001153467969
97,16,0x5343454E45525931,0xA727173874498AD0,58C0F95D066CBB4EE3E0,0x6,0x0BC5D90E,0x00000000,0,0,0,704,88.000000,51,122,0.181818181818,0.164132936375,0.017685245443
97,24,0x5343454E45525931,0xA727173874498AD0,58C0F95D066CBB4EE3E0,0x6,0x0BC5D90E,0x00000000,0,0,0,1052,131.500000,111,166,0.182509505703,0.164132936375,0.018376569328
97,32,0x5343454E45525931,0xA727173874498AD0,58C0F95D066CBB4EE3E0,0x6,0x0BC5D90E,0x00000000,0,0,0,1470,183.750000,154,234,0.174149659864,0.164132936375,0.010016723489
97,40,0x5343454E45525931,0xA727173874498AD0,58C0F95D066CBB4EE3E0,0x6,0x0BC5D90E,0x00000000,0,1,1,1856,232.000000,201,288,0.172413793103,0.164132936375,0.008280856728
97,48,0x5343454E45525931,0xA727173874498AD0,58C0F95D066CBB4EE3E0,0x6,0x0BC5D90E,0x00000000,0,1,1,2313,289.125000,254,337,0.166018158236,0.164132936375,0.001885221861
97,56,0x5343454E45525931,0xA727173874498AD0,58C0F95D066CBB4EE3E0,0x6,0x0BC5D90E,0x00000000,0,2,2,2746,343.250000,291,416,0.163146394756,0.164132936375,0.000986541619
97,64,0x5343454E45525931,0xA727173874498AD0,58C0F95D066CBB4EE3E0,0x6,0x0BC5D90E,0x00000000,0,2,2,3215,401.875000,331,499,0.159253499222,0.164132936375,0.004879437153
97,72,0x5343454E45525931,0xA727173874498AD0,58C0F95D066CBB4EE3E0,0x6,0x0BC5D90E,0x00000000,0,6,6,3557,444.625000,380,543,0.161934214225,0.164132936375,0.002198722150
97,80,0x5343454E45525931,0xA727173874498AD0,58C0F95D066CBB4EE3E0,0x6,0x0BC5D90E,0x0BC5D90E,1,8,8,4031,503.875000,422,589,0.158769536095,0.164132936375,0.005363400280
97,96,0x5343454E45525931,0xA727173874498AD0,58C0F95D066CBB4EE3E0,0x6,0x0BC5D90E,0x0BC5D90E,1,8,8,4698,587.250000,523,691,0.163473818646,0.164132936375,0.000659117729
97,112,0x5343454E45525931,0xA727173874498AD0,58C0F95D066CBB4EE3E0,0x6,0x0BC5D90E,0x0BC5D90E,1,8,8,5441,680.125000,621,802,0.164675611101,0.164132936375,0.000542674726
97,128,0x5343454E45525931,0xA727173874498AD0,58C0F95D066CBB4EE3E0,0x6,0x0BC5D90E,0x0BC5D90E,1,8,8,6299,787.375000,722,935,0.162565486585,0.164132936375,0.001567449790
97,160,0x5343454E45525931,0xA727173874498AD0,58C0F95D066CBB4EE3E0,0x6,0x0BC5D90E,0x0BC5D90E,1,8,8,7829,978.625000,920,1130,0.163494699195,0.164132936375,0.000638237180
97,192,0x5343454E45525931,0xA727173874498AD0,58C0F95D066CBB4EE3E0,0x6,0x0BC5D90E,0x0BC5D90E,1,8,8,9341,1167.625000,1101,1307,0.164436355851,0.164132936375,0.000303419475
97,256,0x5343454E45525931,0xA727173874498AD0,58C0F95D066CBB4EE3E0,0x6,0x0BC5D90E,0x0BC5D90E,1,8,8,12333,1541.625000,1439,1751,0.166058542123,0.164132936375,0.001925605747
98,16,0x5343454E45525931,0xE2155803B3A336DE,1FD2474C5D1C45858FF2,0x5,0x807DC425,0x00000000,0,0,0,875,109.375000,86,150,0.146285714286,0.164132936375,0.017847222090
98,24,0x5343454E45525931,0xE2155803B3A336DE,1FD2474C5D1C45858FF2,0x5,0x807DC425,0x00000000,0,0,0,1326,165.750000,134,233,0.144796380090,0.164132936375,0.019336556285
98,32,0x5343454E45525931,0xE2155803B3A336DE,1FD2474C5D1C45858FF2,0x5,0x807DC425,0x00000000,0,0,0,1679,209.875000,163,274,0.152471709351,0.164132936375,0.011661227025
98,40,0x5343454E45525931,0xE2155803B3A336DE,1FD2474C5D1C45858FF2,0x5,0x807DC425,0x00000000,0,2,2,2040,255.000000,210,344,0.156862745098,0.164132936375,0.007270191277
98,48,0x5343454E45525931,0xE2155803B3A336DE,1FD2474C5D1C45858FF2,0x5,0x807DC425,0x00000000,0,3,3,2386,298.250000,241,392,0.160938809723,0.164132936375,0.003194126652
98,56,0x5343454E45525931,0xE2155803B3A336DE,1FD2474C5D1C45858FF2,0x5,0x807DC425,0x00000000,0,3,3,2728,341.000000,281,453,0.164222873900,0.164132936375,0.000089937525
98,64,0x5343454E45525931,0xE2155803B3A336DE,1FD2474C5D1C45858FF2,0x5,0x807DC425,0x807DC425,1,8,8,3146,393.250000,333,508,0.162746344565,0.164132936375,0.001386591811
98,72,0x5343454E45525931,0xE2155803B3A336DE,1FD2474C5D1C45858FF2,0x5,0x807DC425,0x807DC425,1,8,8,3504,438.000000,371,583,0.164383561644,0.164132936375,0.000250625268
98,80,0x5343454E45525931,0xE2155803B3A336DE,1FD2474C5D1C45858FF2,0x5,0x807DC425,0x807DC425,1,8,8,3854,481.750000,407,628,0.166061235080,0.164132936375,0.001928298705
98,96,0x5343454E45525931,0xE2155803B3A336DE,1FD2474C5D1C45858FF2,0x5,0x807DC425,0x807DC425,1,8,8,4645,580.625000,504,730,0.165339074273,0.164132936375,0.001206137898
98,112,0x5343454E45525931,0xE2155803B3A336DE,1FD2474C5D1C45858FF2,0x5,0x807DC425,0x807DC425,1,8,8,5464,683.000000,591,837,0.163982430454,0.164132936375,0.000150505921
98,128,0x5343454E45525931,0xE2155803B3A336DE,1FD2474C5D1C45858FF2,0x5,0x807DC425,0x807DC425,1,8,8,6219,777.375000,684,932,0.164656697218,0.164132936375,0.000523760843
98,160,0x5343454E45525931,0xE2155803B3A336DE,1FD2474C5D1C45858FF2,0x5,0x807DC425,0x807DC425,1,8,8,7883,985.375000,900,1168,0.162374730433,0.164132936375,0.001758205943
98,192,0x5343454E45525931,0xE2155803B3A336DE,1FD2474C5D1C45858FF2,0x5,0x807DC425,0x807DC425,1,8,8,9362,1170.250000,1109,1326,0.164067506943,0.164132936375,0.000065429432
98,256,0x5343454E45525931,0xE2155803B3A336DE,1FD2474C5D1C45858FF2,0x5,0x807DC425,0x807DC425,1,8,8,12479,1559.875000,1470,1741,0.164115714400,0.164132936375,0.000017221975
99,16,0x5343454E45525931,0x2079B83BF24E7C31,9651C1AC8DB5845D9E91,0x7,0x472638E3,0x00000000,0,0,0,855,106.875000,70,171,0.149707602339,0.164132936375,0.014425334036
99,24,0x5343454E45525931,0x2079B83BF24E7C31,9651C1AC8DB5845D9E91,0x7,0x472638E3,0x00000000,0,0,0,1286,160.750000,117,238,0.149300155521,0.164132936375,0.014832780854
99,32,0x5343454E45525931,0x2079B83BF24E7C31,9651C1AC8DB5845D9E91,0x7,0x472638E3,0x00000000,0,0,0,1717,214.625000,176,277,0.149097262667,0.164132936375,0.015035673708
99,40,0x5343454E45525931,0x2079B83BF24E7C31,9651C1AC8DB5845D9E91,0x7,0x472638E3,0x00000000,0,0,0,2142,267.750000,223,326,0.149393090570,0.164132936375,0.014739845806
99,48,0x5343454E45525931,0x2079B83BF24E7C31,9651C1AC8DB5845D9E91,0x7,0x472638E3,0x00000000,0,2,2,2575,321.875000,258,375,0.149126213592,0.164132936375,0.015006722783
99,56,0x5343454E45525931,0x2079B83BF24E7C31,9651C1AC8DB5845D9E91,0x7,0x472638E3,0x00000000,0,2,2,2976,372.000000,303,412,0.150537634409,0.164132936375,0.013595301967
99,64,0x5343454E45525931,0x2079B83BF24E7C31,9651C1AC8DB5845D9E91,0x7,0x472638E3,0x00000000,0,2,2,3411,426.375000,335,505,0.150102609206,0.164132936375,0.014030327170
99,72,0x5343454E45525931,0x2079B83BF24E7C31,9651C1AC8DB5845D9E91,0x7,0x472638E3,0x472638E3,1,8,8,3713,464.125000,369,540,0.155130622138,0.164132936375,0.009002314237
99,80,0x5343454E45525931,0x2079B83BF24E7C31,9651C1AC8DB5845D9E91,0x7,0x472638E3,0x472638E3,1,8,8,4070,508.750000,411,576,0.157248157248,0.164132936375,0.006884779127
99,96,0x5343454E45525931,0x2079B83BF24E7C31,9651C1AC8DB5845D9E91,0x7,0x472638E3,0x472638E3,1,8,8,4946,618.250000,462,695,0.155276991508,0.164132936375,0.008855944867
99,112,0x5343454E45525931,0x2079B83BF24E7C31,9651C1AC8DB5845D9E91,0x7,0x472638E3,0x472638E3,1,8,8,5676,709.500000,608,775,0.157857646230,0.164132936375,0.006275290146
99,128,0x5343454E45525931,0x2079B83BF24E7C31,9651C1AC8DB5845D9E91,0x7,0x472638E3,0x472638E3,1,8,8,6453,806.625000,737,855,0.158685882535,0.164132936375,0.005447053840
99,160,0x5343454E45525931,0x2079B83BF24E7C31,9651C1AC8DB5845D9E91,0x7,0x472638E3,0x472638E3,1,8,8,7809,976.125000,909,1066,0.163913433218,0.164132936375,0.000219503157
99,192,0x5343454E45525931,0x2079B83BF24E7C31,9651C1AC8DB5845D9E91,0x7,0x472638E3,0x472638E3,1,8,8,9306,1163.250000,1001,1269,0.165054803353,0.164132936375,0.000921866977
99,256,0x5343454E45525931,0x2079B83BF24E7C31,9651C1AC8DB5845D9E91,0x7,0x472638E3,0x472638E3,1,8,8,12558,1569.750000,1432,1678,0.163083293518,0.164132936375,0.001049642857
