trial,samples,filter_executed,role,source_sbox,known_mask,known_value,actual_word,known_bits,consensus_correct
0,64,0,0,255,0x0,0x0,0x3,0,0
0,64,0,1,255,0x0,0x0,0x4,0,0
0,64,0,2,255,0x0,0x0,0x9,0,0
0,64,0,3,255,0x0,0x0,0xA,0,0
0,64,0,4,255,0x0,0x0,0x2,0,0
0,96,1,0,6,0x0,0x0,0x3,0,1
0,96,1,1,7,0x0,0x0,0x4,0,1
0,96,1,2,1,0x0,0x0,0x9,0,1
0,96,1,3,2,0x0,0x0,0xA,0,1
0,96,1,4,3,0x0,0x0,0x2,0,1
0,128,1,0,6,0x0,0x0,0x3,0,1
0,128,1,1,7,0x0,0x0,0x4,0,1
0,128,1,2,1,0x0,0x0,0x9,0,1
0,128,1,3,2,0x0,0x0,0xA,0,1
0,128,1,4,3,0x0,0x0,0x2,0,1
0,160,1,0,6,0x0,0x0,0x3,0,1
0,160,1,1,7,0x0,0x0,0x4,0,1
0,160,1,2,1,0x0,0x0,0x9,0,1
0,160,1,3,2,0x0,0x0,0xA,0,1
0,160,1,4,3,0x0,0x0,0x2,0,1
0,192,1,0,6,0x0,0x0,0x3,0,1
0,192,1,1,7,0x0,0x0,0x4,0,1
0,192,1,2,1,0x0,0x0,0x9,0,1
0,192,1,3,2,0x0,0x0,0xA,0,1
0,192,1,4,3,0x0,0x0,0x2,0,1
0,256,1,0,6,0x5,0x1,0x3,2,1
0,256,1,1,7,0x5,0x4,0x4,2,1
0,256,1,2,1,0x2,0x0,0x9,1,1
0,256,1,3,2,0x1,0x0,0xA,1,1
0,256,1,4,3,0x7,0x2,0x2,3,1
0,320,1,0,6,0xF,0x3,0x3,4,1
0,320,1,1,7,0xF,0x4,0x4,4,1
0,320,1,2,1,0x3,0x1,0x9,2,1
0,320,1,3,2,0xF,0xA,0xA,4,1
0,320,1,4,3,0xF,0x2,0x2,4,1
0,384,1,0,6,0xF,0x3,0x3,4,1
0,384,1,1,7,0xF,0x4,0x4,4,1
0,384,1,2,1,0x3,0x1,0x9,2,1
0,384,1,3,2,0xF,0xA,0xA,4,1
0,384,1,4,3,0xF,0x2,0x2,4,1
0,512,1,0,6,0xF,0x3,0x3,4,1
0,512,1,1,7,0xF,0x4,0x4,4,1
0,512,1,2,1,0x3,0x1,0x9,2,1
0,512,1,3,2,0xF,0xA,0xA,4,1
0,512,1,4,3,0xF,0x2,0x2,4,1
1,64,0,0,255,0x0,0x0,0xA,0,0
1,64,0,1,255,0x0,0x0,0x2,0,0
1,64,0,2,255,0x0,0x0,0xC,0,0
1,64,0,3,255,0x0,0x0,0x6,0,0
1,64,0,4,255,0x0,0x0,0x2,0,0
1,96,0,0,255,0x0,0x0,0xA,0,0
1,96,0,1,255,0x0,0x0,0x2,0,0
1,96,0,2,255,0x0,0x0,0xC,0,0
1,96,0,3,255,0x0,0x0,0x6,0,0
1,96,0,4,255,0x0,0x0,0x2,0,0
1,128,1,0,1,0x0,0x0,0xA,0,1
1,128,1,1,2,0x0,0x0,0x2,0,1
1,128,1,2,4,0x0,0x0,0xC,0,1
1,128,1,3,5,0x0,0x0,0x6,0,1
1,128,1,4,6,0x0,0x0,0x2,0,1
1,160,1,0,1,0x0,0x0,0xA,0,1
1,160,1,1,2,0x0,0x0,0x2,0,1
1,160,1,2,4,0x0,0x0,0xC,0,1
1,160,1,3,5,0x0,0x0,0x6,0,1
1,160,1,4,6,0x0,0x0,0x2,0,1
1,192,1,0,1,0x0,0x0,0xA,0,1
1,192,1,1,2,0x0,0x0,0x2,0,1
1,192,1,2,4,0x0,0x0,0xC,0,1
1,192,1,3,5,0x0,0x0,0x6,0,1
1,192,1,4,6,0x0,0x0,0x2,0,1
1,256,1,0,1,0xF,0xA,0xA,4,1
1,256,1,1,2,0xF,0x2,0x2,4,1
1,256,1,2,4,0x3,0x0,0xC,2,1
1,256,1,3,5,0xF,0x6,0x6,4,1
1,256,1,4,6,0xF,0x2,0x2,4,1
1,320,1,0,1,0xF,0xA,0xA,4,1
1,320,1,1,2,0xF,0x2,0x2,4,1
1,320,1,2,4,0x3,0x0,0xC,2,1
1,320,1,3,5,0xF,0x6,0x6,4,1
1,320,1,4,6,0xF,0x2,0x2,4,1
1,384,1,0,1,0xF,0xA,0xA,4,1
1,384,1,1,2,0xF,0x2,0x2,4,1
1,384,1,2,4,0x3,0x0,0xC,2,1
1,384,1,3,5,0xF,0x6,0x6,4,1
1,384,1,4,6,0xF,0x2,0x2,4,1
1,512,1,0,1,0xF,0xA,0xA,4,1
1,512,1,1,2,0xF,0x2,0x2,4,1
1,512,1,2,4,0x3,0x0,0xC,2,1
1,512,1,3,5,0xF,0x6,0x6,4,1
1,512,1,4,6,0xF,0x2,0x2,4,1
2,64,0,0,255,0x0,0x0,0xC,0,0
2,64,0,1,255,0x0,0x0,0xA,0,0
2,64,0,2,255,0x0,0x0,0xB,0,0
2,64,0,3,255,0x0,0x0,0x5,0,0
2,64,0,4,255,0x0,0x0,0xB,0,0
2,96,1,0,6,0x0,0x0,0xC,0,1
2,96,1,1,7,0x0,0x0,0xA,0,1
2,96,1,2,1,0x0,0x0,0xB,0,1
2,96,1,3,2,0x0,0x0,0x5,0,1
2,96,1,4,3,0x0,0x0,0xB,0,1
2,128,1,0,6,0x0,0x0,0xC,0,1
2,128,1,1,7,0x0,0x0,0xA,0,1
2,128,1,2,1,0x0,0x0,0xB,0,1
2,128,1,3,2,0x0,0x0,0x5,0,1
2,128,1,4,3,0x0,0x0,0xB,0,1
2,160,1,0,6,0x0,0x0,0xC,0,1
2,160,1,1,7,0x0,0x0,0xA,0,1
2,160,1,2,1,0x0,0x0,0xB,0,1
2,160,1,3,2,0x0,0x0,0x5,0,1
2,160,1,4,3,0x0,0x0,0xB,0,1
2,192,1,0,6,0x0,0x0,0xC,0,1
2,192,1,1,7,0x0,0x0,0xA,0,1
2,192,1,2,1,0x0,0x0,0xB,0,1
2,192,1,3,2,0x0,0x0,0x5,0,1
2,192,1,4,3,0x0,0x0,0xB,0,1
2,256,1,0,6,0xF,0xC,0xC,4,1
2,256,1,1,7,0xF,0xA,0xA,4,1
2,256,1,2,1,0x3,0x3,0xB,2,1
2,256,1,3,2,0xF,0x5,0x5,4,1
2,256,1,4,3,0xF,0xB,0xB,4,1
2,320,1,0,6,0xF,0xC,0xC,4,1
2,320,1,1,7,0xF,0xA,0xA,4,1
2,320,1,2,1,0x3,0x3,0xB,2,1
2,320,1,3,2,0xF,0x5,0x5,4,1
2,320,1,4,3,0xF,0xB,0xB,4,1
2,384,1,0,6,0xF,0xC,0xC,4,1
2,384,1,1,7,0xF,0xA,0xA,4,1
2,384,1,2,1,0x3,0x3,0xB,2,1
2,384,1,3,2,0xF,0x5,0x5,4,1
2,384,1,4,3,0xF,0xB,0xB,4,1
2,512,1,0,6,0xF,0xC,0xC,4,1
2,512,1,1,7,0xF,0xA,0xA,4,1
2,512,1,2,1,0x3,0x3,0xB,2,1
2,512,1,3,2,0xF,0x5,0x5,4,1
2,512,1,4,3,0xF,0xB,0xB,4,1
3,64,0,0,255,0x0,0x0,0x4,0,0
3,64,0,1,255,0x0,0x0,0x6,0,0
3,64,0,2,255,0x0,0x0,0x1,0,0
3,64,0,3,255,0x0,0x0,0x8,0,0
3,64,0,4,255,0x0,0x0,0x5,0,0
3,96,0,0,255,0x0,0x0,0x4,0,0
3,96,0,1,255,0x0,0x0,0x6,0,0
3,96,0,2,255,0x0,0x0,0x1,0,0
3,96,0,3,255,0x0,0x0,0x8,0,0
3,96,0,4,255,0x0,0x0,0x5,0,0
3,128,0,0,255,0x0,0x0,0x4,0,0
3,128,0,1,255,0x0,0x0,0x6,0,0
3,128,0,2,255,0x0,0x0,0x1,0,0
3,128,0,3,255,0x0,0x0,0x8,0,0
3,128,0,4,255,0x0,0x0,0x5,0,0
3,160,1,0,2,0x0,0x0,0x4,0,1
3,160,1,1,3,0x0,0x0,0x6,0,1
3,160,1,2,5,0x0,0x0,0x1,0,1
3,160,1,3,6,0x0,0x0,0x8,0,1
3,160,1,4,7,0x0,0x0,0x5,0,1
3,192,1,0,2,0x0,0x0,0x4,0,1
3,192,1,1,3,0x0,0x0,0x6,0,1
3,192,1,2,5,0x0,0x0,0x1,0,1
3,192,1,3,6,0x0,0x0,0x8,0,1
3,192,1,4,7,0x0,0x0,0x5,0,1
3,256,1,0,2,0x5,0x4,0x4,2,1
3,256,1,1,3,0x2,0x2,0x6,1,1
3,256,1,2,5,0x0,0x0,0x1,0,1
3,256,1,3,6,0x8,0x8,0x8,1,1
3,256,1,4,7,0xF,0x5,0x5,4,1
3,320,1,0,2,0xF,0x4,0x4,4,1
3,320,1,1,3,0xF,0x6,0x6,4,1
3,320,1,2,5,0x3,0x1,0x1,2,1
3,320,1,3,6,0xF,0x8,0x8,4,1
3,320,1,4,7,0xF,0x5,0x5,4,1
3,384,1,0,2,0xF,0x4,0x4,4,1
3,384,1,1,3,0xF,0x6,0x6,4,1
3,384,1,2,5,0x3,0x1,0x1,2,1
3,384,1,3,6,0xF,0x8,0x8,4,1
3,384,1,4,7,0xF,0x5,0x5,4,1
3,512,1,0,2,0xF,0x4,0x4,4,1
3,512,1,1,3,0xF,0x6,0x6,4,1
3,512,1,2,5,0x3,0x1,0x1,2,1
3,512,1,3,6,0xF,0x8,0x8,4,1
3,512,1,4,7,0xF,0x5,0x5,4,1
4,64,0,0,255,0x0,0x0,0x9,0,0
4,64,0,1,255,0x0,0x0,0x8,0,0
4,64,0,2,255,0x0,0x0,0x6,0,0
4,64,0,3,255,0x0,0x0,0x7,0,0
4,64,0,4,255,0x0,0x0,0x3,0,0
4,96,1,0,6,0x0,0x0,0x9,0,1
4,96,1,1,7,0x0,0x0,0x8,0,1
4,96,1,2,1,0x0,0x0,0x6,0,1
4,96,1,3,2,0x0,0x0,0x7,0,1
4,96,1,4,3,0x0,0x0,0x3,0,1
4,128,1,0,6,0x0,0x0,0x9,0,1
4,128,1,1,7,0x0,0x0,0x8,0,1
4,128,1,2,1,0x0,0x0,0x6,0,1
4,128,1,3,2,0x0,0x0,0x7,0,1
4,128,1,4,3,0x0,0x0,0x3,0,1
4,160,1,0,6,0x0,0x0,0x9,0,1
4,160,1,1,7,0x0,0x0,0x8,0,1
4,160,1,2,1,0x0,0x0,0x6,0,1
4,160,1,3,2,0x0,0x0,0x7,0,1
4,160,1,4,3,0x0,0x0,0x3,0,1
4,192,1,0,6,0x0,0x0,0x9,0,1
4,192,1,1,7,0x0,0x0,0x8,0,1
4,192,1,2,1,0x0,0x0,0x6,0,1
4,192,1,3,2,0x0,0x0,0x7,0,1
4,192,1,4,3,0x0,0x0,0x3,0,1
4,256,1,0,6,0xF,0x9,0x9,4,1
4,256,1,1,7,0xF,0x8,0x8,4,1
4,256,1,2,1,0x3,0x2,0x6,2,1
4,256,1,3,2,0xF,0x7,0x7,4,1
4,256,1,4,3,0xF,0x3,0x3,4,1
4,320,1,0,6,0xF,0x9,0x9,4,1
4,320,1,1,7,0xF,0x8,0x8,4,1
4,320,1,2,1,0x3,0x2,0x6,2,1
4,320,1,3,2,0xF,0x7,0x7,4,1
4,320,1,4,3,0xF,0x3,0x3,4,1
4,384,1,0,6,0xF,0x9,0x9,4,1
4,384,1,1,7,0xF,0x8,0x8,4,1
4,384,1,2,1,0x3,0x2,0x6,2,1
4,384,1,3,2,0xF,0x7,0x7,4,1
4,384,1,4,3,0xF,0x3,0x3,4,1
4,512,1,0,6,0xF,0x9,0x9,4,1
4,512,1,1,7,0xF,0x8,0x8,4,1
4,512,1,2,1,0x3,0x2,0x6,2,1
4,512,1,3,2,0xF,0x7,0x7,4,1
4,512,1,4,3,0xF,0x3,0x3,4,1
5,64,0,0,255,0x0,0x0,0xD,0,0
5,64,0,1,255,0x0,0x0,0x9,0,0
5,64,0,2,255,0x0,0x0,0xD,0,0
5,64,0,3,255,0x0,0x0,0xB,0,0
5,64,0,4,255,0x0,0x0,0x5,0,0
5,96,1,0,2,0x0,0x0,0xD,0,1
5,96,1,1,3,0x0,0x0,0x9,0,1
5,96,1,2,5,0x0,0x0,0xD,0,1
5,96,1,3,6,0x0,0x0,0xB,0,1
5,96,1,4,7,0x0,0x0,0x5,0,1
5,128,1,0,2,0x0,0x0,0xD,0,1
5,128,1,1,3,0x0,0x0,0x9,0,1
5,128,1,2,5,0x0,0x0,0xD,0,1
5,128,1,3,6,0x0,0x0,0xB,0,1
5,128,1,4,7,0x0,0x0,0x5,0,1
5,160,1,0,2,0x0,0x0,0xD,0,1
5,160,1,1,3,0x0,0x0,0x9,0,1
5,160,1,2,5,0x0,0x0,0xD,0,1
5,160,1,3,6,0x0,0x0,0xB,0,1
5,160,1,4,7,0x0,0x0,0x5,0,1
5,192,1,0,2,0x0,0x0,0xD,0,1
5,192,1,1,3,0x0,0x0,0x9,0,1
5,192,1,2,5,0x0,0x0,0xD,0,1
5,192,1,3,6,0x0,0x0,0xB,0,1
5,192,1,4,7,0x0,0x0,0x5,0,1
5,256,1,0,2,0xA,0x8,0xD,2,1
5,256,1,1,3,0x7,0x1,0x9,3,1
5,256,1,2,5,0x1,0x1,0xD,1,1
5,256,1,3,6,0x7,0x3,0xB,3,1
5,256,1,4,7,0xE,0x4,0x5,3,1
5,320,1,0,2,0xF,0xD,0xD,4,1
5,320,1,1,3,0xF,0x9,0x9,4,1
5,320,1,2,5,0x3,0x1,0xD,2,1
5,320,1,3,6,0xF,0xB,0xB,4,1
5,320,1,4,7,0xF,0x5,0x5,4,1
5,384,1,0,2,0xF,0xD,0xD,4,1
5,384,1,1,3,0xF,0x9,0x9,4,1
5,384,1,2,5,0x3,0x1,0xD,2,1
5,384,1,3,6,0xF,0xB,0xB,4,1
5,384,1,4,7,0xF,0x5,0x5,4,1
5,512,1,0,2,0xF,0xD,0xD,4,1
5,512,1,1,3,0xF,0x9,0x9,4,1
5,512,1,2,5,0x3,0x1,0xD,2,1
5,512,1,3,6,0xF,0xB,0xB,4,1
5,512,1,4,7,0xF,0x5,0x5,4,1
6,64,0,0,255,0x0,0x0,0xC,0,0
6,64,0,1,255,0x0,0x0,0x5,0,0
6,64,0,2,255,0x0,0x0,0x8,0,0
6,64,0,3,255,0x0,0x0,0x8,0,0
6,64,0,4,255,0x0,0x0,0x4,0,0
6,96,1,0,7,0x0,0x0,0xC,0,1
6,96,1,1,0,0x0,0x0,0x5,0,1
6,96,1,2,2,0x0,0x0,0x8,0,1
6,96,1,3,3,0x0,0x0,0x8,0,1
6,96,1,4,4,0x0,0x0,0x4,0,1
6,128,1,0,7,0x0,0x0,0xC,0,1
6,128,1,1,0,0x0,0x0,0x5,0,1
6,128,1,2,2,0x0,0x0,0x8,0,1
6,128,1,3,3,0x0,0x0,0x8,0,1
6,128,1,4,4,0x0,0x0,0x4,0,1
6,160,1,0,7,0x0,0x0,0xC,0,1
6,160,1,1,0,0x0,0x0,0x5,0,1
6,160,1,2,2,0x0,0x0,0x8,0,1
6,160,1,3,3,0x0,0x0,0x8,0,1
6,160,1,4,4,0x0,0x0,0x4,0,1
6,192,1,0,7,0x0,0x0,0xC,0,1
6,192,1,1,0,0x0,0x0,0x5,0,1
6,192,1,2,2,0x0,0x0,0x8,0,1
6,192,1,3,3,0x0,0x0,0x8,0,1
6,192,1,4,4,0x0,0x0,0x4,0,1
6,256,1,0,7,0xF,0xC,0xC,4,1
6,256,1,1,0,0xF,0x5,0x5,4,1
6,256,1,2,2,0x3,0x0,0x8,2,1
6,256,1,3,3,0xF,0x8,0x8,4,1
6,256,1,4,4,0xF,0x4,0x4,4,1
6,320,1,0,7,0xF,0xC,0xC,4,1
6,320,1,1,0,0xF,0x5,0x5,4,1
6,320,1,2,2,0x3,0x0,0x8,2,1
6,320,1,3,3,0xF,0x8,0x8,4,1
6,320,1,4,4,0xF,0x4,0x4,4,1
6,384,1,0,7,0xF,0xC,0xC,4,1
6,384,1,1,0,0xF,0x5,0x5,4,1
6,384,1,2,2,0x3,0x0,0x8,2,1
6,384,1,3,3,0xF,0x8,0x8,4,1
6,384,1,4,4,0xF,0x4,0x4,4,1
6,512,1,0,7,0xF,0xC,0xC,4,1
6,512,1,1,0,0xF,0x5,0x5,4,1
6,512,1,2,2,0x3,0x0,0x8,2,1
6,512,1,3,3,0xF,0x8,0x8,4,1
6,512,1,4,4,0xF,0x4,0x4,4,1
7,64,0,0,255,0x0,0x0,0xD,0,0
7,64,0,1,255,0x0,0x0,0x6,0,0
7,64,0,2,255,0x0,0x0,0x5,0,0
7,64,0,3,255,0x0,0x0,0x7,0,0
7,64,0,4,255,0x0,0x0,0x7,0,0
7,96,1,0,2,0x0,0x0,0xD,0,1
7,96,1,1,3,0x0,0x0,0x6,0,1
7,96,1,2,5,0x0,0x0,0x5,0,1
7,96,1,3,6,0x0,0x0,0x7,0,1
7,96,1,4,7,0x0,0x0,0x7,0,1
7,128,1,0,2,0x0,0x0,0xD,0,1
7,128,1,1,3,0x0,0x0,0x6,0,1
7,128,1,2,5,0x0,0x0,0x5,0,1
7,128,1,3,6,0x0,0x0,0x7,0,1
7,128,1,4,7,0x0,0x0,0x7,0,1
7,160,1,0,2,0x0,0x0,0xD,0,1
7,160,1,1,3,0x0,0x0,0x6,0,1
7,160,1,2,5,0x0,0x0,0x5,0,1
7,160,1,3,6,0x0,0x0,0x7,0,1
7,160,1,4,7,0x0,0x0,0x7,0,1
7,192,1,0,2,0x0,0x0,0xD,0,1
7,192,1,1,3,0x0,0x0,0x6,0,1
7,192,1,2,5,0x0,0x0,0x5,0,1
7,192,1,3,6,0x0,0x0,0x7,0,1
7,192,1,4,7,0x0,0x0,0x7,0,1
7,256,1,0,2,0xF,0xD,0xD,4,1
7,256,1,1,3,0xF,0x6,0x6,4,1
7,256,1,2,5,0x3,0x1,0x5,2,1
7,256,1,3,6,0xF,0x7,0x7,4,1
7,256,1,4,7,0xF,0x7,0x7,4,1
7,320,1,0,2,0xF,0xD,0xD,4,1
7,320,1,1,3,0xF,0x6,0x6,4,1
7,320,1,2,5,0x3,0x1,0x5,2,1
7,320,1,3,6,0xF,0x7,0x7,4,1
7,320,1,4,7,0xF,0x7,0x7,4,1
7,384,1,0,2,0xF,0xD,0xD,4,1
7,384,1,1,3,0xF,0x6,0x6,4,1
7,384,1,2,5,0x3,0x1,0x5,2,1
7,384,1,3,6,0xF,0x7,0x7,4,1
7,384,1,4,7,0xF,0x7,0x7,4,1
7,512,1,0,2,0xF,0xD,0xD,4,1
7,512,1,1,3,0xF,0x6,0x6,4,1
7,512,1,2,5,0x3,0x1,0x5,2,1
7,512,1,3,6,0xF,0x7,0x7,4,1
7,512,1,4,7,0xF,0x7,0x7,4,1
8,64,0,0,255,0x0,0x0,0xB,0,0
8,64,0,1,255,0x0,0x0,0x1,0,0
8,64,0,2,255,0x0,0x0,0xE,0,0
8,64,0,3,255,0x0,0x0,0x3,0,0
8,64,0,4,255,0x0,0x0,0xB,0,0
8,96,1,0,5,0x0,0x0,0xB,0,1
8,96,1,1,6,0x0,0x0,0x1,0,1
8,96,1,2,0,0x0,0x0,0xE,0,1
8,96,1,3,1,0x0,0x0,0x3,0,1
8,96,1,4,2,0x0,0x0,0xB,0,1
8,128,1,0,5,0x0,0x0,0xB,0,1
8,128,1,1,6,0x0,0x0,0x1,0,1
8,128,1,2,0,0x0,0x0,0xE,0,1
8,128,1,3,1,0x0,0x0,0x3,0,1
8,128,1,4,2,0x0,0x0,0xB,0,1
8,160,1,0,5,0x0,0x0,0xB,0,1
8,160,1,1,6,0x0,0x0,0x1,0,1
8,160,1,2,0,0x0,0x0,0xE,0,1
8,160,1,3,1,0x0,0x0,0x3,0,1
8,160,1,4,2,0x0,0x0,0xB,0,1
8,192,1,0,5,0x0,0x0,0xB,0,1
8,192,1,1,6,0x0,0x0,0x1,0,1
8,192,1,2,0,0x0,0x0,0xE,0,1
8,192,1,3,1,0x0,0x0,0x3,0,1
8,192,1,4,2,0x0,0x0,0xB,0,1
8,256,1,0,5,0xF,0xB,0xB,4,1
8,256,1,1,6,0xF,0x1,0x1,4,1
8,256,1,2,0,0x3,0x2,0xE,2,1
8,256,1,3,1,0xF,0x3,0x3,4,1
8,256,1,4,2,0xF,0xB,0xB,4,1
8,320,1,0,5,0xF,0xB,0xB,4,1
8,320,1,1,6,0xF,0x1,0x1,4,1
8,320,1,2,0,0x3,0x2,0xE,2,1
8,320,1,3,1,0xF,0x3,0x3,4,1
8,320,1,4,2,0xF,0xB,0xB,4,1
8,384,1,0,5,0xF,0xB,0xB,4,1
8,384,1,1,6,0xF,0x1,0x1,4,1
8,384,1,2,0,0x3,0x2,0xE,2,1
8,384,1,3,1,0xF,0x3,0x3,4,1
8,384,1,4,2,0xF,0xB,0xB,4,1
8,512,1,0,5,0xF,0xB,0xB,4,1
8,512,1,1,6,0xF,0x1,0x1,4,1
8,512,1,2,0,0x3,0x2,0xE,2,1
8,512,1,3,1,0xF,0x3,0x3,4,1
8,512,1,4,2,0xF,0xB,0xB,4,1
9,64,0,0,255,0x0,0x0,0x4,0,0
9,64,0,1,255,0x0,0x0,0x0,0,0
9,64,0,2,255,0x0,0x0,0xD,0,0
9,64,0,3,255,0x0,0x0,0x6,0,0
9,64,0,4,255,0x0,0x0,0xF,0,0
9,96,1,0,2,0x0,0x0,0x4,0,1
9,96,1,1,3,0x0,0x0,0x0,0,1
9,96,1,2,5,0x0,0x0,0xD,0,1
9,96,1,3,6,0x0,0x0,0x6,0,1
9,96,1,4,7,0x0,0x0,0xF,0,1
9,128,1,0,2,0x0,0x0,0x4,0,1
9,128,1,1,3,0x0,0x0,0x0,0,1
9,128,1,2,5,0x0,0x0,0xD,0,1
9,128,1,3,6,0x0,0x0,0x6,0,1
9,128,1,4,7,0x0,0x0,0xF,0,1
9,160,1,0,2,0x0,0x0,0x4,0,1
9,160,1,1,3,0x0,0x0,0x0,0,1
9,160,1,2,5,0x0,0x0,0xD,0,1
9,160,1,3,6,0x0,0x0,0x6,0,1
9,160,1,4,7,0x0,0x0,0xF,0,1
9,192,1,0,2,0x0,0x0,0x4,0,1
9,192,1,1,3,0x0,0x0,0x0,0,1
9,192,1,2,5,0x0,0x0,0xD,0,1
9,192,1,3,6,0x0,0x0,0x6,0,1
9,192,1,4,7,0x0,0x0,0xF,0,1
9,256,1,0,2,0xF,0x4,0x4,4,1
9,256,1,1,3,0xF,0x0,0x0,4,1
9,256,1,2,5,0x3,0x1,0xD,2,1
9,256,1,3,6,0xF,0x6,0x6,4,1
9,256,1,4,7,0xF,0xF,0xF,4,1
9,320,1,0,2,0xF,0x4,0x4,4,1
9,320,1,1,3,0xF,0x0,0x0,4,1
9,320,1,2,5,0x3,0x1,0xD,2,1
9,320,1,3,6,0xF,0x6,0x6,4,1
9,320,1,4,7,0xF,0xF,0xF,4,1
9,384,1,0,2,0xF,0x4,0x4,4,1
9,384,1,1,3,0xF,0x0,0x0,4,1
9,384,1,2,5,0x3,0x1,0xD,2,1
9,384,1,3,6,0xF,0x6,0x6,4,1
9,384,1,4,7,0xF,0xF,0xF,4,1
9,512,1,0,2,0xF,0x4,0x4,4,1
9,512,1,1,3,0xF,0x0,0x0,4,1
9,512,1,2,5,0x3,0x1,0xD,2,1
9,512,1,3,6,0xF,0x6,0x6,4,1
9,512,1,4,7,0xF,0xF,0xF,4,1
10,64,1,0,1,0x0,0x0,0x9,0,1
10,64,1,1,2,0x0,0x0,0x7,0,1
10,64,1,2,4,0x0,0x0,0x3,0,1
10,64,1,3,5,0x0,0x0,0x2,0,1
10,64,1,4,6,0x0,0x0,0x5,0,1
10,96,1,0,1,0x0,0x0,0x9,0,1
10,96,1,1,2,0x0,0x0,0x7,0,1
10,96,1,2,4,0x0,0x0,0x3,0,1
10,96,1,3,5,0x0,0x0,0x2,0,1
10,96,1,4,6,0x0,0x0,0x5,0,1
10,128,1,0,1,0x0,0x0,0x9,0,1
10,128,1,1,2,0x0,0x0,0x7,0,1
10,128,1,2,4,0x0,0x0,0x3,0,1
10,128,1,3,5,0x0,0x0,0x2,0,1
10,128,1,4,6,0x0,0x0,0x5,0,1
10,160,1,0,1,0x0,0x0,0x9,0,1
10,160,1,1,2,0x0,0x0,0x7,0,1
10,160,1,2,4,0x0,0x0,0x3,0,1
10,160,1,3,5,0x0,0x0,0x2,0,1
10,160,1,4,6,0x0,0x0,0x5,0,1
10,192,1,0,1,0x0,0x0,0x9,0,1
10,192,1,1,2,0x0,0x0,0x7,0,1
10,192,1,2,4,0x0,0x0,0x3,0,1
10,192,1,3,5,0x0,0x0,0x2,0,1
10,192,1,4,6,0x0,0x0,0x5,0,1
10,256,1,0,1,0x8,0x8,0x9,1,1
10,256,1,1,2,0x2,0x2,0x7,1,1
10,256,1,2,4,0x2,0x2,0x3,1,1
10,256,1,3,5,0xA,0x2,0x2,2,1
10,256,1,4,6,0x7,0x5,0x5,3,1
10,320,1,0,1,0xF,0x9,0x9,4,1
10,320,1,1,2,0xF,0x7,0x7,4,1
10,320,1,2,4,0x3,0x3,0x3,2,1
10,320,1,3,5,0xF,0x2,0x2,4,1
10,320,1,4,6,0xF,0x5,0x5,4,1
10,384,1,0,1,0xF,0x9,0x9,4,1
10,384,1,1,2,0xF,0x7,0x7,4,1
10,384,1,2,4,0x3,0x3,0x3,2,1
10,384,1,3,5,0xF,0x2,0x2,4,1
10,384,1,4,6,0xF,0x5,0x5,4,1
10,512,1,0,1,0xF,0x9,0x9,4,1
10,512,1,1,2,0xF,0x7,0x7,4,1
10,512,1,2,4,0x3,0x3,0x3,2,1
10,512,1,3,5,0xF,0x2,0x2,4,1
10,512,1,4,6,0xF,0x5,0x5,4,1
11,64,0,0,255,0x0,0x0,0xC,0,0
11,64,0,1,255,0x0,0x0,0x2,0,0
11,64,0,2,255,0x0,0x0,0x0,0,0
11,64,0,3,255,0x0,0x0,0x3,0,0
11,64,0,4,255,0x0,0x0,0x9,0,0
11,96,1,0,1,0x0,0x0,0xC,0,1
11,96,1,1,2,0x0,0x0,0x2,0,1
11,96,1,2,4,0x0,0x0,0x0,0,1
11,96,1,3,5,0x0,0x0,0x3,0,1
11,96,1,4,6,0x0,0x0,0x9,0,1
11,128,1,0,1,0x0,0x0,0xC,0,1
11,128,1,1,2,0x0,0x0,0x2,0,1
11,128,1,2,4,0x0,0x0,0x0,0,1
11,128,1,3,5,0x0,0x0,0x3,0,1
11,128,1,4,6,0x0,0x0,0x9,0,1
11,160,1,0,1,0x0,0x0,0xC,0,1
11,160,1,1,2,0x0,0x0,0x2,0,1
11,160,1,2,4,0x0,0x0,0x0,0,1
11,160,1,3,5,0x0,0x0,0x3,0,1
11,160,1,4,6,0x0,0x0,0x9,0,1
11,192,1,0,1,0x0,0x0,0xC,0,1
11,192,1,1,2,0x0,0x0,0x2,0,1
11,192,1,2,4,0x0,0x0,0x0,0,1
11,192,1,3,5,0x0,0x0,0x3,0,1
11,192,1,4,6,0x0,0x0,0x9,0,1
11,256,1,0,1,0xF,0xC,0xC,4,1
11,256,1,1,2,0xF,0x2,0x2,4,1
11,256,1,2,4,0x3,0x0,0x0,2,1
11,256,1,3,5,0xF,0x3,0x3,4,1
11,256,1,4,6,0xF,0x9,0x9,4,1
11,320,1,0,1,0xF,0xC,0xC,4,1
11,320,1,1,2,0xF,0x2,0x2,4,1
11,320,1,2,4,0x3,0x0,0x0,2,1
11,320,1,3,5,0xF,0x3,0x3,4,1
11,320,1,4,6,0xF,0x9,0x9,4,1
11,384,1,0,1,0xF,0xC,0xC,4,1
11,384,1,1,2,0xF,0x2,0x2,4,1
11,384,1,2,4,0x3,0x0,0x0,2,1
11,384,1,3,5,0xF,0x3,0x3,4,1
11,384,1,4,6,0xF,0x9,0x9,4,1
11,512,1,0,1,0xF,0xC,0xC,4,1
11,512,1,1,2,0xF,0x2,0x2,4,1
11,512,1,2,4,0x3,0x0,0x0,2,1
11,512,1,3,5,0xF,0x3,0x3,4,1
11,512,1,4,6,0xF,0x9,0x9,4,1
12,64,0,0,255,0x0,0x0,0x1,0,0
12,64,0,1,255,0x0,0x0,0x6,0,0
12,64,0,2,255,0x0,0x0,0xC,0,0
12,64,0,3,255,0x0,0x0,0x5,0,0
12,64,0,4,255,0x0,0x0,0x1,0,0
12,96,0,0,255,0x0,0x0,0x1,0,0
12,96,0,1,255,0x0,0x0,0x6,0,0
12,96,0,2,255,0x0,0x0,0xC,0,0
12,96,0,3,255,0x0,0x0,0x5,0,0
12,96,0,4,255,0x0,0x0,0x1,0,0
12,128,0,0,255,0x0,0x0,0x1,0,0
12,128,0,1,255,0x0,0x0,0x6,0,0
12,128,0,2,255,0x0,0x0,0xC,0,0
12,128,0,3,255,0x0,0x0,0x5,0,0
12,128,0,4,255,0x0,0x0,0x1,0,0
12,160,1,0,5,0x0,0x0,0x1,0,1
12,160,1,1,6,0x0,0x0,0x6,0,1
12,160,1,2,0,0x0,0x0,0xC,0,1
12,160,1,3,1,0x0,0x0,0x5,0,1
12,160,1,4,2,0x0,0x0,0x1,0,1
12,192,1,0,5,0x0,0x0,0x1,0,1
12,192,1,1,6,0x0,0x0,0x6,0,1
12,192,1,2,0,0x0,0x0,0xC,0,1
12,192,1,3,1,0x0,0x0,0x5,0,1
12,192,1,4,2,0x0,0x0,0x1,0,1
12,256,1,0,5,0xF,0x1,0x1,4,1
12,256,1,1,6,0xF,0x6,0x6,4,1
12,256,1,2,0,0x3,0x0,0xC,2,1
12,256,1,3,1,0xF,0x5,0x5,4,1
12,256,1,4,2,0xF,0x1,0x1,4,1
12,320,1,0,5,0xF,0x1,0x1,4,1
12,320,1,1,6,0xF,0x6,0x6,4,1
12,320,1,2,0,0x3,0x0,0xC,2,1
12,320,1,3,1,0xF,0x5,0x5,4,1
12,320,1,4,2,0xF,0x1,0x1,4,1
12,384,1,0,5,0xF,0x1,0x1,4,1
12,384,1,1,6,0xF,0x6,0x6,4,1
12,384,1,2,0,0x3,0x0,0xC,2,1
12,384,1,3,1,0xF,0x5,0x5,4,1
12,384,1,4,2,0xF,0x1,0x1,4,1
12,512,1,0,5,0xF,0x1,0x1,4,1
12,512,1,1,6,0xF,0x6,0x6,4,1
12,512,1,2,0,0x3,0x0,0xC,2,1
12,512,1,3,1,0xF,0x5,0x5,4,1
12,512,1,4,2,0xF,0x1,0x1,4,1
13,64,0,0,255,0x0,0x0,0xA,0,0
13,64,0,1,255,0x0,0x0,0x7,0,0
13,64,0,2,255,0x0,0x0,0xE,0,0
13,64,0,3,255,0x0,0x0,0xD,0,0
13,64,0,4,255,0x0,0x0,0x0,0,0
13,96,1,0,6,0x0,0x0,0xA,0,1
13,96,1,1,7,0x0,0x0,0x7,0,1
13,96,1,2,1,0x0,0x0,0xE,0,1
13,96,1,3,2,0x0,0x0,0xD,0,1
13,96,1,4,3,0x0,0x0,0x0,0,1
13,128,1,0,6,0x0,0x0,0xA,0,1
13,128,1,1,7,0x0,0x0,0x7,0,1
13,128,1,2,1,0x0,0x0,0xE,0,1
13,128,1,3,2,0x0,0x0,0xD,0,1
13,128,1,4,3,0x0,0x0,0x0,0,1
13,160,1,0,6,0x0,0x0,0xA,0,1
13,160,1,1,7,0x0,0x0,0x7,0,1
13,160,1,2,1,0x0,0x0,0xE,0,1
13,160,1,3,2,0x0,0x0,0xD,0,1
13,160,1,4,3,0x0,0x0,0x0,0,1
13,192,1,0,6,0x0,0x0,0xA,0,1
13,192,1,1,7,0x0,0x0,0x7,0,1
13,192,1,2,1,0x0,0x0,0xE,0,1
13,192,1,3,2,0x0,0x0,0xD,0,1
13,192,1,4,3,0x0,0x0,0x0,0,1
13,256,1,0,6,0xF,0xA,0xA,4,1
13,256,1,1,7,0xF,0x7,0x7,4,1
13,256,1,2,1,0x3,0x2,0xE,2,1
13,256,1,3,2,0xF,0xD,0xD,4,1
13,256,1,4,3,0xF,0x0,0x0,4,1
13,320,1,0,6,0xF,0xA,0xA,4,1
13,320,1,1,7,0xF,0x7,0x7,4,1
13,320,1,2,1,0x3,0x2,0xE,2,1
13,320,1,3,2,0xF,0xD,0xD,4,1
13,320,1,4,3,0xF,0x0,0x0,4,1
13,384,1,0,6,0xF,0xA,0xA,4,1
13,384,1,1,7,0xF,0x7,0x7,4,1
13,384,1,2,1,0x3,0x2,0xE,2,1
13,384,1,3,2,0xF,0xD,0xD,4,1
13,384,1,4,3,0xF,0x0,0x0,4,1
13,512,1,0,6,0xF,0xA,0xA,4,1
13,512,1,1,7,0xF,0x7,0x7,4,1
13,512,1,2,1,0x3,0x2,0xE,2,1
13,512,1,3,2,0xF,0xD,0xD,4,1
13,512,1,4,3,0xF,0x0,0x0,4,1
14,64,0,0,255,0x0,0x0,0x9,0,0
14,64,0,1,255,0x0,0x0,0xC,0,0
14,64,0,2,255,0x0,0x0,0x8,0,0
14,64,0,3,255,0x0,0x0,0xF,0,0
14,64,0,4,255,0x0,0x0,0xB,0,0
14,96,1,0,4,0x0,0x0,0x9,0,1
14,96,1,1,5,0x0,0x0,0xC,0,1
14,96,1,2,7,0x0,0x0,0x8,0,1
14,96,1,3,0,0x0,0x0,0xF,0,1
14,96,1,4,1,0x0,0x0,0xB,0,1
14,128,1,0,4,0x0,0x0,0x9,0,1
14,128,1,1,5,0x0,0x0,0xC,0,1
14,128,1,2,7,0x0,0x0,0x8,0,1
14,128,1,3,0,0x0,0x0,0xF,0,1
14,128,1,4,1,0x0,0x0,0xB,0,1
14,160,1,0,4,0x0,0x0,0x9,0,1
14,160,1,1,5,0x0,0x0,0xC,0,1
14,160,1,2,7,0x0,0x0,0x8,0,1
14,160,1,3,0,0x0,0x0,0xF,0,1
14,160,1,4,1,0x0,0x0,0xB,0,1
14,192,1,0,4,0x0,0x0,0x9,0,1
14,192,1,1,5,0x0,0x0,0xC,0,1
14,192,1,2,7,0x0,0x0,0x8,0,1
14,192,1,3,0,0x0,0x0,0xF,0,1
14,192,1,4,1,0x0,0x0,0xB,0,1
14,256,1,0,4,0xF,0x9,0x9,4,1
14,256,1,1,5,0xF,0xC,0xC,4,1
14,256,1,2,7,0x3,0x0,0x8,2,1
14,256,1,3,0,0xF,0xF,0xF,4,1
14,256,1,4,1,0xF,0xB,0xB,4,1
14,320,1,0,4,0xF,0x9,0x9,4,1
14,320,1,1,5,0xF,0xC,0xC,4,1
14,320,1,2,7,0x3,0x0,0x8,2,1
14,320,1,3,0,0xF,0xF,0xF,4,1
14,320,1,4,1,0xF,0xB,0xB,4,1
14,384,1,0,4,0xF,0x9,0x9,4,1
14,384,1,1,5,0xF,0xC,0xC,4,1
14,384,1,2,7,0x3,0x0,0x8,2,1
14,384,1,3,0,0xF,0xF,0xF,4,1
14,384,1,4,1,0xF,0xB,0xB,4,1
14,512,1,0,4,0xF,0x9,0x9,4,1
14,512,1,1,5,0xF,0xC,0xC,4,1
14,512,1,2,7,0x3,0x0,0x8,2,1
14,512,1,3,0,0xF,0xF,0xF,4,1
14,512,1,4,1,0xF,0xB,0xB,4,1
15,64,0,0,255,0x0,0x0,0xA,0,0
15,64,0,1,255,0x0,0x0,0xD,0,0
15,64,0,2,255,0x0,0x0,0x6,0,0
15,64,0,3,255,0x0,0x0,0x0,0,0
15,64,0,4,255,0x0,0x0,0xC,0,0
15,96,0,0,255,0x0,0x0,0xA,0,0
15,96,0,1,255,0x0,0x0,0xD,0,0
15,96,0,2,255,0x0,0x0,0x6,0,0
15,96,0,3,255,0x0,0x0,0x0,0,0
15,96,0,4,255,0x0,0x0,0xC,0,0
15,128,1,0,1,0x0,0x0,0xA,0,1
15,128,1,1,2,0x0,0x0,0xD,0,1
15,128,1,2,4,0x0,0x0,0x6,0,1
15,128,1,3,5,0x0,0x0,0x0,0,1
15,128,1,4,6,0x0,0x0,0xC,0,1
15,160,1,0,1,0x0,0x0,0xA,0,1
15,160,1,1,2,0x0,0x0,0xD,0,1
15,160,1,2,4,0x0,0x0,0x6,0,1
15,160,1,3,5,0x0,0x0,0x0,0,1
15,160,1,4,6,0x0,0x0,0xC,0,1
15,192,1,0,1,0x0,0x0,0xA,0,1
15,192,1,1,2,0x0,0x0,0xD,0,1
15,192,1,2,4,0x0,0x0,0x6,0,1
15,192,1,3,5,0x0,0x0,0x0,0,1
15,192,1,4,6,0x0,0x0,0xC,0,1
15,256,1,0,1,0xF,0xA,0xA,4,1
15,256,1,1,2,0xF,0xD,0xD,4,1
15,256,1,2,4,0x3,0x2,0x6,2,1
15,256,1,3,5,0xF,0x0,0x0,4,1
15,256,1,4,6,0xF,0xC,0xC,4,1
15,320,1,0,1,0xF,0xA,0xA,4,1
15,320,1,1,2,0xF,0xD,0xD,4,1
15,320,1,2,4,0x3,0x2,0x6,2,1
15,320,1,3,5,0xF,0x0,0x0,4,1
15,320,1,4,6,0xF,0xC,0xC,4,1
15,384,1,0,1,0xF,0xA,0xA,4,1
15,384,1,1,2,0xF,0xD,0xD,4,1
15,384,1,2,4,0x3,0x2,0x6,2,1
15,384,1,3,5,0xF,0x0,0x0,4,1
15,384,1,4,6,0xF,0xC,0xC,4,1
15,512,1,0,1,0xF,0xA,0xA,4,1
15,512,1,1,2,0xF,0xD,0xD,4,1
15,512,1,2,4,0x3,0x2,0x6,2,1
15,512,1,3,5,0xF,0x0,0x0,4,1
15,512,1,4,6,0xF,0xC,0xC,4,1
16,64,0,0,255,0x0,0x0,0x8,0,0
16,64,0,1,255,0x0,0x0,0x8,0,0
16,64,0,2,255,0x0,0x0,0xD,0,0
16,64,0,3,255,0x0,0x0,0xC,0,0
16,64,0,4,255,0x0,0x0,0xC,0,0
16,96,1,0,7,0x0,0x0,0x8,0,1
16,96,1,1,0,0x0,0x0,0x8,0,1
16,96,1,2,2,0x0,0x0,0xD,0,1
16,96,1,3,3,0x0,0x0,0xC,0,1
16,96,1,4,4,0x0,0x0,0xC,0,1
16,128,1,0,7,0x0,0x0,0x8,0,1
16,128,1,1,0,0x0,0x0,0x8,0,1
16,128,1,2,2,0x0,0x0,0xD,0,1
16,128,1,3,3,0x0,0x0,0xC,0,1
16,128,1,4,4,0x0,0x0,0xC,0,1
16,160,1,0,7,0x0,0x0,0x8,0,1
16,160,1,1,0,0x0,0x0,0x8,0,1
16,160,1,2,2,0x0,0x0,0xD,0,1
16,160,1,3,3,0x0,0x0,0xC,0,1
16,160,1,4,4,0x0,0x0,0xC,0,1
16,192,1,0,7,0x0,0x0,0x8,0,1
16,192,1,1,0,0x0,0x0,0x8,0,1
16,192,1,2,2,0x0,0x0,0xD,0,1
16,192,1,3,3,0x0,0x0,0xC,0,1
16,192,1,4,4,0x0,0x0,0xC,0,1
16,256,1,0,7,0xF,0x8,0x8,4,1
16,256,1,1,0,0xF,0x8,0x8,4,1
16,256,1,2,2,0x3,0x1,0xD,2,1
16,256,1,3,3,0xF,0xC,0xC,4,1
16,256,1,4,4,0xF,0xC,0xC,4,1
16,320,1,0,7,0xF,0x8,0x8,4,1
16,320,1,1,0,0xF,0x8,0x8,4,1
16,320,1,2,2,0x3,0x1,0xD,2,1
16,320,1,3,3,0xF,0xC,0xC,4,1
16,320,1,4,4,0xF,0xC,0xC,4,1
16,384,1,0,7,0xF,0x8,0x8,4,1
16,384,1,1,0,0xF,0x8,0x8,4,1
16,384,1,2,2,0x3,0x1,0xD,2,1
16,384,1,3,3,0xF,0xC,0xC,4,1
16,384,1,4,4,0xF,0xC,0xC,4,1
16,512,1,0,7,0xF,0x8,0x8,4,1
16,512,1,1,0,0xF,0x8,0x8,4,1
16,512,1,2,2,0x3,0x1,0xD,2,1
16,512,1,3,3,0xF,0xC,0xC,4,1
16,512,1,4,4,0xF,0xC,0xC,4,1
17,64,0,0,255,0x0,0x0,0xF,0,0
17,64,0,1,255,0x0,0x0,0x9,0,0
17,64,0,2,255,0x0,0x0,0x2,0,0
17,64,0,3,255,0x0,0x0,0x5,0,0
17,64,0,4,255,0x0,0x0,0x3,0,0
17,96,0,0,255,0x0,0x0,0xF,0,0
17,96,0,1,255,0x0,0x0,0x9,0,0
17,96,0,2,255,0x0,0x0,0x2,0,0
17,96,0,3,255,0x0,0x0,0x5,0,0
17,96,0,4,255,0x0,0x0,0x3,0,0
17,128,1,0,5,0x0,0x0,0xF,0,1
17,128,1,1,6,0x0,0x0,0x9,0,1
17,128,1,2,0,0x0,0x0,0x2,0,1
17,128,1,3,1,0x0,0x0,0x5,0,1
17,128,1,4,2,0x0,0x0,0x3,0,1
17,160,1,0,5,0x0,0x0,0xF,0,1
17,160,1,1,6,0x0,0x0,0x9,0,1
17,160,1,2,0,0x0,0x0,0x2,0,1
17,160,1,3,1,0x0,0x0,0x5,0,1
17,160,1,4,2,0x0,0x0,0x3,0,1
17,192,1,0,5,0x0,0x0,0xF,0,1
17,192,1,1,6,0x0,0x0,0x9,0,1
17,192,1,2,0,0x0,0x0,0x2,0,1
17,192,1,3,1,0x0,0x0,0x5,0,1
17,192,1,4,2,0x0,0x0,0x3,0,1
17,256,1,0,5,0x2,0x2,0xF,1,1
17,256,1,1,6,0x3,0x1,0x9,2,1
17,256,1,2,0,0x0,0x0,0x2,0,1
17,256,1,3,1,0x0,0x0,0x5,0,1
17,256,1,4,2,0x0,0x0,0x3,0,1
17,320,1,0,5,0xF,0xF,0xF,4,1
17,320,1,1,6,0xF,0x9,0x9,4,1
17,320,1,2,0,0x3,0x2,0x2,2,1
17,320,1,3,1,0xF,0x5,0x5,4,1
17,320,1,4,2,0xF,0x3,0x3,4,1
17,384,1,0,5,0xF,0xF,0xF,4,1
17,384,1,1,6,0xF,0x9,0x9,4,1
17,384,1,2,0,0x3,0x2,0x2,2,1
17,384,1,3,1,0xF,0x5,0x5,4,1
17,384,1,4,2,0xF,0x3,0x3,4,1
17,512,1,0,5,0xF,0xF,0xF,4,1
17,512,1,1,6,0xF,0x9,0x9,4,1
17,512,1,2,0,0x3,0x2,0x2,2,1
17,512,1,3,1,0xF,0x5,0x5,4,1
17,512,1,4,2,0xF,0x3,0x3,4,1
18,64,0,0,255,0x0,0x0,0xE,0,0
18,64,0,1,255,0x0,0x0,0x7,0,0
18,64,0,2,255,0x0,0x0,0x0,0,0
18,64,0,3,255,0x0,0x0,0x3,0,0
18,64,0,4,255,0x0,0x0,0x6,0,0
18,96,1,0,1,0x0,0x0,0xE,0,1
18,96,1,1,2,0x0,0x0,0x7,0,1
18,96,1,2,4,0x0,0x0,0x0,0,1
18,96,1,3,5,0x0,0x0,0x3,0,1
18,96,1,4,6,0x0,0x0,0x6,0,1
18,128,1,0,1,0x0,0x0,0xE,0,1
18,128,1,1,2,0x0,0x0,0x7,0,1
18,128,1,2,4,0x0,0x0,0x0,0,1
18,128,1,3,5,0x0,0x0,0x3,0,1
18,128,1,4,6,0x0,0x0,0x6,0,1
18,160,1,0,1,0x0,0x0,0xE,0,1
18,160,1,1,2,0x0,0x0,0x7,0,1
18,160,1,2,4,0x0,0x0,0x0,0,1
18,160,1,3,5,0x0,0x0,0x3,0,1
18,160,1,4,6,0x0,0x0,0x6,0,1
18,192,1,0,1,0x0,0x0,0xE,0,1
18,192,1,1,2,0x0,0x0,0x7,0,1
18,192,1,2,4,0x0,0x0,0x0,0,1
18,192,1,3,5,0x0,0x0,0x3,0,1
18,192,1,4,6,0x0,0x0,0x6,0,1
18,256,1,0,1,0xF,0xE,0xE,4,1
18,256,1,1,2,0xF,0x7,0x7,4,1
18,256,1,2,4,0x3,0x0,0x0,2,1
18,256,1,3,5,0xF,0x3,0x3,4,1
18,256,1,4,6,0xF,0x6,0x6,4,1
18,320,1,0,1,0xF,0xE,0xE,4,1
18,320,1,1,2,0xF,0x7,0x7,4,1
18,320,1,2,4,0x3,0x0,0x0,2,1
18,320,1,3,5,0xF,0x3,0x3,4,1
18,320,1,4,6,0xF,0x6,0x6,4,1
18,384,1,0,1,0xF,0xE,0xE,4,1
18,384,1,1,2,0xF,0x7,0x7,4,1
18,384,1,2,4,0x3,0x0,0x0,2,1
18,384,1,3,5,0xF,0x3,0x3,4,1
18,384,1,4,6,0xF,0x6,0x6,4,1
18,512,1,0,1,0xF,0xE,0xE,4,1
18,512,1,1,2,0xF,0x7,0x7,4,1
18,512,1,2,4,0x3,0x0,0x0,2,1
18,512,1,3,5,0xF,0x3,0x3,4,1
18,512,1,4,6,0xF,0x6,0x6,4,1
19,64,0,0,255,0x0,0x0,0x7,0,0
19,64,0,1,255,0x0,0x0,0x5,0,0
19,64,0,2,255,0x0,0x0,0x7,0,0
19,64,0,3,255,0x0,0x0,0x7,0,0
19,64,0,4,255,0x0,0x0,0x3,0,0
19,96,1,0,5,0x0,0x0,0x7,0,1
19,96,1,1,6,0x0,0x0,0x5,0,1
19,96,1,2,0,0x0,0x0,0x7,0,1
19,96,1,3,1,0x0,0x0,0x7,0,1
19,96,1,4,2,0x0,0x0,0x3,0,1
19,128,1,0,5,0x0,0x0,0x7,0,1
19,128,1,1,6,0x0,0x0,0x5,0,1
19,128,1,2,0,0x0,0x0,0x7,0,1
19,128,1,3,1,0x0,0x0,0x7,0,1
19,128,1,4,2,0x0,0x0,0x3,0,1
19,160,1,0,5,0x0,0x0,0x7,0,1
19,160,1,1,6,0x0,0x0,0x5,0,1
19,160,1,2,0,0x0,0x0,0x7,0,1
19,160,1,3,1,0x0,0x0,0x7,0,1
19,160,1,4,2,0x0,0x0,0x3,0,1
19,192,1,0,5,0x0,0x0,0x7,0,1
19,192,1,1,6,0x0,0x0,0x5,0,1
19,192,1,2,0,0x0,0x0,0x7,0,1
19,192,1,3,1,0x0,0x0,0x7,0,1
19,192,1,4,2,0x0,0x0,0x3,0,1
19,256,1,0,5,0xF,0x7,0x7,4,1
19,256,1,1,6,0xF,0x5,0x5,4,1
19,256,1,2,0,0x3,0x3,0x7,2,1
19,256,1,3,1,0xF,0x7,0x7,4,1
19,256,1,4,2,0xF,0x3,0x3,4,1
19,320,1,0,5,0xF,0x7,0x7,4,1
19,320,1,1,6,0xF,0x5,0x5,4,1
19,320,1,2,0,0x3,0x3,0x7,2,1
19,320,1,3,1,0xF,0x7,0x7,4,1
19,320,1,4,2,0xF,0x3,0x3,4,1
19,384,1,0,5,0xF,0x7,0x7,4,1
19,384,1,1,6,0xF,0x5,0x5,4,1
19,384,1,2,0,0x3,0x3,0x7,2,1
19,384,1,3,1,0xF,0x7,0x7,4,1
19,384,1,4,2,0xF,0x3,0x3,4,1
19,512,1,0,5,0xF,0x7,0x7,4,1
19,512,1,1,6,0xF,0x5,0x5,4,1
19,512,1,2,0,0x3,0x3,0x7,2,1
19,512,1,3,1,0xF,0x7,0x7,4,1
19,512,1,4,2,0xF,0x3,0x3,4,1
20,64,0,0,255,0x0,0x0,0xF,0,0
20,64,0,1,255,0x0,0x0,0xC,0,0
20,64,0,2,255,0x0,0x0,0x9,0,0
20,64,0,3,255,0x0,0x0,0x2,0,0
20,64,0,4,255,0x0,0x0,0xA,0,0
20,96,0,0,255,0x0,0x0,0xF,0,0
20,96,0,1,255,0x0,0x0,0xC,0,0
20,96,0,2,255,0x0,0x0,0x9,0,0
20,96,0,3,255,0x0,0x0,0x2,0,0
20,96,0,4,255,0x0,0x0,0xA,0,0
20,128,1,0,5,0x0,0x0,0xF,0,1
20,128,1,1,6,0x0,0x0,0xC,0,1
20,128,1,2,0,0x0,0x0,0x9,0,1
20,128,1,3,1,0x0,0x0,0x2,0,1
20,128,1,4,2,0x0,0x0,0xA,0,1
20,160,1,0,5,0x0,0x0,0xF,0,1
20,160,1,1,6,0x0,0x0,0xC,0,1
20,160,1,2,0,0x0,0x0,0x9,0,1
20,160,1,3,1,0x0,0x0,0x2,0,1
20,160,1,4,2,0x0,0x0,0xA,0,1
20,192,1,0,5,0x0,0x0,0xF,0,1
20,192,1,1,6,0x0,0x0,0xC,0,1
20,192,1,2,0,0x0,0x0,0x9,0,1
20,192,1,3,1,0x0,0x0,0x2,0,1
20,192,1,4,2,0x0,0x0,0xA,0,1
20,256,1,0,5,0xF,0xF,0xF,4,1
20,256,1,1,6,0xF,0xC,0xC,4,1
20,256,1,2,0,0x3,0x1,0x9,2,1
20,256,1,3,1,0xF,0x2,0x2,4,1
20,256,1,4,2,0xF,0xA,0xA,4,1
20,320,1,0,5,0xF,0xF,0xF,4,1
20,320,1,1,6,0xF,0xC,0xC,4,1
20,320,1,2,0,0x3,0x1,0x9,2,1
20,320,1,3,1,0xF,0x2,0x2,4,1
20,320,1,4,2,0xF,0xA,0xA,4,1
20,384,1,0,5,0xF,0xF,0xF,4,1
20,384,1,1,6,0xF,0xC,0xC,4,1
20,384,1,2,0,0x3,0x1,0x9,2,1
20,384,1,3,1,0xF,0x2,0x2,4,1
20,384,1,4,2,0xF,0xA,0xA,4,1
20,512,1,0,5,0xF,0xF,0xF,4,1
20,512,1,1,6,0xF,0xC,0xC,4,1
20,512,1,2,0,0x3,0x1,0x9,2,1
20,512,1,3,1,0xF,0x2,0x2,4,1
20,512,1,4,2,0xF,0xA,0xA,4,1
21,64,0,0,255,0x0,0x0,0x9,0,0
21,64,0,1,255,0x0,0x0,0xD,0,0
21,64,0,2,255,0x0,0x0,0xC,0,0
21,64,0,3,255,0x0,0x0,0x3,0,0
21,64,0,4,255,0x0,0x0,0x3,0,0
21,96,1,0,2,0x0,0x0,0x9,0,1
21,96,1,1,3,0x0,0x0,0xD,0,1
21,96,1,2,5,0x0,0x0,0xC,0,1
21,96,1,3,6,0x0,0x0,0x3,0,1
21,96,1,4,7,0x0,0x0,0x3,0,1
21,128,1,0,2,0x0,0x0,0x9,0,1
21,128,1,1,3,0x0,0x0,0xD,0,1
21,128,1,2,5,0x0,0x0,0xC,0,1
21,128,1,3,6,0x0,0x0,0x3,0,1
21,128,1,4,7,0x0,0x0,0x3,0,1
21,160,1,0,2,0x0,0x0,0x9,0,1
21,160,1,1,3,0x0,0x0,0xD,0,1
21,160,1,2,5,0x0,0x0,0xC,0,1
21,160,1,3,6,0x0,0x0,0x3,0,1
21,160,1,4,7,0x0,0x0,0x3,0,1
21,192,1,0,2,0x0,0x0,0x9,0,1
21,192,1,1,3,0x0,0x0,0xD,0,1
21,192,1,2,5,0x0,0x0,0xC,0,1
21,192,1,3,6,0x0,0x0,0x3,0,1
21,192,1,4,7,0x0,0x0,0x3,0,1
21,256,1,0,2,0xF,0x9,0x9,4,1
21,256,1,1,3,0xF,0xD,0xD,4,1
21,256,1,2,5,0x3,0x0,0xC,2,1
21,256,1,3,6,0xF,0x3,0x3,4,1
21,256,1,4,7,0xF,0x3,0x3,4,1
21,320,1,0,2,0xF,0x9,0x9,4,1
21,320,1,1,3,0xF,0xD,0xD,4,1
21,320,1,2,5,0x3,0x0,0xC,2,1
21,320,1,3,6,0xF,0x3,0x3,4,1
21,320,1,4,7,0xF,0x3,0x3,4,1
21,384,1,0,2,0xF,0x9,0x9,4,1
21,384,1,1,3,0xF,0xD,0xD,4,1
21,384,1,2,5,0x3,0x0,0xC,2,1
21,384,1,3,6,0xF,0x3,0x3,4,1
21,384,1,4,7,0xF,0x3,0x3,4,1
21,512,1,0,2,0xF,0x9,0x9,4,1
21,512,1,1,3,0xF,0xD,0xD,4,1
21,512,1,2,5,0x3,0x0,0xC,2,1
21,512,1,3,6,0xF,0x3,0x3,4,1
21,512,1,4,7,0xF,0x3,0x3,4,1
22,64,0,0,255,0x0,0x0,0x2,0,0
22,64,0,1,255,0x0,0x0,0x9,0,0
22,64,0,2,255,0x0,0x0,0xF,0,0
22,64,0,3,255,0x0,0x0,0xC,0,0
22,64,0,4,255,0x0,0x0,0x4,0,0
22,96,1,0,5,0x0,0x0,0x2,0,1
22,96,1,1,6,0x0,0x0,0x9,0,1
22,96,1,2,0,0x0,0x0,0xF,0,1
22,96,1,3,1,0x0,0x0,0xC,0,1
22,96,1,4,2,0x0,0x0,0x4,0,1
22,128,1,0,5,0x0,0x0,0x2,0,1
22,128,1,1,6,0x0,0x0,0x9,0,1
22,128,1,2,0,0x0,0x0,0xF,0,1
22,128,1,3,1,0x0,0x0,0xC,0,1
22,128,1,4,2,0x0,0x0,0x4,0,1
22,160,1,0,5,0x0,0x0,0x2,0,1
22,160,1,1,6,0x0,0x0,0x9,0,1
22,160,1,2,0,0x0,0x0,0xF,0,1
22,160,1,3,1,0x0,0x0,0xC,0,1
22,160,1,4,2,0x0,0x0,0x4,0,1
22,192,1,0,5,0x0,0x0,0x2,0,1
22,192,1,1,6,0x0,0x0,0x9,0,1
22,192,1,2,0,0x0,0x0,0xF,0,1
22,192,1,3,1,0x0,0x0,0xC,0,1
22,192,1,4,2,0x0,0x0,0x4,0,1
22,256,1,0,5,0xF,0x2,0x2,4,1
22,256,1,1,6,0xF,0x9,0x9,4,1
22,256,1,2,0,0x3,0x3,0xF,2,1
22,256,1,3,1,0xF,0xC,0xC,4,1
22,256,1,4,2,0xF,0x4,0x4,4,1
22,320,1,0,5,0xF,0x2,0x2,4,1
22,320,1,1,6,0xF,0x9,0x9,4,1
22,320,1,2,0,0x3,0x3,0xF,2,1
22,320,1,3,1,0xF,0xC,0xC,4,1
22,320,1,4,2,0xF,0x4,0x4,4,1
22,384,1,0,5,0xF,0x2,0x2,4,1
22,384,1,1,6,0xF,0x9,0x9,4,1
22,384,1,2,0,0x3,0x3,0xF,2,1
22,384,1,3,1,0xF,0xC,0xC,4,1
22,384,1,4,2,0xF,0x4,0x4,4,1
22,512,1,0,5,0xF,0x2,0x2,4,1
22,512,1,1,6,0xF,0x9,0x9,4,1
22,512,1,2,0,0x3,0x3,0xF,2,1
22,512,1,3,1,0xF,0xC,0xC,4,1
22,512,1,4,2,0xF,0x4,0x4,4,1
23,64,0,0,255,0x0,0x0,0x0,0,0
23,64,0,1,255,0x0,0x0,0xC,0,0
23,64,0,2,255,0x0,0x0,0xC,0,0
23,64,0,3,255,0x0,0x0,0x4,0,0
23,64,0,4,255,0x0,0x0,0xE,0,0
23,96,1,0,6,0x0,0x0,0x0,0,1
23,96,1,1,7,0x0,0x0,0xC,0,1
23,96,1,2,1,0x0,0x0,0xC,0,1
23,96,1,3,2,0x0,0x0,0x4,0,1
23,96,1,4,3,0x0,0x0,0xE,0,1
23,128,1,0,6,0x0,0x0,0x0,0,1
23,128,1,1,7,0x0,0x0,0xC,0,1
23,128,1,2,1,0x0,0x0,0xC,0,1
23,128,1,3,2,0x0,0x0,0x4,0,1
23,128,1,4,3,0x0,0x0,0xE,0,1
23,160,1,0,6,0x0,0x0,0x0,0,1
23,160,1,1,7,0x0,0x0,0xC,0,1
23,160,1,2,1,0x0,0x0,0xC,0,1
23,160,1,3,2,0x0,0x0,0x4,0,1
23,160,1,4,3,0x0,0x0,0xE,0,1
23,192,1,0,6,0x0,0x0,0x0,0,1
23,192,1,1,7,0x0,0x0,0xC,0,1
23,192,1,2,1,0x0,0x0,0xC,0,1
23,192,1,3,2,0x0,0x0,0x4,0,1
23,192,1,4,3,0x0,0x0,0xE,0,1
23,256,1,0,6,0xB,0x0,0x0,3,1
23,256,1,1,7,0x0,0x0,0xC,0,1
23,256,1,2,1,0x1,0x0,0xC,1,1
23,256,1,3,2,0x9,0x0,0x4,2,1
23,256,1,4,3,0xC,0xC,0xE,2,1
23,320,1,0,6,0xF,0x0,0x0,4,1
23,320,1,1,7,0xF,0xC,0xC,4,1
23,320,1,2,1,0x3,0x0,0xC,2,1
23,320,1,3,2,0xF,0x4,0x4,4,1
23,320,1,4,3,0xF,0xE,0xE,4,1
23,384,1,0,6,0xF,0x0,0x0,4,1
23,384,1,1,7,0xF,0xC,0xC,4,1
23,384,1,2,1,0x3,0x0,0xC,2,1
23,384,1,3,2,0xF,0x4,0x4,4,1
23,384,1,4,3,0xF,0xE,0xE,4,1
23,512,1,0,6,0xF,0x0,0x0,4,1
23,512,1,1,7,0xF,0xC,0xC,4,1
23,512,1,2,1,0x3,0x0,0xC,2,1
23,512,1,3,2,0xF,0x4,0x4,4,1
23,512,1,4,3,0xF,0xE,0xE,4,1
24,64,0,0,255,0x0,0x0,0xD,0,0
24,64,0,1,255,0x0,0x0,0xB,0,0
24,64,0,2,255,0x0,0x0,0x6,0,0
24,64,0,3,255,0x0,0x0,0x8,0,0
24,64,0,4,255,0x0,0x0,0x4,0,0
24,96,1,0,7,0x0,0x0,0xD,0,1
24,96,1,1,0,0x0,0x0,0xB,0,1
24,96,1,2,2,0x0,0x0,0x6,0,1
24,96,1,3,3,0x0,0x0,0x8,0,1
24,96,1,4,4,0x0,0x0,0x4,0,1
24,128,1,0,7,0x0,0x0,0xD,0,1
24,128,1,1,0,0x0,0x0,0xB,0,1
24,128,1,2,2,0x0,0x0,0x6,0,1
24,128,1,3,3,0x0,0x0,0x8,0,1
24,128,1,4,4,0x0,0x0,0x4,0,1
24,160,1,0,7,0x0,0x0,0xD,0,1
24,160,1,1,0,0x0,0x0,0xB,0,1
24,160,1,2,2,0x0,0x0,0x6,0,1
24,160,1,3,3,0x0,0x0,0x8,0,1
24,160,1,4,4,0x0,0x0,0x4,0,1
24,192,1,0,7,0x0,0x0,0xD,0,1
24,192,1,1,0,0x0,0x0,0xB,0,1
24,192,1,2,2,0x0,0x0,0x6,0,1
24,192,1,3,3,0x0,0x0,0x8,0,1
24,192,1,4,4,0x0,0x0,0x4,0,1
24,256,1,0,7,0xF,0xD,0xD,4,1
24,256,1,1,0,0xF,0xB,0xB,4,1
24,256,1,2,2,0x3,0x2,0x6,2,1
24,256,1,3,3,0xF,0x8,0x8,4,1
24,256,1,4,4,0xF,0x4,0x4,4,1
24,320,1,0,7,0xF,0xD,0xD,4,1
24,320,1,1,0,0xF,0xB,0xB,4,1
24,320,1,2,2,0x3,0x2,0x6,2,1
24,320,1,3,3,0xF,0x8,0x8,4,1
24,320,1,4,4,0xF,0x4,0x4,4,1
24,384,1,0,7,0xF,0xD,0xD,4,1
24,384,1,1,0,0xF,0xB,0xB,4,1
24,384,1,2,2,0x3,0x2,0x6,2,1
24,384,1,3,3,0xF,0x8,0x8,4,1
24,384,1,4,4,0xF,0x4,0x4,4,1
24,512,1,0,7,0xF,0xD,0xD,4,1
24,512,1,1,0,0xF,0xB,0xB,4,1
24,512,1,2,2,0x3,0x2,0x6,2,1
24,512,1,3,3,0xF,0x8,0x8,4,1
24,512,1,4,4,0xF,0x4,0x4,4,1
25,64,0,0,255,0x0,0x0,0x3,0,0
25,64,0,1,255,0x0,0x0,0xD,0,0
25,64,0,2,255,0x0,0x0,0x7,0,0
25,64,0,3,255,0x0,0x0,0xB,0,0
25,64,0,4,255,0x0,0x0,0x3,0,0
25,96,1,0,5,0x0,0x0,0x3,0,1
25,96,1,1,6,0x0,0x0,0xD,0,1
25,96,1,2,0,0x0,0x0,0x7,0,1
25,96,1,3,1,0x0,0x0,0xB,0,1
25,96,1,4,2,0x0,0x0,0x3,0,1
25,128,1,0,5,0x0,0x0,0x3,0,1
25,128,1,1,6,0x0,0x0,0xD,0,1
25,128,1,2,0,0x0,0x0,0x7,0,1
25,128,1,3,1,0x0,0x0,0xB,0,1
25,128,1,4,2,0x0,0x0,0x3,0,1
25,160,1,0,5,0x0,0x0,0x3,0,1
25,160,1,1,6,0x0,0x0,0xD,0,1
25,160,1,2,0,0x0,0x0,0x7,0,1
25,160,1,3,1,0x0,0x0,0xB,0,1
25,160,1,4,2,0x0,0x0,0x3,0,1
25,192,1,0,5,0x0,0x0,0x3,0,1
25,192,1,1,6,0x0,0x0,0xD,0,1
25,192,1,2,0,0x0,0x0,0x7,0,1
25,192,1,3,1,0x0,0x0,0xB,0,1
25,192,1,4,2,0x0,0x0,0x3,0,1
25,256,1,0,5,0xF,0x3,0x3,4,1
25,256,1,1,6,0xF,0xD,0xD,4,1
25,256,1,2,0,0x3,0x3,0x7,2,1
25,256,1,3,1,0xF,0xB,0xB,4,1
25,256,1,4,2,0xF,0x3,0x3,4,1
25,320,1,0,5,0xF,0x3,0x3,4,1
25,320,1,1,6,0xF,0xD,0xD,4,1
25,320,1,2,0,0x3,0x3,0x7,2,1
25,320,1,3,1,0xF,0xB,0xB,4,1
25,320,1,4,2,0xF,0x3,0x3,4,1
25,384,1,0,5,0xF,0x3,0x3,4,1
25,384,1,1,6,0xF,0xD,0xD,4,1
25,384,1,2,0,0x3,0x3,0x7,2,1
25,384,1,3,1,0xF,0xB,0xB,4,1
25,384,1,4,2,0xF,0x3,0x3,4,1
25,512,1,0,5,0xF,0x3,0x3,4,1
25,512,1,1,6,0xF,0xD,0xD,4,1
25,512,1,2,0,0x3,0x3,0x7,2,1
25,512,1,3,1,0xF,0xB,0xB,4,1
25,512,1,4,2,0xF,0x3,0x3,4,1
26,64,0,0,255,0x0,0x0,0x7,0,0
26,64,0,1,255,0x0,0x0,0x7,0,0
26,64,0,2,255,0x0,0x0,0x7,0,0
26,64,0,3,255,0x0,0x0,0x1,0,0
26,64,0,4,255,0x0,0x0,0xE,0,0
26,96,1,0,1,0x0,0x0,0x7,0,1
26,96,1,1,2,0x0,0x0,0x7,0,1
26,96,1,2,4,0x0,0x0,0x7,0,1
26,96,1,3,5,0x0,0x0,0x1,0,1
26,96,1,4,6,0x0,0x0,0xE,0,1
26,128,1,0,1,0x0,0x0,0x7,0,1
26,128,1,1,2,0x0,0x0,0x7,0,1
26,128,1,2,4,0x0,0x0,0x7,0,1
26,128,1,3,5,0x0,0x0,0x1,0,1
26,128,1,4,6,0x0,0x0,0xE,0,1
26,160,1,0,1,0x0,0x0,0x7,0,1
26,160,1,1,2,0x0,0x0,0x7,0,1
26,160,1,2,4,0x0,0x0,0x7,0,1
26,160,1,3,5,0x0,0x0,0x1,0,1
26,160,1,4,6,0x0,0x0,0xE,0,1
26,192,1,0,1,0x0,0x0,0x7,0,1
26,192,1,1,2,0x0,0x0,0x7,0,1
26,192,1,2,4,0x0,0x0,0x7,0,1
26,192,1,3,5,0x0,0x0,0x1,0,1
26,192,1,4,6,0x0,0x0,0xE,0,1
26,256,1,0,1,0xF,0x7,0x7,4,1
26,256,1,1,2,0xF,0x7,0x7,4,1
26,256,1,2,4,0x3,0x3,0x7,2,1
26,256,1,3,5,0xF,0x1,0x1,4,1
26,256,1,4,6,0xF,0xE,0xE,4,1
26,320,1,0,1,0xF,0x7,0x7,4,1
26,320,1,1,2,0xF,0x7,0x7,4,1
26,320,1,2,4,0x3,0x3,0x7,2,1
26,320,1,3,5,0xF,0x1,0x1,4,1
26,320,1,4,6,0xF,0xE,0xE,4,1
26,384,1,0,1,0xF,0x7,0x7,4,1
26,384,1,1,2,0xF,0x7,0x7,4,1
26,384,1,2,4,0x3,0x3,0x7,2,1
26,384,1,3,5,0xF,0x1,0x1,4,1
26,384,1,4,6,0xF,0xE,0xE,4,1
26,512,1,0,1,0xF,0x7,0x7,4,1
26,512,1,1,2,0xF,0x7,0x7,4,1
26,512,1,2,4,0x3,0x3,0x7,2,1
26,512,1,3,5,0xF,0x1,0x1,4,1
26,512,1,4,6,0xF,0xE,0xE,4,1
27,64,0,0,255,0x0,0x0,0x2,0,0
27,64,0,1,255,0x0,0x0,0xF,0,0
27,64,0,2,255,0x0,0x0,0x0,0,0
27,64,0,3,255,0x0,0x0,0x6,0,0
27,64,0,4,255,0x0,0x0,0x0,0,0
27,96,1,0,4,0x0,0x0,0x2,0,1
27,96,1,1,5,0x0,0x0,0xF,0,1
27,96,1,2,7,0x0,0x0,0x0,0,1
27,96,1,3,0,0x0,0x0,0x6,0,1
27,96,1,4,1,0x0,0x0,0x0,0,1
27,128,1,0,4,0x0,0x0,0x2,0,1
27,128,1,1,5,0x0,0x0,0xF,0,1
27,128,1,2,7,0x0,0x0,0x0,0,1
27,128,1,3,0,0x0,0x0,0x6,0,1
27,128,1,4,1,0x0,0x0,0x0,0,1
27,160,1,0,4,0x0,0x0,0x2,0,1
27,160,1,1,5,0x0,0x0,0xF,0,1
27,160,1,2,7,0x0,0x0,0x0,0,1
27,160,1,3,0,0x0,0x0,0x6,0,1
27,160,1,4,1,0x0,0x0,0x0,0,1
27,192,1,0,4,0x0,0x0,0x2,0,1
27,192,1,1,5,0x0,0x0,0xF,0,1
27,192,1,2,7,0x0,0x0,0x0,0,1
27,192,1,3,0,0x0,0x0,0x6,0,1
27,192,1,4,1,0x0,0x0,0x0,0,1
27,256,1,0,4,0xF,0x2,0x2,4,1
27,256,1,1,5,0xF,0xF,0xF,4,1
27,256,1,2,7,0x3,0x0,0x0,2,1
27,256,1,3,0,0xF,0x6,0x6,4,1
27,256,1,4,1,0xF,0x0,0x0,4,1
27,320,1,0,4,0xF,0x2,0x2,4,1
27,320,1,1,5,0xF,0xF,0xF,4,1
27,320,1,2,7,0x3,0x0,0x0,2,1
27,320,1,3,0,0xF,0x6,0x6,4,1
27,320,1,4,1,0xF,0x0,0x0,4,1
27,384,1,0,4,0xF,0x2,0x2,4,1
27,384,1,1,5,0xF,0xF,0xF,4,1
27,384,1,2,7,0x3,0x0,0x0,2,1
27,384,1,3,0,0xF,0x6,0x6,4,1
27,384,1,4,1,0xF,0x0,0x0,4,1
27,512,1,0,4,0xF,0x2,0x2,4,1
27,512,1,1,5,0xF,0xF,0xF,4,1
27,512,1,2,7,0x3,0x0,0x0,2,1
27,512,1,3,0,0xF,0x6,0x6,4,1
27,512,1,4,1,0xF,0x0,0x0,4,1
28,64,0,0,255,0x0,0x0,0xB,0,0
28,64,0,1,255,0x0,0x0,0x3,0,0
28,64,0,2,255,0x0,0x0,0x6,0,0
28,64,0,3,255,0x0,0x0,0x5,0,0
28,64,0,4,255,0x0,0x0,0xC,0,0
28,96,0,0,255,0x0,0x0,0xB,0,0
28,96,0,1,255,0x0,0x0,0x3,0,0
28,96,0,2,255,0x0,0x0,0x6,0,0
28,96,0,3,255,0x0,0x0,0x5,0,0
28,96,0,4,255,0x0,0x0,0xC,0,0
28,128,1,0,2,0x0,0x0,0xB,0,1
28,128,1,1,3,0x0,0x0,0x3,0,1
28,128,1,2,5,0x0,0x0,0x6,0,1
28,128,1,3,6,0x0,0x0,0x5,0,1
28,128,1,4,7,0x0,0x0,0xC,0,1
28,160,1,0,2,0x0,0x0,0xB,0,1
28,160,1,1,3,0x0,0x0,0x3,0,1
28,160,1,2,5,0x0,0x0,0x6,0,1
28,160,1,3,6,0x0,0x0,0x5,0,1
28,160,1,4,7,0x0,0x0,0xC,0,1
28,192,1,0,2,0x0,0x0,0xB,0,1
28,192,1,1,3,0x0,0x0,0x3,0,1
28,192,1,2,5,0x0,0x0,0x6,0,1
28,192,1,3,6,0x0,0x0,0x5,0,1
28,192,1,4,7,0x0,0x0,0xC,0,1
28,256,1,0,2,0xF,0xB,0xB,4,1
28,256,1,1,3,0xF,0x3,0x3,4,1
28,256,1,2,5,0x3,0x2,0x6,2,1
28,256,1,3,6,0xF,0x5,0x5,4,1
28,256,1,4,7,0x1,0x0,0xC,1,1
28,320,1,0,2,0xF,0xB,0xB,4,1
28,320,1,1,3,0xF,0x3,0x3,4,1
28,320,1,2,5,0x3,0x2,0x6,2,1
28,320,1,3,6,0xF,0x5,0x5,4,1
28,320,1,4,7,0xF,0xC,0xC,4,1
28,384,1,0,2,0xF,0xB,0xB,4,1
28,384,1,1,3,0xF,0x3,0x3,4,1
28,384,1,2,5,0x3,0x2,0x6,2,1
28,384,1,3,6,0xF,0x5,0x5,4,1
28,384,1,4,7,0xF,0xC,0xC,4,1
28,512,1,0,2,0xF,0xB,0xB,4,1
28,512,1,1,3,0xF,0x3,0x3,4,1
28,512,1,2,5,0x3,0x2,0x6,2,1
28,512,1,3,6,0xF,0x5,0x5,4,1
28,512,1,4,7,0xF,0xC,0xC,4,1
29,64,0,0,255,0x0,0x0,0xD,0,0
29,64,0,1,255,0x0,0x0,0xB,0,0
29,64,0,2,255,0x0,0x0,0xB,0,0
29,64,0,3,255,0x0,0x0,0xA,0,0
29,64,0,4,255,0x0,0x0,0x0,0,0
29,96,0,0,255,0x0,0x0,0xD,0,0
29,96,0,1,255,0x0,0x0,0xB,0,0
29,96,0,2,255,0x0,0x0,0xB,0,0
29,96,0,3,255,0x0,0x0,0xA,0,0
29,96,0,4,255,0x0,0x0,0x0,0,0
29,128,1,0,4,0x0,0x0,0xD,0,1
29,128,1,1,5,0x0,0x0,0xB,0,1
29,128,1,2,7,0x0,0x0,0xB,0,1
29,128,1,3,0,0x0,0x0,0xA,0,1
29,128,1,4,1,0x0,0x0,0x0,0,1
29,160,1,0,4,0x0,0x0,0xD,0,1
29,160,1,1,5,0x0,0x0,0xB,0,1
29,160,1,2,7,0x0,0x0,0xB,0,1
29,160,1,3,0,0x0,0x0,0xA,0,1
29,160,1,4,1,0x0,0x0,0x0,0,1
29,192,1,0,4,0x0,0x0,0xD,0,1
29,192,1,1,5,0x0,0x0,0xB,0,1
29,192,1,2,7,0x0,0x0,0xB,0,1
29,192,1,3,0,0x0,0x0,0xA,0,1
29,192,1,4,1,0x0,0x0,0x0,0,1
29,256,1,0,4,0xF,0xD,0xD,4,1
29,256,1,1,5,0xF,0xB,0xB,4,1
29,256,1,2,7,0x3,0x3,0xB,2,1
29,256,1,3,0,0xF,0xA,0xA,4,1
29,256,1,4,1,0xF,0x0,0x0,4,1
29,320,1,0,4,0xF,0xD,0xD,4,1
29,320,1,1,5,0xF,0xB,0xB,4,1
29,320,1,2,7,0x3,0x3,0xB,2,1
29,320,1,3,0,0xF,0xA,0xA,4,1
29,320,1,4,1,0xF,0x0,0x0,4,1
29,384,1,0,4,0xF,0xD,0xD,4,1
29,384,1,1,5,0xF,0xB,0xB,4,1
29,384,1,2,7,0x3,0x3,0xB,2,1
29,384,1,3,0,0xF,0xA,0xA,4,1
29,384,1,4,1,0xF,0x0,0x0,4,1
29,512,1,0,4,0xF,0xD,0xD,4,1
29,512,1,1,5,0xF,0xB,0xB,4,1
29,512,1,2,7,0x3,0x3,0xB,2,1
29,512,1,3,0,0xF,0xA,0xA,4,1
29,512,1,4,1,0xF,0x0,0x0,4,1
30,64,0,0,255,0x0,0x0,0x1,0,0
30,64,0,1,255,0x0,0x0,0xC,0,0
30,64,0,2,255,0x0,0x0,0x7,0,0
30,64,0,3,255,0x0,0x0,0xA,0,0
30,64,0,4,255,0x0,0x0,0xA,0,0
30,96,0,0,255,0x0,0x0,0x1,0,0
30,96,0,1,255,0x0,0x0,0xC,0,0
30,96,0,2,255,0x0,0x0,0x7,0,0
30,96,0,3,255,0x0,0x0,0xA,0,0
30,96,0,4,255,0x0,0x0,0xA,0,0
30,128,0,0,255,0x0,0x0,0x1,0,0
30,128,0,1,255,0x0,0x0,0xC,0,0
30,128,0,2,255,0x0,0x0,0x7,0,0
30,128,0,3,255,0x0,0x0,0xA,0,0
30,128,0,4,255,0x0,0x0,0xA,0,0
30,160,1,0,4,0x0,0x0,0x1,0,1
30,160,1,1,5,0x0,0x0,0xC,0,1
30,160,1,2,7,0x0,0x0,0x7,0,1
30,160,1,3,0,0x0,0x0,0xA,0,1
30,160,1,4,1,0x0,0x0,0xA,0,1
30,192,1,0,4,0x0,0x0,0x1,0,1
30,192,1,1,5,0x0,0x0,0xC,0,1
30,192,1,2,7,0x0,0x0,0x7,0,1
30,192,1,3,0,0x0,0x0,0xA,0,1
30,192,1,4,1,0x0,0x0,0xA,0,1
30,256,1,0,4,0xE,0x0,0x1,3,1
30,256,1,1,5,0xA,0x8,0xC,2,1
30,256,1,2,7,0x1,0x1,0x7,1,1
30,256,1,3,0,0x6,0x2,0xA,2,1
30,256,1,4,1,0xB,0xA,0xA,3,1
30,320,1,0,4,0xF,0x1,0x1,4,1
30,320,1,1,5,0xF,0xC,0xC,4,1
30,320,1,2,7,0x3,0x3,0x7,2,1
30,320,1,3,0,0xF,0xA,0xA,4,1
30,320,1,4,1,0xF,0xA,0xA,4,1
30,384,1,0,4,0xF,0x1,0x1,4,1
30,384,1,1,5,0xF,0xC,0xC,4,1
30,384,1,2,7,0x3,0x3,0x7,2,1
30,384,1,3,0,0xF,0xA,0xA,4,1
30,384,1,4,1,0xF,0xA,0xA,4,1
30,512,1,0,4,0xF,0x1,0x1,4,1
30,512,1,1,5,0xF,0xC,0xC,4,1
30,512,1,2,7,0x3,0x3,0x7,2,1
30,512,1,3,0,0xF,0xA,0xA,4,1
30,512,1,4,1,0xF,0xA,0xA,4,1
31,64,0,0,255,0x0,0x0,0x5,0,0
31,64,0,1,255,0x0,0x0,0xB,0,0
31,64,0,2,255,0x0,0x0,0xD,0,0
31,64,0,3,255,0x0,0x0,0x3,0,0
31,64,0,4,255,0x0,0x0,0x3,0,0
31,96,1,0,3,0x0,0x0,0x5,0,1
31,96,1,1,4,0x0,0x0,0xB,0,1
31,96,1,2,6,0x0,0x0,0xD,0,1
31,96,1,3,7,0x0,0x0,0x3,0,1
31,96,1,4,0,0x0,0x0,0x3,0,1
31,128,1,0,3,0x0,0x0,0x5,0,1
31,128,1,1,4,0x0,0x0,0xB,0,1
31,128,1,2,6,0x0,0x0,0xD,0,1
31,128,1,3,7,0x0,0x0,0x3,0,1
31,128,1,4,0,0x0,0x0,0x3,0,1
31,160,1,0,3,0x0,0x0,0x5,0,1
31,160,1,1,4,0x0,0x0,0xB,0,1
31,160,1,2,6,0x0,0x0,0xD,0,1
31,160,1,3,7,0x0,0x0,0x3,0,1
31,160,1,4,0,0x0,0x0,0x3,0,1
31,192,1,0,3,0x0,0x0,0x5,0,1
31,192,1,1,4,0x0,0x0,0xB,0,1
31,192,1,2,6,0x0,0x0,0xD,0,1
31,192,1,3,7,0x0,0x0,0x3,0,1
31,192,1,4,0,0x0,0x0,0x3,0,1
31,256,1,0,3,0x6,0x4,0x5,2,1
31,256,1,1,4,0xC,0x8,0xB,2,1
31,256,1,2,6,0x1,0x1,0xD,1,1
31,256,1,3,7,0xE,0x2,0x3,3,1
31,256,1,4,0,0x5,0x1,0x3,2,1
31,320,1,0,3,0xF,0x5,0x5,4,1
31,320,1,1,4,0xF,0xB,0xB,4,1
31,320,1,2,6,0x3,0x1,0xD,2,1
31,320,1,3,7,0xF,0x3,0x3,4,1
31,320,1,4,0,0xF,0x3,0x3,4,1
31,384,1,0,3,0xF,0x5,0x5,4,1
31,384,1,1,4,0xF,0xB,0xB,4,1
31,384,1,2,6,0x3,0x1,0xD,2,1
31,384,1,3,7,0xF,0x3,0x3,4,1
31,384,1,4,0,0xF,0x3,0x3,4,1
31,512,1,0,3,0xF,0x5,0x5,4,1
31,512,1,1,4,0xF,0xB,0xB,4,1
31,512,1,2,6,0x3,0x1,0xD,2,1
31,512,1,3,7,0xF,0x3,0x3,4,1
31,512,1,4,0,0xF,0x3,0x3,4,1
32,64,0,0,255,0x0,0x0,0x6,0,0
32,64,0,1,255,0x0,0x0,0xC,0,0
32,64,0,2,255,0x0,0x0,0x5,0,0
32,64,0,3,255,0x0,0x0,0x0,0,0
32,64,0,4,255,0x0,0x0,0x4,0,0
32,96,1,0,1,0x0,0x0,0x6,0,1
32,96,1,1,2,0x0,0x0,0xC,0,1
32,96,1,2,4,0x0,0x0,0x5,0,1
32,96,1,3,5,0x0,0x0,0x0,0,1
32,96,1,4,6,0x0,0x0,0x4,0,1
32,128,1,0,1,0x0,0x0,0x6,0,1
32,128,1,1,2,0x0,0x0,0xC,0,1
32,128,1,2,4,0x0,0x0,0x5,0,1
32,128,1,3,5,0x0,0x0,0x0,0,1
32,128,1,4,6,0x0,0x0,0x4,0,1
32,160,1,0,1,0x0,0x0,0x6,0,1
32,160,1,1,2,0x0,0x0,0xC,0,1
32,160,1,2,4,0x0,0x0,0x5,0,1
32,160,1,3,5,0x0,0x0,0x0,0,1
32,160,1,4,6,0x0,0x0,0x4,0,1
32,192,1,0,1,0x0,0x0,0x6,0,1
32,192,1,1,2,0x0,0x0,0xC,0,1
32,192,1,2,4,0x2,0x0,0x5,1,1
32,192,1,3,5,0x0,0x0,0x0,0,1
32,192,1,4,6,0x0,0x0,0x4,0,1
32,256,1,0,1,0xF,0x6,0x6,4,1
32,256,1,1,2,0xF,0xC,0xC,4,1
32,256,1,2,4,0x3,0x1,0x5,2,1
32,256,1,3,5,0xF,0x0,0x0,4,1
32,256,1,4,6,0xF,0x4,0x4,4,1
32,320,1,0,1,0xF,0x6,0x6,4,1
32,320,1,1,2,0xF,0xC,0xC,4,1
32,320,1,2,4,0x3,0x1,0x5,2,1
32,320,1,3,5,0xF,0x0,0x0,4,1
32,320,1,4,6,0xF,0x4,0x4,4,1
32,384,1,0,1,0xF,0x6,0x6,4,1
32,384,1,1,2,0xF,0xC,0xC,4,1
32,384,1,2,4,0x3,0x1,0x5,2,1
32,384,1,3,5,0xF,0x0,0x0,4,1
32,384,1,4,6,0xF,0x4,0x4,4,1
32,512,1,0,1,0xF,0x6,0x6,4,1
32,512,1,1,2,0xF,0xC,0xC,4,1
32,512,1,2,4,0x3,0x1,0x5,2,1
32,512,1,3,5,0xF,0x0,0x0,4,1
32,512,1,4,6,0xF,0x4,0x4,4,1
33,64,0,0,255,0x0,0x0,0x7,0,0
33,64,0,1,255,0x0,0x0,0xE,0,0
33,64,0,2,255,0x0,0x0,0x1,0,0
33,64,0,3,255,0x0,0x0,0xD,0,0
33,64,0,4,255,0x0,0x0,0x8,0,0
33,96,1,0,6,0x0,0x0,0x7,0,1
33,96,1,1,7,0x0,0x0,0xE,0,1
33,96,1,2,1,0x0,0x0,0x1,0,1
33,96,1,3,2,0x0,0x0,0xD,0,1
33,96,1,4,3,0x0,0x0,0x8,0,1
33,128,1,0,6,0x0,0x0,0x7,0,1
33,128,1,1,7,0x0,0x0,0xE,0,1
33,128,1,2,1,0x0,0x0,0x1,0,1
33,128,1,3,2,0x0,0x0,0xD,0,1
33,128,1,4,3,0x0,0x0,0x8,0,1
33,160,1,0,6,0x0,0x0,0x7,0,1
33,160,1,1,7,0x0,0x0,0xE,0,1
33,160,1,2,1,0x0,0x0,0x1,0,1
33,160,1,3,2,0x0,0x0,0xD,0,1
33,160,1,4,3,0x0,0x0,0x8,0,1
33,192,1,0,6,0x0,0x0,0x7,0,1
33,192,1,1,7,0x0,0x0,0xE,0,1
33,192,1,2,1,0x0,0x0,0x1,0,1
33,192,1,3,2,0x0,0x0,0xD,0,1
33,192,1,4,3,0x0,0x0,0x8,0,1
33,256,1,0,6,0xF,0x7,0x7,4,1
33,256,1,1,7,0xF,0xE,0xE,4,1
33,256,1,2,1,0x3,0x1,0x1,2,1
33,256,1,3,2,0xF,0xD,0xD,4,1
33,256,1,4,3,0xF,0x8,0x8,4,1
33,320,1,0,6,0xF,0x7,0x7,4,1
33,320,1,1,7,0xF,0xE,0xE,4,1
33,320,1,2,1,0x3,0x1,0x1,2,1
33,320,1,3,2,0xF,0xD,0xD,4,1
33,320,1,4,3,0xF,0x8,0x8,4,1
33,384,1,0,6,0xF,0x7,0x7,4,1
33,384,1,1,7,0xF,0xE,0xE,4,1
33,384,1,2,1,0x3,0x1,0x1,2,1
33,384,1,3,2,0xF,0xD,0xD,4,1
33,384,1,4,3,0xF,0x8,0x8,4,1
33,512,1,0,6,0xF,0x7,0x7,4,1
33,512,1,1,7,0xF,0xE,0xE,4,1
33,512,1,2,1,0x3,0x1,0x1,2,1
33,512,1,3,2,0xF,0xD,0xD,4,1
33,512,1,4,3,0xF,0x8,0x8,4,1
34,64,0,0,255,0x0,0x0,0x9,0,0
34,64,0,1,255,0x0,0x0,0x1,0,0
34,64,0,2,255,0x0,0x0,0xC,0,0
34,64,0,3,255,0x0,0x0,0xD,0,0
34,64,0,4,255,0x0,0x0,0x8,0,0
34,96,1,0,5,0x0,0x0,0x9,0,1
34,96,1,1,6,0x0,0x0,0x1,0,1
34,96,1,2,0,0x0,0x0,0xC,0,1
34,96,1,3,1,0x0,0x0,0xD,0,1
34,96,1,4,2,0x0,0x0,0x8,0,1
34,128,1,0,5,0x0,0x0,0x9,0,1
34,128,1,1,6,0x0,0x0,0x1,0,1
34,128,1,2,0,0x0,0x0,0xC,0,1
34,128,1,3,1,0x0,0x0,0xD,0,1
34,128,1,4,2,0x0,0x0,0x8,0,1
34,160,1,0,5,0x0,0x0,0x9,0,1
34,160,1,1,6,0x0,0x0,0x1,0,1
34,160,1,2,0,0x0,0x0,0xC,0,1
34,160,1,3,1,0x0,0x0,0xD,0,1
34,160,1,4,2,0x0,0x0,0x8,0,1
34,192,1,0,5,0x0,0x0,0x9,0,1
34,192,1,1,6,0x0,0x0,0x1,0,1
34,192,1,2,0,0x0,0x0,0xC,0,1
34,192,1,3,1,0x0,0x0,0xD,0,1
34,192,1,4,2,0x0,0x0,0x8,0,1
34,256,1,0,5,0xF,0x9,0x9,4,1
34,256,1,1,6,0xF,0x1,0x1,4,1
34,256,1,2,0,0x3,0x0,0xC,2,1
34,256,1,3,1,0xF,0xD,0xD,4,1
34,256,1,4,2,0xF,0x8,0x8,4,1
34,320,1,0,5,0xF,0x9,0x9,4,1
34,320,1,1,6,0xF,0x1,0x1,4,1
34,320,1,2,0,0x3,0x0,0xC,2,1
34,320,1,3,1,0xF,0xD,0xD,4,1
34,320,1,4,2,0xF,0x8,0x8,4,1
34,384,1,0,5,0xF,0x9,0x9,4,1
34,384,1,1,6,0xF,0x1,0x1,4,1
34,384,1,2,0,0x3,0x0,0xC,2,1
34,384,1,3,1,0xF,0xD,0xD,4,1
34,384,1,4,2,0xF,0x8,0x8,4,1
34,512,1,0,5,0xF,0x9,0x9,4,1
34,512,1,1,6,0xF,0x1,0x1,4,1
34,512,1,2,0,0x3,0x0,0xC,2,1
34,512,1,3,1,0xF,0xD,0xD,4,1
34,512,1,4,2,0xF,0x8,0x8,4,1
35,64,0,0,255,0x0,0x0,0xD,0,0
35,64,0,1,255,0x0,0x0,0xA,0,0
35,64,0,2,255,0x0,0x0,0x0,0,0
35,64,0,3,255,0x0,0x0,0x6,0,0
35,64,0,4,255,0x0,0x0,0x8,0,0
35,96,0,0,255,0x0,0x0,0xD,0,0
35,96,0,1,255,0x0,0x0,0xA,0,0
35,96,0,2,255,0x0,0x0,0x0,0,0
35,96,0,3,255,0x0,0x0,0x6,0,0
35,96,0,4,255,0x0,0x0,0x8,0,0
35,128,1,0,3,0x0,0x0,0xD,0,1
35,128,1,1,4,0x0,0x0,0xA,0,1
35,128,1,2,6,0x0,0x0,0x0,0,1
35,128,1,3,7,0x0,0x0,0x6,0,1
35,128,1,4,0,0x0,0x0,0x8,0,1
35,160,1,0,3,0x0,0x0,0xD,0,1
35,160,1,1,4,0x0,0x0,0xA,0,1
35,160,1,2,6,0x0,0x0,0x0,0,1
35,160,1,3,7,0x0,0x0,0x6,0,1
35,160,1,4,0,0x0,0x0,0x8,0,1
35,192,1,0,3,0x0,0x0,0xD,0,1
35,192,1,1,4,0x0,0x0,0xA,0,1
35,192,1,2,6,0x0,0x0,0x0,0,1
35,192,1,3,7,0x0,0x0,0x6,0,1
35,192,1,4,0,0x0,0x0,0x8,0,1
35,256,1,0,3,0xF,0xD,0xD,4,1
35,256,1,1,4,0xF,0xA,0xA,4,1
35,256,1,2,6,0x3,0x0,0x0,2,1
35,256,1,3,7,0xF,0x6,0x6,4,1
35,256,1,4,0,0xF,0x8,0x8,4,1
35,320,1,0,3,0xF,0xD,0xD,4,1
35,320,1,1,4,0xF,0xA,0xA,4,1
35,320,1,2,6,0x3,0x0,0x0,2,1
35,320,1,3,7,0xF,0x6,0x6,4,1
35,320,1,4,0,0xF,0x8,0x8,4,1
35,384,1,0,3,0xF,0xD,0xD,4,1
35,384,1,1,4,0xF,0xA,0xA,4,1
35,384,1,2,6,0x3,0x0,0x0,2,1
35,384,1,3,7,0xF,0x6,0x6,4,1
35,384,1,4,0,0xF,0x8,0x8,4,1
35,512,1,0,3,0xF,0xD,0xD,4,1
35,512,1,1,4,0xF,0xA,0xA,4,1
35,512,1,2,6,0x3,0x0,0x0,2,1
35,512,1,3,7,0xF,0x6,0x6,4,1
35,512,1,4,0,0xF,0x8,0x8,4,1
36,64,0,0,255,0x0,0x0,0xE,0,0
36,64,0,1,255,0x0,0x0,0xE,0,0
36,64,0,2,255,0x0,0x0,0xB,0,0
36,64,0,3,255,0x0,0x0,0xA,0,0
36,64,0,4,255,0x0,0x0,0x8,0,0
36,96,1,0,2,0x0,0x0,0xE,0,1
36,96,1,1,3,0x0,0x0,0xE,0,1
36,96,1,2,5,0x0,0x0,0xB,0,1
36,96,1,3,6,0x0,0x0,0xA,0,1
36,96,1,4,7,0x0,0x0,0x8,0,1
36,128,1,0,2,0x0,0x0,0xE,0,1
36,128,1,1,3,0x0,0x0,0xE,0,1
36,128,1,2,5,0x0,0x0,0xB,0,1
36,128,1,3,6,0x0,0x0,0xA,0,1
36,128,1,4,7,0x0,0x0,0x8,0,1
36,160,1,0,2,0x0,0x0,0xE,0,1
36,160,1,1,3,0x0,0x0,0xE,0,1
36,160,1,2,5,0x0,0x0,0xB,0,1
36,160,1,3,6,0x0,0x0,0xA,0,1
36,160,1,4,7,0x0,0x0,0x8,0,1
36,192,1,0,2,0x0,0x0,0xE,0,1
36,192,1,1,3,0x0,0x0,0xE,0,1
36,192,1,2,5,0x0,0x0,0xB,0,1
36,192,1,3,6,0x0,0x0,0xA,0,1
36,192,1,4,7,0x0,0x0,0x8,0,1
36,256,1,0,2,0x3,0x2,0xE,2,1
36,256,1,1,3,0xC,0xC,0xE,2,1
36,256,1,2,5,0x3,0x3,0xB,2,1
36,256,1,3,6,0x4,0x0,0xA,1,1
36,256,1,4,7,0xD,0x8,0x8,3,1
36,320,1,0,2,0xF,0xE,0xE,4,1
36,320,1,1,3,0xF,0xE,0xE,4,1
36,320,1,2,5,0x3,0x3,0xB,2,1
36,320,1,3,6,0xF,0xA,0xA,4,1
36,320,1,4,7,0xF,0x8,0x8,4,1
36,384,1,0,2,0xF,0xE,0xE,4,1
36,384,1,1,3,0xF,0xE,0xE,4,1
36,384,1,2,5,0x3,0x3,0xB,2,1
36,384,1,3,6,0xF,0xA,0xA,4,1
36,384,1,4,7,0xF,0x8,0x8,4,1
36,512,1,0,2,0xF,0xE,0xE,4,1
36,512,1,1,3,0xF,0xE,0xE,4,1
36,512,1,2,5,0x3,0x3,0xB,2,1
36,512,1,3,6,0xF,0xA,0xA,4,1
36,512,1,4,7,0xF,0x8,0x8,4,1
37,64,0,0,255,0x0,0x0,0x8,0,0
37,64,0,1,255,0x0,0x0,0xE,0,0
37,64,0,2,255,0x0,0x0,0xC,0,0
37,64,0,3,255,0x0,0x0,0x3,0,0
37,64,0,4,255,0x0,0x0,0xA,0,0
37,96,1,0,7,0x0,0x0,0x8,0,1
37,96,1,1,0,0x0,0x0,0xE,0,1
37,96,1,2,2,0x0,0x0,0xC,0,1
37,96,1,3,3,0x0,0x0,0x3,0,1
37,96,1,4,4,0x0,0x0,0xA,0,1
37,128,1,0,7,0x0,0x0,0x8,0,1
37,128,1,1,0,0x0,0x0,0xE,0,1
37,128,1,2,2,0x0,0x0,0xC,0,1
37,128,1,3,3,0x0,0x0,0x3,0,1
37,128,1,4,4,0x0,0x0,0xA,0,1
37,160,1,0,7,0x0,0x0,0x8,0,1
37,160,1,1,0,0x0,0x0,0xE,0,1
37,160,1,2,2,0x0,0x0,0xC,0,1
37,160,1,3,3,0x0,0x0,0x3,0,1
37,160,1,4,4,0x0,0x0,0xA,0,1
37,192,1,0,7,0x0,0x0,0x8,0,1
37,192,1,1,0,0x0,0x0,0xE,0,1
37,192,1,2,2,0x0,0x0,0xC,0,1
37,192,1,3,3,0x0,0x0,0x3,0,1
37,192,1,4,4,0x0,0x0,0xA,0,1
37,256,1,0,7,0xF,0x8,0x8,4,1
37,256,1,1,0,0xF,0xE,0xE,4,1
37,256,1,2,2,0x3,0x0,0xC,2,1
37,256,1,3,3,0xF,0x3,0x3,4,1
37,256,1,4,4,0xF,0xA,0xA,4,1
37,320,1,0,7,0xF,0x8,0x8,4,1
37,320,1,1,0,0xF,0xE,0xE,4,1
37,320,1,2,2,0x3,0x0,0xC,2,1
37,320,1,3,3,0xF,0x3,0x3,4,1
37,320,1,4,4,0xF,0xA,0xA,4,1
37,384,1,0,7,0xF,0x8,0x8,4,1
37,384,1,1,0,0xF,0xE,0xE,4,1
37,384,1,2,2,0x3,0x0,0xC,2,1
37,384,1,3,3,0xF,0x3,0x3,4,1
37,384,1,4,4,0xF,0xA,0xA,4,1
37,512,1,0,7,0xF,0x8,0x8,4,1
37,512,1,1,0,0xF,0xE,0xE,4,1
37,512,1,2,2,0x3,0x0,0xC,2,1
37,512,1,3,3,0xF,0x3,0x3,4,1
37,512,1,4,4,0xF,0xA,0xA,4,1
38,64,0,0,255,0x0,0x0,0x0,0,0
38,64,0,1,255,0x0,0x0,0xF,0,0
38,64,0,2,255,0x0,0x0,0xA,0,0
38,64,0,3,255,0x0,0x0,0xE,0,0
38,64,0,4,255,0x0,0x0,0x3,0,0
38,96,1,0,0,0x0,0x0,0x0,0,1
38,96,1,1,1,0x0,0x0,0xF,0,1
38,96,1,2,3,0x0,0x0,0xA,0,1
38,96,1,3,4,0x0,0x0,0xE,0,1
38,96,1,4,5,0x0,0x0,0x3,0,1
38,128,1,0,0,0x0,0x0,0x0,0,1
38,128,1,1,1,0x0,0x0,0xF,0,1
38,128,1,2,3,0x0,0x0,0xA,0,1
38,128,1,3,4,0x0,0x0,0xE,0,1
38,128,1,4,5,0x0,0x0,0x3,0,1
38,160,1,0,0,0x0,0x0,0x0,0,1
38,160,1,1,1,0x0,0x0,0xF,0,1
38,160,1,2,3,0x0,0x0,0xA,0,1
38,160,1,3,4,0x0,0x0,0xE,0,1
38,160,1,4,5,0x0,0x0,0x3,0,1
38,192,1,0,0,0x0,0x0,0x0,0,1
38,192,1,1,1,0x0,0x0,0xF,0,1
38,192,1,2,3,0x0,0x0,0xA,0,1
38,192,1,3,4,0x0,0x0,0xE,0,1
38,192,1,4,5,0x0,0x0,0x3,0,1
38,256,1,0,0,0x4,0x0,0x0,1,1
38,256,1,1,1,0xE,0xE,0xF,3,1
38,256,1,2,3,0x3,0x2,0xA,2,1
38,256,1,3,4,0x5,0x4,0xE,2,1
38,256,1,4,5,0x7,0x3,0x3,3,1
38,320,1,0,0,0xF,0x0,0x0,4,1
38,320,1,1,1,0xF,0xF,0xF,4,1
38,320,1,2,3,0x3,0x2,0xA,2,1
38,320,1,3,4,0xF,0xE,0xE,4,1
38,320,1,4,5,0xF,0x3,0x3,4,1
38,384,1,0,0,0xF,0x0,0x0,4,1
38,384,1,1,1,0xF,0xF,0xF,4,1
38,384,1,2,3,0x3,0x2,0xA,2,1
38,384,1,3,4,0xF,0xE,0xE,4,1
38,384,1,4,5,0xF,0x3,0x3,4,1
38,512,1,0,0,0xF,0x0,0x0,4,1
38,512,1,1,1,0xF,0xF,0xF,4,1
38,512,1,2,3,0x3,0x2,0xA,2,1
38,512,1,3,4,0xF,0xE,0xE,4,1
38,512,1,4,5,0xF,0x3,0x3,4,1
39,64,0,0,255,0x0,0x0,0x2,0,0
39,64,0,1,255,0x0,0x0,0x7,0,0
39,64,0,2,255,0x0,0x0,0x8,0,0
39,64,0,3,255,0x0,0x0,0x3,0,0
39,64,0,4,255,0x0,0x0,0xB,0,0
39,96,1,0,5,0x0,0x0,0x2,0,1
39,96,1,1,6,0x0,0x0,0x7,0,1
39,96,1,2,0,0x0,0x0,0x8,0,1
39,96,1,3,1,0x0,0x0,0x3,0,1
39,96,1,4,2,0x0,0x0,0xB,0,1
39,128,1,0,5,0x0,0x0,0x2,0,1
39,128,1,1,6,0x0,0x0,0x7,0,1
39,128,1,2,0,0x0,0x0,0x8,0,1
39,128,1,3,1,0x0,0x0,0x3,0,1
39,128,1,4,2,0x0,0x0,0xB,0,1
39,160,1,0,5,0x0,0x0,0x2,0,1
39,160,1,1,6,0x0,0x0,0x7,0,1
39,160,1,2,0,0x0,0x0,0x8,0,1
39,160,1,3,1,0x0,0x0,0x3,0,1
39,160,1,4,2,0x0,0x0,0xB,0,1
39,192,1,0,5,0x0,0x0,0x2,0,1
39,192,1,1,6,0x0,0x0,0x7,0,1
39,192,1,2,0,0x0,0x0,0x8,0,1
39,192,1,3,1,0x0,0x0,0x3,0,1
39,192,1,4,2,0x0,0x0,0xB,0,1
39,256,1,0,5,0xF,0x2,0x2,4,1
39,256,1,1,6,0xF,0x7,0x7,4,1
39,256,1,2,0,0x3,0x0,0x8,2,1
39,256,1,3,1,0xF,0x3,0x3,4,1
39,256,1,4,2,0xF,0xB,0xB,4,1
39,320,1,0,5,0xF,0x2,0x2,4,1
39,320,1,1,6,0xF,0x7,0x7,4,1
39,320,1,2,0,0x3,0x0,0x8,2,1
39,320,1,3,1,0xF,0x3,0x3,4,1
39,320,1,4,2,0xF,0xB,0xB,4,1
39,384,1,0,5,0xF,0x2,0x2,4,1
39,384,1,1,6,0xF,0x7,0x7,4,1
39,384,1,2,0,0x3,0x0,0x8,2,1
39,384,1,3,1,0xF,0x3,0x3,4,1
39,384,1,4,2,0xF,0xB,0xB,4,1
39,512,1,0,5,0xF,0x2,0x2,4,1
39,512,1,1,6,0xF,0x7,0x7,4,1
39,512,1,2,0,0x3,0x0,0x8,2,1
39,512,1,3,1,0xF,0x3,0x3,4,1
39,512,1,4,2,0xF,0xB,0xB,4,1
40,64,0,0,255,0x0,0x0,0x8,0,0
40,64,0,1,255,0x0,0x0,0xA,0,0
40,64,0,2,255,0x0,0x0,0x8,0,0
40,64,0,3,255,0x0,0x0,0x0,0,0
40,64,0,4,255,0x0,0x0,0x1,0,0
40,96,1,0,7,0x0,0x0,0x8,0,1
40,96,1,1,0,0x0,0x0,0xA,0,1
40,96,1,2,2,0x0,0x0,0x8,0,1
40,96,1,3,3,0x0,0x0,0x0,0,1
40,96,1,4,4,0x0,0x0,0x1,0,1
40,128,1,0,7,0x0,0x0,0x8,0,1
40,128,1,1,0,0x0,0x0,0xA,0,1
40,128,1,2,2,0x0,0x0,0x8,0,1
40,128,1,3,3,0x0,0x0,0x0,0,1
40,128,1,4,4,0x0,0x0,0x1,0,1
40,160,1,0,7,0x0,0x0,0x8,0,1
40,160,1,1,0,0x0,0x0,0xA,0,1
40,160,1,2,2,0x0,0x0,0x8,0,1
40,160,1,3,3,0x0,0x0,0x0,0,1
40,160,1,4,4,0x0,0x0,0x1,0,1
40,192,1,0,7,0x0,0x0,0x8,0,1
40,192,1,1,0,0x0,0x0,0xA,0,1
40,192,1,2,2,0x0,0x0,0x8,0,1
40,192,1,3,3,0x0,0x0,0x0,0,1
40,192,1,4,4,0x0,0x0,0x1,0,1
40,256,1,0,7,0x3,0x0,0x8,2,1
40,256,1,1,0,0x2,0x2,0xA,1,1
40,256,1,2,2,0x0,0x0,0x8,0,1
40,256,1,3,3,0x1,0x0,0x0,1,1
40,256,1,4,4,0x7,0x1,0x1,3,1
40,320,1,0,7,0xF,0x8,0x8,4,1
40,320,1,1,0,0xF,0xA,0xA,4,1
40,320,1,2,2,0x3,0x0,0x8,2,1
40,320,1,3,3,0xF,0x0,0x0,4,1
40,320,1,4,4,0xF,0x1,0x1,4,1
40,384,1,0,7,0xF,0x8,0x8,4,1
40,384,1,1,0,0xF,0xA,0xA,4,1
40,384,1,2,2,0x3,0x0,0x8,2,1
40,384,1,3,3,0xF,0x0,0x0,4,1
40,384,1,4,4,0xF,0x1,0x1,4,1
40,512,1,0,7,0xF,0x8,0x8,4,1
40,512,1,1,0,0xF,0xA,0xA,4,1
40,512,1,2,2,0x3,0x0,0x8,2,1
40,512,1,3,3,0xF,0x0,0x0,4,1
40,512,1,4,4,0xF,0x1,0x1,4,1
41,64,0,0,255,0x0,0x0,0x5,0,0
41,64,0,1,255,0x0,0x0,0xD,0,0
41,64,0,2,255,0x0,0x0,0xC,0,0
41,64,0,3,255,0x0,0x0,0x1,0,0
41,64,0,4,255,0x0,0x0,0xF,0,0
41,96,1,0,2,0x0,0x0,0x5,0,1
41,96,1,1,3,0x0,0x0,0xD,0,1
41,96,1,2,5,0x0,0x0,0xC,0,1
41,96,1,3,6,0x0,0x0,0x1,0,1
41,96,1,4,7,0x0,0x0,0xF,0,1
41,128,1,0,2,0x0,0x0,0x5,0,1
41,128,1,1,3,0x0,0x0,0xD,0,1
41,128,1,2,5,0x0,0x0,0xC,0,1
41,128,1,3,6,0x0,0x0,0x1,0,1
41,128,1,4,7,0x0,0x0,0xF,0,1
41,160,1,0,2,0x0,0x0,0x5,0,1
41,160,1,1,3,0x0,0x0,0xD,0,1
41,160,1,2,5,0x0,0x0,0xC,0,1
41,160,1,3,6,0x0,0x0,0x1,0,1
41,160,1,4,7,0x0,0x0,0xF,0,1
41,192,1,0,2,0x0,0x0,0x5,0,1
41,192,1,1,3,0x0,0x0,0xD,0,1
41,192,1,2,5,0x0,0x0,0xC,0,1
41,192,1,3,6,0x0,0x0,0x1,0,1
41,192,1,4,7,0x0,0x0,0xF,0,1
41,256,1,0,2,0x9,0x1,0x5,2,1
41,256,1,1,3,0xE,0xC,0xD,3,1
41,256,1,2,5,0x3,0x0,0xC,2,1
41,256,1,3,6,0x2,0x0,0x1,1,1
41,256,1,4,7,0x7,0x7,0xF,3,1
41,320,1,0,2,0x9,0x1,0x5,2,1
41,320,1,1,3,0xE,0xC,0xD,3,1
41,320,1,2,5,0x3,0x0,0xC,2,1
41,320,1,3,6,0x2,0x0,0x1,1,1
41,320,1,4,7,0x7,0x7,0xF,3,1
41,384,1,0,2,0xF,0x5,0x5,4,1
41,384,1,1,3,0xF,0xD,0xD,4,1
41,384,1,2,5,0x3,0x0,0xC,2,1
41,384,1,3,6,0xF,0x1,0x1,4,1
41,384,1,4,7,0xF,0xF,0xF,4,1
41,512,1,0,2,0xF,0x5,0x5,4,1
41,512,1,1,3,0xF,0xD,0xD,4,1
41,512,1,2,5,0x3,0x0,0xC,2,1
41,512,1,3,6,0xF,0x1,0x1,4,1
41,512,1,4,7,0xF,0xF,0xF,4,1
42,64,0,0,255,0x0,0x0,0x8,0,0
42,64,0,1,255,0x0,0x0,0xB,0,0
42,64,0,2,255,0x0,0x0,0x0,0,0
42,64,0,3,255,0x0,0x0,0x3,0,0
42,64,0,4,255,0x0,0x0,0x2,0,0
42,96,1,0,4,0x0,0x0,0x8,0,1
42,96,1,1,5,0x0,0x0,0xB,0,1
42,96,1,2,7,0x0,0x0,0x0,0,1
42,96,1,3,0,0x0,0x0,0x3,0,1
42,96,1,4,1,0x0,0x0,0x2,0,1
42,128,1,0,4,0x0,0x0,0x8,0,1
42,128,1,1,5,0x0,0x0,0xB,0,1
42,128,1,2,7,0x0,0x0,0x0,0,1
42,128,1,3,0,0x0,0x0,0x3,0,1
42,128,1,4,1,0x0,0x0,0x2,0,1
42,160,1,0,4,0x0,0x0,0x8,0,1
42,160,1,1,5,0x0,0x0,0xB,0,1
42,160,1,2,7,0x0,0x0,0x0,0,1
42,160,1,3,0,0x0,0x0,0x3,0,1
42,160,1,4,1,0x0,0x0,0x2,0,1
42,192,1,0,4,0x0,0x0,0x8,0,1
42,192,1,1,5,0x0,0x0,0xB,0,1
42,192,1,2,7,0x0,0x0,0x0,0,1
42,192,1,3,0,0x0,0x0,0x3,0,1
42,192,1,4,1,0x0,0x0,0x2,0,1
42,256,1,0,4,0xF,0x8,0x8,4,1
42,256,1,1,5,0xF,0xB,0xB,4,1
42,256,1,2,7,0x3,0x0,0x0,2,1
42,256,1,3,0,0xF,0x3,0x3,4,1
42,256,1,4,1,0xF,0x2,0x2,4,1
42,320,1,0,4,0xF,0x8,0x8,4,1
42,320,1,1,5,0xF,0xB,0xB,4,1
42,320,1,2,7,0x3,0x0,0x0,2,1
42,320,1,3,0,0xF,0x3,0x3,4,1
42,320,1,4,1,0xF,0x2,0x2,4,1
42,384,1,0,4,0xF,0x8,0x8,4,1
42,384,1,1,5,0xF,0xB,0xB,4,1
42,384,1,2,7,0x3,0x0,0x0,2,1
42,384,1,3,0,0xF,0x3,0x3,4,1
42,384,1,4,1,0xF,0x2,0x2,4,1
42,512,1,0,4,0xF,0x8,0x8,4,1
42,512,1,1,5,0xF,0xB,0xB,4,1
42,512,1,2,7,0x3,0x0,0x0,2,1
42,512,1,3,0,0xF,0x3,0x3,4,1
42,512,1,4,1,0xF,0x2,0x2,4,1
43,64,0,0,255,0x0,0x0,0x2,0,0
43,64,0,1,255,0x0,0x0,0x5,0,0
43,64,0,2,255,0x0,0x0,0xF,0,0
43,64,0,3,255,0x0,0x0,0x1,0,0
43,64,0,4,255,0x0,0x0,0x6,0,0
43,96,0,0,255,0x0,0x0,0x2,0,0
43,96,0,1,255,0x0,0x0,0x5,0,0
43,96,0,2,255,0x0,0x0,0xF,0,0
43,96,0,3,255,0x0,0x0,0x1,0,0
43,96,0,4,255,0x0,0x0,0x6,0,0
43,128,1,0,6,0x0,0x0,0x2,0,1
43,128,1,1,7,0x0,0x0,0x5,0,1
43,128,1,2,1,0x0,0x0,0xF,0,1
43,128,1,3,2,0x0,0x0,0x1,0,1
43,128,1,4,3,0x0,0x0,0x6,0,1
43,160,1,0,6,0x0,0x0,0x2,0,1
43,160,1,1,7,0x0,0x0,0x5,0,1
43,160,1,2,1,0x0,0x0,0xF,0,1
43,160,1,3,2,0x0,0x0,0x1,0,1
43,160,1,4,3,0x0,0x0,0x6,0,1
43,192,1,0,6,0x0,0x0,0x2,0,1
43,192,1,1,7,0x0,0x0,0x5,0,1
43,192,1,2,1,0x0,0x0,0xF,0,1
43,192,1,3,2,0x0,0x0,0x1,0,1
43,192,1,4,3,0x0,0x0,0x6,0,1
43,256,1,0,6,0xF,0x2,0x2,4,1
43,256,1,1,7,0xF,0x5,0x5,4,1
43,256,1,2,1,0x3,0x3,0xF,2,1
43,256,1,3,2,0xF,0x1,0x1,4,1
43,256,1,4,3,0xF,0x6,0x6,4,1
43,320,1,0,6,0xF,0x2,0x2,4,1
43,320,1,1,7,0xF,0x5,0x5,4,1
43,320,1,2,1,0x3,0x3,0xF,2,1
43,320,1,3,2,0xF,0x1,0x1,4,1
43,320,1,4,3,0xF,0x6,0x6,4,1
43,384,1,0,6,0xF,0x2,0x2,4,1
43,384,1,1,7,0xF,0x5,0x5,4,1
43,384,1,2,1,0x3,0x3,0xF,2,1
43,384,1,3,2,0xF,0x1,0x1,4,1
43,384,1,4,3,0xF,0x6,0x6,4,1
43,512,1,0,6,0xF,0x2,0x2,4,1
43,512,1,1,7,0xF,0x5,0x5,4,1
43,512,1,2,1,0x3,0x3,0xF,2,1
43,512,1,3,2,0xF,0x1,0x1,4,1
43,512,1,4,3,0xF,0x6,0x6,4,1
44,64,0,0,255,0x0,0x0,0x4,0,0
44,64,0,1,255,0x0,0x0,0x6,0,0
44,64,0,2,255,0x0,0x0,0xE,0,0
44,64,0,3,255,0x0,0x0,0x8,0,0
44,64,0,4,255,0x0,0x0,0x7,0,0
44,96,0,0,255,0x0,0x0,0x4,0,0
44,96,0,1,255,0x0,0x0,0x6,0,0
44,96,0,2,255,0x0,0x0,0xE,0,0
44,96,0,3,255,0x0,0x0,0x8,0,0
44,96,0,4,255,0x0,0x0,0x7,0,0
44,128,1,0,7,0x0,0x0,0x4,0,1
44,128,1,1,0,0x0,0x0,0x6,0,1
44,128,1,2,2,0x0,0x0,0xE,0,1
44,128,1,3,3,0x0,0x0,0x8,0,1
44,128,1,4,4,0x0,0x0,0x7,0,1
44,160,1,0,7,0x0,0x0,0x4,0,1
44,160,1,1,0,0x0,0x0,0x6,0,1
44,160,1,2,2,0x0,0x0,0xE,0,1
44,160,1,3,3,0x0,0x0,0x8,0,1
44,160,1,4,4,0x0,0x0,0x7,0,1
44,192,1,0,7,0x0,0x0,0x4,0,1
44,192,1,1,0,0x0,0x0,0x6,0,1
44,192,1,2,2,0x0,0x0,0xE,0,1
44,192,1,3,3,0x0,0x0,0x8,0,1
44,192,1,4,4,0x0,0x0,0x7,0,1
44,256,1,0,7,0xF,0x4,0x4,4,1
44,256,1,1,0,0xF,0x6,0x6,4,1
44,256,1,2,2,0x3,0x2,0xE,2,1
44,256,1,3,3,0x3,0x0,0x8,2,1
44,256,1,4,4,0xF,0x7,0x7,4,1
44,320,1,0,7,0xF,0x4,0x4,4,1
44,320,1,1,0,0xF,0x6,0x6,4,1
44,320,1,2,2,0x3,0x2,0xE,2,1
44,320,1,3,3,0x3,0x0,0x8,2,1
44,320,1,4,4,0xF,0x7,0x7,4,1
44,384,1,0,7,0xF,0x4,0x4,4,1
44,384,1,1,0,0xF,0x6,0x6,4,1
44,384,1,2,2,0x3,0x2,0xE,2,1
44,384,1,3,3,0x3,0x0,0x8,2,1
44,384,1,4,4,0xF,0x7,0x7,4,1
44,512,1,0,7,0xF,0x4,0x4,4,1
44,512,1,1,0,0xF,0x6,0x6,4,1
44,512,1,2,2,0x3,0x2,0xE,2,1
44,512,1,3,3,0xF,0x8,0x8,4,1
44,512,1,4,4,0xF,0x7,0x7,4,1
45,64,0,0,255,0x0,0x0,0x7,0,0
45,64,0,1,255,0x0,0x0,0x6,0,0
45,64,0,2,255,0x0,0x0,0xF,0,0
45,64,0,3,255,0x0,0x0,0x8,0,0
45,64,0,4,255,0x0,0x0,0x0,0,0
45,96,1,0,1,0x0,0x0,0x7,0,1
45,96,1,1,2,0x0,0x0,0x6,0,1
45,96,1,2,4,0x0,0x0,0xF,0,1
45,96,1,3,5,0x0,0x0,0x8,0,1
45,96,1,4,6,0x0,0x0,0x0,0,1
45,128,1,0,1,0x0,0x0,0x7,0,1
45,128,1,1,2,0x0,0x0,0x6,0,1
45,128,1,2,4,0x0,0x0,0xF,0,1
45,128,1,3,5,0x0,0x0,0x8,0,1
45,128,1,4,6,0x0,0x0,0x0,0,1
45,160,1,0,1,0x0,0x0,0x7,0,1
45,160,1,1,2,0x0,0x0,0x6,0,1
45,160,1,2,4,0x0,0x0,0xF,0,1
45,160,1,3,5,0x0,0x0,0x8,0,1
45,160,1,4,6,0x0,0x0,0x0,0,1
45,192,1,0,1,0x0,0x0,0x7,0,1
45,192,1,1,2,0x0,0x0,0x6,0,1
45,192,1,2,4,0x0,0x0,0xF,0,1
45,192,1,3,5,0x0,0x0,0x8,0,1
45,192,1,4,6,0x0,0x0,0x0,0,1
45,256,1,0,1,0xF,0x7,0x7,4,1
45,256,1,1,2,0xF,0x6,0x6,4,1
45,256,1,2,4,0x3,0x3,0xF,2,1
45,256,1,3,5,0xF,0x8,0x8,4,1
45,256,1,4,6,0xF,0x0,0x0,4,1
45,320,1,0,1,0xF,0x7,0x7,4,1
45,320,1,1,2,0xF,0x6,0x6,4,1
45,320,1,2,4,0x3,0x3,0xF,2,1
45,320,1,3,5,0xF,0x8,0x8,4,1
45,320,1,4,6,0xF,0x0,0x0,4,1
45,384,1,0,1,0xF,0x7,0x7,4,1
45,384,1,1,2,0xF,0x6,0x6,4,1
45,384,1,2,4,0x3,0x3,0xF,2,1
45,384,1,3,5,0xF,0x8,0x8,4,1
45,384,1,4,6,0xF,0x0,0x0,4,1
45,512,1,0,1,0xF,0x7,0x7,4,1
45,512,1,1,2,0xF,0x6,0x6,4,1
45,512,1,2,4,0x3,0x3,0xF,2,1
45,512,1,3,5,0xF,0x8,0x8,4,1
45,512,1,4,6,0xF,0x0,0x0,4,1
46,64,0,0,255,0x0,0x0,0x0,0,0
46,64,0,1,255,0x0,0x0,0x2,0,0
46,64,0,2,255,0x0,0x0,0xD,0,0
46,64,0,3,255,0x0,0x0,0x5,0,0
46,64,0,4,255,0x0,0x0,0xC,0,0
46,96,1,0,3,0x0,0x0,0x0,0,1
46,96,1,1,4,0x0,0x0,0x2,0,1
46,96,1,2,6,0x0,0x0,0xD,0,1
46,96,1,3,7,0x0,0x0,0x5,0,1
46,96,1,4,0,0x0,0x0,0xC,0,1
46,128,1,0,3,0x0,0x0,0x0,0,1
46,128,1,1,4,0x0,0x0,0x2,0,1
46,128,1,2,6,0x0,0x0,0xD,0,1
46,128,1,3,7,0x0,0x0,0x5,0,1
46,128,1,4,0,0x0,0x0,0xC,0,1
46,160,1,0,3,0x0,0x0,0x0,0,1
46,160,1,1,4,0x0,0x0,0x2,0,1
46,160,1,2,6,0x0,0x0,0xD,0,1
46,160,1,3,7,0x0,0x0,0x5,0,1
46,160,1,4,0,0x0,0x0,0xC,0,1
46,192,1,0,3,0x0,0x0,0x0,0,1
46,192,1,1,4,0x0,0x0,0x2,0,1
46,192,1,2,6,0x0,0x0,0xD,0,1
46,192,1,3,7,0x0,0x0,0x5,0,1
46,192,1,4,0,0x0,0x0,0xC,0,1
46,256,1,0,3,0xF,0x0,0x0,4,1
46,256,1,1,4,0xF,0x2,0x2,4,1
46,256,1,2,6,0x3,0x1,0xD,2,1
46,256,1,3,7,0xF,0x5,0x5,4,1
46,256,1,4,0,0xF,0xC,0xC,4,1
46,320,1,0,3,0xF,0x0,0x0,4,1
46,320,1,1,4,0xF,0x2,0x2,4,1
46,320,1,2,6,0x3,0x1,0xD,2,1
46,320,1,3,7,0xF,0x5,0x5,4,1
46,320,1,4,0,0xF,0xC,0xC,4,1
46,384,1,0,3,0xF,0x0,0x0,4,1
46,384,1,1,4,0xF,0x2,0x2,4,1
46,384,1,2,6,0x3,0x1,0xD,2,1
46,384,1,3,7,0xF,0x5,0x5,4,1
46,384,1,4,0,0xF,0xC,0xC,4,1
46,512,1,0,3,0xF,0x0,0x0,4,1
46,512,1,1,4,0xF,0x2,0x2,4,1
46,512,1,2,6,0x3,0x1,0xD,2,1
46,512,1,3,7,0xF,0x5,0x5,4,1
46,512,1,4,0,0xF,0xC,0xC,4,1
47,64,1,0,1,0x0,0x0,0x8,0,1
47,64,1,1,2,0x0,0x0,0x6,0,1
47,64,1,2,4,0x0,0x0,0x5,0,1
47,64,1,3,5,0x0,0x0,0x9,0,1
47,64,1,4,6,0x0,0x0,0x4,0,1
47,96,1,0,1,0x0,0x0,0x8,0,1
47,96,1,1,2,0x0,0x0,0x6,0,1
47,96,1,2,4,0x0,0x0,0x5,0,1
47,96,1,3,5,0x0,0x0,0x9,0,1
47,96,1,4,6,0x0,0x0,0x4,0,1
47,128,1,0,1,0x0,0x0,0x8,0,1
47,128,1,1,2,0x0,0x0,0x6,0,1
47,128,1,2,4,0x0,0x0,0x5,0,1
47,128,1,3,5,0x0,0x0,0x9,0,1
47,128,1,4,6,0x0,0x0,0x4,0,1
47,160,1,0,1,0x0,0x0,0x8,0,1
47,160,1,1,2,0x0,0x0,0x6,0,1
47,160,1,2,4,0x0,0x0,0x5,0,1
47,160,1,3,5,0x0,0x0,0x9,0,1
47,160,1,4,6,0x0,0x0,0x4,0,1
47,192,1,0,1,0x0,0x0,0x8,0,1
47,192,1,1,2,0x0,0x0,0x6,0,1
47,192,1,2,4,0x0,0x0,0x5,0,1
47,192,1,3,5,0x0,0x0,0x9,0,1
47,192,1,4,6,0x0,0x0,0x4,0,1
47,256,1,0,1,0xF,0x8,0x8,4,1
47,256,1,1,2,0xF,0x6,0x6,4,1
47,256,1,2,4,0x3,0x1,0x5,2,1
47,256,1,3,5,0xF,0x9,0x9,4,1
47,256,1,4,6,0xF,0x4,0x4,4,1
47,320,1,0,1,0xF,0x8,0x8,4,1
47,320,1,1,2,0xF,0x6,0x6,4,1
47,320,1,2,4,0x3,0x1,0x5,2,1
47,320,1,3,5,0xF,0x9,0x9,4,1
47,320,1,4,6,0xF,0x4,0x4,4,1
47,384,1,0,1,0xF,0x8,0x8,4,1
47,384,1,1,2,0xF,0x6,0x6,4,1
47,384,1,2,4,0x3,0x1,0x5,2,1
47,384,1,3,5,0xF,0x9,0x9,4,1
47,384,1,4,6,0xF,0x4,0x4,4,1
47,512,1,0,1,0xF,0x8,0x8,4,1
47,512,1,1,2,0xF,0x6,0x6,4,1
47,512,1,2,4,0x3,0x1,0x5,2,1
47,512,1,3,5,0xF,0x9,0x9,4,1
47,512,1,4,6,0xF,0x4,0x4,4,1
48,64,0,0,255,0x0,0x0,0x0,0,0
48,64,0,1,255,0x0,0x0,0x0,0,0
48,64,0,2,255,0x0,0x0,0x7,0,0
48,64,0,3,255,0x0,0x0,0xB,0,0
48,64,0,4,255,0x0,0x0,0x7,0,0
48,96,1,0,1,0x0,0x0,0x0,0,1
48,96,1,1,2,0x0,0x0,0x0,0,1
48,96,1,2,4,0x0,0x0,0x7,0,1
48,96,1,3,5,0x0,0x0,0xB,0,1
48,96,1,4,6,0x0,0x0,0x7,0,1
48,128,1,0,1,0x0,0x0,0x0,0,1
48,128,1,1,2,0x0,0x0,0x0,0,1
48,128,1,2,4,0x0,0x0,0x7,0,1
48,128,1,3,5,0x0,0x0,0xB,0,1
48,128,1,4,6,0x0,0x0,0x7,0,1
48,160,1,0,1,0x0,0x0,0x0,0,1
48,160,1,1,2,0x0,0x0,0x0,0,1
48,160,1,2,4,0x0,0x0,0x7,0,1
48,160,1,3,5,0x0,0x0,0xB,0,1
48,160,1,4,6,0x0,0x0,0x7,0,1
48,192,1,0,1,0x0,0x0,0x0,0,1
48,192,1,1,2,0x0,0x0,0x0,0,1
48,192,1,2,4,0x0,0x0,0x7,0,1
48,192,1,3,5,0x0,0x0,0xB,0,1
48,192,1,4,6,0x0,0x0,0x7,0,1
48,256,1,0,1,0xF,0x0,0x0,4,1
48,256,1,1,2,0xF,0x0,0x0,4,1
48,256,1,2,4,0x3,0x3,0x7,2,1
48,256,1,3,5,0xF,0xB,0xB,4,1
48,256,1,4,6,0xF,0x7,0x7,4,1
48,320,1,0,1,0xF,0x0,0x0,4,1
48,320,1,1,2,0xF,0x0,0x0,4,1
48,320,1,2,4,0x3,0x3,0x7,2,1
48,320,1,3,5,0xF,0xB,0xB,4,1
48,320,1,4,6,0xF,0x7,0x7,4,1
48,384,1,0,1,0xF,0x0,0x0,4,1
48,384,1,1,2,0xF,0x0,0x0,4,1
48,384,1,2,4,0x3,0x3,0x7,2,1
48,384,1,3,5,0xF,0xB,0xB,4,1
48,384,1,4,6,0xF,0x7,0x7,4,1
48,512,1,0,1,0xF,0x0,0x0,4,1
48,512,1,1,2,0xF,0x0,0x0,4,1
48,512,1,2,4,0x3,0x3,0x7,2,1
48,512,1,3,5,0xF,0xB,0xB,4,1
48,512,1,4,6,0xF,0x7,0x7,4,1
49,64,0,0,255,0x0,0x0,0x1,0,0
49,64,0,1,255,0x0,0x0,0x1,0,0
49,64,0,2,255,0x0,0x0,0xE,0,0
49,64,0,3,255,0x0,0x0,0xC,0,0
49,64,0,4,255,0x0,0x0,0x0,0,0
49,96,1,0,2,0x0,0x0,0x1,0,1
49,96,1,1,3,0x0,0x0,0x1,0,1
49,96,1,2,5,0x0,0x0,0xE,0,1
49,96,1,3,6,0x0,0x0,0xC,0,1
49,96,1,4,7,0x0,0x0,0x0,0,1
49,128,1,0,2,0x0,0x0,0x1,0,1
49,128,1,1,3,0x0,0x0,0x1,0,1
49,128,1,2,5,0x0,0x0,0xE,0,1
49,128,1,3,6,0x0,0x0,0xC,0,1
49,128,1,4,7,0x0,0x0,0x0,0,1
49,160,1,0,2,0x0,0x0,0x1,0,1
49,160,1,1,3,0x0,0x0,0x1,0,1
49,160,1,2,5,0x0,0x0,0xE,0,1
49,160,1,3,6,0x0,0x0,0xC,0,1
49,160,1,4,7,0x0,0x0,0x0,0,1
49,192,1,0,2,0x0,0x0,0x1,0,1
49,192,1,1,3,0x0,0x0,0x1,0,1
49,192,1,2,5,0x0,0x0,0xE,0,1
49,192,1,3,6,0x0,0x0,0xC,0,1
49,192,1,4,7,0x0,0x0,0x0,0,1
49,256,1,0,2,0xF,0x1,0x1,4,1
49,256,1,1,3,0x6,0x0,0x1,2,1
49,256,1,2,5,0x2,0x2,0xE,1,1
49,256,1,3,6,0x3,0x0,0xC,2,1
49,256,1,4,7,0xA,0x0,0x0,2,1
49,320,1,0,2,0xF,0x1,0x1,4,1
49,320,1,1,3,0xF,0x1,0x1,4,1
49,320,1,2,5,0x3,0x2,0xE,2,1
49,320,1,3,6,0xF,0xC,0xC,4,1
49,320,1,4,7,0xF,0x0,0x0,4,1
49,384,1,0,2,0xF,0x1,0x1,4,1
49,384,1,1,3,0xF,0x1,0x1,4,1
49,384,1,2,5,0x3,0x2,0xE,2,1
49,384,1,3,6,0xF,0xC,0xC,4,1
49,384,1,4,7,0xF,0x0,0x0,4,1
49,512,1,0,2,0xF,0x1,0x1,4,1
49,512,1,1,3,0xF,0x1,0x1,4,1
49,512,1,2,5,0x3,0x2,0xE,2,1
49,512,1,3,6,0xF,0xC,0xC,4,1
49,512,1,4,7,0xF,0x0,0x0,4,1
50,64,0,0,255,0x0,0x0,0x7,0,0
50,64,0,1,255,0x0,0x0,0x9,0,0
50,64,0,2,255,0x0,0x0,0x9,0,0
50,64,0,3,255,0x0,0x0,0x2,0,0
50,64,0,4,255,0x0,0x0,0xC,0,0
50,96,1,0,7,0x0,0x0,0x7,0,1
50,96,1,1,0,0x0,0x0,0x9,0,1
50,96,1,2,2,0x0,0x0,0x9,0,1
50,96,1,3,3,0x0,0x0,0x2,0,1
50,96,1,4,4,0x0,0x0,0xC,0,1
50,128,1,0,7,0x0,0x0,0x7,0,1
50,128,1,1,0,0x0,0x0,0x9,0,1
50,128,1,2,2,0x0,0x0,0x9,0,1
50,128,1,3,3,0x0,0x0,0x2,0,1
50,128,1,4,4,0x0,0x0,0xC,0,1
50,160,1,0,7,0x0,0x0,0x7,0,1
50,160,1,1,0,0x0,0x0,0x9,0,1
50,160,1,2,2,0x0,0x0,0x9,0,1
50,160,1,3,3,0x0,0x0,0x2,0,1
50,160,1,4,4,0x0,0x0,0xC,0,1
50,192,1,0,7,0x0,0x0,0x7,0,1
50,192,1,1,0,0x0,0x0,0x9,0,1
50,192,1,2,2,0x0,0x0,0x9,0,1
50,192,1,3,3,0x0,0x0,0x2,0,1
50,192,1,4,4,0x0,0x0,0xC,0,1
50,256,1,0,7,0xA,0x2,0x7,2,1
50,256,1,1,0,0xF,0x9,0x9,4,1
50,256,1,2,2,0x1,0x1,0x9,1,1
50,256,1,3,3,0x9,0x0,0x2,2,1
50,256,1,4,4,0x2,0x0,0xC,1,1
50,320,1,0,7,0xF,0x7,0x7,4,1
50,320,1,1,0,0xF,0x9,0x9,4,1
50,320,1,2,2,0x3,0x1,0x9,2,1
50,320,1,3,3,0xF,0x2,0x2,4,1
50,320,1,4,4,0xF,0xC,0xC,4,1
50,384,1,0,7,0xF,0x7,0x7,4,1
50,384,1,1,0,0xF,0x9,0x9,4,1
50,384,1,2,2,0x3,0x1,0x9,2,1
50,384,1,3,3,0xF,0x2,0x2,4,1
50,384,1,4,4,0xF,0xC,0xC,4,1
50,512,1,0,7,0xF,0x7,0x7,4,1
50,512,1,1,0,0xF,0x9,0x9,4,1
50,512,1,2,2,0x3,0x1,0x9,2,1
50,512,1,3,3,0xF,0x2,0x2,4,1
50,512,1,4,4,0xF,0xC,0xC,4,1
51,64,1,0,1,0x0,0x0,0xF,0,1
51,64,1,1,2,0x0,0x0,0x3,0,1
51,64,1,2,4,0x0,0x0,0x2,0,1
51,64,1,3,5,0x0,0x0,0xE,0,1
51,64,1,4,6,0x0,0x0,0xB,0,1
51,96,1,0,1,0x0,0x0,0xF,0,1
51,96,1,1,2,0x0,0x0,0x3,0,1
51,96,1,2,4,0x0,0x0,0x2,0,1
51,96,1,3,5,0x0,0x0,0xE,0,1
51,96,1,4,6,0x0,0x0,0xB,0,1
51,128,1,0,1,0x0,0x0,0xF,0,1
51,128,1,1,2,0x0,0x0,0x3,0,1
51,128,1,2,4,0x0,0x0,0x2,0,1
51,128,1,3,5,0x0,0x0,0xE,0,1
51,128,1,4,6,0x0,0x0,0xB,0,1
51,160,1,0,1,0x0,0x0,0xF,0,1
51,160,1,1,2,0x0,0x0,0x3,0,1
51,160,1,2,4,0x0,0x0,0x2,0,1
51,160,1,3,5,0x0,0x0,0xE,0,1
51,160,1,4,6,0x0,0x0,0xB,0,1
51,192,1,0,1,0x0,0x0,0xF,0,1
51,192,1,1,2,0x0,0x0,0x3,0,1
51,192,1,2,4,0x0,0x0,0x2,0,1
51,192,1,3,5,0x0,0x0,0xE,0,1
51,192,1,4,6,0x0,0x0,0xB,0,1
51,256,1,0,1,0xF,0xF,0xF,4,1
51,256,1,1,2,0xF,0x3,0x3,4,1
51,256,1,2,4,0x3,0x2,0x2,2,1
51,256,1,3,5,0xF,0xE,0xE,4,1
51,256,1,4,6,0xF,0xB,0xB,4,1
51,320,1,0,1,0xF,0xF,0xF,4,1
51,320,1,1,2,0xF,0x3,0x3,4,1
51,320,1,2,4,0x3,0x2,0x2,2,1
51,320,1,3,5,0xF,0xE,0xE,4,1
51,320,1,4,6,0xF,0xB,0xB,4,1
51,384,1,0,1,0xF,0xF,0xF,4,1
51,384,1,1,2,0xF,0x3,0x3,4,1
51,384,1,2,4,0x3,0x2,0x2,2,1
51,384,1,3,5,0xF,0xE,0xE,4,1
51,384,1,4,6,0xF,0xB,0xB,4,1
51,512,1,0,1,0xF,0xF,0xF,4,1
51,512,1,1,2,0xF,0x3,0x3,4,1
51,512,1,2,4,0x3,0x2,0x2,2,1
51,512,1,3,5,0xF,0xE,0xE,4,1
51,512,1,4,6,0xF,0xB,0xB,4,1
52,64,1,0,6,0x0,0x0,0x2,0,1
52,64,1,1,7,0x0,0x0,0x6,0,1
52,64,1,2,1,0x0,0x0,0x1,0,1
52,64,1,3,2,0x0,0x0,0xA,0,1
52,64,1,4,3,0x0,0x0,0x7,0,1
52,96,1,0,6,0x0,0x0,0x2,0,1
52,96,1,1,7,0x0,0x0,0x6,0,1
52,96,1,2,1,0x0,0x0,0x1,0,1
52,96,1,3,2,0x0,0x0,0xA,0,1
52,96,1,4,3,0x0,0x0,0x7,0,1
52,128,1,0,6,0x0,0x0,0x2,0,1
52,128,1,1,7,0x0,0x0,0x6,0,1
52,128,1,2,1,0x0,0x0,0x1,0,1
52,128,1,3,2,0x0,0x0,0xA,0,1
52,128,1,4,3,0x0,0x0,0x7,0,1
52,160,1,0,6,0x0,0x0,0x2,0,1
52,160,1,1,7,0x0,0x0,0x6,0,1
52,160,1,2,1,0x0,0x0,0x1,0,1
52,160,1,3,2,0x0,0x0,0xA,0,1
52,160,1,4,3,0x0,0x0,0x7,0,1
52,192,1,0,6,0x0,0x0,0x2,0,1
52,192,1,1,7,0x0,0x0,0x6,0,1
52,192,1,2,1,0x0,0x0,0x1,0,1
52,192,1,3,2,0x0,0x0,0xA,0,1
52,192,1,4,3,0x0,0x0,0x7,0,1
52,256,1,0,6,0xF,0x2,0x2,4,1
52,256,1,1,7,0xF,0x6,0x6,4,1
52,256,1,2,1,0x3,0x1,0x1,2,1
52,256,1,3,2,0xF,0xA,0xA,4,1
52,256,1,4,3,0xF,0x7,0x7,4,1
52,320,1,0,6,0xF,0x2,0x2,4,1
52,320,1,1,7,0xF,0x6,0x6,4,1
52,320,1,2,1,0x3,0x1,0x1,2,1
52,320,1,3,2,0xF,0xA,0xA,4,1
52,320,1,4,3,0xF,0x7,0x7,4,1
52,384,1,0,6,0xF,0x2,0x2,4,1
52,384,1,1,7,0xF,0x6,0x6,4,1
52,384,1,2,1,0x3,0x1,0x1,2,1
52,384,1,3,2,0xF,0xA,0xA,4,1
52,384,1,4,3,0xF,0x7,0x7,4,1
52,512,1,0,6,0xF,0x2,0x2,4,1
52,512,1,1,7,0xF,0x6,0x6,4,1
52,512,1,2,1,0x3,0x1,0x1,2,1
52,512,1,3,2,0xF,0xA,0xA,4,1
52,512,1,4,3,0xF,0x7,0x7,4,1
53,64,0,0,255,0x0,0x0,0x7,0,0
53,64,0,1,255,0x0,0x0,0xA,0,0
53,64,0,2,255,0x0,0x0,0x8,0,0
53,64,0,3,255,0x0,0x0,0xF,0,0
53,64,0,4,255,0x0,0x0,0xD,0,0
53,96,1,0,5,0x0,0x0,0x7,0,1
53,96,1,1,6,0x0,0x0,0xA,0,1
53,96,1,2,0,0x0,0x0,0x8,0,1
53,96,1,3,1,0x0,0x0,0xF,0,1
53,96,1,4,2,0x0,0x0,0xD,0,1
53,128,1,0,5,0x0,0x0,0x7,0,1
53,128,1,1,6,0x0,0x0,0xA,0,1
53,128,1,2,0,0x0,0x0,0x8,0,1
53,128,1,3,1,0x0,0x0,0xF,0,1
53,128,1,4,2,0x0,0x0,0xD,0,1
53,160,1,0,5,0x0,0x0,0x7,0,1
53,160,1,1,6,0x0,0x0,0xA,0,1
53,160,1,2,0,0x0,0x0,0x8,0,1
53,160,1,3,1,0x0,0x0,0xF,0,1
53,160,1,4,2,0x0,0x0,0xD,0,1
53,192,1,0,5,0x0,0x0,0x7,0,1
53,192,1,1,6,0x0,0x0,0xA,0,1
53,192,1,2,0,0x0,0x0,0x8,0,1
53,192,1,3,1,0x0,0x0,0xF,0,1
53,192,1,4,2,0x0,0x0,0xD,0,1
53,256,1,0,5,0xF,0x7,0x7,4,1
53,256,1,1,6,0xF,0xA,0xA,4,1
53,256,1,2,0,0x3,0x0,0x8,2,1
53,256,1,3,1,0xF,0xF,0xF,4,1
53,256,1,4,2,0xF,0xD,0xD,4,1
53,320,1,0,5,0xF,0x7,0x7,4,1
53,320,1,1,6,0xF,0xA,0xA,4,1
53,320,1,2,0,0x3,0x0,0x8,2,1
53,320,1,3,1,0xF,0xF,0xF,4,1
53,320,1,4,2,0xF,0xD,0xD,4,1
53,384,1,0,5,0xF,0x7,0x7,4,1
53,384,1,1,6,0xF,0xA,0xA,4,1
53,384,1,2,0,0x3,0x0,0x8,2,1
53,384,1,3,1,0xF,0xF,0xF,4,1
53,384,1,4,2,0xF,0xD,0xD,4,1
53,512,1,0,5,0xF,0x7,0x7,4,1
53,512,1,1,6,0xF,0xA,0xA,4,1
53,512,1,2,0,0x3,0x0,0x8,2,1
53,512,1,3,1,0xF,0xF,0xF,4,1
53,512,1,4,2,0xF,0xD,0xD,4,1
54,64,0,0,255,0x0,0x0,0x7,0,0
54,64,0,1,255,0x0,0x0,0x0,0,0
54,64,0,2,255,0x0,0x0,0x0,0,0
54,64,0,3,255,0x0,0x0,0x7,0,0
54,64,0,4,255,0x0,0x0,0x3,0,0
54,96,1,0,2,0x0,0x0,0x7,0,1
54,96,1,1,3,0x0,0x0,0x0,0,1
54,96,1,2,5,0x0,0x0,0x0,0,1
54,96,1,3,6,0x0,0x0,0x7,0,1
54,96,1,4,7,0x0,0x0,0x3,0,1
54,128,1,0,2,0x0,0x0,0x7,0,1
54,128,1,1,3,0x0,0x0,0x0,0,1
54,128,1,2,5,0x0,0x0,0x0,0,1
54,128,1,3,6,0x0,0x0,0x7,0,1
54,128,1,4,7,0x0,0x0,0x3,0,1
54,160,1,0,2,0x0,0x0,0x7,0,1
54,160,1,1,3,0x0,0x0,0x0,0,1
54,160,1,2,5,0x0,0x0,0x0,0,1
54,160,1,3,6,0x0,0x0,0x7,0,1
54,160,1,4,7,0x0,0x0,0x3,0,1
54,192,1,0,2,0x0,0x0,0x7,0,1
54,192,1,1,3,0x0,0x0,0x0,0,1
54,192,1,2,5,0x0,0x0,0x0,0,1
54,192,1,3,6,0x0,0x0,0x7,0,1
54,192,1,4,7,0x0,0x0,0x3,0,1
54,256,1,0,2,0xF,0x7,0x7,4,1
54,256,1,1,3,0xF,0x0,0x0,4,1
54,256,1,2,5,0x3,0x0,0x0,2,1
54,256,1,3,6,0xF,0x7,0x7,4,1
54,256,1,4,7,0xF,0x3,0x3,4,1
54,320,1,0,2,0xF,0x7,0x7,4,1
54,320,1,1,3,0xF,0x0,0x0,4,1
54,320,1,2,5,0x3,0x0,0x0,2,1
54,320,1,3,6,0xF,0x7,0x7,4,1
54,320,1,4,7,0xF,0x3,0x3,4,1
54,384,1,0,2,0xF,0x7,0x7,4,1
54,384,1,1,3,0xF,0x0,0x0,4,1
54,384,1,2,5,0x3,0x0,0x0,2,1
54,384,1,3,6,0xF,0x7,0x7,4,1
54,384,1,4,7,0xF,0x3,0x3,4,1
54,512,1,0,2,0xF,0x7,0x7,4,1
54,512,1,1,3,0xF,0x0,0x0,4,1
54,512,1,2,5,0x3,0x0,0x0,2,1
54,512,1,3,6,0xF,0x7,0x7,4,1
54,512,1,4,7,0xF,0x3,0x3,4,1
55,64,0,0,255,0x0,0x0,0x9,0,0
55,64,0,1,255,0x0,0x0,0x0,0,0
55,64,0,2,255,0x0,0x0,0x6,0,0
55,64,0,3,255,0x0,0x0,0xE,0,0
55,64,0,4,255,0x0,0x0,0xD,0,0
55,96,1,0,3,0x0,0x0,0x9,0,1
55,96,1,1,4,0x0,0x0,0x0,0,1
55,96,1,2,6,0x0,0x0,0x6,0,1
55,96,1,3,7,0x0,0x0,0xE,0,1
55,96,1,4,0,0x0,0x0,0xD,0,1
55,128,1,0,3,0x0,0x0,0x9,0,1
55,128,1,1,4,0x0,0x0,0x0,0,1
55,128,1,2,6,0x0,0x0,0x6,0,1
55,128,1,3,7,0x0,0x0,0xE,0,1
55,128,1,4,0,0x0,0x0,0xD,0,1
55,160,1,0,3,0x0,0x0,0x9,0,1
55,160,1,1,4,0x0,0x0,0x0,0,1
55,160,1,2,6,0x0,0x0,0x6,0,1
55,160,1,3,7,0x0,0x0,0xE,0,1
55,160,1,4,0,0x0,0x0,0xD,0,1
55,192,1,0,3,0x0,0x0,0x9,0,1
55,192,1,1,4,0x0,0x0,0x0,0,1
55,192,1,2,6,0x0,0x0,0x6,0,1
55,192,1,3,7,0x0,0x0,0xE,0,1
55,192,1,4,0,0x0,0x0,0xD,0,1
55,256,1,0,3,0xF,0x9,0x9,4,1
55,256,1,1,4,0xF,0x0,0x0,4,1
55,256,1,2,6,0x3,0x2,0x6,2,1
55,256,1,3,7,0xF,0xE,0xE,4,1
55,256,1,4,0,0xF,0xD,0xD,4,1
55,320,1,0,3,0xF,0x9,0x9,4,1
55,320,1,1,4,0xF,0x0,0x0,4,1
55,320,1,2,6,0x3,0x2,0x6,2,1
55,320,1,3,7,0xF,0xE,0xE,4,1
55,320,1,4,0,0xF,0xD,0xD,4,1
55,384,1,0,3,0xF,0x9,0x9,4,1
55,384,1,1,4,0xF,0x0,0x0,4,1
55,384,1,2,6,0x3,0x2,0x6,2,1
55,384,1,3,7,0xF,0xE,0xE,4,1
55,384,1,4,0,0xF,0xD,0xD,4,1
55,512,1,0,3,0xF,0x9,0x9,4,1
55,512,1,1,4,0xF,0x0,0x0,4,1
55,512,1,2,6,0x3,0x2,0x6,2,1
55,512,1,3,7,0xF,0xE,0xE,4,1
55,512,1,4,0,0xF,0xD,0xD,4,1
56,64,0,0,255,0x0,0x0,0x2,0,0
56,64,0,1,255,0x0,0x0,0x4,0,0
56,64,0,2,255,0x0,0x0,0xA,0,0
56,64,0,3,255,0x0,0x0,0xE,0,0
56,64,0,4,255,0x0,0x0,0xB,0,0
56,96,1,0,5,0x0,0x0,0x2,0,1
56,96,1,1,6,0x0,0x0,0x4,0,1
56,96,1,2,0,0x0,0x0,0xA,0,1
56,96,1,3,1,0x0,0x0,0xE,0,1
56,96,1,4,2,0x0,0x0,0xB,0,1
56,128,1,0,5,0x0,0x0,0x2,0,1
56,128,1,1,6,0x0,0x0,0x4,0,1
56,128,1,2,0,0x0,0x0,0xA,0,1
56,128,1,3,1,0x0,0x0,0xE,0,1
56,128,1,4,2,0x0,0x0,0xB,0,1
56,160,1,0,5,0x0,0x0,0x2,0,1
56,160,1,1,6,0x0,0x0,0x4,0,1
56,160,1,2,0,0x0,0x0,0xA,0,1
56,160,1,3,1,0x0,0x0,0xE,0,1
56,160,1,4,2,0x0,0x0,0xB,0,1
56,192,1,0,5,0x0,0x0,0x2,0,1
56,192,1,1,6,0x0,0x0,0x4,0,1
56,192,1,2,0,0x0,0x0,0xA,0,1
56,192,1,3,1,0x0,0x0,0xE,0,1
56,192,1,4,2,0x0,0x0,0xB,0,1
56,256,1,0,5,0xF,0x2,0x2,4,1
56,256,1,1,6,0xF,0x4,0x4,4,1
56,256,1,2,0,0x3,0x2,0xA,2,1
56,256,1,3,1,0xF,0xE,0xE,4,1
56,256,1,4,2,0xF,0xB,0xB,4,1
56,320,1,0,5,0xF,0x2,0x2,4,1
56,320,1,1,6,0xF,0x4,0x4,4,1
56,320,1,2,0,0x3,0x2,0xA,2,1
56,320,1,3,1,0xF,0xE,0xE,4,1
56,320,1,4,2,0xF,0xB,0xB,4,1
56,384,1,0,5,0xF,0x2,0x2,4,1
56,384,1,1,6,0xF,0x4,0x4,4,1
56,384,1,2,0,0x3,0x2,0xA,2,1
56,384,1,3,1,0xF,0xE,0xE,4,1
56,384,1,4,2,0xF,0xB,0xB,4,1
56,512,1,0,5,0xF,0x2,0x2,4,1
56,512,1,1,6,0xF,0x4,0x4,4,1
56,512,1,2,0,0x3,0x2,0xA,2,1
56,512,1,3,1,0xF,0xE,0xE,4,1
56,512,1,4,2,0xF,0xB,0xB,4,1
57,64,1,0,1,0x0,0x0,0x9,0,1
57,64,1,1,2,0x0,0x0,0x4,0,1
57,64,1,2,4,0x0,0x0,0x3,0,1
57,64,1,3,5,0x0,0x0,0x5,0,1
57,64,1,4,6,0x0,0x0,0x7,0,1
57,96,1,0,1,0x0,0x0,0x9,0,1
57,96,1,1,2,0x0,0x0,0x4,0,1
57,96,1,2,4,0x0,0x0,0x3,0,1
57,96,1,3,5,0x0,0x0,0x5,0,1
57,96,1,4,6,0x0,0x0,0x7,0,1
57,128,1,0,1,0x0,0x0,0x9,0,1
57,128,1,1,2,0x0,0x0,0x4,0,1
57,128,1,2,4,0x0,0x0,0x3,0,1
57,128,1,3,5,0x0,0x0,0x5,0,1
57,128,1,4,6,0x0,0x0,0x7,0,1
57,160,1,0,1,0x0,0x0,0x9,0,1
57,160,1,1,2,0x0,0x0,0x4,0,1
57,160,1,2,4,0x0,0x0,0x3,0,1
57,160,1,3,5,0x0,0x0,0x5,0,1
57,160,1,4,6,0x0,0x0,0x7,0,1
57,192,1,0,1,0x0,0x0,0x9,0,1
57,192,1,1,2,0x0,0x0,0x4,0,1
57,192,1,2,4,0x0,0x0,0x3,0,1
57,192,1,3,5,0x0,0x0,0x5,0,1
57,192,1,4,6,0x0,0x0,0x7,0,1
57,256,1,0,1,0xF,0x9,0x9,4,1
57,256,1,1,2,0xF,0x4,0x4,4,1
57,256,1,2,4,0x3,0x3,0x3,2,1
57,256,1,3,5,0xF,0x5,0x5,4,1
57,256,1,4,6,0xF,0x7,0x7,4,1
57,320,1,0,1,0xF,0x9,0x9,4,1
57,320,1,1,2,0xF,0x4,0x4,4,1
57,320,1,2,4,0x3,0x3,0x3,2,1
57,320,1,3,5,0xF,0x5,0x5,4,1
57,320,1,4,6,0xF,0x7,0x7,4,1
57,384,1,0,1,0xF,0x9,0x9,4,1
57,384,1,1,2,0xF,0x4,0x4,4,1
57,384,1,2,4,0x3,0x3,0x3,2,1
57,384,1,3,5,0xF,0x5,0x5,4,1
57,384,1,4,6,0xF,0x7,0x7,4,1
57,512,1,0,1,0xF,0x9,0x9,4,1
57,512,1,1,2,0xF,0x4,0x4,4,1
57,512,1,2,4,0x3,0x3,0x3,2,1
57,512,1,3,5,0xF,0x5,0x5,4,1
57,512,1,4,6,0xF,0x7,0x7,4,1
58,64,0,0,255,0x0,0x0,0xA,0,0
58,64,0,1,255,0x0,0x0,0xE,0,0
58,64,0,2,255,0x0,0x0,0x5,0,0
58,64,0,3,255,0x0,0x0,0x8,0,0
58,64,0,4,255,0x0,0x0,0xF,0,0
58,96,1,0,2,0x0,0x0,0xA,0,1
58,96,1,1,3,0x0,0x0,0xE,0,1
58,96,1,2,5,0x0,0x0,0x5,0,1
58,96,1,3,6,0x0,0x0,0x8,0,1
58,96,1,4,7,0x0,0x0,0xF,0,1
58,128,1,0,2,0x0,0x0,0xA,0,1
58,128,1,1,3,0x0,0x0,0xE,0,1
58,128,1,2,5,0x0,0x0,0x5,0,1
58,128,1,3,6,0x0,0x0,0x8,0,1
58,128,1,4,7,0x0,0x0,0xF,0,1
58,160,1,0,2,0x0,0x0,0xA,0,1
58,160,1,1,3,0x0,0x0,0xE,0,1
58,160,1,2,5,0x0,0x0,0x5,0,1
58,160,1,3,6,0x0,0x0,0x8,0,1
58,160,1,4,7,0x0,0x0,0xF,0,1
58,192,1,0,2,0x0,0x0,0xA,0,1
58,192,1,1,3,0x0,0x0,0xE,0,1
58,192,1,2,5,0x0,0x0,0x5,0,1
58,192,1,3,6,0x0,0x0,0x8,0,1
58,192,1,4,7,0x0,0x0,0xF,0,1
58,256,1,0,2,0xF,0xA,0xA,4,1
58,256,1,1,3,0xF,0xE,0xE,4,1
58,256,1,2,5,0x3,0x1,0x5,2,1
58,256,1,3,6,0xF,0x8,0x8,4,1
58,256,1,4,7,0xF,0xF,0xF,4,1
58,320,1,0,2,0xF,0xA,0xA,4,1
58,320,1,1,3,0xF,0xE,0xE,4,1
58,320,1,2,5,0x3,0x1,0x5,2,1
58,320,1,3,6,0xF,0x8,0x8,4,1
58,320,1,4,7,0xF,0xF,0xF,4,1
58,384,1,0,2,0xF,0xA,0xA,4,1
58,384,1,1,3,0xF,0xE,0xE,4,1
58,384,1,2,5,0x3,0x1,0x5,2,1
58,384,1,3,6,0xF,0x8,0x8,4,1
58,384,1,4,7,0xF,0xF,0xF,4,1
58,512,1,0,2,0xF,0xA,0xA,4,1
58,512,1,1,3,0xF,0xE,0xE,4,1
58,512,1,2,5,0x3,0x1,0x5,2,1
58,512,1,3,6,0xF,0x8,0x8,4,1
58,512,1,4,7,0xF,0xF,0xF,4,1
59,64,0,0,255,0x0,0x0,0x7,0,0
59,64,0,1,255,0x0,0x0,0xA,0,0
59,64,0,2,255,0x0,0x0,0xB,0,0
59,64,0,3,255,0x0,0x0,0x3,0,0
59,64,0,4,255,0x0,0x0,0x6,0,0
59,96,1,0,7,0x0,0x0,0x7,0,1
59,96,1,1,0,0x0,0x0,0xA,0,1
59,96,1,2,2,0x0,0x0,0xB,0,1
59,96,1,3,3,0x0,0x0,0x3,0,1
59,96,1,4,4,0x0,0x0,0x6,0,1
59,128,1,0,7,0x0,0x0,0x7,0,1
59,128,1,1,0,0x0,0x0,0xA,0,1
59,128,1,2,2,0x0,0x0,0xB,0,1
59,128,1,3,3,0x0,0x0,0x3,0,1
59,128,1,4,4,0x0,0x0,0x6,0,1
59,160,1,0,7,0x0,0x0,0x7,0,1
59,160,1,1,0,0x0,0x0,0xA,0,1
59,160,1,2,2,0x0,0x0,0xB,0,1
59,160,1,3,3,0x0,0x0,0x3,0,1
59,160,1,4,4,0x0,0x0,0x6,0,1
59,192,1,0,7,0x0,0x0,0x7,0,1
59,192,1,1,0,0x0,0x0,0xA,0,1
59,192,1,2,2,0x0,0x0,0xB,0,1
59,192,1,3,3,0x0,0x0,0x3,0,1
59,192,1,4,4,0x0,0x0,0x6,0,1
59,256,1,0,7,0xF,0x7,0x7,4,1
59,256,1,1,0,0xF,0xA,0xA,4,1
59,256,1,2,2,0x3,0x3,0xB,2,1
59,256,1,3,3,0xF,0x3,0x3,4,1
59,256,1,4,4,0xF,0x6,0x6,4,1
59,320,1,0,7,0xF,0x7,0x7,4,1
59,320,1,1,0,0xF,0xA,0xA,4,1
59,320,1,2,2,0x3,0x3,0xB,2,1
59,320,1,3,3,0xF,0x3,0x3,4,1
59,320,1,4,4,0xF,0x6,0x6,4,1
59,384,1,0,7,0xF,0x7,0x7,4,1
59,384,1,1,0,0xF,0xA,0xA,4,1
59,384,1,2,2,0x3,0x3,0xB,2,1
59,384,1,3,3,0xF,0x3,0x3,4,1
59,384,1,4,4,0xF,0x6,0x6,4,1
59,512,1,0,7,0xF,0x7,0x7,4,1
59,512,1,1,0,0xF,0xA,0xA,4,1
59,512,1,2,2,0x3,0x3,0xB,2,1
59,512,1,3,3,0xF,0x3,0x3,4,1
59,512,1,4,4,0xF,0x6,0x6,4,1
60,64,0,0,255,0x0,0x0,0xA,0,0
60,64,0,1,255,0x0,0x0,0x8,0,0
60,64,0,2,255,0x0,0x0,0x7,0,0
60,64,0,3,255,0x0,0x0,0x0,0,0
60,64,0,4,255,0x0,0x0,0xC,0,0
60,96,1,0,3,0x0,0x0,0xA,0,1
60,96,1,1,4,0x0,0x0,0x8,0,1
60,96,1,2,6,0x0,0x0,0x7,0,1
60,96,1,3,7,0x0,0x0,0x0,0,1
60,96,1,4,0,0x0,0x0,0xC,0,1
60,128,1,0,3,0x0,0x0,0xA,0,1
60,128,1,1,4,0x0,0x0,0x8,0,1
60,128,1,2,6,0x0,0x0,0x7,0,1
60,128,1,3,7,0x0,0x0,0x0,0,1
60,128,1,4,0,0x0,0x0,0xC,0,1
60,160,1,0,3,0x0,0x0,0xA,0,1
60,160,1,1,4,0x0,0x0,0x8,0,1
60,160,1,2,6,0x0,0x0,0x7,0,1
60,160,1,3,7,0x0,0x0,0x0,0,1
60,160,1,4,0,0x0,0x0,0xC,0,1
60,192,1,0,3,0x0,0x0,0xA,0,1
60,192,1,1,4,0x0,0x0,0x8,0,1
60,192,1,2,6,0x0,0x0,0x7,0,1
60,192,1,3,7,0x0,0x0,0x0,0,1
60,192,1,4,0,0x0,0x0,0xC,0,1
60,256,1,0,3,0xC,0x8,0xA,2,1
60,256,1,1,4,0x9,0x8,0x8,2,1
60,256,1,2,6,0x0,0x0,0x7,0,1
60,256,1,3,7,0x6,0x0,0x0,2,1
60,256,1,4,0,0x1,0x0,0xC,1,1
60,320,1,0,3,0xF,0xA,0xA,4,1
60,320,1,1,4,0xF,0x8,0x8,4,1
60,320,1,2,6,0x3,0x3,0x7,2,1
60,320,1,3,7,0xF,0x0,0x0,4,1
60,320,1,4,0,0xF,0xC,0xC,4,1
60,384,1,0,3,0xF,0xA,0xA,4,1
60,384,1,1,4,0xF,0x8,0x8,4,1
60,384,1,2,6,0x3,0x3,0x7,2,1
60,384,1,3,7,0xF,0x0,0x0,4,1
60,384,1,4,0,0xF,0xC,0xC,4,1
60,512,1,0,3,0xF,0xA,0xA,4,1
60,512,1,1,4,0xF,0x8,0x8,4,1
60,512,1,2,6,0x3,0x3,0x7,2,1
60,512,1,3,7,0xF,0x0,0x0,4,1
60,512,1,4,0,0xF,0xC,0xC,4,1
61,64,0,0,255,0x0,0x0,0xD,0,0
61,64,0,1,255,0x0,0x0,0xE,0,0
61,64,0,2,255,0x0,0x0,0xC,0,0
61,64,0,3,255,0x0,0x0,0x8,0,0
61,64,0,4,255,0x0,0x0,0x6,0,0
61,96,1,0,0,0x0,0x0,0xD,0,1
61,96,1,1,1,0x0,0x0,0xE,0,1
61,96,1,2,3,0x0,0x0,0xC,0,1
61,96,1,3,4,0x0,0x0,0x8,0,1
61,96,1,4,5,0x0,0x0,0x6,0,1
61,128,1,0,0,0x0,0x0,0xD,0,1
61,128,1,1,1,0x0,0x0,0xE,0,1
61,128,1,2,3,0x0,0x0,0xC,0,1
61,128,1,3,4,0x0,0x0,0x8,0,1
61,128,1,4,5,0x0,0x0,0x6,0,1
61,160,1,0,0,0x0,0x0,0xD,0,1
61,160,1,1,1,0x0,0x0,0xE,0,1
61,160,1,2,3,0x0,0x0,0xC,0,1
61,160,1,3,4,0x0,0x0,0x8,0,1
61,160,1,4,5,0x0,0x0,0x6,0,1
61,192,1,0,0,0x0,0x0,0xD,0,1
61,192,1,1,1,0x0,0x0,0xE,0,1
61,192,1,2,3,0x0,0x0,0xC,0,1
61,192,1,3,4,0x0,0x0,0x8,0,1
61,192,1,4,5,0x0,0x0,0x6,0,1
61,256,1,0,0,0xF,0xD,0xD,4,1
61,256,1,1,1,0xF,0xE,0xE,4,1
61,256,1,2,3,0x3,0x0,0xC,2,1
61,256,1,3,4,0xF,0x8,0x8,4,1
61,256,1,4,5,0xF,0x6,0x6,4,1
61,320,1,0,0,0xF,0xD,0xD,4,1
61,320,1,1,1,0xF,0xE,0xE,4,1
61,320,1,2,3,0x3,0x0,0xC,2,1
61,320,1,3,4,0xF,0x8,0x8,4,1
61,320,1,4,5,0xF,0x6,0x6,4,1
61,384,1,0,0,0xF,0xD,0xD,4,1
61,384,1,1,1,0xF,0xE,0xE,4,1
61,384,1,2,3,0x3,0x0,0xC,2,1
61,384,1,3,4,0xF,0x8,0x8,4,1
61,384,1,4,5,0xF,0x6,0x6,4,1
61,512,1,0,0,0xF,0xD,0xD,4,1
61,512,1,1,1,0xF,0xE,0xE,4,1
61,512,1,2,3,0x3,0x0,0xC,2,1
61,512,1,3,4,0xF,0x8,0x8,4,1
61,512,1,4,5,0xF,0x6,0x6,4,1
62,64,0,0,255,0x0,0x0,0xD,0,0
62,64,0,1,255,0x0,0x0,0x8,0,0
62,64,0,2,255,0x0,0x0,0x3,0,0
62,64,0,3,255,0x0,0x0,0x5,0,0
62,64,0,4,255,0x0,0x0,0xE,0,0
62,96,1,0,4,0x0,0x0,0xD,0,1
62,96,1,1,5,0x0,0x0,0x8,0,1
62,96,1,2,7,0x0,0x0,0x3,0,1
62,96,1,3,0,0x0,0x0,0x5,0,1
62,96,1,4,1,0x0,0x0,0xE,0,1
62,128,1,0,4,0x0,0x0,0xD,0,1
62,128,1,1,5,0x0,0x0,0x8,0,1
62,128,1,2,7,0x0,0x0,0x3,0,1
62,128,1,3,0,0x0,0x0,0x5,0,1
62,128,1,4,1,0x0,0x0,0xE,0,1
62,160,1,0,4,0x0,0x0,0xD,0,1
62,160,1,1,5,0x0,0x0,0x8,0,1
62,160,1,2,7,0x0,0x0,0x3,0,1
62,160,1,3,0,0x0,0x0,0x5,0,1
62,160,1,4,1,0x0,0x0,0xE,0,1
62,192,1,0,4,0x0,0x0,0xD,0,1
62,192,1,1,5,0x0,0x0,0x8,0,1
62,192,1,2,7,0x0,0x0,0x3,0,1
62,192,1,3,0,0x0,0x0,0x5,0,1
62,192,1,4,1,0x0,0x0,0xE,0,1
62,256,1,0,4,0xF,0xD,0xD,4,1
62,256,1,1,5,0xF,0x8,0x8,4,1
62,256,1,2,7,0x3,0x3,0x3,2,1
62,256,1,3,0,0xF,0x5,0x5,4,1
62,256,1,4,1,0xF,0xE,0xE,4,1
62,320,1,0,4,0xF,0xD,0xD,4,1
62,320,1,1,5,0xF,0x8,0x8,4,1
62,320,1,2,7,0x3,0x3,0x3,2,1
62,320,1,3,0,0xF,0x5,0x5,4,1
62,320,1,4,1,0xF,0xE,0xE,4,1
62,384,1,0,4,0xF,0xD,0xD,4,1
62,384,1,1,5,0xF,0x8,0x8,4,1
62,384,1,2,7,0x3,0x3,0x3,2,1
62,384,1,3,0,0xF,0x5,0x5,4,1
62,384,1,4,1,0xF,0xE,0xE,4,1
62,512,1,0,4,0xF,0xD,0xD,4,1
62,512,1,1,5,0xF,0x8,0x8,4,1
62,512,1,2,7,0x3,0x3,0x3,2,1
62,512,1,3,0,0xF,0x5,0x5,4,1
62,512,1,4,1,0xF,0xE,0xE,4,1
63,64,0,0,255,0x0,0x0,0xC,0,0
63,64,0,1,255,0x0,0x0,0xF,0,0
63,64,0,2,255,0x0,0x0,0xD,0,0
63,64,0,3,255,0x0,0x0,0x9,0,0
63,64,0,4,255,0x0,0x0,0x1,0,0
63,96,1,0,6,0x0,0x0,0xC,0,1
63,96,1,1,7,0x0,0x0,0xF,0,1
63,96,1,2,1,0x0,0x0,0xD,0,1
63,96,1,3,2,0x0,0x0,0x9,0,1
63,96,1,4,3,0x0,0x0,0x1,0,1
63,128,1,0,6,0x0,0x0,0xC,0,1
63,128,1,1,7,0x0,0x0,0xF,0,1
63,128,1,2,1,0x0,0x0,0xD,0,1
63,128,1,3,2,0x0,0x0,0x9,0,1
63,128,1,4,3,0x0,0x0,0x1,0,1
63,160,1,0,6,0x0,0x0,0xC,0,1
63,160,1,1,7,0x0,0x0,0xF,0,1
63,160,1,2,1,0x0,0x0,0xD,0,1
63,160,1,3,2,0x0,0x0,0x9,0,1
63,160,1,4,3,0x0,0x0,0x1,0,1
63,192,1,0,6,0x0,0x0,0xC,0,1
63,192,1,1,7,0x0,0x0,0xF,0,1
63,192,1,2,1,0x0,0x0,0xD,0,1
63,192,1,3,2,0x0,0x0,0x9,0,1
63,192,1,4,3,0x0,0x0,0x1,0,1
63,256,1,0,6,0xF,0xC,0xC,4,1
63,256,1,1,7,0xF,0xF,0xF,4,1
63,256,1,2,1,0x3,0x1,0xD,2,1
63,256,1,3,2,0xF,0x9,0x9,4,1
63,256,1,4,3,0xF,0x1,0x1,4,1
63,320,1,0,6,0xF,0xC,0xC,4,1
63,320,1,1,7,0xF,0xF,0xF,4,1
63,320,1,2,1,0x3,0x1,0xD,2,1
63,320,1,3,2,0xF,0x9,0x9,4,1
63,320,1,4,3,0xF,0x1,0x1,4,1
63,384,1,0,6,0xF,0xC,0xC,4,1
63,384,1,1,7,0xF,0xF,0xF,4,1
63,384,1,2,1,0x3,0x1,0xD,2,1
63,384,1,3,2,0xF,0x9,0x9,4,1
63,384,1,4,3,0xF,0x1,0x1,4,1
63,512,1,0,6,0xF,0xC,0xC,4,1
63,512,1,1,7,0xF,0xF,0xF,4,1
63,512,1,2,1,0x3,0x1,0xD,2,1
63,512,1,3,2,0xF,0x9,0x9,4,1
63,512,1,4,3,0xF,0x1,0x1,4,1
64,64,0,0,255,0x0,0x0,0x8,0,0
64,64,0,1,255,0x0,0x0,0x8,0,0
64,64,0,2,255,0x0,0x0,0x1,0,0
64,64,0,3,255,0x0,0x0,0x1,0,0
64,64,0,4,255,0x0,0x0,0xE,0,0
64,96,1,0,0,0x0,0x0,0x8,0,1
64,96,1,1,1,0x0,0x0,0x8,0,1
64,96,1,2,3,0x0,0x0,0x1,0,1
64,96,1,3,4,0x0,0x0,0x1,0,1
64,96,1,4,5,0x0,0x0,0xE,0,1
64,128,1,0,0,0x0,0x0,0x8,0,1
64,128,1,1,1,0x0,0x0,0x8,0,1
64,128,1,2,3,0x0,0x0,0x1,0,1
64,128,1,3,4,0x0,0x0,0x1,0,1
64,128,1,4,5,0x0,0x0,0xE,0,1
64,160,1,0,0,0x0,0x0,0x8,0,1
64,160,1,1,1,0x0,0x0,0x8,0,1
64,160,1,2,3,0x0,0x0,0x1,0,1
64,160,1,3,4,0x0,0x0,0x1,0,1
64,160,1,4,5,0x0,0x0,0xE,0,1
64,192,1,0,0,0x0,0x0,0x8,0,1
64,192,1,1,1,0x0,0x0,0x8,0,1
64,192,1,2,3,0x0,0x0,0x1,0,1
64,192,1,3,4,0x0,0x0,0x1,0,1
64,192,1,4,5,0x0,0x0,0xE,0,1
64,256,1,0,0,0xF,0x8,0x8,4,1
64,256,1,1,1,0xF,0x8,0x8,4,1
64,256,1,2,3,0x3,0x1,0x1,2,1
64,256,1,3,4,0xF,0x1,0x1,4,1
64,256,1,4,5,0xF,0xE,0xE,4,1
64,320,1,0,0,0xF,0x8,0x8,4,1
64,320,1,1,1,0xF,0x8,0x8,4,1
64,320,1,2,3,0x3,0x1,0x1,2,1
64,320,1,3,4,0xF,0x1,0x1,4,1
64,320,1,4,5,0xF,0xE,0xE,4,1
64,384,1,0,0,0xF,0x8,0x8,4,1
64,384,1,1,1,0xF,0x8,0x8,4,1
64,384,1,2,3,0x3,0x1,0x1,2,1
64,384,1,3,4,0xF,0x1,0x1,4,1
64,384,1,4,5,0xF,0xE,0xE,4,1
64,512,1,0,0,0xF,0x8,0x8,4,1
64,512,1,1,1,0xF,0x8,0x8,4,1
64,512,1,2,3,0x3,0x1,0x1,2,1
64,512,1,3,4,0xF,0x1,0x1,4,1
64,512,1,4,5,0xF,0xE,0xE,4,1
65,64,0,0,255,0x0,0x0,0xA,0,0
65,64,0,1,255,0x0,0x0,0x1,0,0
65,64,0,2,255,0x0,0x0,0x0,0,0
65,64,0,3,255,0x0,0x0,0xF,0,0
65,64,0,4,255,0x0,0x0,0x3,0,0
65,96,1,0,4,0x0,0x0,0xA,0,1
65,96,1,1,5,0x0,0x0,0x1,0,1
65,96,1,2,7,0x0,0x0,0x0,0,1
65,96,1,3,0,0x0,0x0,0xF,0,1
65,96,1,4,1,0x0,0x0,0x3,0,1
65,128,1,0,4,0x0,0x0,0xA,0,1
65,128,1,1,5,0x0,0x0,0x1,0,1
65,128,1,2,7,0x0,0x0,0x0,0,1
65,128,1,3,0,0x0,0x0,0xF,0,1
65,128,1,4,1,0x0,0x0,0x3,0,1
65,160,1,0,4,0x0,0x0,0xA,0,1
65,160,1,1,5,0x0,0x0,0x1,0,1
65,160,1,2,7,0x0,0x0,0x0,0,1
65,160,1,3,0,0x0,0x0,0xF,0,1
65,160,1,4,1,0x0,0x0,0x3,0,1
65,192,1,0,4,0x0,0x0,0xA,0,1
65,192,1,1,5,0x0,0x0,0x1,0,1
65,192,1,2,7,0x0,0x0,0x0,0,1
65,192,1,3,0,0x0,0x0,0xF,0,1
65,192,1,4,1,0x0,0x0,0x3,0,1
65,256,1,0,4,0xF,0xA,0xA,4,1
65,256,1,1,5,0xF,0x1,0x1,4,1
65,256,1,2,7,0x3,0x0,0x0,2,1
65,256,1,3,0,0xF,0xF,0xF,4,1
65,256,1,4,1,0xF,0x3,0x3,4,1
65,320,1,0,4,0xF,0xA,0xA,4,1
65,320,1,1,5,0xF,0x1,0x1,4,1
65,320,1,2,7,0x3,0x0,0x0,2,1
65,320,1,3,0,0xF,0xF,0xF,4,1
65,320,1,4,1,0xF,0x3,0x3,4,1
65,384,1,0,4,0xF,0xA,0xA,4,1
65,384,1,1,5,0xF,0x1,0x1,4,1
65,384,1,2,7,0x3,0x0,0x0,2,1
65,384,1,3,0,0xF,0xF,0xF,4,1
65,384,1,4,1,0xF,0x3,0x3,4,1
65,512,1,0,4,0xF,0xA,0xA,4,1
65,512,1,1,5,0xF,0x1,0x1,4,1
65,512,1,2,7,0x3,0x0,0x0,2,1
65,512,1,3,0,0xF,0xF,0xF,4,1
65,512,1,4,1,0xF,0x3,0x3,4,1
66,64,0,0,255,0x0,0x0,0xB,0,0
66,64,0,1,255,0x0,0x0,0x8,0,0
66,64,0,2,255,0x0,0x0,0x2,0,0
66,64,0,3,255,0x0,0x0,0x9,0,0
66,64,0,4,255,0x0,0x0,0x2,0,0
66,96,1,0,0,0x0,0x0,0xB,0,1
66,96,1,1,1,0x0,0x0,0x8,0,1
66,96,1,2,3,0x0,0x0,0x2,0,1
66,96,1,3,4,0x0,0x0,0x9,0,1
66,96,1,4,5,0x0,0x0,0x2,0,1
66,128,1,0,0,0x0,0x0,0xB,0,1
66,128,1,1,1,0x0,0x0,0x8,0,1
66,128,1,2,3,0x0,0x0,0x2,0,1
66,128,1,3,4,0x0,0x0,0x9,0,1
66,128,1,4,5,0x0,0x0,0x2,0,1
66,160,1,0,0,0x0,0x0,0xB,0,1
66,160,1,1,1,0x0,0x0,0x8,0,1
66,160,1,2,3,0x0,0x0,0x2,0,1
66,160,1,3,4,0x0,0x0,0x9,0,1
66,160,1,4,5,0x0,0x0,0x2,0,1
66,192,1,0,0,0x0,0x0,0xB,0,1
66,192,1,1,1,0x0,0x0,0x8,0,1
66,192,1,2,3,0x0,0x0,0x2,0,1
66,192,1,3,4,0x0,0x0,0x9,0,1
66,192,1,4,5,0x0,0x0,0x2,0,1
66,256,1,0,0,0x7,0x3,0xB,3,1
66,256,1,1,1,0xD,0x8,0x8,3,1
66,256,1,2,3,0x0,0x0,0x2,0,1
66,256,1,3,4,0x3,0x1,0x9,2,1
66,256,1,4,5,0x0,0x0,0x2,0,1
66,320,1,0,0,0xF,0xB,0xB,4,1
66,320,1,1,1,0xF,0x8,0x8,4,1
66,320,1,2,3,0x3,0x2,0x2,2,1
66,320,1,3,4,0xF,0x9,0x9,4,1
66,320,1,4,5,0xF,0x2,0x2,4,1
66,384,1,0,0,0xF,0xB,0xB,4,1
66,384,1,1,1,0xF,0x8,0x8,4,1
66,384,1,2,3,0x3,0x2,0x2,2,1
66,384,1,3,4,0xF,0x9,0x9,4,1
66,384,1,4,5,0xF,0x2,0x2,4,1
66,512,1,0,0,0xF,0xB,0xB,4,1
66,512,1,1,1,0xF,0x8,0x8,4,1
66,512,1,2,3,0x3,0x2,0x2,2,1
66,512,1,3,4,0xF,0x9,0x9,4,1
66,512,1,4,5,0xF,0x2,0x2,4,1
67,64,1,0,4,0x0,0x0,0x4,0,1
67,64,1,1,5,0x0,0x0,0x7,0,1
67,64,1,2,7,0x0,0x0,0x5,0,1
67,64,1,3,0,0x0,0x0,0xE,0,1
67,64,1,4,1,0x0,0x0,0x3,0,1
67,96,1,0,4,0x0,0x0,0x4,0,1
67,96,1,1,5,0x0,0x0,0x7,0,1
67,96,1,2,7,0x0,0x0,0x5,0,1
67,96,1,3,0,0x0,0x0,0xE,0,1
67,96,1,4,1,0x0,0x0,0x3,0,1
67,128,1,0,4,0x0,0x0,0x4,0,1
67,128,1,1,5,0x0,0x0,0x7,0,1
67,128,1,2,7,0x0,0x0,0x5,0,1
67,128,1,3,0,0x0,0x0,0xE,0,1
67,128,1,4,1,0x0,0x0,0x3,0,1
67,160,1,0,4,0x0,0x0,0x4,0,1
67,160,1,1,5,0x0,0x0,0x7,0,1
67,160,1,2,7,0x0,0x0,0x5,0,1
67,160,1,3,0,0x0,0x0,0xE,0,1
67,160,1,4,1,0x0,0x0,0x3,0,1
67,192,1,0,4,0x0,0x0,0x4,0,1
67,192,1,1,5,0x0,0x0,0x7,0,1
67,192,1,2,7,0x0,0x0,0x5,0,1
67,192,1,3,0,0x0,0x0,0xE,0,1
67,192,1,4,1,0x0,0x0,0x3,0,1
67,256,1,0,4,0xF,0x4,0x4,4,1
67,256,1,1,5,0xF,0x7,0x7,4,1
67,256,1,2,7,0x3,0x1,0x5,2,1
67,256,1,3,0,0xF,0xE,0xE,4,1
67,256,1,4,1,0xF,0x3,0x3,4,1
67,320,1,0,4,0xF,0x4,0x4,4,1
67,320,1,1,5,0xF,0x7,0x7,4,1
67,320,1,2,7,0x3,0x1,0x5,2,1
67,320,1,3,0,0xF,0xE,0xE,4,1
67,320,1,4,1,0xF,0x3,0x3,4,1
67,384,1,0,4,0xF,0x4,0x4,4,1
67,384,1,1,5,0xF,0x7,0x7,4,1
67,384,1,2,7,0x3,0x1,0x5,2,1
67,384,1,3,0,0xF,0xE,0xE,4,1
67,384,1,4,1,0xF,0x3,0x3,4,1
67,512,1,0,4,0xF,0x4,0x4,4,1
67,512,1,1,5,0xF,0x7,0x7,4,1
67,512,1,2,7,0x3,0x1,0x5,2,1
67,512,1,3,0,0xF,0xE,0xE,4,1
67,512,1,4,1,0xF,0x3,0x3,4,1
68,64,0,0,255,0x0,0x0,0x2,0,0
68,64,0,1,255,0x0,0x0,0x4,0,0
68,64,0,2,255,0x0,0x0,0x7,0,0
68,64,0,3,255,0x0,0x0,0xC,0,0
68,64,0,4,255,0x0,0x0,0xB,0,0
68,96,0,0,255,0x0,0x0,0x2,0,0
68,96,0,1,255,0x0,0x0,0x4,0,0
68,96,0,2,255,0x0,0x0,0x7,0,0
68,96,0,3,255,0x0,0x0,0xC,0,0
68,96,0,4,255,0x0,0x0,0xB,0,0
68,128,1,0,6,0x0,0x0,0x2,0,1
68,128,1,1,7,0x0,0x0,0x4,0,1
68,128,1,2,1,0x0,0x0,0x7,0,1
68,128,1,3,2,0x0,0x0,0xC,0,1
68,128,1,4,3,0x0,0x0,0xB,0,1
68,160,1,0,6,0x0,0x0,0x2,0,1
68,160,1,1,7,0x0,0x0,0x4,0,1
68,160,1,2,1,0x0,0x0,0x7,0,1
68,160,1,3,2,0x0,0x0,0xC,0,1
68,160,1,4,3,0x0,0x0,0xB,0,1
68,192,1,0,6,0x0,0x0,0x2,0,1
68,192,1,1,7,0x0,0x0,0x4,0,1
68,192,1,2,1,0x0,0x0,0x7,0,1
68,192,1,3,2,0x0,0x0,0xC,0,1
68,192,1,4,3,0x0,0x0,0xB,0,1
68,256,1,0,6,0xF,0x2,0x2,4,1
68,256,1,1,7,0xF,0x4,0x4,4,1
68,256,1,2,1,0x3,0x3,0x7,2,1
68,256,1,3,2,0xF,0xC,0xC,4,1
68,256,1,4,3,0xF,0xB,0xB,4,1
68,320,1,0,6,0xF,0x2,0x2,4,1
68,320,1,1,7,0xF,0x4,0x4,4,1
68,320,1,2,1,0x3,0x3,0x7,2,1
68,320,1,3,2,0xF,0xC,0xC,4,1
68,320,1,4,3,0xF,0xB,0xB,4,1
68,384,1,0,6,0xF,0x2,0x2,4,1
68,384,1,1,7,0xF,0x4,0x4,4,1
68,384,1,2,1,0x3,0x3,0x7,2,1
68,384,1,3,2,0xF,0xC,0xC,4,1
68,384,1,4,3,0xF,0xB,0xB,4,1
68,512,1,0,6,0xF,0x2,0x2,4,1
68,512,1,1,7,0xF,0x4,0x4,4,1
68,512,1,2,1,0x3,0x3,0x7,2,1
68,512,1,3,2,0xF,0xC,0xC,4,1
68,512,1,4,3,0xF,0xB,0xB,4,1
69,64,0,0,255,0x0,0x0,0xF,0,0
69,64,0,1,255,0x0,0x0,0xB,0,0
69,64,0,2,255,0x0,0x0,0xB,0,0
69,64,0,3,255,0x0,0x0,0xD,0,0
69,64,0,4,255,0x0,0x0,0xC,0,0
69,96,1,0,3,0x0,0x0,0xF,0,1
69,96,1,1,4,0x0,0x0,0xB,0,1
69,96,1,2,6,0x0,0x0,0xB,0,1
69,96,1,3,7,0x0,0x0,0xD,0,1
69,96,1,4,0,0x0,0x0,0xC,0,1
69,128,1,0,3,0x0,0x0,0xF,0,1
69,128,1,1,4,0x0,0x0,0xB,0,1
69,128,1,2,6,0x0,0x0,0xB,0,1
69,128,1,3,7,0x0,0x0,0xD,0,1
69,128,1,4,0,0x0,0x0,0xC,0,1
69,160,1,0,3,0x0,0x0,0xF,0,1
69,160,1,1,4,0x0,0x0,0xB,0,1
69,160,1,2,6,0x0,0x0,0xB,0,1
69,160,1,3,7,0x0,0x0,0xD,0,1
69,160,1,4,0,0x0,0x0,0xC,0,1
69,192,1,0,3,0x0,0x0,0xF,0,1
69,192,1,1,4,0x0,0x0,0xB,0,1
69,192,1,2,6,0x0,0x0,0xB,0,1
69,192,1,3,7,0x0,0x0,0xD,0,1
69,192,1,4,0,0x0,0x0,0xC,0,1
69,256,1,0,3,0xF,0xF,0xF,4,1
69,256,1,1,4,0xF,0xB,0xB,4,1
69,256,1,2,6,0x3,0x3,0xB,2,1
69,256,1,3,7,0xF,0xD,0xD,4,1
69,256,1,4,0,0xF,0xC,0xC,4,1
69,320,1,0,3,0xF,0xF,0xF,4,1
69,320,1,1,4,0xF,0xB,0xB,4,1
69,320,1,2,6,0x3,0x3,0xB,2,1
69,320,1,3,7,0xF,0xD,0xD,4,1
69,320,1,4,0,0xF,0xC,0xC,4,1
69,384,1,0,3,0xF,0xF,0xF,4,1
69,384,1,1,4,0xF,0xB,0xB,4,1
69,384,1,2,6,0x3,0x3,0xB,2,1
69,384,1,3,7,0xF,0xD,0xD,4,1
69,384,1,4,0,0xF,0xC,0xC,4,1
69,512,1,0,3,0xF,0xF,0xF,4,1
69,512,1,1,4,0xF,0xB,0xB,4,1
69,512,1,2,6,0x3,0x3,0xB,2,1
69,512,1,3,7,0xF,0xD,0xD,4,1
69,512,1,4,0,0xF,0xC,0xC,4,1
70,64,1,0,6,0x0,0x0,0xF,0,1
70,64,1,1,7,0x0,0x0,0x0,0,1
70,64,1,2,1,0x0,0x0,0x2,0,1
70,64,1,3,2,0x0,0x0,0x3,0,1
70,64,1,4,3,0x0,0x0,0x0,0,1
70,96,1,0,6,0x0,0x0,0xF,0,1
70,96,1,1,7,0x0,0x0,0x0,0,1
70,96,1,2,1,0x0,0x0,0x2,0,1
70,96,1,3,2,0x0,0x0,0x3,0,1
70,96,1,4,3,0x0,0x0,0x0,0,1
70,128,1,0,6,0x0,0x0,0xF,0,1
70,128,1,1,7,0x0,0x0,0x0,0,1
70,128,1,2,1,0x0,0x0,0x2,0,1
70,128,1,3,2,0x0,0x0,0x3,0,1
70,128,1,4,3,0x0,0x0,0x0,0,1
70,160,1,0,6,0x0,0x0,0xF,0,1
70,160,1,1,7,0x0,0x0,0x0,0,1
70,160,1,2,1,0x0,0x0,0x2,0,1
70,160,1,3,2,0x0,0x0,0x3,0,1
70,160,1,4,3,0x0,0x0,0x0,0,1
70,192,1,0,6,0x0,0x0,0xF,0,1
70,192,1,1,7,0x0,0x0,0x0,0,1
70,192,1,2,1,0x0,0x0,0x2,0,1
70,192,1,3,2,0x0,0x0,0x3,0,1
70,192,1,4,3,0x0,0x0,0x0,0,1
70,256,1,0,6,0x1,0x1,0xF,1,1
70,256,1,1,7,0x3,0x0,0x0,2,1
70,256,1,2,1,0x3,0x2,0x2,2,1
70,256,1,3,2,0x4,0x0,0x3,1,1
70,256,1,4,3,0x4,0x0,0x0,1,1
70,320,1,0,6,0xF,0xF,0xF,4,1
70,320,1,1,7,0xF,0x0,0x0,4,1
70,320,1,2,1,0x3,0x2,0x2,2,1
70,320,1,3,2,0xF,0x3,0x3,4,1
70,320,1,4,3,0xF,0x0,0x0,4,1
70,384,1,0,6,0xF,0xF,0xF,4,1
70,384,1,1,7,0xF,0x0,0x0,4,1
70,384,1,2,1,0x3,0x2,0x2,2,1
70,384,1,3,2,0xF,0x3,0x3,4,1
70,384,1,4,3,0xF,0x0,0x0,4,1
70,512,1,0,6,0xF,0xF,0xF,4,1
70,512,1,1,7,0xF,0x0,0x0,4,1
70,512,1,2,1,0x3,0x2,0x2,2,1
70,512,1,3,2,0xF,0x3,0x3,4,1
70,512,1,4,3,0xF,0x0,0x0,4,1
71,64,0,0,255,0x0,0x0,0xF,0,0
71,64,0,1,255,0x0,0x0,0xA,0,0
71,64,0,2,255,0x0,0x0,0x8,0,0
71,64,0,3,255,0x0,0x0,0x3,0,0
71,64,0,4,255,0x0,0x0,0xF,0,0
71,96,0,0,255,0x0,0x0,0xF,0,0
71,96,0,1,255,0x0,0x0,0xA,0,0
71,96,0,2,255,0x0,0x0,0x8,0,0
71,96,0,3,255,0x0,0x0,0x3,0,0
71,96,0,4,255,0x0,0x0,0xF,0,0
71,128,1,0,4,0x0,0x0,0xF,0,1
71,128,1,1,5,0x0,0x0,0xA,0,1
71,128,1,2,7,0x0,0x0,0x8,0,1
71,128,1,3,0,0x0,0x0,0x3,0,1
71,128,1,4,1,0x0,0x0,0xF,0,1
71,160,1,0,4,0x0,0x0,0xF,0,1
71,160,1,1,5,0x0,0x0,0xA,0,1
71,160,1,2,7,0x0,0x0,0x8,0,1
71,160,1,3,0,0x0,0x0,0x3,0,1
71,160,1,4,1,0x0,0x0,0xF,0,1
71,192,1,0,4,0x0,0x0,0xF,0,1
71,192,1,1,5,0x0,0x0,0xA,0,1
71,192,1,2,7,0x0,0x0,0x8,0,1
71,192,1,3,0,0x0,0x0,0x3,0,1
71,192,1,4,1,0x0,0x0,0xF,0,1
71,256,1,0,4,0xF,0xF,0xF,4,1
71,256,1,1,5,0xA,0xA,0xA,2,1
71,256,1,2,7,0x3,0x0,0x8,2,1
71,256,1,3,0,0xF,0x3,0x3,4,1
71,256,1,4,1,0x2,0x2,0xF,1,1
71,320,1,0,4,0xF,0xF,0xF,4,1
71,320,1,1,5,0xF,0xA,0xA,4,1
71,320,1,2,7,0x3,0x0,0x8,2,1
71,320,1,3,0,0xF,0x3,0x3,4,1
71,320,1,4,1,0xF,0xF,0xF,4,1
71,384,1,0,4,0xF,0xF,0xF,4,1
71,384,1,1,5,0xF,0xA,0xA,4,1
71,384,1,2,7,0x3,0x0,0x8,2,1
71,384,1,3,0,0xF,0x3,0x3,4,1
71,384,1,4,1,0xF,0xF,0xF,4,1
71,512,1,0,4,0xF,0xF,0xF,4,1
71,512,1,1,5,0xF,0xA,0xA,4,1
71,512,1,2,7,0x3,0x0,0x8,2,1
71,512,1,3,0,0xF,0x3,0x3,4,1
71,512,1,4,1,0xF,0xF,0xF,4,1
72,64,1,0,4,0x0,0x0,0x9,0,1
72,64,1,1,5,0x0,0x0,0x4,0,1
72,64,1,2,7,0x0,0x0,0x7,0,1
72,64,1,3,0,0x0,0x0,0x2,0,1
72,64,1,4,1,0x0,0x0,0x3,0,1
72,96,1,0,4,0x0,0x0,0x9,0,1
72,96,1,1,5,0x0,0x0,0x4,0,1
72,96,1,2,7,0x0,0x0,0x7,0,1
72,96,1,3,0,0x0,0x0,0x2,0,1
72,96,1,4,1,0x0,0x0,0x3,0,1
72,128,1,0,4,0x0,0x0,0x9,0,1
72,128,1,1,5,0x0,0x0,0x4,0,1
72,128,1,2,7,0x0,0x0,0x7,0,1
72,128,1,3,0,0x0,0x0,0x2,0,1
72,128,1,4,1,0x0,0x0,0x3,0,1
72,160,1,0,4,0x0,0x0,0x9,0,1
72,160,1,1,5,0x0,0x0,0x4,0,1
72,160,1,2,7,0x0,0x0,0x7,0,1
72,160,1,3,0,0x0,0x0,0x2,0,1
72,160,1,4,1,0x0,0x0,0x3,0,1
72,192,1,0,4,0x0,0x0,0x9,0,1
72,192,1,1,5,0x0,0x0,0x4,0,1
72,192,1,2,7,0x0,0x0,0x7,0,1
72,192,1,3,0,0x0,0x0,0x2,0,1
72,192,1,4,1,0x0,0x0,0x3,0,1
72,256,1,0,4,0xF,0x9,0x9,4,1
72,256,1,1,5,0xF,0x4,0x4,4,1
72,256,1,2,7,0x3,0x3,0x7,2,1
72,256,1,3,0,0xF,0x2,0x2,4,1
72,256,1,4,1,0xF,0x3,0x3,4,1
72,320,1,0,4,0xF,0x9,0x9,4,1
72,320,1,1,5,0xF,0x4,0x4,4,1
72,320,1,2,7,0x3,0x3,0x7,2,1
72,320,1,3,0,0xF,0x2,0x2,4,1
72,320,1,4,1,0xF,0x3,0x3,4,1
72,384,1,0,4,0xF,0x9,0x9,4,1
72,384,1,1,5,0xF,0x4,0x4,4,1
72,384,1,2,7,0x3,0x3,0x7,2,1
72,384,1,3,0,0xF,0x2,0x2,4,1
72,384,1,4,1,0xF,0x3,0x3,4,1
72,512,1,0,4,0xF,0x9,0x9,4,1
72,512,1,1,5,0xF,0x4,0x4,4,1
72,512,1,2,7,0x3,0x3,0x7,2,1
72,512,1,3,0,0xF,0x2,0x2,4,1
72,512,1,4,1,0xF,0x3,0x3,4,1
73,64,1,0,6,0x0,0x0,0x9,0,1
73,64,1,1,7,0x0,0x0,0x3,0,1
73,64,1,2,1,0x0,0x0,0x9,0,1
73,64,1,3,2,0x0,0x0,0xE,0,1
73,64,1,4,3,0x0,0x0,0xF,0,1
73,96,1,0,6,0x0,0x0,0x9,0,1
73,96,1,1,7,0x0,0x0,0x3,0,1
73,96,1,2,1,0x0,0x0,0x9,0,1
73,96,1,3,2,0x0,0x0,0xE,0,1
73,96,1,4,3,0x0,0x0,0xF,0,1
73,128,1,0,6,0x0,0x0,0x9,0,1
73,128,1,1,7,0x0,0x0,0x3,0,1
73,128,1,2,1,0x0,0x0,0x9,0,1
73,128,1,3,2,0x0,0x0,0xE,0,1
73,128,1,4,3,0x0,0x0,0xF,0,1
73,160,1,0,6,0x0,0x0,0x9,0,1
73,160,1,1,7,0x0,0x0,0x3,0,1
73,160,1,2,1,0x0,0x0,0x9,0,1
73,160,1,3,2,0x0,0x0,0xE,0,1
73,160,1,4,3,0x0,0x0,0xF,0,1
73,192,1,0,6,0x0,0x0,0x9,0,1
73,192,1,1,7,0x0,0x0,0x3,0,1
73,192,1,2,1,0x0,0x0,0x9,0,1
73,192,1,3,2,0x0,0x0,0xE,0,1
73,192,1,4,3,0x0,0x0,0xF,0,1
73,256,1,0,6,0xA,0x8,0x9,2,1
73,256,1,1,7,0xF,0x3,0x3,4,1
73,256,1,2,1,0x3,0x1,0x9,2,1
73,256,1,3,2,0xF,0xE,0xE,4,1
73,256,1,4,3,0x7,0x7,0xF,3,1
73,320,1,0,6,0xF,0x9,0x9,4,1
73,320,1,1,7,0xF,0x3,0x3,4,1
73,320,1,2,1,0x3,0x1,0x9,2,1
73,320,1,3,2,0xF,0xE,0xE,4,1
73,320,1,4,3,0xF,0xF,0xF,4,1
73,384,1,0,6,0xF,0x9,0x9,4,1
73,384,1,1,7,0xF,0x3,0x3,4,1
73,384,1,2,1,0x3,0x1,0x9,2,1
73,384,1,3,2,0xF,0xE,0xE,4,1
73,384,1,4,3,0xF,0xF,0xF,4,1
73,512,1,0,6,0xF,0x9,0x9,4,1
73,512,1,1,7,0xF,0x3,0x3,4,1
73,512,1,2,1,0x3,0x1,0x9,2,1
73,512,1,3,2,0xF,0xE,0xE,4,1
73,512,1,4,3,0xF,0xF,0xF,4,1
74,64,0,0,255,0x0,0x0,0x8,0,0
74,64,0,1,255,0x0,0x0,0xE,0,0
74,64,0,2,255,0x0,0x0,0xB,0,0
74,64,0,3,255,0x0,0x0,0x3,0,0
74,64,0,4,255,0x0,0x0,0xD,0,0
74,96,1,0,3,0x0,0x0,0x8,0,1
74,96,1,1,4,0x0,0x0,0xE,0,1
74,96,1,2,6,0x0,0x0,0xB,0,1
74,96,1,3,7,0x0,0x0,0x3,0,1
74,96,1,4,0,0x0,0x0,0xD,0,1
74,128,1,0,3,0x0,0x0,0x8,0,1
74,128,1,1,4,0x0,0x0,0xE,0,1
74,128,1,2,6,0x0,0x0,0xB,0,1
74,128,1,3,7,0x0,0x0,0x3,0,1
74,128,1,4,0,0x0,0x0,0xD,0,1
74,160,1,0,3,0x0,0x0,0x8,0,1
74,160,1,1,4,0x0,0x0,0xE,0,1
74,160,1,2,6,0x0,0x0,0xB,0,1
74,160,1,3,7,0x0,0x0,0x3,0,1
74,160,1,4,0,0x0,0x0,0xD,0,1
74,192,1,0,3,0x0,0x0,0x8,0,1
74,192,1,1,4,0x0,0x0,0xE,0,1
74,192,1,2,6,0x0,0x0,0xB,0,1
74,192,1,3,7,0x0,0x0,0x3,0,1
74,192,1,4,0,0x0,0x0,0xD,0,1
74,256,1,0,3,0xD,0x8,0x8,3,1
74,256,1,1,4,0xE,0xE,0xE,3,1
74,256,1,2,6,0x3,0x3,0xB,2,1
74,256,1,3,7,0xE,0x2,0x3,3,1
74,256,1,4,0,0x9,0x9,0xD,2,1
74,320,1,0,3,0xF,0x8,0x8,4,1
74,320,1,1,4,0xF,0xE,0xE,4,1
74,320,1,2,6,0x3,0x3,0xB,2,1
74,320,1,3,7,0xF,0x3,0x3,4,1
74,320,1,4,0,0xF,0xD,0xD,4,1
74,384,1,0,3,0xF,0x8,0x8,4,1
74,384,1,1,4,0xF,0xE,0xE,4,1
74,384,1,2,6,0x3,0x3,0xB,2,1
74,384,1,3,7,0xF,0x3,0x3,4,1
74,384,1,4,0,0xF,0xD,0xD,4,1
74,512,1,0,3,0xF,0x8,0x8,4,1
74,512,1,1,4,0xF,0xE,0xE,4,1
74,512,1,2,6,0x3,0x3,0xB,2,1
74,512,1,3,7,0xF,0x3,0x3,4,1
74,512,1,4,0,0xF,0xD,0xD,4,1
75,64,0,0,255,0x0,0x0,0x0,0,0
75,64,0,1,255,0x0,0x0,0x7,0,0
75,64,0,2,255,0x0,0x0,0x4,0,0
75,64,0,3,255,0x0,0x0,0xF,0,0
75,64,0,4,255,0x0,0x0,0xB,0,0
75,96,0,0,255,0x0,0x0,0x0,0,0
75,96,0,1,255,0x0,0x0,0x7,0,0
75,96,0,2,255,0x0,0x0,0x4,0,0
75,96,0,3,255,0x0,0x0,0xF,0,0
75,96,0,4,255,0x0,0x0,0xB,0,0
75,128,0,0,255,0x0,0x0,0x0,0,0
75,128,0,1,255,0x0,0x0,0x7,0,0
75,128,0,2,255,0x0,0x0,0x4,0,0
75,128,0,3,255,0x0,0x0,0xF,0,0
75,128,0,4,255,0x0,0x0,0xB,0,0
75,160,1,0,6,0x0,0x0,0x0,0,1
75,160,1,1,7,0x0,0x0,0x7,0,1
75,160,1,2,1,0x0,0x0,0x4,0,1
75,160,1,3,2,0x0,0x0,0xF,0,1
75,160,1,4,3,0x0,0x0,0xB,0,1
75,192,1,0,6,0x0,0x0,0x0,0,1
75,192,1,1,7,0x0,0x0,0x7,0,1
75,192,1,2,1,0x0,0x0,0x4,0,1
75,192,1,3,2,0x0,0x0,0xF,0,1
75,192,1,4,3,0x0,0x0,0xB,0,1
75,256,1,0,6,0x0,0x0,0x0,0,1
75,256,1,1,7,0x4,0x4,0x7,1,1
75,256,1,2,1,0x0,0x0,0x4,0,1
75,256,1,3,2,0xC,0xC,0xF,2,1
75,256,1,4,3,0xD,0x9,0xB,3,1
75,320,1,0,6,0xF,0x0,0x0,4,1
75,320,1,1,7,0xF,0x7,0x7,4,1
75,320,1,2,1,0x3,0x0,0x4,2,1
75,320,1,3,2,0xF,0xF,0xF,4,1
75,320,1,4,3,0xF,0xB,0xB,4,1
75,384,1,0,6,0xF,0x0,0x0,4,1
75,384,1,1,7,0xF,0x7,0x7,4,1
75,384,1,2,1,0x3,0x0,0x4,2,1
75,384,1,3,2,0xF,0xF,0xF,4,1
75,384,1,4,3,0xF,0xB,0xB,4,1
75,512,1,0,6,0xF,0x0,0x0,4,1
75,512,1,1,7,0xF,0x7,0x7,4,1
75,512,1,2,1,0x3,0x0,0x4,2,1
75,512,1,3,2,0xF,0xF,0xF,4,1
75,512,1,4,3,0xF,0xB,0xB,4,1
76,64,0,0,255,0x0,0x0,0x9,0,0
76,64,0,1,255,0x0,0x0,0x5,0,0
76,64,0,2,255,0x0,0x0,0xA,0,0
76,64,0,3,255,0x0,0x0,0x7,0,0
76,64,0,4,255,0x0,0x0,0x0,0,0
76,96,1,0,1,0x0,0x0,0x9,0,1
76,96,1,1,2,0x0,0x0,0x5,0,1
76,96,1,2,4,0x0,0x0,0xA,0,1
76,96,1,3,5,0x0,0x0,0x7,0,1
76,96,1,4,6,0x0,0x0,0x0,0,1
76,128,1,0,1,0x0,0x0,0x9,0,1
76,128,1,1,2,0x0,0x0,0x5,0,1
76,128,1,2,4,0x0,0x0,0xA,0,1
76,128,1,3,5,0x0,0x0,0x7,0,1
76,128,1,4,6,0x0,0x0,0x0,0,1
76,160,1,0,1,0x0,0x0,0x9,0,1
76,160,1,1,2,0x0,0x0,0x5,0,1
76,160,1,2,4,0x0,0x0,0xA,0,1
76,160,1,3,5,0x0,0x0,0x7,0,1
76,160,1,4,6,0x0,0x0,0x0,0,1
76,192,1,0,1,0x0,0x0,0x9,0,1
76,192,1,1,2,0x0,0x0,0x5,0,1
76,192,1,2,4,0x0,0x0,0xA,0,1
76,192,1,3,5,0x0,0x0,0x7,0,1
76,192,1,4,6,0x0,0x0,0x0,0,1
76,256,1,0,1,0xF,0x9,0x9,4,1
76,256,1,1,2,0xF,0x5,0x5,4,1
76,256,1,2,4,0x3,0x2,0xA,2,1
76,256,1,3,5,0xF,0x7,0x7,4,1
76,256,1,4,6,0xF,0x0,0x0,4,1
76,320,1,0,1,0xF,0x9,0x9,4,1
76,320,1,1,2,0xF,0x5,0x5,4,1
76,320,1,2,4,0x3,0x2,0xA,2,1
76,320,1,3,5,0xF,0x7,0x7,4,1
76,320,1,4,6,0xF,0x0,0x0,4,1
76,384,1,0,1,0xF,0x9,0x9,4,1
76,384,1,1,2,0xF,0x5,0x5,4,1
76,384,1,2,4,0x3,0x2,0xA,2,1
76,384,1,3,5,0xF,0x7,0x7,4,1
76,384,1,4,6,0xF,0x0,0x0,4,1
76,512,1,0,1,0xF,0x9,0x9,4,1
76,512,1,1,2,0xF,0x5,0x5,4,1
76,512,1,2,4,0x3,0x2,0xA,2,1
76,512,1,3,5,0xF,0x7,0x7,4,1
76,512,1,4,6,0xF,0x0,0x0,4,1
77,64,0,0,255,0x0,0x0,0xD,0,0
77,64,0,1,255,0x0,0x0,0xD,0,0
77,64,0,2,255,0x0,0x0,0x3,0,0
77,64,0,3,255,0x0,0x0,0xF,0,0
77,64,0,4,255,0x0,0x0,0xB,0,0
77,96,1,0,3,0x0,0x0,0xD,0,1
77,96,1,1,4,0x0,0x0,0xD,0,1
77,96,1,2,6,0x0,0x0,0x3,0,1
77,96,1,3,7,0x0,0x0,0xF,0,1
77,96,1,4,0,0x0,0x0,0xB,0,1
77,128,1,0,3,0x0,0x0,0xD,0,1
77,128,1,1,4,0x0,0x0,0xD,0,1
77,128,1,2,6,0x0,0x0,0x3,0,1
77,128,1,3,7,0x0,0x0,0xF,0,1
77,128,1,4,0,0x0,0x0,0xB,0,1
77,160,1,0,3,0x0,0x0,0xD,0,1
77,160,1,1,4,0x0,0x0,0xD,0,1
77,160,1,2,6,0x0,0x0,0x3,0,1
77,160,1,3,7,0x0,0x0,0xF,0,1
77,160,1,4,0,0x0,0x0,0xB,0,1
77,192,1,0,3,0x0,0x0,0xD,0,1
77,192,1,1,4,0x0,0x0,0xD,0,1
77,192,1,2,6,0x0,0x0,0x3,0,1
77,192,1,3,7,0x0,0x0,0xF,0,1
77,192,1,4,0,0x0,0x0,0xB,0,1
77,256,1,0,3,0xF,0xD,0xD,4,1
77,256,1,1,4,0xF,0xD,0xD,4,1
77,256,1,2,6,0x3,0x3,0x3,2,1
77,256,1,3,7,0xF,0xF,0xF,4,1
77,256,1,4,0,0xF,0xB,0xB,4,1
77,320,1,0,3,0xF,0xD,0xD,4,1
77,320,1,1,4,0xF,0xD,0xD,4,1
77,320,1,2,6,0x3,0x3,0x3,2,1
77,320,1,3,7,0xF,0xF,0xF,4,1
77,320,1,4,0,0xF,0xB,0xB,4,1
77,384,1,0,3,0xF,0xD,0xD,4,1
77,384,1,1,4,0xF,0xD,0xD,4,1
77,384,1,2,6,0x3,0x3,0x3,2,1
77,384,1,3,7,0xF,0xF,0xF,4,1
77,384,1,4,0,0xF,0xB,0xB,4,1
77,512,1,0,3,0xF,0xD,0xD,4,1
77,512,1,1,4,0xF,0xD,0xD,4,1
77,512,1,2,6,0x3,0x3,0x3,2,1
77,512,1,3,7,0xF,0xF,0xF,4,1
77,512,1,4,0,0xF,0xB,0xB,4,1
78,64,0,0,255,0x0,0x0,0xC,0,0
78,64,0,1,255,0x0,0x0,0xB,0,0
78,64,0,2,255,0x0,0x0,0x0,0,0
78,64,0,3,255,0x0,0x0,0xF,0,0
78,64,0,4,255,0x0,0x0,0x9,0,0
78,96,1,0,4,0x0,0x0,0xC,0,1
78,96,1,1,5,0x0,0x0,0xB,0,1
78,96,1,2,7,0x0,0x0,0x0,0,1
78,96,1,3,0,0x0,0x0,0xF,0,1
78,96,1,4,1,0x0,0x0,0x9,0,1
78,128,1,0,4,0x0,0x0,0xC,0,1
78,128,1,1,5,0x0,0x0,0xB,0,1
78,128,1,2,7,0x0,0x0,0x0,0,1
78,128,1,3,0,0x0,0x0,0xF,0,1
78,128,1,4,1,0x0,0x0,0x9,0,1
78,160,1,0,4,0x0,0x0,0xC,0,1
78,160,1,1,5,0x0,0x0,0xB,0,1
78,160,1,2,7,0x0,0x0,0x0,0,1
78,160,1,3,0,0x0,0x0,0xF,0,1
78,160,1,4,1,0x0,0x0,0x9,0,1
78,192,1,0,4,0x0,0x0,0xC,0,1
78,192,1,1,5,0x0,0x0,0xB,0,1
78,192,1,2,7,0x0,0x0,0x0,0,1
78,192,1,3,0,0x0,0x0,0xF,0,1
78,192,1,4,1,0x0,0x0,0x9,0,1
78,256,1,0,4,0xF,0xC,0xC,4,1
78,256,1,1,5,0xF,0xB,0xB,4,1
78,256,1,2,7,0x3,0x0,0x0,2,1
78,256,1,3,0,0xF,0xF,0xF,4,1
78,256,1,4,1,0xF,0x9,0x9,4,1
78,320,1,0,4,0xF,0xC,0xC,4,1
78,320,1,1,5,0xF,0xB,0xB,4,1
78,320,1,2,7,0x3,0x0,0x0,2,1
78,320,1,3,0,0xF,0xF,0xF,4,1
78,320,1,4,1,0xF,0x9,0x9,4,1
78,384,1,0,4,0xF,0xC,0xC,4,1
78,384,1,1,5,0xF,0xB,0xB,4,1
78,384,1,2,7,0x3,0x0,0x0,2,1
78,384,1,3,0,0xF,0xF,0xF,4,1
78,384,1,4,1,0xF,0x9,0x9,4,1
78,512,1,0,4,0xF,0xC,0xC,4,1
78,512,1,1,5,0xF,0xB,0xB,4,1
78,512,1,2,7,0x3,0x0,0x0,2,1
78,512,1,3,0,0xF,0xF,0xF,4,1
78,512,1,4,1,0xF,0x9,0x9,4,1
79,64,0,0,255,0x0,0x0,0xA,0,0
79,64,0,1,255,0x0,0x0,0x5,0,0
79,64,0,2,255,0x0,0x0,0x9,0,0
79,64,0,3,255,0x0,0x0,0x3,0,0
79,64,0,4,255,0x0,0x0,0x3,0,0
79,96,1,0,2,0x0,0x0,0xA,0,1
79,96,1,1,3,0x0,0x0,0x5,0,1
79,96,1,2,5,0x0,0x0,0x9,0,1
79,96,1,3,6,0x0,0x0,0x3,0,1
79,96,1,4,7,0x0,0x0,0x3,0,1
79,128,1,0,2,0x0,0x0,0xA,0,1
79,128,1,1,3,0x0,0x0,0x5,0,1
79,128,1,2,5,0x0,0x0,0x9,0,1
79,128,1,3,6,0x0,0x0,0x3,0,1
79,128,1,4,7,0x0,0x0,0x3,0,1
79,160,1,0,2,0x0,0x0,0xA,0,1
79,160,1,1,3,0x0,0x0,0x5,0,1
79,160,1,2,5,0x0,0x0,0x9,0,1
79,160,1,3,6,0x0,0x0,0x3,0,1
79,160,1,4,7,0x0,0x0,0x3,0,1
79,192,1,0,2,0x8,0x8,0xA,1,1
79,192,1,1,3,0x0,0x0,0x5,0,1
79,192,1,2,5,0x0,0x0,0x9,0,1
79,192,1,3,6,0x0,0x0,0x3,0,1
79,192,1,4,7,0x0,0x0,0x3,0,1
79,256,1,0,2,0xF,0xA,0xA,4,1
79,256,1,1,3,0xF,0x5,0x5,4,1
79,256,1,2,5,0x3,0x1,0x9,2,1
79,256,1,3,6,0xF,0x3,0x3,4,1
79,256,1,4,7,0xF,0x3,0x3,4,1
79,320,1,0,2,0xF,0xA,0xA,4,1
79,320,1,1,3,0xF,0x5,0x5,4,1
79,320,1,2,5,0x3,0x1,0x9,2,1
79,320,1,3,6,0xF,0x3,0x3,4,1
79,320,1,4,7,0xF,0x3,0x3,4,1
79,384,1,0,2,0xF,0xA,0xA,4,1
79,384,1,1,3,0xF,0x5,0x5,4,1
79,384,1,2,5,0x3,0x1,0x9,2,1
79,384,1,3,6,0xF,0x3,0x3,4,1
79,384,1,4,7,0xF,0x3,0x3,4,1
79,512,1,0,2,0xF,0xA,0xA,4,1
79,512,1,1,3,0xF,0x5,0x5,4,1
79,512,1,2,5,0x3,0x1,0x9,2,1
79,512,1,3,6,0xF,0x3,0x3,4,1
79,512,1,4,7,0xF,0x3,0x3,4,1
80,64,0,0,255,0x0,0x0,0x9,0,0
80,64,0,1,255,0x0,0x0,0x5,0,0
80,64,0,2,255,0x0,0x0,0x1,0,0
80,64,0,3,255,0x0,0x0,0x8,0,0
80,64,0,4,255,0x0,0x0,0x9,0,0
80,96,1,0,4,0x0,0x0,0x9,0,1
80,96,1,1,5,0x0,0x0,0x5,0,1
80,96,1,2,7,0x0,0x0,0x1,0,1
80,96,1,3,0,0x0,0x0,0x8,0,1
80,96,1,4,1,0x0,0x0,0x9,0,1
80,128,1,0,4,0x0,0x0,0x9,0,1
80,128,1,1,5,0x0,0x0,0x5,0,1
80,128,1,2,7,0x0,0x0,0x1,0,1
80,128,1,3,0,0x0,0x0,0x8,0,1
80,128,1,4,1,0x0,0x0,0x9,0,1
80,160,1,0,4,0x0,0x0,0x9,0,1
80,160,1,1,5,0x0,0x0,0x5,0,1
80,160,1,2,7,0x0,0x0,0x1,0,1
80,160,1,3,0,0x0,0x0,0x8,0,1
80,160,1,4,1,0x0,0x0,0x9,0,1
80,192,1,0,4,0x0,0x0,0x9,0,1
80,192,1,1,5,0x0,0x0,0x5,0,1
80,192,1,2,7,0x0,0x0,0x1,0,1
80,192,1,3,0,0x0,0x0,0x8,0,1
80,192,1,4,1,0x0,0x0,0x9,0,1
80,256,1,0,4,0xF,0x9,0x9,4,1
80,256,1,1,5,0xF,0x5,0x5,4,1
80,256,1,2,7,0x3,0x1,0x1,2,1
80,256,1,3,0,0xF,0x8,0x8,4,1
80,256,1,4,1,0xF,0x9,0x9,4,1
80,320,1,0,4,0xF,0x9,0x9,4,1
80,320,1,1,5,0xF,0x5,0x5,4,1
80,320,1,2,7,0x3,0x1,0x1,2,1
80,320,1,3,0,0xF,0x8,0x8,4,1
80,320,1,4,1,0xF,0x9,0x9,4,1
80,384,1,0,4,0xF,0x9,0x9,4,1
80,384,1,1,5,0xF,0x5,0x5,4,1
80,384,1,2,7,0x3,0x1,0x1,2,1
80,384,1,3,0,0xF,0x8,0x8,4,1
80,384,1,4,1,0xF,0x9,0x9,4,1
80,512,1,0,4,0xF,0x9,0x9,4,1
80,512,1,1,5,0xF,0x5,0x5,4,1
80,512,1,2,7,0x3,0x1,0x1,2,1
80,512,1,3,0,0xF,0x8,0x8,4,1
80,512,1,4,1,0xF,0x9,0x9,4,1
81,64,0,0,255,0x0,0x0,0x5,0,0
81,64,0,1,255,0x0,0x0,0x0,0,0
81,64,0,2,255,0x0,0x0,0xF,0,0
81,64,0,3,255,0x0,0x0,0xE,0,0
81,64,0,4,255,0x0,0x0,0x0,0,0
81,96,1,0,0,0x0,0x0,0x5,0,1
81,96,1,1,1,0x0,0x0,0x0,0,1
81,96,1,2,3,0x0,0x0,0xF,0,1
81,96,1,3,4,0x0,0x0,0xE,0,1
81,96,1,4,5,0x0,0x0,0x0,0,1
81,128,1,0,0,0x0,0x0,0x5,0,1
81,128,1,1,1,0x0,0x0,0x0,0,1
81,128,1,2,3,0x0,0x0,0xF,0,1
81,128,1,3,4,0x0,0x0,0xE,0,1
81,128,1,4,5,0x0,0x0,0x0,0,1
81,160,1,0,0,0x0,0x0,0x5,0,1
81,160,1,1,1,0x0,0x0,0x0,0,1
81,160,1,2,3,0x0,0x0,0xF,0,1
81,160,1,3,4,0x0,0x0,0xE,0,1
81,160,1,4,5,0x0,0x0,0x0,0,1
81,192,1,0,0,0x0,0x0,0x5,0,1
81,192,1,1,1,0x0,0x0,0x0,0,1
81,192,1,2,3,0x0,0x0,0xF,0,1
81,192,1,3,4,0x0,0x0,0xE,0,1
81,192,1,4,5,0x0,0x0,0x0,0,1
81,256,1,0,0,0x1,0x1,0x5,1,1
81,256,1,1,1,0x4,0x0,0x0,1,1
81,256,1,2,3,0x0,0x0,0xF,0,1
81,256,1,3,4,0x0,0x0,0xE,0,1
81,256,1,4,5,0xD,0x0,0x0,3,1
81,320,1,0,0,0xF,0x5,0x5,4,1
81,320,1,1,1,0xF,0x0,0x0,4,1
81,320,1,2,3,0x3,0x3,0xF,2,1
81,320,1,3,4,0xF,0xE,0xE,4,1
81,320,1,4,5,0xF,0x0,0x0,4,1
81,384,1,0,0,0xF,0x5,0x5,4,1
81,384,1,1,1,0xF,0x0,0x0,4,1
81,384,1,2,3,0x3,0x3,0xF,2,1
81,384,1,3,4,0xF,0xE,0xE,4,1
81,384,1,4,5,0xF,0x0,0x0,4,1
81,512,1,0,0,0xF,0x5,0x5,4,1
81,512,1,1,1,0xF,0x0,0x0,4,1
81,512,1,2,3,0x3,0x3,0xF,2,1
81,512,1,3,4,0xF,0xE,0xE,4,1
81,512,1,4,5,0xF,0x0,0x0,4,1
82,64,0,0,255,0x0,0x0,0x4,0,0
82,64,0,1,255,0x0,0x0,0x7,0,0
82,64,0,2,255,0x0,0x0,0xF,0,0
82,64,0,3,255,0x0,0x0,0x5,0,0
82,64,0,4,255,0x0,0x0,0xE,0,0
82,96,1,0,0,0x0,0x0,0x4,0,1
82,96,1,1,1,0x0,0x0,0x7,0,1
82,96,1,2,3,0x0,0x0,0xF,0,1
82,96,1,3,4,0x0,0x0,0x5,0,1
82,96,1,4,5,0x0,0x0,0xE,0,1
82,128,1,0,0,0x0,0x0,0x4,0,1
82,128,1,1,1,0x0,0x0,0x7,0,1
82,128,1,2,3,0x0,0x0,0xF,0,1
82,128,1,3,4,0x0,0x0,0x5,0,1
82,128,1,4,5,0x0,0x0,0xE,0,1
82,160,1,0,0,0x0,0x0,0x4,0,1
82,160,1,1,1,0x0,0x0,0x7,0,1
82,160,1,2,3,0x0,0x0,0xF,0,1
82,160,1,3,4,0x0,0x0,0x5,0,1
82,160,1,4,5,0x0,0x0,0xE,0,1
82,192,1,0,0,0x0,0x0,0x4,0,1
82,192,1,1,1,0x0,0x0,0x7,0,1
82,192,1,2,3,0x0,0x0,0xF,0,1
82,192,1,3,4,0x0,0x0,0x5,0,1
82,192,1,4,5,0x0,0x0,0xE,0,1
82,256,1,0,0,0xA,0x0,0x4,2,1
82,256,1,1,1,0x0,0x0,0x7,0,1
82,256,1,2,3,0x1,0x1,0xF,1,1
82,256,1,3,4,0xF,0x5,0x5,4,1
82,256,1,4,5,0x7,0x6,0xE,3,1
82,320,1,0,0,0xF,0x4,0x4,4,1
82,320,1,1,1,0xF,0x7,0x7,4,1
82,320,1,2,3,0x3,0x3,0xF,2,1
82,320,1,3,4,0xF,0x5,0x5,4,1
82,320,1,4,5,0xF,0xE,0xE,4,1
82,384,1,0,0,0xF,0x4,0x4,4,1
82,384,1,1,1,0xF,0x7,0x7,4,1
82,384,1,2,3,0x3,0x3,0xF,2,1
82,384,1,3,4,0xF,0x5,0x5,4,1
82,384,1,4,5,0xF,0xE,0xE,4,1
82,512,1,0,0,0xF,0x4,0x4,4,1
82,512,1,1,1,0xF,0x7,0x7,4,1
82,512,1,2,3,0x3,0x3,0xF,2,1
82,512,1,3,4,0xF,0x5,0x5,4,1
82,512,1,4,5,0xF,0xE,0xE,4,1
83,64,0,0,255,0x0,0x0,0x5,0,0
83,64,0,1,255,0x0,0x0,0x5,0,0
83,64,0,2,255,0x0,0x0,0x6,0,0
83,64,0,3,255,0x0,0x0,0x0,0,0
83,64,0,4,255,0x0,0x0,0xA,0,0
83,96,1,0,2,0x0,0x0,0x5,0,1
83,96,1,1,3,0x0,0x0,0x5,0,1
83,96,1,2,5,0x0,0x0,0x6,0,1
83,96,1,3,6,0x0,0x0,0x0,0,1
83,96,1,4,7,0x0,0x0,0xA,0,1
83,128,1,0,2,0x0,0x0,0x5,0,1
83,128,1,1,3,0x0,0x0,0x5,0,1
83,128,1,2,5,0x0,0x0,0x6,0,1
83,128,1,3,6,0x0,0x0,0x0,0,1
83,128,1,4,7,0x0,0x0,0xA,0,1
83,160,1,0,2,0x0,0x0,0x5,0,1
83,160,1,1,3,0x0,0x0,0x5,0,1
83,160,1,2,5,0x0,0x0,0x6,0,1
83,160,1,3,6,0x0,0x0,0x0,0,1
83,160,1,4,7,0x0,0x0,0xA,0,1
83,192,1,0,2,0x0,0x0,0x5,0,1
83,192,1,1,3,0x0,0x0,0x5,0,1
83,192,1,2,5,0x0,0x0,0x6,0,1
83,192,1,3,6,0x0,0x0,0x0,0,1
83,192,1,4,7,0x0,0x0,0xA,0,1
83,256,1,0,2,0xF,0x5,0x5,4,1
83,256,1,1,3,0xF,0x5,0x5,4,1
83,256,1,2,5,0x3,0x2,0x6,2,1
83,256,1,3,6,0xF,0x0,0x0,4,1
83,256,1,4,7,0xF,0xA,0xA,4,1
83,320,1,0,2,0xF,0x5,0x5,4,1
83,320,1,1,3,0xF,0x5,0x5,4,1
83,320,1,2,5,0x3,0x2,0x6,2,1
83,320,1,3,6,0xF,0x0,0x0,4,1
83,320,1,4,7,0xF,0xA,0xA,4,1
83,384,1,0,2,0xF,0x5,0x5,4,1
83,384,1,1,3,0xF,0x5,0x5,4,1
83,384,1,2,5,0x3,0x2,0x6,2,1
83,384,1,3,6,0xF,0x0,0x0,4,1
83,384,1,4,7,0xF,0xA,0xA,4,1
83,512,1,0,2,0xF,0x5,0x5,4,1
83,512,1,1,3,0xF,0x5,0x5,4,1
83,512,1,2,5,0x3,0x2,0x6,2,1
83,512,1,3,6,0xF,0x0,0x0,4,1
83,512,1,4,7,0xF,0xA,0xA,4,1
84,64,0,0,255,0x0,0x0,0x2,0,0
84,64,0,1,255,0x0,0x0,0xC,0,0
84,64,0,2,255,0x0,0x0,0xC,0,0
84,64,0,3,255,0x0,0x0,0xA,0,0
84,64,0,4,255,0x0,0x0,0xF,0,0
84,96,1,0,7,0x0,0x0,0x2,0,1
84,96,1,1,0,0x0,0x0,0xC,0,1
84,96,1,2,2,0x0,0x0,0xC,0,1
84,96,1,3,3,0x0,0x0,0xA,0,1
84,96,1,4,4,0x0,0x0,0xF,0,1
84,128,1,0,7,0x0,0x0,0x2,0,1
84,128,1,1,0,0x0,0x0,0xC,0,1
84,128,1,2,2,0x0,0x0,0xC,0,1
84,128,1,3,3,0x0,0x0,0xA,0,1
84,128,1,4,4,0x0,0x0,0xF,0,1
84,160,1,0,7,0x0,0x0,0x2,0,1
84,160,1,1,0,0x0,0x0,0xC,0,1
84,160,1,2,2,0x0,0x0,0xC,0,1
84,160,1,3,3,0x0,0x0,0xA,0,1
84,160,1,4,4,0x0,0x0,0xF,0,1
84,192,1,0,7,0x0,0x0,0x2,0,1
84,192,1,1,0,0x0,0x0,0xC,0,1
84,192,1,2,2,0x0,0x0,0xC,0,1
84,192,1,3,3,0x0,0x0,0xA,0,1
84,192,1,4,4,0x0,0x0,0xF,0,1
84,256,1,0,7,0x1,0x0,0x2,1,1
84,256,1,1,0,0x5,0x4,0xC,2,1
84,256,1,2,2,0x3,0x0,0xC,2,1
84,256,1,3,3,0xF,0xA,0xA,4,1
84,256,1,4,4,0xD,0xD,0xF,3,1
84,320,1,0,7,0xF,0x2,0x2,4,1
84,320,1,1,0,0xF,0xC,0xC,4,1
84,320,1,2,2,0x3,0x0,0xC,2,1
84,320,1,3,3,0xF,0xA,0xA,4,1
84,320,1,4,4,0xF,0xF,0xF,4,1
84,384,1,0,7,0xF,0x2,0x2,4,1
84,384,1,1,0,0xF,0xC,0xC,4,1
84,384,1,2,2,0x3,0x0,0xC,2,1
84,384,1,3,3,0xF,0xA,0xA,4,1
84,384,1,4,4,0xF,0xF,0xF,4,1
84,512,1,0,7,0xF,0x2,0x2,4,1
84,512,1,1,0,0xF,0xC,0xC,4,1
84,512,1,2,2,0x3,0x0,0xC,2,1
84,512,1,3,3,0xF,0xA,0xA,4,1
84,512,1,4,4,0xF,0xF,0xF,4,1
85,64,0,0,255,0x0,0x0,0x4,0,0
85,64,0,1,255,0x0,0x0,0x0,0,0
85,64,0,2,255,0x0,0x0,0xD,0,0
85,64,0,3,255,0x0,0x0,0x8,0,0
85,64,0,4,255,0x0,0x0,0x9,0,0
85,96,1,0,7,0x0,0x0,0x4,0,1
85,96,1,1,0,0x0,0x0,0x0,0,1
85,96,1,2,2,0x0,0x0,0xD,0,1
85,96,1,3,3,0x0,0x0,0x8,0,1
85,96,1,4,4,0x0,0x0,0x9,0,1
85,128,1,0,7,0x0,0x0,0x4,0,1
85,128,1,1,0,0x0,0x0,0x0,0,1
85,128,1,2,2,0x0,0x0,0xD,0,1
85,128,1,3,3,0x0,0x0,0x8,0,1
85,128,1,4,4,0x0,0x0,0x9,0,1
85,160,1,0,7,0x0,0x0,0x4,0,1
85,160,1,1,0,0x0,0x0,0x0,0,1
85,160,1,2,2,0x0,0x0,0xD,0,1
85,160,1,3,3,0x0,0x0,0x8,0,1
85,160,1,4,4,0x0,0x0,0x9,0,1
85,192,1,0,7,0x0,0x0,0x4,0,1
85,192,1,1,0,0x0,0x0,0x0,0,1
85,192,1,2,2,0x0,0x0,0xD,0,1
85,192,1,3,3,0x0,0x0,0x8,0,1
85,192,1,4,4,0x0,0x0,0x9,0,1
85,256,1,0,7,0xF,0x4,0x4,4,1
85,256,1,1,0,0xF,0x0,0x0,4,1
85,256,1,2,2,0x3,0x1,0xD,2,1
85,256,1,3,3,0xF,0x8,0x8,4,1
85,256,1,4,4,0xF,0x9,0x9,4,1
85,320,1,0,7,0xF,0x4,0x4,4,1
85,320,1,1,0,0xF,0x0,0x0,4,1
85,320,1,2,2,0x3,0x1,0xD,2,1
85,320,1,3,3,0xF,0x8,0x8,4,1
85,320,1,4,4,0xF,0x9,0x9,4,1
85,384,1,0,7,0xF,0x4,0x4,4,1
85,384,1,1,0,0xF,0x0,0x0,4,1
85,384,1,2,2,0x3,0x1,0xD,2,1
85,384,1,3,3,0xF,0x8,0x8,4,1
85,384,1,4,4,0xF,0x9,0x9,4,1
85,512,1,0,7,0xF,0x4,0x4,4,1
85,512,1,1,0,0xF,0x0,0x0,4,1
85,512,1,2,2,0x3,0x1,0xD,2,1
85,512,1,3,3,0xF,0x8,0x8,4,1
85,512,1,4,4,0xF,0x9,0x9,4,1
86,64,1,0,7,0x0,0x0,0x2,0,1
86,64,1,1,0,0x0,0x0,0x9,0,1
86,64,1,2,2,0x0,0x0,0xE,0,1
86,64,1,3,3,0x0,0x0,0x3,0,1
86,64,1,4,4,0x0,0x0,0xA,0,1
86,96,1,0,7,0x0,0x0,0x2,0,1
86,96,1,1,0,0x0,0x0,0x9,0,1
86,96,1,2,2,0x0,0x0,0xE,0,1
86,96,1,3,3,0x0,0x0,0x3,0,1
86,96,1,4,4,0x0,0x0,0xA,0,1
86,128,1,0,7,0x0,0x0,0x2,0,1
86,128,1,1,0,0x0,0x0,0x9,0,1
86,128,1,2,2,0x0,0x0,0xE,0,1
86,128,1,3,3,0x0,0x0,0x3,0,1
86,128,1,4,4,0x0,0x0,0xA,0,1
86,160,1,0,7,0x0,0x0,0x2,0,1
86,160,1,1,0,0x0,0x0,0x9,0,1
86,160,1,2,2,0x0,0x0,0xE,0,1
86,160,1,3,3,0x0,0x0,0x3,0,1
86,160,1,4,4,0x0,0x0,0xA,0,1
86,192,1,0,7,0x0,0x0,0x2,0,1
86,192,1,1,0,0x0,0x0,0x9,0,1
86,192,1,2,2,0x0,0x0,0xE,0,1
86,192,1,3,3,0x0,0x0,0x3,0,1
86,192,1,4,4,0x0,0x0,0xA,0,1
86,256,1,0,7,0xF,0x2,0x2,4,1
86,256,1,1,0,0xF,0x9,0x9,4,1
86,256,1,2,2,0x3,0x2,0xE,2,1
86,256,1,3,3,0xF,0x3,0x3,4,1
86,256,1,4,4,0xF,0xA,0xA,4,1
86,320,1,0,7,0xF,0x2,0x2,4,1
86,320,1,1,0,0xF,0x9,0x9,4,1
86,320,1,2,2,0x3,0x2,0xE,2,1
86,320,1,3,3,0xF,0x3,0x3,4,1
86,320,1,4,4,0xF,0xA,0xA,4,1
86,384,1,0,7,0xF,0x2,0x2,4,1
86,384,1,1,0,0xF,0x9,0x9,4,1
86,384,1,2,2,0x3,0x2,0xE,2,1
86,384,1,3,3,0xF,0x3,0x3,4,1
86,384,1,4,4,0xF,0xA,0xA,4,1
86,512,1,0,7,0xF,0x2,0x2,4,1
86,512,1,1,0,0xF,0x9,0x9,4,1
86,512,1,2,2,0x3,0x2,0xE,2,1
86,512,1,3,3,0xF,0x3,0x3,4,1
86,512,1,4,4,0xF,0xA,0xA,4,1
87,64,0,0,255,0x0,0x0,0xB,0,0
87,64,0,1,255,0x0,0x0,0x6,0,0
87,64,0,2,255,0x0,0x0,0xF,0,0
87,64,0,3,255,0x0,0x0,0x1,0,0
87,64,0,4,255,0x0,0x0,0xC,0,0
87,96,1,0,7,0x0,0x0,0xB,0,1
87,96,1,1,0,0x0,0x0,0x6,0,1
87,96,1,2,2,0x0,0x0,0xF,0,1
87,96,1,3,3,0x0,0x0,0x1,0,1
87,96,1,4,4,0x0,0x0,0xC,0,1
87,128,1,0,7,0x0,0x0,0xB,0,1
87,128,1,1,0,0x0,0x0,0x6,0,1
87,128,1,2,2,0x0,0x0,0xF,0,1
87,128,1,3,3,0x0,0x0,0x1,0,1
87,128,1,4,4,0x0,0x0,0xC,0,1
87,160,1,0,7,0x0,0x0,0xB,0,1
87,160,1,1,0,0x0,0x0,0x6,0,1
87,160,1,2,2,0x0,0x0,0xF,0,1
87,160,1,3,3,0x0,0x0,0x1,0,1
87,160,1,4,4,0x0,0x0,0xC,0,1
87,192,1,0,7,0x0,0x0,0xB,0,1
87,192,1,1,0,0x0,0x0,0x6,0,1
87,192,1,2,2,0x0,0x0,0xF,0,1
87,192,1,3,3,0x0,0x0,0x1,0,1
87,192,1,4,4,0x0,0x0,0xC,0,1
87,256,1,0,7,0xF,0xB,0xB,4,1
87,256,1,1,0,0xF,0x6,0x6,4,1
87,256,1,2,2,0x3,0x3,0xF,2,1
87,256,1,3,3,0xF,0x1,0x1,4,1
87,256,1,4,4,0xF,0xC,0xC,4,1
87,320,1,0,7,0xF,0xB,0xB,4,1
87,320,1,1,0,0xF,0x6,0x6,4,1
87,320,1,2,2,0x3,0x3,0xF,2,1
87,320,1,3,3,0xF,0x1,0x1,4,1
87,320,1,4,4,0xF,0xC,0xC,4,1
87,384,1,0,7,0xF,0xB,0xB,4,1
87,384,1,1,0,0xF,0x6,0x6,4,1
87,384,1,2,2,0x3,0x3,0xF,2,1
87,384,1,3,3,0xF,0x1,0x1,4,1
87,384,1,4,4,0xF,0xC,0xC,4,1
87,512,1,0,7,0xF,0xB,0xB,4,1
87,512,1,1,0,0xF,0x6,0x6,4,1
87,512,1,2,2,0x3,0x3,0xF,2,1
87,512,1,3,3,0xF,0x1,0x1,4,1
87,512,1,4,4,0xF,0xC,0xC,4,1
88,64,0,0,255,0x0,0x0,0x0,0,0
88,64,0,1,255,0x0,0x0,0x5,0,0
88,64,0,2,255,0x0,0x0,0x6,0,0
88,64,0,3,255,0x0,0x0,0x0,0,0
88,64,0,4,255,0x0,0x0,0xE,0,0
88,96,1,0,7,0x0,0x0,0x0,0,1
88,96,1,1,0,0x0,0x0,0x5,0,1
88,96,1,2,2,0x0,0x0,0x6,0,1
88,96,1,3,3,0x0,0x0,0x0,0,1
88,96,1,4,4,0x0,0x0,0xE,0,1
88,128,1,0,7,0x0,0x0,0x0,0,1
88,128,1,1,0,0x0,0x0,0x5,0,1
88,128,1,2,2,0x0,0x0,0x6,0,1
88,128,1,3,3,0x0,0x0,0x0,0,1
88,128,1,4,4,0x0,0x0,0xE,0,1
88,160,1,0,7,0x0,0x0,0x0,0,1
88,160,1,1,0,0x0,0x0,0x5,0,1
88,160,1,2,2,0x0,0x0,0x6,0,1
88,160,1,3,3,0x0,0x0,0x0,0,1
88,160,1,4,4,0x0,0x0,0xE,0,1
88,192,1,0,7,0x0,0x0,0x0,0,1
88,192,1,1,0,0x0,0x0,0x5,0,1
88,192,1,2,2,0x0,0x0,0x6,0,1
88,192,1,3,3,0x0,0x0,0x0,0,1
88,192,1,4,4,0x0,0x0,0xE,0,1
88,256,1,0,7,0xF,0x0,0x0,4,1
88,256,1,1,0,0xF,0x5,0x5,4,1
88,256,1,2,2,0x3,0x2,0x6,2,1
88,256,1,3,3,0xF,0x0,0x0,4,1
88,256,1,4,4,0xF,0xE,0xE,4,1
88,320,1,0,7,0xF,0x0,0x0,4,1
88,320,1,1,0,0xF,0x5,0x5,4,1
88,320,1,2,2,0x3,0x2,0x6,2,1
88,320,1,3,3,0xF,0x0,0x0,4,1
88,320,1,4,4,0xF,0xE,0xE,4,1
88,384,1,0,7,0xF,0x0,0x0,4,1
88,384,1,1,0,0xF,0x5,0x5,4,1
88,384,1,2,2,0x3,0x2,0x6,2,1
88,384,1,3,3,0xF,0x0,0x0,4,1
88,384,1,4,4,0xF,0xE,0xE,4,1
88,512,1,0,7,0xF,0x0,0x0,4,1
88,512,1,1,0,0xF,0x5,0x5,4,1
88,512,1,2,2,0x3,0x2,0x6,2,1
88,512,1,3,3,0xF,0x0,0x0,4,1
88,512,1,4,4,0xF,0xE,0xE,4,1
89,64,0,0,255,0x0,0x0,0x5,0,0
89,64,0,1,255,0x0,0x0,0x7,0,0
89,64,0,2,255,0x0,0x0,0xD,0,0
89,64,0,3,255,0x0,0x0,0xB,0,0
89,64,0,4,255,0x0,0x0,0x0,0,0
89,96,0,0,255,0x0,0x0,0x5,0,0
89,96,0,1,255,0x0,0x0,0x7,0,0
89,96,0,2,255,0x0,0x0,0xD,0,0
89,96,0,3,255,0x0,0x0,0xB,0,0
89,96,0,4,255,0x0,0x0,0x0,0,0
89,128,0,0,255,0x0,0x0,0x5,0,0
89,128,0,1,255,0x0,0x0,0x7,0,0
89,128,0,2,255,0x0,0x0,0xD,0,0
89,128,0,3,255,0x0,0x0,0xB,0,0
89,128,0,4,255,0x0,0x0,0x0,0,0
89,160,1,0,2,0x0,0x0,0x5,0,1
89,160,1,1,3,0x0,0x0,0x7,0,1
89,160,1,2,5,0x0,0x0,0xD,0,1
89,160,1,3,6,0x0,0x0,0xB,0,1
89,160,1,4,7,0x0,0x0,0x0,0,1
89,192,1,0,2,0x0,0x0,0x5,0,1
89,192,1,1,3,0x0,0x0,0x7,0,1
89,192,1,2,5,0x0,0x0,0xD,0,1
89,192,1,3,6,0x0,0x0,0xB,0,1
89,192,1,4,7,0x0,0x0,0x0,0,1
89,256,1,0,2,0x5,0x5,0x5,2,1
89,256,1,1,3,0x6,0x6,0x7,2,1
89,256,1,2,5,0x3,0x1,0xD,2,1
89,256,1,3,6,0x2,0x2,0xB,1,1
89,256,1,4,7,0x7,0x0,0x0,3,1
89,320,1,0,2,0xF,0x5,0x5,4,1
89,320,1,1,3,0xE,0x6,0x7,3,1
89,320,1,2,5,0x3,0x1,0xD,2,1
89,320,1,3,6,0xF,0xB,0xB,4,1
89,320,1,4,7,0xF,0x0,0x0,4,1
89,384,1,0,2,0xF,0x5,0x5,4,1
89,384,1,1,3,0xE,0x6,0x7,3,1
89,384,1,2,5,0x3,0x1,0xD,2,1
89,384,1,3,6,0xF,0xB,0xB,4,1
89,384,1,4,7,0xF,0x0,0x0,4,1
89,512,1,0,2,0xF,0x5,0x5,4,1
89,512,1,1,3,0xF,0x7,0x7,4,1
89,512,1,2,5,0x3,0x1,0xD,2,1
89,512,1,3,6,0xF,0xB,0xB,4,1
89,512,1,4,7,0xF,0x0,0x0,4,1
90,64,0,0,255,0x0,0x0,0x9,0,0
90,64,0,1,255,0x0,0x0,0x4,0,0
90,64,0,2,255,0x0,0x0,0x1,0,0
90,64,0,3,255,0x0,0x0,0x0,0,0
90,64,0,4,255,0x0,0x0,0x5,0,0
90,96,1,0,1,0x0,0x0,0x9,0,1
90,96,1,1,2,0x0,0x0,0x4,0,1
90,96,1,2,4,0x0,0x0,0x1,0,1
90,96,1,3,5,0x0,0x0,0x0,0,1
90,96,1,4,6,0x0,0x0,0x5,0,1
90,128,1,0,1,0x0,0x0,0x9,0,1
90,128,1,1,2,0x0,0x0,0x4,0,1
90,128,1,2,4,0x0,0x0,0x1,0,1
90,128,1,3,5,0x0,0x0,0x0,0,1
90,128,1,4,6,0x0,0x0,0x5,0,1
90,160,1,0,1,0x0,0x0,0x9,0,1
90,160,1,1,2,0x0,0x0,0x4,0,1
90,160,1,2,4,0x0,0x0,0x1,0,1
90,160,1,3,5,0x0,0x0,0x0,0,1
90,160,1,4,6,0x0,0x0,0x5,0,1
90,192,1,0,1,0x0,0x0,0x9,0,1
90,192,1,1,2,0x0,0x0,0x4,0,1
90,192,1,2,4,0x0,0x0,0x1,0,1
90,192,1,3,5,0x0,0x0,0x0,0,1
90,192,1,4,6,0x0,0x0,0x5,0,1
90,256,1,0,1,0xF,0x9,0x9,4,1
90,256,1,1,2,0xF,0x4,0x4,4,1
90,256,1,2,4,0x3,0x1,0x1,2,1
90,256,1,3,5,0xF,0x0,0x0,4,1
90,256,1,4,6,0xF,0x5,0x5,4,1
90,320,1,0,1,0xF,0x9,0x9,4,1
90,320,1,1,2,0xF,0x4,0x4,4,1
90,320,1,2,4,0x3,0x1,0x1,2,1
90,320,1,3,5,0xF,0x0,0x0,4,1
90,320,1,4,6,0xF,0x5,0x5,4,1
90,384,1,0,1,0xF,0x9,0x9,4,1
90,384,1,1,2,0xF,0x4,0x4,4,1
90,384,1,2,4,0x3,0x1,0x1,2,1
90,384,1,3,5,0xF,0x0,0x0,4,1
90,384,1,4,6,0xF,0x5,0x5,4,1
90,512,1,0,1,0xF,0x9,0x9,4,1
90,512,1,1,2,0xF,0x4,0x4,4,1
90,512,1,2,4,0x3,0x1,0x1,2,1
90,512,1,3,5,0xF,0x0,0x0,4,1
90,512,1,4,6,0xF,0x5,0x5,4,1
91,64,1,0,1,0x0,0x0,0xA,0,1
91,64,1,1,2,0x0,0x0,0xC,0,1
91,64,1,2,4,0x0,0x0,0x6,0,1
91,64,1,3,5,0x0,0x0,0x9,0,1
91,64,1,4,6,0x0,0x0,0x3,0,1
91,96,1,0,1,0x0,0x0,0xA,0,1
91,96,1,1,2,0x0,0x0,0xC,0,1
91,96,1,2,4,0x0,0x0,0x6,0,1
91,96,1,3,5,0x0,0x0,0x9,0,1
91,96,1,4,6,0x0,0x0,0x3,0,1
91,128,1,0,1,0x0,0x0,0xA,0,1
91,128,1,1,2,0x0,0x0,0xC,0,1
91,128,1,2,4,0x0,0x0,0x6,0,1
91,128,1,3,5,0x0,0x0,0x9,0,1
91,128,1,4,6,0x0,0x0,0x3,0,1
91,160,1,0,1,0x0,0x0,0xA,0,1
91,160,1,1,2,0x0,0x0,0xC,0,1
91,160,1,2,4,0x0,0x0,0x6,0,1
91,160,1,3,5,0x0,0x0,0x9,0,1
91,160,1,4,6,0x0,0x0,0x3,0,1
91,192,1,0,1,0x0,0x0,0xA,0,1
91,192,1,1,2,0x0,0x0,0xC,0,1
91,192,1,2,4,0x0,0x0,0x6,0,1
91,192,1,3,5,0x0,0x0,0x9,0,1
91,192,1,4,6,0x0,0x0,0x3,0,1
91,256,1,0,1,0xF,0xA,0xA,4,1
91,256,1,1,2,0xE,0xC,0xC,3,1
91,256,1,2,4,0x3,0x2,0x6,2,1
91,256,1,3,5,0xF,0x9,0x9,4,1
91,256,1,4,6,0xF,0x3,0x3,4,1
91,320,1,0,1,0xF,0xA,0xA,4,1
91,320,1,1,2,0xF,0xC,0xC,4,1
91,320,1,2,4,0x3,0x2,0x6,2,1
91,320,1,3,5,0xF,0x9,0x9,4,1
91,320,1,4,6,0xF,0x3,0x3,4,1
91,384,1,0,1,0xF,0xA,0xA,4,1
91,384,1,1,2,0xF,0xC,0xC,4,1
91,384,1,2,4,0x3,0x2,0x6,2,1
91,384,1,3,5,0xF,0x9,0x9,4,1
91,384,1,4,6,0xF,0x3,0x3,4,1
91,512,1,0,1,0xF,0xA,0xA,4,1
91,512,1,1,2,0xF,0xC,0xC,4,1
91,512,1,2,4,0x3,0x2,0x6,2,1
91,512,1,3,5,0xF,0x9,0x9,4,1
91,512,1,4,6,0xF,0x3,0x3,4,1
92,64,0,0,255,0x0,0x0,0xE,0,0
92,64,0,1,255,0x0,0x0,0xF,0,0
92,64,0,2,255,0x0,0x0,0x6,0,0
92,64,0,3,255,0x0,0x0,0x1,0,0
92,64,0,4,255,0x0,0x0,0x5,0,0
92,96,0,0,255,0x0,0x0,0xE,0,0
92,96,0,1,255,0x0,0x0,0xF,0,0
92,96,0,2,255,0x0,0x0,0x6,0,0
92,96,0,3,255,0x0,0x0,0x1,0,0
92,96,0,4,255,0x0,0x0,0x5,0,0
92,128,1,0,6,0x0,0x0,0xE,0,1
92,128,1,1,7,0x0,0x0,0xF,0,1
92,128,1,2,1,0x0,0x0,0x6,0,1
92,128,1,3,2,0x0,0x0,0x1,0,1
92,128,1,4,3,0x0,0x0,0x5,0,1
92,160,1,0,6,0x0,0x0,0xE,0,1
92,160,1,1,7,0x0,0x0,0xF,0,1
92,160,1,2,1,0x0,0x0,0x6,0,1
92,160,1,3,2,0x0,0x0,0x1,0,1
92,160,1,4,3,0x0,0x0,0x5,0,1
92,192,1,0,6,0x0,0x0,0xE,0,1
92,192,1,1,7,0x0,0x0,0xF,0,1
92,192,1,2,1,0x0,0x0,0x6,0,1
92,192,1,3,2,0x0,0x0,0x1,0,1
92,192,1,4,3,0x0,0x0,0x5,0,1
92,256,1,0,6,0xF,0xE,0xE,4,1
92,256,1,1,7,0xF,0xF,0xF,4,1
92,256,1,2,1,0x3,0x2,0x6,2,1
92,256,1,3,2,0xF,0x1,0x1,4,1
92,256,1,4,3,0xF,0x5,0x5,4,1
92,320,1,0,6,0xF,0xE,0xE,4,1
92,320,1,1,7,0xF,0xF,0xF,4,1
92,320,1,2,1,0x3,0x2,0x6,2,1
92,320,1,3,2,0xF,0x1,0x1,4,1
92,320,1,4,3,0xF,0x5,0x5,4,1
92,384,1,0,6,0xF,0xE,0xE,4,1
92,384,1,1,7,0xF,0xF,0xF,4,1
92,384,1,2,1,0x3,0x2,0x6,2,1
92,384,1,3,2,0xF,0x1,0x1,4,1
92,384,1,4,3,0xF,0x5,0x5,4,1
92,512,1,0,6,0xF,0xE,0xE,4,1
92,512,1,1,7,0xF,0xF,0xF,4,1
92,512,1,2,1,0x3,0x2,0x6,2,1
92,512,1,3,2,0xF,0x1,0x1,4,1
92,512,1,4,3,0xF,0x5,0x5,4,1
93,64,0,0,255,0x0,0x0,0xF,0,0
93,64,0,1,255,0x0,0x0,0x0,0,0
93,64,0,2,255,0x0,0x0,0x3,0,0
93,64,0,3,255,0x0,0x0,0xD,0,0
93,64,0,4,255,0x0,0x0,0xD,0,0
93,96,1,0,4,0x0,0x0,0xF,0,1
93,96,1,1,5,0x0,0x0,0x0,0,1
93,96,1,2,7,0x0,0x0,0x3,0,1
93,96,1,3,0,0x0,0x0,0xD,0,1
93,96,1,4,1,0x0,0x0,0xD,0,1
93,128,1,0,4,0x0,0x0,0xF,0,1
93,128,1,1,5,0x0,0x0,0x0,0,1
93,128,1,2,7,0x0,0x0,0x3,0,1
93,128,1,3,0,0x0,0x0,0xD,0,1
93,128,1,4,1,0x0,0x0,0xD,0,1
93,160,1,0,4,0x0,0x0,0xF,0,1
93,160,1,1,5,0x0,0x0,0x0,0,1
93,160,1,2,7,0x0,0x0,0x3,0,1
93,160,1,3,0,0x0,0x0,0xD,0,1
93,160,1,4,1,0x0,0x0,0xD,0,1
93,192,1,0,4,0x0,0x0,0xF,0,1
93,192,1,1,5,0x0,0x0,0x0,0,1
93,192,1,2,7,0x0,0x0,0x3,0,1
93,192,1,3,0,0x0,0x0,0xD,0,1
93,192,1,4,1,0x0,0x0,0xD,0,1
93,256,1,0,4,0x8,0x8,0xF,1,1
93,256,1,1,5,0x4,0x0,0x0,1,1
93,256,1,2,7,0x2,0x2,0x3,1,1
93,256,1,3,0,0x0,0x0,0xD,0,1
93,256,1,4,1,0x2,0x0,0xD,1,1
93,320,1,0,4,0xF,0xF,0xF,4,1
93,320,1,1,5,0xF,0x0,0x0,4,1
93,320,1,2,7,0x3,0x3,0x3,2,1
93,320,1,3,0,0xF,0xD,0xD,4,1
93,320,1,4,1,0xF,0xD,0xD,4,1
93,384,1,0,4,0xF,0xF,0xF,4,1
93,384,1,1,5,0xF,0x0,0x0,4,1
93,384,1,2,7,0x3,0x3,0x3,2,1
93,384,1,3,0,0xF,0xD,0xD,4,1
93,384,1,4,1,0xF,0xD,0xD,4,1
93,512,1,0,4,0xF,0xF,0xF,4,1
93,512,1,1,5,0xF,0x0,0x0,4,1
93,512,1,2,7,0x3,0x3,0x3,2,1
93,512,1,3,0,0xF,0xD,0xD,4,1
93,512,1,4,1,0xF,0xD,0xD,4,1
94,64,0,0,255,0x0,0x0,0x0,0,0
94,64,0,1,255,0x0,0x0,0x3,0,0
94,64,0,2,255,0x0,0x0,0x5,0,0
94,64,0,3,255,0x0,0x0,0x0,0,0
94,64,0,4,255,0x0,0x0,0xA,0,0
94,96,1,0,4,0x0,0x0,0x0,0,1
94,96,1,1,5,0x0,0x0,0x3,0,1
94,96,1,2,7,0x0,0x0,0x5,0,1
94,96,1,3,0,0x0,0x0,0x0,0,1
94,96,1,4,1,0x0,0x0,0xA,0,1
94,128,1,0,4,0x0,0x0,0x0,0,1
94,128,1,1,5,0x0,0x0,0x3,0,1
94,128,1,2,7,0x0,0x0,0x5,0,1
94,128,1,3,0,0x0,0x0,0x0,0,1
94,128,1,4,1,0x0,0x0,0xA,0,1
94,160,1,0,4,0x0,0x0,0x0,0,1
94,160,1,1,5,0x0,0x0,0x3,0,1
94,160,1,2,7,0x0,0x0,0x5,0,1
94,160,1,3,0,0x0,0x0,0x0,0,1
94,160,1,4,1,0x0,0x0,0xA,0,1
94,192,1,0,4,0x0,0x0,0x0,0,1
94,192,1,1,5,0x0,0x0,0x3,0,1
94,192,1,2,7,0x0,0x0,0x5,0,1
94,192,1,3,0,0x0,0x0,0x0,0,1
94,192,1,4,1,0x0,0x0,0xA,0,1
94,256,1,0,4,0xF,0x0,0x0,4,1
94,256,1,1,5,0xF,0x3,0x3,4,1
94,256,1,2,7,0x3,0x1,0x5,2,1
94,256,1,3,0,0xF,0x0,0x0,4,1
94,256,1,4,1,0xF,0xA,0xA,4,1
94,320,1,0,4,0xF,0x0,0x0,4,1
94,320,1,1,5,0xF,0x3,0x3,4,1
94,320,1,2,7,0x3,0x1,0x5,2,1
94,320,1,3,0,0xF,0x0,0x0,4,1
94,320,1,4,1,0xF,0xA,0xA,4,1
94,384,1,0,4,0xF,0x0,0x0,4,1
94,384,1,1,5,0xF,0x3,0x3,4,1
94,384,1,2,7,0x3,0x1,0x5,2,1
94,384,1,3,0,0xF,0x0,0x0,4,1
94,384,1,4,1,0xF,0xA,0xA,4,1
94,512,1,0,4,0xF,0x0,0x0,4,1
94,512,1,1,5,0xF,0x3,0x3,4,1
94,512,1,2,7,0x3,0x1,0x5,2,1
94,512,1,3,0,0xF,0x0,0x0,4,1
94,512,1,4,1,0xF,0xA,0xA,4,1
95,64,0,0,255,0x0,0x0,0xE,0,0
95,64,0,1,255,0x0,0x0,0xB,0,0
95,64,0,2,255,0x0,0x0,0x6,0,0
95,64,0,3,255,0x0,0x0,0x6,0,0
95,64,0,4,255,0x0,0x0,0x9,0,0
95,96,0,0,255,0x0,0x0,0xE,0,0
95,96,0,1,255,0x0,0x0,0xB,0,0
95,96,0,2,255,0x0,0x0,0x6,0,0
95,96,0,3,255,0x0,0x0,0x6,0,0
95,96,0,4,255,0x0,0x0,0x9,0,0
95,128,1,0,5,0x0,0x0,0xE,0,1
95,128,1,1,6,0x0,0x0,0xB,0,1
95,128,1,2,0,0x0,0x0,0x6,0,1
95,128,1,3,1,0x0,0x0,0x6,0,1
95,128,1,4,2,0x0,0x0,0x9,0,1
95,160,1,0,5,0x0,0x0,0xE,0,1
95,160,1,1,6,0x0,0x0,0xB,0,1
95,160,1,2,0,0x0,0x0,0x6,0,1
95,160,1,3,1,0x0,0x0,0x6,0,1
95,160,1,4,2,0x0,0x0,0x9,0,1
95,192,1,0,5,0x0,0x0,0xE,0,1
95,192,1,1,6,0x0,0x0,0xB,0,1
95,192,1,2,0,0x0,0x0,0x6,0,1
95,192,1,3,1,0x0,0x0,0x6,0,1
95,192,1,4,2,0x0,0x0,0x9,0,1
95,256,1,0,5,0xF,0xE,0xE,4,1
95,256,1,1,6,0xF,0xB,0xB,4,1
95,256,1,2,0,0x3,0x2,0x6,2,1
95,256,1,3,1,0xF,0x6,0x6,4,1
95,256,1,4,2,0xC,0x8,0x9,2,1
95,320,1,0,5,0xF,0xE,0xE,4,1
95,320,1,1,6,0xF,0xB,0xB,4,1
95,320,1,2,0,0x3,0x2,0x6,2,1
95,320,1,3,1,0xF,0x6,0x6,4,1
95,320,1,4,2,0xC,0x8,0x9,2,1
95,384,1,0,5,0xF,0xE,0xE,4,1
95,384,1,1,6,0xF,0xB,0xB,4,1
95,384,1,2,0,0x3,0x2,0x6,2,1
95,384,1,3,1,0xF,0x6,0x6,4,1
95,384,1,4,2,0xC,0x8,0x9,2,1
95,512,1,0,5,0xF,0xE,0xE,4,1
95,512,1,1,6,0xF,0xB,0xB,4,1
95,512,1,2,0,0x3,0x2,0x6,2,1
95,512,1,3,1,0xF,0x6,0x6,4,1
95,512,1,4,2,0xF,0x9,0x9,4,1
96,64,0,0,255,0x0,0x0,0x9,0,0
96,64,0,1,255,0x0,0x0,0x5,0,0
96,64,0,2,255,0x0,0x0,0xB,0,0
96,64,0,3,255,0x0,0x0,0x6,0,0
96,64,0,4,255,0x0,0x0,0xE,0,0
96,96,1,0,0,0x0,0x0,0x9,0,1
96,96,1,1,1,0x0,0x0,0x5,0,1
96,96,1,2,3,0x0,0x0,0xB,0,1
96,96,1,3,4,0x0,0x0,0x6,0,1
96,96,1,4,5,0x0,0x0,0xE,0,1
96,128,1,0,0,0x0,0x0,0x9,0,1
96,128,1,1,1,0x0,0x0,0x5,0,1
96,128,1,2,3,0x0,0x0,0xB,0,1
96,128,1,3,4,0x0,0x0,0x6,0,1
96,128,1,4,5,0x0,0x0,0xE,0,1
96,160,1,0,0,0x0,0x0,0x9,0,1
96,160,1,1,1,0x0,0x0,0x5,0,1
96,160,1,2,3,0x0,0x0,0xB,0,1
96,160,1,3,4,0x0,0x0,0x6,0,1
96,160,1,4,5,0x0,0x0,0xE,0,1
96,192,1,0,0,0x0,0x0,0x9,0,1
96,192,1,1,1,0x0,0x0,0x5,0,1
96,192,1,2,3,0x0,0x0,0xB,0,1
96,192,1,3,4,0x0,0x0,0x6,0,1
96,192,1,4,5,0x0,0x0,0xE,0,1
96,256,1,0,0,0x3,0x1,0x9,2,1
96,256,1,1,1,0x0,0x0,0x5,0,1
96,256,1,2,3,0x1,0x1,0xB,1,1
96,256,1,3,4,0x3,0x2,0x6,2,1
96,256,1,4,5,0x9,0x8,0xE,2,1
96,320,1,0,0,0xF,0x9,0x9,4,1
96,320,1,1,1,0xF,0x5,0x5,4,1
96,320,1,2,3,0x3,0x3,0xB,2,1
96,320,1,3,4,0xF,0x6,0x6,4,1
96,320,1,4,5,0xF,0xE,0xE,4,1
96,384,1,0,0,0xF,0x9,0x9,4,1
96,384,1,1,1,0xF,0x5,0x5,4,1
96,384,1,2,3,0x3,0x3,0xB,2,1
96,384,1,3,4,0xF,0x6,0x6,4,1
96,384,1,4,5,0xF,0xE,0xE,4,1
96,512,1,0,0,0xF,0x9,0x9,4,1
96,512,1,1,1,0xF,0x5,0x5,4,1
96,512,1,2,3,0x3,0x3,0xB,2,1
96,512,1,3,4,0xF,0x6,0x6,4,1
96,512,1,4,5,0xF,0xE,0xE,4,1
97,64,0,0,255,0x0,0x0,0x8,0,0
97,64,0,1,255,0x0,0x0,0xE,0,0
97,64,0,2,255,0x0,0x0,0xE,0,0
97,64,0,3,255,0x0,0x0,0x7,0,0
97,64,0,4,255,0x0,0x0,0x9,0,0
97,96,1,0,6,0x0,0x0,0x8,0,1
97,96,1,1,7,0x0,0x0,0xE,0,1
97,96,1,2,1,0x0,0x0,0xE,0,1
97,96,1,3,2,0x0,0x0,0x7,0,1
97,96,1,4,3,0x0,0x0,0x9,0,1
97,128,1,0,6,0x0,0x0,0x8,0,1
97,128,1,1,7,0x0,0x0,0xE,0,1
97,128,1,2,1,0x0,0x0,0xE,0,1
97,128,1,3,2,0x0,0x0,0x7,0,1
97,128,1,4,3,0x0,0x0,0x9,0,1
97,160,1,0,6,0x0,0x0,0x8,0,1
97,160,1,1,7,0x0,0x0,0xE,0,1
97,160,1,2,1,0x0,0x0,0xE,0,1
97,160,1,3,2,0x0,0x0,0x7,0,1
97,160,1,4,3,0x0,0x0,0x9,0,1
97,192,1,0,6,0x0,0x0,0x8,0,1
97,192,1,1,7,0x0,0x0,0xE,0,1
97,192,1,2,1,0x0,0x0,0xE,0,1
97,192,1,3,2,0x0,0x0,0x7,0,1
97,192,1,4,3,0x0,0x0,0x9,0,1
97,256,1,0,6,0xC,0x8,0x8,2,1
97,256,1,1,7,0xE,0xE,0xE,3,1
97,256,1,2,1,0x0,0x0,0xE,0,1
97,256,1,3,2,0xB,0x3,0x7,3,1
97,256,1,4,3,0x7,0x1,0x9,3,1
97,320,1,0,6,0xF,0x8,0x8,4,1
97,320,1,1,7,0xF,0xE,0xE,4,1
97,320,1,2,1,0x3,0x2,0xE,2,1
97,320,1,3,2,0xF,0x7,0x7,4,1
97,320,1,4,3,0xF,0x9,0x9,4,1
97,384,1,0,6,0xF,0x8,0x8,4,1
97,384,1,1,7,0xF,0xE,0xE,4,1
97,384,1,2,1,0x3,0x2,0xE,2,1
97,384,1,3,2,0xF,0x7,0x7,4,1
97,384,1,4,3,0xF,0x9,0x9,4,1
97,512,1,0,6,0xF,0x8,0x8,4,1
97,512,1,1,7,0xF,0xE,0xE,4,1
97,512,1,2,1,0x3,0x2,0xE,2,1
97,512,1,3,2,0xF,0x7,0x7,4,1
97,512,1,4,3,0xF,0x9,0x9,4,1
98,64,0,0,255,0x0,0x0,0x7,0,0
98,64,0,1,255,0x0,0x0,0xF,0,0
98,64,0,2,255,0x0,0x0,0x5,0,0
98,64,0,3,255,0x0,0x0,0x9,0,0
98,64,0,4,255,0x0,0x0,0x2,0,0
98,96,1,0,0,0x0,0x0,0x7,0,1
98,96,1,1,1,0x0,0x0,0xF,0,1
98,96,1,2,3,0x0,0x0,0x5,0,1
98,96,1,3,4,0x0,0x0,0x9,0,1
98,96,1,4,5,0x0,0x0,0x2,0,1
98,128,1,0,0,0x0,0x0,0x7,0,1
98,128,1,1,1,0x0,0x0,0xF,0,1
98,128,1,2,3,0x0,0x0,0x5,0,1
98,128,1,3,4,0x0,0x0,0x9,0,1
98,128,1,4,5,0x0,0x0,0x2,0,1
98,160,1,0,0,0x0,0x0,0x7,0,1
98,160,1,1,1,0x0,0x0,0xF,0,1
98,160,1,2,3,0x0,0x0,0x5,0,1
98,160,1,3,4,0x0,0x0,0x9,0,1
98,160,1,4,5,0x0,0x0,0x2,0,1
98,192,1,0,0,0x0,0x0,0x7,0,1
98,192,1,1,1,0x0,0x0,0xF,0,1
98,192,1,2,3,0x0,0x0,0x5,0,1
98,192,1,3,4,0x0,0x0,0x9,0,1
98,192,1,4,5,0x0,0x0,0x2,0,1
98,256,1,0,0,0xF,0x7,0x7,4,1
98,256,1,1,1,0xF,0xF,0xF,4,1
98,256,1,2,3,0x3,0x1,0x5,2,1
98,256,1,3,4,0xF,0x9,0x9,4,1
98,256,1,4,5,0xF,0x2,0x2,4,1
98,320,1,0,0,0xF,0x7,0x7,4,1
98,320,1,1,1,0xF,0xF,0xF,4,1
98,320,1,2,3,0x3,0x1,0x5,2,1
98,320,1,3,4,0xF,0x9,0x9,4,1
98,320,1,4,5,0xF,0x2,0x2,4,1
98,384,1,0,0,0xF,0x7,0x7,4,1
98,384,1,1,1,0xF,0xF,0xF,4,1
98,384,1,2,3,0x3,0x1,0x5,2,1
98,384,1,3,4,0xF,0x9,0x9,4,1
98,384,1,4,5,0xF,0x2,0x2,4,1
98,512,1,0,0,0xF,0x7,0x7,4,1
98,512,1,1,1,0xF,0xF,0xF,4,1
98,512,1,2,3,0x3,0x1,0x5,2,1
98,512,1,3,4,0xF,0x9,0x9,4,1
98,512,1,4,5,0xF,0x2,0x2,4,1
99,64,0,0,255,0x0,0x0,0x6,0,0
99,64,0,1,255,0x0,0x0,0x5,0,0
99,64,0,2,255,0x0,0x0,0x6,0,0
99,64,0,3,255,0x0,0x0,0x3,0,0
99,64,0,4,255,0x0,0x0,0xE,0,0
99,96,1,0,7,0x0,0x0,0x6,0,1
99,96,1,1,0,0x0,0x0,0x5,0,1
99,96,1,2,2,0x0,0x0,0x6,0,1
99,96,1,3,3,0x0,0x0,0x3,0,1
99,96,1,4,4,0x0,0x0,0xE,0,1
99,128,1,0,7,0x0,0x0,0x6,0,1
99,128,1,1,0,0x0,0x0,0x5,0,1
99,128,1,2,2,0x0,0x0,0x6,0,1
99,128,1,3,3,0x0,0x0,0x3,0,1
99,128,1,4,4,0x0,0x0,0xE,0,1
99,160,1,0,7,0x0,0x0,0x6,0,1
99,160,1,1,0,0x0,0x0,0x5,0,1
99,160,1,2,2,0x0,0x0,0x6,0,1
99,160,1,3,3,0x0,0x0,0x3,0,1
99,160,1,4,4,0x0,0x0,0xE,0,1
99,192,1,0,7,0x0,0x0,0x6,0,1
99,192,1,1,0,0x0,0x0,0x5,0,1
99,192,1,2,2,0x0,0x0,0x6,0,1
99,192,1,3,3,0x0,0x0,0x3,0,1
99,192,1,4,4,0x0,0x0,0xE,0,1
99,256,1,0,7,0xF,0x6,0x6,4,1
99,256,1,1,0,0xF,0x5,0x5,4,1
99,256,1,2,2,0x3,0x2,0x6,2,1
99,256,1,3,3,0xF,0x3,0x3,4,1
99,256,1,4,4,0xF,0xE,0xE,4,1
99,320,1,0,7,0xF,0x6,0x6,4,1
99,320,1,1,0,0xF,0x5,0x5,4,1
99,320,1,2,2,0x3,0x2,0x6,2,1
99,320,1,3,3,0xF,0x3,0x3,4,1
99,320,1,4,4,0xF,0xE,0xE,4,1
99,384,1,0,7,0xF,0x6,0x6,4,1
99,384,1,1,0,0xF,0x5,0x5,4,1
99,384,1,2,2,0x3,0x2,0x6,2,1
99,384,1,3,3,0xF,0x3,0x3,4,1
99,384,1,4,4,0xF,0xE,0xE,4,1
99,512,1,0,7,0xF,0x6,0x6,4,1
99,512,1,1,0,0xF,0x5,0x5,4,1
99,512,1,2,2,0x3,0x2,0x6,2,1
99,512,1,3,3,0xF,0x3,0x3,4,1
99,512,1,4,4,0xF,0xE,0xE,4,1
