query_index,ineffective_index,plaintext,ciphertext
3,1,DBD589D9339FF189,5697428233E92921
16,2,F4A3D79965AD3AAC,CEEA482BEB795F85
18,3,80DBC5C34B097DAB,0D78BD1E6AA24D5F
19,4,E7AA5CB8EF0D91E3,EDBFF69880DA5CC9
20,5,12F8B59A2BA13F27,B72B47139CD563C7
23,6,0CF1D5F901002E82,3799290C467F5E9F
25,7,B7FBF1D0724A053C,48A398E39A0118E5
27,8,3F18932D042024E5,EFA16195940D84BA
30,9,0D0C7AA9668BE7C5,A7F7EE5D5F63DD7D
37,10,D3BEAA696A9E0223,FB2ABA3D313F6153
38,11,4E07CB990B16973C,00D33B3F47D119B2
41,12,087E6D9636C3C516,9262BA7FBB8F8BB4
47,13,C06ABE68143BCBC9,40E8B731709ABF8C
50,14,A06344696337DC61,6BE925C6CFB5C50F
51,15,AD9259BB4BC868FE,C0E61417E4425194
52,16,495344F9ACAA4012,DB41AA78E46EFB22
55,17,6E0010B84549C9EE,8FC425077A0A5A5E
59,18,63C8D9F9A5A63372,CF0D40A4188F577F
64,19,F3FD7C5192FFF8AD,06AE85D0340E4A79
66,20,74C1AA959F0CB0AA,BF3601066D3F558C
71,21,5F01D387288EA1D9,27B389B74A98CED2
73,22,13308D76CF4A5F70,FE093ADC48456C93
82,23,92B85D0C0128D1F3,15D270AB87228C9B
96,24,BA8F8D1B4430B022,02684F25509D7B81
100,25,826BB5A197B051F2,D658AEED88253CE1
109,26,4D1C70E75E5D138A,F0B90AD92B8EDAFB
113,27,79678FEE6C23DD50,22D0D9E01207EACA
114,28,69B6D746CF61829B,1832E0078C7B112E
115,29,D64940DD8247B59A,8B2BEF2F94EC73AC
127,30,44C9D554BC53F131,EB33DD920AAEC7A1
130,31,48635999BD55DF1B,E5FF997944516D70
136,32,458469C486F4452C,56D5AF3A8DE552E3
163,33,0ACC6D4ECA10E67A,75B959635CB7BE72
168,34,C78B5BD01E09E03C,9219FA8778BE623A
171,35,3620B09FA187F2B2,138F5B2AF61C57D3
175,36,775116437BA7DD50,51F05297B1682125
185,37,D8E377BC961ED461,5362A0A992A18951
193,38,93AA170D9F455241,9480F3725A11B5CE
195,39,EA2F58B00BEF564C,80B59716A8C3F100
196,40,5B0C5423E5D916E6,6047F866251BADE6
197,41,B7E4DE7A1103875F,931EEB0D349F271D
201,42,9E4C5DAE34A2C136,27BD4E1573B8CD68
205,43,0FC5CE3D7FA3DB7D,6ADDC04E2D4C0AD6
210,44,DC20D7ACD0423B45,73F9DD1656679DB4
219,45,CE4E1A41BC33EC57,E11E599C989A1F78
240,46,FC1C41FA92BF8042,CCFFB5F91E17CDFC
242,47,CD923746F3C98956,865F59314A6D74AC
255,48,5E69F50D04847BA8,2CC7C694DC1178C7
256,49,DBAB27F9978949F6,716A54B9B8E82462
263,50,AD16F7ED1C3BD519,4E813C2FFF19EFF5
270,51,B4F693B478734459,FF7CE3E912E41F84
278,52,D49CC7034F7A6D56,C82671C3090D86A2
286,53,CE0495A9A2A1C0E1,98B478DAB136A347
287,54,1586E645D78C44F8,6275D2888D00E496
295,55,275B4481BE5AE663,DF364461CEC3B001
297,56,37878A4F2C5EF2F0,7326F514A96BF238
301,57,4A57443740472CA7,1322E17E7DAA7946
305,58,640592C322EB7D27,04F8C10E6144B2A3
323,59,926F2179A25DF463,E303449CEA0E97D8
326,60,059E156B74A49396,13EB3A8888A466D7
331,61,C13DF9A7E7ABE0E0,90A8C1969B3E36C5
347,62,B6989F6B305307F6,5B936DC8C3986F65
354,63,F4BE2B6A857DA9E2,4213027082179EC1
355,64,9B60966B124EBB69,0BF40682A547D37D
357,65,41EB69E04BF49EE3,AAD82C246EC3418E
359,66,A1BF71F2A2F99447,034C49BE5A404650
364,67,A89C5F6B71609DA6,39631DE6801A038E
366,68,910A0B23504E4C01,553DFD6449334351
377,69,C0B163356F299162,61228B28CCD1D9D2
385,70,F72311DD362158D2,713FD20EC9048F52
393,71,4016C91A3D380CDD,632E7C08CF61AFF1
394,72,7481D1C2840C25F8,2056B6FB14E0A748
398,73,97B6F55434510A57,30F3130BF7177776
407,74,33A363F323FE433D,ECC64EA340FFD00B
409,75,A991F5CD2EBFB9FD,3E942896BE014FC4
413,76,BC8B39056909B424,741E4D3BF0CFEACE
414,77,C0DFDB2CE8F7EC46,3F9C4AED7AA0349B
431,78,A13BFFAEB375E8E7,7664593AEEBBF42B
433,79,C20DECFFBF24ECC4,0C0DA13429EACCA7
437,80,AD034D68BDFE3B47,7C6872BB7281CB35
453,81,E6230726237B1541,48E9A6172469E673
456,82,BF24D1091862D890,F8156E720578C182
460,83,F78171BE6A89313F,4AC0BDB9E10F0B2D
470,84,AFCFBAAAEDA6C555,0C81DB395D41BF90
477,85,9F65C3F1E73D7667,41FB4554E124F8F5
479,86,FCA95AFA54BB6609,2D5BE01AD8063FF9
484,87,953C9B5C4CBC5022,DE14D56128D3ABCE
493,88,084CF7566330E918,5EC82558B9FD409D
499,89,4D80CDCD64A271A0,EA853C2FA293CDF1
503,90,DFAC071460459A46,879D29BDFF6D4CCB
505,91,B54D41B5CF57B1D6,96CE62CD43CC546F
509,92,F204B0A0390D8C41,FD61FF1D6FA0FBDA
529,93,4A38CBE3940DA895,AFEF39F2E3D93CC0
533,94,ACC3DC8FDD0FA192,BFF31BBDAAC7247B
537,95,2D33770678C58A82,12544BC7C8B786D3
540,96,7359844457A947A2,361D57444F051505
546,97,89E8D1A60F39D805,911761C2F4B2BCE8
552,98,40D9AB4A6C38A2E0,DC033DC441652AE9
554,99,BAD7E796EB0E5E41,8C867E2EE0754BAC
556,100,94629026DACD4150,E8E8CF336D36D2EC
566,101,FC4E9040137BCF5B,80B0C0219C30CEC6
568,102,8288299981822F9A,3E534CB8A9A34358
569,103,0ED082C6F11C83C2,134A45E93A76CAAB
578,104,A24E176103B32EC1,605554E9AD45AEA7
580,105,90BB1E6D56A72EE3,D9592C11FA42F15E
583,106,A7C1C19EB6304941,837CB82EC02506AE
586,107,3A87D52A67EC65CE,50745009247E7FBA
592,108,D44CFF289A611F70,119AE4C5180FB558
606,109,C216734EABEAC339,60D57D59491CD51A
607,110,B494238A995E176E,24AA1655630D208D
624,111,F69EA04164794207,345915914703CEBC
632,112,F402AF3AD27CC76D,F58F4857EB0D3FB3
635,113,45187324AED01AD3,F7DA3181D3A4C1C6
639,114,33DD94264D455B2D,2BB35AB8A8C4EC1E
642,115,837CACB5A9348CA3,9954B472B2A30D91
651,116,5C9BB79F13DFD7AE,07823E7C8B57F9AB
658,117,639463A903C28EC5,510B0471F06159A0
667,118,E86CE1F4BCAB8098,DDD11A20418178AC
669,119,BCE9477DB7587CEB,F22CCD51CE238F02
675,120,204AF6F5A9845866,24CD1767F1DE04F3
693,121,E8ED10401EA08DAB,901737180A29CF47
695,122,624ABDFB1AC46947,BC3FC7F7E7A9EE85
696,123,62FC032D7A53D4B5,02F9651C155FDCFE
699,124,1C6A20EB945B31A4,C6F668DEF3FB0740
700,125,A3E3F9BECEF6CF77,605AF0807E13B338
705,126,7E7D24523FDF779A,77A442F8EA517673
711,127,9662C250DB480333,FBBCC69AC258754B
719,128,F279C8A82A14A639,55ACAE898395E6CF
738,129,E2B4910E341E72F0,B052DAB91B32A2F3
745,130,868C7FCED3FB1D9E,BBA03AE22149E85D
749,131,0C7A6E8389D1BDB4,4FE0DB7584FCED39
752,132,03CB0131D918AAD2,2473F185EAE87522
754,133,51B66B563669EC46,021313944962A7EE
758,134,6FB59697898A3A55,E231C66792E79FE4
777,135,FBE7B6364178C07D,F38FFBD4E2E9F094
781,136,A1B71086419376C3,AF0D9DC618953067
785,137,3028181FCA2E909E,274C3C0221A6F324
791,138,115130F957C5172A,34B49E1CE6595360
793,139,6E2CC970D9E4A5D8,61916CCF24B85CE1
798,140,25A316D93C758176,FD7389A4D5AB01A2
799,141,4BAE01EB424D84D4,701230C3B645BCE5
804,142,94169F76E282F14F,39826FDAC060DE14
805,143,6991417C1D2930D8,71919346CCEFB4CB
816,144,D953D4A6C8E01099,13C03B7711CE02B8
832,145,A233E850B1985CF5,7D0960DB963504CD
836,146,A646359B0C141A65,E00707F7C88F93D8
841,147,A4C2A647B18B885C,8D952921F58DE7D0
855,148,B6B9660F08150059,266D1F4946FA7819
858,149,016B729947C64838,83A25B3B6EE5369F
859,150,D11B929888E01609,68E5A9F0FFDF279E
871,151,29C02F3ECDB6B8A5,7F1A866540476BD2
879,152,B555640B5F91DDD4,8FAD28140927DDC3
896,153,E9193CB3AED66341,09AF52B2C338BB1A
922,154,0138EC11AC339AEA,512B19FD7F614261
947,155,EE4B891CCDEDA4CA,C7195E1AF202F71B
949,156,8E5EC09EBA7CFA85,94D8EBC8BD9459B5
956,157,F8DAE914519A18E5,9617DA415D8CBAB8
958,158,24522D849944BB3B,0F80090B7BDF868B
962,159,02FEC89D74CB707D,B0F04571E5D8C3D7
978,160,5625F6A7E4564834,2847AE5D03FA0884
983,161,8449D3566A5E5FD6,2C889643FC47C7DB
995,162,FDFC16A43FE51CBC,A0E537A79E04D61B
1012,163,AE8C59D829AF173E,5327277B53A07986
1021,164,C4CEB02964076111,2607C4E588F614EC
1022,165,FE1E3A0E9351947C,F22513D3C0A1EF63
1035,166,EF9D6A6B4E24EA6B,9C35F7D77A050834
1052,167,D40795E97867C8FF,C7DB5BAA6E2DA7F3
1054,168,DB0B5E4FF6941E33,890BE01938C8227C
1060,169,A920BABEC3A1BD4B,A193BB1B669B0250
1061,170,ECB9BEAAFEBCC1CC,EA5C3C96CBD8E86A
1064,171,02A94211EBEB5177,38B65A91AE9B6643
1069,172,1DA311DABC68C8CE,546A7C44D3FE0EF2
1086,173,9E81A1CAC18B5E0E,FAA8972B5FE66DCA
1087,174,666AB7D79865C666,B31C516A9DF871D8
1088,175,0A23C38B4113F527,7315C5978ACB1D7A
1110,176,D0B1C3022C9608B8,EBB12DCBFBF0806E
1113,177,704CE5740E4A0638,6E1B65223FA51FA3
1117,178,CC580D866CDCEC33,80706A5676BC324C
1118,179,E04E4B9C99B55CCF,08645D2FEF97CD45
1120,180,F28DD282BB77EE33,7951B033280CBD1B
1125,181,430045BDC5F2423B,D0F92C1E813F9B5F
1135,182,0D92077F86E97720,DD9D689A6BC70C1F
1136,183,AB1C154C52DBD223,2CF1A8A885E7159C
1140,184,B53CD131687AA282,6C7D74568D62A8F2
1150,185,538BD1038FA55CA4,8BBEF5BF0CB6C3D2
1162,186,41A29BA0F24BA425,AB8BE4E2D9D2B5BC
1167,187,E67A23BF17337DAF,AAA6ED495C7791F4
1169,188,8DF03BBA16912CC7,A1216A98DBE4BF52
1202,189,1A0BF0B2297B6FBE,32B87EF86FF3F70D
1206,190,03688899710BAC54,E08E70CE9868B0DD
1208,191,0661B7E5A1B4A54F,590E12D2B54BF453
1214,192,BB9A34820F55DDB4,3099FC59300D1859
1215,193,F45DE3A7E1612BEC,DDF1C8116EC235CA
1221,194,EAFBA213DA4C605A,9FAFDD59B527A277
1225,195,20BB71C3CCE99EF0,83160B9BB3FE1A9F
1226,196,F85BA16198D2C635,1EEC886CFC944F00
1235,197,F22A451D2CD59319,DA9153C701291FFE
1255,198,69436CAC59601F72,99E05C106E9FE221
1269,199,B2D616D061E8DB88,9F39A402E61EBAA0
1271,200,FAC19BEF719104FB,B4F39DDA42B319DA
1276,201,BE425B681F6B4BA6,83E6FDD9DE3C4237
1277,202,6A9E2DA160AA134D,9E522F4BC10671A0
1279,203,0204393C7BAAFCE3,DF696258438A5E4A
1280,204,82ACB129F7ADA18B,B797D258751C79AA
1284,205,718767CF967AEA5A,70A6DA2D44AA68D8
1285,206,421616348A725C86,C1B067AACB8631DF
1297,207,30D31D89B8BFBF88,14FBCB322122E60E
1305,208,7256759FBAFB91CE,11DF9A982252747F
1306,209,CE0CE3C12FD07803,325F953937406682
1313,210,7422BA45B3E612FE,B165666A82715D1C
1315,211,1C058A3A241ADB3C,7E3B91028FA3D9C9
1316,212,2B4A269DAD88AEBC,25772DF1AB274DD3
1322,213,548FF3E46EFDF104,0F9EF49C45658B86
1327,214,5D5B54A51054992B,6D2CA28ACBB37CFA
1332,215,2D9C301783AC584F,728E3354A7072DFB
1348,216,3F4346E4ABA39B59,8687BEA8943D6227
1349,217,0BBC07CBA989091F,22AFF87196CDFE92
1351,218,244DC44CFA29D537,9FE90C71CE99C2EF
1367,219,8767D8A53DF5D2A6,AF670A7330BC37CB
1368,220,553679CEE8BE3150,905B5D141593CED6
1378,221,24061A4B88EB06F2,92CB89B2AA58103C
1382,222,B642217A22BC19DE,A761644237A69AE2
1394,223,309B8E22044D6B19,C406EEE72FF677BA
1398,224,9113DB90BA12DA5E,7174C1766636A5E0
1408,225,76D8CF814FC6EE54,59F2EAEEDCE7319E
1412,226,9182B4C0D35FA759,D7F942F7383E7F3D
1413,227,BB1A2C9B16546905,47E772D3A183C444
1422,228,65F76ED96E8FEFD0,78500D9EEB45C0E6
1423,229,4A6836FC0AE8539E,D4424AEAFE0977E7
1425,230,AE22278F709BD210,14DCD689655E5730
1430,231,00A1B0E977F0B83E,474B0A1B546705A0
1440,232,64EA9FE4E9EB59EA,53F14D406155E443
1442,233,42CA62EC818DCFBE,E6BC60CD0E0BC5E8
1443,234,C3500DF9A1AC202E,5B63182C56ACCC5B
1446,235,C87899B76C0794EE,644181189AD5881D
1451,236,1ABB8DCFB58E1D6B,5A749A89F6729F1F
1458,237,66615264D2087056,EE4B247061F73AD8
1466,238,DF561764B106E52F,DE9448FE56CE2AFF
1471,239,97BC3312689BBB92,F59A5430C9A94EA2
1483,240,999345A80DD2102B,BE9D5EB244689745
1488,241,2C80731653B85FF0,99B40D6D9A7AB6B8
1489,242,EEAE7297CD2123F4,10C6E693D1A53636
1509,243,F73A1B20F3D638D1,DA01F0F2F2B00CD8
1510,244,A1DC684319D04B89,80EE960412DD6963
1514,245,3AFCE00698B02A79,0B8333812E282D44
1521,246,2F1F6890850B002E,0408A7F3FC6C29DC
1524,247,2AE95E42623E70E5,791F47298BE180D7
1525,248,99C453427F2FD791,29BC0A022634D400
1526,249,5326BE2A070790A6,AF087C2724844603
1530,250,D38529B80DBBE20B,A98DBE7E62761D8D
1540,251,76C68F93E7EEDE43,27ABA3A9FFA49EB8
1548,252,4D100F4A7578CFC3,9F26FCE846CAB671
1556,253,7F3C3300347A8DDE,13FF9272B65E48E4
1567,254,2E28C0D73BD24B76,F454C912BEDE0997
1571,255,D97189098C3BA7E4,130538B8A2996823
1572,256,73E354FDA1CDD3FB,3C34A96C778CF4E6
1576,257,FEC733DD99B7B3FF,EA0B98B5A1F0B89A
1584,258,F62828A8D0817D1B,C18F7D0ACEA4B925
1585,259,310DFC3757E40B04,B00BF51ED3D776F4
1600,260,3501BE73372E5D3A,34AD5BBA7A1F89CD
1601,261,0401D4713B3230CF,0B4323441B2CF6F0
1608,262,7AF79DB904DCC450,454130655C045DD7
1615,263,0C7AE9B74217B44F,580C7AFDD21CF394
1638,264,0498C43E2954352B,0815495D9180204D
1656,265,748396A8D57E49E8,B6746C5313EF3677
1665,266,E4DA90A217E3729A,E651A02E26E19D60
1671,267,B4267042800AE585,01ED66A0D5C41822
1682,268,738610EDF2F1C498,998E941EEC3A7D72
1689,269,553C15A915941EDD,4937189EC04C3B7A
1700,270,653B2CE0DCA962B2,2119183891D00821
1706,271,9AC3E7E792ADF826,5085518F0FFBC936
1710,272,21C044A46AB288B2,4C92A462ED6CEC6B
1718,273,667D19C99B6C869B,2097610261C62495
1722,274,CA4B924B5F4AB70C,20A209669E750D9A
1731,275,BE83C6709741C40C,FD28E5396CEE5DF3
1743,276,E36973C4CDF09E83,8B0BD728C9DA235B
1749,277,65C2BF5FEDD9815C,634AD5BE9FE1595D
1750,278,046E3D2680CD48F5,6ECB8B225228A25E
1755,279,A1952DC8EC9CE554,9B9BA3C97B55A973
1758,280,F22BA8C6D593A211,4BBCCD71A8E9C88A
1764,281,185CE1536D9E0E57,0AAF69CAFBB8548A
1769,282,E36E2E608C807C14,2F520867E3EDC205
1784,283,A192356D53EC7C1D,505681E4B678C2D1
1797,284,11D2400404C49003,3C5ED53E04CD6244
1809,285,2F3153164B54CAD0,32A419E01C966182
1812,286,E1C3079564AF3B14,01952675AC7A8D10
1816,287,E4B3A38F583E7391,DF1CBA1D2B1DF3EE
1821,288,B2FF38E9AA8B1949,4C30559221A28C23
1826,289,2BBAC28EBF97957B,7DEC97BFC0AF1B30
1853,290,A2A60B8884B48493,72D59F2B733DADA3
1854,291,47420607158B3F38,CC71BA7B63F0FE37
1862,292,516F424541604B01,88E38EDDF4B98F89
1865,293,29040075000C0826,772FD0E01F3B6DA2
1872,294,63426BF806EC638C,1F12F147AD2DE26A
1875,295,0839B0189589C40A,C5A8D1E71ADC6112
1877,296,71500B9E22694C0C,6CD30D6B1DDECB72
1882,297,DC7710713B52784E,979E9BBB0D1DAC93
1884,298,0E0E4CBE04936011,AD68A18F9FBE6268
1896,299,0AD2ED3EAA604302,46C6A1BF08A613D3
1898,300,8DE67065C014643D,84D30F1B0CAD2F08
1900,301,682BEE2D510577A9,BCFFB3E677696A3F
1910,302,F5FC61FA0C5F1B7F,D08BBD3D936CF553
1914,303,771A9A8BCC8A66FF,B00E0A1C7F6F7A73
1922,304,424AE27E4F34BA26,CFF4C2A6C823DBF2
1929,305,630D3A6F3BB4F956,BBC9A032A6536531
1952,306,7D305D6C3B473058,1ACDDFD006F57459
1960,307,E093C2387155583B,56E1E0EAFACE3ABA
1964,308,E3D9713A679BB005,CFDBD97C439CAE50
1966,309,D70B7996C873E45B,16C860B8C056E784
1985,310,B72777E7C0847D55,CC360BB5F7419397
1989,311,865E77CFEA22550A,EA465B7BC0CEB84E
1995,312,5087D192FE4745C0,46855213AD2ED962
1996,313,AF7A4CA4E383827A,DC601DBD46450678
2008,314,A7E10DA819EF6057,308CC41362DF77D1
2015,315,F8DF99DA32A49A94,28C9C43FECD90DF1
2017,316,3B0A84C5464300DF,A75D40637CD65B14
2028,317,DB199C5D60F285A5,C012834AF170071B
2032,318,A8DDE325E6DB1D64,4ECCC3C3DC9BD168
2042,319,2CE694C37ED16876,8784CD4A79D48324
2054,320,649E793EF622173F,15FC9C17C4ECFDF5
2066,321,F9851EEF898CD663,3A5748AF26919237
2068,322,C1808AF550FA1671,BB107E02C6A97ABA
2079,323,FD741415F6B564D7,3ECC78FB588D000B
2085,324,105919B3652C1043,C7246B065CE44527
2087,325,5654118FE3D2408E,B4E643D04EDAEDF9
2106,326,B40A65F4263BB1C3,8B961884642E6F6F
2122,327,B0DE25F1D4CAB932,8B17B8B4A9796CF6
2126,328,E15DB4418A8B3F61,8D5CBD26CC071AA6
2132,329,F78785ACB1663AB0,4F46AC6D5036DC2D
2135,330,00649B0215DD2722,3BEBFA5A3B956829
2140,331,0ECDF91D02990F1D,85443EC45AA8E84A
2143,332,C285D06B5D7AE651,D8577892EA2F163C
2151,333,4333DDF476D1B5AC,1E74B86A3EE13F65
2157,334,9C6F79116B55F534,66942A1CC1B516A9
2158,335,A06538FC146594C5,847792EC9FB0EF16
2168,336,C6E6E3265EC0535B,7A17EFA83DD85A3A
2169,337,2AC10D4FCFED6385,CF0BEAAEF840CFA0
2177,338,9EA2F5E88964AE21,39E7CDB7C39E1E87
2180,339,4E64289AA9A31F81,2CCC32BB2855E75A
2182,340,9FAD0DAABC56DBAB,7A59D5A4EF2C9D7E
2195,341,3CD02CBA31EBD067,98B50EAD64347CD6
2199,342,F618E9BA132FD4E9,8CC05584D62868C3
2200,343,1698DA3C2BE163B6,80AEFEB337F9D877
2204,344,9016870CEEE6D9A4,422B62AFCD1A5DF9
2206,345,20ECD01A3820B986,365EC1C055B3CD06
2222,346,FC6ABD28351D5944,E22BF1FB65D39EC5
2233,347,AA2EC6D00DC402EE,BE4E0DF1C39AB813
2251,348,6E0F5E9860FDBA5B,802494C4E81570A2
2253,349,681EAD84C5418971,5D52C8C61B5536FD
2261,350,5E5B8266227915F3,062AAC3214ED627F
2271,351,DFB462B4B06260AE,599B29A944983302
2286,352,5BEF9D5F44C99EC5,ABDA6DBEC4F18A1D
2288,353,F8B973C9AC49E1BB,6B8E57B64F2D607F
2290,354,4E6F40842C15B789,A063FA7385D583C2
2295,355,CCB141CD6025EC43,8C39C9810D2BF03A
2297,356,0B7A8327545D04E6,2C25FD5E9D2E70A7
2306,357,6D90C4EA33710A27,B3B3618FDED539CD
2310,358,6F0073429CE4A52F,BD8CADC8B6A4D5A4
2320,359,94D9A8BAF634F286,CB872E7C88E8B0DC
2327,360,B683C5E9392F14CA,A3BEBF0E6C427F21
2338,361,EBC8342F5B2CFEDC,7AAC39F1DD03E2E2
2345,362,E36238DF69983698,FB9C12D7B1C8D519
2349,363,5CFACF10E17ADCC0,2F628F3EC25CEFCE
2350,364,F63A60654C8D165E,5DBF49ABDC4A73CD
2358,365,83845D348EE0B5F3,577AB65DF151D90F
2359,366,963A66284A8B5CF1,D713E3976C2494B3
2362,367,A890270F4ED310CE,1A2A571B6D14ADC6
2364,368,ADDA9C214E9AB31A,4416B7D6F26153EB
2365,369,D9AB02CF4EC55B6B,B50B9E7D5C019113
2368,370,3039C80A10E53EA6,5F7485D48A2DE1B4
2383,371,31E34C31D2428BBB,6ED9D852402BB45F
2394,372,9CD11FBEAED67201,0C8944E9536E2FF3
2395,373,B2A715BB0DEE1442,C1D8CA827B10BF4A
2417,374,D9B7D487CDF3A9E8,D99022958F5D5F3D
2432,375,FA4BBE6E1D7022DB,6967B36534131D13
2434,376,E444B701A2695E8C,310C0AEACF919AC2
2438,377,B0ED8917ADBE1CDE,FF6E9F7EDDB75E54
2446,378,B0EE259B8EDE6015,EB17CB1347C88AA8
2447,379,CFBB76E783C35617,BDBE505C39F3789E
2448,380,CAF40791908C540F,BF4AE3E9C221ACA4
2453,381,611332AD0F6777D5,288A0D130AC432EC
2460,382,AC2E8930BCFFF957,E8945CEC0F1F2658
2463,383,3CDE173D333D3E28,8FBB0E96721BAC0F
2469,384,13B1715A992A6BA2,1437676A73F4FB50
2472,385,2E8647864B47DC2A,64700AEBEE7E652F
2483,386,65C9CF7ECA06C6B3,33225E9DF4E72E11
2488,387,D5BD940AE0BABB36,07CF66DB3B18ACCD
2489,388,34C542402344224A,5F0E75F8B9E22616
2490,389,7FFB4752FFC80D54,5DFBC926ED574887
2491,390,4DA895E6BDB3D131,4ED8BEC65D2984BF
2498,391,D6FE28A972F01F2A,E246F61CBEE6E226
2501,392,9828F33A568CF12D,5C08569111160184
2502,393,CC2B06174B87E195,1BE4F87B990542B4
2504,394,4058FA41448155C5,B27A73721469BA8E
2514,395,935EE3EEC1ECEBAA,30997B20A9D7E181
2516,396,A9E7D14940F661B4,A8C9DFD4D3425CA9
2519,397,CFD74A8AEC37B8B8,0491F0C431A5345F
2520,398,1868F0848BD6220C,03C83ACF83605BDE
2537,399,A18AD1996D2C7216,2FB62D8CC3F19BE4
2544,400,918E73A9FEC696C4,12DFB178C2EFDA89
2550,401,686294D4629BCFBC,8557078B14618445
2559,402,FC0EBA80702D56D6,67EA4B15C9F31F47
2567,403,05D2869434AEACD9,36B9A5BDC98025C2
2568,404,85B4F820570B402C,A13BBFB46B8871F2
2577,405,974DFFDFD516AACD,BBC4B8C008827E31
2578,406,DC1550B432E3CBD9,DB0967EE3CCD1D0F
2579,407,25E19CFAB232E465,1E1BCF4D5EE1B64C
2580,408,5965026349A831DC,09065E10C0BE798E
2582,409,6CC1DEDA3175D2F4,B76D217B90DF7A63
2604,410,EEC7134789FFB201,C023D37C19DE8C49
2606,411,55C901541F8C3F91,6DCCCE6C5E24FE52
2610,412,877C6308AD816D89,5A6CC1AAA662F6F3
2613,413,593F7BA455238668,EC8D60B8692E1BE2
2631,414,5BDFC1F6C1B2491D,D038925BA5AEE276
2634,415,05014CC5F7B89FF7,2FE260D612C9E2CA
2658,416,A4CDD0414B921687,36799C15E8FEC607
2672,417,CD3BA678E68D06F5,D9EC6C1263444D74
2681,418,47EE7FFE8E96543D,A202F17219809273
2687,419,58F8F69CF5DAC59A,FEE67B3F5750B0B5
2699,420,3C99E16C15A250FB,A4A686A4F117E80A
2713,421,0F713556EB2F9F50,89C3D2B0B6665D81
2714,422,54CB99CFD3934B2F,CA7B9CE8FC44C732
2721,423,12C6F6C565E6E321,4C98B52ADFAA4195
2734,424,4D3A0E044786CE40,8C7A487BB50CA992
2737,425,C904D1D37AA05E20,8DF3484163987895
2749,426,F2C43E8094545636,EFD8D021EC09E827
2757,427,5AEF117C86FA65F0,1AB1A1C4956B097F
2760,428,5B6246C2357F053F,89537BC7CA7C8AC6
2761,429,9C63E2CF33A9E313,FED9FDA7CB9F8A02
2762,430,770752598C19C9EC,6566FD042F899F1E
2764,431,951CB582D9AC522D,37E5ED59A9E30306
2768,432,3625431D032FA388,11C1C1A7AFB2513A
2769,433,EFE75E4FA9485961,F3EC12B0A7C68951
2771,434,8AB8A16C594EF18F,81841F45FB29BEB1
2775,435,DC9E627861C0A5C1,18DB8C774358DEFB
2785,436,76CF07C0882EE6B7,4C5A59ADC6797F2F
2788,437,78456B3F1AF092BF,93ADC750D126A3B6
2797,438,9ACF607F7199A260,7AB96755F44E70F1
2805,439,90E7DD0D2531AD52,84993ECC67D28DD1
2811,440,885F0DC3B45242E2,C4E1F273D37C1C1B
2837,441,2C103041FC84890F,E22117019C4BD0F6
2861,442,4C75348F6CC74D82,B1BD1AA0F4504A93
2868,443,BC1BC7F49DF161AA,701CD618D589055A
2872,444,0B1AF0B23E95DFF8,B02B2E0C4A65033E
2883,445,56435D89149655B3,8436D75BB24D2DCC
2884,446,1532352E8A201EAE,304CC689BB10974A
2888,447,1D02D17CE80A861F,0BE394E7C4C668EF
2890,448,ACD7ECBC876CA64F,229F2C3EF6D591CF
2912,449,A670EE89AFEAAD75,129451A618253EF9
2920,450,E32E7B8C1981CA8E,037AB1F1954E6120
2926,451,358C011AC75A9501,A1EBF3C85AED097D
2928,452,B1DFE43DDF86179F,A36F82C1A7E55C51
2939,453,4045FF716EA2BF15,A1DAD8769408A647
2944,454,ECD82C01F86F7375,E655DB702219A7FD
2954,455,C582C305D45B425D,C632B34C6D533786
2955,456,8A8657F7BECB8BA0,0CB2B4D2F0107EA9
2956,457,50090F305E93D5A2,DA41FA90B911BAE7
2957,458,94D8AD82B3A0E260,87F70752EE5B5069
2960,459,3703A336979D0474,5EA0213697548A0E
2963,460,F4CCA923CB5BCDBA,F029D8FD600FC7C4
2967,461,9C7893FD20C13618,E5ED7A43BD3D662B
2976,462,82798FA7883D2B53,12A8E4DF251D786C
2981,463,8F0E483373A74D53,FCEE8078370449A9
2984,464,E08CD26BE2D975A4,5010BC48379F0329
2994,465,9189F71A8760A7EC,B7D3CBD1FEF08470
3000,466,B1EC9FAA2D08EB20,2BE70C84D07A82B2
3002,467,C1E97B183605753F,E6B47F1E96A41333
3005,468,EFC0699F4A9438AC,243FEB336AC19BB5
3028,469,631DC613040B181F,021441CD697EC5F0
3032,470,508B1063F663ED76,B5B2579D041C9065
3033,471,B22F3E2DEF986B42,48E3F1F5B1F4B2BD
3037,472,75F799A5D539102B,17851F7E9491359B
3040,473,7DDFD27CCC961581,AD188BD51F8B6331
3050,474,305DA730DEDDCDCA,629C150C3CD68969
3052,475,5EA275B32982FE96,2F5E58C1F6D6758F
3059,476,0C361CBA099F7D47,5A473A9910192B6D
3067,477,E34B25F15131FA07,725C7609CB8E1373
3076,478,E699C4064210306E,631B580F4BC96306
3089,479,405C6F84502E0E68,6D1C3BD3CAB909C1
3113,480,8E18E19E0F7D2F9F,BA4AFCA3F663600A
3121,481,08B160E4692C988F,EDD92C89CA85D3DA
3122,482,BF66C554B113DC3C,3832AC28BD8A4E85
3149,483,A56AE312D6B0E40B,A4807ECDFFF0ADA0
3150,484,6EF015E6F10D81DA,B19576067432E24F
3169,485,2315155F422B404E,657E775C818434FF
3176,486,36C08FFD75A52195,BE071B22977A53E7
3180,487,774A33504C4B073D,CE7182B09EAC3E82
3185,488,DCCFF3943D1EC3B0,EAF18826313EB028
3193,489,3076C7235ED59F4C,FDC88ED3603668B0
3194,490,370FCB6C809EFEEB,FB3D186E907DB5FC
3207,491,CC7B419CE0F53E75,98B59FD7E9345492
3211,492,E94A6C7A760A69BE,EAA21BD80F85DEAE
3212,493,1D4CA634610F0E38,E3519EEDA0A2639F
3222,494,82791C361045D740,3C20EBA4483FC6A3
3229,495,2E63ECEA8A92ACBC,0CDF4E8A5145AE32
3234,496,06C70BB295B143B0,954D55ED344A7270
3237,497,9B10105537B4790A,557E58B162218969
3241,498,0E8B6212934AAF52,65F7ED57F3039CDD
3249,499,398CEE2615667909,EA376CF591653765
3259,500,A069D801C91C65A8,5530FC7548F1A4F1
3269,501,F1F143102F02D152,1FBF20F4E456DBAB
3273,502,77B4C78AAADE3622,7A4D52DFACD50372
3277,503,14648AAD111FE153,6BD9D2EEAF0922A3
3279,504,DB6DF9B4C2D893EF,DC5EBF647BB8358B
3286,505,C0057FEC526E1088,F628E5C93CCFED71
3287,506,1A184198EB26E4FB,11B77C3CD5FB63A9
3293,507,B5242B3E1AA4437F,A926FFFD9E1C35E1
3312,508,620CE24EFCEDBDC7,03E7859AFBEA7824
3314,509,F4A58C0D91816624,233AEA0F0F8F65B2
3315,510,41993638F72FB557,249DB3663FC30BA8
3316,511,E2E79CBAD0C6A201,5FC8AEE5005C2EE5
3320,512,AD29DA65AFB82BA2,65BD6085DEA9C482
3323,513,29F7067FF97426FF,28AB6BBF84AEB359
3331,514,C37B424CB91C635C,9EE9BA5952CFD585
3340,515,F360D78D6EDA9678,728F40C39FDC7CF0
3352,516,9E3351CAA95FFFB4,17BF35A59429C8B9
3356,517,A87A90A1B9AA6CD4,1171175F72073661
3360,518,B3E2BBF704EAE6C0,2A4C7D8B4EE8C979
3361,519,E77617FCBEB1C16F,06A591B7A86E0195
3362,520,7D1E0581AA7351AC,B875847580EB5483
3365,521,2189B0BA2AE84EF0,3FAB58C58BA3E38F
3367,522,CE3832A37FDEE234,7F70D0B14F7BF61B
3393,523,DC6A1530654E248E,294E332B57CE6DAF
3400,524,90FA7205FD478862,2B23A8B0CD59238A
3403,525,D98F21681B5143F6,6A42681F24B7B3D4
3405,526,F2EA085149A69B2D,D6301D36511227E2
3408,527,09EFF2B162D70560,26204AC1708B3A53
3414,528,26BB985149BA5C13,0214479E591B5AE8
3421,529,7210A74158B9182A,FF5B3F9759AE47FA
3429,530,5FB72C8C0ABEB32A,44BC2A13DC167C7D
3440,531,26F675FD06187637,9A49BDE39860F52C
3452,532,2618767791F5CCEC,EBDD71A6FC1E7355
3474,533,9498F10345A1AD9E,CA854BF6BEB3BB83
3492,534,146B005EF57B50C5,C9206A6FAA39F2B1
3496,535,53ABB1FC97282977,B23ABA4AB8C66FAC
3497,536,7294182F46EAD0FC,A6A677CCB868CCC8
3499,537,2293C7B780A145F8,7BFBF23523F14E1B
3503,538,7C3B4A3221F3430E,29EDF89D6EF341C7
3504,539,8D32475908D2DED9,6AE2EF71DF5E39E5
3512,540,27E2A314877DA555,807C861768E9EC77
3515,541,FBEE5020A62D7577,8A49BAFD6A487DC3
3517,542,38AA5BE4E1CD6FC5,C8EA8F4CC68D124E
3534,543,2DB9EFE07C733656,984E7A8765AEA52B
3542,544,FA70BB1D14C78FED,4D00E8D86AA3A8CA
3559,545,AF15462BC5E7398F,2E8C07A5062DD237
3562,546,54FE8CDD46BA796E,BA7C4EB1D3A00FE5
3563,547,F4E7C8A9CD1851DD,E56D2C282644E6D3
3567,548,A2604B6BCA89A107,9B2F95CFD13B3E6E
3569,549,F5B3FE66279AF268,C40EC63B62414145
3571,550,9005319DF623CEB6,BF5CB4F1A4ADA97C
3573,551,30806A9AFFEAD930,A1489291CD13C2EC
3576,552,1290EE06058AC012,67993132E31E560C
3579,553,9D29750F3B9BE9C7,C8FADFA5A658DE21
3595,554,05ED14620EECEE26,B3A03F57DB0625F8
3603,555,6E637FCBF84DE483,E7D4B8D6E06FC481
3613,556,889FA84FBAA2A428,6FFD45611B2FE9B5
3614,557,F39BEB032AAF6AF1,1288E6C1ED96ABF5
3615,558,02F443E1450B394F,8476F0C1581E21DC
3616,559,A8DB61C3096D2B09,2923D365A757B03E
3650,560,ECB46220CF82E1C8,9F0E8EEC24B78A46
3652,561,A5AEB1FF3FCD714B,3F313ACAC8A2D1D2
3663,562,51CF26036355B03F,8B586840DE22D194
3667,563,9BC7E7769FDBC434,BD79132D38B07D86
3672,564,7C5ED5CFA7391747,FEB41495718D2249
3675,565,211C85AC24C18C50,BC02684FE999810C
3677,566,211E7F0FCB7F55AD,1A0BB42EB0703E2A
3680,567,C0A2592F29954887,8EFCAEC338389B49
3681,568,7C0A081C903C7E1A,FDF0AE63F421E92A
3682,569,797028F83A854AAD,3B5C1FC2CAEC2B6F
3683,570,6AE3A94FF60FC297,61791FD9A560F52D
3695,571,584FB97BE4A6E5DF,D275C5C95E7719E3
3696,572,AAD7868AA5CB47DF,6D506F62EB7F4CF2
3698,573,319AFB386D2E2522,D278362871836905
3706,574,0169C6F49CAE93FC,7086B647C93E7217
3709,575,ABEBBA2A4DC7F8DE,9E1F77A33818A56B
3710,576,738F05D8D4FC19ED,BB3B5E921FD5C2E6
3717,577,C1BE8C4631EDBE2A,B0BAE46E09515B8B
3720,578,8E7B545FA37F1880,A7CBE82654301DED
3722,579,92E9D4F8ED2AAEAA,2F2DE9F2CFD76E07
3723,580,3EBC287C5AD446E0,C63EC0A9430CE063
3725,581,D8A8595D85995C90,AF3FC4434792D136
3729,582,0E0FB0C0FADE6816,F10A32C239BEC1DE
3733,583,4289E51CB3630307,5BEBBF3FE429183F
3735,584,64883D8EAE4EBFC4,86C2E197E939E61B
3736,585,07F61C382CB59830,2421E4A79CB6D7A4
3744,586,B3E9A8C2CA3FB7EA,39EA81A99954BFA1
3747,587,41BC20FEF49DD207,B3FBD1A05B00692F
3751,588,E515446710676C5B,65BD5DCCBDE165F3
3756,589,D90A99305DFA38B4,793BC53C1F8CFCAF
3759,590,60B4DA3CD35FAE51,B6B93A1BEB24BE48
3766,591,BD9E6A8609FC0898,1396813435EC12D3
3787,592,DD5B5AB1701DBAD0,E4E39BA4BF8726C7
3814,593,EFB8DCDCF6050E93,A4626B8FC8FC5B94
3825,594,ACFBEEFD851B617F,E4124EEFBC8BFCA7
3826,595,0A8F9CCE3EA7C8DA,5A6B75074E710A97
3829,596,FA9E6FB84C62CA03,35CE31F66B93DB57
3833,597,2D78C874160F4FF9,157E6EC99A9B589F
3835,598,363B2740BC905C05,C315DE3D9AF70110
3844,599,E10267AF5585A028,7CDF700C58EE2F71
3859,600,62ECB6E654B5FE75,53C413779E76FBCC
3867,601,07A55BA4EE2B6153,75463B8FADE33758
3890,602,8449E8667B6A5DFD,74094196C97B9A2F
3903,603,7CFDCD8641F2B922,5EC66976D42531B9
3917,604,91F337772F0832A0,5B9E49E5A26C6B8A
3923,605,4B4C199149BCFB72,469A7189FFFCABD9
3928,606,9CE41E4FDBE95D2D,1E4194F6D60A95C2
3930,607,A253026D5AAB263F,570F7D452854DBB0
3931,608,4CBD01731F7F8F10,3257A0918967A70D
3935,609,A8E8BA10F3545ECE,60F1AD95A91DE87F
3953,610,B2007BF2E1108149,6B6260A541A5FBF8
3962,611,EA08A6B0BA16761A,0B293822B3D464F8
3963,612,A3026015C32E2DF2,54DA2E19176E8072
3984,613,C3B415E00DE83DF8,58F79A7D35107842
3985,614,78B51CA8965D97A3,E13C66FB4C055D98
3987,615,D72C5B861CFB5B9C,95BFB44441B23E7B
3989,616,10A63E44CB7D7B2F,806FBC9B62C541A5
4002,617,E7D11455B72EA1BF,542B91AF0E045BDF
4004,618,58DD263E057FCBD2,844F03D459DC2C16
4011,619,CCF5F476E5F4901E,4B9416271FEF915B
4024,620,A293537C091A8A4C,306C467E4509C4E0
4039,621,6FB8A011EBE38689,B1C7F170E33E948B
4055,622,68AE8DB05E638F87,2A782F15610B7A14
4062,623,429AA9C330D93EDA,12748E30EE90141B
4066,624,2E2E7344848D81D0,34D636DF1A574B69
4067,625,9BA961E2B63A3E49,DB4CB050FEE74204
4069,626,E37739ED315EFE77,22D8FAF04328BAF5
4075,627,594EE89DD2AAD94E,466860083E809A1D
4076,628,32CA67D5EADA4335,6D639B63A26C7371
4091,629,7117D0714AC75BB5,6F9DB17E81C4C485
4099,630,ECC83B5C2FF90792,31C78C392D454A98
4105,631,515CE043A1C8BE29,021F639019DD069C
4113,632,53B2443A9C725F30,3374B5E4C2D53BAA
4129,633,C0AB877CB59451BC,9244187F84BBB205
4131,634,C61FEE0DD3C62E77,128CA85C2CAFAB06
4138,635,C9310329B1DD54DA,4FEBF623A295275A
4140,636,95480576F9B362DA,DB4A7B5CE0EEFEF4
4144,637,5768D2F3BBCCCA06,28F54321E1843E1A
4145,638,7500C302D7683AC5,6B873CDB1481A9CF
4146,639,706BB41B73DACAD7,E8864395008A21DB
4148,640,D1641501D3B18129,C9F8AF2D5BB1BEFB
4163,641,0C9BA7E979C2E559,49B31DEAF244186B
4165,642,EF6D21511779D060,111A0FFBB3B633B6
4166,643,3653F8B0EE5CF8C2,966403B37A313BB5
4169,644,628774CD666B2FAA,74CC8000433BC0F8
4173,645,56453E88CB596CA0,7E681E4C76E73CDF
4177,646,39CC2CCA245D5501,A88972D8DC722A63
4179,647,B31158E4A2DA7BC9,22B29FC76C7EC4FD
4200,648,4EFAFEE8CE710698,A5161E800C44113F
4202,649,92BFFF95224AD23E,AF17986684114B7A
4203,650,F42A11EEDE5CCC61,9FAEC4AD1DE99444
4209,651,B766EB8E41FE44BE,7C5954D3D74C8F4E
4213,652,D935545AA2077E7A,2B5F602552BA31E4
4221,653,C292EF5D59FDC731,A4BE1CCB56C8C689
4223,654,AADB51DB6A362347,CEE64CFDE92E8154
4224,655,6ED63767674E5687,38FD0111ADBFCA85
4225,656,B716B8A9E3E2E2F0,0D0F711CBB6E6906
4226,657,93E993406EA5D328,F9B3784408B169C8
4234,658,F8F823523395CE74,5227EBA523454A23
4241,659,5BC8957FB87A6580,D3B3220CED61CBA7
4257,660,F5CEE838BD34588B,DB646E476776A287
4267,661,F632AD4ECE506C83,36A2920AE4D77D92
4268,662,D39D14F90C568CB5,7F2EB952AA7050D3
4277,663,99955FDD8D89F7F7,69EFF511A4E006DC
4308,664,B9550C1C59A8D639,9CF699F800B1DE6B
4315,665,824332201427ACC4,96693DE3BFE8D08B
4323,666,0503D1C3AFA2CE6A,7A1167B3D4570878
4361,667,F093DDBF02275282,D604E7057178B311
4363,668,8F1361E9011086EB,C12187A30E3B5274
4376,669,6162A4C750F0F170,422F7ADC29B7C831
4378,670,79D13ECB13F3D052,736C480AF01D3A99
4380,671,25ED945B87C01C52,6257EA09C166453E
4384,672,D0AB36398A69FE33,42E1AB7DD08C1345
4403,673,22DFDE185F6EED92,E79213418943C535
4404,674,0C4E06E39A393AB0,C627E2F6C0253A8F
4408,675,9F12961D134BFA08,DC1B7F5F1214AE8B
4410,676,F10566858C792E0F,8B4AFE82494CE15B
4412,677,624D34EB02EE9BC6,07426EFBE81BD487
4413,678,51733142637DCE1F,B525BDBA2D1A258D
4415,679,C40E3D93049F1C12,2B057530D7F9D7C1
4420,680,595355E9AA02A7AB,DCBF2A06116769D0
4427,681,4351665D935400DF,F2D552F44668829D
4428,682,8725AB059EB11D26,DC133859ED01BDDA
4429,683,5ABD83E92C141A99,D45CBCFE965EA368
4430,684,9E55AE5D58811494,A9B242F4D656C774
4434,685,ABF7FD2FB628CBFA,69932A1661F6C59F
4438,686,8F3CFBB1ED23608D,925D5775019DD1E9
4440,687,650C1164C7DFF345,78BB52F6596F10F9
4443,688,FB8D07FEDCE56FEE,408001E530EBFE56
4444,689,BD1FCF4F3C603519,0D3F3E691FD2A5FB
4446,690,01167C3691856E2C,418DE5BCC3DEC66F
4450,691,6E60062A34AE3FD2,8D092D29495F7F7E
4451,692,4DA6065D97AAD26B,202FE5EC465B4020
4458,693,BD8ED69C6BFE217F,98C2E2D3F63A2A83
4465,694,A718EAD0D7704A30,4544CE399D479D8F
4468,695,C0C1D378B2D82A29,94A508E2157099F8
4473,696,BD11393D3F75046D,CCFC03512D2DB1B7
4476,697,640D03DEE134919F,24243C37CCBEA23E
4478,698,CAE9E4115CD19151,9C8B0F8EF9427C62
4482,699,1BEA5BD927427B42,5BC1DE581091A237
4489,700,EE8E0FEB074A474D,EC007F7E9F9381E5
4491,701,1501D0544E5B1381,114591559AED2BF4
4497,702,F411E01D8F89ECC9,2DB9347F5DDCF038
4508,703,CE1E3D6844E41541,726FC02A77CDA74C
4524,704,75AA75A565B145B8,8A44881E38AB647E
4526,705,EB2E54E8EAB56178,CDAE057AAEBFB14C
4544,706,5DF866B0E1CC6D00,AE830DAC67A04A12
4548,707,D32EF7BB28EACC51,0B7C4DB07522E446
4559,708,FE3B44C7DBC3FEE6,43E6137AD1F1F3E4
4564,709,2853EB29C2D78FC9,736329CF62122303
4565,710,67ABD3BAA707BDA8,0ABD7066D5B5E30E
4570,711,86E71057AF168CED,12E0C2AAB46DAA0B
4584,712,98AC60304E3F9087,F3DCE2815FAF74E4
4592,713,42FCB1176401F2A0,21BD0DF124EBCB14
4601,714,C8F65754E12BE4D0,9FBB111EEF698856
4603,715,08044FBFB092CE69,A524C9E23D1DCAF0
4608,716,DAF06276DBDEBCA6,9DBF75F3844E47C8
4612,717,2AA455AFF5643824,1D8A3160AE116D64
4616,718,49F66939932A3EB9,273FE6B001E0395A
4620,719,0ECB05F9F0A4591E,77B5692A8571ACF3
4623,720,E5114DAE419C384D,C8A1669784EA4500
4636,721,96137D7B3FD07175,450579E010044DB4
4641,722,ABDB0CDAB7A4A08A,CF828C821EE3D73F
4649,723,4E099DD92A449B63,D46DB92F901320A3
4653,724,631494C12FC193C6,7A0E00C6D26FF840
4660,725,B94A5BC09F2D5490,56D26C75702F3711
4669,726,F005BE2FD26A9A45,B9F629815AFB44C6
4677,727,92EDE9ECE3F8C6F0,5FB05FDD5ADF57FB
4683,728,C73F73D876D83E6B,D8206F19B666D9CC
4687,729,3BFA792030644D69,56776AF9E1A2DF9E
4693,730,A8D6A558D7E9E9E3,D796973029598CA6
4696,731,54991C205894CB40,765099286300371B
4702,732,A47A2E3FFE0BAC54,E436894F4A131FCD
4709,733,964B320094BFE20C,7A701C5239603B04
4716,734,7914CA5987ABCB00,149791ACE65492E6
4741,735,D2506D57C06F4B69,02D92F6DCF1CD76A
4745,736,3DD2C87B86651F00,C34765EBBD9BF023
4752,737,009513E631302CE4,962E1F354471ECDD
4755,738,86208F9859C12EE7,59F45EC473D547A0
4756,739,F4498B2AB8090C61,32E1F3CE1A8B4FA1
4776,740,2FFEA581B84D0AA6,213507C7DBDCB538
4782,741,4260812C93DAD848,FB3B96AC8C34DD92
4793,742,7859777E29B86791,8A322EDC3CA16858
4799,743,0D0A7240F6483A4F,FC6B13DB2DA7A627
4816,744,116400809211A672,63CE44520B8C0E5B
4833,745,475C3E05F342E927,D4CB39C2D6103384
4840,746,C623CDF51CFE3574,18ED0EF5A9DE9AE5
4842,747,B5D48AF2EE432F76,208E514D6ACCDFF3
4846,748,50E184F7D135E50B,05B88EDC65D6ECAE
4848,749,BF3A5DD361EAA39E,02DFB00D8FB01F55
4849,750,9D64C7E9BBB3AF33,CB8A60835053AC38
4855,751,9D84E33C532E14AB,6720B14B0EDFF0F0
4857,752,19A1A809F6497F9E,A42CD845C71A39BF
4861,753,0079025AFE5814B2,72ED73FA59CE72B1
4866,754,AFBCD75359DE2C1A,4EDBE266DF0E8BD7
4869,755,FB6C39E3D80A7EDD,44F09A5942F13716
4880,756,914CB60FC15552E6,465D097574203DEA
4886,757,111CFEB68C1DCD23,C17732F6CD6970C8
4887,758,141A75D3C31BAD69,BFA9F2BCAF98E23D
4894,759,1CE59BFC0427F311,04E8529F114CDC77
4905,760,FECAAF5E59858AC9,1E28D2A03717506E
4922,761,085689895D034106,F6EE27FAA2617753
4928,762,1EE987F60C04EC20,81452DD844B1A9EB
4933,763,4378A30929E020CD,02E3CD6C0865F157
4936,764,3F44F3D4B9A8E7DD,FA5FA2A19B0206A2
4937,765,C3F75400A153CCDF,B5A379B3DCD4890B
4944,766,0E0535B2EA6D8DBF,F6ABBE41A8A50259
4946,767,AF9C1B2E500BECCC,8BECB7FE27CE0D1B
4950,768,89249075F7A229A2,5EAAFACDDD241BEF
4954,769,436F15F20E049873,1590AB148C48B5AE
4958,770,0650E95378BAE5AB,1863B101FFEFBBF0
4959,771,3336ADE7AAE4F38B,8115146172A8236E
4961,772,76F0647F502C4983,615BB32B13EC95C3
4964,773,B3051D63C47D366C,88E898FAD05BED4A
4965,774,3C770787330DA198,2CD8C471566F8599
4971,775,A2E47FE6A57F8E45,7F99C83FBDAC3C3B
4973,776,92C581A987639A2E,A8302C9D85019B29
4994,777,402BAE1DAAAE7E99,BB2103C2FF52A091
5005,778,EE86675639DBC2B7,60F5E329F6396367
5011,779,505A8945A7806968,AAE249B227F506CD
5012,780,8544694C2DFFEA52,146214DFA57E2425
5021,781,46632FFADB0F2EDF,F85E5893F49FE0E8
5022,782,156A028D3A027783,E500F7A1DA9757A3
5026,783,013C3F1CA14447B7,92DA2D275E7CABBA
5029,784,3693EB8815E4AEA3,7B318AAE06484AAE
5035,785,031268E46B8266AC,15E6D079855E2FDE
5050,786,7F0BEEEA87413BE7,F81D2C7737A02FA4
5054,787,0868059B11D01981,B34B566EAC779E9F
5058,788,ADC0DABEF064BE1F,3D9CB5F8A49F26B6
5068,789,4A5CCC5FD82720C9,8F429732535971DD
5073,790,5C3995EBC1E4EBE7,4BFB022B8C9BBDB0
5085,791,A3EEA774ABEC7416,DCE5FC47FCFA4257
5087,792,A6FA969CFA97EC67,C2CEAA7AF6343296
5093,793,206681EA823E8856,93E6D2DE052176CF
5101,794,F00636B928899F39,2742152834FCEC8C
5105,795,D9CF0F3DC817F5AF,F1ED82C8EB1B4F51
5118,796,598A5FD82229A09C,9AFB74AD7ED262E1
5126,797,E756CE959F231538,3942392B0FE3A3B1
5127,798,70B75BFBB0C6B598,E30C210526A001C2
5135,799,802660A95D07B196,2B9628238601F9EE
5139,800,BFA6797EC9D0CCC4,D0FFE9AF5BB32549
5140,801,7AF65555F0CE4D5A,8BCCF01645971D21
5143,802,05E569721C52A089,92DC450532192ABF
5160,803,353259F6E4327603,312376EB244D3955
5162,804,F655464BFE51CBA7,6947B942DA664AB2
5164,805,15529DA263023087,FDDA3A179E60F904
5165,806,A1A05F7504DD5FD3,A06CED54E2304C2B
5179,807,028879B7AA0188F6,54F888461848FF0B
5186,808,715368A50D45AA17,E344304C3271DF59
5187,809,EE8F84ADCEF36220,C3EDED77EA593FDC
5199,810,442C7692FADD6C94,36CB251EB577D1F8
5213,811,FC4E54BEF763A1A5,C6C7AD5792A28A4D
5221,812,E5FE80E6572F91EA,AC0977ACB90A0BE1
5223,813,FACC46CFBB3DF574,D445026F52BB6405
5225,814,0A3B2103F5B4C044,A0C6F3B18332D2CA
5233,815,0C95F304307AC6BA,C4C3737CD135B89A
5234,816,D77363B7C4614BA5,6472088D25D76728
5236,817,E3EE97220A1AE6A5,48D42CF0DF1185D2
5237,818,912173E3946E8280,F216D878B272AD0C
5244,819,CB29023D42EB3EDC,06990D8B3E2EE1B0
5248,820,1A7E9818A30D7949,35A50FF54F9D8940
5258,821,0364961BCEE168A6,0D6FE80BEE870170
5277,822,12FC510B0EB14E5F,896FA00929D5F021
5285,823,0CADCD5B03A2E0FE,5C7D9F0A09456B8B
5286,824,24D2F9D867027934,C54FA8409E3C7A67
5292,825,2EB9846042C3A8BC,623717F529761B10
5300,826,A6B6CC4BAB8CDA2B,DA1D1855C0FD16D9
5311,827,A5AD1CFA3C790DC5,C82FC762F1BCCAA9
5312,828,72F704F309EAD8B3,4F2B76556939A397
5314,829,E1268FDDE4CCB699,630821DD9F95A27D
5317,830,61E2C2DA0A272107,D3D970C5479F37B5
5319,831,0A739EB8D956DA9A,DF1AE2A0407CC4AB
5331,832,C822ED8A0E953D25,6CB15AE86716902B
5332,833,E978423B34A984DB,6EB89582997C4B37
5336,834,C0A01694681B48A8,41A7B8D6A49B4358
5342,835,E161E8815BB51EDF,058F1CE20D442CAD
5344,836,5B4DD8A25688D72F,E04141A48352606C
5345,837,1F8ED33ABA887748,AD794562F4D0DDA7
5348,838,0CAF5418A710D3E1,E161AD6CE16BE64B
5354,839,9965087BFA5160E1,33F7AC347291ECB7
5363,840,FEDEB501A4034729,54FB8C870AD48CDF
5367,841,A18853B464705C4C,F80ACB29BF07FB39
5370,842,10043442199DA8E1,C8B45E1D6FC3050C
5374,843,730E15B192605C2F,225F3F5345D6A1DF
5375,844,789150EE870756EB,DE3CB70E5108E5D2
5381,845,12712C4A42C420DA,9789AB3FC9342368
5382,846,E0B3C371308F69E1,3E5138C35D3D0248
5383,847,252911EB5B392BA0,9F8E61984474FF19
5404,848,7A19F0B192F40D0C,1F2249FFDF967F1F
5409,849,36C1B821BFF12230,5B8CCA6347774767
5412,850,A175F26ACA9E20D9,AF660B6B4E1B185D
5421,851,341F91FFD9241DC1,EAF3D8EB68AA2EDB
5434,852,63C3F03067645E3A,6B86E94686186E73
5438,853,89DE3FE2C3732E47,CA5F2888736779EC
5439,854,2A65A411412C39E7,69F289E1CEC02F20
5445,855,90AAF60CD4F490B0,D4A54F5417074B5D
5448,856,E04A3FEBE014240E,0B9C5C756112F68C
5450,857,5B9DEC138002474D,E7477447A4E80D97
5453,858,69D1996C796776A6,AC5207D5F86E9A13
5455,859,2086649264BEAF19,3E26C9ADFAC6F220
5459,860,DFC63FCB732C205E,D2AAAE9642CAB08E
5460,861,87588FEE2F09B769,A68500BA84EA268C
5463,862,B6312C58606FE684,913AEDCA4D7F2AC9
5465,863,E75C60F844FC1C54,11E2DCD915CF63F7
5470,864,6AD95620E7F791BF,703C78ABF92D393A
5477,865,40962F0E4F401C4E,70AAE745B5B756B9
5479,866,62C6C99ADA37B426,BB2E592A11C32A34
5480,867,8B0F6D5139E896C1,9218B8C3C321FD7C
5481,868,B577E1204D10C824,99ADE698D8E1068A
5482,869,B2348B5A66ADAECF,83EDFAACD79D155D
5483,870,63799A6D76D6F6E2,4A5C497752F94ADE
5491,871,C2DA1916A2D8DD0A,21478728C0DD852C
5494,872,E0566C0F73E1E425,B34EB6103682B329
5495,873,4A0174E82C2738E4,9B6C030A43325F71
5499,874,D7B249A901CCC3EE,48CF26AAEFCB834A
5502,875,04E215835FF22B7C,729D9EE048761E92
5512,876,615775EA7A0EBB67,376E471C58A65030
5516,877,F5AEFA569DF9D384,DC126A184264C6AB
5520,878,F0BA04D8EC6E27CC,87C2167B198E602A
5526,879,3D7192C1EC8581D4,9B237A8BEBF514AD
5540,880,AC6F50AF41E52A3F,2BDAACA1E0E27003
5541,881,6C4437FA287CA25F,B22C1302084B050B
5558,882,34947865AACA8CD0,75F6F47BCE021ACB
5561,883,B4755F17B92C4895,3FDE841071115E3F
5562,884,A7DA92A93D9630DD,E7C2E66F92F98028
5567,885,A770208F4CE12C43,50045975ED3A455D
5579,886,4E5F27DA8325CB96,3BA77EBAAA40D631
5589,887,28134C1DDB16D62F,C8AFB02EEED53905
5600,888,B7DDB6FC9DB95130,F504F3FB95E80658
5608,889,6844D57E64F8E298,E37D44A574A18A80
5609,890,FE7BACB069DEBD57,863076542DC1C086
5616,891,CB502D1CB85253E4,275B22C25FEC6C62
5619,892,E04E7561AA3F8D4B,FA5FC8522570B0DB
5625,893,D925F54CC7BA6637,68D6EE9CE28559DA
5629,894,50A1D4777EF7F609,194AC3353685A67B
5633,895,A3B55A24D4CEF5A3,B784E1A042FAD3EF
5634,896,74D40EA6C62701CC,9D3561E4E2ED72F9
5635,897,01A5BF2E76CE1BC2,864CCAA3A4C4650A
5639,898,6299A61BB05B335C,081CEA9E34CEC3FE
5644,899,95EC83E7562E953D,517FA301ABE670B6
5645,900,694D2ADFEE8B0BDE,FD3962CD1D681BD1
5651,901,3CE37A8A16699481,B03907EFC3CF08C4
5652,902,9FFCF21F3E04A782,2F556859C8207889
5655,903,F5F1C59D0F0007E1,CD0AC39781ED215D
5662,904,12EB581827295DD2,B4060743F828908D
5678,905,56C6E4E2A86B9A2C,5B56C4C581C40A35
5683,906,E06ABFE4C1C718BA,AF5E65B320F788E5
5689,907,7747641F40078EC8,740E9E33631DAE1A
5693,908,F40ADC6D419DB6B3,6565FCA55C9800BC
5697,909,87B6D61205A7CE59,708D6395DC426563
5704,910,84A9F57FD8932895,9E6EB08808F5750E
5717,911,9CE92A2BA900B664,A4E0A8EC901CCEE2
5725,912,7931E362C0D674DA,A22A31C52FD2311A
5728,913,447F681D4AB824A8,11DA9BFBA96E10E9
5739,914,94449C92B8540D3F,13C6389A1F2A5423
5757,915,B8499DA783AD1F78,D080C0EADFCC854C
5770,916,ED38C67CBBE9A3DA,A97BC08F64F75AC7
5781,917,CB0151DF339176DA,43BBAB1F4481060E
5785,918,2E53C7C2A5409DA2,F69A5DDBABD6907C
5809,919,44405F8E2DAAE909,BB127121376F3405
5815,920,15F2D756257A8904,74FF9F7718AAA64B
5823,921,38BB7960D951846A,1ECFF9A9A88B2AAD
5824,922,9A7D4828FF570001,68BF45F8E20C7BD4
5829,923,8C8DF08A1CC43C47,D727A6F376D36241
5830,924,4F9E0E44B8CD81F9,4D93B5B6619E57EC
5836,925,366BDF1B80949227,880D5581EC019269
5842,926,29D9333DE92CBA7D,711039E6C0B6E5A8
5844,927,AA108356DEE63B8B,442E9AF664613D9A
5854,928,D630E8B6F2B9F946,E09127BB3CC8C7AE
5857,929,41EC8877EFE73098,54ECF5BEEFD4C6D2
5865,930,66F0C50AF9FE53FC,E59BFB717E5B248D
5875,931,549512E7BCF730A7,960BB08268BE6314
5887,932,FAE1E6DEE2C4849C,428EECEBF4DBABA2
5888,933,8D5BE93CFBBEDD19,135A33C24B754BA7
5890,934,79754308D1421BDD,974F46FC6EFBD54F
5893,935,3CFE80CDD0B98000,AE959D463DAF81C0
5906,936,CCC866083CC12173,BE7DAD5CC1F0B775
5907,937,23EEFF78F4C2DCDD,2435573FA0F1AC44
5910,938,AE011794A259AF49,4250500DE5E53042
5911,939,CC9DF4F5C5F8B0ED,37C07DF7274B0D71
5912,940,873F7D8A3CA2E48A,6AE7A864052B2094
5934,941,A8C61448B12EB174,F3FC36639033BE47
5935,942,3EC6A0527511AD97,EBFCD733992A281B
5941,943,D7F2FC4624626EBA,4C98DDE246E68738
5945,944,E419FD56EA49C9D6,E8B23EADCE17F0D5
5956,945,A6843C8963DA4D48,54D3D25A552B9857
5958,946,4AE047D405F9660E,18EA28755678EDDF
5962,947,9818C47AB478C37C,92F10CB57805ED18
5967,948,E9CDD7E52DAFA52D,795F40CE3C07FDB7
5972,949,F6249DDA4FC2B336,9CFAF3B8B16229E3
5981,950,D93B67CC33CB7124,A0B8F46EDF104CD1
5990,951,33B1C6AFF273D5B5,90E1225FA76A4782
6018,952,9103912D4E91109A,BC369D652625BFDB
6020,953,17FA8B21C03F7AB7,7E7889D30B22F9E4
6022,954,71519F196F6678E5,B22CFDCEA296584C
6030,955,FBBADDAFF967AAEE,636D0CE91EA1172D
6037,956,6C06C7FE109C88D2,BF2B90058F81871F
6044,957,42CEF6D2F7BF7D2B,6CFA0625744799E0
6046,958,5F488FCD6A70BD38,97233CF649EE4D60
6048,959,B7E9703B3E1CB941,9CDD86B60627F3DE
6050,960,D558AAE0012C976D,5BAC5DD600822B46
6054,961,E7FFBEFF067D53EA,F7C33E109CAB5E59
6057,962,68F71434521F1E3C,CAF167B13F65100E
6060,963,2068DA3377B21D5C,4715CC410D4562DF
6062,964,4441E695CC3C2FF5,C8EEE5FC509A7185
6064,965,02DFCF497D7074A5,8FE9B9EA4D957BB8
6067,966,CC74767A2EFA2DF5,189E191EDE69CF04
6070,967,B25DFCC83612A8AD,E4AFD54B7524F812
6073,968,A6608E799169B1F2,60B98C78BED26E06
6077,969,C0C1594D525E9D06,78BD59963A13D114
6081,970,9A94D84F508C6209,6152FAAC26173048
6089,971,493A3329688F558B,1308BC2D597C3DBE
6097,972,19C91341CFB7013A,FD0D798A29D978B4
6103,973,A77AA3612F6EA8D8,ABFB36A058442D7A
6150,974,7B293758ACB062D3,EF68FA3D94584521
6154,975,CB7CD6ACDE8D0902,ADEED5F54A40EAE3
6167,976,CBE5219D242C60AD,CECC3A21A9219AD7
6168,977,5D808D4B48881255,F130B7F6E4E0BE8F
6169,978,96AF4D54ACDD62E0,F899DFD7E1B8B273
6171,979,4C4BF860532B6B8B,557676A8DEE771AA
6184,980,6519ACB8A624593A,EA9AA4EA6B3C87A3
6186,981,86DCEFEB4DB04E9A,C7A2EDE3F3AC3B49
6194,982,61B2B3E77E18FBC6,F77DF677C4FAE4E5
6199,983,94A2069B013F30A2,9149CE3E64F701B1
6200,984,345467EBB844CF33,4572B998738613A7
6210,985,BC09A410E4AE7533,D711E1AFF132CE88
6213,986,E47D3E9DC856576E,A08B09D3CF9C2E1A
6221,987,E0ED21418D28C2C6,A51F0F6F27CACE66
6228,988,902E231E26012108,C29A092F343A7D21
6229,989,19258B4EFFF638AA,434E6EBD258E11C6
6236,990,64E3A751175F2B13,51F0B23AA3BD98A4
6241,991,19E68453D3829AA3,B0A67577D50C3DAB
6245,992,5D3DE652455ADDED,6105B0CA2BA107FA
6250,993,D3A23E2EEDCFD44D,80B05AACC58E83DC
6251,994,8D2C22444C8922F4,442861A4FBE3A0FB
6262,995,7DF878B6D5893FA2,4288BB200984BB83
6268,996,6400801C3AC5709A,1A6284A300FB9C55
6271,997,24BADFB42EE01DEB,5CAFD1BF2849D669
6272,998,211B763F044D41BB,B360463C2FCE11D7
6276,999,414E3C72CA8D05FA,A5AEB4BB31559B69
6290,1000,0495D95360601AC7,F350870BF6C14867
6299,1001,39F95CEE34F43EA4,29EEA102865A8FE1
6300,1002,F20AD6848CE29078,A4AE1625687C9536
6301,1003,87973055BAADAFEF,DCCB0D93B3EA9F30
6303,1004,A51D755D5F0C60F5,FB1D0918D64F7D59
6305,1005,220CC863F5EBE1CF,C9A8A9CDA0213D9C
6309,1006,4117A89CABD55211,AAC80AD4A8A0949C
6313,1007,AD0DB921F175D453,3B6EF735DEA48DCA
6314,1008,DFEE3E347ECBF379,9992F207742FFB24
6316,1009,011EEE6C07EBA7D6,239C442EA2070451
6329,1010,535CAD77641BB16F,CD1FD4E0B24900E3
6334,1011,0B4155CA5035D8F4,ACAD5ACF9B101830
6339,1012,2988294AC4413AF9,47C8BD968B673D24
6348,1013,D4757747131AAD39,8F05A6C1FC43AD8C
6357,1014,1B2AAEE98AF0215E,52E1538C46A4F976
6363,1015,68FCE6CF37368C84,003D0108EA28897A
6377,1016,4D8EA0D8C8D62B43,60E4DDBBDCE489C4
6380,1017,E4CFB1F60C522710,13045881BA9618FC
6384,1018,CAC5227920D4EBDF,79711E31ABF65602
6389,1019,BCE5DEDD193CF443,D58F114867C91B8B
6392,1020,0F4F113B6C945A39,B789D8548CD11A95
6404,1021,4D9A9C7D17C01241,CDEA828ED46E10D2
6405,1022,E123AA9994AF773A,E5700B2EC421D14D
6409,1023,F2FCACB895D6FFBF,B7FC7AB6358F5BA7
6410,1024,5234D534FE633DCE,01E06C2E1F16C2A5
6415,1025,37B7FD6A320C2D5E,4EBEA66DAC1028A3
6420,1026,BE7CD3D10E6043FB,00DC6D136803F29D
6421,1027,C91D18556AA222B6,EB66C5206DA37E21
6422,1028,C98C6FE15DA01200,5F0A62113373DEEF
6431,1029,C826864FC326BD30,25F373D3D932BA26
6433,1030,15EED2FB6A4089EC,853C22B4CBF2BB44
6445,1031,C1B3FC85D51FED82,A5774B7F7114BE17
6446,1032,B0660699190535E4,354B2E93D4A3CA21
6452,1033,DDEC053587C6B4B8,FD3768E1E9B6695D
6453,1034,6570737FE6FDC80A,83E83F68F19F01B7
6460,1035,29CE90BC8036FB08,C7CDE01A121B2CCE
6461,1036,17EFB2ECB2E9FB5E,8544A0494EE03100
6464,1037,CACBE9E18FE47631,3A98E18CB10CB617
6476,1038,A0D6DE45C1347E83,DA7FA0665DB19CE8
6478,1039,6E27967F441690ED,E44283AE8EBB9C6F
6479,1040,C3AE91410C57215A,D481B0D247329AAB
6480,1041,06DE3C408FC5C5D5,8FBCF4FE14BF1E1A
6494,1042,1E25659336EB2F1A,2C138B42D7C7A7C6
6498,1043,4C92966081B80F0C,95867A2240BA3980
6504,1044,240D5A7280A33189,162F0EB2A35E5696
6509,1045,DA8C815D976C7467,8DDDCA8D6FFED7F6
6517,1046,090EB380A1233ECC,A05FC8370CB580AE
6518,1047,742093EE049AEDE1,0F02C45652A49500
6520,1048,46A91E30CF2066E8,15F3B691C4FD4B94
6523,1049,A5D968980B9F4C87,09AC1E4084B59044
6527,1050,9842E4783100B01E,4F7D16BA2179A8FB
6528,1051,507563B9DBDAB7DD,9E90BDA12071B541
6538,1052,E4FEE3B34E2B3A58,6762B6F613C53A45
6542,1053,D96A6D5D0FB52D59,B147A2B87F6A6E7F
6551,1054,877EAC7AEBC59A3D,92FC1D3DC03D0DF8
6558,1055,D68CE7FDCDF3E7B9,11E1DCCEA7BDA50C
6561,1056,1163B6B7E14E1CB0,2A6983090B474038
6568,1057,60AC4B1DF1BAA58A,610FC0660ACCA463
6569,1058,E477C93B7A5B2788,0FFE1721F83DAA66
6572,1059,ED5437E84403CC31,63A2B442A7FE27C8
6573,1060,EF0E7F359F9D6962,D67BEA86141CCBD0
6575,1061,234B65518FCACC1C,D520716931C6291E
6582,1062,AE2E509A23A8CBEC,835FEB8D7A9B8920
6591,1063,642A9A35B7CB55F1,6C2FA09D332E960C
6592,1064,63977DC400218B4C,9609962BF14D6C90
6596,1065,F38B4877E75070AB,6316ECE7BE879C68
6600,1066,12709BBDA36AE220,BDDB52463787CA20
6603,1067,95C4B86BE6EC66CE,4E40A2B0B884E6F3
6613,1068,3D0110A580D3F5D2,0FBD6D689EE59791
6621,1069,8265E8B7AC23A590,452130D786518FB3
6628,1070,88F419AA568AD7BA,E594DEFF5F054DA3
6632,1071,E09ABD9A8D5E40AD,C36B3721552F8026
6639,1072,90561EC081C61C88,C097B616B6B12814
6641,1073,81D097F38096DD8F,293DBC59C2545E85
6648,1074,086C5D24AA09F393,5123B8120B4E7416
6652,1075,5AA7EF8EAB139198,52B67B26993180C0
6657,1076,7EB77B4C4C483C6D,5FFE80E6D2C4E02A
6658,1077,1DFEBF51C49BF189,79E4781F03E72BD3
6666,1078,70B5A316E894BB63,4E8E2FCC8F74B99C
6669,1079,000B1550C7BA9715,8AA237A30671423A
6680,1080,981980F9F8994F46,D0F7619DFA3F9C79
6683,1081,69EDC1139A402D05,42D4ABCFA2E6327B
6685,1082,94240DF87FBAF8C8,7C08CD979D1B1EA0
6693,1083,3426596733AB41C3,D84B236BBCC2E606
6695,1084,52FA531E31701B6F,B31281F2B2E62595
6708,1085,F151A31C7CE3B254,705F522EC51F4B9F
6711,1086,099F3F6DD71D8B89,DA09B6D8B9BC86AD
6712,1087,1A4CCFE7CABED717,424E036209D69203
6714,1088,6F68D1996F477B5E,D95DC292FAE4F43D
6715,1089,1A5430B04256D997,DF518A3FFDE6A159
6718,1090,853D81C7A09247DE,482B16A8EE523425
6738,1091,24D67A749805C56E,96155EBA7DFFF5A5
6754,1092,B85DE8BC5BEFB47F,3FED7D18AC771336
6760,1093,CABD02FC5188057F,308D643B5B27D2D4
6762,1094,92963DADB185AA81,4B9FCDA50F7E264C
6763,1095,8713257D766132D5,D137F5C9DB91A021
6765,1096,4EB692C384AFB29D,BBEF09073A503620
6775,1097,C5DAA92FD62DA50F,8D3A93398DFF1D76
6777,1098,F37CB90676EC9D9F,93AAAB20A71F4F0C
6778,1099,7BFF5E3A3B497638,C5823E5FCF9B40EC
6794,1100,85BA290157351348,28D0513600A072CE
6808,1101,B91C2DEEB8831684,9E7C9F2287E3C7AE
6829,1102,B2F4C324E2860A10,90F6CE56DF3B5503
6832,1103,F3E42F72D5B3C786,6735FB8ECC450843
6841,1104,167251B94328E7B2,B175AF54E7EB0073
6845,1105,A368BD7D3798BD35,558F500BB7A2398B
6846,1106,F9C47FEEFADBD383,E8A8F31663B942E6
6849,1107,5AE5E061BAC59818,F3388D160D93FD2B
6851,1108,E76516D43CC70A68,EA4177733571A8B6
6852,1109,871C93E95963DFCA,80EAC0B6E9B235B1
6853,1110,3487566A0E150F1D,6694D1047DDB7A74
6862,1111,9B1D30E286AD35E9,1C01630773480B0B
6872,1112,295CA660A985E46D,D04D48296D12CE02
6878,1113,225E1FB14C966C9A,D40F104A94064F10
6881,1114,33443C9B4C933096,8796C1E507A8A6DA
6886,1115,647B8AE2F25CB15C,9157E91D08A5C084
6897,1116,B711084A9222E09B,B38599D7D28F9044
6899,1117,F9DA77EA138ABA41,F52CB5B3859EB268
6903,1118,D7B9FFCBE0B75916,5A516172086C0895
6907,1119,99C82470DB1778F3,CB31381948161D5A
6916,1120,2F809C393D1991F2,BBD18FFB840C7420
6921,1121,FC7CEBB7399751CB,952346A86735141B
6930,1122,32681AFE24F953C3,0C292798CB0C32D9
6931,1123,11ED5DD3FA5A6FF9,8394693FC9E5F340
6939,1124,7214E8EFFAAB755F,C55C5F90884069BF
6949,1125,0B28740552C9CFD1,B08CDE63A664B57B
6950,1126,73814E9C8858210D,A7052216FA192D07
6958,1127,0F263FFA13E6761C,7003EE8A8D401E1D
6964,1128,4B65DE49866BDCBA,BE219B31059A1867
6966,1129,7D12B53715B885D8,D94F7AAF0C3E6C7D
6969,1130,CEC0D068E09BDE51,74CD37AC5156B113
6973,1131,93EA91175BE7A57B,8016D0A80D33A42C
6976,1132,8ABAD0EEA9F77144,B8343E9253DC6855
6978,1133,D0AA3C5E705D3E09,AE203F0CE1C1A998
6979,1134,51C610E764B1C1A6,FF8988B53E0F9D3E
6987,1135,D1AA66C7BE15F9F8,5E20C0013C879502
7001,1136,824729AEDA2151A5,A914EC15452C1DEB
7003,1137,6A3F3355775A27BA,F3A7E1EA016085A9
7006,1138,6E7587A7A5416430,7F735602D36CD1DB
7014,1139,B09F53E450BC37DA,B4307B537DA398EC
7019,1140,A3FC5D1C780D38EB,7D344ADCE6D178CC
7026,1141,ADEED1A7DB61A502,0832E857DD367D07
7028,1142,D7FA883284631AE9,E3436396892D42A7
7065,1143,DD2B71F9AF01CB22,B8BB73F8EB5CF265
7066,1144,57ACD6F7414AC1DB,E4A98D82739E04CD
7069,1145,0FEDA04612CEDEC3,E5E8F6056019232C
7072,1146,9F9D755553AFB886,69B032B4E879F632
7077,1147,7A0BFBC7AD3C7751,563A2D075BDC3B27
7089,1148,72B922F38E966268,80B2FFD5E89EC845
7094,1149,264F46141FE98047,338194FF8E09BF64
7097,1150,A67460B2C17C806F,022804A92F138C38
7099,1151,64BB5B4C5C078DDD,A45BA016A57DBEBA
7106,1152,249233A62735C321,6962E59421209070
7107,1153,F52E6E4D9E6AC210,3F725DF9B153159D
7119,1154,76BF1579C70CE21A,307CE04E8E4E09DD
7123,1155,139893FAD8B4D962,5BB8BB18BEDE7BB8
7129,1156,EFB5240C36E1DD21,BAEFA874721B9094
7137,1157,A4F7AF86BE94E697,94D22CB9B15A7E54
7139,1158,38697A815F917550,EBE81A5F3D5F6A1F
7142,1159,D1C007205C26ACE4,42F27E005B144A38
7149,1160,CE554F2C6BD4C718,82563C1CFEC8B939
7156,1161,DA1469FD34DD5123,D53B281666318B8A
7163,1162,8DB172B4D9EF2D6C,4D1C0BC0D972B82E
7182,1163,D1EE7A38E8E4496C,E740132723B710D4
7193,1164,C27A9CC11D476B7A,40F3C12E43ADE6FE
7206,1165,D7A6F9D6C499BBB7,64235B482F50CFB7
7214,1166,EB18D18F18CCD23A,D3C8D1BA099BDF80
7220,1167,7A0D4A14CF30F685,EABCEB9B8F1223B8
7227,1168,7CE00E6BF62FC7E1,660BAC4540D4C0DB
7231,1169,49BC03766AA7A320,6E5585F5100518EE
7232,1170,76681C9095412212,546E50373AADA532
7243,1171,903FFC16B9044704,989BE8990C181C16
7256,1172,623B2C1FA0804E19,C3E867E99C2B40D4
7257,1173,2004BF14D1ACE6F9,F179D98EF331F460
7266,1174,72AB2B05B810020D,B8715A8FBD4F2B8A
7278,1175,4B2F9E07B052F2B3,21FCA5123C8E8906
7280,1176,6D75250584049B3D,66A66684F941118A
7292,1177,101EB109E4D3FB66,09FD3AE0398828A8
7293,1178,9CBAAEB996BFE7C5,F22F3DE624F35332
7295,1179,005D4835D2035755,7E8FA4F6055EA7F0
7307,1180,8678FB77DB8578E4,98C63B3F15A18392
7308,1181,00DCCB1791C83AAF,CBF4C2B11B6F7C1E
7319,1182,5BD6E6912C138E8B,DB21D823C87308FE
7324,1183,0B2867A6418A8DA8,CC672C29D3501789
7329,1184,D41EA200D8E85072,8DD03F006BBB3F3B
7331,1185,E904A87CABFB6067,4D82CB5B22534C2C
7332,1186,F6D6E1D503A0AB6B,E636BCDC43B48C97
7349,1187,F4E8AE5B02CE86C2,114373D063F203AC
7378,1188,F24104FDB7FF6478,1FF06EF51339A7E7
7379,1189,336CF4EDB14608A8,132C2A8A1C878DC3
7387,1190,20427B4E5E08DCB4,8201A33D7D8AD428
7397,1191,485B2F59DEAB9B5B,7380FEC89AF2E9FB
7405,1192,F9C7328FD0AB82B9,79351DCCBD512E1B
7420,1193,30ED1F24880779B3,EABC891910F86FC4
7421,1194,51C512A62A358282,2A5E61BE4C5AB2E0
7437,1195,28EB3C1C31B8604B,F3F76B1A7F601729
7455,1196,B9944BB852DEEDE9,5D23C890C8A7929F
7458,1197,02F67786026EE6E4,68DDAB316460413A
7464,1198,DAD30AD88267DF30,54CA48EAEF48C706
7465,1199,3DA381C5F1FE96B0,2144115EF9E617C1
7489,1200,DCB1520116DC0E09,350EFCBBDADEAFF7
7498,1201,A53BAF47D43AF802,3E260E6369A0E0D9
7503,1202,424BF639964AF332,C69098198D21EF4F
7506,1203,868DB167AA9F82FF,12179BF74661E353
7508,1204,FCE707878595E70C,957ABB51953C9BDD
7512,1205,8FFBFEF6B1D65B37,7B97668148FA571B
7516,1206,2077BAA2C7148D89,DA9F7CDF25B8DA67
7520,1207,0DC8B86E4665E05F,A2A687651CAC5C86
7527,1208,0768A51505882CD7,971AEED42E6A881E
7539,1209,85C2AA933BEC1E94,04B3B46D4CB57DC6
7541,1210,6E9BDB2230356773,40D76232B66FA86D
7547,1211,2C7CCE689DA819C2,446545D11411A302
7548,1212,A1954613C9137982,B026BF07D75A11FB
7551,1213,69AA6996BB438D0E,6AB8DCFB82899A2F
7561,1214,68C976D4C7396CFF,28EDFCF67838D306
7564,1215,F94554D28E74EC89,3DFA0AB9A084E66D
7569,1216,6112B932ABC9071C,AF321D99D5D7CFC8
7574,1217,9D7A6F4FC40CD127,E3189CFB1EE2F060
7575,1218,72363BF6BE5A6581,79A586529F5ABA1D
7579,1219,07DADDC081F47A42,08F01056382FB693
7584,1220,CC6FA7C5D22B6E1A,E9ECBCC14BA20925
7586,1221,7FBF3C85F883E748,002BADE56A5AAAF3
7595,1222,08D3804376DFD7FB,F751FFD818A0B8AC
7596,1223,D21A1C728847A352,CC4A55E5A85BECA1
7603,1224,4556AA9B93900740,224C36C80FD7F6B9
7611,1225,81A65CB6455C42C1,9DA36AFAA14AB821
7613,1226,0BF34FE87921E65E,6AD20D651EFD1A44
7615,1227,E2E2807EF033DBB8,CCEED5C79D864D83
7616,1228,B7476C1BCEB46ADC,46D98C55E25B3980
7641,1229,E9FC01CDDCE16E55,E721DB5025249A38
7642,1230,CD8EC94529E6EB41,66C5EA247678A13F
7656,1231,D0CDDC39A29A4127,8D4D7C6A8225E02B
7674,1232,7A091551EA4BF1E3,B299E539BF22C9C2
7675,1233,3CE297727DF76761,351044CE1AA861F5
7685,1234,30FD315A820F86DA,2A1FF5A5F04B914E
7688,1235,016816152CE794B4,0DE2A75584A74C18
7701,1236,D478ADCECB385876,EA085339FFB03F6C
7705,1237,851C474206B3329A,DFAAA6F9E890D5DA
7715,1238,FF4E66EDBB531DD6,A077BA9B5B280BDF
7716,1239,F96957A2B998805D,45422FE0D07F442A
7718,1240,36CED0580B01BCA3,D755FA5BA737BBFE
7721,1241,3E13F26550B55387,4B1BECD811259BB1
7732,1242,412030D8E6AEA10E,810B46ED70C22522
7735,1243,C560B308D6551A7A,C0872C8215B0C805
7740,1244,4444992953727223,BDDC0C4661AC712B
7743,1245,88D463CB86445798,E1BB328C4B58D9B2
7748,1246,BFC453C4DEC76496,27D2DD9DEA26CF57
7751,1247,B3CA4B29DC950340,2E23D263F6416668
7758,1248,AFA7A04C7220431F,05D8D785B887993E
7759,1249,B62D373A40E0D9E5,0517A9BB7B0E6E5F
7762,1250,44393FF289A8C3BE,68B3FF00A079A644
7766,1251,B8EE1B998BA8BC39,D6E0E4B96008C4A5
7768,1252,691AC774FFCA66D6,3B167380C5003716
7771,1253,8F820DABD48E969F,42C295267F38F03A
7774,1254,6FD2E78A1FA27CE8,66C25CA4686C6EB5
7776,1255,C37EBF0E78F94EC0,DC9269715F3F677E
7780,1256,23A29003232180E2,894099B3E68E5CEC
7782,1257,D8E88827F8D13B71,45CE220AA79DCA95
7787,1258,11AE68C3E2AC49A7,76D4310C8F3662DE
7794,1259,364F7491B467C1E5,CAA201E5819DCCB5
7795,1260,1FDC97BE92D2CB69,F3C0382780D57FFF
7805,1261,149CF248E15F722E,4DFAE51C601D7304
7815,1262,0C50039C64413BBD,88229D7919FAACDE
7819,1263,FD5D9CDB55298FA9,CF583F147F8EBC99
7823,1264,D37166D2F399EA0C,EA8F7945EFA266D9
7825,1265,A3F05375490B4FFB,59F64B9224289933
7829,1266,3BE84BB7B59D4574,52FD45EE388DADE8
7834,1267,F9067C389C9BDE41,D56C030400119DE7
7850,1268,D063251DB415773C,2207DAAA48A3DE82
7854,1269,D37011C713FD26B6,B2272278E591FFF3
7874,1270,80BAFF7D849D7626,AF39BA7863DF46E9
7877,1271,2546B962B22E7645,53CE5F157635B67B
7889,1272,F6E1EABC56836727,A7B5911F8DEF1384
7890,1273,82007C949FE101C0,E288201FF51C4CE1
7898,1274,445FE53AE155AA1B,B304F880B42DDBA7
7902,1275,EF56F6251E7D3148,0A909A738ED6044E
7905,1276,DD852BF883E70D00,047844695FD0A0A8
7907,1277,6142F0DD788D367F,29FAAF2913A246D1
7912,1278,BD3BAD8D7DA1B599,D582B698386FAF8E
7917,1279,E2473E569DF6FD5F,ADA10B90075D2ECA
7924,1280,46918173CD1A3FE7,0D126F36CC3E8ACA
7934,1281,7941A129859CED83,8414BC61BF4A7172
7939,1282,22C4CE9FC88C6476,D62ACD4CFC8DA39D
7943,1283,75088490F696E65A,3A0BDC67DC1DE8E1
7948,1284,15D56040DB765DEB,98D0EEA1E025CF4F
7959,1285,73E8A53ECD951DA0,C026AE62CBCA9769
7965,1286,D79FAEC7952AFA65,E44D42E22C2D2C91
7975,1287,7001AD657C187C15,671488A67A9286BF
7977,1288,AA8F6524B427BCEF,9A033D8DF883A618
8000,1289,C0D4444D6A385A89,56D42ACC3C0ED6C2
8004,1290,26953D88EFB1A8DD,EDFE5135E7F4D1C5
8006,1291,733FFA8ABE7825C8,067EB4F7713CB190
8017,1292,A3164DF2E3532C98,4FA80FB5DC97FFA8
8019,1293,F68EDF0CA9A793C3,8261D24FC9BE46DB
8023,1294,DB8DE4FCB7B2528E,63D0069C2B2E206F
8024,1295,43DEE9DE3BC26C66,B34F030D05E2314A
8032,1296,1549ABD49A5AA583,D8DE00134BE6CA2F
8045,1297,BB89AE6E73A66CFE,0FB338B8F49CFDAF
8046,1298,D88A0B299F84BF5D,6F3C6CB19EEEC704
8051,1299,837D06124CAF0689,C48CD1D2BBCB8B10
8055,1300,83FDA14922783180,A07438265872FAAF
8070,1301,AF6B1132273478CE,AAAC66D20E4D7F28
8071,1302,5935AD990E9A0A14,060FE4B2E1BFFFC2
8075,1303,D1B434D45F01D3D5,B957EE18CD33C8F6
8094,1304,785D727E6FC3A70D,0F48CC0F21FFC81C
8108,1305,DF2AF8D77BBF6641,F1663F06161AB156
8130,1306,9B0B293F4CC3FCA3,8964ABEE653EAF46
8147,1307,14557A855BFDDD8A,B167A674C2C08982
8149,1308,4CB0B6E37DF5A58B,29433BF1970AAFEE
8152,1309,E35CE8E53312EFE2,4EB7DBC149E00277
8156,1310,3411233B6347C762,03CA8A5098F1C354
8161,1311,22EB37AB29B32280,4F4C6F971A2D8649
8164,1312,B34FD3878EA7E52C,30F2B9B96A79799D
8166,1313,795FFAA4CBCE2936,3C9C8157531E4C23
8175,1314,A964318486B8A07D,BF3E8CE2EFE70FBD
8176,1315,BCA63533F77EB690,016F4888A9EE8BC3
8217,1316,970437F5B1EAF783,AE91CB39329A1F5A
8221,1317,95A7150F6FCAA27E,BCAC92F447A1DE96
8227,1318,99E2E62123B10DC2,259D1B1FBDDA0026
8246,1319,0A2537224A2B10D1,0954ECF8CD7DCF69
8255,1320,E9F3EB1991EE78D1,520E185E582EBDF0
8256,1321,09CCCC06C370FD14,182CF6D1D4A335B2
8263,1322,D16D4A5AF8A53CA6,061F6EFC9D62BCF1
8267,1323,FFB41171102189C0,00A116A5A98E83F5
8270,1324,3691EA85E92F1EBD,BFB3EE801103EBE3
8271,1325,16964C3494EF9E77,A2E6824CBD6D2A9E
8272,1326,755B1608F270FAFF,67634C40F790DC56
8278,1327,C7F81A49B84F9EAE,102F8EA71739E361
8284,1328,824ED801D52D0F4E,2BBA662A16F381ED
8285,1329,71EED31365D29C4F,9EC9BB06E4DA64AA
8303,1330,7E20EC1A41F8F041,C1287177C0C8E12E
8305,1331,848FA3F0B8CAAE36,21C6661646DC2F89
8310,1332,41A55F1E208E6108,0B6EEE26F50400E3
8317,1333,C23A2148D67705CB,42EAFAEB79DBCF7E
8323,1334,76EAF0D6E3EA3F0C,E6341E0BA095FD40
8332,1335,525B1FD3F14105EC,2BAA17E30DCE1019
8334,1336,76C96D24FED4D37E,3ADF2D2D1C94EC04
8344,1337,C1ECB489B3FECF83,2381E0CA49F61829
8362,1338,1042745F137E0F15,94BC1C6049A20E8C
8390,1339,E7CF29F53DD56156,5A2049D9FB039C88
8397,1340,859AA3292712DA27,C3E766C22E3263BB
8406,1341,AFA569AF6BF94390,11A19BDE776EC9FF
8412,1342,C64BB9A87DEB3913,488B489538AE5277
8413,1343,9E17516570904778,5DEA2ED23766187D
8418,1344,3B58F540CFD08D62,3579BD1B562DA6E1
8419,1345,1A48C5EB7CA5F7CE,2A4D0D103C6157DC
8420,1346,71294C3B5D4DEE87,300FC99D0BBC438C
8430,1347,94561658B688ABB5,34875ED9CCFD9C29
8431,1348,4A2FF8EF9F58CD18,77E94EA050502021
8432,1349,86E7E1058524EE91,E5472D82169A4B09
8433,1350,33BC9C19AEA28986,08D8BBE1AA4C7DBE
8435,1351,0FE194C57C9B70EA,D522D1CF2B5EA3F0
8449,1352,BEEFF0068464B539,39464CE4AF38BEBA
8494,1353,B2255196E2A480AB,A6CF41752030ACB2
8514,1354,2EC6D98FD733CE0D,14375C21DECE4C62
8519,1355,FD0B389CBA987CD5,5F23E7A6193DAF20
8522,1356,232C8E81D895469C,C2C6EC8878D60D7A
8528,1357,6F6413C0D860004F,33D25A651F20812E
8529,1358,F14A507AB1D07799,10DE55B92B7E5DF6
8533,1359,C36F435541279BF5,A95D47DB33107115
8534,1360,EB4526FBDEAD65AB,C6815799AA9186CA
8537,1361,5295CF7858121C4C,33826BAA0506EB8A
8544,1362,B5555CCF5F32DECD,08640BE1AEE83554
8549,1363,E4F7B69745899CE4,C06C086AB1DF2FB0
8551,1364,57627E1D94D129D9,FDBE8B9878BAFCCA
8561,1365,8199DD44535C9259,BEA994D614121CAF
8564,1366,9BAC60440ACCFF9B,99431D4368E97BFE
8571,1367,A8C2092B59E3F45C,CB6C43BB868A3EB3
8576,1368,5CC9E2510BC02DC9,C240D197129AECE2
8588,1369,90DBAE2FFE5ED826,DC3106D0D24E035D
8590,1370,B70150704527FA10,0CB82F0F543ADD0E
8592,1371,423155412BDFCB72,738EB53AC3FFCCC4
8595,1372,9D5D6C14106C778D,5366EB9C416CECD1
8598,1373,88AAB5C6CF40E654,B0996985CE85BE20
8604,1374,B7F617DB1794175C,55A20319C6D74D19
8608,1375,D60F9AD7A5241DC0,562BBF4CD74E6676
8610,1376,DC504716A477E237,32C2C5C1C0A94333
8615,1377,41303A7149C5E23D,C1873FCF78F9C4CF
8616,1378,570BE69E4DA0989A,684C69EA1DFEE227
8623,1379,FDAA406FE1E852BE,B1E348CF02D5EB07
8626,1380,0B3CE568EAD845D4,2FA66062297BA74B
8639,1381,F5D7106FA8449741,2E045974731934FA
8642,1382,10C1E8D226C38A85,8C71B97B70A27294
8649,1383,0FE525D0F5C658E0,509421048EFA1095
8657,1384,A0F650B3FBEAD9A1,22C92D4AE5B08D4B
8676,1385,9A3BC0F493F65D75,F6B4EF5CA70DE16C
8681,1386,09277BB951EEE264,53C45C83F835DF44
8685,1387,C8515CAB8FE2217C,70C1499FE95C38D2
8688,1388,9E90B3CA7A419B85,602B666221C1E1B3
8694,1389,BF5BE6C9241DD681,A6FF6EB4A483DAA1
8708,1390,D84C8B1D954FA873,D0EB4BC1484029E3
8709,1391,6A27F5AA1F29C21C,F9BF4C5690CE742F
8727,1392,3C9DF7DFAEE92C23,E22C3D58572E6CDE
8730,1393,C25B852539D0BA50,92795F4B2789EE75
8732,1394,1A2437B1E6B2FB68,62DD2536EC244886
8753,1395,952C76E8E0982AD4,F75180C076E686A0
8770,1396,06866BE7CA48D38A,2D7FBB116399E8C4
8783,1397,E247D0A56E4CCE76,DFFD09A27B57BFCF
8785,1398,2C0261BC38419FD8,50317AD827C7BC55
8794,1399,2C78D554E6B380FE,34C1F996BE73432F
8806,1400,9A43314B740BF21E,786258C69AA95884
8813,1401,4C0B6B869E3467B1,34E785C914B13360
8814,1402,719C45A1E130DDB7,B74169D3FAAEADD0
8817,1403,99BE9A1105F4AE72,67604F85D912CE46
8823,1404,BFCB885C680A4122,490337A6D808A2E7
8828,1405,8DC995852328E786,0F54F1118FA0EFC4
8830,1406,564D6358B6324FB7,11A978EB6FF3B12B
8833,1407,86BECACAB8E50CDC,AE544E3079931090
8836,1408,D9EA3F0F7C0091C0,AF7AC790DBB9E035
8837,1409,D4698E00BEF0887B,40EDDE0B895510B2
8840,1410,B59CF29D4D649795,FC0AEC339A7EA617
8848,1411,07DCE82A7644A73C,A668B99CA8975626
8849,1412,80B05B2D2BAF4E40,A0FE877EBE27C4AA
8853,1413,B651AC9CD0606D90,DD38A51EC4C9C5E3
8864,1414,F10601B09A4C6DB2,D5CCDF640EBBCE70
8866,1415,F24B2F6C6836E457,C38AC66D6152C65F
8867,1416,ABC95EF5C9A40B22,5319735F4D7FCAF8
8870,1417,F7EE3CE7FA21FA8D,AB88C3BC87D4DFEA
8875,1418,F50F4E27E4E5649F,71B31A94FA416596
8878,1419,7E0D9C537A5F42FA,3922EA53A28DA048
8883,1420,17282C2F09743C92,7D9C91E666D3CDDE
8890,1421,A4580DCFAFDC9926,61985F1514519034
8891,1422,E0955D0D98E43558,201B28590305410A
8915,1423,A844C999440357A5,D898049137FED4BD
8922,1424,887C9CE87B1F9EB0,795B2BBC6B765797
8923,1425,51506599623C490D,5F137B9C209D4E3A
8925,1426,762FA276F13A61F3,75D3D1BBDBB2E7FD
8930,1427,F556766FAEDBFB4E,59E04A38FCC10B5C
8933,1428,F8D80E62F5E8A64B,A781DB5FA06B173C
8938,1429,DF639334C26DE723,2C29A3FC28DB9CA2
8940,1430,07910182D38E3089,8E19D1FEA284E171
8951,1431,3210EBD38B92C633,57C28CC87E414F36
8955,1432,81E678B5F2CEC4B5,FE199AEA8C3D0A94
8958,1433,52B3D1C704241A04,EF3E186F227F9919
8970,1434,B8B8319B352CC1F0,E39FBF66D6F6AF9C
8982,1435,3B0568FD4DB0C61E,C6BF53B7C51E3E28
8987,1436,B064EF1472955596,CF84C2F3E254EA24
8991,1437,F760F65ACE58E1DB,D0B67538CE557FA9
8998,1438,DAFE1DD8AFB6F29F,ECC97B8392B8B28E
8999,1439,05125852E56B600D,42EE74F516264160
9002,1440,5D798F8B4C2B7CD6,DE536A56A08E3761
9003,1441,ACF1390940C6A382,5FB253F1D94FA246
9008,1442,855D540AAF319905,F66B42807F38A540
9013,1443,D5F3E053AC4CFC71,FEFB7655CC11E1EF
9022,1444,DE63A6DBA32574F1,21A10E763964B7E8
9027,1445,D8F91EB7C6D527DA,1D7888348980C0AC
9034,1446,D83160AF7D22DDD8,152E22E40EA2979F
9035,1447,EDF674EEF65C13EF,EB1766E688F25882
9042,1448,D5203FCC72F85D8E,CC33FF9A161DE6AF
9049,1449,DC9658C92D309A0C,47BF6FE04B18E566
9051,1450,9EE8034DD235AA6F,D85CD4FB65172369
9052,1451,87C72AE974975DFF,588595C0F4869206
9065,1452,3C3CB211A72CA334,25E5DE11506A8404
9072,1453,252B149CB88E4C4C,34AD84DC7C0AC7CB
9073,1454,A221B8291B44D87D,0004CB1361312538
9076,1455,24B89DF8E4286237,6B46298813589E18
9079,1456,98B84054C84572BA,11845AB0491C49C5
9080,1457,91AF6E66D337C751,BCC6B0310CB64286
9081,1458,C3DB3C0AAF7DF96A,59030A321E60D8B8
9096,1459,7EDA3787F01B3A73,04727260FB8272B7
9097,1460,A3F412812E125D06,B3D4C7885592B49C
9104,1461,F76CCE8152CCD964,C3CE7BDFF7132C9F
9111,1462,9823E4991CA28865,3B570DC5B200A214
9124,1463,C6C066BB7F6DEB5B,B322CCC0F5C85B44
9127,1464,CE9917E8375902D5,D9060FAE821C2C50
9133,1465,FE8E4B7B04DECACF,3EEC4D2AD142AA98
9141,1466,98BE50BE28E6BC6C,7291F4D38AF71E8A
9148,1467,72FB039AF310872C,5A8E685D4AE9506D
9150,1468,A8A10E7B19BA9603,EB9FE07A6D1F7158
9152,1469,CD958B1B03851DE0,46BA929C38FD3BD2
9153,1470,CEDF013E0F25FF42,53F20797708151EB
9157,1471,144DE91C9B113698,D1B3248BAF1BABDE
9158,1472,159D300383C8743E,FBBD66867068FA4F
9159,1473,F41063E3D5E778AE,08C66AD52A9585C1
9160,1474,22F88404256573AB,84D3BEF4B9EC2730
9176,1475,9DE942DA10ED1221,A4F3213716186990
9186,1476,8A4B0C63A1188D0A,1503F23DB3C9A979
9190,1477,06796154053422E9,F90902BDCB453F44
9192,1478,4056E48279AFEF9B,1B366C30CA2E9BEC
9209,1479,B1E9A8887887963F,86596AD34669E1C8
9211,1480,7974C3D4C0B617FC,05EA8821646EDE8D
9214,1481,6B62E97B1E91F31E,EEABD36DDEA82569
9216,1482,7079A7491A1BB634,BA3A1C2CB083CAC8
9223,1483,9C1590622E06D3CE,DF319066FBE25B95
9225,1484,1358A00FADB1B026,64DECBCD883C9261
9234,1485,8E8AA54036A4C14E,316065D0787B9508
9246,1486,984FBD0DA7F7C00D,DF31D9CDACFB8A6B
9248,1487,B6C6871CAF3BA577,2CAA7F2DD8909396
9266,1488,21117164013DF37D,B44BE7B2DFCE81A2
9268,1489,042F8600E267EDA5,7EB3F174FB74944E
9273,1490,D9F40C995929642E,AA70F574FE73B7CB
9289,1491,CD4C5B48824BD83B,FB7DE57B3F0AD4A9
9293,1492,02293200AD877651,D4CCD84F6EBA2979
9296,1493,BC43CDCAF1407631,BC58F1754760D0C0
9301,1494,90C9F62E43CBE568,45DE4979427EEE6B
9303,1495,380D6ED7FA516B8B,F039A749782B98D4
9312,1496,C18E179496C79330,F962AD158D7DFF6A
9313,1497,3C69497D84030E05,94BC5CF86129EC12
9316,1498,F7BA5ADAA8BD38E0,CC53A0332718E688
9317,1499,4EEC99DC9CCFEC5F,DD667CDC04B726F7
9323,1500,20BDD6768E3DED31,E28D8F9F970CA025
9325,1501,4A83C9E92DECD87A,A57F556D7321F769
9336,1502,3E0E85753C3D89AC,EA877EF23EE4D1BD
9337,1503,C1169134CB6463FB,0E5CFA634AF9E5AB
9340,1504,5AAA8C8EF278D386,D96AACF076509787
9343,1505,515D2880F9547E52,A02D6F9FB967E4FA
9349,1506,E95991A6F9F55343,660DAEA293A0C726
9361,1507,087EC788B42A853E,E1B786AE8FE98275
9369,1508,F0CFE620CEDBD730,5BFA605FB31F57CA
9370,1509,AE47938B3A290D19,3399988DF4C7B47B
9374,1510,7FDBC2954623ABB9,BC488244EC845E3D
9376,1511,B8B355A6DCD42F99,937CD9245411FEBD
9379,1512,A2628F97BFC48AE9,EDDB8A96A93CD9DC
9385,1513,D4918F7F85AB69AF,91A8E2FC996D4348
9392,1514,CDCC8C9D1E790B5F,A28E8EFC97619C11
9393,1515,8AF301FDD41B099D,3A65DF8519078C4C
9407,1516,4836553252CF986D,7D5E7093FF10B233
9412,1517,FA2714AED920D042,DD54BF4BFB7EE7ED
9414,1518,CC9676287494CBD6,A8017B753B41BAF4
9419,1519,FBFA7D20CAB69F84,19930EC19F645E1F
9422,1520,62143800581DDB4B,7279F299B292B7B1
9449,1521,3A1664EC3F6F88EC,47AC16F2CF016C1D
9451,1522,744FBC1AF44BC496,AFEE10565F48726E
9453,1523,6DE5F71B93F5B969,C820CBC646A8248D
9460,1524,66C73A4498119A17,2B7900E26FA1E7F0
9465,1525,76C53DC02728B880,F5D5AAD004612949
9471,1526,327AFE68388F52F5,328B25AEFD04B3AE
9476,1527,63AB89B26766140F,5679B7485627DA3B
9477,1528,DEAD87DD7CAF6C0F,D70C9E7456FC31D1
9479,1529,4FFACAC97D505FB4,A6ED26497ED72847
9490,1530,E57F52FF2A8CE880,015D2496B431943E
9493,1531,B43F4FED8737BCA4,874F6465C0D76865
9495,1532,E3CE1CB6DBE32726,B25A5C7F80B791A9
9499,1533,90DB1EA0E2899B33,D295AF755941535C
9503,1534,D24EEB2682770428,C141219A5D77ACD3
9511,1535,16036E53566D1863,8B0E05A518952BCD
9529,1536,EE80B4D87B66896A,6EFECEF2AD1A2B52
9539,1537,5839C06341B13759,1DF415832AA284F2
9549,1538,EEC65C797D1FCDD6,88C13D33ED5D53B4
9572,1539,D472D942D456CE0D,31C47851E1F3EB04
9605,1540,52519293A87FC373,8539134FAC535C2E
9615,1541,4D0F9A7EC8F14928,075A22202FB4826B
9618,1542,D20444C4834822C9,663B23063C082B2A
9623,1543,B1B05A1974C7F023,F325BAC2C500FAEC
9624,1544,EF6BC1053949E471,B8E7B86302A3EC47
9628,1545,70ECAD8CFD6505AE,9D62AB63B56B94F0
9634,1546,3C885F727F29F82D,119C3578E5024B5B
9638,1547,9EB23123FEF9D6C7,9DC4279477A8A768
9657,1548,B9CF933F5CE8BCA0,2796FF680B54EC15
9662,1549,6D6FD9124CC61B52,52874C13A0E9AF45
9672,1550,0637E5315F2CF771,C9A074D57E2D56D9
9674,1551,2D5D4B1FA5798418,634484ED3F61D0BE
9675,1552,520EFCA1CE1EFDAC,5210A33CCE5A1A98
9679,1553,AE84F0A036F59D2E,4C092E50614DACB4
9681,1554,92DA5F4356D2CD62,190E0B8474BB8214
9693,1555,C1399E35D7A5C866,9D59CCE54D53EDC2
9695,1556,204EB6B76F1D4325,FEA9A6310F781AB8
9697,1557,756FEB0140A6602C,BF69283305B9B1FB
9724,1558,C9B1604ED4DABBC7,CE9D79DB4EBF0238
9734,1559,2928448B28FB3726,266B7527D00B6CDB
9736,1560,9D1BB84F5FE9DC09,E9076E62EB4BD9DE
9746,1561,910528053FA5070E,5123FE0892F8CF68
9748,1562,3D6A30B811FBB032,06AC1A80F31429EE
9761,1563,9B7C92599A823FE3,3B8962036532F2A0
9763,1564,4105DEB6FBE43DD1,550A021D7DC5BA82
9769,1565,244C53F8B7A96C93,9F32480A95DC77F9
9771,1566,4BCBBF9498F4EA23,D628FB36EB5D7975
9781,1567,A0B059D54CA69D01,5574495137F28E4A
9798,1568,FAFDF8EF5A5865AD,EB8C3122702470D2
9818,1569,D633606DF3EC4B58,4C572225BD1C315B
9822,1570,277E0156BB387572,AE1C693B31A51A34
9831,1571,962D2FD254B798CC,D54F3D1ECE4F3CF6
9839,1572,A4D5C45B9440B9E1,A3FFB2D0A755EC8F
9840,1573,6B70368736B4626E,D77802AB337C07EE
9844,1574,008709E444C2D4E6,138DD3FE9D54DE87
9856,1575,83D4B16FB1CBBCB5,2C15C9F79C0A67D7
9861,1576,BE0C2109A8726CFA,F5C125ACDE2BED29
9862,1577,F97CDCA5237462D4,5074543419E5F71E
9863,1578,BB4584136D70382C,8E18D8566D95505E
9873,1579,A652D737D8F5182C,D69279E79DA3D8F3
9878,1580,CE24E61CD37F71D9,4C790913E53C3934
9882,1581,7AD1A35E26C08B0B,713ACEB6D0534DB6
9883,1582,9614DC94DC5C91F1,796E790DFC6143AC
9887,1583,5A3B3AA4EF5CB47E,E8EF01C22331032A
9889,1584,FB82F46C0C52F10B,B2256B91D2002872
9896,1585,669C6036C941C785,55FE05E34A175064
9899,1586,310976F27B67DEAD,B59A871ABBFA28C4
9902,1587,01C80DF4F3FB740A,49CBAFACA1ED05BB
9906,1588,7718C3B67B2586BA,6CB38726370A41A6
9914,1589,5083D34B98FD2908,ABBB0793F3EA43F5
9925,1590,FB9F32F0C85ED6BC,3A2EDF73A5E63CE0
9938,1591,DBE3363EE49D2CC8,98D4FA543718D77E
9939,1592,3CA904A27E98F6BA,264170AA8D8D62FC
9943,1593,99BBD9FF9E712805,54DE118394913B7C
9955,1594,9464D63D55EDADC6,CB7BC4C731CE21B6
9964,1595,F97C5CE13820D03C,A9C29C7DAB8FEE80
9965,1596,2C6A6316CBC5540A,1BDE03A08AA406B9
9977,1597,3620C87BAC7B6061,B344EA6443F54DB0
9979,1598,70A133826DB7A0BE,EDA02250A91356A8
9982,1599,F4519172973AD8BE,32753FC5F0349D5F
9990,1600,AE7949E8DFC66DB3,24417E257EDB0E2A
10002,1601,941F1BE010B2CECA,71CDBFF70A27B2FB
10003,1602,8CA4343D601C4484,2B26496AF3C5BD92
10005,1603,CBD4870DABDFFBE7,62CFFCAB909836C5
10015,1604,F5FFDC4572E7C9F9,4C79EB9D1EE8AA9D
10023,1605,EF9C8B08B1F1129D,0BCD918C7B2EC9AF
10024,1606,16CA018A8A361FCB,FF1B7DA0F1350F6B
10039,1607,DC86133C18A235D0,30BB490EA7878C05
10043,1608,1ECDA51F0489E153,580609791DB536CD
10047,1609,479C6DAA15EB9322,83C7D8F213B7843C
10050,1610,94C5612D5A97D128,18F6B3E00CD6F9A6
10051,1611,92AD99EDB65B0276,2FFC6298DE2F91F8
10052,1612,23B9A34CC7E37125,E3CD24B2321D6438
10057,1613,9CA210F8D6684BE7,5C1D44093EAB977B
10067,1614,B30230F6793086F3,14EF8E71ACF5A37E
10072,1615,64812DDDAE4243CB,A6AFB2A0DB63DBE7
10073,1616,41FE66109E28BE98,1C893BEF9BE18A3C
10080,1617,F2D0139566AA81B7,B8D30FFA7B899CEC
10095,1618,253B5A7E7C3631A6,A6F4D13CE82870A4
10096,1619,CA5CF22331C5A966,D5C468B5A69BC730
10099,1620,342829B2B55BBD4A,FACF0B554DE9E810
10101,1621,E5D73A746939B3D3,A74890BED86547DC
10103,1622,E6A10FA198EE7F7E,EA0D5BC4502AD1A4
10104,1623,A6B53D57DA095754,87773C2BDC42A3E5
10111,1624,E3600E462E6F27B9,637F07C0216D4456
10114,1625,4851084C49856943,223A103A9D14B620
10116,1626,1D4E1857EA996923,CCF5C50201A4BB0E
10119,1627,7EE9E402753BA33D,2767534B0EEB322D
10133,1628,C0E7556875A1D74C,2939ECB8D9CED841
10137,1629,80EBE69343FFE410,F2CD5B56310D205A
10139,1630,8023648B8B29B8F7,29E005E469786DAE
10144,1631,B6C112BFF604DBE8,560E594FE15754BA
10147,1632,06186DD31C0172C1,A9C9B6BFC31301FE
10153,1633,D32E631150043E2C,301674C011054360
10162,1634,4EB8D95EA8D08ADB,7426D384B44D2F84
10166,1635,4FA8C62B2D8023BF,E67CB19E9F851ADA
10167,1636,825103C45837FA04,C266F83428ACE57B
10170,1637,83E5C6416E1CA9D1,EF280309B31174E7
10171,1638,710947230D7996AD,27C5A188A674E5E6
10178,1639,5E39D6F38C70CD99,2B9FB8132E41FA8A
10189,1640,A822780CD019CA7D,7B4F35EDB2278BEB
10197,1641,CD5950169CC27AF3,40794D947819CB1E
10201,1642,906F50852D9E5024,BB97D3768F450F45
10202,1643,CD38C3F8D5A56279,778117B2E306C0AA
10204,1644,566EEAA0BC44E05F,0D0D0184D203AE90
10217,1645,49332276B280056D,2BE57297F439DACC
10221,1646,67ADFD939B891B88,FB9A8220ACAD0196
10222,1647,5399DDFEBE9D4060,979BB1CF549DF84B
10230,1648,0D57324C2EF57291,ABDCF291A9AB2122
10233,1649,A116C53DA9FAC7A1,C07CB16169CDD971
10236,1650,9BFFFF86CC70CB5F,1DEECDE632AD3B8E
10238,1651,1BF116E07B20668E,387A7445FFE8DA3A
10239,1652,4657862E0A64BC44,0CBFA0ECF8EBC978
10247,1653,95D4E6904273DB86,D7C264E39DB0E20A
10251,1654,EBB7B1F6293D8D6B,A9FAD9214003E723
10257,1655,35BA5E7F69217E26,A151EA115B04B9DE
10264,1656,05CECAB8CA5C1F6F,693CFFD7649040B6
10266,1657,C9EDFD9313D706AD,6E4B2699A7CCB9E3
10267,1658,5851F501E61D85DF,6EFBBED1D7DCB68F
10268,1659,2A125CA904A0DA51,2EF102B3E011798D
10269,1660,4419EF8822738463,533F99B677C0BE8A
10275,1661,935F90F9A778919C,B79ACB0EB59C0348
10277,1662,F31ED800F0C2CB31,F15A5D4FD78E5352
10300,1663,B928ED28C55A3392,37FF7C85240AB893
10309,1664,F6B37B3B3123043D,8E6C8020DAC0D984
10310,1665,0D57D8294C049D78,C2FE19F2A35113B5
10314,1666,1680675AFFA6E392,2140DF31F1713FE7
10320,1667,5BEB76022106B982,495FA29E04C484E8
10339,1668,39158D1AD6D236E9,7B668EF710B86940
10341,1669,5DB6AA4B9A2066F5,A9D93F873ABAB5EC
10365,1670,08CC696CFC4F6DD4,3EA65DFB5A8DD04F
10382,1671,DC6230D303D9C6DB,8610BA94387B552A
10389,1672,8D6DD253B995EF92,98A544A2FC62250F
10390,1673,E354F7CC7868EA34,45EA9A20F371C593
10403,1674,696BC1A7A0B48685,BEE22DA9497CF089
10404,1675,EB623E4B8DA25612,9AC15A99F7536B2C
10413,1676,74071888BA97AD14,324ADA89AD23A674
10414,1677,9FD2A8E826DD6D96,D91BDFEE91B7CF6F
10422,1678,175C53576CA62E35,F8FC48A60F743A30
10434,1679,1BF211C12D646471,9C4322C2A6C635D4
10437,1680,9C089B96E402BFF8,ECFFAE2FC9FF3EC2
10439,1681,5F5F1649C7F24B72,86CE729113BA70D1
10450,1682,0B5B03B1A729DC33,74B5416367633CB9
10454,1683,D3A496BE50CCBF33,D26070F2BBDA2D66
10455,1684,D3810B8FC756E286,BDECAE8C2B897BB6
10472,1685,88F7E76261FC091E,DBF905E7D75B7D13
10474,1686,5B70EF79833F040E,C5C28A84BA285639
10480,1687,84A2FC395278E615,C83E2E9471928623
10482,1688,9A02870C3DA6C577,3F6CA89C64301D6E
10496,1689,DD581C71C3F4D28D,3FB23B440E6C070C
10531,1690,8D13004A092EDB5D,46DA3691D2599FA6
10536,1691,F5EF31A9FABF9BAA,1B0A9392281A4757
10548,1692,4171891B396CE1D1,2EC79E8D184EA460
10551,1693,2EDDAFF1B79EF259,B0EA7CE2517937A4
10568,1694,56D79CBEC82B7848,43CAAE7562475F8C
10569,1695,7DF96F116CA03D7B,0A3A53E5C7EDD631
10576,1696,CA716234A361BF36,303001D1CFB62CA9
10577,1697,89A9CB44728175FC,6927396B546B482E
10579,1698,143D8A365BAFB9AE,B0FCF8CC25CF3D66
10589,1699,3879D2526CCB8DA7,9EA282041EED94BE
10590,1700,C057C2C499C00977,05B518D40380E241
10595,1701,52746707D2021301,59C6A0C72C9F66BD
10602,1702,CF351E9FC0A4124F,302A3542BEEBCF90
10603,1703,A00F4EF1A62F05D5,FE043BFA823DA6C9
10604,1704,71B3682A9CF941E7,3A64FE4864F4E926
10606,1705,E4FC891B31C4BD18,FFCCF8E591835C80
10609,1706,6B411E9E5B8FA3B8,B9B6093053E78A5A
10620,1707,A8953968AD64578A,CA238590142764A5
10622,1708,8E4875B7E3927FCA,96E00D3BE0EBD1CF
10665,1709,4F16198EA4F92B39,E7E6EA864BE8B7D7
10674,1710,68E6B0E9FADFC802,E7EFF35C29EBC3DA
10676,1711,0BAF6C4C2D0309CC,7CEA78EF5BACB8DA
10679,1712,8B60A7972A6AB510,16139311D50A0754
10686,1713,95289A56BCB3EC26,F7797BB9BBCA9D1C
10688,1714,399911DC8B003E7F,10D0A380E0A8D258
10702,1715,F20D03E7AC8D509F,88A68D91C9CFE875
10706,1716,5E1DC1CDDA1E2016,64A8C8B5EA5E0024
10714,1717,9233A5E9AF4F7DB0,93BDF93C3CF54162
10718,1718,20B65E95854F60D1,F66F6345BBBDDAF6
10720,1719,580F999B2D023AD6,CDF7BBB482965F07
10729,1720,C10A5B0E5003BE8F,53929913B01853B3
10731,1721,F0A62F77017E510A,6BE788EFAA0734F2
10732,1722,0CBEB4F3B42920A0,755CC3D4DED75909
10745,1723,72EC2F97D734C691,FD3E8DCF7166DE04
10746,1724,49DAB61581C06FAC,824D07804E95BAA5
10747,1725,D186B9DCA3EDD7DC,6A28FC3EB7F58D5D
10752,1726,C125B66FA777DAC1,80967A9BED8C9DCD
10757,1727,4332C8F2ADA1B09B,E46EE83EF1D9C73B
10759,1728,41024308AB6DBCC1,5FB049DC1573FF49
10761,1729,F92768891F3B4923,E9DE68719E3767EE
10771,1730,5C74C7257CA3E936,A70728E230FB8C8C
10780,1731,5144B5159B166FAE,8D37C36132938EF3
10793,1732,1E18845F1450533B,89C5FAF85D2B78F3
10799,1733,E819F7053C69D2F1,39987556F76434AB
10809,1734,E6ED9095A435747A,20246B6A24BC4FCC
10813,1735,D6CAE0D6636A92C8,61CA286783AC8582
10832,1736,0B5CF4444472A22B,367CCDA7BA6AB871
10833,1737,C05146DAE183DB9A,8914B89E8086A592
10841,1738,29DE0FD479CC3A14,49D1AF7B18259462
10847,1739,A3B4DE07095D0C41,7C72FF498751D440
10870,1740,B49239B7042B19A6,FE0CEF87C9D9F316
10871,1741,8AA624AA0DA233AE,2039EA3CCE7F88A8
10874,1742,B3192F88737BE60A,A0F7470EC2622A8E
10898,1743,32050C917A20C1E5,181AD0835ABE8E7F
10903,1744,7317C3BD8974994B,4C5887710C6691AB
10905,1745,FB9B340E2CE3080D,72217664286A63F2
10913,1746,5760251F77FC8584,46A922E5F47FC3F3
10919,1747,425E4D93C26AF09F,E90EAD7ED45A33A1
10926,1748,84B29A00C7DD05DD,C0C02BDE22EE1017
10927,1749,B6FBC787C0A9C37C,C5466C1CE79110A8
10928,1750,8F15819B861A23BF,D5816E7515315E8B
10942,1751,359B875DA3EE8406,852940492E0A2A74
10943,1752,6EF60607023D3C9C,A6ECC2011A0183FA
10948,1753,6A36AB18E6A90CF9,923D9D9FB9FF1838
10950,1754,8114E5050BD75536,95ABDD9F616F9A24
10957,1755,B2ED9BE75B374F94,E5F5BD7CC92DFB62
10958,1756,6E80D3E8A292FCAF,AE0EF79FB61D413E
10962,1757,35D04FE3FEDA57FD,255AB4BA3C2D21E3
10978,1758,6EAECA113377DB08,967A237DEB0B694D
10979,1759,60B9F669350F5E9E,C7F123E42957D836
10982,1760,7F1880E42FF687C6,1D727083FF8E3E64
10992,1761,2565BB96C7D0A8E7,00E3F531DBBD76E2
10994,1762,9E062453E91350C5,AF9DB1E79BB7471D
11000,1763,7B16EF7D5C4A91FC,F315188BA4698A4D
11006,1764,567924B8CB54FBFF,E704D4DB4D26F682
11012,1765,3563C8DD3338A4B5,5B05FDC3C1E72DDD
11015,1766,AA5B01B9BAC43D8C,C582B811F75FC9C6
11017,1767,2A70B13204EE2F59,5B94FDB8D31E199A
11030,1768,48CA96C9683BDFAA,47E2881626366129
11031,1769,81547441B1F18A1B,602002BA39691ED9
11044,1770,F6B17BD039BC0F3B,CDAF45D7AE054823
11051,1771,C8A6297AF96CAB6D,C8A60E52EE807838
11060,1772,D128F61EC88EBB85,FDB6A26625CEA470
11071,1773,74C148E313E2647F,EF339823F4CFBEDB
11075,1774,106F3F62D5CA574E,825099F56878E93F
11090,1775,FAA2317694416017,6757601C64230B72
11098,1776,90568A2E332FC6E7,F41F6FF554753B5C
11103,1777,BE2D407757038728,C4D75931A85E7865
11107,1778,ED0E55B199EDDDB9,F515155D4E8E4E45
11109,1779,30B1D6C5D93A43F9,B102C3C178C50722
11113,1780,8A99AF48EC878EFA,C54988305F1A0014
11120,1781,63E72E4240CDB105,921971017B7DE098
11134,1782,48DC723BEE1A2A3C,D5E77B2B79ED3B68
11142,1783,1764C3A46E456712,911D587DDB1D41A7
11161,1784,BAAD640B15DD35F6,64422CBC7EBD57AB
11167,1785,10A562663AC8753A,60DB48EC0F197618
11176,1786,D925ED38BFDE4B1A,A7AEA612571DA4EF
11184,1787,77C85FFD9B838E39,EB01BBF54F04C7FF
11185,1788,3F88167BEE8BC42D,05D476A6EB11C0BD
11186,1789,451810544CB08CAE,506395F12E9CE61B
11193,1790,56AA633CE0AF5FC9,411B7B10BB2FD497
11197,1791,1C7C7C6FEF126FCA,3D7987B31782D141
11211,1792,E12F7C9020E5256D,AC7F3D41C6BE7FFE
11220,1793,4DDBCCB2D274F148,0A4B91872BDAB55F
11225,1794,B87CD831AF77CBF2,1CD22E6C44EDF4F0
11234,1795,271640A0D3440C1B,0D78C02DF7B5E5D4
11237,1796,0483E33176C77928,E21D8F32D0BD4123
11239,1797,C6D369D0C1271E05,101B752B78FFE958
11243,1798,6D8046724728272D,1DFAAE133ED94792
11246,1799,DA24317E2675F728,6FF0E84BA2F74892
11252,1800,B574B88EEED58BEF,F9F13CA55869C9C7
11254,1801,921569323B8F022D,5D5A80C0AB089720
11267,1802,75047D1A063B2B69,316A71110D20B348
11273,1803,4352D14CDD249E02,C848C7A2BD69BD1B
11277,1804,C0A8D6EF6994B8EF,2A5291267FD4784F
11285,1805,295B73BBC214027D,870B27AA1EFB9BEC
11287,1806,A48B84DC66E6601A,D180D476DEED543A
11288,1807,6CD0314B9D1FF680,0842185EC5FA0C86
11290,1808,2296C30B1FDD646F,5426E2EDF1121CED
11293,1809,6E3FDC860046582D,C2B922C6536225ED
11297,1810,6A102BFB4BA09EC8,B3C44602C6ED5C16
11299,1811,899D480A518C5A55,5FFB9203A8F9599F
11307,1812,F720688C0146E235,997D5EB657206328
11317,1813,A6CF3DAC2AFEED80,C041846DB0008022
11336,1814,E51E79AC445E0405,C4411A01B52C9C6D
11340,1815,CD730F3F088B20C6,CCE54F42BF8F34B5
11341,1816,5EB2110B46FF4BC8,8828B03BE9F913C5
11345,1817,D382EEE4AB9EEACC,A3EFEC22CEE2E6B1
11346,1818,E2A2B138A846B286,FC86B4925B6AADCD
11351,1819,AE6ECBE7E0D4FAFD,CB0A54FA0965F1F1
11352,1820,F3535313C22D99B4,40C754B4CE941055
11363,1821,3CFAEAA5A9D42250,B05238E1DCE7B1E9
11365,1822,C85BC422192636E6,DE3700D56347E150
11376,1823,E7EE8E17FABB2BC0,3F6A31819755D85C
11377,1824,A8E86B2210A16892,72B2E18C85367D7C
11388,1825,4A9D3C3B51CDE448,699811FEE4A7EA04
11392,1826,5F01B45D149A338F,18859FF2D1371CF1
11394,1827,8D983B578E368176,EDDB3283EA815174
11397,1828,4C5191294B48C075,8661F8385C5D907D
11399,1829,6376B4199CE1B043,3EBA5CCA0B892CB3
11400,1830,C163EC3DBB51D406,3B48AE3E0FDDBF45
11405,1831,7CD24227851C967B,26E08E684E051832
11407,1832,651EE162002AC0B6,E7A0AD7994DE5EE0
11421,1833,0E07116DCF48A760,82C64CEA673F7B4F
11422,1834,8E79D733A26068FB,253AD925FABC23B4
11426,1835,9B1526E073F0A5F7,FBACBF56BDECECF5
11436,1836,652003F1F8513414,DB532F97E906D34C
11439,1837,DD14F04AD47C8B72,6AE83CA800767C8A
11440,1838,CFC557AF3D10ADB9,405FF64D892404C3
11452,1839,6410C4DAD7946EB7,50A70C45A79E87AC
11455,1840,E59C73BB51FEFD71,7E4EDA1683A907FB
11465,1841,C32FC07CB0B048B3,23641B0388EDFFDC
11475,1842,0C2CF64DA752FF30,BDF26E7C646D6152
11476,1843,8597F12270EB6874,C4A3CE4D29ECAB66
11477,1844,F98FDB020004B5A7,1CCD01B7751AD5C3
11481,1845,F2CEE1860383C044,4F97C674647E065A
11488,1846,87500C2483335AF2,A6AE94874E744375
11496,1847,D54FD2F689BEB424,979745C83A8238BE
11511,1848,5A96D0AC8E784535,70F49206AE22BF4D
11513,1849,947ABAD3C12E101D,91D9CC79FA1328BF
11516,1850,CAACFFC5E5AB75F2,0C3CB2993EEF99CC
11522,1851,11F7F74EF35C4434,D8BEEBE1A60C901A
11524,1852,781C4C4DEC33AA8B,DFABCF25A0038D48
11525,1853,65224B2915C97F25,194148C8690F7710
11526,1854,E7254DFF8C4998AE,3F2FA343B2029894
11532,1855,B02C74155A3E2C75,592CE3AD0C87DA01
11533,1856,A2403BE0CAC894EE,92AC413D4EB08495
11540,1857,DAB1988C1D13D2E8,185E6DD416968433
11543,1858,5649C4C6E2624893,35CC78E384807E9F
11544,1859,11BC8E45E1C4AA14,B51CD0A12D367791
11557,1860,B72B53356460A8B1,748AA0996B9B461C
11558,1861,E55CEC219EA76DB6,47779362187B1911
11561,1862,0B7E9B792D35215D,4996C72571B5E8E4
11563,1863,4EC649FA32AA07C2,A75EF2BFFA7851DE
11565,1864,7BEA62F2F0B74197,FFC179E4439362A0
11569,1865,E2618F173F1C07AC,6A9E41B2ED1861F9
11570,1866,94F843F6CB528AEA,65A6B95A5AF173D4
11571,1867,8C287F191174356C,2FC489AC9758F43C
11576,1868,731959FE8E46EF3E,6344F52D9DA9B5EF
11577,1869,0D6762767C9EB788,336E0C1976B5030D
11587,1870,31FA8D2B123B2C4F,7BA28B54D59B6538
11594,1871,36AA7BCD1AE96BB3,0445171C8BF84588
11598,1872,8CBC9B4D0A9A0CEF,FF2BA09ACD694936
11600,1873,FBDC3C129A3F7C55,2BA073E77860CEA1
11607,1874,00B0D6BCE0DE2D8E,49A09560E69E9D1A
11614,1875,6377DEF02CB88FE8,A012BE835F7E3B1D
11620,1876,44D2100FABFE0257,2FA78BA4DDB0132D
11635,1877,522A6E2A3720058C,B9CB64C8E3E3D38C
11646,1878,34E918F694B00420,8772D97F941B2F2B
11648,1879,6A29A8B868F370E8,7E24BDDFFE482281
11654,1880,F782568A245693D9,E325680BD684D0D4
11655,1881,ECF8F7AD058804D8,62570A62C252084E
11661,1882,33A5A0924EC02C51,BBC63E0B1915062B
11663,1883,AB071203A2D56917,32A84ABCB7A02E7F
11664,1884,A717025B678219F1,CE763914B7E9DCCB
11666,1885,57A651CFC246040F,E0250B567B83B3A3
11668,1886,5BC8960A71E37227,847755603ACCF61A
11678,1887,1281A339257DBAE2,41F1991EE4C611AA
11687,1888,0151FE197421984F,AB6C96EC5CADE57F
11688,1889,A3899F63075C7809,20549084507215F6
11691,1890,71B88FEEA7D5F789,4C712A8FED630641
11701,1891,243F5076BEFEF100,28C94F98CE244ED5
11706,1892,F53A149ADC3F63AF,C7FA67BD139A8D97
11708,1893,236865ED93983A3C,8E3C983206DD0630
11712,1894,91C45D181F7CE372,F2D03ED9D0D41A9B
11713,1895,C67ABA01604A238C,EE094044ACF8588D
11718,1896,D38A4B6A82893B33,8DDFA3D6BF2A6071
11719,1897,123BBFE0CC6D67E5,29D3A680791B2613
11729,1898,353C56CE36CA7318,E704392B6B65497C
11742,1899,72D609BC7C84880B,A4D3ADDAF444EDB5
11745,1900,69982B2F376F6AE4,5ABDE5D06A915742
11746,1901,7CAF888AFDCC668C,AEB9A42E025C24F6
11749,1902,2EB39338F5B645E0,8511A10BE15C5F60
11764,1903,4484ED1AE60DC879,12464BD0CCDEF040
11765,1904,6B7CC8DAECF5C714,9510E936067869CA
11769,1905,6D98C0CC934CBB05,695976E37BA52279
11776,1906,35DE9FB687CD41DC,82E53116DD99D3D0
11782,1907,F52D0CFCD91597D7,E0FA74A897201505
11791,1908,DECB1FDB66D94C77,62ECA4698010B776
11801,1909,BCFC21C504ED930E,443E78ECB73F90C4
11806,1910,5420FEBAE88EBEC8,F66D2186486E62E1
11811,1911,FFCF48B80E2AB0B8,949620D781CCF8DD
11816,1912,5783F7F29F26B967,72FDD6EA59ECE4CE
11827,1913,C42A12F842A687B6,3071C1C6BE6D6DC1
11829,1914,0EF2C87A54133DDB,26BE50B1000FBD62
11830,1915,8C91E593BDE38123,304821F28CE974F4
11831,1916,30C69DFDBFF17749,B983F872BA7455D2
11837,1917,26CE2152CC68E9AA,700F5AD7D42D4401
11838,1918,8B387968FC61BA55,02911DB66A018B85
11840,1919,FA4DC53998826E06,E166DEE3FE06717C
11850,1920,ABA54F2B7171B28E,C88DD5C5D3C2ADDE
11853,1921,D44C38036BFDD0A4,5776BF64C2F14F5E
11856,1922,6DFA644FD95A740F,7DC1673102214CE3
11864,1923,BE85A353CF423E9B,3FE49A6484034E62
11869,1924,4B6C4B4D09FA416A,0C248F6234DBB2EA
11872,1925,655B64DF40B98412,F60AE147792E6CE8
11886,1926,87A802ABD9331B0D,506C36C5F3925C1A
11887,1927,D152ABBA81408E5D,E13C56108C7DFE86
11889,1928,4D60D6C24AABC201,5595F26A5B6AB29C
11891,1929,9C26C64B5A2BF6B6,E0E37BB211BF58A3
11898,1930,95A592F84775686E,1C09D594E200DCD5
11903,1931,A2D7516154D56144,D55BDBA5B71E81FD
11907,1932,CCD1F616B68E9866,1FA9B7C51CC8E28F
11927,1933,850202EE42924CF1,DF916590147B1396
11959,1934,CB1215EEF3A89680,1639F5A110CF8C09
11975,1935,B512F11240508211,E29D1C69B63BB48D
11977,1936,779BA48EB14E27BB,DE879FD6B5D2E8C4
11978,1937,5F58EC8047E04D03,6F8D3FD9AA60ED43
11980,1938,338F05D0E11B49A8,5BCE50665363E4B8
11997,1939,4299445BEAD2AAE1,9093FD034F9EA3B8
12001,1940,61DC989E5B8B2664,EF8893F9C2C25B73
12003,1941,86FA876840268320,72AB696B3A6F468F
12007,1942,F664C326207C70F7,FB3F1D0263C1013E
12010,1943,D778E8BE5668DFCD,0E31198C10195A99
12015,1944,470E9545F3B7101C,D7693E2E01550DCE
12026,1945,91ABA6B6C3269810,158809F7F1CBB8FD
12028,1946,A66E861DCC031A53,11A67210868EB551
12034,1947,413BB11FD8E51EFE,8C4398601AB644BC
12039,1948,BCFB44DBE55EE03A,871698F1AC4374AA
12063,1949,FDE5E6B5C7154E64,6FDE5F262A35BC4B
12065,1950,088C893C4E95CED5,DDE0BE60548B5AEC
12070,1951,7BCD3DE8654B4502,05CC0145B8D93847
12072,1952,4239A2710B8925DA,92E091E3CB7BA308
12073,1953,107B2646061F7466,E3A87754C456D5DD
12075,1954,AE4C09C6E725CA19,DC0E5BE8C636E72A
12078,1955,D277A28EF9D613DA,8847C72355C38A1A
12109,1956,F6C18963810F1A6A,7CBDB288F7899B60
12110,1957,786356DA1452EA7F,A4E939CBCAD0EEC5
12116,1958,3E588815562C133B,72BBF7BAB5DD83E2
12124,1959,A39843C8874FDC09,BABC0F5C7EEDB6F6
12126,1960,6FAEADA45524A66F,24863BE026DBAF29
12127,1961,03FC0AF840B1116B,864E15F501759EA9
12135,1962,21D078F5A0BED559,92DF637E976C582A
12138,1963,6DD86CB03E8B592C,FA3C6ED03FC3FD6B
12153,1964,34C0675C997968A2,C95B0F84137A5EA3
12154,1965,F3F4F46D6A57A1B2,4CCFAC52AAFEE985
12155,1966,C4EC841D7DD05CF6,C063667BB91ED07A
12160,1967,1D36B6483854BD90,76A75EB2D482D1EB
12177,1968,5C05E691501CAB71,395C85AAAA65F54E
12178,1969,7774B20C2BD3AAEE,BE3D2A88A929BB1B
12184,1970,39168E9A699B1E01,ACF5691BF0E83332
12185,1971,AA13797F7ED32149,2A5258F4AFBFDD81
12186,1972,421FE847BE2A73DF,7B0931CBFC7298BB
12188,1973,FE73544F750A1722,879B262FCA452858
12192,1974,FB1E568160142B44,26CE7CF2C34A6B71
12195,1975,E4A90BF564FEA370,42DDDBBAF8469BB2
12208,1976,CA81BF586D662740,296EDA83669CC764
12215,1977,45DA96DFFF18E49B,10C3141B29E88C34
12223,1978,B0BB2F9BF4977E72,14A54965F256ED1E
12225,1979,E5677B8247E2AD61,20186B5A1CE761B7
12228,1980,F2EF4C589DBBCD5F,F51B472094DFD366
12235,1981,0C4E17EC7A8685EB,8C05F960F266FD99
12239,1982,174956F9C7C97CB9,3BD61F75B0575EA0
12252,1983,2C540087CDB91502,E4362E66C2D1EEB5
12253,1984,7F7281BAEB935121,7426EED52E23EA89
12265,1985,8E4375BEA86548B4,93AE2BE31F8F3F4C
12267,1986,9D6FAB1F969635F0,4F1CA2AE31F70A4E
12268,1987,EB044735FE9709E1,5D636872D71B0F7D
12269,1988,8B9DFD4E9C9292F3,8723EA90DB0332E2
12274,1989,385ABF17DC6A1E57,3BC0BF3F2D52A3FA
12276,1990,93B06764DFC3BEDB,5925398779DE94EE
12278,1991,C737C7875262786D,9112252EF3985FE2
12279,1992,D667F88648C77F4C,B78D92813B0B8BEB
12284,1993,4CA126284071B6F7,E4025AA8F1BB7B99
12290,1994,2EE51010E2164565,3A4612B0CCB9FCE8
12293,1995,D03BD8CD02856449,57C59F7DDB053709
12295,1996,735F18EE36F56FE0,9CC768852B362846
12311,1997,EA3C1921DCB33BEC,ACB6DC2137333152
12312,1998,F7B49E5BA019DC72,B0ABC338EE14E737
12314,1999,68B46DDD89116C60,4248B7F35AFC135B
12316,2000,47FF63545F5FA0AC,2B47C9721A59E6F5
12317,2001,2B0CE4455F955F9E,1165158915A7698F
12318,2002,0854356F13C02ADD,57DD3419F5C4022B
12320,2003,4FBD2FEB5A4F7FD4,29237C9A328FD20C
12322,2004,9E7EFCD0ED7991FD,33DED1F030D331A8
12323,2005,A6FDA1D12A2433F0,A67B38434C86E6AC
12324,2006,CE04033212EBF77F,07C5F03443030CBA
12326,2007,6B94C205055160B9,B9FDCBA38D658ECA
12333,2008,F442E573704EDC35,F34465783616C102
12340,2009,669CA52D6591F44A,D2FB483A7819F2F2
12343,2010,1A8256748934DFD6,CE0F427FFF710086
12349,2011,EA2213A0FDD4B36E,7540E1E4424454DF
12351,2012,E7F4EBAA699DD73D,F261666A9EBE72A2
12353,2013,F6F4F89938DEE6CC,F50EB9303105054D
12359,2014,58C4661A1FD9C685,E74F689D94AB4BA6
12365,2015,E3D5CF58A2A14BAE,45CC87A8153BB2F9
12367,2016,BE0A47FB00EE59B0,D0DD7B9A47788069
12378,2017,AD2F9CC8293F20CC,15E043F1A090E846
12390,2018,537C876A1CE5597E,64C052BC202193B8
12392,2019,4DFA86B5DF29A1A6,C5FC8726EA3AAB15
12401,2020,4DC9DEB77208E57B,8CDEDC62754C1790
12405,2021,60CD0366B268F2C7,F5C4D8F60411042B
12412,2022,B75099813C8696C4,277C24F8710B4373
12413,2023,601B653AB762A2AF,00711B9080C9E1C0
12417,2024,8B5BA19ACBD33B04,A420F69562C309BC
12423,2025,A3A08BD045C88ED4,BFFCF3F1CFF6F831
12424,2026,0C81C354F3245C66,5CC36826CBDCC99E
12425,2027,2E9DF13DA6DEA331,4A9DEDC2903A18DB
12428,2028,2D238519CF6C907C,021A3A4E19321E38
12436,2029,A6B00178EC499CAB,4A2B9EDE9F2AA606
12445,2030,0EB1730B85D39E17,924DFACA42D8FD8E
12456,2031,80D5F17738171A66,504BBB62A9C30945
12458,2032,48C62463A23FC772,E628D1C4DE44F9AC
12461,2033,12D9CCCF41B40EF3,160C39009BC4106A
12469,2034,67F0ACD9F4298804,980EE2C20CA972B7
12476,2035,6262A6C6D94E2743,D80E3FBA158B443C
12480,2036,852BCF9144589DA1,41292DB0B9679448
12492,2037,4FE27BF9DEF11869,32FA2E7115AA6E01
12498,2038,11E9453C9D8BEEF6,D56092271EC48DA7
12504,2039,96A4B9BF1CB972F3,2973EA1EABFA8B2A
12506,2040,4801852AAC62F94D,22ADF3F9B257E9C3
12511,2041,8DE9B2C970BA4FE6,DC42683963D91773
12516,2042,761E4560D9176ED6,EAA5181774F2199B
12533,2043,16D1F80C3986FA6F,31DDF5F0B52F52E2
12542,2044,BC1F238E4411808B,0AFB57BFD6DE6781
12547,2045,5FEC9E858617F23A,DCC805D1584C10A0
12556,2046,D7437BA16F226D93,8AC524E1DB939EF5
12566,2047,24800CAD495C0853,2D16EF7596FE393A
12579,2048,F345F8FB14D7E41D,87292AAE3AA47F21
12584,2049,FDA2062B75934997,4B58C287BC2022F3
12589,2050,88D403CFCE264A90,7311D45859E03FF5
12590,2051,EDA224B6F000A102,75BB0B804F876FC7
12593,2052,6565300CBE382EA5,5CF47B546F9A6D98
12597,2053,1BBECD0AC3BAB52C,6EFDDE61C3DF8E47
12605,2054,296552C9500371ED,EBB26C8542D31739
12617,2055,9C29811ED7868A43,EC4A5744B42E3333
12626,2056,98A3C0A180CE0F8D,9C73BF0A8FA50D82
12636,2057,5790076B307373A5,6C7ED5C4DE8FA3DE
12640,2058,53526794EAA3B22F,CDEA21EB63AF316E
12643,2059,D00D7A7542BE59DD,61823A9045023540
12645,2060,60CDC7FEE3B32656,49B5A8EE229EEA61
12649,2061,8C7FF04DC12558A8,6A2A565A9B3A18E7
12677,2062,9B3CA1D285CB76AF,202727DBB737F8C2
12678,2063,F8E0BE5EB5E4EC9A,5E5BBDF64B3A47AC
12683,2064,7A2F42CAADE20462,F1D2C51970AD82FC
12706,2065,5016AA54023EE88A,94EB1E61BF6C4C7D
12710,2066,3677EC518AA5F574,5125E8AF8DAA46A8
12725,2067,76DBD09C2AF05702,AEBCFEDDD437010D
12727,2068,A96666C5F523FDD6,E4A472DC1DF5630E
12729,2069,8190755F366189A0,7BEFCD7B7AED6FA1
12730,2070,883DF518060FC9B4,99E8424D78F2919B
12731,2071,3DC40460D8198072,DC3975CABCDC7711
12733,2072,F69A17D938832CD9,35698F9364919A6E
12744,2073,7A810E5A21088CA0,80C8E280DD080D7C
12753,2074,3248C39147826378,FB2FB1F6F5EE8DAE
12761,2075,94B41C3E67FEDDA7,D5A2E06C47981C01
12763,2076,B14E1BF804391664,C76488691C579AE3
12768,2077,7C15A0FA77A0499E,9DAE9C597D92CDB2
12776,2078,C554A320332CA837,4F3EF1524B489965
12787,2079,C087CC300B4D3424,255D04CEAA6FBBC4
12791,2080,F1B26D82DE6A74BF,5881B95760C52EF7
12793,2081,99A5E80C9D4C1086,FE30E01026379D7D
12796,2082,49F74046344AFA5F,2060B69FA0390CDA
12798,2083,89BF134A38D4E842,271A3A7ABC122392
12808,2084,19C5AFCD3C7C26AD,9E9967993CF216D2
12809,2085,C8B8FB7E005477D3,269ED232EE31DACE
12819,2086,11CC980FC7FDA2CB,52ABEFE67235C679
12824,2087,F2D0E1FAB115F9B4,CE30483A9CFB9559
12825,2088,41014603FC957B50,94F2C00CB4E2C7FB
12827,2089,8FB7798F207A56CE,DEF01B5E194975DB
12830,2090,88F364ED317AE0AB,0AA8422253CEB1EF
12841,2091,3CE78F7C96F9E5DB,E9D9F143D1BD7EDF
12845,2092,EAB808183E16DFFF,D3E5DBB9EE368603
12848,2093,969A638FAC14E75A,7518A675740EB853
12855,2094,1636420EDAB0F01B,775817122EBCDC02
12861,2095,A1CF3F153AAD24E2,D00E641F97BACE18
12864,2096,7066FE101A4CC810,7963D504C55BD8A0
12887,2097,8DDB0B7DBA8A8E98,F09A7EA9DFC1337B
12897,2098,B4168E1DE837D12E,59FCE9E06C73346E
12898,2099,2C02A2736344E788,F96DF2E1175FE121
12900,2100,4321C54A11436910,624F83537FC33FEF
12906,2101,73FD6EFFE7C25C49,BF6AAFF375A6F17C
12912,2102,06ACEFD82E00CF6E,9BC293038E9FE47D
12915,2103,BF5FD3B47995B989,F709F2FE1F6AD22D
12927,2104,C5E7B27D3D52B208,89E26CF5E2477F0C
12932,2105,96A7F22C3A1C82A9,9ADA5A0632F017C0
12937,2106,750265FA130236B2,C0B75C04896C07CD
12939,2107,4291B980414AA1D9,8F22DA5F3318321F
12962,2108,535739E3CE44F456,4C7FA43D8F8DD786
12968,2109,85F3BE398F53297D,F06D5457F36320D9
12970,2110,25E2B8590729A175,7C90A2D2F1D185DA
12972,2111,76CDD9E88D018C11,8EC03B2D060AC41F
12995,2112,660BA015EDCA176B,90C938C817FA72E7
13010,2113,B38D46AB7ABB1798,5B35C967F3066C7A
13022,2114,4C4ACF1EE060388C,124A5127AAB63F4A
13023,2115,D2EA5978146C70F8,95D5484E01BBFF83
13040,2116,BCB75DDF86654A2E,457CF57676F5F9FD
13048,2117,B5618FC40B7E1F73,8371326E720D7CE5
13049,2118,1F85E7368CEB1067,AD79A07162609609
13057,2119,8A6BAB996033AC39,7BC8507CBE26441D
13088,2120,FBBFA9750E944E33,25FA32BECDFE7791
13112,2121,91A32660673208F9,7BF35D4744AF3C8A
13114,2122,2B5A9EE6D943062B,C54BAE5440B35366
13119,2123,EA4E197600B10C13,68FBDC2DB543CCA3
13123,2124,EB4C193C4548989A,F835C40060DAFA8C
13126,2125,D3AD40A426D2691B,7A0A6C597AFFC9D8
13131,2126,219329A163F3FCDB,4F76DF5AA023FE43
13142,2127,72289AE7798180B3,73C1864CE71CA2F8
13150,2128,4793EE8E27CBEB13,4D135D23866B498F
13151,2129,19EFDC95DEA58CA1,CE8FC5DF1ED45DC6
13155,2130,B495096E4E3B7A59,E1C34818C2ED9C2C
13159,2131,ACA4EBBC239E6D58,A506D21BF9D95C70
13160,2132,65B0D06F99DBEB2C,F1441566BCC5E43F
13166,2133,D776455A97F9BF92,06C5F3F81A634C8F
13172,2134,46AE23BC6BADEE6D,C5377C152FDC626F
13177,2135,6FAA19555DF5D28A,6103F7A546A2CE14
13187,2136,524D1246E396A7CE,A23B6B7E42783D18
13188,2137,97259737F57942A8,C2BF96D7EC9AD0D8
13191,2138,CACDE58C44ACA2EF,85AE705AF752BFB8
13210,2139,842066C10DF6542C,728A4149E30F800F
13215,2140,9109704A8ABCAE36,92FCBBA9BF600601
13218,2141,25A31B24F914AC3A,11FD50092E60DF18
13228,2142,0BCCA737C301F6B6,66BC701A5CA0794D
13230,2143,70B589CEE93513CC,19F30CF4B342E7D9
13242,2144,F47DD369D5CAF309,3FA79000E4B2D4AD
13243,2145,BF7307ADB4E69D19,2BDE389014E84940
13247,2146,11E7DA09A28E6B61,E86307C5C123EA69
13252,2147,0E2EAA480FC796CE,19111C9FE056894D
13256,2148,BB691AFCF55FDE45,757F484162E7B0FB
13261,2149,54064ACC0DD12A56,699F547BACBD930B
13262,2150,F9B9C323B8BDEEA6,B29E2A589C7F0E6C
13268,2151,E945A093F50CF4ED,E6F30C0DD8067F1E
13276,2152,20C988DAC6053024,E4B7B99590A4041A
13278,2153,ADB5540830667054,6938FCABC868163F
13281,2154,6FE242259DD525EB,2A71664232C707FF
13284,2155,988A2A63CC1E6A9C,0CE2C285E6E368BA
13291,2156,F7CDC8C9C3B81DB5,0CEAA3FF8084A8D4
13295,2157,322F50794D2FE280,B2D5508DBB2F81D9
13302,2158,5F2A9ED6128F7C3B,BA89DB8344A5C81E
13309,2159,696041B8D75771D4,BB5D5632108C68E0
13315,2160,A7DF52F956CFB9BD,26A680771E9CA791
13321,2161,F6219D81D0975759,84541E49F06EF71F
13330,2162,CAD64596536640BF,D9B076F6AC9690EF
13336,2163,5F84C2871380B73E,6198BABD661ECE7D
13338,2164,EE0387A0F19FF17B,24E652189C657B4D
13339,2165,EB8765AE76A34013,15721176D4D270AC
13340,2166,02968EA94EAC2C97,6F8D25E12F6C9458
13345,2167,2E69FE68127C1426,553F7D60947CE341
13354,2168,80255C79DEBB7733,D4D51D380EDDE478
13357,2169,4CC5FDCB44917FFB,C1AC43840B2DD288
13360,2170,9E58B251761C29E2,17B5F27C93FDDDEF
13367,2171,DEB97489BDC88D67,16B9A94F17E3E8CC
13378,2172,52394236558E8339,D40B13ECE8C541F0
13388,2173,32AA69DE3CC39C8A,548EC4772CB63DA8
13392,2174,749E5889615DF36D,ECFF74771D5ADFCD
13395,2175,8888F48B8F926731,33196E7FE88D43FF
13396,2176,7C0620E75117A69B,04F0AB9674DE7021
13398,2177,C6F3F9A386BDA91A,1F33F76164B24F97
13399,2178,43478E61CFDE0386,A587919E6BB8A2D7
13409,2179,D947626C6FB0D7C7,3F0FD28449A0D5F1
13417,2180,FB8CAE3EAD303F58,00E925FA7C060553
13418,2181,A7506B9388C4A4E9,6B363D18B0046DE0
13441,2182,182CD77EA3227A54,16A1E1796E1D831D
13447,2183,F625ED0634EAFDCA,B4F64135AB967B4F
13451,2184,648C9D70F01EF047,366E27C8F7AFABA7
13453,2185,62610A6480CD11C7,E5C52E46378FB74D
13454,2186,06F4740ECD722D2A,C14990F6D530091C
13465,2187,3515204C33F4904F,FE48CE9E385987A9
13467,2188,356C9A82FD8785C3,F4EEB3F53ABCF7DB
13470,2189,D6FEAC33A40295E6,D0E368BB17D13B28
13474,2190,E1F3003EA671551F,8934B8F2169BC6B6
13481,2191,EC3537BCD1C6FF6A,A3624E425D2EDA24
13498,2192,2E17E568D59D9493,32D641D09DF7BCB9
13502,2193,11712388598C3E1A,3CE30FC1C8EB10A0
13507,2194,84378296CC2B9105,E465BF07EAA17C6B
13508,2195,54099D786834ACB4,B753F483A677542B
13516,2196,CBCF6C12443B0200,B6D2ED87389DA6F9
13518,2197,260C94088503E3F7,AE039DFB313AE800
13526,2198,CDF0ADCFF1B44B80,D96DBCBC2E51E0C0
13533,2199,F9E9F00DA7F69D16,A4F4B150B2578D70
13560,2200,7C1719A87CF4017A,83810DE2AEE4EDCE
13562,2201,A818E22E9416E253,81E93612A6232D52
13568,2202,DB61861EBF8F593F,55DA200351DBC50D
13569,2203,DCBC6A5761BD41A3,BC6C1A831201C506
13574,2204,E6383F9FC7B97C26,A131D47EB4B75CE9
13591,2205,671F4FE0BDE262BE,6762DC60B2CEA54F
13592,2206,30541CDA7C39A773,D48932201BD45928
13601,2207,939317B2B54F9372,BB49A31EF5CE5C59
13604,2208,E949F770C63C39A1,0EB89D90CD3B1061
13619,2209,D70EEF1E7A45F495,EB5D01309ADFF5B2
13624,2210,96B614AB89F188BE,59EB307005A0CB8B
13626,2211,CE5B922B99D068E7,26D0EAB326612C37
13629,2212,090C6BE01BB688BD,0988EA29E425FFC1
13636,2213,15243399569B634F,1EFF0D62C8E82BD7
13642,2214,5433C742769E19E1,71D7C81CA9939AA0
13644,2215,7B650D0A40DFDDC7,BA949A570CF6662D
13650,2216,44587CE0E8F1A20F,75A6923BA6AB12C6
13656,2217,AF53F4BE15E3A62D,9B50E9087CEBD49C
13658,2218,6F169A69E402A07F,47E717A92A48FC77
13660,2219,3FB3DB6E8AC3E997,44C85C814976FB7A
13661,2220,23CE0C8B9CAFAD3F,868F07BAA67DA587
13671,2221,EDD86F6F6B4B5668,82BD61CF7747F060
13686,2222,D0B8035E44D33C65,94BCB50945D48F52
13689,2223,8690BFAE3C31BBF9,8638418BC5C3C95D
13698,2224,5436ED93EF452E49,9D22B136DC3331E3
13712,2225,82C5995B5D8C90A5,9E1C396848BC66E2
13722,2226,783E3711595995AC,03DF2DE1CB9F4FB4
13726,2227,7D38B60558CD04F9,E87AF097AC7EC6B0
13729,2228,2DD366ABDDEE04FE,64AE6137BB57C65C
13737,2229,A526167401264B3F,A871DFB71D2C4565
13741,2230,9D64712E5CFE5F9F,DD5C4651593F937E
13743,2231,A7810B06ECD80C90,9D58DEE34952761D
13749,2232,CA17DC5E27221733,A5851F7FE91A9BE9
13751,2233,323DBCBF84F53284,328FC4258CE13931
13752,2234,728A3DF5D280AE65,7B1A521A41B473A6
13756,2235,EB38D116617F7BAF,32E36F8E19D843A2
13767,2236,3C2763F87027179B,A1AAB91E9E35FED4
13770,2237,F6B5949CE39EB6F5,27ED0DEC89D2B95C
13771,2238,96D6CDF556EB7BB1,BC80DB418A3235AB
13774,2239,242FAB6C4536B4CE,60F730F6A6E31AC8
13779,2240,8DCF3513C3A76980,B21919F2DC1D7775
13780,2241,5288687F083D225E,9418E1AA246257D7
13792,2242,DBDDE91FFE67B78D,781BEA309050EA02
13805,2243,2943E3B6624CA4DB,DAB7A2774CEA4339
13813,2244,4865A5B00BCED3C9,683B55A9DCC61459
13835,2245,D209E02F95E046B2,2A4155C6AA1E1F8F
13836,2246,805B46727FDA6E81,4BF4F97C920461FB
13837,2247,2B446ACD97FAABF8,A4A2E166CAF5D761
13844,2248,CC06F67D635FBA21,BB751924DAF60781
13853,2249,55D1CB6B6AE678C5,C3647084004ABAF2
13855,2250,A866A07451C347AA,491C4E4EB5966A6E
13856,2251,0E5C2941CD869FAB,43CA1D3C0580396C
13859,2252,32F9731C9A77B224,D673A112C15FD984
13860,2253,0A7502FCAA012F5C,0E81AB970D9EE32F
13869,2254,02F668F35074352B,5783FC2EF8F3DEDB
13874,2255,D269140FF05676AA,554EB0A6ACF3B579
13877,2256,41647CAB6492503B,533B5CE61A635003
13879,2257,65C9913932B207BC,FD504ECEB7D84031
13909,2258,D3E6E040470ACC38,4C0E78F3FAB215D1
13918,2259,CF1C9E5C785E5E34,06449439A0DCB980
13919,2260,482DDA01EE781487,33EB50DB7F3EB684
13921,2261,D564DDE6DE55E9AC,C63FD9C9DF747240
13923,2262,AFA8EE8E3480FEFD,3199527D44ACE53C
13934,2263,C57BC15BD09918B1,096C063DD954CEA8
13943,2264,E88A236C0775D1F7,3CAC5682D79CF733
13953,2265,900767E7E50BD00A,A671B371B993B01B
13954,2266,19A20C4BBD83A987,3CC8F8D1CA7A7D77
13978,2267,7238BCC95F1486CC,AD2E26011C9DBF20
13984,2268,959ABF8ED3A7ADC9,E22F1ADAD95BC885
13985,2269,D3148DC3F3FF2972,CB003A2732839659
13986,2270,449DE21FD2A0AA85,D70B177C8DAE3DFF
13990,2271,8441A92FB4AA8F15,9D6ECDB3F24D14DF
13993,2272,A862F41ECB912D18,F665AA6573753B21
13994,2273,70A292A7A9F058ED,F22DE9DDADC951CD
14000,2274,48C55486ED1D7A6F,6FA7C256A6F6045D
14008,2275,D498AAA56A27CFAA,E3892E860F3DE44C
14014,2276,84330C35B322D744,FFE576D621791EC8
14015,2277,AE28B178FB1CD713,6A4C1BA34954E0CB
14021,2278,1170F217FBF08972,3849049AA2B77C16
14039,2279,C5B9BFD480D5040A,D85CA67CC29A0D3C
14042,2280,E894BF2F1665EB05,E077DEA9F4E1385E
14045,2281,D0A89BF6A26E1AEB,DF8478BBC3D82B00
14052,2282,73EDE367B0E34BC0,7FDA629A06FBA6F3
14067,2283,EE5C032C0178DAE3,6399414291A3BF2C
14075,2284,1B1D73E9BC2B2321,0692C5363FA9F0BA
14087,2285,3483B35767B92E5D,0646F3C7C91832CD
14098,2286,DAD3B2A4B807D69F,C35EF8EA71A14DF0
14105,2287,11EE42AAE0653675,2F9CF02EC8F9E9A2
14108,2288,49EE697C94EE34C0,4181ED6EEA7E8D73
14111,2289,A7FF20DD096FC4E5,A11639DE656B443D
14113,2290,C39AF6CB00C4790D,AC0563F40044A1C8
14116,2291,EA27EBFAAF571D7B,9FB470D342D8837D
14124,2292,F80A670FAB3CDCA8,8619A57E1FFCCE0A
14129,2293,78B23959FB8E0C89,0FBE2EDC84904DAB
14137,2294,4BD5E4EFB2D88A67,AA8F1371FEC06743
14141,2295,E6842BB27C453661,A949F284F005F113
14145,2296,033173BFDF55B2DF,6AA29DCCEA97884A
14170,2297,EF08739D97B51C08,19583AE54D033787
14183,2298,349D277B0747303B,F3DEB2D0F124033C
14184,2299,6D35849C21B17708,A91CAD72AC5D65B8
14190,2300,E75438263CF41699,12F3C1F5A19BB4F5
14197,2301,A102C50A16DD58E2,4E7F888DCD02056E
14207,2302,ADC9304FF5B74E95,1249219FE220ADC6
14217,2303,A538496BB9B9D6EC,009381656E300F84
14220,2304,718352B99DD40726,234338F15744C943
14237,2305,B4A7B562931C15D8,24EBB2CDDE4CCD2A
14238,2306,F3C75E22B05FDE4C,9D00DA7425EBA5CF
14239,2307,A2137F5C7B29352C,37E37E302AB53F48
14249,2308,4538F5C09CDC619E,8AB5B1B67D3B2533
14257,2309,F16F0B363138EF46,5993C3A3AA157943
14259,2310,D43852EE94AF8066,2FCCDDAFEAF0C40A
14264,2311,44A04958FB2104DE,2A6ED7AFC550A525
14290,2312,9B28E8901953BD77,9344D92337D5E6A7
14293,2313,6E7B442CEDBB770C,43E3E5242F9CA143
14300,2314,7259B8CC07FC7488,A2EF6821AD67C1E5
14304,2315,2720F0EF042468DD,CC8CEC8AC570C665
14321,2316,02D0309CE6CD86F9,D456DDAC1A096456
14328,2317,5F8C7B2A6E12D839,D547DF4FB76C76FB
14332,2318,229A9C1554887EDE,BCE7C253096E3788
14359,2319,611ADFD4589CC321,9CB50E7FCF2B8F1B
14365,2320,916E1C6F62182BD9,388FC47A112CDACE
14375,2321,898DF37274ED3B4F,3DFB28432F0BDA1C
14400,2322,E987358723F1BBCB,253029D0DDC8834E
14412,2323,A1064FE828A2CB37,6E75082C69358D3B
14415,2324,DBAC24C08C8F23C1,7CC853B8B2D7CC20
14420,2325,AE6A7489B5425F76,3F88071E6AFE7AA3
14432,2326,C7E08F038065E6E1,0BD93BF63F1EF20D
14440,2327,AF8D18737E56B888,48D0FB14B5A3FBE1
14441,2328,4299536E468668C2,FBE2C91B96CB5653
14444,2329,E6AB7818943C2408,3257579090E35801
14451,2330,7231DF5AFFBAACCF,F1789BCE2DECC6CE
14452,2331,F485C0694472EC64,90AE102B2342A047
14458,2332,FD376F1DD9072EB5,BCEBFFCB3E7B4964
14470,2333,3F9816A22D6E1404,4C2C7B5A46FC332B
14477,2334,FCB3C0A9C259AA42,5373951A7E1F5E52
14480,2335,A39A60BD3D907A0D,D7B5946AB1CD4261
14495,2336,AF198C64AE418F20,3919628360EF2818
14506,2337,E8AA81B8B8DD0BF5,91DF4548CCC74F97
14507,2338,52CB2DACAEE549E6,9372A4ABDC802DF4
14510,2339,C46623A0DB1A4F51,779FD0AAC3218F52
14513,2340,A6C2BF9AA1AFC175,ADD599F02637951E
14521,2341,CE094AFC45EF2F10,380FD2EDF3994E95
14522,2342,E802B56E34BDFC96,13D9F7E92EF04CC4
14533,2343,70D160F8DE2A414C,14CEDF8F09DDD3B6
14538,2344,B5C004D138C2F484,FBCE5C03997E28B3
14544,2345,BB43AC0AFCBA497E,5FBECE92CCC19F99
14548,2346,5BBE21DC3FEA008F,06ECB7C6B4F6881C
14553,2347,EB54570D1B320F1A,C87B764A7E55C8BF
14554,2348,2F7DA3258CE34535,69E90B31056AEED2
14566,2349,6EE75E8DC1E250C6,B012D7B7B05E2A72
14567,2350,B02EBCDCBBE71D1F,56E2872868758C24
14582,2351,40AB81474E23DEE4,44599A0B31FEB2FF
14586,2352,F4B9A53D08315407,F2F5389CA1419183
14598,2353,7E423649BD4D3D76,B923F246B78E053E
14607,2354,20088AC58A02F790,E387565419E4BC6A
14646,2355,8537EC75772021B6,41AB6D3899229B55
14654,2356,443AB845B9D2BC7F,56CC0DE343BFCE8D
14660,2357,57F68B6B18ACFB0E,76B591026157968F
14661,2358,8F7BCDD4158CEBEB,41AB8419DE43B795
14662,2359,00D486703A4086D7,89CBE51B5384DCDB
14665,2360,F0D46EC90C402359,9B5C211A160AEE31
14670,2361,756E5B7997BFC5D1,C95D992C47C12C69
14673,2362,F82E812901B77637,5325CE27D2574D62
14687,2363,299743C1C60D1286,0D8E7A0E3A8EBF66
14692,2364,826BD39EF48D1D0F,F748C999ADF66A6C
14695,2365,A8B885412BB8F419,B7160C7486678D6D
14705,2366,3F3206EA12826FEB,693FEAAFE41253C3
14710,2367,32BF58A9754B743A,0B69992899C1967C
14729,2368,9E62EA9831083106,A744C9C278E61839
14735,2369,750CD1868139FEC4,F394D6C1565901FF
14739,2370,CAE006B8A5FCF309,F7F78BA0077EB2A4
14745,2371,32E6435E51BAD0B6,D78EABBA9BFD3572
14751,2372,1AEC3D6A19B1CBB8,677ECBA27BF07D50
14753,2373,E85BA88090B54D6D,CED0E651AB7BBF71
14771,2374,87A8886C7EA7C41B,ADE06CFB1887DE42
14778,2375,78E933C901CE2DB3,771293B05A677AF3
14794,2376,8CCDFBA350F3DFC6,4903F8127F0F9447
14821,2377,54241E026B1F03F7,A85AB7F8E0F8207F
14825,2378,DD1271F40244F152,F2CB8864C83ED058
14835,2379,8018086689F272A0,3D576A89DC1977B3
14837,2380,F76F432A18514EF9,DB8BB972D6136541
14838,2381,FA0AB5D53A8D8213,4C9D61BF4465D79B
14858,2382,FFEA392B75F5D5A7,8697DA222F608FE0
14877,2383,F2E4DB12EB24A26D,7BDFDC68090A0F70
14893,2384,2074B1153B427076,81594EC4255CC705
14900,2385,884F0B4A6DE1BA2E,EE2D270A40292342
14901,2386,2C8631196AFCA495,A6666AE2D4E4FF8C
14903,2387,76C3F78275520237,E56EFBFA5799E3DF
14915,2388,46DE318F50E8BADA,13206326312FEE12
14916,2389,8176ABF51F54910B,67302197BF97EF8A
14921,2390,BDCDB5439F1D740C,6AA21FC6FCCBD756
14927,2391,14C5A9E8CBE3409B,72F19B8E696E2C09
14935,2392,E102202549258BC3,7EDB6A186690593C
14937,2393,E42A473EBA2CF721,0376679468C7C4C2
14954,2394,C62FDB93156DDF76,194F45EEA19C6488
14958,2395,DB07465FB9A4317B,3395F155AA60DA7D
14971,2396,316E1BF6AC9C2E8C,8B81F2B03265BEC4
14972,2397,074274C3A227D616,B0DAAC7C64F464D3
14975,2398,22E333E29D4307A3,F17447D7AD7E9148
14977,2399,BC165CAFC5E2C0DC,9559257F701C0BA3
14999,2400,4649AAD285F3C8C6,09CF42117615BE74
15001,2401,76D8F70BAE406FF3,90D85DE89BBF2104
15002,2402,84FDCAE0D2C99C72,CB2DD4FE737DB78E
15003,2403,24F023FA6CB65CB9,DABC9F546A2BDEC8
15004,2404,E587D357169908BC,C217EB745DBA188F
15021,2405,D7C4D9168BF8459A,0EDDE66D571173C2
15022,2406,1DC1C48BC9C387AD,C1DA9B28666F5381
15024,2407,8D0A259508D834DB,CAFBDC07F4491EA6
15039,2408,3461B056D9752719,4F53EE63211BF4B8
15043,2409,0EEAEEE755770093,E7C9D87CE2602225
15055,2410,0A9461B28C3A77AF,1D6BC774F7BF9510
15056,2411,70910A488569F3F4,D067C3E1871FC71E
15061,2412,9960AAFEC24CD2B4,0B9FC5F1B1F457F8
15079,2413,673E9383D2FDC6A4,D0485D84E694CB6E
15082,2414,45FD932497E0C4EF,20BA7E5041A76EFB
15085,2415,F32162E2C34CA99A,AE84689EB75C500C
15092,2416,4236ACB02C296D3A,B9CA039BF89F0B2A
15106,2417,BD33616763BCD508,7070E10E06CF83AA
15108,2418,9B9BCC0C1C83C0E1,F5E53491D5D7FB9F
15111,2419,BFFB23003A1C018E,5C13E0A340B576B3
15112,2420,7A6CC8F66B6826B1,02000C8D9A5E2FC9
15117,2421,5E0BD1766F77BF53,EEC28B2B1B6268B2
15118,2422,8F037534F3AD7F30,26E3A70F2972D46D
15119,2423,279165D9785C9277,45B86CA02B069D6A
15124,2424,7E500052854C1AB9,C3D54DEF709C896E
15131,2425,7C33A554C7432D9D,02B6F0B259720F87
15147,2426,895A614E9A58607B,4D2FFC5DAC4BDD48
15149,2427,9EA15C0E9AA12822,6CFC5C08FDC2EB3B
15155,2428,1EA5C427664D671C,B3E50469C4653F5A
15157,2429,38D51E7C0738CFFA,9346657A57397081
15169,2430,283F9431E6E07435,D9FF733564E88BF8
15183,2431,A0562B99B4A6372F,8936BDE533FCECD5
15209,2432,51AD35013AFFEEB0,F3F8B62A4F7D3934
15221,2433,D3C75217DAF47399,A21800CBB3BBD1B5
15231,2434,7E1AC0EC0AE89679,FAD5FE3D7DAB625F
15234,2435,B51D2CCED4CBE12D,D34B4A5DF3439583
15249,2436,5E82F4516B71F50C,89FF2B5F18760B27
15258,2437,FB2D33C58CE785AC,71DF0D5A17FB4AA5
15261,2438,D4DA3BC66A6F052A,118595B908ED6AC0
15263,2439,81B21F43FEA13FAB,53A3409067E198B0
15264,2440,158ECAB9EC9B71D8,49CFF3FD9020FC41
15274,2441,CFC84EFBBFBC0C42,CEC5E2538BED81DC
15276,2442,126F7E9B0F1A16D8,DCA9FB13F1FAAF7B
15284,2443,F7A9280EDAE2F71F,F77BEFA39B5F0D3B
15288,2444,AA3275677A247DE1,DCA522F1CE3C6E70
15289,2445,7362746CAD0C4FD7,CABCDDEB9A9FBD36
15302,2446,8EA76CDF693DED95,89B39E8CE29E52AC
15307,2447,96584A9B3A6B2839,2E40C854AE9C226D
15309,2448,4684A3CF421AC1C0,A51D68EED86C3D88
15315,2449,0885CB7E6F912221,11AD75FA48D38A88
15316,2450,1D532FCE07D4248D,994D7F9ED01FDC0A
15318,2451,752CA4343761437C,EDFD51B279B5D612
15322,2452,3DAF4ADEF4017D2F,3A5A1EB95A432699
15334,2453,2C9D6038B90448A2,AF499F10CA9F6C6E
15348,2454,DAE98EBA26F3321B,E9AA3D7EBBF60D4C
15354,2455,2736B2B60D347918,713E056D2E745D7D
15362,2456,EBD1CDFFEE00AE8A,16F676F2B9679B97
15370,2457,6BCCDD7D1992C2CC,0870E8DD3EEBE459
15373,2458,84C7C8BD04C8754B,B42B46065AE6489A
15395,2459,6542861447C9E7BF,79592147179A01F1
15402,2460,CE195D1F23CEAF80,AB54F9B6285DEE21
15405,2461,D1C6BE8A9399671C,0E6CFB31EC43F8E9
15415,2462,54C9FF271700987C,5F8D1C4BFF019C44
15419,2463,286CFC671FD085EF,CC474E37A854D40C
15444,2464,5B96A5F64BBBDC70,767763AD3681CDF5
15446,2465,4F7DB380469AB38C,8ACE82C5599CAA07
15456,2466,6706CBCE476AF308,A03F1AD3F84A5D7F
15458,2467,D2F0B63C6E09D292,C058A3DE0EE41C05
15468,2468,7724815C68B2F5C4,381F5F2887F08CD9
15475,2469,A86242F58E030820,E2429373C71A1A99
15480,2470,D2B7F1F1CE5D5B2D,AFDA4A36DCEB4060
15482,2471,6526E0F52E88E637,DC61ADF6CED68967
15504,2472,71237B4E07097EB2,21351E7DFE18465A
15508,2473,9B05C21F89FFB29D,76BAA1F53CEB1910
15509,2474,47CC79F1A40795D2,E0F0725F1FA51966
15511,2475,24D2EB607732AC04,82EC31384D02E791
15514,2476,A416D15B80B2B1B3,2CDA0873C55CBFE6
15517,2477,92FDC09DDE0B95FE,9E52FE9EF1104149
15533,2478,A029736517E1E40D,F62E08A024C38BA2
15540,2479,A5EE560F5755D56F,5D2FDF4AA3D48D34
15546,2480,50A2FDB7C7924834,78B00403EEC450C5
15547,2481,DD4E4FBFD6572FCA,30D113C9BFEF17C0
15551,2482,B37CB4C81B6AB7CF,2AF6FF57DEC256D8
15552,2483,5445A30840694044,B5C183D7AE6E76E3
15554,2484,B25B0C817C6BC8D2,F34C6F0D894A8FB4
15570,2485,D341F8868F329031,36207C8563317E5E
15575,2486,918AE00BF2270424,7656A8448F8BDEAF
15581,2487,92D156A3C34A60FC,36E733135A2DB5F5
15582,2488,931F94EAD4426F3D,45EADFCF7DEEA00E
15595,2489,87B65A9E0E204844,DAB7EE1511658798
15597,2490,7110FC0A9A4F5B83,A019666BF950F8D3
15606,2491,1B04C6351293243C,605BD1D6665B841E
15617,2492,0C80434C9CBC5556,528E52A2A345686C
15625,2493,F0A50A228A18F0CA,632A7BC44F5F728D
15629,2494,570956201C80A5CE,64494DAADFB6DBA0
15634,2495,EEA2212BD7DA3F0B,B5CFDC5C8DF0D6D8
15647,2496,915D6579D769C602,DA4A9CD531ACB937
15651,2497,27BCDFD6738D5157,A74054CB310D723E
15671,2498,8FC4B67CF7788B23,872792E3031E639D
15673,2499,949CA61A324666DF,FCF788CF5FDC3BF8
15677,2500,999E8E62C1327FBD,FE2EF23B6DCE2814
15687,2501,34E248C1CF2F5143,C8F62FDD839F592E
15693,2502,7C940F1FA9F54CBF,DD7991182C6EB4CD
15722,2503,E009710157DDFDFD,6F58B3B2A995BEDB
15734,2504,450414E5C4F6EBAC,26EAC044A06A64D9
15739,2505,92FC5ACE4A34F95F,78A951C62E6BCC1E
15745,2506,DEF8715675505D9E,8409754F59831D78
15746,2507,11D6AE4242321BD3,98A7AE52D6269342
15752,2508,73981D22B3B1FC44,00AA4C84B54415E4
15755,2509,D926B72DBE5D716F,104A226EE8BB5164
15758,2510,7E23703F998A56BA,B157C67D5F3A02A3
15767,2511,86064FF51E0C6B8B,20BD8DCAC7D5BEBF
15770,2512,753E2ACAB0BC1625,319C026088FE5A6C
15773,2513,629DC08BB3114041,A41BD128C3A16B15
15774,2514,11E8925CECC519FE,D5C3B94C7CFFDFE5
15780,2515,470EADB22CC0E0F2,2B1D3C0FF130E241
15782,2516,30949922505EC3A3,B394B222B7ACB53A
15784,2517,986DF11D6F11DA9F,C86A9A86D0DDF2B9
15795,2518,DC6B2F3C39C57238,9FDD33754AD2C5BC
15797,2519,D922BFBD94BC431A,8BDB095692A04683
15799,2520,6F8A61CBC5496FBA,FAD70DF865D7EB26
15801,2521,CABC5623CFD114B4,4E3CEF5CCB90600B
15811,2522,BAB006265D31B039,33958F92318FA90D
15824,2523,2507CE27D26D9C02,D8342EF216FC4704
15828,2524,0E8648CA8EA0EC15,38BDC05C274E5782
15840,2525,13FF6DD124069866,BC01C6D7F16537F4
15864,2526,04CEB4853DA15FB4,FC9049565F6FB706
15868,2527,44CA7F5C82802BF2,1BE9263FE7ED8EA7
15869,2528,D0067482BD21B05E,42EE5F6138278876
15872,2529,98460043CD6CE4AA,7A2BD99E47876813
15880,2530,6EC7ABF85619FF34,4D1C118D49A6D4EA
15891,2531,6D9295B774C16CBD,7D590851712FB13F
15892,2532,423C3A23AF1E34CA,D88A4CDA4ABA89C7
15893,2533,0BAE03AECDF48096,B6CC15463A17E3C1
15900,2534,2D49F0A290384FD5,B60E0E4C8BB709A7
15901,2535,E0FEECD35059B898,F22920EA798016CC
15904,2536,EDA6503AF7BD69FB,D26367C556211364
15905,2537,099E8A85059EBF7F,6C93BD4797EA28C1
15912,2538,73CC3BC01A9765B8,BF188CA2ACC37CFC
15915,2539,F1A47339D581B787,6B9DFCC3F50F84F5
15917,2540,4AA1C378A9A5F1EC,7FE66F17F4B0BF5C
15926,2541,4374ABFD6BDBA25B,F5B1BD3B83B21F56
15927,2542,B5E0873AA24B2525,860E14189CC1995A
15934,2543,948F48C61AB067D2,4D01CF0A2DF81BA1
15937,2544,F50BCE56E6CF20D8,92ED696977AA0ACA
15938,2545,C81084CA02F1F412,64D2169BE5777242
15950,2546,652EDC0FBBAEA6FE,7D1F57C040397E6D
15953,2547,7F711B5AC6EBD478,A0000BFE353F19D1
15957,2548,AB9BCDA31BF3C004,90CF3E1367492641
15966,2549,DBE410BC77CECD92,2535676226908266
15975,2550,6D6158D8DC248DC8,517F257DFCE8DDA0
15999,2551,88AE36FBAA65D7F5,254C6219808FCB68
16001,2552,EDE472CCBCF8C0FA,871A50D3C3034CDD
16016,2553,228ECE1A5523D8D1,9302ACCBD41A5862
16057,2554,8D9AF94841C5DFEA,FAD9627225776B99
16059,2555,AD4B55EC010C91A3,FA9D85C434DA7C45
16063,2556,85D35DB3692CA649,64FD64E5D9E4A002
16065,2557,B2C8AABDE9923193,92D0AA64D345E73B
16071,2558,7B3F3C3C48079909,C9F47443AEEF93B1
16075,2559,45B97E619215FFBD,F9C365A33C995B16
16085,2560,14F47D7EB533928F,CEA693262D7E9878
16087,2561,38B42440A7E0A924,B01B9A2C6A545381
16090,2562,4CB862DFA696FC1E,FA29C638B1DFB4FD
16108,2563,C2B173DE20C77CF6,406BC563B1B724AA
16119,2564,614926985B0395D0,383307B17AD11AF9
16120,2565,D393F81CC41C6EB9,63AFA45FCCE72719
16121,2566,A57048DA93D97E5C,36699331DFD2C1FD
16123,2567,4FA935B4D1DC9BF7,15AEFDFBF5B201A7
16131,2568,E849B435BABC2EDF,4CD8725E6843AE04
16133,2569,B1A63C60C54481D3,426D5AEE2292DC2E
16137,2570,436DA89A8CF081FD,93E9F72B921C5508
16145,2571,7BF227760CE26BEB,9A0574973F9EA3FD
16154,2572,7FF2F26A6C9989B1,559756B2E50F92FD
16160,2573,3F62B4DA675ADA6C,62F91258CFF1D382
16168,2574,4802330A66B52C54,8C542936EA9015F7
16169,2575,EEC8931B5C01A518,B31CFF61FC10BC4D
16200,2576,E2617B23AA8FD2A0,6DA07E21A25F67D5
16206,2577,A9D72A1A9BBA56F0,EFFF1828791B6291
16209,2578,FBDF31DE8BF8FB3A,EFF36C3718230E81
16213,2579,93094C2FBB69A39B,60380ECF65A80877
16223,2580,B0BE50DFB32384ED,B1CC2E4D04597320
16225,2581,272851063DCC7BBF,89FAAA8A4457C194
16234,2582,5DC813BC9E9EE44E,2C1E6F4C6A6D6540
16238,2583,A53121FCC97EE06A,CD8A2E0D96751019
16246,2584,448899FE6948B5EC,FDEE0FCDDF7C6EB8
16248,2585,A6856AAA94D2FCB7,9569F093CBE5B7B1
16251,2586,A02EEF47701119E4,A765F72FA5963C31
16266,2587,AECBA81C5E82C736,EEE20AC2076E2FB6
16268,2588,16240AF55A059A88,6B5E4DBD9C42F9F3
16271,2589,00F150BC07B184D6,4F107FB73BF8B15D
16275,2590,869BAA9CFCFA4150,6AD26F88805C7427
16276,2591,97E1995FDA4E5770,1CA700837471CDCA
16292,2592,7825F052FB66A6FF,933309333CF104B8
16294,2593,8CCDA207BD08FF8B,AE8ED6E89102483B
16299,2594,B2130303B9F0C640,5CFD08675019120B
16309,2595,88FC8F0E2027C3DA,B7EA482AA36844AB
16310,2596,854B547A14FAF0EE,73E08660A3AA7100
16321,2597,C837E15638A65B5B,79065767C57FE3EC
16334,2598,A73F11455D5864EF,F5E7630D110BB5C4
16338,2599,E8CAFD453A3A3996,38E797D3028D5CDB
16341,2600,B4DACF8DA4ABC60E,7DFA278672729A13
16350,2601,D805A3F49951B3CF,F29B30D00CB124D5
16358,2602,152679BB0B0790F7,3DB869FF2F7571CA
16386,2603,CFAA4B6BDF33AEAD,0C76566504B4C710
16395,2604,6827342AAF4124BF,1989897D3F2A1A43
16403,2605,EDBD11FEA83D932C,E9024E7751DC8111
16409,2606,BEEFFEFF1D279C29,C524A17513A0F798
16416,2607,2B217DFBD70FBC24,3C472B0B1E0EAF21
16418,2608,B2783CA28348BCB7,671C3C21ADDFC03C
16429,2609,422441A66FFCF1C5,F0DDA37A70253B1E
16439,2610,8F21FA1B7592559E,63E37B7CA658240B
16443,2611,640FA20651EBC869,C90760B7E9815418
16455,2612,FCCC644623FD180F,D08B3ABDEBEC6F29
16466,2613,8710BD0785F7F8EA,F14F38021E32D753
16468,2614,6D5645BACF5564FF,BB8E5B3F3E77476F
16471,2615,3160F1537CFDB209,B1EDD6096330B03A
16473,2616,2308702D0317DA6E,8B37C9FE47B45891
16481,2617,96BB86E6FA6E6568,F29B15C97526D37D
16489,2618,59CBABDA018F5322,9B428BBDF915DF57
16490,2619,EC003B29AC52C5E7,14F50A06C0F558DC
16494,2620,2DC8B678D674FE17,4811A672D5706B6C
16496,2621,D53DED26FB528B03,6985E0B696CACA6C
16498,2622,51BBAEE5F4ACFAB4,333E4F0394F76179
16502,2623,F753E479BF628E86,09378CBA7742125D
16508,2624,02AD71B738DF5DC4,68CC09C74759E8D0
16509,2625,DB54E4AD64542DAF,2E7BF5FD6CB154FA
16512,2626,095ACE40F269A128,F9DAE2476F34B394
16513,2627,DD92F692EB80327A,E490C7822372F38F
16514,2628,7653245AC8D76E9C,382AFFC3D643A48A
16515,2629,EB256E4E14A740FE,88F7B024FA84A47D
16518,2630,804AF37A5C869EA8,DDBD7DD0040AA0AB
16520,2631,2893F0AF12E2509A,DB31DBDBF1A3ADAD
16536,2632,FBC947EA2B075B39,53288A361DC0C8B0
16537,2633,F098A10F3EA79FDD,D391F98804BA38C7
16538,2634,D5A6D3F438AC2C2F,CD6EB5E0354C32A7
16544,2635,3A65858A7B7F33AE,4EE75F36CDFD0DD1
16546,2636,404600D1E76A6219,507242CA9A10D10C
16552,2637,027C497710D26FA5,AAEEDACAFF32481A
16557,2638,C6CEC1E5B6CBC0BE,DAF9FE142320595F
16558,2639,D81C97505C963942,709D16EC2B6BDDAB
16567,2640,ACB635B8DC226A41,F17A79EE55E0E60C
16584,2641,A14C326414AF0F5A,75F7AB2D2A904409
16591,2642,7FE2CCFB65115AB2,CE358C82866D660A
16596,2643,6D626B0C495ED4D2,2B0FE024C02500F3
16603,2644,207F91C0A9238522,756D02AE04AAC4ED
16611,2645,7FE87F06194ACCE1,E924B5654966AF8B
16612,2646,22159388E7EEBDED,B3BA536256E2F308
16617,2647,C558DA6D92591907,3191807F3CE6BF75
16619,2648,22EFB63628642835,5566251028B01BC9
16632,2649,0674546B041C41B9,BD51A31773DADDE3
16639,2650,550BDD205CE7F5DB,94BF1429FDD132B8
16642,2651,16293C19811F2ADB,0E2CB4CDDCE3711C
16647,2652,592AEE759773C4EA,05F844F79B9D9CD7
16651,2653,7F9024BF2DE86CDF,EB00B9EEA0D5ED06
16655,2654,5CF5C51DF66D6AD9,24579DAAFBDAAC1E
16658,2655,E62AB33CFAF957F1,78855C557D2C5006
16659,2656,0CF773937287F28D,E74AAC85297E6B2F
16661,2657,F8B3C6BE408AF840,37B21DEC63332C59
16662,2658,8B4D7D1651F82D7B,564E4B78F70492A8
16670,2659,11108C626F1A4D4F,922E90C9374A8BA4
16683,2660,2481CD70651EC80B,9351092386C14B4C
16684,2661,03252A84E3B8F89A,3DA189663E51FB60
16689,2662,298391301BF0730F,76BBB03287B48A96
16691,2663,68DF6E5C0E678555,FB83B1B4113F416F
16698,2664,2E1E5C06E51B5417,28CE1371EE77971F
16703,2665,A92348DE991AF676,9F7F195023C929CB
16707,2666,17F06DEC8FCC7385,53C7E39C5B243A7F
16714,2667,80A2103F151B8CAD,D6D9F8A81818DE29
16723,2668,7F434093F8EB3231,2B7D50574520CE54
16728,2669,44F8A7BD9666A8C8,D17CDAE413746F19
16730,2670,DA18CBADDE23450B,277079A2EBA90EB7
16739,2671,6B55A0EB8B8D3557,4164BC9E7B6A3568
16743,2672,E6B60A00488D172A,25835B35B62A032D
16760,2673,C3B10D7DE5D77288,CB803A5939BB3D4A
16763,2674,E7CBF8B4DFA64675,76067FA0B39FA8A5
16777,2675,ADC2E50AEC5C23E2,2C34D0B28AE342BB
16780,2676,E53C1B5A286075B1,644496BA727FA6E2
16784,2677,C6F1EB3CC4A6020C,9B13F6136A62E1A8
16793,2678,B2FE04C6ECCC3D01,19BD56E4F17A471F
16797,2679,CCF404290046109F,A44FC1B7E91A073A
16798,2680,F0DBDA22CB372FDE,7C8BE9B3B2ACB648
16803,2681,327FBD99B5FA8BCA,A82D1C0712B4FFF8
16806,2682,6CE9941D0A1C8E25,6B79EC1AB0F219CD
16811,2683,A1B71B084E9F633C,D580ECCDABA8413F
16815,2684,549E087C3515EB1F,B3A77B1DFAE0AB1D
16818,2685,BD86DA2DDD256265,EB8F220E876DB109
16827,2686,14E91762B150A1D3,7EA834852BC0E720
16828,2687,D4F2BCB926FE3DAF,72D77AA854CF02F2
16830,2688,BDB7AF08D6A96F14,195481E1C13550C4
16843,2689,D3BBF275286BBD8C,9BE5F0255B852AF1
16855,2690,BF5EF2EE826C2B90,B772A61D02E8F9E4
16861,2691,B4C4C483824B2BAD,B4AA3578E5B72944
16867,2692,AB2BBED5E8F780A3,C640BC783925864E
16881,2693,DB4F0C7DA6CB63B0,17EE7BFAAF535214
16888,2694,70782827D8268F0C,D2D345857242E39C
16902,2695,A82E94B75755C82B,6A0F428F9F28A2ED
16909,2696,C35E069D5072F512,1F6C06A83AB86D98
16910,2697,6D2102444A0F077E,54E305D6473CF301
16911,2698,7DDAEE2CE2756409,62EF40D71AA3609A
16925,2699,85DA882BFAE119C8,8399CCF9DFD0312A
16940,2700,A1A216A376E5D840,58FD94A23AF4856C
16948,2701,9D092F9118D625D9,575376C6CA55ED92
16949,2702,B5A24CA1009358F0,A835993DFCE1166B
16951,2703,1DF9BC7F4E3993CA,707C73EF7F4B7DE3
16953,2704,2A0D37A8181960C5,8D283324D1B98DD3
16959,2705,CD393D23ADE0C099,5650BAC205E5F10E
16967,2706,35D84CAB7385890D,2B0943BFA8918095
16974,2707,44F863A674BF8059,0F2D843C354B675B
16976,2708,68780423AF428D55,83CDC00C0803DDFD
16980,2709,B1DFA5B4291E5677,979C3A2B47B4A24F
16984,2710,18093FC96B66C748,6ACB2A8933752907
16986,2711,DBA3FE2E4F93881D,D3F7A678E097E2FA
16988,2712,E28845421512E2AF,7948AF977CB7228D
16989,2713,E58BCDAF6CB4908B,AB0956C24AE6B667
16991,2714,A93D2A7E1E9DC3E3,142ACACD397882AC
16993,2715,13A0EB6A0D47210A,1433CA0141782E18
16994,2716,7EA5A52273E2F752,831A07E1A3982C04
17002,2717,529DC96E057E240A,AFF533107E250D02
17003,2718,DC87E88CCA5A70AA,C804B888057A2E3C
17016,2719,CFCBD149B1399900,6385C4836FCB9878
17020,2720,E3FC0FA64BD4B8C0,873E202533B07409
17045,2721,59936ACC5EAA9A72,C8C76BA7D8DE045D
17056,2722,3D91FC0E3BA18E10,A17794D059773C86
17074,2723,A82A724D9D7595CF,BDF9B8719F7BAED7
17084,2724,74358E0884AB51CA,E550F485A600679A
17094,2725,525FF86FB614F0F1,6CB5A6333E8C0A1E
17098,2726,C77B1B8EC1E8BB90,6331377BD5542455
17100,2727,E5FE055BAAE88355,DC405D87EA0A82B6
17104,2728,D112DDD68D01999D,87814CD3F09CEEAF
17112,2729,8D6B7C1500FB7BE9,2E3EB857F6E97FFD
17116,2730,CF6F07B35E880B36,EED5FD01168BA12B
17120,2731,D7BEADCE901DBA37,85D363A56D0CDED1
17133,2732,57A0477175D7BE8D,E6C098104F6A86C2
17135,2733,EE2F6325F7E4CE65,0F80D8434039ACA5
17148,2734,9AB814E9572CF1BE,F3192D5ADDE852DF
17149,2735,30CD1DE88F440C09,DBF6BA61E8EADB61
17150,2736,75B9F7C4D231766A,93CFE5AC73575BC0
17151,2737,A23323E6E34F85B6,D710509D06ACB4D4
17153,2738,F4BB1A606636D276,352E44E87034AB19
17156,2739,B92AB49AD312D85F,BB3989145774592B
17157,2740,5451C579051A35F7,2DA15D783C3EA39F
17164,2741,22D6AF6840417762,C13CD43D77329248
17174,2742,9982BCAE12236F5D,6576D3BCB94A5113
17179,2743,6B9A9CD408C39E29,ABCF481AB741EB5D
17196,2744,2EA01D2A1FA74A0C,E7DD5C3F1DD6386C
17197,2745,F74B1968509D59EB,1D17DC0C40384B23
17205,2746,F93FCF015A54C19A,17C6B9629D38FEA7
17206,2747,9BFCDAF0E5AC5A22,94E0CEB64F1402BA
17211,2748,C8D99C8996E140AB,F077E89DBE41A1C0
17213,2749,330FA84F6399B103,7A063601D9A9A257
17214,2750,331B8A47334D62D5,A66F9737BD6DF5D7
17218,2751,EFDF79A75729C237,1BBFB2AC05DD0139
17223,2752,BD960E2B5E4F4A08,FBF42CD71F1D9270
17228,2753,613C7C51B8239DD9,E7BE54DCB71BEDC7
17241,2754,980C22A6F4A84902,9FDA7CCB9181D4E5
17243,2755,E50A1C830D536C4C,5D846E45483BF76A
17245,2756,6CDFFE088F96A400,AEA883612B591B91
17250,2757,F99ECD00EC0C53A7,B206697BD5319E95
17252,2758,519BD5A812D86D5C,B19E4D7190F5C1D6
17259,2759,DC86E569BE1A5E7B,E1D7A18E50ECB813
17265,2760,CDE1D7A21E54EC92,DE4EDEBFAAEABE1A
17267,2761,EB3126D539F8FC3A,524281A4C2A43DC8
17268,2762,073B50496B613A59,B211AC17A8F21028
17269,2763,0A9FF2BE1218360D,8299BBEDF28BF089
17275,2764,3209055B2BAAAA6E,8790DD9D94BD4E3F
17276,2765,AE4FBED867F8AB64,A61293212C47D096
17281,2766,D214CE9116F7545C,8A0EBCDE6538E5DB
17290,2767,BC3ED4929EE04358,5EBD75B560E90CB7
17296,2768,7611F4E8C9A84B41,2278549B716973CD
17299,2769,679E64B6AE777703,CC81ED0DEF785BEE
17300,2770,AA2ED2065FD2AE34,C798E455265F5AD3
17302,2771,13F7892EF3685D03,CDE619CB1AF574E8
17303,2772,DB0BDE2E9E15DB28,333C2FBBE78E1B4B
17304,2773,F19D90F6EB9888F8,0F8582E580249CF1
17316,2774,A9E2441C0183C191,AC2B70EF73AC1071
17324,2775,1D2AA7B1AB996154,10C5A58BFD0052E4
17328,2776,44BFBB712D80A95F,00D00259909CA1C1
17334,2777,A0DD6D7FB003135F,0A1C63AF42E5AB8C
17336,2778,F59C7B1CD000C22B,DEDB7DD36878AD40
17342,2779,60EF0A78B647ED23,DA6D3F3B58747A58
17347,2780,370A6DEDEE6FC3A6,0A5E0B17B41CB98A
17359,2781,A19E8C110D84FF2A,4A31DDC0ABB9B1D9
17366,2782,2C3B1A5F30845194,4E6BE93828A140B1
17375,2783,C4F3567BECC7B49A,D56E88528EEEC9E9
17378,2784,4AF7D48182CECE61,C6248A3AE6EAFCDA
17382,2785,12E4199BB72E0E27,A70ACB7CF04263B5
17390,2786,9712559D1F0DAEC7,731C14785B751603
17397,2787,5691411B8BC0A8DD,357109F6A04C0D50
17403,2788,E8CE8F682C0D1BFA,91F7C526A9E0D1DF
17405,2789,51D0DC9D8A1AEAAF,8A4FE346098E22BD
17424,2790,B92F9A6CE1364450,16FE8C3A787A2ED3
17426,2791,FC93E0085A9B9C4E,C838E9FAA656D78D
17427,2792,EE32D3A99A67BA3C,382DCD8C12ADC5BE
17433,2793,9275262A34219763,E7C0A65ABB39DBB7
17434,2794,AC5D920EAB6DB0CE,CAFCD2FB3715906A
17439,2795,E6C108ACCDFF2194,C69C861D5F1041EC
17440,2796,027F7A20CC288FE5,BDB6B170C9107323
17457,2797,A1EFA28BB7A5AAB8,C2AF3821A0349D16
17462,2798,4F5923570ECC5236,7D31B91624E43087
17464,2799,ECC7554A5CBD0251,1813EE857EAFD5B5
17468,2800,B3E737A16AFB47C9,4385F729ED37BF12
17472,2801,7658D9A3501C4B9B,269DD48E5C3B6006
17473,2802,BD32DA79E7D1DB53,E4E142F2FA71A643
17475,2803,BA3903E36EDE34A8,BDCA1A7B8EE97FDD
17478,2804,4146FF34B85307FF,83045C5FDDC4A774
17481,2805,9242A350BF7CE286,5A52BF34D39F9861
17486,2806,AE34CEDDB19E2EAC,E9140F6F62B24B94
17489,2807,CEAA13AD16D85D89,843A4508F63BDBB5
17500,2808,569FA1821A10B454,45AB49C52AF2641D
17502,2809,820152294B43F0D2,147794DDA4BADC5C
17506,2810,11DB324FFBD57A3C,C96311610F76E87D
17519,2811,280E5FB1A7ECABA2,C2706CE5D373E2A8
17532,2812,0D68F93CC1EE57E1,EFEC699EE2C857C4
17541,2813,D72EF878552D51E3,F670960C6E46CE98
17544,2814,627A70AE3F9335DF,CD09A1CEC69B2D33
17552,2815,13542BB9BCEA6854,36C091564917D4BB
17556,2816,FD6941918F9EE827,186CA1B2F4E69D02
17563,2817,EA1AE35E8E4A0DD4,0B1FA6801179C9AF
17574,2818,6FE3A6A4EEDF5E6D,C147D0E292805558
17575,2819,10E32C95874AC564,A949E976EC3FA293
17584,2820,557C0FA196FBBF9C,F2B1F8BE6BD4F1EC
17587,2821,4721483EBBB7FACD,AB50BC16FF0DA161
17599,2822,9593EA4E90558233,CD233DDA5318D4D2
17610,2823,A0A5F51B1DB15239,DE91CD1BA29FB494
17615,2824,BEAB982E9401151B,FA782877F01F569B
17616,2825,39488ADABE0F9B98,A974290EC4CEBDB5
17618,2826,BE4FAC6F458A70DA,6C7614C485052813
17620,2827,DBF1E01CD2319051,8FD45B979918320B
17622,2828,5EC6706277FAABA4,50B8AA0BA406ADEB
17629,2829,023CEC4D755B76BE,0BB8577FFFF21E9F
17640,2830,60DAC9749739FDB7,D96DD04D93CC676C
17648,2831,13948222F1703820,BCA92E07EC496ACF
17651,2832,72A804836D2DBDC6,915A293C0919B234
17657,2833,DDEA3C026DCC7843,044FFC1670140B4B
17661,2834,BF3479CC7CA0061C,170B7C8F2922AE13
17668,2835,95BF5A418266F41A,799234F2ABB3A023
17670,2836,8AEA0E4135F7AA15,525A6823540CF75B
17676,2837,44AEBD4FD67BC695,98491A3688F7DFFD
17681,2838,F674AF67B2D61990,6CD9B363C6CA906E
17682,2839,0B71025E713DDF57,D4B930615FC03431
17683,2840,FCEEE775DFA4C040,B33DA301F0FE33C2
17684,2841,9258D4B571229C85,5709AE46C717AE1A
17686,2842,2C5BDB8837EB18E5,2B538A69F87B2207
17715,2843,ED4956EC1838EAEF,42EFCB4B8BC8D52E
17732,2844,1326738BA6B4272B,BC893A8864D396B6
17736,2845,64397D9BC8E7535B,7077BC045D711426
17741,2846,CBF581965424A291,F3D46B75B9DDEA83
17743,2847,D52790AAB5F2D030,256F08A0FCBAFBC2
17753,2848,D1E0704FE43BC703,EDA7E6B22132044F
17758,2849,2F7C18466FE2989B,28314ADFA803DEBD
17765,2850,A0F0B22CC875C1EB,388C32B5F64BF052
17773,2851,EFE1C19F810405BE,D88A6DEC5BBFB424
17775,2852,FC50FB5A66016F1A,A57F0F45627DB074
17778,2853,96143C2B748CA406,8510591DB00CB690
17781,2854,776223EA5AB2E42D,A72C346C300DE5F4
17791,2855,B27B7D1F48A12978,8A13B89933069909
17792,2856,D5DB055EC6FBBE89,755605C2DAE214FC
17798,2857,69942F9C9CA6C3BE,FCAF7E8E1C754F24
17801,2858,4A4F9C769D931C69,A0950E79B4DC54A3
17805,2859,CB3CBCC4598515D0,5967A9C503C77FE5
17809,2860,E81BBC10EF943E25,A9176A6B1FC2849B
17811,2861,3A7E19F22165C18F,886F55BAD79412B4
17823,2862,ECEC1C87B223EF7F,1B69AF7EFE2C9B70
17828,2863,C4C2EBBCA464FFAB,5B74546434B0C4CC
17829,2864,9B1572E1F238CE40,21A4908EC2905513
17842,2865,476569D7BDAFA4AC,2F30ABEB7D7E9FA2
17845,2866,EBAB46BC22068A86,1DD0E42202AF3FE7
17846,2867,B7988AA0B4B0009D,14EC3BFD362E07DA
17854,2868,8645BC163AF4A46A,4C6871F62F8B521E
17856,2869,4EC8104FB28B243C,E9484598733D6558
17859,2870,BB49B0C8123A84B3,2E73087EB5D7F54D
17863,2871,5074D08709474D5B,90F6B478381D48AC
17870,2872,295D57DCAAF07BA5,1F37BDA2F9245733
17873,2873,EA190C670981B17F,2D1FC41C720FE959
17879,2874,F8F66A0B0FDB20C2,FA19D4A67205A10C
17880,2875,6D25B044B60552E3,5077F7B28B997F01
17883,2876,98C5CDC9149FC1C7,C9092AC0BDBCD447
17888,2877,EC99CA264E8DB8CB,3E06AA74FD940A00
17889,2878,C794445606A9E311,A233DEC59F3CA215
17892,2879,E448C65B357E8707,DF981B4F90B1ADC6
17893,2880,A51D3A9371EF1F58,4D1CCEA730E7F21C
17895,2881,3A4F9B5937E4EC3C,8A4BD81D3F164642
17898,2882,88F8039298D32616,AFCFD11A61D57E6C
17902,2883,3E2E0F685C9D4433,BC7E6A79860BEAB6
17904,2884,CCDE4147F3872CA3,A9CD060BF0AED24B
17908,2885,A59F4D7B7DBA189E,9FCD968181F89EE3
17910,2886,9517D3D11AFE66EE,B1C2133867C63F1C
17911,2887,BD9058BB6C4D19E9,AEEAA9E1E261EE21
17917,2888,23E5535AD6A7C6E7,F28F81413EF8846E
17920,2889,0EDD7965DFBF1B32,05AD1DC2AFE5EF02
17923,2890,5507641940934EB8,68B5C2D04745A661
17958,2891,DE4FB0E83B99583A,A4C3DA6DB1A68953
17959,2892,E913C6C2C0738926,3A12BB4C4F0AB421
17964,2893,5F2F96FEEEA881C6,6FCB7AA4914BBD7F
17965,2894,E0ABA47956F1AB78,45450C8AC7F6761D
17978,2895,CEA691D7657E6CE8,FFD18D3554129826
17994,2896,B9AAE4D6D35BA432,5C989BC03CB67C22
18001,2897,51F808651B0CC62E,9BB5DE8F3A48C3B0
18004,2898,B8EABAB225F8096A,830ECAB2E93882EB
18016,2899,59F8904B4F2C0D3C,59B60226D7A4BDA2
18021,2900,8FCA89840E6E2A82,F2081AD6B02CBC74
18027,2901,B6ABFBF6ED692409,2F1F72316A052C38
18030,2902,DF639A8C5551EB21,FCA9395D8EED911F
18033,2903,13020FBCA9AB7BD8,35705F91E7EE2F31
18041,2904,6778E6341DEEC8E4,0038D7926935E6AD
18043,2905,3D0213000DE54F93,1D8D8E080FA94B3F
18045,2906,8151B7A822A239D9,62DEEC23A46F6A23
18051,2907,D3CBDD26767785E4,FD7AA1AEE5A2A2F3
18060,2908,A8B3F81B80C0C718,BEBAD236057069A3
18063,2909,6B3D587C0085D62E,A8ABC81038CB2444
18075,2910,7428BB6856824D83,CB63E0E35DBC5951
18084,2911,D22852989D165E8B,3436510350D4D47D
18085,2912,504A7E4C283C6AEC,49C50D9E196ABFD2
18087,2913,C0913AB2B572D328,20CAD774AE8DDBD1
18090,2914,DC5FB476AA1CC35F,B43703AB1110098F
18097,2915,D9F126E833DEFF19,06B9334750A426C4
18103,2916,17020C5A94F9CF84,E118BE0344E0770A
18109,2917,E5EF349F457050F8,B8BAAC0E9C45C845
18120,2918,320500EAC01AA23D,6787268824B2F7E8
18133,2919,346B0C81301025DB,F7A384605F84C59A
18138,2920,8F68BDE2D1550B90,79D47E8B0CCC71BF
18141,2921,C1FE8D1162736762,81FEE0476AFC3616
18169,2922,BC3C84577D14D185,7A08E6A1B1410FC7
18177,2923,E8C7A6C340FC1E2D,CB3539832625F4C9
18178,2924,98F8CCA92D28947D,0479E1F841E81F61
18191,2925,C48F67F4C5144828,A77637FA3173CF5E
18193,2926,AAF533B55C7624A4,E8466B6ED1A287E0
18224,2927,903FF5243A72AC0E,447A8A01E0FD6083
18230,2928,BE1029F8917FE7E4,28437BF714D05DB2
18236,2929,D4E210D88EBC9DA8,DC00285F28EDB91C
18237,2930,82EDE2ED7ADCD0CE,D4C73B67576E314A
18241,2931,E272F6ABB96AC9B9,177CC080AC7D385F
18251,2932,A5AA6D87971E3B8D,B57A85BA2E9A6F40
18258,2933,8621369A45A4EEFD,22300C6BAC6B7E07
18261,2934,4A444BDFDB5E229D,8CC504538CB6F492
18264,2935,12B326CEB7BE16B3,1F288E9305F70346
18268,2936,A277EB231421B8A8,A5986626AF0E69C5
18273,2937,78D561CBB34B8689,4462745BEA107D15
18283,2938,B7A1EDE5A6728D6F,9FE1453663416371
18285,2939,40087374DF27DF65,E3502DAC673B45F5
18305,2940,714257A8509E0539,B13CF12640E2ED8E
18306,2941,E517ACB6DE0B0BAE,E1D5262A6DACE1AB
18316,2942,60E58B3ED8C61EF8,921B8FAA665D6C61
18328,2943,7B4F776ECE3D956B,E23923FC416F83FE
18330,2944,C41E2E2819F2F20D,D9854FB79B6E37F1
18339,2945,11079267DA74A40F,3BE190D78B4DE98E
18355,2946,F5B76489E8233FC7,063ACB2544B04C5D
18359,2947,8A33D82FB20819B5,0AFEE373F6C4C992
18360,2948,1CEB5E6B4745BCA3,DFADAE6B566CB03E
18368,2949,EC0DAE0DAEBDD7E7,F12E217CDA64B40D
18372,2950,C7B0C99709D42C40,4D638D36610B52FD
18376,2951,BF52324FF9D24E0C,6A6DD75A865349DD
18386,2952,9A7D34759FB05025,760A2EE07F267977
18387,2953,7D20D0B5FF35D532,5F5A61B62AED4CC6
18388,2954,DB0F313FE5B3DBD2,B423E09905A8D842
18396,2955,DF2827B289A3256A,6E71E6004C28E7FB
18398,2956,EE0DD76A64F6AF6B,70C53F3BC32D641E
18410,2957,892B3749535734E6,769E7CD0F45E8DE2
18417,2958,B0968F6CE1F007F7,F702A1DC3AD8015B
18428,2959,E43E3CF02CF17506,76ABAE36622B1A43
18430,2960,E95C0604B387599F,EBD2180CA57427B5
18439,2961,69BC029FE65036A2,499CB1AFE38F43E3
18444,2962,96E54500ADCB1907,EE576E74576512C1
18469,2963,DFF53C6CBAE91EC1,B9EDDE12C99FB4E5
18480,2964,893A618B3A9D61E8,830BECF8E92C7C1A
18490,2965,DB781033DDDE97EF,11ACD40FA3F2317C
18495,2966,5FD700DBA11309FE,074D3BBD52AD631D
18496,2967,ABBD28AA33C7F688,1C3A2E6794126BF3
18501,2968,DF68CDB756B1FD3C,85076E3368471652
18504,2969,A8FCF05AF74ADCF9,C8F3E556E4BC3701
18507,2970,E40D1AB6B93F92EF,B2A359FEA44B4098
18520,2971,5CCD071227D61EAB,77B5A0D6D6CB889D
18521,2972,D9E150B9D6BD1DBE,2722DB6474F2B1C4
18523,2973,3270C46C6A8BE171,DD8934E85CCD8314
18526,2974,0474CB0F4A4AF5AB,A0DFA27B392AB4F7
18527,2975,45FE2461AA61142E,6695768C6EC66B26
18528,2976,2F72119B6F265EEE,2CE6E7F6CDD03F4A
18530,2977,2478DC0D0CF51726,3442E263D1ED32DE
18535,2978,FD840711097100D8,E1B023586079B18D
18545,2979,B1B4A38A948344F0,D07CCA2BBE76DEB0
18546,2980,79A12245A5A1B060,4D78F5CD9D5F809A
18547,2981,5CAADC0A97788F1C,80844C9C721C0B79
18550,2982,166583B4A85D46DB,C3E1879D420FEE36
18551,2983,0868BF11737FB618,84DBE503581EA6DC
18562,2984,E74BF7F5F00C2D34,CDEB67F35A9364DE
18563,2985,C0A326AD43236419,AA27D82A52F40771
18573,2986,4C2CB4822CFC5636,50DD935727555E0A
18577,2987,BC9D9E14F5856606,108AA4254FBF4A0A
18584,2988,A1B8060C85FE6E3E,F884FBFA213D3530
18586,2989,0A1624548CB5418A,FB644BDA5FF7A221
18597,2990,F2AB3B6BD294B039,8DBD76D129AEC696
18604,2991,0461B2638044AF39,02EF1FFE03581256
18626,2992,0DDDAAD409019935,42DEA55D6F36A3E3
18642,2993,78F9F5B3327E6498,0B59B7956F4EDE0D
18649,2994,68DFBB15BDD8B17C,63AD4B5FB33A5B19
18664,2995,317FDB12CD761DFA,036D04F7F50D2612
18670,2996,F561705859D85489,5B910D4779085C6D
18679,2997,0E01A0010D717D4C,275839ED69B7C111
18683,2998,99C93C306D078207,0E17B2230EF27301
18686,2999,60FE1282401EEA07,EAAF06DB707D105E
18697,3000,B4D9AE997C1B0F36,CD8EDD358EE0FD51
18712,3001,B9A5C9092EF24DF4,4C59CD0D8E0438BF
18716,3002,ACF966CE62DA17BE,5783871AA428E53D
18728,3003,6ADBC8F5CD500AB3,1A9FD605699DCC3D
18748,3004,58B953CDA3BC9C80,1CB6168083E8FEF0
18752,3005,77AEED20E059F83C,B8477FEE972751DA
18754,3006,898FFABB899129D5,F86BF8FB292C993E
18755,3007,73BEF87104705B12,B1E6832E3823318B
18761,3008,7DC7087D30654B72,361843815CBEF231
18765,3009,570C0BDFF85614D7,BA3EFF0548D90815
18772,3010,EBFAAC74688D2B6A,979522485AD96004
18791,3011,A078AF3148D95BB3,8467781CF85E2E3E
18792,3012,2F9DD4BD4F420F0A,9BD04DC734329488
18797,3013,A83D168C7413B653,BDF56DFC949EF492
18802,3014,425A36598E944917,13AE91A85B775764
18807,3015,05CEE74D3E0CAC56,1D1D6EDB8DB98BD2
18811,3016,0D6FA5B53330575D,FAA5B771553B3AC0
18812,3017,66C48351CE283B74,E2B9546C4C5C7A15
18813,3018,103EAFAF2BD7F1C0,83DCF1DAF5BEECC1
18822,3019,E76AA792D8075882,0C2B136A88161935
18851,3020,2765F80E19DC1E21,893D823B73B4AF15
18852,3021,9FA79CB9F16C0DC8,CF06095738E83851
18854,3022,DA51658EF779B3DC,904827547CA190DC
18857,3023,D7ED4F3F78F6361E,003DBCAD513249EF
18864,3024,1A8C5BE1AC9A7077,06C73EBC6CBB7F2B
18867,3025,10965BA095C96F16,5B5E0D136949B05A
18875,3026,AD4B9A685C498C6F,14FF91454FE71BC0
18878,3027,1CE90C46A6674509,05AD7BEDAC8AD97E
18891,3028,859BB2405A6EC78A,3CBAB20E652DD114
18901,3029,C7FC308E1745767D,85DD11F055F8A6AB
18904,3030,C02E4D9E1AF7E0DE,1F001C8DEDB95041
18915,3031,C84033C21E541744,12CEA3C5691603B3
18920,3032,D565401631DA666F,898D0F2E96CD5B43
18922,3033,E12771C55648D79D,174C62B1E7CEBE4C
18930,3034,36C285DA43914D34,159F532BA20D8E2B
18939,3035,15EEBAC10A808C8C,6755402FB52A7850
18946,3036,5F7EE8D2F07C076A,96560307681C672E
18954,3037,4DE13D4FF11A4084,1217203913636D0E
18957,3038,6B38DD8317A14B66,1FFC41366CFD680F
18958,3039,0642524DE5E03DB5,704B4CCDC9C93569
18965,3040,472309010E859480,2F274B5A9D18C17F
18980,3041,72FE89443E9E92FF,E6F8480322430DCE
18987,3042,4AF9384F346C8A7B,87B8CB6FBE813AE7
18992,3043,CAE77A7A9D63CA71,0FBA4051BE1F8278
18993,3044,298A37115A01368F,6479489A90409799
19008,3045,D4831F5021889F11,3B2138F6D39DBFAC
19009,3046,214707814397A9F3,4C8EC52332BC3D7E
19026,3047,8F76F3C0B1408202,3171E95412BB2A96
19027,3048,CDFB2B5900AD42FF,E6608DC85484535D
19035,3049,4AC422575F065663,BFA844276E8F63A9
19043,3050,ADD8FF020A90146F,D28FC3CD2D84F1E7
19056,3051,C0973B499E2D2036,2BB75B1A7F795873
19060,3052,F7320370BB669C6B,969B1A391CBBCD7E
19065,3053,9EEB50DD034C1D8C,B304E5C45FACE343
19066,3054,0C9182F720B8389D,4978ADE2E5379C7F
19070,3055,62DDDE5B1A55E61B,931895EA6A877683
19073,3056,E1A7CB9FE65A6D03,D97E637B9C80E674
19074,3057,57FB84C40B8FC04C,40177D7DF2859826
19079,3058,65665E5ABB08C192,C55AACE58BEBFBAD
19103,3059,A562D1AA89C13EC9,D9370DE55F9E2F07
19109,3060,8528A7CB38074758,8599EA942E88B32B
19113,3061,7EA2F9EACE00F9BC,277D041C35BDE37A
19132,3062,7D9D3DEE58C5E27C,0F5500E391355899
19136,3063,CCB992EBCA4AF17F,D8A3104161525C16
19155,3064,4747A0B254BBBCD1,000A2EC086A7B921
19156,3065,C1CDCEA6CCD2C9A9,BC3B64878C463E9E
19158,3066,5B1F31071187909D,5DB30D66CFAE5EED
19163,3067,F23E9A36BD26C1BC,9160871ED3212F05
19168,3068,6F286B625E983AF2,79EDA2AE9FB7E357
19171,3069,0D3434BE8787285F,7CDC35DE73C568BB
19173,3070,DC929624CAF55026,D145B1787BD29250
19176,3071,853F507EF192F428,7D441BCF05324C9B
19180,3072,C738B1391D973012,09E1BFCA857600FA
19181,3073,159D335D5EBB3C04,C32CC11D24F342FA
19192,3074,A21EF2F18ACCE322,C8BC331DE327388A
19195,3075,4FED21397DD78457,4CB2C84A6AB48B72
19200,3076,F1E32E78D55186BD,2E4D1337FA887BB9
19205,3077,0566F683CE21AA74,42D871963CDCEB32
19206,3078,6F8D3AA91CE7AD45,97CBE6D7B68838D7
19217,3079,B43C5BCA3A553F1A,65FB81FC9207F3A2
19219,3080,D3264FA88434A068,DE071E2DEA36E30C
19220,3081,716D0066093D5210,F1667FDED5B18792
19224,3082,2B64397BC647A95C,048B3DD75FFD359C
19227,3083,A478282866AD5DE8,A56274CACC44D694
19239,3084,4ED809607A281FD6,DDD693276AFF4AC1
19242,3085,88718655B6F2F930,15745F7BAB66A803
19244,3086,82E8B09F09B2B9DC,CBE06EB1BDED69C8
19252,3087,EB0014F4E2EE81C0,929333A4A5655D5A
19256,3088,4491255373499CAE,DAAFE83AA31F5CB4
19261,3089,51A225C935E72808,D6E2AD929C6D81AC
19269,3090,631773AA824E8634,6ECD3B768BB647F9
19272,3091,D8B659DA232D5BF5,D63F3E03F9326098
19274,3092,3DEC6CA05C0AF9C8,BDE5DBE1F38A4D92
19296,3093,220A1DEB64288914,687A0C93AF46C825
19307,3094,D79E9A6D988E076C,309050D01EEDE7FF
19309,3095,42D88364DB20F5A6,3479DC589A6DE16E
19310,3096,E3C35ED69DCF45D6,109D7FE9FBAB2F9A
19322,3097,F9CC7A2FE0839676,0C65EF9BA0228452
19339,3098,D3200F14BD056830,42E411143D0090C2
19340,3099,9BFD1F7083BCFA9B,238387E034C40877
19356,3100,397BEDF19D2D1034,76AE4EA8AA5773D8
19357,3101,1620BD0B25913FB3,77E3EA3D86529E90
19363,3102,BB4383FAE7DCFC04,885C8B6DAD8E0273
19367,3103,54871CF9C6EB08E5,88EDE805CA734054
19368,3104,1E1B2EAAB376C8E8,82E845FD27A6D74E
19369,3105,322D170731A452D2,ABDD97CCBA4AE3FC
19373,3106,6367D8490C4F361B,74FFB6513938360C
19381,3107,26F78D1BCC4EF3DC,6AAC09206B8C3A19
19383,3108,D5E09E51BC1C6DBF,E0D96EB74F6B8F2B
19387,3109,4EA6C2DCBCF32C3E,10D7B9A8EAEE1D33
19390,3110,F57C944BD1917BF9,0776257A7F08E50F
19393,3111,5B11995CE0A6624B,951C74C83E2763DE
19398,3112,59E90E6D5E7EE377,5184FF838106AFB7
19401,3113,0E0137098BDC03DA,A83FF6A18A1A39D2
19422,3114,2185FCA4FA4C02DB,751277A7A8BFED3B
19423,3115,AF44045FDA8F3660,1678B6D6A9F85EC8
19425,3116,23FC055505B147C0,F8037A288DF662C8
19429,3117,EAAE3A6CF5C6E589,F8DA012D65F8632D
19431,3118,6164E68A84B3DE85,DD1C088A98DFFAD2
19433,3119,4034BCAC00B4938D,BFE25C5FABD412B9
19443,3120,4087B9C8A7968D62,86557D5D15999921
19445,3121,E563ACF223A51179,38C44C891FCD783B
19447,3122,209A536FA409D4CA,CCC15AD9C9343117
19449,3123,4A971819EEAD540F,114EAA71044DD407
19460,3124,A254C52B3DF51BB7,AEFD9FC4460810A7
19461,3125,6B98BAFC9BCC4313,2853BCD2ED20B595
19468,3126,E05F0B7D311343AC,1FDBA229D51F99CD
19471,3127,58D254E2415C4C1E,82758482A9EEC8B8
19489,3128,EDF5438683A09037,41DA52B850430E7D
19492,3129,EF9B3115B01C11DD,CB7DBA504C1FA27B
19496,3130,60599E1EA54C9BD4,A714EC2F3EB94281
19501,3131,1DEAF133D7E63718,103579E7885A4B2D
19509,3132,F89E8DC53B5471C9,0406E84A16B75775
19511,3133,9EFE71677303D100,3900CB9152A4D8D6
19513,3134,BA0F890AD0ACFBE7,42E8F5EFA897A773
19514,3135,85CBC9DB2EEA6331,6EA364573D7815E2
19517,3136,8B1887A74FD883BF,B47105C2C9609688
19524,3137,04994AB3E0703231,8AB15EB49966BE90
19531,3138,77C815330DA80EB9,3D7BE3D05DBB0FD4
19542,3139,465EE355A68E52FB,53FFB3BBA349D168
19547,3140,3D54022336336173,7AA1480354F1473C
19549,3141,73DD8D597E2F1A63,B9D4EA2A389C5420
19557,3142,445956EB3BED9BD9,C9AB355CAE2CCD9E
19590,3143,9190351158CA890C,ECA31C062476D185
19610,3144,2AC1298B3A6D4988,760D3CFF6F75821F
19612,3145,3196C33C71C67B15,72855D9A7F52E693
19613,3146,EE03A13137423ED8,11842CED8379D997
19614,3147,F3C09DC5FF6D6726,A56A34D30CF50967
19623,3148,2AA2E176F3952D4B,97C970F729527789
19630,3149,2C386201F5BE25C5,4119B655E5E54BB8
19639,3150,ABAC8EEB1A2144E4,E62FD9AA372627A8
19656,3151,579916526D361744,A3A4162B97A347CF
19663,3152,28BC4DAB68EF224D,519E9769CF430961
19669,3153,FA123A5CA8B65109,6D8B6C52564086E9
19670,3154,145117B318675701,83FC67161CCC30DC
19686,3155,716C815F518DEBBD,9CEFC2F8CD3329C7
19689,3156,DD9A8C6AAB8E3334,091F1F536A1EDFF8
19690,3157,391ACAB35A532FA9,1153C24269DEAF78
19692,3158,41E62174D1956DF0,B2ED96F79BAED7F1
19693,3159,4B3910B0A0C8922F,C1C7648757A55A06
19696,3160,27C578919778B054,06DA4E06C1AABE1E
19700,3161,D45E9B59A2F8E52A,87415ABE0C2D7AB8
19704,3162,0DE751A7F2088ED9,EEFD71D14D1A688E
19708,3163,4DFB23FFE137BF40,A328D68D0F811224
19709,3164,7D280A4DEE6723D1,EC8E325C0A9F7B5F
19714,3165,76ED357238A3B52D,88881E2A0646122D
19718,3166,691583C0A6AEC28F,844949A82067ED88
19719,3167,9CE8009D02319898,F9EF117DE39444D3
19722,3168,A3974EDCE04C8E9D,68DE03BCC4B3A8F7
19723,3169,54A1599FFD452621,258976877350CB1A
19746,3170,2FC2510548632F0F,6DABEA85F75BDFA6
19752,3171,73168DB17F8F60F1,36A07E4A968C8F3C
19772,3172,DEAE5EBC7281255E,7D546E9986C66A5A
19776,3173,BFE845C7F47859E4,94B9A80C2A3A420E
19779,3174,C7E315EE9791EDFF,BEAC6AB91BEE8FAE
19782,3175,4487E0043B8F8A89,6298902DB5571B2D
19806,3176,CC65A100100D1EEA,24143354B2250CAB
19819,3177,DF29E8A3D726A9FA,57E19937B61EACCF
19820,3178,75E0A5E68E097A92,59377B9320B14854
19823,3179,8BDACFD266EF2B9B,22DFB5B9D851EB04
19829,3180,2B6B793C82106ED8,D0966100809F02C3
19831,3181,0DF433107C8242E8,B2D1EF982A5BBF44
19834,3182,9714E6BAF26C8501,8177881D9CB97342
19837,3183,B5F2844373F22DD1,0DF32B238DC3E312
19852,3184,FB78258909A76C62,A349B283E387D4A7
19860,3185,BCA4F6B71BFC94F2,DCFD64B0E1630550
19866,3186,30B387DBE71FBD61,823FA390E07C9ABD
19876,3187,1635BF39A27DCF36,B017CFCB2532CA02
19884,3188,831AA7DA908DBF16,E3A377B7A0B0EABC
19905,3189,5FB41F8A26488D8D,6023FBC8A5C126BC
19914,3190,8CE2714B74B5D32C,76B91848188D34DA
19918,3191,082E78E7DD293C50,0DE4BD25F77FE2B1
19921,3192,39A13A6DC51F67D6,A67526BBA577BDFB
19924,3193,B3F4861E4727DBE9,365A0324BDDD0326
19946,3194,264F382B3A6FF306,C6ADCDA12BF5ED9A
19947,3195,CC18065962EF0B50,9D9CC4B89E4A07E3
19949,3196,7A23E0002F9EEF3D,148D8B90812711F7
19950,3197,EDE6D263E1643C1C,452F69817F33D841
19951,3198,050532F863804F2C,F530377F8EE79638
19970,3199,394A3EB7D8767CE7,10419D61EFA49D73
19978,3200,F2799480A74C6C3F,0207F8CC2FE84568
19984,3201,B71AE219029D7F06,B8F7281292375410
19989,3202,C9AFAFC9510D28C9,5F7CF58BBCADCEE7
20004,3203,F10F9B813D823656,83CF3E1FD8E582A1
20006,3204,11514D86379A52CD,A6C1F05C6BE0BF64
20007,3205,60F5E8124F63D910,94ACD191279861BA
20011,3206,8891663CED5A9F66,C096B4519BF684EC
20028,3207,A3EDEF1C11831A7E,B19C9CA8939EA599
20035,3208,220FF77D4586C638,EADCFFC1974828D1
20046,3209,EA4FFC3B923EBFEE,EA9817D1DBB22FA2
20047,3210,A351BE92AA3CE199,472977696A9CC649
20048,3211,0F384EFA4009DB87,854D4BE353B7241A
20050,3212,0C71D2432C2CD774,C32DE93E6C2B1062
20051,3213,961F53AE2EC1134C,518C6B43BA07667A
20074,3214,ECC9AD538F51CEFC,45CB1D55EBF94CE9
20077,3215,92D36BE2ED932F33,23D87BC6B6E4B45B
20079,3216,BD001167A557E8C2,BDF27423B6361696
20093,3217,24E4C25198A6411C,F4A36A29716B5ED6
20106,3218,4698B0306F69AA57,1FCB2D184B266771
20116,3219,6B2D677BCA1FB300,772076E5C212B975
20122,3220,9FEBE64A93C029D7,927CE858F3220A0B
20124,3221,34576F776FE399F8,E4506A5127BF8559
20128,3222,4F6040102323D1E2,44BA383AD54E240D
20130,3223,6BB5CA6A446E13B1,028E52EFE482763D
20150,3224,EEAA6087AA579FAB,A8214BD4A01F5FA8
20156,3225,B312AF3B95E5FBB6,3474834B5ABA33C0
20157,3226,891D2484CAC97B4B,083DF0C9BB60A312
20160,3227,8DCE44B73E41731A,089847CE7EBB24C4
20167,3228,A9F3B7D0778C07A8,68CD988E21850622
20170,3229,5FF402AA80374DFD,CB7B34FEB25016AC
20171,3230,C942C79AF48882C5,A78C080FDBF5B013
20177,3231,5D32A29F7A80809B,2538BF0916255052
20182,3232,32769D541447AA91,9FB281C2442CCF7B
20184,3233,FDF71B4BD103322A,928E600CF7B39940
20188,3234,C2ECF83D9B2D4F5B,698E93BD1B47EED3
20192,3235,37751143D416B79F,D645A8D354435F49
20196,3236,C777F9784F6980EC,528E968FC5A8353E
20206,3237,1B6E53CCDD22395C,249B8A5E4C812628
20209,3238,379128FA3AC44D07,D205990154B9E835
20215,3239,EF975656D8C29CF4,C7443F0F537DD3A9
20218,3240,35968AE6DA106C76,85B9F2BA0DCD4024
20230,3241,5DE916B981B5542F,D3E5F1CC2F0B372E
20236,3242,44EF4880065622C4,75EC69C9CA314331
20239,3243,E55D889F1D5D8949,8030478BD7F1DF86
20241,3244,69701363AD4288F8,F5AE95D1BA0CE079
20242,3245,38C7FF4A47757A60,F36D1617C67780C9
20258,3246,B20CA8B658E9ACA3,1D0E24E2395635FF
20274,3247,2125A71EE82599EA,4236A05B9B714A65
20281,3248,E447E8CE1231B5B3,7ACBEFB5B9FDEC54
20283,3249,3A973186013D27B8,93C78A37F61D1759
20284,3250,70245A57032E4240,57E6A7908F5C2368
20288,3251,46248B0741B919B6,F5BC5CDAB65A3BCD
20289,3252,8A4CCAD6FCFC6568,E83ABE9C1B7C476E
20309,3253,05AC00D9D165689E,954109814DFF0646
20313,3254,5194BD16F24E447F,E7E80DDF063620EB
20343,3255,4743D131D11553D7,1BA8E925729D70C1
20346,3256,34DBB4B59666C605,81ED0099F87E6109
20347,3257,38C7B61F4BA35E9D,6A79F49BD6D0AEBA
20348,3258,D8B8E38CF74FC780,B414631733CD29A1
20350,3259,CEFFC8ADD2E58E03,9FF310A50722BBF0
20355,3260,391CA37B58F9D6CA,3611E6AEB62F1DF4
20356,3261,D4618544202E635B,5ACB237D885263ED
20364,3262,49B86D7889832DAB,9A1DDF9D56C57455
20371,3263,B1875DAF2A8EA6E0,3116C38316986F16
20403,3264,6CC8BEFC12B3DDE8,1DF34555F76C0D4C
20419,3265,3072DFAADD7C458A,29D9730FB4CEF5A6
20420,3266,32162C62F1D596C9,BD4BE51433A8108B
20423,3267,8FE504377EE2A447,AAFDFD07408B050E
20424,3268,0643C50F0D22FC6D,0C0D30A50814879E
20432,3269,B77AC33336D71821,55125FF8506B7652
20443,3270,96F2D0D79A8FC1E1,A33B42BC557FB5C8
20449,3271,FF3A49D3D00062AE,4EC6CB70307188A6
20469,3272,C74E1D47B200F62C,EAF7AFCB128EB9EE
20471,3273,34E97D96252EEC24,5B1EE7D47576B40B
20473,3274,D3B808FB558AE449,47730B6CA26FFBDD
20485,3275,76266DA2BB23665F,9CD2B69717BCD75A
20490,3276,5B8FA91A5C8A5FE9,A244063BB68838BC
20492,3277,5163BB19F5F16200,FD803A100A2F17E1
20508,3278,52B72D946A7827DA,5F1464D4E63AA0D8
20509,3279,CB7ED5DF56D42698,229287A121183D3F
20513,3280,61751F0D5DDBC329,F77EB1C212D7D403
20522,3281,B6785AC835DD92F3,6BA90F5863DA4715
20525,3282,7C47F0CD4AFE3416,56249D4679B9740A
20531,3283,7021BC5CB8E5A904,B4F67778AED4B310
20533,3284,DDDF8BB4F1E2944B,6F39FD8665D86EE2
20545,3285,B0DF66B93576E126,853AD80B5226CB19
20548,3286,8A0FBAD387FF745E,EE8D1D9EBB9174FA
20551,3287,A855A03E5436A932,7111F4B82C9C0911
20553,3288,3083504FFDBA17AF,CB7B27C1B4FF7384
20554,3289,2AC346CFFD456C53,17DC1481DBA25B41
20555,3290,EB88CDC2C067C716,571516AA308842A5
20568,3291,56DC4EA51E96CA10,5E2200A24A0975C1
20569,3292,B44857DB8624FACA,59541E44E46A5B40
20572,3293,93021C4648DE3073,F20D88879016C860
20573,3294,66FFAC320718CE75,541253248EC2677F
20574,3295,6F4615A40B7D05B8,D6D0EBFDDDD1EDBB
20577,3296,80C67AA6E9B68A90,FB561ADCD24A0126
20586,3297,3D8275F317EB658C,1DD93E54035667E4
20588,3298,4B2658EA2A6BC941,E2CC0065F43B5349
20593,3299,FE34ED8B2A8019C4,AF91F84ED27F1996
20596,3300,E41C8F22009CE434,7E4045A23C02DAA8
20601,3301,D13099F85F867DA9,638C30430534FF59
20604,3302,B225D3F88280EA9A,1F40DD61E29E795C
20606,3303,FD180872614312CE,05686485F45C787C
20607,3304,36B523ACB541C2FF,04D08F8C23701E3B
20612,3305,89FCD30376FEFC88,484AA4695DDB8A4E
20614,3306,11B29C3E808B3282,F298C128CCC5443D
20618,3307,0CCA1CAF862B0024,9C5D71477FC5723B
20619,3308,AD1E350BD86958FF,D3AFF141F3EEBC5E
20620,3309,DC6BCE263E8A7DAB,259426054730991C
20627,3310,8E96FAADD2366CFD,65E302036FE24EE2
20628,3311,5414554DF0BED5B7,9DAA9041B6431354
20642,3312,9C7CC8A3C230F892,0B878E402869E2EF
20647,3313,BE48131C01D89ACA,BD04FC9AA2EA207B
20651,3314,C4367328A8E154FE,1030112A7AC48BCD
20654,3315,9BE9D8D1ED675606,534366298143F911
20656,3316,A66B1392D543BF67,BF64F9378DDDF3F6
20662,3317,85C01187107311CE,BBBB298525BA5A28
20677,3318,8346BE43889A3196,B0772702185EE093
20688,3319,186BCBD1071FB82C,71786B2B8D82639B
20690,3320,E9D10B8810EA3926,D5C9F0BDBDEED36F
20694,3321,EBDA8EA9EEA14D45,45AFB97A2044F94A
20701,3322,830BC6FBA2441ED3,04E26A508F1C7CB9
20704,3323,3F3C9244DA8356F0,2921FC0CBCE40DB8
20706,3324,230DC5BF98942982,C3B93F83FDCC47B4
20707,3325,035399335D210651,CBC0DFD29E5926C0
20708,3326,55974EE70A38BFB5,DBC6B6773AE45BF5
20709,3327,6334473067391DBE,D79F9D824789DAEB
20720,3328,E92ADF6BDEECED4A,BC3EF787859B3C22
20726,3329,FDBF2CEE52B47A05,8601FDADF85D7A4B
20727,3330,00A43F4C779C0E2A,0EBF500C84FF0B0A
20729,3331,7F229E182C2B89EB,9ABEA5FA8610EA4B
20740,3332,2E4BF503ADC74811,3D1FE33F3F838F0B
20744,3333,491042FA49AB761C,B497DB12E6878758
20745,3334,890BFDACBCD6DE56,C6F53A14E8CDB30D
20749,3335,575796345972AC21,86BD78DB9647229E
20752,3336,D619BC4C6AF4B7A5,2244FA5E4F32171F
20759,3337,F6271C8F56D14068,C25FB7C099118557
20763,3338,C07C4C1927A51C54,F9FAF6D928B505E9
20770,3339,ADEAE2E0287E55DC,9EEF6746683D95A0
20773,3340,F6A63508802E65FC,B043A6B80CE06087
20787,3341,1B44614F74DAA388,80949BE89A509C8F
20801,3342,57898ED98CF7761C,A079843927C56A4E
20806,3343,FEBFA4B6A5C26510,CC762DB6D0776F4B
20812,3344,E8D9BEEE421610D7,90F409B0BF7DBA0A
20814,3345,B3F19878BABB2903,9D8FE01C865DB0C8
20816,3346,A2E7D02A90AE66D5,93094CE90D86A136
20822,3347,80348E443A60CE6A,2A60B1148DCC478B
20826,3348,B97F5D043AF3D426,0AE8127364867674
20827,3349,EC4076A6341C22DC,51B81BE6CF13FF35
20845,3350,45AF268F00B3BC98,1CDFE470BB6E7771
20852,3351,DAE7FFFA68BEC000,7EDC7F97A703B60B
20855,3352,52671E652AD4FEDC,6BA6DECC9C3954D5
20861,3353,8442A981519B6292,C248C42D2C32EB93
20876,3354,2C5835993FC40A58,9B136173B2D2ED77
20878,3355,2839CBBFE7CE545B,D0F08DE7CA2FE3F4
20879,3356,A4E7DD52A1434F08,B8DB25EA10E005AD
20891,3357,81E797081A51C086,330F992F4323B5F1
20896,3358,9F9CC8F8805D409A,49E9340C0474B1C7
20903,3359,BD5E2B54EA44DBFD,348A9810E536D10B
20904,3360,0B2CB892D1E26F53,9A619B4DA130C4F7
20907,3361,C6ACC4769E0B9967,614E068DCFEEA146
20911,3362,C1E15602BAD2E601,EFA950E82FE4C08F
20915,3363,3C0B09BB16024118,32D754B2DD8877FA
20922,3364,D25B4D196890AF22,B00F926ED552607E
20927,3365,39F5DC7E54B8C0F2,B2247A276E300E23
20928,3366,2ABB30461C6ED70C,F3C32C784CF734EB
20931,3367,2CDA36E8307B5B9A,81FF3925D905412B
20941,3368,C36004EF6B9FB959,3231785128BE83CB
20943,3369,959205BA5F60AD77,DC322E562B6016F2
20947,3370,4724762DF9D0FA72,987A5823D690C27C
20948,3371,825C3900CBA1D3B4,ABDEB7F94C549552
20951,3372,3EE12DAE9DA94022,5A0D75CDF37A334F
20959,3373,D5C11BEC8E1E4498,C0FC525CCD669E0B
20960,3374,A256ADF5BDB71B81,FDAA59BE4E5D5582
20963,3375,3CC3894EF50E3687,C2C26A6A8FE9427C
20978,3376,C2A8D728E0F1BA47,6E0A9D6A8FDA0117
21006,3377,B2BBF1B26500B232,8F2CF6FFD17FEE51
21009,3378,7E4421E38F4A7AB0,C336D556301F980E
21020,3379,51F607566918E3BA,12544E5574E910AE
21027,3380,DABC647B54F15DB0,26508FB07AC9743F
21028,3381,6E0CBD3ED7195C4B,E3204B65D5B4C203
21034,3382,C6E93C99A3B296F1,AA93F9258C841634
21035,3383,790EAA3F90513F15,056C39AA924FC973
21070,3384,C6BAC9DBDCF47030,DD9B166C68F4EA53
21073,3385,2F404274953FE0E0,C3238460049B5E58
21077,3386,D90E718CF15CD350,C0FDBEC313D84171
21103,3387,73C8A4BF298C8FD6,C5B6EB97FAE712C1
21107,3388,865498B44987C69D,3C5A1F4CA1DD5BBB
21110,3389,8699BA73E284F49E,89DEC0BAC966AE91
21118,3390,E042160E3C795FF2,C948F54CE00B3FD8
21136,3391,F3BF8786D3FB3084,54C0981566230696
21160,3392,75A9F67D664092A3,9D78B3F3F4BBAB2E
21166,3393,B1E21396FB99C803,1CCFB61B75C0015E
21170,3394,062F54AE34009BFA,3B1FDA68879E40FD
21177,3395,EA5B3E51A0C7CF0B,92A53E5659B2490D
21181,3396,3BF752BFDB6ECCBE,F415736065AF9785
21184,3397,06EBD1C539A302F5,5A0EE104B0DE1ADE
21186,3398,B1811F40DBF85FDB,D0494005D3BCCF73
21188,3399,4782DE8EB233F139,6492DA14F803F659
21191,3400,DF5C6A9DC0E78F23,586A703C932478BC
21196,3401,4C5CE2CD974C325C,C3A8161962FA287F
21199,3402,9D8A0CC685F802BB,947AB4C94AF989D2
21202,3403,64450581E3222B74,A411444612D511CD
21203,3404,A6366941ABE7FACD,C9EC4E760762BA8C
21211,3405,AFB06A5FD0D42EE7,7C5D91E5F3F021E3
21214,3406,625340C7B57F00EC,2E3233206B2CA97D
21241,3407,02FEBDF1804BBBD1,A75FC006B72130E2
21244,3408,DC9FA503B37B490A,0DCF377F8740EA54
21247,3409,79BC4F588BB4E218,7B80FF12ABD97002
21251,3410,EEFC20FC669428C6,756F237A241BF3CB
21252,3411,6BF8208563BFCD0F,7D0A3295483C8319
21268,3412,387C774BE78AD2AB,E6F1C1256DC793D5
21272,3413,FEFBA78204BD802D,B27177758321D7CD
21273,3414,EB8B1B5BFBC75D03,4427907754F8B605
21277,3415,C2770724513835AA,31251DD27E6C82BC
21280,3416,15091BB54775C89B,049CC1B6C4F80C0F
21288,3417,37EBC636FFBD5524,0A9D7FB7024D0A81
21296,3418,89C70FE9B5ACF111,0C461BFF7CEDBFCC
21300,3419,EBD82168BCC3F3DF,52F501A84DB840D6
21301,3420,37691EFB3DABB5BE,B0010EC01E4E5090
21302,3421,C0AC4BC5640E9B33,F5C5A1E25A82051F
21313,3422,FB2F836B109322FD,9552D661F18A862B
21317,3423,44446D69F2916994,ED0E58033EA97633
21319,3424,69CD6258ED396609,FEEC4B07B5B83CF2
21320,3425,98E43DEEFC6DF428,618570DF5F0B1696
21325,3426,08AA59B2086EB46F,57DA4E6FA6BB20DC
21326,3427,C24F13979BCF930B,5841DFAB425E53A7
21340,3428,4558D7E99BFAF3CD,0C2F8977CF1E7ABB
21345,3429,E70080EEABCD02CD,4FF04F9EEB11D2EF
21348,3430,9A91459D9730DDE3,FB3265B320D202AE
21350,3431,5B4DAEE0486B4A00,5E38EE04436B4F31
21352,3432,4F8B13B8706AADCC,A6E047D05D2D445D
21355,3433,2CBA9D45481EE025,436D09C15604B0C9
21359,3434,C70F83E208DAEDC0,2037CD888E310C16
21361,3435,B0B5A30166342D49,6C6C96F881907712
21385,3436,F92E92E2EF90F071,913AF8F8AAB7CF4D
21390,3437,BF8728BB9EE75D31,11C3C85A63BED909
21391,3438,DD88626E5CB36C83,D9D15480F43C5792
21398,3439,7A3A552165E367D3,A5FB447F44A73C25
21401,3440,F72698B7FFE26DCB,9DD874E2CF4FFDE0
21409,3441,55C33CF0B017D746,889D0B711F902F1B
21410,3442,E1DBF78EF9F15B84,56151AFB89A60584
21416,3443,81D12D7CD4DC70DF,F325C1E502F90A84
21417,3444,614C6879BD75CD2B,0CE38E3A704568F7
21418,3445,3AFA64874AAD6100,EC2FEB75726D63D5
21421,3446,735A5DDC7E0BF8A4,891D17ECC99CC070
21431,3447,E13997D7FBDBA299,2C63EB021DC510B8
21434,3448,32B29901434D40BF,850A97FBB6926700
21442,3449,F6C2178C60EBB223,891D0DF1DEDBB5D4
21446,3450,D231AF85866331A4,3E9EBC5670DE059A
21453,3451,18C47FC8E1C6D6A1,92E5A6C20C3A1521
21469,3452,CE787D3246D109F8,E75813B6967D1626
21477,3453,B2235869A1A69CDF,528C53AA75C0E24E
21481,3454,C071567AF84B00E6,B0858243190F3773
21497,3455,E66D005F04E123F0,8CA7DB37FB726D7A
21503,3456,76D2ABBE7C25AE1B,25D8CD8A70C15A76
21507,3457,FBDD939AA7FFB4D3,CA065CEA27A28998
21510,3458,DBC1ACBEB562F483,174988E53F7DAFD6
21513,3459,4A7BF5666A7AFA72,41C791213E112419
21525,3460,947ED7EDB64472E4,00990F84999D641E
21527,3461,0BC79CCECE4124A5,A0EF77A30149E2D7
21529,3462,1DBAA2AAF795821A,70CAB6B85BEC23BE
21539,3463,24C2A86E0B635C6D,6038E2B3A37ED4EB
21541,3464,968F4F0CB55BD032,16880FA410669A6C
21544,3465,E415E00722C27269,36375564D2218B91
21551,3466,343296D97D5B8DD7,3C60E3512FD77B63
21554,3467,A0EF0991FCE3C59B,87A3E2B59F90ED5E
21555,3468,AAA27C7819609D8F,3F090930CE4F4E5F
21557,3469,047EEB2CF066CEBF,F58FDBB07100830B
21561,3470,4A5D246EFB5BCF55,987F46CF9351178A
21566,3471,B1B118F60741E01D,C1DE451D38CB27C8
21580,3472,4CAAA31D4F4820F5,5983ED023A76406C
21585,3473,490F2617959582C0,653FA3377BF68D7A
21600,3474,E9F2D27E0C17F518,215D4D5D736E58B2
21611,3475,DBA3C6D6091E5696,7D22BC6003936F87
21615,3476,CD60275722B79EEF,0D198222B1E25704
21626,3477,14147EA0C494D290,A05F4033D6A8D868
21631,3478,66E3C13000901CFF,81535C5F7984644A
21634,3479,BCA8698B0731A88B,C240A44C5BBF35BE
21642,3480,0FCB262E6384BBAF,5BFBFE5F248AB7D6
21643,3481,867B1F60B62CFA47,7C6EF2C0EBC29C9F
21654,3482,6C8BE62840F15DD9,040223E3E76EB26B
21663,3483,031FE5985AB0BFAD,11BC04401DF17E7D
21669,3484,EE6D59386C0C5162,F19964E31A6B98B1
21671,3485,3DB7F0A1D6EE0F09,56B45785CA1AEFE6
21672,3486,3256ABA4020EE424,F4925518BBF04694
21673,3487,78AE4269AA33ECD3,E4A0D7090D2FEABE
21676,3488,85C6C879E35C3A50,E3019393AFEBFD6F
21679,3489,6FE28680B1272415,E3F6F0274D87BDEA
21684,3490,36D743A59552FC5C,C1CB05759DDAA614
21687,3491,BA9B4C829D264906,DB72F81DFC860E45
21692,3492,F7AF0CC9A5855D0C,C7D08EAD8FE12E72
21717,3493,1771C70ABCE76855,3AEDEE0CC14205E1
21718,3494,C7D566EDC5EBC0D2,17BBC1269B1A2090
21719,3495,879839E9B2B599FE,516B407421580DDE
21725,3496,9C19C2CDF46D3A95,8A1EAA1B63F95B37
21743,3497,9490D2C356CC82DD,24748C0C19CCA852
21746,3498,A664E0752355B9D7,15D0C569D184FA39
21748,3499,6099ADFC7F8DEBCB,4CB079367D70B8F7
21755,3500,0D9864C7B92B31F5,E7C16751EEEFAB50
21776,3501,3EE1C4FC3DA7B6C9,519CAC2BE908B84E
21777,3502,26A606F21A9501F6,5F68399DD9B0CE4C
21794,3503,FA57E6ECD12749D8,7190D2C735D7642D
21801,3504,26C31EE4DB263D85,28EEF4DD297FA34C
21824,3505,4BB30C1F504E2DB2,7C86C101116896A4
21831,3506,61CE490937103CCF,F1889C8565785ACC
21833,3507,7D0921A06A32F0BB,1C2EE06225FEDE1A
21834,3508,64E51708F08B1A4B,847F940CB02B6E16
21843,3509,6EABFDC62D3FD8B6,F5CD143042242AA5
21846,3510,FF6613FB9BA75FB7,1C1574A1AA9A9E50
21854,3511,D1A2B0F6A258FEA3,5480801A57CD5C06
21859,3512,46FA1FD6D514A06F,ADA51D333F50D6EA
21860,3513,50876B249A7241E0,216E9C5EECCDF285
21862,3514,58A2292E9FF9D692,48C848A209C6BBCA
21875,3515,2F97BCABF3723E19,894D7EE74420924F
21886,3516,8F61C472F7E624C2,2DEF42C26DB83F12
21889,3517,F909317872D35514,A9D3A572180C551F
21892,3518,D2156A86B907CCE0,95F159D553A36441
21893,3519,31EE1FC33F129330,56B1EC0B1C027C82
21895,3520,EA0D7552A276220D,50147C641BC2CA15
21912,3521,3E918336A7437D88,12EEBFA77B40CD61
21917,3522,63BCD0AB38FF51EE,B1C6E2EB691125EF
21929,3523,6F33500F5CB14839,08103507CF6A8F79
21939,3524,1A73D67A9A8BEE94,13A3F040A06383C5
21940,3525,3ABD15F1D5B9ECFB,D624C2B158097442
21945,3526,940D3D70DAFC670A,F645C3EADA1369C5
21948,3527,F08F3EE20F39B410,486E2A07DC035961
21951,3528,15E0EEFF5CB53401,5E3A2246A893C053
21958,3529,B7CEC6A75ABBD05C,FAC656C7B8E3CA01
21970,3530,534993D62DE97CE6,975BD003D455AF1B
21971,3531,A55FF15298C7617B,E6C418769ABC142D
21979,3532,61851E4531D10E71,8FD0AE4C69A2E4F1
21983,3533,DA63201F4093FC7B,AD30C851896EDC3E
21984,3534,FF6846D1B1D5113B,78FB2A882139243B
21999,3535,5E5E04CF27E80A61,62E889FC33CD8B97
22002,3536,2BDE7A515BDDDB01,CC481FAE2CCD3104
22003,3537,C023249A5B1E346F,482B0640A9F673CC
22009,3538,48EF7496FF28B60F,E295ACBF8A60AC15
22010,3539,44CB1226E719699A,4B5C3A3F0AC34F6F
22017,3540,C7D5B4E399E9EC02,00EFEC4175221439
22022,3541,F98D7716F55861F9,BBBD1B6D157029AD
22025,3542,9EB2B53EAA94FB04,740DF18329350E2E
22054,3543,240A3B835D480213,23184DCED1AD19B3
22055,3544,BAEFF19AB08597F6,47765E7BA5E113B5
22062,3545,61A711265F11D5F0,717D117A3F364A6C
22069,3546,5B19B9880445FF95,359EE59CB9CF42CD
22080,3547,F1A616533E00E618,3FEA17132752087E
22084,3548,AAFFFE07D5CEF119,614CCA83DEBDBDD2
22094,3549,F59B5FE10C5DBE81,BD0D20068B1152B9
22097,3550,1218C4CFFC4401EC,82081C06954D6250
22098,3551,5A7432F24D8E7254,9093C5042848C748
22113,3552,148E47E4DE2F9DD3,3A70DAAF2891AD55
22121,3553,E0D134B695247BC1,736C1B10CB7DFF3F
22127,3554,3EC7E65ABC756ACB,EC3290051EB69E25
22130,3555,7148828DFD460F78,57420684E278D164
22136,3556,B54CE63FE5B8C204,0E498EC415D59E28
22149,3557,EDDDC47478A650CA,1A4F5F9E875E0497
22159,3558,7D3922EC343C6627,7ED8602B892FC0BE
22164,3559,0EF2396B742A2E02,2FF07A0F46DF436B
22168,3560,12938609D15E9F30,FACF4DE202169D61
22172,3561,16B9B6B43A3A6134,3F9F88F6A6785D63
22175,3562,74795786998FF95B,6301AE151631B18D
22186,3563,1D76450D73B22C2C,C439EA860807B0B7
22204,3564,895FFA7221ECBFFB,7974BA5C031B663C
22207,3565,9D5494D1C94E2222,20BCA003E8C0EBDE
22209,3566,795F4FB9AB8578D2,FF5E440E0DB7C514
22219,3567,96D8280D7F17C3D0,47F97076A4551B9F
22223,3568,B4AC640A3FB8A466,D5DE25120E4774C9
22230,3569,C239A699A6FCFA4D,DA372C0E800DD421
22240,3570,68D87A21492BC26C,C93124F07BD3A36B
22242,3571,D2143D115226B6B3,E4C92C2F7BB42875
22251,3572,E13F400543E5248A,8F12C525ACC77ED2
22257,3573,E25F6CB6665E971A,5BF1161302E1A667
22270,3574,19FA7302BA29CF1F,9DA8EB28B802DB60
22278,3575,C4B868D028D1055E,A56806AB5165780D
22279,3576,A373AF5198878567,4BB7FC41E28BE6F2
22282,3577,7D73C46BC0527027,CD360570C991ECD4
22294,3578,F70C0399C839314D,15ED0730CD4A04BE
22308,3579,D2A9E2004594226C,C1D7D765A3EDD383
22309,3580,D1717992673DAE88,F5A5273C70BC2EF8
22311,3581,77C3230D37EB9689,13B796B6E793F059
22314,3582,71F1DBC4ACAFFB50,FA7CD2BDECE3A384
22319,3583,B9AAA9C814AE2ADC,C0BE0178BDB1CFBC
22322,3584,3D051C0FAECE690C,6D61180651D799F6
22328,3585,C8AC56729D9B7818,D2C9C3638603C3B3
22332,3586,4D7D3E8899A61751,EA957EDCCAF220B1
22333,3587,E837B3FA026D9692,A6A3382A5184FA0C
22342,3588,DC9BB5A387808138,D00E0F23FC081C49
22363,3589,699326268F699FDA,578856B1F4198BAD
22366,3590,EA8A224798D89886,906B7BD4D9AA95B9
22378,3591,0CE4117023EDC3F0,B27A7FC990E586B3
22381,3592,3DADB9531E6EC75A,B83C120B0EC1160B
22402,3593,9421D40A5CDC8FAD,B99C6655F753CE1D
22403,3594,24326F7E8CCE708F,5DCABCD2C586BE74
22409,3595,D870426D78D175A9,7F31E4162CFCF9FE
22410,3596,7FA572DF95CBF6A2,6C612B6165F7D2EF
22416,3597,96AF0BCECAB47826,2E4D05DD15C1F057
22424,3598,9EBAED6A3971CBEF,B5263520DD5EC04A
22439,3599,68DB7F16D9F1D0A8,A731290614DECC4F
22446,3600,FF7CB2598185FACF,37096B7C83E4F911
22453,3601,0A8D68D6EBECCD82,96AA9725F37EE28F
22468,3602,D8F9FAA172651D01,6D1B24B1D573B0C0
22469,3603,C04C264C29FCB9BF,E045385F5C824237
22470,3604,79CC4C9A86823929,B0DEABEC52C16FDF
22486,3605,355F5E1D7AC5F155,487AE8C4920C52D5
22497,3606,A74196BCDBF8B38F,855181DE871E472C
22498,3607,2A7D455BBC83378D,7B8CCB828AEDEE63
22506,3608,38C2BC5DB251833D,BCF9BA3F2082AFA1
22507,3609,294D184833EE0088,A669C2EAD2FA385B
22510,3610,0729075D995ED183,B288F84CCE81BC8C
22513,3611,353BB5498CCF259D,5BD0B8F4DF7CABA1
22523,3612,882FBA1C0EFA9F04,D2431231C1E3ABE1
22527,3613,55E79C72BC703C55,7A2BC25EC83C93D8
22539,3614,91085777EF411E82,39E527A14BD0F827
22548,3615,DA6C93DED8B4A96A,319DA7964A9BA908
22556,3616,A5FEFF03AB22385E,FA7B3093CA098B5C
22565,3617,C49DAFCC75514F51,5EEB14A6532D1AFA
22571,3618,F069B7DBDB4515F4,E0EE923DB0B1B5A6
22573,3619,9FBA57BCA724AA7A,101602ACB22CD6B9
22592,3620,0F89273A7D3AB1EC,A1D589782BCBEE3C
22597,3621,ECC281B1CADB1B93,6EF9759F095D441D
22598,3622,C5B035704BBE8B3B,B7821C7A57F5D6D6
22599,3623,EA73A6DA4EBDEDEF,3509534A9A63874D
22605,3624,57DC99117363BF60,F3DCB1AA4D224560
22607,3625,CCD21E8F4C158433,CEC9E47B9564620D
22611,3626,26B0A314E9A7DF9F,CC0CF59E714948E3
22624,3627,0BB7127D7A08A0E9,512F4E576BBF6680
22625,3628,4EEABEAFF5184178,446609E6286304CD
22628,3629,114B009ED7F19796,6260B7E73DCDA6CC
22631,3630,88DBDDAAD2ADF900,4D7399B7FF911959
22643,3631,E4B1BB18D7028AB3,293C285A49996EA0
22651,3632,629A6B00EE599CCC,335BF38E4A17ACBB
22653,3633,2286824C95E9AD03,7A9C2FF76E3F1E6E
22657,3634,EB2D3CA33FF622FF,1A342F0C81AFEF7F
22658,3635,E88FDDDA99489B6B,0CF8D977FE0127EA
22663,3636,50B5EE782D486206,3583CA756E923ACB
22666,3637,E835E0435D3E8E50,3F49275E25C61A0D
22667,3638,92D10CA61723F2E5,441660C7A685AD11
22673,3639,702CA9A0863E1CA6,7973D9799439A785
22683,3640,C1F4F91029B84F22,458DBE5290862BB5
22687,3641,2E92281ABF60E358,7A8C125709B1DAC5
22705,3642,C8892313E3AAEFEF,6834FF6F0CFA1400
22706,3643,B6D412462137113A,5320FF273F0B381A
22707,3644,C67987BAB0FBB9BA,E2F550F20664441D
22718,3645,F8CA07DB9762EBAE,511913DB21790041
22733,3646,AAEA4485A8CE923C,DE8D78E5D0D5C2C2
22736,3647,2F24D3825D033993,3158091514FAAD2A
22738,3648,2B01219C7654EC69,7A4C799DA40CB674
22748,3649,BEE90C4A9DF73665,01ED6775AD815857
22755,3650,DFC08B9C160482FA,40CBFE949678596C
22764,3651,E94A0A9BC12FA2DC,099E4ACB02DDF647
22771,3652,8687217922EECFAA,02F2C4150B67469A
22773,3653,AB5606997B1E1F5E,557BBD22153814AC
22775,3654,9FDB4DF445C24D9A,D40A18701ED0703C
22785,3655,44A444A5A94DCE70,AB86A0A6715C87E1
22789,3656,EEDE8BB13C1DE6A9,DA81625301A3C0F5
22794,3657,070A0C4E557E785B,14066BFA482654D1
22797,3658,41DC39E761408827,23C9F0ADA1F189F2
22798,3659,E656D5B76491FDF1,7076E640B48BFA6F
22802,3660,94C05ABA8D2AF5DE,6BFD979C048FC014
22806,3661,F7E983182AA1579D,70278028B1DACF9C
22815,3662,FD5878795AAEEA06,0066E1E1B666C5F2
22818,3663,E985519753A17310,250D1612C8076BF5
22823,3664,73CC398DD60CF590,153BB0373C5CD5C4
22831,3665,FE01DB4A5FEBF258,438BAAC8163DDE99
22840,3666,BA951B0E5D3DBC48,A3F47349D552267A
22842,3667,4D75818CB06D53F3,2898D4A46EDD3744
22849,3668,6FCB17157923F673,6752BE15431BDF1C
22857,3669,F6F47A25163F2622,CF53E4B7F58C1193
22862,3670,147807D805C2CBE1,D4E378925886A2FF
22866,3671,F7F0F3FE1135CCC6,07A55B75F4FF10B9
22868,3672,C2692181D71E04BE,F2D144F488E156DA
22871,3673,4BDCAA10372BB5F8,44C09C40EDC1B472
22874,3674,815F1596D4E337B9,45958C2CCBD7F2A8
22875,3675,D0D5C95FB6827414,A88B87FA3B295F47
22877,3676,319E5A230CBBA720,C943EF47968541E4
22879,3677,8F3EBAEA1276D39B,A752427128D1A692
22882,3678,0B1D2FA94BA09892,3EAED278585B15ED
22893,3679,8A3871E36B431E14,259415C0F89781C4
22910,3680,1B743BDED36AB586,8D15A440CAC4BEF6
22920,3681,1FDD751BA2F43EBD,D09C2C86208786E7
22925,3682,80F13BD10B6453E0,FA8982C1F74B0A72
22933,3683,7F3E303B39C3002D,67CE72742C64580A
22935,3684,DC5CE2E5415200EB,7A584300CB374030
22945,3685,6CF6EE2C72FA002C,73DB06144C1B6285
22950,3686,185FC880E99D854B,130D461C84883DBF
22951,3687,525CE00AC9DA9623,5DC00D33C9AA13C2
22962,3688,C3157375F26600F6,93CB7DB5CDC6008E
22964,3689,BC00AA48C6B30C10,B246187444696B10
22965,3690,83DDFE5B47CDD2A3,F4A8923A758113BF
22974,3691,1E1E75BC57E8C7EC,5E7E54CC137E8172
22984,3692,EA8F3237C093CCCC,E990463260353271
22992,3693,5E8A0EC8E276EB20,1B6958216C6280E3
22995,3694,0A009739DFC160CA,D1C6D54EECCCC418
23002,3695,AB28ACD5A71C2FA9,47BB133503080749
23015,3696,B47AC686E7D9C374,45D72107A1149D4E
23019,3697,5346961E7FE49E1D,3D35ED7B2A60D38F
23024,3698,F1560E296177D249,AA3BDAEDBDEC69B6
23025,3699,0044752B101739CB,304917B5E916D79A
23028,3700,A9A4727F8D3B3359,B825F6552CEE1B8C
23042,3701,224F40ECF68A2EA7,3E022FB6007964CB
23055,3702,526A9D27740912A5,8ADD9B43A4DD43CA
23056,3703,B65942381F93E452,03480234CD47A0A3
23061,3704,7604C960B477E776,40429A1807551923
23069,3705,6BF86DB496CCCFEA,E5D2FAA9CDB09778
23072,3706,D6FEA08074ACDB39,FEB123B4165D3645
23075,3707,C4DEDEFA3FA55298,EC88071D25429450
23085,3708,F548A4D9A2C75966,EBC9D6C571828EEF
23086,3709,DB0960D10D79AA05,03CC5925A5A497A0
23093,3710,2AEF014B2188E170,E9DB9ABEFFD7D67E
23097,3711,5A1F2B9AF1B7A874,F5C70DEEDEF22F3F
23098,3712,D2BDB7FED52A7EC2,5B7DAA8F182A8DCF
23105,3713,5EE32D4DA43E05F5,5A5C4242BB389EF3
23109,3714,E541E622C58E5568,01E67ECCE6DB1225
23110,3715,8D6915FC0CA2B557,E68ADE5559B0BA22
23114,3716,C1E3A5DF8DCE1E2C,C1170EFFCF157B2D
23123,3717,5AAAF4F4DC25F05E,C2FA3925EEED3AFA
23137,3718,95E5E8DA26D201F4,E541BA89D357ED5E
23138,3719,F194CA2ADD5AA685,AB26DC4FEF95765D
23145,3720,EAE1765E04C0C448,E467E62F19D7AE1F
23151,3721,2713073B63D05482,1A6AD627D8E1A3FA
23161,3722,3825367B3CA040B7,A7D9CE20188DBEDF
23179,3723,45FB397AB3007EEF,BBECAFC51048DF9E
23186,3724,0F3A6E0CAE808B01,48027581B39BEC12
23187,3725,00D601CB6D6915C9,1353C86DCC209BD8
23192,3726,3FE1AEB86AF1717A,28A3987707306DA8
23194,3727,9B38E163326727A0,453070C1E0F7B511
23198,3728,3D6E449B0D4C5312,B30A7551384F15AE
23207,3729,F72046A8DB918DAB,D750C3E57589B561
23209,3730,AB90765113C4E9E4,96A60272C49A1394
23210,3731,EFAD4EC40720C7E6,5AC940793A7E9943
23216,3732,132E7AA1BEF3F9AF,05F78D124553D068
23217,3733,08166121A8C6EF31,3A1BB6C66472F481
23221,3734,E225BC9B8078F789,53047896AEA5B3AA
23225,3735,76C1B3D9D18591C6,5FA35331B38803B7
23230,3736,35C18435618A1F4A,59CB51F49D76A0EA
23248,3737,115763DDBB9D0C3B,BA596B4B4AA67C03
23249,3738,0FC1C27B735615B3,512077DD6A76FF3F
23258,3739,987E8AED19CBDCA1,3097AAB2DCD339BA
23261,3740,933F7705F72F4D00,70BC7C1BDF2D2EEE
23262,3741,B6DDE142F721C252,9A16C0F5D4445F66
23264,3742,70E525A14232865A,F34901D14E36D203
23266,3743,9DF8E11B60A4C0E3,8B65CF411DDFFF3C
23285,3744,C5F0A4A7032FBD83,3A6A692D195F2444
23287,3745,79481A509A0D225B,BC03BDFEC973EC2C
23305,3746,04D17A562F76BAC9,CF1DA5AA9B025AE0
23306,3747,DAF75688928B4218,86DDE61B33C2C517
23309,3748,88D241E6F4635FC1,02CBA5199535EABD
23313,3749,988C9079E398EE4B,76A8D4B415F7131B
23316,3750,306BC75DAC8D52EC,13F0BBF8EF024499
23337,3751,13252897D9A536CD,C69C6829D8F7042E
23339,3752,E4F6E5BCDCC1A43D,521BCFA0C6A0D258
23347,3753,3CEE6C6DCFFD0E28,DBDAAC431E4B46C8
23352,3754,F03AD96195A34316,F3747718C7DE0A2A
23355,3755,0DC322110AC2EADE,ED93F7D38CCBFC1C
23357,3756,7F929054FD1A246C,F75D3640986A622C
23373,3757,CFF521D5AC194729,F269042DC73D3711
23377,3758,FD63734940B3651D,3ACAAA467ECBE881
23385,3759,F28CBA1BEBAA46A6,2BFD7B417B2C4A4A
23388,3760,0683AC9905962DD3,EF92C702721849F5
23404,3761,AEE542EA090CD0CE,6B1D5A831E89E914
23406,3762,7047C820A456C70F,5067D8FC1E402B69
23410,3763,2C3042A04D61B0C5,DEE290D167902256
23417,3764,1254D206C5975841,AAAB36CF78389CCC
23419,3765,17A6C248D3CC44B2,9024E7BEA391A4C1
23424,3766,D07BB7329A5EF847,C3B7CE10602DF7E3
23427,3767,4A51FA8AA9B6F1E2,36CE70261B2F922D
23428,3768,27D388138AB8A17E,18AE800CB6B61F5D
23436,3769,5695E6BA730015EC,57A4938D6ECEE356
23449,3770,7E5DE5B1A4F886C0,ABFB23B3BD99C0D2
23453,3771,1E1C1329B65F0B1D,B8202DDFFFCFD796
23459,3772,80DAFD2B8EB8DB47,CD29A9C2FA3E69B4
23473,3773,A146DE0450EB315D,A2379DDEFC312BBB
23474,3774,2A11848FEC5E4274,83E3E37FD508C0C7
23480,3775,DC689985F9DF0ACD,A53D03469AD7F237
23485,3776,6383675E3A3121B6,8D6C1B9920A056EC
23486,3777,5CE9931A3CAA3D28,6125233B0BBF065C
23493,3778,4437B4221C3FD409,96CCAE8D468A4AF2
23494,3779,22FE50C5500C011C,248F8495992C79F3
23503,3780,C9359A4F49826975,4E9D998FB31AAA0C
23511,3781,94FAD0187AB6DDAC,BBF84D027769FC71
23520,3782,4426F2F31F0F1EE6,EC3F5F725415C5A4
23526,3783,92199264BD5BB0F0,CE59191D9CE4E123
23530,3784,2ED535D57C7EC12F,0BBD2A88DAF71F25
23532,3785,4594952272A08ACF,D559A17ADF6C1054
23534,3786,8AFA157312B371B0,7B956859627194CC
23552,3787,128C5A12788B0EFD,2B2DB72914B6FB81
23554,3788,FA5950804ED36C00,2CF93E1B48BC6211
23558,3789,447C8A91857A6B5C,6817C9C7A09913C7
23570,3790,93DEB0EA253E5712,5B0C41486DD9D5E1
23572,3791,D06E334172DA996D,79CECE74F9D5C559
23574,3792,228E7A765765441D,5DCAE97698D23491
23576,3793,F84EFCEFE29EBC7A,132B200F539C43A0
23585,3794,AADA856FA3366B27,6C13CE472A9C3920
23586,3795,797AF75787C01335,A074D0BF814312DC
23587,3796,0FD4E87D2A66650F,13B131EA30A3587F
23588,3797,FA925574252E48CD,B77FD8381ACA6D67
23600,3798,6943B4D8C59B0E4A,B3145CAB4E5345DB
23601,3799,52B1024CA56547BB,811D4D2C1DC73657
23611,3800,318D639A6F72D270,276BCBF182E51594
23612,3801,4169A0995615E6FC,DDCE30C060AD035C
23623,3802,B47E6A4C84CE09C8,6650F9ADACC79CD3
23629,3803,C52D1D9E7CEC02DB,46C6291D65144D4D
23636,3804,765AC8B066A9BF9B,7FCA25D794843D33
23637,3805,7F35673E46027398,2A715D0635488DF0
23639,3806,61D3DC8A70871B12,A06AECA07C5E0494
23650,3807,DBABD0AABFE5C4F0,E1676E9E5DCB85A4
23655,3808,C38A9C217750CB49,4D485100940441C8
23656,3809,6ACAD8CA7DAC9F39,E76E7BAC2EB85AA7
23659,3810,378545B333F02F2F,B5AEA020FDE38E48
23664,3811,F31B2BF3B415B5EE,326FCC178941CD25
23672,3812,9AEBFEB812DC35FC,69FBD3C842EBBF49
23682,3813,786B8F1FE784A045,9583939202DFAE77
23686,3814,6B3FD386B22C0D86,AECB25B716F67979
23693,3815,CC4BF5E34F91C5EC,F8075E589EEDD4B5
23705,3816,C2BCBD37FC665CCE,8EE6FAE1F0EB9CA3
23709,3817,F7DB5929F6C0D132,3E7EACB13AD51269
23716,3818,22A702152A9BA90F,9FAE93830B455D6B
23718,3819,78FD15B3B923FD9A,7B5A098AFA2EA77C
23719,3820,06E30460B2C3B75A,8057D5BD7B37734C
23720,3821,9214365BB68DD233,E0D66D676773979D
23721,3822,4FD57AF8F81CD1DD,2D735D5FF96F86BE
23726,3823,85AAC9D5F7C51FC3,56D34566E722160E
23736,3824,05A2CBC988BF77A4,47F22F30549C2A3F
23740,3825,C57FD6632C7B94A9,705B687E0288E6C0
23758,3826,017B5E55DEF51F9E,A4ED327A1C9B961A
23761,3827,BDF524751C284085,1189FA6D4F4C2441
23762,3828,E450CD4F5FC35ABD,325C65A7BE380766
23764,3829,BCC00EFE1FACB7E9,89B18AAE1EF3FBDD
23765,3830,A6186943027804AC,6B4C3B76B1C54CC5
23766,3831,3BF1773703E9FF02,E583A9E36F3C4F27
23770,3832,823ED53C58F06E85,CEBC62DF0980B198
23774,3833,FDC8AA3F878E9A7E,11035D8952688F8F
23802,3834,83EF7A7C5B2445A6,675C0CD68AAC92B3
23812,3835,3DB58FCFD3EB3917,4439040685EB1BA2
23815,3836,9266876C4CB84451,51D7675544CF3BCB
23823,3837,D642FB8552EBE565,35DBD074763E6B06
23832,3838,6ECA2840621A17A6,6B0B562AD9438658
23846,3839,BAB7FAAAF7A3B9D8,BF4DEBFAF96C304E
23859,3840,AC300FAB739CF8D6,7A3C7B538751471C
23863,3841,B2DE8C773A0C4A93,C9872990FA8A8B2E
23865,3842,3DC018ED83D1411F,86F23C11746EE9D9
23875,3843,7FAC3AED31C576D1,9CC1DB92A90F914F
23876,3844,FC1E67B78D655817,A8E22CB2457F3B27
23883,3845,0C1A63407E86BC9A,4F56787BE81D1370
23889,3846,5428E3BB3CFCE305,0CA4C5F3FE8B3889
23891,3847,6296954AF6F415B4,A6DA5B1AC7C798E8
23898,3848,C6A97EBF56C0474C,DD82E82B3B22EB60
23899,3849,EB1C572B4B2CE8C7,959EC46A848B4E9B
23901,3850,677827BCD5B06E64,F6C551CD716F7DB1
23902,3851,3A43342BC3225973,752A488AA39FAC17
23909,3852,1E6B7E220B316F87,57293F57A3BF5F66
23915,3853,25DA45B16FCB77A5,404E27FB25A8E4E0
23917,3854,93925756E7435954,BF1D29B847D68382
23927,3855,DCB65C68A284F755,71DD93BB139C734D
23932,3856,75CFB719FE0AB087,4645F6553645E489
23939,3857,8CA505005A48F538,6F533D201DFDFE89
23943,3858,F5907D4D9C7E6068,275DDA9198009F93
23949,3859,C9EF0F89818C1165,828574006628172C
23954,3860,EB3FBFB6CE752EA9,0651B4687FA5C497
23966,3861,8E81F4805F336978,50CAEA0AEC655B17
23969,3862,596E39B478545F0F,52A3E2A7818FA2E0
23971,3863,75DC4728FB127738,82984121905D44BF
23976,3864,B75AECBF8050B25A,9FB9BD5E1CA83733
23988,3865,A4553C5BFD689872,70F09E1ECBD265DB
23999,3866,71979964F5C73D3C,B99E462F02DA99E7
24001,3867,CFEFA6872C32FDBE,FD770DF699BE8DF1
24021,3868,2BDEE47C0EE96DE2,D4525334F31075E1
24028,3869,8B61E878F730B5C9,A02FC26F2FA47255
24036,3870,58D61C4AC53E86A0,1CEA5BF3260E7EE1
24038,3871,623B2B5052275158,4A078A9101B81410
24042,3872,E25FF7D9FF720CF0,9C97A5669DEB88E0
24043,3873,0A948A7CBD768A48,37DB99F1DCEF7E41
24044,3874,24C0AE8F3535B71E,20F421C7573D3473
24049,3875,C1961799ACA13260,F1F36A6B755EF39D
24063,3876,D5E5FE113AA802AC,7B1C3EAD4DD79FC1
24068,3877,EB39FFA39B62B783,549D16BB2DB91813
24081,3878,BAEA1B2547D3D8B8,D3D704DC20C35563
24083,3879,DDB7D2F05BAEC930,676DE0DF8D79F608
24084,3880,25F0BA3A6FBDD421,3601E517F1B7A861
24099,3881,BC0BE52EB93EA375,A22F2E3DCD223D06
24102,3882,13AE60C3DA852483,A94ABB442709CF4F
24113,3883,056479911DE4F8C2,E80E5840F16DD519
24124,3884,64C7496E4A2FBB3A,CA3211839ACE51BB
24129,3885,1AF883684D970789,84D433975CCD673E
24151,3886,E3FD441D7FC2E546,D5E18E29128D9699
24156,3887,33B5BC64FACD424D,97B69DEF3B701B6C
24163,3888,07AB50FCEB3013FA,71ACBE862F6A9011
24178,3889,D58E19587FA38FDB,DDB8CCA24ECEE216
24179,3890,E84C20533E379409,83CAD2A8A93BA219
24187,3891,D20F849DC80B47AA,9F32AF68D32334A8
24189,3892,1E2B0A44FF6D8697,250EE63A64CC6BB3
24197,3893,37500D1AD681050E,0651478FC77DF9A9
24214,3894,48F60478772AE06F,0CF07D9C3FCCB926
24218,3895,F19A4A1A2858F233,1D4855BA88CC15DA
24223,3896,B60F096BA5E2047D,51C4C02F72B9B158
24225,3897,1A5CFFDEE646EC85,09F68F31700DE10F
24227,3898,D02E2A1B2C94A2EE,5E66C6B108723E88
24229,3899,097CC38AED174329,98A037922BE5A518
24238,3900,9F4E02EB8EA800F7,DA1B70756B4F890F
24241,3901,2CFB8990BC9DDAA8,BAE29B5D735F9E3F
24256,3902,B678C4B0B3E31426,DCCDADF7D2EA50B9
24264,3903,3626901F51E0DCBF,3100D3140F5AA49D
24266,3904,18E6885CF054D1FA,3280578AD5F155C5
24268,3905,73481FDB79F1DD16,F017A6B5DEF82AE8
24285,3906,F70F88BA95A202A8,E4309B65240371C0
24291,3907,4BC30544F4D9FF60,6C2D5509D78A4C8B
24297,3908,EE7EF86BB73DA8D5,D03565691C902F48
24304,3909,D30BABDDBA349350,6C795463E59FA601
24305,3910,688F9EDF0E90DC12,87F1447141029500
24315,3911,3174AE59FD881F4E,117547C423684631
24316,3912,03FA0144A563CC44,6709588F54892222
24319,3913,107AD41522658574,06610D7B5EB07C9D
24320,3914,691EE27C9AF55A2A,62C69FF34CF646B2
24325,3915,2B93B4534C572094,74610B4681B5DC43
24329,3916,9753BF499D116568,8E9A065BB0C5D6E7
24338,3917,4B11B10F8CA62206,E3A042569F8EF017
24348,3918,5C81A6E7B746BAA3,E1F978D5E13DDE42
24359,3919,25384C0CBD42496B,30D22D39A7EFCD6B
24360,3920,B77DD9D0F5011F02,D19969A75544C2F4
24366,3921,79BB0F86CF7D3C3C,FF340540422FD68A
24374,3922,9E1A772418414F80,8C340F3AC3148FCC
24389,3923,D35FEA0B42C1EEDA,B6B7EFFD0158B8E9
24390,3924,E88B49AF91DA40A3,BA53BA0656B3FFF2
24398,3925,097B2DA04DC3D9AE,3BCEA82E6DB87B60
24401,3926,9783FDBF61F13265,B6C506838952B043
24417,3927,FB1A9F637E1D7F02,86FD46B187FB0C7A
24424,3928,D0CAAB74109E614C,93B82C20469899A4
24431,3929,4C90673D8B952BF4,D749C5A76B815EAE
24435,3930,A2ACEAACB8300475,8043695BF7AD91CB
24441,3931,5C494ABE34990A1C,C05B96FD8D811E48
24444,3932,E712F84B81487E38,3CBF0C1E33DB1F1C
24446,3933,DDFB66BFEB22D760,D52862E0DF641B6B
24448,3934,8E7110C8D2880732,E1B73F248A09B797
24459,3935,D8C3B398FD2ACD4D,8A0A4CE9B754AD32
24481,3936,64E1AB5FA040AA7C,D0DD536A645B0CD8
24491,3937,85A056503E7C7624,223D71D817E6700A
24497,3938,BA88FF5ED00A0F67,7C0E6180FDF215E2
24503,3939,F38A7F27421D9FF5,B8AAFA1E4A029DB0
24510,3940,1740F5E972FBAC71,84C4227BE1787938
24517,3941,307C0BAA0FDC0295,EDB6F3B45AD3AD80
24518,3942,A15A69FA4AECEC2E,10A340C181351D8D
24523,3943,1B9A70FC5E4CB574,05883FE7FB223CD3
24535,3944,95B5C102E86716EA,01E3F217789FA1D0
24546,3945,719DF09D11B28B91,F8694E4D46F21829
24550,3946,60B572DAF79D4CAD,1518C970E2902BBF
24563,3947,A5550A0B4A7F8262,C3AC913842216DD3
24566,3948,F0590853B0C35C4E,5402F53FB5A37830
24567,3949,57B203224EB5A408,32ACA425CDE93D54
24585,3950,917138358BE314F8,2A15A944B01E4B19
24587,3951,BB2D81F69C2FC319,14732B9D9B98B594
24588,3952,BFB3C469F45FFA1D,9593E360B2B8F6AE
24589,3953,AD060112A9FF172F,0B2ACFC8796DB627
24593,3954,2BF4C7880ED05493,E9F4AFFFDEC9C5AB
24601,3955,5AD8F61F10A336BA,0E99C2DDEC19C01E
24605,3956,C8F37634BD0E988E,E356A721F70E0EE3
24612,3957,2981831BEAB06A2D,36802D951FDC3DB1
24623,3958,916C5E88655E1C65,5F028DF97FCB5635
24630,3959,44EEED1862CBB8EE,44E7626F89405EED
24631,3960,0FE82023C59B03A4,7F8CDA69BF2E6327
24643,3961,9A9CF97218310999,25DA173C4EC288BB
24659,3962,3CE31772BB477101,5D774859AD7927E8
24660,3963,8B319A8AEF8A1561,76BF147F772E2291
24663,3964,E630A14CA31B80D5,8DE095F1BCA3712F
24697,3965,F8BED85E6D1441B1,DF33DA30625FC176
24698,3966,25A563348DADA124,CBC8B9A24907A3AD
24708,3967,297C318DBA20334F,A0230873A8F7FD1E
24713,3968,88DC4E15D6430FD9,E6AB219D79C34EBE
24716,3969,C77A2145CED3AD76,10BDC0ABF595151D
24717,3970,ABE28B4EBE8B1860,A7B66974A899ABCF
24733,3971,2BA6C6F71BEC32BB,6755F2494E81738B
24734,3972,C761289A883B6848,401DF0A385AF8636
24745,3973,1DF7E009BBBCEFA8,0708F5180193ADA4
24747,3974,DF171111313F39F6,7A252C0DD938E8DB
24750,3975,DEA7008698E1E810,C39D8BF4A2635318
24754,3976,D2E4EB8EB7A97A1D,2AA356C5EF5DB66A
24765,3977,C3DBF06BAFD80CDF,D8A4B36128DDE7E1
24773,3978,32B97745BE80C312,769681DCC4EC5608
24774,3979,92D6ED495D4CDA32,5237E3F0767886A3
24796,3980,8CE6D3C8DBD0F814,74C2260F970EFE4D
24798,3981,C427B84940C1416C,AD2325753F132B37
24800,3982,240C4A340B39C9D3,FF2F17CD4747C28E
24806,3983,9829FB64C1C4FD70,F5623D88D26D0595
24810,3984,BD3C9C62530FF749,43BB711C4B8D7070
24827,3985,4E899601CFFAA268,7138CE8B3E02FD93
24833,3986,82C7644607372FF8,AAF54C2CFA76B65F
24835,3987,23BDD949AD1B07A1,464452E4E15CFFB6
24841,3988,7C76486EECA32961,5782A1BA418C372A
24843,3989,85EF5D48EF460242,7AD9C0B4F9F4157B
24845,3990,B934C24F7F93D8D5,A07644E5416724E9
24850,3991,E08615B4A8D5A408,E5283D91636B85CE
24851,3992,7099B505EB8F4413,B02C51803F09849D
24862,3993,2C140ECE3CA26277,E5B4F95499F182B4
24869,3994,CA0C0A298243FF73,4C3321C200F488BA
24871,3995,E7334ECDB25A8733,E98762C682B8F32F
24872,3996,9776E484FE0632B0,43E8100B0151CA5C
24879,3997,EDECF1CAB98FD26F,10CC378A5AD6562B
24882,3998,913516F7DD4AD777,2580DD40ADA932A8
24885,3999,6A14C621B8F35E69,C104EC62B77547CE
24897,4000,546A03D542A0D524,A1364F8924546622
24899,4001,8F51D5D40AD48301,65951A0CECA03BC7
24910,4002,5191510A73FD52FE,DA50C0956A8934A7
24921,4003,26956FF0C40EE3AE,938DDA43368DF9E3
24922,4004,329246A43337B56D,ED7ACF7120E9A66B
24925,4005,B234CC0FDFCEF4BB,1A28623886FCAD76
24926,4006,F47E54E823D7BB24,2DC2CAF7290340B9
24932,4007,64D6B5527CAD5FC5,EC0F5FF5B36BC1B1
24933,4008,1903576B55570950,6BB2B094227275DB
24938,4009,61CD537ECDC0922F,D1033129ADB8F564
24941,4010,2B1FFFF963E1FC5C,E7C087DF696B070B
24942,4011,60331686AA8D018B,5A46DC29F29BE626
24946,4012,B5CF2CEC42AF1E5C,21E48329EC7461B5
24951,4013,A6C769F871C9F557,0CAF22D4411F34DB
24955,4014,373B05A13C4C5F68,15D35E006031724F
24961,4015,42136E2B88AE8E2A,DE6C16C18EB84570
24964,4016,9B79ED0B8565EBC4,E8207D4BDA6506A9
24981,4017,862E8C60EEA7ABD1,146CD898E757C88D
24994,4018,A8C99CCCCAE7E805,D0699F28EADF3A65
25005,4019,5177B40F2E30BD30,EB7852A3AD1BEB18
25013,4020,DDC6CB8DDE74FBEC,6128876645BC9F63
25014,4021,7841AC0A33623ADE,75BABB632DB46CB4
25038,4022,6E10227CB5C1934E,B95D86DE47E6DD5A
25043,4023,0DC983CFF93AF00D,0CE535D798D3B023
25046,4024,275A25A522D6EDE4,D09F88EB5F3B4C2A
25058,4025,7FD0EA4C0586C09B,714D09B453B1E4F6
25060,4026,C14DE756EA0D806F,8ABAAB9036E4EC9F
25063,4027,87EBDE28B7DE7DA7,00DBDF4C486E7D8E
25071,4028,5B7BA7619EAF7304,011A48A93E3D1B9E
25076,4029,9C8451C8A6B9C191,8D414B256BAAB95E
25078,4030,DEF0415FDAD08A61,885A556631D1E4D5
25082,4031,D4ABF97E5AC0E8C0,2A69D1841DDCAB9C
25088,4032,B112C6F826FBF875,74CAE225C03BBC0F
25089,4033,5D18BB922F3F9949,6BE1744236A1760D
25095,4034,252EC88E114D50D8,8E13A97FEDCF4ACF
25105,4035,843984D843373B5B,EB6F43A6945164AF
25108,4036,2EF1D0E7D8AEA3F1,DD30D34130A63BC8
25113,4037,96E28BC5853AEA5D,EA12EEC39672C4AC
25115,4038,449E958DE4A7CB11,FF2BE2F43AF883EE
25116,4039,34D92D55E7330855,0168519EA3FCCBAC
25120,4040,133FEF7F5A6D8EF7,948A4E7291E62385
25124,4041,B00A3A54806B9375,329D00AE6A706ABA
25139,4042,7469172A02258210,8A850D57EF7B2BA6
25151,4043,D4B5BBCAA3CB54ED,BE0E5BEFCC332FE4
25154,4044,4A2A7497DE9132E7,EFD8C9D980770424
25158,4045,E6D52D1B02FAF294,983C461C092AC403
25186,4046,0AAAA9D4CDF05603,296950C6067C879D
25199,4047,DCA1BE1E6523B3D3,9DC76636EBF3910B
25208,4048,BAAF10B59565C14A,1A9A6748DCBA69C4
25214,4049,1BA8FBF49B12DF38,D9D82139AFA735C1
25224,4050,706A896BDB7A3403,EC9CA3A91EDCDAB1
25228,4051,4B1348E91FA4A140,700734881A3EB0FA
25246,4052,8BDC845734F2F56C,FEF6429632615847
25270,4053,327F8EF3339210B4,01B6A0D773260F1C
25272,4054,E287096D6D2DC6CD,652BAA2851BBA698
25273,4055,F94D2AE80678A64B,5A0DDED2ACCD2CE5
25277,4056,E88A048F43E8EBF1,186DE6612A6B4E8E
25281,4057,D6538BF303949E21,52EA7EFA463E04A7
25284,4058,AF2E4DB0920FA1BA,4AC8C4D387EE6370
25292,4059,6DD655798BB5B23A,1D6F188A613E2A4F
25294,4060,65FBBF057DEE4744,5886A477643C048C
25295,4061,DA45B14E1D21BA39,004B984114459408
25301,4062,5CD0436958AA3A9E,0E8469AD1BE22B1C
25311,4063,0918DB26B8CAE076,BE4B3FB50F84DC86
25325,4064,2BA4B267B4A9855B,6313730878252276
25340,4065,2367F5C38A334505,8855F5224D529A8D
25343,4066,BB0FC76E676EB141,749440331408D770
25345,4067,D6B6983FB7FCEC87,56CF8C2D350CC29D
25352,4068,C9DDCE4CF6072FDF,4EB79012D25E93AC
25358,4069,073FE570B96F4821,AF81294A0ECF6F2C
25371,4070,09A3B04734DFB9B9,90B871E9F025E04D
25374,4071,B24B4DEF6D75E7D4,08A903B2CD0426BF
25379,4072,6EFC420BDD94E39C,A12412BB11EA53B5
25388,4073,22B52B291589ACD9,8D5258468C72980F
25389,4074,D7A95151B020373E,48D27D4EF0D6DC7C
25397,4075,23B5F70EF1B4C3FE,1455DE765B6C3990
25401,4076,C8DDBECD2EDD93A9,546D4BC6954D55A9
25405,4077,5FD134CA6AA59AE3,F301FEDDD60EB70C
25411,4078,6868ED4E68C4E12A,1484AB2B65A0F71E
25420,4079,FC8876F32B0C15EA,5B46FF3D9CB9A3F9
25428,4080,9DBDBCF3F07AFB7E,769C775889E8D1E3
25431,4081,801CB6C8C8380013,F67ECFB325C25800
25432,4082,EA7654943586E208,C298909BC5AF690E
25434,4083,3FF21201EA042203,EF28A0092F72DC74
25461,4084,023A19ACD5216A8E,229A8323929CDF7E
25466,4085,29A194F354EE7E4E,0427E655C2792952
25474,4086,F7B9D42E0DB61135,69AA341CA7BABF35
25482,4087,C98857D5B93CED74,9D555D9DE476023D
25498,4088,B11EFB3E27D37ECB,EBA6ADB8F3948733
25504,4089,162546FCC9ADA703,D333B3768F95687D
25507,4090,1B82C0857EEC1824,0F3B6B18F7E46791
25510,4091,70694B34ED141907,85BFABF256A4D3D7
25511,4092,091B82C0E1829362,0E7E48C10D677D2E
25538,4093,B477E783CF0099DD,A942CB145D39E4D5
25540,4094,2FA2D7E30A87B370,31B4648E78E801DE
25554,4095,90274642C6B7B902,E41B1A8B63EDF766
25570,4096,2695B61EA3E47B8E,F357051C0C1F2300
