query_index,ineffective_index,plaintext,ciphertext
1,1,21a2be4a9ff6b02c8989142347031794,4397fe4c1f653bb3b45b04874166dc3c
6,2,bd3c02a299c7f4d2b9517ba379cb98df,03a2c1ee04d96f20fbfa1357e8ac0280
7,3,05394f5285586f3976b2a36c38561daf,123ccffbe9bad24d3e1e8003510fdd00
11,4,da47bd20e5bf3bce4f7cbbe0e8c8a6cb,f259db58052eb2e13fbbc74b4b2ad0bf
13,5,5e0ae1e0f6d149082fe264d090b55476,b0cc40559bd0450c96cbb7af7fe98ae1
14,6,f23adf0795dad116e430ea8910ef3af6,95ae3a4857425ae0bca84c8cfdec1cdc
15,7,2b526ccc7366de9a7c08374e27bc754c,a10d83e3606694dcbfd5fcdcaadba847
20,8,7d8ac24210e43484517332642d370a77,113361ce30c539f3ef601b25411baa0d
22,9,1616a5620a7f89a93a2b3fc550425da3,d1ee4fd8eed6e95c81d993c12ec9d9b7
23,10,3ec3b9942a547240abe84724a6a75431,b7cdadc4a8a77fe58c558a0c27dfd5f4
27,11,ab467f1e7c14f712a0b4dd3e7866dfde,fcbcb0908d6e13a80db5b44e74633de1
29,12,66b5ef1f60fe41bbf119bfc7e402375c,fda8f78b9c886e2b7b86a12d04549f45
30,13,c58e4a3d0d1d7d8ccbdc62ba969977ee,59799fe12e46b37dfae39cc0e012d2b4
31,14,4b8430f55bb1cc809c95574ddce756df,365024461d02dcdd86fd704f23269892
33,15,4456a4856334097073dd20158ccc4a8f,6a174526d0ba5d3c049d00316afaaf4b
34,16,64840fae619da5755c738b4b5f0a60d9,737ed1eca7d9c1c8121877afc522cfdb
35,17,584077c2d470ee904133619a4b6c5f8a,79ce3f506fd9e7c0f0af80aba374d981
39,18,ed361fc02e1d3148ef13e3925bdba553,6b9ac995078540a231a5c30b991b05bd
40,19,708bab8a60cbb8d3bf0cea22d02c020f,f4489fa476837bcc4f0aeb38f1caf3ac
45,20,d9e71f74638debbd30c4ffed0acb235d,35b8cffa959652ca2eaa438a4c1c2407
48,21,80e2ce4dfa90d253970900786470ce00,ebba757ab72c1c01f23c5b7e3164c5c9
50,22,ee3fdfe0787689d546712fc79a9d4274,4cc2b4f8b73c39f98b436571cc3f5fec
51,23,bacb499176ae30972d61d66f631aec10,3af11adc110c74b47050884e0244db9d
55,24,ae3cd3fbee71e695a98f4ab6acdcbed5,dd491b6bf60d8e82d773b4adac3201c2
62,25,fe39d0780c115117b5c0086ec7093f10,bcb06ba1d5ae550728d8cda717b9d38a
65,26,726e0dd48347b33d6158a21fe449fdb2,23a24e0bcb9c1116c6aae4e1045fcdd1
70,27,536c28c2313e0e3c94c9a5ba77c98b53,ab1ba778897bc8bcee8471cff26fa38e
73,28,b8206b45e763845bbdca131a97ba6955,9eec5f5a6f04804058f9fcd96ac4dd5c
76,29,8dd3076e5d6c6f05fc9e06c56ecc6782,68a1bb9e794e917717f2be15b3a468dd
77,30,df5218f21e0c27dfa8745bffa3cff375,c850a30425d4a8b0ce63ffabbc204588
82,31,ef35b56c509a41a02a1e2dc8b4781675,739351ca63546fb0d5cadd9a0878ec02
93,32,0b74689a70de2bdfcc32f9206770cded,9e9c0c43cb62d73d3003c194efdd16fc
94,33,4e6dee01c384a861eff2f39042080881,b470c042a99dc13f458c2e99d2b69848
98,34,503180a7cc08d62b1c58213d72b5e4ca,6c0956656f6aee5828b65a9e4707248a
99,35,39a2857ab8bb708eae29b173b82380d9,619c0969ede5d1d5f08da3ebb628aca3
100,36,2039e5cf4f9eb6775f9b3f9787e30805,4ab79098d6d412802a5056214c5c7cd5
102,37,041efe98e9a8e736d98c9cb32b548007,bfe9da40d5723f5b017645d82d0e13ef
106,38,66f4702e9b190405e56e6d52c6e2b0a0,be54b6f215617a670bd89742a96faf96
107,39,a9c8e0a018ef3bfb6b56d936521a7b19,cd8eaa707c3ad39cc37c31c0fa65e979
108,40,df5b0a7345394eb175ea776890d6b7b9,aa4d9801dc56b2e1eb7fb4609fda7869
109,41,c11fe68d6ba418f641122f7a4989b83f,8e1cc18f2e10ba58f5b332b812ea5584
114,42,6e45c98324492a6b6c0328e129ee6ca7,67d8b68e54bce45060bf1cc4e3169e25
118,43,709da92a012a8bc60f7e39c17d677dea,b2d6aed2047d97544ed06d10cf325707
121,44,0e089b4f7449ab3a236977fc9d4b29ed,e94fa8ba9047e527c2173749454d46f4
126,45,df01876d67f410c8fc1d4b852c713362,c0e83c93507b2e6883610a13b861ce78
127,46,d64548642492fa90d0f347e3afa30593,fd5b96c0b2d5ed74e8972c05c25cb009
131,47,cc95c772cfd99d8499919ca60f8879cd,02aadff24231fb1765889e758f748da9
132,48,1d21a55716283a36f3f365ae18bba702,858f491bca148b68480f93c52b0280fd
134,49,69615e1f5d2c78378618b798e39daa9a,754e11d14761bbef1eacf1361b233159
136,50,f2fd16abbc246d916b78aac4af5ff9b6,66f080d9ac4cd91bb31330f6bc987a9f
137,51,4aeac1da7466236b15e129ab5c201d7b,ef9116e25f0f9ec5c493bc613d737593
138,52,8e20fe9915c2e15ed65a3d662edcb835,b033d0efc653d6ba322e2d0b0974a9df
139,53,e06f4d44c1b886671e709bdc596139bd,be961aff87c52e17ec927787ca5c85f3
141,54,f7db4063d01f75c83dbfb556078a4054,75cfa5c1f839a12f51acd7380bc61ade
144,55,151129bd74736053979e4ff9f57bc800,0ae6d0248ddc4d60b708e3ae31021ca8
146,56,4549ad342912b48dd5bdff91efc74916,9e55bc1852a254c03d89478345f18259
148,57,2295a1862cd32a56bedd21270e4b9717,8673e8ccbd8b48567970162f867c8f2f
151,58,29f030255054f15d0f4c44169a5f05f8,a0d1e04e89805af5a44cb11701b6a73c
153,59,12cadd788e5405a4831b6efe42f6954a,5d7bc960287a41c25e367df39703d4e6
154,60,d819bcef8d5e5ec2e29e0c3e28a50f6b,19636db3de8ec6468e7169a480a62b53
155,61,919d64cef465fb4fc6512e0a71478399,7064e7bcea310df94d065c330270ead1
157,62,74a1e483fb4bbca7a7241cee3fea93a5,157b91c91656f334265629bcd4f50181
164,63,6b5d2c758482696ce4d7b9ee25e0d911,f188ab3411405a57b1d6f0b9ccacb7e1
166,64,86e0ffb439e896075dccbf4f288f4835,0259360ec8e62a4033b285f1f4ec9361
167,65,4cc7fcb081924d5eb6a88ccb86aa1d4b,c47c571ca282d7d34a8d6e7a9793eabc
168,66,ce8263327d81b6201f41547a58b59e97,b82d6ba3c3e5037ddd608d40f6c3d4d4
171,67,63c4b643566f0c30ef123d614728c551,b64b7444b3ed86b3148fb23dc306ec62
172,68,9a23555d664e726ebf3014b946dd1123,bc9cdbbf25983ec33e33049510258538
174,69,22814cf53513cc357b320032509afb9c,6cb6ec3d4b87dd1354c63688d51186fe
176,70,4bc39d44b09532bae0c5a5e5eef216d3,5f1ed7cca9d3a829eea95f0316c3dbff
177,71,0ab63080b784504377f1a9336e59337f,62c949659d835ac7d1849c3b813f0f90
185,72,c058794d7eb1d549f44bcab586d8c891,11b004938ef84131564943176e3e030a
187,73,5a4d881479a0897889a099873cf16e5f,6256c08b5c1a880a3b9d1cada93a8045
191,74,b3f4287334e70c89e006f9f3103b64bb,c9ff34192a8ea4ecbef3f026b70ebeb9
198,75,0ea35ec9aec9695f35e5b26b2bca6e5a,3eef57f0dfd32e93c3f58790e8375c8f
200,76,eb73247ade45811f2ade3ffc850d4f11,dd67dcac8c6a549ea2af2a9289aa0505
201,77,d19e1bb1c8adf1b8c7fa07bebaa6a41c,ab96c0e792026e3c6bbc8aa191f71b04
202,78,134d8a7dfeee7dca4d2e6a80014bea6f,45a405381440b240c5ca3f1f7e84d284
203,79,47162ae8862f354d375b83e3368ce385,f8642b78078f6e2dc62ede92819ce7ee
205,80,585353968b6a0b977f422625f5320842,24a56c178f42dc216dafec1eee7fa1d2
206,81,af7e679b73b30f9208c8889195528942,5a8a512ddf83bbe4d6725210a2adf477
207,82,219894241f4eda0b3b1fa5658fe2a632,7a2898b6ee91199fadd1d2c7fa412c97
209,83,044ec43db0ff9363c889475f920d8963,7179147f89f55c10abdb043f82fe5bf1
211,84,b8dc16f4eb2a4472573307b54efd4e79,66e10d1bfc4497571590a9654a9c1480
212,85,d72cc8f5bfe7d72a8ced03fd8b0c0bac,b16ed5d97eeb305e0c3c4d4a7409e99a
214,86,d8e3ccf55b565eadab222eab8622acc7,95c2876cd3ad53aea0f134f99ea8c2bd
218,87,ebf4ae1ac60947fd0ad92629a7cfefb4,67c84423e2d5b5af84061dd3d54d2f97
219,88,3068a0a8d5df4d55b2c1f856dc465a1d,e3f4f1e202f23b5658d48dc26077e966
220,89,446cf2dee5c23f71f7261a3abf71a0ca,bd243aa44b2e46abec748d9d58d256b2
227,90,c79b28d31f6e5027ef64cf0f9da6ad12,021f5d968fe699945d64b35fe81d231e
236,91,8b8aa4c9403060700615c729c299545e,af8ac77583307b642a86153588cd0983
239,92,dae23fee3f28f55079dfb44aa483d91f,9bd7028c5cf739b0d0f6c002d0a9c855
241,93,dda7ca32d1f5d2ee7599c9a44bf10524,990fea18d5b7c178d6cd6ea0aac15f04
244,94,8d042f63098b14112290e67741dd6413,a0c15c419dd85a740ebe1638b361159c
245,95,fdb9a336ea0271fa9650f32d20f48040,6ef7ea75bb4d94e22411082ae54b45e8
247,96,e6d9e9eb53b0911279760a764893d4ae,7618402d344e8ff6f01b35c69e62ebc2
250,97,464f610e90af5cc418458c083ad1b2ae,3f33390ef6d43365058857e4430a3b1b
253,98,61c25e149d49f896b88baa5f67bfcf19,cf7634ba2200ea4ae44021561cae9266
257,99,0a29dae409bbdda529198d312c41a2a0,f93c4cbb84357bc2480f8d18d9547582
259,100,6daffb15f538c9915527521d8634528c,d10b3e60325f289beddd31c395c53cd9
260,101,c9b3f0e471cca513bd2049e5ace49b85,09be2b2f4f6a97b830545632d9a88ad2
263,102,1d7d983fa20b2be8e054ee943dc4f25a,32569eeed511b9a0cef90816f2516c0b
269,103,2ce781a3eb52a2b3833af5a45e674a0f,1abe1302102d2d93fb38d982dcf6dd7d
271,104,59339ad960a4fb61dd588c1cfa66c5a1,74a11e207b23e883b99a8a2fdae5ec7c
273,105,ae457ad2b626f29cc074c99dab33e7a9,56bd57a94108687333a359d6adbc473a
274,106,ddbdd4e5410668d9e092175c9d385cbd,9c250456f3922c0d3483db552f2c0fa3
275,107,c478bd36ac2bbb361035f59ea7b63718,7f22a259dd12d9fe33d95d745c73b3da
278,108,ef57ebf68ab022b26c2a371e0cf197fc,64069699f6955e17f14cbacf357be2ff
279,109,9fc0e6ba1fdf91507e9c3011d2c42a75,d2c86341744b34c727d06d38fc4f6913
281,110,d3f025937c8bc8e739c684eeaea67cc4,b2ce9cc6469e9c69e179d990613a6559
282,111,8287d3649a0615ed5df0fd9191e1c9f6,c59f97f8d2c0dc298320215b487ff2ca
286,112,f7480ebeb885883a14a414da70e3a079,38b371148a34012f878b066893e7a2de
289,113,f7bffa7232295fa4399da33896607023,87dea4b76ccd4daf15efad6c1e3751c0
290,114,ddde0de4fde0e651c45c97b18fad0839,356202965f75725b87444f2997c830c6
291,115,213566c437c0dc312992664a23d27a3e,7712d9f3ed024bfedbe41a30d0904183
292,116,3b2f6cb08f2302a5dbd6b1c95d6bc10b,9dcc0a5967568e3d6f90fad168e513ae
297,117,6ed9b3cddf8b54f4e3c1ce0bd681183e,94c6fa0f892ad199c1afe40702e8f58b
298,118,bafd1543368d0a453b155aa992dd0ee9,c92fbfa78ff5ad65b535bbbafdbcc092
300,119,2ecb46d114437fe53dfb8300b10e43ff,56955ba2ac6582e77ab633d092ccb55b
302,120,6d4279a2a3e2c335393cc22b021af4bb,df1369893fcf0352008fa6b89cdc6ba1
308,121,e7c8b75882be3f677b453424dceb0c97,0ccbadf1f9f0f56442e4efcc82d12883
314,122,96787c41483936bdcff70af0aca1b064,939c1e959a6bb02f5eff1e59abede954
315,123,4d2795069834e0d41bf9c53d17a951a3,411581ac31d5af2f0633a1e0ebe150dd
318,124,870e14ffdc7c644684a614d345968ba4,f5afb300f353f3652d64a7e943013dc3
322,125,561fc2362e0aa14c742eed184e1f07a8,f904d4ba2d1d2166d85053a8fc628c94
324,126,d4699a64befd3f624382b825c46855da,f7048b71da3d403bf8d48171e92f9991
325,127,c93bdb60b24040addcc61e788764a281,084a3a0fe2cba6675c0d2e40497752ce
328,128,3740ae7e75b36dad9e805645340752d7,a4953da6d0fd7f596acc6198e7ee4d60
333,129,9806a785df929af6ae5aa9e129b0149d,98dcf34e527a61ea0942c1fcefee82e3
336,130,016bca210e823797d072595ea892cbb0,e62fff1b44c361ace69f0dd0f2194cda
340,131,3f6267fc53428bf05122e72c2322bc69,502a71aa1fe9cf82038d63f51c2a1c8e
341,132,6e1c3e62125d1ed8af5bff7dad47bf9c,9c3f3ec304a93c815b682e00c3d90fb5
342,133,2f3475b4ca243afc99f7c2f8f410b057,62bd91946ea922a9a6129a84079e8509
343,134,73b402c44f5ba68e8cea2531ab69bc97,6627b9ea8cb0f37eb0b3d8a79b296cd7
346,135,4013f644eead34e66285522dfe5c507a,f9422ce2f3fc2e64ed3e56ba48f07f21
348,136,63dd82480c710cac726868123bbcb5d5,420338c7060a9b31e0742b048f6b476f
354,137,ef817d7c2be769ea0450a57e95b56721,57ef4b8a62ed0b5363c30dab92a33f43
358,138,9e11425de1753c97f28ce009643a0a51,57a2c17a324a20c8c67a398226c61f21
360,139,c837a0c1eda04d71ce329e8cb201201a,0ec4c0668d938d9b72234550e8b796ae
364,140,36a86ddaf832440c6faad9364c3e03a6,13a59bae2919a937774f15de5f6b4352
367,141,90d515060db405fc159c28a4fc0b010c,7cf746961b0d427f8de7d84f740a0636
371,142,dffc8fdcb49276ccf305c0a34dcf87ff,c643be3d8f7ed05894b6d71851b9ff35
377,143,39418e1bb2468ac16012d0be9f0f41ac,5836e4dbbdb486cec5e7c4e58be61695
381,144,ed302a7d260a79bf0adc8c4223b3a1d6,496a61cbea2797352b8d72ac2331c7fa
383,145,e66d8ae48fb1e52e087d972c381e2da7,8250abb98f9e2a081397691c9e541153
384,146,d3c92a8e5ec4b4bba3c7746cf85c8524,32bb127528cc6f824d2709bdc906b7a3
386,147,877608b79cf20183bf251872794863cf,ee5a598ab519a86f52391aab19614e27
387,148,969f15750fd994a7c5bed19b1d965704,8f6a57bf611530b52a16d9d2ba1fe3f7
388,149,1f35b0325b23a4d95e79a2ddf6d6131f,39bc935f023a32f0887fc10453715471
396,150,cc1b877f7caa5ca15e3d78123e281a95,09e37c3ac64c929f530a476e017f239c
398,151,f9c08413bb94c646549e45204d0a0c7c,f576cad1e4e4669197f4f4ab8d8acc6d
401,152,7adec5af55866adcdd0a342b471d9b26,602891193176b54951e2b00304f312c1
404,153,e713e45c07e49a4b86991dafde2db1b2,c27780c0fe6131d2d2c987394ab0e4ce
406,154,7e87520fdf525195555e42f8778ff9d8,4e649e4da9e6ce89ce2be0bd51dab890
408,155,c906ae55e8f7c4700185d86c6899f824,86085b52120491617b3ac70be500eac9
409,156,a2b58d6bdabd518c91d01846d92ce8c6,b76dca3617b5247cecd9bf3ef7b4d568
410,157,0977329e89ed67aa5d0448fea54879f6,600028a23565a60f9d445363f4a56cf0
411,158,17f77ca8d95e6b2feec97b4066de1e93,08805733b54f3032f7bbb5cee18973e1
415,159,3c5f8ff1c70349a82cd552541a7f4783,39fc5c7d9da5d23bcef8f848ffd53ae9
428,160,d5bf05b79bbf713d632312040bc9407c,240b309b73d014f3e9eee31f5de84fa4
429,161,bae9511b85c0b8e649e346c1555c1a0c,54cd6b59df0a3bcd7e06925ce32198b4
430,162,28296e55061b3b24869b6c59d1c6199c,1d1ba2f1c9f4e21cbde8d9c47fa9648b
432,163,2cf6e2ad697ccbe64e8a3111d8100796,09e7bf017f74d85834517fa25dbf21c9
439,164,dd35a39569527c4a399dc7032c2140db,ca04b6b7b3c0201fcfeef48b0b51b32d
443,165,0364b5b2b12254ad6917348d4313d399,eb64c9050f530a6994e756553b276bdc
444,166,e1a0c2d9de0df784d39d59d1edb1bb21,ddb46aa7b537e24b8e134e5d1d3c0121
448,167,df035019de8f417f1cf868cd01ab9b26,15431075c259ba0ae94ad6efd0929d62
450,168,4651dbfb6464033e9a5a4133c173d6c9,cef2b9e4543f15b2f2b95b2717a19e37
456,169,7bd7d2c09ddadd8998a837496306ab30,b4dcf5f7cf18ebb2e3abc1195e794726
458,170,880a6fc48ffa2d238004db93741f8715,d0b1cd66cb79a9f3f35083e52ec8f516
461,171,9904c39cc82b02a6e2b1831f3275aa00,db7e6a7fd5b5bbf26e7e36f7cc81f1be
462,172,c33841b490994b132214c6e6d81263c7,8decd6fbb258e7edc3049184ef844763
463,173,bb9a8cc3784052c1e2b95bef49f0c0a9,13caa5097fff1c077b4644d8276e1312
465,174,d14c08c50fda2a89064b11892db70533,b6e28e0a23a45439786345752396f325
466,175,a39a2ac75f39b5e94de0dc3c2f799c8e,8ebf93c761712370d9e5938a30e2ed2b
467,176,a25718b1d506c92665cf48f8cb14832e,762bca7bb1aabf4db6432bcf4ef32691
468,177,1aefecc42a08b63ec4f0408c99014845,4c607e50f295e6a1bbfcb64f7f61d999
474,178,3eb4cc2fa2f5a0f37721b912273f7da5,772796d9306dae7464f140c9f003b25c
476,179,adaab6954b3cdc8209e8722d9a9255ba,2f963dba2044e512b424c0550764f737
479,180,c89782534637b86a2fae6ea7428c566d,84dbe981a8a34bf93910fd7043182ca0
482,181,31ee3ce751120104cb497b0b71c1f241,d64915f0e529325c1d6edefbbed74cd9
485,182,a31db2c34a1dc58dfe4681bd218331c3,1e19aef2f1d4a0f4049eee5c6e5275c6
486,183,346e96749f57800cea4d0db2428848b3,7755c921ca4e6a167ecdb6b8ed6dfbe0
490,184,71051a193cb33f34e98e3c568f7193e9,0671cc98290db7dd01f469750b0d7bc0
491,185,42f9c238b2bb04abc6afcc394380853f,87d69b77a4073e73512511da89699b86
495,186,3dfc12682491c07772bdc45800e49395,e0fa9374bf145d6434fe7d9ac3761cb2
499,187,c17c8d50b041243c990e0b1d6b9a534b,0d13898855dd14fc27ae653062fd2d9b
501,188,96620a60d36f965634738701951fe672,64c30c1de1df7a7fd1e4f5c5eb3ea409
502,189,5deed3a749b55f1fdd062fe2f72eda25,4f6e1ea6bc1d1a168fcda714db2b6082
507,190,600ab3cc7ed22db7f8e47b9ab1529a47,3a06b92b44583214c6f1f8cbf85a0825
509,191,85431774d1e5e0d766d6732bd3cd2ae4,2dd6827b4bc4f365542ff594fe6430f0
512,192,708d1d61a7a4698e0f046bbdbba28a59,e7aa4f2f6599adeaf4661a06045b9e99
518,193,f9fa080f8253d8bb6e7b9b6fc2423dde,4674a1309b44e441024a5b65242db324
522,194,27fcc75c6eed2b302d8f17ccbc72088a,06f4731a86ef48bd8e3519d16dc72103
523,195,6207ea9bf13e38549395da79b108866e,9fe4be664058a5a023344078e4ba559c
526,196,c89796c23d7ec2201a85ca8a09c06a15,54134028a5d4e01be3295d7e384f0e3e
527,197,a99116406657b3aa327080c5e30af838,7b2c0c4c95f855c526aff175983b54bf
528,198,a6469b0620e1730c17a1a30e89c49315,f33fc96d915095d9a564d85b0a0dd1bd
538,199,581ea9bbf54c50978ac1d4c572f0df61,16efaebe82c7cf23ca42957413570ede
542,200,c3c3eaf4e7f972ede09ac2ca9a353705,f2586104c920a58a4fd69b5848f1c9f9
545,201,862a4cfb7c54716690582ef86911a4a6,b5ac1d60a8811f755e0dc02656926fcc
546,202,fcbf49346adf6a36e17f680f0f3fb04f,c1a9111493e4992919619f58e0fe8f74
548,203,e14c8a010b2efa381b36d78db80b73bf,d975bca23fa7f05d589db30e94739cfd
549,204,6737011bfb6e3dd06989f594a1dddb41,1a874da9e7d869088a98be9105fc50df
550,205,6ed8ea40be04aec2a3785d8420e93a96,09a8cdc4822003d4994ca9d369dc92c5
553,206,beb8b928f1a8549ef4c79b5cc2e9fc6f,c03176a4a198358de997aeb569d9c727
561,207,93d69fc3e58cc9b6f19dd77fcb4d7686,84d7b4a7476c63b499814090e96dcac7
565,208,32b921bb75743ef13563ba7b58cc6fbb,d9445cac33e276c406dae07b4a828c9c
566,209,cc66a2420f5b564a0fd7e933fffe3935,8e5513bd83d6736e448cb23017693a7a
567,210,3ec1a8278cde2bf0c8de7cf3d5abee24,9c056bb5ba80ebb650386c2d68972409
569,211,8f6c3f7362f4580b6a782584686b1fee,8d5a978855b469ff71de8269006fc014
570,212,9821c36157f29ae4d18fd619c1194812,04b58baa46718286b409edacb1b2cd9d
571,213,d76c2de0174fa1de40b411004fc98479,cfcb3233c26aec0fbabd3b691dc12dac
573,214,bf9711504e6cba93b283d3b2cb66043b,318d5d7585684c5694460e5e97a81e30
576,215,df28aa1b678882e45450a1db6e299e25,cff1be957fe3fcdc9d0329c26f64a07b
577,216,7ef7a6fb2c908a54d7028ef83382600a,f2dc71b142d1af642affa69d6c8c2090
582,217,2ed8579c9e96928bc6980f766075af42,76bc3c1782644456779b0907f02a08cf
584,218,308d03e5e57df253c8ba5be9638b3ee6,fad651ca42b64511990609ea6dd9ad96
589,219,9e175021e90485a23f5c46f433e9208d,165eac52a170418f9861f4eeff4a8034
590,220,dfe7613ce426629d71cf8413a3845c8c,8e1d91bc1ec59b9475fba7bdb5110cf5
591,221,d14a3d8c40c481193d03438e739bd431,a2bd501170d747e221e27b293999e8b0
595,222,61bff382459049499d70ff9bf1dcf6f1,46b82fd7a97be1f9cc5ce8c1a17dff6f
603,223,9bcdd1a5f2b992c6e35ec238d826268a,224075d9f4a28e0c50e9e62cd95d8486
608,224,84a2ad0fd59fe6cf2cb4372113af92a8,021129ca4655044156a8551e3ae8490a
609,225,4e58434c50b53125c58ec0398da789d2,8dc14b7e079fe3740321767dd47292b5
613,226,eba115d904ec629c3d0e4d9efec24a24,b79708cfa8c096947dd00b615921891d
615,227,2f910463224b9030ee39dd30b9a72f3a,0a7f0bf1430ad872c6192dc72e333186
621,228,957e826f3a200ac7094fda0e64cba495,88e830d1733d0ab495d1c244bff2af90
625,229,6b4e440cf56c3db90bd0f796cc494588,fd25791a0cf329170299bba00aaef13e
626,230,1e7fcd27b2b693172eba9c96ef4372d8,b91dad410e66952779cabec860ce76fb
628,231,eda9fb94b3d796ac47f18d1c84eab42d,7f628e113d5bc54edd9a524765af5c7f
629,232,091903bc79bad406ed885d3c7a161493,ed7fb1504ed8c822d44059a0be43a1af
631,233,45807b5818a0979164b43cf3dc9c795e,2d80cdc5fc73b527bc8222018e34f425
632,234,71f9d96b0f382c92d2f2063d2dfc2957,514ac29eb9ead5ae862615eee691501e
633,235,69eacba348c87d62676ddb11d1281935,cb97e73144c80ce76565dcf9679717eb
634,236,e34148898a64b53e6aacd364166d47da,0287b2314b2e432657628c71899108c0
643,237,45ab506f9c10bde174e33e9a91d4dfc4,8dda2c3be7181d6834f0440d8f6ed1f1
644,238,1f3aceb3793fdc4f819e983035a470d7,2c71861379152075169cb39dd2a3eb04
645,239,57d4c7f789ccad0e812da9c1789329a7,5b7d59e18fa892612ae9de62bc0588a9
646,240,7c1c1c40540b2857fc20c1a0b3abaac3,1699d03f93b9a7d2f98d3ed4d2d72bb8
648,241,484bb2812bed2ec96ab062e982809632,ef1f83a7e52d7f24232bf375d6d4a4ba
649,242,9b73573522a88d4d1f36d7c48bca23f8,20c921a2702d7cb82c72953a23314d3b
652,243,fca3249f2c048c219452ca819625b491,60bed23ddbc1a8bdb6050bab9dcb2096
653,244,1727db65090670a2d489e37df988ce28,fa20922367d2203d8dee22045bb17adb
658,245,5abe1794ea286954377e620113f71c9d,6fb8a5285b2a0fe1fdc842e601872c4f
660,246,2e058001cc165797a193dd3708a4bb5a,3649a87015efc478b26d026b8a0d48a0
663,247,dd70bb0eb0de484ed264a45bcd3ff820,eb4012bbde2a3abec81378d097db3e25
664,248,caad8fd3ce42634bd6abfc0129f59fed,ac4c06100f08918ee8196ef4b5e7aa3d
666,249,98d534fea89643150c9723d79952b5c9,1e63151cce2e16819cc92f1754316e65
667,250,0adcea6c9610f5b9a89c886c0819c449,2f53f04bcd4379a39367df095161a161
669,251,2eea88446776c273d10e73453c174f6b,7a46f5016d9f66599638c8dcf9bf9f2a
675,252,63e8e975a9dbde7d6d4e70a799b4a175,b5bfeafff45f984fe7ac2c7f209924d0
677,253,70ac3925568501ac746a9e0906e3f414,b7d99aa75129a79d18dd1dbbbafcd636
679,254,e47ccc14afd1805e324af507ba484e17,8d9fad078c64d4eb6662e5ebbb2331fe
682,255,e813afd778a96ba20e8e5c775e440d41,e121f8a1bea8b251d28e94cdfbe0dbdc
686,256,f8a0288118f638fe3c70d0fe4a0dff45,916ca306c9d225fe85a63e5a66c33b7f
687,257,66f96ededdb427a68764981685c52401,b0fc3f30f621549098657a84f5c6291c
690,258,a361a25175217bb2dfac6b30c782e5cb,345bc48a69defe2f22f002459f05e02b
697,259,81be98253b76df53288e3e4c384227d7,2b852a56819287757af96ea0229a788f
700,260,9aad063d33fc12c2ad0bff493b24b51c,bd330503affc58959007e0a86c3cf2a7
703,261,43420cd4b7cd1cfab66b7759f9025aa9,a93da8d9931a3fd424a45075b68e9b2b
704,262,2c0cc24359bb998ece5b88d1fff452c3,c3a6706027bbd91274b99bfdcfdc043a
705,263,956eed58749ee08f501b710af099e19a,477b29eb9f02d0c8cd4c1327fd0b76dd
707,264,2eb6d7f8d08cae208719a704cf2195c2,3ebbe0bf54d2c8a76fd77899ff9a822d
714,265,906bf5075575e729606cfae3cf4198df,4dd2dd685e237328424f457e37637de1
724,266,95ed70bd4ce5ac72424aa44e14806b9b,e1efe3e97f595e4e18bf3fd4a6deda17
726,267,39d716c7fb356617645f388756afe341,a7b3df057455639b23ae59cc3bb7c0fd
727,268,e42444b1624217aeaf27c0ea58b55314,542e45be897f542175e4ba9167c8f87f
729,269,26179b39867a146405a352cdd8eebb92,12f90e24b4e59c2cf79a606a47a02d0a
730,270,8c5a3691156fade7b8396d177c6cb427,4cf468582d17412ebc96e70505be5e06
739,271,0405cb6c03034489d73859a139e004fc,5f49359eb9092148d51ef96d4d19f81b
747,272,2b2c980fdc262d7753376a62036a9225,8e3c6652c6775bba0935557b17edbcbc
748,273,8f2071a34107e47836764bec25d094d0,37aa4639d41727bd05a306d851b10f20
754,274,672770228b6a1ae9b67c425be6f19590,2eba7e0b00e323fc09d2d1261f44a042
756,275,233f9a9a517c76dfbdff1116dc80b9a5,ad43a0f605104f74d917e33f23bd1817
761,276,4e57288bc1c5386f9e9fcff747cf914d,ddc364e298fbece5899cc0df0ec68804
766,277,0e0ce51bb6649275ef7680699c046d6c,7290f357976f8e2468370fc8b2de8810
768,278,d80aaaa8ec07efb9de45d86889d7f8a1,04a096a5bb2f9dd74ae5e43680421fb7
770,279,1be7538c52b6b6f2dd45bb1a9e8923e0,75a71b99c4414c8bd52ad365375e2508
775,280,2245cc81cd9ff74c52708aaeac0a2164,a27c07fdf2609aed0c8c7fc9083d58dd
777,281,1e675e929a48b5e7acdebc1385ddb484,7c0df54d9f5bc5d612d83c879799e2ea
782,282,e5697bb1b48432089299dbc10d880c5c,85a1d8cb180f57805b77eb731bbce80b
790,283,eef837b7315fc646693ec7a7459c11f5,671d4b4dc7feef171bc885aa204195ba
792,284,0a94b0fbcd26d85b179090fb399ab049,35f9d86b771eddda5b7c7ab24f0d3568
793,285,c797a4ce0cbec1c716be30351bc631a4,96eb7a24a3d3c3f82e695e12bd0dc96a
794,286,b2fc39f8b6b25dcd2a2d8d138872c91d,f86bab7bdebe5b7de44ec478b62e34bd
797,287,80625345761aa6ce67fd7250b4842752,9672f33baad87def0e4093bc4604b031
800,288,78cf56f1e488df93811c8329e4bc96c9,eb76f83450649f8b8eedabc0cc01f6b2
804,289,aad46e7a05e03250c32238745ebfa7f8,927c0d65ca2e320a0be493fec3a2219c
805,290,791a37446753686e2527a43347c03e44,221153644ce48324136f905d48733d27
807,291,5309d21dd4669aa9af618f032b8e1ab6,06328cb54b79736b98d8a44084def01a
809,292,d06b3921f3377b70995f4e65af10790b,3a05926545a12e23fc52a8b646b4192e
814,293,95e24f8f51935f4832d5e05ae9efe041,9979c2b7eee7853c3c593d752c06cfbc
816,294,a31a05451c6caf04b131933ad6a834f6,4fc1175509fd67fb39ce453e02a8848c
817,295,2827ba0ff32b03a3bb6022e935968abe,2a7a98908e8451e83be242d3c0b7d2a1
826,296,321099bb20da4e33a527d2b79d4ee645,6112f0f94e7a54fbc8e8635b520faf02
828,297,1ae5714c84b590379da99514daaedcc4,f3fb1a13f976a632a1f53df5a76cd269
829,298,f4eb765fe1a9b925a20857647b83f135,2045db35e3d7f8b4f1053030c2add571
831,299,a3729403e33d74f66c7e769f100bd609,a7053a93ae91485be2de06e26ebeb433
832,300,96c47b551775b8cce8649ddad13b74c3,0f629286c9741eff2f97cab5a10fd8d2
834,301,aa5d3336ab6b6a6d4d0969f4d0537dd2,375c213a8757c9f80f3cb1161321488b
835,302,b57dc7362f3c04e65ac167b813cc87a3,f0be3dfe17e105a5e5f5a7b5bc6df827
843,303,07932166c5555d49a231eac79c79acb0,21e649107287783509a18b742d30290b
847,304,b142c581058653a3f86f6dd046accb63,085c101cbc4f8a3c9d3b0a4eff3adce9
848,305,43a367728554e526cfb3d99a1d131dfb,6c276d1887e5409be0f73283699ef823
851,306,e157b1c7570225a393f2cd60b64f2dd7,fdf6f8a04c4854605d7abbd7791d1631
852,307,b92072a77586d5a7eb2ef7c46a53ae82,cffcc5b36faf5e654de1c431f1a6733c
853,308,e0598e17dcfa5796cd2456156e52f782,ddbbba032343375086df9e8016880f8e
854,309,642345c1b1efd17011fab8dde365a694,61440f6f3278094dc52813792ec95941
856,310,bead499dbaba174392979e7c03817c52,6334dd743337b50675df8fd4eaec92bf
857,311,a7de43e2bb3a89b2bbdc53a1519a8a5b,5beaf468831dd16940a74d5b8e3ed5d5
863,312,0a389617c92e80428dbf64c88c6c2a33,cc8a8f01d626a709e1e4097ef24ebe3d
865,313,ec3c55860bcedd0cdf63abbc4cb2351e,56bdfe1ae90dd97790102ee46829e71a
867,314,45b25bdd1a653071252f123fb32f3085,fbc671451cf062eebe393ec2169c1043
869,315,a209a6aa3e84fdf2e3927d7b83db5ff5,6ef14bbb86c39384488531ba6e919eb1
871,316,7062acdafdb4ea5bf07c9e3898abae33,6a2525c04f3537f8e08b819ae856757f
877,317,e26ab4b2d5ecf6707e902aa36095d5c4,ec665ece8791f9ef5146997057279935
882,318,85df4295df54368535ca5f2169697ecf,f0eab2e721ef417c91400272e72d42ce
884,319,e963934398c77dd849568e06b77f400b,84bfafaa1e7f990a1c806439575b2175
886,320,f587282fb8e4d976c17e3a0701eb87f0,6dfae520e292fdd0491ab858304dc07c
887,321,38831a648a8ca5bb72a7060eda586ad0,119a00506a017484d1d8cb9946860c75
891,322,7eba4b45bc90d39b0e5902777c750b66,679cf6e6561689638f9b29ebe4a42191
893,323,7dbe4e7ee72d5fd290c7507e5a0d7645,db8fcad4316cd4e0cd2c06b89b83e7a4
899,324,92b9557763accffb11d2e4fa7d549fe6,de07a9a3b306f0dca8af8e7b21931355
903,325,0d8dbb4a8dc64348735814c239339b25,d45f26989ca80cf19dd41008b1eb6191
904,326,22c097a296d00d0ad2e535851cfcaad6,94c7ff3b21825ca53c2fcb2b223a480d
907,327,efa623591fe0e80e519624a28f3c27eb,3a958154c223f27e2e0aac2ba13bfe1d
908,328,6a7e7b22b47067860f9beb0c288a437f,57e296380279056c04083a4c8c14fb2a
909,329,7c576a0cf35334301c0ed6a0c91c96c7,e387fccec3b4a617d9604d4180ff8862
918,330,54b5e54e10d770506edbb0a266f72bbe,0ed44829505e05ca320cb3a843a0afbc
920,331,c0434ec5a00caeb9228e8502f5dcf0d2,48efb98e77e71395dfefe45fd65f7994
923,332,e5041263134b709960909bed552e4e16,4f3235f3154e5fb88bc46d61ca5fc343
925,333,2ab60e5c98efae8d04ed229e621f37c7,40c17e3679456c31965ca06ec1694dc6
931,334,d94df85717384db1d3502c417acc84fe,a394a68029ea51bf78fd7e04c9da3a40
934,335,d3bc8acc1b1ace4d53a7db195af12cc5,606fd30d23b4064b26607df48a439bc3
937,336,1b9325a3f920e4898bc85bb29981ca43,dd199977c812646c08854064110e46e3
939,337,721736f8ba62471b4c5efa340c6ce4f3,02c060eceaa794c133336b901fa495f6
940,338,e748bb60a73e514e278088c502330c81,0e68400f3c508100da5854e856daf674
948,339,f7d410f8e8b1152dc96f36d695e9a524,901de15bdb80bc681e0ebc2a3ef07f6b
950,340,bf39971e382934296257a2f2729b9ff0,91a98764c66344932c0ca8bfb0b12388
953,341,88a1dee1625384028759ad27a308d06c,d0924cc4585a811f1fd219e81e82f9ee
956,342,35e80317a8e4b05b2bd4ebf461827f83,c71fa135028383230658a997e92b02a2
960,343,3d4847295920e2c43c632cc430292741,2d145528543b8f8e868c9d73b1a99e9f
961,344,1dcd7379e3f77f5017e235fa05dd4211,4f3ee857eb4c843264734c27f819b54e
967,345,2826c143de5dd9d9ef60f92b7128b994,caa7d930c0c730013245cec35e1ee459
968,346,9f69f33a65f72f985607584d9c0e5b38,b77fbc15e257727f5a1734716f9bdab3
969,347,a30d7e96fde7438db6e6163b59c2925f,9363fc82ffe04eb4c00cb31e9d064cda
971,348,055c8f189fb9c9f73ed08d7a6cd3aaca,99e277b66e9e7d384a2e00fda86a037b
972,349,db01a867d2c0b1b628044850afdca32d,780fb7569dfa0cd014407fc71e7c9754
973,350,650c8642b9d3632705f6115886d86dc3,6723119dca75fdcd8163fb4069f2879b
979,351,80c2b331510ef1bc6b979d8449c6b978,53c6d7c4d208cbe9f5afcf958e0a860c
983,352,cf53fdc26fa3b326cb7c2d0fa9919b98,5e8caa6524c692b4f800527e7ba5b0ec
985,353,41671bbd6abf587d7a08c5f9072c6163,f32b1f988770f95dd34f29e9d9048add
988,354,719dbad2c38bb1aaed9cf889d4ae6a52,4829f2cb78e028d775bd019af450ca5e
989,355,25065870f92d14ab807012f471edf6b8,173a6d66ad2bf3c8eaf5fedfef54990f
990,356,3d5ea51896e533c7bee7545a88c55f8a,1721d1d08d8ec35987b9130bf6c5babe
992,357,368311278ea6c264d33eea6f74bf20a1,a27fc5f86577143ce6584814919c8dbd
994,358,ae4555ea20db9679c55c6be569e391e0,4b9172887bbba71b969a3a34df8803de
998,359,b70a36f72397510b5f5b4e61219191d3,5c1dbd1c25a4f78ef3c6ab87ce756d5f
1001,360,c416fd234adba9fdc7662bbf11e27244,42f00e0c1645fee612a32bd11ff7b1d1
1004,361,b09730a301cbc7d16ff79d3a1e968efe,25caafa5a0ffda05f337f7ee4a482530
1006,362,1a35c5c062f82abfd2d1e5377a88036e,abdb7cf1e6b536eb79ba5274cb2d6383
1011,363,5307d8f63318d6df2f7368b8c7c405aa,0e225db5a0faa3cb1acb5307d5344bcb
1017,364,ece37b5ff31664372406dd5b9213d4c1,be8be04d11c0d41b112bb9a53220a3e9
1018,365,43876cf84884a367ea75edabd5b7141d,d5c5a2def03a2ff48b68dbcc84df42a5
1019,366,eb5e0c81c6a7d84f4f892f6edfdad03b,b8cea0542d362a06000f9d226da92704
1026,367,0dbe6f30620c8564337d37eea8d5bc88,516fa3b23b5587f0c6bf10cf58ff1e2f
1028,368,9343a91e2eb6804812c1700c5bcac6f4,f91dbaf065c20cba948d380d4a327141
1029,369,e6ceff35489b159cfa0a63abef59fb1d,0a52d9ca6fd3839995f57112b8e25234
1031,370,eaa63fcafe476d857964e3f74b94747c,8a08a4fd0cfbe134873c8b414af9611d
1033,371,9568948422706340d68523a34457e9f9,195380983819191869962842c5057cfd
1036,372,fa08384048303e87110ede62c31a04e1,478ce20f7cc246010cde1daacf71dc63
1042,373,76826e9adc70a982282014d4412718a0,ca40c80cf30ec053ff781ebaf5eadc83
1045,374,c464ddf1ff8c656e71b693c155a0354b,3e900e6a8055208ada46cbed136df1f7
1049,375,68f88b847eef2caf95af6bf67a0a9ac2,54001690c392b911b71705c7b24af67e
1050,376,7fb780b365fc32464c46e10439445262,cf5318e7d5d25fb28160015b611a2c19
1051,377,64057e7d44d9ff1bf114c49018dba4b6,7d716ee7a488df6fe94e30fcd0991dde
1052,378,d84982a0da0a891bebc2056a1fec0cb9,24a89e597ef20610ae303af4748822a4
1059,379,85aec6b8a060a264e214a54d7026b43b,c1f6c470646e777cbbe8a0dafa7475e7
1061,380,33957020e484093c083eb52635a3afa1,1ff810aa85509d1eaf25a16189ab49ad
1067,381,96747eadeeb793cc8bb318b9dfe581dd,a30ca77c900f8ebd84f50f1e2d32b235
1068,382,020fbbad467b1c459895cb9bd75a44a9,3a90350fbed01dc381c87641ecce8e50
1069,383,a21776d47c14181decdf737360c5df76,84c940d0989f991aa3422e8cf00f0d70
1074,384,a62f9d6599602c3ca6ff27e87daf58d0,e1881666307491f57734f3e30518c22e
1075,385,8b6240c133dc114dfcfd07b7f111d078,a69a52b473a47bcc1fef6edb0fa97dd3
1079,386,58d478aa32f53bab0beed21091c5131f,1be9304d607febe1112e501af1aaab60
1082,387,bb6f0ec2c76fe6e724da1d3d2691f167,02077b8de172292ea4c97549dc50b6f2
1089,388,2d826c6f20193ad7c4d4337243718d97,290c4d0e6a0dce8b4d969360f77bee65
1090,389,c39a263df5f11b3e5fb0ce630c067ab2,446bb5f6c4488c3ad7b81bdbe1cc3cca
1092,390,7fe6309d0f5a946fe73f8555b4dfda37,0f31f16d94ca2b1b966b7e1a5a02ffc6
1094,391,5b1e21e4dcf2695094605676f2236a74,a587ec5b399ebb87aa5e431e07f40a04
1096,392,e5f6885649da53990af333fe2a08ddd7,8431f5cb5d7abd2e83a7225b56f6d0ec
1099,393,e70a82634f621b7d4512e6fe7a98e847,b09127702ea86fd92ffae1bc2c277d06
1101,394,6c5da191243aef0616d93dc4b767b0b2,00e27195ced6012a3ea87ff2eea3b25b
1103,395,5d533cf184b799daedae65c63b0b3396,a41ab386382a884e90e42e105c0909c4
1106,396,92ee70ef35a2c54417f20a748101343f,3e272e806071df96b06471ee434a48bf
1108,397,fc565e6b771aff09bffcbadf1c5384fb,6b4be14f1a7621c7f6a5195fcc93bc2d
1110,398,83dc8c5f17e385bb8785df5ca9399e79,13adb8bd8a500a9914a461b4e39b36ef
1113,399,53dea7a322df2f3fc3047fdcac2227d4,c18c67cd5242c7be0aed640c442c99aa
1114,400,16a8b554b704dd95ec255a584863668c,2189a674e4550add894ce304bea80c0c
1115,401,29379847132d02cfae414769e7366629,060c087800a94134823eae04f9748ef3
1116,402,9006adb3b22ef541d326ab0e17a60e3f,5ed2c8f5d93e68406e299f72b2047956
1118,403,3614799dcdbff33e8a9e03e12a97818f,78127d946ab8020c03bce4c482430fb3
1121,404,6b0a3ac2ca55df0dacf856e7405b977f,66c5fe98f5f958c5f63258f9b476fdb4
1127,405,d0156b29691fc8a7959a2aec3fcb0efd,9214e9973b2d16f7eedf26808b3aa8ea
1128,406,d7904e04fb5f3e9910949b6ca0ca83f0,ca97329ab4f0e6a59cafeddf3c792ab5
1134,407,54b6cdceda108af34b2510a1f8503edb,d07439cbcd50358bf5024b291a0a3c7e
1137,408,bd310af3333f376ab88046d94de64d12,b88082ef46f4dbdc07f84f8e6d904577
1141,409,6294824afbdaea8d524d8b75b546b5c2,db27d44475e23474e86e1d3e741ea026
1143,410,8be684b24cb76cd2850f1448698243a1,12bd8c5791bd766b4513c49b948e0def
1144,411,0d3eae5374fe4f7541bc4198fc09e369,7f428a1d0d12204af0cc47dc8c1211b9
1147,412,a91765b6091cc4776f4a080c55224ca1,26f4d55f5cdf482fb14178bb1afcb784
1148,413,49c28e3f21e552657659f918d764acde,a1c087c7b54d250ceca34997caf64c0f
1149,414,e9271462a327599b216dc735430e8369,ef990d767d72359ea417b861c6c4a17f
1155,415,482a4ea732ce83058364fad674657c70,932cfb7417d425f6276a30800b0fd6d2
1157,416,d784da28338ed5be5f4227eedb858320,a08367df1f73ef0cd7c21518b183f128
1162,417,02603bb8cc0f7abe80adcf508c2d0c88,e5686ce629dd02a395109e04dcd9dd1e
1164,418,ccc0d960887d617463861b0601c608f5,992ea4fffed854a8f7cdded71d4efd63
1170,419,ba223d8b9c82dbc12a0c94126e10faf4,07f4bd252a5a94fcb0dfa5a9f80991b0
1171,420,3eb98cbee7d6bea70558c643c22020d8,b4463f1c94447d81f83fc708de77d5e7
1173,421,43daf1220c1d7ee02a286a8f875bacb7,bc9e5a27230f68d93f7bb9a8b6bcd096
1190,422,6ffea04ef787fd4aa95aab2892358318,e7ff5233193e6e7b493406262115c86d
1191,423,df0ab42deca3b41e5730b538eb5f8746,07b41d94925778bc31a29c9cd16324c1
1193,424,929c357a22f690a47550069779728c60,024aa819bb9a4e2eea1184ef905a7d71
1195,425,6fd965b8d15f011ba740d167c7447605,e42b51e6c2be98ac7b055267fd4a5cb9
1200,426,20308ef1148087a29cff56507325228c,45d346cdf01277f70f83992d1d9105ac
1201,427,2175ac747765b6462eb8a71ad1aaef1a,7aae594217e9a1a6df942d1a21563f14
1205,428,904a9f34a1d4c667f848fe2abd279aa5,4852263c1521e8036d1af6c66cda8693
1208,429,3c1db9e9391c09f522b71dac6e9adb23,ca79a9bd3998d5dea5f0e1383cd54cd8
1210,430,b9ee14ef2145fba3c3b8fa2ae2db37f9,a62bfe595766509256b916e59460cfde
1212,431,936d215d057f8f44da67e381456ab89b,f75dd75fb72cab65b44e3bb45ec403d1
1214,432,922dc708c70972c6746d66f69d451946,23056af2de3ac0d67cb64a31a38584b2
1215,433,2fb942dce1c0d85ed7f438d492c7b5c7,a146983a6f397bd65259e2ba4c1f1c8d
1217,434,0e1da0d98d3d3774aa530eb74a0370c5,9f700f2879aac14a66d6e8b72a770ec9
1218,435,f6cea25aedfb6fc2badd3487b98beb5d,6f2b1a16ec64461fe9dc7d0907b80fe6
1220,436,0334b42deeb26dedfdda1d73f8335d15,8eaab4fc386f57c05e92734a10ddb276
1221,437,7242fcd381d31e2959e64cdde00c21de,9e6430608f348401c0a61bc3fc7e9fac
1228,438,e12aa34dd2187a04121bea5adb0073d8,e16d05c8da1e9011d35a578dc4fc93c8
1231,439,d5a1eb8b6c50a92b6cb5afb9ad5feed0,424e1fbbf2e0210f0639762d069c4f02
1238,440,ba410e25717d36c54e8fddef9de763f7,1a0133f64a653e64e8c85f857273f6ef
1239,441,6b53d447770b4485c5b17b12b0f27804,9fd0ae1f9eb3aa7d16fd9a255d8c4a00
1242,442,7c279987d6899ecb3ceb7b359325a5ab,342c4630441e1d9616c5bd3e4f410d18
1244,443,f522acc7e373f31809a3b1bb015cccde,d46b8c955861c80a2086e90f595b7589
1251,444,2eda4fd148526415c75b2d8a3b4e21d4,d5df46f562bb8045dda90c47582bdc62
1252,445,157c30adb44df25b823a4d768433cdfb,4c2d54e16b158210f74ce2ec0cffeb99
1256,446,02adc09a04969b790068233da5ff2f1b,4f811752721cfd88f88b0fa5c0c0c29d
1258,447,65401b0e9b95d196a4ad6a60f736bf0f,ad711cd4de293552dbc57a12d25c5042
1259,448,074411d341ff4b4b2bb7de43a5c87747,fd278e0f98e2b07eecd7145088731adb
1262,449,50b729bbccf59e45fd1eed9523b5839a,e8ee99fba6c2e5881c08a0125e0834bc
1263,450,1f4f31e70950808380b6b46766702079,ad9841d5e0192d7a9f557484e40ee1b7
1265,451,0fffca7667760eb740068257d66fe7a7,2caa32cc076495abe9e5e500ba4ba210
1268,452,562195ed3233a09f6bda4188a1a1e2ee,bcc0cfd234792a9877e45a01fa4a4b39
1269,453,f678bda35a288087ec2b80b4b6c69c69,eaa2ca5957e05d07dc99e54f406ac1d3
1271,454,e2bf63300da5049b01e6d7c188a8d2b3,07c142ff162cc0336a89730ca244255f
1276,455,d51d91c1cc02875b5dc36ca8550e2b2e,8d693a371423f9de91c36d0f0da5818d
1282,456,c13148d418e6bb488b01df95f47cf4bf,b63b6d6cdaaa06e07d9713c85b3471ac
1290,457,a4939831bc2a8fa74ec8cc36d2fb5a74,3f2c192cd120a33714d270c1d9faa3ff
1294,458,3e4460913b4dbfab1a59a9638321ab71,6d691bda1c173b3dd7067e16db1eb275
1296,459,74b60ecc52e6c886d69baeb7ba17b059,99cfaaa4e2dd832e5e20e049debe0c79
1298,460,1770a1a9090a1d719b5b24efc45e4e24,be4234612425413d560f1864bf7e7be7
1300,461,4ed168ff32fee4f814091676f4e83833,1c9fdf02846cc40b176d49991ff4474e
1302,462,1ec814ccf748517c1029f2fe0289c687,5054e72c13d2494dd362711d44a60d4a
1312,463,0830db2fc8438696da3d692fbb0f18d5,13633c374d72953bc356ae2c2ef6806d
1319,464,1e863ab3acc1b8fd292165c50c4067e0,a307dad9376354044832f217b6dfb0c4
1324,465,b9fc152c443fa726706de616fd99bea1,8ab41d2930094ab22f43fa3244e7e673
1327,466,97343b886b64a8e0fd52bf76720a537f,59e594d79c254ab8ca1105569cd69951
1328,467,766fd207fd3d1784d4a65b81b6c86418,0a1ed19f330a5c40ec961b782585c5a0
1332,468,dadf9ff0392cef40ad78cdddfa638bf5,244b2b5785211982c454b4eee8e6f664
1333,469,afad84990ff57aa1c247aec2e698b5fe,5f004386f680accfe385891b2fac7a70
1334,470,d4429dd8b945ab6960164452ae0cdd31,c19db682b2e2c66acdb7e402a40801f4
1338,471,44b1e7480a61fe3e148a8d8d4ec3032f,6140e841b68ee8a53017ff31f4426329
1342,472,eed6f613bdf318d9c1870f36bf577fa6,70b9f2607cc8f410b76c1fcfb1bfe8dd
1346,473,600188fe4f4f81f041cf4b87da174c24,44376fb6f75271b47b596a86d3634977
1356,474,5cb143cbb9197ade6db1bc7ced2e4fc8,e1cf3729d3fc60b227b87659a0e62441
1363,475,b224df9356ca799b3f80a2480bcacc7c,d50b23589671e102bd9926afefb8dca9
1364,476,3bdf6e29a59880d6aec5d580a4ac36e8,a686dc29d015561f5023bce8eb3cf697
1365,477,506f4da84c6cfabc805b797c281b3430,2f9af56ec5892ec7c141fd65eb112be4
1367,478,cc7b4dd7698a11ba01c7d26339a01b71,4169096ef0db79a4632863ee54d65f8d
1368,479,f14a6e25d610173c735d811987952769,5db5411c46cb294afa5f2d0feb2d59d4
1370,480,872a5a25c57fba411d56030a954e9db5,41efb5d5bb9b72833a3177aabc0755a3
1371,481,4cd0263f8f92e8f244fb798c5f89025b,e4c37677f82bc89d22913d3b9cf6a84e
1374,482,e5dce9fad0bdc1e27cf2e7da83d37db9,cf35f0e9c0c55a337df00a0853e8452f
1382,483,8e62c4d175a0e0b894b60a0e2684a467,e4e4f8c83bba275f2147987e3a54d5de
1386,484,5e011f5b2da549ec43467235747695a6,c2681e1a8ec7cca98552c96cbdf2f7d7
1388,485,3dbc5794ac7de084344da124abd04dc8,5ea171b87189c679a46978bbe873b68b
1389,486,7a708a071262c3a0c30f861c6325d3ca,83e70ae355d391bf21e7a72f091abdb6
1390,487,18fc7d750bc1e79014871b62a956a247,e77e17203fd5b7b8a2b8a080ddd5d941
1396,488,89a2192f8fd6a840be1239573cb4ee2a,e372d4f5cb9c66c76e956c761316b8a1
1397,489,3dab7607702f46c9b8dd0c939449b921,d65f9f9d293422a5771e57cf40e3a54b
1401,490,31bb9f9609d66b6b82bb1dbfe14278c0,a3d9c7f7ac47b89553b5febebfe3cd79
1403,491,0c1093ed182fc436d088d2bfbcf35f83,303d45c9042afe788dc32aa1d8decb7c
1404,492,9d61165341fe7215f5a6995e945525d5,0ab498bd8fea15c2a1bad2630c551703
1405,493,75c2ecdd0d62ed244259cc1d35357c6c,75c05fa42a46e92a5c770cdaaa9a418d
1408,494,82ac839f5b459f1550870f9233bce10d,440978cdca40266f3fd7e96248b27ba3
1409,495,2da84edc9acdedef85bbe72c70c2c3da,2913cd43d42ca1c3577dbf0e241c1059
1411,496,dfede82ee3635e8e6fcb55bca0b133f3,500c780cbfaa13c5694192e01d3f811f
1415,497,86c5dd556b37b14671ee7bf0bd6b2535,95f25fb43aac2ad03af41a2dee16be39
1417,498,70d8b2484920e9e927d0b448e21f7245,0f4896772c079a961181ef47214b9a0c
1418,499,b8aa718dd789bbee9849f1ae37c47739,ee9c15eff9b60b12901be648377f83ce
1419,500,40e24a9eade958ac8f6b32167a178d9e,865f9068bf7cdaf9348d9b44ec1dc13b
1420,501,fb62bd96f0f268bef328a92f773cc4a4,eb79878ad524d6b508eb17a0dccafe52
1421,502,ccfa4e070d5672ac362a9d0494f609a3,0283972e1690372fb250087e31f9b854
1426,503,cd6086ee3452d34c07d0dd6ea7867ec0,e9aee484692da025ea276f700571a79c
1428,504,8667eda4150c3b75bb2df63aff81c391,2994ca912fb96169d5a422ddcb957dd9
1429,505,ee3677b61f1e4393f7fdb5c6c04b3bfc,a87ca5b524add309edf56fd2e6f130b2
1430,506,e1d2f7cf14876424b9929c7096f19e6c,e21f461dbd06d460481b102aca80b647
1432,507,fcd75a5c654963894ab8b8d7469eafb4,dfc0401ae8e1b4219a0f78e837cb15ee
1435,508,55879305999aa894f1e52011c1b9d63d,c84ff351b8c152b010d06cf3e71fd104
1443,509,b94c38e686076187ed9da064e1d28a1c,6fdf203c5066f6d8d606d14ff5a9af01
1453,510,b290a7a407c9c11f892a15ac1133a6ba,569b471223632caa3b6dd591a23c244f
1454,511,b1105efbe013ae66f27e6cbc48b58496,ff5d2b62dd25b4768d179d335c651217
1459,512,1a690e027d04607d4545ea11985898dd,3c766ffe3d18d1befc02b72c849f8d79
1463,513,9f4a8dad99083b187a2370e6af7741e1,832dfe09a2d96d3b940ef86543a5c7a3
1465,514,8a67a1aa53c61929063840d5b91366b3,687fbf7c9d5b9391be1c4fde2f997b9f
1467,515,488b2c668f1d25378b370bf22b5327da,3cd4c5603b022193546760c2bd017495
1469,516,b7f10154d25a8352bce33c3a99e6a392,26cf2319520f446dade0db2cea788fa6
1472,517,2e379c995f2443f688b028ee768a5244,f8d861b940b2e499529a798c4784f203
1474,518,b48ba9ff44920f9808aeeb04cc8640b6,c52acd2c6de0cbc0eb5737982eed7dc9
1476,519,a41e3dd632fb29fb048aec584ec2acd0,cb9aad57a2e046af225125d100f90b63
1478,520,1e5dda17c34f4e7bcb7288bdf035e393,8c3e675de647eb11860e8802639cb1f3
1479,521,93acbf9edf20952627b1d076c5f3f8a9,0ab32e0c38248534da57ae8b5c5b8934
1481,522,8f60bdf050589f538b88023e3799a8ae,95e7871aa7cf6a2e67f9cac7b71170a5
1483,523,3b20bdaa99d53ef334a9b8ecc1952060,a757b46912c1fd81cb1fe78af4e576ad
1484,524,b75dfd01597a9231851ed50a5ae8605f,1b732b60b46cbef3502404256d0cdacc
1485,525,df8bd6f48076e2f31078a096fb92c2ed,58118b5ae9b63c295a378f9328e46f22
1488,526,fb2b14317ca3630e759d671a2b10736c,ee4b3d83a9365444eab2d4fa259e4da7
1489,527,1a613f0d3046bffd1c8a5cd8fd062224,a859a3c429e35eeb4354f76afc8b11da
1491,528,01013f2e2af325aadb553e227a988b66,61f9d0ab827c591c94063e7537d5cf59
1498,529,9df17208d74da54d7d4eb779bff630d9,315544ce41dbd1c72604d4244e376e50
1499,530,eb21f00ec0a8febf2280858ab80acdce,bb89db1c0b828fdda275c75129752dbe
1502,531,a8e0035663e9c8a5da99d616439bdec4,458bc8bed8bdee1b73c4003c19f754d9
1505,532,3056e2a1a5a0bfefd9ca049ed05a755a,6dc57fd71e32f151f4d12b047328a7f1
1506,533,3760bd5533138f719cce75e64ce2bdf9,34d12f666f39395ce688fdfa14b271c9
1512,534,a6b39a50429cf42a62bb271daca6b757,bd73a10de4c11c063bed0bbaa569e2e7
1513,535,4a0210419fa20a0aa092f9937f041ac7,3f4ce6a81c93d1fb587e177a9ce7a655
1517,536,70a97228a8477cab1f623494717a1f50,2c543f435bfe89a8ef7824bffe11be60
1519,537,7b4bd5eb1504904d6bd1492d88895dae,c73abb7afb963bdf8517ac5cdfeafdfd
1520,538,9da12dc3a9baef6da35c951d5613a6db,ad82f771829bf18673d0c17ba7c36b25
1521,539,c3dec2f54de1f1cc4f7cc74c67a45947,6da756b996478f3425778e8ce85e5688
1529,540,f734426826507aa06bb3b5c6df52ce54,94447a34cba97d62033943ee19eeb318
1531,541,86a99a7896b6b81527e96c2f36199352,5d3c9dcbcccaae968e79c8415623967a
1532,542,d9c7f88d8537c92206bb282e90f59737,5abfdad94023c1638d80fdb19929acb7
1534,543,fe26b9b4302613c0656abd521b3e4324,d7f4c954ef35f1deda0c84c9d9ce9dfa
1537,544,8270ca86915e24486cce017264efde21,22541c12eacc6adbb9fb57d257e07aaf
1540,545,3423b4479d2e575f1cbd4757c5f22f5b,b53b5465fdbcb58aa8b0cff61a59781f
1544,546,c296d6ee1872ce1d51ed33ce841edf72,3f64ee501d579f0b1b310fd3d0f79aaa
1545,547,625282e342b02e0e334c9c14687e7bb4,3b55be6d64806d4eb87db1b960c97fbb
1546,548,bd1ba266c0217983c2fe708436bb3241,92542197d46d4c730f6ba906dd9946ce
1551,549,ce3952cb9c874830971041b88291f3a3,405951f3d859cde17676d78e1f49021b
1555,550,3701e105460e58357e4d093b387686cd,39d4c17f1317b66ffed77ecd2bc07891
1558,551,2dd7c11e2f27a1250a4f381c79f18a4c,7b0f28a7960c69dc64189aa02243f946
1559,552,fe1f312793d539391a19cd5c7d2fb178,751e98cf87f9b3e51d9a28cb6926617e
1561,553,a0911bd95f4b53b4960d82f1c43f6f5c,4a2285a2f7f88ac4a6bc81729726082f
1563,554,61a168714fb86bd1da0cb05837458334,e13dd966543c43547e5f331dc59e04a2
1564,555,bf1e758301c64705176e3a689432b4cc,2f977397afe4aeb05c0c1be7155671a4
1565,556,c2d37c942aecf75859f35f8ccd33a47a,7a1709ecc585dae59f8585ee3ef819af
1572,557,e6f6bed445bd52b9e5736b8992a8f0b7,6ae2d4fee9e85d7635ad6a1f339fdd28
1575,558,cb809f897faec6f68d46ef70586539e9,1576304d808819168a4d17a56ecc2069
1576,559,c5ceb431f5773a8eae2898ca50a53b3f,b048a87cd7ef7290de40f82b5f020165
1578,560,8cf4b8218062cb3ae13d15179b726a57,0a22bb07005c18e9ed441ad085284251
1585,561,250fe1a4d8a37b3af8232bfa029b007c,12ad00db9ae400a46cc90f91dd9c6478
1589,562,c5b143bbfa8b5a55345912489b0b9ddd,0b0f5991fcaebcacf1095090a539f19a
1593,563,05965d61c808bffb1b1e11686b1977f4,e378fa78fbd849556f60ce31fe4885b3
1594,564,c256aeff61fd28a4f4ba379b5c745878,3f7ed1040553c1338198b8958fb704f2
1596,565,06b432e0ea10d9f7b63af7c6b0dda229,7aaa231da50fb67b395c8c4da3d16a78
1597,566,71761633f4c3829cdae221e0e13d4372,ae57849f00cf12787abd475bd7cdaddc
1600,567,5bb94c267290808042dc4227c567c339,5f776b8309c30d23cf96eac881395354
1601,568,28e843f51b31d263cc8d9a639da923e9,77e508454a25d452afc1e0d054e05755
1602,569,673c6b85e26a2c1bc00b1db1c8e3ea55,87b8a15568a960a851cda84819ba6d25
1607,570,81de9a647de98fc136f33a9d26620165,90591f1cba6f6969ed474fd2064e1efd
1611,571,084a1943430a143c32583d11b03b7bb0,b1bbaa41e615e8fb317cd332c1468185
1613,572,1ea2e60eff2d3582437dcb106d1a7c30,601bf827f593e1629cd2d491d6f9ebb7
1616,573,8aebe119967c055b973e54cba417dc9b,1f40bace813b2f5644ce92af0a2da8dd
1619,574,785a840d039b0dc62f91b299eeaa8a36,d47fbd87d0b3861a5d0354d1083bcc3d
1623,575,82947e81e619b7199603ef6b5887c02d,82e36f1363efb95a63998eeef510ed91
1625,576,49211cb3820216e6a0e2071f923068df,86ef265c52f26cce1218c945b2347bc3
1629,577,10397a6c0e3f01d35648e4bb2f95195b,70953d3abd9e68f6da19cf52116bb580
1632,578,a9f4fb7501e85a1f8080a4367732b515,50a5fc94e0d82a0a746b487eb545d1be
1633,579,10c4aba749b6e20b6523085d8515be5e,8469402e9691fed5893526af69cde82c
1636,580,bbe5f03d433150a79fb3e0aaa4127e25,4e26b4e8c9840fac0ce2594daa58a390
1638,581,3af9ec5a8bb1d9a7a9a25b0afefa0d16,d282a154b6db59bc619001f60a1adb64
1641,582,ccc426f5be1f4856174dc91959adf247,7dc18963ae811f5b81f935794e606f2d
1645,583,0455456a571ab1690d928267bb46cf90,d4349508ba60e364af6fe391546255bb
1646,584,3f679f5ff00b579039906cde75a91f85,5ff76cb9a4feb40e302476bae23189f7
1647,585,5c1743ad9bb2a466fde6fa48efdfa33a,b6fad15c1528181e25e8ae5a6dee56db
1648,586,d8683c18696eb359a16d6e98bb315bbf,ff8580097e411f719b63f3e6abeaad65
1650,587,66cc2286ee0b1690f3cffd2ec8044f4a,b25b3953f4fe690d120139732fcfdfb1
1652,588,c66485dd022fac51e6875172b9f4f7b4,6a0b2a71aca17890bf16ae3a786fecca
1655,589,b56aba22239119925e11a990bdf42a78,1be1698ff9a176ba76cdb5567c05cd9e
1656,590,4b92f138a8f6307261d4d86fab9f0faa,b4677080b4d6348b72882d7f222b985c
1657,591,ebe1bcc20934fb4a3ed513bc039117b6,36c3042b625fda2ae12eda5a0502e42b
1659,592,27e32e9a95f490430bfcccb07e2369f1,4ef7947f6050efc49b69ff4c229b3f14
1661,593,67573323800d03172112286e21ac9bc3,ec5264368a98af7f441af10e4b732d46
1662,594,654dfaba66ee8af63ad7b936c7d4b752,15dc6379985a40942fc5335cf6b6f680
1663,595,51b383565e8fbd8a8e5badc07d477bb6,345f0da07e73d768ce9e00e8eeb39b9a
1665,596,c8cf55fbe56f471afc63d11d1548ad6f,132dbadc337032097a788c76df6a7824
1666,597,51b4401ffb1e82e7899600b08345131e,c2cbf50f6bbb188dc935512e88be7595
1675,598,f3448d0974dc42bd8442144832422a8d,6ceeac9dfb072adf9fb90fb280bbe4a3
1680,599,9630d7f7194f6b2d2348e5b2002f2875,8492843812c25eab9a6d4d229324556e
1681,600,bae1a52ca3c717fad8e18af56250f1e2,28cb5f0986543280bbb0fcea7d1fa382
1683,601,347301715e3b683fb36537544992f38f,6b615e2694442fecf1d6e768b9d3cac1
1686,602,aaf2c485fe5e8e7ab724d2660d36fb3b,600246fe31ae07a25147eee5b8ad9aa2
1688,603,4c6408035e05726aedc97d909ac4e971,1baad145e00950f7ceb4cb28651c5901
1689,604,b346d0d2424325a87827f62cd0273c4a,d415d927330a3e9a67bbfff6fd2323a6
1690,605,5fc8921277ac8f76d39cc54d684332a6,d227062c4895aacca29571de6454de55
1691,606,a4c0883084b9f1b78e2df4ed03fce4af,0eac73b6237373a3110acb8201d45a99
1694,607,2c0b0f42a4471c0955c726983d754e2e,956729618c75e90920cad4cd67988154
1695,608,ba335158f26cfa54e865785915f359c3,a53550e8ebd204bc8aa5daebd6d9eecb
1700,609,195417ce4d0dac49c33529094efe8956,4c041e23f0ca3d9b4b3833be320256a6
1701,610,5122d50b19f5e6901ece1da284b37781,03a63589cf2440b199ea2e63e65bac62
1702,611,0601f2e51d469ba070e15d677a020d4b,9e49555621cfb5ae57776a973ddd3c92
1705,612,372607528b04dd584f775fbaf912ba23,6fe8ee68be2fa385b13c1b13b24ba3ee
1711,613,7a44b0540b4e796828c11616517a1be4,b6860db44faf964896410ff3b409613a
1719,614,fb896350b130f67f5842139f3ca6f018,882039f1c11e3747bc8ca09fc096ff92
1727,615,504defa94c292f89be9d31e1650aa61c,08b23fab3b50e1be0b55ea9cadd002f3
1728,616,22cf798c87a07581b738307d1bfc82fc,8d20f92f9669b6d4df24017ea333f979
1729,617,325ef7026b9f228f099551af5c88c08c,5610e313616c110bc2887ea2a52c1e59
1730,618,dccd66c58ccc8b817f139f5ef429e29f,a9e7711918b6d1240caf5f4b569b945e
1733,619,c90223f649ed57d58e188e0ca2de3ea2,8104061a835c7251c344351d0552ebde
1734,620,7c8db6f76765fa10ab8e1064dfdd11b4,3895f59432ac8641d2bc24acaa9faed1
1736,621,ac4088153dba8f72dacb2e46ade6a2de,107a5afd7e06202a9a67dc20f63ad628
1737,622,7ecbf891aee6984b33a97d76ac7fbbc0,6d8db109239722ae254efced19de6076
1739,623,a2f3f1a454ed71fe5ac45a5a9c741aee,31457211ff2c6b537a49c6269754bd3f
1741,624,d80d8c6dcd11be8899d5444146cec25c,6451ee1d6d3ace94493fb7c9c826369c
1743,625,847462c68e764b0526394a18fa195ed0,e25daf6c3ffaf6bace6d014f3a4e3b86
1744,626,8bfaa894326eb1364b8e1c93788d7b18,1b246a1125bd391a296db0b5aef138a5
1746,627,997f32cb242c72b1be88299d49680cad,1c105ce0716780b0bb5b040f3fe0d2f3
1748,628,4b41f4f2699326e54e540be2866833c8,d8fc7f5eb9f3322106684063fb584028
1764,629,b4d996633efeb15539339642a07a31ab,c380066839aa2444f1c5971ad218a787
1767,630,f1f512333b77e4b6292093ad3b445e4d,217f72c621d761130daa62086ae49647
1772,631,1c66bc2fb63a02cf11167ff5fde9939b,4afee9b1ba775fceb7f1edca8f43dea9
1773,632,83de559effa353107bb3f0d642df5d64,d8f250e41739665e31009da26de0717c
1774,633,87d62b179ebfdd91ec0ed45e58580280,11baf8d41035a2d314a3489050db818d
1776,634,e926e303cf0a3e40b9699708c8cbea75,6b323bdf4f6c0075e53c203af044452b
1778,635,52a20bbce7f356a58faa6263b9475ae9,c9ce06bc772a87ba433bf8c0e3b43188
1779,636,0417e77ddc75ae13aea65a10806c8533,9ceec57e3f2153bb07be635e424e9547
1781,637,2a556dfd16ab697e84ee4d55d412074b,f042ba505952b28795196c4d808842ff
1785,638,729241c882e01ae2d0753fc90ff25000,8f24b88ef82d4963e3657e6b0cc22862
1793,639,7f74a46c974a12719a483f0455d84e80,d1e78844f198fa924fd97a5b3c9ec6db
1794,640,8050b75b69c6b3cc65afc9fa823a597d,543d7b8652e464227213e25a7337bf31
1798,641,bf175aa34eb387faad505867d9ff0f41,710d246f4c1954d1d0924aab135cfe4c
1799,642,b44f4cfc4191cba6c99a0640b1d92651,81a219493b3c8b9827c11b6b8a52bd35
1800,643,a618c72325905c2ed5b4b60629bdd88b,d49f0e4fc27f58191c9ced6d0e0ba93a
1801,644,158c294cad8f3f0770c03c49feddb3bf,7ae2a9ecdd3eed9605ce08c38c69d4a5
1802,645,27698e89cdf8711fb52b847793ba5c9f,c85f604beae4e7e25613583376be8a08
1803,646,81739a765898905e69c449efbb917b13,65db66c500a2a700a9f7177f39040cdc
1805,647,badc470a8194f378a7cceec1cd820d77,4dbe2babe87421dc9fa5462a86b15977
1807,648,e6cb424ac167175a3b8b3454f27ea5f0,ed0b56ec6e8df9925762d28f50f13a07
1809,649,083db4c216c20f797db20eb1a1d38349,3343fe5ffcebed2e89241fabef1b9d59
1810,650,d03d2a2c52604a0e27aced915e5f610b,be3682c064188a4b0237aacf90dbf927
1811,651,a319a6055cade3ae0f257f54a6792679,f2a3b0f282e7c22762dd7c0f09d16fea
1814,652,4d2db79ca06956b86e90f4a5202f8c7a,2bc8772d3c32ca9fc6ba7947f00fa1ba
1816,653,adae2e56279d88db3aba24c2f0fb151e,398ab73900e084f166616c64bb36e882
1819,654,dab3dc97b538ee92dffebd904538da45,f176344f73a6b126082f30d1b53eb26d
1821,655,9156c201657c986aa07c3f96495f3dd2,3f437cbd0c810e3b131e374fad0d9095
1824,656,966e580768aca455a5f120df1471b217,2657cb5dd8746feaf5cfa7a0676684df
1828,657,8d2cd4419a9daf5dc13d720fdae14285,d4c38ce9c8e23e9193e4b50ab6295d39
1832,658,49d87a97123e6293a03b37b53f6aa5f9,739eac8f39bfda5de14e307cf8ad97da
1834,659,fe4a7d32ce6375ae679fd5dd8e6ad482,684b12294aa24eecdf01fb50da27f086
1839,660,a04204538feeaf824b98e81e0c4f340b,ce897481672f6eee5b325b87e2242dd1
1840,661,34d4d2cc77afc24d4683065622b7790a,d395cbb4bbba575e47d9afb4f747c62a
1842,662,bce7a005c2ea3a6308a32af5eb9454dc,aa485219300b3928ec3de5843f3d69e8
1843,663,01e14b461cd9d72b7dce52ff20a2ec8f,9a9ef293dc0261e5ccec5b4e54004cc4
1846,664,d03c0bf1846d92e2eaee3872a3cc86de,b62cbeb8b63463786936ba6780ad0ad3
1849,665,f07b85baaaafb0ed092281b1db2e44e7,e5c00495193788eaf1ff948534d22dbf
1850,666,799abd9615e0b6fef1afab80fd5c47e1,3058251dd565f4791ad2f4b9ad316f67
1851,667,169ba53741b683afd3acf8504349a253,d943c5defefd6d806175d5b7b31d09f9
1863,668,dfaaa8474d4083abb67e79b625fdea06,36e4762a60a58bda53f04d41d78ccf4d
1864,669,75971ba15ed0473f0801edfb0bb583aa,a3d5a8ba112ed9f25254490b31b03848
1869,670,10f619be922c094099ea280e272a4d31,779f36066af95b48676f7ca762748a56
1871,671,61ce79506f882cb0286ba78a2fd1e884,49d74dd4d6efbc27bf57c5623da09061
1876,672,4088f5767fba5b45d3693b24fd20a3cf,8c150651af6104448089032fa0075313
1878,673,218217161a6dd65678b5412cd9a298fa,ac98a0d2545df064ee303e23f09a2224
1881,674,b913374411fd8191f5af6269199c6dad,d47e6393568f2f181c8c0b329395e443
1883,675,592ba2d89ab832e6755617a4d6ca1f8f,44907f9d03224767ffe946e769b8e571
1886,676,98afe8c9872a57fbf93d37725cb6a562,23b9865509e74dd3b18bfa2ae58bd2fe
1887,677,79cd873c580ee0eeb9b8cc810a393842,650744e78819e84df79cfff7f9f2d148
1888,678,e3be3ec21f9beb2319edb0d3d445f8e8,5119054657479ac189c2e650ffaea0c9
1892,679,13bbd3f66bdbce77f59490b66240f444,a1ffdc7ba007142496881b7ee79b9c54
1893,680,4e733e5421d9448806b4bd9860e48fc8,a465a15509efcb705c9ca1bb4326082c
1901,681,0c07771ff62b01263d50cb1dd456a832,c6cc9e558417fc5d39e460b02f775b62
1903,682,dbe6d3b627fa2b59a95a403092332a2b,022153b236a6d647b60ed17088e20e5a
1906,683,499588b7530b1b898e0eeb05b58dbca4,ad1b869e299ac6045cc705465d3444c8
1910,684,8e20985e557a10ed872363ba3fa1d4a9,cefdb036acb2f6a1bf2855fb2e4b81c5
1911,685,243fb65e728e628645084075c77f77c4,497c51e2337b13a0def6ae91d79aedbf
1915,686,d6b95f7d0401901ac10df6640669a64b,3573af6e5b8788c160c6534eede5090c
1919,687,f8d2eb38c1e90179391522bf3b5abde6,bde864991449bcad94d90034ec7f58cb
1921,688,10a00674bc1fc4289738b248779a0c37,7be38a6b5e4090362f964fff91d473db
1924,689,9290cd8919eea65814321352cad3e9c4,9f5a0c1962faf90316c5a3397a81f4dc
1925,690,50ebc592a4f6f3700b073bbd0bfa6f8a,50bbeb95641f0398be8cc7a655dcc210
1928,691,c27f63efb3d6a3a7a5b74431b9518365,f852c55ed7a305c50755905659cd86bd
1931,692,d61c51295870029535b34eb863ccf479,94bd9147221b8048743e3807658c9afe
1933,693,22c9b617bb3e8f64e9817842a25d3848,c3d37cb4083bc366d7678225277def3d
1934,694,fd12df07b316319f026a0c16f40cdf35,0c8fa937fb38813d42ffff1ccc245cfc
1939,695,11bd30cb15ac081a8043bcd9356be6c0,e52fa6efe090ff71eae0179161cc8de0
1942,696,378e5779cf292e41a84b1a48fec7098e,12838a516573d4868b77f61c28517d9d
1943,697,8c8f1b6856cbf1a662b3d400e8cd92ca,1b1b2b859b58c787a66986efed1a5953
1948,698,c46fc2b41ae63d22138f6899626b1da3,c53c6cd3faa4affa4b7b242c1b2d9682
1950,699,0398482f0de919299635e6eb042e1f00,be57c0fb0490d2b2807cb9f25442aa4f
1951,700,0f35319f94a8772fa9efcf24b4e473fe,cf8a5a7e39e4975da3c2ac796a92014e
1952,701,0825c5c51a3cb5a505adf4bb928e2cf1,24ee6c64a25fa9f23ac6e63579a340f4
1953,702,98cbc28d2f389a7b5b20ce42c58f8539,4986f103623f76681a3b6cdc52091dcd
1956,703,0d05e65b7f0aec6c19ba9aada2786aac,5e36dc7c6f3a6de3d5cd74a1f8de0113
1961,704,6fe616f7359022445df15cfbec6c0f4a,84135096d0b00fd68c261bb83d790aa1
1966,705,1d8fd616dc774ab982c9b2f9bda01ef5,794c5cd5f56508fd9bb6a2bcec9680c4
1967,706,92bb7833f31d8bbf89fe1614da75e380,0a0c395b08e251a4cc67d7e2120833f3
1969,707,15db80d2f4bff36403aa7b6608a43b5a,8133d27887ee6ad67968190eba6cc524
1970,708,ff02515412a06fbf84e2931d7f78b203,bc9961c842a78ab723fce18fe550bb35
1972,709,a3295f94111890783f220725218e5b5c,ca69ce265fefb98c6912388d66109234
1975,710,c118404aae1b498eb667a1b8b1bf6133,277cc5ecd288b4bf56bf409ad23d5a1b
1977,711,0e3c2c9d17fd4faa66deb3597c014266,d11c5a1d7f4b7b4f1e8635beb6434091
1978,712,cbd96eb650fa80b2c1f5a16c7f296ed2,e731e818775d1a891a20aecab3251602
1981,713,ba441c562030070be4ba2ebe9cd8a584,3c2a2127c5554f4fdd2ed0a0fad5e032
1982,714,07a2b03a194c27fc3971e9679797585d,57e5da1cfd700cf91354f62389b07ca3
1994,715,96ff08c6e7034c0d0f56122eff36382d,1a99c9a33ab65eb69b2b04e82149a993
1995,716,c9651fb660fa3742fd6dc17d2020cf8c,26c992a5a6c462b1360195d640f10a48
1996,717,6548b36ac29df967a2424bfc4659bc76,70850b0654d26806dbd2be381c1a29d3
1998,718,95d909c35830d28b3e647819f458dae9,5e225d9df21163d79ed8770a48e8899e
1999,719,d2963a5bd843b09a2f54e983eb0ded0e,4e39a1b20273f57a6afd5f8eddd29696
2000,720,4bc505e89675fc1d2f346486a01e7250,8f1404183ffdab2316c09878b3a98f5e
2001,721,4d2b2796f8eae30adf1365457999ce50,8b4b027d3981c20d178e0f30653b6424
2002,722,dbeeab469c4cff1d35a686dc817ede61,711d6712d9bf38c108dcf940940291b4
2003,723,58e169281f8e8b8af0ccc5a3b9e3d071,533ea993f51ed4f33b756f723e4efdcd
2010,724,2d5ed3ccf03bdd7147d1eab34a1a416e,52abd1b84e9ee119abc56f7f1144d325
2014,725,d085866ff131799c799ef87be544ee58,7a18072c37d63e7c1e9785695a6b6379
2017,726,0840f43812198b4e7601f4dbb304dbe2,b4fcd0d91af66ceb223f1e96b6abd6cd
2019,727,3f9280a4fefb48d356e7a82e2163a74e,f6092b3f4b61cc285afb294375bf2711
2022,728,f25b78ab7896a15ee7a1a1dfdb1988cc,4ae9fab47c52008f390afb4e4ae22f60
2031,729,222126d3dd9f598a7714c12fb5a180df,df66f65ce2dd1aa2506358729f679a97
2039,730,c0554a4d46c45a30fa48110b46b3a114,b8d30318f16b9a2f3962f04511e6299f
2041,731,585ae0fea89e0de99df37c4d9800190e,ce6b92d67d9eecb635e605ab13b0b447
2045,732,e6d48011219474c0a92f329a08786e20,382fd0f0eea75cccf84895a5174cb1fc
2047,733,327b8a8c19a5c70705bf6ddaf723ad58,51b72684a0b1eabfe5db6c70b96d8cc6
2048,734,8102e2657d344172f571af6f22d84696,054e8e3c7fbc47c8fb0db01ced809314
2055,735,c4f79cf1c0e87d97eaf789063f8d12c0,3eb163b06210cb842bc69daf1a3ca15a
2059,736,d75f24ee2ca3df612dc69c49a0720e01,ff5a4baf887d914bb6e54b5e7eee0319
2070,737,3857262a3d415389dbf18478b2da1778,43a128b8e1a9f29028411c3fe094478d
2077,738,1507b6627c0cda7f4648f5dbce1c1ea6,b88dd730f4e7be14aa6f0812d2591ebe
2080,739,7484646f147fd48c875e6583a4e6b199,82fce89ed33f5ff8e1d75beb1ed63ebf
2083,740,b4667f5085f1c559512700b8d55f7004,82d874d079ad162a31e3b721d4f11ce8
2084,741,9f269d2b2d41417d61c7cf67024cfb6e,4aa23fa282181869903697e62bad352d
2085,742,96c3999715b92fe5c69f7d654e178e28,5fdc5b39f5ea33cc4ed7a38a582b5892
2086,743,46c48884f8cc8bb4cec0a197553efdf5,6496f126923d3a0ca22af41d9cc4c99c
2087,744,e61eb8d9beca25ed7eaf3c4b419f46b9,bf1bb1b168bfedcbf7d65ec964598d1e
2099,745,5aaf20b38cb2eda7fb53084d0229e603,5e3f61346410f12a136f48dd11fdccd5
2100,746,0bbd86e30a8558083b837985cd87108d,ab9e790e5be6649e316413a27fe80983
2104,747,306948bf5fbe9a8e6e65386f6fa350ec,777f2fa9f741c88529c2c0bd34f13db0
2107,748,f99fdff2d3b614b688bddb53a622cc46,fcc82bd7bd42023915d8adad7dafa5d8
2112,749,96fe6ae65af070e52d2f7f7d95d543bf,94cf07af70dc89f5c3baea6565131c13
2113,750,97f9da1a64292dbab66efc258f188442,8a9cd577a018242a58f889cb3499483b
2114,751,2dfd1928e6222308f3e197f2ce64e5e3,f14781a5e634ef27bb6887967912909c
2115,752,f068b7bce7e597444bb6fdb00c3ab88c,533766be0a8a066c3c9359c42ff82cda
2119,753,c613a6c1a2ba75c46b8d6ac19420febe,697d20e8a6768e02eb251ee907c244cd
2123,754,24718ce54adff8dad12f8809733ddb51,d588cd3e7405b0ef097a818abd178690
2125,755,bf649e072092d5678969755831d5ae88,645f84947afd74bc73a8eb5c1986916c
2129,756,173287d6c991d5a289dc645b3ad4a8af,04e83a3a97162fde29a06229587413ea
2130,757,ae1f25881ae814e002360b2cd6e098ca,59fc3e199ecc8f9e4cb1233d968c119c
2131,758,d15bd20b32449ca26236bee079c5ceee,de635db7a0f6963e9d2ae1ce4e9b22bd
2137,759,da9b4ea212915c3c57674f21e489a104,51db0fdb38974a9b2c2ac8ca382f8409
2141,760,bbebf62b8308d8ab5f6eb6f8e2e6cff9,8b04eddc3923cc3fc86e5a4f9851086d
2142,761,5d2d05292432c18d8c0be817a230bc9c,31417fd8147e133c76037e16cde09bb5
2143,762,a27dd7b6bc071a61bad2e32c7b30db17,353823fbb088ab02886ee7b007cce527
2151,763,443f0ed7206ec745f64e311ba5845529,c4e25f2fb3de7f588770e290f08e0549
2154,764,940d02816302824651449db4ac64d789,4117b27d0b640914003166130e43d709
2159,765,e28e5b48472b69748083e94f98dd2899,bcb13367b645b2890823635831edb893
2164,766,93333569edef5a9dbed2b57021bdd745,3954059ddc02dba33f53036b06904c8e
2168,767,edd5b8d27c8cee191139b3b08277b942,828f42bf8f45af1a5cf1bb9da7761da2
2176,768,60c9de9fa254b8d3f7808631ad537e63,061bddcebbf954e292cb353a3aedd316
2182,769,b056173594b5d71d39294845e83ab6d3,566e136c1edf8b288f9ad053d1354a23
2184,770,1e067f7f724e47f3ac032193a1bf8c86,c47352a0de4660e3b424f3991e600d48
2191,771,2886427f53ab08e96ac26a5ca4005c35,6ea19014af91837615bde20e08845525
2192,772,4174aa6f02c7c0e3498fcc9b2c77ca7c,a555b97f24f516e2a296b9037a1d5c68
2193,773,91ef0dfeaff25fb4251f06a1531d9b5b,3235171407686bc270d0b0f22e393953
2196,774,ece96d5947efb7d44013a06b6c2c7438,8240f0ed0f6b42f0aff91525c1e0c9c1
2201,775,3bfc2e86239eef5008e444d69293f3b6,3fa839c2dc286983fbcce50d9a3ab95b
2205,776,08b57835c08ab484d363718393009047,6a5dd3982f7036394c528402f74b58cb
2210,777,93a72082d72f558bd33d88402cc04b4d,13901dcb70a1e7ce44d37f283aaf2b99
2214,778,3a62a60460c7be503d81d5d0d6dd859d,17cb09e5fe192fea8a1dfb9f1d508f63
2215,779,c2d4b1453634e653a4318082d2c83ff7,64ad3b0fed64425c811ad9be289d0db4
2217,780,4553178533a2f64cee18a5c67149c521,e73194d6696c32654459eefcc7e58f54
2224,781,66f1c55f0e2edcc2e9e61b33da3ac8eb,a6f11c9fd0da45787a98773cea2acfc6
2226,782,a69a69dbdf6524f5bc5ab043b81b7dce,65d2b18c8e4cc4fc4f521bd807769823
2232,783,9ded1fc905eb9f4c7dac5301c7ca093a,6d9d14fb2bdf1f502c50960daac6a54a
2234,784,517ca8a637014505630f2b26f107acf8,7db0f0ec93382f899f82ce45d4c9093f
2236,785,55fbfd9bd8a4b5623a6cccf308a47c55,5ff3dcc94d63e86a4cffb7bed75c8597
2238,786,7f73b435bc593240c9641572178de564,aea12e3dd8d4dbffc222856c8d9fde35
2241,787,e5789f64eb4a667dcc5a43c4b1228906,44ac4e1b3c30d624e0297a1f009d4fc5
2246,788,5445e45ae8441ebf581a885316f65c2b,9902a0ba8ba3576faeb7a10563d9e992
2249,789,1d2824f7457218f924ad6098cea0cb49,a9b64f7c4928e63f66095bf2ad6e6184
2253,790,d06eb511d0f1b1a2a65b629db801336d,84dd42b277cd25b503d8399c31844301
2254,791,87ca3c9790acdc88be2eb6100f1aed47,750b49bbcfb9c3da2c139f19d718d679
2257,792,5a3465fd2fdfff03272cee00b74e083b,dcc1bf49ed5542453f3bd11fcd74b2cf
2258,793,461ee353a60b38a7705c8b28d2ecc272,24170b5705febfb3f507757edda67eb6
2259,794,9a7c2b5439d9dd1454d408c272efaed6,1414641ab6e545c84bb2f52c9c115733
2261,795,05871c18c8e78f136d24d54fa2f6e45e,0570f6c377183a85fad774431b67005a
2262,796,34a56ed7cfd2daa40ca3bc6d2b47c73a,9c12681da149e245e3eb0a07ab88d53f
2267,797,575502738764c836f45735998db56d1b,ba26cf0cf25f6d9ec7c3262589866848
2268,798,ba9e404276e63c2760d17aef37b9416b,b590a7b77d5896a4d494f74ad5603b42
2272,799,3c8aa4e6dec6b090363d59cd87a502fd,8295c64d308b9f908875b426cfd83975
2274,800,8b52d782e952eda7966075523b5c2f33,d25fd0a3b54871fb70485aab8e0f2df1
2277,801,744ff21def0e4576d656f31fc1f9662f,2b22760e10fff0a96b6ff5d8898c5b53
2278,802,e9335e7ddf8990d7baadb10132e49248,38874b8e6f8ae14e78d4106314080a4d
2280,803,ffccaf2574d135ac3672f5d68776c679,dd27925aed0c0393e3f6a529fe4a542f
2281,804,f058a5dca8e23fec6311f053fedc54bd,c8a5d7c1f100546e0bbd9984f5f4685f
2282,805,034726620aaf2c0303bd6e9fdca51bb4,a6b1b24451bf695cac744e0c8d041361
2286,806,23bc57a9efd49c35b7d714292076ff77,81154b5526dfd34716252df4aa6a9140
2295,807,a423537ba3f8d79786501fd39e9b6088,8d94394551a857005f9d8664da91b83b
2297,808,92757ab35a51c2f265025d029bd4b9d2,f0418b6936977924660c4063ea314e58
2298,809,f7249bd80bde97be1911d0262673df65,9360880ba719e01623407b2fd5b5b9af
2301,810,7f924324eb4251fee42ba80cdea65a79,00d95e1e0c4343ea3718db93c1d66c39
2303,811,24952ab2069aa056355a44057921c031,3365716dcabba09881e706e3f4562130
2304,812,1f4b5de7a2f892ef8c56924cdbe7f703,3fb6d28d1d8cc2480db83301e1211594
2306,813,52d2e571e0e5617a20dd7dc994e012eb,8b06c5806fcdc4bfe80cc2ce2bfec177
2307,814,c56de7e1732030e9170f8459c000a883,0945bff265fbb4c13adf199eeba33819
2312,815,51df91af02649c751d66f89221cee3b0,97270779c43b2b88666af72a5185d5c2
2317,816,ce717786b8c1bc926a1eae42769680d5,47973bf070f9cc7c5c18f577d51a4eb2
2320,817,f83f87b7c601317623520aad402bfb2f,66cda77d77372af62c5024813759c2b0
2323,818,18d6ef4cd8325038916924e4bc1010a1,9cfca6eeaff86563795a7ff92e1854b4
2330,819,0f0563d1245ba41b1302f93430a3e73a,b7fdacc717c8001384b5e88a5e9d4038
2331,820,b92a6b93ea60fb1ac949c461da2c88b1,89c755d92be2f9b6de693587ed907e76
2334,821,e3e49b90aca62b3adeb96a377150b9e6,87d46b0ac5d1f36e722ac6738a712491
2335,822,48e5922b5afc38e14e6dec19bdc67087,e0fa805c60a9155072656814b6fc0ee1
2336,823,2013761a24b3014ec48b584c95f6c577,c7137d90462e87e4e512562387b2db21
2337,824,3cbae26efd58100609361a980653b66b,4fa22084b34ced1e0f1e279f17653793
2338,825,54dccd3b1bf86ffcbf61b07809277b73,8f004d24ad35815ca1f2ec46cf961a6a
2347,826,54e6db6f395d6c78e497f65a47f2297e,2d1bbb5639133c2cd51a438c19ca1487
2348,827,622f0430c59bf629cd8a3474de32e127,8838a377203c1648bb44af60d92f70a5
2353,828,7fa84c487b60b7f5ffccbcc55caea05c,742c0bc2907f1863c1f73d0c1d885f40
2357,829,575b43c7b6994c21b3e2705cdacc29a4,b18fb733ac9001b9db7fab8c28bf5a63
2358,830,de7db97674de02b101f6cbf6ce55280e,afacf1c21923b76248640399fd9347ed
2359,831,87c268e6e9fd5ff77a67901f055cd883,a74ec4625c5eaca25ba318640bba365e
2360,832,aeda4b295edb8f8c5cd52e76274bf991,a643b72b007891e52045217281a2dd2c
2361,833,bd3abc511e5c0f8cfd246b49191cb3fb,279f51d794ef0beb94ecb9282626753d
2363,834,ca3125562524c73399f693b47cc6ad46,986621cef9635811397cc60952a5d042
2366,835,9c43e6511ce7f56cfd84edc625ed250e,85bc3f1d9bad5aeae5865717a26a9ff4
2368,836,7befe1bf3858f3cc93707551a6f23249,34d2cb5adcae5f1e4c537ff28cf633ef
2370,837,e12c863e462dee0c85d49d8303285369,d65a6317da1ca84c0bf26498a2a8437c
2371,838,ca86111f2667a380cbdb1f6d3484c853,e65dc5240509907d4d4d389eeadbed44
2372,839,b2f9246c5369c15e597b7dba65fd9b15,858c70975d0002e6967f56b71c468402
2374,840,61e9cfb7bf4bacf9d1029072059e05a0,7f56b5bee73da13a459fb5d7caa6e893
2376,841,0ffdb72cd3e1bf3a3c13137208a28f31,487e1abaece4d960b6f95616748dcd13
2379,842,b02697872af14256a17165d6b10bbf35,25c2b4e7d33316985132b971bc4f185e
2380,843,b3c1b8972e86a96cc09b0360cf9fc1e9,fa54e074906562207611edf63525b879
2383,844,70bc2897382b91215a37c41eb84a8384,22d20df1ddf10e920beb7a3da32dffc5
2384,845,532396b08a9389d4bf4f9794a0831b19,da360748211c25ccee261ef031484088
2385,846,fd5ab6d0709bc25b0a3a8ec000cfbeb2,b1b5d963d3cbcd47b7a4e87f5917167e
2387,847,031d37236f91ebc9d3ef058215a46a9c,e8d98f4ca20315bec538382a5ed12cf6
2388,848,0696c52638304a28c4260c403cb70b77,324d72f4684f2c1538d171e66bd623f0
2390,849,329248d045567c49c83df54274b7c3c6,61e4cc634a917a4775430b99252cf6e8
2396,850,e10e74023a2abf3083b3fc6114a355f7,00adcb5a7ba1f047251885df9923d7f3
2399,851,f85e1e64855374ed0963ee348e328642,8be46b70b2dd442c7e4734e46751a3c7
2400,852,5352e6d5c1b757c7f92bc95dbcc4e31b,406ba135e0057792b8f0c4b7ac29ebbc
2401,853,53ea3bec8cfda367d245135bccbb93e5,d8014b34a9519ddeeebdd5603c3920a0
2403,854,96c6d7a29633034bed01542f76da1022,9915bc3a0f209b5c13730089e946ed69
2404,855,95fcdfcf58c070457db4fcf93a61afa4,760d88867da4b4a7e3a0f1e54e642e76
2412,856,1f4db6208e7acd697d7fbf3f5b3d845c,459b326fe4174b0ab018fcc4927f6f10
2414,857,d1b0e6fd567eacc15cd9fc92f0945a3a,15dbdeac1bb60db70dcd0f7b013d9890
2415,858,9bf61da2044bcda747776666bed969de,8d80afead1b7cacc43bb01911b66077a
2416,859,ebee31c9b41e79848c90d7719e5605d3,562c6891c58fe6ab0c0cc8177a9f46da
2421,860,226938c8047e653cd5a869a33a5294e7,11b17e60cb9ef5740628de57d190d7bb
2423,861,aa3122107e1c21cd34e0e4ae5e76f460,381f74862100443c83f28bea0559b2e5
2428,862,386ef0f89144bead213d2aff616237ee,225a52dba5a418a00be43a0ca608d867
2432,863,e54e204ab466713312b4c9f48611bcd6,76c30b5c8e3ab9452b1d0b8f52e2bd9f
2435,864,b1461b015e9865271affc454a16d00cd,30b803c4d34c68e6e390d19e93748bf6
2436,865,15fc44d18ff1f6acb1db6f3be0ee3e95,af9ead6cd6703425d44af5d142b38d77
2437,866,47506c433a4a7ff89975d998c48a4014,4dd9c9479f8404e912c360b24d711beb
2442,867,111676fbfab0c2e7a0d43494aa4d71de,01251d5e01c80176eda1d79883f55c8a
2449,868,73f269d9b76abc214d93d3a2fc298da4,444435163ada1464060451e8952debfd
2451,869,11f387cb2d4afc9d2ec0d314cdae41dc,c4be7a30d57d5b5ae3894bad996d6c7b
2452,870,cbaba61532f682182938eff1de777902,563c9cbf4655829b1ad99685e3ce949d
2454,871,2161e847b2c4eb7244800123c7b85532,8b71aca8ce824dad6a669e6e6fbe8090
2455,872,0fcd8c0185cbe864bbfddf1d20949a26,b5d5728013ae331cc4f10d5a648d66b5
2457,873,729e62633a14d3f365cc8b6e180d669d,dbc5195531c34dacc527d9356ec8ba6f
2460,874,d3eb3744850e088ea21d37214db911ed,cb9f65080e1dfb3ddbdf793362230f28
2461,875,1a567b173c864986c4d874c12e9932f9,74bd69c275a0d174c811adcedd2f37f0
2462,876,4f14d702b2133be23140acad0c4027ce,921b38c29f5158c8e65aa5816f638b52
2467,877,fefcdbe79ec048d57ffecc7cbd522345,75712bd4c534576a66a515cba0bacccc
2476,878,ff318e03f7e5e0eb67c11e7930ee1a19,72556afa81465b7d6ef752de495e3564
2478,879,d8b594bf6b2743f5e429c24fc7145b45,ed9837033f69706436f0f4e284ac888c
2479,880,b2dcbb5b34d4697faf0fee4ef65ec989,b701f76e174773493ef8dabff3529114
2483,881,7e83b091af7b060d669bf7e325cf2769,b569da602fae7234451d5483e260e29a
2485,882,fadce1542c91b66d21d8b57f2e53cb4f,cc2590b90e8708ce979ed6235a0dd44c
2490,883,2e5867c22854478a2cd8461d0823dd7f,e4705f335ba1115a1ebf213096708f15
2496,884,6bc761d2347b1301cf06a29c8acee9dd,7c8dcda871d31f9b0cda475b792935ff
2497,885,4683f18675e6d9334aacc13545f4e0b1,31397dff0d2b3f4d4aef82c9eaf1f80a
2499,886,ed7e51201aee92aa5b52bb3352b58b56,2cc9a9201c4a51acc4372bb52f9a261c
2509,887,c5996383a0ce39dbb03de8c8585d98d9,b5384cc7d5a4daedf8595f8f1702292e
2510,888,a66987f7db1f20edf03f6e53d7cf68fc,6d8b1e020f21413dd79a2c31f3f310bd
2512,889,7a13443b49513f9257ae7ee9227e51c1,9855528594f9ec961d410f59101a5eaa
2523,890,ebd28a8f168bc68828d98cf3f2a24371,71ba7a2ef7db2926f7dff98c74f6748e
2524,891,5e9bc9297a4f12b1f8761ff903c5cd19,6d4bde0c466cdbf1398c54fa9e561b2b
2530,892,09dd34a92b81e502cfdec1365f99c938,ef354975e28cc05c808edaac30093c20
2533,893,ac180dbe3101b537a037105719849cd9,2389940bffb75e18c6e7fa9ff3eebff6
2538,894,daf79af6156e4720c90238ec64c9d6cb,53062a666445ba44cde88a475e792db0
2539,895,956abe4750876c03ec97a7577153e914,8df4f9ab331d15b5a669cb1da72aa66e
2540,896,4007809a558302fce1f7f3b5001d2132,e225391af1f028918416d946c37ffb31
2542,897,5802195df42b8c96013049dd197d75d7,94ff190c59413a59f18c8d7b1adefcce
2551,898,4e3621b73faa02a1462d08850e9b50a5,0eadcfd2ae7f2005cf310c8bdea1ee04
2552,899,a6cde5218325e8d428f0c8d15beb3a26,3fa076fb0a035671bb85016886b7e9af
2553,900,a57e915fb425e174a7971f045ebe2b27,b754a8f88d785dbc7da17df551c254f1
2559,901,73dd9e2e1c0c09f33e1d023be67659a5,f8c8e1b11dc02b1c955c7b56d17d4746
2560,902,e182ce4f47ae03fe905025a9e13c71d5,8dc4d12ee6a728e32fa3fad289f55e35
2565,903,ada2227f69472ca07ec778a8c8261022,17f6a4afc4f3987245145536357c2375
2571,904,71ce7e954bfdc5490499312b7eca8224,bbf448ac62fe86a50eadfad4b5706f00
2574,905,7b72f3c906f4d1eab5541d2f03821e3a,990a19501791c653e74eb3ccd5a1dfef
2576,906,5aeb776066eb58cf13036ece35d788fd,9b47388c2cf94943ddf4bd6df61d12ee
2582,907,b2a4e6fd3f6b377e305f5409bb8c0300,47124e349945bff4f3449ad364b992b4
2588,908,8c8af9eda250adc5439dd58c94dbe973,44c0c813d05cc5d1b32738051fb8fb5c
2589,909,abb3688ae005cbee9f0037e19864055f,82117b80f4d300f4e856ab514190456e
2590,910,ace1620366e9e4afa2391fd42fc4ba5b,1cb5687ebc6cc08e04470a76f4522f19
2592,911,61326552b584c0083c3c2d550242ec4d,5a08ff50b4ea07ae10ff531b19d8c70f
2596,912,db27af21f94ec347a476a3975b4e729e,a123dccd5313a26293ee5263674b74f0
2598,913,4cb119d598826d20b8ac138c3138abc3,9d0e2e1a184b769aace9f98041fa6dee
2604,914,fafc27ee3f720ef272fd38bfc0e6da65,12cffa37e2ac95acff3fd077dc3af1ce
2608,915,0f53b358f65d3759103c5b65f9a6b7d4,2de1045abcd26bcbc3401c61871dbc37
2610,916,2d32b92546dc50feb5dd5c75fe90ce03,9a1c44fcdb11d1f536a13be35ebc21e0
2612,917,780b29a2924ea4235d7ad3cf62e1285f,fa8a0bf99c7f38352dfdcb2e4a3ee1e1
2616,918,e4ad754a35dc742f26fe2e77f8dad838,1afc513f190a4d50a9a9fde28a4df9f0
2617,919,60d3a4180eabbe947e11a571c65cf425,e49208766b6d01f5ac45b9791387c838
2619,920,3cd7b2a1e183bd4f178d6626208d3dd2,be80577ef3875a9ba1586abfa6483335
2621,921,9707e91dee3ffdd86b2dbd7116a2612f,ebf3a9f1a6e1ca47f4efc2da1f62f605
2622,922,6235212b3e7b320c7e21177c9169d2da,116a60811432710618cd660b6ed34adc
2624,923,1bb2682a58f4ac615c0cf2ea77e7e31b,a9fe462567c21c243be16a8ec408fad4
2629,924,405c50db3026cb14ff556e3d89592317,3b710302dab2cf093cf5ac1cf2acc917
2630,925,1b410c604be2027da28007359c9a3b92,525bf8cf14eb2f0d369ee1029f5b6ed4
2632,926,f75293d92044efe08b7266b81ec009d2,394b41466a28b04abc7f9c32b7903944
2633,927,a1b08dd9893ec7770a87a668a4e50270,225f1fb323e672eeaed1d30b7e485923
2636,928,e81a055499d25c98925c23072a2c4e9d,c4b1af4aaaf05301a9e57d09667c195c
2638,929,3fc802584a4dcf26ff40b5fcd0d28edc,2b7a24fcbcdca58fc69700c6d469d3a1
2643,930,5f64b49fb1357acb37926970a6561db3,d8a70714867c1bb0c9bc7ed92a20fa10
2644,931,1f1a26bfe72d591fa18b91933066e247,444eb2360b2b6c909c4b6b920e35225d
2645,932,bde197f73cc7308f45d3335a8c746e88,e8d9dc5860589abec41c52d6cb48f79a
2646,933,49778c09e377fa1b3da5452214d4f098,b690c380a79f6cf19f17799363c705ca
2649,934,0c79cdaa537e75ed9286df630bd72769,296b4c6e123a8d700ae08c3aab3b27d8
2650,935,66656d8cdc148ab5b2aad333cd61ced2,b4c7bbd8580164fee8b438d9d02401a5
2653,936,53fcd2eb28ac864aa4d5149c292c41d6,9334397ee3053846362af853d4f50dd1
2659,937,d2b1adf76aabd96dfbc92a14b29fc742,ed89559b3b48ddea9122fae74aacfb53
2660,938,e73660d2c467b4ee67011124aa380f30,3e112fca9f238ac29f55e9d1e953b385
2662,939,40c2a547e7f46abe623975891f8f2075,f2fee2370f5f7d08921ba263ab329b4f
2665,940,105b1b3eabbff387eacadd2b03327a1c,895a7404a197cdbb6090a5bc5cf1f1e7
2667,941,ed8c1a6e078c8405b3f7af7e4748ab3c,b6dfb4868f88a28bbcac166bcb559707
2668,942,6cf7e0b6c093eac280bbd3a1b42ced42,66c0af17afde90022cbf979d1ad4cd0e
2671,943,8c9a422deb12141d9ef1d12520aa428c,0076ac15be8e2ecdbba37b84b5ba3743
2675,944,c4235366e9467f0284ccfdc7a53b8d30,7d61bb06a4a6d0e1b5e455cddabf7b0d
2680,945,fe4f5ec72b1e6f8fa4d608e62a3182d0,81cab2a70547ea846cf22a719bb7bcba
2682,946,bd3bec7b41bf0e2df91ebc36a312ef90,db49c492c099be2af7dc93e6bb2630c4
2683,947,5231c64652975ef4c500df25c159dc91,17722752fdd4ffeaaccd3f31b58e0b29
2685,948,dcc608a8a9920efa771783bb1925cb7b,595b050f5fcc2ee1c675b7eed1b32944
2686,949,43d96af2ef1c226b04a2cf5686be6b77,f71c8a7017b5d67e92b9f421443a0bfb
2691,950,59243e8b3c0fbbdf6bff1ba00c967a87,b189362f622d22e88321e9359c621af5
2693,951,d176c3cdce866dd53c4a14a4b4a8b3bb,e61d0448f0cbc9d4ffa151123f73b888
2696,952,22337eae376168c54fe51744229f9ad1,1923718109c7dab14a734be477498d16
2699,953,662018b55cd7f5481bfef8caeccb24c0,c4fd7e96b83c0430b44bff648c9340c3
2700,954,40347e2ece6e87a18572742b04b7ed32,8f2867b0f8749a5251ab34028733eeba
2703,955,3b1166d165f011d33f1d7fd14615aa40,116d8e0d77083f4a18537529817f45e4
2705,956,9b3eb162dc32833b10662b90fc850085,07a75e47dee2f9d30ec0f14e3338a0ab
2712,957,75f3692e42066138c05a4a3dabff00cf,3a86b2cdb5863ba3a285948d488c4af7
2713,958,fefb105fbbd2709494b96570c599434f,c8f27523ddc823df39e9b28b105c35bd
2715,959,b8c00d3687d6b2bf45c812ec2732b10c,e536c403ed319bc6723939904cb8adff
2717,960,b1ae41223348eda7797283d101777044,54425153d34244bf2044b9a9ef160b39
2718,961,4bf340288641953aebd9af37d9cd6c7e,e9d4d871ad8599fbfcb003250b9355ca
2725,962,e637ace51f0b186744a2e3d2ae41b6f1,28c5396496083653f2c30ba2715983e6
2729,963,734815a28f6e7a2ba239b3680a181994,f470063820f9149f2eaa9b92bbb5cba0
2731,964,6911a33848aa16410ce184807630b1f3,9a3d5ea0d23c3ff516d7d2f94445a519
2733,965,c97c9b22fb6c8b39342b4102def0db0c,02523970ff7ac7df2432211595f6a30e
2734,966,541a9d1d694289252cb2640091579a75,58473c2035083afb70cba0eb874349fd
2736,967,acea95b3d929d3baa943aa96e068028c,411b8b202730c1db71bd5c547678d264
2739,968,51e18f733418835bdd3edcdd0ae00cf5,5611b2697a2632dfc9b88a3511feaffa
2742,969,922d102c03250a5d4edfa3489bf257ce,4abb18f5ad035f44efc891f81ea19ceb
2743,970,afc34d0357fd036c9297ed84345a7de8,38b14c663e5595588588d2668dace2d7
2746,971,90737a11f01ba5333d143a7704c17e9f,3e09eda64948197faebc88034662bc8f
2751,972,4b476232c0c1499914ce1e7f0eea6fdf,5ba66ba5847724380a07f9fec8faadaf
2752,973,e524d187ffe3a2e9bcb9f69205e60225,f13f36775258cebc53a685334ab6144e
2753,974,9db13380f9b5af8c50d3021c37b063a5,1172d76f8388be7aef2ec4dec77ca20d
2756,975,d84c2c03170bb7d2a6ff02ce397750c0,f8bf2384c19e8dcaee4d18525ffe8da0
2759,976,aded2c350c56e95718129349b22dce88,b91712890d596f1ea1337d5c838c5129
2761,977,4bba2fadaf0c621e77d48039deb5778c,a43e6f97ce8e4edd8468de355cded9d5
2764,978,52d133436322295068554d1f36d0ffb8,65f3df0ed5cb9a9a91705cf264acf8ec
2768,979,8ddd3d8e9779868db22b4f5809e686ed,ebf0bbbad7835dab8cc1e40bc710622b
2771,980,79dd0a419785e6ac97c1b9c4acb962d9,9ee3758b38a59016aaf606284a062002
2775,981,38241a1f6b6bd1ccad1ddd41f1a25c0f,3181afd06cc485234bcba009ed48e02f
2778,982,80a358f13b75395ae480efb242b3a477,9a4fc86335d309d4e4d95a5f4eb952af
2779,983,622a981481d5cec2edfd9c76f5043b94,ef877ea06494be5e7499ec0c652a8323
2781,984,b2f4447d6eebc66ad81ce1ea4d6b7c49,bacd12baa90a02e3f28702052d5aa838
2782,985,6e901dda27e4e494bd5b1fec52022949,5139786e646af15f1f30edffa8495b57
2787,986,7c63de58fbf4a4c46e6b877935b1af2d,6a34bd2c1d224d8e4aec9d1560596aba
2789,987,8fe7d24874160a553e18aef5a9cb6040,4f10840377cd61a0a61d37f207aed229
2790,988,cdd2545d65d09a71736f0d6f33f5d195,be94651eaa053948e655567954d5674e
2794,989,db271f75fdd6dcc5e9d7a88348e0413a,dfb0d8c87ff22467c004100da8dab075
2796,990,bb760a9334df9b85b30700894aae72fc,8acd1658c77ab46f200a1c5192e940e9
2799,991,d8720abc448aad49f7aee392c6fd2c52,36e76731c3c962d585af1ffbf0bc5f77
2802,992,43185ef45e44f60b1652e6820cb90907,fe6a048ce34ca02ad5f1aedd14c2740e
2803,993,9d11970dc686c7d36d1ae3c92818a2c2,4c8fb63b31b5324d1e4248dd29058814
2805,994,c86e9b9c4be68e3b512c6ce5abd34066,2c4f8233325a45aab895591e53087e17
2806,995,dddf58733540b70a0a7ebfc361f9bf10,9ba40b74f39dca92fd407ef81ba2e32e
2807,996,13d4c9a527d2fd62315cad23e6caeb7f,7f7da4c85e17835e1c54b5008a96a421
2809,997,ccbf5851e99fd6974393f675b68a3ea5,97cfec582f6b693d71fe9d3955937a44
2814,998,fe51de880930191e06fe0c502b5c5d34,642ca58b3a3466f8ce1f6673a64f13f7
2816,999,47a31e0f73251834da0752b0b4331e06,0a074e1745b117094c82cc0eb6805fc5
2817,1000,0d0a0c676e6390273aee1d47d912118d,7168492e95ad76684877f02f2eac35b7
2820,1001,7d392bed112df862d98c89791e9a0d9b,498b0e60a194d0469bc951bcbb2a0885
2829,1002,1f664c277938b7855f2aae421cdabdd6,d142102df280a37e235e750d5b662d14
2830,1003,784b1369d6547d671d8dfe3d39dfb43a,dd9d992c9ee5c3c26b36a09f1c151461
2831,1004,c09f02b98e3fd3408efadabbc9e31d4d,9630bc2e7a4b116f2e2d60ff94c915fe
2832,1005,d7343c6a411aaa41e34ec59925660b4a,f1f2b12358dda02ef1e74ff5b6b042b9
2834,1006,6953692bc14fe6ebc82d0e123784a3dc,29b42bf8f3a63c00e7801f2486cd70ed
2837,1007,87ef74d3cf1e37ca32ce39e29bf48f07,ba386072ffa8e65a7ebb079a23aac626
2842,1008,25dfb2e4523ed58151052b973c192e28,c22143044cc04f345a20842ae51e5f98
2843,1009,d608916e62113eb93e648161084a5ea6,ae5d4ba8930ffb8bbb6cd5efecc1e265
2844,1010,04264144245171f1494a577139fd8f91,5083b5b7d3af0874c5347f1c7ffa2c06
2845,1011,0c7c077f8b69757c745596345e8d60ba,a81bc39bc8d9803e5ed51aca5fe98239
2849,1012,082a932daaa280465bafc7b867290d4d,f42550f0b9f438447b5651ecb26c532e
2852,1013,be25ace2c6b685b8cc3a534dad108eec,db3dad7c3aadcbb302f8608499887a46
2858,1014,18853da2dbcfabd2d7690d17a5708696,db99b414468add4771c8d2e1001a81c2
2862,1015,aafd48d0c24eacffc92d15dd253493ea,af8f8d6dc318a63701cb062538cdb26a
2864,1016,d9817990ee3467550ff6086e21e3b9f0,704156d374340d1c038a0bd25a50a694
2865,1017,60feaf9396e87d749d3076cbd6482fe3,bdfb1d03792fbeb8e3ef3d03283e6724
2866,1018,7d016f05c0ca3411052b927699da7fd5,62f99fe15040c8f78ca29aab164f2a77
2867,1019,6ded98c9291d603007d0dbe4872fec63,af5455995274c3c11bcb433209d152ba
2880,1020,673d3db4e5cbf251dab716a223f83ee2,fdffcd9b735a165ae3ffd61b315b6133
2881,1021,ac70898d711a1ba3e4185e322428e1a4,d8a115e09d994b72afe46c70e33cacf3
2882,1022,8ca3c99abd2bfa5ff73d373d4521fae0,a0d5ff075222efc62156ff0c6a37ed65
2885,1023,f126270c1c2bf52dbe6f6d97c709cd16,1a56fcdac160b05f11945bb196f1bb87
2886,1024,f39b38128fb151f66aa78abf8e47ebc3,fd79dc6135f2c6cc36eaf8e354c36ca6
2888,1025,f85201fecb2096bd70f0724dbd8525cd,ed960a48f07e1405c740d6563ed2c0da
2890,1026,4f855c0829e88cb52e443b61fe0eb624,16e31870e0e28a1ed0bfe5773968fa38
2891,1027,e7d3d55f917f082bcbb88fffb4911e9e,b95f67016665ae13ed578176c3e8639c
2892,1028,6af123c43db203ede4b8fc8477830061,776b0d980a9f99a2209b019c105c870b
2895,1029,bc12df50b30b1eb5df88eb2c85509705,f75163094bf26998798339dec19ecb4c
2896,1030,6359dfb864d240e67494fc7cd3f0717d,fe6f983bee5799de1835b89ad283ecbf
2898,1031,d9d8c164b48edf4232d5714da8d60dbd,f900d4924fc86a2d4731c6ac3c99284b
2901,1032,bd0d44e7d9426535158d88635b58a4c3,877e73358e2d87279f76eb56b44a28dd
2904,1033,e97cb504c4d22d2dfeb0cb1386e29986,314fb2a62c45a9260aafca70cb256274
2905,1034,2fe2f6f1a4426b40a31d07e890b74c83,28a4550353d5f16ff1b8091eb026043b
2916,1035,8786b866e4a363c02da51988c8b88b4f,1b3cdfda85894328cb0fbc708454aea1
2917,1036,8c936de874cc7f45515c8f6282bbb908,c52c561e0f5c935499f2f4d81d28d48c
2918,1037,e548e5cd5f228f2e10e52d3f53912728,c2e719b8ebc843553ba4f78419c16dbc
2919,1038,33d44b48c5065bcd44491cfc8d9ec44c,a9b552ae7801bdb36f8c3d6e5bd9e4ee
2922,1039,c3626d66dde2f4031c29d44ed9da8640,a5cb068e0a47087304d46c16cee30287
2923,1040,caade5399c16bd086c6f26ca0c2d7d19,98d6df53107e086a3cb9f4d96c9e15d4
2924,1041,80b37fd5ec4fae229a55aedc2ca10411,68b67267334f0587351a457ef7c6ca06
2925,1042,f889bce532cb803d43766a17350639be,190df2b6c8fb97ca8e5966ed824470bc
2927,1043,728d4c35b32058fbb61af17b18ea123c,168ee6e815da8a178414ec32e43a678e
2929,1044,fdda521a419fb221ae21e8a5b4a66f09,82b53893b7cbab378089076f475096ee
2933,1045,bb4fd17a31c18acb3a8b2b50c2947ead,93ca78e021ea3c171a13c056475cf668
2934,1046,02ee68217738a276589176a8a46c459d,55fc80cb3e9e98a1e0ae41be5764ef3e
2935,1047,6178a7b45d17aa3b2a95a8343b2082ff,92411b6651e8fc914b9af1a1271d8a26
2937,1048,482d4deb85401456464214ccfaab9984,8daeeeebe3b3847b7d62eaa6e20f37ac
2938,1049,9269de8ae80d740a541142fa4010e319,d3622b3bdbf269b1e1ea82092c1c3197
2940,1050,2214c04c1c1f86ef4d46e41781cc6962,be47ff3731238e8ad500cdfa40d2a6a8
2942,1051,3a82c72b4891bfa1fdfc535190a6ed03,e2a41b4c086a2401f4c614c0cb031a04
2944,1052,1dfe21d9f8db125cd5af78ff1d0eadf1,9bddf80e4011de7d364b0364f200514d
2949,1053,544d79a78a114b963796e53072c9c59d,7e8ff9f31aa1027549f6d3fbc9013594
2950,1054,bea038a16c50fc7394db519004aa6ea6,e6e5fd36ccd1a7cabc22ff65c1c51575
2951,1055,3aab802ae9bab418bb8b1cb87f0ac474,6b92342e86111ff2afa8f5945cb923d2
2952,1056,cda42396cfdd1c139975b9113fe4a38f,3ec9bc4d299c92a6fde1de286aed1bcd
2955,1057,7250caea5c0aed8f2e0f27e50da1f7c8,2ee2fb1ea41836b6baf766349977e83e
2956,1058,2e4aa9a8a27791fb643d52c39e68ba6c,932c5d178442af0e9a387a2158e10b32
2957,1059,a56156db928fafa582e8c525befdf53b,146f46c88d27665d89f01d9eeba443e2
2962,1060,0a387dd9f39508e905ae9ceae9188fa8,8df8fc28f7624321b1752d6d520f2b9a
2964,1061,08e0e509676f3406ad41d6636d7c1806,80d7d087b9ffce99290359d73e470181
2965,1062,f3fa4bb1bc70fb1cc2be8d81214b5963,c95039fc287f80089b62c58fd23eb0d9
2967,1063,14a88148b2c274563f97460593e4b5c5,6c19461efeac303500ac9af96a346611
2970,1064,45d8d66c6fe330e5d89cad5d5beb9b43,1da9aca1f35a26fe991a9e5432309587
2974,1065,95152d7bbd823e4992ecda657b7850bf,9e23fdb393b7998d9f66f8a109b2786d
2975,1066,3e037f986c0ed710e105d47f59dc378d,e317b0d17de08b657a8871dad690843a
2977,1067,a612bf2260ca982b9de23b1f53c3aef1,7114370551712926ccd6f77d62824d76
2978,1068,42e5b72e6f85d794c3c5089dbff2ed7e,8574c622f99ee279ef1c18c1365925d8
2979,1069,bda75cebac545e4142591fbd072ae0db,b95b33696ff2b5c15b466eccc87e3fe2
2983,1070,c30c1b6b3d33262abc6918637158d29d,8068ea04c6199d3fa8e8b2c90fa06d67
2984,1071,775b2122221b9b4ed297994115528d72,17aab7ef081ead4470a881a86a9b0f27
2986,1072,70e6bc5bf40dea7efc137b7cce5dc6e0,ddca022d454fb37b97c000942391fc40
2987,1073,40ce52a8a42442a2035815fb669648b5,3b857e71451dafdd29307c3012c40765
2988,1074,f15f5dbbed4d7531a207dbd4103fd506,e3eb760b1ea150b1ffaa8de167b7e4b0
2990,1075,7f0aeae5c01d9e03da3455b124131302,50a3d4bb48d99ec302509f48acf780ae
2991,1076,e9231e86995c72c1d79c4eb4cd611e0f,c93c31985f79772598fa382d29231963
2993,1077,425481a035ed14580aca7cdd55b53f00,345952bb75f509c0779b911423cd05a8
2995,1078,4e87681cf28c86126d0e0e7b7a79e79a,0b48906866a12ad2a6f4ca6114de1138
2998,1079,d96ebb1f127c74105dde34ada52c8ace,82a13b4369ee622fea1793fe0dffaaba
3004,1080,19b6815993e07d8e5839a9e382649f2a,4d04ce41b465c5db9d2327c7fe8848a5
3006,1081,3860437aae158b5923ed48f60b577c0e,02466cdc03a3192d22ab8796013d7681
3007,1082,fe46ce37c5a0490ab4839c10bf8eb986,c40dd19a2cb226d77e431f15bb65a09c
3008,1083,99244f3831977ea1099dc7724825bb37,a4b420bab7d062d838431b895236f474
3009,1084,348db879ea70204ddd696d06bad256a1,d5c0a72a6a15d5f3e76fac0d53524ee8
3018,1085,8bcf0f7dffa929685d70e85ea1f59be2,192bebfe6d04b96d04983bc52f8aa764
3019,1086,bdf77cd1946b8f304751ee8382e11e1e,562800cf0104f7eaf9de9abcbb2025bc
3020,1087,7307f2b952211fb118287b169ea8b6d1,9d2652fdf503c8c6ee9eb4fcb3c3934a
3021,1088,4e447b2142c239d7abf196689dee1d81,9a7424fa5fe8acaa1e099d7b836d9e85
3022,1089,1936fa5944b66ebd7b39641035392ab4,0cff6390e6f4d34e18b1e15014a31e2a
3023,1090,7fa728ec770878d54dcbc7c4bc8d4bff,4cf44a4dd0947b1fdab48e4fac283298
3025,1091,a2f41da6c1b278296575cc6149768633,14fe30e06529a145b356cc3002891657
3027,1092,dda9480a07d11a9709970b47fb9e8afe,1a1c1655a9f1865ba6f82adfd7b498d9
3028,1093,d83ff6aab5c394d69df5d6552dc1b01e,20bdf8976bbb27b4d19962385f4ec019
3029,1094,388440396893d4b2e006d7ddb792ae75,bb90c9e5bd9d65a094b39b34bf71ebed
3031,1095,35f7a60192243747dc1009e672114750,b58e0db881a7434fe551ec5ced6f2b3a
3035,1096,8e811fe913db2bb6cbb943aad6fa4eb0,b420fe80a726bdc5f5b70ea40f071a0e
3039,1097,b5e698468793ac974d1f8a6ffcbfe072,14e30979c2853c96d2513a5f781e3038
3043,1098,8ea2717e430494b8b9ca50bac9c13166,ac0d5c9b8ca616cf1849e99c5bc1ac3b
3044,1099,4e4a19af1589796bc8128808bfca9fc7,6261d9d61031c080971a871bbe43fea1
3047,1100,3daf40644361b8b6e27ca7078b4409c4,bbafa4b770c0db94beea319fed57711c
3051,1101,299b4b1c3c9b0f0a79d5734f564b67d6,73dacb2918aaedceecb50db1e44c1769
3053,1102,53bc04f44dfaddc75658c10e1dc6cc52,a3a80ed499f0a48912332b230248324a
3058,1103,02201b6af5eeceee1a1c471140cea510,8a75ae559537d0766c92a8a8f09ab905
3059,1104,d5f923368ce187b87ccf13a382d38a1d,abe4bf4bb5fcbd27d81423cfad4ea3f9
3060,1105,8aec740e0bb4885d0a1e7060541c608e,03e93c979c12c2086b11316be0d0a1f5
3067,1106,dbcb79fdc248370369c955d321a51542,b03985dc5d4b43d4eef15aef9ffcdfba
3068,1107,7c94f8a7a4aa03fe08b245b0f9570941,9b0895cebef7c24875a65c2e16ef847d
3071,1108,727c73c863e95727d2164ecce4ad560b,7115ce250f10233a81d8ba75c3bb6568
3072,1109,1d803f501899af34820e8f058ebd1224,58e9051f3f9477438df45c35f0da7dfb
3073,1110,dac56b822cfa1e088b8420b5fe3abe36,a947044697384b761efa842a8b1fcdd0
3076,1111,8fe7a0e85d48460fdbd8ca7d35e49b8b,8dab305706aa21949d98c513ae021ab7
3078,1112,14a2d7baaa077331a6423e4c814c1b01,140199a984fb65bafed8ab63c23651c0
3079,1113,8bd04a33c2a79a1218244976bee10978,27dc03297b0cfe2d660b10f4c43a542d
3080,1114,a278252ad18589fe4b88604e0ee817b3,6ef4b64472ada77b5035edf70b65d9eb
3081,1115,7b99accc1e42b761cc54d3438e25772d,13557bf069c1be0c314bf5ecf79d3af1
3082,1116,30fbe7df7dbf990bdce407d9d271cba1,7fa7528c768c7b41a57900c95a2790b8
3088,1117,91bba909fa3c978c6d63d18ac06d2fd4,3260e6d31511d9374828f9e21fa688b5
3089,1118,d9a06d495d6f2582341886f196c9d4a9,e36dfad5f2a69a2ac8519d56abd8873d
3090,1119,9497cdca1af27e3b19ab4222a7260d48,7548c4486b6feaec8270d18ebabaecde
3092,1120,3ba09097be15ecb78b3f2345a8394090,883975018c8bb58a487f242ac0fa9240
3095,1121,eec1ae8b81d568388c5c4c1d6ede1d47,b4f771c46bf4382f2120c0de936d9695
3096,1122,c95d91e763856bfe30f64cb2df8f3eda,e7e609c2265670417513f7e5bac7ccc2
3099,1123,41a1f1fd81d67fcba677bdce6f63bb17,d33e9f418cf05ab200d2102336f9b79a
3102,1124,6997bf0152f7f85cc2bf6a89b532ff8f,82ff5045ace38b9ab79c2277aae8c1c9
3104,1125,c5a69db4015a511bf6e5f93dcb91dfb1,f03004765a657fc8969ad839485746e9
3107,1126,418c692ff7519ff7889b884cf1884bdd,d4a438897838e287322d57b1b66106ad
3108,1127,cf4492fd59e3488c42f293f3c0fe8cb0,92e9c59bcf7ca169e48c2bbcc8a52d3f
3111,1128,c9cb6cf110cfd83fb6c3158a7deeffc1,f4c66217a242fbd020660b7ecf7908ea
3115,1129,4131a510c671a91e8fffc66435509a64,f6ca4f443cbc627851e6ab439ad02f17
3119,1130,8dbd099a8e62203ef80410ab36549a01,1945158e8c170f31e9566b1fd954d991
3123,1131,15b57ca85f6768552372e5e623abb66c,e22187956eb624dad92f548d96785992
3126,1132,147af1264bbf8fd5f871808f227b2adf,826cfa7f13c541c5765c55e81cc51403
3130,1133,4b683bf0df276922033ca5f86712a2ea,80765f5a0e0cdcbcb6375c86f4b233b8
3131,1134,6710462169483c1dcb11de4fc02d9a36,29707eabc73ff0d828093865fe7b0a67
3133,1135,ebd0ca94c1e7f5cc7a779a715838f81f,c6d161dea4c6f060481c38d0758956ef
3141,1136,6b7b4735b06c441ff1acfe54bad2c458,1205bc7365c3481c792b358564009849
3142,1137,32e069e404d184ff4041fd75486751ba,dec51c39a141000e65dbc36bdefe3260
3143,1138,dac00b61722b2dda24b4587d2d13270e,96b2ff724329ae7a4817ac71bce852ab
3151,1139,e25c3cdc7d0df7eff716ee660c3343ab,2a4bfc2e6e04869585eaee1f8f0ecb4a
3152,1140,957f48062e5f65d9e2b3d8a402849215,9a9f4204b4255317226b32f82b2b22ff
3153,1141,848c35e5cc781a059c52d846b8316345,637ba49f9586ab1389e174cae6f29ea1
3155,1142,be47ce8219b19653340024e4ddcdcb5d,4592ce0cef2c9c64e20fba2b27bbc0cc
3156,1143,932e70e3c58969100b90eb7ef849be49,450f67eb0cd1c9347c30180cabac6253
3159,1144,48179cabacc60db8bf23e4fdab85f808,80219fe3e4c9a153fb4686f1f5db6f8a
3166,1145,1f8076824640ae5a7c03e31f80e3e357,3e316590540277b0953da9a890179d95
3174,1146,763d17e8ef3ef9c2769b4303abb70f3b,557acc92d50be4484ca0d0770c3f8f83
3176,1147,c7a2f145621c26a2fcb7d03500e0a8ed,c80cfc283a759ace62c63c79ba3ca01c
3178,1148,032d6f0d2eef429977dbaecf2f2fad28,ff9637ed3f3fd70d347b5f4c9b3c4c18
3182,1149,3a868c1470ab4ac09d59595244dbaf32,2853eb7f0641253867ebf4a8bf23a77a
3183,1150,2a4b4918041743f3b974520c62234467,a9864e266a5c260afe8cd9813b49f0b2
3184,1151,f9ffc0fbd458fe4c2f4438e05084559d,a17d485c475e4367ceafba90a830cbd1
3188,1152,83c02822cc11e628af7385fc762d40b0,e049bc00725577105cc69893646c693c
3189,1153,67f6071e12985ab7f82ed4f48a3eef24,8f490319da01cbc8192a667c8bb3d01a
3195,1154,f9b9497dd449ead8d285995df0dd3746,657b4349d8c10a2c796778f7251fd34d
3196,1155,5f63a6f0ce0a73fd8f1d560b0651c37e,c19ff9eb01f5fd987022640e93470a92
3199,1156,ad2a8cb71a381a3c7bc3ef73b92f418f,3ce40c055f4c65c3b697b1c05a9c9a49
3201,1157,2c5bc66a773969b17456d47010dd058f,87a1065a193627f00beaa6eba14ca4e4
3203,1158,ebaa716ffa6856f1c5247ca260fe3e7b,e84d7e3dfc5db6aa303d117942239952
3204,1159,e3a55b445550b15f8e5eb59cca5f11ce,7f1dd9ae3197260625f6880bfba259b4
3205,1160,8882aa770230f26d485a117511b92c1c,a99466c77f70b5f981377609a8e90fb8
3206,1161,0b8e8ec07eed3b41408fce4509f07057,ad696868ed7e150fc9a1af444a35cb73
3211,1162,d2c49a4273d471a3e6176030be2464a9,d169e74dece53a6a385541a7c7523c5b
3213,1163,78297bf2576d5d6dbc476e94cc5a46dc,3e82289d382714115b0fd71fd2d87e5f
3221,1164,6afe685166529528de1d935117cd5bbc,ddd4e8405920ec6d96b9a76d5e6f2af2
3222,1165,beb30932286e87243febc801297e3577,cc05236d044a06002973c9ebf3ea56e9
3224,1166,ffb664bfdb0d211fb06b55c9a46f199e,ab0e9314c90829eb5596cb0a79c14315
3226,1167,3b408108ae6676719a00e028c5fd2cc8,fbae268d33d443bab70249cf9c876c45
3227,1168,8c49ddce6c528d104b45a740f8c5e7d1,63f1f9bd2adde8069a2e67dc76a8a76b
3229,1169,0f75af7af5516fce7f7b4fb4bfcec7c6,950326a6c6c4616e2c14493762e23a90
3230,1170,cc9e35c4569378c4e83510c282318bd9,cce43b8d4c6a9bbf3d8791a4b29458af
3238,1171,33a9c399580b440856c52f1f4e9449c0,183f56b573c69bb84882895ba1072431
3240,1172,6f2cbe5a0c84a8a3225d032df88bebef,e2bfd30301dedf08ac80c7c5fab7efad
3246,1173,5bf8a99f1cf6a387a1fc7ea7fec18365,e34ab13e32d2f5e265da1820a2753db4
3247,1174,70b1aad9a765cf83238aa34b6f51e24b,86340247ca72629a87b5c0578fa2b7b2
3249,1175,02be3aad802e9d5a0c36dcfbb9e8d792,944b50ac79bc017159cd2cf70e53aef3
3250,1176,2b8557f37fbacaa9d1ad2bcf0f24921e,f15d7578a2db9f429f86a3a542038a7e
3252,1177,5ff217078e4353f7c9f7052507e55604,a1c080c699d93da8b60144ca7e036be3
3257,1178,44a5dcc6d459edf224d5e48cd171e9e1,b5757f1b7885b920df65e7073a3ebfe3
3261,1179,a3a8b8305b32d508fefd70ad613bd469,7765fa46ca3e34087ef55abdfff085d2
3263,1180,a05cf3b3a4bc81d015d2077d6d20ceba,6b1e08c5f073c609513f8ac1b23e1abf
3265,1181,56dbeb310363b04aef16941b93befeb3,94ac8ac139e2478bf00562d296f90837
3266,1182,a73f4446aba1b12530b64d9ec64997c2,5656bacc325967ed81d941fa5da72772
3272,1183,ff965d980166a79f6468b1fcb92d8b21,91906c5e07b43e68ef4650503ab9a85c
3274,1184,a1adf0f06997140c724bc08ebe021067,24971979e1e356f3594d13c45c4a0847
3279,1185,6e44efab5c73ac079a0a4add10ba499b,8bcd7b9f476c7cb2c05f46bc6397a4b6
3281,1186,d9a1a941e6f6871d263839e2ffa2cffb,47fbc78cb2dbd7bc459178bdc84dd40a
3288,1187,26873d97f75ae00d25af68c09959d64f,172b2d653458cd32a8dceaff07d57734
3289,1188,f0243e689b1ffe327b95bcf1d026c4a4,9d1ebc856acc58278ffba08063ee815f
3290,1189,e656431a0e8b29f68a13744d148bd8d5,045a17044495d1a12ce8825909ef5a6e
3292,1190,d1dc964c44810311ff34ac0dd8ac1c12,fde469566a549b4aeb58198b3c415705
3294,1191,4d4dc419bce099f65254eb007e15e020,ec080142669c3c83a5f76572d290a2c5
3295,1192,ec6e53d56a2a88e3be267c71dae299b6,44f74c30f9e0ad344296ee39e9a09608
3300,1193,ac9cd98d395a335d21f2ef2d64a5c81f,ffc8c5bd7a8b716dfe3e2e0256b79029
3303,1194,61263d9244a9bdea2fa56510c20b1248,bdfbb50148fa6cf0edd63e63c5ca5579
3304,1195,c188380cdc427bbb2512ace1f73a25e7,883440edcd515cb5d848e16e85855e6a
3309,1196,324fe80a4a30dadb6e73f33890259231,f99c640d63c1c8797bc2d34c1c053fca
3310,1197,a9851085fb19ad6a4399bdea250ce035,d18ef4d03d83fd8c1a7f53275840f059
3318,1198,a2cd14f5a678df46c33e71b4fdac8272,eed625726c6fe0ccd6366a112fdd4003
3319,1199,02b8325f2f9cc4be0f48df008b0929bd,441f808e237420c50db81c64aeef7f45
3322,1200,cae373bcbc68f36ce67639562ff3e96e,46a5a168ca9d8d0a481d7834e5154411
3332,1201,1fac271f31e5484aeb6843948969fdaf,2ae0d25bdfc28d9823da2dbe6d460f63
3336,1202,096631dfc5efc0cbbbaa33087f9cdc7e,3a5060c2c531bc966823359c78f44cc6
3338,1203,c760129944623f84bc1188096be9a912,12466b42e7953438ce921f61c21838eb
3342,1204,adb1af381188efc6757596130048f5bd,22c3c5fd505ff125196df73bd289a725
3343,1205,a6495180b51f74572f96a517cf0f4e3d,24a9a545f94df4698e3c557cc033a325
3344,1206,1724fbb593b67c7643440b6d57598e2a,49bb076506acdf5a876523013eb5cdbf
3346,1207,57b856c5a121ece20efcfc83a2b6847c,e0438586f29a3c0445a69fb618845627
3348,1208,252cc73f8bf26592c62f90f2d4d21ec7,9827bdbe4380223eb29834b963942632
3356,1209,3b21f55c4b5d8b837da4981ae62af32d,f1e7ce24a616fc6b2b3a47e622e86371
3358,1210,41d17f1d36ed9e81beb1d486384a307e,18423b0dcb888003102a38f978e1737c
3365,1211,259eb02079822f8f2f63cd80094e1661,e638e4ab91c08d215cdb91e450292326
3367,1212,681ebc5b87f9996908c859e4164c4ceb,c8523f8c7d1283aaf353f925e6fb5a39
3370,1213,dee3c45f89a4a1916a979dc20b3f241c,d194d50abb42d13db4295911b8afaea7
3371,1214,9166fd70e6d0abb0c51d39b2f5c89b58,545a1871730e3b3ce2b41b09ed5ee12e
3373,1215,75b332d4e41d14f830fdc13645c2872a,ec5770321af49170e01654b6636223a5
3375,1216,44e54d4be54c1f64c4ad514d1cc31d06,48746404fae81fa85937174435642fb2
3376,1217,2d34bf05e74312d9eb0ab1ccf37571e3,fd070b797cb8651537d110b7db32aeab
3378,1218,4c41776092895206384d0fe7c371d6e7,c26053bf9042ffa79effd75f616cffe5
3380,1219,85ec6b09eec8182516ce7194ab8cf5ba,8b06406a7a973dd13472ff24909b1cc0
3381,1220,9a4bf2cde32f7f6b44890f8dddb5e3f2,434f63d036d9c4997c7315f161a0bc83
3385,1221,3b69fc7f58d51402d4c8d100f0875e6a,e36443601abe55c92732bba73ef467d5
3388,1222,083c0ed3118594bfd37993b82117be25,d3be0e2ae28d45832011c994dbd71643
3389,1223,90f5b235834b36f2ea605c0d38e8dcb8,549bf029dd7f0c7825fb42d0d8e434bd
3390,1224,82a75fa9dfc65f4670cb63113bcc83de,453e33b571d04567dac50a51a3756ba7
3393,1225,95c7dbc86f0e7a2aec09dadf9ae0b20a,2197e2df32fbe740afef2fa07eed7268
3394,1226,a9bcb6bf348d67fb0a8e2bf1586acdc1,8c7f9bf1c1a130bfcd1ebdce51c994a5
3400,1227,8dc9212413e493208b8260028d9fd1c1,d98b65316e38de3fa1be19e7782d8777
3401,1228,0e2f94f2df458f1c360b8010865c5c53,114b6fa716b36887129474c3bd618b28
3405,1229,07c0615308c8aa74fc36e1bce4aa62d9,4a9c36d86b9ecc4c0a93f466e9b6b88d
3406,1230,3ff7f0e48757a6beeafc009b4790caab,5f9b5b4286e793656ecb24c5dab77bf8
3407,1231,0bd4431b9adbe7f24e4ca5add72bd84e,cafafef7b683c3e88f282dce717e4024
3409,1232,fe83e15386a96d47e09a73a1f9e2ebd0,84fa4dea30bb0dbfa8ba95ca649c57af
3410,1233,add4bb4f687d39c9bf2a82e56a54b136,9db60417e9625da9771193397c1b015e
3423,1234,a815d426c987c52f9417937244b211f1,75a4ad359c5da59db085e27d85999eb5
3426,1235,eb28ac9b52f86ee53e5664faa77e5b97,151d08fcd4efa94478883c4e240a2c5b
3429,1236,19035eb2a7f5ff6525428293a3cd5407,a2b2838b7f7524362580b4c3550801ff
3432,1237,b1f66733f15d8336f8f8c1e8e6201646,de3189455619098d5e8db7b64628f497
3436,1238,5e445e714053b8d6cce46720ecc1cb9f,0336202bfa8a6d814467dacebacc9e1e
3437,1239,76ff3f8be9ab7d98813550d26a66d2e2,c27b42eb558d4eb763ebb6cefda097dc
3439,1240,7da31321ec6b1199403d2733bf3348a4,6850d368adcd424242cc4f27da3ec4c3
3440,1241,b72d4f65a3f7dd6ae493d4651aafa44d,69f6055ea2fcdf0ba5f8bbe806ec8679
3442,1242,db334873396c1fca94aa6fc53ae58454,f9f229463f98d10f8ca879974f83ce96
3448,1243,5578dcf7de9a7ebfc06c9bd1bbfd4117,4c73ea66c3471bdd25fe007bc021674b
3449,1244,e8931a83083f52b24e7c95bcd54e872e,44dc9e14d17fbed5597fa612faed96f9
3451,1245,4387f3c92ec01c63c1db1272c70c894d,80bf1a764a3285cd6cec1dc0817c45f6
3454,1246,8561199c5907bf3fbe57d26cf8809f38,65b5c9465524d7c4dbe88e609a5ba0be
3458,1247,7127f0f476ddd430aae78f7d3db91f6d,031b6d78223483dd7b6544c00ceb40f8
3459,1248,5b7724f14fc956041fb012588f45ad01,59809a6cba488971ff6d7fd3bf45e5a3
3460,1249,2940cea940878da463f4a281b2cf95ac,d871de11c95e2313e002d877f15464b7
3464,1250,f7198528f7925d5df35afb788e954443,4da3941971c0062ad86415ead21b4fcb
3465,1251,e041b16001a94255b9b6d78cf9984cd5,cc71f3a956342010b78929ef516ead33
3466,1252,9b979d79dae8b03d2ca0524c34616d27,6df820c85155e495d998d31c932e2ed5
3468,1253,5a1614e71d4d5162dd46b1f2804f0e0c,316e8a18dbee58bd7bead3c5e3b9128d
3470,1254,319e5bc9f2c6a74f3e10b0a5e68d1122,69ecfa013f244590eb3a0d159c9da647
3471,1255,be7ccbb33f51bc5625f15b2a7c494ee5,ae75ff056f52be92141fd8b60b04b7a8
3474,1256,3649f59417193b3d212471a93f53c198,51439818c7fcad3d13478e2f49183446
3476,1257,664391d92c04dcd4e5c83d9ef3773792,81753232bf439f511d33c13f36958b15
3477,1258,e15b37c32010205c6ed91fcfbfb95597,8d544f5273c0dec55d01cfbfd3ee01a6
3495,1259,f4cb08794bc06a7938a8736b22c06ef2,e61855aaa70be2afb70a4863c1aee510
3501,1260,7fecc9a348cb71c71f1a8e6bc32c1201,7a295e91359f0248502f63ca2fef6639
3506,1261,753c862d6fe0d3502df062d2718ecf21,24589dd12d8bf0f5e17484ffe86f525d
3508,1262,c9c6d9e601ec6b20002d7647debb00e2,3b0cd1fd364f950228f2a6b1e44cd142
3510,1263,834bc86998e87f265fad760a3d183d07,22bbc3d9bd3fe75fc3aa64e143f8e504
3514,1264,03893f4238817a6b107a85a2ec1e375a,bf7c42a5f791cb92ec2ff87fadff4021
3516,1265,a9be5e709cf0451a0e0f5f29716ba8cb,44cf2eb0eb1c99a023b9b3eca94bf31a
3519,1266,6d3d9d472301cf7bbd5c0f51405342a7,5a8f7e886eea646b6bd444cabfb1bea2
3520,1267,9c7eb060b1154ed9b95abfd35851774e,390e8d640375e100bcaf62bdaba9fcc0
3524,1268,5130e1df4d510b9f653a9b2dad9263b4,04aecaf803a7f07b9b48d33e4cd25b46
3528,1269,42483da1a9cdc622809fc92bb4a75f98,d3c407236c7fa1c99abd9cb0d659fd89
3529,1270,800aaf88c6152a106d9a2955ea9a33f1,4bbcbe53bb1dd9456a14f84ae66bd1f9
3534,1271,782b49ebf2fb5a9f9290a8b301ddc0cf,6bc18d84322a8b3f9c26b44c5efbc7c0
3535,1272,d0cc674c9acc9f0db509992bb4d6cc8c,ceab99a0c8594dea0d32a8a0100f9129
3536,1273,4578c60d124353a452f097d796505295,181fdbe5b095760d2848ce1402640f68
3544,1274,13930bba78bc5be1ecfeeda75604cc5c,b1c8cdcd34077b9dbb1df33a7991207d
3549,1275,1a706c259d14b3bff9d59f4ec2d70e27,c5aa0a5772a658489fd3060c9c2f1c73
3550,1276,9fa95defc7da79e343fbb903d4a59033,331b674c4038ea84130770cbac60e0c9
3552,1277,c6117254b7e910af9f16e22076da7bc9,3db3b1a330fc236d79de4e1ee22d67f2
3556,1278,0ffe6bc6ca7e56862f049e115d5c9b96,7bde3c6aa98e5cbf3eae043226de56dc
3560,1279,d94cc5092136527f72dc90c5dfb24073,33b87d16b51763e6462e663106fbf86e
3564,1280,0a93c5e854d0cdc28a7f15eb8d3a9ac6,013bdc7e5f1b6685b13158271a7cdca6
3565,1281,f4356a71fa18b0f90490af23508c9068,442c48d8080fb68359e944f9f19f8dcf
3572,1282,d54a901bd62a0f28a13911f169575c10,30c004ae55f9c3cbb6fd3f7d0d66df36
3574,1283,5f9d9ccac29e4e4d374b23439587e4ba,396441d7c26ab66b07bd9db2cee7b70e
3576,1284,af7bb27b76894af52d164566a63bc3a4,ac58828e8d0dce15c6373702fd53a517
3582,1285,309f60bac5b9113463f2b97fa1e4738b,3228251ad30ed5284589d32daffb8122
3583,1286,679fbc9f07ce9163d881744b1eb3ff16,71e448f2395fbfd93fc61a400cb70c76
3585,1287,dc3cc076b2e0344c83536153e606c581,ab33d89b556b6668812dd102f7826abb
3586,1288,782eaeb374f706d92b60127fcfb5af3e,218a91d301c27039b8fd4d89dc139db9
3589,1289,6e43ad8dc7cf03a288b1a49c54071c0a,f13a4dff57c1c35ddaf85db77e116337
3590,1290,4cf630d3fb1bfc7632683b307f84c8b5,12380aeb5af236489aec941d1cc22b03
3591,1291,fd6b9285a99c54b5e516223a22c3a185,136fa770a1643785ad04371dd225d00e
3593,1292,b889935415566668bb4c7154036adfe2,a0c78c1c28d3c3b6f4ab4660e4ba730b
3595,1293,b32afd4d41f2937daa3ebfc6800761d6,14210bdc9dd81331f97ea2c3eb149993
3597,1294,06045122d08b2a2c7e7bbfce96cbb067,ad9dd11ac851f699dfac0252ceaa9133
3600,1295,ae07c190135a094380ca5ed09dccbced,f25e44354e6aefa5e0d0724b8836c97a
3604,1296,d44d0dc8f2444328c1ea6416b162dce5,d16e6558db6e6c08077a283f10c84bfa
3605,1297,4043297b6c97c7fa0f169756610c97ae,5123c34d69e96e09be323b9c646011ff
3606,1298,1d37f4a27f13ca4d73ef2bb9181bf90a,9ebbde941192afe6218fa468b96053a3
3619,1299,fb37ce0f2dfd1a8ac2670fcbddd9b802,2680dd42240609acc41288ee6db98231
3621,1300,6f74835ef4769a4133daf3b984c30c0b,1c98d41a4207b10d30ac8a4265ae8cee
3628,1301,0b3f71b3cf9117cc9daf2f33c1b8a1cd,d4bb6be7fa1095e2fafeb3c7c70ac5c7
3629,1302,16753502a6ecd4dce72bc95e695e0ac7,a079901bf2da74684c41fcb751688802
3631,1303,59969bf03e9bc7cb3eb5dbe6605aa776,4b136873d4697f514359668183a66cb9
3632,1304,1ba6d145d7b2d5e1e699e4aec4fbef52,7c9a65cc21e539f63e53b0c1c52738e3
3633,1305,c8be99098681219a169ec08b71a48bbf,e4de0d639f2024b49bee3af21531d2c7
3643,1306,8d86cbbbd9bbf3ea876abba21fdb7287,ea01f8c080c071161adb2426bb556bdc
3644,1307,3fd9412f8795745759997fb37332cffe,0078c5b8b487c87529638434fc4489cb
3645,1308,bf319006344138ce9e41df939014fd85,a13c5a2afb2cc25a1d0e171faac6e44d
3649,1309,5fcaa66d3cfa4563273feb567a45ea22,8ca6eb0ebcfc28936c5cee9e6f88158c
3652,1310,813469c837c6e7ef8067ebe6714b5219,9ce4f932e8d65e1678f68ba55d46dfbf
3654,1311,426f60e354f42ebe60c3ed5795a97e2a,ae99a2c28ed377ee8a8d01c15d204fc1
3656,1312,eafff26254b52cafd87bd92f7b5597d3,070f95b8d5497313a6a05b3023bdf7bf
3657,1313,bd502bb9b3898b78678bd276bdf2b260,d765678ef1ac54a88b1d64ed6641e52b
3658,1314,0e86cf1688e6f7fbceb597ffc1bf1f7f,3b01cf5980a8ef4191c9066d42b47f92
3659,1315,493269e18a36d43c641d1f6605e7a4a4,ba31674ecec39f7938ab66fcc50a2d5f
3660,1316,11e4d11e6e2e0dfee9903504cbfa6794,6473bd2c8d091b32d1f5633fc7a0ee57
3662,1317,1b95bf4e09bcd76d757de40212dae1c0,74a714efc044d147ca038f8d6d734318
3664,1318,fe88d674488198975904ffbc12ff34ae,2cc600f64df3df3a95fc8f948e8bd36c
3665,1319,36b0732324e5f5c703f9ff42037363f1,f1ac1dbd91fec34ecc6b11fa3f88a9ab
3669,1320,cea208bcebafca204e144dbfbec64a24,440af8737d08efabd08c83f6128d9288
3675,1321,ce09b206973a5a778b206ffa5f2f1c30,c74346db0f00bf2cb0d2d2723fcd2bec
3677,1322,84e97ae47a6e5dcb82d8ed4d7b82aee1,c9e568183df25e5769605372056eacfb
3680,1323,ff7c0ff258be2b26783663f0bc5cdd74,ffc4fe14c305230cb2ddc833a1f14ae0
3682,1324,b87365a4de02b004cc6e29038f10a920,960d08e1a78af5477c5e8dcdbda09678
3684,1325,e5cc206f4e63bbc23e738559a4474f67,102010d257cf848c38f686b6b8f722db
3687,1326,1110086cdc57ff11cd79d3fd8b845170,6dfa7129be710fe04d28665cf25b5b6a
3690,1327,c49125d369fbd0fe910b3e58adb5283a,b2bb3873fa35bb766df234345b48e8b7
3692,1328,07264d63c0a779d9d85ae7a4b3ce9161,adbbe1d0707ff86fa6f12302d4a0a935
3694,1329,e7f0481ade46128c5f904a6d2ebfef82,6f51c9825e98b16881e2213adb7de6cd
3696,1330,8f0912925f8a79d729c6e96fdf6a1cad,6020003c6c265673a46a81e2b4a9bc9e
3697,1331,2c1ffced1d523ac75428b440b1f28a7c,2b4420aa19dbb678be961d652050766a
3699,1332,1a9bb89dba753f2813892d4fad8a8c2f,7cc9755a26c1a82a2f01874f824c449d
3707,1333,4bf2ed86483c4ac8ec0119c4720a7018,00342d09f2e3a34b7b7e5160fa268b7a
3708,1334,a0a30b0ab3c6d5150b7b78421e4ed5d6,214542e3121b5d3c8765d6f9b51e0679
3709,1335,5ccfbcbf981b59560e27bad8974713d4,18e467ce73985ba179a82cbbcede81c3
3711,1336,5898b60d534851ae147b912d2e1e9228,edfcf9fddf537728d8724ca89dda02ce
3715,1337,553c7faff59ae7df19cba7de38277794,b62f0271f10126d2d7859f288aa3e97d
3719,1338,67b902b8cc67b86fc2aa3527bf983062,1a7d5de7a32d3af35e0fb1fc3bf7ea54
3720,1339,037ef948c49aaadbef6d83810fa2a8bb,e25bfa84c9744fb3e285fd860973f239
3721,1340,6de824115f16bc3a5da3ded462eb0734,121828c224c0eb6cccd3a0c781c7a69a
3722,1341,8eceaf2f6a7879103cf2feb05f8290e8,2dbb01b2c73b8fc7e2aa0fa05418e6be
3725,1342,591c106e401a4cb3f64d5bf1a0e4078f,fe7c65a70945f7858fb9464c9b63f660
3731,1343,b89521eaadca2185dc5c04ff6063a954,e09379bc900750d2b02e3aa00c2f9eb3
3736,1344,9c5d98c4a1b421ed0217436dc6c40994,b096e2ce4028a1ec0cab5d48074f314b
3745,1345,888a8ee9d483b395ed58f30657e9393e,f1b942533c46021e262085b1564966eb
3751,1346,a30926d52813d27115e427a0306cee9a,7b49412d33bd003da5f34e7dabe5cb68
3753,1347,d84d739da2541aca46dba6106f6c2e7a,29feae99d9b714d02cf04dd545040e4f
3755,1348,d3d80e146f4767eec58ca338676fff90,43ef77c94b879ab2fa55dd7cd925f5fa
3756,1349,805dd9479d476f4353a338c4193b170b,10cd0cdff8f6441039014626a18321d0
3757,1350,0f1de5cc2edd7f86b52ceba95e1545a1,e518bb0754b2a335be433eee317dab9f
3758,1351,8ab435fbeadc94a8a9a3d2b0e0437025,940b62a98b0cf39aaf18da403249ced6
3759,1352,8d155ce89d6a329d9289b6fad8859be6,508e65f4e263b343c2bca676547f126b
3762,1353,4d3c3cc97b7ab545df7afd4477fa58dc,ce9f5523b0843b9e8dcad70391131a25
3768,1354,8a154c3402f76d7e7fc73523ccae2f58,70949686e6361781e4f3d395d4e1d0ee
3770,1355,04c483d9ecf3d2ee99083ba9456ff6c4,50eec0e8898264b6efd1298f92773d76
3772,1356,504862fa3ae35b2266bee6b606b85ff0,02dfc059036c3716ba8fbad119be301f
3774,1357,a74e255d887de1b521ba1b4cf186f178,b1d227b051c9c5131f40de1eccf1bcac
3777,1358,402e121194e79dacf30d3daeaff440fd,1dd196b4685a37ca7676f6346b32a971
3778,1359,73129cbe6ed483dcf3cf6e98944df322,006cce25510c120ce05eb31146c24817
3779,1360,31b8d70a75c8d1eb415133248b6a7ec4,75e835c50bdf4960031fcac66f9f392c
3784,1361,9b3fad2f02d5a21725e2d7c4f2350cc3,317e8d26a2fe3dbd2e8f2c34dbf75de5
3785,1362,ca6910c808b325624c3c3f4f5ae03b25,3ea6dcdaf40eb1e143977aef8194a662
3786,1363,dab3336793e9379533e3ba991bdfaf7a,bed7788893bd64cc31761a44e9b0eda1
3787,1364,af8f5bb2164e53b653fb48080219b677,e61eea2155bfd47bbc74f651c940447d
3788,1365,04371932fb91ddd79570c82cd349af37,92526ce58ac25f4f9ab9d9ddbd311b33
3792,1366,f061e177490a4f1752aeb1db21fe0a1b,e61660c9b6d1bd816bb966d00cea136a
3793,1367,ae1e32fc0f58d839a4753954b70a78a1,f9d1edecd567061f6e5c707f3a4d99c9
3794,1368,55b16e1bea015e6a27cf20aefe54a605,745a45267963d7df32857b15188c9f7d
3795,1369,851eaacdee58e03b7d426f02def844cd,fc2ef0fced7a55100acdb4c4f5c95370
3798,1370,e2c269b4257edbcb4586d7463300e386,f730f8d15551007da32a587df73ec544
3799,1371,37a1db0f45a14b404e4ba82e91919b81,0ff578d2fd48c8360ecba84fd64c267c
3800,1372,c4e8fcca590ed5f689c99ab21219c1f7,a6f69c0425059954f1d2d987797a7c74
3801,1373,4e9081013787855b025cb539353d46a1,2db1cb4517b158a07c7a96a09bee0dd6
3806,1374,962aa9eab4c5124eaa05e292cebc0e95,49e8667cef0e45cd8772f04a66a49362
3807,1375,4f78f579d46a0503709aeec6da27fcf3,246991f10c7888f1deb972f3ceddee4d
3808,1376,91151d371d28dbd2e69cecd0d5cd4d3b,1bad3c91bf92ae949b9f6dad0ddf83dc
3810,1377,8472476b3412dde97daa4db6db587294,30f9af5cb64bf4ea0527050f6154772b
3811,1378,04010f117211bca7002a721ff2d9943b,77fa72fd16343c61373ea7b0d875f3a5
3816,1379,1387ca09599f1c4d0e0a77e3ce6bd50f,79836d375f3f9db97b9bf0dee04f45c2
3817,1380,2b5c6cde073abfdd669431e05e240ae7,90db168df19a89b4dd0171afa58b51e6
3821,1381,72336c50434c66992b1ddd246c341678,9ba71873a0d4a4185cb67d5ac587457a
3822,1382,1e904613fb050ecac8da9101f2545e5a,729111abc47fe7faa5b90b68c67678de
3829,1383,553aa75815baa696d7341b7921970395,053d8b03cbdd2075045ab6a7eb68e64b
3838,1384,a5181546c11c35c303d977bad864a338,acef9b986f827f472169114a96cc60b6
3840,1385,888b8ec32598302f2676feccba6c0532,a40f3ae8983ccaaa787e7abb6be55b21
3844,1386,8d1fe0d606529c5782a22060123b5c5e,018ed19d91035951736279ff1a3f1ce8
3846,1387,24477f24ed629d076368d45b62c08da2,4a36a8fd414e1ff0114f3a08fdf700bf
3848,1388,07822f9552bb7d286eba77cabd8b605a,45a66b1c1ef7e530014dae21540d3531
3850,1389,2681c7a46a8be798cafe5e62fe4e8db7,e0925b192da7269d8f4b2fa65b144941
3853,1390,5e7fe90f6be27733414d8b4d6d7078db,83c1c96c3237b2bfbba6ccdf4d788cb2
3857,1391,9c8d782c6819f0b1bc8547d84ce6aa5f,2d594107237690891e4f0cdb9d65ab18
3863,1392,a6fb3ac917661f97a2a1cc535105ccb7,b7a38a393e7455275f15ea184882cb86
3864,1393,3262cb22bc574ef8dc93bea577a1b8ac,8b0adb0bda64d1739227c56e2cde4ae4
3871,1394,0873525776e393c86af23dd4bcc9cbb2,76128032239469bcd08f23837b29edd3
3873,1395,e5fe56c00b48e12c07deb184bcee9751,40619ad2c4bbd48d8fa68e181c5d6b67
3874,1396,e2f7492d7dc909c7d8317ff06c36f906,6253fa0a960f1508c8969145a288fdaa
3875,1397,05d9addf88187586551e64a5a5a171d0,c6c45cbe210b5dee59f8aa14422b3852
3877,1398,2d65ba693f927ede883b10c41ae725dd,3018d72bbbb88a3787c66aa36c6ee02a
3879,1399,61fa92cd030c3e5966ec7f254d9c7497,f11da6b5160b781ad3815c4829d7d939
3880,1400,213f5b774c3b5633b72bd6ca662bd3a7,81b23adb593d5ae2c4ef70349e5b0812
3881,1401,2cf0d6b373b7996c1c4d7567a29e02b8,950bb82af1082447be3393db7e03089e
3885,1402,435b18c92201a2dc29f0464b818eeae5,e626408380ca2f82ad121e9e81a02484
3886,1403,f09a94a4f1fef951996921279b50378e,3cc79a498ec8dfcb64340849b4f50fbe
3888,1404,3a1d95edbd75bb66bb63676139c78fa7,cc8b040b3b34495028815606fb4309f3
3891,1405,e3a3038047101640d17097c3dc687783,022c250f8996a3315fa6c216edf0bbbf
3897,1406,d814ae3a493645ac227b0141b128cbcf,7edb5b7b456f95dfa296097e4f9eef5b
3901,1407,52cb1257ee27738c719ae1839613a539,4c034d2efd1d3a99f00194780ab4a448
3902,1408,59a6e94c0ac72e04ca0cb25782a875d1,7620f9d28cbed420d47e3aab71df8969
3906,1409,3d4e4996edfcd121e30dc299f261c91e,3f5b8a2c3b7e7986858f18ab5732f279
3909,1410,91e562ab0813273151dfb820a75ce9bf,6b983f3011fb9ad8fc4e24a1684e39b8
3910,1411,82987e8358b95f8d46812d7bcf7c2488,1561b9bdc15a6a0095517ab3a56bf37f
3912,1412,d57fa00118583ab7eb9e3cacb22a5c9e,6079c4918977aa70e8c02d56424c8434
3919,1413,ec12d6982b5f782c06f983fc7e230386,746fbfc023207204904e9644abb50ae6
3921,1414,a9893e0c73f363410b67c0db42016eb1,25ae79d61571983641b8c7f5b2af9cf6
3923,1415,9a602a83b9452fff1c63de13bfb85c0f,1e9c678d813f4e7c74777a63195bd3e0
3936,1416,b63c31098fbc3c9ffa1b3519b0189e10,cc1a1fff5d740c35ccc82bc2059ef727
3938,1417,9be8832df68834677307d424e78322ef,a1ca995559151e9803a22491e71cc8ce
3944,1418,9720e9d3e1880f93e99285e934556590,ecbf5f954d99f0f613da6f14c6c4c393
3946,1419,8aad1b930b521758dc182154c4f37870,6f804deb3bfdd05de8f07849b084aa5a
3947,1420,bd02d322ded20d1e6690be909d52d5cf,70dac58d317491b0624b2b66ac518be9
3949,1421,6a6020e976c7a4a22daa109cf6893b04,a0a4fca86fc59d915d499336095c72d4
3952,1422,cebb29c142221f9cd8a8acadef707f19,7cb4d1476f169e711fb36dd636b0c70d
3954,1423,1499fd706e52547eef0fb241e2931b07,e36ae30160910c47ccdf2e178f975a0a
3955,1424,a41d797054c5a66c987a99fd99e987a9,b09a02877b1983c805221437ea2d9292
3958,1425,2071b8b58e156221d876ee41531a317a,51b4aab4073314d18119ca647569ca21
3960,1426,83e19c38bd30ed8c33e511b09c84c767,53c90b9647daf03353f0a404c8982964
3961,1427,ba53275cd780efa8dcc60f94f26bf117,74e874f7fbaa9d8cd26c33c466e4e7df
3962,1428,beff2d4c17cebfb5dca6acb1e6ae1bc9,1cdc5c68b539cdcb8d807f5e85b7154e
3964,1429,dc52527fe3326f8a8630d62d50d7040a,0977dfcade449870e276102f52f2b187
3966,1430,3880a51c3ce7b849513ccee2bea09944,212cbbd97a8df4ca4bbd73e14a56e5dc
3968,1431,676af5cb6ccd499afa42cf831222182a,89a2568aafffd09a18f686860e378304
3974,1432,35ad9946e58e2d9a148567595350baec,f99102acd1156096b33d1f7f5cf786c3
3981,1433,d1da337eec1b7c501970a1df8fffe209,84787e5518c0249a94423265a8473904
3983,1434,8f2a489771787322f7b3710b1f950317,872371eb9f75652116faa4de4dfa6ca6
3985,1435,7f9c21f5768445b57c463a690d037a0a,5e0775349e56a61141e4e33252f8dd7c
3986,1436,6c69e6c639dcf38cfaf9866ec075db08,276200a5ed20c04d70a7638e817fe68b
3989,1437,c09ec826e66d6cf3e1d38621948aa634,a85473b82f17f4b3cf670328f554168b
3990,1438,04b340d0fed02586f1445ea0e62da96f,14ebae75994e2ff820169701955b9e40
3993,1439,5a939aeb98c96435bf3a07b964b52f88,90b829a9d3143384e777c5dfa75ad4dd
3996,1440,3023e6e2823f186d0f69ab44bf932015,ce00d571b22102dc77bbd80e84944882
4000,1441,28b73f39745262ebff703e0bd42989bc,cedcca064bfff5812f16b6ef8f3d0349
4002,1442,1894f16ef69a0d2f485cb1e9f06e9e5e,738f65ea155289e3daaf6bc18ecfbe33
4007,1443,30c53d960101479079a1c5a14005beaa,5d55b16e1439e6af70cb87575704abfc
4009,1444,c1250c3f4208fd16f703536a34fee37d,0856bd037edec65614aa04cffb37ece9
4014,1445,e4f6624ce313ac9c99acf6258811a7cf,f3c195c8f4d7608853d1f201522985ed
4016,1446,4ff60a337ab89df01aeb99fb3324fbbc,2345974ead6aba9759c2afeeccf3c92a
4017,1447,63f6514a3ac50f2c9a7f8bb219b017e7,d65f22068dc93b4852d331dac37027a9
4018,1448,9e7c6dda0e26842dc3c8ca5318e1dd26,6812af9e883fa0e8f7dafb606fa48792
4019,1449,ad88e1379404aaf43cffac68fd1451f5,2613c3089e9e406fac57320efac0caf8
4025,1450,8bba2ee7f432bb18f169b37c66b6b109,8cf3ccab94cc441626e5b014503d359f
4028,1451,3071ab432f34536731b75d83b9dac0a6,3a18bcfea3dc12afd8364a6ff6edfd1c
4030,1452,85c7d37267800a46ffa90e8390cc9beb,ae4a56b09bcf8e9ecbe9919927f33df2
4032,1453,443f7443a05751262e15fa24f4657131,6f934f4964aa975eb5ded57aff3d7f1d
4033,1454,526ab978f53d91dd41ab0ed087e6056b,92bd5ca256e9c45d59f4f8d8a59aee3c
4043,1455,f78e077984162a33e51be3beac7144e6,746905296bea94a2ea14db0c7d6878b3
4046,1456,16066439e73ae923470834a058073592,2028c6aa6de416e62b8b40db8941ac75
4049,1457,634cc958c9d3a6420c9ed534e7d080b0,1c09fbd9d82bbbaeb33d8242e5bd81bc
4050,1458,8bad1cd630b4e44ec41a804102505284,d04404b8042635b6aa2cf4d98fa47f94
4051,1459,4e8e4653fdbdabe6989b0c1c4bdb1d05,8eda875c5020192a892454c78b2b1873
4056,1460,18fa88a14eaab7b5952502a051c20370,f9e024f95a642a868e565f4e1cb27641
4058,1461,248d81a8835a2521e6baf7383ec997d8,2256323b1d4d5dbf2fbbb276e7ec10c4
4064,1462,10ad9ef9cca32a6b2cac1e870470a7e3,1ef4fce36bf52329c3385607299ff84d
4065,1463,43c3946b3a0e88be939219f57b1f2381,c708defc4cc581f17748050a56f13160
4068,1464,a827bf1ce25a7991e86ba8bbb02af970,461b89bc18206c1739da4e54e6c27a20
4070,1465,a238a363d295eed6a513e462735df341,c044d335f132d8ea1a0e270c194ff6d0
4075,1466,10e52542414dcb892962352f7bfdd70f,b0c296c36dd3a4923d640b57c08f3127
4076,1467,fa4b3eee1d26376920a90bdc78b563da,2f67be9ccaa813452693c68595d3ba96
4077,1468,45e40a582836dff18cfb80e594333ed9,953bd173fe3e0ec7e19c9eeda3aad04a
4086,1469,879377ef8d0915ff9440504f6ff58821,ce43332e39affe4bd8c51aef020c5895
4089,1470,467b084b21c02d415273a11d9a88fdfd,02ce6068bdf8ed7106fdf4f603eb8856
4093,1471,51666588fc08771bcd76660815cf40b0,8946f4bfd06c34ccf9f4bbc94454c3a4
4097,1472,fe1b0f841dc336f83aecc73bf550ad2e,d44124dd5b731e7ce840c9b71ededd14
4109,1473,fc7114677cfd73dc99c18ad04ec284d3,fb45d9b9fe3bbcaa6573a14a093c4347
4111,1474,3d691395d7339c68fb68476657de36bb,fa35fa5864d0edbf0eec4b5a2472fde2
4112,1475,1581201c825336f11ea1afe4c9de9b6f,193dd98799ad92d15a9bdaad2c401b4c
4120,1476,3d51dbccf486c734afceb79ca8e1bf00,8b4e4a25b71bdbf1280dfa8352a83bce
4121,1477,837c4ae48cd7c894aa4bc403099fdd7d,08701ebece09b6d2e414f2e7949ad0fb
4122,1478,e6c682682e35c74ac0a5150944768abd,7f40c9fe3f698731693e765df9763390
4123,1479,56d62f4eb21bf1daf98fb1d011efeaaf,6b439a6e7e0a519ebc73d5f3c3f51a88
4124,1480,cf50d57dc2940fad799edaff27f536ae,90cb2f6d153b7ddf94125b8b2901fb78
4127,1481,caf4a062e5dc9e79601b045e74390f55,5d1c03ea7ad3f79b411c5d60614e4e19
4130,1482,35889e44cd73b23960b6a95ca30adb18,ceee951a1c157bb3c86d50408a993b74
4134,1483,ec3b07c75907baacbc78876736922457,56ec895f84b59eb077807268499c9be3
4137,1484,5b9a0ac7bfa344e384aa5c5553aeb6ba,dbd29680e49cbf204d558a4165918a77
4140,1485,27ab0cbc70b309576a6e2324a4463594,c4b935d8210aad01713056fdb52d445b
4141,1486,1054e025430996c7b3b3e9da3a2ec1e1,5c65d7b1e241294392600b58931cc95d
4144,1487,dc52d546fa055265c7fd5b8edc2fb772,96f7851eb97a002680a3a6b575ef1511
4146,1488,67a8a2bb66799a0142da62e9d39200c0,73c5370926fb5a071e7887a193353f66
4147,1489,1e3578b8c84082d6dcf562c7f360b81f,5afc14128a7d7eef8b447b6ddc40ac2c
4151,1490,9e9a9fc26829238455c5c5d05ccd0066,ddeef763444a9557b647610fc7f76167
4157,1491,c685d659dc94f48e55ac372bbab46889,d67964944b39d5909a067ac4e64fbff3
4159,1492,a9c016f4a9266c35fe9f86a8c931fead,a97bc8d9e74aed2e82e82dad0132cec0
4164,1493,247df8e105c1b1c14792ca579f410292,e1d30201fe088ce1ae7af436d3e8ebdb
4168,1494,ccd442d03e6bb122b0f45a3bf74b13ee,b4b7dad7275efd99e2bcffe68e232736
4170,1495,d00566a194ff87bb1b5a00a5c3b8be87,e92cad3c0fa3a00fd4fa86b471e15bdd
4176,1496,84d69c7acbad5664d25cd71b43e0fc4a,9c99e2d1c536f380a97eccc956cd6bc0
4177,1497,279971bce720b3f25416dad38edd084c,1e451e7a0098bbc69c83fd299b3ba05f
4183,1498,8dde7366298c5b69858db36ba10004c0,bf7c448477ad6ec8eec58ce8f59fa127
4184,1499,d2ca1265f8613c6a20039f4acad2ca4d,457656d328c967d87bd981b399bc5d2d
4188,1500,06b9d632a2e5e06975ce90c885eaabc4,0a0210ccc033de1f3e8f216924fc0004
4189,1501,c842992a38a6d74548181959fb7c0f66,3883a7376b0bacd55040e8c92e09bdcb
4193,1502,cd3c07ea6d1de7956da8dbb45521e46a,3b34aa146514f77db698501fb14ebbf2
4197,1503,55330134fbf146bf7f5d664d6b206ac3,f788d83193922550b7ae6affbeb89cc4
4205,1504,9ebaed07d3dfa8096c88e1c83e3c240d,5aeff0bf810957d72cb27b7c4b583e22
4210,1505,a546fe1baa97e975733b4684d3a51654,bb7be04a28ae7809505bdca02843ecca
4211,1506,85f7abc2ecb1a432b7ddca13c834778f,84ffae7e25f711cf650022a3d3bbfd36
4213,1507,16c0b1b4d8828345055f29eb638cd625,073c153a5a307b4ff681ecd597122165
4214,1508,ea189dfca754c452639813a2cc7af577,63acd89894f1fa9cc909d32c916b9beb
4216,1509,11c885bee51e481fa6dcf1d8626562f7,9037d5f9540cce070f2073a3f510451c
4219,1510,a3993171560bb2bf73622693412f3fbf,e7c7c3b45e04735e12f0018811cf2c34
4220,1511,f4763a09ede4942776e777c4e9705340,39ecb046b1120cb8e405921348885603
4226,1512,770c5acf4a5df9b58cb3c5734b2825a5,4e9a6dccd0ec63ae71e523bb0ffc764f
4228,1513,7022089f6cb5a415a2c56a42fedb2d60,b7dd5f6ca8794ccfe1bebe03fbe62a51
4230,1514,f4f72fe8a3a2cba06b42e78e186c0a3a,f3615ca41b69516efeea9d82d0f5f780
4231,1515,04d8c365201f7330d7c5e9f95af80f75,a0b59944aa8eefdb7a73ed6d317bf069
4232,1516,697cb53264f1f7b01777c8ef715fbc91,d86b64d392e25839e58c4cbfd8279e2e
4233,1517,af5ac6fb7b1af5c9955550624a30b92c,4d0bb7d1cc15717b8a98482034102cfc
4236,1518,cca215d38f8f33fea8616ab73ad21459,28f8939468c3c2dc3de349d83fef642e
4238,1519,74fa6a29b237359c38839c044029c944,8413fef04fc241e20ee6c1c737b820d6
4239,1520,51458005eee4a2ecc3499988303f80ba,efc34f5d4e8c9ff9387fa7a7738342fd
4240,1521,5ae2d80f35e777b0aa62ea2e33c9ef35,38b3fdefe2e39df970381b5859657fe1
4242,1522,1e9812d724b5fe222c8e5eaabeea2a81,5542ebf1c23d4fea74d00728b40d1854
4243,1523,44dc229a57ddc75644e8b71cba20b903,a09c5f1308d1cd84d02f4aaf08b601aa
4244,1524,5e504690080de58cb59b12e9e262f38d,b2093222ee19f4b57f8e9bc070cef203
4248,1525,747037fe68429ee4b42714a0f0c9f15e,dcc911486728d97a32e240bdbee4793b
4253,1526,1360b03ae155f54f9d8ca2e7d172df13,a2831942c08671e7ad9a0083988b409b
4256,1527,656409140f1912d8cb992c7224de9a1e,1f82334e8290d3d9fa8b7859cc3cd981
4260,1528,b54e047ce8c0163fde81d788e3bcdc3c,6ea6d07725620e3d6a28a9a582d48d1f
4263,1529,9e49407d2e3dd490b11c484e878f646e,7609289b80b5824ade2fdba586c08115
4264,1530,041fa5ff083f6fd929b4849c5ad7128c,0091acb25b42750d1480def502fa83d9
4265,1531,3d756d3c97c1b54b4c89cb7ad2cd3e7a,8262967b6bed395afe494f6f03886123
4278,1532,c6ce5160eadbdb34ddf735a9f25435bd,bfa636d12bbfb3ee54386f2bd3487fed
4279,1533,c624aa69a4b2bf48841dc9e801f5e05c,71bf6cfa775c4236ccab8b9451928c5d
4282,1534,42b653ee9ed3ebf673ef244d934377d3,bb606d57039230e1e3e714b991f00a91
4284,1535,9bbfb87a065f2dea143127b5db4ee946,5980de38a387403cc18bf61295bfd4e1
4285,1536,1cb5a53608c347300084ffc86cc33800,88f282a88458c7d2ac4d514510d94a78
4286,1537,e48da18cb44699a0a926dd15e0155e3c,6001ac4148c4ea5e2a7762bf47916d35
4287,1538,e40845ff217501358a06606a25190e19,6bac2d57b341b3f962d93bc5ac84566e
4290,1539,6cf04054df1be447c51e9575a793d2ed,7955babce4caab49c36a3423c11ad269
4292,1540,f03dd8caa1d7fab1e9e1cf4c04344b0e,0a667936f21780bd66c37ff12f74e5ac
4297,1541,9cc33ca7095954f1b380ca45b4a1415f,6881e9fcd89b9bc0aa939e7fb66fe08c
4300,1542,34602622987280880b3abf76b7f2d336,6bdd631e7481ec9b1a123ba87ae62430
4303,1543,850cc89422df5c6f0886fa7b3d6e9b62,c0ec1c88e34c509378cf1b3c44b616e7
4305,1544,5f96168b2a6ec4ce1df53554214fe4fc,ea25d284af15f34fffc8b6d7becbd834
4308,1545,2f6795c199fc0a8582ccf6dc33333233,60fd22950da93dc75cbbb50084f1ca24
4312,1546,64d98702d93efe2f62617da5cf1a9a4a,5a59906b9a37ebcc24fe920212271c89
4314,1547,3aa577086ad20b7b94caff30b33cd36d,e8877ee71aefebbbe42c218661786124
4315,1548,0803500c122684f5fbbe301f63af12d8,11518a778914448bec1b926829b53566
4322,1549,9fc59f2629d90533c13a7ccb3a0fb80b,1fa03eab743a712d4d8c6ed9a9c77749
4325,1550,ea16389b1bcaa3a4c2d30c798d48aca5,72fe9bd976433fa5177c4e20813c24dc
4326,1551,630f7fe36983ea6f16cbb7c3a0ed2451,40a0ba881d6cee18fce92f9dffe3fa33
4327,1552,04aaf5e2c9a7c40619d699e23742f0d9,85c2c256f7467a2f97633f3c7258cef3
4329,1553,cc5976b6eeef6d5b5329292f3bbd6581,bbaad92616fb2f965821d958844cf983
4333,1554,50662eddde9bc9675915943455b3fbb3,65dab5f4d530f5a1b3e5d07daa76d95d
4338,1555,58653c745feffc14793192054333e9f6,8ad4d35ed4f19f20299e9d9aafd2c977
4343,1556,aa7bf43bbe051832032b294db623447e,3c611e7feef29cdb8251ad1e85a18b33
4347,1557,ef9cac3cb55a306022fec5311e669204,2ffbfd0b7909e57ab4a239686a5ca4ae
4348,1558,eeae250823936b134c45d903d22b6797,1833b786022ef4253449318c63283d77
4352,1559,5911301fd5c063bc3bfeb58835b97241,c8f721c6aea8fd5cbeb20bd74ec6705e
4353,1560,e9ce529b4d16c8c7ee30659170bc88c6,6a55cffddcd5544e543cfef07c86b494
4355,1561,ad4d84b112aef1e4f45b8074d12f722b,472bb8e2c5f55db96d5918fc17e16d9c
4359,1562,742b21020bf4781a466fd66ac1e3dc98,192f38c7502881f256e0d99889de8abe
4360,1563,2b586cb3922871d72fba1911ad6ac1c1,c1763742d8259a8273d419cadb764437
4362,1564,75d5dd46bbbe2ad9c55bb188910058f9,d11459281e9463b04db2c8b6650d87d3
4363,1565,1bd74a994453aa157ca0883c44c6133e,8a2182172be2565dc12e6febd3a96a0f
4364,1566,f683e71a7ba08ee2f6c7f263125187aa,865abd3146fbf85fafe3d43eea2d3cc4
4367,1567,e63cd7214451875500f289fe4cfa704e,b9a02d1e1fcdb076cd73b222e76d80da
4368,1568,c6b03331ae85e35d76122a1ce030fb7a,688b475f5da2ae966a345fc597505e70
4369,1569,7d87def5796241df504e57f67cbe248a,bc6977cf7a296c04a5acf77f8b865696
4372,1570,da07ad0b3991938dd47c5a45db52dcf5,19b7d638d6812b2bc0c3572db3bab7a4
4375,1571,2a90ff4680d4c6503295c476ae970d63,6b0e7ca0495b16adc4f87d62f687bb24
4376,1572,0c8be8d3cbcc9283309d5bfa03c26c6f,1c982203b067a32865cbb34132043bdb
4382,1573,50ea9e5f814e61d23288c84eea2570b4,14afc69a20063d55ce9562d641c9a7f2
4383,1574,f10dd84a7b22dbb1bec176192cbf2ecc,7b217bfc1310ede722a6055057bd1447
4384,1575,0d90a171aecb2c107dcba3813ee40b48,b4003fc798f8621a4acff6c247a2086f
4388,1576,18431f50753170e199ef1c5efca24e7a,9434f794067338f630689519f5ae4ba3
4390,1577,a220c8311fcdbf8caa3930d83f5669a7,35c6ac6dc8e390e95674aa9f1d49316f
4392,1578,3851f0ad143e453205f8c2a81cf4cd90,b598ce9e91095ba6fec17f5134dd6454
4394,1579,643133477d41b164031579aab91da3d6,a923f57bd4fb6e0928e97d0e7c42570a
4399,1580,2f6bc535965aed844e6c1c6c85ea60f4,141582a89760cef2a4a66c6c4789953a
4400,1581,4246538952be800a95e4efde8b9a6f2c,2cf010d5cc784ce702dca1c1179bdefb
4402,1582,39fac658db206bf46e23614c329e2990,c057ee1d870c1d3231985595f1dde2aa
4404,1583,8845b7838b821608d1bd9091b775e076,aa862b46d630c85a8a81a35039fd618b
4407,1584,5e6b5d9180fa2633e1d67ae2f3385004,5d2d654b46123be84d06424d03aee238
4409,1585,33ce51a3ce439bbdb1d788e6a5c7fefb,f2a17207b69aca0d7111cf8357754b20
4413,1586,7552abe258d72c5222ea3a6ebbf1c497,719a4f47102c9b68bf565986a8cd37cc
4414,1587,e01dd87fb8d76e8288686b6ee3b588b5,ebbbc5b0e6c9502f9bae4c59e539a3e4
4415,1588,ca93c65d95386eb0d044fe581012d197,81fe8d87a91c7afde7ab7fe7500d2f0b
4416,1589,c54d549571e239ffbb5e70a9d2eb0ab7,100ba959acf1a413052396f7db1dccdc
4426,1590,a9619e035b6d1daf4186ea20516005a3,b1d066465ad4df2599446023f1b6e0eb
4427,1591,3db0c64856efed3b7edefbcaf0c239ad,60f9a181ba705f4e48455ae98d3f0de9
4429,1592,03e68037cec8ed8969d1b6cb9fb77a44,813f8b79fb652834d3033e1a143f586a
4432,1593,14621140f8f36e86367a281612c8a03b,42403922ad47b0479c7bec7cf4a80937
4435,1594,0a5f1079f38c36c138f6932ebb9d3436,4e30c569c58e26b4f208d8c4116b1f3c
4436,1595,dbd5a79df04cc348c18e7e9288e9bcfe,dc3852ff151f72fce8db5df43088f501
4441,1596,288268b85057bdb29ba36439d5e9a5e6,acf4d06e8390b20ecb63d2ec1f465943
4442,1597,d13809b8a116500547febbf8ba8ab6eb,2232f79b4d785cefb9181850a4ad3915
4451,1598,b1363c156cfe0319155a17d08113648b,6658a588efdf3695fdb97d0f815c55b7
4452,1599,d0887aca963da072aec29b27f6e1b64e,be574d810ae67034f1c991d6bf54c1c4
4460,1600,f1144513e282dfa7b900cff747cda7e3,4785b72766e32509b08857632b018173
4462,1601,3d49ae77b31262b6537cf036696fefef,3f14504a4548e1c6931c7cdf12b4764d
4464,1602,f5ddc4f0f2fc322a1642a8a1782bb031,fccee24d7055ca6a80b355160af158b2
4465,1603,3eee7ea22e8e748bbbc9038ef3cb3bc9,83abda43955a112d426baf6fa9f7881d
4466,1604,fe2a41e4c67521241c6a0c710878febd,28a2463fbeccfb9b185ceaa047775153
4467,1605,35a96cfaa11c20f82a1adcbcae0df1bf,36671a42d87bbd3d32391de847b6d2fe
4470,1606,62cd9d9e73de60593041a301ef55dbaf,a3cbefcd2ce620dcb13b8ae42e7b7837
4472,1607,762ab4a58c119a90acbc0ac656e43c54,d9f131625a737a363e4d0c943e431b13
4474,1608,38bf37bb1a3466930ebba6c6c1e39e5c,305bce5c872d15ddd7cd6607ca82e6b5
4477,1609,e1906cd11b5e997629b1b7dbcc938755,433ae8c273bef0db929d3a54e9fea548
4478,1610,87fc4a6f1a30198a9147917e1c3ef4db,29226211154ef0893a4156b5c40a98d9
4481,1611,8d3726d16aef364baf01521de3b684c0,10db2a29ddc18be0d7b65ccf6397e34f
4484,1612,0d3b2dbc3b1df82b33bfa31628ace8d4,3801df0f6a73a12ef313786fa146b61a
4489,1613,4a54d925d264bd5b6907cd0a45fff986,2cb142e376a5cd909ca6cbe132fe01ab
4492,1614,ea05aba31adab0bf473b12e2df4a8c18,ef08f5670173da891bba5d69b9d97ae3
4493,1615,2d39baf38ccdc0622468b84e52e709a7,b2f2f02858c7e941448425ab351c80b7
4495,1616,5aa4080640feacd49d385810f69c291a,27ec1fac06282be75a1995220e5fbd8b
4500,1617,44041a9493d0cd314b514b00fe73c74f,6d8249010401ca780bebff8061a69f6b
4503,1618,e3f286acb624fe5eff00e2679405b998,d34bf8fa108c7ba7da1456f19a7d73a3
4504,1619,1646c5b5f84b66065146ddc841442a25,07e28e3a85ee285daa1a75b470b111a2
4505,1620,280c815bb1bb09e268300b45cf89e894,8bc40bf4747a6bfaf36ebb00d8309d10
4509,1621,9efda2cb4f38e34f2d2aeead92e67e40,9e431f435135d59f0e961df91d11c970
4511,1622,df7490066c0ec6df01f358729cbae2ad,eb26ccaf7481ab7786f8a356ba26b40b
4516,1623,474d148c38fb73ad648404033b6a79e7,571fd88179a716b9bce5a391f61af20f
4517,1624,873bdd186bc51fb40a853a955edde39a,2091ab6b5e487f0e9c871a7307929a6c
4519,1625,597893661611e14de33ae69f19694225,d18c344c390557882ed6febaf256341d
4520,1626,a31fd2dfe757d338e349f81630a5b022,e1bdbb022193b49852498058f4843759
4521,1627,53def375f9a5d0bd604ff96375972457,b9b942744424aadaaf02863fb6e0e918
4522,1628,7799278d3d04326fb0ece8fac827202c,4d030fac2ee00530ac258283c9986145
4525,1629,61e238f65c8c922177f50ef851cb92ba,c1b8d39a0146dc4bcc4d4b23f7db3c08
4526,1630,8a6709256439c08638edb8afc49fb704,78acdab6902fb1f241d3661216b0ca81
4527,1631,9d19669590066f1e88f81c31d02f3b20,e1eb5ee4fac29a30d7beb2b7d7978f8d
4528,1632,95dd61e4a44741a0e780dcb898f5fe4c,e556e871a775979c81b28bdbfa0ea00b
4529,1633,3b9f7a0ce9ca178664bbf6430dffbcd1,b84b8bd1bd03fe8a5cc2db8f50a3501f
4532,1634,f60f3792db20692264685295952d6446,ae2348143e78b16e192bba6bd38b3bd0
4533,1635,f55f2a2918b528cce5a65457e111943d,3c9568bfa0da15c19f79d646bc6ace1a
4534,1636,954426ad97430b14fa558e1aadae287a,0ff7e802c52e576c96093d08a642cd31
4536,1637,7c2a2c2dd4c3be9fa5f020500c35ebfd,f1c97fdef2e698cdf2c83b110a1375e7
4540,1638,322762d9d29ba7bbde97e9a3ad067d77,2470c3005657ef93be180ac01e668d60
4543,1639,ddb15c0d845444fc60a6e869c5b3183a,a6406a2edeecb23ccda76aee623bd11b
4546,1640,7bc53fd32b1294853ccc61bc36269fbd,86dc7375b194cfd1c1f4dad839fc354c
4547,1641,0682295f6ed4617d31386ed4b4ed5bb7,68b08b848e25bcbc695bc9ffece3d101
4551,1642,16bd0848dada6ed82858059dcf4a7f70,922a198b0a360f71059b2a8f0f67d5d2
4552,1643,1ee65fba266a7b4d4aeb574387d909ed,c4a67d682f547bae36c44fbb56dec178
4554,1644,338835b708e7add931e56cb24e36b9b9,d12dfc7514c4e5bb0edd05cbd259c981
4555,1645,15f4aa82413c3227c1feeb5d2f70418a,3286dbef97bf149d5380ba0902a94336
4557,1646,5bed13ec2803e24f58c1c5ccc88fcd9e,53fe7f9a9fe06bac9eaa586e47234240
4559,1647,39f6d5ee42b419ad6fd3012f0a54b383,e6797f59fc1225840959b59b405aa009
4560,1648,c72856b0f0c6f161f0c82ae7158fffd3,6e993aec610b14fd667c126b145ce1f5
4563,1649,3fb57cbcc96b221a9b11b76edba581f1,4e20ad972bd1e07801e4f1593fa8f7a2
4566,1650,e121e985afe603ae4d9fd688528a5096,8e5dd605e8c5460f22e0816d2dc7c1a7
4568,1651,571a193854d4206c4610e2709df6dbf4,1d332f14ece606ab85cad98b9fabaf18
4570,1652,c656a32ddf13723a4dc950684b2829d4,f8705b8e7ab649d323c7398aa21b9b14
4574,1653,a82b6bbd19ed3252e0e0df59f51ff08f,ff82861855a7cfb4926f47ccbbf5b574
4576,1654,f54d0f455e424727be147d185bb974d6,eb93a0b10288b83f24d85beb49af6bb5
4578,1655,1f5b7b6965f31350ba1606cb35f7b237,c59a30f2c87f5c28f044959866457041
4583,1656,93299da1fa786db0c347bc988fa2efff,093b54a1d55309fab50ca7a120a50b97
4589,1657,fc7dc7f5023365e914b0d8da9e14caac,fe6166d20b2997b4fb28615b3f07ff76
4592,1658,11e64c3455fef1a302544c75e9d0562a,719495a6f1fc7c58ab80786a6beb1375
4594,1659,32f7b691363836480d1515419ac393ad,ee6f0c4a310ec6072f0fcfa90248b70f
4598,1660,79b997176a8f36f03d5cdfc1aec3243d,71d9fb8a22ba4d83b11399856b7c46fd
4603,1661,d140d154a676dede58e23f1e03ce2fa6,821531b180fb68432c3b62ffb247dd0d
4609,1662,1daa0a5a9be77020ba5d50dc0037f3c8,7e920232f4052735ea482d5791ad4cf8
4610,1663,d722d03da469dbb55dc58ea99a2c8b07,8e2e29e9f3a11b8c4cfef507bc3ee496
4611,1664,f082bbcc8f69648168f49f56fa184523,f833f114918f2221d0be4cdea98d0b50
4615,1665,ddffc047a99328543faa54c2465ee91d,0d9909358e64d0f3381fcb2cb97f11c8
4618,1666,3d7d08f5170aa1296c5938194a0747b6,31190e55a0cefad3744cafa0cdf6bae7
4620,1667,1141bc47892732d3166701a71c8cdd52,87c24b99d4547cfd257d837726ca4165
4621,1668,1a7e7c26137846c358a170259317e716,2c6d142e7d220853389ad0d2e4a16669
4622,1669,14eaae26469f72ded53f277e936d1dad,60048b9f0a3b66de927a6dea4c4c8e9e
4624,1670,45dd8b93e8b9d4f562be17657bd220e7,69b0ccdf09e5c46fcb6ee6846bbb9e6f
4625,1671,2fb6142611976238e5a540304c77b275,e9d1d551d2efdb32aa6116d092445389
4631,1672,4755d37842d47fe7fb82bf0cd0998d42,df524355c428a7a35c3aae7343df54ef
4634,1673,145609e7e2bf3db6c2a9ad8905f93824,d5a2ebdd285a6b94df35d845b4d805d9
4635,1674,bdbc676767daf80f4b16162739d48909,90565d52ee66270cdeea0ee8cfa17926
4636,1675,6c06c9a989a6b51a722c04bc99483c45,477939560603773fc352d8d048b85f35
4638,1676,292402591022e9b432bc62b3c9e7a061,2487a985d24e722176c097e1ea2735ba
4640,1677,623ad81cd78d582f0136dc816db94126,f1174e53038cac1246726a945f4bf327
4641,1678,4ffe97537a88f4a3ac0b6a933555a51b,5d3c192a5f1fae35cc908722dafe3594
4642,1679,b9bcf068c2a45083433c7107f2615e5e,bcc7b0c443ea0fe87b00fef911c5fbb2
4644,1680,89cff887ad57eda3530c3f59be3517ca,4cc5b8be0d4e85b7fa5ff576ed6fd797
4647,1681,bf33a64a71ce6e66c05b46ed8ec5a37b,1cb33a5fa2323a71d3d3a3c6287cbbc6
4650,1682,7bbda7e250e82bd2e23efbc7801b4e11,26a67565b7b0cb794193972012c76f97
4653,1683,82ca422504592e632196b692849a3a41,2ec96761c4e0ed00868ee9f59f5c2e6e
4659,1684,0554b7ebca93308d5e47aa42c54c786a,f1118b31e9b1b90267be5453d26072ac
4665,1685,bac4bd1397f4a0055e437ce87224278a,d620321fb009001a1f2878f1c3a56897
4669,1686,a4c8bd428c13ebfd01f860a124641aeb,8f4c921e9aa01d5face81dd7139d67cf
4674,1687,68d5104c9ac26f9febea1f83b014fcc5,20adb3e8048093b4b3f8ddc1f6027c11
4676,1688,fcfd6a91be98cb058d0c92115c5d046a,326ef3b03a68c80443bc5dac7c092846
4677,1689,4148e0ba0240c91a70a0827492372038,1e9b3b6d040a59e1c1f9ef501a3dc213
4680,1690,714646b0dfa1ff01a5252e7aea946302,ff07e69594bd1c17e58f02c32497bbdc
4681,1691,72812dece8dcefa484a905b0105fabbf,adefbd1dc291dfb9f5d8771718e43f57
4682,1692,42ae04644be07a655901a6450c193ceb,63707911c31090c9cbc0fabe3e90d42e
4684,1693,0970f734361fd9f74ec01b37e1b0c3cc,486be614b81ab3985d246a3ce9a1eae5
4685,1694,38e3dd1c758603d8acedb9642a774e77,d19cba2d5a0cc4b1ba5f45b2bc07a7fd
4686,1695,d71dde263176e5d43914f58fb3165f2f,928b6ba8944412270c36ecb7033cfef7
4688,1696,0a04cec762a86b5a8aae9c6207e6f9df,68cf1f649ec3461934e16850b8059788
4693,1697,ea34652015da48608ce088bba62d5d01,e54f6ac41d792f5fd8d6121233ca5624
4695,1698,865167866aac870a2c40a125d6a42ed4,c4e3c377cbdaa501d5146f341f879b2e
4699,1699,f2554297c15e5030998135fe2b060834,9a11e5f616c1687f3ba1212255cb9dce
4704,1700,a7a3e5a44fc8b949f48bb4434b005e0d,ece3779e29783aa5e8fa6a4c7d3933fe
4708,1701,4888fefceaaddaceba9aefe54c48abe0,cb61a3058b24406b5d662a178d7a1026
4710,1702,b84b86096e6b3a7d1fbbe7be9223f105,c53475bcafd8991c52ae7def8c6fe6ff
4713,1703,af52181ed08187539fec177595d040e7,b00968fbd476b4c3a210fe2b55af4daf
4716,1704,e1ada5419a2bf24e7b5a126f0044e493,324a646b7643401b7a31c11591014e3f
4725,1705,ce59240836a5eb6c0be94e301f244966,76177c896ce0dcdcfad89da666911675
4735,1706,ff03afe95a4bbd3ae65af367ed573e76,adcdb013d7b65a260ea8a1007053ee58
4738,1707,9d1395bba3307463a9d718ddf83a93e8,a270dd7ff776425f33dfc22419779b7d
4740,1708,eb03fabaea077192ab445f3dca5c176a,d8968df44d22fff019eae1fda339fae4
4741,1709,d766818421313b11de624eda461278fd,d8d0ab4d2122722b5afe4dec843aaebb
4746,1710,a3f5f2a0f06e1c4902f885580e033b26,a5618fb4297a6e34dff966b172cc5eed
4748,1711,f350690e765d35bff4488f8a67717d2f,65d7c5d7a5fdcdf84be6c883b8665a3e
4750,1712,30f7930bdfd5c907460434d22770f6d2,6b127ab115e722f089dd62386f6afd31
4751,1713,7daf742917dbadffb9513e9bfa23a472,73b4e591b8440d7146c09fbf95a7244d
4753,1714,a58c0f238a9531acf281f50c85998733,e488a35f6efb9e1191954d5edf929888
4755,1715,c42f47d39fbc57afef186e7bb96e2a2f,45ffbe5e838795cdc93d3232e84f70e0
4756,1716,896461fa5e6fbd4cff8a8365f1699668,e7e8079a22ba288ad5b1398a633cda47
4757,1717,aaa92f0db928a3e11838761c0fbc13e2,0f409f395fb7acd631aa1774107eec3d
4768,1718,f1938e07561c8558888a7f83927e2687,fd5b0bc4b707e31359cf89012fb088ab
4771,1719,a172f5aca2e146905dd8fd72a7afdfb9,8ff05c7b6bcaed41a3f71143d3de70c6
4773,1720,e33420f524ded54ddd7ca138897c246c,5c973adbde218b652756c9c394680cf9
4774,1721,e21e710e5eb9f5c7df0e2525aade30e4,e486b8d1bb3d3600670eef1d8a818e81
4778,1722,664ed341290a51542dd4df2ea32f6ac1,3e2fc16f8eda67027d2f26dbb2770028
4780,1723,bebde58712599b3b160bab8d0ae80323,9da488d4f19ce346041764c4ede9d2e9
4781,1724,5980de388d55a0b33f198e6abb2f381d,a19f65847755858d06fcad7e8430fb7a
4782,1725,2fc5078aa38afc9bf6384a11c1e33d5b,da7765f2ca8d14e9fac9ff8a502da3dc
4786,1726,2bb35241135f92a20a7459bcd14773de,b4e04d3aa92b143285de7f5e41576b41
4789,1727,b220278c483886b93e332b71b693f828,357355b1d511e1d1dfd658551ad305e2
4793,1728,cfea4e2223a5d497cb8c0f57d45c4c19,0999c23f3ba5f64fce3c33bf64295077
4796,1729,a1ef6fa747dd12c20d9b8ab6361f356c,a5426f8183da6acaf7818716f9ff72fe
4798,1730,bc02a58e81cba3fc944337e6d47f50d2,f08ed0f7034a68c54fe2b1160d4e81c6
4800,1731,dbeeb108c52e54c9067058dc84d0902b,14a63af04dc270e893aabdf9a2eb9dd1
4804,1732,0f76b3807a2da7ec7acfc4b9f1752dab,d8b021eff59e7c011465b4fc15beeb19
4805,1733,6ad206a1b9fcca269c86a2d280936770,d7060117d8efb2960ca7219f6861122a
4806,1734,d12cb7661f7ec12b7b6b249438ad7239,d611e18eaa3add20f7e3b8b7691154f3
4807,1735,75b041b2a978e1084276f2b8071b2b31,4bbca2666aa792cd43cabfca693e3ec7
4817,1736,9df212a63dfcf712aed21b0a5d50c42d,f4fae9f4bd1d7601098cf0604f08d003
4821,1737,13baa08e8766e4e334bea83458b7ea47,25d879b5c090f78a663ac1ec92c1f851
4823,1738,f39e8fe67bfa13d10480143eaf03adcf,aa32231e953bef312b6c5dee2fe180a7
4824,1739,09f9b1e6ce8a6caf0b0b9d63c0c9b547,e3acc5c3a12d196a5710eb702fcd1ae4
4837,1740,776b086a50d998702a0302f8ebfa3224,f03e5ca14df2df8423cce94840f70525
4838,1741,4f16a80b2d7199d168e7b18dddba507a,a570bb4283dd23a43be13ee97560347d
4841,1742,a3aeec2533c1c31f4dd7f9a24ab35c7d,89562019831fdbb3119e39f8ed1a687d
4842,1743,69705db42ea8a9cfd13ed44ed0891148,518e62de860a8916a5eeabed865ad87c
4846,1744,73ab215993cbcf8c077d35433e566029,c62b567e6d186c8cd8b56fb73b5c7701
4855,1745,ca02ab14613eee7f0a768fa451afdfd2,35b4fb612183f25ba7c06edb2ce218be
4856,1746,34ef974c78aa99701682b64512e58858,cdec8ecf5f5c5566f437de47092d92a7
4857,1747,c5bf092010d97b4322744738163b8385,ceecab16f59e36350c404da5a3ac2a66
4858,1748,b60bbd2689aaff94796bd6ddbc49f650,c8a916963524fde8d6070851005e6d52
4859,1749,0c4367c4a8bfb1c95bce5a3ae5dee00d,a8d678d0fd8d4273477909dba1ea400e
4860,1750,e2a2417b364836fa1c5f0a6023a54e35,afcffccc119469e63d2ee0b5edc20c29
4861,1751,50513b861605d6ac10edc6e36e78a59a,c1df51f9ef35e1a8aa0b110dbacdc7cf
4869,1752,730c8a6780669db72c2c01c848e0b9d2,b0738b0b3b566c8f419882d837d64091
4873,1753,424da1880a39d2424c1fd0d6ce7767a3,7d88eaaad7160df6bd396685a62c32ba
4875,1754,208062a967ccfbfcbd9583045ef2c9a2,ffe226a5414e161533dda21354744a92
4877,1755,77d88fdb2f0fb999132b1cb7d864f994,1bb9d844aa63a0b03c2ecd0d2967351c
4878,1756,4e83c94257ef8f6527e870d6622a0f54,c37a926cc3e9050b99ff948c898e6511
4880,1757,12a142f8da9e9e32b3d65e0d68c5a6d6,7485bb8b3ea78cfdb01ca18c62575620
4882,1758,629acf3c5e7b369bd6cf92d898dd1fbf,27a4534aea6342949667b69f94cf7148
4888,1759,0a07392dc4be64a46cf666d2c4497af6,5660b91fa09b9212c0c9a3e361a44c79
4891,1760,1013a589da068035251eaec1691296cf,a1265a69434608ed00dbcce216ab1c82
4893,1761,9f1ee7efe0a4688e73842d6cef7208ce,d1c9bed6a54ff2680a6c7ed53643e02d
4897,1762,db6ddc271c379c40919403b9a1bce821,4ace0d9e24f2cefce70798cdf2ce3996
4899,1763,db16d61acc27ec9b375c26a53b785e82,547b128e28701379dfef4617b65fc615
4902,1764,0302a5a66f44b00137fd7423d6e52c0a,90ea007d5987445c155b7caad1fb40b4
4904,1765,f4b9fbc69f033e11c9fabd5be0038d27,7aaf027d60f4f65e21dfa807a6dfef9c
4906,1766,35e8dc1f83f84ff692c18e3ad7305f8e,52c0aa589a1ec9bd0018c689be28bf3e
4911,1767,bb38145e8f8040444d2f662ed3ba80f6,44abe85b86816494ccd864584da35ae9
4913,1768,1f702eab0c63d3bc18462c569471f399,127933d4349871556c6c1e302f47be7b
4915,1769,b2cd9b6b82cac9a34ebc5609d621b595,0ce933f4efa93241658c4c849afd8493
4917,1770,0ef627064f82306329b4d262ea75d4f0,46930757777695c578cec58a8b7447bb
4918,1771,608d2d5c07a7c9769590cd95027d0810,14f4c114c7350adf6e27ef1e3f4168c3
4919,1772,55fb2070672a9e6b76d8b13e39d26c19,ccfd8f9b4cfa73f90bf08989011acf9a
4925,1773,2c25097624a8dff3adfa16294cf33e30,9f395ae4517801ac0c1a98d014e7a7d2
4928,1774,b409e11b92095fa66603954e47a89125,7f5ac8ac33a1bfa1a12d1dc8e13e945a
4931,1775,a436dd26e605b93169783e5b42b54b20,31a25e4d5e1419c730b104a4eaea20b4
4933,1776,6250c9969098d93c9c1ace323aed552b,aba5b93d801833a6c3bd9efc95a7a04f
4934,1777,093fe5d28a06ca47903754ca6d4e8266,2658d280b10d674a2bd31af44b79481c
4939,1778,f9f8a18002320a239412014526df8d27,5c69e4ee3cdc8f2e203183014f0ae638
4940,1779,c2aea86bfad452f53d219ad0c3a72fac,661a62c766feeb7d4984ce92f6427949
4942,1780,ad224bdacc597a78f33ab969028e28b1,803b79f585b006b850580690eafe7087
4943,1781,8873912d9fdec5541cdfc6ac437be0fe,bb7d9385673eadeeddc2824cc7c5cd1f
4947,1782,d6e2d09bbaf5fe7938751fa1c5169a29,8720d1382c6357bdff343711c7a2fed9
4951,1783,b41be8b2aac5d456c0d2896c4563bbe0,70d808a531be6e8bacc06e85f5674d33
4957,1784,6ba83436bec247f7f7da8242afc265fa,22abf532d81a4cb56f9919e1cdf9ceb9
4961,1785,dcf726a06816c201d6a6aab0f56b1bd9,467bf27b4073d3a35664b194175279b6
4964,1786,11b0c6a3180a7d4982810125b1ec5987,3cb5b24e61ced082501cf0d6b8da28bf
4969,1787,e367f26be3cd8f5293a8bdb45c20e8c6,204fd6dff2d2db88cec4162da7955e16
4970,1788,1b59143a9b0b8a0210c81708ad13f8ce,25344e80e6bc6f0d8d5ef9a23653e55a
4977,1789,bc566bebc5e190514304f6e9170fa6a8,833a53ee41a0ac9f8a3faebc5b5fe859
4979,1790,48f92d4a676d5843a1543c532d436e40,5a03b238c6c22b0a88760dc73cb9327e
4987,1791,b89f33054f887e19ceb60def07cd998e,ec52d0a327d13edb0d9a16b62001f7e5
4991,1792,aa9415cfe93a359c53d7a29588bd1899,a3967a7c68132c2d9a2258afc32dbb7d
4992,1793,c5d6f18ed4350ec1ec0841de719c628d,93f8f232e8d35d7fcb63de99b08c7477
4996,1794,0d4505e92f374aad94627e34e1fd66de,3a7f6c1cd3dbc737162910394f324e4a
4997,1795,09e8ce3ee0dd13ae44db694a7f056b37,9cd7d8f8c3df9875cb013d0adab0c0fc
4998,1796,372c2beec175520c43f6cdef49766019,8fa550d75e212bd398985ecb74647207
5002,1797,870c8b51de556eb8fdc047b39f9004b1,3aea2d4828c8d3918cdb7f1a3c823f36
5006,1798,4308dbfec4ad241454465c7c060ca75b,2c48646896cbc4c47fa15dca64c733eb
5007,1799,cbc710d75a2e44eea70aabbd1cacfac5,7699df2d45e46406265c735ae8ae6bb3
5012,1800,187e4a6da1ed3c2d4fc553e09f27526e,22d52a2537e6ebb6dd4a5a2d1fa49a6d
5013,1801,5dbf74e5f127f7a392907d926f9b062a,c0f6d9eadd7ea952e6aa25abc9d0d448
5016,1802,838dcd6d3821bbd8c19cba894bbd332f,dd004d508ec0132cc97bd3a5ad6d8981
5019,1803,2070b56455bfd5c3cfb0d41ed4200076,72b544b82717a70a160e7e03ece53ebc
5020,1804,d5bd7485ba837742d6b5b597b7f62128,16c14ca010bf068a44086f437aaa1bf8
5021,1805,31bb9b85351219fdc3221c31e387c280,e5fcd2731c8655f437f0a0f9ad8125b8
5027,1806,10c5a4e2040763a83f7a4b92a3e83476,07a67b4b8d64b49ce9e9fa111919a9ad
5029,1807,d4313fc4728d484e4f5053bb072ebb71,987b28b71f2e23208d85818445ccdb2f
5031,1808,81657db49a419feeb6dbd046935b36c0,6ddd7154c035b93f4b76d56b84217b0a
5037,1809,5782fae99d64da3ed16d17e08c93c5d5,b084de5be92974efc83a94267114f503
5038,1810,ac1a334126ddccd11cacfac27a98397e,f3e4f2281be5fbad82add58a9b24bba2
5039,1811,bb5af2b3413dee106b5a2c0e8510468c,bb08ed8f604868dcd67c09fd4d201040
5040,1812,cb10e4a7b3ccffd94763900a36c7eeb3,74dcc2136695b78f98c398e2b12d4e1b
5044,1813,66e1c7ccf4b1a9dfd3aee1e275b8c88d,b788af66a8a8986694149c2c60f80820
5048,1814,e1bf7fa8ba9b912213b6ccc144f0f2f2,1097b9b4dba71261848e85e178c746fe
5049,1815,11cb3b96896fe7ba93c7dd05672a2adc,cb44d0ce8d94d54d57fa6de42549e70e
5050,1816,8081fde0aa8892137125fdc1ea20b930,bb51c90bdda29907f05de18293a47147
5051,1817,98d1c410c0b3bd4e124b88637a127924,014b036f63ff6c7907306bbaee1a3122
5054,1818,3b1c9da840ee6ffca0774240f1aed95c,e8a41cec51158d4e59e8ff79a5f352f6
5055,1819,316406273e1dd0f1732eb42360462663,287e00f671a39e337e50968557f24ff4
5058,1820,65f044d92460ce7553bce35b0679e238,ade8e271db41ad380e0dca3e0f27672d
5059,1821,db2db54b5d4a29a9b34dc78caef6ab99,e16f0675d52acdb97fd261259171af59
5062,1822,c41f3e2a577d745fc7e3c9246810a458,aa080558d66acf034c34b094ab356f33
5063,1823,0a41b99e49c7c5921492124a56778fea,33b07e8fc8b84339934f86c40bc26afa
5069,1824,5aec4bf64513c2bacd82c4d0ff5f0f35,9967e2d484e7ebfd80d57c47cfcb1bb9
5070,1825,a8660ecd58c85f681ee93f224ed6f85d,2c43f8ec14a9fb5094064d575195d7e3
5073,1826,8aab02137243aa1e2c57c6e5f11fe1e3,48efb5527d0080b6cc1dc5ffa1d6cd66
5074,1827,b6a6729331f4d11633c5ccc4753df4ae,642216694d076d6c279d91a4553da08a
5076,1828,9f17d0412a5bde1e81b8e88358f0f911,07a9c92d10f80d100c87d015d5c3b9c2
5081,1829,ea5a442a694187e87db9b4bb77e55910,5ba4bee29396a0601a3098354d9c32b3
5082,1830,aaeee44b6c02bd9081943180c5115615,c56c5a349450c0bb83dd69ca140f4a59
5084,1831,6eefffe7e5ed5f2fa3957190894591ac,458561937a8c35acd2650e9c36c9fa81
5085,1832,c1efcb9ef4a6737e7db5d5cce4e088b1,2f1bcfdb4b2734d4eab86a187c4aa4d5
5089,1833,e639eab715415f0a161786a25f431f34,6753de89ed0b01ac224ea4c1b8709942
5090,1834,3302bf84fdfbbdc5fc21040ff8e27eef,e2dd54a1d53ea69740bef166260e0b96
5095,1835,2bd4a091a4094a72689c4428f560918d,fbe193381ee5503b7f04c0d2f3443402
5097,1836,dd501d1363a974826c465b30c9fe3c54,e819ee7b1b4859e5b97412019c055c4c
5102,1837,e07b702766d3ecca329aa0cd84a60f8b,34d138aab0d77d9734fb472bd4a86be8
5107,1838,08471b460ffe8502732f315c830a7380,36477e37d3f3ebc71ac6443d5969557f
5108,1839,4ceef1589769746c894cb403a1ca1824,00bee458f7a15526c55d1f262a8ce899
5109,1840,a64c9f385e1f468615b8a9f64aed968e,19bb01ef8510423d5910851345a4f6fa
5110,1841,149b4cd1bf6ba86fd8669aca6a811308,ab06e034cb96bf1c8cea52c2dca57eae
5111,1842,0b4a0f8b65e5833ffc7c53b2b5c93989,b8409a2086dfd397461e15c6ee77b8ec
5117,1843,2697afad996de2de24f3ec9b0bcf6a2c,658d2697d855261f9b858958390ad30b
5124,1844,bf8269e610589f26a81aeba80dc733ca,8996e81f1cd8148c50998c0b15f4bae0
5125,1845,8d225a219838109e1556efaa76ce874e,885a849fef081bf9116f8e7d2fd7f663
5130,1846,e3548857e7940d288eb6d6e4080781d3,ff19bf5cb976565db8da849b8c33c9ec
5133,1847,69c8cbce20ff1727532946b844079830,8c76ea6b40c4d71b4f6e7d09b3dd4ea0
5134,1848,c584add78d3b21c21aec302205f17033,00ef6cde31b71a967cef10e26aa7941f
5135,1849,5386408ea78093d401c500aec525193a,6fd6caf4c2b1df2e7aa23180e412840e
5136,1850,8ac109f857744cca27718c2fb27dbe7c,b7c7d5cf33bd3fd49aaaca2d0440062a
5139,1851,5bc209bd60e578cdfd8a64870de48795,27d732bd1eadf694e106f4856cfac246
5145,1852,1c08e3452119270218282f8c4097ecea,a98feeb8ccb14f246b8d96c6e3615a31
5148,1853,7f9796325558460e3eb433a3bc8cfe3d,f0c18bd77b1b62f761758288fa7545c4
5151,1854,124e538662a5d16a09cb53f5a5576a70,8fdd8053712f9801fe338fca0a8dc32f
5154,1855,4853c82b042826afbe03354a7ad8c8d2,924066a542fd756a9b4c38bb402b8fd0
5155,1856,b49865d93b6cae31ddfc00ec0a1b768c,b6122da70e6ad2fdec20dbd91ffdcbbb
5159,1857,6ad3887aa332350435b11172016722b3,1bc1a7861383fac4057d12274ca54275
5160,1858,4eb8560d91108831f2ae913be810a872,116cca7a58559f65a31774b72e15ae6b
5165,1859,4f25e564597d35420355c9d79f6547d9,d23b27405e2349ed497726a06548302c
5167,1860,f9472816fe81ae0aa16ec12d53fd4a05,dd366c8d37e4f4d85871abd41ce15a7f
5168,1861,587b8b0c458e6b85203cf38196686077,0c61faa45ec3dc8026bf4eedb431edef
5170,1862,d5746a032cf9526cb5250c68c94a3b99,105560a8499b00ec9e4515bf7a2e56cc
5172,1863,3f2a71d6c2fa95eda16b8b1ff1951a20,8897470f2ad5c2c147baa3cf842fb8c5
5173,1864,2f41ddfa55890b35ae441e8aa8022390,bae961c10319fb6a79e55ae623786b2a
5175,1865,8cbae8199f4028c78acf7b743b199fbc,e987986285e0061b9fbdaa45bfd52387
5179,1866,47f807fb6775b0ce859695f3c8c4a269,670bc8a1f1f6818b1ee9ffbf385c51eb
5180,1867,a58da7dac78d9c9ed0bff1ab19810806,d4fbe288a3094642fe9c48234367bd7b
5182,1868,aa4f66280b838ae8afa637ba898fa60c,4243d2884ca9b575e215a3e4e21c229d
5183,1869,465f2245515afc33ebf2398f552c3dbd,a10f296ea3a5d0cd82c65cc8b184835c
5188,1870,eaa9e554f925b11f73cf6a1ef5d71788,3f35bcc2a2543bff04b6fb430ae84b42
5191,1871,1418a32bd1c9259ce3685061fa94a6fd,211985051cc35c1071cb73840bf9a694
5193,1872,c6028d936eab39faca91e0c510bfd565,edd36b7783422bbbc4956ed639b9e274
5194,1873,b23b93fa647d4f3b7bb9fd38bf8043f1,3876b54209c6c283d08edbcded088dcb
5196,1874,5847603006d8b3b8712d702cc44ee1e1,2d2e656f4c9aae4b0242287ed4aff508
5197,1875,73e84ed2726c73e974529d9f4a2bb1a0,ef922e60e622126648ec079518799b0e
5199,1876,3dda2e48cbbd6e19a2beb6570f507618,ffef85496543613d57bc32b69245efcb
5201,1877,f078e03be020bd13b16c0eceb5b750ab,90e9fc0174a7f06b5fecbe8bba5b1176
5202,1878,12e20d4c6456450df8fb0e1da99fc812,a91154060a007e1ac442f8c60f52e0e6
5203,1879,e16a40aead8214961dffb188b0e11ab0,27f9b2ce1cf4e94e03ea0056e07ddfff
5204,1880,72952e79ef38deb69d522709bde8b2dc,5f8b3fc4d54bef4ab2321308f7789201
5205,1881,f49eb49dc844f08b0bded431415b7869,58fe1aa8f622ab8aa5cae37dcf049736
5206,1882,de9d4b1b8614d4db3c7d14166491d843,43404bbcfa0d905332dce1c36e018ee3
5209,1883,7fcd6013e034cced6173477d8b578860,8b622137649e88fb2b18b276f46ec44e
5211,1884,2374ac28cff3a547041bf6e8249799a4,7b4d2fe94ad6fca6c051e5147b460070
5214,1885,0b2ceba84ba3538f568daaa17e2dbe98,2e7cac8e1b29231787d9a4a5567999c0
5218,1886,47e07dc6acec29dacd19522b15f00450,fef8d0bcb691996a1f196ee7f22687e3
5219,1887,d10c31fb6bc3b8430687ca9842cb2cc3,1fe364791076ad33e2f127de2d61015e
5221,1888,7bf68c2703fe57894f092bd0e2e00acc,4ad997906194c9b8362ed21cda7df296
5224,1889,20cae7b0c8d36fa916955cde7202f20d,1bf1eccd9f7cce2a1c308bd9df1b8bca
5226,1890,0ada8242cd68bf911642739a3386b8a4,c5d7f49fac6c35d30606aff6b23699b0
5231,1891,25bd4de39edae5170799d15d2f49b3dd,8f95371f32c723f146837823a7ade566
5233,1892,3e5a7a85b0f4a0b340b014985fc8bd9e,823cdc40ee1cf9ab129f526dde779813
5234,1893,e730a02ee335519c5a2fb5a0e4f3e173,db67211cae88953156a4ae66123148c4
5235,1894,48a617273596fba0f07b2f4dc17cbeaa,5f0c2f2dce9cd1367f9b749ff3563b97
5238,1895,610d27175451a71d4c60f69bb1778c08,4da2a0827774c3ef841b1f8d049f47f8
5240,1896,70187ca84d42d569412cb90db58c5635,daa1950f8e2a65f7385fc218b73f4e0d
5241,1897,cfa025b3526a84e04b770d5dbaf8e137,f13b53c101401c83ab77b287f544c341
5243,1898,581277872bebcc9594a11a13933de367,a2780aaf13e716c1cfa662eb3838d9a4
5248,1899,456a9ff5cbf68020def2a3320187ef34,88d4c8f22c694525609942626dbd1166
5249,1900,70d2f5a1e8154c2fed7057bd188ecf0f,a4f297ed55f221c70cd27be39828e92b
5255,1901,5f0d3468814116a7a681a0e0282ceed4,c2f212e1fe8bc4ad7b11adfaef600f19
5256,1902,67c5323dceafa8ad91081bd29f28e2f8,b41a99e91ff35254dd6b73ada710dbcd
5258,1903,e1c2faecc67ae121769859a9c43ef099,affd5f0874a6405f82a9c9f1c047bd77
5259,1904,5a8d92759abb3a7a8a33eabc63c368c3,33852fe135f433b2c19bbfc08e67ca89
5262,1905,57f3e27f30b61ea9fc88e41929015247,dd24ecdc855d1796176ada8ba2f52885
5264,1906,2c9250555b5d626dff1a9e9ecbc59a42,01632d7b4cacbc269f6f65f3bbec0106
5265,1907,861356c9a392bc226645228a384fa09b,96c9d1822cbd4f41e338d3a362d6a275
5268,1908,8f64dbac54f93290f2c8af9e707ccec6,ef05577ed0f4c6ca5ce5b50b4b9c3c37
5269,1909,aace3080c8abec11c8c64d94981792db,42d7115d526f74e7a95788b7e12d4689
5270,1910,84b574dbed417f352be69c9c003e8be4,9e3fcdfe97931fb179403be9615ecfb4
5277,1911,0569c0a9813f5ab60ed707d310968121,76d182b098cc7aada2430be3cf93767a
5282,1912,7c9ef362db30c6aa9aedcea530934587,d0d071049fe2026bdf9ec470f20b129e
5283,1913,ff15171a42c9011ba2711d21914afe52,49de9022a35965749dc291d43dec37fc
5284,1914,68acd6944acc8c4cb23730e8c9330a8f,dfa0ec74deb2def0188b47f6953581c6
5290,1915,564bb36ea5bc8dc61bb0daf0865fc532,8abb304df0683fce02d1e18da98eb426
5291,1916,f8f9a927d23b387fb6bb04d4b57de055,0f2873391d45e290ae9b88949d3ec152
5292,1917,c328ce7eac39989a0c28d1ae55869d29,f85f995ab17569bd91a180e3efe07fae
5294,1918,21e4f8d1d14c90b21770ba1d23718cda,8533eba8fe27c5789be2fa40dd329f1b
5296,1919,04793a11b2b4dc768bd4530e59ece489,2fd5b29427a819918b0937cbc2371d5a
5300,1920,8053f9b21321a45026530262b0d606c4,410f8074a56f82736678a84c39137e50
5303,1921,a7cf4860bc6911cdf5c2286ce01beb25,cd2ca8a5f36bfbc2073a2295bfccc394
5312,1922,3e3e669c7c6978f7c90beedd1927d2c2,1daa2312713f62f671e0d8373214f8b8
5314,1923,f549aa2ad70d5c5f56716eb2ea6ea013,9be70c70e2943a59fa894997591c561b
5318,1924,55eceeffef8f6053e26970c369f41f64,e98543473c996c38a7fa7e2821c15243
5323,1925,97bf641bdb56426013e33de4a58b339b,17015402690324d84c5e0e1862a7fea3
5324,1926,ad159778dee3e65542fa8822eba78717,d00f29546f48dc1239717985350413b4
5327,1927,b8370e973fdd37b1995e11ed16bf954c,4da92c00a478b9d0eab4f40a929ebb87
5330,1928,a27cf75db0aa8d87f3c0de8b3d415f5f,a1688e1689a616d1b52ebf2d0ff03545
5332,1929,5b84d48cd86a27fbbf54e29c908af4cb,5234998fedeb298fd6b5dcf7db9639f0
5334,1930,fd46ef8d89c3bb13f768ad1925a9613f,176a309e11a2b5c3c49a149d73f5088a
5335,1931,f8610e7ad7a2a20d9bdacbee62134101,08b34ba4d0cc77215df8cd2255e2b918
5337,1932,78600f83064e03a107a2ef71122f4b86,29df95a180bd5d61580048561353c37d
5343,1933,c20f2f789e3ad3146bc004660d79218f,64c2a35252b81875152ba894bd727f46
5347,1934,7dc5f695836a2d80c1a469211590c4f9,9b5efeb046b9bc581bca32a553b34c46
5350,1935,ef04eaf566b1f104e1069a9099cc2a03,9b1bb5900001dd6fd650cc3b476c8405
5351,1936,76d353a5e8bc34dfd9d23f174efc8234,c878f31eb616daa7bcc5ef6e898534e0
5352,1937,7d0e601e084a745fae611a82e8f3b73d,610d528a308f0d95f7e48e672caead4b
5360,1938,9f85cc0fe62a9a71e882a16b76cb3436,0bbe83aa6be52117276bf0819b5d576c
5363,1939,a2c96d767459bee51a179e646219ac95,fcd7263bb4bf14e12d9cc999060f6dc6
5364,1940,f13ae62660d57658acee19e81e81c158,ca5849305ba03ce5ce3fe6bc0f92b207
5365,1941,12ea7dc00ed45d4091c7db6595f3ef1d,1dc5a2f6cc53d70b963f9db9dc2a8476
5369,1942,6c35c78e6e4a5fc6770dfe27934dd217,bebf1a40651c5f29b3347c935f824d62
5370,1943,b98a5856c6f89e2bf54b4af8353ff01e,36ee87cec56098d54d19d65665dba87e
5377,1944,1e4312580d73ca0873e5326b66c20eb5,41b16b6453aaf670681190d9fd9882ab
5384,1945,f093f28146967491ada4261688d622d9,81c37ed70e00eee95165b3beb6e8e28c
5385,1946,23d0a03c834dee2a9180d1a1d3645178,ff5b512ca6498054917c652b1091c327
5387,1947,1230a9c7a2b5052da22631d34a93011d,8bf70cdc8fe5355cb791d636e25ebe49
5389,1948,702870c77b7da2cde1c36ca22b46c47c,70f11dc4e7e400796a7ed7e5794d9c59
5397,1949,dd9d38cb9d6a03a7bc21c287660ca417,a6659146bd6baf056c5dfeb645726c6b
5400,1950,50e831b55163d89b41ac863ac09f6342,e46235f59a88eb86ad7a0040afd9e533
5401,1951,a855f1e78d77d366758cf4f9224a787f,1c7dc74f0fe9df3ea8823d99cbbd1b1d
5404,1952,f9ea4c60e28b34c83dcbb5914025f9c2,466bd8638f58bf2e9c98493c83b81cbf
5406,1953,c83a46df34740daadf54f61981c69acf,ec5796dd5b2da38abd3f92e227440230
5409,1954,e8a604036d619d24e62f76a916ac76cf,b65ca340d8b66cf5c44b782504f045a6
5410,1955,962dbc42922683067e40e210d587643e,877493ccf7ebdeefdfbeb03e56b716bd
5413,1956,697189053421873badfee9a7ce65a18e,bc4446276bcd4d3ae1063356b1080293
5416,1957,0ce47d6f4949a4bbf4412217380c38e0,bd2bd0e2c400d9228050f19b460e00a4
5417,1958,caa75a42da51795edc36ffbf3aede6d2,fac30ae854c48b2516e5ecb94c7ebe1a
5427,1959,88b651c87fe9c3ee18cae9ec2ff91b73,865186a798f2360f18c8a999bdecf5de
5434,1960,86166759d8f20116c7c48f470d1ac2dd,2edaddb67fcfca68d03848664a3ea821
5441,1961,d0c1aa2fe64e0871f61ee934613dd5f4,2fafa3b9f35b865b67eb0961493f70de
5443,1962,c341a25b92b4249a05bb4e668f1ace20,a0f7db59b1dcfac5bc1e65aee808b083
5444,1963,7174369c47d0841efaef31c60917da0f,7d851b1a2ec7a0ea67a3db7de4ca4895
5445,1964,2a52c807fd74d6ce26856515741ffdbf,4e23acbe95b26ba77681681e41dedf4e
5450,1965,f3bf5d3d3edc982f87ea1c67dc2a98aa,373e5641c505fbd10cd1ee61de20002e
5451,1966,525bca2c4f08b4c41d766d97bcd31909,a909dc4f82e046e187d808f04d21f25d
5453,1967,350f1baf287b0a5fcdb43e15d601b76a,ec92273aea1463f2d4b0dc84fe917d88
5457,1968,73a6a140fa02deadb870923ff3ea392e,616a3d491c0e65f86cb7c313b79da2b8
5458,1969,2670fa856bb9ef7abbda683b4c9f7d11,4447caa555ca94277a70f01896c86a10
5463,1970,575639a13a01f998c660ee94e4fbff48,8f5aaf15eaa4a3b481df8413a4b76185
5464,1971,da4edcaa0b770405fc6e1e136ab7f939,c87c713350c4930ea5b97aead27fcdd6
5470,1972,5919c0ddc1eb6aa4ad94f952306b1f73,51b7015fb3e504ed2b78ed6039b2a103
5473,1973,bed44f3021836d1562b7089d99079598,ed15576441bc1b3f161845166b05a47a
5482,1974,5ef19d28faa8b14678a6e1abfbe0abf8,d8067d9299772147d5f75dc91b2d4270
5485,1975,0a501c3a29c916c5add66f1907a27238,ea8aeed7426b73d9a200c6a7fb6d17fa
5486,1976,fc0d02f156a9042513bc65a97ca98d9b,ebcc8e296eedc98b514efd9e5ec1434b
5495,1977,c76c6fa2514f6d625b21f0ac24623946,6b5d70052bc2267ee15da1d6d7d47e18
5499,1978,c3640c0f4050d5d0967795aa0e6d970f,7027b33773b159dc896a53a56353b369
5500,1979,e90d45a4f72ca99c800b516a77f37925,0f3425cc46fbb675f64daade7031e339
5502,1980,896b61097496643bfa7f2d8c78c2231a,d4743624d86258e30d07f348a95ea705
5503,1981,629fdeb011ef1e237f9bbb374edb7f87,ceb653c474b46a233280067ab73b23c5
5508,1982,bbdc2a51c37f2173c93b226c82f515ff,2cfc2eba748a9ebd4ccc43ab7c660c11
5509,1983,4a56c635833af3579f30edca08011bd5,3113ce33b13ebcc9b5ba666f6d6f7b2d
5513,1984,13f6bb66e967037c934c6a9334300052,ff62fcfa38f782bb9157c361e5a433e3
5515,1985,934744d133c1f3544989783826e98f3c,0e677b6b8709ed9ec66e6fcdd758d039
5517,1986,c9e30270d2dec98aac8b7b2caa51c2f5,f9f56081d45b6698bb7d35cc6fab4e7f
5522,1987,e7cc9492bca9188c011a59b91e130e94,d236e46daec0477e16392df822ddfa88
5523,1988,240514d8d78ef10148aebf82c7ed3ed8,07545db330b4e742e3c6bd37b9121649
5524,1989,341f52efdd91da2c1e7b9814e40ce9c2,1cbe8274fda72306ac0201cfebb41e93
5526,1990,cc454b0a617a9beb2cc5b1cceb147f81,046ba6b3c3013fef19fe86b9f4d7bd77
5528,1991,68ba2384b82099935651ac29e18556bf,8c97e3b5fe98247778df3f6ec66b36e0
5529,1992,f1a88abd557908e817ba3f39887c35b4,5342e2bc5236078da8e655c1b773f890
5534,1993,748e35ec89307e2e853c8180ebe0610f,f315960b170ffdaaa32c9a4f591577d1
5535,1994,4b559251deb7bd73f7661bad09db11e7,4d21e08a83e9cde09415ca483cecd18c
5547,1995,6db52df2c7f67afe648bcf254909f7fe,e45521e27e64342f8c389fe1d6ffd058
5548,1996,1009bdc8217fb51f0bbfb7b40aaa8aab,d76dc91c395a52e95af808152d4287d1
5549,1997,f4a8ab62fc33bafaa28e89b4cf28fdce,8cb2e2c9ca0c24da9e4b3b46140fd868
5551,1998,98414241989aaf8760cd153f987c0cdb,8cfff3d97f360d6d6053cba859a6dd5b
5559,1999,314b2167b84c949ff410f4134bea56bc,ed3f449ebbacc1837253a332e3deeeea
5560,2000,29cdfa6d4c67661340a686bce39b0da7,fd72ccbb460743d7fbcb3ac291f9fd6c
5561,2001,50b907bd3094e7c0d7f3c7aad24c3883,173667d0540fa23c25342b01eadf1457
5564,2002,b9cb5e6d6511cde11c73c57b4e7c933c,fc44a68c48b240b03bdb315bf70519a6
5567,2003,3fb9a742056638ee1e1a7d27f6e57e44,454f94e79971b61512b5ddc2aeeca361
5576,2004,dbcf549a9d9f28532ed0c6be89e0d924,47ce783ead710ea0938faf28c2c03bc2
5577,2005,2e99701ac6b8c840165c6ed6027ec864,c48a8d1a98b163eca854dc747ab863a3
5585,2006,4c634cbfd94a24a2dc78e0166aedfb86,d8c2633d6ed6e433ddb4f2e549f72813
5587,2007,049de6457213e01eab4f10155486c305,6f29d83fbdca641550ef0e0d6f0fa970
5591,2008,0993a83187215d3bca68383d9b2dc5f9,c62c51154b7c1c8a6d7b5fc96b6c8e95
5593,2009,3072dbfa84a647c6dc9aa76a73292cc6,1ecd16b35a4ee5af8ec219770d4ac1b5
5597,2010,4a1fff0c6115e521bfad1e12aea4b8a3,de24145389ee0fe3c465b8daa4912748
5599,2011,51d1538ba174f5825882c6b798dc1a0d,bf9a3c8fd677cf8161e6a4e502ee3dc0
5602,2012,c15e0db69ea00d2ce29ed78f11c9753a,15cf8e4ad40cc92cef18499c6aa865b5
5607,2013,526b12d75a8b392c3df7a3843f19f02c,d0339474b96db2c8b24ac1c1bf9bf61c
5609,2014,42c87708131b4d02c45256deab56d58e,f1138581b172e91bb6565468b935e243
5610,2015,899d2c0970ea5f4d2376a7c88340ca30,7803074efb549543be3148e3496fcf4e
5611,2016,4077aa3dcd98c0fd63deb5129c80ceec,04978b71376d255f30090e7c53f67927
5613,2017,6e75eeaf5ffe98910d23acb50498712b,cd7779aa1bccd490c42f61006ab568a0
5615,2018,9b67fad9c3d03bedfb4fd17245ab6b40,689dd23ae246beedcfbbec122d918fd3
5620,2019,ade014b04fdfbefdb7f53ee560579e10,7ac327afd739f8de68a3260e9190746b
5625,2020,84b2d9244f73e4e7ff871098f2c196db,4b5f1b2f3988578a0283cb3a6c7f0ec5
5626,2021,0c65c6390430ee10a3dbd7378d17a2b3,5ab7274ccdc022a9d2b04eb1958d6f50
5637,2022,1fc42d9b440a451f9b181b5c5b7c5705,6791f0a17484985d2702300700b5bbf2
5640,2023,1cadd363d7b3c2826bcb0564760e57ba,2aa995f5ba5d3919f04f5ac98894dda0
5641,2024,bb560303b0f1cb04016b095a71441b27,81bdf194f3528013063d81fa63576c92
5648,2025,6a1e71e04717ce752ac5210e8cb33a30,9bda80b7968c3c8bc6da9564bc518f9f
5649,2026,6552aa46d6888aaa5cd5e2dca55b2f12,fe356f060e584f0371b98cc9cff48e51
5651,2027,c5646c4e659b740df7ca6a233b504613,65ef6854fc2beb273248bdc77fc1737a
5655,2028,a6dde786fdd8e9952e1eb3ed2c7d61cd,63b0bb938d7f553b334633c866dae013
5658,2029,510c45c9826a7ec7e8c9b76cfc11b9bd,8ff2222da06debc3901904d345982b7b
5659,2030,5b189ea2a697a250eb9f2dafb2b7921f,d128305419992a0774fa028388fe400a
5662,2031,6e91d9f83693f00d9e7537d06819ec23,4e22c5656699380c80b41b8c58db8725
5665,2032,92382153712bde32dc3a903be4bd092a,37f661a401d4ef538215be50e836a62a
5675,2033,30201a1c3de463a29a0f6ef885411223,69f11fab1ad9d07acb9ff3b56241fcea
5677,2034,dad46c101edac186a282822e21fe20dc,229976805d1d0e8772fe536e2a3f441d
5679,2035,16fcc838a53e30c289976ff40e245525,6142794ade3bb1a053c4e6aa0c8d09a4
5680,2036,ff6ddc6b0b52a183a89f9e327e71c3e9,aad997fc47847fa3244d6dd20fb19c1d
5681,2037,74f387593578712d1727ac23fbfff5bc,d4bae320281f7429b494025e6f41806d
5684,2038,1375c6a7a9fe1e9ca16af91dedbdecf0,5543491a6e73cb18e16ab498083f99b2
5686,2039,d692af596367344d25dd970a33c6c76b,a23904ae798301f11316be9cdd7953bb
5688,2040,9acb53406493e7fa932602424c4ede63,4d0b6c12282b9367635cdd8f2c5a1df9
5689,2041,a7acab97e8a8273069802cfa0f0fb2d0,27716f9162ec8b35cfad253c74d0d0b6
5697,2042,e12abdd9cb7715b92a1e1c0bff4becc3,aecceb1b73245ee4a004b980bdaaf10f
5699,2043,3f46b31aa971c1106440d25f6c5f1299,096d9fe6e543ea6ea6c2dbbba508cae6
5705,2044,328d88bbd1c35bf280bdd7b90f6dcaaf,3248afbd81bb772d0f5fc2fa4fd492f7
5707,2045,f7dc2819b07f660aef8860694211e37d,9963d65fd510376d617ea7f06b895a52
5709,2046,cc45428c563a25622a1146b08ae56b9e,83fb82ae2db5d804b6c0ac79a242d64e
5710,2047,e53614a0e70a5a0e66452f38e8c1867a,90520795853ce95aff4f7fbde3919f9f
5711,2048,69533e48d66af1b9e5704e3c72d1e774,f35fcdf4b15bb1b515c93cce3df9fe76
5713,2049,e5580d9d0b6f22ccf784a203b56ccf81,e641b8247819d1c0d4f96b7f0cba98bd
5721,2050,b8af90d57391dbb3ff74e059b7b1ae98,f7f8ed43cc473def54147361be7a8f45
5722,2051,4a06517014f8ba95b287aceb7a1f6f40,83b070891167de67402dab22c8154061
5723,2052,aba275cb9f6cd049e4c4bd1188213f91,95d1e228e2e5536be0e26146d59043db
5725,2053,3e9e35d08b615d2a168b4210ab11309b,5a81bf50b4274b7157901c2fb8061fca
5728,2054,726e540762a901b1bce0be5ba06c1248,52309694e9112a57d950dee7384c543f
5739,2055,a81544be97697812368981736d2eb654,81c6af0434094edca1cde9c6fbed6d93
5744,2056,72142026b49b0dbaf0fd871f22d2688c,1885ce7270626798cf9ee3a55fa8f77a
5748,2057,49d6ba10dadab80c4c9d8b4b26acf10a,ed4035001e4f77ae0e306087a2d3bd96
5751,2058,3d9c9838d94aa2beaf2cefb9903d5269,859da3234b9979bbb7ef6b19f3940442
5752,2059,6c1a18da8810970d26f803592af07939,afc504ba6dd3267587e41b7219543509
5755,2060,979d5a1bfb0a6b60de6af33ed445fe9f,828d8e488c117f003b3b5d4e7bed3b11
5756,2061,a367c602494d5c50629ce50599d0cd44,242b71315aa56383229f655785f94d6d
5759,2062,f8a38173a75bd9e8100d2ab89858f27f,4cd4b93ca9ef490cd7489b1e31dffcc6
5762,2063,33cc24642b537bf72bd7db4c157d1b6a,940e8c18718da076f789efdb5e70aa9e
5766,2064,5136e23999ba09f69e8a8f794937467c,9a2daf6463415790036d6a34d25ec71b
5770,2065,95906789d415a1f1da31279e074a31d0,448ac16ffaeec66f7f1582b814acf521
5778,2066,d7cf833de0b7167d7104b59c55a7cbd5,b94f0cc7ea7d438cfe7379ef8692ee4a
5781,2067,29d8488673aaa3c5f1b0d3078f442d42,9879c36efcc7896d53955b84f07cbc1b
5783,2068,ad9aed739f52f069e0c41c57d8a5c0b0,2e0c950f304ae52fe4d692b1817f3c42
5784,2069,07d54d20b937caa5dce0511704bd69b7,36323d74522d0e3c210cafa27ee41ba8
5788,2070,5be9a307d75401dd64daacf7452d0a85,89e0dc2bdfc49d7c06cb11c86431aafc
5792,2071,3e2ba26c0511a2a2b5827ac97280ec5f,53b7a8009efd4649a5fe1c9033f44cab
5794,2072,5a41fc96f099e7345bd90e0fc9426f3d,804ab95839364a0eb131a90c4602a7c7
5798,2073,5f2330ad3e32916902b9dd4731740ead,aac167b060fabb53d8be5c240c4b4cf8
5804,2074,ff3b0811d08d5122d433f8747ebf6232,0b470dfecd37468daf1b1748468e902c
5810,2075,049e5abc7709e4f7ca865412102e8158,1c69fe8b243fc50ed6863048a1e4ef52
5814,2076,92bf66a62b4928d66b60cf2f73f60232,1ecd18512086d1526a7a874e65dda237
5816,2077,ddb4374adc61ac5437278959b721e072,d5a3b6b04159ad4d6afd24ae00d1876a
5817,2078,25ca3411c97e551b6f7ffe8c9ceebc80,031d1156706709140797773c801e81c1
5820,2079,9ec3fc925a3fdd3e4d26494b90390eaf,3aa32cb05de5c58ae63e29c0cb48812e
5821,2080,1c48dc8ca31c46fae604f00294eccd8c,e724c1138a6343a5aaaacdcb559b2065
5833,2081,d65985b5bb7d4c3251656288d6d8d851,d1f8fc256caa660ca4d6412a049f7696
5836,2082,5c2ee875f822169bb017a3e7f7b71ca5,07a306e8f525251a6be7863619184657
5837,2083,8eee7791b259aea9fce12ae4fc892dc9,0695d392dae91ba1712c1a32b38402bd
5840,2084,88c1ce65babccde8c7eda144ef03203d,1fdd5eec04a9610877628bb0f24b9954
5841,2085,161e7ac134e3f1838361bc5aeea477e4,f8ca08d6617bc8e01a97dc991c626aaa
5842,2086,a6143e2bd87955054f4730050d33abf0,5c74810483f5161b159861d4c34f05c1
5844,2087,1a33abe7442c4984e95ec4d961457bc0,59471f02af4cb809ad263230f0be6609
5846,2088,07eba050165a90f9c572f4aa29a626ad,c6a3dfbe2a77b0d72c3d6a66085244aa
5849,2089,20e58785f35c16ba6afd6e0ca46e626b,ad0065d51a0e223ac5e035e645384a4a
5850,2090,f74e60ca55e823c57bf58416484b5dbc,6f0ecd2fd64ca4844ed7f8dc46250598
5851,2091,5b0a7ca0944f9e64d8ba8745bae08caf,d66aa09b1a49c2866e7bd05fb1266ea2
5855,2092,add7361570c5373a13c0253baed8ee80,83e6e3c4d2db3b8a845a12b02f0a0aeb
5858,2093,d1f498bbe477392077b4e1f6a3866dc7,7b9adc023fe1206e771ecd7d015dac58
5859,2094,e5d93e4181101e292e6abfe344690157,0553080118b417d2ae6f075e6086aeab
5860,2095,cefcc1f0b4906e3138fabd4b30e16529,0aee0447b0b0c1b1f7e72d37a66ee513
5863,2096,4065f724b4cd8de445c3883ec13b1e66,f75313fd654e93ac0877aef9c269832b
5865,2097,c648a25de8fe5e5b79a0f7ab9712f014,de4e08bf354b5cbdb5d309890acfa2cd
5866,2098,bcf0acb82b252acd884527dae2740a7c,356c52d08c709ec1db7409de4957129c
5868,2099,40386d0b786778d2fa6249645b53141a,d11938a3e64e802506e232bd1c6eac4f
5872,2100,cf964cb0f317b7c453e6bd8a607b104e,065ce316ee405b03c12eee5fc58d0c7b
5874,2101,7ac9919a908901dd8fd9d3658c3aa26b,d67bc86fc60369f4d516acf253865bf2
5877,2102,793df82baf0f8bda624958421efbb114,d0883e9f466503b6caefeaa38851f4ab
5878,2103,06d654bc10fedd632c06f9fd4a1a7f9f,2aabd9866b920cd9b54e6a2de05eb506
5885,2104,a7c19d7fe47987f82f6f5fd23b23b24a,d4a8180f829df77706d2ab2ef574a812
5887,2105,6728a1e79390c120403a7df40fadabbf,7a952979a2f0206205c97c18a1814228
5890,2106,b787e3ef741bfb8c919f3bad91410253,a2a9425b6dce88088b2e3459066a9fff
5891,2107,68c0f5efe38bc7890a4045f9e1a3d2d4,898f91bd74579c0ba8219506333ed2e1
5892,2108,af4f47c84b88b07fb4e313573a02f974,9251affc870a6fd214b60ce68cd13717
5893,2109,103eb7f2e935deda4612bfdcc0a42e88,a10398dc51f835b14f49dc45c6af4b43
5894,2110,f26ca8610d1c8ccda063949ab7e25599,9e6aa6d8efe09ee7c76fee108ef50867
5895,2111,15bf20f63c6e7444654aa0d0ff3e3d96,a5422e9797a373bcd092aa021bbebb7e
5896,2112,1936167afcec1a82fd679dff327b01b5,75d15c43e43868bc4b0352a1a3d6853f
5899,2113,6e53202f9849f04900f8d1593f567907,29bb2ef727bbcc8fb4f34e6ca3e229ef
5900,2114,da0fe8eeb2fdbd87268541b77e865a83,f966bdaa0c8661b5f0a36f8e2b9a15b9
5902,2115,62fcc1783efec0c098df1254f23749f6,c06fc8a7dc516dd709a9dfb37f47cb7e
5909,2116,ca2f2eb4bdd199ca8e15db2144a1b861,842555a3390f224cf532385822bdc099
5910,2117,568f454bf198fdbbaf6c065a77025abe,151f6c3be5c66e5f6ac4835484c697db
5912,2118,68c18e466dd332aba477f9f70385cabc,4af821e8d39407c163026535655657c5
5914,2119,8070296997b0b19107d5564eee655475,1c211db4c936d7f9cd0d640088f3e3a3
5915,2120,71aa61981eca693ac6974054f0ffff40,580ce322003e045b5bf011a450fdb484
5920,2121,9f8f7638dd4ba33cb6f5cd27088ee16a,c3b07db4fc60de30b72a9ed7dbd7a66a
5924,2122,cfead75cb0fd8e0b57e4e6579a59cfb8,8b9d93cba124f4cc35299a8177bd6a69
5925,2123,659b722e7bb950c03b93ed42b4f119b3,605fc63f0f327f31b609695614457d99
5927,2124,e2d233155e5e678db36ea603a45875fd,680a8ac42866cbcad50dd886739ed123
5933,2125,a4af098cfe971f2c68f55de73c5cda89,d0b0e90cc54c091f9c934216db33cb9b
5934,2126,6ccc816a22abf830d0c02fafedd1270c,874fab1127972f1787c285b7dc842e1b
5938,2127,6469717eaf3235ce1ad9caed57827fd5,1486cbd73e18bf37e0cd9156a9f3db7a
5941,2128,84813f48980e73732049a90186b600b8,be30ef75c6e631a0955c0b6999c9850b
5942,2129,67fb3dc54b83847eb9035ef630240404,b0f94c09a6750763d57b1b86bff0db77
5952,2130,a9937749de8cba27315a4f08cb07e276,3f0c6b137a77d966acd8cf9bdc0d718e
5955,2131,93f0c4aa9cfbffc341bcab4062edbf79,34fd0395fcb71ecb0e16ebee0f5a9d01
5956,2132,d3130e51e280058b0386fce7f2160635,c7ef91df1ecd9343b10108e6a0eeb0e4
5958,2133,19e58869843ba3a04a0e9df9e8cab1b7,be3e0c741c68da0f127060915a876d17
5959,2134,a1c96b767d5b811010cc0912a58b9ca5,5262878c8025d4546df128f3a6c98285
5960,2135,af4e583f12c07ee3ace0fab9452c1b64,3d91c79785590f26483a623865615041
5962,2136,11f599dc16a6dd17384b105b8e6e451e,c00372f839b430807688cb9306ce794f
5963,2137,fe2b4139301a79c60de1d48e367d92c8,b8180a6a9bbc6046d5c079d09f0a021c
5964,2138,d00b794166b66a95252115279f54c8c0,55e637144a7ddfaeb4248582a893663a
5967,2139,cf34eb3a13d4260e1dedbd7391eaff47,b5216ac787efd64be14710435ac56503
5968,2140,5c31740413d7ef82d4b889a683e93b75,e6c285b68851896cdc66af9b92a17da0
5970,2141,309a86568b9253372713182eaf7fbf51,3a580d71c1854322f3ae26606cb4f588
5974,2142,60c5a36ebb93c55c2f98814dafba13d6,75a6a66bca999533fca092cbc091d1bf
5975,2143,fae2dea38d2103d135564c592c57e600,53fc2eca4bda15f684708479ec0e6113
5979,2144,cc6436e3e7988539c87008c227050f4d,9e493543b1903519e2ffa6afe87a1281
5981,2145,a8245c02d7b5b904bb6bc6c6d297fc69,d508c14285b5e1d2bdd5b29575e6475d
5983,2146,ac0af13b8c01883db8004ff2f873d434,cac1c3a78363e374f18cdf24486ffc89
5984,2147,11a8198461c7e8bc9f1337235d6845ba,ea12c19878079e62a34aadbcd136340d
5989,2148,d9e804dae6dfeaf4eafb5149ce12648d,d0c372450c74c4b66a4ff5ffce2018ec
5993,2149,6ec2dbb9c7a0337003fe7860f492adba,79b05169fbf30d6357ba0f8a59a44d29
5995,2150,5524aa57e92d962a9d73e4c0ba0a0cc6,3e1571eca85250fd061866329778c7c8
6002,2151,a0739d16471cd78465e6943a447a1de6,6d2abaaa6f8a38ae96a4ea463614abc2
6004,2152,3d1b77382a5bd72a2f4df79d8056dd7b,70bc4e1c67bb8a09999eb3a8724d2048
6005,2153,1af970ceda999ee2703efbae7cc3127f,f6cc88ccca424fc756f1d8371cc2d223
6008,2154,e738aa3530a8845e090b0a4ddb0986c1,f879330b4c42901b8db39fd32a50f68a
6012,2155,3cf53ac4836c59f1e8984d4969221fd0,0bb271ebcad4ce01742ed57b55c56dae
6018,2156,7f63a3f1fe0ab65e6ced7b8bd361c114,33bbebf3783a324f7c6be302e681dbca
6019,2157,6a7557b936fb74b74006771a04aa6f6b,de3f2f77a8dff6ff29479f79a7d4207f
6024,2158,76b9eaab30f3e13f91c7391985a1de50,608e4a3cd3725fdcd8b273b01feb011c
6028,2159,43fc12b575a2c05d9215fe5bcfc89673,e5e24b9ddcfe9057b8cd0b96c8c72ff3
6029,2160,1681c056d09fedd614c0d3c2e971ee71,e1c908f1eba4c1efdca18614a20d413c
6037,2161,f3392863c0ecba1945e83a251fa411bb,eacf558c0524601719e25281cf9cc465
6038,2162,b0e93d5933fae65ac0deec7c7cf6c470,519b1640e3e07559a9eab47395714aaf
6041,2163,cdb70ca5b2510115a0474e71041f0b54,ef1c04caac034769073eab54dee4191f
6043,2164,d1acaeb71330557c4e2382aeba9f9907,13584823d3eacd5198fd2ef7d03d571f
6048,2165,40733bfa5a169011b670070670cfffad,e69eb029c0274ef2d6a952a965c2d6f2
6050,2166,32a2c6fbcfe81cd58b2f5cd7969ad960,c9dc11465a8ba84299f6e24125e2f1f5
6051,2167,e63c3b2395ee1c7cd04e886f091e1006,897d20f320658915963dc6bc319c0b0c
6052,2168,e1e93412ec4dc0a40dd3f7d5aba3f5fd,2080115ca55129181b818331f6b672c6
6056,2169,30d2ffb949abe92ffd3faab5dc81f80d,e54d6b31aa09d2c4697f7c92b2ba0edb
6059,2170,24174ae126892028cfbe6dca43222fcb,ba986a9c0d5fcb42dd6555e17cbf4494
6060,2171,16d3d9aad2932b7d765d2f29971b3241,14f0e64a35ebfdac2b497b5a7931ac44
6062,2172,1c1b83ee5704b74958c2fb8979aabb80,3bd802c90a4b84b15f5ba7bb5275876d
6063,2173,ae8a0e5daad1dc929649990f715a185f,fd76ff878a83b390a36ca27abf2477b9
6069,2174,f4078487a88f5bd00aa824be78bd850c,8c094308dbb4afeed735b5869f70b527
6070,2175,7094647b417298ac6660a6645fb31208,5df870c02f9fe7c409ec71008816831d
6074,2176,568dbc9c8499902fa336bf8f74f87821,14df09d3655e53326a323066322220e1
6077,2177,0c80436738449cb167d5cb0840cb8ee9,99e22aaceef3ae70fc7477b8ba763155
6078,2178,35779037bdb7d54fef8a93c7051272aa,a0ac39d1a401dcb503729ff85a9a5ccc
6082,2179,ad87c7a99dedc488e075ead9a62035b2,e7ec641c334a595635bd48d7fb75280a
6084,2180,4d1bab0d91521d691e11594223e28d4c,da8ba045646ff8227ab73b8ac0f6c4f8
6086,2181,872e68402e45fd7d9baf1768450ca182,d236a84ace7e377ecba46ea84cdc7535
6089,2182,2dd9ffcb401a7610e2373e0c2294381d,f90094e6241b31b259858c30d25c71a9
6091,2183,5298947b6274440b71654e9221fae0c9,505356097493cda63adce38cccf738ba
6094,2184,86bfa34d4a6594b6206d08df7e50b81d,c349ce4fa71ccdec11d39c83e375d75f
6097,2185,e00c31edda5cf4d8a592da4ac26387b9,732e74ea093d150b2cbc8fef1bbc8e37
6099,2186,586c61ce7e398780f4758a22f18ac922,27369308853c3da8812fe90b7b246572
6100,2187,e2b81c2b860c9416885e827a00349fc9,2fd40827ed7fb064885d55ca1150b2a1
6102,2188,03a1318741d3b747432a68a74800a7f2,c4f91e1dc00e1d284cbe7efbaf736fbf
6104,2189,39f1294aefe426594dc76f7c2ae5b573,7ad9d29729ccdaa282661fbe65bd1d40
6105,2190,2efc3b68f29d59c867e4fd91409f851a,d6f2c7d47701715c8359c629e031cac5
6110,2191,01ef7029aabf335584cc07821a37a3c2,16b20a4f3268c0bb707bf0fe287cc669
6112,2192,dbed88eabec79e8039994a692b2c3928,f34374a5b2944f818ba8a59a196297e3
6113,2193,4019ec5c9b2a72809689b1133f008bcb,3d04bb5053447dc9b1e6c2f9d25a28b3
6115,2194,830629acb44c03f4b8bae6eca81715a5,6ed1c6eda5eba1f3514cee7d74f35624
6118,2195,b9c0d4257aeb3b3a41876ac9ed968acf,932d8e07e207adf17e74223ca3d5cc18
6119,2196,ff583ee6ca49800497ca58b977e5c2c6,131633d736ffaefebf0474983070e726
6120,2197,b2c04a236dff60a85c43e81b1b00e9d8,99b9b8068063557f9217ae33663dc056
6123,2198,86ee68f56f9d626f2a31e20abfca0e4a,0d6edb9ee281fc653b2aa79b0e3fa862
6128,2199,ba4a8bf9adfe3aeb8ee2795213d40206,97c8292f8256571f1b5b8da67f90cefa
6130,2200,9ad0853d523845c0da76a13092bdc787,8d428d84ed44c6618458ceec42da0aae
6132,2201,50abf4e38d252f2d3828749170648c83,c3d43a4cfb4a0441f85c521de0436056
6133,2202,3d83e2e6a22b0a13f3b25e01ff7ee619,af6b40e4e1a3ce65653a2f73469d5920
6135,2203,81fab26b9e2e722b17204784eb29a4c1,437fbcf54dd9b5714d0d22e8acc4e37f
6137,2204,7197d6a80d38a0adff8e49ece893aeba,7eb765fa9b1d1f0661cea8b833fc2340
6142,2205,4156453fb07343281f57f9a95daa9fe2,b616488deabd03a621d54c15c49b6ba9
6145,2206,ec8f622ff243b5024ca86c1c124a50a6,7112e414799d440fd79e324514c9afdf
6147,2207,9eeded17599bd8f27c2192982291a00c,b9e298086e079d31e9868c8d88c7c672
6148,2208,06658505f1ac25d3fc56e019c2b77b40,3986644cb75b4fbb21c511d19da0ac0b
6153,2209,864a09c1f5f6edd8053ce774b71d82e6,d7fead94a8edac03f1d80fb2158e9e00
6158,2210,73ede541d22ef1c955fa3180bafcca2e,3559cbe1810fbe4259e2cb72b56aac8e
6161,2211,d39b41c6cae3f665d570da13aff39f65,6c12277157e6afb6a65b7023c02ce3eb
6163,2212,fee04cd5b69fdb5f141441e8628bfdc2,bcea8e8f8eca5cfa3db826b5a2aacedb
6166,2213,58c414d98b0268d92ace7822a87ef848,9c406e37f404e47f1660ea98a05d9853
6169,2214,6bcacdbf7914daf6a418554b12880bf0,8e521fce0c62642f584bbe5c37e0457f
6179,2215,08317f2d1407b0512a7174568e151d9a,eb46797b44cab81e332ccf9db42d25e5
6181,2216,8e84b6dab456de9a21be977bb5d07e05,7b322a2a530609c3d393e9559befddd6
6183,2217,a6825e42c63f05e24917bffd2c84cf3b,c06674377b8e7190477c45dd25f557af
6187,2218,e5855b8c8bf936b876163b3a414f5137,588705e8ec86645c2b44e526a05ecf73
6189,2219,a233e7e86592152f8a18a80149d0bfd0,5a489e5871383fbb4a0b4bc3082d8597
6190,2220,cb20193f18a70c026f9754f67f88ff4c,da0cd5af53ffbe2bd11980f652257f6d
6191,2221,cbe949240554db8ad3832a72e3546b5a,a875388b968471e64dbfcd89aae37508
6192,2222,aed5146c18cb39ae4cde9786dfc15b33,541d397db7bcf2c9baa10a362589f179
6193,2223,80ec038b9a65fea4dc0c6a66fd352fa3,dc2e358e0fa754efb83ecb05a34eb91f
6194,2224,b78d24459a416d09dab4265d8b28b563,b438aafec5e286168b5fa94deda79d49
6203,2225,273eb9a9d8fa3f8d094c7246689495b1,edb907eed0803d7191e1bd6eb6b110a3
6205,2226,182baeb0b8372dfffe88d0495c70bbe2,3764db4756833582ee95dd58ea60400b
6207,2227,4ce4a84cd9de14ad0e4361f3a975e3c0,87bc9b07fb9e46a3764c6a2fc2b01999
6208,2228,dda043d8c598d79e6e102690134f734c,c784bf067a84c6225124a8f37f9ba4e8
6209,2229,93c4f71d6749d2321a0221df1e852fdf,16fcc4a7cd9f9000a83808156d785f88
6212,2230,6d4c889b6623bc6b69c3bb44cae10dc3,207aa18fa7e31592197c2b834a72d127
6213,2231,c76fdf439c8699fddcc21983a42812cd,6f4c7fde0b957faa063f8bd3b885d4cd
6216,2232,e297fc6d13e009aefd6d55fd1fa77b12,8861c12c3ced1bbe60d1b0ffde661de6
6218,2233,d81f9fa02ee0a1c23428ae89671db688,58d2ce71a2a8d3ba173aa4e4cef8363a
6219,2234,5b667944d70c1d1922eea13c7c23a937,6da8e97a0162b5502f611105163700fb
6222,2235,30b2f6f0ca400dec96fce1d29d0aa804,bfdf6fbeefa8cf662fbf7ddf01388260
6223,2236,ce4a108f7aabf45e495c80dea1f5c152,299041b89f9541427809bfdb72d8d0ea
6224,2237,c89e6d2d5b77eeac0c77862525f851f4,457b43244b9ff4189cb32a61a9cd081e
6226,2238,bfffd9d28df44de236db173d22fa0a6c,c30491a2837f6f0b061603dfeb0db590
6227,2239,17845abe56b1c6767f3164c5d3a41a07,d4367494d9251aaf596adc2bf1c3abf9
6233,2240,a1f0877a181caf0754a79476f6f67d4a,a319eb14c19ebc3e8670e769e34d48b8
6237,2241,a5fe7f80a96c6e9221beeb2c67419e90,c3972b99c72539495b9dae631982c29f
6245,2242,4ba0129f94987fbce5a6cb57b1f619da,1cbea3aaeb9754820ab2008c061584f6
6247,2243,cc4f8ced6b7facef1aaa7a880fdbc044,0a7beb03d3c976128ab030988d440786
6250,2244,9fd8a37d0c509c45673cafec2591f851,fcf12c4d1908eedf8ae86b35c4529a1f
6252,2245,18844924bc6cfe1bb3de2bceffba6e08,cefc7c10802f8833c886cd37a3eebaa0
6258,2246,41f22b3e6afb0b73c4e5daefae51e60c,952d34b2f8b9cf9ec1005b1283ba3e03
6259,2247,535218129d0302f224f784c16b313122,db7af6c0d34e79aa89fc4f9442deba04
6260,2248,66bb1b1cec1c27bda6296d59b2b9f62d,41f9c3a6cdddb7a377155a4e5c1a5e9a
6264,2249,995761de4a066e51500906d7acaa1680,7c90d83016740638cc44f7ad28520543
6267,2250,f127938b81bd7ec163c589f8c0a8e615,31a495986af086af72c3bcd5825b9e5a
6269,2251,912a5f12a6b73d1fe76a08a307ea4db1,afd6315f8dc25cbd355aa5c92b6865b4
6278,2252,1c807541a8363b3c72dade96ac7e447c,21afe99a896b55d70c15574f7eb8bcba
6281,2253,e45fc736645467867b09a9ac4b397a78,11be1b378688eb4c15798434d836ad6f
6282,2254,6d36aac26c5c0d685da7ada79b0d060d,ac3c1a7e408d5e4feb81adc45ff234cb
6284,2255,178e205ae1aa42678566bc8bc251f86e,c7f04d7f89be0f9d8f023f7ebfbf6243
6286,2256,e61b1c38f0a9b1ce0cb0aefe4690bcfc,72e31ad04fee638397c4668f0e0921e4
6288,2257,0b2d59b2181674b6d92a72f492e0a989,a11ff6f696bbdf747e283acfc025733f
6290,2258,f6c1f3c4057e466e18890b153589b1c4,e3bceed1366f0eb0f41b65c1509a8d2c
6291,2259,d3f48ce24fc9cc5047d4137a6acf05cb,f21b33c8321630375902a99193cf16da
6294,2260,56d0e303302111dc686b4a5181a18b12,11fac8b27a586eb299eb83ed2de2ff3e
6295,2261,62292a7e5f6498bbf7f8a368be1508ee,8bc2a8ef6b5d03e233779fbe10d86df7
6297,2262,677f99a99a4ab81938edfe7e3308a000,54a588a9850b461ceefc74e3aaf4f2b5
6299,2263,5fbc3eda56f02368e6fe05c6d4070cc8,414f0eccd334e0f80b6f1898bd70e4d9
6302,2264,e6da7e827f08e10cad3d85dea3379765,9aeb47000dfda110b0403768d9215c06
6309,2265,462c378ffe59910e0081cd7d1c8cd1ee,a71dc0494cc5c77871542714459710e0
6316,2266,4a7948c7d02cc8d73557bce170b6c9a7,13c780b06cc0b0e2f469d190f5acd43b
6317,2267,d11f6661170edbab87b9c10777c74594,48b91438d6d33df8e95d63e6605c3f69
6324,2268,b21a4e3b63d4b518d00cdfba4e8c74df,6627197ccc5f358aff427d9410e08993
6328,2269,4931d914736516f297c7c42cedb721cd,5177640b5669315f9aeb9b176787f5bc
6333,2270,8425e27a4086d9d9eeb9d726921b87f6,89659a9aa8737cab6f286a593eb24f29
6334,2271,d80d4ed61f99d19fb234c75fa64ad120,fa7601dfa596dd7755c70e7bd693cadb
6336,2272,2f799999772c7ce22d02d4cd08e7a549,4d35c0ee5b1e3c6a744b815ee0c8c4ef
6345,2273,f2dbffb44ce0c8506956878ab3881b6f,5fbe9451c211fed49e59f55c3958a417
6346,2274,12e60cac97fbe17ec59432d588a2bdc6,5deaa5da5cf3ffcc5b3d2af21ee22bb5
6349,2275,98da846bd65a7d675006c06839cb32a5,1a5e8bb3eb6bd1dcf37ff5063664f525
6351,2276,b329dcf68391cc3207dd403bf7b7fdda,9786035ef64da70f4c0e55c800e5ac9a
6354,2277,ae0ad1e7dea5490a7305d694744b97c7,8465fbd831333c9c367bfa7e1e074341
6356,2278,31958de88dc0e756b6052ff7b35ad73a,305ef5f2ca3ffc0faa6839c339a19eec
6357,2279,1f480f8fea53b9a4a27d4519231dd978,54f67951ea67f9de3d09a05420f066ca
6361,2280,5648d338bf8aa47a6a3ab04d0477d268,e5d8a1a5b8660a48194c29219850a6ed
6362,2281,dbda589f9f061dd45a4158affaabe22f,6a82923f29d46bc4719f4d252c550800
6363,2282,a847b66430a96d94ef0aedec4b6932a4,9cdf75952b39070283d203f39d124788
6364,2283,313776f7366d84d11610a6ceecd0fddc,801572081e8c3bd107457d05cba35f88
6370,2284,831ddb794c26f1cb743847546243eb75,0a1b1741a1e0ae20e8e7f3aef1bddc86
6374,2285,c05dc7a4fc18542b4852d7a3a4148c54,4017e75baaf6c30f73763d90b0a43986
6377,2286,3b2458d9ec814678da3edaae2e0eb027,5f79a51b623ca6c55aaa4054e9bd26d4
6379,2287,e13b0b183719ac64b9177f12ef43ab31,e6a00f858310000956689fe8ea456c10
6380,2288,483233d88ed175e8eac9a00dd3a6806a,e9cd9b45a3fd9d9c6155843cfba6d6c0
6381,2289,fdcdff2387a93dba2e5ab1cd0d7878f8,735ee089d1a034e7dbe7182e973735ea
6382,2290,895ea26e45e4f5ef8acc42e6f85f161e,3bb525672172f3d35e1c92df41f4593d
6384,2291,f984828ed96e5510fc30465ce4fd11c4,a053cb3ac49dcca4afb809d76ad1a49b
6386,2292,cdcfb6ddc5f701ab028011bb8183c791,5803ce029f756b39e15460f1ede84a66
6387,2293,eb9b4104c5af1fff14d0fff7439319e2,53e1a88735695ff47230461b9812b74b
6388,2294,69df074254b530254ef5e25f04d09a01,f2adbdbf90756929b7fef3bbfc4e9bab
6392,2295,1fdcb1cdb4dcf22e3b2dbf4c86094c8e,4ebefb336764a148cd4d574ca1544763
6394,2296,f9e2f85af36dc711a065103409582be9,17979702e22bffe9946bbc2dded50575
6395,2297,fb3e305f9e45a7e4b929f24e20611a0c,76fd3ac5959c4774e4f90b3861b27f40
6397,2298,0adf3294148f9f746b6f523b24b4ec92,20e18e0ee3b6f94a779402b38a6ce441
6398,2299,52cad40b443a4493bd74d4f8c4471bd6,14f3255cecf9d94146bdbc08c87ff5b5
6401,2300,10ae9f5fc2868698f23c3d4871203bbe,6e3b97df671206d5a9f98066148d6782
6402,2301,6039946bfa3cd065dd8f6e832af02db7,624e3b289b2cc50425f83c9846ab53dc
6404,2302,f28f73e488c72624c9891146417b46a4,7a8833b7ba17c8528ecf9a708056ce32
6408,2303,405699f66d1c3fac331282a2f39d3203,798f987292aa307569bbf6cf94048063
6414,2304,250abfcc67da68f356b077ab193307f8,d0b8282eb4dbe255d41528d7f6fd2dd5
6416,2305,ab2bc521419ee9320d5fe0d3e6028b5e,cbb4138911deab31e1b9d67f63849f88
6417,2306,35045c163604553a5f540ce236fa413e,fa24ea70d2c6c7c293a41d54a8341886
6418,2307,a14903fa2c0b28b8c761240ff24f027e,19c05db084c69d41d5f04c6fe8cd2b15
6423,2308,eef5d9608833e304b5a40ce6d5175eeb,93275e2acafa9a42ef1e114d977670cb
6424,2309,584017f746ec09e85d45e1b298a6c8d3,024f3b5773d860b2326c8b4752570455
6425,2310,03b77a82ceabecfba5cc9eb0b8a41ffb,0c04afe4743c2355324b7d98be3add35
6430,2311,0f9d63861cb9fab559cde70c421b5522,e71abf92099d1712d4d09c483480c76a
6434,2312,46e51f116f76e45967b154c91c2a89b1,bfff97f667bcb9298b17a9665196d4ae
6443,2313,9cb207def0f408daf5084a9ade2fad58,4e1e19eaa258483c9292da0dc5980dc6
6444,2314,b837e5ef0e1e38a4838b1467d6f022ef,78c619329235c6bc9187847faeafd2be
6446,2315,a9ee6aec80ff2439eab670c8232ddcb4,9b9476098724e84001b12dfdc6fb9987
6447,2316,3519d75a38310c01ce4120b70b5fd7d9,aeffbc0063d5b03e2b23b452e34cef1d
6451,2317,4f2152a0dcc9b7ee05268a38b9681954,de3e007fe0bcbfb8de9836296c1b8938
6453,2318,78f2c4a064dc40a2e27cea7152848d8d,404cd453201cd62ed29cd1282e5b340d
6455,2319,c9d8ab02870dab37d48eb2e92634e685,932444b3aa435c79e60d39fbae41a0e6
6459,2320,681f402871b1ea5219693ef52ef8b450,02cfac9a8b3ebb7d99be8c515f94756e
6460,2321,72e008654c65dc4cfb5078683b31f336,69bde8942448cd74a95f7cd398f641dc
6461,2322,9c63903577fe960c86b3df20436acb33,a548ab2e915c1a5376fa28f8fa4e40c6
6462,2323,08f7d56363ba7b27b544bd9d9fe4672e,ba0a47f3f93b9028e4831e2199df12df
6472,2324,7969f7ec728d35e083595dccee118332,be6726f4a29a2aab3078e2c142d3504e
6477,2325,df5ea85f419a691741dbe1313d4d5656,0ff970e07dba655db89f3d5a341ed7cd
6480,2326,c9464b52c72ae411a4c6a25424206cd8,d3c4097bbbc7da97b8a3f97ba525d887
6481,2327,8842c59816393bc8673790fac3719480,5d933d2ce5c02f7101c00c86cb9d0535
6482,2328,03dc9922d7656fd086c4f68d0c8ee7bc,71ca96b1c1e3b6d3de490ef8ceaf9c24
6487,2329,9ce82d056b76c91798b5c389b47d21f7,563479c19f7f4b44667fe0addb4c0dca
6490,2330,ce1e1fed79ff89afaadd7e0a45648678,12ef138346ed685eb5b0f11b879a8cac
6492,2331,297921cd39d1f206352bc8a9ee1773a2,888dbef6a388605d22f2e2344a52c249
6495,2332,47a2cb8a8d79b3e48daf8d44491432fd,8c8cb1bb8374764bf4266ee359498c34
6496,2333,ebcbabf3a5124ad68890a1519919ce30,746a466c681eb4a11d935ddc97fa9e2b
6497,2334,35df145f6771c056398d6d614b445516,60e8ccd65a4aa0e4af0d6ab84b3bdf89
6499,2335,7ddb3c311a821d3fc455acdbd0b76ea7,686ffb490df317ebaba0ef249e6ae953
6500,2336,6570cbbca7da02a1296576d1e385f013,c9eb5dca009bd688da5a251fcbf7d2a1
6501,2337,ba119c15a7fd8eee4cb52772a2c0d3d4,7dec3254149f683feea8c4a3a0af1d0d
6502,2338,88d64ac594b9d1ddcd22f3ba2e79a078,a49f8e9df14ba55fb938225f5f11b1b2
6509,2339,f638fc86686733e12184dd04c20bd09d,72e80168b4d7e7da1bb7e0991861b0ca
6512,2340,c5b04e05f0071b0d30eb21dae14ecde1,844d36bf159ad830440cac966e1d363a
6514,2341,c303b0cc21927dcc15dafcbf78146094,0fa9ddeec5549a139414b6bf6af60150
6515,2342,cb4f91f0357e6bae8eb33d9c8ed6722b,cb81bac66c977d96f57bee14e36abe4f
6518,2343,4c5ee34f5c8a92795736381a8a62302e,6ab750a54a20a34b6b917bbec9096a63
6519,2344,65c544c93ae1a2e8d55e25dd61eacf96,69e1739c91a2d8be2b8e50d75687426c
6526,2345,a861d2545a70dd6f52dbbc9b8b965de0,e0684e505a31777963ddeba290bc4fae
6530,2346,6ebff5b85f0487e96f93ee399b4ad15a,be8ef825c40e3e634819481e64ac35cb
6540,2347,6d29d5010e0e914429dcbdd799184e83,d88b0a02362e09e5e554c76c8efd8ab1
6544,2348,ef45748d8429e1e5e6d8ed55ee2b30eb,3b6e66fbd0a1ca5ca003a94ba26f2644
6551,2349,088b5cbd48af360c724225ea690b0f2a,aa649d792bd2fda9ae089340a6c7eefe
6555,2350,bef9549d846ec285d259dfd09d1785bc,4ed7000994257508d9ab8e936ad10c38
6566,2351,f079040c0a8fa6b80c0480c77f6394d9,a5816661e63bb9dc006bc63f58216ab2
6567,2352,bfbed291149b9e48abeb5e0f2a6c8bfa,2fb57af76a781b0c26aeb2bc8605af31
6570,2353,ec2d1f544103354554f3846370dcf7ba,4d077b5954094aeb28172efed1f713d5
6573,2354,987677540cdb1bb960f753379d21ca6d,5bf2dfce11fdc263c47a66c814d4c531
6574,2355,87e229f1dca563fb5f2fa5afea027013,dfe4bd89079dc665e92ffecfd10c2795
6575,2356,8b38ae28f941814347d427bfe759642b,92b2ad5f757bb6043f8b5dfb0d038ca6
6576,2357,bc5bf136712381ea8fc7ee57ad150511,75cc1e38496187cb160b09c0e47be795
6580,2358,6cc32893496dd82da6f142b77950cf5b,007a61e36c12f4844f9142940cbb0b41
6581,2359,ddaf5f9e44972885cbc04cdfa7824dcc,e94cf44e781c709c4cd784e04ebc9629
6582,2360,90475d0d569a4a87f1a9b0da09ed1a32,461cca15cafc69eec0a9d37bd065599f
6585,2361,e87bc167c8eb326645166949fccfc257,6b9a9211cde9c2148579984771990c92
6587,2362,be2da2fe48057035c32fcee79bc821b5,cb28e1c382cec74e0166c682d909a970
6588,2363,f117e9e76464d01ee06e375d4e606757,bb0fdde5f882aeb528071989a5548c53
6589,2364,5f4611a096ec35a9c35f405389b1a595,4511513db2274d6ec8827af1b82928df
6591,2365,3ca0a43ae453dcd1150485be59b26703,a280d67bb9ace54e3bddcea95b73e062
6592,2366,5d187deaf9ec759fb6bd989c0ec5ea00,0bd770c27ad963135bd4e02713f7282e
6595,2367,d1581f47c293bca86efd8a0dae9e2959,2bcbcce03150063255c6efbf416190f1
6596,2368,8141aaecdb308ab9460341675d9c8549,0e141b7a911adcd1a1fa714078121866
6599,2369,e63e84eae8f4fefb4d97d8fe8a91e551,50296069646c158e05cddcd4016e00c7
6601,2370,441812935e200355ebe7c9cb9f1e4265,2e9153806fd76b327d1c5643fa9d1d83
6605,2371,5a7d10e765b06a6dde5806aa6e7fa647,b9729ff52d612696f4ffb13581e616c1
6606,2372,d2149b81b42c05c6c2bd6b0c87f8fc5f,187c04727e5be23cfa901c86180fe9e9
6609,2373,a86657e6fbb43d976325f2e05f77308f,280e1f7ad1c4d49e730b6b0362430737
6613,2374,ae67a85c50f09530076be30633ce9d0b,8d0d666eaa424b2f6ab2a17c6b66debd
6618,2375,077adb96e2908797fc06e7bd882121bb,9a10b5104a87a9c62db0d825ed1e6de6
6621,2376,230e705c13e9b79cbda665c21eba56b7,8e721b3a35e50778ce11cba071fee88b
6624,2377,f39e547fa170c04d9877e847fb6a80f4,ac6198fbb8bf3209869f157b951aad36
6626,2378,150bfa6f2a1f447ffe3141d635b08724,5aafcf6838a78fb2c539d412b7727e11
6628,2379,a3bf191c697ba3c8d492fea1f83f3a53,0a23608be0b290f539d9760a7476bcc7
6634,2380,50ae427ed550df98e271d548a43443ff,b81704c781ff7465c44121e69610ce90
6637,2381,8c75b9fe675d8a024d17a2555df9278a,fe54fb8d34dd02bc6b4cb007ab188170
6638,2382,1c54a096297c43e4cb6a3680015c0e3d,913b1918756698a2d77425f6dec32d65
6639,2383,5679376035601322cafc0d68484d26f2,197bd18ec81f5e47ac17a8ac4580e5fb
6641,2384,34545ff86d67ac54af2f95c0470e2047,b1c5fbd3eb0b591ca28cc7f1e0fc7304
6644,2385,db5acca66a214c0ef53d7127496634c8,73e6e4fcb293439b29135097d130ffaa
6647,2386,e622c1ecd1732f115fc212165e49c65e,8c042ca251bb275db54e2ddc2ac41104
6650,2387,cf0587362a6780ce0479b9d474d22c44,22f1979ea2cd3068d4bce5251e9e630e
6651,2388,9d3dc657bd76f7b9edefce0787a5bdf1,499ad9f06c65dee77356af220053b432
6653,2389,eb56a834a55addc65c8b8d1a075f9b2f,4b9cdd7e85fc043edb11a9f084e24150
6655,2390,70a7bbe272c38d21287f8a95199a8a62,9f2620be13d2a3958e39a02866107845
6656,2391,49684b233d5e1c0d66cd6328fa7d5b18,7319fb6c3f97f906e15652a78b93b815
6657,2392,f02ea496e88869b80d9ce2b391eaecfb,86ec92497eb9c8598e04d34a959b6813
6661,2393,a41b57a16c1e7e54de72be13e14c3f40,50878d9978fbf6b2a62f6dcaa48ea27e
6663,2394,fd2db81180cd95205af716d2521e2704,4840329fa309a9497ae17c11caca8a12
6665,2395,4473f3e51dd4c8460b9fccd10bad346d,3ade47bb3a3d9474223c43d0bb39dcbc
6666,2396,ae3e9553688d2bc3fa8b9f29dd88bd48,4f96483e435f00514de7b6c66ef7543f
6670,2397,34a6c6c63bb027260a2417d982005168,3a52d50984b5fb19183f5f4ef2bb3bc5
6673,2398,bf2b2c91fe9191bfac151e81080da9e9,ca5d37c1aee3d778a230dde1815e8bd3
6675,2399,d116d65c5392b80443dc57940353981c,848da3efae0fbb22cdeb0096effb426b
6676,2400,1cd0778519e1985e6029fe89a5c5c0a2,3ec03684beba0a9f13cebb70c1f691ba
6685,2401,35bd5857cbb1e9bcbadb19ed4c019206,fb8cc241d58853641526b9281067d1ea
6686,2402,d0cce65ff8683a690e3d3d2b67b7aefd,28f18228aa81d7645e657e66e5522f73
6691,2403,a7ef8979a61630f11af1c9b2d4ea086f,8c3f3065bc86012b78ec6b9c20b4fd75
6692,2404,9d4239207c6883c19683a1f3a9edc6ef,c60ffb7015e31ebbb634023c187b1ef9
6693,2405,9f4fb0eefc953bcc20eae44e7353001a,1b91baed79cd18800eb9fbbfdff63585
6697,2406,b6850fa49990e142324464e6f5fbba57,85e78405d12967bcc3fb28fdfb3232e9
6698,2407,8051fa27d2977c01c58c8dd7cfc86b2a,8b98ffed8d89876e6bac070060c2be48
6702,2408,2d52446237b115e519b33acc62d79eac,bd3280735a8f80dc07dfcf679a7f3339
6706,2409,1155bbab7e8931da84f770f50063c087,e32d7f11cd756ed346c8900e8d95aaa3
6711,2410,f2041ae612ed7b9959d769ceeffe4950,e612f2f54b0f5473703b57d8696f7a8f
6713,2411,d7876c7f7631edcb7bd986a3a69b868d,765ba2f26f1f8164de324e4968a9068f
6716,2412,0412d7fcea64881dced3da750ad73aa7,d13da8d24b1380f4e12a78cbf2cb1c1f
6717,2413,b278b22cb825f13950346a2d098c9d11,f13227b482843a0c7f09b141dfbea2be
6719,2414,5484efeac0802e0f83900cb23d254afa,6c55b910458b66917ac1239b378ce7a1
6723,2415,bd4dfe2e856adc227581e049b0001c10,a524f635e1c2f34da1dc287e5d804cda
6724,2416,f4639dadcb450f2f64325e3214e0951f,4931614e41a3b93b02806aa011cdfd3d
6725,2417,06ec33a3141c0968a365ccff563d6ae0,0abd9dce01210199e34fd49b11949a00
6727,2418,e7e8253206e5667c2c1b778ddc078199,6951786d9a688dcadff91ea08cd4376c
6728,2419,4668e2e4cc298f20158838a05e9ce9ba,390926c42a9d0506b5997b898e77de34
6742,2420,2546fc011ab6f5e6751c35613c21dc63,1e179cfcbfeebd8ebfa2f29510cce94d
6744,2421,a8dd93bef1ea67f8ec256349cd5824ae,28dd905de4074fe05ec51f5d5a9badcc
6750,2422,40419e4e56dc7c0a5e1befc5bf21202a,9a328f765f98686ada1ad61bd846a0dc
6751,2423,44db199956974adfcdd43b6343917898,64f4aff46f5b8e71360001adbfd2f004
6754,2424,9dbd1fb8de9b39852fea856799c103e2,3105c34ee3fc41564c766ed9b30a87a9
6755,2425,f497b0e34479cfadc68d2e93e122acc0,a92b598156049d5b895c620951c8ceaf
6757,2426,b873044b743f6ef66832d601a0416f5e,6438b14df3f01d3454a79dadf5530872
6761,2427,7c54b6d8027bdcf9cd94c5375b2a3d4a,05812ea3e84c8c250221e0bf0febaf73
6765,2428,e592a11d106539767d533a28d6e6fa2b,71f5f532d59700ade797306adcd06006
6767,2429,df4afe390aee1756f8d01b337c7b4dc7,71a37c53edc16661f3eab27528890183
6769,2430,f2a5d49565c0598828062d01ae23053e,2f9f13dfca7544314fb9d656781f40ff
6770,2431,dd64769ac84bebff68b350527afecce9,d8a8ce349e0cfa6b159781cdcfdf5f4c
6771,2432,ed4f2be2f02c6dbfd5a53e065630781d,b1f13858967aad2ea0ba5b53d12cff29
6773,2433,84b275061d94a5cad4b6561f182a646f,defc2d412187caafe641b986300805ef
6775,2434,a45119252a942f78fd2a02ee3e76ae94,1c0bb1f55611bd2af2a0d586f42eec69
6777,2435,caaaa4f8174007b93f7379d059b3053c,0d86f4b08c4a7953daa0ed079fd2b574
6780,2436,8e322e2a2b8c44d8154671d8faf10949,239d51035e6220ed9b6115303c3bb3ea
6781,2437,1b4a41811401ee9ea479edfd14c80966,2d1796061dd0e9dbe200a63fa2947690
6786,2438,e0d4fee0d5f3f6134f6a1ce9552b0eb9,bd2ad569b9908f556df62c912940cca6
6794,2439,459f734141f6adc1af11c6885d66aba2,efb910a131977c4fd00a18a1d51d62b9
6797,2440,c641d7a84bd6190a40c42a2d876f1135,dad2c85d71940a672b1b1c048c1a318a
6799,2441,793349801d4e1e0116a23d1fb58c4c07,db72e1727dbdfc1572bce998c768d9ed
6806,2442,7d7523388535ccd7de22e488093dccb4,7c7b51a17fdd079d15e6251ce99210a7
6816,2443,7911b4469fa93ed0879eafcf0f5ae5f1,e9bcda173160925f53479c59946e71c5
6820,2444,8d50a98f8471bc089edafc42a4c8f7de,07c2a3e14ec28d7f7d64c78b109eaa5d
6824,2445,698c422b1a3b8e4bef56d875b2315cdb,79e56c4e9334e18915aef2239e4d3ab1
6826,2446,815979d18a94eb9fb7e7e47d70c95a86,e0132c6d26708428fc0d87595ecf288c
6839,2447,629c1e2cee4a15d12ba339ab9dd9894b,8bb2a944ae3e081af30e603632785a9c
6842,2448,8bcafd898d2f065e06d96edcbcba7c15,95bb13162b6afbdee7201e29fa917a15
6843,2449,f28d186e4715cc0a24410a3af7b9e248,dff3e9a2d1d5c736e060b2d317a87056
6852,2450,b691c4b8d0165daa02beb1c44fc8a6f8,df1f5a71807e44a05b1f8323b8badc84
6854,2451,ad5dfe29ec82f6c6de426c9f6463053d,e7b7c001185be8dcef166af01748f462
6857,2452,827165aec9f69a959e83be40fb11fcca,a6008b70cd73cbbfd03db111c6817a97
6858,2453,5f8ee7d24e321b7ce0afe2ffbdc9bd4e,1c5eb0356661fa2066b50e97bf2b2520
6867,2454,ba069dc7090c11f5296f8613894b7b2f,9e5dd94f9579f9b55579dea32677f87e
6868,2455,90a625763215fd9f40738ea24d8a4c68,66de835eb4fefd846afa36dcf3a9df4d
6870,2456,54da562d5ab1c756a24fcd58b7757b62,8d2e89f897ae9ae30dc95b7862ad2021
6871,2457,cba6556a2ac491597ca6ad9d71cf22fc,0ba55713bbd988ceeb9db3814d0d417a
6872,2458,62395ede523cf440f21cb8fd0bbb8721,072e7b16763c618fa68bebff8ff58ade
6877,2459,8941ddacf63ca5530d1fd14995b008c0,79a06f9b9ec697f9d276e1e053130c4f
6878,2460,70d744e1931f1962bb514872ac9b52df,4bddff9cb2edd28eb926cfcf783ca459
6879,2461,bb330b3ebdad86627b1926ea7c1d4093,7d1a7d52e4f5a8a7df860bc1b779c68d
6881,2462,eeea0cc667ecd8fcc9905aacc05e4519,bc7a813a76a5fe4294b8775e69cb1131
6882,2463,f2e58ff59d1ba5950d747fa14e9195a8,7a824af0a997cf8522a96a5573d52777
6883,2464,e64efb676453338d424336e3ecbad5a5,d461dea27535e5c2a04758285cbd3bb8
6884,2465,35a64e154d1a8bc20bf8721a9193bd25,42dbe7979fc2f34dd3ca33b5c136aaba
6885,2466,fbb95e62ffcf40917081bd57e7e56ada,13b30f276b736e2e5fbfc700b3468302
6886,2467,4fb0be8b9fb6dafbbc3a2537c0a18765,229bd9aee8081e88557a8bcde259240d
6891,2468,a7c8c8a6809d0bbc046622de311e01c6,d7573584ec7acb0ca367a6d4c4633336
6894,2469,9e9e22b06aa999fde0aca4017dab2174,0a73c0443decb3c046e55e63b787ffd4
6901,2470,f0a97c5571d8db81af12f8ff27dc50d4,879dcbd6fe8303c06c2a0d1855b15a2e
6903,2471,68e73a18f5b3e7990d9a33a66322f178,9c6fb720c7da4defae4d4ee1a89e6e8c
6907,2472,f84474e5cfd407c1933dc2566453e214,2552728190c33970f5037a80ebd086d5
6908,2473,d76091e52f0a669e8358937aa329eddb,1f480da5a1b2a0a59106f096b6209395
6909,2474,2f99f797d3a3ff280b9e2fee6ff19c5e,5cd1984e7f8348c401ab36fe66023c43
6911,2475,18314ec28b857a555133e1bfd7619f0f,04ef011c1fc832ea615c324ad93fa365
6913,2476,3f4cdcf39bfc98b9a4f11c830cd98b11,be1d0e34948b2e7ea55950cbebadb244
6914,2477,f2c62ac2be182b0847c742c5ba46ebe1,457930e9ac7c020bfd842b7f73c9cc3b
6916,2478,3ec16d612a643eceb140fb2fd4a4a988,7ef4d57f799cdbad7c30f1ac53b26c84
6920,2479,39ea1a34c25e30ae65c53e32249ad438,468bc130a018b5351abb1763cabe51b2
6924,2480,4e39d995b4935850f18b136fad78e296,05b42192a6c54391d964968774ce98ea
6925,2481,e0e5d5f88efe85061584a2b14a336d3a,b9beb7dcc9786f7d68db1fcd28a50bc3
6926,2482,da502fd3cef68ea062d19c044726a6e9,ae39b6d5a3010f23a7974926c191c042
6928,2483,c13e05588d054d2a930e7276d487a6be,0a0044c3f978b9b7e34349ad5651d68d
6929,2484,d7b85c8a560d67200946f3b0a131c788,8b1a342478b8f135011144575804d3e9
6930,2485,886264babb8926323c73d90b5d5759ae,86254b6d09aee1991884f80cea1e6e89
6932,2486,aa5a98dc055d0282bdcc2b5ad5ae8c07,5550fbc7a5f68e9c74122ad8ecdaa33e
6934,2487,38a65f9bfb3b82e8eb4fbf9c0bb4e91d,cf68d0fb27b539b20be212d27c09571c
6936,2488,e4625f44804fae8aec5e0dc436a8e6a2,0b8b151256f9df6569c013bedf88c4e5
6937,2489,995b17b70655de854c58f0121efd0f74,5c1db38a559e653043ff54c17831c715
6938,2490,c56903ee39fff10be3a256df1bd893c3,18af2a74a739af599e6ade6a27d29768
6944,2491,a1fad353dd06ba2aee52c09606a0d3c5,e7c0673cc53d4177809daf3554965cc3
6945,2492,299a517b8d5efa54b11091bdb6512e2e,e40df9a3cace321ed3d74d675f7c543e
6948,2493,40fd096459685ec501406f6f151ff07c,045e864396c82dd2f16d8debea321aa7
6949,2494,af75c3bf213d368a9bcf61051e7739b2,9f07224b4edce3a75e3cd9d694f658bc
6950,2495,71101da0f9d7826612018d00f0565635,c2afd867b0e7b17df61a45c3b3593c16
6953,2496,ede33225fa898e6fbf2c2f9a331f03b3,e0b0d96f506c1abcd4c4e53904ab24af
6955,2497,fb4ae9616804fc5baf5448d50954fa67,0db9da4d0cb5b200d163bcc546268107
6960,2498,3f0fb1978d6e2684f3770e4ccb21d650,ba7f525b5c8dc42ef07d9c604a669c2c
6965,2499,7cb3712f503b17546ee258acff911e54,96dcfbe883f6d02d3bcffdc81ffdcc0a
6970,2500,312b67d7fd80ff39a0084c0f2313fa64,e17f36fd659b3eef30f4f2ad076afa3c
6975,2501,171dd91899b60906d0ea01da871bd878,f4b2db1c52419b8c7d629370a45dc6bd
6976,2502,f6e66572cf59f9db17b809d932272898,33b56d1d2466662c77037364d6f18dff
6979,2503,5445e0de6a4508569bc2fadd6b63cc81,8286c83e54b10367f0641c5e8978216d
6987,2504,45469e3faa90f484a33193f385bc3a76,5ea52f1c29da2baba1776db0953d9a21
6988,2505,16205677b228b81b895d339b02f8bb07,bf90c9cbc4b61bcb5cc9b4e95838dbd2
6990,2506,5646fa2d951001bcc97d33419ac6f726,ac12ca0349d2752f84375d65cf707af6
6997,2507,315c1b30caaed87cc500de261ae56b1d,c96d45467d3660e8bbc26812ee19ad48
6998,2508,ac8ed0f1676c63797a4f9b93e4e07313,cd7d350d1ad6435a705b3fd0a6083876
7000,2509,e6b61abc66207181ee62f2bab0ac53f1,511a7199f12482f78344e511925425d7
7001,2510,6dd56c035672ab532f40bc5ea8fc9a40,6a8d3d5048e2b8680b6083ea5b203b90
7003,2511,a446826dd4ca6c6f42bab1ec141138fd,c679b55bedbd87d9c9d6696e3766820d
7006,2512,ca8e7b4af7c354a84d9c43495b038ba6,42ec8b836d95e9fbb66242f2015ea35a
7008,2513,81f69b88a32368026426a1f84a4cd30c,9c88faf9a2b0df29e3e63c04a65324c7
7009,2514,d805c752b5cf6b012f6995ac0528bd8f,ed54bf011b6deba35bb87801b0a56ea0
7012,2515,913220389d3895f7495a494e66223cba,7379d7d0a3768b84228b0646e98f38ac
7015,2516,bc918acf0706d8edda8ab295b8572843,77647f09282b24a1084be274667c7979
7017,2517,da0f064e1f2fa36cfbb2cdc0d5f27d91,db5976e6f2c6160f7f7ac975701fd383
7019,2518,1eaf0dd99e26dc98cbbef167c83eb4cd,ded401dd049e90fd1281edbb0ed9cd02
7021,2519,1f47b1389f5051396cb3cda5a2631329,aa706bc1d0373438e8671d2a63c04a90
7022,2520,d7c85b1026afc8da7397c2d4e0ca4203,bf230e5e185a8d7101a54138cfefb8ea
7024,2521,772a15a4541b7798c223fa1f7a4cca5b,2830be861f229d4f96a246e61d2fae73
7026,2522,a46e5b6ef2310848297a8c53a512ed43,f5ec41fe12baaf2a6cdc49d8f133b1a8
7027,2523,8ce98f52c63f96cc63622832236fdec6,456e7e7a288c22118c81cef31f9e4431
7030,2524,54335fc7301c9f45caa81457dc73563b,b9c870dd27e44c30bd8b9bb9b0004c99
7036,2525,6631e2ffa16fc28c7776f7449a68ee82,fea4aa9a01b4c360d0377b3d4bf389c6
7038,2526,9b773c72d28a981f7337ea64da75ef50,935c2a4d5240cd3ae29df084abac4f53
7040,2527,7ae0b4b789c6aeca0aab8616d6477ad9,0192ca21ed9bbc5988ded664fb609bd1
7042,2528,6eb45b127ee734ce7a34047ec0c327ac,f25c81df22e25fc5bc1daf3441589b70
7043,2529,93c7584d904418a126d13e0b895cd709,b59f60798ab3644ed219c4f0c043474b
7044,2530,7e5e2770bcd2741541aebff3f542cf72,c9e9f8642f701511700fdbc42fb29313
7045,2531,4a964e193e95363bad8a0fdd70bf7998,39eb25642157841697452583be3feb42
7046,2532,9835ed307cacc97709bfcb593fface1d,0410360b43489aa5ad212559aa0e0085
7048,2533,af0b475d8d72ade36c877c2315c9e668,f5bd30239e67e7bc502f6746340ecf8e
7051,2534,17db74c0bd8bc4e64216150669a6e973,2b6b95829bcd85fe8cf6812a0a787db6
7053,2535,1b23e68c225c81b726b6b8918af2f51b,853101cb90ad1212809812bee721f156
7063,2536,cdcbae869acb7f9d2419b096e923cde8,18fe7d3a9253b63c4de74dc45ad5406f
7064,2537,7dd44d40b7e0387743f21c3a605c28e1,fdc54d80a1a890af5e550cd32d0c1e05
7066,2538,92f69aaac65f4016e9d3e9d902c700de,0958b9862b300f8c16db0e6cbc7fe2ea
7068,2539,ec64492ed782f26253d36c66b376d5d7,db4424c59d2fbf35c18bd49cbf9eae55
7071,2540,eb629454e9c452229002314a7acb4385,d43325d24b5a084856bca976ff66cf3d
7072,2541,de17995b6633d2c9a5798b1cc8c7ec29,4a1732e322b9994ccbf2f5d41616eb07
7073,2542,81a72dd2ff5ec6a6db82a76d5352103e,12b9cb9fd4dd9764df105274e74d4c8d
7077,2543,1874cf936ef12fddf893f2ba9e337f56,bf978253c06f0f48f8c4efa11517255e
7078,2544,c87a158df40fe2421d77db8784e6f81c,218246e92107c9e4aa4944aad303d794
7080,2545,e636552df3b5ad28f4402e9fe2cd8aa1,9742a7a19c93266c1774ad1850ccba1b
7084,2546,b16b72826350ccdb4e9a3f2e9fbc0708,16cc0c907bec442097e699fbec2af381
7086,2547,4be39665f2259f5f936a5e8068332c59,04182427463ffdccb6ba0d3ad16851cf
7087,2548,c528019f38632dc170e7c2a7c8941022,a7e0155f74680e5a1c55455416e6c67c
7093,2549,168ee35620ea66cfa655b2d29a45a32b,a73f1b9a9e21114778c2fca85cfcdf94
7095,2550,59b35ce6dad685c2d2ae24f38f1885af,2a693b3483f5c8e4438b8a9b458fee2b
7097,2551,40a5edba5ca44364533d3cb80636cc61,1bbbcb74821a1410583c5d5d67ff2ba7
7100,2552,2b65a119f815dce5b3e0f73e9a91798e,0725ea4ff6240bbcf5a95089a4cd0023
7101,2553,c6c64521e85759ae177b17134a82373d,9ef3eca2737048ae69bd9812561d28a5
7103,2554,d8acb76c6ea915bced692d4f2ae4b77b,ccd2dd4c4c668996a4ccfef015157b98
7105,2555,7130f6c02defe8588a54125d22fe237d,e1bd261abfbaec62b26d81e3fa85c91b
7107,2556,2509e0abd1e7bf55e233b51a47400761,5fcfa73cee8c2968da96d1e4d270506b
7109,2557,e7f16af379513448c6500d660b19dbb5,a20bd6b6eb25aff2e50f988944f23e63
7110,2558,a368e09899af52f4e3bb788061245466,14b690f444643b412309640aba82931f
7115,2559,7e1ac7d7a0dceff3b9d46a68d9a54dbb,678a27efc68e983281d7002f794ccbbc
7119,2560,6423962fa0d9c4d71194445d86adfc6e,56dcf5cba8c580784df79dfdc672f548
7125,2561,53ccd6e547fd3b29ed25a14e843bdfb9,8605c10f6d1a3c7cc3d5c47b51af325e
7126,2562,50324b9ba822505f1a8a70d83747e895,278787a7b81ed0d2dcbf30cec30bd1c4
7128,2563,c550261eaf337f3651ee27cb33e0200d,7ed2dfe5a2dd9dcfd7828a0ceab89459
7131,2564,7407a3522adaaf7b6126ea9aad811181,4f866be7929c4fbd2ec217e1bc9bcc8d
7136,2565,466396f36ddb388d7ed614e2909c64dd,c5a889a9d3ca5ce978a5a2cf52f26d54
7142,2566,0236e990281ebb5fe606a8272f0f1e11,5a2a1e0717e51711c53cee25bbbcd64f
7144,2567,16cb684b227fd39393412cf3b39f5ec4,c1d48d3e77f4af9e9f8cbb2a78afab26
7146,2568,d892f9f4c53fc01eeaeb4d066cab57ec,e18212185de8448f5ce6e06b041a79ee
7149,2569,fccfa5621d59dc837466b7494fc8f81e,f48872d058ed3c27396ca9bd32d4fcb8
7150,2570,9d45c0e698a88de50ecd36b277f266cf,5a23eb20222ee7e0b25ec7edade0596e
7161,2571,64d5cb75ce89336b6ac0e6f154ca4778,e9af7a8f5688ba620ab731ca0e958bea
7162,2572,309e8056a1d7ddf1b70900e715240197,51961b4ea7c04d03006f8ef609072b34
7164,2573,3898bd4afbf0c2308f8403ae1198e07e,f531f1c8e6deae20d0f2f46fefe076ca
7165,2574,8f473f71e8f0fd0974f4e26f16dc87f1,f61ae248981842890fc43c6e72a33855
7166,2575,aec4952da0722062760eb4739387e937,d8249628f70586e5bf7d390652b2e32b
7171,2576,d4012cc9665461579209f0a5979e1e52,252d5348c430b0618bad4a3d7305f00d
7173,2577,cc5c34f61486d97adcc610e868f60e49,87a668a5ee60c0c137073e97c883741d
7174,2578,a999abe1547b9b1b38ec91742f51ab6c,b70f48faa6f3627de45bed8029aea012
7177,2579,080de8f464e2bca971a10256cd5ed7d6,50234f30868ae18f86a43025d801a4b0
7179,2580,869d1e68161fa31330f1cb34091b0355,8d2d0f53d65f183cb7506fc918233d77
7182,2581,5f5f5df3ae9cdc9b6ea50dee449706b1,1028c39298b04e7f2b290c4161a3fb4b
7183,2582,689260543c16f56f0401d88d4a838934,097a1da1e4de0654f5083ffe9e866fdf
7184,2583,86c4f37e416eef96b81c335e51dfb2c3,185fc77f634028ff4ce83c4530438cc1
7197,2584,da7b465846b0bf1808d374cdc6204261,e498e26f372b225678cbc1ca8ab6729b
7201,2585,0d48607a5efe4c8a4c72b14c25429d98,be2ff81f5d63026ef46bbb2f074deae8
7206,2586,1412740113d3b6d4b1617ecdcacf528d,848a6e989404f92ebd4b8f5ab8a01f00
7210,2587,49f30166c37d4dd68652e91de6b07b48,96559b8e75178c10071f1bbbe4db13bf
7213,2588,e19603ee2048cb72b87682f6ee890d2f,f148e1c2b805b8e16c3fc7e7edc3191d
7214,2589,e07b322745437626804e134a066cf8aa,6ce1ecf127faa8f5d39e2c6349a1a8fc
7215,2590,4573792e55ef55d20a072ae545d6df54,c043f6d86469fe9064c0d2db52194bf3
7218,2591,a222336d919cf5bf2cc9df74bdaedbd6,7858643294eeb8dfa09c69ffb6039834
7219,2592,5fa986ca57d22e2a5828ff5be170fba4,95f1bb7e5e03a82362a7d126fa076d64
7225,2593,67a79f842b64c87e467141fdc05e768c,cef643bcb81721621aac2c13f983be03
7226,2594,2ad8b7ec81ec97b5119cccdf342c605f,b6bad06daf53bff35a7790b3a0ab1ea4
7232,2595,b10862edcf6e8afe65c7dcaacbeced20,93e8d11c1d124ca7eb1ac24a4f1a56c5
7233,2596,9df3d4a7accc12e31f5cadf3a0b77b6e,09f9294ee5cc1e1b54e288eb64de9016
7242,2597,d70cf8073704c5437cdfaafe3669d4a1,b85f968ee2f8685059cb7039e8a5766f
7243,2598,8354d12321065569d439e17f4c6fc11e,70d0d8c5bb5ac2bfcbd2bfe5c28c14c6
7246,2599,4d55748a4d11e9200c35d5b190dc19dd,a4690ff3b231269c32b09af426764ed1
7248,2600,b518e0d30d1e249e094065cf64b96b39,c22165950823eee48a5b13ddfb93f97c
7249,2601,aa57733a6fa47fc95247ef6f4b08d76e,ce97624251b49b02a0447724822254c8
7253,2602,790e07d5798a9ed8392b403d89fc2842,50e6d399b69a555e0b60438c90fb72cc
7259,2603,554d0d58cebd630154c2bc4dcccfcc5d,e5c24d8dbf248492213fb8e2049240bd
7261,2604,fe922840177f02d10464a17022b02d26,6f7f00da5e2806568c4fd3a2ff6f2f3e
7264,2605,49fada615b247309acbcb71233e06c68,714530dd4b886c9a370f2e42fa41dd4d
7266,2606,2a2b11f1430e3c174548bd1e4927d46f,9b524d97f5851401900603e3d4c357bb
7267,2607,b6367cc2f1ba791a294163bdffacecd4,e26af28759f150347e24942132eef26c
7269,2608,6c222b8e93be29b968cfd1b81a3d3241,18265095fd08361e85cc655609dfe941
7275,2609,b7382fb5a64bee1063b8d75eba893108,4d3c2889b2a26e06d3e2469847b30650
7277,2610,a532ac9a4b82a821c003024d4e77f8c6,358787cc14decaa3a03b6d33398da395
7280,2611,cdbf5304cd10a27c7d10edf0f41a9842,291d2b600d8e83c3ea5dd86ccb4b1bbb
7282,2612,b409f37ee64cf2bcd108abf56bb60036,968c3ae07dbdb7f8b40097de5cc7f75a
7286,2613,e2594a4ce975d0fa2a5d706446bca0ee,caf40885e7e431fbea13b86005305626
7288,2614,19b114fc6a757d13c36444488d5de122,be13d827d910a2a290ed73b60fa973f0
7289,2615,dde9dbe12fb8f0db3d2f4b3899dd2df6,2fb372151398e69ef87ce436be529cca
7292,2616,2a115ca6f194a4cbee6cec486d332c95,5c6598d0ceedfad4d3d78ea13d7d4b29
7300,2617,be59698fee6ca0e6e3dec1786a4f3ffc,619ca75861d007b94365a90c1ed719ca
7301,2618,ef1d4794da61eb99fd32c58343287b2b,30f890d19193235e694d24e1d940d459
7302,2619,18262dfbe4406498482de2eeff5d6960,ebf323f44ee22c7ddf616fdcf8173820
7303,2620,e6349b5cd7577ed43ecc7bdf0307a0dc,840da5d80ece88a59f170088eff7a8b5
7305,2621,81204c2a359831bbcce82c369caf4b92,9cfee4e872beb3809b1895d58a17e2fd
7310,2622,7304067497ad53287853e3f750fcf685,961c45a65daa72aaeec9d4de14da199a
7312,2623,75b95c4fdb71cc65be3ea3870bebbe1a,1dd82be8105c0e2acac86613af8be19f
7313,2624,b418607bafece225ca2350190a0eb8b7,952c8df293c72a8ccd6045116351a7aa
7314,2625,f8cd5d6ed44cd02de96646ea22e2a317,d09b7276e05c8fd8093bb1cd596ea363
7318,2626,a444e7b8b95789dde6edbce01281ba1b,9f7f411d3afa09a9bf314a23c072596f
7322,2627,956af4beadf75c2414b6509af5df590c,d819818a44fce027b63ec1ff027c701a
7325,2628,d908939609cf0e098457a7ad7145910e,0e50ea44f89e8f84cc70786709e26e54
7330,2629,a9575fef26e8cc8875da348f9c4806ff,ab3430622ae137cf91f00766355b5104
7332,2630,ca9776bb1619d6e915917dc40cf1e654,aff520cf6d7ad8033acbaf33bce0ef35
7336,2631,f85b69d27b81dcb7e007f057baddfcc7,bf8ca690a14aada2d7eda1b7635376e2
7338,2632,4bd1bd4d02ec4c90e6da5f5dc02054a5,e3bb411204dc63f7b6bc139e72d6662d
7340,2633,1848c4b02afe852e14450edbca709731,4d828f703b6e3900792230c32c687ae5
7342,2634,369a3d6c9bdf5bf50b420ce6c94fc7c5,d34933856646a95983f2c857b477cac5
7348,2635,bbf903dd26b33570ebe6fdbed55efe30,2c12100344c30efd61f273f685e73c55
7350,2636,f51dba990cf581fa0869dc7287c95710,c08f704bb5905ba1709bb519e6d97ceb
7352,2637,8cfd52e8fe71754eb215ad08a23b5d30,b1d711e8987eb137f5a017577c729a94
7353,2638,e7ff9e8f3f1821c9ebdd6d86d63ca412,8b678cc62190c4587fb6fa22552d75c5
7357,2639,50a81d1480b4d9b50e83a9fe08042762,844f81e2e65921030bbd6e384f2770dd
7360,2640,ca039c17064660339ae01efe792754a8,55b1919293efdcfb6736e98df9669524
7361,2641,557beb512c97a5d22bc068f7e759031c,3f6b53189360b7feb9fc9f8a354dcb66
7362,2642,cc713fd6cebfcaef4fcf1b2dd21fed3b,a5dcb163e05e149b8caa9fa0b99f5096
7363,2643,44583f2ea78abd65a31374f131f12785,fc7fb2f36f493069d2a7d7ae0a2dd090
7364,2644,07b73a1543aba12b058b5f3cabe0b9d3,f4f6dc3a415c07b485faee3901b29b49
7366,2645,ea61b56178e8f32d2efb637562e57bc7,c32da7a2ad3f8065e152310e8d90dea1
7368,2646,95408135e78afe86b56f7ab1ab31725f,afe632a00590baee56c21fd3e220200a
7369,2647,f25f9542ae7cdfe7bc85b36a21a4375e,d8db0c90f94ce3b8d4ffdcec983958f1
7370,2648,0b1565758ef8fdb521ba22a6f05fca51,74b3bc65be0e2a5d5666be1cfd3d9c88
7372,2649,ff01a96a7664d914860afeb540996e14,c75d99932f5e374bd3ae37ac8cd60b7f
7373,2650,37c2395de24aaae54f97162984301c6c,57c588358ba2ed07af70dff513512dd8
7374,2651,06d0582ebf319462c711967d90975fff,68e6f33ae65514e5b40a6e88dae75db1
7375,2652,289c96fbc0309365e7e4b6a6b363c798,d785356bc9ee8bad100c3e1b2d3788ab
7379,2653,b516d85ce1bf58b258e7882f90328a01,8c1ab41ae9e733719be7d3ad6604df0e
7383,2654,10c5d0395a69160e42db8df801f78e45,a6509dfa1703113d65498df01b5348f7
7384,2655,7053c83f3f38c57e8a92a31cd42e33e0,4fc852fe796c1ac9ddccc5aa9f6ec262
7386,2656,47fe1009eb901616f99173c57fcd82da,49c109f5d7f498459155cfd87ab96e62
7390,2657,445a032407669ae14ba9f60ee41a8021,223068a67aa6f0710d943a8e95aa7b26
7391,2658,110220bd4f275f241e4d3fa3f29f4fec,e86c2704e457b5abb3be0035e1a4e5d5
7392,2659,c8a3e7f8163527a829572519b4904ae5,745124acffd2d3c07a8f1eed500398fc
7394,2660,f59bcbd458683ba935c358ae0bd2551c,c0998a9b066ad262389d471590ff506c
7399,2661,869bfb4f3444e6a4eceb585fb78d2c13,8cf76e3fa5e365fed0ed3961a225f4e9
7405,2662,a8e72c6650155d3e10e6c630db76bd4c,6b7bc8a0cb23ef35f18f8fd8c57abe0a
7412,2663,b57a80864e06e963368275c5986df305,cc48019ed4b997fc1fc8db449cc959eb
7414,2664,252c5946b0bcc297421fab09ec8bb35d,5922df7815ff74681ab9bc5b117a3585
7415,2665,e57c7a9bc87a73bffb8e5fbc09af7367,62267c0d63ff803d9a64866e0b21fa49
7416,2666,770f30675d41ab672d7397fba1e6e738,757c432a764ac7c2b7fd26d78cc64bcf
7420,2667,228e19b8596d2137010d6516deefb48e,f712b2d9f966bf4c0daac8073eedf310
7426,2668,e7f1db77d965b525e21b8311d0e11b00,e5d55a8ce143e3c78f2257edc4d82d87
7430,2669,6879a6c736274f68df1530f9b46056ee,7608bd30cdba1e3b45943ef1b556281b
7433,2670,fcfef5de169fcb6f9b5c30cf7f98b280,f06ba94273212654cada5abe2f74388d
7436,2671,7f3902706db317922fa076df10fb202d,f0d9c4709f83a4aa021e52d3f31d25b2
7438,2672,25800565fb76c97086710cf001da3b17,32d360a8b96e8b92445a7768a3a3a1f2
7445,2673,c1141c11f1dda30e64a246b8d383a8b8,d8666ac12e8f60973b14cee796e6cac4
7446,2674,dc9f4782d87b67f3c727e1375d4880f1,e4453dfc4a790d78c3d19f99380defc7
7449,2675,9a71d10e358c5550c44fe1cd97c9fdf4,fe17d9a2604374f14715bc2ae070cb6e
7451,2676,ed6f6bb68b15d540f6c02fb33ab32906,f0f6143d39b43cc2d0f9ee2aa5448130
7452,2677,f3650a0d3f58cbdd573f5b3ef7af4387,e2cadb8c84b20369d146f46f7a9e2dea
7453,2678,309c70b3986beb9663e0e1e5f3ae1865,68fc9ce8ea0d20b09f338428fb4c688a
7457,2679,ce540c62300280daa3baa11f9c591d93,923c37724234f4dd745f1a2cd26a74b5
7459,2680,04e9d4db1e975b9b4e5819bd1cd00716,0088e0a16dd444fde2473d3339f32030
7463,2681,da1de5f9523858551f8a48d119c631a0,1d133c53914223d9fdb40ac8347dc622
7464,2682,1e75546b4bfa2221285c11052f6e182d,7a921b6409f71a3220cd51c9082a4bf1
7472,2683,05bfb410d59f2b964ca73b2862c6bf57,6e9685ba9f567f90ecd4cd8cf6025f91
7473,2684,a4be3d8d85343659a52a8adfeffd2ba9,f4c870266b00dbcba1259f40be6b0002
7483,2685,d75bff95b9195e58483f8965a1702042,6342c723a253eba7ead5fad0a07720b4
7489,2686,c4ae41a34c5e0b8ab27280d534ac862d,b9db79ae007eec608b0f8ff01fad42ea
7493,2687,96c854118b0cfc76ffddc3f764755a1d,1b08008c83e88200d012fa532349d6df
7497,2688,d9c834b2877a8f176ceb665ec393e2d8,1ea2b529f27cc74601943f56782353b2
7499,2689,bf574c0a1a2be9c05fac54064e77af2a,7789dab4c1d1944756bd0e5c0a858b5f
7501,2690,1d5333b73db2248118ffae62e9b1c90c,a96f1cefb6da93cf7c586f692c654365
7502,2691,b9be183324fe2ac0d2a1b7e018c54c0d,7c61d53118e708866b7dd244a85185b3
7505,2692,d3018c3660630651f87912468eb207d0,fc9477469318a4d4c3851b933b0fd2c7
7507,2693,6f367f8ca614fde01ad1da3d876200c4,b89847c4517df4ad665cd617cd6c5945
7508,2694,8c5f17ea1192478ec078ab4e73dbf42b,798dfd8406bf2de3f90fe77dd6aacc53
7514,2695,47e694da948133329cbb58f51157f320,59dc4e7834a7841b820130ec5edeea07
7520,2696,e13b1aa1dfce605db6edf698e977c7ae,1e4262be25f63b103cb4c9f96bd96048
7522,2697,34853d44cc779d403c1669bbca8e14aa,5f3010962e2f53b1e491b02827738137
7525,2698,46b834b7d56dbf4f74875602fafc6b51,e0f2ddac82b2a53f425509869af95adb
7530,2699,b57229f2b6b0e748fda991d4adf39810,fdb013b0af645a9a6c8d9d4a4ae69e2f
7531,2700,65c4b1c94dbc9313710402e86b5ded06,9e76429726d2dc77587479724a8cbc20
7532,2701,6e20b5e67d676f60e00c058edbc1722e,91d37f5c3d4fde61bb7a0f042df035c3
7534,2702,4282b031e4cdd98b04c29de9e7f4efbf,441e2d490e931345918aee4cc0d54566
7538,2703,c8d8fab7f9a0f11e655e4b29f1615461,e926a3dc6f5da16368ef61b42f1f7476
7539,2704,6ca2d1a2882695795b44c27d41bc3f71,c260f543e76a2df83d3d3a7a1caa688a
7542,2705,07d52553c795c6254a6d0ca1f68b7654,19ffe5168157d9e29804f73babe6b4a6
7545,2706,0d7578c5eae255df62de34f2ce2fd2cf,19fe77eb205f4d4d5a5dc6e701764aed
7546,2707,bdbd6cc2a26a1ce938e04c617ecaab57,f6faf8636de3f1794b16fad3b33611e4
7548,2708,d2a7a5c5a9afd3dd8640158811f386da,7b78a780e487f0731314bdfb19c666dc
7552,2709,d2924489c43410d778803ea9c25645f4,eeef85323baae5619d4fff70a3540c0c
7555,2710,37b874fc1e03e9c9e7bee165e7cd27a6,4bac53604ea6783611ccb2916f9a5071
7558,2711,e262c1aa58c832608c3073c83cd9652f,f6cb00b74b5ef838165b49891210261a
7582,2712,c2230c7f2fe3f48c1f61d7222e91e224,c9a89f77e95f3b96ccd265f3577f6d5e
7586,2713,0a0f68ca7ce9ddb264842b629295621d,b1b9b61a260d1930b79f2de6a2f22828
7589,2714,65b6853b7b64b0cbe8ce0a32b6c9f159,04c19d2147451c7d6ad77c3a96a1a119
7590,2715,97c9b7ccbf740ea50d948b1667bd9ffa,20dd99f425cce219759377341c064927
7596,2716,f2a7952eeef125e264b6584975f94363,35a177ce338ae7310a6073927955f2a1
7597,2717,4e3f7b099584cb9091762087bf2613a8,45f78e049ed38f1a6c007e7400337881
7598,2718,809777f7e53312d7fa19caf8869f2e30,d0cd360e1a44eab9a07e938fee497515
7599,2719,9f44ee122a3caf05aa0a2b81a647f5d3,97b798a8c4989ff05ff26657f1baaa0c
7608,2720,ddb4f0b992895fe106c869857aaf8f21,038c1dec77e9e75db2a999498439d428
7614,2721,630e9db532be78989c1b223955ffa8c0,e0b10e14941fa4eeb0aa31bd3715ef3c
7616,2722,5d90719ca841496b7a5b30caffd59fc9,24d33502b4ffc1d850b377fad3461645
7617,2723,2b91075153befa92b69e8ca9152d502b,d3e154cc99debbdf531e2ebafd9530ae
7618,2724,c3f08cb9202f968e1d34c6f06c9d69af,cf2443efc8653fe1dd1f6d88485ec5b5
7626,2725,ffeeb59f471a297bc650a4130b60c7cf,d94aeddb130f22ab987c865b724df0b2
7627,2726,d65d09a304299280601e759077941c51,25109af23d07acc893caa561bdba855c
7628,2727,010f0c938805b0b4b4008a7fe35be0c1,71837231665f5710df741890ab0b5664
7629,2728,6f7da348e5a51dff2a33f17e484fddba,a4be14c638462669682e49c0238686cc
7631,2729,0b24d1730a4338143a06e1aacd97f02c,0c408fb7d9b570c2ad2d7de92d05dbee
7632,2730,ff62b3dd2c61c930536e12b9019bc179,0fa4f7e25f8ce30639d4f63519f61e97
7633,2731,630a6d61806ab2eb983b179dd386d986,dc90e9144999f122051af73da0876b9e
7636,2732,31e329bc3f5834b34d375b0b818867af,7f207f11f6c09b0b96e23df80375409b
7638,2733,2bdfff61b6b6885039001dd4d2caec5e,c706d996602890d68fcd2bcd4cefdc40
7639,2734,f1526bd18492c1708ff77c5d2abe6534,e005fcbd00e1e7129965e0a7dce0561f
7640,2735,de5540d7f7055868bf2a9b30fc9bfff7,eb84f5e807d0307e2a66186364a212df
7643,2736,62a94a4e05ef0c88c8e2885434e85871,89953eda887ba0d80d13423dd15ab6f3
7644,2737,ed3cc5b12d2981b755b7b59ec6d3104c,3b55175b18a62fa3ad49b12204b216e5
7645,2738,4e5b2c059aaaffdb0034fb0e06055562,84560fce25442b5efd083af67306a6a4
7647,2739,6b53eeb017e9bd20e415ef10f7226174,ecfc8fd513282f59c0aeee48ef10ac68
7649,2740,d60d204d03cc72ff29b08a39fa914ece,d2fc1b938e0bf389ea56046698e955b1
7651,2741,3bdd885a5e85f4bfc564e1050943ea27,cbb574152ba85b4c6a3405d22902283f
7653,2742,51876b5b63336a9fe979c0d3aaf5accf,8206e3909065224cfc815d00fe7560f6
7656,2743,2968a6ad4c091c015b3fdd417e2d364d,272cf37f3efeeb5273ad7e58b1333532
7667,2744,ceb6f781ac05a75e8d4f21d664884bbb,6140d550060125aef635173a516abdc3
7669,2745,f1f103f091ffe02684a5d7e8eeca3af6,0a58fb239cc49ca5c1a9eaa382686e09
7671,2746,8db3099ed6b83aa6fd0008cd51331862,e731cc81cd1bb44ea4aec83425671dfa
7675,2747,37b09efb1c53a7d6410c5ca68b456b55,83c8945054dfc7657a00338c1c04717c
7676,2748,da0d2b3a5eb1a04d4188b5d3b2f83edb,7e22ad723a2af7575e7bc71f7ada2dfb
7677,2749,df40e246898d3b83234916d98dfd37bc,3a1e97dc368676ebc97eead5ae5755c9
7680,2750,10d89141b961bf74d27f8f3412d6ad68,946b4b006971c29ad2dafe295a090218
7681,2751,2718c056d8e4fb5ab84a7c64e440617c,c3b64a2c11e8bed8eab782b67ddd1302
7682,2752,6abd5644f35be38cfaf3562f74e52fd0,16b274d020d7d5517811b3fa3d61df81
7687,2753,c4b63d70df49b4935ff07f0883530729,f11ebb245484d91965eb114828ba28ec
7689,2754,4d91d3f8082dc389ec313c93820ec19c,b9e5659da79901a0346c67998f764cb8
7690,2755,3aa013a218849bfa8a7e3417fde755af,1f0ffe2629e91d79230bf94a85992482
7697,2756,c065f386442b5f6c6504f505ba24d40b,ad1d74bc8f97132cc32fa6486f2dc421
7699,2757,f4d1a3ade710acbf9cb2ceb3b728d696,ad6bdb8ad24e251a5d5c18b32dbfe68e
7700,2758,cb987421c66afdd4a4fdd95045b9b1b7,55e3ddfc008b6fbb9cdd2924a49b347b
7704,2759,014626ad9b7cfed3c0ed905a7b148a76,5400a687c407dc054e03255217a3b81b
7705,2760,503d6e4e4c97313a2b661eceaaa5b160,870366c5871684ff006234c300614e77
7707,2761,80e24f3271cc52ec4780be03844b803b,bb76b3cf3ddb20d6b6877a679041fdc2
7713,2762,c7c8757ce27a71f1505904bcc6453d1d,43c4d1cc0ad7451b5ef640677928f2df
7716,2763,6777bd9fbb4d10e59ebdd571093b69ad,d499319a9b3bc7aea8b92679080d7def
7718,2764,b3aefd3322cf91c974768ce60222bcbe,e7f7b7ea504f9cfda0b3afacb4ead83b
7719,2765,819cbe9312138aaff170ea43c528a5ac,2438ea3344d96f6046090a2198a37715
7721,2766,e0a789e09c3a22963d0fab87dc869502,373308e924ccf3d6eebaa6acc1273b0a
7722,2767,7d6130248570c2526288c6c38a59fdc1,43f5459e2e297a44ce19d1385b86f56e
7724,2768,edd0d0d3f257f545c8a2f44f18a1dd91,c9d8d9ffaccfb4ef199d2aabd680a7bd
7725,2769,ff8d28c690b745a090a84722497c3852,f6faed91041e6e3bbe25d208f8ab0fdd
7727,2770,c0464993b82942431b1b531ff0438b32,1a9be73028b269eef292d809c0f1c5cf
7734,2771,1c9cf47d286b81699d0bb99d3f35c546,682a1fee7b33e3d20196c2228cb33ce6
7736,2772,0e29946d365cbeb69101a779f79a2ecd,c30b484551462a4aed472b16497fee7b
7742,2773,f9f410f588b464efe6af9535ac7fa1c9,b8d0f8337d0bb77e02528651d12d47db
7744,2774,45dd0207aa9aabb5830978b27d2a62cb,19e5107ccd9f56ace56a88783056f4f4
7747,2775,2cd12503c2aee0f8d07176f3d67e2df2,cc2133613cd39af0a6edaa5bcf603dab
7750,2776,79924866d2715ff25544789e37476e85,29bb65d34d9276cbf423ff5b4979b806
7753,2777,56ddffc3f64bfd0232d8b9b95389e377,33ead10dedc2b25d7e4b421bfaa3b909
7756,2778,26243565c79a03beea571d567fecf4c0,c4d6495cb8f7d4c397e90b74d1de44e5
7757,2779,3e676d9f7aeadf45cf1e3941e5a1bee4,9b9440872c913ad73d440df25d2044e4
7758,2780,8cec6ddaf8411d7cd5bf40bc7f775ccf,71c621e0fcb4ee2a574333dbdbf0d9a9
7759,2781,2117eca4653bb19fff004fd8f580525d,355da4ac599d7f65d70481845f8aae13
7760,2782,eedfa201c1ae196c52968579b17c566a,54430be96d32e09a4879715433f85d11
7761,2783,322eb38f140bf44fb5ec004698d771ed,20eef196a2be657f80042d33c858aa27
7763,2784,dbf61dc756b6527d7542f2cd1e866128,407dc33de57aab0bd258518e759d88a1
7764,2785,e644684a8c1353f290251f251f2daac8,d8b670c8adfbe05a2132262d4b9e71f9
7765,2786,626a6eec106113a68383631afd6b702c,48a2a6207fd4e90ab3226b7c93bc72ff
7776,2787,77055e436e9485e6f61e1734883e5f0a,8aa1d529d6e0f65dfe9f3793de6687fd
7777,2788,deda6fba831c68405f335374fba3ae3f,cd629033d69f6b1ced99156b710a1834
7779,2789,66e4bc33ea0b31d1600314d4df4ef75a,2d0a0fb247c5058aeaf0cbb6960c6fb2
7783,2790,8d0b836e4f9235488e29f9950efbbb57,c9af998aae9cff5909f0607f9bf330df
7789,2791,506dbb04973fec3efa0bef54fcb37e66,2258999cfd6c2a97e1f4e403d5df21a9
7791,2792,02122783467d65ac244dc5f0e06fd684,91166a88e1306ee8459b88d97180ff2d
7794,2793,cacd6826057eb8d142489011ac6fc41c,09c1072f005ce2b88678b4e305aec319
7795,2794,d4b9597c649127bb040960913d886169,ddf832caa98c9db5685a7b73b85b4563
7797,2795,4832a61497f3e99ce96550b87ff38acc,9afb6c1279be0c1f98a2b5f658b51af5
7799,2796,1a10fe95a4216e74d846bbbc3dd9f20a,c6a29239609c978b152937a536131d07
7801,2797,17fcde3288976b57b9deb1d9d9ad189f,10008fa2c277c495428b681c4d4c40a5
7803,2798,fdf1ff6a0f24daadbf52c7419911d06a,00a33aaa59a291c57647976b2b01bff0
7804,2799,fd4b62128ddf103e8af148680da461c2,67e816f301e083fcdc8447dd538ac8f2
7805,2800,e630c3d3987398c6027f384192ba7fef,639b43f85a334ca18cc6b3e37c8f3084
7807,2801,80f6534f2bfd5405376dc94b9dd49192,09045ef4496f4f9eeaae6f1c66347baa
7808,2802,72502f8b497e20d5312c2e997caac34f,d4861d82756eae03ce9305b3cd26696f
7810,2803,02399ab079d9922ea56659f7148e6827,6c5628fa04be9e9a942fa380e3ec91a8
7813,2804,cd364adaa28a4ee5e1b8482de3c24425,3957979c697051f05f74d4d4c42021e5
7817,2805,7d0fe9b4fdba8a4e122bf7d638e6de9d,ac9062d26b2d133eb6139ce486ea8f00
7818,2806,d1b0c0267c57847c9d7e1b71c8cf0fff,171a9ce689bfef8bbbf6c734f19f3ecb
7820,2807,8e1870e0a122069abc3b87be9d78d811,ff1efc720d2e3ea3725f4965005fd00b
7822,2808,e864ea2b7c656cd9af78cd8fac85e08d,a96626b5a2ff19c45d6c1756a66ed6af
7826,2809,010d3b0d8ed522df97b813ca7ab86ac7,76539656b01bc0d06d863ddea677b204
7828,2810,6dafe643027b28f4e4c93f15b24d7cc3,ae7847ca03ddadcf20fad89a47fa1108
7831,2811,82cb32ded3b1f0d6cce912ad82906479,626d0a2cdafc2185ab5422b4c9bfa964
7832,2812,d7e30a3a145e80ee36a7ac3e33ba5dd1,b063fff78dfbda9aeabb1751cdeccd82
7835,2813,8cb0cad8202ef93ad8beb6898f1f95e6,b7b0179aa788ff82b6e859014306d821
7838,2814,ba3dc0c8bf3944383cca856454f36d9c,c353950ab0fee8e47769dba7508803ab
7840,2815,944eaf57b33a523bb17bec9c0c0915c0,3618c279ea868eb677e8018e13dc450f
7844,2816,2d084448c9022c85a378ca81cb6d15f1,4ff8fe88947887852ce1a5ea6c8293e2
7845,2817,8dbd8c270d4150235a812f1e43e2e33b,b054dd4cc6a2469657fd33796ce96ccc
7846,2818,b95613ae8217dcb2ebfbe36a00931bb4,375f535301089190582c159f167cd738
7856,2819,dedea3307d1b3dc3f357ab15a62171ea,dcda04dac8c6092d7d0a7f4e40e1de59
7861,2820,14bf594c4a6698cdfb47160574e8bcd7,fe59297e6032b611a831babbb20c834d
7862,2821,f7256b219e7efd9a499dd15aeaa38d25,59ea4add9c045c8ed88f45665b88c24a
7863,2822,29888234f706dadbd095e4fcf7425ac0,66b161e79e58c5379c86b080b9795be0
7864,2823,f682b5fcac320429c1b72ee307997c2c,1b7039d24da407a81bffd464c0c3d52d
7868,2824,adffab8b7931b974247b159fabc20d13,4d2d9a4b202f5fc1f081aa1054f3447d
7870,2825,039cb17f6e7a88e6d48e65f6280fdd7c,d951f2554f46fac5d4e559692d901d9a
7872,2826,cafe68e233279c499fa703a0b4a2304b,870695f07dafbcef6947c67fb49ae74b
7877,2827,80bce276879bbfaf0d2bad74eb7cc701,89beaff5276660f13fe3a1034138e4ef
7881,2828,04f5e1bddb97ea481efa642325a29a1a,6d47577a078d65d8aab586bea3b3926a
7882,2829,15c57741c07228a06ef44b8e5e72598a,df971985b10672f2f895e887159f0671
7884,2830,41bc1c2084f6ceab005c94d5147b3867,b233681b5ccc3f84bd878579bfde2255
7886,2831,cd32b70724ed317502eba4bc09b4d625,e554ad05d208c2acf520af14e73c2907
7887,2832,c4332836d04659ce5bb79c30433c4e67,ff11c08345f6c3be2107ed885a23ab84
7890,2833,b247f70a228bf4495919994208f7f0e1,eeaaabc307fe4e4035fc6a837f0719d7
7893,2834,90896f1ac89d06de9b8605a11b70d9a4,b036736cfce06007ba1d5f88bcd26691
7894,2835,4008279ea65b542caf4d9daa2f211045,8479429b309d3f5306c0ce9656d52d2a
7897,2836,a09c16b4d09dbe0c6a955ae4a5e72058,31a8e8ce443701a0d32376ab211f4a1b
7898,2837,5cac7b9a2ddbe086cd98148ce4f9992f,f278b73308e9a9a703d88e039515c45c
7901,2838,9963a9178cea814f93cfe328e08e550d,659190d81989e05d6bca03385663dc7e
7902,2839,2cbaf0088ea80588104f295bed79616b,f848930066764414fe47090fa7680d2f
7905,2840,48badd884f8352e87385e1421d03709a,9cca84f081dc62636ffc79774b9ad85f
7908,2841,2fd1bc6138111c1935225e2932473198,d50c96ef2324fa43638fd46ef6c5259f
7909,2842,03b3033d069cccedf63e47b256ba83e6,33eb5bc6ee4082033c0db73272be35fe
7911,2843,ad7a0d0788c82954948563614928ca8a,37551c5820daa0a4525999d1e989c597
7912,2844,8a5ac41ebb6ca1ca6967d22025dac339,9676bd5dcbfebdb22dcb31159b92f67d
7916,2845,f92e86340d56370a167cd71be09dd227,35dc162450793c454b5032f80b1dd27a
7921,2846,bdf785113f70d7c9ad3f6867f0c98227,2922fe7d418d87a53eac60561e6e0778
7922,2847,54588aa8f2b8a9ef3bd05896831391b0,dd02718787f66bdfedd1f7414f393244
7923,2848,6e49657656ee5e2f34b7b0fc9b0d9ad7,321f64ce24340adfe40c8d18dee25c7e
7925,2849,7c99f6d438e978d6492ead70e5a822b1,eb36bc4fb230b04927aae251eb71253e
7926,2850,5ae24baa504adab8e1a770bec476ecd7,ceab4a57704400d79c61ef40836674de
7927,2851,0ba83d4d8a3e113381fa5dad672035a7,54b5180269a8b6ced8d1540312787552
7929,2852,54709bb7ae507051a356a780beef9501,c9d86091a72fedbf7634c31616ae3fa6
7930,2853,0374db7f874f1c701efdbc6dd590e07c,c5c6acc2f50314ad96fc38c54539f18a
7931,2854,44f60a23e50f4af881ba3463d076d9b3,14ad0c4deb0d46cbaa38c583de7282cd
7932,2855,124d9cbb20f3fc910aee1f7b35c5e3d7,1693c8baa291a2e5f29ad76d15976d15
7936,2856,e3a58267cf48b5843c553562a039c608,48bdb4c292cb03f834a1e6d2074d4204
7938,2857,0f71889c24609be3b5b9689a51474d1b,ef594fa48241d7c3f9903acd59a34280
7939,2858,4c5e7f50cb989a8c7df58222fa39df82,243957e4c36df672ee0ee1ea452b1f22
7940,2859,b15ca3fe52e832b9b0c667926864d13e,471faf3777b547742097b188ffff06b7
7941,2860,2e6e33fd728ffb0389865d351b9ceac7,a839248b625277fb4640e883a6a0a5c7
7943,2861,a64a699f16978e82941dc7892fa731d6,65c1b6b5489edc1890958bc096e078e6
7945,2862,3f60a8ab2cf41279912878d4ba870bd5,5386f639d2b651091e438680c4e5d1b2
7949,2863,a9252143fadf673c76dc615e410f4287,815edbd12835859b61c02e1c42ff78f5
7952,2864,593faf75734ed18152c45f766bea255f,5582f5d237ad7b3364c4d1225cb5d4a2
7956,2865,70d6990b0835f95c5d11e436994acf91,b49327dc32eca903b0a8085d69566c24
7961,2866,b73be87b9a480b7a2d82c83a19de455a,857ad740f92ea01c4fcf1c5f7e9eb899
7964,2867,a907ebf504085d7412b6f88e68b577a4,68ea8c9c84900a94c890505b380639e9
7965,2868,d709cb0e7364dcb6538cb81045afb21e,c6a988ff20c7b937b612eece23345e57
7970,2869,a5b61f41046503642367ef2443ebc957,0ecebbc4fa51eae217961945b01b7771
7974,2870,259e4087b402726e9309abad0ce8a9ad,00896a144bebfe0ac18f3629fa8954eb
7976,2871,2dfb9fc9db32a6d240c73ec46c9509ed,4b45237c947f405ff452c71e2e27df35
7980,2872,a4b70fe61cb87f4c491e7e8f8037c8c5,e729e4f131cfefe8e6e9e2d434291822
7985,2873,25e46a99bb2971b6245df8eca318f0e1,b524e226e7e519cc7082f1a30064f85e
7987,2874,c6456f08ffae9c080db8e1b2274c973d,c76ca684c29c15a178e5e61652152efd
7988,2875,675d184f803bc6219a933527a32b03be,5567fab101b0acf2f782239c153e61df
7990,2876,b8df01158a1039bc1b31ff348076c7f4,7538d8c19bff4eab0a739f917659412d
7993,2877,a4643714af5e524a1d632f20dfe8dfca,82988b4bc7089ad8f002b796e81d0310
8000,2878,0fdb494516a3899ee8e29e435f7c7156,1d7fc2a6c9087e10a2da8728ffd005ec
8001,2879,09b7891711ad12c48bc75b3870478eb8,2c5c94fa9c6eb2bca6ca40924bda320a
8002,2880,e89652f90bcbda0614d3e1701756ff37,e1591be38b75614776069153358597d5
8004,2881,e55d04ee9819650e60e2fed38e6f79e6,ddf0204c48210fdc978492a21f111ca8
8005,2882,eb7cbc2e9f727b86d744c7f85e2d4274,73d8fcba25e41d32dd0f1450a03cf284
8006,2883,6928e94ba7456433b9dc9db6d93b3c30,7ec01ac8252b7f298be520ba4d0aa829
8007,2884,b4066691770acccf9c0a83b97a91273c,4f8a5944843cee6265c086dce7389e1f
8008,2885,022c605a38dd471e82b7306653e89351,b82bd4ac3918e4bdbc10fa415427c120
8010,2886,cb2af8bd7230736fcdd5dc0773e5b8c9,f0d32d3019d30484874283350472fb5e
8012,2887,107eeb28ae6803b2967d20581839c080,7242f9b08a0d557d312ee99c700c94b5
8013,2888,d1110e904e97f2ef3c50c4439b8e75c4,5f504c53f37218e428e71e3cafb771e9
8017,2889,c577b83440abf0e6135c8fd5da0c204d,0932a357761633b5e84875677e07882e
8020,2890,0da4ca290efb3fee936f1aecf62633a1,0c1b72cb8595df044881bdb7acc5576d
8024,2891,52a786ccbbb38909043241b9e346c2b0,aa4eaa5072fc7982a1f0bfb46e531949
8026,2892,e656c435253f99b74e4fdb2f4832966b,a465b1db29a7381a217c4826f328f806
8027,2893,1e56ab74f1778cc22519fd35f250ab1e,2fc6212d9b8f8ab57b73a5c4d2cc552e
8028,2894,f6dcd352c53554da993d0fdb9ef1efe4,01d03b5ec7b81721a65d55f9384f8b8c
8034,2895,d6510a91fded3a52b4b0af03b970b6af,8b0141714d8357dcbc185db5edcf0911
8035,2896,2104d32c7e8473fd7385e99884f8fe95,a6c5d4b25edcb8eba149ab9dda34e235
8040,2897,6abd09a8d21aa5dc52a665f216f6dbe7,60a886960ff6a4d2092a64813d5e8e42
8044,2898,fe6b0e683f321e4c97896462ca68f2a4,1ef8cc16144c321b77c5a89b8bab68c8
8045,2899,eb1321710f7640ac56d75808a6e9b50a,091ddecc008ca2502be0e6c5e20504d2
8052,2900,598085d2c2352866a47f2e3f966c3500,bf66e970cfd3dfe1382df69de6ac0edf
8053,2901,0bd581399f3c1cd686f67ae83cd37dc9,458806c2f96858fb2ead5cac6a7883f7
8058,2902,f0212bebc8b5174db3bed271c2ed9e33,6ad74de12f423b786be01bb1e0a28090
8065,2903,e110b0cd598e42e9116cfd3f261dd7dd,82bde97dcfe0cc06b48e5c5da4a30029
8066,2904,03fdbe4b74b2da2a0d4ad6af37f00bec,5bc4aab060f07657f9d07b81514f69d8
8069,2905,057c1d76e36751a1b92d0c342a6ace08,76ca857989564569ad175b017a1b0de5
8072,2906,6c023208b497a82df6bcb1c04f7221ac,e4b656254f9dc64f376922f45433b6ae
8078,2907,c025f5730bf193a594beb8eb4d0a653d,613b09673e32c3967af81504cf2fb5bb
8079,2908,7ccfa04f89f0f12802f333da511b3abd,6ab5c6bbf398180e7bf13081e242aa56
8080,2909,1d8026be4c78655c38efc2b52a3100fd,02ad3c183a161e39e6dd7c351463fb2f
8081,2910,9cba3f9efdcf0e162c25d9802d29682e,053879926bd5cc49bf050d89d72e3d0d
8084,2911,63a21d2715b356d7f1ceec0a4eed05c5,bfb157336d6dbdd473db33c78804bd7f
8087,2912,e9603a834b58f209c880b7d3702bfa6c,ff888965b38cdca1cec3cb32ec4f59c1
8088,2913,317ff2abe04849382fc581354ab090f9,f5e00304cbebc3d20c581dea477d7dbe
8089,2914,36b1a4e31d7fb74c735d7d9a0856bbbb,f0b7c5cde88c95ca683f69baf8c3f567
8090,2915,b3a9d30ce6a87be83215a595e3ce9dd3,fc46a98eb85139b32ae60f0663be3e6e
8092,2916,b390894861a4b391f532ff6f89e88e2f,5f9531b879a144d13a2e4ff58a3719d0
8095,2917,1ecb6bd21937a57a150c17feef5f8dd1,dd28cea15a763054e7fbd080d02c6f74
8097,2918,be7d38d541ecfc37306ad42a658f77cc,1fbc2fca0b070f86d3936927169faa87
8109,2919,e594b1af44af6d4c67cd98a976901c3a,1e04f3e586ed7985eff4c1cdcc12bfcd
8111,2920,bc32334004cd0bd935280d621a515783,93d5f64dd48bc3e9924726cff6cec1f3
8121,2921,229ea2a7f3d0dbba9f1641d712eab897,5325df6bf34618aac659696e88bdcf81
8124,2922,2bf39bd60b518bf50a692d70ca39ddfd,0dcab743f50c7f28c8f6376e3846c036
8127,2923,d1ff199ab31fdadf01206e142d48eb3e,aa7791d74f69906051cafdac70ef9335
8130,2924,4d4dbfae31d0fe6b5e4f85ca472793bc,cf33db952a61b1095633994e8756ed33
8134,2925,9975a7e7461f66825c3bcc73cbb0bb5d,c54135e3202dc87122fc0a1e76c38978
8136,2926,d29184b5d04426a98be034c71e80afa5,4b66a135becb6a5110e35dd1db725eb5
8137,2927,f34da491d17a8bc5f95ee6ab940998a2,46ce53b3463c6e5898ddbc1550e06027
8139,2928,07210cfca225198b78f2504278a74938,f82e12a4878d174b513e888a160d2a83
8142,2929,4d6805e016db372ac5e389d658e4e753,dc57484085183beb58d54d5f9466bc68
8143,2930,b716f26aff0d8fa942aa80053017e450,f1b2ae829aa561d49a5b4e07af6fe9ba
8145,2931,d4b2cc76194973cc092b95c44dbf226e,11cb376a34ec0fe1de0440a4e69ee272
8146,2932,4044b150f5825a32c9b1b627ddd44408,e80d3d75d84c02e264b4ac621b61a060
8153,2933,8589ea5a3f0a60dae929a539022bbe74,59f9f64e2be029ca45bf7a93e00147d8
8160,2934,263bc3478233c0ff2d83017f367bff65,2e0e294de65a130517b2606ce53e5457
8163,2935,b1121460275897888f091eb0ed80441f,fb2193e47d0dd575a0c423de57d49c9d
8170,2936,9dc43e72a720976ccf532090e4a2a9aa,06f0d0754234fc2eb09dae9cddc6ebac
8173,2937,95ac0befcfae7e8c759cc7a9abef4efd,5c859145647eed3c2f53c97588818dd7
8178,2938,f7481e22d9cc92efb0d937c48ef04a81,4b65d1c43000c06f6bd16892c37c7f6b
8180,2939,1474ad114cf8cba667919670d296996c,ae56471a16232591663abd45d773fc9a
8183,2940,c31ef2fce4b14eb63d558f7164eae999,8548cccde5a5465b826373f9e5321591
8185,2941,4b2a58dc84589b1014d0f377f7445ee5,f3558d3b39a97ed1d540e6d5c801054a
8188,2942,2e55c694b5fbc2f3411b586f7e365087,92c94d45816fc00ac7ae5e3f9d6df27e
8190,2943,becb74e75a4686c68cc8c2bb2ac11f9d,b6f6f03b193cc9afa05a3a291be1cc8d
8198,2944,74765fd92855573120ca4e09c052cea6,fb438ed67e853789bc0e481e0cd1e8d4
8200,2945,1199296818b182eb1b6bb7e7d67dc7a5,2728988daff3546224f42ca29f35adba
8204,2946,be499f3445a9e188fdfa5b7d7ccfc4bb,cdb47be03247a29540d2cc9668160dc2
8205,2947,9f5ecd51c9c7f8b2aacae6a6b14f6e91,93c59e0882689ee0fddb5b619e3acc01
8207,2948,549be65dd49a911a8fc7aa0613446eb0,9eb26cf706cf3f5959d5a6071eed58d6
8208,2949,b58717077457d92cf353f28f508283df,c7269158d2b7b02d906075ef705f19f0
8213,2950,3430df9a1ba1a77502a37d9afddf6367,c7a1becc72416231ff4511c662e3540e
8214,2951,83e134d9a38c8f9ee24fa07c5d14856b,93cd37a1f386aaeafe059e2418106734
8215,2952,2bfadb220dcf79cfb825877401d714e6,56963d7697b493af955d049f209a7c22
8217,2953,c8cec208ddd67aa7410b5a72dc2e191c,19cf23be7dd25d56b9488181e9a8ca63
8222,2954,16cf10f87217a45f1d0ff2425a5f6ac5,4c12ae2e5740e44924f3ace41630a162
8225,2955,4be454748e179d6183bc4c68e2823ae1,5ed6a7062f6b5adbed4cb481d3ac7475
8227,2956,195a3f71eeccd3be65e03b8b208e6be1,bf99c00e3a50c5c96c59823b22a12674
8235,2957,9661a574be5d9fe5676fba0d246cb3cc,e591f7d60594e9db9f16c26536fb4bf0
8238,2958,2083ef62b3e6a795cf8fc1d42375f85d,f4b906622f2ba6c0a82cd36e34301b90
8243,2959,2c51c32b75bcf6f6ae190a158c2e41f2,35a9dbcb9a563f9888347092ae4383f5
8253,2960,3d77b785311459737965db1fc2836b17,7385d831d0f39ef8a41466817f2e4a37
8255,2961,9daa1b17816c1d2f13d813a0ff0a751e,e24446da7d1675e8a1dad7cc56ac34d8
8257,2962,f2b3c52902751b699c1887f05caf9436,df045fb82e39f90e2fcc67884a3e3dcf
8261,2963,bfc7cf7d6e613f3d6a8e7b9f0c7e2160,ae7b8666c1402211be144a309929fc8a
8263,2964,b4bd24ca2207c197103e9262bfab569d,67d05e146a2b844d30bf0abb6b99e0f9
8265,2965,1c647663da382195f96c62dc4efce15f,9533a8c396bc8e9f421f02411967c23c
8267,2966,e43fae48130b4c417f3a358295855172,1c8a468dc92e3b00142f1ad4535f0e42
8270,2967,785cf6b6c076415333d1a05f492b2c01,da74e813cfdfeef9229de704b60212b2
8273,2968,9add5532fcdab76c6a1cee1edbf59e3b,a150e7c5ffee9295eabedc70e6933151
8275,2969,50a0969dd1bcb6fc05bcde687e0eb027,9d24a4ef8a7c8dcf5c588747fe15a4e6
8278,2970,d1f79f4cff4ff1178a39f469d6903543,d68b40ff77bd9dd31e4745af1b6d357a
8279,2971,efe69a1f1f4b5e419ee96a9610256337,1ce92d4e8408d37418817dd47b0656f7
8281,2972,0c78bebc054cd2ff9d2125548bc1082c,e26e7de837d536b6a3f9ec27b03ac02f
8285,2973,89699df906dd2eb58d254b531f844565,66a5d38c42f4b51c2acf886ff13e4681
8286,2974,b03479c1bc4498f9e678826f2d1ecdbd,28eb09b0952eecd2a1c118aa2ff69ba6
8290,2975,36287ab3bf88d418e75b5c7b82338647,ca4e8f5c84e85dbaa409ddbb530112e7
8295,2976,e5ab01f0e3b542beab8b702ff3bfdb92,eddb83782942373e11b9c4e1351c1681
8297,2977,0723c60fdf142fda23f1e6885e02e430,228ae00f17a7c843c73a26dbbe25208f
8301,2978,2f14ff8f10b15b554d2ef055648c4712,95e2f2ca7d50d751512c865f9950b98e
8304,2979,7a2a09d86789a911573e8c7b0973ab65,5c4e9b978f14541abffd6c471ad358c1
8305,2980,dbe4ada67cb0b116eee9c4d26d903516,4528f12deff60ab184e4128981255257
8310,2981,84dbb147b5ce21af5ac46167ac7d2530,2d3f6ff9910750016f7f61a86a374674
8313,2982,dae382f88da9c5ad402a746dff2005fa,2f5ca965213cceeb8bacc4f59d3aa6b8
8314,2983,ba50768c1e36e0e8acee2e9768500132,c1b2d831bd5dc1c825ca9c6dea911c7b
8321,2984,02686f846cea2947def2c5c3a5a538a3,8444b37f06eeb8d55e4d0d1649e15452
8322,2985,ccb51521b40876d98d0db9450d6a9cd1,437b9ebba4535085d7f66dacb4721745
8323,2986,1d119ecc426187cb420b834c33b892cb,c26d7fac2bf511acbaaee1e25e0b1f49
8325,2987,e8abf5a070892720fdb86674c3b61aa2,0e7d678ed45605678323bc33ef4456dd
8326,2988,33e465cff29194f9beebddd53df74f47,970d0923622dce057ba4afb6467ea3d9
8328,2989,5e5907db155aa4a0440ad06f2678aeb7,aeca8356ce56d53ba825272a2f85c173
8329,2990,2bec8e3f4e316864010bb5eff21b8d75,1429bba78ba7f5f269d82001d32c12ae
8330,2991,5bd2841dc2727806365d9c41810403a3,e7e59c142bf23b70ba029180233f5d27
8331,2992,953e0ba8a21162c4765951fe654b671c,16aa9160718aee203757850314bf37ec
8333,2993,f66f09d38aca97a843fcfdc3dc70fd51,cfbec8735da7a567310df823f8f5c2f6
8334,2994,b639d93ad6f60896c2a3ad635d985c90,a8c198cf05bad7f225de5ff438498a55
8341,2995,24aa438dcd03530ee6e58d1ddb474b4b,ced2b207bae1d24fb79fa19f47217c84
8342,2996,030df95e24d892d2b05fa927b14984e9,3a631b291da7280723d2428bb1cc902e
8343,2997,b4f5325d1caa5c74ff6089616c3ccf80,457be7342fc5ba8bde4427bddf3dd3e3
8348,2998,579adc0bc5b0c23f35a525fbea90f102,fc4eaff3fa9afd2c09a69241ffdf42e3
8356,2999,650b0c71ed65e677681b22880c963ef3,f2d0fdfafb433a5471e27081b7fabccc
8360,3000,4cd959764a6d27f36f08f68460c93cb7,6db74cf63ff0557aab18ae4fcee9940c
8364,3001,424cdc91f2b5fe10f3bb20cb3ee7f11a,c568f6db937dd7bbf08fb505ee788480
8366,3002,07d87f0996ca5a8aec107b0deb9b32ff,c0bc966d878cd146b5029c1b68ea9181
8371,3003,3fd8441c8ff08bded691317fd72b1320,6b724d6bc3ccb3f17b7aaebfb3f82df4
8372,3004,e0ef900706d3e53849f064ddf5586ce1,cf74192a23a466f15ce619215081ac62
8376,3005,497d2e49e784a612b2d4731b901f5ae9,97573583fe2b4b860f5381a571fcf091
8382,3006,fe5a34b30c482030e271671c7eefadaa,fa9e13f844ffa63852b85ed3bb17f396
8384,3007,28ca7b40a5b85ec4aa30f89ad9d0da67,7c5adf356edaedc865596fe8f483d599
8388,3008,305d6a561748fd8425d2e1279716ab52,fb92d2eda5dde91abad5be54108cfe49
8391,3009,c60882ea6a6a654451154bf5a0edcdca,9133c9305585dd676c5e5cf43fdadeed
8397,3010,b297bde6790a272738783f5bd516fbf3,77abd63aa83c953b98744b233d974b06
8402,3011,8a5dedc8cd4ae12814d79038266d07bb,fb8dadf5844e4e9277a53c457d730f1d
8405,3012,0d7daa77affc699d3b2c2cb13f215406,f7af446dd53685b76174498141fd0397
8408,3013,f70a3ed676af4c6909ccf66653817b76,85ca83575bc054aaae3d55731b1736f9
8409,3014,ce751051fc5f0b8696b2824f46ef6fcf,cc7a48462e2e2ae48b7e6077d2cb056b
8411,3015,ae38b7fa1b9e07afb5a0b2f47ce179e1,49728d8910854217448518f76c12b323
8413,3016,b39465e01e05fd5df1eb8e4000ab6e35,9fce063c743b11f1d4e5cfbe6e206abf
8415,3017,5e7fc8b20ae884f8e4c83f7ae982b29e,8bd095c6de02a1a9adc38831719fe95a
8416,3018,09dff2cd1c740a3653a05a61c725c325,7de17935ac2d774cd5a767e5b7b14547
8417,3019,8c5e227f4b1a8c55771037ca0c179ca8,a33819c17af3d546d4352a253dcfcf3b
8418,3020,8570d0df9cf27a566313b4ee9cc4aec2,835e8336d97f9239205aef28c773eab2
8419,3021,91c805a57db8e635ee0e65dd35016371,2bc67a0d9aac67631c0d55af21e09a06
8421,3022,2794387acf157d659585ced31cb7c392,82299bae4099b31bd14cf7134b0e911a
8422,3023,7fb7a5cd0c3d1b464122c63b47fe24ea,a9446e51cf79c2b1543db24cf06e5811
8423,3024,1de4134578dfd29bd07d3f27c17fe4cf,7af6e64432c6e380f637da5a098deead
8424,3025,9f28f05b0af09e76c6e9bea499be7b51,a7adceed6619c74d19011e52dd5b273f
8425,3026,e9939434b61fcb4c82f15cdedfa6f28f,1c59c2f24fe0731c51259d4ed1accccc
8427,3027,bc223055ccc7b76414fe912242b3ddf3,93f348d38c5592ff1f4d5aed471fd8a2
8432,3028,c0c1b0f7369c271661ebe8f13b5a9704,ebe2d5c065e9c924bdbab1edbdc23c3d
8434,3029,9b561faa09f11c84c9fdec8e7090efb9,b2208fc90d7c76bfd5dcb53b7739d66c
8435,3030,6404bc0dce8ecc74c005ff3582248d9a,0a2a703fe13ddd4fc7f9a4a1207f3e03
8436,3031,33a897108f41aa2cd52aa355c4d68cd6,65bfb84642d7a0f7077e5b39c4b5b1a8
8437,3032,dc646f90a85d7770e40c8248f5ec07cc,ba5f639fa993a6103372c09ff76dee28
8441,3033,f6f9c1aa29819c608e384743a14b1765,8292de6799c5ab02778d4a918e36a19e
8444,3034,ea721ef4429b102ac60fdbfea4aa1085,4bbb80d70faab7abcc51e29f27fed996
8445,3035,5d9de4d9ac6708a716953ef6de395f70,fe11e2b55e747a256ad9cb16a2c08a56
8446,3036,ae7bbe5014e98db14d07ee0d8fd06abd,1a4fa0d28ad7a05d258aba28bc601bf7
8450,3037,dfb6d09c933686f32c9a3cdbfd355122,3fea09079e1c6c14d10608f4719a67bd
8451,3038,9067b8bedf9579f7957e1779b9122cd0,981f1dd4a7de0a78ad22be2660ae01c8
8453,3039,cba385c20be8a8d533925b104b276b92,1143420303a1fcfa4138fd1dd386dea0
8456,3040,87c79e3509ee278b0f878bf912315077,33ce8cce0d569561b2634d994cdf54e8
8457,3041,f6ac8faf1547f2ff937048bc252a8390,5b9f7befbdcb0f310ca3f57587294a7f
8458,3042,bf790d5e393c02172dba7f105d24cdf5,c66e2c84c0cd9d4e81d117b905708070
8461,3043,f24f519676388bae74b2fb5570ca1661,f7b2cd7de471c7eeda67aca33d234c43
8462,3044,06b688fd479cf0a1ee977b204627fc24,d16b6ee31376b00bac74da9d2c82656c
8465,3045,e3b88e2f524fbb8e0a7244b90a4d464e,020c794fbae3b5d2a08fc2b411b48a2b
8474,3046,45f9a45c89f19409326403805dad84d0,7217e4b521ccb218234b7b70457cf2e1
8475,3047,44bac27505a020d1d615706ba002cb42,3654fc3cbe38a90f7a6ceb17fb33d845
8479,3048,d3d16fd71c45120b115d5a409ce8c341,be0d6aabca84e8a5d0d0709f0d04b07e
8482,3049,a1f9677db71d6b1c144dbb11d475bf47,30df206d7aa798ca656967d16340c762
8483,3050,a14b126ffd2dc65e1e9aff51eb8dc952,d1662c5836e9a3a1412d94b0a929045d
8485,3051,a8f57ed8e00f484df037238a0ff30fda,b2cffe4ae88a984609e2fd69b7135797
8487,3052,f15763deb75795b3c213dfeae5b3ef70,079715cf191fc451032b6cad5b7c54e6
8488,3053,56717329a133c47cb213a876b14a0b9d,f9ba2d1de3986e8c93c614a3325bf20c
8491,3054,04dea1913214ada9cc29d50e7d862edb,de8cdaddb03f8bdad260eb21889a6fe6
8493,3055,2bb3cd44432a993b0c4a6a704573fa5e,907ca6394c4596ca58ba5745a66bdba7
8494,3056,7f803e70c254a8c6aa86fe46b2b4942a,0941a199948f74ec204747edde029652
8495,3057,e45623a15b9cfa79b2bc8d415e975e16,e903350a22a2f38378495ac8af36c620
8500,3058,0b37f13937289af609899465ca8d3d4c,795000be6466b6d09d9c5fe25964c585
8501,3059,5a58c1286ce94db983894d0f605aea7b,8fcc4dd0d286b8836de4091aad05c0ff
8502,3060,b81d5b7a0b18baa4e54eddc128f54086,c074091139f4f2a3f27972a41aabe3d5
8503,3061,61162ea6fa500a8c9c576af57231c80e,532888ee84a3646ec5d436baf09c8448
8504,3062,faf580f8448fa164042822a946f7b15c,e415567b9d37b0d88c3c00f943f3e8b7
8514,3063,bd9213f4c2b8b81ef8701bdfceb6c86b,e3dd47c5beb63f63ba161984f966bfe0
8515,3064,f5a9e1d77322a90575360f24115a6e24,a15327114d168ae74e9f195c17ff5265
8516,3065,cf7af016df95a42ed7654da0f8c4c33c,1148a43cfa3f733c6b88718f557a00a8
8519,3066,edae53ac26710d06ae647bfe40e7830f,c8467866355d6fff1876ccd4202fbd2a
8520,3067,139ebb9ab3119e2e2ae7ae5c9593b365,ce91b50d4e994abc4974aa369ee50727
8522,3068,b693a338ee9199174f7051d6bffc9c7b,345912bc803d65c048ffd4a96bfa892a
8523,3069,02d40a8a93f585266949333e88fb4032,83fb57c7b2917e7d7266f8d5b55aae98
8531,3070,60b24dc911c197085d0fa676eaa9d864,c557fccbb98f50072799f52b73f5ecd7
8532,3071,331cf3e3b6156b894dfd6a6c210b41ee,85bd23e76d3c6adea26bd83fc7b69b3a
8538,3072,22c641f726ca928c90545d21ac74c54a,a2bba47421db63729309f60b6f6e7837
8541,3073,a22341b8ba2a9e87be27953e9898bb84,619ac25e9dd8d8fd213a3d582e241dea
8543,3074,e0f684d47bfdea14def071691c477be1,ab8e7f06b64c3be8c18b8d0bf9a07757
8553,3075,26389a8833078da98454b64bb298add5,fd54be7c2b449fa5958db48780d9e47e
8554,3076,8c49d0938fe24b374e2d93c87213e3f9,434ffedbad6d5127550d97c5c8ed3aca
8555,3077,fbc2f5709375166bbd98bdad063b127a,a4c789b77b50a0c3be312055d837ba0a
8558,3078,1201abba8a1eeac19ff89586a8749788,6cd8a0dec0ed44eab212e2692efe2248
8564,3079,2d1647388e4916b14d030642ab3c9a08,493c5f326d63272556c26d8fd429c692
8565,3080,ef47f55ce8a48224a23e2bf7800bdeb5,949638f1e949b2f814c23cb9425c27d7
8567,3081,5b0af1249676da7dce01c60d27e1a9ed,bc9e29bfdc593705b6b2ff90b0c7c798
8568,3082,ecf9793256643cfb4c04e2d792ac4518,18256c4bf17ec58a67e6bdf7193c7987
8570,3083,3487a732754039f221c353c2d254fef5,24272fb80b1cbfc7b7ef315b0c80c232
8579,3084,772356518199a480f9a6ed0531b6356f,9ed0d7ff7a4bf32569e9f64cf3b72f39
8580,3085,3042bcb512a922bb59e6a46419385ef2,53f0eaa431c3ced31a88f55f5534c028
8584,3086,6fe1561231b35f2b17538e65d932b1a3,b6acd3e853b7d6ec1475b9f75dc9172f
8585,3087,90f72c94088e4e92f8f1806bd67ceaa2,5e72f7a2124214004a95154ca8e5df54
8589,3088,b89d275e0ba6735e8e4020b953c85954,82307bb0a43467d014bc48174c14bce0
8590,3089,03b2aa657a384674264bbc7fa33a5ded,0d2bd9a3e7c12c574a3087dfd7fc0c49
8594,3090,f1ef922d7d52a59b1b0df7dbd0fc6466,51b44c35c1ee546862a0bf35bceb0d90
8598,3091,69fabf12192f79aba1f337a8cd1233f0,57681a0fbbbc14e227f015de85e3623e
8600,3092,26b7d8ac28c2418842980f95a3276a4b,0ea13b8456a73b3f18155db0a87fa6c1
8601,3093,1c31390d8193947abe55677c654482f0,100b2aa4c5407c615dd195878c5b98ef
8602,3094,db1f1352941de21b01bd8fcaadc4f7bd,7d80820805d21c2e74eded3d5cbe2e1d
8604,3095,6c1955f42cf6c6e7f5d0fa83864f5838,031dbf5f1bd6ca8a22de7f02e6094613
8605,3096,c7ddf190f26136cc234d4c64ffa1e5b6,b65756db7ae001a5751bd992f0b95761
8607,3097,794a56592be96f7b522ed6fffc53fe2f,d390622455d13cd201b4b2f091de096c
8614,3098,e4987b1ae47e123c928b6433a5da0b7c,40b74ca52ff0d3cbd1cdc88da0925497
8618,3099,7f0fdcd6cf08fae546e6b88c6b4db99e,e38f57be1ce5ae1481272a370968716b
8620,3100,dee7d2cd1905885e1f348814cf18e7fb,318098b395f3eac4411f95935bb1523c
8622,3101,09f4545108fb27a5d7c87328f5500478,ce9ae67c36b353e16c9563361d140885
8626,3102,7d92f5bab2e773345eef317b9677ad4c,73227bd85d582b48e06861e902fa9a1c
8627,3103,da7b3b865133b158893788750640c876,d52f13226bd94fa0189d4e287a0a67f0
8641,3104,da201ffb51a19b7c79069786f025654c,2260714e07d14fd2fd24295621724147
8649,3105,140105291bc031975ac4e393ae6d1f3c,3b3d079a3cc94fe5231d391382f33c04
8650,3106,4236645b284e94cd2dd4c27dcb18e162,21b1da88f8c06d8b58332efc8c9b7b33
8651,3107,7c7d99c24d6bc6c736fa71e6749c7766,874af76e6b013ae679c97bbbdc4aa2d8
8654,3108,e6df3c2209afe1a53d8056296882ecba,fefe0244e8cb3359c4ba9fbfbf59d272
8659,3109,a9bd1d3ade5252a9d6c83ec512df02cd,ba19c2f0233efdc808a289622ada2cac
8663,3110,ad81957746d0774187daa6ff04feb790,5bf3395988025142b8cc516c0c38fa94
8666,3111,218b041f555a746ec7239702341b202e,5658c21fd0b90bbf283bed8f6f292ddf
8671,3112,ff1b7a0f7bb995d6c711a3e189bcfd5a,846d4df37bfc5405d53898e89396ba82
8672,3113,99ba6bfc10785c32e30c5d06b354218e,36027ed7c641c7a9c3ec6a84e849b933
8674,3114,82dc218ec8feb08eef2b3ad3642c3297,6d13a9741d4a094d936b87e8d24d8a19
8681,3115,3d08f6fd1f4ed41e211035cdbef3b2e8,90821db3ce770091cf27338edfa5e0b0
8683,3116,606a4b3f2e721801946270cc091f9447,bff9ab8427770348f8ae825b490a5d94
8685,3117,b05a182196e14dece945ccf857a32f59,214106497eeadf331e0be3ccda9aeb41
8689,3118,5bcd655bfe62b36b46eb13bd5df2ff8d,421e9b5f67d0192eab7a1670ba5c63f0
8690,3119,a305238053299a40b9c31073b32a7d9d,58844ff56e3343e96cd2ae3d4d9a0cdf
8693,3120,92076ce73160d81c235a55aa60afb6aa,c10fa03beb871f19bb8d2ecdcc45a554
8698,3121,2016ad6b0f2e104fb7c9aee21c7fb612,a95daa109d46d3f8b68a578573e91116
8699,3122,f169d9f425a5be60a67e25d2ce047ea4,e486ae8be7f466fd6e4624f8e641d60d
8700,3123,cbafb91c46866093b03413d517a42b96,1077cfa39b962903acc76014554187fd
8702,3124,dd140e0258b7cd0785be658145be28fe,ffb5539405fc799ec350decefc836eab
8703,3125,a79b76cbeb87ddbcaad11fe66f476354,64c26fe1e91d3f9fd190f1e4f553b594
8704,3126,5fdc1ca79b300cde47c97eabc88974ca,da48d4383ffe88e75a0eb5282ec429e5
8705,3127,55e92ef69e61b031ff1317d8874cbdb9,96c1d3a09bc4165b50df69269a7c2602
8706,3128,ddeac648c017e186128632f1c398b0b9,54586c737f9e03fb3aac4c10b8cc31fe
8710,3129,21b883f8091980740452fe080eda59dc,f9e840322118cc5b64edfd4bcf0eddd4
8711,3130,538a8efc945bc25d76d783644bc042f2,dcc419c21fdc84dcdb61ad16a863ad5f
8712,3131,6970433640815a252fef5e8884aa20ff,bdc58778d1f73a704f7d9bc0e9fc9e26
8714,3132,92e4a0334991358dcdcf4fcd14935b4d,3dfbb88986bf2a1b14d59705099daaac
8715,3133,eafc7dd796599b3566ddb69aa9103cbf,ab8932dfc655d26de4af5d3e89d8509f
8716,3134,874bb02532de1fb9007c3088de91169c,0f61da777c7983ff39e3b8884f2258b4
8717,3135,a624ff857fce15d53d50d740f8038e10,d2f11186995fb36c179a5604422e562d
8720,3136,040dbeb797868983081d209d4f23db96,7f4d26234a4530a48e027b42df734eef
8721,3137,8bb2a32b2b131325eb0d480baae36703,9956b6d47f65dddfc4f6bc7e947a5800
8722,3138,0b648ad6bd634fa24ebf41ba9bbbb116,6f9e73c932a4c2108a770c9281d7ceac
8724,3139,8b2b270cdee5b66e6a1b4cf42b07e92f,af99175f57fb5e58e9c4b7fca83ba7d1
8725,3140,1506b37b32d6f91ea37ba4925839780a,f47641cabcb0ee38c25eb9f346aa3cff
8729,3141,58ad87c280b6aac55d97886b2fc2c508,229c91d418984d6a1f950a914c3973a0
8730,3142,5db3685ca73be32501538cb7b31487ce,6d27c5199b04a34425804bd2e6542e8e
8732,3143,5d5df383ebaf706e80e8a53f7e4539a2,29fc0e1044b7621f717da6f58ee0cfbe
8737,3144,7a45e42b3be5a127c46a61239ec36890,d54a8b93ca4dc6139ae28b0f25bc5dc2
8739,3145,f4ddc6afc278b96f963bd26948b4642b,9a5391588109ae490cb32d20aafed9c0
8743,3146,48dc34cbe1b2f7add7999723d40cf196,671bf8d360a77df977248a8ba2c4c7e4
8744,3147,340469034fcb5ccc12bc9e828119e39c,2eaae87ada9df1714ddbd64633eafd66
8745,3148,74b5d1a852cbc70baa0e1f9c91a184ce,072de9d9520e3b4e46ca890685e6623d
8747,3149,49a5973e4e3fe9c1e37b8476611e9c14,a88ce39cc2bd8233deb4a8dafa58eaf4
8748,3150,3de5e1cef4bc1a793ea9439660eefca3,b059e2f6f28b4130c1486cd4618e58d0
8750,3151,748e54df9f45970514f4ab197abb3177,04af0de9379171149ba715ee411bac28
8752,3152,4f5a671fb615d56f26aa96d00e3bf343,0be8bda3f25774fcbda79739b0590d7c
8756,3153,851166eb139782fb1363c9d084cba678,ed6e88ecd31a0540b6c134bf2785ad15
8759,3154,b826449bec81329214681e58fc962531,ff5a0750c42e90f6f3110aa95a7b36c4
8764,3155,fb8c7365dc57c00c9ece49697d816a79,e98c15f00bc8cefc6e99b1e5c7c0a7ad
8766,3156,891ecdb6d079e9ea5d61b625de0a4f42,1d4491d3b6fde4c58cdfd8b363bf500c
8768,3157,524212ef6983766d32be85dd737c0ff3,374615d69769c7235d18ca00a21ede16
8772,3158,71a7ac452e981d2edcce860557d6ba0d,5cade8d326caea27788415d3356c9fbe
8775,3159,9bd0d88a5715319f629e85776fb507d1,92cbc13b1e94a65c910119bee08b6d7d
8776,3160,8c29e0179c4d8ff23ba10d0fcc1e6918,e943b84c121854e53eb6e8eddf5a2da4
8777,3161,76ce912e0a797676864837e02d17b2c3,ba2bcfc11a6803397010bed424c69113
8779,3162,c6781f5251b7ca4b14a07895856fcbef,dc8fc961aa2722c24c0efe723538c8ba
8781,3163,d82b7ce2862eaf749978ed05635247b7,a43d62896c27372ab74a2246dcc52b24
8783,3164,b8a9329a61eff2a45bd672f83641feb6,50dffd43517a18c1152a7237392ffc3e
8785,3165,6b7e0a94ba6d26ad745cb1cbb9c54e9b,909fba48fb4048424c019c2d80bab8a7
8787,3166,b0932bf750b421adc88c53d16c482f14,175f0a6f567d5426464f550523d472de
8791,3167,28f28b647a7eb58441e81bed096ffd02,4783240d6eca9bd0ec5b14b20ec50181
8797,3168,faef36c75cdc520ea26a0e9e790172e2,b2c5fa35b6b871687925351df2ca644e
8799,3169,1b18a20565efcda1166011254655550d,5826347662f17e0ec8f6f076b9abe378
8801,3170,84f2361f297206d3a88518fea1a51e77,da06e231be310de30b878e09a8cab47c
8807,3171,476b8b6bc3655b3a59801058650b3a6e,f20f79368a4c2a694caf9495ccbe6592
8813,3172,dbfffb24de5882cfe3c5bc1cf28ce65f,32da7acac74dc5bd7d06a690fd433d06
8815,3173,c5ec7347d9e813a8aec758a52908cd19,bbc601a013947645dba9b93209068564
8816,3174,bbdbde4a71bcc6872d5d46a4f66de391,975bfa912f457860ab258b675718c7ef
8820,3175,9bd69a62c7f4a97ac5d61b6a245ab7df,5b43eaa1470c69e70bcdee557144b89b
8821,3176,6df674e3321bdf3ad4b946096a89cb3c,5d2bc5409fdeb2de303fe259bf9078bd
8824,3177,c1905cdfab010333bfc7dafdb99c8c2e,513fda74c9b2a8871ad8e149240d46ca
8826,3178,7359ed34c932c4d78a5781c03d7e8772,d05942b1b4133cad40c8c24696bddb62
8828,3179,1283f8a8648f2ab99ca198aa974b15d8,3d5ce531a878c89eac62a5bfe3c60ec9
8832,3180,73faa09c7717f6029c5dcc1c1b0f0e83,a633cfe810ce87987311cd41ba8ec02e
8834,3181,ea0eed0a800329e096cf65de6d32d5f6,1428a51a3821e343d3303ab1109adf61
8839,3182,2899a594fadf7b4e8b6201b1014ff556,563e0226ddf1bcf2e3b0bf5e1426536c
8843,3183,3654182da6b36b6f1cd2330f3a6ea248,7eb6088b21da57122a24e5bf0025cff9
8847,3184,41dcd6f8d88a32778c300ab5887486dd,7c03d184ff364376c73bc776773d7bb5
8849,3185,5bc526fba0047e838d6a059490b83c6c,ab684b95f3654a03e4704efbb0e48e58
8850,3186,84309b1a0a6f1ce4720d5c4057b79ea8,3873f607bf8aad114c1df8df254b343f
8852,3187,4df00455355e8cc6570ae8c6e44c3cf9,8d20764d4e22a8d516975e285b6db4ac
8857,3188,c022bafaaed62c430921b447f4b16bb4,0a3ff868afe5308cd89859f91ea71c41
8859,3189,623d7927cf181a833b5dcf80a6fb5f23,19174c17c1e44e646c134d56761b46c5
8862,3190,d3c2aede5880737d958ab1aba9c924d9,13df24f89f6f0ba84e0120a19a79acdd
8863,3191,c5ada522efb75778335961926296ef10,a26126c9c85b4ace2fed06d631808a21
8865,3192,b66cba185ba7257647f799193b77fce7,f686052e17f15e1bbdb90d0f0e69d7a5
8866,3193,c275d92cb5f00c0e5145d3e5871eb91a,da88952b2a1ab1c020d491191ec99611
8867,3194,dbb1512c3e2b57aa3f6931a4b010e5d4,c89836ccdfd9f6032273c8615be584e8
8868,3195,ca1295a01df0da7939865c6e4d840800,22f27db27ae6e372be6ae0d5bb26c209
8869,3196,2a0895927a068bd1278dffa593b2a6ee,809d3eb1a93c26454a6677d4dcce57c6
8874,3197,a9162d9f0aa8b12fb5a79aff95a9bdeb,aba742fc953292703e703fdfda7cf539
8875,3198,91ee7d98d6877a20a5cb70f2f83eb84c,352198e8ceb0c576d8708ecde27099b1
8877,3199,64dd587e8220716afe42797ff53b0c01,a635ad92a1eb474f02eee8c583f15b52
8878,3200,186e57c67b75f659aab5d1d08b3f21bc,eaf692d9b9f157aedda7b4ba2d3d10ce
8883,3201,0b0562c3b8308ce36ed8dddaac3d8687,a2696a45891d3ce4ee0117b99ddb39ae
8889,3202,0d7052db7ddbcc55dd1cd58217829d25,cc81ad8d3bbe19dd27c345653cbddf1e
8890,3203,a122e8b924ebb6cfe7ff38fa14e1b5f6,a120468d7e4376c50d1252c52db1f74e
8892,3204,54efb8ceacd4cf5fa5bd9f0f6c9376f1,aa2b647ecc0dab2172035db278bb2353
8898,3205,34e3b30c4a63a3f3c14d47aab6cda4ab,591189754ee8f6d4cff9bd6438c0dada
8900,3206,b94d67b8f9ad32c92145c00ac869a112,d73d0cafb2866009c036233d4684347f
8901,3207,d8b4bbc474e06ac175189a6ae32ea70e,4977e98fe64db5fba254e2f84094da2d
8904,3208,05204feaf059605ef9a33d70ec9c0cff,cff406b70eb496302de55f27349de790
8909,3209,32dead99f9f2a462e3ffa2d6171f821e,c6963b872ae86764f2c53a4d15cc18c7
8915,3210,195c60d151c35b80992fa64c749935e0,6db20f287660e31ae28e2fd897ed2f14
8916,3211,73ae953cdf5fba0aa0b9e02fe3709051,3ba17d02616964930036749c10423a68
8917,3212,64256f7208d58efd4796118a54765d91,8d61be5ce104e30abb9dc174b929b3b5
8923,3213,a5133ce41d19d62be2993f615a99d2b2,5e7d2f6c87523dd79f4c62ccd60f1489
8926,3214,7459f352bd5a5d2c0b0f9a9800b9474d,758b753098c6b274bd03dc4c2fe3f757
8927,3215,1cfa16c1e371b8cb0111bb6c957e3ac3,d8c378999126d955653490b7bb7d905e
8929,3216,c963838e87fc3357eb4402c14d786c0e,6944dac7241e477b241a3db67eca57ff
8934,3217,b5d5510c7c6cec0967cc94fdc1a46d28,d4b2ba8d33cd9a403aecc36057363709
8936,3218,b351530aa833a1479f906eaf54517dd9,0e9b3968bce8a799295ad847397d9576
8937,3219,a4ce2a1fa947ea819bca1fad4b93ed3e,bdfc5cb8d26c193ec104346a6b10a47e
8939,3220,239b2377f819505103bb1054964cbb6d,0e786275110ce84f52348f9bb3d5f73b
8941,3221,762a7ec34865fdfe3922d9b911af18db,85ac7221bb2025e61ed238ba397473ec
8943,3222,936c4a32cbaae1c7872bfa116b667f9d,e6cc385bad1295cfcab945fe2cdedd57
8944,3223,c967f67dd89d085402a12b3bba6fe6de,b1e25ea8d76a45d898a756d8d30f948c
8954,3224,de3477bdec4020cd1744e6b5298d0ed4,51ec36fd89e75c57652c7f935d9b98d1
8955,3225,5fca3d71946393798040f676a5117b4c,bbb5d20acbeeab5fbf581a8beb595459
8956,3226,6e7b9406de05251a4fbffbb5e6b33e3a,ac3b2150174a14dd0ca958927f02d57e
8957,3227,7cab1f788036214c051ecd9ce4f0a355,0f23cb518e0c366187452e4af23f2b67
8959,3228,9a939fd1f0a3ae29a08c6c1d448dd661,5f587405ea6c8b11d91912360bc5629c
8960,3229,7244d5f1659d8a70d4f5135c2ac939f9,a58ca51bb2e643779d85c2ca22efed34
8963,3230,1b644336f4e4996544aa6f6d17912d75,e1262655747ebd8db4e2fd4e65dc07fc
8964,3231,b8da98a671bd1d54dad2ce4566c6790c,5e1ba170b3c72eea1a5432b3f97cd783
8966,3232,1e827540795a8f7d9383dcf79e2902ae,077bcfcb73e8ba1c97c60caabb0c3578
8968,3233,b5412bc5416e09e91d6361ee41de2181,f73caeccd13fc17d9814664f68c4cc1d
8971,3234,8b345d8576bb980c971bb60311850bc9,d201633c6172301896e28a0f4efe496e
8973,3235,ef504dddb1d0cf8a5af4446806802cbd,c0568fafa14f1eeec555cd0fe54795a2
8974,3236,67d3c32a23f15189d76f33a9d79bbd08,e7c7de045315f579361a9ba49bbc30e0
8982,3237,a1e18b52908551a14b7fb6c1ab82a57a,a75b5714741013ddcdc8956a60ed677e
8983,3238,a408844d22fd1e338d683543273fb4df,7516e1c9ac3d57aef6263ba40f5b6e26
8984,3239,87a293f7d21449d237c689c94ade108e,e33b45ed9c549e5b1843cbc9349a9ddc
8990,3240,732b9a947be39b7d47dfa46e054baaa9,9ea0e2a87b03a775dd0b56df9d5010c6
8992,3241,b86fb132ceba2d8acf84214fa49488f7,8be4cf82b7b976d829cdb4d3f5222fa5
8993,3242,8cdc6bb62e4194aaa5e8f4ca6d7a1d59,69418fd0d0e13e6e266d89d501c7dce2
8996,3243,aba04f5049a455c1f5b03044d9406402,1bf780591121714687db819b876280c9
8997,3244,95b1f1fe933f85bdb0f3526d92ad015d,f62463b59eaf12131ac202cdf473fb53
8998,3245,83fd0971a4d4878d28ac212d8e9fcf35,ab850040ce11a2c3b63a98924924b798
9000,3246,d4519a4bfb4d86df81c26ab20424f41a,389fd9768d64bb8d7875342ef8c95f1d
9003,3247,4778a9a779c8407af89755060a59e239,67b36d92812f18e234d0c7dc61e6128d
9005,3248,c330350db8049796b32a55441ad62dba,b06108b98f63366b25ef6958a6eabf13
9009,3249,e866971c73905ea92e780e80e36a9cb5,311cbb706c10e564aee5b3c4428a7cf4
9012,3250,f3a2e2029cb053c7185d9db4ee5c927d,4df41565f8a2745d825bb104cf202018
9016,3251,9f5cf52c4a4b487614a3d98f22ecc365,5dea355a2c25345decd32bb0665a34df
9021,3252,64f63ad94b1725d1ef88d5467a8448e2,95d849e598c6c2b7bc1b0d13f5fdccda
9022,3253,6fb92f915f78a9bc405f1b1e8da7e127,99c07c479d2973a36768256a42d58ec5
9024,3254,5c09ce8077c07726e2567ddc819bd59f,050586d09b38aba9aa903bb233bd32fe
9027,3255,d69448422b2c93eaeacda000ab388930,2d9133c457664de513bc5d92d1227310
9028,3256,f5dc77d5b85e178f5d0a8744548ebb4c,64a9b1fca3ebadd51bb862699d6b8b25
9034,3257,5beb67bfb653b906e06b61f79695ecb0,bf2d3e1a44854aff5f7513b7042630a2
9035,3258,6a53563020d9b33c45e8034135231fc2,4d085070022f170a9a9384e228e5bb61
9036,3259,5d9418ac695a54a84d932b792983fa34,66b839ccbdc086b470e43d9d9c21f059
9038,3260,cb2343de5abb039cceda7ae95943fb6c,554d45f69f441e774e4a44db252edc19
9039,3261,a2efa96d615e7cefed7017ef09efa19d,1ef0dbff4a701d9a05674747bc7e5b23
9044,3262,ed4f4353d95658586f5c6a0d47981e71,e37e4b712c46b7bb4840dd51c6fd8c22
9045,3263,d3e3df1d7a833867cbdfd6d7e8dca578,8bd6e75ced5b31c7cf95f01544c92f68
9047,3264,67ceec278161041bc01f19ff413b0f1a,380ea1e073a961a4dd6a8de0f4f89b88
9054,3265,bb1a294150ceb474539c3c7dfbed31d5,ac6f1e87000393e60cf1fa7e25facfa0
9056,3266,a0be809b6102a113ce0aa26edaa7da2f,8bc4d3ffb6035bac93377d2767b3682f
9057,3267,2efe5493364db1a778be5458945a4c90,8345db1302677c3107bb8560efc04683
9059,3268,e8d020c6769773409ec95a7e0ddb756f,61c5c5d45d62320503cd5346ea0e7ec6
9060,3269,35f0cb1b444599117d55585d433d1251,4acb8086bef252df13960ba3e9a15271
9062,3270,1fee6a25a6d41a9b8d5250fa9f57a4ad,2b00b2a58da10344d22f5a9f7e473beb
9064,3271,122e0dc9e35001c03689e209ce0dc0dc,09a38e7da6696cc50b42bacba765869f
9075,3272,d8b80a860e9a3f58f4d6c0eddd063a24,e37b9cbedca686c64661bb98d6723b7c
9079,3273,a4fbc73bb50dea620a8d7771feb3ff85,1d5828455649fd5d092fcf62f67a42f8
9080,3274,3a2d2f49df7f287ac37e9e7056fa11ac,078e62f32f76dd956246324c36badddd
9082,3275,26a3b9ed222f57e3ad7f07fb6708a79c,fc21c542af6311cacaa6534229b16094
9084,3276,d6f73f359b41d6a9fd42cb57a0d3b1d4,e959fa7b50725f0ce05965b810c69814
9085,3277,29146431b3cb46d13d2dd6bc6e73cd53,1b9aac529d1aad0773fb2d4bbe441de5
9086,3278,d62bafa446e1f77dd8bcfa4a98725091,bc4bae89edd6f4b5ff8c6afaf46594f4
9094,3279,e9754b057e089b8a5767c72d9d70cf86,9da80cd0e242a1dcd1a1a23c0555c250
9098,3280,fd853846816ad24ac6cd0ba29fdb8af0,553b7788b7bc6c6e56dfc0844c744755
9099,3281,0dd7ae6fa4d4873bebb40cff8ec6662c,d2033ca002bfa21beb14536ec798303e
9105,3282,85f5941345b24a4faf36400db2a21079,1d533a5f856e5f5959fa3091f1d5587a
9107,3283,7e696f1aa13553f971ba49c51939500c,1b06e8d549edb16d120e681ca8d77b9d
9108,3284,256e941b40447233e994d75a563d54dd,0af252c5e5058bf7127c6962eefd733f
9111,3285,2e7ed179a302d2fa6f34a237ac9276a5,fdc35c6552a9e38ceb5e30a6bc05be2f
9116,3286,c69442d78130528695dad685b7e1d91f,04bc743c670d3098d46e7ad211c54936
9117,3287,210aa6b20fa1586b961b42c13af17cc9,7d754205c4f3f3d3d2fbc4e0f720bfbf
9118,3288,a973b589a2ae2cad1eaf79302dda0ca5,bc4375d49255a4957f4f4f0b2eb9c6a9
9122,3289,d8f37575546570467ba0c5d996980a30,04d66445ae7466fe302c778ec3abc908
9123,3290,0c5e7a6290500c77142616cf369b9b22,eedfeec891f0979c215fecd4d1097ebd
9128,3291,8b46042d7e7315842e1f682f43284cc8,f1094a7fdcaf462031ec9421d06e05a9
9129,3292,5d08ff559333fa05d087d5b165dbbb0f,b62181c1c09e8d7e5694e687e535abb9
9131,3293,315333c1d902bd0431b9fa61f151aca9,60ac178cc4f90d4d92966adb2aa8ad93
9132,3294,7bb46933b3b02d4ebc59d735bd854188,0a7a875836a10d9ac28773e95b9934e5
9136,3295,0261332b76bd326c4240adc63785dac4,4ab771a6a0334ff5f64835831249c439
9142,3296,2bb8d6bd7d38340d745f53a287eaef2c,c7fb72360748d11bb369acc7c8329979
9143,3297,fd83898e48fd6e9bc68eab733d1c496e,0302ca0fd4f6e9ee333240c75cdde240
9146,3298,2ca0d1ce67fc2878009600b05a356927,16d7d6c1fde9cd8c4b341630130ba7c0
9147,3299,5a19db60e9fba2b844be96533ada4143,adc711711319a986f37e536bb2dbafe3
9149,3300,6ff04e02b48605429979176246d403ca,9281efc6d0efef3d9e91a591ba7ac8b9
9150,3301,dd63c062fe4d7ee594e18f3e95c4e066,6fe60b4927730b8645908efe21027a78
9151,3302,3e74ab20e972870685895354d8f6298a,20e3b4fef997a5020af63cc8513295ff
9153,3303,46c74d8367b7c719893c95b81a241798,019a57c020e0306666ae7a1319ec56bb
9161,3304,b35b28fe8d5b1c80aa1cd9b737c9599d,9a9703f3b5944978d157e0adf0088f44
9171,3305,9f7f5f44ad59ed94f3031447effd8000,066a0566803d986033a3c003d936d442
9173,3306,2fdeee616cbd6e196786138e24a509e8,caf8ac2de901c2074216eb921a3ffba8
9177,3307,b0bccf7ff47607a41efa9db85de77bf4,047849ba1bb33701044c4ec15115b8fc
9180,3308,74583316f74fb6f5f37ebcbe38f42caf,5c906bdc7883ba8d0894ce15730cb730
9181,3309,a214c067238bd67bd878f510a9e3b676,0351388e89ffa71e15a76f36d5f677e9
9183,3310,5a21a76fb932dbe43b4c37b6a7553cd5,e3c511f3fc2ab713e07822cbf1e66a13
9185,3311,17224637fa3f2ae713dfc8c44ef9fcdc,9a3eac5111fbfac7dd7f22ec2de99dc7
9186,3312,5f231e8635d2ea4f6eb5c34a6cf6bd84,9f43e5aa272d84b6b0c12df5949547db
9187,3313,7632de28c1911675d61d83a841ff5e4d,5d01fb2bbe0a3e7a7d0623b6d0afe7d7
9188,3314,57c7b152d176a976ea58330017ffc0e5,a57845b5e1eca3c1876688b6b3064180
9189,3315,9af8e30daf60a74050b55af7f2784bcb,6ef9a60c503dcff064eb5e6a019a9426
9190,3316,56584508bd68d54913b5f37581b499ed,3d18fd05412865a77f9e4674bd7ad4fd
9191,3317,d477e96d4dacca9c75eba46dc300abc6,48090eabb9f1793c0fd8c3a6397d5573
9198,3318,f5a25f9dbd9c7c3200e8e6541c1e7172,f200307c421deebdc5db4575b521e555
9199,3319,e6a4c2c2b5fcf2b17759c8e39002af00,2b4119383171ab7c38a98e62a3787dbc
9201,3320,9afa24b2c3528f942f69dffa6ecb8f1c,834f9577f44698261a1162a927d688c1
9205,3321,34a7ef33db75fb8d04eae5c2a25c35a3,b685c5d45128b08c8e901a97bbca4a4f
9206,3322,24917cb464510ac0b7686fc0e95fb37b,f1ac6b7f96ba469454d434bba3131e70
9210,3323,5965087df63b1743e0a4af7d5e28cdb1,ccb309f7d46c182c1d9057d244f9d4e4
9212,3324,bb8bf4bf3b0171e4ccfc67160b078250,616bc54d7deafd74a389c51a74ecd84b
9214,3325,79c2a8dfb485e9e049c4176a1ec4274c,6394ff37a2129ac1cebdca2b96dcb0cb
9216,3326,5a43dcba62f1a389c6762b14e2337b47,3fff09922c6943f2ee0c0d624efee720
9219,3327,57b3b86e419cd15e563bf9c9b572ff08,55d1e53b025f88f2e4040819cee0b898
9223,3328,1361d8455b811f1110d0e9805b485aaa,1246dc53b678f6d9b07e4448fe4859d1
9227,3329,9d356549eac9d29074dfd84029e9a955,e649e5627741097f838c2258c3b9353c
9229,3330,f5fa4ede89e4a9a474822ba25a9f7ab8,d3ead0945f5906aa0ecb12652e48a0df
9233,3331,d884da5ffcb9569ee5406f5e6bdbfae3,5e4eb6064610fd8166bbc1b95bd61f7e
9236,3332,a1bf0b68416fb0b1c628502089ae1784,71b6b4333c4c599b592203e646d32ab4
9237,3333,49f5e55bf9114c931b3ffba778a0e611,00c84a8997cb9a0c78174c04982b9b94
9238,3334,0e226b2dd30f259ad6b9f25a42c09000,7d350bba98d9fba1693a4455c4115f9a
9243,3335,316002d79c76d12e89c8b5f68bde4fc5,179c12c7825c795501f1bf39ad9f7fff
9244,3336,05768691f859403b9a34cf9ad148d46f,fabebccd6046c462a3dd014d54012b40
9248,3337,3a5ebdd7bbf8b158e6da79a086128051,83164981cad9e2ea267fe36c39a31058
9251,3338,b204d23501b3761653672e9d1a9358df,08d25dc4b313f60bd47236b3daa2c6bc
9252,3339,71890c455a1d77988a3e9d1f69a9a2c2,6c0aff0b657820e1db3259e4dba17ceb
9256,3340,7729faf976dba2f97b48e97641f8b2e6,cf30132e6cbbb956438140d224411e23
9259,3341,c301e104baf9d420579e792d257179b8,6eef55c4a2fc9454a289913e3442c1e5
9263,3342,6a2a8439af26a1dfc9cee049c42dd7aa,d2ca30803de0454b8158b857f6d601ce
9266,3343,1fe760483a520b84736a0e3ab25593bb,871eb1c450325c200dc40aefade5db90
9270,3344,9defa5bb79f23ac7fa0504c01c01daa7,b4681ba791816989bd172d2fe21e032b
9272,3345,66394af4f6cf4db01f88c1207ec510cb,5e9a98c90e85ee4eec24a87dfff1dc29
9276,3346,680578d8c128179bce11c7a333e207a8,7ac6324c82fde68c79df969bad16426e
9279,3347,cb5985be497cc04d892bb2aa2fffe584,e7ca8337bfc2b134fc393c0bed3f064c
9282,3348,9cee1b549c83e0714f4c48ff39eb6ecd,fbde2c11106ab13fd7f3f2ee8f0b3d38
9284,3349,6702054bf67cbf89d29156f6b505550c,c14bcc528972d039778354d7645e48ac
9286,3350,0daa785a58ee9d38b0d4553d5578a616,4194f6f0a690f23d2ce2814ddb6bce0a
9288,3351,41a8af057adeef7509ba65f716ff10c9,972e03731902e4096d0d5b71d350a06f
9293,3352,48d321c559205de6407c9dff0c786ac9,e36e276723111bba5b68a1d78a893e7f
9294,3353,1d57e2862dc46974b92f6a6df7b075b3,300488fd98af01a9c6a360837d6f1165
9298,3354,619e6a689fb2a436f91cbb8f429e1eac,b1e85dab8b7661c2848bb8655891ad27
9301,3355,36660ff99f3f383453db44a61c1c32cb,b425600083e5e6f6cc09c008afec2576
9304,3356,9c8d2055f70c643f6626f45666156179,5fc3aa508429c58c917d2c2538947ba2
9307,3357,644d0351ea19ccac530575b51b598b1b,5a1832f59c3479ab33be65a8036b3602
9308,3358,f35f315e9fda7566dfdb982011337cf7,65776e65b07fdfe414b285b333ff24be
9311,3359,719c392edd74b91affcc47ab563642c3,49b8c50dd9ddc56d044de7caca7186b1
9312,3360,75a10270e606b730324cb0fdd076fb75,8b84c067fd993f7248c7f1e9e51eec41
9313,3361,1ba4fa37aa42c5ca4394a89a0289bd30,0461324a4f367e25a9031751e8e52831
9314,3362,21ae28d10721b7f6345525b25f899495,3c8fa8fa952a18a72e834b3e89545db7
9315,3363,1061e43d1363304483e1bfe73d64b187,53658b672a642c143073b3531525d7e4
9317,3364,0e642afd286e298a9fc5723bf41b2bd2,b8df1574f2c919f5d8ac258680de6a90
9319,3365,7d52fdbbd4125409a1a19be2046cca74,3ed73ed75c25d414d5899c7065bec623
9320,3366,0b027d0157dbaf0588f540852a2c1e33,161d9b69ebdd180611be6c9aa9cf8ab2
9322,3367,bf5ecbc9b36a208b462cab3382b4ff2d,6e9585350f2e860fc986b58d0869090f
9324,3368,4fd4dd48e7d2f5ecfddfed2c65ba4bdd,9e13d7f5cb491d8ecc1f0e963a503b1b
9328,3369,2cd83d8ca3a9c40673e3327925d084fe,32e5edbfd2fe34565a03e3680cae9d96
9333,3370,2f0248d640b3cfd82b0089a2a2ca3a4d,8be8ab531cceb3b146e597edc02bfb7f
9334,3371,2cbd9650d89eaa691577827dc183efff,5cccd3cc84e1747a489f1ceffeb2020e
9342,3372,f4b7feb07e2e03839390a93b171dd05d,01f36a54dc1106bae2dd8d35480e8b8b
9344,3373,ac6611c325c315f5b0381ded8f74fe02,fc8c7acd176cc23b9013f2de5a224a97
9354,3374,385e560bb0a4217a1d37efe5238d1b0f,ff9f9844e87f6e592a75ef30b8ddd80e
9359,3375,ff2f129fe91131fa125708df9d9d999a,1e747ad98af19e6d00811c5de3e127a0
9361,3376,2ac6d4f05543a699d0f5dd7326cddcf3,aa686b5da5e5f7120012ed4ec9e32d29
9365,3377,6f31faefcd7c6c5672516072aaad0672,9a2e11756acd8e5014aa0b8249e1ae4b
9366,3378,1603708f936452f7462a512e6956f83e,2e1f7007a9169a51f032fb572a9c0ca3
9368,3379,289c720307255c57fa98b0ec6571327b,c6cc82040f1d0027ca3b98e8578a7349
9369,3380,c2cf0115813bad5d70d05438941ad3d3,695e6ba144f91a04f34a28925cbdf02f
9370,3381,2a56520aaa6b59c03dd80ad50d361fd1,c7abf5ebac7fad7cc98d3bbb7cc95db3
9378,3382,41a432899f0aa2e1c92281cf61f44ad2,aac9455e21304d668adfcbdf0e5546de
9380,3383,6806e10fd1103eb50d2c9af8b9804b78,af470af866e47157d8b0bf0ae64071f4
9383,3384,5a033d53bf0aa04f968b8593a8630c81,d8acb589c4b93b3532c2d8bde7cfb07f
9384,3385,23703589de9b2fd809e924a677e2fceb,dbfe68a625536f88abcd072c9d31958a
9386,3386,fbeb45926aa5880264205790b37e4fbb,b5c84c6ecffc8e498e60305efc386a17
9389,3387,5f656e1a8ee06f3a06058f425928cdc8,b7157bb84cc675df1e7031943fd6f95c
9393,3388,d5ccc77ae23ae1e91c0889c84831ed9f,a9211f0c71f2cdb1ba9370a0670f567a
9396,3389,710fbd5f5d43e67e06e6b98270f86126,64e262884c69227902f45f1c772a5847
9404,3390,087043ff06ac257030d34c3d6db9e707,7ce9cdda24034cf16e08dd63efdc29f4
9406,3391,76b95eefa8bb4ae3a7d8f85f085de3d7,c87936265cae75962bba38c97a9cb673
9409,3392,906eef888b503d4a3a99901a2245bc77,9d3c8bfe23b0cee4ba4c9d2070a17821
9411,3393,79cb6add4013cae53f593b5a551f1e92,e5a9982a370bdb5954a1b6783675cfed
9412,3394,2c51d76c3e692165e26ef3e18e2346ca,ceb3d97333d4d7a39878e44a82e948a2
9413,3395,4116dbadf539d5701a268db6aec8d007,db835397d4464e9c85bd8c7a35ba0b0f
9414,3396,a379aed0dc5e29b2c8cd5f76b6e32120,75393c66fc4a016f2b75b4532c48ab63
9417,3397,dc8eb8de43576d0555bf19b482af0f8b,1d7f134fd0eb855795bd7465010d65db
9427,3398,1f7c359fffe65c1f5cc32692abd7b77d,3baaae5e2edfe037864b32dce9c55045
9432,3399,8a8e5a2695b8d578d9a13d8dfd16eb0c,77fe8f2443b257ad415964a4f7ce0175
9436,3400,385c9749dcd2e793207239db1b84afb1,bbb363cf3efe11258f7a11c003b376f0
9440,3401,e00614efdde66aacbd63da94dce2c7eb,905663a99d4e63143ae532104fefa178
9442,3402,f009854dbaa79760566ba9f410582331,6a5a199c3b9374604b22454f35959234
9443,3403,f1edb8d01499d4425d5da933a988ac71,fb3dcfd70e6b7b5564ced0f1e98e337a
9444,3404,4031308f2f2f7690e568821d023d4eed,8347c4122d5c52a29cd9365c32f83646
9448,3405,a07c32175dc0d6d56e51266498b8f984,6df4ce2c6b24cf00869c2f273fdd4073
9449,3406,0dec2467e99fe5c97643ea9f57f06c9b,da2ee52ca9ce9717417a4f2a94f1c6d8
9450,3407,0306f67bc627573dee5942f896a40e1f,ccd8dc5bcc3453c9dd87909d6f731356
9452,3408,562f6ee5e1dacec43699149dde9bab1f,cf46f37ca540eb2fd8f23be863f91524
9453,3409,c5efa9daa577ab92dddc83065daef1a9,43a8c42891c09b63a01e4fac4d5c1c1a
9460,3410,3ef6d576918b9425b6b69064598a267f,725f6055930fdde7cb0ffe3f61f7bf8b
9462,3411,0d70ac132ce2bbba7a62687d44d154e0,d2a2260c41c5b0d66bddd078840057d8
9464,3412,51144198529243c75f5a1715253918c9,4f2b342b8274b5e72a20cc6c0b53231f
9468,3413,34d80cc18dc744d7d56ceac3419c7634,dd0176c17f9aae362828dbeb000bf4ea
9469,3414,6704db9911c4cd4a5b71c278eeae6a8b,7dc673a0ac3a883dd1a9d9a2524ffe73
9476,3415,2d87d739a06ad08a47173ccfcb1c387d,38da10a5d038cf691aa0c316b53ee22c
9477,3416,5e1f4812da8c7955d685108c2ba7c549,613bd027ec41622df8174276fb7b5b9f
9480,3417,f57349c99790a2d7cb67fe1fa48da37f,16a30ecb5251c21558a450836fa2289f
9484,3418,3b831aa7eb9d7453bbca525f29d3ae5b,12003b3375adc79cb0b0fee3e196c68f
9486,3419,44789de4398fcc78f3f78cd8f27aa0e6,2ce432c5457502ae5e89cc3461a583ce
9487,3420,059925ebf273bca440efdfa44a6f5b5a,fab1194c0a4a305ff10e29fc9a6a73ca
9489,3421,7d851aa190ec7d3c4d487b4fa9e9a3f3,cfcbc6d877767e085cc5330562feaa30
9493,3422,4a76bcafa305706d2af18077d9edc138,0133a31ca2e234e06abd29ca8041277d
9496,3423,5383e98fcf0b349d8671d1c980abfa08,6cf05ec88e9e4286caee8bfa8702c6ef
9497,3424,b265998fefd0f1bd4deeed8af638a70f,1715723c3587f338b39405356de3d1f3
9499,3425,56d59b0ee1fa793598d195bee9ad71f7,34c342a1a7f659f813acd66dabfbc89f
9501,3426,3f2c8b881c32e8025ea1c7a4606ec371,97f54cd4bca6e34909c5c53409d8777a
9504,3427,8acf12f375e04bf336a0db2cf3ce65d9,e42180c157f463011eb9168e0a9d1122
9505,3428,cdfa3b2a0952bd886e8a5e50f76c2f1b,01ee0764c5dfa936abbbaf7f23a34c5d
9508,3429,6e8fda021f899cb271ff4e00e0e40a5a,56838580ea371ab1a69c0a2ee57548e3
9510,3430,906cdee978634766fb94066f911e9052,5da635a55556b640f3823deef131fd00
9516,3431,9c6376201db959657e72dca769721943,f79eb1005900211beb55932ce60464f8
9517,3432,0c41df50f7ea533584e4bc645d944c95,6c960097cf64fb366bb0ca69f4bd977c
9520,3433,d819fb6746cedd053f74de173677fba4,c721ea29f4f73eeb34877dce4d582d85
9524,3434,0f31e053056210a909287ff31a484793,ad9de77dd21d99601adeafc2ca4a9d06
9525,3435,c3a7233835c2dd22edb342b2567ab0f3,59ac9d33947acecf1f28c257235ef6f3
9526,3436,107b6bf02921317c538b62c2631d16a1,c446a53963d161fda5096a19d6fa5650
9529,3437,98181641177a0fd4599e144138a2035d,e6f0cb3e8b89971226515fe52e6a6639
9530,3438,7f66a69799ed65bdf53096d2a3e27c8b,b17e64e32c990b67edc2e29cc29ce4a1
9533,3439,0a39c99cdd7bb283fc1533a3b3395301,32044db2ec1cece5df8e3d3e4436085e
9535,3440,a60ac8478bc892ec2a2145f371337ae9,6f52350ce1d619280273e851f72e58f3
9536,3441,62ac13d30633eaf8aec09e87e529158c,1649fdb05e765af7a948c99eed76d62f
9544,3442,3b67517cbef5396a900c7b81f8df67cc,9be85c4cad5969fd31d8ebb515bd0e9b
9548,3443,c52cd13086461659c5b2f7467483c6a9,4f0064c47316aa1af10cac0a47e2d3c1
9549,3444,85de6d8092ebf9f5410572ed8db04258,b74d0126f853c4ce6a552f5912c58435
9551,3445,e4f436bd3e91f5d7e9a15a70ae9cc5bf,2526afb880e1ad24d2f9c15904c72937
9553,3446,62d5758f5aa55c87fbe9d97832c08f65,d2fa6d626ffd37f888b68b19d019fd1c
9555,3447,a0b341ef7c08daba794f6108f9c8c4fc,461aa4bbd9df26fcf5172b7487f03955
9560,3448,6fad501848bdd108c51280f03d8731a5,93a3c3a321484f769c81166203ff5943
9564,3449,4cba5802ac3639c31377024535417f72,fa45281e686da119105c60b92084d716
9565,3450,b5a18d7632dd8fa414562f5d0621bc9a,2de043906b13a979aaa458785ad1bdcf
9568,3451,0eabae77e4952b3ed82dfb7cb2162652,95027f8a37621e33c2ee9cf3927f028d
9572,3452,5b839d508731e82066453accf2d8195d,125d9ce086f9ae79dc5e2b9312c3629b
9573,3453,f273351414296b967759413586c42b00,7e12f51cafce41ddf39105c9a340df75
9575,3454,67a1f93675021bbf1e2eb6c598e7faf5,6e7bffe98c3684b11377e445fdb1654d
9579,3455,b140a32aa2e95708b3f2ca6ae0ce2ab6,d83a94f30cb82b20762dee56b2ee0c07
9580,3456,14896512ff82c124c28c0b06de57ea93,d145cb81d01b1297cc4de806c1e76ab5
9587,3457,6190b55159d2d11b5f2d363765c7ebbe,6ea0e57fc0b555b4d0fd248a65bfe2bf
9595,3458,3e7f46152ed5d023f185c81897cbcc46,c3288bc1f0988534455e2f6caa1b39d8
9597,3459,b3a518d83e19a14873ad734a9902d47b,9fb821ab14da7ceb5a40514ad965e3f5
9598,3460,9d6d9ee9b030e0d355c5593fe19c6014,61bfb7e30140a315d2e6cf17d2b8ee82
9600,3461,aa96259ca0bb6848fe2c9f56e3985aac,8f091be13d28dbbe488a6dd4237c597c
9601,3462,ea81441b92c633c0974926fe569a42af,4b23f6ef3f89a30c552bf56e74afce2a
9603,3463,127e40e124cb619cd9a8b8ff84206b48,b4191d4bf1fbe3a7b3b90a8732ae67a2
9607,3464,b37f755298e08ffc71db7e0464fd0d9e,c97e06237fae722010b5eefba6b3a5b2
9608,3465,7c01ca4350dea2050349d7d0d648e441,d01207b19ea684740679caa1b0ce53ee
9616,3466,304b9251e494afd223e9d691089d6171,0c52bb65cadb18cc111d294ac90aee65
9617,3467,96f738c07665eedaa89f320d3a9ba3e7,55264fee5fa773284ef8542dbd897372
9619,3468,64d4eb03142124484b6f4585df40b234,be49d592917951030ce1cc70c5f486a4
9622,3469,6bc10ca8e32b88146b824f045aa19913,d980062c0febfdba6eaf00993310d572
9625,3470,be3fcf7451bceb882532e824e67bd55c,daef81c9c32249457f5595f57810031d
9626,3471,915d28889b25941493acf5819a8df565,6f911ceb48bc5b4cc16a9a3a9c0fc1b8
9627,3472,46cb02272717f2f970024f9f32cb4221,f5639912c229c4ed92debda1c0ddc7a7
9628,3473,87c398e9e3d90cdbe98aa9315eefe970,d47020c27c8613cbba5bc0e5bfcea475
9629,3474,c1cf8f066272540b456ac9512c6f1d4e,6bd2a69979d3d745f0323ce7573ea567
9633,3475,e7bfb43e1feeb69543c93d3a348b77fb,3eab75750a190500986258caea8bc17d
9637,3476,76701d0682636de2151772a56aef0f0f,edd4a10c7b990ec87cd26acca8d19429
9640,3477,b9cade5f5519f81350304ed73d39f8e0,22d61633cd5445d61c06ec79b2841fec
9643,3478,e5efece8bbff3ee097528a580e3120e8,072c834fa8b0524bb6df25a273468527
9646,3479,214d839fbfe0164664c17c357128b556,e170b1ee4a3a43f3b47e739bdf537e24
9648,3480,4b29de82edfb147946332e82df1d5a91,66daa98de842a75f0bf092cf04874a40
9651,3481,a4b67c9e5c122984b83118c37d7edf4a,a299724bc2c04ee94d26964c57f6f52a
9652,3482,655a524f798faececca0b279c38f3e89,9299837332f344b02ee95c8a375e09ee
9656,3483,dbfcbbdfdc119f4ad27a9dfd32f15158,a876dc5424c473c497c9207343183876
9658,3484,9cb433e1301b46fa63320b49ce6681d1,642f875ecd64d1be87dfaa582d2ef25d
9659,3485,d4fb889a473e2e73d789ccf401481b7d,adf20c14e7a9426ffbfbcb6d9691dc37
9660,3486,ed70632896b13d934e8cadabdd557d59,2c065ea20bd98011e36a4c604e0e7d23
9665,3487,130aac88a5bb75c334744ac3221617b6,e88d5e5cb475898e15417ff8c7ce20d8
9669,3488,7544ef42c72a10bde6bdad760be85d34,25c13f68d64925b37c96d2d41e4dec57
9673,3489,19bb6296667c36589eb3d5cdbb02f28e,fef610b1c2639fc00c127faae4b09934
9675,3490,e08985a83324411e39378bc610501506,0dc0d622e529d104f7bbd920853e4af2
9678,3491,2513fab24d1367926855e85781d067dd,e949cbe666351f57d0fe59ebdf2bc110
9684,3492,be01eedb24beea31348b08b9a09129d7,c549742f7aacf01991e77bd24d6b6e44
9685,3493,6a453754a904195b4287451946ac4078,738fb2e4fc307d1a43cd130e338de41a
9686,3494,d813d66f0808fa38f9a02a056fa52c5a,03bb5de8fc0f9705074952071d970eac
9688,3495,a37702ccba3a211a6e08fc7a158e02a1,9929e80ab84de43b3d63830100134259
9689,3496,2193178faa72efe1ee9fdc7695239f48,1d38ce59c7596007a4512b0441d3f6ed
9690,3497,7a927ce9232815ba621806043a99838a,4a964c6adba2dc13daa13a2d530f77a4
9691,3498,845796ce5d4318174560e88270a64aca,40d5bef11ffe4357ce9a6dd53232417a
9693,3499,6119457891140d2e5576566369cdf084,e71e40248614dfc40ffdd746b9492cb8
9694,3500,7fcdb6a5cba08786dcf5430184892ac2,c448a167e23d86fc3019b50cf5975a9e
9701,3501,73bbf5d72e3008c95f4b5eab6729da1d,c72e435abb7892840c750ac435b973f5
9703,3502,74208f135d7cb82a37e9dec59660b818,05420c9494866d4d4e182b76ad87ca38
9704,3503,73522a8338b22a2490754ba8be12b5c8,9ce5cda971a134c6338ef281e309bfc7
9705,3504,eedc4c13ec9788c8d20b1b50e3a8acc7,edff8d0cbe1cad7bc3adb03d4a0fd5bf
9706,3505,1373d0d3b64fc76bbb268f381356e8db,a419bed814e7aaf95cb73602ca9a0dbc
9707,3506,4ff9287214b0f0fa09163b70c873d601,ac2e3f1e06d17484a67258f876b9cce9
9708,3507,f496b91fc6846ac8250a096755e96863,1c1a62b0d2ffda5839482f8c8eb7515b
9709,3508,81a555fbad6d34e013f8b9bc653c15a9,7dc398f1d95f2a2d5b0500a0a40fec69
9711,3509,3e524bc0bc53806988b35650a6211a27,6acc62290fa3ffb0b2587960287be797
9715,3510,5abd8d4bb8543881a1f6d09fd0857691,b25cb8a506250ef792c8066517ceb7a5
9720,3511,9158125a607b4481dad4800b355e9456,d4df49ba11c25c728ff8a42230fd6fca
9721,3512,72d887625b3092f8b921487995f9d436,ba584c98df2f981366cddb66d8121b49
9722,3513,217acb9d2678a9ce1beb766cd41cc61f,ce0cceee147fc4e6597789f11eacd345
9724,3514,8ea46345c9f6542768649dc936e982f0,43c32d120c4052a26c72103abfdae4c0
9725,3515,65e9ee4c07145c98f41348346d532541,35177910830fd52db395bcd3957a45ff
9728,3516,d42fdc0818fe5bd8f61c3cacf8f26081,03b97f0fe88026568fbc4ef884294890
9729,3517,55bf3e66a6cd6bf8e7d203267d928112,936c3d7f133ea405580c0e6d3e3bf649
9731,3518,aef4197d9d12134a3bfa5cef824f36a8,5bbfca7a2d951b4fcfbc2c9cfd365c6a
9738,3519,cc58e696af44109402ad9964fb76d949,27fc007c0d9e1ed8b2da5bfe42ab44f5
9739,3520,31da16286293b7d4f350c4c8b0745289,fa66c41f16f9eaa177d7cad3ade6e337
9742,3521,d4a253c8f3caac690b97da6ea0686de7,e3fe48fee0c8c9d38030180d0f89c604
9744,3522,473e24abd7e133b63d48559aa562d6f0,3b9c98192826b2f330fb0393e9ca938a
9747,3523,a47ad5c80b4f905301b0e4ff63eaab97,4744f5a52ff8989353080acc25363d63
9752,3524,0d63fdc513510924d806e6f2e0338f47,0896600409c63958b2870815e9d58037
9753,3525,d519a7c3046be71080753e39fe056d5b,2d258aee1a342cbac79a064940188b76
9755,3526,81e9407af2d7be93707078a1788486c6,0cb3aacdc0b2f728a063d3f4d4b0b9de
9756,3527,d1a3179f23193c12cb339e83c5c5de6e,d9435ea3f93f584016334cb3047772c1
9762,3528,ae3264363ba310c8f184511d1de4b968,63555a27fd97ff395afb69f0f9d5579a
9763,3529,d99fde722fe96038848ce5aa3b385150,7df0f5ff8795573eb004e9c1d799b764
9766,3530,735905cdc6b00d1f796cd918d87aea4a,e3bf319f9d70a5678b4a088e700bfaae
9767,3531,54cb5394da3b26a487e1dbe62799c73e,ccf304e8ade99133255af1975a5ab636
9770,3532,99a78e2fa027b4f8999abfe59cf7b8fa,638064569cdf4084ea5ff6db3a520037
9772,3533,0ac512f9e37d6041e4eb261b1841b99d,31a5167d32bf9c8ccf33b6e408a39065
9773,3534,5c384d4282eee161914008b4e73e7570,6fce21330abbd57bd17aa64c93d7f551
9775,3535,6ae5434f40947a76c1cb47ee9a426fc2,403900f0f9ae395655b98d06f05a1954
9776,3536,e7c18c43ec2ad3347d9d53e43cf4589b,1055128ec53bc57d13861f4f0bdfd546
9778,3537,d2a2e54e1f81a417dd9d01925c75fb01,e765025d695d2aa2564ec2028298879c
9784,3538,47af358ff2f65650b4f78c30856c5d53,5181cae5f1ae97e5ca03a6ef176311de
9785,3539,1fdd26ba09b49054f866d6a9cd10e47d,d5bcddf49f3349385240f0b6b72b35ef
9788,3540,43e901b20774d641b4dec5938a1224bd,6d7b4bee3edea546a8d0a87bec889475
9793,3541,dc0ea2202e8316684eabd87b235b72fe,7697b96524a8381e6361bbf2c4955fe3
9794,3542,8cbe936767fb2d992fd66872b61df823,2919e1eabe3852356bed11a667ebef11
9797,3543,79c1648fe4428dffb36883bb30bbbc48,e4e0ffa7e9523863c1e689624ea263b3
9798,3544,1f38df4dd20a30eab15fd403e0f0fd12,0a6db942d71616ad134c2598b1a279c3
9799,3545,150a6451704e55c3ec165ae07c193297,4eb86818acf387a87c57dc362cdecb68
9800,3546,a1e7c25f905838599f428e7bd5bfd7eb,2de2367b1a205fcc25bee027e00fb407
9806,3547,c2cd1e03853ae20d0d6f717a44db2b3d,0f9a817d446ac9ca3615595b39c63073
9810,3548,bfb8c81328a8e080c718c5fc611c2ddd,88db7fb958c051f1ed68f56c73f83574
9811,3549,0f2f75f51ee204860063d38fe8ce6979,8aa1884c342169bdd8be038217085676
9812,3550,76701b8de42536b5314aa4d3912875ad,465425629e079678068f049e07da7d87
9816,3551,54a2cbef3ae0247ecd13ee1578d92ec1,8cc9543ae62cd34b93ddbbac117ebbfb
9818,3552,036003379f64f674996d9754db5f2d18,f16fb0a766cad4999ebb6125ed050889
9823,3553,9136b180db276bbd84956ad7f5492f4c,738c64782a2a547a355e581d2216fc5d
9826,3554,b3524b6118bbd20e6cd95b0119af647e,9060b0daf873056a7db61082ad37e382
9827,3555,974ce213bb2f62fb172a669a6292161f,1bf72439c44073afae6b9dc1d5edbd3d
9832,3556,89a7542cd37920f671f65dd4d503f990,11704712479ad7c8701406656fb230aa
9836,3557,b1ac29a669d50be3994ef3b97ad7536b,ba64cb6b5f0265a1125466bfe3549381
9841,3558,dcfdacdb2a35028ce02c780298bd3fac,fb04143ea87c2cd24b6bf3e2cfb2ff8b
9843,3559,76f54acfec26dd985baeaf7723be303e,ff34119c446f21f48a5f543f8b431c72
9845,3560,2b905b0108166c2a2470259ba277c094,0d354a45d2c98176b5c85f9cdcb809b7
9847,3561,8d3ec2a029fd288d7cb4eed5dd70edb8,2d2d377c77f7acfe75e7657fbc6b54b2
9848,3562,118766a4b75d702d5897807bd9f1995c,e6639ed89d42e92fd0183592b01a87dd
9850,3563,dd2edbc453f42a25ef5b5faa2adfbeda,b91d572518d80b5c525a25d763898c39
9851,3564,a3ca632d60ae735067263bf7785b411e,0cf7df98b8e1125917d8db5c86c30df2
9853,3565,885742e5457afc719ad9a47ba39c6085,e4082e6ef74f206c059d482a7f6b4c41
9855,3566,48d6d584f9b79590f281c6304f9eb655,219887e001779fd2ed26d5adbdb9d4b3
9862,3567,9023e77b11915251243d4629058bf1f2,6030647667b319045de64aa85f8d005c
9863,3568,ec33f0965c831e505913e950ea9a1176,f5895c9bc96345afce318aa9fe14acc3
9864,3569,1f2fe6c1a4ffc2266e2520b04d24e94c,77417a23264c7cc9e313935e3584d3c6
9865,3570,7dfbb0a7079206a94db2a8af30c9d0e7,5fd34e31a9814d8f19a85ba3834525fa
9867,3571,dac2174485b1a75d3fff8398e6e7e115,e89d82a2f931ad1f75843e29927b4a43
9874,3572,80a1fc3b2fad3689218ecbe34608e8e5,c29f777728fbaef8afc4ab5e50b4b4c6
9876,3573,504a76fa5e2dd6a9e447c0e057bd45fb,970ff55026b0fcfa01cb0a6f5c8e7e88
9879,3574,a961a5c9a72b59cfde89a6da89319371,909f017392fd7912d3f8d6801854fd3f
9880,3575,d9804728411aa8b75ca2a98e0fe64ac3,13cb1ca6f0f8be913bd5a2374e7b4891
9886,3576,48a9f031ce15527552cddc6ea27d7dea,e4efd4bf9313f84370609d0a421b7135
9888,3577,6228cd43ef2530e97c214b686bddd84e,8bc8aca2aab2e5053d27e98fc9e746c0
9890,3578,c288e1e58729290bd976e13330d15a9c,4f1f33c23c61e39c8123d4be9263fe2c
9891,3579,3813606b88c4aa94ecb4d3a336dd8a20,7524ebede59d58718ea31b39a1b642e0
9895,3580,ce335738468ec3ec44b32955a584aebc,7a71028521468b952a7efdacdaf6bf3a
9899,3581,7e76f92aa8c744f4559626b507d623ee,022efd8508dd9f3728533483bdde3cb9
9909,3582,be71b013a6a90df068c1bd9998e8cecf,7c9bdb6626bfea03ce16814950f761ac
9913,3583,e24a08c0c3dc657d6c2e2d6be14641e7,ad1ca6d38370065e7b68c11b172a390c
9915,3584,bfcf7dec6d04e44387031cd761053b4d,61eeed509be66c0c0992bceacb37710a
9916,3585,9e8f02e0ef34b2450d83b9e2759f147e,93e0c2dfbf5b17a434146d5977eca6e9
9917,3586,ac36a49e5d3639731e19b57d2d4bb613,0da778fe39ebdc8c522c31335c76de00
9924,3587,665b4d83dcedde1526a9f792f86584ce,1d7430e6a3cebbea0afbaeb19b016f8f
9925,3588,bf83c72fea881a9b085a5fba7ccc11a1,a8c29500068a5365bdde0cdebd5368c7
9928,3589,7b60fded25a8eabe213f25f38445ca7f,1f8bfdc2302111ab41d27cd75b2a0668
9929,3590,0443e48c7955ef45a723aff23a210c06,3fce4b7d5492f50715c22430d64240aa
9930,3591,e572c502729aaf719569207bc3a2ad3c,2e730677b5ca3e51aeec157d5dab6e1a
9935,3592,c85365f65dde7d84ad44d4562755b96a,06a51d14a257f89113cfc12c229a898d
9942,3593,5fb206375e6cc306d4635df57541cad0,7c676724ae039a3564b0bbfb9553b6b9
9943,3594,73ed23fd0ad67d544af42e0db19031b9,8dd7553b83267c352cce3d10a6008e84
9944,3595,6ac267e56dfdbbf5f4227ca7bc94ee48,b931ed73b7229ff46d15784394811447
9946,3596,5eb57052ace7a4097a237e13181308f8,3a2d28f93ef70ea079e7fa31148fb2a6
9947,3597,2087ae1413362de23de4fa36fd01b90a,0d2695a57ff33be237ddcf398d52bf5b
9952,3598,612aeecbb746e07a328e5058cf620b6e,6a7f4204af25f48f6fd63467cec99407
9954,3599,b312f6b87a44deb44e5049303266f705,514316e3ec16235510ebb3fa863804c5
9958,3600,8812632f686a21ac8b2fdcb100701fd6,ab7519914491a3fcad4c799f26928771
9959,3601,972f7a0189e47cd75fa23226d9b36594,5bc776a07a7d820642d3134198d8d93f
9960,3602,5cfe256f8dd4cd0297c33d8a475b33c1,a5b69c7a75d00e5835529801cfadbfec
9961,3603,6697a49a28fbfa64644a4f1ba89b46c1,6ff39b71fd0acb96b5e8697ed488efbf
9962,3604,3953e514d93def964d12661936efc6d8,2b66a2251676eea63393698254c34cb4
9963,3605,bbf533f2ab1dba01aa9a051cd5f05180,5547cc3438eea25524b87c0dcaea5da9
9964,3606,0f20e979be323220faa72b3b53d2a9ea,e5e23fb6f5afa0aeb9deb1f0d946637f
9965,3607,58ef8599d38f8ee62e6752dfc09569ed,765b1a4e0ed001cb672d4c65c9ac03ff
9968,3608,54dd7a9bcf2f6e679e9b009e4297393f,5af1ef6b524a3f9f60e931fd176ce52c
9971,3609,41d4949a6ee9028aff3d7ed9a6d89b5a,af3a7baceae866c9ca531924af93568a
9972,3610,8668ea8bb47a011684161a821c0f1291,ef0d3bd36a2efee2f796a1172356d211
9973,3611,b79c336866dcef2683d9e30f667d1f3a,3c020c06492cae55fb53b6a8bf6c9596
9975,3612,f872dd9c03e8146a32b1d728fcd23b6d,6849a80d52fce148260f699ce5d993ab
9979,3613,bfd016930d521ed81313af58f2538a3f,65726432f20f1e2a3733baa23b6fee9b
9982,3614,bcbc5c67bb7363bb99b036719e340d67,e1ac48cc6b00c3c8c6504dd5901fabb6
9983,3615,fa997c764f43ead38fff0b18c3ebf3b7,264e6de3836d87b48c63ebf2babe9415
9984,3616,0ca90f15e48261144d08b3d191a75d70,047b16c3d909f756fc26a221b60ad842
9985,3617,adba95d7a7d790206e0aec7743cac2e7,d936ae9af6e90659d843ccdae054fac8
9992,3618,70991258f41195f97043bca6761a4ff7,0082a4776e597933b5439ac3c76b9b1c
9993,3619,2742244bac19ffa4bf418de31dc0eb75,c75ce7df13bd4cd6b221d51f3e555002
10000,3620,83a832bf3de3a974f9ab70c61835c020,aa970bdbfeccece981a9adef7eec27d5
10009,3621,ec75bdfff722b76814e3cbd97c209155,1ef1193cf213875f285451f09abd6adb
10010,3622,504a626378125a9b869e67d4b888c1f4,da12379a8d482bb4577b2ce3dc2e0414
10011,3623,748cd5a0e2e7b6f93d57cd493970bfc5,704e49d1e54b3d6eb967fd5a7319afeb
10017,3624,c84e46a86610ed30f044bf9ac8ff5bf1,7cce46fd6b65067431b01a129440c712
10018,3625,ceabb71ce22dcdb3b3a090ed2fc91bc8,34e00651cbc54e5e4c9b1247b62fd1b0
10019,3626,9b4f41e9717656bca8aff9a063ac6af9,da8f1592f91cfe68854062727958eecb
10021,3627,376b97a470ec1dcba052d677c50eed2e,4d050d208f48984d0c60442a7c89779d
10039,3628,1d7b7ed7a3e0d6548404bbf4ebf088c9,1c19f2941e75e4f490686c85a159e288
10040,3629,4b688be2d4181a1a886ff7df4c980dfb,3113a5def78d671ffebd82defbe48eda
10041,3630,473019e7e3fcb1a8b6f50b38d0936355,21eb618c3eb700b5b230e59c55dcf25b
10042,3631,449a92ad83a5e1b87474198f3028f211,9228f9a15d4be46e37a40b0046b40569
10045,3632,87495923a2bab6a9939712f51bf4eed2,7d1dc77c7c63cdf77d2243d0d62238f2
10046,3633,967a90fc8868438ededc9ee2a07958a0,da11eaa95d67a9794016733a29d271e0
10047,3634,9a19f3e3dda8097d034771ae761a364c,ee67f178c4ed59d7cb9bdc9ebeb47748
10048,3635,edad3c33452008ddc8cba72e826601c3,a121116d0493f77ee43bf97fc87e49fb
10050,3636,8c31a7fa1024b1136ba6c4fb8adb8258,e915ce36a85fec7500815b73be8304f5
10051,3637,394fef32aeb46f764cf7f410c9d031f7,9e0e77f08dd85b87d8bea6ff6be071b3
10054,3638,895d2d72b87172f647f5742883d9c76b,fdb406a6b87b233e9200b1f8141d9c05
10055,3639,bc832597962d06634caa05f018f58f63,0bf1dd3a2c2ee0099c0e8ce8e5b7ebf6
10061,3640,da9d2b562e9c9990592c800a2f44581c,94bab043c6a7fd88182b1097e8091746
10062,3641,0d95fe2b899a3341ca6c5d7876cd6897,9f14422982b1e8d938fef7fe8dc70f77
10066,3642,5585ac283f9aa97c14c2f4d19931e724,ba6f01c31fadf4669c2e5addcf4a8928
10069,3643,4c99e52d65f43964e06fd7c13a512dd1,5662521ba5cab5f79112b26258f96f7f
10074,3644,5075e19578758f9e4bd8368854040a1d,5040dc6245e289e340f7026b23fa65a3
10075,3645,8ecb89eb4cb7f1ca192a2e1d0cffd28e,4b34f1d470e58f334ecb3dd43fa49dc3
10076,3646,6a2b741c4f60f57632193a8d258caa0c,c89a967aafd60752cdcecb71268470fb
10077,3647,da2812f9cfe5edc299f8c38916f63ddc,538f5bda6b1c0a459c78a87760924d34
10078,3648,65bb0c549d12b0cb8a465da0eccf0cb3,8e0b9ef57fd938f8ccbe06ba5360e884
10081,3649,d81a27a70b42c736fd5c17a7a3868e43,00409f6450eb50f17c390e975a006423
10083,3650,6f9e8e7f199ea1352297c97d0c8b4ab4,050883d4cf537a3ba56866a878ab233e
10091,3651,536a05ef62c66cf2cf8a4ffad0f4d885,48aeeb9893341269d29ce1cd4fabf9fb
10092,3652,5794d24222d8cc5c2b15ef180005849d,e31fe9a633297fdb149de9297cea1437
10093,3653,835a3086cb2f7c82cdf0941b90b550ba,2fbb5ab1c0150cbc176ec763cb811111
10096,3654,790e92d677050749fcf54b44eb02c916,d5856ed0de79b9f4f73e627b02f8cf16
10101,3655,d8e72c932520df2967b693f58bcc1ffe,03c25b97772b79c689c40147fd6a3752
10104,3656,f2a719265434181af490b3b00667596f,805b0bd2573480ae2136402614d50bb2
10105,3657,a40fd9ae15c5d2197d6840af35b69f06,b0965776f22fb7d5bf42488b05c40762
10112,3658,5c08dbf8f9535574d7b71d2207893471,e9fa4288bea0f02c204c732b4d69f5e6
10119,3659,49b54f66949b651c1f8cbbe0faa5f41b,1e2d4add25b9d8d476dfd0bdf0eaf9fa
10120,3660,122a01451be475d642fd2d7ee1e2ea7b,0b1bfc377d15c92e55eeb078f7093cc5
10122,3661,908ec62a5373ab8c6eb691f1298efdfe,aaffbb70b1fd5ff696bbf787f127ff79
10123,3662,bfe752c2602af8cef83246062c2de365,4b4d821494a4b0efb4e6331a4a46ac31
10124,3663,259254d01e3bafdb164924eb4cf5a5fc,df6fafa45e3ad59ec24103ac0df2946e
10125,3664,8303836083943fe0a7607f3cd6366f54,1ae103ca9e3c54e9026ae5af27f7883d
10127,3665,ce886d702e245267348bd350aef942d0,49395c1dd191ececd53be157da22a3e3
10130,3666,2e85bc579778a3db7c1b23a7a290cb1e,06253a8e7a2e23a5e5d10ec57164ad62
10131,3667,8eb9b3925a6e411b516e75fe1d2e2cb4,a4ef9a4b4da6c1a51613b1f4dc6d5741
10137,3668,71ac0680bb570daaea73d5d379cb100a,f31723c520ba76011d60459ee51cadd4
10138,3669,ae01ffba56d5c971bfbaba7a00456f8e,ede3b03660b4b8e299150a57f6411743
10143,3670,5c7e45604c20dcb9040679c721f06c59,8e911427bdf09d3f51078ea5323d37a6
10144,3671,bbfea49ed76dc29b3531a27e04abc26b,9af76c4806d594c2e0d553036bba328c
10145,3672,c38cb5f49c397d550ec1398fbd2e6a33,6ca74d67a021283743e0fbb3ceb99846
10146,3673,f0580a8ecafffa5e4d461f09193ca952,99375b85d6a4e13ec586f7dcb043dc7c
10147,3674,4a8ce61c76ee94ed94253ce6a6546bc5,72b425b2bdf628e79afa9c00110288a5
10149,3675,22cab9f5a34c20fd7d98b89baa18329b,c7476c18f84d1850e23fa16f5834112a
10151,3676,296eb1a8eeab5dbc498af6e51a1740ed,098d05df3d84db6ff5de1ce4aca819a2
10152,3677,32375803bdba1a9d3d7d681735689506,7a582ebb59f68db14220b233f92b5def
10160,3678,478b07ffa9e62ab43d182b59e362c15c,9626de25738eb12445789275af8b87e9
10163,3679,61178d07383a282c73128b4bbf3becbc,fa7fb414b30641b3aa3ddd8b3eb50de7
10165,3680,bd173c8bd66c745a9375c9992c10c621,e914447b9864294ce885c636ed121fc2
10170,3681,f6953251776d6cf701b6108e56d800c7,8700e72aee7e27b5154775ab6598a173
10171,3682,12d20e88db0ae6d68f2e5294ce452d2a,1a113bb49a92e8a17d207d54a076c9b7
10172,3683,aa1df8dd61e3186d3208c27dc7ffd25e,a415ed17e0f5c15bb36ec1b01c9bf5d0
10173,3684,c4f9381b95c67136beb13a535c61fb9c,6c18eb4eef0ec9c76906340d88fe68a8
10176,3685,eb3c06f8ee6764157736dd8c5d232cf5,d05b319edb1946557170a943ef3c514d
10179,3686,8095401cf38de4bf2d17cdf2c6895bb7,5542110277350a5f2439624c3896b3ba
10183,3687,c69e3e3f33f1016253e91ed1a61e8776,09ebb98723e46f27ad6278c0a866142b
10185,3688,9176865127defb725719d252b125d77f,ccf0cb59cca437dc8e4e4633d6e2823e
10187,3689,694710426fbab5e14a83bcfb8e2aa7d3,bfdf5227091ac8f460ad436e718e5ac6
10189,3690,94abdbc3be1581e18b1b8de8ed28fab6,1d0e775b4ce09e83f8dfb35c5fa3aec9
10191,3691,284a98923d7d5e2c9e6666b370a9d5e1,75abfd8e14faf0d5535bfd6172a7e981
10192,3692,a6916227e79bf1a71374db44469f6900,54f142c928de862cde401edc6ceeed1e
10197,3693,7986604e36955c50f31214767e3c921a,b5e5abfd9349a9c8e1d95f39811cb7c2
10206,3694,7ad6b6a8a1dd1c2e8b1aa491920ce674,742268190c2206451f6c9b4507ec1405
10211,3695,3e729b8df2833f5f76f0d9a66659b012,dcc260c541ece14f4e8e390a31638de3
10214,3696,50b298ed366ceee1ae2cadb48d6ba30a,27802ac3fc4830039375d9f88ea480f0
10219,3697,6ea046d61e8232fc6af2312c708caa21,78d8978d73524f9bf1086aae1037fc55
10220,3698,3f3640b77f6d3dc629aa4fd9fc77ff63,6cee4a0146176c86d303fdcf870cf90f
10221,3699,651f4f563010ec5400298ff54f4a4a1c,57c1883688f7dd20267f2f67204c4c67
10223,3700,2d8e27ad5210a06f0856f40eb7a44767,57506d0a5b5e43bccc12ae13eb12c750
10225,3701,d69eb487cdd68ded1124f76d0664d8a9,de7cecd992e10197186a9a9a44c58be6
10229,3702,4ac77dbcbf16f5cc6906f19edf3de9b2,72177ea1e2949d46a54bd32fe8ba01a2
10231,3703,a4e24ac5cfae81ae6c8665d03159bfc9,ff5ba688611672f05b78cffe27400f29
10232,3704,b3bf64b186aedeb83a280633d7d5f849,29108a1bbfe27bade3dc2aed9d5a579a
10238,3705,b88a7f032fba2daddb71c371a22e5d4d,bdbd0c3b2f0af38182a29330d527d315
10239,3706,44e6a9f1af518c4a248eed2078762295,34d1a629307fb8232164510070b8400b
10241,3707,97b0514dab8f418498bf7ea88aab0965,76750f70af8f85d30652063d057cf638
10242,3708,de60d7362f057e0c90cbb0f2341732de,5780fa2bf533cbdef4c0772ca3e7c9b7
10244,3709,b232ee02f7f9f62b253ba175d4cbeb21,ea9785d77d4e8e7636788e20beeea327
10246,3710,e585bb24382b8796ee825ab14b2603ba,a05add1246f37d76e57ff8edb4243178
10253,3711,e83ee47b7bd0d8141665a4608fcd4426,5c2b0ce1b328e5f79b960aba4f84c016
10256,3712,f73309849e5e9c405578671b4e2ff1a1,69d96a9510b1d691cdfadaa7bcda0535
10257,3713,da93a4395f2aca02e4ea22ce25997789,adf3de733fd8e308fa183ff2dd72d2ab
10258,3714,92118646588f6ad946d4dd24e43a107d,f2f5b1da5e8a15ee1dc8f0a6957fd687
10260,3715,6483aeb2e9aa394102b585b0985561e0,a2bc99dd2d2518d63d597203d79a1f7d
10261,3716,359411caf89bf323345be90febe86921,defb803d8233268bbecc5b79e414c049
10262,3717,323b4692e44a3776075dc75193af774c,f2b7a87a4f55f15f3999e40d09f4f4e5
10266,3718,eecdb17d74fc9aedeea853a56e164d04,eb1c8191212e029fa14b236f619529cd
10267,3719,5b0ee8e66065487adb2de8ede39fb16d,7995870955be6829b2e24d0c63b3b14a
10268,3720,b2ab426d999274081ce0726f64f17e9d,30badbb6a8a84ba12be14f55803c15ed
10270,3721,cfb38b4ad953c131681fbdf15b9cef35,f8cb0f999901bacbef56541f650b989a
10278,3722,f3f0cf452becf1c63030a80d5ba78e15,113f0124ead0d3dc1114a8f842344680
10284,3723,091f74b19a10cfb48c94e1c06a931421,262e48cb6ac619a18fb08086a25c355b
10286,3724,2f759dfa0faa34263fefe4e4381e8c87,b951278684b30d2da5e592373b0dd230
10290,3725,44e0cbd47ee4b74d74d4f45639cb3c56,01dd2610396b6ae07cc2d24e38ba18da
10291,3726,aa6b4b666c3f8299e0d266648a43161c,637075a88f0e317a9df56cab96511879
10293,3727,ebd00d169944be55196ad3ad72e933a6,6884335c87a6306d90f4d373fddfbea3
10294,3728,5b3b8bb938202e5c2532d087aa3e6f4d,c62f023332f02611f48690130966fcea
10295,3729,605e40f4459e99b3ba9e4ccf5e4bd9cf,25d8ee6234962c82aee5b2b91b97d768
10296,3730,1a1aafa74cac36e436d604903496293d,23998714d074dcea977028cde28b7312
10306,3731,e6a74e0f48e51668f5a3ce3cdd3421d7,4bd167bab9bcec8333445c54278a8663
10308,3732,66149e2deea6d6fa985ae6d12c734a3f,22ee726edef0e0d094a997ee95f35580
10309,3733,f75454dd6510453b9f873aff4db8d8a6,1f3738191fb6b66163b7747fc663713f
10311,3734,aa783efd434d65e18eb8ba26ae229e4f,73d5ad8d4ecaf514af0a006c22a2c116
10319,3735,c682ccf8468f0a56beba08a400f1b044,852e10d3a6afb15bb38b7377e48d8849
10321,3736,8e25e07810d4aac35f329cbb83bf1d9e,57952757c9aa3de290263056831507ae
10322,3737,ca17f97ec1b077c2959f9596cbf4d0b2,89ab647e66dae4dbe93b3ac6f42ea39b
10328,3738,f80560d5ff69700e4adf2cb330353d6a,0063534983647753daa3dbb3dde4bc8d
10330,3739,fad59ac34006dc5bd684b1f104c4285b,c7a7be6e9aec83a0fa941a6cfdad3918
10332,3740,f0e25956437e9b68adb06b3664b5ef69,ead541cb4a7a689f2fbca20e01588562
10333,3741,0137c3d3fe05631e927be0a8e2d15844,0b78b4588a2cbc79f379a30c11a355e0
10334,3742,2f11fb56dde2033110bef66181fd512b,42bb8522595e89f718a76583a50ffb8d
10338,3743,3db0286255978fea66e90198e17a741c,5b531bc1b27f96bce41f7b09b312d44f
10340,3744,849d2f2f35caf4d2810a2cee648f49df,e87934dfd61352e0a3a03950bd976668
10342,3745,4d29e0851544fcb29471772a375f773d,4d7f8352497c9123afbbbd6f821bd010
10343,3746,883e862711cf50f53864cf51ed681c26,29f764a87a2cf057906a95fe5f1b77ec
10344,3747,986e4a6128d4742d202b5ae69173e655,b67ae80b37bdc5c550c1236aba4bc884
10347,3748,92a65b1ef708c4a109857e0db30c3998,e231a85bba3bbf26d1c2ca1146ea6559
10352,3749,45d11674975b475300fb05312cbda94d,87c19b407f47ba48606e27623ce82f6a
10357,3750,93852843f1cb6f21640f68f0c4e8a28e,dfffc01454634f12231173a0d93efe3d
10360,3751,3cecf3de944a547e4e48c21c3bd11987,312ca817323378ce06d0fe765c658418
10367,3752,9dee539ad2e4e2d3451a73c6e73aa56b,44536e160ce6863b4c17beac3e97cdfe
10374,3753,f387875c5bb70aeaff6c8292f5b748c7,3713241fe8bc7aa8207ef021d1964713
10377,3754,345c801df69f3081c3e85ca100427cc4,4a4de3745589eaf4e8ea99c9198bbac3
10378,3755,860f65b8244e9b5d4cab67ed26360e5c,5dc475327a80d575ae7fe848638ce5f2
10379,3756,a8688cd127405b7396425e5fd7cc6d54,c2f7b69cb82fb0d0ad97597617cecf9e
10384,3757,afc575aa86437eb17bc54becf7aa57e2,dbd5af31f2263bb23369207dacfa283f
10386,3758,5a57550e774b064c6e6f05df34eba89a,b70b93e3a6cc5e8b0a0c9cc4aec4c801
10387,3759,f97f9217efa211994030ba3f59407bf3,803287e2f32391e1c862c02bc88d02b5
10395,3760,c1c5f1b53d5156c610c8468ca234b50a,375136ecd0e84d505b5e4dd09207b406
10396,3761,ee39f79721665d71afa762c4a8951697,6c2d824c68b1029c2fded3c84afc7989
10405,3762,858f19057d8fd45483af8d4d6e016389,25f1d20de3f3c9a309aea374f8a2cbe4
10418,3763,4978ea911d40d86f139aa44607877814,e8c697b01f52d85d79a1b53425f43305
10419,3764,51e1baec1299a8d740722098525db3bb,98fc314b35974be5021dfd2a554eb466
10420,3765,d4462b75857e3c28347e31e4e63ddf5e,8bb8027f299522abf89dd63c2c813874
10427,3766,909949198b11a34893665754096ced98,9c28ce5f16261258955c607465ea0d40
10428,3767,6a1567c2b860dd6924fb445fabd1b679,027ee5bb6e8e3c29a7832d3d2f111531
10432,3768,cfbaa41e349fba85f62e9b5da256693b,e409365b27a49b733465654923746806
10436,3769,2e2f41e743c5fbf4ce4fcc3da2f3b7d1,3cf59e27c793ce3bb58d672050139125
10437,3770,5b75dc23b498db58ecdda3591eca2531,70f799f2c8bc9d46ab24da4efb69c2e1
10438,3771,dcb67f476a9bfad9ceab33c58e962720,5a7f6c1724023664e3303be6fea66896
10439,3772,a6466fc23ef25dec0aaa3dd93224ab47,c00ba93a51231be6a3998117482e1412
10443,3773,94108bb4bd0aa5124c978aaa94a1b345,a9a6deb2e295d0af4f2106fe06e3dd83
10445,3774,973e88e09aa2b3200dad3137089dc2d1,7c664317723425c53a57d25fe2c7f888
10447,3775,0c9e4eda55f6a4f0ce7c3def0de77dc4,62aa8a752833a0a0a9e3fd85f17356da
10450,3776,6e0a8d6aa5fdaf7898f6b8ad75b99a7f,8e666044601aebc5a23081e4f261e993
10452,3777,e8313f4aafab13d7ab1b45224f97ece6,c5e10cee5daaef2d521259fa95e14437
10453,3778,01310c9db70eafc56ba75521f77e8b2d,bf577def063d73624eaf22b29111d0e7
10456,3779,865c23685a815879abb79f9d31344066,336fcc11d21a4c0fd7b906cc5fbc4ef6
10458,3780,c40c4adfc559cd5a50dd5c21f138d2f8,8d451908ebb405ab3660cf6e924258fe
10460,3781,6eaa34675a196fc1c7a71f88798a3f66,3464232f73b5fbed71a14b4bbc4d5a0f
10462,3782,cd35eb158c1e72d7bb37833392725b00,c0d07470481e49cd5f7f1f6b525fdefe
10472,3783,0f7536901681bd9f770611bc7158a629,4e06ea6feade469bcd5d602b79798a44
10474,3784,f7c756a0f13c921e5eed6a7a6b6c065d,1dfd46620993e4b400403de7d86f38ca
10476,3785,0e850dc587578ffb0afc2d8b6a9e24da,28f8b7c9a8dfbd35366e66d613ad1d36
10478,3786,10f407a944724c46a01c8a77989deca7,efae492520306227d2490662eca837b0
10482,3787,6d7977a53aa4881ec77c891c225790d1,07ec4ab9d101d3674db54e95d714443f
10484,3788,4f8db55b7a88d8be1d749f792d5ddfb7,7f194968e1cab71b3e73851397d18904
10486,3789,cc8e342be05d7ff239e1f33f2615ff09,97a717e4afe476b5a510ac2bc1f3613e
10489,3790,c2e77362cd168aaa40f462e0368dc3c0,a6585933cf073740cd02bacbdaaa017d
10490,3791,ecaae9098e8d0fb38f0aa49ac9209bb2,460dc3afdd88d2bce13a9076c0b1ed8b
10492,3792,ce5ddb020fe74f879d041a498dc59dbf,aea1bbeaac8917e5e4919d23d6186c18
10493,3793,f1a2f88846970ed52a84e9dd22e83ee7,046ddf83fe6c58379f5760b22a7fe391
10494,3794,177d62e59d27d6179278fbbdd531f836,da0aa46a4e007d7a592aa886211fbddc
10496,3795,78b9d8062d4290aea39e0470d0e507be,1ad9c569b8ce9227aabdff9aa299cdd0
10497,3796,359bf1876dc0c92c51505d9d022a13eb,0a9df2ed442f4a8356bdbb08036b92cc
10498,3797,fe081d35cdc5eb2825671cc017c0547b,dd6d0f07317f0eb63ed5d1fd790f5742
10500,3798,9b720bebecca1c48f54b75762efd9d4b,1f04a9cfedc0233a9265864d754d1a74
10501,3799,b7195ee1a2b3c51583eb4fa2b9391075,05cff98eaf0888d574665f1bfaa5426d
10506,3800,3dfe90707ad1e1e38a0e7e2674cf4da7,8a856549a881b6c68f18256fb0676260
10507,3801,44784527c8d118c9fd891d495fa84ef1,cb20e0504bd49f518caf1c33250a7292
10517,3802,18d3fcd1a9583fd860e314c8f7c52087,fa09f0397f6e67c1f0a0e2f751a4c671
10522,3803,0ae45a6bc41160ad3a1a73c90139dde8,59121c18a44dc317986528a131f936f9
10528,3804,79a9ccc14a8fafec296a3ec6b295a08a,d688df49d64676339b98f5050598dc67
10531,3805,0eaa3c149f5b04a92149baa6a3a86f08,ae9891abf0a8b8337f8788011879854e
10536,3806,a92ceda5ae37e9b0678a74fbc4f6c666,e7bfd0f738494d213d0ec4d0880500a1
10544,3807,6d5fe80e5a1016ed3e1f17c963b2ffdb,dec60ff04854a0a36bc1ff42e62daaba
10546,3808,19db506ef6d13e99e91dbdc862bd709e,e7665f2c129408a03dc8228ce7fe6487
10547,3809,5eb0b7de2c05ec6cb34d7cae559528d1,cdb18119012b95b5ac9763c1fe8b7a9e
10548,3810,2e0db53958fd05c481b4a6c07f2c94af,5e3b882812b8587a378b45b941d5e7f3
10551,3811,3121e70ee3b620e36ce1dc0aaefb3265,74b320d8ae3c23c4ec31dfaf9d6dc169
10555,3812,c151747193e995f7506d3f449116978f,d3c71fea7593d217b7464eb0ffc91ed2
10558,3813,7c20acfcd79eb98cf0274b94968453a0,247b3060ea5a5a8186e7852390be12d5
10560,3814,464ae2154ea41ee2e73ac5de1de8958f,4992c13731272db207ef5ed72aa75436
10564,3815,ec734f33e91d4a80afb6a4b92117bab3,740841d0255788288a9f27befe1a574a
10567,3816,7d9e0768431b5e709b88ca87d7d33b4f,74ccbca74b0a61a848d7246a2ae9f273
10569,3817,f2023d3501ccebef941383e34a2e1d09,a151eb08a6785b5e1c56260afe9e2e89
10571,3818,1aa3f94b7849e09e504f74fbab6021ff,a2061c4657d278e9ababb55e266c6456
10572,3819,639eff9e609f75774447bb691f0767d3,e4bc63a23ba88ca367dd8f6338f86c3f
10574,3820,cc2cf2c1d553ed754973ec1481036348,1cc5999245ce18598ae3d43ea9bc5fe1
10580,3821,75091bd02b5c0ef2c1993c5feba722fd,0060da967c64cd06bc4a8cdc90dfc145
10587,3822,579dd1b1c267423a003d0ca14ddeeff8,3a09ec78f3e328d4b0b4018435ada3fc
10589,3823,0de822d61524c040c0f1b34015a874af,4e257ce2495bff8d257d486e56c9da77
10590,3824,17911789667d0c93d6b52aaf576e21f6,fef7da9ab3a6fa5cec1168e4d1e71c9f
10591,3825,fa1a7226dc40af778f3a03a39af4a613,e6cb0b920b007e6bdeb0f34d05efdb2f
10592,3826,48b52986c0c70c4bb40d5fb7ab0466f3,14ab1f5e05b7da6cc4c0c623edd285b1
10595,3827,5edf260e655c5212fa647a504e4289bc,3629719586d6a006f624b7a20c381b5c
10596,3828,82ad73a25426660b5dfbddf93cad939f,a37f936b507b0884377aa884b51d7640
10598,3829,ab4bccc7428e25dd84f4e8b6ff14ed1c,b0548b33c288985e69eb8b93c8c8f91c
10601,3830,439820a6b8c50f1edcbe43d13e58efed,9f5b9d16bff954b59073fa7158810317
10603,3831,1284ca04ea2d23fa0f593b4f070bbae2,329ee0f51f3043c05ccc82f9497865c3
10604,3832,0ae8462e39f32e01d3a48fc058052932,3eb93931f5379c0c3b7c22d3975bd41d
10605,3833,4838025dfbf3202cdfb1b0dc2f604093,bc2c64e754a93c28702d32dc048a8551
10607,3834,53129fb3ff568adf1ef78156751ce39b,4cc81f98fffe660896f1d57dd664a5c8
10608,3835,73f764ee379ef36f6dae73dd3a6ba0e0,4954cc435d990747fc0471d93a687cb4
10609,3836,c2d2f625162825952d39c2f8abc1351c,e6fda9677140b0606127f9bed3d31054
10613,3837,27dc54987cbdb18843e7f7bbb995e7d0,1436bc2f791b998bfc6dbfd3541d1593
10614,3838,e2ef0cdaf38016a70d3d70e1703b0da9,f8f1f7e94263f6db6e1ddc7a86d809be
10617,3839,eb6454393e7bae706ef43e93ad5d541c,d164be31624707fb2879c142e2e720a9
10620,3840,f8d6e88fe7aad1d49d4e43f61d77d450,5099f9fdc586c0258b1463d4508dc93b
10622,3841,d52c154272a19d36e5fbedb8a4d508e7,2f41c9ec9bff9aa8023f9fc525d94a29
10627,3842,01a8f255bb24a1c60f570c6cd1a0ab5b,9fd29458292585aa6eedcaddad298364
10630,3843,d58e623fd56e8d28bced6515ff7a4c48,93646934f9468419752948a392cc7f7f
10632,3844,201f480c6183600e2a00aabcef0f8ab0,b7f73f631c89e62b5b31ae1f8100f9bb
10633,3845,594b1d1993ab4809b7213ba264bfe5a2,66d524dbe347030fa51d37e582f11174
10635,3846,2409b7435083f7d7ab380764be189f82,4c34161aecb6a0dcc1f416a9a5a35653
10639,3847,48d50a9835ee1dd0c2178d2c7ee782b8,a754feb2d1fe3389fbd932d417f8cec7
10646,3848,d116d20c2db08a19f55991a1b259f084,66b6af0deb00fe4bf157973b62194790
10647,3849,795bd8a4c151e5e6e07f7d0a18a5fef5,c7926423ebd8cfdf279df9a9fb17ca63
10648,3850,69b2c803ac52e7c6af326f783062ad26,6ab90182059998e41ae184462777bd3e
10652,3851,6d8324330f733eb3bbb3032eeae5568b,b01c3efad5815a9e3ca6daaa88b98ca4
10663,3852,6410357f85acbdc0b51ed7655f5c5ec3,d5ba8f623b16619ce4082c60a7eac07f
10664,3853,dc7b172dba5ffbfa32065df7ade3cd1e,be982963d5d0ca11abce35d4b9890222
10665,3854,11e816fd65bb1a4faf893caa082f1320,d99ec5be55cae77a667496eba43a207d
10668,3855,3c36e5bb60d270e25ab5a55e44243174,1baa796dc5644527c8871df06be014dd
10670,3856,9ecf4b0aef3bdaaa18a7ea31ae322957,081945a7d369259d04b3dc40bff4ddbc
10675,3857,14eb51f376db822cdfbeab24686093d0,626e33a5fbcbf64a143ff246737c8a52
10676,3858,281dbf2e642e50620739464eb0a4cab7,e684127f28ecf6ca7e432ed5c1db0305
10680,3859,f4fa54ca8847372d9428b928187ddde9,55aa16c3fb39240fb7d243ae9141ac73
10684,3860,01feefdb16b7d1ec2943acd469c9fa64,94f2a1525d3e6945861f2ea065e42106
10687,3861,fff5e1f29a074b9074a543f3f46363b5,81aeab7cef25aa69d728560c85cbd13b
10688,3862,f333d897b98a3899e29899552215bc13,21382c087b2bac4e5feb8b3a8cd4b72e
10691,3863,0ed69e31468d90f0ee1f95c8d3cfb4ec,c44e333fc48c68b1ef8bcbd46fc5760d
10693,3864,7b07e8e5925111c1cef1c2052c12374e,3aebabb525ad3744361dfdcbeb3afc50
10695,3865,913dfcaa6bfb418987d0cf7892f61a0d,4872223f9d89f8187a8076b1ace3c33f
10697,3866,53f6ed5df070923b59761075372ada00,1df8d24da16e93efed5e4d03e05bc35b
10702,3867,c7802cb7b428c62587639b34fdf138b3,e55d4b9eb861394dae59452dd13900e9
10703,3868,bd0d0bc6552380df650a12a644de0701,9759cbf9203542e7947f77eb4fd8bd93
10706,3869,6040d42e3c350c8e30581f990016588a,8aacc20a4789268fbb95c412cb00bc69
10707,3870,388926b56e14fe4b184a9d5975d47712,c52c1e6a6e751ab69f8e73fd06a17f47
10708,3871,2e417a8ad5a3c2ff820e9068eecd7e57,3f1b40af4ce36493ea7baca5f465a636
10712,3872,ecb054bd534cfefb34bbd64e461063fa,9895a8e8b926318dbadc30c49e8af2d7
10714,3873,925e45210611bac2f20a542b6b21aee3,bf4da429d3957670b840dd5abd73d394
10716,3874,70afadf3b37eab2a584a9b170ce3ddb8,8a29f53a07dbdfe6b802612f70706ada
10721,3875,19a8766ce1bb5cf119f59b06d6ef1c9b,037a366c4de0074127ec3a7885ba8ca1
10728,3876,d2578f3c6b3fbd883d0171a5bff6dc60,d99a03ed21ddfbe35886139bedf7c88e
10729,3877,e8140461e65b1f2f5a1f27ee92ecd5b2,733420ab522332ba93eba9a3c09b70ac
10730,3878,0ff0887110056af2d968bbb854704f79,4ee5b42a582de0a5e3be82e5e4b461d4
10736,3879,ab6d4c140e8eb47d50a07dba1cf2a570,850397bef1a285bc568a15fd521dd4d7
10737,3880,efe6c21b67f85b125b2f5d52a6915368,ccb1767ec74932b707e3d8b45a5169ac
10742,3881,3323306391d6971210d67cfeecbf2b1d,077d33918c5435dc486bb43e5715199d
10743,3882,de14a12aecc0c9dbb9692d5f20065f80,c94266929f8f4f8792445a9aab968866
10744,3883,1882d8563513fa73be5028689fecae7e,f03f5713deae60b34a7a43b1fc39cf68
10745,3884,4360effd6d71670d82920e047efc44cd,ea138a8fa43434d1cba2c080171cd23d
10751,3885,fc1b8a5039f339cab9dc563b2ac4c486,45949ac91c8f6e4c3312d7bc3366916b
10752,3886,95568635c27c15f989e9890856a8b65f,107cabcdfb502dbdd7443be8103ac442
10753,3887,b32811c7bc6a26433cc90bc866bc0ccd,eaabf395b64ab439fed7bf23f81c3d9c
10764,3888,08fb2e9626d4789eeb46ba25a1067d09,7d7fa7f7391af80a23afb459aebe6c93
10765,3889,5e83f8ca44d65977e977e04ea1946bfb,df306ae7e6e3ba9bd956fb7c37741056
10769,3890,40e312848399d91743f7b979fced5c33,7553f6c7bdda29093aca92540c8459ce
10770,3891,ab8aca603f307c5beeb391c7965e20ce,97ea50832bead50159dbf41c6355bde3
10771,3892,6a700f54e1ed64e3bd62fd9c8dc33855,3bcaf2d8083a460aa6f4f4e8adfa6935
10774,3893,85ade40473919c36b81440d0e011d3cb,3a019da7aa06ff37eef20f3bf02fe853
10779,3894,0bb3b41d3af6e67c2037cf27f883bc54,0556e466eb355001459d7020197bcac3
10781,3895,0fad177e2a9f6ae33563858c88c8d7b8,8de116dcfd3c76048881f9aa85654a4e
10782,3896,8da2fd023575b5344929d79a48794f44,a6c5a023d6e0a1395b4e29cf50410dd7
10785,3897,3c3ad39339172dc4380ece674322c591,9c70879d131e14aa85fdbfa9a416e373
10786,3898,9e7d99c3e2345921bf7702fd0da75144,4b8eab5693cb02ef1b112b211df3f9ab
10787,3899,f01de56b7bcbabd3cdc1bd2912241adb,be1e6a4564c1df5c1ae4305cfe93c925
10789,3900,73d2ef20e0bb95c0f3538ddfcf822486,53d16833ee986f35f053fb92bc06bf85
10791,3901,734db19f2fa511abb514affb834492d0,2509dcc8a9104901e41b2552d1a99294
10797,3902,ef2b02da0211154682a5d5454c5ad7b8,ea38012f4de0d0f8705580aec61e2d21
10798,3903,2b4afb8c1a155fc7712f5cfd8804b662,ae5e2aea142d0a116741f8410de8aa35
10802,3904,b1bb5d53d42d1b9d0958ddebeee54d8c,ff3fc06bfda5033a1768b2dce9c95232
10803,3905,b7bc197f1211a7570c0759827cfe403a,d8b96c5d47b70d186831655818080e34
10804,3906,34eab833be3ac8b7737e19055225e0d0,ce04b97ef67970e3e6291e1cd4f2b5ea
10806,3907,ac90de7d8d68b95d226d2f636fc6203e,1eb7bb6a4012b1dcf6d03e462dceb689
10807,3908,4e8c92f966bec3c49c83d0ace9567591,10ac762e4d90d56b34cd8c1113fbc338
10809,3909,e1e5cd828019d964d0f3eaaf63c292b9,4fc9dc6e4efadf06a05d5273bafeb9d4
10817,3910,a1b98a3e6408638fd7bca35acb922aa7,d926cde8f64453bc0339728af533568b
10818,3911,a7f1ccf5a5d36461f38b673d508cf01a,ef5c3250c0cef1d60d3a86dc4a583bc1
10821,3912,e11db01606c0fcc084bc3ddfdef4fe75,de505b731fa97a498799dd83a04e2452
10822,3913,96753a5b68a87864bb1890d4349b7ace,4e841c56e5a64712eb1072b707187283
10834,3914,6d8d6ac10ddd3665edceaa9dbc70cd2f,4a5b71db86d3dc0098fcb7054d3ae37e
10837,3915,c1474728b5468a11829e1bf6f1fb1b65,08ded283b5934e7e98f61eaf9f238ec7
10838,3916,6648255634f5ab95fb9a05dc2107a4cf,ea6b5bd7bd77d10ad926d7656e7fba06
10850,3917,d39bd39d4dc1cf69f31e62b38755c1c1,f85fab41acaad3942284d8aab86e1729
10853,3918,116d0acbd12e8cd3cf225e96c72e0ce2,d6da85df79683138092e1d8938595a9e
10855,3919,2f6f60b8cb792af6a1d2db47448e1176,b1bb30fdfe8ea1502975f8c51ff28ca7
10856,3920,f24079c091ac80f0645684fbb3d2876e,0dd6b5f8c76218f88e2be63d7ac3b7ec
10859,3921,e918a656a8814a5bde6095b410510c1e,755ad699cf754f3109995cee50e43f5a
10862,3922,b60143d1a42d9662a882f0e30705bdc3,21d97d27d51dfa7d19479cd7a11dfeec
10863,3923,e51537c82eea34028525f0de8359db36,80306a949e0d958c4c585dcf87cf075b
10864,3924,6e0b9d5182b424534e6ba91f6a80ac97,a4d04128de5db2280603ed1bb34122f0
10866,3925,7fa5233ba78342f717aff7ac0df06506,7afee6f812cb69b67925cc17ff46d354
10868,3926,e1afd63909f83cda3a56831d2e09f4ee,850f42cdd973dc554d9fc6f8bc781e85
10869,3927,62e35fa0b9ceeebe039a35cc2d963420,9d922bfa1c61a27816c9439a917dd800
10872,3928,18b91e73c93744dc1a360fbad9d9462c,9988edf8dfd9a42a5860956be7e25579
10874,3929,cd4143fe8a1b189a58c578438197dfe2,8c8f053d7fdab467555025101f97ff27
10881,3930,262a63a42024e7bf6fef26f39bfc02dd,80ad0d796b2cca103c3d4fb634894c34
10883,3931,860f6dc75126ff288816b150b2725b32,eece3bf781d767911754bde25583c0ee
10884,3932,094466a7f1f0fac95d265ad96521d009,37a7e67b675ed0e7e24b0a92c108216a
10888,3933,fa3c9613b218e971fb66a53669a82643,4381bac935137f82ec0601fa1fba44ec
10889,3934,68e6d9d79263ac6374e37525c847b02e,75861b73aa0c823fb16d9736eea5f207
10890,3935,d143af85994568cc6d2c977ad3d807ab,9e5c37eea76c9ffabfbce7df8a00b81c
10893,3936,e9fe4a6dc9d67c40760dff0c5eb89315,49ba8c1f470dd2f98a3281675a5e6c18
10901,3937,591daa9045529c0f9acbd50d713f7080,8da0add963ae386e53264b2e6dc40080
10904,3938,3431d5ab78a26dd9deb18669d6588ca6,71b9669da28087908ee7931e430c4a90
10906,3939,a01b131d8d409db5a61e6dc5f50cbf0c,b8198b9f797ce0ff15a61a0bb2365df1
10908,3940,6e86d5152d973fd7331339f98c0e1e68,807532cd7fed33ea1fa4ac7a2c6f5ca9
10910,3941,c2aa04b21e12da99b079748e6d39b9d3,f5062d923d17a203d52dfa45bfc8aefd
10911,3942,bc182094b993ef2977913d227b7e100f,3148448ddadcf4a3d59b750f66575dce
10912,3943,5933c2a7808734f6eb8695fd9b86f1fa,4c09cabbb2773ebafeea8b7553740391
10914,3944,36c91064c90b659765f86cbc4be2e691,e2b5553af92359a1041833da8f9413b6
10916,3945,5213d1721cd3ff784f19951af3d64b8a,c9621da8b38e3be38ae33bfd83f233b5
10917,3946,1ec62b54f7b9b8fc3ee51b7b19b7b021,cd7853ba9f7ebc712b64a175e9491e29
10918,3947,180569ed7ba8830688da318287220a17,bdd011628aac6de7a5e97a578e59af87
10926,3948,2437b7f163ed34039bc0537b9e369c44,5df9b6566646bec5dafb72a3ef7c2631
10928,3949,5050996e34cdafb5d1c37c79488e8dca,b2fe6190ecaca9f2d3614cdbeff80c71
10935,3950,0c2b4284e5a7f083ed7ed04fb4fcda56,10bf05249cb6054d8fbe9b3a541f27c6
10937,3951,6686805ed43d908d774c96b117fd4961,d844717499b52d3fb328523143a9caa5
10938,3952,0bea40a2c40fa56a9fbf77264b36faae,0f9aee72e94336039518fa3de2bcf7b4
10941,3953,f0f585f5aa519131c2b921ccb25e161e,a77fd0b97f5ad4723b6ab2ad90ea1330
10945,3954,1520159a3603e199d7d22ec0ed2001f7,3128bb2a2a29c648e3881b1cf64f666b
10946,3955,80106e84d415097fcadbe4766abe182b,74c0755441fcd4354836951fb27bc985
10948,3956,2878b2cf864e7650145f04cb1d965829,923ce75d82b44c06d2077200610bcfa2
10950,3957,0ce5b8df7f97c473a70176da3aa3951a,498f6b6df2b439fa1ce25ab8ddac4312
10951,3958,07948360843cebd4069039da1f937ff0,a20db2d6d7a103e8a531bc6f08e731c9
10952,3959,5c9ad65029dac609c4332aafa7c06a99,bbc462dfd74638290b7eb2e5085101d2
10955,3960,8ac68a7aba89640ef1cd745afe2402d0,d20440cc022d7607261e729ddea543ae
10956,3961,a3d9154b6ce7a5b387f48bcb88c63618,d9702a0b046f0d3a08e00e5dacae9e1e
10957,3962,d049229a8bbba3a69771e492a2314022,91bd7b4a45b183b48f187ad64619691f
10965,3963,bc6f818dd5e3d8239e766f3cab896f0b,0dad3fddbf0c82db02a20b5ea1af1ccc
10967,3964,0e1139692b6e5a4800a788dcf610ba82,1806434a7ee859e1848dc6975b6da0e4
10968,3965,6859b0d8017b448d8532849fbcf450de,04c40effb5a5d19c6e8ccdb1768aeff8
10969,3966,e07cbe2ba8296248dfbd2b5703924052,1776dfddce45d90d64b999c65e5b6233
10970,3967,d5506e2f0dc29e3e785ae88f5ac54617,32583ee1d68371fdb5682ae5c3b60512
10972,3968,192da21c7b1ad92681e6fe7cd72373a7,73b9151567210ee99eefb57f045aa37e
10973,3969,b19a3a4c9942802e39b3a62e9847243b,805180c65d556e5cd47e82d8bf120c19
10978,3970,ce2a11b262062bc845bc716881538509,04e280692eaa61ff231c5ca0f6386918
10986,3971,06920f16640872b2aeaf84ac9b1df466,74546eefae8615421b86867f3a0aa2f4
10989,3972,c7c1bc908117a1900bcbb929f92fd777,022889758960807ddc8a58db47ea06af
10992,3973,d4e701be3b37dda89b1fb31bded9b979,b937fc0d1a7b17612f2fd04b4839b1fb
10993,3974,a376c8bb4a55d2f751e764d6dcc69683,d2c2813d65dacfd76a51d765e21620ab
10995,3975,d632d7a19144135864bc48c439c1a0d0,261a6302c005092d8f7592ebd38ad1bc
10996,3976,5760bbb6fccba8e084f0dcdd236cc533,4d841d2197b2624de18117b1f6e1945e
10999,3977,a15d9a8ade847cdcd31a2dd10df309ed,3088d6d676b2c12a1b9ad341c0d38847
11001,3978,7e17355f2e5d0eacc1bd94fbe66d9676,70b33678ff05d42ceb1894546cbebc01
11002,3979,520f5ea1dac1b23b1b167e6b82530f12,cf26f67081a361efdf3f626b1190eb4c
11003,3980,466cb6db51a50b098308ae9094b34d83,b0771c7ea422faa25a439fe30b97fce6
11009,3981,3bc0d743be7a1724f52e46761f751450,82913e37022cba4603f83b155f14766a
11010,3982,5bbcb99357fac446530a85a6b1a6e9f7,2971aeb2afe0689d6069ba01de8cbe6d
11011,3983,473417ef575e92c84174aa187d73ac00,e9ddf215fb9eabd0a83d2fda52d22e6f
11015,3984,288113adde4e84999c48d8f31921e942,e8d3c101852cfdf1a662c9ae7e4b4202
11021,3985,5a8aa6bfa8a43388a17d4cfd01430e38,da65bb374d8a4bb72e03100f6d02b74b
11033,3986,bd8d999d543d1be944bb62a010a473dd,e6eb33992f0bbf2bab8f33391a287208
11048,3987,99176e5bff5e62519c49f3711d6d1ee3,60bd42c5a0aae018e6116c2ec406f75e
11050,3988,3b67cf49884a16a769866585b6460495,9664b3d4bbf732987da66c452fc1cc84
11052,3989,5123da80070d06f92e8930e07512df1a,68d0ab875671ff6b7698a86b0a721296
11054,3990,4cb2549c26b2dfe730c84d8785989fe9,3959c91d4f3983c1697085674823cc35
11055,3991,a22a3f1879ec569de0fd053eef66a8ac,3382c50ac2b4ad917f5bb62d0359383e
11056,3992,24c64cf9ccbc85c2f1e992cb48fed8f8,8b726585279e2dd0c08d2e5d587a8264
11060,3993,2f7bd055a8bd63bd2629c46e5af6c8a0,a3592241fb4367e165b995e115db4f5d
11063,3994,e38f25ec3474adbc9c243d0da62da28f,f6adf5c7dff37a13a40d718220044e78
11072,3995,8e0d2c2b37ed38bf9223e2d72146df47,a896a22c7a008304f6000b3b38146049
11073,3996,b07cd4c22a27ec38bc5262f084c82ce0,7eb04bb577ebccff1aae47903f5bc018
11076,3997,247ff7ce41c2d383b96df5788d03d09c,56bb9032a702f8909778370e3eddb655
11077,3998,30f3235d75e13235c8a9a630ac4e3314,2009e9d6644aa9f1f855ff507d143fc8
11080,3999,f013ac264f01b51201f6ab7942a76ca4,9c60b4d09b066d2c030a7651f9d373f4
11084,4000,8434d11fe568e26de7a3f95142dacb07,99c46535674d83075f906789047e5ecd
