trial,samples_per_sbox,master_seed,trial_seed,key,known_delta,actual_sk28,recovered_sk28,full_key_success,correct_words,unique_minimum_words,total_public_outputs,total_internal_ineffective,total_infected,aggregate_empirical_rate,theoretical_rate,absolute_rate_error,mean_minimum_gap,min_minimum_gap,max_minimum_gap
0,512,0x5343454E45525933,0x525E2D2B2EDFABED,7ADA85E8A2A0590DFD32,0x9,0x087584D2,0x00000000,0,4,7,4096,678,3418,0.165527343750,0.164132936375,0.001394407375,3.571429,1,5
0,1024,0x5343454E45525933,0x525E2D2B2EDFABED,7ADA85E8A2A0590DFD32,0x9,0x087584D2,0x00000000,0,6,7,8192,1314,6878,0.160400390625,0.164132936375,0.003732545750,3.142857,1,11
0,1536,0x5343454E45525933,0x525E2D2B2EDFABED,7ADA85E8A2A0590DFD32,0x9,0x087584D2,0x00000000,0,4,6,12288,2021,10267,0.164469401042,0.164132936375,0.000336464666,8.833333,1,14
0,2048,0x5343454E45525933,0x525E2D2B2EDFABED,7ADA85E8A2A0590DFD32,0x9,0x087584D2,0x00000000,0,4,7,16384,2690,13694,0.164184570312,0.164132936375,0.000051633937,10.571429,1,18
0,3072,0x5343454E45525933,0x525E2D2B2EDFABED,7ADA85E8A2A0590DFD32,0x9,0x087584D2,0x086594D2,0,7,8,24576,3988,20588,0.162272135417,0.164132936375,0.001860800959,19.625000,9,34
0,4096,0x5343454E45525933,0x525E2D2B2EDFABED,7ADA85E8A2A0590DFD32,0x9,0x087584D2,0x0845B4D2,0,6,8,32768,5301,27467,0.161773681641,0.164132936375,0.002359254735,26.125000,3,49
0,6144,0x5343454E45525933,0x525E2D2B2EDFABED,7ADA85E8A2A0590DFD32,0x9,0x087584D2,0x087584D2,1,8,8,49152,7971,41181,0.162170410156,0.164132936375,0.001962526219,44.125000,4,68
0,8192,0x5343454E45525933,0x525E2D2B2EDFABED,7ADA85E8A2A0590DFD32,0x9,0x087584D2,0x087584D2,1,8,8,65536,10641,54895,0.162368774414,0.164132936375,0.001764161961,65.500000,24,94
0,12288,0x5343454E45525933,0x525E2D2B2EDFABED,7ADA85E8A2A0590DFD32,0x9,0x087584D2,0x087584D2,1,8,8,98304,16137,82167,0.164154052734,0.164132936375,0.000021116359,105.000000,70,140
0,16384,0x5343454E45525933,0x525E2D2B2EDFABED,7ADA85E8A2A0590DFD32,0x9,0x087584D2,0x087584D2,1,8,8,131072,21429,109643,0.163490295410,0.164132936375,0.000642640965,123.000000,68,211
0,24576,0x5343454E45525933,0x525E2D2B2EDFABED,7ADA85E8A2A0590DFD32,0x9,0x087584D2,0x087584D2,1,8,8,196608,32157,164451,0.163558959961,0.164132936375,0.000573976414,198.500000,141,313
0,32768,0x5343454E45525933,0x525E2D2B2EDFABED,7ADA85E8A2A0590DFD32,0x9,0x087584D2,0x087584D2,1,8,8,262144,42951,219193,0.163845062256,0.164132936375,0.000287874120,292.625000,248,347
1,512,0x5343454E45525933,0x588258597E0BAF4E,C66517CC49F2D06734D0,0xC,0xC48870AF,0xC38F3EE3,0,3,8,4096,691,3405,0.168701171875,0.164132936375,0.004568235500,3.250000,1,8
1,1024,0x5343454E45525933,0x588258597E0BAF4E,C66517CC49F2D06734D0,0xC,0xC48870AF,0x00000000,0,4,6,8192,1394,6798,0.170166015625,0.164132936375,0.006033079250,3.666667,1,6
1,1536,0x5343454E45525933,0x588258597E0BAF4E,C66517CC49F2D06734D0,0xC,0xC48870AF,0x00000000,0,4,7,12288,2025,10263,0.164794921875,0.164132936375,0.000661985500,3.714286,1,10
1,2048,0x5343454E45525933,0x588258597E0BAF4E,C66517CC49F2D06734D0,0xC,0xC48870AF,0x81CD30AB,0,5,8,16384,2678,13706,0.163452148438,0.164132936375,0.000680787938,6.000000,1,18
1,3072,0x5343454E45525933,0x588258597E0BAF4E,C66517CC49F2D06734D0,0xC,0xC48870AF,0xC48870AE,0,7,8,24576,4018,20558,0.163492838542,0.164132936375,0.000640097834,11.125000,5,23
1,4096,0x5343454E45525933,0x588258597E0BAF4E,C66517CC49F2D06734D0,0xC,0xC48870AF,0x00000000,0,7,7,32768,5392,27376,0.164550781250,0.164132936375,0.000417844875,18.857143,7,34
1,6144,0x5343454E45525933,0x588258597E0BAF4E,C66517CC49F2D06734D0,0xC,0xC48870AF,0xC48870AE,0,7,8,49152,8146,41006,0.165730794271,0.164132936375,0.001597857895,39.375000,9,59
1,8192,0x5343454E45525933,0x588258597E0BAF4E,C66517CC49F2D06734D0,0xC,0xC48870AF,0xC48870AF,1,8,8,65536,10801,54735,0.164810180664,0.164132936375,0.000677244289,54.875000,3,106
1,12288,0x5343454E45525933,0x588258597E0BAF4E,C66517CC49F2D06734D0,0xC,0xC48870AF,0xC48870AF,1,8,8,98304,16241,82063,0.165211995443,0.164132936375,0.001079059067,97.125000,71,124
1,16384,0x5343454E45525933,0x588258597E0BAF4E,C66517CC49F2D06734D0,0xC,0xC48870AF,0xC48870AF,1,8,8,131072,21596,109476,0.164764404297,0.164132936375,0.000631467922,129.625000,116,149
1,24576,0x5343454E45525933,0x588258597E0BAF4E,C66517CC49F2D06734D0,0xC,0xC48870AF,0xC48870AF,1,8,8,196608,32333,164275,0.164454142253,0.164132936375,0.000321205877,201.375000,151,259
1,32768,0x5343454E45525933,0x588258597E0BAF4E,C66517CC49F2D06734D0,0xC,0xC48870AF,0xC48870AF,1,8,8,262144,43019,219125,0.164104461670,0.164132936375,0.000028474705,265.250000,207,342
2,512,0x5343454E45525933,0xB1B8E29F2251F73C,C36A1464123263DA0D73,0xD,0x37894A26,0x00000000,0,2,6,4096,683,3413,0.166748046875,0.164132936375,0.002615110500,2.333333,1,3
2,1024,0x5343454E45525933,0xB1B8E29F2251F73C,C36A1464123263DA0D73,0xD,0x37894A26,0x12A96A06,0,5,8,8192,1357,6835,0.165649414062,0.164132936375,0.001516477687,5.625000,1,16
2,1536,0x5343454E45525933,0xB1B8E29F2251F73C,C36A1464123263DA0D73,0xD,0x37894A26,0x13A96A06,0,6,8,12288,2010,10278,0.163574218750,0.164132936375,0.000558717625,9.875000,2,27
2,2048,0x5343454E45525933,0xB1B8E29F2251F73C,C36A1464123263DA0D73,0xD,0x37894A26,0x16A96B07,0,6,8,16384,2692,13692,0.164306640625,0.164132936375,0.000173704250,11.750000,1,29
2,3072,0x5343454E45525933,0xB1B8E29F2251F73C,C36A1464123263DA0D73,0xD,0x37894A26,0x37894A26,1,8,8,24576,4035,20541,0.164184570312,0.164132936375,0.000051633937,15.875000,1,29
2,4096,0x5343454E45525933,0xB1B8E29F2251F73C,C36A1464123263DA0D73,0xD,0x37894A26,0x37894A26,1,8,8,32768,5393,27375,0.164581298828,0.164132936375,0.000448362453,20.000000,1,43
2,6144,0x5343454E45525933,0xB1B8E29F2251F73C,C36A1464123263DA0D73,0xD,0x37894A26,0x36894B27,0,7,8,49152,8013,41139,0.163024902344,0.164132936375,0.001108034032,38.375000,6,72
2,8192,0x5343454E45525933,0xB1B8E29F2251F73C,C36A1464123263DA0D73,0xD,0x37894A26,0x37894A26,1,8,8,65536,10655,54881,0.162582397461,0.164132936375,0.001550538914,55.375000,5,95
2,12288,0x5343454E45525933,0xB1B8E29F2251F73C,C36A1464123263DA0D73,0xD,0x37894A26,0x37894A26,1,8,8,98304,16040,82264,0.163167317708,0.164132936375,0.000965618667,92.375000,50,132
2,16384,0x5343454E45525933,0xB1B8E29F2251F73C,C36A1464123263DA0D73,0xD,0x37894A26,0x37894A26,1,8,8,131072,21485,109587,0.163917541504,0.164132936375,0.000215394871,126.000000,92,190
2,24576,0x5343454E45525933,0xB1B8E29F2251F73C,C36A1464123263DA0D73,0xD,0x37894A26,0x37894A26,1,8,8,196608,32261,164347,0.164087931315,0.164132936375,0.000045005060,194.750000,125,286
2,32768,0x5343454E45525933,0xB1B8E29F2251F73C,C36A1464123263DA0D73,0xD,0x37894A26,0x37894A26,1,8,8,262144,42994,219150,0.164009094238,0.164132936375,0.000123842137,263.750000,181,344
3,512,0x5343454E45525933,0xF721DEF22544D5EA,967A95B60D18F9BAC1A4,0x6,0x3FBF78F6,0x00000000,0,2,7,4096,670,3426,0.163574218750,0.164132936375,0.000558717625,2.714286,1,6
3,1024,0x5343454E45525933,0xF721DEF22544D5EA,967A95B60D18F9BAC1A4,0x6,0x3FBF78F6,0x7D3C7977,0,4,8,8192,1297,6895,0.158325195312,0.164132936375,0.005807741063,4.000000,1,8
3,1536,0x5343454E45525933,0xF721DEF22544D5EA,967A95B60D18F9BAC1A4,0x6,0x3FBF78F6,0x3F7C3B75,0,4,8,12288,1981,10307,0.161214192708,0.164132936375,0.002918743667,6.750000,2,14
3,2048,0x5343454E45525933,0xF721DEF22544D5EA,967A95B60D18F9BAC1A4,0x6,0x3FBF78F6,0x3FBF78F6,1,8,8,16384,2634,13750,0.160766601562,0.164132936375,0.003366334813,9.625000,1,25
3,3072,0x5343454E45525933,0xF721DEF22544D5EA,967A95B60D18F9BAC1A4,0x6,0x3FBF78F6,0x00000000,0,7,7,24576,3968,20608,0.161458333333,0.164132936375,0.002674603042,20.428571,4,39
3,4096,0x5343454E45525933,0xF721DEF22544D5EA,967A95B60D18F9BAC1A4,0x6,0x3FBF78F6,0x3FBF78F6,1,8,8,32768,5321,27447,0.162384033203,0.164132936375,0.001748903172,22.250000,12,41
3,6144,0x5343454E45525933,0xF721DEF22544D5EA,967A95B60D18F9BAC1A4,0x6,0x3FBF78F6,0x3FBF78F6,1,8,8,49152,8126,41026,0.165323893229,0.164132936375,0.001190956854,32.875000,18,59
3,8192,0x5343454E45525933,0xF721DEF22544D5EA,967A95B60D18F9BAC1A4,0x6,0x3FBF78F6,0x3FBF78F6,1,8,8,65536,10869,54667,0.165847778320,0.164132936375,0.001714841945,49.250000,28,88
3,12288,0x5343454E45525933,0xF721DEF22544D5EA,967A95B60D18F9BAC1A4,0x6,0x3FBF78F6,0x3FBF78F6,1,8,8,98304,16179,82125,0.164581298828,0.164132936375,0.000448362453,80.625000,56,120
3,16384,0x5343454E45525933,0xF721DEF22544D5EA,967A95B60D18F9BAC1A4,0x6,0x3FBF78F6,0x3FBF78F6,1,8,8,131072,21624,109448,0.164978027344,0.164132936375,0.000845090968,128.625000,90,179
3,24576,0x5343454E45525933,0xF721DEF22544D5EA,967A95B60D18F9BAC1A4,0x6,0x3FBF78F6,0x3FBF78F6,1,8,8,196608,32422,164186,0.164906819661,0.164132936375,0.000773883286,216.375000,156,280
3,32768,0x5343454E45525933,0xF721DEF22544D5EA,967A95B60D18F9BAC1A4,0x6,0x3FBF78F6,0x3FBF78F6,1,8,8,262144,43242,218902,0.164955139160,0.164132936375,0.000822202785,291.125000,240,343
4,512,0x5343454E45525933,0xA3C1A9062A489B51,485C09FFB954A7B5656B,0x7,0x7430665B,0x6C06C6D3,0,2,8,4096,652,3444,0.159179687500,0.164132936375,0.004953248875,4.500000,2,7
4,1024,0x5343454E45525933,0xA3C1A9062A489B51,485C09FFB954A7B5656B,0x7,0x7430665B,0x00000000,0,4,7,8192,1320,6872,0.161132812500,0.164132936375,0.003000123875,7.142857,2,14
4,1536,0x5343454E45525933,0xA3C1A9062A489B51,485C09FFB954A7B5656B,0x7,0x7430665B,0x5C34465B,0,5,8,12288,1968,10320,0.160156250000,0.164132936375,0.003976686375,6.250000,1,19
4,2048,0x5343454E45525933,0xA3C1A9062A489B51,485C09FFB954A7B5656B,0x7,0x7430665B,0x00000000,0,4,7,16384,2660,13724,0.162353515625,0.164132936375,0.001779420750,10.714286,3,25
4,3072,0x5343454E45525933,0xA3C1A9062A489B51,485C09FFB954A7B5656B,0x7,0x7430665B,0x7C20764B,0,6,8,24576,3992,20584,0.162434895833,0.164132936375,0.001698040542,17.000000,5,34
4,4096,0x5343454E45525933,0xA3C1A9062A489B51,485C09FFB954A7B5656B,0x7,0x7430665B,0x7C30665B,0,7,8,32768,5331,27437,0.162689208984,0.164132936375,0.001443727391,24.875000,12,44
4,6144,0x5343454E45525933,0xA3C1A9062A489B51,485C09FFB954A7B5656B,0x7,0x7430665B,0x7430665B,1,8,8,49152,8045,41107,0.163675944010,0.164132936375,0.000456992365,44.500000,30,69
4,8192,0x5343454E45525933,0xA3C1A9062A489B51,485C09FFB954A7B5656B,0x7,0x7430665B,0x7430665B,1,8,8,65536,10781,54755,0.164505004883,0.164132936375,0.000372068507,64.750000,48,89
4,12288,0x5343454E45525933,0xA3C1A9062A489B51,485C09FFB954A7B5656B,0x7,0x7430665B,0x7430665B,1,8,8,98304,16161,82143,0.164398193359,0.164132936375,0.000265256984,106.250000,82,126
4,16384,0x5343454E45525933,0xA3C1A9062A489B51,485C09FFB954A7B5656B,0x7,0x7430665B,0x7430665B,1,8,8,131072,21511,109561,0.164115905762,0.164132936375,0.000017030614,136.875000,110,185
4,24576,0x5343454E45525933,0xA3C1A9062A489B51,485C09FFB954A7B5656B,0x7,0x7430665B,0x7430665B,1,8,8,196608,32139,164469,0.163467407227,0.164132936375,0.000665529149,202.750000,156,242
4,32768,0x5343454E45525933,0xA3C1A9062A489B51,485C09FFB954A7B5656B,0x7,0x7430665B,0x7430665B,1,8,8,262144,43077,219067,0.164325714111,0.164132936375,0.000192777736,284.375000,156,383
5,512,0x5343454E45525933,0x2469DA5444AF949A,ECA306C7DB8190E04F6D,0xC,0xF06E2FE0,0x00000000,0,1,7,4096,638,3458,0.155761718750,0.164132936375,0.008371217625,3.714286,1,7
5,1024,0x5343454E45525933,0x2469DA5444AF949A,ECA306C7DB8190E04F6D,0xC,0xF06E2FE0,0xF6AE020F,0,1,8,8192,1346,6846,0.164306640625,0.164132936375,0.000173704250,5.125000,1,12
5,1536,0x5343454E45525933,0x2469DA5444AF949A,ECA306C7DB8190E04F6D,0xC,0xF06E2FE0,0x00000000,0,2,6,12288,2032,10256,0.165364583333,0.164132936375,0.001231646958,8.000000,2,18
5,2048,0x5343454E45525933,0x2469DA5444AF949A,ECA306C7DB8190E04F6D,0xC,0xF06E2FE0,0x00000000,0,3,7,16384,2653,13731,0.161926269531,0.164132936375,0.002206666844,9.285714,2,19
5,3072,0x5343454E45525933,0x2469DA5444AF949A,ECA306C7DB8190E04F6D,0xC,0xF06E2FE0,0x756BAA61,0,5,8,24576,3959,20617,0.161092122396,0.164132936375,0.003040813980,10.625000,1,24
5,4096,0x5343454E45525933,0x2469DA5444AF949A,ECA306C7DB8190E04F6D,0xC,0xF06E2FE0,0x706EAE61,0,6,8,32768,5300,27468,0.161743164062,0.164132936375,0.002389772313,12.250000,1,29
5,6144,0x5343454E45525933,0x2469DA5444AF949A,ECA306C7DB8190E04F6D,0xC,0xF06E2FE0,0x00000000,0,5,7,49152,7921,41231,0.161153157552,0.164132936375,0.002979778823,24.571429,8,47
5,8192,0x5343454E45525933,0x2469DA5444AF949A,ECA306C7DB8190E04F6D,0xC,0xF06E2FE0,0xF06E2FE0,1,8,8,65536,10640,54896,0.162353515625,0.164132936375,0.001779420750,40.250000,1,80
5,12288,0x5343454E45525933,0x2469DA5444AF949A,ECA306C7DB8190E04F6D,0xC,0xF06E2FE0,0xF06E2FE0,1,8,8,98304,16043,82261,0.163197835286,0.164132936375,0.000935101089,75.000000,24,120
5,16384,0x5343454E45525933,0x2469DA5444AF949A,ECA306C7DB8190E04F6D,0xC,0xF06E2FE0,0xF06E2FE0,1,8,8,131072,21373,109699,0.163063049316,0.164132936375,0.001069887059,123.250000,79,194
5,24576,0x5343454E45525933,0x2469DA5444AF949A,ECA306C7DB8190E04F6D,0xC,0xF06E2FE0,0xF06E2FE0,1,8,8,196608,31968,164640,0.162597656250,0.164132936375,0.001535280125,174.750000,95,233
5,32768,0x5343454E45525933,0x2469DA5444AF949A,ECA306C7DB8190E04F6D,0xC,0xF06E2FE0,0xF06E2FE0,1,8,8,262144,42853,219291,0.163471221924,0.164132936375,0.000661714452,278.250000,197,315
6,512,0x5343454E45525933,0x2F2BFEEFD8CE064A,333F37C1D39F9B7C6393,0x2,0xF738A059,0x00000000,0,2,6,4096,657,3439,0.160400390625,0.164132936375,0.003732545750,2.500000,1,8
6,1024,0x5343454E45525933,0x2F2BFEEFD8CE064A,333F37C1D39F9B7C6393,0x2,0xF738A059,0x337E645D,0,4,8,8192,1372,6820,0.167480468750,0.164132936375,0.003347532375,6.000000,2,12
6,1536,0x5343454E45525933,0x2F2BFEEFD8CE064A,333F37C1D39F9B7C6393,0x2,0xF738A059,0x773A2459,0,5,8,12288,2055,10233,0.167236328125,0.164132936375,0.003103391750,8.625000,2,20
6,2048,0x5343454E45525933,0x2F2BFEEFD8CE064A,333F37C1D39F9B7C6393,0x2,0xF738A059,0xF73AA459,0,6,8,16384,2745,13639,0.167541503906,0.164132936375,0.003408567531,12.000000,2,20
6,3072,0x5343454E45525933,0x2F2BFEEFD8CE064A,333F37C1D39F9B7C6393,0x2,0xF738A059,0x00000000,0,5,7,24576,4057,20519,0.165079752604,0.164132936375,0.000946816229,17.714286,1,33
6,4096,0x5343454E45525933,0x2F2BFEEFD8CE064A,333F37C1D39F9B7C6393,0x2,0xF738A059,0x753A2259,0,6,8,32768,5429,27339,0.165679931641,0.164132936375,0.001546995265,16.000000,1,39
6,6144,0x5343454E45525933,0x2F2BFEEFD8CE064A,333F37C1D39F9B7C6393,0x2,0xF738A059,0xF738A059,1,8,8,49152,8167,40985,0.166158040365,0.164132936375,0.002025103989,29.875000,1,78
6,8192,0x5343454E45525933,0x2F2BFEEFD8CE064A,333F37C1D39F9B7C6393,0x2,0xF738A059,0xF738A059,1,8,8,65536,10835,54701,0.165328979492,0.164132936375,0.001196043117,45.375000,8,103
6,12288,0x5343454E45525933,0x2F2BFEEFD8CE064A,333F37C1D39F9B7C6393,0x2,0xF738A059,0xF738A059,1,8,8,98304,16236,82068,0.165161132812,0.164132936375,0.001028196437,75.625000,25,119
6,16384,0x5343454E45525933,0x2F2BFEEFD8CE064A,333F37C1D39F9B7C6393,0x2,0xF738A059,0xF738A059,1,8,8,131072,21736,109336,0.165832519531,0.164132936375,0.001699583156,122.125000,49,179
6,24576,0x5343454E45525933,0x2F2BFEEFD8CE064A,333F37C1D39F9B7C6393,0x2,0xF738A059,0xF738A059,1,8,8,196608,32374,164234,0.164662679036,0.164132936375,0.000529742661,188.375000,114,250
6,32768,0x5343454E45525933,0x2F2BFEEFD8CE064A,333F37C1D39F9B7C6393,0x2,0xF738A059,0xF738A059,1,8,8,262144,43172,218972,0.164688110352,0.164132936375,0.000555173976,248.125000,138,354
7,512,0x5343454E45525933,0x7A836E9CC2489CEB,A18AC51D3E1A8D740EAF,0x8,0xB143E14D,0x00000000,0,2,7,4096,679,3417,0.165771484375,0.164132936375,0.001638548000,3.285714,1,8
7,1024,0x5343454E45525933,0x7A836E9CC2489CEB,A18AC51D3E1A8D740EAF,0x8,0xB143E14D,0x51425965,0,2,8,8192,1332,6860,0.162597656250,0.164132936375,0.001535280125,4.875000,1,11
7,1536,0x5343454E45525933,0x7A836E9CC2489CEB,A18AC51D3E1A8D740EAF,0x8,0xB143E14D,0x00000000,0,1,6,12288,2055,10233,0.167236328125,0.164132936375,0.003103391750,7.500000,1,15
7,2048,0x5343454E45525933,0x7A836E9CC2489CEB,A18AC51D3E1A8D740EAF,0x8,0xB143E14D,0x00000000,0,2,7,16384,2721,13663,0.166076660156,0.164132936375,0.001943723781,6.285714,2,13
7,3072,0x5343454E45525933,0x7A836E9CC2489CEB,A18AC51D3E1A8D740EAF,0x8,0xB143E14D,0x3D1BA1C5,0,3,8,24576,4091,20485,0.166463216146,0.164132936375,0.002330279770,7.625000,1,19
7,4096,0x5343454E45525933,0x7A836E9CC2489CEB,A18AC51D3E1A8D740EAF,0x8,0xB143E14D,0x7909A3C7,0,4,8,32768,5383,27385,0.164276123047,0.164132936375,0.000143186672,11.250000,2,34
7,6144,0x5343454E45525933,0x7A836E9CC2489CEB,A18AC51D3E1A8D740EAF,0x8,0xB143E14D,0xB143A14D,0,7,8,49152,7985,41167,0.162455240885,0.164132936375,0.001677695490,21.500000,1,46
7,8192,0x5343454E45525933,0x7A836E9CC2489CEB,A18AC51D3E1A8D740EAF,0x8,0xB143E14D,0xB143E14D,1,8,8,65536,10638,54898,0.162322998047,0.164132936375,0.001809938328,35.375000,1,65
7,12288,0x5343454E45525933,0x7A836E9CC2489CEB,A18AC51D3E1A8D740EAF,0x8,0xB143E14D,0xB143E14D,1,8,8,98304,16013,82291,0.162892659505,0.164132936375,0.001240276870,75.875000,50,103
7,16384,0x5343454E45525933,0x7A836E9CC2489CEB,A18AC51D3E1A8D740EAF,0x8,0xB143E14D,0xB143E14D,1,8,8,131072,21444,109628,0.163604736328,0.164132936375,0.000528200047,109.375000,87,130
7,24576,0x5343454E45525933,0x7A836E9CC2489CEB,A18AC51D3E1A8D740EAF,0x8,0xB143E14D,0xB143E14D,1,8,8,196608,32204,164404,0.163798014323,0.164132936375,0.000334922052,175.500000,150,212
7,32768,0x5343454E45525933,0x7A836E9CC2489CEB,A18AC51D3E1A8D740EAF,0x8,0xB143E14D,0xB143E14D,1,8,8,262144,43116,219028,0.164474487305,0.164132936375,0.000341550929,252.750000,220,315
8,512,0x5343454E45525933,0x143BA3E5EC6F6FC1,2BEE718FA4B7D3D907E0,0x6,0xA30B5BD6,0x00000000,0,2,7,4096,698,3398,0.170410156250,0.164132936375,0.006277219875,4.714286,2,7
8,1024,0x5343454E45525933,0x143BA3E5EC6F6FC1,2BEE718FA4B7D3D907E0,0x6,0xA30B5BD6,0x831BCBC6,0,5,8,8192,1397,6795,0.170532226562,0.164132936375,0.006399290187,7.375000,1,16
8,1536,0x5343454E45525933,0x143BA3E5EC6F6FC1,2BEE718FA4B7D3D907E0,0x6,0xA30B5BD6,0x00000000,0,5,7,12288,2039,10249,0.165934244792,0.164132936375,0.001801308416,8.857143,1,18
8,2048,0x5343454E45525933,0x143BA3E5EC6F6FC1,2BEE718FA4B7D3D907E0,0x6,0xA30B5BD6,0x831B43CE,0,5,8,16384,2712,13672,0.165527343750,0.164132936375,0.001394407375,10.500000,2,22
8,3072,0x5343454E45525933,0x143BA3E5EC6F6FC1,2BEE718FA4B7D3D907E0,0x6,0xA30B5BD6,0xA30B53DE,0,7,8,24576,4059,20517,0.165161132812,0.164132936375,0.001028196437,18.125000,1,45
8,4096,0x5343454E45525933,0x143BA3E5EC6F6FC1,2BEE718FA4B7D3D907E0,0x6,0xA30B5BD6,0xA30B53DE,0,7,8,32768,5390,27378,0.164489746094,0.164132936375,0.000356809718,32.375000,19,57
8,6144,0x5343454E45525933,0x143BA3E5EC6F6FC1,2BEE718FA4B7D3D907E0,0x6,0xA30B5BD6,0xA30B53DE,0,7,8,49152,8054,41098,0.163859049479,0.164132936375,0.000273886896,48.250000,6,74
8,8192,0x5343454E45525933,0x143BA3E5EC6F6FC1,2BEE718FA4B7D3D907E0,0x6,0xA30B5BD6,0xA30B5BD6,1,8,8,65536,10817,54719,0.165054321289,0.164132936375,0.000921384914,73.250000,25,98
8,12288,0x5343454E45525933,0x143BA3E5EC6F6FC1,2BEE718FA4B7D3D907E0,0x6,0xA30B5BD6,0xA30B5BD6,1,8,8,98304,16150,82154,0.164286295573,0.164132936375,0.000153359198,109.125000,70,131
8,16384,0x5343454E45525933,0x143BA3E5EC6F6FC1,2BEE718FA4B7D3D907E0,0x6,0xA30B5BD6,0xA30B5BD6,1,8,8,131072,21535,109537,0.164299011230,0.164132936375,0.000166074855,150.375000,122,184
8,24576,0x5343454E45525933,0x143BA3E5EC6F6FC1,2BEE718FA4B7D3D907E0,0x6,0xA30B5BD6,0xA30B5BD6,1,8,8,196608,32354,164254,0.164560953776,0.164132936375,0.000428017401,228.000000,174,293
8,32768,0x5343454E45525933,0x143BA3E5EC6F6FC1,2BEE718FA4B7D3D907E0,0x6,0xA30B5BD6,0xA30B5BD6,1,8,8,262144,43195,218949,0.164775848389,0.164132936375,0.000642912013,305.500000,249,385
9,512,0x5343454E45525933,0x14D0CF09844D5713,E81DC7FD690FF8FB3F0E,0x2,0xA29FA350,0x00000000,0,0,5,4096,655,3441,0.159912109375,0.164132936375,0.004220827000,4.200000,2,9
9,1024,0x5343454E45525933,0x14D0CF09844D5713,E81DC7FD690FF8FB3F0E,0x2,0xA29FA350,0x00000000,0,1,6,8192,1313,6879,0.160278320312,0.164132936375,0.003854616063,5.833333,1,14
9,1536,0x5343454E45525933,0x14D0CF09844D5713,E81DC7FD690FF8FB3F0E,0x2,0xA29FA350,0x00000000,0,4,7,12288,2004,10284,0.163085937500,0.164132936375,0.001046998875,5.714286,2,9
9,2048,0x5343454E45525933,0x14D0CF09844D5713,E81DC7FD690FF8FB3F0E,0x2,0xA29FA350,0xA29FA350,1,8,8,16384,2697,13687,0.164611816406,0.164132936375,0.000478880031,5.500000,1,9
9,3072,0x5343454E45525933,0x14D0CF09844D5713,E81DC7FD690FF8FB3F0E,0x2,0xA29FA350,0xA69BA354,0,7,8,24576,4033,20543,0.164103190104,0.164132936375,0.000029746271,10.125000,1,16
9,4096,0x5343454E45525933,0x14D0CF09844D5713,E81DC7FD690FF8FB3F0E,0x2,0xA29FA350,0xA29FA350,1,8,8,32768,5347,27421,0.163177490234,0.164132936375,0.000955446141,19.000000,6,32
9,6144,0x5343454E45525933,0x14D0CF09844D5713,E81DC7FD690FF8FB3F0E,0x2,0xA29FA350,0xA29FA350,1,8,8,49152,7981,41171,0.162373860677,0.164132936375,0.001759075698,30.875000,18,57
9,8192,0x5343454E45525933,0x14D0CF09844D5713,E81DC7FD690FF8FB3F0E,0x2,0xA29FA350,0xA29FA350,1,8,8,65536,10685,54851,0.163040161133,0.164132936375,0.001092775243,47.500000,11,71
9,12288,0x5343454E45525933,0x14D0CF09844D5713,E81DC7FD690FF8FB3F0E,0x2,0xA29FA350,0xA29FA350,1,8,8,98304,16050,82254,0.163269042969,0.164132936375,0.000863893407,84.250000,8,124
9,16384,0x5343454E45525933,0x14D0CF09844D5713,E81DC7FD690FF8FB3F0E,0x2,0xA29FA350,0xA29FA350,1,8,8,131072,21425,109647,0.163459777832,0.164132936375,0.000673158543,128.625000,64,173
9,24576,0x5343454E45525933,0x14D0CF09844D5713,E81DC7FD690FF8FB3F0E,0x2,0xA29FA350,0xA29FA350,1,8,8,196608,32158,164450,0.163564046224,0.164132936375,0.000568890151,201.125000,126,277
9,32768,0x5343454E45525933,0x14D0CF09844D5713,E81DC7FD690FF8FB3F0E,0x2,0xA29FA350,0xA29FA350,1,8,8,262144,42823,219321,0.163356781006,0.164132936375,0.000776155370,282.125000,176,396
10,512,0x5343454E45535934,0x6BD04B8CC4A808B3,1140232A767D00A30F10,0x4,0x347D7B8C,0x7A1078AD,0,2,8,4096,638,3458,0.155761718750,0.164132936375,0.008371217625,2.500000,1,6
10,1024,0x5343454E45535934,0x6BD04B8CC4A808B3,1140232A767D00A30F10,0x4,0x347D7B8C,0x00000000,0,3,7,8192,1285,6907,0.156860351562,0.164132936375,0.007272584813,6.142857,2,15
10,1536,0x5343454E45535934,0x6BD04B8CC4A808B3,1140232A767D00A30F10,0x4,0x347D7B8C,0x00000000,0,4,6,12288,1966,10322,0.159993489583,0.164132936375,0.004139446792,8.500000,1,18
10,2048,0x5343454E45535934,0x6BD04B8CC4A808B3,1140232A767D00A30F10,0x4,0x347D7B8C,0x00000000,0,6,7,16384,2642,13742,0.161254882812,0.164132936375,0.002878053563,6.857143,2,18
10,3072,0x5343454E45535934,0x6BD04B8CC4A808B3,1140232A767D00A30F10,0x4,0x347D7B8C,0x307D7F88,0,7,8,24576,3942,20634,0.160400390625,0.164132936375,0.003732545750,9.750000,1,20
10,4096,0x5343454E45535934,0x6BD04B8CC4A808B3,1140232A767D00A30F10,0x4,0x347D7B8C,0x347D738C,0,7,8,32768,5229,27539,0.159576416016,0.164132936375,0.004556520360,15.000000,5,36
10,6144,0x5343454E45535934,0x6BD04B8CC4A808B3,1140232A767D00A30F10,0x4,0x347D7B8C,0xB0797B0C,0,6,8,49152,7815,41337,0.158996582031,0.164132936375,0.005136354344,19.750000,3,41
10,8192,0x5343454E45535934,0x6BD04B8CC4A808B3,1140232A767D00A30F10,0x4,0x347D7B8C,0x347D7B8C,1,8,8,65536,10582,54954,0.161468505859,0.164132936375,0.002664430516,37.000000,8,59
10,12288,0x5343454E45535934,0x6BD04B8CC4A808B3,1140232A767D00A30F10,0x4,0x347D7B8C,0x347D7B8C,1,8,8,98304,15954,82350,0.162292480469,0.164132936375,0.001840455907,82.125000,28,149
10,16384,0x5343454E45535934,0x6BD04B8CC4A808B3,1140232A767D00A30F10,0x4,0x347D7B8C,0x347D7B8C,1,8,8,131072,21361,109711,0.162971496582,0.164132936375,0.001161439793,118.875000,49,189
10,24576,0x5343454E45535934,0x6BD04B8CC4A808B3,1140232A767D00A30F10,0x4,0x347D7B8C,0x347D7B8C,1,8,8,196608,31877,164731,0.162134806315,0.164132936375,0.001998130060,188.500000,122,280
10,32768,0x5343454E45535934,0x6BD04B8CC4A808B3,1140232A767D00A30F10,0x4,0x347D7B8C,0x347D7B8C,1,8,8,262144,42571,219573,0.162395477295,0.164132936375,0.001737459080,279.875000,226,390
11,512,0x5343454E45535934,0x67498F05F36B3762,4A5A92E017F604F1546E,0xF,0xE35ABEAC,0x00000000,0,0,7,4096,672,3424,0.164062500000,0.164132936375,0.000070436375,3.428571,1,9
11,1024,0x5343454E45535934,0x67498F05F36B3762,4A5A92E017F604F1546E,0xF,0xE35ABEAC,0x0A12D3E9,0,2,8,8192,1346,6846,0.164306640625,0.164132936375,0.000173704250,3.250000,1,7
11,1536,0x5343454E45535934,0x67498F05F36B3762,4A5A92E017F604F1546E,0xF,0xE35ABEAC,0x00000000,0,3,7,12288,2006,10282,0.163248697917,0.164132936375,0.000884238459,5.571429,1,19
11,2048,0x5343454E45535934,0x67498F05F36B3762,4A5A92E017F604F1546E,0xF,0xE35ABEAC,0x00000000,0,5,7,16384,2632,13752,0.160644531250,0.164132936375,0.003488405125,10.142857,1,21
11,3072,0x5343454E45535934,0x67498F05F36B3762,4A5A92E017F604F1546E,0xF,0xE35ABEAC,0x00000000,0,7,7,24576,3952,20624,0.160807291667,0.164132936375,0.003325644709,19.000000,7,30
11,4096,0x5343454E45535934,0x67498F05F36B3762,4A5A92E017F604F1546E,0xF,0xE35ABEAC,0xE35ABEAC,1,8,8,32768,5267,27501,0.160736083984,0.164132936375,0.003396852391,32.250000,6,48
11,6144,0x5343454E45535934,0x67498F05F36B3762,4A5A92E017F604F1546E,0xF,0xE35ABEAC,0xE35ABEAC,1,8,8,49152,7934,41218,0.161417643229,0.164132936375,0.002715293146,53.750000,32,84
11,8192,0x5343454E45535934,0x67498F05F36B3762,4A5A92E017F604F1546E,0xF,0xE35ABEAC,0xE35ABEAC,1,8,8,65536,10783,54753,0.164535522461,0.164132936375,0.000402586086,56.875000,27,86
11,12288,0x5343454E45535934,0x67498F05F36B3762,4A5A92E017F604F1546E,0xF,0xE35ABEAC,0xE35ABEAC,1,8,8,98304,16113,82191,0.163909912109,0.164132936375,0.000223024266,98.750000,69,149
11,16384,0x5343454E45535934,0x67498F05F36B3762,4A5A92E017F604F1546E,0xF,0xE35ABEAC,0xE35ABEAC,1,8,8,131072,21511,109561,0.164115905762,0.164132936375,0.000017030614,131.250000,102,186
11,24576,0x5343454E45535934,0x67498F05F36B3762,4A5A92E017F604F1546E,0xF,0xE35ABEAC,0xE35ABEAC,1,8,8,196608,32198,164410,0.163767496745,0.164132936375,0.000365439631,201.250000,134,261
11,32768,0x5343454E45535934,0x67498F05F36B3762,4A5A92E017F604F1546E,0xF,0xE35ABEAC,0xE35ABEAC,1,8,8,262144,42928,219216,0.163757324219,0.164132936375,0.000375612157,289.500000,172,361
12,512,0x5343454E45535934,0xD2DFC93FEBE1C6E6,35253881E082E4E2EB2A,0x6,0x4305FE44,0x00000000,0,1,5,4096,705,3391,0.172119140625,0.164132936375,0.007986204250,3.000000,1,6
12,1024,0x5343454E45535934,0xD2DFC93FEBE1C6E6,35253881E082E4E2EB2A,0x6,0x4305FE44,0x00000000,0,4,7,8192,1389,6803,0.169555664062,0.164132936375,0.005422727687,4.142857,1,7
12,1536,0x5343454E45535934,0xD2DFC93FEBE1C6E6,35253881E082E4E2EB2A,0x6,0x4305FE44,0x4B25FE44,0,6,8,12288,2077,10211,0.169026692708,0.164132936375,0.004893756333,4.000000,1,8
12,2048,0x5343454E45535934,0xD2DFC93FEBE1C6E6,35253881E082E4E2EB2A,0x6,0x4305FE44,0x00000000,0,5,7,16384,2739,13645,0.167175292969,0.164132936375,0.003042356593,6.714286,1,16
12,3072,0x5343454E45535934,0xD2DFC93FEBE1C6E6,35253881E082E4E2EB2A,0x6,0x4305FE44,0x00000000,0,6,7,24576,4029,20547,0.163940429688,0.164132936375,0.000192506688,12.714286,3,30
12,4096,0x5343454E45535934,0xD2DFC93FEBE1C6E6,35253881E082E4E2EB2A,0x6,0x4305FE44,0x0B0DBE4C,0,6,8,32768,5376,27392,0.164062500000,0.164132936375,0.000070436375,17.750000,1,38
12,6144,0x5343454E45535934,0xD2DFC93FEBE1C6E6,35253881E082E4E2EB2A,0x6,0x4305FE44,0x4305FE44,1,8,8,49152,8082,41070,0.164428710938,0.164132936375,0.000295774562,35.875000,11,62
12,8192,0x5343454E45535934,0xD2DFC93FEBE1C6E6,35253881E082E4E2EB2A,0x6,0x4305FE44,0x4305FE44,1,8,8,65536,10790,54746,0.164642333984,0.164132936375,0.000509397609,49.625000,26,97
12,12288,0x5343454E45535934,0xD2DFC93FEBE1C6E6,35253881E082E4E2EB2A,0x6,0x4305FE44,0x4305FE44,1,8,8,98304,16130,82174,0.164082845052,0.164132936375,0.000050091323,79.000000,57,136
12,16384,0x5343454E45535934,0xD2DFC93FEBE1C6E6,35253881E082E4E2EB2A,0x6,0x4305FE44,0x4305FE44,1,8,8,131072,21438,109634,0.163558959961,0.164132936375,0.000573976414,114.250000,83,170
12,24576,0x5343454E45535934,0xD2DFC93FEBE1C6E6,35253881E082E4E2EB2A,0x6,0x4305FE44,0x4305FE44,1,8,8,196608,32262,164346,0.164093017578,0.164132936375,0.000039918797,197.500000,173,221
12,32768,0x5343454E45535934,0xD2DFC93FEBE1C6E6,35253881E082E4E2EB2A,0x6,0x4305FE44,0x4305FE44,1,8,8,262144,42913,219231,0.163700103760,0.164132936375,0.000432832616,279.500000,248,322
13,512,0x5343454E45535934,0x2D0DAAABC6CCFF8A,29688B5F0356D41EAA99,0x3,0x9BED6B82,0x00000000,0,2,5,4096,655,3441,0.159912109375,0.164132936375,0.004220827000,3.000000,1,5
13,1024,0x5343454E45535934,0x2D0DAAABC6CCFF8A,29688B5F0356D41EAA99,0x3,0x9BED6B82,0x00000000,0,2,6,8192,1331,6861,0.162475585938,0.164132936375,0.001657350438,4.000000,1,9
13,1536,0x5343454E45535934,0x2D0DAAABC6CCFF8A,29688B5F0356D41EAA99,0x3,0x9BED6B82,0x9365EB0A,0,6,8,12288,1998,10290,0.162597656250,0.164132936375,0.001535280125,9.375000,5,20
13,2048,0x5343454E45535934,0x2D0DAAABC6CCFF8A,29688B5F0356D41EAA99,0x3,0x9BED6B82,0x00000000,0,6,7,16384,2663,13721,0.162536621094,0.164132936375,0.001596315282,9.285714,2,16
13,3072,0x5343454E45535934,0x2D0DAAABC6CCFF8A,29688B5F0356D41EAA99,0x3,0x9BED6B82,0x93E56382,0,7,8,24576,3991,20585,0.162394205729,0.164132936375,0.001738730646,10.500000,3,19
13,4096,0x5343454E45535934,0x2D0DAAABC6CCFF8A,29688B5F0356D41EAA99,0x3,0x9BED6B82,0x93ED6B82,0,7,8,32768,5404,27364,0.164916992188,0.164132936375,0.000784055812,22.375000,1,44
13,6144,0x5343454E45535934,0x2D0DAAABC6CCFF8A,29688B5F0356D41EAA99,0x3,0x9BED6B82,0x9BE56B8A,0,7,8,49152,7968,41184,0.162109375000,0.164132936375,0.002023561375,36.625000,4,77
13,8192,0x5343454E45535934,0x2D0DAAABC6CCFF8A,29688B5F0356D41EAA99,0x3,0x9BED6B82,0x9BED6B82,1,8,8,65536,10577,54959,0.161392211914,0.164132936375,0.002740724461,54.250000,2,118
13,12288,0x5343454E45535934,0x2D0DAAABC6CCFF8A,29688B5F0356D41EAA99,0x3,0x9BED6B82,0x9BED6B82,1,8,8,98304,16030,82274,0.163065592448,0.164132936375,0.001067343927,78.375000,27,167
13,16384,0x5343454E45535934,0x2D0DAAABC6CCFF8A,29688B5F0356D41EAA99,0x3,0x9BED6B82,0x9BED6B82,1,8,8,131072,21404,109668,0.163299560547,0.164132936375,0.000833375828,112.500000,61,188
13,24576,0x5343454E45535934,0x2D0DAAABC6CCFF8A,29688B5F0356D41EAA99,0x3,0x9BED6B82,0x9BED6B82,1,8,8,196608,32279,164329,0.164179484049,0.164132936375,0.000046547674,183.875000,117,262
13,32768,0x5343454E45535934,0x2D0DAAABC6CCFF8A,29688B5F0356D41EAA99,0x3,0x9BED6B82,0x9BED6B82,1,8,8,262144,43065,219079,0.164279937744,0.164132936375,0.000147001369,276.000000,199,374
14,512,0x5343454E45535934,0x9ABD3208692B72A2,5C0DD8B6EC26E5640B90,0x0,0x8DF531F9,0x9D4622BB,0,2,8,4096,673,3423,0.164306640625,0.164132936375,0.000173704250,2.875000,1,6
14,1024,0x5343454E45535934,0x9ABD3208692B72A2,5C0DD8B6EC26E5640B90,0x0,0x8DF531F9,0xA47772E3,0,1,8,8192,1335,6857,0.162963867188,0.164132936375,0.001169069188,3.625000,1,12
14,1536,0x5343454E45535934,0x9ABD3208692B72A2,5C0DD8B6EC26E5640B90,0x0,0x8DF531F9,0xEDB560A8,0,4,8,12288,2010,10278,0.163574218750,0.164132936375,0.000558717625,4.875000,1,20
14,2048,0x5343454E45535934,0x9ABD3208692B72A2,5C0DD8B6EC26E5640B90,0x0,0x8DF531F9,0x8CE53168,0,5,8,16384,2662,13722,0.162475585938,0.164132936375,0.001657350438,8.125000,1,37
14,3072,0x5343454E45535934,0x9ABD3208692B72A2,5C0DD8B6EC26E5640B90,0x0,0x8DF531F9,0x00000000,0,4,7,24576,3989,20587,0.162312825521,0.164132936375,0.001820110855,15.000000,1,43
14,4096,0x5343454E45535934,0x9ABD3208692B72A2,5C0DD8B6EC26E5640B90,0x0,0x8DF531F9,0x8EE730E9,0,5,8,32768,5301,27467,0.161773681641,0.164132936375,0.002359254735,19.375000,7,57
14,6144,0x5343454E45535934,0x9ABD3208692B72A2,5C0DD8B6EC26E5640B90,0x0,0x8DF531F9,0x8CF530F9,0,7,8,49152,7925,41227,0.161234537760,0.164132936375,0.002898398615,31.250000,2,63
14,8192,0x5343454E45535934,0x9ABD3208692B72A2,5C0DD8B6EC26E5640B90,0x0,0x8DF531F9,0x8DF531F9,1,8,8,65536,10590,54946,0.161590576172,0.164132936375,0.002542360203,47.750000,16,89
14,12288,0x5343454E45535934,0x9ABD3208692B72A2,5C0DD8B6EC26E5640B90,0x0,0x8DF531F9,0x8DF531F9,1,8,8,98304,15932,82372,0.162068684896,0.164132936375,0.002064251480,83.500000,42,131
14,16384,0x5343454E45535934,0x9ABD3208692B72A2,5C0DD8B6EC26E5640B90,0x0,0x8DF531F9,0x8DF531F9,1,8,8,131072,21310,109762,0.162582397461,0.164132936375,0.001550538914,122.500000,88,154
14,24576,0x5343454E45535934,0x9ABD3208692B72A2,5C0DD8B6EC26E5640B90,0x0,0x8DF531F9,0x8DF531F9,1,8,8,196608,31769,164839,0.161585489909,0.164132936375,0.002547446467,193.875000,146,236
14,32768,0x5343454E45535934,0x9ABD3208692B72A2,5C0DD8B6EC26E5640B90,0x0,0x8DF531F9,0x8DF531F9,1,8,8,262144,42536,219608,0.162261962891,0.164132936375,0.001870973485,260.625000,215,379
15,512,0x5343454E45535934,0x68A5566951D4B8E9,D3FD1856452F832715AE,0x6,0x77D69AD8,0x00000000,0,0,6,4096,702,3394,0.171386718750,0.164132936375,0.007253782375,3.166667,1,9
15,1024,0x5343454E45535934,0x68A5566951D4B8E9,D3FD1856452F832715AE,0x6,0x77D69AD8,0xEFCC8072,0,3,8,8192,1397,6795,0.170532226562,0.164132936375,0.006399290187,7.000000,2,13
15,1536,0x5343454E45535934,0x68A5566951D4B8E9,D3FD1856452F832715AE,0x6,0x77D69AD8,0xFEC6A261,0,3,8,12288,2030,10258,0.165201822917,0.164132936375,0.001068886541,7.000000,2,13
15,2048,0x5343454E45535934,0x68A5566951D4B8E9,D3FD1856452F832715AE,0x6,0x77D69AD8,0xEED6A260,0,3,8,16384,2718,13666,0.165893554688,0.164132936375,0.001760618312,8.500000,2,21
15,3072,0x5343454E45535934,0x68A5566951D4B8E9,D3FD1856452F832715AE,0x6,0x77D69AD8,0x6FD682C0,0,6,8,24576,4070,20506,0.165608723958,0.164132936375,0.001475787583,13.250000,1,28
15,4096,0x5343454E45535934,0x68A5566951D4B8E9,D3FD1856452F832715AE,0x6,0x77D69AD8,0x6FD682C8,0,6,8,32768,5373,27395,0.163970947266,0.164132936375,0.000161989110,19.125000,1,36
15,6144,0x5343454E45535934,0x68A5566951D4B8E9,D3FD1856452F832715AE,0x6,0x77D69AD8,0x77D69AD8,1,8,8,49152,8045,41107,0.163675944010,0.164132936375,0.000456992365,35.875000,9,66
15,8192,0x5343454E45535934,0x68A5566951D4B8E9,D3FD1856452F832715AE,0x6,0x77D69AD8,0x77D69AD8,1,8,8,65536,10801,54735,0.164810180664,0.164132936375,0.000677244289,48.625000,2,95
15,12288,0x5343454E45535934,0x68A5566951D4B8E9,D3FD1856452F832715AE,0x6,0x77D69AD8,0x7FDE92D0,0,7,8,98304,16243,82061,0.165232340495,0.164132936375,0.001099404119,83.375000,9,133
15,16384,0x5343454E45535934,0x68A5566951D4B8E9,D3FD1856452F832715AE,0x6,0x77D69AD8,0x77D69AD8,1,8,8,131072,21637,109435,0.165077209473,0.164132936375,0.000944273097,130.875000,54,198
15,24576,0x5343454E45535934,0x68A5566951D4B8E9,D3FD1856452F832715AE,0x6,0x77D69AD8,0x77D69AD8,1,8,8,196608,32316,164292,0.164367675781,0.164132936375,0.000234739406,216.125000,150,252
15,32768,0x5343454E45535934,0x68A5566951D4B8E9,D3FD1856452F832715AE,0x6,0x77D69AD8,0x77D69AD8,1,8,8,262144,43088,219056,0.164367675781,0.164132936375,0.000234739406,308.500000,272,340
16,512,0x5343454E45535934,0x8AE628546FF28BA1,0DF1A6642FE74E4DD4D7,0x7,0x31D23882,0x00000000,0,0,6,4096,674,3422,0.164550781250,0.164132936375,0.000417844875,2.166667,1,3
16,1024,0x5343454E45535934,0x8AE628546FF28BA1,0DF1A6642FE74E4DD4D7,0x7,0x31D23882,0x00000000,0,4,7,8192,1348,6844,0.164550781250,0.164132936375,0.000417844875,2.428571,1,6
16,1536,0x5343454E45535934,0x8AE628546FF28BA1,0DF1A6642FE74E4DD4D7,0x7,0x31D23882,0x75967C86,0,6,8,12288,2046,10242,0.166503906250,0.164132936375,0.002370969875,4.625000,1,17
16,2048,0x5343454E45535934,0x8AE628546FF28BA1,0DF1A6642FE74E4DD4D7,0x7,0x31D23882,0x35D43C84,0,6,8,16384,2742,13642,0.167358398438,0.164132936375,0.003225462062,5.250000,1,17
16,3072,0x5343454E45535934,0x8AE628546FF28BA1,0DF1A6642FE74E4DD4D7,0x7,0x31D23882,0x75947C84,0,5,8,24576,4073,20503,0.165730794271,0.164132936375,0.001597857895,17.125000,2,45
16,4096,0x5343454E45535934,0x8AE628546FF28BA1,0DF1A6642FE74E4DD4D7,0x7,0x31D23882,0x00000000,0,6,7,32768,5437,27331,0.165924072266,0.164132936375,0.001791135890,24.285714,5,55
16,6144,0x5343454E45535934,0x8AE628546FF28BA1,0DF1A6642FE74E4DD4D7,0x7,0x31D23882,0x35D23886,0,7,8,49152,8148,41004,0.165771484375,0.164132936375,0.001638548000,36.750000,7,88
16,8192,0x5343454E45535934,0x8AE628546FF28BA1,0DF1A6642FE74E4DD4D7,0x7,0x31D23882,0x31D23882,1,8,8,65536,10856,54680,0.165649414062,0.164132936375,0.001516477687,55.375000,25,119
16,12288,0x5343454E45535934,0x8AE628546FF28BA1,0DF1A6642FE74E4DD4D7,0x7,0x31D23882,0x31D23882,1,8,8,98304,16214,82090,0.164937337240,0.164132936375,0.000804400864,83.625000,55,147
16,16384,0x5343454E45535934,0x8AE628546FF28BA1,0DF1A6642FE74E4DD4D7,0x7,0x31D23882,0x31D23882,1,8,8,131072,21628,109444,0.165008544922,0.164132936375,0.000875608547,119.125000,82,171
16,24576,0x5343454E45535934,0x8AE628546FF28BA1,0DF1A6642FE74E4DD4D7,0x7,0x31D23882,0x31D23882,1,8,8,196608,32536,164072,0.165486653646,0.164132936375,0.001353717270,213.375000,167,304
16,32768,0x5343454E45535934,0x8AE628546FF28BA1,0DF1A6642FE74E4DD4D7,0x7,0x31D23882,0x31D23882,1,8,8,262144,43248,218896,0.164978027344,0.164132936375,0.000845090968,289.125000,228,402
17,512,0x5343454E45535934,0x24795A5B426E82D3,DC0130C7296AE82D5938,0xE,0x309E23DA,0x00000000,0,1,7,4096,662,3434,0.161621093750,0.164132936375,0.002511842625,2.000000,1,5
17,1024,0x5343454E45535934,0x24795A5B426E82D3,DC0130C7296AE82D5938,0xE,0x309E23DA,0x00000000,0,3,7,8192,1357,6835,0.165649414062,0.164132936375,0.001516477687,4.857143,1,12
17,1536,0x5343454E45535934,0x24795A5B426E82D3,DC0130C7296AE82D5938,0xE,0x309E23DA,0x00000000,0,2,5,12288,1985,10303,0.161539713542,0.164132936375,0.002593222834,5.600000,2,9
17,2048,0x5343454E45535934,0x24795A5B426E82D3,DC0130C7296AE82D5938,0xE,0x309E23DA,0xD4360B7E,0,3,8,16384,2645,13739,0.161437988281,0.164132936375,0.002694948094,4.000000,1,9
17,3072,0x5343454E45535934,0x24795A5B426E82D3,DC0130C7296AE82D5938,0xE,0x309E23DA,0xF01E235A,0,6,8,24576,4013,20563,0.163289388021,0.164132936375,0.000843548355,8.500000,2,20
17,4096,0x5343454E45535934,0x24795A5B426E82D3,DC0130C7296AE82D5938,0xE,0x309E23DA,0x00000000,0,7,7,32768,5343,27425,0.163055419922,0.164132936375,0.001077516453,22.714286,5,35
17,6144,0x5343454E45535934,0x24795A5B426E82D3,DC0130C7296AE82D5938,0xE,0x309E23DA,0x309E23DA,1,8,8,49152,8051,41101,0.163798014323,0.164132936375,0.000334922052,33.000000,14,55
17,8192,0x5343454E45535934,0x24795A5B426E82D3,DC0130C7296AE82D5938,0xE,0x309E23DA,0x309E23DA,1,8,8,65536,10789,54747,0.164627075195,0.164132936375,0.000494138820,62.375000,45,96
17,12288,0x5343454E45535934,0x24795A5B426E82D3,DC0130C7296AE82D5938,0xE,0x309E23DA,0x309E23DA,1,8,8,98304,16134,82170,0.164123535156,0.164132936375,0.000009401219,97.250000,66,134
17,16384,0x5343454E45535934,0x24795A5B426E82D3,DC0130C7296AE82D5938,0xE,0x309E23DA,0x309E23DA,1,8,8,131072,21481,109591,0.163887023926,0.164132936375,0.000245912450,128.750000,80,178
17,24576,0x5343454E45535934,0x24795A5B426E82D3,DC0130C7296AE82D5938,0xE,0x309E23DA,0x309E23DA,1,8,8,196608,32136,164472,0.163452148438,0.164132936375,0.000680787938,217.000000,142,278
17,32768,0x5343454E45535934,0x24795A5B426E82D3,DC0130C7296AE82D5938,0xE,0x309E23DA,0x309E23DA,1,8,8,262144,42851,219293,0.163463592529,0.164132936375,0.000669343846,304.000000,248,333
18,512,0x5343454E45535934,0xAB92B620C427DD22,B621C3244270ADC016A7,0x3,0xB1CC336A,0xA3E60B5A,0,4,8,4096,677,3419,0.165283203125,0.164132936375,0.001150266750,2.875000,1,6
18,1024,0x5343454E45535934,0xAB92B620C427DD22,B621C3244270ADC016A7,0x3,0xB1CC336A,0x00000000,0,2,6,8192,1360,6832,0.166015625000,0.164132936375,0.001882688625,6.000000,1,12
18,1536,0x5343454E45535934,0xAB92B620C427DD22,B621C3244270ADC016A7,0x3,0xB1CC336A,0xA1EC034E,0,5,8,12288,2021,10267,0.164469401042,0.164132936375,0.000336464666,4.375000,1,6
18,2048,0x5343454E45535934,0xAB92B620C427DD22,B621C3244270ADC016A7,0x3,0xB1CC336A,0x00000000,0,5,7,16384,2703,13681,0.164978027344,0.164132936375,0.000845090968,9.428571,4,20
18,3072,0x5343454E45535934,0xAB92B620C427DD22,B621C3244270ADC016A7,0x3,0xB1CC336A,0xB1DC336A,0,7,8,24576,4025,20551,0.163777669271,0.164132936375,0.000355267105,14.500000,2,38
18,4096,0x5343454E45535934,0xAB92B620C427DD22,B621C3244270ADC016A7,0x3,0xB1CC336A,0xB3CE3368,0,7,8,32768,5380,27388,0.164184570312,0.164132936375,0.000051633937,24.000000,1,42
18,6144,0x5343454E45535934,0xAB92B620C427DD22,B621C3244270ADC016A7,0x3,0xB1CC336A,0xB1CC336A,1,8,8,49152,8074,41078,0.164265950521,0.164132936375,0.000133014145,38.875000,27,62
18,8192,0x5343454E45535934,0xAB92B620C427DD22,B621C3244270ADC016A7,0x3,0xB1CC336A,0xB1CC336A,1,8,8,65536,10909,54627,0.166458129883,0.164132936375,0.002325193507,61.125000,42,87
18,12288,0x5343454E45535934,0xAB92B620C427DD22,B621C3244270ADC016A7,0x3,0xB1CC336A,0xB1CC336A,1,8,8,98304,16248,82056,0.165283203125,0.164132936375,0.001150266750,100.250000,54,156
18,16384,0x5343454E45535934,0xAB92B620C427DD22,B621C3244270ADC016A7,0x3,0xB1CC336A,0xB1CC336A,1,8,8,131072,21704,109368,0.165588378906,0.164132936375,0.001455442531,127.375000,84,177
18,24576,0x5343454E45535934,0xAB92B620C427DD22,B621C3244270ADC016A7,0x3,0xB1CC336A,0xB1CC336A,1,8,8,196608,32244,164364,0.164001464844,0.164132936375,0.000131471532,212.000000,167,247
18,32768,0x5343454E45535934,0xAB92B620C427DD22,B621C3244270ADC016A7,0x3,0xB1CC336A,0xB1CC336A,1,8,8,262144,43231,218913,0.164913177490,0.164132936375,0.000780241115,301.500000,198,350
19,512,0x5343454E45535934,0x60165B6034EFE981,D3B883CE0EB8B93532A6,0xE,0x84E7A6CF,0xBCEB8AC3,0,4,8,4096,676,3420,0.165039062500,0.164132936375,0.000906126125,3.125000,1,9
19,1024,0x5343454E45535934,0x60165B6034EFE981,D3B883CE0EB8B93532A6,0xE,0x84E7A6CF,0xA6A1F2C3,0,2,8,8192,1349,6843,0.164672851562,0.164132936375,0.000539915187,4.875000,1,15
19,1536,0x5343454E45535934,0x60165B6034EFE981,D3B883CE0EB8B93532A6,0xE,0x84E7A6CF,0x00000000,0,4,7,12288,2014,10274,0.163899739583,0.164132936375,0.000233196792,9.857143,1,30
19,2048,0x5343454E45535934,0x60165B6034EFE981,D3B883CE0EB8B93532A6,0xE,0x84E7A6CF,0x00000000,0,4,7,16384,2666,13718,0.162719726562,0.164132936375,0.001413209813,11.571429,3,31
19,3072,0x5343454E45535934,0x60165B6034EFE981,D3B883CE0EB8B93532A6,0xE,0x84E7A6CF,0x84E7A4CD,0,7,8,24576,4030,20546,0.163981119792,0.164132936375,0.000151816584,18.500000,2,39
19,4096,0x5343454E45535934,0x60165B6034EFE981,D3B883CE0EB8B93532A6,0xE,0x84E7A6CF,0xA4E786CF,0,7,8,32768,5360,27408,0.163574218750,0.164132936375,0.000558717625,23.125000,3,50
19,6144,0x5343454E45535934,0x60165B6034EFE981,D3B883CE0EB8B93532A6,0xE,0x84E7A6CF,0x84E7A6CF,1,8,8,49152,8001,41151,0.162780761719,0.164132936375,0.001352174657,46.875000,10,88
19,8192,0x5343454E45535934,0x60165B6034EFE981,D3B883CE0EB8B93532A6,0xE,0x84E7A6CF,0x84E7A6CF,1,8,8,65536,10719,54817,0.163558959961,0.164132936375,0.000573976414,58.875000,21,109
19,12288,0x5343454E45535934,0x60165B6034EFE981,D3B883CE0EB8B93532A6,0xE,0x84E7A6CF,0x84E7A6CF,1,8,8,98304,16142,82162,0.164204915365,0.164132936375,0.000071978989,94.500000,28,151
19,16384,0x5343454E45535934,0x60165B6034EFE981,D3B883CE0EB8B93532A6,0xE,0x84E7A6CF,0x84E7A6CF,1,8,8,131072,21507,109565,0.164085388184,0.164132936375,0.000047548192,137.625000,75,199
19,24576,0x5343454E45535934,0x60165B6034EFE981,D3B883CE0EB8B93532A6,0xE,0x84E7A6CF,0x84E7A6CF,1,8,8,196608,32182,164426,0.163686116536,0.164132936375,0.000446819839,199.875000,144,273
19,32768,0x5343454E45535934,0x60165B6034EFE981,D3B883CE0EB8B93532A6,0xE,0x84E7A6CF,0x84E7A6CF,1,8,8,262144,42906,219238,0.163673400879,0.164132936375,0.000459535496,268.000000,167,359
20,512,0x5343454E45545935,0x8DB931AC263FE341,46EA62A0A0F502B1B60D,0x1,0xD5DED65B,0x00000000,0,2,7,4096,674,3422,0.164550781250,0.164132936375,0.000417844875,2.571429,2,4
20,1024,0x5343454E45545935,0x8DB931AC263FE341,46EA62A0A0F502B1B60D,0x1,0xD5DED65B,0xD5DB5B5B,0,4,8,8192,1339,6853,0.163452148438,0.164132936375,0.000680787938,4.000000,1,7
20,1536,0x5343454E45545935,0x8DB931AC263FE341,46EA62A0A0F502B1B60D,0x1,0xD5DED65B,0xCDDB5B5B,0,3,8,12288,2033,10255,0.165445963542,0.164132936375,0.001313027166,5.500000,1,14
20,2048,0x5343454E45545935,0x8DB931AC263FE341,46EA62A0A0F502B1B60D,0x1,0xD5DED65B,0x00000000,0,2,6,16384,2759,13625,0.168395996094,0.164132936375,0.004263059718,5.500000,1,14
20,3072,0x5343454E45545935,0x8DB931AC263FE341,46EA62A0A0F502B1B60D,0x1,0xD5DED65B,0x00000000,0,3,7,24576,4171,20405,0.169718424479,0.164132936375,0.005585488104,8.428571,3,13
20,4096,0x5343454E45545935,0x8DB931AC263FE341,46EA62A0A0F502B1B60D,0x1,0xD5DED65B,0x00000000,0,4,6,32768,5477,27291,0.167144775391,0.164132936375,0.003011839015,15.500000,2,34
20,6144,0x5343454E45545935,0x8DB931AC263FE341,46EA62A0A0F502B1B60D,0x1,0xD5DED65B,0xD5DED65B,1,8,8,49152,8165,40987,0.166117350260,0.164132936375,0.001984413885,18.625000,5,37
20,8192,0x5343454E45545935,0x8DB931AC263FE341,46EA62A0A0F502B1B60D,0x1,0xD5DED65B,0xD5DED65B,1,8,8,65536,10851,54685,0.165573120117,0.164132936375,0.001440183742,36.000000,10,59
20,12288,0x5343454E45545935,0x8DB931AC263FE341,46EA62A0A0F502B1B60D,0x1,0xD5DED65B,0xD5DED65B,1,8,8,98304,16181,82123,0.164601643880,0.164132936375,0.000468707505,64.000000,5,111
20,16384,0x5343454E45545935,0x8DB931AC263FE341,46EA62A0A0F502B1B60D,0x1,0xD5DED65B,0xD5DED65B,1,8,8,131072,21583,109489,0.164665222168,0.164132936375,0.000532285793,110.375000,66,148
20,24576,0x5343454E45545935,0x8DB931AC263FE341,46EA62A0A0F502B1B60D,0x1,0xD5DED65B,0xD5DED65B,1,8,8,196608,32407,164201,0.164830525716,0.164132936375,0.000697589341,186.375000,132,283
20,32768,0x5343454E45545935,0x8DB931AC263FE341,46EA62A0A0F502B1B60D,0x1,0xD5DED65B,0xD5DED65B,1,8,8,262144,43198,218946,0.164787292480,0.164132936375,0.000654356105,256.000000,185,339
21,512,0x5343454E45545935,0xA152E2FD3A4D1421,43B496C652D7C954909A,0x1,0xBE7B4F5F,0x00000000,0,3,7,4096,680,3416,0.166015625000,0.164132936375,0.001882688625,3.857143,2,7
21,1024,0x5343454E45545935,0xA152E2FD3A4D1421,43B496C652D7C954909A,0x1,0xBE7B4F5F,0x0EFBEF6D,0,4,8,8192,1317,6875,0.160766601562,0.164132936375,0.003366334813,4.375000,1,13
21,1536,0x5343454E45545935,0xA152E2FD3A4D1421,43B496C652D7C954909A,0x1,0xBE7B4F5F,0x00000000,0,2,6,12288,1989,10299,0.161865234375,0.164132936375,0.002267702000,6.333333,1,19
21,2048,0x5343454E45545935,0xA152E2FD3A4D1421,43B496C652D7C954909A,0x1,0xBE7B4F5F,0x00000000,0,4,7,16384,2674,13710,0.163208007812,0.164132936375,0.000924928563,11.714286,2,27
21,3072,0x5343454E45545935,0xA152E2FD3A4D1421,43B496C652D7C954909A,0x1,0xBE7B4F5F,0xDC1B0D7D,0,5,8,24576,4014,20562,0.163330078125,0.164132936375,0.000802858250,18.750000,3,43
21,4096,0x5343454E45545935,0xA152E2FD3A4D1421,43B496C652D7C954909A,0x1,0xBE7B4F5F,0xBE7B4F5F,1,8,8,32768,5399,27369,0.164764404297,0.164132936375,0.000631467922,26.250000,1,52
21,6144,0x5343454E45545935,0xA152E2FD3A4D1421,43B496C652D7C954909A,0x1,0xBE7B4F5F,0xBE7B4F5D,0,7,8,49152,8017,41135,0.163106282552,0.164132936375,0.001026653823,46.125000,1,76
21,8192,0x5343454E45545935,0xA152E2FD3A4D1421,43B496C652D7C954909A,0x1,0xBE7B4F5F,0xBE7B4F5F,1,8,8,65536,10754,54782,0.164093017578,0.164132936375,0.000039918797,57.875000,2,98
21,12288,0x5343454E45545935,0xA152E2FD3A4D1421,43B496C652D7C954909A,0x1,0xBE7B4F5F,0xBE7B4F5F,1,8,8,98304,16127,82177,0.164052327474,0.164132936375,0.000080608901,89.375000,57,128
21,16384,0x5343454E45545935,0xA152E2FD3A4D1421,43B496C652D7C954909A,0x1,0xBE7B4F5F,0xBE7B4F5F,1,8,8,131072,21582,109490,0.164657592773,0.164132936375,0.000524656398,139.750000,97,168
21,24576,0x5343454E45545935,0xA152E2FD3A4D1421,43B496C652D7C954909A,0x1,0xBE7B4F5F,0xBE7B4F5F,1,8,8,196608,32286,164322,0.164215087891,0.164132936375,0.000082151515,208.375000,150,245
21,32768,0x5343454E45545935,0xA152E2FD3A4D1421,43B496C652D7C954909A,0x1,0xBE7B4F5F,0xBE7B4F5F,1,8,8,262144,43172,218972,0.164688110352,0.164132936375,0.000555173976,293.000000,181,368
22,512,0x5343454E45545935,0x903F316B05DBD8F0,A6BCA198ECA1653E3D05,0xE,0x42B2A084,0x00000000,0,3,5,4096,669,3427,0.163330078125,0.164132936375,0.000802858250,3.000000,2,4
22,1024,0x5343454E45545935,0x903F316B05DBD8F0,A6BCA198ECA1653E3D05,0xE,0x42B2A084,0x42B0A78C,0,4,8,8192,1363,6829,0.166381835938,0.164132936375,0.002248899562,3.125000,1,10
22,1536,0x5343454E45545935,0x903F316B05DBD8F0,A6BCA198ECA1653E3D05,0xE,0x42B2A084,0x00000000,0,5,7,12288,2026,10262,0.164876302083,0.164132936375,0.000743365708,8.285714,2,14
22,2048,0x5343454E45545935,0x903F316B05DBD8F0,A6BCA198ECA1653E3D05,0xE,0x42B2A084,0x42BAAC8D,0,5,8,16384,2709,13675,0.165344238281,0.164132936375,0.001211301906,8.125000,3,26
22,3072,0x5343454E45545935,0x903F316B05DBD8F0,A6BCA198ECA1653E3D05,0xE,0x42B2A084,0x42B2A084,1,8,8,24576,4062,20514,0.165283203125,0.164132936375,0.001150266750,19.125000,5,35
22,4096,0x5343454E45545935,0x903F316B05DBD8F0,A6BCA198ECA1653E3D05,0xE,0x42B2A084,0x42B2A084,1,8,8,32768,5448,27320,0.166259765625,0.164132936375,0.002126829250,25.000000,10,44
22,6144,0x5343454E45545935,0x903F316B05DBD8F0,A6BCA198ECA1653E3D05,0xE,0x42B2A084,0x42B2A084,1,8,8,49152,8215,40937,0.167134602865,0.164132936375,0.003001666489,35.125000,15,51
22,8192,0x5343454E45545935,0x903F316B05DBD8F0,A6BCA198ECA1653E3D05,0xE,0x42B2A084,0x42B2A084,1,8,8,65536,10913,54623,0.166519165039,0.164132936375,0.002386228664,60.500000,32,78
22,12288,0x5343454E45545935,0x903F316B05DBD8F0,A6BCA198ECA1653E3D05,0xE,0x42B2A084,0x42B2A084,1,8,8,98304,16244,82060,0.165242513021,0.164132936375,0.001109576645,102.375000,62,135
22,16384,0x5343454E45545935,0x903F316B05DBD8F0,A6BCA198ECA1653E3D05,0xE,0x42B2A084,0x42B2A084,1,8,8,131072,21580,109492,0.164642333984,0.164132936375,0.000509397609,135.500000,63,180
22,24576,0x5343454E45545935,0x903F316B05DBD8F0,A6BCA198ECA1653E3D05,0xE,0x42B2A084,0x42B2A084,1,8,8,196608,32474,164134,0.165171305339,0.164132936375,0.001038368963,215.750000,107,312
22,32768,0x5343454E45545935,0x903F316B05DBD8F0,A6BCA198ECA1653E3D05,0xE,0x42B2A084,0x42B2A084,1,8,8,262144,43245,218899,0.164966583252,0.164132936375,0.000833646877,291.125000,183,380
23,512,0x5343454E45545935,0x00BDF75CEA5E4C76,FF5A569ADC84E628C8A6,0xF,0x4000B7A1,0x00000000,0,2,7,4096,645,3451,0.157470703125,0.164132936375,0.006662233250,2.714286,1,6
23,1024,0x5343454E45545935,0x00BDF75CEA5E4C76,FF5A569ADC84E628C8A6,0xF,0x4000B7A1,0x00000000,0,3,7,8192,1296,6896,0.158203125000,0.164132936375,0.005929811375,4.571429,1,12
23,1536,0x5343454E45545935,0x00BDF75CEA5E4C76,FF5A569ADC84E628C8A6,0xF,0x4000B7A1,0x4A039C88,0,4,8,12288,1998,10290,0.162597656250,0.164132936375,0.001535280125,4.750000,2,10
23,2048,0x5343454E45545935,0x00BDF75CEA5E4C76,FF5A569ADC84E628C8A6,0xF,0x4000B7A1,0x4201B6A2,0,6,8,16384,2681,13703,0.163635253906,0.164132936375,0.000497682469,8.250000,1,19
23,3072,0x5343454E45545935,0x00BDF75CEA5E4C76,FF5A569ADC84E628C8A6,0xF,0x4000B7A1,0x4081B620,0,6,8,24576,4064,20512,0.165364583333,0.164132936375,0.001231646958,9.375000,1,28
23,4096,0x5343454E45545935,0x00BDF75CEA5E4C76,FF5A569ADC84E628C8A6,0xF,0x4000B7A1,0x00000000,0,7,7,32768,5428,27340,0.165649414062,0.164132936375,0.001516477687,18.571429,2,32
23,6144,0x5343454E45545935,0x00BDF75CEA5E4C76,FF5A569ADC84E628C8A6,0xF,0x4000B7A1,0x4000B7A1,1,8,8,49152,8130,41022,0.165405273438,0.164132936375,0.001272337062,35.375000,20,60
23,8192,0x5343454E45545935,0x00BDF75CEA5E4C76,FF5A569ADC84E628C8A6,0xF,0x4000B7A1,0x4000B7A1,1,8,8,65536,10873,54663,0.165908813477,0.164132936375,0.001775877101,47.750000,23,86
23,12288,0x5343454E45545935,0x00BDF75CEA5E4C76,FF5A569ADC84E628C8A6,0xF,0x4000B7A1,0x4000B7A1,1,8,8,98304,16180,82124,0.164591471354,0.164132936375,0.000458534979,86.125000,36,151
23,16384,0x5343454E45545935,0x00BDF75CEA5E4C76,FF5A569ADC84E628C8A6,0xF,0x4000B7A1,0x4000B7A1,1,8,8,131072,21647,109425,0.165153503418,0.164132936375,0.001020567043,119.500000,80,174
23,24576,0x5343454E45545935,0x00BDF75CEA5E4C76,FF5A569ADC84E628C8A6,0xF,0x4000B7A1,0x4000B7A1,1,8,8,196608,32500,164108,0.165303548177,0.164132936375,0.001170611802,197.500000,137,265
23,32768,0x5343454E45545935,0x00BDF75CEA5E4C76,FF5A569ADC84E628C8A6,0xF,0x4000B7A1,0x4000B7A1,1,8,8,262144,43034,219110,0.164161682129,0.164132936375,0.000028745754,264.500000,218,362
24,512,0x5343454E45545935,0x8D02C839624726BA,3CFEEEDC530F99BAEDAA,0xD,0x801DB4C2,0x00000000,0,2,7,4096,592,3504,0.144531250000,0.164132936375,0.019601686375,3.428571,1,6
24,1024,0x5343454E45545935,0x8D02C839624726BA,3CFEEEDC530F99BAEDAA,0xD,0x801DB4C2,0x9E039CDA,0,3,8,8192,1239,6953,0.151245117188,0.164132936375,0.012887819188,4.625000,1,8
24,1536,0x5343454E45545935,0x8D02C839624726BA,3CFEEEDC530F99BAEDAA,0xD,0x801DB4C2,0x943D84D2,0,5,8,12288,1917,10371,0.156005859375,0.164132936375,0.008127077000,5.625000,1,10
24,2048,0x5343454E45545935,0x8D02C839624726BA,3CFEEEDC530F99BAEDAA,0xD,0x801DB4C2,0x800D94C2,0,6,8,16384,2594,13790,0.158325195312,0.164132936375,0.005807741063,8.625000,1,16
24,3072,0x5343454E45545935,0x8D02C839624726BA,3CFEEEDC530F99BAEDAA,0xD,0x801DB4C2,0xC05DB4C2,0,7,8,24576,3944,20632,0.160481770833,0.164132936375,0.003651165542,10.000000,2,22
24,4096,0x5343454E45545935,0x8D02C839624726BA,3CFEEEDC530F99BAEDAA,0xD,0x801DB4C2,0x800DA4C2,0,7,8,32768,5188,27580,0.158325195312,0.164132936375,0.005807741063,18.000000,2,31
24,6144,0x5343454E45545935,0x8D02C839624726BA,3CFEEEDC530F99BAEDAA,0xD,0x801DB4C2,0x801DB4C2,1,8,8,49152,7858,41294,0.159871419271,0.164132936375,0.004261517105,38.000000,24,58
24,8192,0x5343454E45545935,0x8D02C839624726BA,3CFEEEDC530F99BAEDAA,0xD,0x801DB4C2,0x801DB4C2,1,8,8,65536,10456,55080,0.159545898438,0.164132936375,0.004587037938,54.000000,38,81
24,12288,0x5343454E45545935,0x8D02C839624726BA,3CFEEEDC530F99BAEDAA,0xD,0x801DB4C2,0x801DB4C2,1,8,8,98304,15869,82435,0.161427815755,0.164132936375,0.002705120620,97.000000,80,113
24,16384,0x5343454E45545935,0x8D02C839624726BA,3CFEEEDC530F99BAEDAA,0xD,0x801DB4C2,0x801DB4C2,1,8,8,131072,21386,109686,0.163162231445,0.164132936375,0.000970704930,134.000000,98,167
24,24576,0x5343454E45545935,0x8D02C839624726BA,3CFEEEDC530F99BAEDAA,0xD,0x801DB4C2,0x801DB4C2,1,8,8,196608,32149,164459,0.163518269857,0.164132936375,0.000614666519,206.750000,139,233
24,32768,0x5343454E45545935,0x8D02C839624726BA,3CFEEEDC530F99BAEDAA,0xD,0x801DB4C2,0x801DB4C2,1,8,8,262144,43064,219080,0.164276123047,0.164132936375,0.000143186672,275.875000,223,315
25,512,0x5343454E45545935,0x98B2BA44C4976579,DEF375481C09B39D8F54,0x3,0xC4F5CBA9,0x00000000,0,0,6,4096,687,3409,0.167724609375,0.164132936375,0.003591673000,4.000000,1,10
25,1024,0x5343454E45545935,0x98B2BA44C4976579,DEF375481C09B39D8F54,0x3,0xC4F5CBA9,0x7030FB69,0,2,8,8192,1397,6795,0.170532226562,0.164132936375,0.006399290187,3.375000,1,8
25,1536,0x5343454E45545935,0x98B2BA44C4976579,DEF375481C09B39D8F54,0x3,0xC4F5CBA9,0x00000000,0,4,7,12288,2094,10194,0.170410156250,0.164132936375,0.006277219875,4.285714,1,10
25,2048,0x5343454E45545935,0x98B2BA44C4976579,DEF375481C09B39D8F54,0x3,0xC4F5CBA9,0xC0F4CFA9,0,6,8,16384,2748,13636,0.167724609375,0.164132936375,0.003591673000,7.625000,2,15
25,3072,0x5343454E45545935,0x98B2BA44C4976579,DEF375481C09B39D8F54,0x3,0xC4F5CBA9,0xC0F5DFA9,0,6,8,24576,4169,20407,0.169637044271,0.164132936375,0.005504107895,12.625000,1,24
25,4096,0x5343454E45545935,0x98B2BA44C4976579,DEF375481C09B39D8F54,0x3,0xC4F5CBA9,0x00000000,0,6,7,32768,5483,27285,0.167327880859,0.164132936375,0.003194944484,20.857143,7,35
25,6144,0x5343454E45545935,0x98B2BA44C4976579,DEF375481C09B39D8F54,0x3,0xC4F5CBA9,0xC4F5CBA9,1,8,8,49152,8205,40947,0.166931152344,0.164132936375,0.002798215968,36.875000,19,57
25,8192,0x5343454E45545935,0x98B2BA44C4976579,DEF375481C09B39D8F54,0x3,0xC4F5CBA9,0xC4F5CBA9,1,8,8,65536,10791,54745,0.164657592773,0.164132936375,0.000524656398,54.750000,29,92
25,12288,0x5343454E45545935,0x98B2BA44C4976579,DEF375481C09B39D8F54,0x3,0xC4F5CBA9,0xC4F5CBA9,1,8,8,98304,16088,82216,0.163655598958,0.164132936375,0.000477337417,95.500000,81,106
25,16384,0x5343454E45545935,0x98B2BA44C4976579,DEF375481C09B39D8F54,0x3,0xC4F5CBA9,0xC4F5CBA9,1,8,8,131072,21448,109624,0.163635253906,0.164132936375,0.000497682469,128.125000,109,142
25,24576,0x5343454E45545935,0x98B2BA44C4976579,DEF375481C09B39D8F54,0x3,0xC4F5CBA9,0xC4F5CBA9,1,8,8,196608,32180,164428,0.163675944010,0.164132936375,0.000456992365,213.125000,173,259
25,32768,0x5343454E45545935,0x98B2BA44C4976579,DEF375481C09B39D8F54,0x3,0xC4F5CBA9,0xC4F5CBA9,1,8,8,262144,42818,219326,0.163337707520,0.164132936375,0.000795228856,282.750000,231,349
26,512,0x5343454E45545935,0x7F077B491951EF5B,BE9E9736D5E0806A458E,0x8,0x98B89B52,0xBC399B56,0,4,8,4096,693,3403,0.169189453125,0.164132936375,0.005056516750,3.875000,1,11
26,1024,0x5343454E45545935,0x7F077B491951EF5B,BE9E9736D5E0806A458E,0x8,0x98B89B52,0xB8B91ED2,0,4,8,8192,1396,6796,0.170410156250,0.164132936375,0.006277219875,7.375000,1,15
26,1536,0x5343454E45545935,0x7F077B491951EF5B,BE9E9736D5E0806A458E,0x8,0x98B89B52,0x3CB99BD6,0,4,8,12288,2082,10206,0.169433593750,0.164132936375,0.005300657375,6.250000,1,19
26,2048,0x5343454E45545935,0x7F077B491951EF5B,BE9E9736D5E0806A458E,0x8,0x98B89B52,0x00000000,0,5,7,16384,2784,13600,0.169921875000,0.164132936375,0.005788938625,12.142857,2,24
26,3072,0x5343454E45545935,0x7F077B491951EF5B,BE9E9736D5E0806A458E,0x8,0x98B89B52,0x00000000,0,6,7,24576,4163,20413,0.169392903646,0.164132936375,0.005259967270,20.857143,2,42
26,4096,0x5343454E45545935,0x7F077B491951EF5B,BE9E9736D5E0806A458E,0x8,0x98B89B52,0x18B89BD2,0,7,8,32768,5511,27257,0.168182373047,0.164132936375,0.004049436672,26.125000,1,51
26,6144,0x5343454E45545935,0x7F077B491951EF5B,BE9E9736D5E0806A458E,0x8,0x98B89B52,0x18B89BD2,0,7,8,49152,8200,40952,0.166829427083,0.164132936375,0.002696490708,32.875000,1,72
26,8192,0x5343454E45545935,0x7F077B491951EF5B,BE9E9736D5E0806A458E,0x8,0x98B89B52,0x18381BD2,0,7,8,65536,10913,54623,0.166519165039,0.164132936375,0.002386228664,47.875000,1,82
26,12288,0x5343454E45545935,0x7F077B491951EF5B,BE9E9736D5E0806A458E,0x8,0x98B89B52,0x98B89B52,1,8,8,98304,16278,82026,0.165588378906,0.164132936375,0.001455442531,84.000000,21,135
26,16384,0x5343454E45545935,0x7F077B491951EF5B,BE9E9736D5E0806A458E,0x8,0x98B89B52,0x98B89B52,1,8,8,131072,21478,109594,0.163864135742,0.164132936375,0.000268800633,107.750000,21,168
26,24576,0x5343454E45545935,0x7F077B491951EF5B,BE9E9736D5E0806A458E,0x8,0x98B89B52,0x98B89B52,1,8,8,196608,32313,164295,0.164352416992,0.164132936375,0.000219480617,192.250000,142,234
26,32768,0x5343454E45545935,0x7F077B491951EF5B,BE9E9736D5E0806A458E,0x8,0x98B89B52,0x98B89B52,1,8,8,262144,43059,219085,0.164257049561,0.164132936375,0.000124113185,268.125000,211,311
27,512,0x5343454E45545935,0x93C72C2346761AE1,3A29B3CF99E32A471D8E,0xA,0x60F6C820,0x00000000,0,2,6,4096,676,3420,0.165039062500,0.164132936375,0.000906126125,2.833333,1,6
27,1024,0x5343454E45545935,0x93C72C2346761AE1,3A29B3CF99E32A471D8E,0xA,0x60F6C820,0x00000000,0,3,6,8192,1350,6842,0.164794921875,0.164132936375,0.000661985500,4.500000,2,11
27,1536,0x5343454E45545935,0x93C72C2346761AE1,3A29B3CF99E32A471D8E,0xA,0x60F6C820,0x00000000,0,4,7,12288,1984,10304,0.161458333333,0.164132936375,0.002674603042,6.428571,1,13
27,2048,0x5343454E45545935,0x93C72C2346761AE1,3A29B3CF99E32A471D8E,0xA,0x60F6C820,0x00000000,0,4,7,16384,2693,13691,0.164367675781,0.164132936375,0.000234739406,6.714286,1,18
27,3072,0x5343454E45545935,0x93C72C2346761AE1,3A29B3CF99E32A471D8E,0xA,0x60F6C820,0x00000000,0,6,7,24576,4034,20542,0.164143880208,0.164132936375,0.000010943833,14.571429,1,29
27,4096,0x5343454E45545935,0x93C72C2346761AE1,3A29B3CF99E32A471D8E,0xA,0x60F6C820,0x00000000,0,5,6,32768,5384,27384,0.164306640625,0.164132936375,0.000173704250,23.333333,3,41
27,6144,0x5343454E45545935,0x93C72C2346761AE1,3A29B3CF99E32A471D8E,0xA,0x60F6C820,0x62F4C820,0,7,8,49152,8083,41069,0.164449055990,0.164132936375,0.000316119614,33.625000,13,63
27,8192,0x5343454E45545935,0x93C72C2346761AE1,3A29B3CF99E32A471D8E,0xA,0x60F6C820,0x00000000,0,7,7,65536,10801,54735,0.164810180664,0.164132936375,0.000677244289,50.571429,27,76
27,12288,0x5343454E45545935,0x93C72C2346761AE1,3A29B3CF99E32A471D8E,0xA,0x60F6C820,0x60F6C820,1,8,8,98304,16077,82227,0.163543701172,0.164132936375,0.000589235203,92.500000,54,146
27,16384,0x5343454E45545935,0x93C72C2346761AE1,3A29B3CF99E32A471D8E,0xA,0x60F6C820,0x60F6C820,1,8,8,131072,21401,109671,0.163276672363,0.164132936375,0.000856264012,133.375000,75,184
27,24576,0x5343454E45545935,0x93C72C2346761AE1,3A29B3CF99E32A471D8E,0xA,0x60F6C820,0x60F6C820,1,8,8,196608,32300,164308,0.164286295573,0.164132936375,0.000153359198,208.875000,173,240
27,32768,0x5343454E45545935,0x93C72C2346761AE1,3A29B3CF99E32A471D8E,0xA,0x60F6C820,0x60F6C820,1,8,8,262144,42960,219184,0.163879394531,0.164132936375,0.000253541844,260.875000,214,331
28,512,0x5343454E45545935,0x632ED7E1B7EFA2F2,FB54EF7D61B07ABBCA41,0x7,0x05D406C4,0x00000000,0,3,7,4096,649,3447,0.158447265625,0.164132936375,0.005685670750,4.571429,1,8
28,1024,0x5343454E45545935,0x632ED7E1B7EFA2F2,FB54EF7D61B07ABBCA41,0x7,0x05D406C4,0x00000000,0,2,7,8192,1339,6853,0.163452148438,0.164132936375,0.000680787938,6.142857,1,14
28,1536,0x5343454E45545935,0x632ED7E1B7EFA2F2,FB54EF7D61B07ABBCA41,0x7,0x05D406C4,0x85DC0FC4,0,5,8,12288,2059,10229,0.167561848958,0.164132936375,0.003428912583,5.375000,1,22
28,2048,0x5343454E45545935,0x632ED7E1B7EFA2F2,FB54EF7D61B07ABBCA41,0x7,0x05D406C4,0x81DC0ACC,0,5,8,16384,2688,13696,0.164062500000,0.164132936375,0.000070436375,8.125000,1,19
28,3072,0x5343454E45545935,0x632ED7E1B7EFA2F2,FB54EF7D61B07ABBCA41,0x7,0x05D406C4,0x01DC0ACC,0,6,8,24576,4091,20485,0.166463216146,0.164132936375,0.002330279770,13.625000,2,30
28,4096,0x5343454E45545935,0x632ED7E1B7EFA2F2,FB54EF7D61B07ABBCA41,0x7,0x05D406C4,0x05D406C4,1,8,8,32768,5421,27347,0.165435791016,0.164132936375,0.001302854640,22.500000,3,38
28,6144,0x5343454E45545935,0x632ED7E1B7EFA2F2,FB54EF7D61B07ABBCA41,0x7,0x05D406C4,0x05D406C4,1,8,8,49152,8076,41076,0.164306640625,0.164132936375,0.000173704250,35.375000,12,62
28,8192,0x5343454E45545935,0x632ED7E1B7EFA2F2,FB54EF7D61B07ABBCA41,0x7,0x05D406C4,0x05D406C4,1,8,8,65536,10736,54800,0.163818359375,0.164132936375,0.000314577000,52.375000,27,66
28,12288,0x5343454E45545935,0x632ED7E1B7EFA2F2,FB54EF7D61B07ABBCA41,0x7,0x05D406C4,0x05D406C4,1,8,8,98304,16193,82111,0.164723714193,0.164132936375,0.000590777817,94.625000,45,129
28,16384,0x5343454E45545935,0x632ED7E1B7EFA2F2,FB54EF7D61B07ABBCA41,0x7,0x05D406C4,0x05D406C4,1,8,8,131072,21611,109461,0.164878845215,0.164132936375,0.000745908839,145.500000,103,180
28,24576,0x5343454E45545935,0x632ED7E1B7EFA2F2,FB54EF7D61B07ABBCA41,0x7,0x05D406C4,0x05D406C4,1,8,8,196608,32259,164349,0.164077758789,0.164132936375,0.000055177586,211.125000,156,272
28,32768,0x5343454E45545935,0x632ED7E1B7EFA2F2,FB54EF7D61B07ABBCA41,0x7,0x05D406C4,0x05D406C4,1,8,8,262144,43090,219054,0.164375305176,0.164132936375,0.000242368800,303.125000,257,346
29,512,0x5343454E45545935,0xED41C93AED48D244,6B1463056CE1E0341C14,0xE,0xA7978606,0xA7AFDEF6,0,3,8,4096,674,3422,0.164550781250,0.164132936375,0.000417844875,3.250000,1,8
29,1024,0x5343454E45545935,0xED41C93AED48D244,6B1463056CE1E0341C14,0xE,0xA7978606,0xB5D5D494,0,4,8,8192,1311,6881,0.160034179688,0.164132936375,0.004098756688,4.125000,1,8
29,1536,0x5343454E45545935,0xED41C93AED48D244,6B1463056CE1E0341C14,0xE,0xA7978606,0xA3DBCE86,0,4,8,12288,1999,10289,0.162679036458,0.164132936375,0.001453899917,4.250000,2,7
29,2048,0x5343454E45545935,0xED41C93AED48D244,6B1463056CE1E0341C14,0xE,0xA7978606,0x00000000,0,5,7,16384,2651,13733,0.161804199219,0.164132936375,0.002328737157,10.571429,2,27
29,3072,0x5343454E45545935,0xED41C93AED48D244,6B1463056CE1E0341C14,0xE,0xA7978606,0xA7D7CE06,0,6,8,24576,3970,20606,0.161539713542,0.164132936375,0.002593222834,11.500000,1,22
29,4096,0x5343454E45545935,0xED41C93AED48D244,6B1463056CE1E0341C14,0xE,0xA7978606,0xA7938202,0,7,8,32768,5292,27476,0.161499023438,0.164132936375,0.002633912938,16.000000,2,31
29,6144,0x5343454E45545935,0xED41C93AED48D244,6B1463056CE1E0341C14,0xE,0xA7978606,0xA7978606,1,8,8,49152,8018,41134,0.163126627604,0.164132936375,0.001006308771,39.375000,16,55
29,8192,0x5343454E45545935,0xED41C93AED48D244,6B1463056CE1E0341C14,0xE,0xA7978606,0xA7978606,1,8,8,65536,10662,54874,0.162689208984,0.164132936375,0.001443727391,51.750000,27,80
29,12288,0x5343454E45545935,0xED41C93AED48D244,6B1463056CE1E0341C14,0xE,0xA7978606,0xA7978606,1,8,8,98304,16032,82272,0.163085937500,0.164132936375,0.001046998875,81.000000,40,118
29,16384,0x5343454E45545935,0xED41C93AED48D244,6B1463056CE1E0341C14,0xE,0xA7978606,0xA7978606,1,8,8,131072,21382,109690,0.163131713867,0.164132936375,0.001001222508,111.250000,70,151
29,24576,0x5343454E45545935,0xED41C93AED48D244,6B1463056CE1E0341C14,0xE,0xA7978606,0xA7978606,1,8,8,196608,31951,164657,0.162511189779,0.164132936375,0.001621746597,192.125000,112,262
29,32768,0x5343454E45545935,0xED41C93AED48D244,6B1463056CE1E0341C14,0xE,0xA7978606,0xA7978606,1,8,8,262144,42726,219418,0.162986755371,0.164132936375,0.001146181004,282.250000,200,359
30,512,0x5343454E45555936,0x5BA7D679DF65B9C3,486474CFB6BBF320E244,0xC,0xD7F4F3F8,0x00000000,0,2,7,4096,689,3407,0.168212890625,0.164132936375,0.004079954250,3.857143,1,6
30,1024,0x5343454E45555936,0x5BA7D679DF65B9C3,486474CFB6BBF320E244,0xC,0xD7F4F3F8,0xDFFEBBB8,0,5,8,8192,1379,6813,0.168334960938,0.164132936375,0.004202024562,3.750000,1,11
30,1536,0x5343454E45555936,0x5BA7D679DF65B9C3,486474CFB6BBF320E244,0xC,0xD7F4F3F8,0xD7F4F3F8,1,8,8,12288,2060,10228,0.167643229167,0.164132936375,0.003510292791,7.000000,1,21
30,2048,0x5343454E45555936,0x5BA7D679DF65B9C3,486474CFB6BBF320E244,0xC,0xD7F4F3F8,0x5776F3FB,0,5,8,16384,2730,13654,0.166625976562,0.164132936375,0.002493040187,8.125000,1,22
30,3072,0x5343454E45555936,0x5BA7D679DF65B9C3,486474CFB6BBF320E244,0xC,0xD7F4F3F8,0xD7F6F37A,0,6,8,24576,4095,20481,0.166625976562,0.164132936375,0.002493040187,15.375000,1,26
30,4096,0x5343454E45555936,0x5BA7D679DF65B9C3,486474CFB6BBF320E244,0xC,0xD7F4F3F8,0x00000000,0,7,7,32768,5469,27299,0.166900634766,0.164132936375,0.002767698390,19.571429,1,32
30,6144,0x5343454E45555936,0x5BA7D679DF65B9C3,486474CFB6BBF320E244,0xC,0xD7F4F3F8,0xD7F4F3F8,1,8,8,49152,8148,41004,0.165771484375,0.164132936375,0.001638548000,29.000000,10,57
30,8192,0x5343454E45555936,0x5BA7D679DF65B9C3,486474CFB6BBF320E244,0xC,0xD7F4F3F8,0xD7F4F3F8,1,8,8,65536,10762,54774,0.164215087891,0.164132936375,0.000082151515,46.625000,9,82
30,12288,0x5343454E45555936,0x5BA7D679DF65B9C3,486474CFB6BBF320E244,0xC,0xD7F4F3F8,0xD7F4F3F8,1,8,8,98304,16137,82167,0.164154052734,0.164132936375,0.000021116359,87.500000,51,126
30,16384,0x5343454E45555936,0x5BA7D679DF65B9C3,486474CFB6BBF320E244,0xC,0xD7F4F3F8,0xD7F4F3F8,1,8,8,131072,21519,109553,0.164176940918,0.164132936375,0.000044004543,121.125000,68,166
30,24576,0x5343454E45555936,0x5BA7D679DF65B9C3,486474CFB6BBF320E244,0xC,0xD7F4F3F8,0xD7F4F3F8,1,8,8,196608,32168,164440,0.163614908854,0.164132936375,0.000518027521,193.000000,132,225
30,32768,0x5343454E45555936,0x5BA7D679DF65B9C3,486474CFB6BBF320E244,0xC,0xD7F4F3F8,0xD7F4F3F8,1,8,8,262144,42811,219333,0.163311004639,0.164132936375,0.000821931737,256.375000,155,331
31,512,0x5343454E45555936,0x96B74AA7305C1BE7,1C33599BB535E906AADF,0xA,0xC5BC93D2,0x91C34E45,0,0,8,4096,678,3418,0.165527343750,0.164132936375,0.001394407375,1.875000,1,3
31,1024,0x5343454E45555936,0x96B74AA7305C1BE7,1C33599BB535E906AADF,0xA,0xC5BC93D2,0x00000000,0,3,6,8192,1361,6831,0.166137695312,0.164132936375,0.002004758937,4.166667,1,8
31,1536,0x5343454E45555936,0x96B74AA7305C1BE7,1C33599BB535E906AADF,0xA,0xC5BC93D2,0xD0A80646,0,4,8,12288,2034,10254,0.165527343750,0.164132936375,0.001394407375,4.875000,3,7
31,2048,0x5343454E45555936,0x96B74AA7305C1BE7,1C33599BB535E906AADF,0xA,0xC5BC93D2,0xF1A80766,0,4,8,16384,2703,13681,0.164978027344,0.164132936375,0.000845090968,3.875000,1,13
31,3072,0x5343454E45555936,0x96B74AA7305C1BE7,1C33599BB535E906AADF,0xA,0xC5BC93D2,0xD4BC1252,0,5,8,24576,4018,20558,0.163492838542,0.164132936375,0.000640097834,10.625000,1,27
31,4096,0x5343454E45555936,0x96B74AA7305C1BE7,1C33599BB535E906AADF,0xA,0xC5BC93D2,0xC53C93D2,0,7,8,32768,5305,27463,0.161895751953,0.164132936375,0.002237184422,19.250000,5,32
31,6144,0x5343454E45555936,0x96B74AA7305C1BE7,1C33599BB535E906AADF,0xA,0xC5BC93D2,0xC5BC93D2,1,8,8,49152,7994,41158,0.162638346354,0.164132936375,0.001494590021,27.625000,9,47
31,8192,0x5343454E45555936,0x96B74AA7305C1BE7,1C33599BB535E906AADF,0xA,0xC5BC93D2,0xC5BC93D2,1,8,8,65536,10677,54859,0.162918090820,0.164132936375,0.001214845555,51.750000,22,72
31,12288,0x5343454E45555936,0x96B74AA7305C1BE7,1C33599BB535E906AADF,0xA,0xC5BC93D2,0xC5BC93D2,1,8,8,98304,16002,82302,0.162780761719,0.164132936375,0.001352174657,78.125000,15,123
31,16384,0x5343454E45555936,0x96B74AA7305C1BE7,1C33599BB535E906AADF,0xA,0xC5BC93D2,0xC5BC93D2,1,8,8,131072,21405,109667,0.163307189941,0.164132936375,0.000825746434,118.000000,55,151
31,24576,0x5343454E45555936,0x96B74AA7305C1BE7,1C33599BB535E906AADF,0xA,0xC5BC93D2,0xC5BC93D2,1,8,8,196608,32106,164502,0.163299560547,0.164132936375,0.000833375828,188.500000,108,219
31,32768,0x5343454E45555936,0x96B74AA7305C1BE7,1C33599BB535E906AADF,0xA,0xC5BC93D2,0xC5BC93D2,1,8,8,262144,42879,219265,0.163570404053,0.164132936375,0.000562532323,264.500000,175,307
32,512,0x5343454E45555936,0x07C6CA4650C208B6,9357A9EDF61CF2FAE3CF,0xB,0x0D8E709E,0x00000000,0,1,7,4096,629,3467,0.153564453125,0.164132936375,0.010568483250,5.285714,1,8
32,1024,0x5343454E45555936,0x07C6CA4650C208B6,9357A9EDF61CF2FAE3CF,0xB,0x0D8E709E,0x00000000,0,2,7,8192,1298,6894,0.158447265625,0.164132936375,0.005685670750,5.000000,2,8
32,1536,0x5343454E45555936,0x07C6CA4650C208B6,9357A9EDF61CF2FAE3CF,0xB,0x0D8E709E,0x00000000,0,3,7,12288,1987,10301,0.161702473958,0.164132936375,0.002430462417,4.142857,1,12
32,2048,0x5343454E45555936,0x07C6CA4650C208B6,9357A9EDF61CF2FAE3CF,0xB,0x0D8E709E,0x0DCE309E,0,7,8,16384,2665,13719,0.162658691406,0.164132936375,0.001474244969,5.625000,3,11
32,3072,0x5343454E45555936,0x07C6CA4650C208B6,9357A9EDF61CF2FAE3CF,0xB,0x0D8E709E,0x0D8E709E,1,8,8,24576,4037,20539,0.164265950521,0.164132936375,0.000133014145,10.875000,3,20
32,4096,0x5343454E45555936,0x07C6CA4650C208B6,9357A9EDF61CF2FAE3CF,0xB,0x0D8E709E,0x0D8E709E,1,8,8,32768,5348,27420,0.163208007812,0.164132936375,0.000924928563,24.125000,7,39
32,6144,0x5343454E45555936,0x07C6CA4650C208B6,9357A9EDF61CF2FAE3CF,0xB,0x0D8E709E,0x0D8E709E,1,8,8,49152,7959,41193,0.161926269531,0.164132936375,0.002206666844,42.250000,20,59
32,8192,0x5343454E45555936,0x07C6CA4650C208B6,9357A9EDF61CF2FAE3CF,0xB,0x0D8E709E,0x0D8E709E,1,8,8,65536,10555,54981,0.161056518555,0.164132936375,0.003076417821,56.375000,43,76
32,12288,0x5343454E45555936,0x07C6CA4650C208B6,9357A9EDF61CF2FAE3CF,0xB,0x0D8E709E,0x0D8E709E,1,8,8,98304,16005,82299,0.162811279297,0.164132936375,0.001321657078,106.000000,71,135
32,16384,0x5343454E45555936,0x07C6CA4650C208B6,9357A9EDF61CF2FAE3CF,0xB,0x0D8E709E,0x0D8E709E,1,8,8,131072,21440,109632,0.163574218750,0.164132936375,0.000558717625,133.875000,107,156
32,24576,0x5343454E45555936,0x07C6CA4650C208B6,9357A9EDF61CF2FAE3CF,0xB,0x0D8E709E,0x0D8E709E,1,8,8,196608,31903,164705,0.162267049154,0.164132936375,0.001865887222,213.500000,159,285
32,32768,0x5343454E45555936,0x07C6CA4650C208B6,9357A9EDF61CF2FAE3CF,0xB,0x0D8E709E,0x0D8E709E,1,8,8,262144,42725,219419,0.162982940674,0.164132936375,0.001149995702,290.250000,204,405
33,512,0x5343454E45555936,0x9AAF4DD05E434D99,240A4AC9E270DB79941E,0x1,0x83243A1A,0x00000000,0,2,7,4096,708,3388,0.172851562500,0.164132936375,0.008718626125,2.857143,1,7
33,1024,0x5343454E45555936,0x9AAF4DD05E434D99,240A4AC9E270DB79941E,0x1,0x83243A1A,0x02A52E82,0,3,8,8192,1403,6789,0.171264648438,0.164132936375,0.007131712062,3.500000,1,8
33,1536,0x5343454E45555936,0x9AAF4DD05E434D99,240A4AC9E270DB79941E,0x1,0x83243A1A,0x03A4AA8A,0,6,8,12288,2113,10175,0.171956380208,0.164132936375,0.007823443833,4.750000,1,16
33,2048,0x5343454E45555936,0x9AAF4DD05E434D99,240A4AC9E270DB79941E,0x1,0x83243A1A,0x83243E1A,0,7,8,16384,2780,13604,0.169677734375,0.164132936375,0.005544798000,9.000000,3,21
33,3072,0x5343454E45555936,0x9AAF4DD05E434D99,240A4AC9E270DB79941E,0x1,0x83243A1A,0x02A4BA9A,0,6,8,24576,4142,20434,0.168538411458,0.164132936375,0.004405475083,13.500000,1,27
33,4096,0x5343454E45555936,0x9AAF4DD05E434D99,240A4AC9E270DB79941E,0x1,0x83243A1A,0x83243A1A,1,8,8,32768,5453,27315,0.166412353516,0.164132936375,0.002279417140,21.250000,2,32
33,6144,0x5343454E45555936,0x9AAF4DD05E434D99,240A4AC9E270DB79941E,0x1,0x83243A1A,0x83243A1A,1,8,8,49152,8158,40994,0.165974934896,0.164132936375,0.001841998520,39.500000,8,59
33,8192,0x5343454E45555936,0x9AAF4DD05E434D99,240A4AC9E270DB79941E,0x1,0x83243A1A,0x83243A1A,1,8,8,65536,10857,54679,0.165664672852,0.164132936375,0.001531736476,52.375000,8,70
33,12288,0x5343454E45555936,0x9AAF4DD05E434D99,240A4AC9E270DB79941E,0x1,0x83243A1A,0x83243A1A,1,8,8,98304,16204,82100,0.164835611979,0.164132936375,0.000702675604,86.875000,59,106
33,16384,0x5343454E45555936,0x9AAF4DD05E434D99,240A4AC9E270DB79941E,0x1,0x83243A1A,0x83243A1A,1,8,8,131072,21594,109478,0.164749145508,0.164132936375,0.000616209132,124.625000,102,163
33,24576,0x5343454E45555936,0x9AAF4DD05E434D99,240A4AC9E270DB79941E,0x1,0x83243A1A,0x83243A1A,1,8,8,196608,32512,164096,0.165364583333,0.164132936375,0.001231646958,212.000000,178,267
33,32768,0x5343454E45555936,0x9AAF4DD05E434D99,240A4AC9E270DB79941E,0x1,0x83243A1A,0x83243A1A,1,8,8,262144,43163,218981,0.164653778076,0.164132936375,0.000520841701,278.250000,238,356
34,512,0x5343454E45555936,0x0A3270EC897DEE2D,C0133C785CF1454A5581,0x4,0xC63DE4FB,0x00000000,0,1,6,4096,616,3480,0.150390625000,0.164132936375,0.013742311375,3.166667,1,6
34,1024,0x5343454E45555936,0x0A3270EC897DEE2D,C0133C785CF1454A5581,0x4,0xC63DE4FB,0x00000000,0,3,7,8192,1314,6878,0.160400390625,0.164132936375,0.003732545750,7.428571,2,19
34,1536,0x5343454E45555936,0x0A3270EC897DEE2D,C0133C785CF1454A5581,0x4,0xC63DE4FB,0xEF3DE4F2,0,5,8,12288,2020,10268,0.164388020833,0.164132936375,0.000255084458,10.625000,2,28
34,2048,0x5343454E45555936,0x0A3270EC897DEE2D,C0133C785CF1454A5581,0x4,0xC63DE4FB,0x00000000,0,5,7,16384,2707,13677,0.165222167969,0.164132936375,0.001089231593,10.571429,1,29
34,3072,0x5343454E45555936,0x0A3270EC897DEE2D,C0133C785CF1454A5581,0x4,0xC63DE4FB,0xC437ECF9,0,6,8,24576,4117,20459,0.167521158854,0.164132936375,0.003388222479,16.000000,2,42
34,4096,0x5343454E45555936,0x0A3270EC897DEE2D,C0133C785CF1454A5581,0x4,0xC63DE4FB,0xC63DE4FB,1,8,8,32768,5445,27323,0.166168212891,0.164132936375,0.002035276515,20.500000,7,48
34,6144,0x5343454E45555936,0x0A3270EC897DEE2D,C0133C785CF1454A5581,0x4,0xC63DE4FB,0xC63DE4FB,1,8,8,49152,8224,40928,0.167317708333,0.164132936375,0.003184771958,40.625000,20,64
34,8192,0x5343454E45555936,0x0A3270EC897DEE2D,C0133C785CF1454A5581,0x4,0xC63DE4FB,0xC63DE4FB,1,8,8,65536,10898,54638,0.166290283203,0.164132936375,0.002157346828,54.625000,20,78
34,12288,0x5343454E45555936,0x0A3270EC897DEE2D,C0133C785CF1454A5581,0x4,0xC63DE4FB,0xC63DE4FB,1,8,8,98304,16204,82100,0.164835611979,0.164132936375,0.000702675604,93.375000,48,134
34,16384,0x5343454E45555936,0x0A3270EC897DEE2D,C0133C785CF1454A5581,0x4,0xC63DE4FB,0xC63DE4FB,1,8,8,131072,21532,109540,0.164276123047,0.164132936375,0.000143186672,121.250000,86,173
34,24576,0x5343454E45555936,0x0A3270EC897DEE2D,C0133C785CF1454A5581,0x4,0xC63DE4FB,0xC63DE4FB,1,8,8,196608,32344,164264,0.164510091146,0.164132936375,0.000377154770,192.625000,109,260
34,32768,0x5343454E45555936,0x0A3270EC897DEE2D,C0133C785CF1454A5581,0x4,0xC63DE4FB,0xC63DE4FB,1,8,8,262144,43025,219119,0.164127349854,0.164132936375,0.000005586522,274.625000,151,385
35,512,0x5343454E45555936,0x4B8F298BFC7BDC1A,459CC62484F58FF599C6,0x5,0x3663B622,0x91464322,0,1,8,4096,619,3477,0.151123046875,0.164132936375,0.013009889500,4.625000,1,7
35,1024,0x5343454E45555936,0x4B8F298BFC7BDC1A,459CC62484F58FF599C6,0x5,0x3663B622,0x00000000,0,3,7,8192,1285,6907,0.156860351562,0.164132936375,0.007272584813,2.142857,1,4
35,1536,0x5343454E45555936,0x4B8F298BFC7BDC1A,459CC62484F58FF599C6,0x5,0x3663B622,0x1F429D2A,0,4,8,12288,1957,10331,0.159261067708,0.164132936375,0.004871868667,6.500000,2,10
35,2048,0x5343454E45555936,0x4B8F298BFC7BDC1A,459CC62484F58FF599C6,0x5,0x3663B622,0x16408720,0,4,8,16384,2649,13735,0.161682128906,0.164132936375,0.002450807469,8.375000,2,14
35,3072,0x5343454E45555936,0x4B8F298BFC7BDC1A,459CC62484F58FF599C6,0x5,0x3663B622,0x16429722,0,6,8,24576,4020,20556,0.163574218750,0.164132936375,0.000558717625,11.125000,1,22
35,4096,0x5343454E45555936,0x4B8F298BFC7BDC1A,459CC62484F58FF599C6,0x5,0x3663B622,0x36639602,0,7,8,32768,5355,27413,0.163421630859,0.164132936375,0.000711305516,16.375000,1,36
35,6144,0x5343454E45555936,0x4B8F298BFC7BDC1A,459CC62484F58FF599C6,0x5,0x3663B622,0x3663B622,1,8,8,49152,8013,41139,0.163024902344,0.164132936375,0.001108034032,33.625000,12,56
35,8192,0x5343454E45555936,0x4B8F298BFC7BDC1A,459CC62484F58FF599C6,0x5,0x3663B622,0x3663B622,1,8,8,65536,10762,54774,0.164215087891,0.164132936375,0.000082151515,47.875000,20,79
35,12288,0x5343454E45555936,0x4B8F298BFC7BDC1A,459CC62484F58FF599C6,0x5,0x3663B622,0x3663B622,1,8,8,98304,16186,82118,0.164652506510,0.164132936375,0.000519570135,93.750000,67,112
35,16384,0x5343454E45555936,0x4B8F298BFC7BDC1A,459CC62484F58FF599C6,0x5,0x3663B622,0x3663B622,1,8,8,131072,21580,109492,0.164642333984,0.164132936375,0.000509397609,136.625000,106,162
35,24576,0x5343454E45555936,0x4B8F298BFC7BDC1A,459CC62484F58FF599C6,0x5,0x3663B622,0x3663B622,1,8,8,196608,32163,164445,0.163589477539,0.164132936375,0.000543458836,222.000000,164,299
35,32768,0x5343454E45555936,0x4B8F298BFC7BDC1A,459CC62484F58FF599C6,0x5,0x3663B622,0x3663B622,1,8,8,262144,42870,219274,0.163536071777,0.164132936375,0.000596864598,293.500000,227,391
36,512,0x5343454E45555936,0xB260865D201D2267,B8F435F340C4B1B232CB,0xA,0xA5249C0E,0x00000000,0,2,7,4096,663,3433,0.161865234375,0.164132936375,0.002267702000,2.857143,1,6
36,1024,0x5343454E45555936,0xB260865D201D2267,B8F435F340C4B1B232CB,0xA,0xA5249C0E,0x00000000,0,4,6,8192,1325,6867,0.161743164062,0.164132936375,0.002389772313,6.000000,3,11
36,1536,0x5343454E45555936,0xB260865D201D2267,B8F435F340C4B1B232CB,0xA,0xA5249C0E,0x00000000,0,3,7,12288,2025,10263,0.164794921875,0.164132936375,0.000661985500,7.000000,1,17
36,2048,0x5343454E45555936,0xB260865D201D2267,B8F435F340C4B1B232CB,0xA,0xA5249C0E,0xA5B01C9A,0,5,8,16384,2693,13691,0.164367675781,0.164132936375,0.000234739406,8.250000,1,25
36,3072,0x5343454E45555936,0xB260865D201D2267,B8F435F340C4B1B232CB,0xA,0xA5249C0E,0xA5A41C8E,0,7,8,24576,4029,20547,0.163940429688,0.164132936375,0.000192506688,12.250000,4,23
36,4096,0x5343454E45555936,0xB260865D201D2267,B8F435F340C4B1B232CB,0xA,0xA5249C0E,0xA5249C0E,1,8,8,32768,5369,27399,0.163848876953,0.164132936375,0.000284059422,20.000000,3,36
36,6144,0x5343454E45555936,0xB260865D201D2267,B8F435F340C4B1B232CB,0xA,0xA5249C0E,0xA5349C1E,0,7,8,49152,7989,41163,0.162536621094,0.164132936375,0.001596315282,36.125000,1,74
36,8192,0x5343454E45555936,0xB260865D201D2267,B8F435F340C4B1B232CB,0xA,0xA5249C0E,0xA5249C0E,1,8,8,65536,10701,54835,0.163284301758,0.164132936375,0.000848634618,51.750000,33,66
36,12288,0x5343454E45555936,0xB260865D201D2267,B8F435F340C4B1B232CB,0xA,0xA5249C0E,0xA5249C0E,1,8,8,98304,16117,82187,0.163950602214,0.164132936375,0.000182334162,87.125000,59,110
36,16384,0x5343454E45555936,0xB260865D201D2267,B8F435F340C4B1B232CB,0xA,0xA5249C0E,0xA5249C0E,1,8,8,131072,21524,109548,0.164215087891,0.164132936375,0.000082151515,123.625000,79,165
36,24576,0x5343454E45555936,0xB260865D201D2267,B8F435F340C4B1B232CB,0xA,0xA5249C0E,0xA5249C0E,1,8,8,196608,32309,164299,0.164332071940,0.164132936375,0.000199135565,184.875000,150,241
36,32768,0x5343454E45555936,0xB260865D201D2267,B8F435F340C4B1B232CB,0xA,0xA5249C0E,0xA5249C0E,1,8,8,262144,43016,219128,0.164093017578,0.164132936375,0.000039918797,267.875000,246,285
37,512,0x5343454E45555936,0x9BB902F5DC3226B7,762D2B720E83414B4558,0xE,0xB5C584BC,0x00000000,0,1,7,4096,662,3434,0.161621093750,0.164132936375,0.002511842625,1.857143,1,5
37,1024,0x5343454E45555936,0x9BB902F5DC3226B7,762D2B720E83414B4558,0xE,0xB5C584BC,0x74852D1C,0,3,8,8192,1331,6861,0.162475585938,0.164132936375,0.001657350438,2.875000,1,7
37,1536,0x5343454E45555936,0x9BB902F5DC3226B7,762D2B720E83414B4558,0xE,0xB5C584BC,0xF405AD9C,0,3,8,12288,2014,10274,0.163899739583,0.164132936375,0.000233196792,5.750000,2,11
37,2048,0x5343454E45555936,0x9BB902F5DC3226B7,762D2B720E83414B4558,0xE,0xB5C584BC,0xA5CDA494,0,5,8,16384,2704,13680,0.165039062500,0.164132936375,0.000906126125,8.375000,1,15
37,3072,0x5343454E45555936,0x9BB902F5DC3226B7,762D2B720E83414B4558,0xE,0xB5C584BC,0x00000000,0,5,7,24576,4059,20517,0.165161132812,0.164132936375,0.001028196437,19.000000,6,32
37,4096,0x5343454E45555936,0x9BB902F5DC3226B7,762D2B720E83414B4558,0xE,0xB5C584BC,0xB5DDA494,0,5,8,32768,5384,27384,0.164306640625,0.164132936375,0.000173704250,25.250000,5,42
37,6144,0x5343454E45555936,0x9BB902F5DC3226B7,762D2B720E83414B4558,0xE,0xB5C584BC,0xB5CD84B4,0,7,8,49152,8038,41114,0.163533528646,0.164132936375,0.000599407730,41.500000,16,60
37,8192,0x5343454E45555936,0x9BB902F5DC3226B7,762D2B720E83414B4558,0xE,0xB5C584BC,0xB5CD84B4,0,7,8,65536,10691,54845,0.163131713867,0.164132936375,0.001001222508,48.625000,5,84
37,12288,0x5343454E45555936,0x9BB902F5DC3226B7,762D2B720E83414B4558,0xE,0xB5C584BC,0xB5CD84B4,0,7,8,98304,16126,82178,0.164042154948,0.164132936375,0.000090781427,75.500000,7,117
37,16384,0x5343454E45555936,0x9BB902F5DC3226B7,762D2B720E83414B4558,0xE,0xB5C584BC,0xB5C584BC,1,8,8,131072,21603,109469,0.164817810059,0.164132936375,0.000684873683,118.625000,45,168
37,24576,0x5343454E45555936,0x9BB902F5DC3226B7,762D2B720E83414B4558,0xE,0xB5C584BC,0xB5C584BC,1,8,8,196608,32391,164217,0.164749145508,0.164132936375,0.000616209132,210.125000,164,300
37,32768,0x5343454E45555936,0x9BB902F5DC3226B7,762D2B720E83414B4558,0xE,0xB5C584BC,0xB5C584BC,1,8,8,262144,43153,218991,0.164615631104,0.164132936375,0.000482694728,281.625000,219,389
38,512,0x5343454E45555936,0x7D57E103F8E1C63D,DCCF2E5E1EC06F91B5AF,0xD,0x206033AA,0x00000000,0,1,7,4096,722,3374,0.176269531250,0.164132936375,0.012136594875,2.285714,1,3
38,1024,0x5343454E45555936,0x7D57E103F8E1C63D,DCCF2E5E1EC06F91B5AF,0xD,0x206033AA,0x00000000,0,1,6,8192,1397,6795,0.170532226562,0.164132936375,0.006399290187,3.833333,2,6
38,1536,0x5343454E45555936,0x7D57E103F8E1C63D,DCCF2E5E1EC06F91B5AF,0xD,0x206033AA,0x68E1FA6B,0,4,8,12288,2091,10197,0.170166015625,0.164132936375,0.006033079250,4.125000,1,9
38,2048,0x5343454E45555936,0x7D57E103F8E1C63D,DCCF2E5E1EC06F91B5AF,0xD,0x206033AA,0x00000000,0,3,7,16384,2763,13621,0.168640136719,0.164132936375,0.004507200343,4.000000,1,9
38,3072,0x5343454E45555936,0x7D57E103F8E1C63D,DCCF2E5E1EC06F91B5AF,0xD,0x206033AA,0xA0E536AF,0,5,8,24576,4140,20436,0.168457031250,0.164132936375,0.004324094875,9.125000,1,23
38,4096,0x5343454E45555936,0x7D57E103F8E1C63D,DCCF2E5E1EC06F91B5AF,0xD,0x206033AA,0x206132AB,0,7,8,32768,5457,27311,0.166534423828,0.164132936375,0.002401487453,17.875000,6,37
38,6144,0x5343454E45555936,0x7D57E103F8E1C63D,DCCF2E5E1EC06F91B5AF,0xD,0x206033AA,0x206033AA,1,8,8,49152,8129,41023,0.165384928385,0.164132936375,0.001251992010,29.625000,6,52
38,8192,0x5343454E45555936,0x7D57E103F8E1C63D,DCCF2E5E1EC06F91B5AF,0xD,0x206033AA,0x206033AA,1,8,8,65536,10792,54744,0.164672851562,0.164132936375,0.000539915187,43.375000,6,68
38,12288,0x5343454E45555936,0x7D57E103F8E1C63D,DCCF2E5E1EC06F91B5AF,0xD,0x206033AA,0x206033AA,1,8,8,98304,16175,82129,0.164540608724,0.164132936375,0.000407672349,77.500000,28,98
38,16384,0x5343454E45555936,0x7D57E103F8E1C63D,DCCF2E5E1EC06F91B5AF,0xD,0x206033AA,0x206033AA,1,8,8,131072,21468,109604,0.163787841797,0.164132936375,0.000345094578,111.375000,67,145
38,24576,0x5343454E45555936,0x7D57E103F8E1C63D,DCCF2E5E1EC06F91B5AF,0xD,0x206033AA,0x206033AA,1,8,8,196608,32180,164428,0.163675944010,0.164132936375,0.000456992365,195.000000,159,250
38,32768,0x5343454E45555936,0x7D57E103F8E1C63D,DCCF2E5E1EC06F91B5AF,0xD,0x206033AA,0x206033AA,1,8,8,262144,42886,219258,0.163597106934,0.164132936375,0.000535829442,269.375000,233,327
39,512,0x5343454E45555936,0xE747E6A5267C104D,2D4B8C132F6FEF300441,0xA,0x840ED781,0x00000000,0,1,5,4096,661,3435,0.161376953125,0.164132936375,0.002755983250,2.400000,1,4
39,1024,0x5343454E45555936,0xE747E6A5267C104D,2D4B8C132F6FEF300441,0xA,0x840ED781,0x1F0DC498,0,3,8,8192,1321,6871,0.161254882812,0.164132936375,0.002878053563,5.250000,2,9
39,1536,0x5343454E45555936,0xE747E6A5267C104D,2D4B8C132F6FEF300441,0xA,0x840ED781,0x050FD680,0,6,8,12288,2013,10275,0.163818359375,0.164132936375,0.000314577000,6.750000,3,11
39,2048,0x5343454E45555936,0xE747E6A5267C104D,2D4B8C132F6FEF300441,0xA,0x840ED781,0x00000000,0,4,6,16384,2707,13677,0.165222167969,0.164132936375,0.001089231593,13.000000,4,21
39,3072,0x5343454E45555936,0xE747E6A5267C104D,2D4B8C132F6FEF300441,0xA,0x840ED781,0x840BD605,0,5,8,24576,4061,20515,0.165242513021,0.164132936375,0.001109576645,14.500000,3,36
39,4096,0x5343454E45555936,0xE747E6A5267C104D,2D4B8C132F6FEF300441,0xA,0x840ED781,0x850BD604,0,5,8,32768,5404,27364,0.164916992188,0.164132936375,0.000784055812,18.250000,1,42
39,6144,0x5343454E45555936,0xE747E6A5267C104D,2D4B8C132F6FEF300441,0xA,0x840ED781,0x850FD680,0,7,8,49152,8025,41127,0.163269042969,0.164132936375,0.000863893407,33.500000,11,81
39,8192,0x5343454E45555936,0xE747E6A5267C104D,2D4B8C132F6FEF300441,0xA,0x840ED781,0x840ED781,1,8,8,65536,10768,54768,0.164306640625,0.164132936375,0.000173704250,49.125000,23,82
39,12288,0x5343454E45555936,0xE747E6A5267C104D,2D4B8C132F6FEF300441,0xA,0x840ED781,0x840ED781,1,8,8,98304,16093,82211,0.163706461589,0.164132936375,0.000426474787,79.375000,23,155
39,16384,0x5343454E45555936,0xE747E6A5267C104D,2D4B8C132F6FEF300441,0xA,0x840ED781,0x840ED781,1,8,8,131072,21430,109642,0.163497924805,0.164132936375,0.000635011571,104.875000,45,171
39,24576,0x5343454E45555936,0xE747E6A5267C104D,2D4B8C132F6FEF300441,0xA,0x840ED781,0x840ED781,1,8,8,196608,32163,164445,0.163589477539,0.164132936375,0.000543458836,171.250000,99,223
39,32768,0x5343454E45555936,0xE747E6A5267C104D,2D4B8C132F6FEF300441,0xA,0x840ED781,0x840ED781,1,8,8,262144,42857,219287,0.163486480713,0.164132936375,0.000646455662,254.625000,165,313
40,512,0x5343454E45565937,0xC3C1FDFEE7243C98,3AB38BC30767481ADD26,0xD,0xED62D75B,0x00000000,0,2,5,4096,668,3428,0.163085937500,0.164132936375,0.001046998875,3.000000,1,5
40,1024,0x5343454E45565937,0xC3C1FDFEE7243C98,3AB38BC30767481ADD26,0xD,0xED62D75B,0x00000000,0,2,6,8192,1349,6843,0.164672851562,0.164132936375,0.000539915187,3.666667,1,11
40,1536,0x5343454E45565937,0xC3C1FDFEE7243C98,3AB38BC30767481ADD26,0xD,0xED62D75B,0x00000000,0,5,7,12288,2012,10276,0.163736979167,0.164132936375,0.000395957209,6.000000,1,13
40,2048,0x5343454E45565937,0xC3C1FDFEE7243C98,3AB38BC30767481ADD26,0xD,0xED62D75B,0xFD32D75B,0,6,8,16384,2702,13682,0.164916992188,0.164132936375,0.000784055812,9.500000,3,22
40,3072,0x5343454E45565937,0xC3C1FDFEE7243C98,3AB38BC30767481ADD26,0xD,0xED62D75B,0xED62D75B,1,8,8,24576,4022,20554,0.163655598958,0.164132936375,0.000477337417,16.250000,2,37
40,4096,0x5343454E45565937,0xC3C1FDFEE7243C98,3AB38BC30767481ADD26,0xD,0xED62D75B,0xED62D75B,1,8,8,32768,5273,27495,0.160919189453,0.164132936375,0.003213746922,20.125000,3,35
40,6144,0x5343454E45565937,0xC3C1FDFEE7243C98,3AB38BC30767481ADD26,0xD,0xED62D75B,0xFD72D74B,0,7,8,49152,7931,41221,0.161356608073,0.164132936375,0.002776328302,28.000000,9,64
40,8192,0x5343454E45565937,0xC3C1FDFEE7243C98,3AB38BC30767481ADD26,0xD,0xED62D75B,0xED62D75B,1,8,8,65536,10591,54945,0.161605834961,0.164132936375,0.002527101414,38.750000,27,58
40,12288,0x5343454E45565937,0xC3C1FDFEE7243C98,3AB38BC30767481ADD26,0xD,0xED62D75B,0xED62D75B,1,8,8,98304,15928,82376,0.162027994792,0.164132936375,0.002104941584,61.375000,36,81
40,16384,0x5343454E45565937,0xC3C1FDFEE7243C98,3AB38BC30767481ADD26,0xD,0xED62D75B,0xED62D75B,1,8,8,131072,21220,109852,0.161895751953,0.164132936375,0.002237184422,97.250000,52,132
40,24576,0x5343454E45565937,0xC3C1FDFEE7243C98,3AB38BC30767481ADD26,0xD,0xED62D75B,0xED62D75B,1,8,8,196608,32131,164477,0.163426717122,0.164132936375,0.000706219253,171.250000,125,220
40,32768,0x5343454E45565937,0xC3C1FDFEE7243C98,3AB38BC30767481ADD26,0xD,0xED62D75B,0xED62D75B,1,8,8,262144,43021,219123,0.164112091064,0.164132936375,0.000020845311,259.125000,189,320
41,512,0x5343454E45565937,0x6881D5ED790313B3,5EE67C6A65F1F9E4D092,0xB,0x5A879B7B,0x00000000,0,5,7,4096,667,3429,0.162841796875,0.164132936375,0.001291139500,1.285714,1,2
41,1024,0x5343454E45565937,0x6881D5ED790313B3,5EE67C6A65F1F9E4D092,0xB,0x5A879B7B,0x00000000,0,3,7,8192,1323,6869,0.161499023438,0.164132936375,0.002633912938,5.857143,1,12
41,1536,0x5343454E45565937,0x6881D5ED790313B3,5EE67C6A65F1F9E4D092,0xB,0x5A879B7B,0x9E815FB9,0,4,8,12288,1992,10296,0.162109375000,0.164132936375,0.002023561375,8.500000,1,14
41,2048,0x5343454E45565937,0x6881D5ED790313B3,5EE67C6A65F1F9E4D092,0xB,0x5A879B7B,0x9A855BB9,0,5,8,16384,2655,13729,0.162048339844,0.164132936375,0.002084596532,9.875000,1,17
41,3072,0x5343454E45565937,0x6881D5ED790313B3,5EE67C6A65F1F9E4D092,0xB,0x5A879B7B,0x1A85DB39,0,6,8,24576,3980,20596,0.161946614583,0.164132936375,0.002186321792,15.750000,6,26
41,4096,0x5343454E45565937,0x6881D5ED790313B3,5EE67C6A65F1F9E4D092,0xB,0x5A879B7B,0x1A87D939,0,6,8,32768,5352,27416,0.163330078125,0.164132936375,0.000802858250,13.125000,3,28
41,6144,0x5343454E45565937,0x6881D5ED790313B3,5EE67C6A65F1F9E4D092,0xB,0x5A879B7B,0x5A859B79,0,7,8,49152,8071,41081,0.164204915365,0.164132936375,0.000071978989,30.125000,9,48
41,8192,0x5343454E45565937,0x6881D5ED790313B3,5EE67C6A65F1F9E4D092,0xB,0x5A879B7B,0x5A879B7B,1,8,8,65536,10768,54768,0.164306640625,0.164132936375,0.000173704250,37.625000,6,58
41,12288,0x5343454E45565937,0x6881D5ED790313B3,5EE67C6A65F1F9E4D092,0xB,0x5A879B7B,0x5A879B7B,1,8,8,98304,16182,82122,0.164611816406,0.164132936375,0.000478880031,81.250000,23,115
41,16384,0x5343454E45565937,0x6881D5ED790313B3,5EE67C6A65F1F9E4D092,0xB,0x5A879B7B,0x5A879B7B,1,8,8,131072,21492,109580,0.163970947266,0.164132936375,0.000161989110,102.375000,28,143
41,24576,0x5343454E45565937,0x6881D5ED790313B3,5EE67C6A65F1F9E4D092,0xB,0x5A879B7B,0x5A879B7B,1,8,8,196608,32347,164261,0.164525349935,0.164132936375,0.000392413560,164.000000,91,206
41,32768,0x5343454E45565937,0x6881D5ED790313B3,5EE67C6A65F1F9E4D092,0xB,0x5A879B7B,0x5A879B7B,1,8,8,262144,43119,219025,0.164485931396,0.164132936375,0.000352995021,239.625000,178,287
42,512,0x5343454E45565937,0x5FF69B82A8D8A825,DE3AE9939C1D60C97B30,0xE,0x09BDE4B0,0x2B2F6234,0,3,8,4096,673,3423,0.164306640625,0.164132936375,0.000173704250,3.000000,1,5
42,1024,0x5343454E45565937,0x5FF69B82A8D8A825,DE3AE9939C1D60C97B30,0xE,0x09BDE4B0,0x00000000,0,3,7,8192,1382,6810,0.168701171875,0.164132936375,0.004568235500,5.000000,2,12
42,1536,0x5343454E45565937,0x5FF69B82A8D8A825,DE3AE9939C1D60C97B30,0xE,0x09BDE4B0,0x79ADA5B2,0,3,8,12288,2046,10242,0.166503906250,0.164132936375,0.002370969875,8.000000,2,26
42,2048,0x5343454E45565937,0x5FF69B82A8D8A825,DE3AE9939C1D60C97B30,0xE,0x09BDE4B0,0x79AFA4B2,0,4,8,16384,2763,13621,0.168640136719,0.164132936375,0.004507200343,10.000000,1,28
42,3072,0x5343454E45565937,0x5FF69B82A8D8A825,DE3AE9939C1D60C97B30,0xE,0x09BDE4B0,0x09BFE4B2,0,7,8,24576,4098,20478,0.166748046875,0.164132936375,0.002615110500,15.250000,3,40
42,4096,0x5343454E45565937,0x5FF69B82A8D8A825,DE3AE9939C1D60C97B30,0xE,0x09BDE4B0,0x09BDE4B0,1,8,8,32768,5508,27260,0.168090820312,0.164132936375,0.003957883937,19.875000,4,50
42,6144,0x5343454E45565937,0x5FF69B82A8D8A825,DE3AE9939C1D60C97B30,0xE,0x09BDE4B0,0x09BDE4B0,1,8,8,49152,8136,41016,0.165527343750,0.164132936375,0.001394407375,39.000000,29,54
42,8192,0x5343454E45565937,0x5FF69B82A8D8A825,DE3AE9939C1D60C97B30,0xE,0x09BDE4B0,0x09BDE4B0,1,8,8,65536,10890,54646,0.166168212891,0.164132936375,0.002035276515,58.750000,32,73
42,12288,0x5343454E45565937,0x5FF69B82A8D8A825,DE3AE9939C1D60C97B30,0xE,0x09BDE4B0,0x09BDE4B0,1,8,8,98304,16159,82145,0.164377848307,0.164132936375,0.000244911932,92.750000,48,126
42,16384,0x5343454E45565937,0x5FF69B82A8D8A825,DE3AE9939C1D60C97B30,0xE,0x09BDE4B0,0x09BDE4B0,1,8,8,131072,21478,109594,0.163864135742,0.164132936375,0.000268800633,133.250000,97,168
42,24576,0x5343454E45565937,0x5FF69B82A8D8A825,DE3AE9939C1D60C97B30,0xE,0x09BDE4B0,0x09BDE4B0,1,8,8,196608,32071,164537,0.163121541341,0.164132936375,0.001011395034,189.625000,155,228
42,32768,0x5343454E45565937,0x5FF69B82A8D8A825,DE3AE9939C1D60C97B30,0xE,0x09BDE4B0,0x09BDE4B0,1,8,8,262144,42835,219309,0.163402557373,0.164132936375,0.000730379002,272.750000,199,319
43,512,0x5343454E45565937,0x912C6C9230F527CD,427C8554D19CF8273B5B,0x5,0x3DC94DA6,0x00000000,0,2,6,4096,687,3409,0.167724609375,0.164132936375,0.003591673000,3.333333,2,6
43,1024,0x5343454E45565937,0x912C6C9230F527CD,427C8554D19CF8273B5B,0x5,0x3DC94DA6,0x00000000,0,3,6,8192,1369,6823,0.167114257812,0.164132936375,0.002981321437,4.166667,1,14
43,1536,0x5343454E45565937,0x912C6C9230F527CD,427C8554D19CF8273B5B,0x5,0x3DC94DA6,0x6C8815A7,0,4,8,12288,2053,10235,0.167073567708,0.164132936375,0.002940631333,5.875000,1,14
43,2048,0x5343454E45565937,0x912C6C9230F527CD,427C8554D19CF8273B5B,0x5,0x3DC94DA6,0x6D8815A7,0,4,8,16384,2738,13646,0.167114257812,0.164132936375,0.002981321437,9.375000,1,20
43,3072,0x5343454E45565937,0x912C6C9230F527CD,427C8554D19CF8273B5B,0x5,0x3DC94DA6,0x74880DAE,0,5,8,24576,4096,20480,0.166666666667,0.164132936375,0.002533730291,12.000000,2,29
43,4096,0x5343454E45565937,0x912C6C9230F527CD,427C8554D19CF8273B5B,0x5,0x3DC94DA6,0x00000000,0,6,7,32768,5464,27304,0.166748046875,0.164132936375,0.002615110500,21.714286,10,41
43,6144,0x5343454E45565937,0x912C6C9230F527CD,427C8554D19CF8273B5B,0x5,0x3DC94DA6,0x3DC84DA7,0,7,8,49152,8134,41018,0.165486653646,0.164132936375,0.001353717270,37.375000,1,78
43,8192,0x5343454E45565937,0x912C6C9230F527CD,427C8554D19CF8273B5B,0x5,0x3DC94DA6,0x3CC84CA6,0,7,8,65536,10829,54707,0.165237426758,0.164132936375,0.001104490382,57.125000,8,92
43,12288,0x5343454E45565937,0x912C6C9230F527CD,427C8554D19CF8273B5B,0x5,0x3DC94DA6,0x3CC84CA6,0,7,8,98304,16271,82033,0.165517171224,0.164132936375,0.001384234849,78.250000,1,116
43,16384,0x5343454E45565937,0x912C6C9230F527CD,427C8554D19CF8273B5B,0x5,0x3DC94DA6,0x3DC94DA6,1,8,8,131072,21598,109474,0.164779663086,0.164132936375,0.000646726711,111.250000,24,155
43,24576,0x5343454E45565937,0x912C6C9230F527CD,427C8554D19CF8273B5B,0x5,0x3DC94DA6,0x3DC94DA6,1,8,8,196608,32314,164294,0.164357503255,0.164132936375,0.000224566880,187.000000,111,237
43,32768,0x5343454E45565937,0x912C6C9230F527CD,427C8554D19CF8273B5B,0x5,0x3DC94DA6,0x3DC94DA6,1,8,8,262144,42875,219269,0.163555145264,0.164132936375,0.000577791112,280.625000,187,341
44,512,0x5343454E45565937,0x90A6B8BE78C5525E,BFE91E13D8DFD8E5EE6C,0x3,0x6765C516,0x00000000,0,4,7,4096,676,3420,0.165039062500,0.164132936375,0.000906126125,2.571429,1,4
44,1024,0x5343454E45565937,0x90A6B8BE78C5525E,BFE91E13D8DFD8E5EE6C,0x3,0x6765C516,0x66248012,0,5,8,8192,1366,6826,0.166748046875,0.164132936375,0.002615110500,4.750000,2,9
44,1536,0x5343454E45565937,0x90A6B8BE78C5525E,BFE91E13D8DFD8E5EE6C,0x3,0x6765C516,0x00000000,0,7,7,12288,2026,10262,0.164876302083,0.164132936375,0.000743365708,9.000000,1,17
44,2048,0x5343454E45565937,0x90A6B8BE78C5525E,BFE91E13D8DFD8E5EE6C,0x3,0x6765C516,0x00000000,0,6,7,16384,2692,13692,0.164306640625,0.164132936375,0.000173704250,9.285714,1,25
44,3072,0x5343454E45565937,0x90A6B8BE78C5525E,BFE91E13D8DFD8E5EE6C,0x3,0x6765C516,0x6363C514,0,6,8,24576,4019,20557,0.163533528646,0.164132936375,0.000599407730,11.750000,2,32
44,4096,0x5343454E45565937,0x90A6B8BE78C5525E,BFE91E13D8DFD8E5EE6C,0x3,0x6765C516,0x6765C516,1,8,8,32768,5374,27394,0.164001464844,0.164132936375,0.000131471532,16.750000,1,36
44,6144,0x5343454E45565937,0x90A6B8BE78C5525E,BFE91E13D8DFD8E5EE6C,0x3,0x6765C516,0x6765C516,1,8,8,49152,8043,41109,0.163635253906,0.164132936375,0.000497682469,34.250000,7,58
44,8192,0x5343454E45565937,0x90A6B8BE78C5525E,BFE91E13D8DFD8E5EE6C,0x3,0x6765C516,0x6765C516,1,8,8,65536,10780,54756,0.164489746094,0.164132936375,0.000356809718,46.250000,8,85
44,12288,0x5343454E45565937,0x90A6B8BE78C5525E,BFE91E13D8DFD8E5EE6C,0x3,0x6765C516,0x6765C516,1,8,8,98304,16178,82126,0.164571126302,0.164132936375,0.000438189927,79.625000,39,131
44,16384,0x5343454E45565937,0x90A6B8BE78C5525E,BFE91E13D8DFD8E5EE6C,0x3,0x6765C516,0x6765C516,1,8,8,131072,21629,109443,0.165016174316,0.164132936375,0.000883237941,112.750000,53,151
44,24576,0x5343454E45565937,0x90A6B8BE78C5525E,BFE91E13D8DFD8E5EE6C,0x3,0x6765C516,0x6765C516,1,8,8,196608,32342,164266,0.164499918620,0.164132936375,0.000366982244,182.625000,85,234
44,32768,0x5343454E45565937,0x90A6B8BE78C5525E,BFE91E13D8DFD8E5EE6C,0x3,0x6765C516,0x6765C516,1,8,8,262144,43253,218891,0.164997100830,0.164132936375,0.000864164455,270.625000,160,319
45,512,0x5343454E45565937,0x0E5703C686B8EA19,2CF1FA10E80D6B8E0AB0,0x0,0x8875EAE0,0x00000000,0,0,5,4096,671,3425,0.163818359375,0.164132936375,0.000314577000,1.600000,1,3
45,1024,0x5343454E45565937,0x0E5703C686B8EA19,2CF1FA10E80D6B8E0AB0,0x0,0x8875EAE0,0x00000000,0,4,6,8192,1322,6870,0.161376953125,0.164132936375,0.002755983250,8.000000,5,15
45,1536,0x5343454E45565937,0x0E5703C686B8EA19,2CF1FA10E80D6B8E0AB0,0x0,0x8875EAE0,0x6815CA00,0,5,8,12288,2011,10277,0.163655598958,0.164132936375,0.000477337417,10.125000,2,22
45,2048,0x5343454E45565937,0x0E5703C686B8EA19,2CF1FA10E80D6B8E0AB0,0x0,0x8875EAE0,0xA855CAC0,0,7,8,16384,2695,13689,0.164489746094,0.164132936375,0.000356809718,11.250000,3,30
45,3072,0x5343454E45565937,0x0E5703C686B8EA19,2CF1FA10E80D6B8E0AB0,0x0,0x8875EAE0,0x8855CAC0,0,7,8,24576,4037,20539,0.164265950521,0.164132936375,0.000133014145,19.625000,2,45
45,4096,0x5343454E45565937,0x0E5703C686B8EA19,2CF1FA10E80D6B8E0AB0,0x0,0x8875EAE0,0x8875EAE0,1,8,8,32768,5397,27371,0.164703369141,0.164132936375,0.000570432765,24.875000,8,46
45,6144,0x5343454E45565937,0x0E5703C686B8EA19,2CF1FA10E80D6B8E0AB0,0x0,0x8875EAE0,0x8875EAE0,1,8,8,49152,8173,40979,0.166280110677,0.164132936375,0.002147174302,48.750000,20,86
45,8192,0x5343454E45565937,0x0E5703C686B8EA19,2CF1FA10E80D6B8E0AB0,0x0,0x8875EAE0,0x8875EAE0,1,8,8,65536,10914,54622,0.166534423828,0.164132936375,0.002401487453,62.000000,29,105
45,12288,0x5343454E45565937,0x0E5703C686B8EA19,2CF1FA10E80D6B8E0AB0,0x0,0x8875EAE0,0x8875EAE0,1,8,8,98304,16320,81984,0.166015625000,0.164132936375,0.001882688625,101.125000,73,137
45,16384,0x5343454E45565937,0x0E5703C686B8EA19,2CF1FA10E80D6B8E0AB0,0x0,0x8875EAE0,0x8875EAE0,1,8,8,131072,21684,109388,0.165435791016,0.164132936375,0.001302854640,135.875000,83,179
45,24576,0x5343454E45565937,0x0E5703C686B8EA19,2CF1FA10E80D6B8E0AB0,0x0,0x8875EAE0,0x8875EAE0,1,8,8,196608,32485,164123,0.165227254232,0.164132936375,0.001094317856,208.375000,129,242
45,32768,0x5343454E45565937,0x0E5703C686B8EA19,2CF1FA10E80D6B8E0AB0,0x0,0x8875EAE0,0x8875EAE0,1,8,8,262144,43269,218875,0.165058135986,0.164132936375,0.000925199611,299.875000,154,350
46,512,0x5343454E45565937,0x92E28643D2ECE669,5919B057C73A19F12E80,0x0,0x5DEB7483,0x00000000,0,1,6,4096,678,3418,0.165527343750,0.164132936375,0.001394407375,2.000000,1,3
46,1024,0x5343454E45565937,0x92E28643D2ECE669,5919B057C73A19F12E80,0x0,0x5DEB7483,0x00000000,0,2,7,8192,1366,6826,0.166748046875,0.164132936375,0.002615110500,4.714286,1,11
46,1536,0x5343454E45565937,0x92E28643D2ECE669,5919B057C73A19F12E80,0x0,0x5DEB7483,0x00000000,0,5,7,12288,2087,10201,0.169840494792,0.164132936375,0.005707558416,6.714286,2,10
46,2048,0x5343454E45565937,0x92E28643D2ECE669,5919B057C73A19F12E80,0x0,0x5DEB7483,0x1DA97085,0,5,8,16384,2734,13650,0.166870117188,0.164132936375,0.002737180812,7.625000,2,14
46,3072,0x5343454E45565937,0x92E28643D2ECE669,5919B057C73A19F12E80,0x0,0x5DEB7483,0x55A174C9,0,5,8,24576,4082,20494,0.166097005208,0.164132936375,0.001964068833,12.875000,1,29
46,4096,0x5343454E45565937,0x92E28643D2ECE669,5919B057C73A19F12E80,0x0,0x5DEB7483,0x5FA976C1,0,6,8,32768,5403,27365,0.164886474609,0.164132936375,0.000753538234,15.875000,4,35
46,6144,0x5343454E45565937,0x92E28643D2ECE669,5919B057C73A19F12E80,0x0,0x5DEB7483,0x5DEB7483,1,8,8,49152,8146,41006,0.165730794271,0.164132936375,0.001597857895,31.250000,9,52
46,8192,0x5343454E45565937,0x92E28643D2ECE669,5919B057C73A19F12E80,0x0,0x5DEB7483,0x5DEB7483,1,8,8,65536,10824,54712,0.165161132812,0.164132936375,0.001028196437,50.875000,35,70
46,12288,0x5343454E45565937,0x92E28643D2ECE669,5919B057C73A19F12E80,0x0,0x5DEB7483,0x5DEB7483,1,8,8,98304,16231,82073,0.165110270182,0.164132936375,0.000977333807,88.750000,67,119
46,16384,0x5343454E45565937,0x92E28643D2ECE669,5919B057C73A19F12E80,0x0,0x5DEB7483,0x5DEB7483,1,8,8,131072,21653,109419,0.165199279785,0.164132936375,0.001066343410,123.375000,87,160
46,24576,0x5343454E45565937,0x92E28643D2ECE669,5919B057C73A19F12E80,0x0,0x5DEB7483,0x5DEB7483,1,8,8,196608,32501,164107,0.165308634440,0.164132936375,0.001175698065,200.375000,165,238
46,32768,0x5343454E45565937,0x92E28643D2ECE669,5919B057C73A19F12E80,0x0,0x5DEB7483,0x5DEB7483,1,8,8,262144,43325,218819,0.165271759033,0.164132936375,0.001138822658,265.875000,188,319
47,512,0x5343454E45565937,0xD7F253473BA256F9,8F176BE128EFB2394006,0x9,0x0BDC068E,0xDB0D4FDE,0,3,8,4096,655,3441,0.159912109375,0.164132936375,0.004220827000,2.125000,1,5
47,1024,0x5343454E45565937,0xD7F253473BA256F9,8F176BE128EFB2394006,0x9,0x0BDC068E,0x9E89860A,0,3,8,8192,1364,6828,0.166503906250,0.164132936375,0.002370969875,5.375000,2,9
47,1536,0x5343454E45565937,0xD7F253473BA256F9,8F176BE128EFB2394006,0x9,0x0BDC068E,0xCADDC64E,0,5,8,12288,2026,10262,0.164876302083,0.164132936375,0.000743365708,8.750000,4,18
47,2048,0x5343454E45565937,0xD7F253473BA256F9,8F176BE128EFB2394006,0x9,0x0BDC068E,0xCADDC64E,0,5,8,16384,2727,13657,0.166442871094,0.164132936375,0.002309934718,7.375000,1,16
47,3072,0x5343454E45565937,0xD7F253473BA256F9,8F176BE128EFB2394006,0x9,0x0BDC068E,0x0BD8028E,0,7,8,24576,4085,20491,0.166219075521,0.164132936375,0.002086139145,14.625000,2,33
47,4096,0x5343454E45565937,0xD7F253473BA256F9,8F176BE128EFB2394006,0x9,0x0BDC068E,0x0BDC068E,1,8,8,32768,5398,27370,0.164733886719,0.164132936375,0.000600950343,27.750000,10,51
47,6144,0x5343454E45565937,0xD7F253473BA256F9,8F176BE128EFB2394006,0x9,0x0BDC068E,0x0BDC068E,1,8,8,49152,8217,40935,0.167175292969,0.164132936375,0.003042356593,41.750000,15,83
47,8192,0x5343454E45565937,0xD7F253473BA256F9,8F176BE128EFB2394006,0x9,0x0BDC068E,0x0BDC068E,1,8,8,65536,10976,54560,0.167480468750,0.164132936375,0.003347532375,53.250000,33,103
47,12288,0x5343454E45565937,0xD7F253473BA256F9,8F176BE128EFB2394006,0x9,0x0BDC068E,0x0BDC068E,1,8,8,98304,16220,82084,0.164998372396,0.164132936375,0.000865436020,95.500000,47,147
47,16384,0x5343454E45565937,0xD7F253473BA256F9,8F176BE128EFB2394006,0x9,0x0BDC068E,0x0BDC068E,1,8,8,131072,21546,109526,0.164382934570,0.164132936375,0.000249998195,134.500000,101,188
47,24576,0x5343454E45565937,0xD7F253473BA256F9,8F176BE128EFB2394006,0x9,0x0BDC068E,0x0BDC068E,1,8,8,196608,32217,164391,0.163864135742,0.164132936375,0.000268800633,211.250000,188,264
47,32768,0x5343454E45565937,0xD7F253473BA256F9,8F176BE128EFB2394006,0x9,0x0BDC068E,0x0BDC068E,1,8,8,262144,43021,219123,0.164112091064,0.164132936375,0.000020845311,284.500000,197,372
48,512,0x5343454E45565937,0x01511198836D8B5A,72D69AF20E31BB1496C1,0x2,0xAEF84AAA,0x00000000,0,2,6,4096,652,3444,0.159179687500,0.164132936375,0.004953248875,2.500000,1,7
48,1024,0x5343454E45565937,0x01511198836D8B5A,72D69AF20E31BB1496C1,0x2,0xAEF84AAA,0xAE70E24A,0,4,8,8192,1299,6893,0.158569335938,0.164132936375,0.005563600438,3.250000,1,9
48,1536,0x5343454E45565937,0x01511198836D8B5A,72D69AF20E31BB1496C1,0x2,0xAEF84AAA,0x00000000,0,5,7,12288,1957,10331,0.159261067708,0.164132936375,0.004871868667,9.714286,3,18
48,2048,0x5343454E45565937,0x01511198836D8B5A,72D69AF20E31BB1496C1,0x2,0xAEF84AAA,0x00000000,0,6,7,16384,2670,13714,0.162963867188,0.164132936375,0.001169069188,10.714286,1,25
48,3072,0x5343454E45565937,0x01511198836D8B5A,72D69AF20E31BB1496C1,0x2,0xAEF84AAA,0x00000000,0,6,7,24576,4006,20570,0.163004557292,0.164132936375,0.001128379084,14.714286,2,33
48,4096,0x5343454E45565937,0x01511198836D8B5A,72D69AF20E31BB1496C1,0x2,0xAEF84AAA,0xAEF84AAA,1,8,8,32768,5358,27410,0.163513183594,0.164132936375,0.000619752782,26.875000,8,48
48,6144,0x5343454E45565937,0x01511198836D8B5A,72D69AF20E31BB1496C1,0x2,0xAEF84AAA,0xAEF84AAA,1,8,8,49152,8067,41085,0.164123535156,0.164132936375,0.000009401219,47.875000,6,80
48,8192,0x5343454E45565937,0x01511198836D8B5A,72D69AF20E31BB1496C1,0x2,0xAEF84AAA,0xAEF84AAA,1,8,8,65536,10785,54751,0.164566040039,0.164132936375,0.000433103664,62.250000,35,103
48,12288,0x5343454E45565937,0x01511198836D8B5A,72D69AF20E31BB1496C1,0x2,0xAEF84AAA,0xAEF84AAA,1,8,8,98304,16171,82133,0.164499918620,0.164132936375,0.000366982244,103.125000,81,146
48,16384,0x5343454E45565937,0x01511198836D8B5A,72D69AF20E31BB1496C1,0x2,0xAEF84AAA,0xAEF84AAA,1,8,8,131072,21560,109512,0.164489746094,0.164132936375,0.000356809718,141.000000,110,178
48,24576,0x5343454E45565937,0x01511198836D8B5A,72D69AF20E31BB1496C1,0x2,0xAEF84AAA,0xAEF84AAA,1,8,8,196608,32377,164231,0.164677937826,0.164132936375,0.000545001450,206.125000,102,262
48,32768,0x5343454E45565937,0x01511198836D8B5A,72D69AF20E31BB1496C1,0x2,0xAEF84AAA,0xAEF84AAA,1,8,8,262144,43064,219080,0.164276123047,0.164132936375,0.000143186672,278.250000,165,344
49,512,0x5343454E45565937,0xD09660BD84111F02,E02DB2FFFD7302116042,0x0,0x638DF333,0x61257191,0,4,8,4096,705,3391,0.172119140625,0.164132936375,0.007986204250,4.375000,1,10
49,1024,0x5343454E45565937,0xD09660BD84111F02,E02DB2FFFD7302116042,0x0,0x638DF333,0x00000000,0,4,7,8192,1389,6803,0.169555664062,0.164132936375,0.005422727687,4.571429,1,19
49,1536,0x5343454E45565937,0xD09660BD84111F02,E02DB2FFFD7302116042,0x0,0x638DF333,0x00000000,0,4,6,12288,2094,10194,0.170410156250,0.164132936375,0.006277219875,8.833333,2,23
49,2048,0x5343454E45565937,0xD09660BD84111F02,E02DB2FFFD7302116042,0x0,0x638DF333,0x4B0D5B91,0,4,8,16384,2805,13579,0.171203613281,0.164132936375,0.007070676906,11.750000,5,25
49,3072,0x5343454E45565937,0xD09660BD84111F02,E02DB2FFFD7302116042,0x0,0x638DF333,0x690D79B3,0,5,8,24576,4128,20448,0.167968750000,0.164132936375,0.003835813625,16.000000,2,27
49,4096,0x5343454E45565937,0xD09660BD84111F02,E02DB2FFFD7302116042,0x0,0x638DF333,0x618DF133,0,7,8,32768,5470,27298,0.166931152344,0.164132936375,0.002798215968,19.625000,1,35
49,6144,0x5343454E45565937,0xD09660BD84111F02,E02DB2FFFD7302116042,0x0,0x638DF333,0x00000000,0,7,7,49152,8162,40990,0.166056315104,0.164132936375,0.001923378729,43.285714,28,56
49,8192,0x5343454E45565937,0xD09660BD84111F02,E02DB2FFFD7302116042,0x0,0x638DF333,0x638DF333,1,8,8,65536,10904,54632,0.166381835938,0.164132936375,0.002248899562,54.250000,26,72
49,12288,0x5343454E45565937,0xD09660BD84111F02,E02DB2FFFD7302116042,0x0,0x638DF333,0x638DF333,1,8,8,98304,16355,81949,0.166371663411,0.164132936375,0.002238727036,89.875000,63,113
49,16384,0x5343454E45565937,0xD09660BD84111F02,E02DB2FFFD7302116042,0x0,0x638DF333,0x638DF333,1,8,8,131072,21617,109455,0.164924621582,0.164132936375,0.000791685207,128.250000,103,159
49,24576,0x5343454E45565937,0xD09660BD84111F02,E02DB2FFFD7302116042,0x0,0x638DF333,0x638DF333,1,8,8,196608,32413,164195,0.164861043294,0.164132936375,0.000728106919,209.125000,171,258
49,32768,0x5343454E45565937,0xD09660BD84111F02,E02DB2FFFD7302116042,0x0,0x638DF333,0x638DF333,1,8,8,262144,43267,218877,0.165050506592,0.164132936375,0.000917570216,299.000000,249,356
50,512,0x5343454E45575938,0x6F26A44140CB97E4,528F03FCD2402DD4E0B1,0x5,0xD7A12068,0xD40580EA,0,3,8,4096,654,3442,0.159667968750,0.164132936375,0.004464967625,2.000000,1,5
50,1024,0x5343454E45575938,0x6F26A44140CB97E4,528F03FCD2402DD4E0B1,0x5,0xD7A12068,0xD0BD3076,0,3,8,8192,1349,6843,0.164672851562,0.164132936375,0.000539915187,4.375000,1,12
50,1536,0x5343454E45575938,0x6F26A44140CB97E4,528F03FCD2402DD4E0B1,0x5,0xD7A12068,0xD2B5347C,0,5,8,12288,2014,10274,0.163899739583,0.164132936375,0.000233196792,8.625000,2,16
50,2048,0x5343454E45575938,0x6F26A44140CB97E4,528F03FCD2402DD4E0B1,0x5,0xD7A12068,0xD3B5347C,0,6,8,16384,2682,13702,0.163696289062,0.164132936375,0.000436647313,9.625000,2,18
50,3072,0x5343454E45575938,0x6F26A44140CB97E4,528F03FCD2402DD4E0B1,0x5,0xD7A12068,0xD3B5347C,0,6,8,24576,4051,20525,0.164835611979,0.164132936375,0.000702675604,18.875000,5,34
50,4096,0x5343454E45575938,0x6F26A44140CB97E4,528F03FCD2402DD4E0B1,0x5,0xD7A12068,0xD3A5246C,0,7,8,32768,5400,27368,0.164794921875,0.164132936375,0.000661985500,25.875000,3,47
50,6144,0x5343454E45575938,0x6F26A44140CB97E4,528F03FCD2402DD4E0B1,0x5,0xD7A12068,0xD7A12068,1,8,8,49152,8025,41127,0.163269042969,0.164132936375,0.000863893407,37.000000,4,78
50,8192,0x5343454E45575938,0x6F26A44140CB97E4,528F03FCD2402DD4E0B1,0x5,0xD7A12068,0xD7A12068,1,8,8,65536,10748,54788,0.164001464844,0.164132936375,0.000131471532,55.500000,22,102
50,12288,0x5343454E45575938,0x6F26A44140CB97E4,528F03FCD2402DD4E0B1,0x5,0xD7A12068,0xD7A12068,1,8,8,98304,16206,82098,0.164855957031,0.164132936375,0.000723020656,95.125000,69,141
50,16384,0x5343454E45575938,0x6F26A44140CB97E4,528F03FCD2402DD4E0B1,0x5,0xD7A12068,0xD7A12068,1,8,8,131072,21549,109523,0.164405822754,0.164132936375,0.000272886379,122.375000,94,161
50,24576,0x5343454E45575938,0x6F26A44140CB97E4,528F03FCD2402DD4E0B1,0x5,0xD7A12068,0xD7A12068,1,8,8,196608,32326,164282,0.164418538411,0.164132936375,0.000285602036,186.250000,120,254
50,32768,0x5343454E45575938,0x6F26A44140CB97E4,528F03FCD2402DD4E0B1,0x5,0xD7A12068,0xD7A12068,1,8,8,262144,43012,219132,0.164077758789,0.164132936375,0.000055177586,247.625000,157,316
51,512,0x5343454E45575938,0xC4195C66D3670D08,EE0B2D35C50FB7FE391F,0x8,0x4C47BD83,0x00000000,0,1,5,4096,682,3414,0.166503906250,0.164132936375,0.002370969875,2.200000,1,4
51,1024,0x5343454E45575938,0xC4195C66D3670D08,EE0B2D35C50FB7FE391F,0x8,0x4C47BD83,0x00000000,0,4,7,8192,1326,6866,0.161865234375,0.164132936375,0.002267702000,7.428571,1,17
51,1536,0x5343454E45575938,0xC4195C66D3670D08,EE0B2D35C50FB7FE391F,0x8,0x4C47BD83,0x5E55AF87,0,5,8,12288,2005,10283,0.163167317708,0.164132936375,0.000965618667,9.250000,1,18
51,2048,0x5343454E45575938,0xC4195C66D3670D08,EE0B2D35C50FB7FE391F,0x8,0x4C47BD83,0x00000000,0,6,7,16384,2671,13713,0.163024902344,0.164132936375,0.001108034032,11.571429,1,22
51,3072,0x5343454E45575938,0xC4195C66D3670D08,EE0B2D35C50FB7FE391F,0x8,0x4C47BD83,0x00000000,0,6,7,24576,3997,20579,0.162638346354,0.164132936375,0.001494590021,13.142857,6,25
51,4096,0x5343454E45575938,0xC4195C66D3670D08,EE0B2D35C50FB7FE391F,0x8,0x4C47BD83,0x5D57AC83,0,6,8,32768,5333,27435,0.162750244141,0.164132936375,0.001382692235,17.625000,2,38
51,6144,0x5343454E45575938,0xC4195C66D3670D08,EE0B2D35C50FB7FE391F,0x8,0x4C47BD83,0x4C47BD83,1,8,8,49152,7973,41179,0.162211100260,0.164132936375,0.001921836115,31.125000,7,67
51,8192,0x5343454E45575938,0xC4195C66D3670D08,EE0B2D35C50FB7FE391F,0x8,0x4C47BD83,0x4C47BD83,1,8,8,65536,10750,54786,0.164031982422,0.164132936375,0.000100953953,47.500000,14,73
51,12288,0x5343454E45575938,0xC4195C66D3670D08,EE0B2D35C50FB7FE391F,0x8,0x4C47BD83,0x4C47BD83,1,8,8,98304,16106,82198,0.163838704427,0.164132936375,0.000294231948,87.125000,61,120
51,16384,0x5343454E45575938,0xC4195C66D3670D08,EE0B2D35C50FB7FE391F,0x8,0x4C47BD83,0x4C47BD83,1,8,8,131072,21586,109486,0.164688110352,0.164132936375,0.000555173976,119.375000,101,166
51,24576,0x5343454E45575938,0xC4195C66D3670D08,EE0B2D35C50FB7FE391F,0x8,0x4C47BD83,0x4C47BD83,1,8,8,196608,32500,164108,0.165303548177,0.164132936375,0.001170611802,187.625000,143,220
51,32768,0x5343454E45575938,0xC4195C66D3670D08,EE0B2D35C50FB7FE391F,0x8,0x4C47BD83,0x4C47BD83,1,8,8,262144,43247,218897,0.164974212646,0.164132936375,0.000841276271,264.625000,195,316
52,512,0x5343454E45575938,0xE86EF855F4098091,332550119F7C4C4BE41A,0x6,0xDC2166A1,0xC09D6698,0,2,8,4096,697,3399,0.170166015625,0.164132936375,0.006033079250,2.125000,1,5
52,1024,0x5343454E45575938,0xE86EF855F4098091,332550119F7C4C4BE41A,0x6,0xDC2166A1,0x00000000,0,4,6,8192,1349,6843,0.164672851562,0.164132936375,0.000539915187,2.500000,1,4
52,1536,0x5343454E45575938,0xE86EF855F4098091,332550119F7C4C4BE41A,0x6,0xDC2166A1,0x00000000,0,5,7,12288,2008,10280,0.163411458333,0.164132936375,0.000721478042,3.857143,1,8
52,2048,0x5343454E45575938,0xE86EF855F4098091,332550119F7C4C4BE41A,0x6,0xDC2166A1,0x00000000,0,4,7,16384,2712,13672,0.165527343750,0.164132936375,0.001394407375,7.714286,2,12
52,3072,0x5343454E45575938,0xE86EF855F4098091,332550119F7C4C4BE41A,0x6,0xDC2166A1,0xC885D621,0,4,8,24576,4025,20551,0.163777669271,0.164132936375,0.000355267105,12.875000,5,22
52,4096,0x5343454E45575938,0xE86EF855F4098091,332550119F7C4C4BE41A,0x6,0xDC2166A1,0x00000000,0,7,7,32768,5380,27388,0.164184570312,0.164132936375,0.000051633937,18.571429,5,33
52,6144,0x5343454E45575938,0xE86EF855F4098091,332550119F7C4C4BE41A,0x6,0xDC2166A1,0xDC2166A1,1,8,8,49152,8061,41091,0.164001464844,0.164132936375,0.000131471532,32.125000,4,53
52,8192,0x5343454E45575938,0xE86EF855F4098091,332550119F7C4C4BE41A,0x6,0xDC2166A1,0xDC2166A1,1,8,8,65536,10762,54774,0.164215087891,0.164132936375,0.000082151515,48.250000,22,79
52,12288,0x5343454E45575938,0xE86EF855F4098091,332550119F7C4C4BE41A,0x6,0xDC2166A1,0xDC2166A1,1,8,8,98304,16192,82112,0.164713541667,0.164132936375,0.000580605291,75.750000,22,113
52,16384,0x5343454E45575938,0xE86EF855F4098091,332550119F7C4C4BE41A,0x6,0xDC2166A1,0xDC2166A1,1,8,8,131072,21503,109569,0.164054870605,0.164132936375,0.000078065770,108.625000,25,140
52,24576,0x5343454E45575938,0xE86EF855F4098091,332550119F7C4C4BE41A,0x6,0xDC2166A1,0xDC2166A1,1,8,8,196608,32216,164392,0.163859049479,0.164132936375,0.000273886896,197.375000,130,249
52,32768,0x5343454E45575938,0xE86EF855F4098091,332550119F7C4C4BE41A,0x6,0xDC2166A1,0xDC2166A1,1,8,8,262144,42870,219274,0.163536071777,0.164132936375,0.000596864598,280.250000,196,352
53,512,0x5343454E45575938,0x22C10B5950E5EE13,5E1AD6BF8C9CB14EC4C9,0x0,0x4D1B3D65,0x00000000,0,2,6,4096,695,3401,0.169677734375,0.164132936375,0.005544798000,3.833333,1,8
53,1024,0x5343454E45575938,0x22C10B5950E5EE13,5E1AD6BF8C9CB14EC4C9,0x0,0x4D1B3D65,0x00000000,0,3,7,8192,1391,6801,0.169799804688,0.164132936375,0.005666868312,6.000000,1,14
53,1536,0x5343454E45575938,0x22C10B5950E5EE13,5E1AD6BF8C9CB14EC4C9,0x0,0x4D1B3D65,0x6F981F47,0,4,8,12288,2055,10233,0.167236328125,0.164132936375,0.003103391750,7.625000,1,19
53,2048,0x5343454E45575938,0x22C10B5950E5EE13,5E1AD6BF8C9CB14EC4C9,0x0,0x4D1B3D65,0x6F9B1D45,0,5,8,16384,2742,13642,0.167358398438,0.164132936375,0.003225462062,10.125000,3,25
53,3072,0x5343454E45575938,0x22C10B5950E5EE13,5E1AD6BF8C9CB14EC4C9,0x0,0x4D1B3D65,0x4F9B3D65,0,6,8,24576,4055,20521,0.164998372396,0.164132936375,0.000865436020,16.500000,2,35
53,4096,0x5343454E45575938,0x22C10B5950E5EE13,5E1AD6BF8C9CB14EC4C9,0x0,0x4D1B3D65,0x4F993F67,0,6,8,32768,5351,27417,0.163299560547,0.164132936375,0.000833375828,21.875000,2,45
53,6144,0x5343454E45575938,0x22C10B5950E5EE13,5E1AD6BF8C9CB14EC4C9,0x0,0x4D1B3D65,0x4D1B3D65,1,8,8,49152,8166,40986,0.166137695312,0.164132936375,0.002004758937,36.000000,4,70
53,8192,0x5343454E45575938,0x22C10B5950E5EE13,5E1AD6BF8C9CB14EC4C9,0x0,0x4D1B3D65,0x4D1B3D65,1,8,8,65536,10872,54664,0.165893554688,0.164132936375,0.001760618312,54.250000,26,95
53,12288,0x5343454E45575938,0x22C10B5950E5EE13,5E1AD6BF8C9CB14EC4C9,0x0,0x4D1B3D65,0x4D1B3D65,1,8,8,98304,16185,82119,0.164642333984,0.164132936375,0.000509397609,87.750000,54,138
53,16384,0x5343454E45575938,0x22C10B5950E5EE13,5E1AD6BF8C9CB14EC4C9,0x0,0x4D1B3D65,0x4D1B3D65,1,8,8,131072,21429,109643,0.163490295410,0.164132936375,0.000642640965,108.250000,53,151
53,24576,0x5343454E45575938,0x22C10B5950E5EE13,5E1AD6BF8C9CB14EC4C9,0x0,0x4D1B3D65,0x4D1B3D65,1,8,8,196608,32154,164454,0.163543701172,0.164132936375,0.000589235203,181.875000,117,247
53,32768,0x5343454E45575938,0x22C10B5950E5EE13,5E1AD6BF8C9CB14EC4C9,0x0,0x4D1B3D65,0x4D1B3D65,1,8,8,262144,42862,219282,0.163505554199,0.164132936375,0.000627382176,279.375000,203,341
54,512,0x5343454E45575938,0x9F35E4D7682DC83E,7FC9E324A034718F2C99,0xA,0x4499DA8E,0x00000000,0,2,6,4096,681,3415,0.166259765625,0.164132936375,0.002126829250,2.333333,1,3
54,1024,0x5343454E45575938,0x9F35E4D7682DC83E,7FC9E324A034718F2C99,0xA,0x4499DA8E,0x00000000,0,4,7,8192,1381,6811,0.168579101562,0.164132936375,0.004446165187,4.571429,1,14
54,1536,0x5343454E45575938,0x9F35E4D7682DC83E,7FC9E324A034718F2C99,0xA,0x4499DA8E,0x00000000,0,4,7,12288,2044,10244,0.166341145833,0.164132936375,0.002208209458,4.857143,1,12
54,2048,0x5343454E45575938,0x9F35E4D7682DC83E,7FC9E324A034718F2C99,0xA,0x4499DA8E,0x00000000,0,5,7,16384,2733,13651,0.166809082031,0.164132936375,0.002676145656,6.285714,1,12
54,3072,0x5343454E45575938,0x9F35E4D7682DC83E,7FC9E324A034718F2C99,0xA,0x4499DA8E,0xC4D91ACE,0,6,8,24576,4100,20476,0.166829427083,0.164132936375,0.002696490708,12.750000,1,24
54,4096,0x5343454E45575938,0x9F35E4D7682DC83E,7FC9E324A034718F2C99,0xA,0x4499DA8E,0x4499DA8E,1,8,8,32768,5467,27301,0.166839599609,0.164132936375,0.002706663234,20.000000,8,32
54,6144,0x5343454E45575938,0x9F35E4D7682DC83E,7FC9E324A034718F2C99,0xA,0x4499DA8E,0x4499DA8E,1,8,8,49152,8227,40925,0.167378743490,0.164132936375,0.003245807114,40.750000,14,59
54,8192,0x5343454E45575938,0x9F35E4D7682DC83E,7FC9E324A034718F2C99,0xA,0x4499DA8E,0x4499DA8E,1,8,8,65536,10849,54687,0.165542602539,0.164132936375,0.001409666164,56.375000,20,107
54,12288,0x5343454E45575938,0x9F35E4D7682DC83E,7FC9E324A034718F2C99,0xA,0x4499DA8E,0x4499DA8E,1,8,8,98304,16266,82038,0.165466308594,0.164132936375,0.001333372218,92.625000,50,148
54,16384,0x5343454E45575938,0x9F35E4D7682DC83E,7FC9E324A034718F2C99,0xA,0x4499DA8E,0x4499DA8E,1,8,8,131072,21582,109490,0.164657592773,0.164132936375,0.000524656398,130.875000,90,195
54,24576,0x5343454E45575938,0x9F35E4D7682DC83E,7FC9E324A034718F2C99,0xA,0x4499DA8E,0x4499DA8E,1,8,8,196608,32400,164208,0.164794921875,0.164132936375,0.000661985500,203.500000,156,257
54,32768,0x5343454E45575938,0x9F35E4D7682DC83E,7FC9E324A034718F2C99,0xA,0x4499DA8E,0x4499DA8E,1,8,8,262144,43163,218981,0.164653778076,0.164132936375,0.000520841701,285.000000,241,348
55,512,0x5343454E45575938,0xB1B64CBA42C71D80,B6A58E1D10F36AABA832,0x7,0xDF62977A,0x00000000,0,1,5,4096,664,3432,0.162109375000,0.164132936375,0.002023561375,2.200000,1,5
55,1024,0x5343454E45575938,0xB1B64CBA42C71D80,B6A58E1D10F36AABA832,0x7,0xDF62977A,0x00000000,0,3,6,8192,1346,6846,0.164306640625,0.164132936375,0.000173704250,5.666667,1,10
55,1536,0x5343454E45575938,0xB1B64CBA42C71D80,B6A58E1D10F36AABA832,0x7,0xDF62977A,0xDE639AFB,0,4,8,12288,2006,10282,0.163248697917,0.164132936375,0.000884238459,6.125000,1,18
55,2048,0x5343454E45575938,0xB1B64CBA42C71D80,B6A58E1D10F36AABA832,0x7,0xDF62977A,0xDE63DA7B,0,4,8,16384,2668,13716,0.162841796875,0.164132936375,0.001291139500,7.000000,1,15
55,3072,0x5343454E45575938,0xB1B64CBA42C71D80,B6A58E1D10F36AABA832,0x7,0xDF62977A,0xDE639E7B,0,6,8,24576,3985,20591,0.162150065104,0.164132936375,0.001982871271,13.750000,3,31
55,4096,0x5343454E45575938,0xB1B64CBA42C71D80,B6A58E1D10F36AABA832,0x7,0xDF62977A,0xDF629F7A,0,7,8,32768,5306,27462,0.161926269531,0.164132936375,0.002206666844,20.625000,4,37
55,6144,0x5343454E45575938,0xB1B64CBA42C71D80,B6A58E1D10F36AABA832,0x7,0xDF62977A,0xDF629F7A,0,7,8,49152,7978,41174,0.162312825521,0.164132936375,0.001820110855,28.250000,3,56
55,8192,0x5343454E45575938,0xB1B64CBA42C71D80,B6A58E1D10F36AABA832,0x7,0xDF62977A,0xDF62977A,1,8,8,65536,10740,54796,0.163879394531,0.164132936375,0.000253541844,53.250000,13,105
55,12288,0x5343454E45575938,0xB1B64CBA42C71D80,B6A58E1D10F36AABA832,0x7,0xDF62977A,0xDF62977A,1,8,8,98304,16177,82127,0.164560953776,0.164132936375,0.000428017401,87.625000,58,132
55,16384,0x5343454E45575938,0xB1B64CBA42C71D80,B6A58E1D10F36AABA832,0x7,0xDF62977A,0xDF62977A,1,8,8,131072,21563,109509,0.164512634277,0.164132936375,0.000379697902,122.875000,84,148
55,24576,0x5343454E45575938,0xB1B64CBA42C71D80,B6A58E1D10F36AABA832,0x7,0xDF62977A,0xDF62977A,1,8,8,196608,32180,164428,0.163675944010,0.164132936375,0.000456992365,198.250000,144,250
55,32768,0x5343454E45575938,0xB1B64CBA42C71D80,B6A58E1D10F36AABA832,0x7,0xDF62977A,0xDF62977A,1,8,8,262144,42875,219269,0.163555145264,0.164132936375,0.000577791112,281.000000,184,381
56,512,0x5343454E45575938,0x893A35A2367AEC04,4B0FD58F976FEEDAA2BD,0x0,0x7719B9ED,0x00000000,0,1,7,4096,694,3402,0.169433593750,0.164132936375,0.005300657375,2.714286,1,6
56,1024,0x5343454E45575938,0x893A35A2367AEC04,4B0FD58F976FEEDAA2BD,0x0,0x7719B9ED,0x7208BCEB,0,4,8,8192,1363,6829,0.166381835938,0.164132936375,0.002248899562,3.875000,1,11
56,1536,0x5343454E45575938,0x893A35A2367AEC04,4B0FD58F976FEEDAA2BD,0x0,0x7719B9ED,0x7318BDE8,0,6,8,12288,2004,10284,0.163085937500,0.164132936375,0.001046998875,6.500000,1,13
56,2048,0x5343454E45575938,0x893A35A2367AEC04,4B0FD58F976FEEDAA2BD,0x0,0x7719B9ED,0x00000000,0,6,7,16384,2689,13695,0.164123535156,0.164132936375,0.000009401219,8.142857,2,18
56,3072,0x5343454E45575938,0x893A35A2367AEC04,4B0FD58F976FEEDAA2BD,0x0,0x7719B9ED,0x7618B8EC,0,7,8,24576,4035,20541,0.164184570312,0.164132936375,0.000051633937,19.375000,5,29
56,4096,0x5343454E45575938,0x893A35A2367AEC04,4B0FD58F976FEEDAA2BD,0x0,0x7719B9ED,0x7618B8EC,0,7,8,32768,5375,27393,0.164031982422,0.164132936375,0.000100953953,21.500000,5,36
56,6144,0x5343454E45575938,0x893A35A2367AEC04,4B0FD58F976FEEDAA2BD,0x0,0x7719B9ED,0x7719B9ED,1,8,8,49152,8095,41057,0.164693196615,0.164132936375,0.000560260239,45.250000,17,68
56,8192,0x5343454E45575938,0x893A35A2367AEC04,4B0FD58F976FEEDAA2BD,0x0,0x7719B9ED,0x7719B9ED,1,8,8,65536,10831,54705,0.165267944336,0.164132936375,0.001135007961,65.250000,20,89
56,12288,0x5343454E45575938,0x893A35A2367AEC04,4B0FD58F976FEEDAA2BD,0x0,0x7719B9ED,0x7719B9ED,1,8,8,98304,16208,82096,0.164876302083,0.164132936375,0.000743365708,114.000000,70,147
56,16384,0x5343454E45575938,0x893A35A2367AEC04,4B0FD58F976FEEDAA2BD,0x0,0x7719B9ED,0x7719B9ED,1,8,8,131072,21623,109449,0.164970397949,0.164132936375,0.000837461574,141.250000,98,193
56,24576,0x5343454E45575938,0x893A35A2367AEC04,4B0FD58F976FEEDAA2BD,0x0,0x7719B9ED,0x7719B9ED,1,8,8,196608,32376,164232,0.164672851562,0.164132936375,0.000539915187,213.375000,144,287
56,32768,0x5343454E45575938,0x893A35A2367AEC04,4B0FD58F976FEEDAA2BD,0x0,0x7719B9ED,0x7719B9ED,1,8,8,262144,43149,218995,0.164600372314,0.164132936375,0.000467435939,304.375000,276,386
57,512,0x5343454E45575938,0x803EDBCFA490E8C4,E051D045097AFFD4A7AF,0x1,0x631EB714,0x00000000,0,2,5,4096,625,3471,0.152587890625,0.164132936375,0.011545045750,1.600000,1,3
57,1024,0x5343454E45575938,0x803EDBCFA490E8C4,E051D045097AFFD4A7AF,0x1,0x631EB714,0x00000000,0,3,7,8192,1284,6908,0.156738281250,0.164132936375,0.007394655125,6.857143,1,13
57,1536,0x5343454E45575938,0x803EDBCFA490E8C4,E051D045097AFFD4A7AF,0x1,0x631EB714,0x00000000,0,3,6,12288,1939,10349,0.157796223958,0.164132936375,0.006336712417,8.333333,2,24
57,2048,0x5343454E45575938,0x803EDBCFA490E8C4,E051D045097AFFD4A7AF,0x1,0x631EB714,0x732E2300,0,4,8,16384,2655,13729,0.162048339844,0.164132936375,0.002084596532,8.125000,2,26
57,3072,0x5343454E45575938,0x803EDBCFA490E8C4,E051D045097AFFD4A7AF,0x1,0x631EB714,0x00000000,0,6,7,24576,4017,20559,0.163452148438,0.164132936375,0.000680787938,12.285714,1,28
57,4096,0x5343454E45575938,0x803EDBCFA490E8C4,E051D045097AFFD4A7AF,0x1,0x631EB714,0x633EB714,0,7,8,32768,5314,27454,0.162170410156,0.164132936375,0.001962526219,19.375000,3,42
57,6144,0x5343454E45575938,0x803EDBCFA490E8C4,E051D045097AFFD4A7AF,0x1,0x631EB714,0x631EB714,1,8,8,49152,8111,41041,0.165018717448,0.164132936375,0.000885781073,40.000000,11,65
57,8192,0x5343454E45575938,0x803EDBCFA490E8C4,E051D045097AFFD4A7AF,0x1,0x631EB714,0x631EB714,1,8,8,65536,10726,54810,0.163665771484,0.164132936375,0.000467164891,46.875000,9,79
57,12288,0x5343454E45575938,0x803EDBCFA490E8C4,E051D045097AFFD4A7AF,0x1,0x631EB714,0x631EB714,1,8,8,98304,16069,82235,0.163462320964,0.164132936375,0.000670615412,92.500000,48,139
57,16384,0x5343454E45575938,0x803EDBCFA490E8C4,E051D045097AFFD4A7AF,0x1,0x631EB714,0x631EB714,1,8,8,131072,21418,109654,0.163406372070,0.164132936375,0.000726564305,118.000000,74,147
57,24576,0x5343454E45575938,0x803EDBCFA490E8C4,E051D045097AFFD4A7AF,0x1,0x631EB714,0x631EB714,1,8,8,196608,32136,164472,0.163452148438,0.164132936375,0.000680787938,202.000000,153,248
57,32768,0x5343454E45575938,0x803EDBCFA490E8C4,E051D045097AFFD4A7AF,0x1,0x631EB714,0x631EB714,1,8,8,262144,42927,219217,0.163753509521,0.164132936375,0.000379426854,280.500000,223,373
58,512,0x5343454E45575938,0x2F6311B8B7ADBF31,A932A104D24A0CA0A70A,0x7,0x74CC3A19,0x00000000,0,2,6,4096,668,3428,0.163085937500,0.164132936375,0.001046998875,3.166667,2,5
58,1024,0x5343454E45575938,0x2F6311B8B7ADBF31,A932A104D24A0CA0A70A,0x7,0x74CC3A19,0x00000000,0,4,7,8192,1344,6848,0.164062500000,0.164132936375,0.000070436375,5.857143,1,15
58,1536,0x5343454E45575938,0x2F6311B8B7ADBF31,A932A104D24A0CA0A70A,0x7,0x74CC3A19,0x54CC3B08,0,5,8,12288,2012,10276,0.163736979167,0.164132936375,0.000395957209,11.125000,3,28
58,2048,0x5343454E45575938,0x2F6311B8B7ADBF31,A932A104D24A0CA0A70A,0x7,0x74CC3A19,0x00000000,0,7,7,16384,2653,13731,0.161926269531,0.164132936375,0.002206666844,13.000000,1,34
58,3072,0x5343454E45575938,0x2F6311B8B7ADBF31,A932A104D24A0CA0A70A,0x7,0x74CC3A19,0x74CC3A19,1,8,8,24576,4014,20562,0.163330078125,0.164132936375,0.000802858250,18.125000,6,31
58,4096,0x5343454E45575938,0x2F6311B8B7ADBF31,A932A104D24A0CA0A70A,0x7,0x74CC3A19,0x74CC3A19,1,8,8,32768,5418,27350,0.165344238281,0.164132936375,0.001211301906,23.500000,9,44
58,6144,0x5343454E45575938,0x2F6311B8B7ADBF31,A932A104D24A0CA0A70A,0x7,0x74CC3A19,0x74CC3A19,1,8,8,49152,8142,41010,0.165649414062,0.164132936375,0.001516477687,40.750000,8,103
58,8192,0x5343454E45575938,0x2F6311B8B7ADBF31,A932A104D24A0CA0A70A,0x7,0x74CC3A19,0x74CC3A19,1,8,8,65536,10894,54642,0.166229248047,0.164132936375,0.002096311672,50.250000,13,116
58,12288,0x5343454E45575938,0x2F6311B8B7ADBF31,A932A104D24A0CA0A70A,0x7,0x74CC3A19,0x74CC3A19,1,8,8,98304,16254,82050,0.165344238281,0.164132936375,0.001211301906,91.625000,68,163
58,16384,0x5343454E45575938,0x2F6311B8B7ADBF31,A932A104D24A0CA0A70A,0x7,0x74CC3A19,0x74CC3A19,1,8,8,131072,21732,109340,0.165802001953,0.164132936375,0.001669065578,129.625000,88,184
58,24576,0x5343454E45575938,0x2F6311B8B7ADBF31,A932A104D24A0CA0A70A,0x7,0x74CC3A19,0x74CC3A19,1,8,8,196608,32476,164132,0.165181477865,0.164132936375,0.001048541489,210.125000,157,290
58,32768,0x5343454E45575938,0x2F6311B8B7ADBF31,A932A104D24A0CA0A70A,0x7,0x74CC3A19,0x74CC3A19,1,8,8,262144,43288,218856,0.165130615234,0.164132936375,0.000997678859,275.750000,226,374
59,512,0x5343454E45575938,0x19C3A6531A66E007,CE82DA54FCA5F528EAFD,0xA,0x412F3456,0x00000000,0,2,7,4096,708,3388,0.172851562500,0.164132936375,0.008718626125,2.285714,1,4
59,1024,0x5343454E45575938,0x19C3A6531A66E007,CE82DA54FCA5F528EAFD,0xA,0x412F3456,0x00000000,0,4,7,8192,1385,6807,0.169067382812,0.164132936375,0.004934446437,5.857143,1,15
59,1536,0x5343454E45575938,0x19C3A6531A66E007,CE82DA54FCA5F528EAFD,0xA,0x412F3456,0xE19D04C6,0,4,8,12288,2044,10244,0.166341145833,0.164132936375,0.002208209458,7.750000,1,15
59,2048,0x5343454E45575938,0x19C3A6531A66E007,CE82DA54FCA5F528EAFD,0xA,0x412F3456,0x610D1456,0,6,8,16384,2727,13657,0.166442871094,0.164132936375,0.002309934718,9.875000,1,26
59,3072,0x5343454E45575938,0x19C3A6531A66E007,CE82DA54FCA5F528EAFD,0xA,0x412F3456,0x610D1456,0,6,8,24576,4049,20527,0.164754231771,0.164132936375,0.000621295395,13.125000,3,34
59,4096,0x5343454E45575938,0x19C3A6531A66E007,CE82DA54FCA5F528EAFD,0xA,0x412F3456,0x61071C56,0,6,8,32768,5426,27342,0.165588378906,0.164132936375,0.001455442531,23.000000,3,63
59,6144,0x5343454E45575938,0x19C3A6531A66E007,CE82DA54FCA5F528EAFD,0xA,0x412F3456,0x412F3456,1,8,8,49152,8168,40984,0.166178385417,0.164132936375,0.002045449041,32.125000,9,67
59,8192,0x5343454E45575938,0x19C3A6531A66E007,CE82DA54FCA5F528EAFD,0xA,0x412F3456,0x412F3456,1,8,8,65536,10914,54622,0.166534423828,0.164132936375,0.002401487453,46.750000,10,68
59,12288,0x5343454E45575938,0x19C3A6531A66E007,CE82DA54FCA5F528EAFD,0xA,0x412F3456,0x412F3456,1,8,8,98304,16214,82090,0.164937337240,0.164132936375,0.000804400864,72.875000,28,115
59,16384,0x5343454E45575938,0x19C3A6531A66E007,CE82DA54FCA5F528EAFD,0xA,0x412F3456,0x412F3456,1,8,8,131072,21582,109490,0.164657592773,0.164132936375,0.000524656398,111.875000,70,144
59,24576,0x5343454E45575938,0x19C3A6531A66E007,CE82DA54FCA5F528EAFD,0xA,0x412F3456,0x412F3456,1,8,8,196608,32297,164311,0.164271036784,0.164132936375,0.000138100408,182.500000,81,265
59,32768,0x5343454E45575938,0x19C3A6531A66E007,CE82DA54FCA5F528EAFD,0xA,0x412F3456,0x412F3456,1,8,8,262144,43121,219023,0.164493560791,0.164132936375,0.000360624416,270.000000,170,336
60,512,0x5343454E45585939,0xDC3625C31D0847D2,679E600FD5F3D9A58ACD,0x2,0x6210D2C5,0x00000000,0,1,7,4096,695,3401,0.169677734375,0.164132936375,0.005544798000,4.285714,2,8
60,1024,0x5343454E45585939,0xDC3625C31D0847D2,679E600FD5F3D9A58ACD,0x2,0x6210D2C5,0x00000000,0,2,7,8192,1389,6803,0.169555664062,0.164132936375,0.005422727687,4.857143,2,10
60,1536,0x5343454E45585939,0xDC3625C31D0847D2,679E600FD5F3D9A58ACD,0x2,0x6210D2C5,0x6119CBCE,0,4,8,12288,2059,10229,0.167561848958,0.164132936375,0.003428912583,8.000000,2,14
60,2048,0x5343454E45585939,0xDC3625C31D0847D2,679E600FD5F3D9A58ACD,0x2,0x6210D2C5,0x235B4B8E,0,2,8,16384,2724,13660,0.166259765625,0.164132936375,0.002126829250,5.875000,1,15
60,3072,0x5343454E45585939,0xDC3625C31D0847D2,679E600FD5F3D9A58ACD,0x2,0x6210D2C5,0x621252C7,0,6,8,24576,4060,20516,0.165201822917,0.164132936375,0.001068886541,13.500000,2,36
60,4096,0x5343454E45585939,0xDC3625C31D0847D2,679E600FD5F3D9A58ACD,0x2,0x6210D2C5,0xE292D0C7,0,6,8,32768,5398,27370,0.164733886719,0.164132936375,0.000600950343,17.750000,1,43
60,6144,0x5343454E45585939,0xDC3625C31D0847D2,679E600FD5F3D9A58ACD,0x2,0x6210D2C5,0x6211D2C5,0,7,8,49152,8105,41047,0.164896647135,0.164132936375,0.000763710760,30.875000,7,58
60,8192,0x5343454E45585939,0xDC3625C31D0847D2,679E600FD5F3D9A58ACD,0x2,0x6210D2C5,0x00000000,0,7,7,65536,10748,54788,0.164001464844,0.164132936375,0.000131471532,53.428571,19,79
60,12288,0x5343454E45585939,0xDC3625C31D0847D2,679E600FD5F3D9A58ACD,0x2,0x6210D2C5,0x6210D2C5,1,8,8,98304,16031,82273,0.163075764974,0.164132936375,0.001057171401,86.250000,4,125
60,16384,0x5343454E45585939,0xDC3625C31D0847D2,679E600FD5F3D9A58ACD,0x2,0x6210D2C5,0x6210D2C5,1,8,8,131072,21340,109732,0.162811279297,0.164132936375,0.001321657078,124.250000,35,163
60,24576,0x5343454E45585939,0xDC3625C31D0847D2,679E600FD5F3D9A58ACD,0x2,0x6210D2C5,0x6210D2C5,1,8,8,196608,32115,164493,0.163345336914,0.164132936375,0.000787599461,194.750000,115,251
60,32768,0x5343454E45585939,0xDC3625C31D0847D2,679E600FD5F3D9A58ACD,0x2,0x6210D2C5,0x6210D2C5,1,8,8,262144,42925,219219,0.163745880127,0.164132936375,0.000387056248,300.750000,229,374
61,512,0x5343454E45585939,0xF4A08E397C96218D,C4F20FAB012F50671F34,0xB,0xCBC7B14B,0x00000000,0,0,7,4096,644,3452,0.157226562500,0.164132936375,0.006906373875,4.142857,2,7
61,1024,0x5343454E45585939,0xF4A08E397C96218D,C4F20FAB012F50671F34,0xB,0xCBC7B14B,0x47457F00,0,2,8,8192,1321,6871,0.161254882812,0.164132936375,0.002878053563,2.250000,1,5
61,1536,0x5343454E45585939,0xF4A08E397C96218D,C4F20FAB012F50671F34,0xB,0xCBC7B14B,0xDBD6F11A,0,5,8,12288,1978,10310,0.160970052083,0.164132936375,0.003162884292,3.125000,1,8
61,2048,0x5343454E45585939,0xF4A08E397C96218D,C4F20FAB012F50671F34,0xB,0xCBC7B14B,0x00000000,0,2,6,16384,2713,13671,0.165588378906,0.164132936375,0.001455442531,2.500000,1,4
61,3072,0x5343454E45585939,0xF4A08E397C96218D,C4F20FAB012F50671F34,0xB,0xCBC7B14B,0x4B47710B,0,6,8,24576,4076,20500,0.165852864583,0.164132936375,0.001719928208,6.375000,1,15
61,4096,0x5343454E45585939,0xF4A08E397C96218D,C4F20FAB012F50671F34,0xB,0xCBC7B14B,0xCBC7F10B,0,7,8,32768,5423,27345,0.165496826172,0.164132936375,0.001363889797,14.125000,3,25
61,6144,0x5343454E45585939,0xF4A08E397C96218D,C4F20FAB012F50671F34,0xB,0xCBC7B14B,0x8B87F14B,0,7,8,49152,8052,41100,0.163818359375,0.164132936375,0.000314577000,28.375000,5,53
61,8192,0x5343454E45585939,0xF4A08E397C96218D,C4F20FAB012F50671F34,0xB,0xCBC7B14B,0xCBC7B14B,1,8,8,65536,10779,54757,0.164474487305,0.164132936375,0.000341550929,48.750000,10,83
61,12288,0x5343454E45585939,0xF4A08E397C96218D,C4F20FAB012F50671F34,0xB,0xCBC7B14B,0xCBC7B14B,1,8,8,98304,16037,82267,0.163136800130,0.164132936375,0.000996136245,94.875000,33,142
61,16384,0x5343454E45585939,0xF4A08E397C96218D,C4F20FAB012F50671F34,0xB,0xCBC7B14B,0xCBC7B14B,1,8,8,131072,21404,109668,0.163299560547,0.164132936375,0.000833375828,135.625000,59,170
61,24576,0x5343454E45585939,0xF4A08E397C96218D,C4F20FAB012F50671F34,0xB,0xCBC7B14B,0xCBC7B14B,1,8,8,196608,32007,164601,0.162796020508,0.164132936375,0.001336915868,216.000000,148,303
61,32768,0x5343454E45585939,0xF4A08E397C96218D,C4F20FAB012F50671F34,0xB,0xCBC7B14B,0xCBC7B14B,1,8,8,262144,42672,219472,0.162780761719,0.164132936375,0.001352174657,299.250000,221,424
62,512,0x5343454E45585939,0x585B05EC0392CD00,A77C11CF6750538279CA,0xC,0xB5A5AAD6,0x00000000,0,0,7,4096,665,3431,0.162353515625,0.164132936375,0.001779420750,3.714286,1,9
62,1024,0x5343454E45585939,0x585B05EC0392CD00,A77C11CF6750538279CA,0xC,0xB5A5AAD6,0xC75C7F58,0,0,8,8192,1381,6811,0.168579101562,0.164132936375,0.004446165187,5.875000,1,14
62,1536,0x5343454E45585939,0x585B05EC0392CD00,A77C11CF6750538279CA,0xC,0xB5A5AAD6,0x00000000,0,1,6,12288,2046,10242,0.166503906250,0.164132936375,0.002370969875,6.500000,3,8
62,2048,0x5343454E45585939,0x585B05EC0392CD00,A77C11CF6750538279CA,0xC,0xB5A5AAD6,0x00000000,0,3,7,16384,2704,13680,0.165039062500,0.164132936375,0.000906126125,5.571429,1,14
62,3072,0x5343454E45585939,0x585B05EC0392CD00,A77C11CF6750538279CA,0xC,0xB5A5AAD6,0x00000000,0,4,7,24576,4027,20549,0.163859049479,0.164132936375,0.000273886896,14.000000,7,23
62,4096,0x5343454E45585939,0x585B05EC0392CD00,A77C11CF6750538279CA,0xC,0xB5A5AAD6,0xBD8582F6,0,6,8,32768,5305,27463,0.161895751953,0.164132936375,0.002237184422,14.875000,6,35
62,6144,0x5343454E45585939,0x585B05EC0392CD00,A77C11CF6750538279CA,0xC,0xB5A5AAD6,0xB5ADAAD6,0,7,8,49152,7971,41181,0.162170410156,0.164132936375,0.001962526219,20.750000,3,49
62,8192,0x5343454E45585939,0x585B05EC0392CD00,A77C11CF6750538279CA,0xC,0xB5A5AAD6,0xB5A5AAD6,1,8,8,65536,10619,54917,0.162033081055,0.164132936375,0.002099855321,29.375000,3,64
62,12288,0x5343454E45585939,0x585B05EC0392CD00,A77C11CF6750538279CA,0xC,0xB5A5AAD6,0xB5A5AAD6,1,8,8,98304,16026,82278,0.163024902344,0.164132936375,0.001108034032,60.500000,10,100
62,16384,0x5343454E45585939,0x585B05EC0392CD00,A77C11CF6750538279CA,0xC,0xB5A5AAD6,0xB5A5AAD6,1,8,8,131072,21414,109658,0.163375854492,0.164132936375,0.000757081883,101.625000,32,161
62,24576,0x5343454E45585939,0x585B05EC0392CD00,A77C11CF6750538279CA,0xC,0xB5A5AAD6,0xB5A5AAD6,1,8,8,196608,32087,164521,0.163202921549,0.164132936375,0.000930014826,193.000000,106,252
62,32768,0x5343454E45585939,0x585B05EC0392CD00,A77C11CF6750538279CA,0xC,0xB5A5AAD6,0xB5A5AAD6,1,8,8,262144,42866,219278,0.163520812988,0.164132936375,0.000612123387,263.500000,138,341
63,512,0x5343454E45585939,0x5AA8C8FC35919F7B,D9A3C90231D8268F34FD,0x0,0xF5D40910,0x00000000,0,3,7,4096,695,3401,0.169677734375,0.164132936375,0.005544798000,2.000000,1,4
63,1024,0x5343454E45585939,0x5AA8C8FC35919F7B,D9A3C90231D8268F34FD,0x0,0xF5D40910,0x00000000,0,3,7,8192,1406,6786,0.171630859375,0.164132936375,0.007497923000,3.857143,1,9
63,1536,0x5343454E45585939,0x5AA8C8FC35919F7B,D9A3C90231D8268F34FD,0x0,0xF5D40910,0xD4D42810,0,6,8,12288,2087,10201,0.169840494792,0.164132936375,0.005707558416,5.375000,2,9
63,2048,0x5343454E45585939,0x5AA8C8FC35919F7B,D9A3C90231D8268F34FD,0x0,0xF5D40910,0xF4F42810,0,6,8,16384,2757,13627,0.168273925781,0.164132936375,0.004140989406,10.625000,2,16
63,3072,0x5343454E45585939,0x5AA8C8FC35919F7B,D9A3C90231D8268F34FD,0x0,0xF5D40910,0xF4D40810,0,7,8,24576,4098,20478,0.166748046875,0.164132936375,0.002615110500,16.125000,4,25
63,4096,0x5343454E45585939,0x5AA8C8FC35919F7B,D9A3C90231D8268F34FD,0x0,0xF5D40910,0xF4D40810,0,7,8,32768,5409,27359,0.165069580078,0.164132936375,0.000936643703,28.250000,13,51
63,6144,0x5343454E45585939,0x5AA8C8FC35919F7B,D9A3C90231D8268F34FD,0x0,0xF5D40910,0xF4D40810,0,7,8,49152,8081,41071,0.164408365885,0.164132936375,0.000275429510,44.125000,30,54
63,8192,0x5343454E45585939,0x5AA8C8FC35919F7B,D9A3C90231D8268F34FD,0x0,0xF5D40910,0xF4D40810,0,7,8,65536,10801,54735,0.164810180664,0.164132936375,0.000677244289,46.625000,21,68
63,12288,0x5343454E45585939,0x5AA8C8FC35919F7B,D9A3C90231D8268F34FD,0x0,0xF5D40910,0xF4D40810,0,7,8,98304,16194,82110,0.164733886719,0.164132936375,0.000600950343,79.500000,33,114
63,16384,0x5343454E45585939,0x5AA8C8FC35919F7B,D9A3C90231D8268F34FD,0x0,0xF5D40910,0xF4D40810,0,7,8,131072,21631,109441,0.165031433105,0.164132936375,0.000898496730,111.875000,19,157
63,24576,0x5343454E45585939,0x5AA8C8FC35919F7B,D9A3C90231D8268F34FD,0x0,0xF5D40910,0xF5D40910,1,8,8,196608,32451,164157,0.165054321289,0.164132936375,0.000921384914,182.500000,98,244
63,32768,0x5343454E45585939,0x5AA8C8FC35919F7B,D9A3C90231D8268F34FD,0x0,0xF5D40910,0xF5D40910,1,8,8,262144,43189,218955,0.164752960205,0.164132936375,0.000620023830,267.000000,211,340
64,512,0x5343454E45585939,0xCF3422CD8EB8BFB4,4E817C6D4B7DCE26CF7A,0xC,0x11C99FD2,0x00000000,0,1,6,4096,666,3430,0.162597656250,0.164132936375,0.001535280125,2.833333,1,5
64,1024,0x5343454E45585939,0xCF3422CD8EB8BFB4,4E817C6D4B7DCE26CF7A,0xC,0x11C99FD2,0x00000000,0,1,6,8192,1354,6838,0.165283203125,0.164132936375,0.001150266750,4.833333,1,12
64,1536,0x5343454E45585939,0xCF3422CD8EB8BFB4,4E817C6D4B7DCE26CF7A,0xC,0x11C99FD2,0x01C98DD0,0,6,8,12288,1997,10291,0.162516276042,0.164132936375,0.001616660334,7.375000,1,18
64,2048,0x5343454E45585939,0xCF3422CD8EB8BFB4,4E817C6D4B7DCE26CF7A,0xC,0x11C99FD2,0x01C98DD0,0,6,8,16384,2688,13696,0.164062500000,0.164132936375,0.000070436375,11.375000,6,20
64,3072,0x5343454E45585939,0xCF3422CD8EB8BFB4,4E817C6D4B7DCE26CF7A,0xC,0x11C99FD2,0x01C98FD2,0,7,8,24576,3984,20592,0.162109375000,0.164132936375,0.002023561375,16.750000,6,32
64,4096,0x5343454E45585939,0xCF3422CD8EB8BFB4,4E817C6D4B7DCE26CF7A,0xC,0x11C99FD2,0x01C88FD3,0,6,8,32768,5335,27433,0.162811279297,0.164132936375,0.001321657078,23.875000,10,52
64,6144,0x5343454E45585939,0xCF3422CD8EB8BFB4,4E817C6D4B7DCE26CF7A,0xC,0x11C99FD2,0x11C99FD2,1,8,8,49152,8048,41104,0.163736979167,0.164132936375,0.000395957209,32.375000,4,67
64,8192,0x5343454E45585939,0xCF3422CD8EB8BFB4,4E817C6D4B7DCE26CF7A,0xC,0x11C99FD2,0x11C99FD2,1,8,8,65536,10738,54798,0.163848876953,0.164132936375,0.000284059422,57.000000,31,110
64,12288,0x5343454E45585939,0xCF3422CD8EB8BFB4,4E817C6D4B7DCE26CF7A,0xC,0x11C99FD2,0x11C99FD2,1,8,8,98304,16134,82170,0.164123535156,0.164132936375,0.000009401219,90.250000,53,138
64,16384,0x5343454E45585939,0xCF3422CD8EB8BFB4,4E817C6D4B7DCE26CF7A,0xC,0x11C99FD2,0x11C99FD2,1,8,8,131072,21528,109544,0.164245605469,0.164132936375,0.000112669093,112.625000,69,139
64,24576,0x5343454E45585939,0xCF3422CD8EB8BFB4,4E817C6D4B7DCE26CF7A,0xC,0x11C99FD2,0x11C99FD2,1,8,8,196608,32198,164410,0.163767496745,0.164132936375,0.000365439631,179.625000,108,239
64,32768,0x5343454E45585939,0xCF3422CD8EB8BFB4,4E817C6D4B7DCE26CF7A,0xC,0x11C99FD2,0x11C99FD2,1,8,8,262144,42850,219294,0.163459777832,0.164132936375,0.000673158543,244.875000,174,329
65,512,0x5343454E45585939,0x82CCB28427A23833,DBE04D2452EF7C6E8465,0x5,0xB6162850,0x00000000,0,3,6,4096,651,3445,0.158935546875,0.164132936375,0.005197389500,2.166667,1,3
65,1024,0x5343454E45585939,0x82CCB28427A23833,DBE04D2452EF7C6E8465,0x5,0xB6162850,0xA21C325F,0,3,8,8192,1303,6889,0.159057617188,0.164132936375,0.005075319188,3.625000,1,7
65,1536,0x5343454E45585939,0x82CCB28427A23833,DBE04D2452EF7C6E8465,0x5,0xB6162850,0x8239375A,0,2,8,12288,1952,10336,0.158854166667,0.164132936375,0.005278769709,4.000000,1,8
65,2048,0x5343454E45585939,0x82CCB28427A23833,DBE04D2452EF7C6E8465,0x5,0xB6162850,0xA71D325B,0,4,8,16384,2604,13780,0.158935546875,0.164132936375,0.005197389500,4.000000,1,11
65,3072,0x5343454E45585939,0x82CCB28427A23833,DBE04D2452EF7C6E8465,0x5,0xB6162850,0xB7052942,0,5,8,24576,3951,20625,0.160766601562,0.164132936375,0.003366334813,10.625000,1,26
65,4096,0x5343454E45585939,0x82CCB28427A23833,DBE04D2452EF7C6E8465,0x5,0xB6162850,0xB7162950,0,7,8,32768,5270,27498,0.160827636719,0.164132936375,0.003305299657,12.625000,2,23
65,6144,0x5343454E45585939,0x82CCB28427A23833,DBE04D2452EF7C6E8465,0x5,0xB6162850,0x00000000,0,7,7,49152,7974,41178,0.162231445312,0.164132936375,0.001901491063,26.571429,15,39
65,8192,0x5343454E45585939,0x82CCB28427A23833,DBE04D2452EF7C6E8465,0x5,0xB6162850,0xB6162850,1,8,8,65536,10751,54785,0.164047241211,0.164132936375,0.000085695164,37.000000,12,55
65,12288,0x5343454E45585939,0x82CCB28427A23833,DBE04D2452EF7C6E8465,0x5,0xB6162850,0xB6162850,1,8,8,98304,16127,82177,0.164052327474,0.164132936375,0.000080608901,64.375000,12,94
65,16384,0x5343454E45585939,0x82CCB28427A23833,DBE04D2452EF7C6E8465,0x5,0xB6162850,0xB6162850,1,8,8,131072,21441,109631,0.163581848145,0.164132936375,0.000551088231,94.875000,41,120
65,24576,0x5343454E45585939,0x82CCB28427A23833,DBE04D2452EF7C6E8465,0x5,0xB6162850,0xB6162850,1,8,8,196608,32119,164489,0.163365681966,0.164132936375,0.000767254409,167.500000,113,215
65,32768,0x5343454E45585939,0x82CCB28427A23833,DBE04D2452EF7C6E8465,0x5,0xB6162850,0xB6162850,1,8,8,262144,42803,219341,0.163280487061,0.164132936375,0.000852449315,260.250000,189,342
66,512,0x5343454E45585939,0x1F36FC154F2C8F7F,1CB9C55427441595435C,0x9,0xC069A20F,0xC068214E,0,4,8,4096,657,3439,0.160400390625,0.164132936375,0.003732545750,3.750000,2,7
66,1024,0x5343454E45585939,0x1F36FC154F2C8F7F,1CB9C55427441595435C,0x9,0xC069A20F,0xC069224F,0,6,8,8192,1319,6873,0.161010742188,0.164132936375,0.003122194188,8.000000,2,12
66,1536,0x5343454E45585939,0x1F36FC154F2C8F7F,1CB9C55427441595435C,0x9,0xC069A20F,0x00000000,0,5,7,12288,1960,10328,0.159505208333,0.164132936375,0.004627728042,9.142857,3,15
66,2048,0x5343454E45585939,0x1F36FC154F2C8F7F,1CB9C55427441595435C,0x9,0xC069A20F,0xC069220F,0,7,8,16384,2588,13796,0.157958984375,0.164132936375,0.006173952000,9.375000,1,20
66,3072,0x5343454E45585939,0x1F36FC154F2C8F7F,1CB9C55427441595435C,0x9,0xC069A20F,0xC069200F,0,6,8,24576,3928,20648,0.159830729167,0.164132936375,0.004302207209,18.000000,2,34
66,4096,0x5343454E45585939,0x1F36FC154F2C8F7F,1CB9C55427441595435C,0x9,0xC069A20F,0xC069200F,0,6,8,32768,5238,27530,0.159851074219,0.164132936375,0.004281862157,23.625000,2,51
66,6144,0x5343454E45585939,0x1F36FC154F2C8F7F,1CB9C55427441595435C,0x9,0xC069A20F,0xC069220F,0,7,8,49152,7965,41187,0.162048339844,0.164132936375,0.002084596532,35.375000,10,62
66,8192,0x5343454E45585939,0x1F36FC154F2C8F7F,1CB9C55427441595435C,0x9,0xC069A20F,0xC069220F,0,7,8,65536,10583,54953,0.161483764648,0.164132936375,0.002649171727,45.875000,11,78
66,12288,0x5343454E45585939,0x1F36FC154F2C8F7F,1CB9C55427441595435C,0x9,0xC069A20F,0xC069A20F,1,8,8,98304,15923,82381,0.161977132161,0.164132936375,0.002155804214,70.750000,10,107
66,16384,0x5343454E45585939,0x1F36FC154F2C8F7F,1CB9C55427441595435C,0x9,0xC069A20F,0xC069A20F,1,8,8,131072,21343,109729,0.162834167480,0.164132936375,0.001298768895,124.500000,90,155
66,24576,0x5343454E45585939,0x1F36FC154F2C8F7F,1CB9C55427441595435C,0x9,0xC069A20F,0xC069A20F,1,8,8,196608,32170,164438,0.163625081380,0.164132936375,0.000507854995,208.000000,114,246
66,32768,0x5343454E45585939,0x1F36FC154F2C8F7F,1CB9C55427441595435C,0x9,0xC069A20F,0xC069A20F,1,8,8,262144,42750,219394,0.163078308105,0.164132936375,0.001054628270,283.000000,193,361
67,512,0x5343454E45585939,0x3E46413D2B419603,997FB17462093FD56E8A,0x5,0xC5977956,0xC513F152,0,5,8,4096,686,3410,0.167480468750,0.164132936375,0.003347532375,3.625000,1,8
67,1024,0x5343454E45585939,0x3E46413D2B419603,997FB17462093FD56E8A,0x5,0xC5977956,0x00000000,0,5,7,8192,1361,6831,0.166137695312,0.164132936375,0.002004758937,4.428571,2,7
67,1536,0x5343454E45585939,0x3E46413D2B419603,997FB17462093FD56E8A,0x5,0xC5977956,0xE5935952,0,6,8,12288,1990,10298,0.161946614583,0.164132936375,0.002186321792,7.500000,1,18
67,2048,0x5343454E45585939,0x3E46413D2B419603,997FB17462093FD56E8A,0x5,0xC5977956,0x00000000,0,5,7,16384,2652,13732,0.161865234375,0.164132936375,0.002267702000,7.285714,1,19
67,3072,0x5343454E45585939,0x3E46413D2B419603,997FB17462093FD56E8A,0x5,0xC5977956,0xF5974946,0,6,8,24576,3982,20594,0.162027994792,0.164132936375,0.002104941584,13.250000,4,27
67,4096,0x5343454E45585939,0x3E46413D2B419603,997FB17462093FD56E8A,0x5,0xC5977956,0xE5975956,0,7,8,32768,5292,27476,0.161499023438,0.164132936375,0.002633912938,15.875000,2,30
67,6144,0x5343454E45585939,0x3E46413D2B419603,997FB17462093FD56E8A,0x5,0xC5977956,0x00000000,0,7,7,49152,7954,41198,0.161824544271,0.164132936375,0.002308392105,31.571429,11,48
67,8192,0x5343454E45585939,0x3E46413D2B419603,997FB17462093FD56E8A,0x5,0xC5977956,0xC5977956,1,8,8,65536,10580,54956,0.161437988281,0.164132936375,0.002694948094,41.000000,14,88
67,12288,0x5343454E45585939,0x3E46413D2B419603,997FB17462093FD56E8A,0x5,0xC5977956,0xC5977956,1,8,8,98304,16031,82273,0.163075764974,0.164132936375,0.001057171401,82.250000,48,147
67,16384,0x5343454E45585939,0x3E46413D2B419603,997FB17462093FD56E8A,0x5,0xC5977956,0xC5977956,1,8,8,131072,21451,109621,0.163658142090,0.164132936375,0.000474794286,108.875000,65,167
67,24576,0x5343454E45585939,0x3E46413D2B419603,997FB17462093FD56E8A,0x5,0xC5977956,0xC5977956,1,8,8,196608,32257,164351,0.164067586263,0.164132936375,0.000065350112,188.875000,148,259
67,32768,0x5343454E45585939,0x3E46413D2B419603,997FB17462093FD56E8A,0x5,0xC5977956,0xC5977956,1,8,8,262144,43202,218942,0.164802551270,0.164132936375,0.000669614894,248.625000,168,336
68,512,0x5343454E45585939,0x37080F3207E36876,C8A99EDE9ED3142480FE,0x8,0xABE85324,0x00000000,0,0,6,4096,670,3426,0.163574218750,0.164132936375,0.000558717625,2.666667,2,5
68,1024,0x5343454E45585939,0x37080F3207E36876,C8A99EDE9ED3142480FE,0x8,0xABE85324,0x02E8731D,0,3,8,8192,1349,6843,0.164672851562,0.164132936375,0.000539915187,4.625000,1,9
68,1536,0x5343454E45585939,0x37080F3207E36876,C8A99EDE9ED3142480FE,0x8,0xABE85324,0x00000000,0,2,7,12288,2043,10245,0.166259765625,0.164132936375,0.002126829250,6.428571,1,21
68,2048,0x5343454E45585939,0x37080F3207E36876,C8A99EDE9ED3142480FE,0x8,0xABE85324,0x29EA4136,0,5,8,16384,2731,13653,0.166687011719,0.164132936375,0.002554075343,9.000000,2,20
68,3072,0x5343454E45585939,0x37080F3207E36876,C8A99EDE9ED3142480FE,0x8,0xABE85324,0x2BE85324,0,7,8,24576,4068,20508,0.165527343750,0.164132936375,0.001394407375,21.000000,15,27
68,4096,0x5343454E45585939,0x37080F3207E36876,C8A99EDE9ED3142480FE,0x8,0xABE85324,0x2BE85324,0,7,8,32768,5419,27349,0.165374755859,0.164132936375,0.001241819484,26.000000,19,49
68,6144,0x5343454E45585939,0x37080F3207E36876,C8A99EDE9ED3142480FE,0x8,0xABE85324,0x2BE85324,0,7,8,49152,8144,41008,0.165690104167,0.164132936375,0.001557167791,40.000000,4,72
68,8192,0x5343454E45585939,0x37080F3207E36876,C8A99EDE9ED3142480FE,0x8,0xABE85324,0xABE85324,1,8,8,65536,10845,54691,0.165481567383,0.164132936375,0.001348631007,50.000000,1,85
68,12288,0x5343454E45585939,0x37080F3207E36876,C8A99EDE9ED3142480FE,0x8,0xABE85324,0xABE85324,1,8,8,98304,16190,82114,0.164693196615,0.164132936375,0.000560260239,87.000000,45,126
68,16384,0x5343454E45585939,0x37080F3207E36876,C8A99EDE9ED3142480FE,0x8,0xABE85324,0xABE85324,1,8,8,131072,21627,109445,0.165000915527,0.164132936375,0.000867979152,121.625000,61,182
68,24576,0x5343454E45585939,0x37080F3207E36876,C8A99EDE9ED3142480FE,0x8,0xABE85324,0xABE85324,1,8,8,196608,32262,164346,0.164093017578,0.164132936375,0.000039918797,190.000000,129,266
68,32768,0x5343454E45585939,0x37080F3207E36876,C8A99EDE9ED3142480FE,0x8,0xABE85324,0xABE85324,1,8,8,262144,43134,219010,0.164543151855,0.164132936375,0.000410215480,268.625000,178,373
69,512,0x5343454E45585939,0x8785272889310142,B4349FCFF1A4D2642279,0xF,0x2D94FCE1,0x00000000,0,0,7,4096,614,3482,0.149902343750,0.164132936375,0.014230592625,3.285714,1,6
69,1024,0x5343454E45585939,0x8785272889310142,B4349FCFF1A4D2642279,0xF,0x2D94FCE1,0x00000000,0,4,7,8192,1291,6901,0.157592773438,0.164132936375,0.006540162938,5.285714,1,14
69,1536,0x5343454E45585939,0x8785272889310142,B4349FCFF1A4D2642279,0xF,0x2D94FCE1,0x2BD0FEE3,0,5,8,12288,1967,10321,0.160074869792,0.164132936375,0.004058066584,3.625000,1,7
69,2048,0x5343454E45585939,0x8785272889310142,B4349FCFF1A4D2642279,0xF,0x2D94FCE1,0x00000000,0,6,7,16384,2662,13722,0.162475585938,0.164132936375,0.001657350438,9.428571,4,17
69,3072,0x5343454E45585939,0x8785272889310142,B4349FCFF1A4D2642279,0xF,0x2D94FCE1,0x2FD4FEA1,0,6,8,24576,4017,20559,0.163452148438,0.164132936375,0.000680787938,14.375000,1,25
69,4096,0x5343454E45585939,0x8785272889310142,B4349FCFF1A4D2642279,0xF,0x2D94FCE1,0x2F94FEE1,0,7,8,32768,5327,27441,0.162567138672,0.164132936375,0.001565797703,23.250000,4,39
69,6144,0x5343454E45585939,0x8785272889310142,B4349FCFF1A4D2642279,0xF,0x2D94FCE1,0x2D94FCE1,1,8,8,49152,8013,41139,0.163024902344,0.164132936375,0.001108034032,41.250000,29,57
69,8192,0x5343454E45585939,0x8785272889310142,B4349FCFF1A4D2642279,0xF,0x2D94FCE1,0x2D94FCE1,1,8,8,65536,10666,54870,0.162750244141,0.164132936375,0.001382692235,61.500000,42,86
69,12288,0x5343454E45585939,0x8785272889310142,B4349FCFF1A4D2642279,0xF,0x2D94FCE1,0x2D94FCE1,1,8,8,98304,15926,82378,0.162007649740,0.164132936375,0.002125286636,89.750000,53,119
69,16384,0x5343454E45585939,0x8785272889310142,B4349FCFF1A4D2642279,0xF,0x2D94FCE1,0x2D94FCE1,1,8,8,131072,21353,109719,0.162910461426,0.164132936375,0.001222474950,127.625000,83,162
69,24576,0x5343454E45585939,0x8785272889310142,B4349FCFF1A4D2642279,0xF,0x2D94FCE1,0x2D94FCE1,1,8,8,196608,32045,164563,0.162989298503,0.164132936375,0.001143637873,207.125000,148,239
69,32768,0x5343454E45585939,0x8785272889310142,B4349FCFF1A4D2642279,0xF,0x2D94FCE1,0x2D94FCE1,1,8,8,262144,42946,219198,0.163825988770,0.164132936375,0.000306947606,288.625000,254,319
70,512,0x5343454E4559593A,0x2430B88C41614895,403E05B0377AC82D7F7B,0xF,0xB75C5331,0x00000000,0,0,7,4096,703,3393,0.171630859375,0.164132936375,0.007497923000,2.142857,1,6
70,1024,0x5343454E4559593A,0x2430B88C41614895,403E05B0377AC82D7F7B,0xF,0xB75C5331,0x00000000,0,1,7,8192,1420,6772,0.173339843750,0.164132936375,0.009206907375,2.714286,1,9
70,1536,0x5343454E4559593A,0x2430B88C41614895,403E05B0377AC82D7F7B,0xF,0xB75C5331,0x00000000,0,4,6,12288,2112,10176,0.171875000000,0.164132936375,0.007742063625,5.666667,1,14
70,2048,0x5343454E4559593A,0x2430B88C41614895,403E05B0377AC82D7F7B,0xF,0xB75C5331,0x00000000,0,6,7,16384,2774,13610,0.169311523438,0.164132936375,0.005178587062,10.714286,4,20
70,3072,0x5343454E4559593A,0x2430B88C41614895,403E05B0377AC82D7F7B,0xF,0xB75C5331,0xB75D5331,0,7,8,24576,4110,20466,0.167236328125,0.164132936375,0.003103391750,17.000000,2,39
70,4096,0x5343454E4559593A,0x2430B88C41614895,403E05B0377AC82D7F7B,0xF,0xB75C5331,0xB75C5331,1,8,8,32768,5493,27275,0.167633056641,0.164132936375,0.003500120265,21.125000,4,41
70,6144,0x5343454E4559593A,0x2430B88C41614895,403E05B0377AC82D7F7B,0xF,0xB75C5331,0xB75C5331,1,8,8,49152,8286,40866,0.168579101562,0.164132936375,0.004446165187,29.375000,5,53
70,8192,0x5343454E4559593A,0x2430B88C41614895,403E05B0377AC82D7F7B,0xF,0xB75C5331,0xB75C5331,1,8,8,65536,10999,54537,0.167831420898,0.164132936375,0.003698484523,47.625000,30,62
70,12288,0x5343454E4559593A,0x2430B88C41614895,403E05B0377AC82D7F7B,0xF,0xB75C5331,0xB75C5331,1,8,8,98304,16297,82007,0.165781656901,0.164132936375,0.001648720526,80.875000,50,110
70,16384,0x5343454E4559593A,0x2430B88C41614895,403E05B0377AC82D7F7B,0xF,0xB75C5331,0xB75C5331,1,8,8,131072,21646,109426,0.165145874023,0.164132936375,0.001012937648,115.750000,72,141
70,24576,0x5343454E4559593A,0x2430B88C41614895,403E05B0377AC82D7F7B,0xF,0xB75C5331,0xB75C5331,1,8,8,196608,32411,164197,0.164850870768,0.164132936375,0.000717934393,210.125000,174,240
70,32768,0x5343454E4559593A,0x2430B88C41614895,403E05B0377AC82D7F7B,0xF,0xB75C5331,0xB75C5331,1,8,8,262144,43287,218857,0.165126800537,0.164132936375,0.000993864162,290.000000,244,331
71,512,0x5343454E4559593A,0x88587BC4B7F8D1CE,427C2171E2CA8F83E1E4,0xE,0xBBB0ADCE,0x0E3509DC,0,2,8,4096,654,3442,0.159667968750,0.164132936375,0.004464967625,2.375000,1,6
71,1024,0x5343454E4559593A,0x88587BC4B7F8D1CE,427C2171E2CA8F83E1E4,0xE,0xBBB0ADCE,0x979489C7,0,4,8,8192,1333,6859,0.162719726562,0.164132936375,0.001413209813,4.500000,1,9
71,1536,0x5343454E4559593A,0x88587BC4B7F8D1CE,427C2171E2CA8F83E1E4,0xE,0xBBB0ADCE,0x00000000,0,4,7,12288,1989,10299,0.161865234375,0.164132936375,0.002267702000,4.714286,1,15
71,2048,0x5343454E4559593A,0x88587BC4B7F8D1CE,427C2171E2CA8F83E1E4,0xE,0xBBB0ADCE,0xA3A0BDD7,0,5,8,16384,2674,13710,0.163208007812,0.164132936375,0.000924928563,6.125000,2,15
71,3072,0x5343454E4559593A,0x88587BC4B7F8D1CE,427C2171E2CA8F83E1E4,0xE,0xBBB0ADCE,0x00000000,0,5,7,24576,4017,20559,0.163452148438,0.164132936375,0.000680787938,13.428571,2,36
71,4096,0x5343454E4559593A,0x88587BC4B7F8D1CE,427C2171E2CA8F83E1E4,0xE,0xBBB0ADCE,0xABA0BDDE,0,7,8,32768,5396,27372,0.164672851562,0.164132936375,0.000539915187,23.625000,2,54
71,6144,0x5343454E4559593A,0x88587BC4B7F8D1CE,427C2171E2CA8F83E1E4,0xE,0xBBB0ADCE,0xABA0BDDE,0,7,8,49152,8072,41080,0.164225260417,0.164132936375,0.000092324041,30.125000,5,58
71,8192,0x5343454E4559593A,0x88587BC4B7F8D1CE,427C2171E2CA8F83E1E4,0xE,0xBBB0ADCE,0xBBB0ADCE,1,8,8,65536,10741,54795,0.163894653320,0.164132936375,0.000238283055,40.750000,10,68
71,12288,0x5343454E4559593A,0x88587BC4B7F8D1CE,427C2171E2CA8F83E1E4,0xE,0xBBB0ADCE,0xBBB0ADCE,1,8,8,98304,16039,82265,0.163157145182,0.164132936375,0.000975791193,80.750000,43,117
71,16384,0x5343454E4559593A,0x88587BC4B7F8D1CE,427C2171E2CA8F83E1E4,0xE,0xBBB0ADCE,0xBBB0ADCE,1,8,8,131072,21413,109659,0.163368225098,0.164132936375,0.000764711278,118.625000,69,172
71,24576,0x5343454E4559593A,0x88587BC4B7F8D1CE,427C2171E2CA8F83E1E4,0xE,0xBBB0ADCE,0xBBB0ADCE,1,8,8,196608,32314,164294,0.164357503255,0.164132936375,0.000224566880,197.625000,137,288
71,32768,0x5343454E4559593A,0x88587BC4B7F8D1CE,427C2171E2CA8F83E1E4,0xE,0xBBB0ADCE,0xBBB0ADCE,1,8,8,262144,43132,219012,0.164535522461,0.164132936375,0.000402586086,271.625000,221,362
72,512,0x5343454E4559593A,0x8704AA02306F8F1F,C824AA04DA085A6ED755,0xB,0xACAF3AB8,0x00000000,0,3,7,4096,677,3419,0.165283203125,0.164132936375,0.001150266750,4.142857,1,8
72,1024,0x5343454E4559593A,0x8704AA02306F8F1F,C824AA04DA085A6ED755,0xB,0xACAF3AB8,0xAE292CAF,0,3,8,8192,1314,6878,0.160400390625,0.164132936375,0.003732545750,4.875000,1,9
72,1536,0x5343454E4559593A,0x8704AA02306F8F1F,C824AA04DA085A6ED755,0xB,0xACAF3AB8,0x00000000,0,4,7,12288,1974,10314,0.160644531250,0.164132936375,0.003488405125,6.714286,1,15
72,2048,0x5343454E4559593A,0x8704AA02306F8F1F,C824AA04DA085A6ED755,0xB,0xACAF3AB8,0xAEAD28A8,0,6,8,16384,2666,13718,0.162719726562,0.164132936375,0.001413209813,9.875000,2,25
72,3072,0x5343454E4559593A,0x8704AA02306F8F1F,C824AA04DA085A6ED755,0xB,0xACAF3AB8,0xB8AB2ABC,0,6,8,24576,4032,20544,0.164062500000,0.164132936375,0.000070436375,12.375000,1,27
72,4096,0x5343454E4559593A,0x8704AA02306F8F1F,C824AA04DA085A6ED755,0xB,0xACAF3AB8,0xACEF3AF8,0,7,8,32768,5369,27399,0.163848876953,0.164132936375,0.000284059422,20.875000,1,53
72,6144,0x5343454E4559593A,0x8704AA02306F8F1F,C824AA04DA085A6ED755,0xB,0xACAF3AB8,0xACAF3AB8,1,8,8,49152,8061,41091,0.164001464844,0.164132936375,0.000131471532,40.625000,16,73
72,8192,0x5343454E4559593A,0x8704AA02306F8F1F,C824AA04DA085A6ED755,0xB,0xACAF3AB8,0xACAF3AB8,1,8,8,65536,10748,54788,0.164001464844,0.164132936375,0.000131471532,56.625000,16,84
72,12288,0x5343454E4559593A,0x8704AA02306F8F1F,C824AA04DA085A6ED755,0xB,0xACAF3AB8,0xACAF3AB8,1,8,8,98304,16186,82118,0.164652506510,0.164132936375,0.000519570135,87.750000,33,133
72,16384,0x5343454E4559593A,0x8704AA02306F8F1F,C824AA04DA085A6ED755,0xB,0xACAF3AB8,0xACAF3AB8,1,8,8,131072,21585,109487,0.164680480957,0.164132936375,0.000547544582,126.375000,71,181
72,24576,0x5343454E4559593A,0x8704AA02306F8F1F,C824AA04DA085A6ED755,0xB,0xACAF3AB8,0xACAF3AB8,1,8,8,196608,32426,164182,0.164927164714,0.164132936375,0.000794228338,202.750000,150,267
72,32768,0x5343454E4559593A,0x8704AA02306F8F1F,C824AA04DA085A6ED755,0xB,0xACAF3AB8,0xACAF3AB8,1,8,8,262144,43183,218961,0.164730072021,0.164132936375,0.000597135646,287.250000,219,385
73,512,0x5343454E4559593A,0x82BDA13182ED9F7D,8D98FADDBB72EBD30B54,0xD,0x8C2EEE50,0x00000000,0,2,7,4096,653,3443,0.159423828125,0.164132936375,0.004709108250,3.857143,1,12
73,1024,0x5343454E4559593A,0x82BDA13182ED9F7D,8D98FADDBB72EBD30B54,0xD,0x8C2EEE50,0x389AE841,0,2,8,8192,1312,6880,0.160156250000,0.164132936375,0.003976686375,4.125000,1,17
73,1536,0x5343454E4559593A,0x82BDA13182ED9F7D,8D98FADDBB72EBD30B54,0xD,0x8C2EEE50,0x399FEB40,0,3,8,12288,1998,10290,0.162597656250,0.164132936375,0.001535280125,4.750000,1,18
73,2048,0x5343454E4559593A,0x82BDA13182ED9F7D,8D98FADDBB72EBD30B54,0xD,0x8C2EEE50,0x0BAFE972,0,3,8,16384,2719,13665,0.165954589844,0.164132936375,0.001821653468,10.625000,1,27
73,3072,0x5343454E4559593A,0x82BDA13182ED9F7D,8D98FADDBB72EBD30B54,0xD,0x8C2EEE50,0x00000000,0,4,7,24576,4057,20519,0.165079752604,0.164132936375,0.000946816229,12.714286,2,37
73,4096,0x5343454E4559593A,0x82BDA13182ED9F7D,8D98FADDBB72EBD30B54,0xD,0x8C2EEE50,0x8C2EED53,0,6,8,32768,5417,27351,0.165313720703,0.164132936375,0.001180784328,16.125000,2,59
73,6144,0x5343454E4559593A,0x82BDA13182ED9F7D,8D98FADDBB72EBD30B54,0xD,0x8C2EEE50,0x8C2EEE50,1,8,8,49152,8133,41019,0.165466308594,0.164132936375,0.001333372218,29.750000,3,69
73,8192,0x5343454E4559593A,0x82BDA13182ED9F7D,8D98FADDBB72EBD30B54,0xD,0x8C2EEE50,0x8C2EEE50,1,8,8,65536,10722,54814,0.163604736328,0.164132936375,0.000528200047,36.625000,14,70
73,12288,0x5343454E4559593A,0x82BDA13182ED9F7D,8D98FADDBB72EBD30B54,0xD,0x8C2EEE50,0x8C2EEE50,1,8,8,98304,16140,82164,0.164184570312,0.164132936375,0.000051633937,83.500000,35,126
73,16384,0x5343454E4559593A,0x82BDA13182ED9F7D,8D98FADDBB72EBD30B54,0xD,0x8C2EEE50,0x8C2EEE50,1,8,8,131072,21552,109520,0.164428710938,0.164132936375,0.000295774562,132.125000,92,184
73,24576,0x5343454E4559593A,0x82BDA13182ED9F7D,8D98FADDBB72EBD30B54,0xD,0x8C2EEE50,0x8C2EEE50,1,8,8,196608,32485,164123,0.165227254232,0.164132936375,0.001094317856,205.000000,131,262
73,32768,0x5343454E4559593A,0x82BDA13182ED9F7D,8D98FADDBB72EBD30B54,0xD,0x8C2EEE50,0x8C2EEE50,1,8,8,262144,43195,218949,0.164775848389,0.164132936375,0.000642912013,291.750000,225,370
74,512,0x5343454E4559593A,0xF22D05200BF4F8D1,71960023D139ED73BC2F,0x4,0xB5D5E205,0x00000000,0,2,6,4096,692,3404,0.168945312500,0.164132936375,0.004812376125,1.166667,1,2
74,1024,0x5343454E4559593A,0xF22D05200BF4F8D1,71960023D139ED73BC2F,0x4,0xB5D5E205,0xB5734E8B,0,3,8,8192,1381,6811,0.168579101562,0.164132936375,0.004446165187,7.625000,1,17
74,1536,0x5343454E4559593A,0xF22D05200BF4F8D1,71960023D139ED73BC2F,0x4,0xB5D5E205,0xB17B4683,0,3,8,12288,2073,10215,0.168701171875,0.164132936375,0.004568235500,9.500000,3,22
74,2048,0x5343454E4559593A,0xF22D05200BF4F8D1,71960023D139ED73BC2F,0x4,0xB5D5E205,0xB1536E0B,0,4,8,16384,2741,13643,0.167297363281,0.164132936375,0.003164426906,8.500000,1,24
74,3072,0x5343454E4559593A,0xF22D05200BF4F8D1,71960023D139ED73BC2F,0x4,0xB5D5E205,0x00000000,0,4,7,24576,4070,20506,0.165608723958,0.164132936375,0.001475787583,10.000000,1,21
74,4096,0x5343454E4559593A,0xF22D05200BF4F8D1,71960023D139ED73BC2F,0x4,0xB5D5E205,0x35556285,0,7,8,32768,5411,27357,0.165130615234,0.164132936375,0.000997678859,14.125000,6,30
74,6144,0x5343454E4559593A,0xF22D05200BF4F8D1,71960023D139ED73BC2F,0x4,0xB5D5E205,0xB5D5E205,1,8,8,49152,8126,41026,0.165323893229,0.164132936375,0.001190956854,30.375000,4,57
74,8192,0x5343454E4559593A,0xF22D05200BF4F8D1,71960023D139ED73BC2F,0x4,0xB5D5E205,0xB5D5E205,1,8,8,65536,10820,54716,0.165100097656,0.164132936375,0.000967161281,51.750000,21,93
74,12288,0x5343454E4559593A,0xF22D05200BF4F8D1,71960023D139ED73BC2F,0x4,0xB5D5E205,0xB5D5E205,1,8,8,98304,16220,82084,0.164998372396,0.164132936375,0.000865436020,87.500000,40,138
74,16384,0x5343454E4559593A,0xF22D05200BF4F8D1,71960023D139ED73BC2F,0x4,0xB5D5E205,0xB5D5E205,1,8,8,131072,21681,109391,0.165412902832,0.164132936375,0.001279966457,118.250000,57,168
74,24576,0x5343454E4559593A,0xF22D05200BF4F8D1,71960023D139ED73BC2F,0x4,0xB5D5E205,0xB5D5E205,1,8,8,196608,32489,164119,0.165247599284,0.164132936375,0.001114662908,191.375000,146,234
74,32768,0x5343454E4559593A,0xF22D05200BF4F8D1,71960023D139ED73BC2F,0x4,0xB5D5E205,0xB5D5E205,1,8,8,262144,43203,218941,0.164806365967,0.164132936375,0.000673429591,279.000000,221,329
75,512,0x5343454E4559593A,0xD77E01D849EEEDBE,3B31BE932999F421382B,0x1,0xD1DECCE1,0x00000000,0,2,7,4096,676,3420,0.165039062500,0.164132936375,0.000906126125,3.857143,1,8
75,1024,0x5343454E4559593A,0xD77E01D849EEEDBE,3B31BE932999F421382B,0x1,0xD1DECCE1,0x835E4E31,0,4,8,8192,1353,6839,0.165161132812,0.164132936375,0.001028196437,4.500000,1,10
75,1536,0x5343454E4559593A,0xD77E01D849EEEDBE,3B31BE932999F421382B,0x1,0xD1DECCE1,0x00000000,0,4,7,12288,2033,10255,0.165445963542,0.164132936375,0.001313027166,6.000000,1,13
75,2048,0x5343454E4559593A,0xD77E01D849EEEDBE,3B31BE932999F421382B,0x1,0xD1DECCE1,0x00000000,0,6,7,16384,2757,13627,0.168273925781,0.164132936375,0.004140989406,10.000000,1,27
75,3072,0x5343454E4559593A,0xD77E01D849EEEDBE,3B31BE932999F421382B,0x1,0xD1DECCE1,0x51DECCE1,0,7,8,24576,4081,20495,0.166056315104,0.164132936375,0.001923378729,18.125000,5,35
75,4096,0x5343454E4559593A,0xD77E01D849EEEDBE,3B31BE932999F421382B,0x1,0xD1DECCE1,0xD1DECCE1,1,8,8,32768,5466,27302,0.166809082031,0.164132936375,0.002676145656,18.875000,2,47
75,6144,0x5343454E4559593A,0xD77E01D849EEEDBE,3B31BE932999F421382B,0x1,0xD1DECCE1,0x51DE4CE1,0,7,8,49152,8207,40945,0.166971842448,0.164132936375,0.002838906073,28.625000,3,58
75,8192,0x5343454E4559593A,0xD77E01D849EEEDBE,3B31BE932999F421382B,0x1,0xD1DECCE1,0xD1DECCE1,1,8,8,65536,10880,54656,0.166015625000,0.164132936375,0.001882688625,44.000000,20,60
75,12288,0x5343454E4559593A,0xD77E01D849EEEDBE,3B31BE932999F421382B,0x1,0xD1DECCE1,0xD1DECCE1,1,8,8,98304,16326,81978,0.166076660156,0.164132936375,0.001943723781,88.125000,47,126
75,16384,0x5343454E4559593A,0xD77E01D849EEEDBE,3B31BE932999F421382B,0x1,0xD1DECCE1,0xD1DECCE1,1,8,8,131072,21750,109322,0.165939331055,0.164132936375,0.001806394679,122.250000,92,173
75,24576,0x5343454E4559593A,0xD77E01D849EEEDBE,3B31BE932999F421382B,0x1,0xD1DECCE1,0xD1DECCE1,1,8,8,196608,32527,164081,0.165440877279,0.164132936375,0.001307940903,200.125000,150,278
75,32768,0x5343454E4559593A,0xD77E01D849EEEDBE,3B31BE932999F421382B,0x1,0xD1DECCE1,0xD1DECCE1,1,8,8,262144,43123,219021,0.164501190186,0.164132936375,0.000368253810,277.750000,226,322
76,512,0x5343454E4559593A,0x43124B074E88B76D,3875BF35D4BB8DE32760,0xE,0x9B079A64,0xD7069309,0,3,8,4096,684,3412,0.166992187500,0.164132936375,0.002859251125,2.875000,1,6
76,1024,0x5343454E4559593A,0x43124B074E88B76D,3875BF35D4BB8DE32760,0xE,0x9B079A64,0xD7079208,0,4,8,8192,1367,6825,0.166870117188,0.164132936375,0.002737180812,7.750000,1,17
76,1536,0x5343454E4559593A,0x43124B074E88B76D,3875BF35D4BB8DE32760,0xE,0x9B079A64,0xD7079308,0,3,8,12288,2020,10268,0.164388020833,0.164132936375,0.000255084458,9.875000,4,16
76,2048,0x5343454E4559593A,0x43124B074E88B76D,3875BF35D4BB8DE32760,0xE,0x9B079A64,0x00000000,0,3,6,16384,2732,13652,0.166748046875,0.164132936375,0.002615110500,14.166667,2,31
76,3072,0x5343454E4559593A,0x43124B074E88B76D,3875BF35D4BB8DE32760,0xE,0x9B079A64,0x9F079A60,0,7,8,24576,4068,20508,0.165527343750,0.164132936375,0.001394407375,18.875000,7,40
76,4096,0x5343454E4559593A,0x43124B074E88B76D,3875BF35D4BB8DE32760,0xE,0x9B079A64,0x9F079A60,0,7,8,32768,5407,27361,0.165008544922,0.164132936375,0.000875608547,27.875000,8,44
76,6144,0x5343454E4559593A,0x43124B074E88B76D,3875BF35D4BB8DE32760,0xE,0x9B079A64,0x9F079A60,0,7,8,49152,8123,41029,0.165262858073,0.164132936375,0.001129921698,46.250000,10,73
76,8192,0x5343454E4559593A,0x43124B074E88B76D,3875BF35D4BB8DE32760,0xE,0x9B079A64,0x9B079A64,1,8,8,65536,10809,54727,0.164932250977,0.164132936375,0.000799314601,60.625000,14,98
76,12288,0x5343454E4559593A,0x43124B074E88B76D,3875BF35D4BB8DE32760,0xE,0x9B079A64,0x9B079A64,1,8,8,98304,16108,82196,0.163859049479,0.164132936375,0.000273886896,100.875000,66,134
76,16384,0x5343454E4559593A,0x43124B074E88B76D,3875BF35D4BB8DE32760,0xE,0x9B079A64,0x9B079A64,1,8,8,131072,21487,109585,0.163932800293,0.164132936375,0.000200136082,137.625000,81,182
76,24576,0x5343454E4559593A,0x43124B074E88B76D,3875BF35D4BB8DE32760,0xE,0x9B079A64,0x9B079A64,1,8,8,196608,32228,164380,0.163920084635,0.164132936375,0.000212851740,213.375000,161,289
76,32768,0x5343454E4559593A,0x43124B074E88B76D,3875BF35D4BB8DE32760,0xE,0x9B079A64,0x9B079A64,1,8,8,262144,42905,219239,0.163669586182,0.164132936375,0.000463350194,283.875000,242,368
77,512,0x5343454E4559593A,0xE1AB19F204949201,0778492541E482CE1740,0xC,0xAE010C5E,0x00000000,0,2,7,4096,662,3434,0.161621093750,0.164132936375,0.002511842625,2.428571,1,4
77,1024,0x5343454E4559593A,0xE1AB19F204949201,0778492541E482CE1740,0xC,0xAE010C5E,0x7F3C8527,0,1,8,8192,1339,6853,0.163452148438,0.164132936375,0.000680787938,4.625000,1,14
77,1536,0x5343454E4559593A,0xE1AB19F204949201,0778492541E482CE1740,0xC,0xAE010C5E,0x7FBC0DAB,0,1,8,12288,2021,10267,0.164469401042,0.164132936375,0.000336464666,7.875000,1,19
77,2048,0x5343454E4559593A,0xE1AB19F204949201,0778492541E482CE1740,0xC,0xAE010C5E,0x6A2D182E,0,2,8,16384,2712,13672,0.165527343750,0.164132936375,0.001394407375,6.500000,2,15
77,3072,0x5343454E4559593A,0xE1AB19F204949201,0778492541E482CE1740,0xC,0xAE010C5E,0x00000000,0,3,7,24576,4052,20524,0.164876302083,0.164132936375,0.000743365708,10.142857,5,17
77,4096,0x5343454E4559593A,0xE1AB19F204949201,0778492541E482CE1740,0xC,0xAE010C5E,0x0EC14CFE,0,5,8,32768,5406,27362,0.164978027344,0.164132936375,0.000845090968,12.375000,1,23
77,6144,0x5343454E4559593A,0xE1AB19F204949201,0778492541E482CE1740,0xC,0xAE010C5E,0x2E810CDE,0,7,8,49152,8077,41075,0.164326985677,0.164132936375,0.000194049302,22.125000,1,42
77,8192,0x5343454E4559593A,0xE1AB19F204949201,0778492541E482CE1740,0xC,0xAE010C5E,0x2E810CDE,0,7,8,65536,10798,54738,0.164764404297,0.164132936375,0.000631467922,30.875000,6,58
77,12288,0x5343454E4559593A,0xE1AB19F204949201,0778492541E482CE1740,0xC,0xAE010C5E,0x2E810CDE,0,7,8,98304,16178,82126,0.164571126302,0.164132936375,0.000438189927,59.500000,7,102
77,16384,0x5343454E4559593A,0xE1AB19F204949201,0778492541E482CE1740,0xC,0xAE010C5E,0xAE010C5E,1,8,8,131072,21416,109656,0.163391113281,0.164132936375,0.000741823094,92.750000,10,121
77,24576,0x5343454E4559593A,0xE1AB19F204949201,0778492541E482CE1740,0xC,0xAE010C5E,0xAE010C5E,1,8,8,196608,32210,164398,0.163828531901,0.164132936375,0.000304404474,174.875000,105,250
77,32768,0x5343454E4559593A,0xE1AB19F204949201,0778492541E482CE1740,0xC,0xAE010C5E,0xAE010C5E,1,8,8,262144,42943,219201,0.163814544678,0.164132936375,0.000318391698,246.250000,185,302
78,512,0x5343454E4559593A,0x0D6001C9DBBE3322,AFDA532ECD8AC318CF39,0xD,0x265DB75A,0x00000000,0,0,5,4096,656,3440,0.160156250000,0.164132936375,0.003976686375,1.600000,1,3
78,1024,0x5343454E4559593A,0x0D6001C9DBBE3322,AFDA532ECD8AC318CF39,0xD,0x265DB75A,0xE6CC921F,0,2,8,8192,1349,6843,0.164672851562,0.164132936375,0.000539915187,4.375000,1,10
78,1536,0x5343454E4559593A,0x0D6001C9DBBE3322,AFDA532ECD8AC318CF39,0xD,0x265DB75A,0x00000000,0,3,7,12288,2007,10281,0.163330078125,0.164132936375,0.000802858250,6.857143,2,13
78,2048,0x5343454E4559593A,0x0D6001C9DBBE3322,AFDA532ECD8AC318CF39,0xD,0x265DB75A,0x00000000,0,3,7,16384,2676,13708,0.163330078125,0.164132936375,0.000802858250,9.428571,1,18
78,3072,0x5343454E4559593A,0x0D6001C9DBBE3322,AFDA532ECD8AC318CF39,0xD,0x265DB75A,0xE69C967B,0,4,8,24576,4090,20486,0.166422526042,0.164132936375,0.002289589666,12.750000,2,25
78,4096,0x5343454E4559593A,0x0D6001C9DBBE3322,AFDA532ECD8AC318CF39,0xD,0x265DB75A,0x661D977A,0,6,8,32768,5462,27306,0.166687011719,0.164132936375,0.002554075343,18.000000,4,34
78,6144,0x5343454E4559593A,0x0D6001C9DBBE3322,AFDA532ECD8AC318CF39,0xD,0x265DB75A,0x661D977A,0,6,8,49152,8093,41059,0.164652506510,0.164132936375,0.000519570135,25.625000,2,61
78,8192,0x5343454E4559593A,0x0D6001C9DBBE3322,AFDA532ECD8AC318CF39,0xD,0x265DB75A,0x265DB75A,1,8,8,65536,10724,54812,0.163635253906,0.164132936375,0.000497682469,51.750000,9,92
78,12288,0x5343454E4559593A,0x0D6001C9DBBE3322,AFDA532ECD8AC318CF39,0xD,0x265DB75A,0x265DB75A,1,8,8,98304,16068,82236,0.163452148438,0.164132936375,0.000680787938,86.875000,49,135
78,16384,0x5343454E4559593A,0x0D6001C9DBBE3322,AFDA532ECD8AC318CF39,0xD,0x265DB75A,0x265DB75A,1,8,8,131072,21457,109615,0.163703918457,0.164132936375,0.000429017918,113.750000,57,189
78,24576,0x5343454E4559593A,0x0D6001C9DBBE3322,AFDA532ECD8AC318CF39,0xD,0x265DB75A,0x265DB75A,1,8,8,196608,32179,164429,0.163670857747,0.164132936375,0.000462078628,202.875000,144,271
78,32768,0x5343454E4559593A,0x0D6001C9DBBE3322,AFDA532ECD8AC318CF39,0xD,0x265DB75A,0x265DB75A,1,8,8,262144,42976,219168,0.163940429688,0.164132936375,0.000192506688,292.000000,246,338
79,512,0x5343454E4559593A,0x5FB5A5DD89989208,6EED52AE8F2C6E7E1626,0xE,0x5DDBA9BD,0x00000000,0,1,7,4096,679,3417,0.165771484375,0.164132936375,0.001638548000,2.714286,1,6
79,1024,0x5343454E4559593A,0x5FB5A5DD89989208,6EED52AE8F2C6E7E1626,0xE,0x5DDBA9BD,0x1F8FADEF,0,4,8,8192,1389,6803,0.169555664062,0.164132936375,0.005422727687,3.875000,1,8
79,1536,0x5343454E4559593A,0x5FB5A5DD89989208,6EED52AE8F2C6E7E1626,0xE,0x5DDBA9BD,0x5FABCDAB,0,3,8,12288,2039,10249,0.165934244792,0.164132936375,0.001801308416,6.500000,2,19
79,2048,0x5343454E4559593A,0x5FB5A5DD89989208,6EED52AE8F2C6E7E1626,0xE,0x5DDBA9BD,0x5DCBADA9,0,6,8,16384,2717,13667,0.165832519531,0.164132936375,0.001699583156,7.750000,1,22
79,3072,0x5343454E4559593A,0x5FB5A5DD89989208,6EED52AE8F2C6E7E1626,0xE,0x5DDBA9BD,0x00000000,0,7,7,24576,4021,20555,0.163614908854,0.164132936375,0.000518027521,20.285714,1,38
79,4096,0x5343454E4559593A,0x5FB5A5DD89989208,6EED52AE8F2C6E7E1626,0xE,0x5DDBA9BD,0x4DCBB9AD,0,7,8,32768,5361,27407,0.163604736328,0.164132936375,0.000528200047,30.875000,2,77
79,6144,0x5343454E4559593A,0x5FB5A5DD89989208,6EED52AE8F2C6E7E1626,0xE,0x5DDBA9BD,0x5DDBA9BD,1,8,8,49152,8080,41072,0.164388020833,0.164132936375,0.000255084458,44.875000,8,93
79,8192,0x5343454E4559593A,0x5FB5A5DD89989208,6EED52AE8F2C6E7E1626,0xE,0x5DDBA9BD,0x4DCBB9AD,0,7,8,65536,10730,54806,0.163726806641,0.164132936375,0.000406129735,61.125000,8,115
79,12288,0x5343454E4559593A,0x5FB5A5DD89989208,6EED52AE8F2C6E7E1626,0xE,0x5DDBA9BD,0x4DCBB9AD,0,7,8,98304,16140,82164,0.164184570312,0.164132936375,0.000051633937,88.750000,7,156
79,16384,0x5343454E4559593A,0x5FB5A5DD89989208,6EED52AE8F2C6E7E1626,0xE,0x5DDBA9BD,0x5DDBA9BD,1,8,8,131072,21513,109559,0.164131164551,0.164132936375,0.000001771825,135.375000,63,194
79,24576,0x5343454E4559593A,0x5FB5A5DD89989208,6EED52AE8F2C6E7E1626,0xE,0x5DDBA9BD,0x5DDBA9BD,1,8,8,196608,32495,164113,0.165278116862,0.164132936375,0.001145180487,214.000000,155,297
79,32768,0x5343454E4559593A,0x5FB5A5DD89989208,6EED52AE8F2C6E7E1626,0xE,0x5DDBA9BD,0x5DDBA9BD,1,8,8,262144,43182,218962,0.164726257324,0.164132936375,0.000593320949,291.500000,228,388
80,512,0x5343454E455A593B,0xA174BF6DA309ADE7,0F8EED0902051158BDD7,0xB,0x30F9ACAA,0x00000000,0,2,7,4096,660,3436,0.161132812500,0.164132936375,0.003000123875,2.714286,1,8
80,1024,0x5343454E455A593B,0xA174BF6DA309ADE7,0F8EED0902051158BDD7,0xB,0x30F9ACAA,0x32EA3A2B,0,3,8,8192,1330,6862,0.162353515625,0.164132936375,0.001779420750,5.750000,2,11
80,1536,0x5343454E455A593B,0xA174BF6DA309ADE7,0F8EED0902051158BDD7,0xB,0x30F9ACAA,0x00000000,0,4,6,12288,2005,10283,0.163167317708,0.164132936375,0.000965618667,7.333333,3,17
80,2048,0x5343454E455A593B,0xA174BF6DA309ADE7,0F8EED0902051158BDD7,0xB,0x30F9ACAA,0x00000000,0,5,7,16384,2715,13669,0.165710449219,0.164132936375,0.001577512843,8.285714,2,16
80,3072,0x5343454E455A593B,0xA174BF6DA309ADE7,0F8EED0902051158BDD7,0xB,0x30F9ACAA,0x3CF0ACAF,0,5,8,24576,4014,20562,0.163330078125,0.164132936375,0.000802858250,13.000000,1,31
80,4096,0x5343454E455A593B,0xA174BF6DA309ADE7,0F8EED0902051158BDD7,0xB,0x30F9ACAA,0x30F9ACAA,1,8,8,32768,5337,27431,0.162872314453,0.164132936375,0.001260621922,19.250000,7,29
80,6144,0x5343454E455A593B,0xA174BF6DA309ADE7,0F8EED0902051158BDD7,0xB,0x30F9ACAA,0x30F9ACAA,1,8,8,49152,7935,41217,0.161437988281,0.164132936375,0.002694948094,45.625000,31,67
80,8192,0x5343454E455A593B,0xA174BF6DA309ADE7,0F8EED0902051158BDD7,0xB,0x30F9ACAA,0x30F9ACAA,1,8,8,65536,10629,54907,0.162185668945,0.164132936375,0.001947267430,70.125000,41,91
80,12288,0x5343454E455A593B,0xA174BF6DA309ADE7,0F8EED0902051158BDD7,0xB,0x30F9ACAA,0x30F9ACAA,1,8,8,98304,15995,82309,0.162709554036,0.164132936375,0.001423382339,111.500000,86,151
80,16384,0x5343454E455A593B,0xA174BF6DA309ADE7,0F8EED0902051158BDD7,0xB,0x30F9ACAA,0x30F9ACAA,1,8,8,131072,21321,109751,0.162666320801,0.164132936375,0.001466615575,146.625000,115,195
80,24576,0x5343454E455A593B,0xA174BF6DA309ADE7,0F8EED0902051158BDD7,0xB,0x30F9ACAA,0x30F9ACAA,1,8,8,196608,32021,164587,0.162867228190,0.164132936375,0.001265708185,220.250000,156,301
80,32768,0x5343454E455A593B,0xA174BF6DA309ADE7,0F8EED0902051158BDD7,0xB,0x30F9ACAA,0x30F9ACAA,1,8,8,262144,42778,219366,0.163185119629,0.164132936375,0.000947816746,279.750000,237,373
81,512,0x5343454E455A593B,0xBBA5C2CE4004DE1C,229413ADFBCB03967AE6,0xB,0xA02F1ABD,0x82897A79,0,3,8,4096,647,3449,0.157958984375,0.164132936375,0.006173952000,3.125000,1,8
81,1024,0x5343454E455A593B,0xBBA5C2CE4004DE1C,229413ADFBCB03967AE6,0xB,0xA02F1ABD,0xE2CF183F,0,4,8,8192,1286,6906,0.156982421875,0.164132936375,0.007150514500,4.000000,1,8
81,1536,0x5343454E455A593B,0xBBA5C2CE4004DE1C,229413ADFBCB03967AE6,0xB,0xA02F1ABD,0x224DBAF9,0,3,8,12288,1947,10341,0.158447265625,0.164132936375,0.005685670750,5.875000,1,20
81,2048,0x5343454E455A593B,0xBBA5C2CE4004DE1C,229413ADFBCB03967AE6,0xB,0xA02F1ABD,0x00000000,0,4,7,16384,2620,13764,0.159912109375,0.164132936375,0.004220827000,8.142857,4,19
81,3072,0x5343454E455A593B,0xBBA5C2CE4004DE1C,229413ADFBCB03967AE6,0xB,0xA02F1ABD,0x30FF3A4D,0,4,8,24576,3935,20641,0.160115559896,0.164132936375,0.004017376480,9.000000,1,17
81,4096,0x5343454E455A593B,0xBBA5C2CE4004DE1C,229413ADFBCB03967AE6,0xB,0xA02F1ABD,0x18DF3A45,0,3,8,32768,5270,27498,0.160827636719,0.164132936375,0.003305299657,6.875000,1,17
81,6144,0x5343454E455A593B,0xBBA5C2CE4004DE1C,229413ADFBCB03967AE6,0xB,0xA02F1ABD,0xA82F1AB5,0,7,8,49152,7956,41196,0.161865234375,0.164132936375,0.002267702000,24.250000,10,42
81,8192,0x5343454E455A593B,0xBBA5C2CE4004DE1C,229413ADFBCB03967AE6,0xB,0xA02F1ABD,0xA02F1ABD,1,8,8,65536,10627,54909,0.162155151367,0.164132936375,0.001977785008,34.875000,13,47
81,12288,0x5343454E455A593B,0xBBA5C2CE4004DE1C,229413ADFBCB03967AE6,0xB,0xA02F1ABD,0xA02F1ABD,1,8,8,98304,16086,82218,0.163635253906,0.164132936375,0.000497682469,77.000000,56,114
81,16384,0x5343454E455A593B,0xBBA5C2CE4004DE1C,229413ADFBCB03967AE6,0xB,0xA02F1ABD,0xA02F1ABD,1,8,8,131072,21456,109616,0.163696289062,0.164132936375,0.000436647313,121.125000,79,163
81,24576,0x5343454E455A593B,0xBBA5C2CE4004DE1C,229413ADFBCB03967AE6,0xB,0xA02F1ABD,0xA02F1ABD,1,8,8,196608,32256,164352,0.164062500000,0.164132936375,0.000070436375,185.750000,133,252
81,32768,0x5343454E455A593B,0xBBA5C2CE4004DE1C,229413ADFBCB03967AE6,0xB,0xA02F1ABD,0xA02F1ABD,1,8,8,262144,42878,219266,0.163566589355,0.164132936375,0.000566347020,268.500000,212,335
82,512,0x5343454E455A593B,0xEB8F59BD3867B52E,307D71E541B1D812F383,0x5,0x22244DA4,0x00000000,0,4,6,4096,649,3447,0.158447265625,0.164132936375,0.005685670750,3.666667,1,9
82,1024,0x5343454E455A593B,0xEB8F59BD3867B52E,307D71E541B1D812F383,0x5,0x22244DA4,0x00000000,0,4,7,8192,1309,6883,0.159790039062,0.164132936375,0.004342897313,3.428571,2,7
82,1536,0x5343454E455A593B,0xEB8F59BD3867B52E,307D71E541B1D812F383,0x5,0x22244DA4,0x3A2455A4,0,6,8,12288,1958,10330,0.159342447917,0.164132936375,0.004790488459,7.500000,1,13
82,2048,0x5343454E455A593B,0xEB8F59BD3867B52E,307D71E541B1D812F383,0x5,0x22244DA4,0x20224BA0,0,6,8,16384,2647,13737,0.161560058594,0.164132936375,0.002572877782,7.750000,1,15
82,3072,0x5343454E455A593B,0xEB8F59BD3867B52E,307D71E541B1D812F383,0x5,0x22244DA4,0x24224FA4,0,6,8,24576,3987,20589,0.162231445312,0.164132936375,0.001901491063,15.000000,3,23
82,4096,0x5343454E455A593B,0xEB8F59BD3867B52E,307D71E541B1D812F383,0x5,0x22244DA4,0x282647AC,0,6,8,32768,5336,27432,0.162841796875,0.164132936375,0.001291139500,17.375000,1,29
82,6144,0x5343454E455A593B,0xEB8F59BD3867B52E,307D71E541B1D812F383,0x5,0x22244DA4,0x22244DA4,1,8,8,49152,8050,41102,0.163777669271,0.164132936375,0.000355267105,24.000000,14,41
82,8192,0x5343454E455A593B,0xEB8F59BD3867B52E,307D71E541B1D812F383,0x5,0x22244DA4,0x22244DA4,1,8,8,65536,10798,54738,0.164764404297,0.164132936375,0.000631467922,44.500000,6,83
82,12288,0x5343454E455A593B,0xEB8F59BD3867B52E,307D71E541B1D812F383,0x5,0x22244DA4,0x22244DA4,1,8,8,98304,16052,82252,0.163289388021,0.164132936375,0.000843548355,78.875000,29,119
82,16384,0x5343454E455A593B,0xEB8F59BD3867B52E,307D71E541B1D812F383,0x5,0x22244DA4,0x22244DA4,1,8,8,131072,21529,109543,0.164253234863,0.164132936375,0.000120298488,114.625000,74,166
82,24576,0x5343454E455A593B,0xEB8F59BD3867B52E,307D71E541B1D812F383,0x5,0x22244DA4,0x22244DA4,1,8,8,196608,32232,164376,0.163940429688,0.164132936375,0.000192506688,187.500000,135,242
82,32768,0x5343454E455A593B,0xEB8F59BD3867B52E,307D71E541B1D812F383,0x5,0x22244DA4,0x22244DA4,1,8,8,262144,42837,219307,0.163410186768,0.164132936375,0.000722749608,259.875000,178,332
83,512,0x5343454E455A593B,0xE9D1AB28CB7E7D5F,E7F5108632517AFAFC11,0xE,0xC72734A8,0x00000000,0,2,5,4096,636,3460,0.155273437500,0.164132936375,0.008859498875,3.000000,1,7
83,1024,0x5343454E455A593B,0xE9D1AB28CB7E7D5F,E7F5108632517AFAFC11,0xE,0xC72734A8,0xEF0F0C38,0,4,8,8192,1345,6847,0.164184570312,0.164132936375,0.000051633937,3.125000,1,8
83,1536,0x5343454E455A593B,0xE9D1AB28CB7E7D5F,E7F5108632517AFAFC11,0xE,0xC72734A8,0x00000000,0,3,7,12288,1995,10293,0.162353515625,0.164132936375,0.001779420750,5.571429,1,9
83,2048,0x5343454E455A593B,0xE9D1AB28CB7E7D5F,E7F5108632517AFAFC11,0xE,0xC72734A8,0xF60714B8,0,5,8,16384,2658,13726,0.162231445312,0.164132936375,0.001901491063,7.500000,1,13
83,3072,0x5343454E455A593B,0xE9D1AB28CB7E7D5F,E7F5108632517AFAFC11,0xE,0xC72734A8,0xF7071438,0,5,8,24576,4014,20562,0.163330078125,0.164132936375,0.000802858250,6.375000,1,20
83,4096,0x5343454E455A593B,0xE9D1AB28CB7E7D5F,E7F5108632517AFAFC11,0xE,0xC72734A8,0xC72735A8,0,7,8,32768,5374,27394,0.164001464844,0.164132936375,0.000131471532,11.125000,2,21
83,6144,0x5343454E455A593B,0xE9D1AB28CB7E7D5F,E7F5108632517AFAFC11,0xE,0xC72734A8,0xC7071588,0,6,8,49152,8100,41052,0.164794921875,0.164132936375,0.000661985500,23.375000,3,45
83,8192,0x5343454E455A593B,0xE9D1AB28CB7E7D5F,E7F5108632517AFAFC11,0xE,0xC72734A8,0xC72734A8,1,8,8,65536,10777,54759,0.164443969727,0.164132936375,0.000311033351,37.875000,4,69
83,12288,0x5343454E455A593B,0xE9D1AB28CB7E7D5F,E7F5108632517AFAFC11,0xE,0xC72734A8,0xC72734A8,1,8,8,98304,16168,82136,0.164469401042,0.164132936375,0.000336464666,65.625000,22,105
83,16384,0x5343454E455A593B,0xE9D1AB28CB7E7D5F,E7F5108632517AFAFC11,0xE,0xC72734A8,0xC72734A8,1,8,8,131072,21529,109543,0.164253234863,0.164132936375,0.000120298488,112.375000,58,132
83,24576,0x5343454E455A593B,0xE9D1AB28CB7E7D5F,E7F5108632517AFAFC11,0xE,0xC72734A8,0xC72734A8,1,8,8,196608,32155,164453,0.163548787435,0.164132936375,0.000584148940,179.250000,93,221
83,32768,0x5343454E455A593B,0xE9D1AB28CB7E7D5F,E7F5108632517AFAFC11,0xE,0xC72734A8,0xC72734A8,1,8,8,262144,42799,219345,0.163265228271,0.164132936375,0.000867708104,247.500000,146,316
84,512,0x5343454E455A593B,0x537645FBEAAC5B37,8227DB4A1ED4429E008C,0x9,0x72CEFD4D,0xFA2381EA,0,0,8,4096,608,3488,0.148437500000,0.164132936375,0.015695436375,2.625000,1,5
84,1024,0x5343454E455A593B,0x537645FBEAAC5B37,8227DB4A1ED4429E008C,0x9,0x72CEFD4D,0xFA869029,0,2,8,8192,1330,6862,0.162353515625,0.164132936375,0.001779420750,3.000000,1,5
84,1536,0x5343454E455A593B,0x537645FBEAAC5B37,8227DB4A1ED4429E008C,0x9,0x72CEFD4D,0x9A86D069,0,2,8,12288,1990,10298,0.161946614583,0.164132936375,0.002186321792,3.875000,1,14
84,2048,0x5343454E455A593B,0x537645FBEAAC5B37,8227DB4A1ED4429E008C,0x9,0x72CEFD4D,0xBA86D56D,0,4,8,16384,2686,13698,0.163940429688,0.164132936375,0.000192506688,5.375000,1,13
84,3072,0x5343454E455A593B,0x537645FBEAAC5B37,8227DB4A1ED4429E008C,0x9,0x72CEFD4D,0x00000000,0,5,7,24576,4038,20538,0.164306640625,0.164132936375,0.000173704250,13.571429,1,34
84,4096,0x5343454E455A593B,0x537645FBEAAC5B37,8227DB4A1ED4429E008C,0x9,0x72CEFD4D,0x328EBD0D,0,7,8,32768,5332,27436,0.162719726562,0.164132936375,0.001413209813,15.250000,2,36
84,6144,0x5343454E455A593B,0x537645FBEAAC5B37,8227DB4A1ED4429E008C,0x9,0x72CEFD4D,0x72CEFD4D,1,8,8,49152,8065,41087,0.164082845052,0.164132936375,0.000050091323,27.125000,2,52
84,8192,0x5343454E455A593B,0x537645FBEAAC5B37,8227DB4A1ED4429E008C,0x9,0x72CEFD4D,0x72CEFD4D,1,8,8,65536,10770,54766,0.164337158203,0.164132936375,0.000204221828,46.500000,11,85
84,12288,0x5343454E455A593B,0x537645FBEAAC5B37,8227DB4A1ED4429E008C,0x9,0x72CEFD4D,0x72CEFD4D,1,8,8,98304,16165,82139,0.164438883464,0.164132936375,0.000305947088,85.750000,63,123
84,16384,0x5343454E455A593B,0x537645FBEAAC5B37,8227DB4A1ED4429E008C,0x9,0x72CEFD4D,0x72CEFD4D,1,8,8,131072,21623,109449,0.164970397949,0.164132936375,0.000837461574,126.000000,92,172
84,24576,0x5343454E455A593B,0x537645FBEAAC5B37,8227DB4A1ED4429E008C,0x9,0x72CEFD4D,0x72CEFD4D,1,8,8,196608,32435,164173,0.164972941081,0.164132936375,0.000840004705,198.625000,153,248
84,32768,0x5343454E455A593B,0x537645FBEAAC5B37,8227DB4A1ED4429E008C,0x9,0x72CEFD4D,0x72CEFD4D,1,8,8,262144,43384,218760,0.165496826172,0.164132936375,0.001363889797,294.250000,220,366
85,512,0x5343454E455A593B,0x108941F348FFCE69,DBA6541B9D70952C0E66,0xC,0x718887C1,0xF9848755,0,4,8,4096,636,3460,0.155273437500,0.164132936375,0.008859498875,2.625000,1,5
85,1024,0x5343454E455A593B,0x108941F348FFCE69,DBA6541B9D70952C0E66,0xC,0x718887C1,0xF184874D,0,5,8,8192,1293,6899,0.157836914062,0.164132936375,0.006296022313,6.000000,1,11
85,1536,0x5343454E455A593B,0x108941F348FFCE69,DBA6541B9D70952C0E66,0xC,0x718887C1,0x00000000,0,5,6,12288,1950,10338,0.158691406250,0.164132936375,0.005441530125,8.166667,3,15
85,2048,0x5343454E455A593B,0x108941F348FFCE69,DBA6541B9D70952C0E66,0xC,0x718887C1,0x00000000,0,5,7,16384,2596,13788,0.158447265625,0.164132936375,0.005685670750,11.428571,1,25
85,3072,0x5343454E455A593B,0x108941F348FFCE69,DBA6541B9D70952C0E66,0xC,0x718887C1,0x79880741,0,6,8,24576,3982,20594,0.162027994792,0.164132936375,0.002104941584,18.000000,4,38
85,4096,0x5343454E455A593B,0x108941F348FFCE69,DBA6541B9D70952C0E66,0xC,0x718887C1,0x00000000,0,6,7,32768,5309,27459,0.162017822266,0.164132936375,0.002115114110,29.285714,9,47
85,6144,0x5343454E455A593B,0x108941F348FFCE69,DBA6541B9D70952C0E66,0xC,0x718887C1,0x718883C5,0,7,8,49152,8016,41136,0.163085937500,0.164132936375,0.001046998875,34.375000,5,73
85,8192,0x5343454E455A593B,0x108941F348FFCE69,DBA6541B9D70952C0E66,0xC,0x718887C1,0x718887C1,1,8,8,65536,10792,54744,0.164672851562,0.164132936375,0.000539915187,54.625000,28,96
85,12288,0x5343454E455A593B,0x108941F348FFCE69,DBA6541B9D70952C0E66,0xC,0x718887C1,0x718887C1,1,8,8,98304,16204,82100,0.164835611979,0.164132936375,0.000702675604,83.500000,47,119
85,16384,0x5343454E455A593B,0x108941F348FFCE69,DBA6541B9D70952C0E66,0xC,0x718887C1,0x718887C1,1,8,8,131072,21519,109553,0.164176940918,0.164132936375,0.000044004543,128.375000,82,165
85,24576,0x5343454E455A593B,0x108941F348FFCE69,DBA6541B9D70952C0E66,0xC,0x718887C1,0x718887C1,1,8,8,196608,32097,164511,0.163253784180,0.164132936375,0.000879152196,197.125000,160,253
85,32768,0x5343454E455A593B,0x108941F348FFCE69,DBA6541B9D70952C0E66,0xC,0x718887C1,0x718887C1,1,8,8,262144,42853,219291,0.163471221924,0.164132936375,0.000661714452,285.625000,222,330
86,512,0x5343454E455A593B,0x2DA0A59EE11B7FE8,11CF145F886388B3F361,0x5,0x4F33B504,0x00000000,0,5,6,4096,645,3451,0.157470703125,0.164132936375,0.006662233250,4.000000,1,7
86,1024,0x5343454E455A593B,0x2DA0A59EE11B7FE8,11CF145F886388B3F361,0x5,0x4F33B504,0x4E20B506,0,5,8,8192,1307,6885,0.159545898438,0.164132936375,0.004587037938,5.250000,1,14
86,1536,0x5343454E455A593B,0x2DA0A59EE11B7FE8,11CF145F886388B3F361,0x5,0x4F33B504,0x4F21B504,0,6,8,12288,1972,10316,0.160481770833,0.164132936375,0.003651165542,6.750000,1,12
86,2048,0x5343454E455A593B,0x2DA0A59EE11B7FE8,11CF145F886388B3F361,0x5,0x4F33B504,0x4D21B704,0,6,8,16384,2611,13773,0.159362792969,0.164132936375,0.004770143407,13.875000,1,23
86,3072,0x5343454E455A593B,0x2DA0A59EE11B7FE8,11CF145F886388B3F361,0x5,0x4F33B504,0x4F33B504,1,8,8,24576,3948,20628,0.160644531250,0.164132936375,0.003488405125,16.875000,2,31
86,4096,0x5343454E455A593B,0x2DA0A59EE11B7FE8,11CF145F886388B3F361,0x5,0x4F33B504,0x4D31B704,0,7,8,32768,5325,27443,0.162506103516,0.164132936375,0.001626832860,24.125000,3,50
86,6144,0x5343454E455A593B,0x2DA0A59EE11B7FE8,11CF145F886388B3F361,0x5,0x4F33B504,0x4F33B104,0,7,8,49152,7988,41164,0.162516276042,0.164132936375,0.001616660334,34.250000,9,66
86,8192,0x5343454E455A593B,0x2DA0A59EE11B7FE8,11CF145F886388B3F361,0x5,0x4F33B504,0x4F33B504,1,8,8,65536,10682,54854,0.162994384766,0.164132936375,0.001138551610,44.000000,2,74
86,12288,0x5343454E455A593B,0x2DA0A59EE11B7FE8,11CF145F886388B3F361,0x5,0x4F33B504,0x4F33B504,1,8,8,98304,16060,82244,0.163370768229,0.164132936375,0.000762168146,76.125000,33,135
86,16384,0x5343454E455A593B,0x2DA0A59EE11B7FE8,11CF145F886388B3F361,0x5,0x4F33B504,0x4F33B504,1,8,8,131072,21521,109551,0.164192199707,0.164132936375,0.000059263332,117.875000,72,169
86,24576,0x5343454E455A593B,0x2DA0A59EE11B7FE8,11CF145F886388B3F361,0x5,0x4F33B504,0x4F33B504,1,8,8,196608,32260,164348,0.164082845052,0.164132936375,0.000050091323,196.250000,119,267
86,32768,0x5343454E455A593B,0x2DA0A59EE11B7FE8,11CF145F886388B3F361,0x5,0x4F33B504,0x4F33B504,1,8,8,262144,43058,219086,0.164253234863,0.164132936375,0.000120298488,292.875000,190,391
87,512,0x5343454E455A593B,0x459B5D1FAE4F3D9A,B7A33EB902A813CA78F3,0x9,0x050B1F8A,0xDF627F72,0,1,8,4096,639,3457,0.156005859375,0.164132936375,0.008127077000,2.625000,1,9
87,1024,0x5343454E455A593B,0x459B5D1FAE4F3D9A,B7A33EB902A813CA78F3,0x9,0x050B1F8A,0x4D33EE22,0,2,8,8192,1312,6880,0.160156250000,0.164132936375,0.003976686375,4.625000,1,8
87,1536,0x5343454E455A593B,0x459B5D1FAE4F3D9A,B7A33EB902A813CA78F3,0x9,0x050B1F8A,0xADB3CF62,0,3,8,12288,1989,10299,0.161865234375,0.164132936375,0.002267702000,6.250000,1,13
87,2048,0x5343454E455A593B,0x459B5D1FAE4F3D9A,B7A33EB902A813CA78F3,0x9,0x050B1F8A,0x00000000,0,4,7,16384,2610,13774,0.159301757812,0.164132936375,0.004831178563,7.571429,2,25
87,3072,0x5343454E455A593B,0x459B5D1FAE4F3D9A,B7A33EB902A813CA78F3,0x9,0x050B1F8A,0x2D037FE2,0,5,8,24576,3928,20648,0.159830729167,0.164132936375,0.004302207209,9.625000,1,21
87,4096,0x5343454E455A593B,0x459B5D1FAE4F3D9A,B7A33EB902A813CA78F3,0x9,0x050B1F8A,0x250B3FAA,0,7,8,32768,5289,27479,0.161407470703,0.164132936375,0.002725465672,18.250000,4,46
87,6144,0x5343454E455A593B,0x459B5D1FAE4F3D9A,B7A33EB902A813CA78F3,0x9,0x050B1F8A,0x050B1F8A,1,8,8,49152,8034,41118,0.163452148438,0.164132936375,0.000680787938,27.500000,11,40
87,8192,0x5343454E455A593B,0x459B5D1FAE4F3D9A,B7A33EB902A813CA78F3,0x9,0x050B1F8A,0x050B1F8A,1,8,8,65536,10749,54787,0.164016723633,0.164132936375,0.000116212743,41.875000,19,54
87,12288,0x5343454E455A593B,0x459B5D1FAE4F3D9A,B7A33EB902A813CA78F3,0x9,0x050B1F8A,0x050B1F8A,1,8,8,98304,16143,82161,0.164215087891,0.164132936375,0.000082151515,79.250000,42,102
87,16384,0x5343454E455A593B,0x459B5D1FAE4F3D9A,B7A33EB902A813CA78F3,0x9,0x050B1F8A,0x050B1F8A,1,8,8,131072,21422,109650,0.163436889648,0.164132936375,0.000696046727,116.875000,79,133
87,24576,0x5343454E455A593B,0x459B5D1FAE4F3D9A,B7A33EB902A813CA78F3,0x9,0x050B1F8A,0x050B1F8A,1,8,8,196608,31961,164647,0.162562052409,0.164132936375,0.001570883967,196.375000,167,214
87,32768,0x5343454E455A593B,0x459B5D1FAE4F3D9A,B7A33EB902A813CA78F3,0x9,0x050B1F8A,0x050B1F8A,1,8,8,262144,42724,219420,0.162979125977,0.164132936375,0.001153810399,282.000000,216,356
88,512,0x5343454E455A593B,0x0ED06D2424D7F1C4,87A79838DA711BCFC753,0x1,0xA23AFBBF,0x00000000,0,4,7,4096,648,3448,0.158203125000,0.164132936375,0.005929811375,3.428571,1,6
88,1024,0x5343454E455A593B,0x0ED06D2424D7F1C4,87A79838DA711BCFC753,0x1,0xA23AFBBF,0xA833F2F2,0,3,8,8192,1344,6848,0.164062500000,0.164132936375,0.000070436375,5.000000,1,13
88,1536,0x5343454E455A593B,0x0ED06D2424D7F1C4,87A79838DA711BCFC753,0x1,0xA23AFBBF,0xA832F3B5,0,6,8,12288,1984,10304,0.161458333333,0.164132936375,0.002674603042,7.250000,2,18
88,2048,0x5343454E455A593B,0x0ED06D2424D7F1C4,87A79838DA711BCFC753,0x1,0xA23AFBBF,0xA832F1B5,0,6,8,16384,2653,13731,0.161926269531,0.164132936375,0.002206666844,11.000000,1,31
88,3072,0x5343454E455A593B,0x0ED06D2424D7F1C4,87A79838DA711BCFC753,0x1,0xA23AFBBF,0xAA32F3B7,0,7,8,24576,3974,20602,0.161702473958,0.164132936375,0.002430462417,12.125000,2,40
88,4096,0x5343454E455A593B,0x0ED06D2424D7F1C4,87A79838DA711BCFC753,0x1,0xA23AFBBF,0xA23AFBBF,1,8,8,32768,5337,27431,0.162872314453,0.164132936375,0.001260621922,22.000000,4,48
88,6144,0x5343454E455A593B,0x0ED06D2424D7F1C4,87A79838DA711BCFC753,0x1,0xA23AFBBF,0xA23AFBBF,1,8,8,49152,8057,41095,0.163920084635,0.164132936375,0.000212851740,37.875000,18,77
88,8192,0x5343454E455A593B,0x0ED06D2424D7F1C4,87A79838DA711BCFC753,0x1,0xA23AFBBF,0xA23AFBBF,1,8,8,65536,10828,54708,0.165222167969,0.164132936375,0.001089231593,54.250000,25,91
88,12288,0x5343454E455A593B,0x0ED06D2424D7F1C4,87A79838DA711BCFC753,0x1,0xA23AFBBF,0xA23AFBBF,1,8,8,98304,16218,82086,0.164978027344,0.164132936375,0.000845090968,78.500000,60,122
88,16384,0x5343454E455A593B,0x0ED06D2424D7F1C4,87A79838DA711BCFC753,0x1,0xA23AFBBF,0xA23AFBBF,1,8,8,131072,21530,109542,0.164260864258,0.164132936375,0.000127927882,103.125000,43,170
88,24576,0x5343454E455A593B,0x0ED06D2424D7F1C4,87A79838DA711BCFC753,0x1,0xA23AFBBF,0xA23AFBBF,1,8,8,196608,32250,164358,0.164031982422,0.164132936375,0.000100953953,179.250000,122,238
88,32768,0x5343454E455A593B,0x0ED06D2424D7F1C4,87A79838DA711BCFC753,0x1,0xA23AFBBF,0xA23AFBBF,1,8,8,262144,42982,219162,0.163963317871,0.164132936375,0.000169618504,268.250000,207,327
89,512,0x5343454E455A593B,0x8CDB49F5D4081EA9,C26F8F749EB30EF45843,0x7,0xB76C4395,0x00000000,0,3,7,4096,663,3433,0.161865234375,0.164132936375,0.002267702000,2.571429,1,6
89,1024,0x5343454E455A593B,0x8CDB49F5D4081EA9,C26F8F749EB30EF45843,0x7,0xB76C4395,0x00000000,0,2,7,8192,1336,6856,0.163085937500,0.164132936375,0.001046998875,6.142857,1,17
89,1536,0x5343454E455A593B,0x8CDB49F5D4081EA9,C26F8F749EB30EF45843,0x7,0xB76C4395,0x00000000,0,5,7,12288,2013,10275,0.163818359375,0.164132936375,0.000314577000,7.714286,2,23
89,2048,0x5343454E455A593B,0x8CDB49F5D4081EA9,C26F8F749EB30EF45843,0x7,0xB76C4395,0xF72C4395,0,7,8,16384,2674,13710,0.163208007812,0.164132936375,0.000924928563,10.375000,1,30
89,3072,0x5343454E455A593B,0x8CDB49F5D4081EA9,C26F8F749EB30EF45843,0x7,0xB76C4395,0xB76C4395,1,8,8,24576,4024,20552,0.163736979167,0.164132936375,0.000395957209,14.125000,5,29
89,4096,0x5343454E455A593B,0x8CDB49F5D4081EA9,C26F8F749EB30EF45843,0x7,0xB76C4395,0xB76C43D5,0,7,8,32768,5416,27352,0.165283203125,0.164132936375,0.001150266750,25.125000,1,40
89,6144,0x5343454E455A593B,0x8CDB49F5D4081EA9,C26F8F749EB30EF45843,0x7,0xB76C4395,0xB76C4395,1,8,8,49152,8081,41071,0.164408365885,0.164132936375,0.000275429510,41.000000,22,60
89,8192,0x5343454E455A593B,0x8CDB49F5D4081EA9,C26F8F749EB30EF45843,0x7,0xB76C4395,0xB76C4395,1,8,8,65536,10813,54723,0.164993286133,0.164132936375,0.000860349757,55.750000,29,88
89,12288,0x5343454E455A593B,0x8CDB49F5D4081EA9,C26F8F749EB30EF45843,0x7,0xB76C4395,0xB76C4395,1,8,8,98304,16158,82146,0.164367675781,0.164132936375,0.000234739406,99.625000,57,154
89,16384,0x5343454E455A593B,0x8CDB49F5D4081EA9,C26F8F749EB30EF45843,0x7,0xB76C4395,0xB76C4395,1,8,8,131072,21420,109652,0.163421630859,0.164132936375,0.000711305516,135.750000,70,182
89,24576,0x5343454E455A593B,0x8CDB49F5D4081EA9,C26F8F749EB30EF45843,0x7,0xB76C4395,0xB76C4395,1,8,8,196608,32033,164575,0.162928263346,0.164132936375,0.001204673029,219.875000,145,286
89,32768,0x5343454E455A593B,0x8CDB49F5D4081EA9,C26F8F749EB30EF45843,0x7,0xB76C4395,0xB76C4395,1,8,8,262144,42780,219364,0.163192749023,0.164132936375,0.000940187352,292.625000,239,346
90,512,0x5343454E455B593C,0x324979413914B319,5E1AD713D566F230A11F,0xE,0xEC1A1F5F,0x00000000,0,1,7,4096,658,3438,0.160644531250,0.164132936375,0.003488405125,3.571429,1,5
90,1024,0x5343454E455B593C,0x324979413914B319,5E1AD713D566F230A11F,0xE,0xEC1A1F5F,0x00000000,0,4,6,8192,1335,6857,0.162963867188,0.164132936375,0.001169069188,6.666667,3,8
90,1536,0x5343454E455B593C,0x324979413914B319,5E1AD713D566F230A11F,0xE,0xEC1A1F5F,0x0CFA9EBF,0,4,8,12288,2011,10277,0.163655598958,0.164132936375,0.000477337417,5.000000,1,11
90,2048,0x5343454E455B593C,0x324979413914B319,5E1AD713D566F230A11F,0xE,0xEC1A1F5F,0x0C3A1F3F,0,5,8,16384,2714,13670,0.165649414062,0.164132936375,0.001516477687,11.000000,2,18
90,3072,0x5343454E455B593C,0x324979413914B319,5E1AD713D566F230A11F,0xE,0xEC1A1F5F,0x8C3A1F3F,0,6,8,24576,4061,20515,0.165242513021,0.164132936375,0.001109576645,17.000000,5,30
90,4096,0x5343454E455B593C,0x324979413914B319,5E1AD713D566F230A11F,0xE,0xEC1A1F5F,0xAC1A1F1F,0,7,8,32768,5416,27352,0.165283203125,0.164132936375,0.001150266750,22.875000,3,53
90,6144,0x5343454E455B593C,0x324979413914B319,5E1AD713D566F230A11F,0xE,0xEC1A1F5F,0xAC1A1F1F,0,7,8,49152,8046,41106,0.163696289062,0.164132936375,0.000436647313,34.000000,3,57
90,8192,0x5343454E455B593C,0x324979413914B319,5E1AD713D566F230A11F,0xE,0xEC1A1F5F,0xEC1A1F5F,1,8,8,65536,10773,54763,0.164382934570,0.164132936375,0.000249998195,48.875000,10,66
90,12288,0x5343454E455B593C,0x324979413914B319,5E1AD713D566F230A11F,0xE,0xEC1A1F5F,0xEC1A1F5F,1,8,8,98304,16216,82088,0.164957682292,0.164132936375,0.000824745916,84.500000,39,137
90,16384,0x5343454E455B593C,0x324979413914B319,5E1AD713D566F230A11F,0xE,0xEC1A1F5F,0xEC1A1F5F,1,8,8,131072,21555,109517,0.164451599121,0.164132936375,0.000318662746,121.750000,75,190
90,24576,0x5343454E455B593C,0x324979413914B319,5E1AD713D566F230A11F,0xE,0xEC1A1F5F,0xEC1A1F5F,1,8,8,196608,32282,164326,0.164194742839,0.164132936375,0.000061806463,200.250000,145,256
90,32768,0x5343454E455B593C,0x324979413914B319,5E1AD713D566F230A11F,0xE,0xEC1A1F5F,0xEC1A1F5F,1,8,8,262144,42996,219148,0.164016723633,0.164132936375,0.000116212743,274.500000,193,370
91,512,0x5343454E455B593C,0x869C2020605A8B1C,F6DA424A490472C2F467,0x2,0xCDF74181,0x4933C4E3,0,2,8,4096,661,3435,0.161376953125,0.164132936375,0.002755983250,3.125000,1,8
91,1024,0x5343454E455B593C,0x869C2020605A8B1C,F6DA424A490472C2F467,0x2,0xCDF74181,0x80B24482,0,3,8,8192,1344,6848,0.164062500000,0.164132936375,0.000070436375,3.125000,2,5
91,1536,0x5343454E455B593C,0x869C2020605A8B1C,F6DA424A490472C2F467,0x2,0xCDF74181,0x4777C281,0,4,8,12288,2006,10282,0.163248697917,0.164132936375,0.000884238459,6.625000,1,13
91,2048,0x5343454E455B593C,0x869C2020605A8B1C,F6DA424A490472C2F467,0x2,0xCDF74181,0x00000000,0,4,7,16384,2678,13706,0.163452148438,0.164132936375,0.000680787938,11.285714,2,22
91,3072,0x5343454E455B593C,0x869C2020605A8B1C,F6DA424A490472C2F467,0x2,0xCDF74181,0xCFF74381,0,7,8,24576,4033,20543,0.164103190104,0.164132936375,0.000029746271,18.250000,1,37
91,4096,0x5343454E455B593C,0x869C2020605A8B1C,F6DA424A490472C2F467,0x2,0xCDF74181,0xCFF74381,0,7,8,32768,5352,27416,0.163330078125,0.164132936375,0.000802858250,27.250000,9,54
91,6144,0x5343454E455B593C,0x869C2020605A8B1C,F6DA424A490472C2F467,0x2,0xCDF74181,0xCDF74181,1,8,8,49152,8020,41132,0.163167317708,0.164132936375,0.000965618667,36.000000,10,66
91,8192,0x5343454E455B593C,0x869C2020605A8B1C,F6DA424A490472C2F467,0x2,0xCDF74181,0xCDF74181,1,8,8,65536,10716,54820,0.163513183594,0.164132936375,0.000619752782,60.625000,31,101
91,12288,0x5343454E455B593C,0x869C2020605A8B1C,F6DA424A490472C2F467,0x2,0xCDF74181,0xCDF74181,1,8,8,98304,16136,82168,0.164143880208,0.164132936375,0.000010943833,93.000000,41,129
91,16384,0x5343454E455B593C,0x869C2020605A8B1C,F6DA424A490472C2F467,0x2,0xCDF74181,0xCDF74181,1,8,8,131072,21527,109545,0.164237976074,0.164132936375,0.000105039699,136.875000,87,193
91,24576,0x5343454E455B593C,0x869C2020605A8B1C,F6DA424A490472C2F467,0x2,0xCDF74181,0xCDF74181,1,8,8,196608,32348,164260,0.164530436198,0.164132936375,0.000397499823,204.375000,148,293
91,32768,0x5343454E455B593C,0x869C2020605A8B1C,F6DA424A490472C2F467,0x2,0xCDF74181,0xCDF74181,1,8,8,262144,43215,218929,0.164852142334,0.164132936375,0.000719205959,301.625000,259,381
92,512,0x5343454E455B593C,0xC6614E165DA61E3C,8AB917EC7EA6A9B574A7,0xB,0x61CAA027,0x00000000,0,1,6,4096,664,3432,0.162109375000,0.164132936375,0.002023561375,2.666667,1,5
92,1024,0x5343454E455B593C,0xC6614E165DA61E3C,8AB917EC7EA6A9B574A7,0xB,0x61CAA027,0xF192306F,0,4,8,8192,1329,6863,0.162231445312,0.164132936375,0.001901491063,2.625000,1,6
92,1536,0x5343454E455B593C,0xC6614E165DA61E3C,8AB917EC7EA6A9B574A7,0xB,0x61CAA027,0x70D3912F,0,4,8,12288,2014,10274,0.163899739583,0.164132936375,0.000233196792,4.750000,1,14
92,2048,0x5343454E455B593C,0xC6614E165DA61E3C,8AB917EC7EA6A9B574A7,0xB,0x61CAA027,0x00000000,0,4,7,16384,2718,13666,0.165893554688,0.164132936375,0.001760618312,5.428571,1,13
92,3072,0x5343454E455B593C,0xC6614E165DA61E3C,8AB917EC7EA6A9B574A7,0xB,0x61CAA027,0x69CAA027,0,7,8,24576,4129,20447,0.168009440104,0.164132936375,0.003876503729,15.250000,5,22
92,4096,0x5343454E455B593C,0xC6614E165DA61E3C,8AB917EC7EA6A9B574A7,0xB,0x61CAA027,0x69CAA027,0,7,8,32768,5474,27294,0.167053222656,0.164132936375,0.002920286281,21.875000,9,37
92,6144,0x5343454E455B593C,0xC6614E165DA61E3C,8AB917EC7EA6A9B574A7,0xB,0x61CAA027,0x69CAA027,0,7,8,49152,8107,41045,0.164937337240,0.164132936375,0.000804400864,37.875000,3,50
92,8192,0x5343454E455B593C,0xC6614E165DA61E3C,8AB917EC7EA6A9B574A7,0xB,0x61CAA027,0x61C2A027,0,7,8,65536,10741,54795,0.163894653320,0.164132936375,0.000238283055,61.750000,7,87
92,12288,0x5343454E455B593C,0xC6614E165DA61E3C,8AB917EC7EA6A9B574A7,0xB,0x61CAA027,0x61CAA027,1,8,8,98304,15997,82307,0.162729899089,0.164132936375,0.001403037287,83.500000,24,117
92,16384,0x5343454E455B593C,0xC6614E165DA61E3C,8AB917EC7EA6A9B574A7,0xB,0x61CAA027,0x61CAA027,1,8,8,131072,21453,109619,0.163673400879,0.164132936375,0.000459535496,114.375000,56,163
92,24576,0x5343454E455B593C,0xC6614E165DA61E3C,8AB917EC7EA6A9B574A7,0xB,0x61CAA027,0x61CAA027,1,8,8,196608,32006,164602,0.162790934245,0.164132936375,0.001342002131,196.125000,146,260
92,32768,0x5343454E455B593C,0xC6614E165DA61E3C,8AB917EC7EA6A9B574A7,0xB,0x61CAA027,0x61CAA027,1,8,8,262144,42671,219473,0.162776947021,0.164132936375,0.001355989354,276.875000,236,334
93,512,0x5343454E455B593C,0xD4DFA6EA709FE6CA,9A72CEFEA56D1827340E,0x1,0x391A0BE5,0x00000000,0,0,6,4096,641,3455,0.156494140625,0.164132936375,0.007638795750,3.166667,1,6
93,1024,0x5343454E455B593C,0xD4DFA6EA709FE6CA,9A72CEFEA56D1827340E,0x1,0x391A0BE5,0x00000000,0,3,7,8192,1366,6826,0.166748046875,0.164132936375,0.002615110500,2.142857,1,4
93,1536,0x5343454E455B593C,0xD4DFA6EA709FE6CA,9A72CEFEA56D1827340E,0x1,0x391A0BE5,0xFB360DC2,0,1,8,12288,2036,10252,0.165690104167,0.164132936375,0.001557167791,5.500000,1,12
93,2048,0x5343454E455B593C,0xD4DFA6EA709FE6CA,9A72CEFEA56D1827340E,0x1,0x391A0BE5,0xD9B209E7,0,3,8,16384,2727,13657,0.166442871094,0.164132936375,0.002309934718,3.625000,1,9
93,3072,0x5343454E455B593C,0xD4DFA6EA709FE6CA,9A72CEFEA56D1827340E,0x1,0x391A0BE5,0xF19A03ED,0,5,8,24576,4055,20521,0.164998372396,0.164132936375,0.000865436020,8.375000,2,18
93,4096,0x5343454E455B593C,0xD4DFA6EA709FE6CA,9A72CEFEA56D1827340E,0x1,0x391A0BE5,0x391A0BE5,1,8,8,32768,5390,27378,0.164489746094,0.164132936375,0.000356809718,18.125000,1,27
93,6144,0x5343454E455B593C,0xD4DFA6EA709FE6CA,9A72CEFEA56D1827340E,0x1,0x391A0BE5,0x391A0BE5,1,8,8,49152,8095,41057,0.164693196615,0.164132936375,0.000560260239,32.750000,6,49
93,8192,0x5343454E455B593C,0xD4DFA6EA709FE6CA,9A72CEFEA56D1827340E,0x1,0x391A0BE5,0x391A0BE5,1,8,8,65536,10813,54723,0.164993286133,0.164132936375,0.000860349757,60.250000,35,85
93,12288,0x5343454E455B593C,0xD4DFA6EA709FE6CA,9A72CEFEA56D1827340E,0x1,0x391A0BE5,0x391A0BE5,1,8,8,98304,16144,82160,0.164225260417,0.164132936375,0.000092324041,91.625000,47,140
93,16384,0x5343454E455B593C,0xD4DFA6EA709FE6CA,9A72CEFEA56D1827340E,0x1,0x391A0BE5,0x391A0BE5,1,8,8,131072,21496,109576,0.164001464844,0.164132936375,0.000131471532,141.000000,107,181
93,24576,0x5343454E455B593C,0xD4DFA6EA709FE6CA,9A72CEFEA56D1827340E,0x1,0x391A0BE5,0x391A0BE5,1,8,8,196608,32245,164363,0.164006551107,0.164132936375,0.000126385269,214.250000,144,290
93,32768,0x5343454E455B593C,0xD4DFA6EA709FE6CA,9A72CEFEA56D1827340E,0x1,0x391A0BE5,0x391A0BE5,1,8,8,262144,42973,219171,0.163928985596,0.164132936375,0.000203950780,279.250000,206,322
94,512,0x5343454E455B593C,0xDBFAD08814EEB81B,C5EE67C1C3BA05107F16,0x3,0xAD5C64C4,0x00000000,0,1,7,4096,677,3419,0.165283203125,0.164132936375,0.001150266750,1.857143,1,4
94,1024,0x5343454E455B593C,0xDBFAD08814EEB81B,C5EE67C1C3BA05107F16,0x3,0xAD5C64C4,0x00000000,0,3,7,8192,1333,6859,0.162719726562,0.164132936375,0.001413209813,6.285714,1,12
94,1536,0x5343454E455B593C,0xDBFAD08814EEB81B,C5EE67C1C3BA05107F16,0x3,0xAD5C64C4,0x00000000,0,5,7,12288,2035,10253,0.165608723958,0.164132936375,0.001475787583,9.428571,1,19
94,2048,0x5343454E455B593C,0xDBFAD08814EEB81B,C5EE67C1C3BA05107F16,0x3,0xAD5C64C4,0xE55C248C,0,6,8,16384,2670,13714,0.162963867188,0.164132936375,0.001169069188,9.000000,3,21
94,3072,0x5343454E455B593C,0xDBFAD08814EEB81B,C5EE67C1C3BA05107F16,0x3,0xAD5C64C4,0x00000000,0,7,7,24576,4032,20544,0.164062500000,0.164132936375,0.000070436375,13.857143,1,26
94,4096,0x5343454E455B593C,0xDBFAD08814EEB81B,C5EE67C1C3BA05107F16,0x3,0xAD5C64C4,0xAD5C64C4,1,8,8,32768,5392,27376,0.164550781250,0.164132936375,0.000417844875,16.250000,5,32
94,6144,0x5343454E455B593C,0xDBFAD08814EEB81B,C5EE67C1C3BA05107F16,0x3,0xAD5C64C4,0xAD5C64C4,1,8,8,49152,8128,41024,0.165364583333,0.164132936375,0.001231646958,37.750000,12,50
94,8192,0x5343454E455B593C,0xDBFAD08814EEB81B,C5EE67C1C3BA05107F16,0x3,0xAD5C64C4,0xAD5C64C4,1,8,8,65536,10864,54672,0.165771484375,0.164132936375,0.001638548000,50.125000,13,93
94,12288,0x5343454E455B593C,0xDBFAD08814EEB81B,C5EE67C1C3BA05107F16,0x3,0xAD5C64C4,0xAD5C64C4,1,8,8,98304,16234,82070,0.165140787760,0.164132936375,0.001007851385,87.125000,44,137
94,16384,0x5343454E455B593C,0xDBFAD08814EEB81B,C5EE67C1C3BA05107F16,0x3,0xAD5C64C4,0xAD5C64C4,1,8,8,131072,21643,109429,0.165122985840,0.164132936375,0.000990049464,125.375000,75,170
94,24576,0x5343454E455B593C,0xDBFAD08814EEB81B,C5EE67C1C3BA05107F16,0x3,0xAD5C64C4,0xAD5C64C4,1,8,8,196608,32343,164265,0.164505004883,0.164132936375,0.000372068507,218.125000,194,262
94,32768,0x5343454E455B593C,0xDBFAD08814EEB81B,C5EE67C1C3BA05107F16,0x3,0xAD5C64C4,0xAD5C64C4,1,8,8,262144,43099,219045,0.164409637451,0.164132936375,0.000276701076,289.375000,261,333
95,512,0x5343454E455B593C,0x29FB0072002889C9,ED1CA3087D0EA9CFB26C,0xF,0x29D7EB1B,0x00000000,0,2,6,4096,683,3413,0.166748046875,0.164132936375,0.002615110500,5.166667,1,8
95,1024,0x5343454E455B593C,0x29FB0072002889C9,ED1CA3087D0EA9CFB26C,0xF,0x29D7EB1B,0x00000000,0,2,7,8192,1353,6839,0.165161132812,0.164132936375,0.001028196437,7.857143,3,14
95,1536,0x5343454E455B593C,0x29FB0072002889C9,ED1CA3087D0EA9CFB26C,0xF,0x29D7EB1B,0x2996338B,0,3,8,12288,2018,10270,0.164225260417,0.164132936375,0.000092324041,7.125000,1,19
95,2048,0x5343454E455B593C,0x29FB0072002889C9,ED1CA3087D0EA9CFB26C,0xF,0x29D7EB1B,0x29D67B8B,0,5,8,16384,2668,13716,0.162841796875,0.164132936375,0.001291139500,11.375000,5,17
95,3072,0x5343454E455B593C,0x29FB0072002889C9,ED1CA3087D0EA9CFB26C,0xF,0x29D7EB1B,0x39D7FB0B,0,7,8,24576,4039,20537,0.164347330729,0.164132936375,0.000214394354,17.625000,1,41
95,4096,0x5343454E455B593C,0x29FB0072002889C9,ED1CA3087D0EA9CFB26C,0xF,0x29D7EB1B,0x39D7FB0B,0,7,8,32768,5419,27349,0.165374755859,0.164132936375,0.001241819484,27.750000,2,45
95,6144,0x5343454E455B593C,0x29FB0072002889C9,ED1CA3087D0EA9CFB26C,0xF,0x29D7EB1B,0x29D7EB1B,1,8,8,49152,8142,41010,0.165649414062,0.164132936375,0.001516477687,43.750000,12,90
95,8192,0x5343454E455B593C,0x29FB0072002889C9,ED1CA3087D0EA9CFB26C,0xF,0x29D7EB1B,0x29D7EB1B,1,8,8,65536,10808,54728,0.164916992188,0.164132936375,0.000784055812,71.875000,34,112
95,12288,0x5343454E455B593C,0x29FB0072002889C9,ED1CA3087D0EA9CFB26C,0xF,0x29D7EB1B,0x29D7EB1B,1,8,8,98304,16170,82134,0.164489746094,0.164132936375,0.000356809718,111.125000,45,162
95,16384,0x5343454E455B593C,0x29FB0072002889C9,ED1CA3087D0EA9CFB26C,0xF,0x29D7EB1B,0x29D7EB1B,1,8,8,131072,21654,109418,0.165206909180,0.164132936375,0.001073972804,155.500000,64,200
95,24576,0x5343454E455B593C,0x29FB0072002889C9,ED1CA3087D0EA9CFB26C,0xF,0x29D7EB1B,0x29D7EB1B,1,8,8,196608,32579,164029,0.165705362956,0.164132936375,0.001572426580,246.750000,137,339
95,32768,0x5343454E455B593C,0x29FB0072002889C9,ED1CA3087D0EA9CFB26C,0xF,0x29D7EB1B,0x29D7EB1B,1,8,8,262144,43314,218830,0.165229797363,0.164132936375,0.001096860988,319.875000,224,403
96,512,0x5343454E455B593C,0x9DE4764C6EFD0450,112C49D030DD631F165C,0xB,0x6E59D204,0x00000000,0,2,7,4096,653,3443,0.159423828125,0.164132936375,0.004709108250,2.000000,1,4
96,1024,0x5343454E455B593C,0x9DE4764C6EFD0450,112C49D030DD631F165C,0xB,0x6E59D204,0x00000000,0,3,6,8192,1321,6871,0.161254882812,0.164132936375,0.002878053563,4.166667,1,8
96,1536,0x5343454E455B593C,0x9DE4764C6EFD0450,112C49D030DD631F165C,0xB,0x6E59D204,0x00000000,0,3,5,12288,2014,10274,0.163899739583,0.164132936375,0.000233196792,7.800000,2,18
96,2048,0x5343454E455B593C,0x9DE4764C6EFD0450,112C49D030DD631F165C,0xB,0x6E59D204,0xED539885,0,3,8,16384,2687,13697,0.164001464844,0.164132936375,0.000131471532,8.750000,2,19
96,3072,0x5343454E455B593C,0x9DE4764C6EFD0450,112C49D030DD631F165C,0xB,0x6E59D204,0x00000000,0,6,7,24576,4025,20551,0.163777669271,0.164132936375,0.000355267105,14.285714,3,26
96,4096,0x5343454E455B593C,0x9DE4764C6EFD0450,112C49D030DD631F165C,0xB,0x6E59D204,0x6E59D205,0,7,8,32768,5347,27421,0.163177490234,0.164132936375,0.000955446141,20.500000,11,38
96,6144,0x5343454E455B593C,0x9DE4764C6EFD0450,112C49D030DD631F165C,0xB,0x6E59D204,0x00000000,0,7,7,49152,8044,41108,0.163655598958,0.164132936375,0.000477337417,38.714286,10,62
96,8192,0x5343454E455B593C,0x9DE4764C6EFD0450,112C49D030DD631F165C,0xB,0x6E59D204,0x6E59D204,1,8,8,65536,10747,54789,0.163986206055,0.164132936375,0.000146730321,45.375000,7,85
96,12288,0x5343454E455B593C,0x9DE4764C6EFD0450,112C49D030DD631F165C,0xB,0x6E59D204,0x6E59D204,1,8,8,98304,16209,82095,0.164886474609,0.164132936375,0.000753538234,86.875000,46,131
96,16384,0x5343454E455B593C,0x9DE4764C6EFD0450,112C49D030DD631F165C,0xB,0x6E59D204,0x6E59D204,1,8,8,131072,21688,109384,0.165466308594,0.164132936375,0.001333372218,126.625000,66,169
96,24576,0x5343454E455B593C,0x9DE4764C6EFD0450,112C49D030DD631F165C,0xB,0x6E59D204,0x6E59D204,1,8,8,196608,32490,164118,0.165252685547,0.164132936375,0.001119749172,209.875000,170,266
96,32768,0x5343454E455B593C,0x9DE4764C6EFD0450,112C49D030DD631F165C,0xB,0x6E59D204,0x6E59D204,1,8,8,262144,43376,218768,0.165466308594,0.164132936375,0.001333372218,290.250000,235,336
97,512,0x5343454E455B593C,0x7A6613735F638510,2D8D98651860B4FBDA3E,0x5,0x0D57A562,0x00000000,0,0,6,4096,678,3418,0.165527343750,0.164132936375,0.001394407375,2.000000,1,5
97,1024,0x5343454E455B593C,0x7A6613735F638510,2D8D98651860B4FBDA3E,0x5,0x0D57A562,0x00000000,0,2,5,8192,1365,6827,0.166625976562,0.164132936375,0.002493040187,3.800000,1,8
97,1536,0x5343454E455B593C,0x7A6613735F638510,2D8D98651860B4FBDA3E,0x5,0x0D57A562,0x00000000,0,3,5,12288,2031,10257,0.165283203125,0.164132936375,0.001150266750,5.000000,1,9
97,2048,0x5343454E455B593C,0x7A6613735F638510,2D8D98651860B4FBDA3E,0x5,0x0D57A562,0x4B1527EE,0,3,8,16384,2690,13694,0.164184570312,0.164132936375,0.000051633937,9.500000,2,24
97,3072,0x5343454E455B593C,0x7A6613735F638510,2D8D98651860B4FBDA3E,0x5,0x0D57A562,0x0553A16A,0,6,8,24576,4047,20529,0.164672851562,0.164132936375,0.000539915187,8.375000,1,20
97,4096,0x5343454E455B593C,0x7A6613735F638510,2D8D98651860B4FBDA3E,0x5,0x0D57A562,0x0557A56A,0,7,8,32768,5444,27324,0.166137695312,0.164132936375,0.002004758937,18.500000,5,38
97,6144,0x5343454E455B593C,0x7A6613735F638510,2D8D98651860B4FBDA3E,0x5,0x0D57A562,0x055FA56A,0,7,8,49152,8121,41031,0.165222167969,0.164132936375,0.001089231593,31.250000,10,57
97,8192,0x5343454E455B593C,0x7A6613735F638510,2D8D98651860B4FBDA3E,0x5,0x0D57A562,0x0D57A562,1,8,8,65536,10869,54667,0.165847778320,0.164132936375,0.001714841945,48.625000,4,81
97,12288,0x5343454E455B593C,0x7A6613735F638510,2D8D98651860B4FBDA3E,0x5,0x0D57A562,0x0D57A562,1,8,8,98304,16249,82055,0.165293375651,0.164132936375,0.001160439276,93.750000,35,144
97,16384,0x5343454E455B593C,0x7A6613735F638510,2D8D98651860B4FBDA3E,0x5,0x0D57A562,0x0D57A562,1,8,8,131072,21633,109439,0.165046691895,0.164132936375,0.000913755519,140.375000,87,196
97,24576,0x5343454E455B593C,0x7A6613735F638510,2D8D98651860B4FBDA3E,0x5,0x0D57A562,0x0D57A562,1,8,8,196608,32418,164190,0.164886474609,0.164132936375,0.000753538234,217.500000,175,266
97,32768,0x5343454E455B593C,0x7A6613735F638510,2D8D98651860B4FBDA3E,0x5,0x0D57A562,0x0D57A562,1,8,8,262144,43075,219069,0.164318084717,0.164132936375,0.000185148341,286.000000,230,357
98,512,0x5343454E455B593C,0xE05B64DCEBB1AA94,426EE02E6BFEF7A0BA37,0x9,0x5972DCD9,0x4977DBC9,0,4,8,4096,666,3430,0.162597656250,0.164132936375,0.001535280125,4.250000,2,7
98,1024,0x5343454E455B593C,0xE05B64DCEBB1AA94,426EE02E6BFEF7A0BA37,0x9,0x5972DCD9,0x4972DCC9,0,7,8,8192,1299,6893,0.158569335938,0.164132936375,0.005563600438,5.250000,1,9
98,1536,0x5343454E455B593C,0xE05B64DCEBB1AA94,426EE02E6BFEF7A0BA37,0x9,0x5972DCD9,0x5873DCD9,0,7,8,12288,1953,10335,0.158935546875,0.164132936375,0.005197389500,10.875000,1,20
98,2048,0x5343454E455B593C,0xE05B64DCEBB1AA94,426EE02E6BFEF7A0BA37,0x9,0x5972DCD9,0x5873DCD9,0,7,8,16384,2629,13755,0.160461425781,0.164132936375,0.003671510594,12.250000,3,20
98,3072,0x5343454E455B593C,0xE05B64DCEBB1AA94,426EE02E6BFEF7A0BA37,0x9,0x5972DCD9,0x5873DCD9,0,7,8,24576,4015,20561,0.163370768229,0.164132936375,0.000762168146,21.000000,9,31
98,4096,0x5343454E455B593C,0xE05B64DCEBB1AA94,426EE02E6BFEF7A0BA37,0x9,0x5972DCD9,0x5873DCD9,0,7,8,32768,5370,27398,0.163879394531,0.164132936375,0.000253541844,23.500000,5,41
98,6144,0x5343454E455B593C,0xE05B64DCEBB1AA94,426EE02E6BFEF7A0BA37,0x9,0x5972DCD9,0x5972DCD9,1,8,8,49152,8089,41063,0.164571126302,0.164132936375,0.000438189927,43.875000,19,68
98,8192,0x5343454E455B593C,0xE05B64DCEBB1AA94,426EE02E6BFEF7A0BA37,0x9,0x5972DCD9,0x5972DCD9,1,8,8,65536,10840,54696,0.165405273438,0.164132936375,0.001272337062,52.750000,35,74
98,12288,0x5343454E455B593C,0xE05B64DCEBB1AA94,426EE02E6BFEF7A0BA37,0x9,0x5972DCD9,0x5972DCD9,1,8,8,98304,16176,82128,0.164550781250,0.164132936375,0.000417844875,82.000000,23,111
98,16384,0x5343454E455B593C,0xE05B64DCEBB1AA94,426EE02E6BFEF7A0BA37,0x9,0x5972DCD9,0x5972DCD9,1,8,8,131072,21580,109492,0.164642333984,0.164132936375,0.000509397609,121.750000,55,191
98,24576,0x5343454E455B593C,0xE05B64DCEBB1AA94,426EE02E6BFEF7A0BA37,0x9,0x5972DCD9,0x5972DCD9,1,8,8,196608,32363,164245,0.164606730143,0.164132936375,0.000473793768,193.500000,133,275
98,32768,0x5343454E455B593C,0xE05B64DCEBB1AA94,426EE02E6BFEF7A0BA37,0x9,0x5972DCD9,0x5972DCD9,1,8,8,262144,43241,218903,0.164951324463,0.164132936375,0.000818388088,301.125000,253,364
99,512,0x5343454E455B593C,0x84357702EC09CF6C,38CA0E010B1E8DF13931,0x9,0xBA6BB669,0x00000000,0,0,6,4096,661,3435,0.161376953125,0.164132936375,0.002755983250,3.000000,1,6
99,1024,0x5343454E455B593C,0x84357702EC09CF6C,38CA0E010B1E8DF13931,0x9,0xBA6BB669,0xAB837611,0,2,8,8192,1362,6830,0.166259765625,0.164132936375,0.002126829250,5.000000,1,8
99,1536,0x5343454E455B593C,0x84357702EC09CF6C,38CA0E010B1E8DF13931,0x9,0xBA6BB669,0x00000000,0,3,7,12288,2018,10270,0.164225260417,0.164132936375,0.000092324041,6.000000,1,9
99,2048,0x5343454E455B593C,0x84357702EC09CF6C,38CA0E010B1E8DF13931,0x9,0xBA6BB669,0xEA4BF619,0,5,8,16384,2716,13668,0.165771484375,0.164132936375,0.001638548000,6.875000,2,13
99,3072,0x5343454E455B593C,0x84357702EC09CF6C,38CA0E010B1E8DF13931,0x9,0xBA6BB669,0xAA6BB679,0,7,8,24576,4037,20539,0.164265950521,0.164132936375,0.000133014145,9.625000,2,20
99,4096,0x5343454E455B593C,0x84357702EC09CF6C,38CA0E010B1E8DF13931,0x9,0xBA6BB669,0xBA6BB669,1,8,8,32768,5418,27350,0.165344238281,0.164132936375,0.001211301906,13.625000,1,27
99,6144,0x5343454E455B593C,0x84357702EC09CF6C,38CA0E010B1E8DF13931,0x9,0xBA6BB669,0xBA6BB669,1,8,8,49152,8089,41063,0.164571126302,0.164132936375,0.000438189927,36.000000,17,58
99,8192,0x5343454E455B593C,0x84357702EC09CF6C,38CA0E010B1E8DF13931,0x9,0xBA6BB669,0xBA6BB669,1,8,8,65536,10852,54684,0.165588378906,0.164132936375,0.001455442531,55.125000,35,84
99,12288,0x5343454E455B593C,0x84357702EC09CF6C,38CA0E010B1E8DF13931,0x9,0xBA6BB669,0xBA6BB669,1,8,8,98304,16174,82130,0.164530436198,0.164132936375,0.000397499823,98.750000,88,111
99,16384,0x5343454E455B593C,0x84357702EC09CF6C,38CA0E010B1E8DF13931,0x9,0xBA6BB669,0xBA6BB669,1,8,8,131072,21599,109473,0.164787292480,0.164132936375,0.000654356105,137.500000,111,161
99,24576,0x5343454E455B593C,0x84357702EC09CF6C,38CA0E010B1E8DF13931,0x9,0xBA6BB669,0xBA6BB669,1,8,8,196608,32225,164383,0.163904825846,0.164132936375,0.000228110529,195.000000,150,240
99,32768,0x5343454E455B593C,0x84357702EC09CF6C,38CA0E010B1E8DF13931,0x9,0xBA6BB669,0xBA6BB669,1,8,8,262144,43122,219022,0.164497375488,0.164132936375,0.000364439113,283.875000,241,336
