sample_index,ciphertext
1,998D3AEFBAE1E698
2,DD50BB9357EA4496
3,BB4748FE86B72F10
4,BCB084353CBCF3D8
5,B322F9442BB492C1
6,66F0D06439CB296A
7,3C54945A174759F1
8,2203C82D82145F75
9,08B461CD1B4549E9
10,3E158A078E4BFFFD
11,9B2F54BDF9D74617
12,016C4AA7AF34208A
13,CCC27259F3168292
14,5FA2BC0DA0B0A79A
15,250730851A45EF6B
16,D5BCD6B5982F2982
17,F313AFEB4974D770
18,C3757D6D4AE22CC0
19,6F670419D1407DB8
20,0434C2D3F9BB6E6D
21,72C175D06AE746D8
22,64F6C9F1106817FB
23,3DBDE69BFFC5AF86
24,9F146E690FF992D0
25,BDD3C5CEC6892EFE
26,A8CA51B4F199604D
27,479EF6B76E17E7DC
28,4604559FF76E7BCD
29,FF7E1BB90289AD4B
30,7670BFEBB349B8F6
31,179094E79C0E829E
32,CBDB8013B2E0A56C
33,A0AEB7CE907A2078
34,46D027CF981F7848
35,7C79A314FC13E00D
36,47E8E858909CB8A1
37,E610C6F45B95A97D
38,C3A761EFBB209AD4
39,CCB5ABBD92F17BA1
40,EBF023C06953478F
41,01A7A009580C8DAC
42,4601874AE34EB1E9
43,A501685A1A7A11B4
44,DE123CCF50DA0104
45,D0B999139DF75F56
46,2682289CC6506F80
47,6BA3C4BC7A12369D
48,A7EA29D2D628364F
49,720645013F3BEA67
50,0298F83981664CC9
51,E0B27A344C15F42E
52,85AFD01F4D1FF57F
53,D10B12889B2B0E09
54,AA6F590A86360284
55,145C5DE89D5E5AEC
56,9612B0EC215A9ECE
57,83CE9714E4BD5190
58,B4E8E7E1D69D440A
59,B37F237A8BC9C846
60,382D534FEC3FFF8C
61,F28BB179A5387B5E
62,54FE0F962945E3E1
63,2661F5E35340776D
64,97D948A4FA32BEA7
65,D6919622707F7075
66,7CDDAB691602694A
67,F0B4E052442F3876
68,39D2A0DC2C4C3EEB
69,CE19DE8725EA5544
70,1E39AF574AC72CF3
71,2FEA2B15910E6F11
72,09AB96332DC48D11
73,CF454F213014A2AA
74,891A2B5CAC2A8C5F
75,8765F04E7A6FFC7D
76,F839E71FC75C70F3
77,D338B61FFDB8F7BE
78,5B440D5BF33BA090
79,F257981A4AD27A2B
80,059A9096F479BE78
81,0B8D419CB2FD6917
82,18F152A2EE8C79C7
83,17A90FB9FC16D16E
84,5759F79C530595D7
85,711FD8532EB767AB
86,AE58F42FF17A27EB
87,B2C156160A64F182
88,30FF623278E9012A
89,4C357833DB4F21F2
90,32C27C85A531D98F
91,A890BC92F58BEE3C
92,2A65D5C521D4BBF5
93,A5DA30FE78259EA3
94,86757229049EFA8C
95,F40E6483D85D9DF2
96,66DED97CA62347D1
97,3D2D6BF385624614
98,F84A51E50B338F35
99,A9D912861285F9DE
100,4244AC4FBA96BEFE
101,17967C2E4F802738
102,4696149D68DB6DAC
103,5FCDF44CE860327E
104,C947C3B294E3A8D7
105,D7BF727AF743FB77
106,24D2FFD8F60E1329
107,F42C36CF3AFA033A
108,D5ACCDA210696438
109,333759622EEC399E
110,98342A53C8E99FE2
111,1CA3051DA4744FD0
112,27213F6CF0D66283
113,48C3846E5FC4AB16
114,969505B9DB9EF757
115,36483E780B8A1291
116,FF3E27841F7696A2
117,591EA72FB476390F
118,79B98A9343262DAD
119,244EB0437B9815AA
120,47F64CEEEB6A2EBB
121,5C71A139FC3E56D4
122,92AB5784BB05D3B4
123,8A511BEF3E30B906
124,AC173F56745E0FE2
125,A4C3BD76680BF79B
126,071C10786A0FE529
127,92CDCDF35207E9E5
128,C4E21CA2027EEF09
129,91F4BAC0477D4A87
130,1E0514B617E1068C
131,5896632A811A13C4
132,B8938A30D17EE8BB
133,C99D93F65FBB48B7
134,5EACFBDEAAF315C9
135,1B29AB5420FFA66C
136,04C245C8CCD55460
137,8546765E84AC95E6
138,676059BED2810D81
139,96DDEFE6E81B628C
140,1D6643D72C290C6B
141,2968AA7C8F5929BF
142,E00CF4131A1CB285
143,44F2706EF30C642E
144,B0C2DE6517C215CD
145,91C12FEC204D8776
146,B7E053E939C5609D
147,908E91A0C2CBA8B2
148,6FEECCAA1EE66A2B
149,1863C94F92095970
150,A4C84D120D0E9A82
151,8A4A97B6EBA9A7D5
152,4D02187F3496CFC1
153,A26AB9A832410A2B
154,B665230AA13329D1
155,9DB453C635F202E4
156,430C5EC7DCC72A6C
157,843838C27DC0FEE9
158,1B62D0D085BEA0C0
159,B5E7849CC69040F8
160,5FA7E00B4CC1735A
161,FB461D013DA2634A
162,870C8833CBB2869C
163,A529FF705C77C8BB
164,20CF2FADC863248C
165,9A27F146DEB62A94
166,57379A5A548E8E75
167,09B9954D8589A41A
168,D86FFC14D23B4F77
169,A2AA8627858DEEE5
170,F7A50878942D99B7
171,D9CF380422FBF1AF
172,A10CDC2B562E18F5
173,7E5238B7BC9499C1
174,FA6FD03B50A37B8D
175,0BAF383955903DDB
176,DD048D5FFE0C0967
177,A44C4BE66EF15E68
178,A4CF77E4C449899F
179,6DA17F1B60536E3C
180,6961CBFAB518AFB6
181,909E3CAA81B9E829
182,92193E34D4E3E51B
183,39996C306652B2BB
184,CFC515459DB13E46
185,FD476057F2E4B567
186,A71BB3EABBB7B6A8
187,3524BC0E5A318D03
188,79CD2E42C1177A92
189,86C65587D8A14F6C
190,B036D467DF6FA083
191,FEE6E6008176291E
192,4B0006525323BA87
193,19DA43212049756B
194,943F65A3CD7E9D6E
195,0EC4EBDA96584B22
196,B63C2D2B7FE3FEF9
197,4A0C684C9349C791
198,1910292C4F0473A0
199,06BF8A5235684574
200,1B6DAA6B6A5AD466
201,AA4FDC4CAA9CD03D
202,382958729F157A94
203,03BA4461D59DD8B2
204,CF27C0B5EB83220F
205,692C6A878EE8312C
206,89BB81C61C5D1EEC
207,73DEA8D753E1C084
208,A5CAE8394E48E94C
209,F7B07E6F1D53B37A
210,00402B43A30CE14A
211,E82AC4358B77B410
212,951D923914DA9BD5
213,9B6684EA6C9D39C5
214,2DEF550AC8E87D5C
215,3C934FDE8764C6B1
216,72271ADFE866CCD8
217,18D84AAF87EDE2A8
218,4E36757DFD8EED2A
219,745AD6BA2F386E1D
220,A31150ECCB62B5D3
221,536B3949A6E4638C
222,40278C7BFA6A57E8
223,B5808EC8D6D4E079
224,5CA1D5DE03333DF0
225,7BB095A84C099520
226,4D3FAC43D5BD8B62
227,948F137D8DE6C66F
228,3AFE42F203FCA08C
229,8ABC0B4A935E11F1
230,5DD83280252A9195
231,75730E10DD2081CA
232,051D2CD6D313EDD0
233,AA0497E3A6CE5F70
234,4213C85267D169B2
235,955C0CA3FB7BB635
236,99136AC1295B481A
237,FBF8A54EA8C5F861
238,6122E5014DB2BADA
239,C7BCE7C2EF381132
240,A027ACCD0D11FFF6
241,D5193E4A2A0D34A0
242,A90D647520ED1354
243,4C722192F090EDEF
244,68EA04CFEC516D56
245,A1F45B148CD80C94
246,7AA423E4FE2EAD55
247,966EAA220237C5B6
248,6196F9D1AC90A5B9
249,0459BC55B5631FEC
250,CDD31FBC1DD89A5B
251,1F87B22CF141613A
252,33844BB7ED7A35D0
253,DAD3545F45A6E87B
254,294374AF07DFB0BC
255,74C748249DAD07CA
256,015716D89AD68EFF
257,A84D8B3D1BD8DA1E
258,A5BE31108598E602
259,A976A91EBE8E43BC
260,5FCADBD7232A1624
261,E4338F8493056611
262,D536E17B8A13749D
263,D75A16493025E1B9
264,A552ACC028D1AA5D
265,BDAB122E228CB3D4
266,AAB3B0148863D6FA
267,A068976B9D27227E
268,BD72AA6A72E75E7E
269,3DCB91C663A2DE1E
270,DE92FF1F2CE8ABB3
271,C4F82568DD699FE5
272,6B58BF21350D42F4
273,9D438A35CD259C6B
274,9FFCE41EE013E3C5
275,76546865CD5D7405
276,309110063A533054
277,75D5B0E913CF26DA
278,1763E7DD7E86B18C
279,C4399F578142461C
280,2D506014A0C024AB
281,3C65B8EA74EE3F15
282,A1F655B3912F0DB7
283,CD360D92E2EF3731
284,258A923680DC3D9D
285,0AEBF5FB0D668FDA
286,58669ED3304D650E
287,12E47FEDC43D50B0
288,34E40605583F02FB
289,40006DF0F1F8A70D
290,82C2DC9CF15CA9B3
291,EA51594DC3DF8579
292,818D8452B2979468
293,1E16FB8B66D54D18
294,170C811B7901E36D
295,A320775CE60234AC
296,F8D34A1D56C55AB5
297,37D5A70FAFC1E1FC
298,A0189637660F0623
299,24CD5F77E00E78A6
300,D078B2686A4939B3
301,2753F15B13DF98CD
302,B1B6547C01C6894E
303,6E2476B5A5F66C48
304,2F961C1DB1544717
305,8E4BD425A54A14B7
306,D0895988EAC31BE6
307,31BBED7F2FD17E5C
308,2A3440E654E019D4
309,BFEA5B3055607877
310,5CD2A01BECBDCB35
311,6CBB0D13FC073543
312,A47A610015DD5C58
313,A86AC127720B7080
314,10979A2EF8785FB9
315,8374B797A6656730
316,DCEA98DC0AE50204
317,1B173A2150AAD926
318,22ACF183692690C1
319,AA41D300CC682B45
320,8F56A7D22DD043BA
321,0DF0505271F7687B
322,037E097FDC2B9752
323,6BF291CEF5499842
324,050219ABEA0F701A
325,E45839604559F10B
326,C4237F68408298C9
327,C73FE75B45AC4C2E
328,5002F16AA8F4E4B3
329,983CD49B0C7C9A44
330,FE4F06263C50CF2D
331,33FFFDB69F195E75
332,9D9911AAEB225AC0
333,42C33C11D8E60E9B
334,A91F726588706912
335,B1DF9B9E48B7B7D1
336,EBC67E9AFFB078DE
337,E8A3F9BBDCF4970E
338,3102EBAC2FD7E6D6
339,CF927A5B8C7D859B
340,3D6ACA028F18E68F
341,C4207E5771429762
342,074FCBEB55789A6D
343,DF956902EAFAF16F
344,632FB45BDC5BFB21
345,3F9DE542B3A7B28D
346,59F4D6C716A25017
347,150BCF246C1E798F
348,15322769DC396095
349,89D7C5A5872A7913
350,3F1BBDC4E2AB72BF
351,24F66175D310209E
352,2DE9617EDD83F814
353,41100890DCC7D067
354,CA433FE7814F7E9A
355,341AA9054EECB8B7
356,E05287F4431D986F
357,4ABB5F81CD81D8EF
358,33CE336DF1A220DA
359,092935906C72C513
360,1846AF876937C819
361,C447D8A29AF91991
362,AAAD37E4C73932B9
363,5F4FA38B9E0D02A1
364,7E3427CA181D4A83
365,032C10E07445A8F7
366,941D4A7B17445830
367,8E7717C089D25EBB
368,AC5E667459B5F4C5
369,FCE05B9A9A1C5C42
370,7C58CB678DE6F4F5
371,C90BCB257C429C91
372,ED4813B894E3B646
373,9841BF87BA0CF977
374,90A3F932B23C88C8
375,EBFF7D93AFB9D314
376,68650EF70FF30DB5
377,FA6D6B2A66238442
378,9816E7E8619023A0
379,771AF97E33341978
380,D90699AA50FF0BEC
381,DAB9A1347592FBC7
382,315BCA36B5AC3C86
383,7305451F33497C5D
384,2DC614F39B6860DF
385,D66F070A3F639D3A
386,29FA15A719B098A0
387,27F4F057B9E3696A
388,D1968554F7C2FC69
389,19FCC63F504EEF39
390,E562238F6B555853
391,A8F78680BA447C66
392,2A86D2F347AB8EE9
393,C1E3719192766DE1
394,A2F8A9045A0A4EEE
395,A684BB93E23319EC
396,FF343635550F2CAE
397,3ACBE7EED7A2AB6E
398,7A95BD4AB69BA005
399,34A055C3F4E5AF41
400,A7176D5B60F343D9
401,987FE8948D39AE7D
402,C96C3AD50B961FC9
403,474499CB636C8A88
404,D004FCFF05DD619F
405,17DDCCD76BEC04D5
406,4A2288A780BA9C02
407,18921B5C968D5423
408,F3C1D33512CF8543
409,13BF4336247C4AC2
410,2301DE0E9B7A83A2
411,8BA26F4D753B94EA
412,ACD25E672A50DDC0
413,933BE967BB0F63C1
414,E2A1BA258DDA3299
415,E660C91B48C2EF9F
416,E2377314600C84AA
417,EF57EED65671EB48
418,B376D1DE2A5228F1
419,B34A224D9BB08A61
420,6B72887563102DC3
421,1BE0224F58D801CC
422,6B3000D9A2417830
423,D1C5473A3855E259
424,294DE7CE566DEFC0
425,FD2398142FC7B685
426,4EC944B7EF568E76
427,CD7C9BD7610159A9
428,6FF13EBBEF7E514D
429,1EA3C18F5EF52191
430,1D348397C8CEFE7C
431,6180AAE2FF194F01
432,7CC964117B643E83
433,5F7964B1D241B040
434,61E04F30BF637A51
435,615FF42503DB5E77
436,8150750E4BBB8662
437,3ED74E034B71E722
438,4297ABB51935452E
439,831FF967F912A29D
440,16B44B9D47D8EDFA
441,E200CA864A484627
442,A2209BC912128284
443,3BCA158212F8A29E
444,B6888186BFE3685A
445,AF8B59110ACA7D42
446,D0AA2E9706E41B63
447,EB93AF9AB92D8C3F
448,0BD68673CC46CDD6
449,D81FE312556E9D17
450,53A73FB3ABFA20F6
451,60B969A12BB807F3
452,A61FDAD7830F0111
453,30A9A70AB50D5315
454,5217E2ECC023854E
455,9C30D5EBB95BA306
456,9DF07EC09B7009C1
457,3AC3F5C74330F89B
458,6A15BCEC66A703E0
459,B7908BC6B1E0FF30
460,697CA5C57BA590A3
461,0F53B75605242F6C
462,C95A11421940B72D
463,968B7E7E9381F24C
464,DF2F658B7E336717
465,53D66BDBBC3FD215
466,50BCBB028F93DA37
467,B8FE50B628F01F27
468,0AAD45BA8456D861
469,9D8028A2B6D8B934
470,DCF88BF950D0D34A
471,872D5E7B770B7291
472,D1DD60E69736C3FC
473,B28DD5A76C295B2B
474,4578C3AABA61BE38
475,58278789F3B8992D
476,74A630E1E3F381B3
477,EBCEFCEA65354CFE
478,18927720ED907E6E
479,55350CEE0287C8E5
480,41F3FF953E6A2F1A
481,2C31AF011E8532D0
482,830D4E1DB8B21B6D
483,1888F89F04E1E249
484,094BF86AA2838FA4
485,7ABD6D3EC53F3A67
486,32BD7D1E52DCCF4A
487,83A783129E0B2577
488,58622F1E03A22142
489,601F87A929F11453
490,A9C5C9D90B06DF00
491,878D555D803792EC
492,AF34DF22496CD018
493,30989F48E76BC7D8
494,A181E18D3D4F2F8E
495,3FEE11B594B788F5
496,B9D47CFCBBD2EFC1
497,076C31B692591991
498,32BE711AB35E5051
499,91C00C45835B33B4
500,9DB89239E1BA3638
501,EDBC79FBC95DE9F2
502,48ACFD909F927590
503,3F5CAADA8A3C7BFB
504,BDAA2F6679CDE7F6
505,E7F594DC73EF972B
506,3EBF9307B2A2C9AD
507,F44144196198377E
508,2B3A17114B32E25B
509,D9BBDD4BE90B3FE0
510,45E73436A662F4F9
511,83F113246A70CC04
512,11043539248B47F8
513,B52FD11DD1C24C4D
514,831AE34953F96DAF
515,EFD41DF25639FB72
516,4E3FEF26F2D0E4C4
517,A05EBE3FC27323DD
518,ADA807DDBC2778E8
519,C81F4D64115C2DD2
520,BD42D619740E8115
521,D191A53B2BCA5ACC
522,FAAB0B917B1A5FB2
523,CB2E0A27B8929B84
524,C83C356A93A474F3
525,B9CC03F0A4CAA3D5
526,3FFEBB064CDF55F9
527,2732A79CEA814BBA
528,5C5FBB504FDAD826
529,4FD30405A5FBF670
530,ACE068161B1BA3B2
531,01B4EB0F61400516
532,DEC6B7334D63E3BE
533,15C3C1F76637D959
534,20663116B152506A
535,6276B79CA1A86DAA
536,A5278910B8E4F967
537,522EE7694D6DBB14
538,352AC1EFB68094BC
539,2C5269349E41E6A5
540,DE87D50B28B6E86E
541,F3D115C841A0C776
542,15890F34FD8726B5
543,3FD2FEEF7E28612B
544,7798E5CE6E48F01E
545,E4D40E97F9FFE314
546,D19B12517AD03A80
547,8E5F6F19A205F78D
548,E5169C9B2BE0894E
549,F4564CA43553B811
550,67CAD95509F3E7CC
551,78F6A7F3A7535F0C
552,619B295A8C32ECD5
553,FC9F3D2FD86B3ECA
554,2E6AD7617C90303C
555,E1A8C0C2FF9A9131
556,0706594AFC77681B
557,52E3F0FFDCF628A9
558,B6A2B86C35752749
559,B5A476AF24777285
560,9408D3F5C060F8A2
561,7D65B56BFB079A73
562,1AF2426CD35BFADA
563,C5A7198277BBA762
564,F1ED8B5A94114013
565,40EEC2567D59AB15
566,282B5D4FE4FBC89A
567,833C63F9D5A44FF0
568,A5926740F686F7F2
569,FDF06E7024FFEAAA
570,FE066E53E36B13A5
571,CD7FC6077EEF636D
572,B9276A2441A0546D
573,712AA5B7520E1D81
574,E720FB05B20A7248
575,934FB43A1BEA38C3
576,7037A8849E71EB68
577,27D1978EA90BEE35
578,AB63820000B29183
579,8F9FD35FB3E4A493
580,89C38A4AE80210B3
581,B2B252D0A3FD4113
582,E80AB7F09CA3D838
583,20FF12EBFE9D7EF3
584,BCC732CC5B187EA1
585,3DA6DE3B6529B059
586,33F74B340A3A9A00
587,CBDD31CF4F7B719D
588,A117A8D4D91620B4
589,0DE6956B91DD71EB
590,4CEB4C0C397AF448
591,185C700AB0C6F5EA
592,A9AA4BFCF3D9F7A6
593,4099A01F4BC622FA
594,2FC5EE6203BE9E96
595,675947F8F1EF2DE6
596,CDD3EAE7F8DDF3A6
597,0E71984C897C8048
598,3626B26540964C26
599,7A07C1EBB4AF1B86
600,67A0A38FD6B7799B
601,700ED3ACF0FABE9C
602,549C679AC17D95DA
603,4476C4070D2987D6
604,99800D7FB8A7E014
605,C69E789A6ADC447D
606,1FF50E874C863310
607,FF487236094578BF
608,61B256680C55B6A6
609,4F5633CC19DB272A
610,D6B7D9723A06290D
611,A167E0219A1ACC4B
612,A76D27784E3EC8C2
613,EDFFFA26432C19FA
614,A5A96E1A5560F9FC
615,E6A970245FE8A8E6
616,80D72AAE19345708
617,367CA304EC3902CB
618,FF8FEC4C65D9877D
619,24BA0989DD3F30F2
620,C9171C960EF4D512
621,07CB1EA9458789E5
622,1C13C1149BEEB249
623,FCD1635F5FCA620A
624,2203B3C1395C1E2E
625,3F4B563608330BB0
626,0C6AE23F26ADB8AC
627,3088BC5D167B662A
628,19E7BD1F8FBF7A71
629,AB8F345A13EFDED8
630,D34B6D8A542E8DA3
631,28545A2DEED3AAE8
632,45722B7C66F0F09F
633,BD52890237BA1601
634,5502EAD48E9E1F79
635,821663A36C4023A4
636,564ED725EAB0DE4D
637,F9B2D52BCD1EC56E
638,5643303944D5B00D
639,2BF042C7172BB961
640,29163D4C5FC2F7FB
641,B1A6D37B692C6726
642,E3B4D8EB888955B3
643,6A4AF1572B6CB73E
644,45917626EED0B138
645,F112B023421CC817
646,B2467917FF2B5055
647,D92142C4A4397A1C
648,0E80F2262F735076
649,7A777BDD83A2D3D5
650,E3C2656843D3EF93
651,5FE40559F33AA2EB
652,26BA9C05BD83720C
653,8C102BF252A1EF1F
654,57F293ECB16BA8C2
655,E0961BE3EAF7120B
656,5FA88B09CE9EF089
657,AFF2519263F999C5
658,A787A136A50A8901
659,DD0BF250EB55A511
660,AB2348ED9D59C629
661,687B39A00DEC21E4
662,381EC6580883F049
663,1BACFA6BB6E3AB1F
664,88883280879BDB06
665,556723917AB7222E
666,44DFEBDCD1145ACD
667,DAC874224E2B1C05
668,98CEEED76D08C0DD
669,216CD55FC87521EF
670,F733E83C9BA39640
671,7DC694B455B74176
672,37FEFBC524EC9463
673,E2C60BAAD8E23C0C
674,48312B4D940849EA
675,0EF87DAE7FB84E07
676,5D53A3A08A6C940B
677,3A9D392D4F29C6D5
678,1E1A0A5EB93A81F3
679,3A1E6E8AA0150325
680,4142C20AE495A5BD
681,1E63DDC5B7297404
682,DA8B6E5607BC3357
683,2BF90A98E4ACF290
684,5BC17155D49CD612
685,8C1D8BCE0E11B203
686,37BE9CCA4CAF5134
687,29CAD3828FBC3E88
688,853C637BE4650320
689,E9C50AFBBD2EC827
690,66F15D7462B556D8
691,60C78AA8ECD13B00
692,17415E005EEAA214
693,DBDFB85A02E5C946
694,CEC69AE407ECF4C2
695,33A1332C3803C253
696,2BDD499A64DAAF90
697,00BF3DCAC63225B7
698,F86A87B2482051D9
699,81E3173547359416
700,84B95690FF495C9F
701,C3F16E50F141AA04
702,A293C8DF6C0F34A7
703,D8D641A81A5FACCD
704,84D4AE8A70BD5032
705,3A71126657A27D20
706,0A9EF685BFF5AC8D
707,4E423E9FA81788A4
708,FF0E274BF09083D7
709,9928A55D03CB0220
710,306F4DB5989E8C89
711,B97D5EB4C18528C7
712,25EAFF6B8E93228D
713,F8AF8C39CD03D9A1
714,31FC1EBB1E28D05E
715,DA9EDE5D97B6DF03
716,0737FE968E405440
717,AD79462B8E743079
718,28E550BE20B4FC68
719,2D45741FC82BC02B
720,60D207A6100D8625
721,2F0CEACA69188510
722,3045646BB5F3068B
723,547F195041B7C775
724,518CCEB84D0DB47D
725,8A0772EC1538F2DE
726,D2EF30F797AD68BB
727,6DDF4D0BB523383C
728,46E9F52472DB7157
729,7B0B7DCB67B7FBE3
730,7138C6893D5FCD8B
731,5A4473DD39533A9E
732,A949ED2B6BFD01DB
733,54A3A803DED9DD57
734,F796E3FECD98D340
735,606D656791E1ED8A
736,B7228F3F1F8248B4
737,309E6651393505BF
738,F829B70F5508A6D0
739,9A19F1A81D2DF41E
740,0FC2579814239E13
741,D73A52F39FB58508
742,8C2B6B1E774FDE18
743,9181045735070A36
744,AEFED113A78C6911
745,473D1D01C578532D
746,CB9BD785D5094248
747,31278B0B77ABFBDE
748,CD6318E4912996BD
749,F09580179DA5B0B9
750,B4C683A0E8DF5667
751,39EA20A75C39DFAD
752,7CE8E36CB6F240FD
753,29F6ED8AE91E759A
754,087DF0B4127A55F3
755,BC514480FAD01E8B
756,1219CD64D9B5407E
757,87C28C8F8835D52D
758,B1F08FF09C175F22
759,7DFE368DF33E3804
760,9419A524F5C976E1
761,8F35738BD31CC2D1
762,707DDFB07AB0368C
763,66141A1240B44FAD
764,58F26310F6195304
765,5492274589EC6A9F
766,AF7069EB0E611ABB
767,B049A02405514DE7
768,58290F962FF13A80
769,421833FC9D7E9795
770,166619462AEF16DF
771,B23F8EEEEA09A435
772,F10571A2C247A4EF
773,D0BD19B62315CFDE
774,C115DCB067725ECA
775,C6A1E849CBD39A56
776,D284C49BBF2BEA08
777,C29CCF8D5D3C0742
778,CEFDE5EFDD6449A8
779,CA8D44E0A5CD67E8
780,A036AD4FB6D443E0
781,AC989B792452C563
782,15962C1576DB989A
783,3D691BE3473385DB
784,4FCE261EF34355F1
785,5C8DD228766B2226
786,91935D84E47A4840
787,F73A411AA4C737C2
788,914A54B82AE49F31
789,BB7C1C8D89C214E3
790,F9188F798B4AAADD
791,1FE4C7D6B98F58A3
792,4A713113EDE9E612
793,294C2ECBCC4BC928
794,E7AC3D416964FD81
795,218439914479BA77
796,D4BB2B37308C1329
797,17AC9334656D6CDC
798,1ED5EEABCA7DE032
799,F6042EE1EE9A4280
800,D381ABF8754BD16C
801,E403EB2367F98414
802,F9631D0491AB2867
803,E31895A006F880F5
804,FEEBD8F48ED7A9B4
805,B5D3E94311D9FBB6
806,8546145E7A021849
807,F43F03D5FC9ECF67
808,DB7EE5CCBC482C89
809,A0AF429246A0A0AF
810,6A7BE4A9CA604BA5
811,893E1272846EF1CB
812,629CBB3A3FDC34F5
813,D9283BD6F2F59A8A
814,5606476A69876C08
815,4A52600510FC7544
816,E481635F05CA85AE
817,4B9C07F9392D7DCA
818,FA2AEC918671CAAD
819,BFEFDEF9EA8217BE
820,6B4CC1F7954929EF
821,DC42D1354754DFB3
822,6F6836B673F50E0E
823,817F913BB5D17680
824,A30D7E7D3821DB31
825,BE848A677B255FA3
826,8D00420827C13614
827,50C26BBAC2261271
828,0AAC40FB5ECB6483
829,5983993F7EA00877
830,3A471C1988E9316D
831,8C7E1F2FFF7DA91A
832,E5DAEF7169F6D2ED
833,FC357E7CB2D93A68
834,61B9D9B5B603C891
835,F892250777CE6053
836,4C4C1B131C796F26
837,D03AEB5FA67B8BCD
838,55F055937E879F7C
839,9F3A9E26FE37DFC8
840,A218C7285CC89BFA
841,6142D4BD56BA94D5
842,117FF8DAD111ABAC
843,3C4DC39E62C12BEA
844,3B6DC6E399143D37
845,75667C6F26F73835
846,69B930A13F86B96C
847,4469FBD6BDB16DD9
848,310DE938884956A6
849,94DA051D8E540270
850,FE9F5FF39E98B347
851,FB90A8BAAFC84FAB
852,04190485426C0F64
853,CDF274CC012BC0DF
854,195D3A4C3CFAFEB1
855,CEDC2C85795FCC52
856,AB9949F6E9F825C2
857,02B02E48C1E0736D
858,CC00A876CF135AE5
859,0D02B05C28E5A5B7
860,166FE41AC80D94B1
861,FB7E0A6424EC7C74
862,6CAA3889838616AA
863,29BC575F57904D3C
864,31A6C186B4C400C8
865,435A4A2DED185F30
866,68F699BFE3BE3B2E
867,809AF52CD325F8ED
868,D942904305788305
869,229872BF97194EAF
870,724EDBDE75256402
871,BE5EE855563782BF
872,E508778ABAA1FB10
873,F66FF22AF39DC6F5
874,DB97D79DD2C48A74
875,8B58FD423D895670
876,AE4BAB9D0C5BE078
877,898C5106731EB515
878,6EC8F96549EE4688
879,C600E590552D8C08
880,3F12ABEEE0FD815B
881,26C5CDE9636F5D0B
882,6AE7AE660C5DC080
883,1612AFB4B71534DA
884,88275E382F7D9CA4
885,90661144FD008D81
886,22E3063DDAEE3F0F
887,81B959F903BA0BEB
888,2EC7EE34180E7771
889,CA7409151AC32A9A
890,5A1695FE5BC5964E
891,B866233A1243018F
892,175BF9D812B9787D
893,AC855B4757013EF6
894,717F786D6F30DD52
895,445BD208D8D80A03
896,6345DD2FE0B0BEA8
897,1822EE5F50AB7C65
898,8B9C9F4CE28B4FF5
899,2CDB94EBF40E21F3
900,0AD3AF9ADE47E3A2
901,A16854FCFCFB0930
902,C738A41DEC438EC1
903,FC48C71D0D38757D
904,3F29D6E992022C2B
905,7F4C9F26565D38E4
906,38538C3CB8E4A399
907,898AD367E01E4951
908,ABE20BE8E245CE49
909,5B3EAE39FB7EB5DC
910,341CB9014A73DE3F
911,FAEA383BB4FB681D
912,E9F07073DC8450CF
913,CDCA8DA81F9CBD99
914,42F2957DECD8859A
915,F4E1442BAAB1A953
916,3030DE519C65263F
917,6535ADFB19E0731E
918,7447C05304165B36
919,95AD85185BA1AA31
920,83CFC7F49528C7B4
921,39AE3205C8C77516
922,0B1458E42BEDCA4A
923,0C7E0645B93A719E
924,21EEB40613940FDA
925,DA163517D09E5614
926,388B9A7C05763451
927,2D232C6A9845F6BB
928,E4717F34ABAE8F3E
929,1349D614F1DD9164
930,E859A1E5787C11F6
931,C7F4957BE8BC8B32
932,2093FB20ABAD9007
933,898260811F6E78F0
934,884CD700D4B2C4C8
935,B7C504AC18974E25
936,E4EB429AEB763C28
937,A69995FF32C9BF8C
938,3FE5E6647B6FEF4C
939,37F663F67C9CD92A
940,F2ACA9E4653FB932
941,28ACD82734D936F5
942,EBB642D44FFC01A8
943,11A8114A2CD7AB73
944,006C993E5135865F
945,C64E548A221C3906
946,65008CEA70871CD3
947,34EAB7D5C240B4F6
948,475319769B392C01
949,882D99066879C6FE
950,C80D465CE4E856F1
951,A297000E03A7AAA8
952,FD2973316F1C27FA
953,30688F3EDAF4040F
954,FE82CC0475DD0551
955,261AB0A9263C8700
956,34A80BDBF4F96815
957,BFDD88CE79540E30
958,3093414D662B6DBD
959,435CAEF984BD1076
960,4B55C08B6E9C757F
961,0721A90B5574C33F
962,3655B6A072B1E3BD
963,01AACEEDF5999030
964,EB25F96B29F2D149
965,DB38B9F51AD527E5
966,BFA51B38A8451F5F
967,83F8246ED7C9779C
968,91BB2F8B8C5B77D6
969,10247D35AE0C361C
970,B491BA26CC84472D
971,000759A2C6DFC8AD
972,A4879284BC0BEE51
973,62AFBD50F160C819
974,738B63DF9CF10087
975,47722E1A34BCE68F
976,71AB5E9B47029B33
977,332B588120C7261A
978,F75FDF14AD911D15
979,066263CC3FAFAD7E
980,D6CA5513705EEF42
981,D36AB2FCD0F84BB1
982,94B0E1CA5BBF4F54
983,28D2037D1707E93E
984,CAE2E8063FAD6E4B
985,FEF73255408C41F4
986,4237181D795E9999
987,2046FCEBD1FE823C
988,539BF45A142C1022
989,7BBEF4D0BD08452B
990,735AA3E0D9AB6631
991,C4299E30566A2A32
992,A8B310BB31F28AAF
993,11F22F609E305577
994,B7BF74EB57E15FE4
995,6C625392BBB5395C
996,F51712B700515B3B
997,F8197812252FF32E
998,CA36BB47873A5DA5
999,B598D226C1B3D224
1000,0C01BE9047F506FD
1001,19C32AE3DD050F07
1002,0A322C5B92CAD549
1003,157F9832DE6711C4
1004,571163B1E34AF155
1005,84FA3388F016AF67
1006,96E8ABE438E28593
1007,D2D2212929671719
1008,BF6C5F13FC0F9437
1009,6390EE0AED9F1B5C
1010,1036CAC842633D86
1011,2DA91AF78ED3F2FD
1012,DA6EA6E7597D343E
1013,AE5CB7128EFD8B90
1014,BF0B90FAA86E45AA
1015,5F4ADE20DE48C3A0
1016,67141E4B3510AF8D
1017,FED8B73D0183EAEA
1018,D48B784C29D86F77
1019,0E4AA60BF83F2826
1020,0209D66EB8D27283
1021,0114F575B9810B09
1022,12B212A9340D78A4
1023,40B3ED9F6335F828
1024,89948F084A3AD4CC
1025,EFAA448349036BDC
1026,78AE5FEA345FE614
1027,E697CE158636D289
1028,33A6BEE170566C50
1029,6E1426CDCB60D00D
1030,EC408781374878F6
1031,32E5061E710B7FC9
1032,73770A688BB7234F
1033,374F433170B2598F
1034,3A559E538846AE94
1035,A7983BDE52A5655E
1036,13CDF4D6C0D05EB9
1037,DFFC5F791DC004E9
1038,F9D58E807EDD0897
1039,53647BA7F3410ED6
1040,F77213F719EA8C97
1041,6188CC586F69C519
1042,50426C238A7BA77D
1043,52CA2C753E1F5430
1044,899D46F47537C903
1045,E06A8C6993CD7DC7
1046,C888428C840F5BD9
1047,D9D0B11868669CB6
1048,567F6B1608F50DD0
1049,5811791839208C7A
1050,FED678158D2B4642
1051,65DC50C31F249E7A
1052,8B6BDCDFC57A72AF
1053,DE52B003A25DEFA0
1054,61319ED8A8EED2E9
1055,47B0493C0D829B46
1056,B6DFD2B27E2052C1
1057,9B723C80504FD9AF
1058,0DD9E6ADC877E34A
1059,19875BCD7DE8A96D
1060,1E08C1B3E25E7EF2
1061,012030B542D09CD3
1062,CE38EDAAEEC43E64
1063,797D4944CA9E6BCD
1064,CA5E813A4081600D
1065,5AEAF39C3EEEFCE7
1066,CA10B6646F91F9E6
1067,EBC1729726BD1BFF
1068,C3D8F739702ACB04
1069,9AC12BDACABBA036
1070,F00C68EB6C20C4A2
1071,25CDF1A52B3EB329
1072,137A723F2DA97E93
1073,C4A7128B35D6DD2D
1074,1FDBC2E8FA382ED2
1075,D447A10091FB2AA7
1076,1B7E5C3B67F51505
1077,F2EFD707DFABC4A7
1078,5847502C754B6D0B
1079,038FCC15E94F4992
1080,3B5184FAE4A961A2
1081,02F5FE9D5D9775BA
1082,47AD4D96ED39734D
1083,76D9045F31E1213A
1084,188A4C0BB8D2ABFF
1085,ECEDA896415D4E74
1086,F55F0883D05052FD
1087,94B088EFA8CCC865
1088,4F45BA1654FFB301
1089,2C8285584978013C
1090,63D4D20362B22171
1091,5418F7D0D5CBD3C7
1092,B79FB821CC973D95
1093,658348C004005D02
1094,3ECF734AC238F815
1095,3399B597A6E0EF56
1096,36F25BB66538B482
1097,47D34AEF00D30BC1
1098,6B0156A5116DF79C
1099,CC0D579D72528996
1100,A8EE761373E6BBE1
1101,CF7318F1BEA91A66
1102,F01C9F6DC316DAD4
1103,F8617292EC66607A
1104,C530DEBC95CCBBE3
1105,19855B3BD6A5BF3F
1106,AE160465EFA60023
1107,7D8F4126F030373D
1108,53652547ADED2D12
1109,E569901BEF237D64
1110,C52F5995E9BBC8BA
1111,06A463FBF9762E3A
1112,114BEF6D0912B598
1113,C085EDD89DB2C121
1114,4577396FFBE15234
1115,6778B4D9B5C4644C
1116,9B9BE4CD0A6877B7
1117,FAA34D4AD1D4EB00
1118,8F64F6C0E23E342E
1119,3B2ADC35B7AA8834
1120,F8557DD88CE839C8
1121,925815A42202A5BC
1122,98F33515967A6C48
1123,D6214FA221BE38BD
1124,B14F844D22F54DC8
1125,CEAFF3EA3218ED2E
1126,ACD5C449CDDE0B37
1127,DBFB030C8C0DA9B4
1128,D9648DB6C6F9D798
1129,DE0D39B59CF277BE
1130,57E8433F465EBB30
1131,8901FD6423C3B87F
1132,B8E63FDA83CDA279
1133,1D9939FA0213220A
1134,92F850655A8D24CD
1135,89CDDEF3B57192E9
1136,75A4E6711C4FD8FE
1137,64F5BB3CC9B4CAB4
1138,D7FF22E4DBBB64DB
1139,60E97D68F67E8D31
1140,4CE78871A7B9C372
1141,FCAB4A1BE5F89876
1142,9C4162F74DB69F80
1143,12C7E77655271139
1144,E1A6E16571100069
1145,0AA1E94C7571BF7B
1146,466178917397D45F
1147,A568D77BE092B5CA
1148,B3AFD436AFC1245B
1149,FC8C4E8B0A359A42
1150,B01A0EFBCB48DD29
1151,E0A30DB7755EA05B
1152,57008D9FD5A3D188
1153,C0AAFB5FC817A6B4
1154,85ACBA76415B502E
1155,C854A9961FFE29B9
1156,F51619AA1BE69779
1157,CC90C5EB02828099
1158,A36E7900ED0F2F33
1159,B44C6B29FC99787F
1160,2DB51C19B6E3D471
1161,215B2156E6077752
1162,43569DD84F5C9905
1163,2CF76233367C0447
1164,12B39D0420F0CC61
1165,A1A071A03071A1A1
1166,B56FCF589DE45993
1167,FBB94C10D98547F2
1168,C3CB1F293F775CA7
1169,46D0449D2EE036EF
1170,32C0EA3FB81BAC32
1171,2BF5B69A3DEF8A68
1172,302097B51AC20171
1173,E3057F53F1501ED9
1174,FCE85BC06D3AD52E
1175,734F181078EB2AB8
1176,359E5604FA88B934
1177,E72E071B0718B068
1178,32745B07D4B182DC
1179,F6085F53B0175FC2
1180,970F26D87563B965
1181,828C26AC7853839C
1182,0561F5923DE72118
1183,A598F8C3264C3B88
1184,348BD37BDA2E43A1
1185,925A76B52101C0AD
1186,44ECB2673B5B0D2D
1187,1D767191C524B625
1188,FEAA04B95AB1985A
1189,BCD68EA333815244
1190,A21B7BB85AFBCAF6
1191,40F06C94F54C6DA1
1192,C118D22B2D32F2E7
1193,507D5A3209286192
1194,4CB933D168137904
1195,850B25DB08C520D5
1196,CFDBC00DFB6C4BDD
1197,36222A57BE8D6D66
1198,660EBFA995A4BC1C
1199,DE07B53B1E37D855
1200,924FBDC6297CF2F6
1201,1974F577D4BA5F0B
1202,6344CADFCEA956D9
1203,A56BED674C45D615
1204,0114DB6DD1DF50D2
1205,61DCA9C891B97B17
1206,910D360C4C2A499F
1207,8C752121D1FF607A
1208,CB74AA1A5D3EEBD6
1209,1ED91F7BB35A8519
1210,E2E27F3919016134
1211,25857432AAFCEDA3
1212,4E6C88F831DAB290
1213,20989DFE86E9FE85
1214,41112D696E104CB6
1215,51294D93D9A44930
1216,590FCAD5B41CA4C1
1217,F8554D3656A74968
1218,50F1F2E8216CA331
1219,CF474325C7C6F0DD
1220,5316F04E1FEEA537
1221,F48091E61FDA3750
1222,D62231388D244062
1223,EA1A53E10061F470
1224,B2FEC3F5AAAD8CFF
1225,7436FFB9C6A31314
1226,28B37E228DBF4034
1227,9471A95D297A8211
1228,09FD2D0691F7161E
1229,4D4C6C6295FB2CCF
1230,3F07ECD37D6DE44C
1231,F8325EF5499DEE8E
1232,7AE3B4BD00FB8211
1233,71A94EFDE0A7D9E9
1234,0B3456DD96087EAB
1235,0CF2492383151AE5
1236,F03F057198B4BA57
1237,47CEF152079A424B
1238,2159242CD9528D6C
1239,7436CE5C53A52238
1240,DCC6A27BEB6287AD
1241,85BD87A2FD8D130B
1242,41DA0F972B092B3E
1243,7F468420119D4697
1244,DBC3DDFD7CD71631
1245,DC722E3F1C5D3712
1246,B6B9CBBBBBF1AE96
1247,703B51DB6741ABB2
1248,0D7A18CA8768FAA9
1249,3BF14112424B7C59
1250,451462F0AE805247
1251,0A71962F88DD1D2C
1252,C48C4A58A6B755F1
1253,792372B930E6E6F0
1254,7978CD7B78DE591E
1255,D25B2C0329BEFC18
1256,35C87B5BD8965604
1257,B1727E29FDB11CA7
1258,DCEB5B7102A05944
1259,2F5A71F6221FBAE4
1260,4C9E12512D5417C7
1261,B740470F0F50B4D0
1262,61C3BE046BB73EB1
1263,81B6B58F7FCBCE04
1264,B4CA339D97417AD3
1265,0E91862D340AEF0C
1266,3893D423AC5B11E1
1267,E4DEAF51046E0034
1268,657FC74AA51DC2FD
1269,E99564DB40606953
1270,FF850E06F8D4A556
1271,F609E0D49888FB11
1272,117D6AD3FBFEBEF1
1273,D740EBD0EBE1B5D2
1274,91B3D4E722DB7233
1275,EA6C92903DC47478
1276,02AD2FC80A6BDEC6
1277,558CC82863D7B11C
1278,210A7EA861DB00E1
1279,2159C223F07238FB
1280,B2CDD63EFD65EF9E
1281,4B13ECE9CB63542E
1282,F43840A7B68BC939
1283,5B1C5E1F823BA739
1284,2988E296923A836D
1285,FE0E8D12E508FE96
1286,9A43B8F5F615D989
1287,6D6FF9FC10913777
1288,6CB2C87F8DA41B41
1289,1A09CE1C85C0D245
1290,667E8549AF8EDF96
1291,43BBE0C48CEA724A
1292,621F2752B5B24CF3
1293,6EF0D955A340DA51
1294,78B3454F4AF68BC4
1295,0A199A132DD2DCBD
1296,C849BEED3945465C
1297,9E3F013CD4EC9E09
1298,9E8A14CFD4F306CB
1299,D74B4B59DC682DCA
1300,79565F85A412CF64
1301,D07B6EEBE4470D6E
1302,D030DA3BE3A7FC04
1303,B0CAB62D7EE3D7F6
1304,2A0FBA09F1FF6CBF
1305,1B7257B5F90FFCFE
1306,6BEEF11A07299F5A
1307,505B80A728F205B5
1308,0DE98488828EC7DF
1309,C3682D3C0592A27E
1310,E661674FA2859C62
1311,C094B2D5363D0913
1312,9DDBC41ECF64A58B
1313,1EC391725368CDAE
1314,E1D9825A354BA59D
1315,449D98DA78100325
1316,142A40631971F116
1317,D68091775121705D
1318,A85DB586A9AD4680
1319,C568C8C3130F1AC9
1320,898A33E60EE8FEE5
1321,9518E25041C4420F
1322,F78DE9E6D3650119
1323,B04ACD780C26B6BA
1324,4EFF7F98E5F71C54
1325,E988DA151E34AC4E
1326,473B47DE2EDF3C33
1327,69E8632C3ED9776C
1328,2C53B0554E3761BD
1329,F100BA9FDA7444F0
1330,060AFF796F07BC62
1331,9B1756F62F03D183
1332,87C3807F5D72E1CD
1333,28F457B0720A0A09
1334,E50C76F32E3D020E
1335,670E6D8B69E31A16
1336,ECD82B8B0F5EA867
1337,DF8DCC90B5DE973F
1338,AF1B05F9FD59385F
1339,26EC03A4A513B2FF
1340,1D18AEB8CA0ABB59
1341,0C9351A30F007822
1342,70216BF54B55710B
1343,578EF8DC191EFB1A
1344,746AAD854AFB3163
1345,F18A4C43D4575DB9
1346,A28254FEF661D5A0
1347,3630C56F31F01F41
1348,4DBCF8B68B1071A7
1349,7FB1A5F459862E9C
1350,0988545AAD68F264
1351,4DEA57E54599983E
1352,E52FD07B272580F3
1353,CF265FD7257D715D
1354,7254DBAEE693D8F8
1355,23E3513223A3035E
1356,C9B08F4167DEB812
1357,30C548BB839A7FBF
1358,D4EA661FD26848B6
1359,AD5A2E88024E4453
1360,694EE9E978A57ECF
1361,6834D21E5DD13622
1362,5AFD65B07815446C
1363,2C5A27E01462B172
1364,DF4684050DB05F0D
1365,0183A90DF0E905AE
1366,461B4705F54D7F70
1367,48812B9552FE4041
1368,90E1382B4D0522FE
1369,0CAF3BCA8D607DAA
1370,A27DC873EB9FE28C
1371,895BB1293EB6B6F6
1372,EFE7A6C726189F41
1373,3F9E3660EB468922
1374,58C79D32C5B76D77
1375,2E0050E4B0575CC0
1376,A5A63E5DD8BE3AC4
1377,A4E553204D8AD6BB
1378,82D5986CDA5DE7CB
1379,1B3AC1EE9DC2D33D
1380,29BD7F01AFB3E84A
1381,CD2465614BA2C14B
1382,F5ED9EFB1F3A7AFD
1383,33C577A22B6D6CDA
1384,A2B55EBD6A72721D
1385,8807F4C68DDDDD31
1386,9EA5CE153D21BF65
1387,F8A547F3A38A1840
1388,DF4C45771D7605DB
1389,592F45C626AAAAEC
1390,6BE160E3DBE2F428
1391,2023167188B30CAA
1392,3DBA61C3089E0726
1393,164CD9246A6E21F2
1394,3D85AFAF4BD6561F
1395,8F2D4B1A1B02B4BF
1396,6EA85719FFDEFAA6
1397,EC3A2BA32798B34E
1398,6F635E438929110A
1399,F93DD06C1DE3B262
1400,51DCBFC8863DC937
1401,56A3D9A18620EEB1
1402,C7B92F062D45619F
1403,C49CEB06BBB91E16
1404,63A678D0539A8557
1405,59BE3812D49A2711
1406,6C970306C9C97DF6
1407,2629FF6C7106D928
1408,7832568982A2E537
1409,183566B3838B7A26
1410,F958846992AC6B12
1411,D384BB09E823DE13
1412,EBD4C55146082F9C
1413,E994DEC46E881D61
1414,AB2533BCDE8ECF9D
1415,EBF4C6681C31522A
1416,6581A7B5B820039A
1417,4A89E9D3B8E5BC94
1418,50D72B20F13DCA43
1419,D38D389E2CFB9858
1420,7B717BF9C5E9348F
1421,402F39F456E5AA34
1422,72156B93CDFF4580
1423,3C7F14574F9EEF29
1424,01D3376549421F91
1425,F3C628742AD2A898
1426,3AC2E545DEC98DAC
1427,18D6B85E27A752AB
1428,27F7E6967CF7C30A
1429,BA478C82784523C4
1430,158A290AA26EDFEC
1431,B71195EA236FC16A
1432,CBDD38EE2460AA45
1433,7007F6E93782F95B
1434,FAA80D82ECBFAB8C
1435,6032FCBF0D8B19C1
1436,FEF9A0AF4E531890
1437,5425E92C9698FD50
1438,46078A3E2E1FCA08
1439,2916A05BB4D67F90
1440,3D6DA4337C913DB7
1441,98E9E0F008B272AC
1442,3C843CB75B4FF16C
1443,9650DB6CD9B41932
1444,DD161BA13F56461E
1445,51A2BB515D51A6B7
1446,F3454E3419096C3F
1447,F4EB1FC1C6B37033
1448,50233EDA18D7E77D
1449,EFA825986D45F44D
1450,7486257950F21714
1451,7622FE54793E2A83
1452,F1341FE99590AA41
1453,157BC83000D7D7C5
1454,2496E3E442341466
1455,3B6C8C1F894850ED
1456,4B754F5BFC3ACAF0
1457,DB2C488662C87D36
1458,FD917EB0F5169410
1459,0D95EE5089733A36
1460,37B196198A525755
1461,B19674951AB6D0AE
1462,D44D64B3F32BEA52
1463,CBA624D19D99A758
1464,7E6826E7CAA352ED
1465,AF1F053C4333EE7D
1466,1B90BF7DCB0C1C4F
1467,089976DFC6FD9B8E
1468,1E22550A1FEB5036
1469,D31131A3CAA25282
1470,BC1134EBD713C0C8
1471,DA4FA57E747C473F
1472,1154AACAFF6B19D3
1473,55BA6CE84C837FC6
1474,189E6B3E22F0CC0C
1475,F46337F582EC44C9
1476,78B68844250AAD24
1477,B744E9734FF4EBAD
1478,78AA210BEAE72489
1479,F956A6EFE1E780F9
1480,61297931987F9EDA
1481,356C4DAE1ED882AA
1482,716403CACE4A7769
1483,C9E42C05D2B186BD
1484,7BDAD9FA71FA72CC
1485,ADB05467E4E7D969
1486,9F839D22078709BD
1487,DA4119BA4AD3203B
1488,C398064DBC003FC8
1489,72C15F5B33EF7211
1490,9D50458AC890E346
1491,858B7ACFF472490A
1492,06F2D04818E81B94
1493,E7EC915113136BD6
1494,0537368B868F7CC1
1495,536085A9B768EA79
1496,98D5B85D1800E9EC
1497,945F7DD11A2B7E09
1498,1D159DE4F16C7936
1499,C782AAC4EECB7B62
1500,E575EDD43AB319DB
1501,E01990725DB652AF
1502,EC812070DB634234
1503,A1F4625C8326632E
1504,A657CB54C34313A2
1505,9A20CBCA6D7BECD4
1506,852B4FAAA69EE36F
1507,23999C1906415908
1508,3864CC72A05717C4
1509,B2F3F704A9CB634C
1510,BD17D8C381ED4707
1511,78B5367ABF6C6289
1512,FFBA51B3F764482C
1513,3F9408068508679C
1514,514294A3962CFE84
1515,DCA360D22967F5C0
1516,E1567F1D9C13839E
1517,956081B68C892D36
1518,8C9BDD569E2E926E
1519,27A5F77C9B90C58A
1520,902E956BDABF1638
1521,7B3BA3EAB997E1F2
1522,56BDEE631EBA649A
1523,C8F23FAA3CEF04CA
1524,521079DFB0786B12
1525,2B2F7EDE6D06E45B
1526,6DEA09E54DE432D2
1527,56D097C548046E6F
1528,C8EBF48EB371CDE7
1529,3890452CA210D090
1530,D5617C145FA62ADF
1531,A909DA5E76FB131A
1532,B681054FEECB00C1
1533,0566B69DCE50C121
1534,415627BC34121553
1535,6D20B4EBACF34FB3
1536,A1B63E7290489DA5
1537,0149490549B0E382
1538,C70C6EDEB511DFEC
1539,4CDAB2E6C1C89100
1540,497EB5FA5210A5F6
1541,45B1BBE1C59D4707
1542,F0236431D382EB0D
1543,F6FFEBB1A5437417
1544,D0D8E221C93528F3
1545,9A68252B51248DA5
1546,DC294CB785FC5C21
1547,E1A442966204EFB6
1548,389F694E5B418AE7
1549,DB453939816F30F5
1550,A611FD8665AF1E8A
1551,A8495DDCEFD22204
1552,557EF5073CD73CDB
1553,B38E6AC0D895A845
1554,FAC83532FBDB5087
1555,A0BE397D297DFE7B
1556,31580A80B1F6F5D7
1557,595B69D2DA1353EE
1558,DB41E85AAAAC1AA6
1559,648F2250484B60CC
1560,70F9AA4BA98157AB
1561,EF04D53F16C1FCDC
1562,49144264E990DD42
1563,0A519B70904C2C78
1564,7285E0C937F47B6D
1565,62F8136975C3A242
1566,665095D3801EA26B
1567,D1C6CF8B1BF38673
1568,3447324C08873DA4
1569,D81E0466252961FE
1570,3BE83B0947256F4A
1571,6C506CB294C2EF44
1572,A40C51133556FD75
1573,87E9A5D086F6A628
1574,6317D1B6711B4D12
1575,FF525E55649FE49D
1576,7C6ABC0B5D6422C4
1577,FBB6C7712A205EC9
1578,A4B7AA155AE51E4F
1579,2DFA221FEE24A379
1580,895DD8234A817AA0
1581,83FB2EA6CC371B5F
1582,C1776F5B82CADA21
1583,66A5A75B92551850
1584,BBD38E91F4AAA02C
1585,546114195CAD9781
1586,28C486E524365050
1587,6FDE6261587AFA38
1588,6B68E1DC8F1EDB65
1589,C7B2A7A118BEAE27
1590,0C752F4CDC5F8D4B
1591,3F76D4C3443E4567
1592,D8A6D65BC1C49FA8
1593,39176225CAD0A83A
1594,98AFC15CF714300C
1595,AB7731FF7770AAFF
1596,10262204DB3FF3D0
1597,E1E4EE9B506D69EA
1598,5169F13D883D6A03
1599,8BC0D6A7BC1E699A
1600,65C77FCF4D3DB1E6
1601,8B77DFDAA4B35C86
1602,38899399CB70D83C
1603,8D820322C8E732C5
1604,CA2A4ADEDFC65101
1605,41D44B8EBBABF28B
1606,72D7DFE4D43AF8E6
1607,22B30C1567C94E91
1608,D99B1935C4A2F71B
1609,4A06C026E437109F
1610,9EFF617018B278DC
1611,726FC688131352C3
1612,0C56E82CC5F8C2F4
1613,621E674207846E5C
1614,E79006162BD71297
1615,227C1B79315A8098
1616,001E210D5EAEF53E
1617,8A1AD5012198D112
1618,E03E7BC5ADF9C8D1
1619,DAEE82C4C2B97B79
1620,BEA80464EF4E740F
1621,6C36479BFFD928B2
1622,47E101943BF99683
1623,23E3EFCB6C368B8A
1624,D215526787CAB5D1
1625,8DAC8302DB09E247
1626,331B7CB1D826DB47
1627,43BEB66D234600C9
1628,B8E66DBB362CCC96
1629,7C2A7D0B5A024445
1630,AF3DA879CD5F3755
1631,8D498154105242D9
1632,D062C5B85BAF9DE0
1633,FB70F4D02078F298
1634,7949BC98BBDAFDCD
1635,0CCDE951B021B89C
1636,63118AFD4CBA0AC0
1637,2AC9B450EAD159F0
1638,3C6C80B094EBDF30
1639,24D312DE2DFA222E
1640,89F8B374F4D8811C
1641,E09E85B94B709FAB
1642,987AA5420314F893
1643,13910444EDE708E5
1644,2CE57416BFD2B0BC
1645,152D0A43DE6D200F
1646,6508962D9D945037
1647,83C8C926BDD12D22
1648,20B3CC375EEEFC5D
1649,2505C49BD4C2DB97
1650,EE21F996330F33F2
1651,4526107479FB0A6C
1652,75F46E30CA97FD85
1653,9EC612DC7A850108
1654,36C2266B586BEF30
1655,F8D7F7BD51CD6D2D
1656,051F1335E610AEA2
1657,6FAE6A20E450190F
1658,FD96DA1AD947D09A
1659,E0313D58528ADA78
1660,30B483B2C208AE84
1661,C3297CDB0ED694E5
1662,D4BE1C44DDE21432
1663,653710751007768D
1664,A8B62D7594673C7D
1665,AAFE685424C4184E
1666,49B82AB48BDE3B4A
1667,8931C7C0373475E5
1668,30481EF2013E8654
1669,943EE44E5D3EF409
1670,90CFC143AD0EBA37
1671,C6507489E481FC2F
1672,AFF0A9FE3115144A
1673,6CFBDCF73D173C38
1674,912D8565CA13FDE0
1675,074256B488E658C7
1676,D051C6B6920C3D63
1677,1C535DAF6D551525
1678,316FA58100B0EC70
1679,53C80DC97EC9794A
1680,7F38C39923A2F4A2
1681,F64FBF7710B7FE96
1682,CAE76E59DBE49455
1683,9CBF16BEDD432C81
1684,5DE6FA4C0451C01A
1685,F8659E23B081D0BF
1686,7B1027726ACEBD9A
1687,57F00404ABDBF9F2
1688,4B30C325F492DB8C
1689,B67FD09C3D0D7B7F
1690,2A8C9FB8B70176E5
1691,C31AE4AABC8CBE9E
1692,FFDC2F955D42B1B2
1693,041606FC0E549146
1694,D7D80272EC151D96
1695,73C57073EE0712CC
1696,5E22C16661FB9B4A
1697,DB518B1AC2A8DBCC
1698,5C50BB7F7682A7EA
1699,EC022EBF96FE6502
1700,88480B2A190D7EE8
1701,CF99A065AAE07838
1702,EE8DC5FF007EA27F
1703,B19F73BD578B681E
1704,FE66A93DB83C2EFF
1705,1C18968B8A85A127
1706,715357C72E8F4C06
1707,42E3AC151A441325
1708,1822E45E94980A81
1709,BE43ACE3414BFAAA
1710,A9D938DCB764BBE5
1711,2CAEE24E69D112C3
1712,6743E096114B0326
1713,D5C456AA0FDA003B
1714,25A957DB738F47B5
1715,CA6BD3F2146245C2
1716,D6B859A35CFCE104
1717,6A8C7C93DD388915
1718,02EF660A6A66AB73
1719,AAD5D70637DDCA6D
1720,EB341C38E0158B19
1721,22D8BDE59CC25BE1
1722,8B1490691F51FF48
1723,A15F88F316A54B8B
1724,0F6CE9C5F77FC2DE
1725,42E52EA9E47ECECA
1726,269B91964C0DF423
1727,980EAC5C5644F75E
1728,DA682BC5FEC15440
1729,A857087A3F5FDF14
1730,C91529B0A6F10151
1731,48FCB7450A527E3A
1732,65FD6EBD30724322
1733,78A1CCE84D09AB73
1734,13C203AEEB41511D
1735,094CEB15721F1C60
1736,F44774B9D59EC345
1737,3DDB807B55B5C13C
1738,86B625A23FEBAB20
1739,2D52BCBBEA3D0942
1740,60808B058FA8D824
1741,11F1D7A097875CC2
1742,3B4104F1E8C1CB2D
1743,5B0B7A58E51B0495
1744,DEC2D382CF56328D
1745,B398C77AC6DFC714
1746,23DFF382E71C6813
1747,994C3EABB3894C25
1748,35B7F778C6E52899
1749,ADC101041D0AA898
1750,453B7D40C83E816C
1751,CAE085E9A83CE2E2
1752,A2D493B0D084ECF5
1753,B6BE5B1137ADD110
1754,15E3D69043A0E925
1755,7BE28D541314771E
1756,1A83BA7325310BE3
1757,14EA6F891C6E50E6
1758,6D55E1DCE964370E
1759,703C1F067529CBF4
1760,65F19C88DE3BC0BB
1761,C0FEA1A89A9DE291
1762,B501B99F7AEF970E
1763,1B070A3C67439276
1764,63931FB4753E6511
1765,0AC3D5C680AE0394
1766,5CEBFB5CDBB1B62C
1767,D048D788427BF35A
1768,D2AAF22C28C6CD86
1769,1E8C0A5C67A81DC2
1770,483425A895FECE17
1771,58B10783C37FF330
1772,D622DABA539DDFED
1773,067BCA05159D8818
1774,DD0BDB4BA024BA1F
1775,E4CED49AC5B1B919
1776,A0C4751779659F57
1777,526387C28EA11526
1778,E791130F5C9377D2
1779,086CADBFC5B7BF1B
1780,C4775BFCFDDCEB2E
1781,D3A3E2842F253F93
1782,2AE428F2ECFF5CA3
1783,084EA465C356E1C8
1784,C739A32BBE42B986
1785,4978CED75EAC7F3F
1786,456FA7007C1B6180
1787,292D9FD41703587C
1788,98BC5850BAFE812D
1789,53C638566C9DA29E
1790,1474A31C2A0B8028
1791,495DB2607310F0D3
1792,EFFB4306CC7B0E0B
1793,797728E2A67C281C
1794,4280B1FD1A8907E9
1795,22412D7E64595BB3
1796,DC9E3A79CB3CCCFD
1797,33620AF1C8B2271B
1798,3697987167AE1C4D
1799,C4EE087B295722E1
1800,44573EB2207CA11E
1801,574C29910312C33E
1802,F03E40D5BDF5E358
1803,89DBF25C031C8DDE
1804,D40959CE10B7689B
1805,A09B1389E2E5B8D6
1806,71884D62934F68E3
1807,73B8D46ECF55B72B
1808,A20F3AAA5905AAA2
1809,CAD04D48AC38ADB2
1810,4FCEA42F7F10B923
1811,D6BD76FEBDD2CFA9
1812,693154505E23C8AC
1813,4BBC2D9BF11F01A5
1814,B391C4AA41C058D3
1815,D07EF3A3F960B880
1816,9CB60D4526F7CA26
1817,6C25D58B35E3C97D
1818,11EF25BD38CAB7FC
1819,36C0512640DE9B5D
1820,82362C1475241B76
1821,317234BB537E68E9
1822,D79312F83EC4552D
1823,9D2157E6126A1817
1824,E8EF47CF93D7B508
1825,6953FF126CCCE2CE
1826,C280DAAC6F910342
1827,C06110B4FC44E03B
1828,746571B4C2B8CD9F
1829,F5CF7ABFAB7CC826
1830,2F5750756DE7506B
1831,DC91ADBB38EE2ACD
1832,A6D274556646C7D8
1833,2D96509E9E0EADDA
1834,63BDFB9036D4E324
1835,5A3F6250895690C9
1836,95628BD41C231833
1837,9C5554A98842F1E4
1838,F054BCCD48E4AAD2
1839,233D01D0F6AF2635
1840,E257BEC9F4B4E3F3
1841,552E82C4AC3AA6B0
1842,484E8C4BC5CD94C6
1843,F818786C59A4C3F4
1844,798493FA06FB0F74
1845,B4A46213C3816414
1846,5BD5DDE8BEB7254C
1847,E736A3E68D4F8FD7
1848,D2AEA05E60C91060
1849,D7EA07D9BBCD8FD6
1850,AC145682D7E5902A
1851,7449D0045BD30CEE
1852,C15F40E434530B03
1853,F1D5EBE80311764B
1854,450CD5344B3188FD
1855,38A7CBB23C36FC05
1856,F5D7C2C525717550
1857,C425D57833BDD383
1858,87A85B95B73FC74F
1859,F4D1E8B8552387C4
1860,FE3007CAD700072D
1861,8B5585F72D7D0A9B
1862,EC6E6CAAD057A826
1863,258586FBA4768B69
1864,2E5F21BE23F19935
1865,4C7810ABB67B3C79
1866,30A55C1113A595BC
1867,011055741AFA66DF
1868,D853D89807387CBE
1869,0759C80EA131E944
1870,7372C69DFEA23AA7
1871,A87A0C722DF3411C
1872,5EE1DB3C73804AC2
1873,00A88C3FD62CC987
1874,9640D8712CD6F534
1875,344289611F56650A
1876,9F03990AFD5ED1D0
1877,7BFBC52D9026962F
1878,EC5515ABFEB8EDF4
1879,B35A47F6F1B86F4D
1880,BCA97F5F9EDC2964
1881,8FAF2738008BAE01
1882,150D7CB70523F2DA
1883,E687A05196978B1F
1884,87FFA6198BD4A296
1885,9D1B6EA28B3DE571
1886,6F5C63679640D7C3
1887,A60ACC2993FFDF69
1888,83C10CFDAABE87B5
1889,111A9BC98EA74A57
1890,0A07704DB3837FD1
1891,FF2DD8CDF8F1DBC8
1892,95082880B42082D2
1893,12AD45D488D956A1
1894,12262CAF43B2EE4A
1895,3F6DDF1412565809
1896,3F5EA1BD705FD55E
1897,480CC80941CB72E1
1898,27977F8A8928243D
1899,91CEA5398227AAFF
1900,2D0054E842207D93
1901,086F15C156ADC8D6
1902,925ED2CF6A0AF42B
1903,9CCE64664EB5C0F3
1904,D1CEBD1D346FE370
1905,40BABFC616466C2B
1906,B4D366951B2D9F5D
1907,D990BEA2B0F25433
1908,6789EBEFF9CE30C8
1909,60024C2E10478CC4
1910,7F831B1F75207884
1911,D450C16E0806D06A
1912,14562A7F0F9BC896
1913,50137ECD271D87A6
1914,B5EB408D18DBF534
1915,9A7A0C7554B94852
1916,BF11523239204E7B
1917,C8E4E0A6AA4845C9
1918,156818BF86152EAE
1919,84C48D87C46CDE9A
1920,EC9A89DEE991B79D
1921,450298CCAAACFBC7
1922,FDD2E077D698C416
1923,3E11194E2B20E5F7
1924,62D6214F6D820C4B
1925,E76E230A828A3A24
1926,01DC539B1098FA6A
1927,470396C5910C916B
1928,AF9FC0574AD6EB6B
1929,8237532B2CDE7624
1930,D0DAEF562E5A09BB
1931,0F00232A842A620B
1932,9DF6EA789EA6181C
1933,2C884C8DE1D71128
1934,7E22CC526E89CA9B
1935,9EF67B4A0CF2C346
1936,56B19D4E4060FF9C
1937,D175BBD178E90B21
1938,7F00894381E69D91
1939,4FD9E0054A22BAEF
1940,7C7FE5305D582C65
1941,34B0CA14AA64B5A5
1942,AE3FAC7AA63D4CE8
1943,122148A2C2936E13
1944,579B66C76891AD32
1945,29D84CE80B620BA7
1946,C33EEEC6953BBC3B
1947,32E289DA33723173
1948,3974419BB46FCF29
1949,EF3F01F4C99CC1F5
1950,96BB5B6A6B80E780
1951,BD7E7C6AE21754EF
1952,55F66DA14A9400AC
1953,EB172EEE2ABC2EA6
1954,B599763617AF71E6
1955,1E98C920DC87AC03
1956,4B3CC4714586291F
1957,5A57EEFADC2DA46E
1958,1BE06A234055F1F0
1959,2C9F44B376C9CF44
1960,9DD228B4A81537A2
1961,5A742E043FDB8533
1962,312A1373832A73B0
1963,B1956E0C1CB50E58
1964,DAC1C126A2CE438C
1965,0E3D8D02B5CDEF8E
1966,10914A8A55C87F8C
1967,2706E71478083B22
1968,828DE84D99814237
1969,FB4DCC6846823A7F
1970,9B7CA84CC45363E9
1971,115006FF00EA3731
1972,E5BBFC8E9FF8DEC0
1973,0FB7A18C0E9377E3
1974,0B7070316AEAEFDE
1975,3293DBA5AC9A20A9
1976,58B3DE6BC098B67D
1977,67A1F06D5559283C
1978,C3AE7BEAD5EF7F95
1979,286D7236BCF62F55
1980,69A049245836F7D7
1981,51E41C77880100E0
1982,B490C14A1B1DD315
1983,43E29E40322915C3
1984,F31DF28C4C071E50
1985,1C403BDC39354175
1986,081BD93F7D964063
1987,15D3F36D85D94C67
1988,4CD59AA2CD822F19
1989,486EE05365CF7B1A
1990,98856E9A6118ED63
1991,48FF619AB1738DE5
1992,236F661369EC6FA0
1993,A4E3BD2E94EC7DD7
1994,6B9F3D4E0CB0DE18
1995,F24EE42312687EA2
1996,75F052EFF22E4FD3
1997,580F4DDE1841A767
1998,02AF12C3E95764AC
1999,37C5F9FC3B91ADB8
2000,9617D1132E655D74
2001,7EEC8B1F85E22703
2002,64F1A16123B35F86
2003,184A2E57DE0834FD
2004,4EA6E1F864508769
2005,E48A82F10C74D1DC
2006,B8069AE2A5E67D03
2007,D19389A341818484
2008,092F3A34D0E68AFF
2009,7D7F540481F0AE79
2010,321D6CBF314E493F
2011,6D8705F8B535D2C8
2012,45F9532B1DC1BEA7
2013,0417F8E2BF21EA6A
2014,B1167E6A4C3F4EAC
2015,49BF1EAE485EFCB9
2016,F704CA79F45E8D2D
2017,3AC662B306B54383
2018,4BAEFC2F9C6FCCBE
2019,D37FFB1F368E46C4
2020,7F5DD4C9877BD227
2021,6F6CDB7B171DE4B8
2022,EF2D46BCDE52F3C5
2023,017E836BEF1D8A52
2024,09F3671F5643C3DB
2025,E9076087554F0C07
2026,612B8DB91A68EC8E
2027,7969DAB5E7814645
2028,8883B606FBE92B89
2029,A47E97FEB6F53B94
2030,1AE1178758887CCB
2031,1789254EBAF634E0
2032,8FD1839257844FEC
2033,4FBAF07298CEE885
2034,30A00814684A025D
2035,5A5CD05CC46A32F3
2036,D70E0EFE8D4AE4F3
2037,279D773E2BCA69ED
2038,765FD18FFDA91F7C
2039,1F257F3722D3C034
2040,3A6D3B39B086F068
2041,6DE97B2888E857B7
2042,D115F030B0BC3916
2043,E2C8383AD3C7A293
2044,874D858136771F29
2045,EA421090FECBECE1
2046,0A51A8FA35DBA5A4
2047,A06BE56D08F4F1C5
2048,0598004889DA6A6E
2049,51C25A14BB141EB5
2050,481D46314B05FE6A
2051,FA01043A959B05E1
2052,893B7FCDF5DF21DA
2053,7003F90734D92484
2054,B054A1F9DD62671D
2055,76A91554583A596C
2056,F593E5C6CB91DC95
2057,3436C07E4CABA0A0
2058,2C54117DC5A62859
2059,2A7CA614CD01A9C1
2060,F7D7EC371D454E9D
2061,6484675FEC2A8BEB
2062,7425335AEC5E0E9E
2063,ED3596DF1E5632B5
2064,9002CAA1DFECDBED
2065,2EC1B43C01B6EBDD
2066,98F5852C78DD4ABA
2067,1CA766063A7FC2EF
2068,021E652FF020413D
2069,B38D3A2BE27A9DE0
2070,63455358FAFBAC94
2071,D505DABB8D584505
2072,4089F6A1FBDAB7EE
2073,3401264A60DADB62
2074,238A63BEE441A166
2075,851881A61A738258
2076,294A272B5970BF8F
2077,160195C18E1AD06C
2078,FAD303D0D3AC17B8
2079,79B3FE7016633C8D
2080,2DF06D17AD169067
2081,2ECD3FCD7E822B9C
2082,37239D3877370F1B
2083,B4CEFDE37D6CD4E4
2084,35C3FD98BFA64A67
2085,E826CB0265F4157B
2086,7271BCCDD4FED211
2087,097DBA2ECD000159
2088,60C69FA8D04C740B
2089,88C2064BA73C5123
2090,7D1EA4C1ABF3F88B
2091,60677E0715E6B8E7
2092,B4C9D302AB4E22CA
2093,E820F7E079A3FEAF
2094,84E45503B74EE179
2095,763BB2C7E9D50155
2096,3C3D1D45E010E304
2097,35F711B8F67D180C
2098,9DBCA34064D44FC6
2099,525BC221D73E466E
2100,9D2C056797375AD3
2101,BDE3770917E2EA3C
2102,1854E850F291786A
2103,F79D6341582AE2B7
2104,BB48CED71D083E79
2105,B5325B419DE24EE0
2106,1083554507AB7786
2107,FD532BC2F4BD5B8A
2108,3BBFCB65DCFB87E3
2109,A1744C1FC4554F79
2110,FED775CEE335726E
2111,B97E11995C9B4BD6
2112,385153DF32250F20
2113,FDC3633521423BE3
2114,832E207953B23EFC
2115,AA6C82842CBBDB5B
2116,FA331B32A1E8C6F1
2117,61A7DB52F813D2B6
2118,2F9A58D4E8AD3B22
2119,E07B289B70DC95C4
2120,3841C8334D6D83A6
2121,2C7DF70A90034F07
2122,5E1182E59AF5987E
2123,D6DD10BEE0D4B149
2124,74EEC804BB1409CA
2125,CB2C7EAA9F295E87
2126,CD722133ADFD5DC6
2127,8C2B40A1685FAD42
2128,9AD7BC3617BF6935
2129,00EEFAB0FDB5FFE9
2130,8139708E7F4676A6
2131,F46EA9015579A8C4
2132,6B5943D16845E990
2133,C886E1EFCFDE5019
2134,8EB99EBE48FE69FB
2135,FB808528EB2276D5
2136,70770B29CAB23772
2137,C26E6D286CF9EEDF
2138,6D7288329AEC3633
2139,63F14B9A49F1728B
2140,B0A88FCA1BBD6917
2141,66BD6AF2B8589C4B
2142,E31D3D847062BC01
2143,4C3895D4A101C37B
2144,5765B6CD0CE89F15
2145,8CEF140E9E08F9D1
2146,94E222DDDEE3C7B3
2147,1942AFF7AF51E534
2148,09EE67E8BE1FDCB8
2149,248A95FEE1B502A4
2150,C1765A4846322E75
2151,92EDE1745910AA47
2152,3F6E0C3EBD2DEC75
2153,4F755FCDD8256342
2154,67D2AE65C6C199C2
2155,DC6DB55DBA1885FB
2156,F58CA80D4B0BC961
2157,1ED782A259F09A4F
2158,042FE8496195AADA
2159,D7EFC2118C503223
2160,6833520A168AEBA6
2161,0470AB0DEA8A1B1A
2162,B4F9F9558BF027E7
2163,318696EE38E82A66
2164,9FFFB3E26E0D135F
2165,CB75780F6219E551
2166,2CE7361AD43F8D20
2167,6A2017010680CF3B
2168,71CD2EC0463425FA
2169,23DE8790CA5AF5CF
2170,1ED7557E405E3980
2171,1180B80EC965FC81
2172,6A67B419490C4B0D
2173,5EE03E3500C5C325
2174,4D7870CEB7F1262D
2175,B0409F38BFAE3AB7
2176,30EF1DA5F9423A9F
2177,B48382736C969519
2178,1CEE3E08D10647E6
2179,492B0CD73AD3B512
2180,2098C12ABDCFA70D
2181,503F7D33342252D8
2182,2697F35BB30F9EBE
2183,EF553BDCE33B9586
2184,9D6A57B41370B072
2185,85E8554D5E54D549
2186,950C35D6CFE07AAB
2187,BA845B0D10D94E7E
2188,42E86793186F7AE3
2189,E7E0E8FFCCE38B3D
2190,F6F6C90D4B757D2A
2191,486348F80A4A2A18
2192,C222782F1F450BD1
2193,0FA49F5099D40E4E
2194,FA8CF56973AF1843
2195,92BFBDA4CE6D5306
2196,3CE068A86D173B35
2197,1B9DE327FBFE1E30
2198,3F49CFBBB4594757
2199,F7978ED44E775D2B
2200,BA10AA07A60E6325
2201,0548EA8FB4A63292
2202,7E5629C19248296F
2203,F28EBED2D56BAB55
2204,E662006C51108196
2205,3865AA917991887A
2206,C07E68CD300E2B17
2207,902D12288E9CB3EE
2208,E384EA8BFBE918E2
2209,ADDCE36294263359
2210,8219354FCE2DB519
2211,9D56B34313C757EE
2212,0EF7A59F82B988EC
2213,5DFDE8338F367662
2214,A0C7B4CB622EED37
2215,9A875CD977653292
2216,B90B6C88A348416E
2217,B243C16E78B3A47C
2218,01BAF2A31186689C
2219,BD7277AF5268FB80
2220,97054DC531A7360A
2221,A1D384E84778E052
2222,CA7585738DE4CB21
2223,2F31157CD5075174
2224,8910173F989A5DCB
2225,96D0350488E0472D
2226,A42F910D13E04F55
2227,26D0C43CD5E28748
2228,FEBA3AFC80D6872B
2229,DFE88B30D066712C
2230,00F8BC6C1301A863
2231,A8882EA49D00F840
2232,A38B0C9C02404ABE
2233,45465485AC8ED4EA
2234,7FA53C6D4A4A1891
2235,C959FAF4F059FCE1
2236,A95CAB9E3E3782AA
2237,B965D172E7947105
2238,EBC1933EA5DAAF82
2239,5A1D60731D69D036
2240,EBD8B8449D9F6D44
2241,1A16CEB16044E934
2242,8CABB8BF2F922ABC
2243,621DF5F0F129D381
2244,7FF8DE9D8F16BF22
2245,53CDD597E96CD7BE
2246,7153A2C0E826111A
2247,E94E77C8BA8019E5
2248,ABFA6E7B054056A6
2249,000AACB2118410E2
2250,C95737A70C89EEB9
2251,A1FAAF83EF0F49F5
2252,EBDD2A63C650B449
2253,32B25EEEB7CF9C59
2254,94501B54A1772102
2255,E40AC9DB96232865
2256,299E166C7C389FF2
2257,A3DDCFF4E1B538B8
2258,6CF7F3D27A78A1E2
2259,FC14393ED439E7C1
2260,04457C10AFE40811
2261,4C518026898D3CEF
2262,8CFD5D414408F855
2263,C5F44D98706C36B4
2264,A027FC954A871A63
2265,2DB4C745F6913D20
2266,DC72A878F5A0DE75
2267,EBB0D792F3486408
2268,48E90F19F6CC9D3A
2269,013CCDCE06BF8CF6
2270,F9EA3F9CE8AE8D34
2271,5F2E43DD0FFAD6A7
2272,7D88BB8C0EDBEE81
2273,72528A2A0D51C87D
2274,167165A7517E59D4
2275,3A2CA9B2AD7F9161
2276,2A4030DECB8FF121
2277,73EFD5B42A5F3516
2278,C7990E03F8B19F86
2279,AE42F22924060A23
2280,86FC0C561CCA0B69
2281,557DDB6D0ACD655F
2282,CD634692BCC9EA03
2283,1C1E1CB3BD1FCB2F
2284,63DB77E751415A1F
2285,8847F1232618931B
2286,B7E4B6EB637E5718
2287,D2DE04A0A4172E0E
2288,17B0B29A418FCE9E
2289,2D7DBF3CE85539F5
2290,75AC40F25D1D8779
2291,196186322B233EEA
2292,7E84F77794B6AAD5
2293,DF10DAF2D30C10BF
2294,8E36CC77404B843E
2295,92D47B2CCD263FCF
2296,BFFAC10357D2F8E4
2297,A7544B6DAB2974E0
2298,610D0F7EB3F5DED0
2299,8923923968C57B6B
2300,830E60BABE99C50B
2301,BB78C003AC6A45A3
2302,B4DCDCAEFA8A2197
2303,FC3073869DFB4644
2304,D846AC79B3E89395
2305,5EFD4AEF306BA649
2306,38C10543064574B6
2307,10C031B55402B2B1
2308,639FC66D05C483E8
2309,6DB51BA89440215A
2310,3166358F5B69B31B
2311,D8C7D4EBFC69A3B9
2312,F9695C03BD22F2EF
2313,E2CA38B953749582
2314,3EDD8409EEA7BF45
2315,094EC54256B66C16
2316,3845E1B469849723
2317,54BA2F79933EBA34
2318,D283258692A68AD6
2319,E77426487BA0D737
2320,DCECC11E0A5E3B3B
2321,9B1A364C9890424A
2322,8AEF040BAC82C375
2323,54A28EB87279CFC5
2324,0BC2DED02518ED6A
2325,FCA0393A63D35032
2326,5541404874A232EB
2327,3D631D4F07A8C5AF
2328,9AE2958FEDFA10C5
2329,C338A1ED0046E04E
2330,1D971D8A9CC7DB2C
2331,A93D477128C7AB89
2332,59D30D091F9BE507
2333,06DDAA7DA88D6395
2334,0E5B44C9565A473D
2335,8DDB2ADD806DACFF
2336,CB490E0053EB78F5
2337,1001A4E82DD81B28
2338,9AA09437EF6D5B26
2339,1D3B49B9FC9A005B
2340,D5054B8E5BF80D69
2341,E9A9A29166CDCF49
2342,2927AF4636456BAF
2343,62F7AE723364B143
2344,DBA40DA663E674E7
2345,5E5B4D835DEF6E2F
2346,1CF499AAC780C124
2347,BB8A668FC2708793
2348,BA43F34BA2392E3F
2349,1A724E1F2D6E9FC9
2350,A47AFA9AE5387E74
2351,175F539AF52DD7F6
2352,319A1F9E819FB43C
2353,A02DC135BD937CD0
2354,C22297859B9CE278
2355,DF0EA09E42DC41EA
2356,A790D853F9029F68
2357,B977FDA6F16BB9F0
2358,C132E78C558D9C53
2359,15DD0DAB9868537D
2360,210CD82209058B18
2361,11733E94D3195498
2362,897703676B5E4A80
2363,F5D9EB50C9F72EF9
2364,5C29A408EE77B25B
2365,04EF668C7229E3C3
2366,C9FBBADD5B46D50B
2367,E41AE52F3B59B877
2368,E16515DCF6292A4A
2369,379CF23345E60994
2370,96C0EEEF861DDA93
2371,A28067B8CC1517FF
2372,B6BBB575D67A5F98
2373,B2E009C46B8D2307
2374,9D88B443BF293C8E
2375,0D1AFA648D8B904C
2376,183CCD0B5C83E0D0
2377,E362FB36F8A2E805
2378,9F86CD7F0CAFD82C
2379,F105129B92CAE00B
2380,2B65647C81A6971D
2381,84282F859DE13AED
2382,FB90385086E54755
2383,BEACCC75F3E8A93D
2384,24483799E9A63897
2385,BCD0CBF10D0277A7
2386,68386CE74CC8AC8C
2387,D4385233A0BE5FED
2388,110186AFDDF35B55
2389,0ADE543523DDD132
2390,A74C8A4BE739A1BF
2391,72D6E0BC8910492A
2392,AA712FB0800C462A
2393,70B257105D03A996
2394,28C62F12709BA290
2395,5BFA406D2A7939BF
2396,884B3F5902A460C4
2397,55ABE126C00CE6A6
2398,C11A0C000F0103B2
2399,6788531064E038CB
2400,E7E118F536273736
2401,6225B671D021A26A
2402,D8157F686E868C85
2403,15C198EA10453B4D
2404,3D00CA287F7063EA
2405,1A6617042139DFAA
2406,9382979EB1540356
2407,EFA0D2B59FC25FA3
2408,2E0DCD27EA9F7EF3
2409,3274FA433C7E22C2
2410,91A901D073465B3F
2411,CB3432628DE0DE1D
2412,7FB16B9940F4252D
2413,9E16286F8C0364F6
2414,65D792733633E530
2415,6D9C32DF97D34D3E
2416,7A2E1906224DC59D
2417,D244B74E5C867E17
2418,AEF165121C3A8F1B
2419,8F69F493780CF89C
2420,374A0D693CF85245
2421,14F07A065B8FA3B2
2422,D8CCFDECCFD929B4
2423,699FEB11D6D1CFAD
2424,EE96A9B9D06B3E10
2425,C8E6C332D8D447F1
2426,572049A94A39D0BE
2427,DF9107ADC1030D02
2428,3841A40405439E2C
2429,AFADAB7895AD3EEB
2430,2D7D28205FCEC779
2431,BCE92470223B4F80
2432,A4901EA5362524CB
2433,D2575F0CC67F8FA1
2434,14695A4D0A659639
2435,6A39EC72614BB24B
2436,E7E1DC956FA06DFE
2437,9BCAED3FE020E6B5
2438,7296CC6CDE1A61C5
2439,A91EB69122EEC041
2440,3F3AE7A90C78848C
2441,D9A26864A698C6EF
2442,5A22FB8DB5F3FC14
2443,C308ECE96D4C30D9
2444,01CA69EE98103B9B
2445,9BA942E5219DCCDF
2446,3E9DCAE8ACAF1D20
2447,17018CC497119F2F
2448,5CEC246CB8593B0E
2449,1839EDFDDFC8BFD7
2450,9BFB9968E06C98C9
2451,D41D8C69BA83214A
2452,27D11297D7EF2508
2453,33BD67EBA4E84501
2454,1FB7A9A81067728A
2455,0804D853EBEC95EC
2456,41600B8116976EB5
2457,54FE51DE90BB14EA
2458,F368F62D28437694
2459,81510AEC39CA1FDD
2460,1FE6B7403F7CBBBA
2461,88027189E3325747
2462,FB2D953A22BC0141
2463,05192452FE97FEFC
2464,853BFECFFA2C909E
2465,03A6CA942295A3DC
2466,8F63ADF9350EC1F4
2467,6C58BF659831A6C2
2468,3FC01886A8E0B215
2469,7B09F2B10B1FA2CE
2470,16CC328ED4DD3F5F
2471,E25D8ACC5D967FA2
2472,B52467D8BE88D89F
2473,21CE5E76826F12D1
2474,D5EDC997CBBCE925
2475,BD209B32B0AB87F5
2476,57AFE9327AF05EE1
2477,4262EA6BBD91EC2A
2478,34BAA80434AF7E3D
2479,EE5AF16CEE1AB569
2480,BDB846CE90EBC3DC
2481,B3D6F1BAD5D035BC
2482,BF0B1494DCD55B0C
2483,CC15C1334EA27C73
2484,08E62DC765C67070
2485,A9872FFF6DE83860
2486,8D0EA6306065F06B
2487,3292E9B912E75781
2488,6E8DFD6AFC03022B
2489,B733342E8F0E2DD5
2490,25717F6C29082700
2491,B5C1CB970F96D0F4
2492,6DAF3CF2A3BC3536
2493,03D1F56C7B36512C
2494,025DECA2EB93ABE2
2495,283636F7462F11A2
2496,656AFB2BB8E17673
2497,1973968A40DFF234
2498,83A8DB097721D28E
2499,5C375F9575071A8E
2500,4D464C8EB1E03C0D
2501,ABB1A17575FC376A
2502,224B385554B47912
2503,CE9338DA88CC89CB
2504,E69084B9AEEE2C82
2505,B9E83FAFC7BEBD73
2506,27972BDA0D92A252
2507,1D744EFA637EEDEF
2508,C5C9076A0651EC41
2509,6666F7D4A2FAC7C4
2510,6374B54A36BCDA7F
2511,F5D8D7AAA192B6E7
2512,9A71653779C80BDF
2513,DD9BD7EA3A33BC12
2514,DD045B89F4634C2F
2515,44909935D66A8D6B
2516,5A140D11BF316978
2517,F222D1B3EF507B68
2518,58B1D26D96BB4228
2519,5BE9FD96D388CE14
2520,C01AC3D4D0772BD4
2521,7D973916E24B8367
2522,A95B35FE37DBC74C
2523,229BE58239540718
2524,75C54AB84094BED5
2525,1A76B09B2761EEB6
2526,FB6920CDAECCBB26
2527,8CEAF0B210472188
2528,655DD038C03E4006
2529,2AADA1FD9BDB5CB3
2530,A1EE27D048082B75
2531,6672005463BC8690
2532,58B0BC8A8161D8A4
2533,E50917759FDFB08F
2534,43062D7CB352EB0A
2535,E95DF88B6B88900A
2536,30D9505B177F8BEC
2537,EA28A3D87617BA1B
2538,691CB01D1B71958C
2539,956FF4D9EA2EF670
2540,D6B041864B2F1A45
2541,9F6F572BCC7899A6
2542,98E740A646FB3B16
2543,C1902B953743DFF4
2544,6603FFC38F8DF77A
2545,7E594FDE8BD9506E
2546,260395FE088BED73
2547,54B8B12B737310A9
2548,DB027F9D9CA1D45A
2549,F484AEDC03CB5D3E
2550,D4EE1F46B76D8CC5
2551,05C2A584F259C2DA
2552,A1FA540DD7F9186C
2553,5F9117710FD2CE97
2554,DC5A884C28DC6C1A
2555,438D6FB60A1E028F
2556,56EC1022678FA6C2
2557,0D03046969CC6806
2558,13E5CD6F380C487F
2559,BE02F90013CF2135
2560,5EF0CC5711FF58E3
2561,054F9087C889ADB1
2562,46CF1C3154FC34F8
2563,FEBE05BD5167857A
2564,F1A01214F0121BAC
2565,7613D9753C73E232
2566,DE587E097EE62B5A
2567,1604F4632CD13F89
2568,E1DE33AA3F3FC32C
2569,6279A8AD4B307BEC
2570,B33694CD0FB5A7C9
2571,F2A97D50055B20ED
2572,8EC4E034B2A2C864
2573,9AAD854937CDAF8F
2574,8BC75C803205E4B2
2575,8E939D2BAB6AD0A3
2576,897DAAE07CD2C34A
2577,CF9716F7BED7A6D1
2578,3F33DB7281435A0C
2579,D7EBA4D4C3ACDE8C
2580,33C2AD47111DFA48
2581,D4901B4272EDBA87
2582,01F1A6081CE55766
2583,E7CFE0AE1936AC28
2584,3BC4C9424B1FA1A0
2585,6D0CEF2092F7DB29
2586,6006E8677B3349F4
2587,EC99F9F7A2BB7119
2588,7377C5F67D478EAA
2589,C5F351502F3A8B61
2590,A44E31CC72A92495
2591,4C19A27DE22C4E71
2592,156883D54232AAD4
2593,5CB93E1E5CD73B71
2594,901A54AA030665C4
2595,CBC83C871C001335
2596,DC9F2D3F0BF99BB1
2597,DD2D8F98907A030F
2598,12A441CE5B018BDC
2599,054891F84D5359E0
2600,1BFCE4CD996F7C73
2601,E417389E368F48A6
2602,55419DB321612883
2603,CC79BE35008B031F
2604,84109AD95A7858A7
2605,990302205A19741B
2606,EF7AB55472808907
2607,3AF30FAB1B482ED9
2608,E38630EFAD7C10DA
2609,D7E37F93638452A8
2610,B64254DD5641F650
2611,33D22EF2F12387AE
2612,6A69BADEAE316B79
2613,C33B15353A0818C5
2614,B7F1ADAB8F0AE5D2
2615,C6296280B9D1FD88
2616,B255092D433A2F06
2617,DC839EB03EE41F88
2618,3634CA72DCB02643
2619,08B862AA3456BAE4
2620,3C776AC479278C51
2621,EBFDE9E5758F09EE
2622,2C65C0F11CBFC80F
2623,92107FDED831C40F
2624,03AD4E839E9C17BC
2625,24BCAE0C3E7055D9
2626,551123DEE618A5FC
2627,E590109B99DF7D05
2628,1D9DB1ED4A267FA0
2629,12BE4CD808086C4C
2630,FB690A9D633B58E5
2631,26AE92A03A2C05CD
2632,4DFD46C2A0AA6E62
2633,6C33FF2024C8D393
2634,B7988D19157DDD2C
2635,E0C090FE7F924C81
2636,4A9604FDF474985B
2637,B0CDC0B8F4112B00
2638,544465E4CCC9F96F
2639,603BADE252F9CFBB
2640,87D47DD57B867544
2641,F2CC3192D64EEF0F
2642,290C00F32784CE3D
2643,75E8AFBB8EAAB504
2644,712DA59ACFF38F97
2645,0E93F32BF3B2C4C9
2646,D8098E27CBEE565B
2647,62CC51664086D69B
2648,AC7269055DA5EFB2
2649,6819F7A864AE0558
2650,EFB5397CF813E244
2651,53B154EBAFBCFDD5
2652,C316221EE04DC55C
2653,85EF4B415653EB82
2654,63D455DDD5F18F7E
2655,1A007D6F202181AA
2656,1AE7A704791D9089
2657,50A2C34563AA5225
2658,22D4E71CFEE49A81
2659,1BE53896FD843842
2660,8C3954CCAAEAA9AF
2661,D978AFE21E64791C
2662,4FAD39685398DC75
2663,D5A4040BDF460B4D
2664,46CAB3E741773F4C
2665,3133FE19ECC49295
2666,1FD8BF28A879E3A1
2667,39D06F7835BEA11E
2668,2B2D9CF63FC154D7
2669,05848B4C8B9AD022
2670,704FF116E12276BF
2671,0C5C7B4783AE0FB7
2672,862747CA3E631709
2673,C91445456864E7EB
2674,E53E471C5FCFF4BB
2675,0B77BD085075C26C
2676,17739C5A7049ED97
2677,F698D65EC75C79DA
2678,7A4A18A24EF34EE1
2679,2CA1AFEA8F46BE0A
2680,3F289962BCC94385
2681,3C0408E44FBC4616
2682,5A625AF67C3DA81A
2683,80FA2C100648A0AE
2684,972073CF466EEC62
2685,DFAA998FDC817F8D
2686,F30EB74786830299
2687,6C65670D11A3A880
2688,88347CF0106606F6
2689,020D79F8DFA8F6B0
2690,8AB9A7FA1697FB2D
2691,683E828FE848D439
2692,5B4048A60633FCD5
2693,1747AB1F9EA9A3D5
2694,55D63B2851CA32FF
2695,579D119F5B5A1B2B
2696,5D98BBCDCF5B0D2B
2697,064FDF3250125759
2698,833096FA50B7BDAA
2699,B48F6FE6E0D7B8B6
2700,C9B86F62C0F2DC28
2701,A211D9FB397550DA
2702,1744F278B7E8613B
2703,881ACEF13D9F1946
2704,EE2C88EEBD97D1AB
2705,98E69DC88DE9373C
2706,D1306388A224C600
2707,1DDA9E9BBB7AA74A
2708,03765FE8DAF16D76
2709,5032EB1F00C80F4F
2710,EE8199D8C8461784
2711,1F28A44E90C44F7D
2712,3C804CA9F9FE9497
2713,8BD09549D3705797
2714,1F9003DB47528177
2715,E4186A64F9D98DA9
2716,26C0585B5FB4198C
2717,7808F73101E983AC
2718,724013F3D300C776
2719,2E0EAB585DE49367
2720,CB4FDF37B4BA08C7
2721,36CD611B5BC646F6
2722,7B5F0D6571769D64
2723,C771D008F79D2155
2724,CA07131DE557B83A
2725,A2594E77B7EB26EB
2726,8BE3A6D78D435011
2727,B551C3B44D8F979C
2728,EDD9EA0CA58E3DF5
2729,B8724BE28452C2FA
2730,6CA24535F40B56BC
2731,13D841B5D94261BE
2732,D61E76A19166503E
2733,B01A7D00B9CC8A77
2734,C18F76CF76204844
2735,8C492D19E798DD12
2736,D72384FF3B097D19
2737,114089821C67EFAB
2738,C004317F6FDC63AE
2739,9B0DE58F66BCD2A0
2740,3F667E0CFF576125
2741,78C9DCA2AC66B086
2742,62022DDC1B1FA68D
2743,6BC1ED6B8596E042
2744,16767117F6611BF6
2745,F79A3F5D769EBC87
2746,D3F4BAC15507DB50
2747,E3F3BA919E84472E
2748,7BEC8786424DCB3E
2749,A1C290DC5879F6B6
2750,4E1B045B7DE5390D
2751,33D4EF5FF07C3A1F
2752,61AB19C05D1EBF37
2753,54D698ADB7CB126A
2754,995725B00012D2A6
2755,C654F22A175FD9AE
2756,390BE7334A2C3DDE
2757,BF2789951C073BCE
2758,385CE87854E9C3A2
2759,B5512F8AFCBDBF76
2760,C4BC5F9B07F4C6D0
2761,DB44F3C592CDA684
2762,A190CFE42029EBF8
2763,9ABAAA0F17E8ACEE
2764,1761274212B6B44E
2765,F0FBE4035FB741A1
2766,C990C4E600DF1143
2767,6214F42E964F5B9F
2768,53A31BF9BBF3A3A3
2769,62950463E4D11558
2770,A01B9948C89A6BFB
2771,87CAA98714DDFA8A
2772,EA01AC37908C17A7
2773,637F067E951054E1
2774,551CC1B3127B06F2
2775,B3F66539BD4E59E6
2776,62C4251A47D8B913
2777,59D75DF48A4BE16E
2778,8439BB3E9B4B1A2E
2779,7419A58C05D21204
2780,3F26BAF0D1D263A2
2781,1E15F862EA8C24C1
2782,7A8138A6A5E643A7
2783,DF568FCFA9B6FEFD
2784,3187557B8E71754F
2785,CC22FB7DC512E01B
2786,D6B39E66663135C2
2787,87E90943F4C1F310
2788,56B050525E05D3D4
2789,B3717CD67BC3D5F0
2790,4560FFDFBE221AF2
2791,82220214B9C5280E
2792,BE3D98BF228BA525
2793,DEF9159F17C61C7B
2794,5EEBC3E3360070EE
2795,C41C6F7A250475F2
2796,BA57B9813FAD1849
2797,35661595EFDD1C1F
2798,350A796076B9D702
2799,9E9BF0BEA34F994B
2800,3E8A03704F780216
2801,CA3E2FD9903D7A5E
2802,720165C4BBFC3F4C
2803,C379FC32087CEA26
2804,B18F6656C2E62A7F
2805,F34E64CE14BF58D9
2806,1D2AF99D079DA2B5
2807,792306021F8E90D7
2808,3656670039C1CEEE
2809,E47785A83EB69123
2810,B341A7F935BA6FD1
2811,708446719FB1B813
2812,998B94CF349E27DE
2813,B304185FD2DA656A
2814,659E3338059D4445
2815,6AEAC3647A54CD50
2816,468293D4282383A0
2817,A4825D226B15C949
2818,3D999EF7B9A82C7B
2819,2297C6E072F37A8A
2820,5A4F1DB5B84DA362
2821,FA1996DAB2220D72
2822,459A202C7D42D8A5
2823,8130655ACFCA28D5
2824,5EC0FB60411F0491
2825,59E8847A72575B4F
2826,180BF1211FBD9072
2827,B998651B8FF53DBE
2828,EB1130F1EFE51800
2829,8B6C82BEAC68725F
2830,F67C6C99BC850F3A
2831,1804E1EB287DAB7D
2832,3C1B0BC6F5836249
2833,DB2B0FC2B916859C
2834,706B7232D05A68E9
2835,1B5F9EC07FEE004E
2836,FD91FFFC7B667C39
2837,3AB687943E5FF45D
2838,350F832F580DA9BD
2839,C9D22B354BD6A1B0
2840,D53B4ABC914ED774
2841,1468D03A883016DC
2842,4DF3C8DAFA123A22
2843,4A70671D5851E253
2844,E2E2E9C0D81A6DFD
2845,AB2498B58D63AC73
2846,A0EB254198EA32BC
2847,C22BC95A260C4724
2848,EB4516B684ECF46B
2849,062E4DC9C064AEFE
2850,BEF9ED3E27E983EB
2851,59AA39E3563DBAC4
2852,0CEE4EF0FC5E16E7
2853,6F8DC7FE1B4160DF
2854,C155B01C5A8ACC5B
2855,2F0117CCC18BE073
2856,19E1955557110CA1
2857,B867AF17037773E2
2858,425FC4287DFD9226
2859,AF6FC1632CF14700
2860,1E62C42E09603EB8
2861,1D9EE33713A099A9
2862,2F86275EC7C2F2AF
2863,AED7AADB297FCEA4
2864,30EF11880CA13E3D
2865,15F67EF71BCCAC7C
2866,7C6E2C48F1A7A5EC
2867,27C33ED85DBD8D84
2868,2C90F822B6133C5E
2869,0049C852AA6F7351
2870,EDE53BD2937B8FA4
2871,9F4FEF24271FCDB6
2872,24506CEFF296D03F
2873,449131E0A7035CE5
2874,A4C76F2E790460D6
2875,A8D1220BBFC0B8A6
2876,E427AE890E2A2C47
2877,81C0D82EF35ADD8D
2878,3E6143A653B3A08E
2879,AA712097644B26F9
2880,CDEEBAEB798E6B13
2881,6238800B7593E29A
2882,D9BEF1916C1EAD5C
2883,B6F75B83F43666F4
2884,C9F844B5866EBBF2
2885,7239CBAE893617EA
2886,75D360A911B82B24
2887,F5C258BD72023AA2
2888,B0A7D24AFD9B2D1B
2889,A656024921F546D3
2890,BF7B4A5E40C783B3
2891,74D34E2F3E34B4C4
2892,0887F857BA43DC4E
2893,EB7D19AB65BC7281
2894,738D827FFE06FC5E
2895,FE7455B2F8326FBC
2896,C07D868C96098877
2897,7FE232672FC8C5FC
2898,BA58D13F35983DEE
2899,801D0DF1F4CDC9C2
2900,663A8477CBC03143
2901,B839D29D18222678
2902,C0091621800605AC
2903,662B8B9D7ADA5BE9
2904,B11B0D49DFDA24D5
2905,F6D2FDEC31EA080E
2906,1FEEC01A0DF5CC6C
2907,E2C77BE7EC838EFD
2908,F00C2ED68CDADB87
2909,673718C6A0855B24
2910,D59602948514FADC
2911,8C0C47B2151E6F98
2912,9BD03E7026569294
2913,41E432C0B78E25F7
2914,085ED1C89815CD7B
2915,687C7F20706BB161
2916,FC0B91CB7EB8ACCC
2917,A475D583C45797B7
2918,C9C4B943049F49A3
2919,61C3058CBC3DEC0B
2920,8479759BE416D885
2921,A3A257D12350C2DC
2922,25D9B93CB0B99F89
2923,168EF991E350C03C
2924,1FF8C2DFE83ADA6D
2925,E1B584C957DB0905
2926,4BA12A09EF861162
2927,53410CA2B5D9C34C
2928,C9924E778A23DD04
2929,044E614926A48798
2930,916DC07BC1850A31
2931,6AC9F39E8BDE58F7
2932,DB73E5EF23267C83
2933,CBEDE332E9AF2E4D
2934,0214527DD82080FF
2935,3DFDF3CC715AC937
2936,57DB655CBD251A1A
2937,6485A987ACC80AF6
2938,F0D88704648999AB
2939,2032D45FE5D20BDE
2940,B5CFFFF0BA5E9622
2941,5E559C25FD1E5EB4
2942,BEC89A3447B60A97
2943,F6FB077B4474AC97
2944,57813D562D73CF89
2945,55980665D5AF1A92
2946,291AB0D48ADD1F3A
2947,3880F6A7F4A370E2
2948,4E377ACCA8E12DB6
2949,9AAB7F252C8B40D2
2950,11C21C20632449FE
2951,6D8EF0FECB4F1E85
2952,B237ABC60141DB57
2953,C0643D256AAB5A4A
2954,0B23ECEE24FE525E
2955,2439A25EE9BCE06C
2956,3CC19712DB2B4E51
2957,507BF95AC0A89FEE
2958,49C5071AAAB4BE85
2959,C379DCF61EE233C0
2960,0529F150D402A53D
2961,BB542FFA470E57A5
2962,3D071BBFF0AC27D0
2963,2C140306D0E2A0FF
2964,110FE09A6A7E6AE1
2965,38481F3F0CAA4004
2966,B0C0E4F4EAA63437
2967,AC2566214120707E
2968,77DA849234E59833
2969,4A5EAE8EB11B53D5
2970,F1046014BBF17552
2971,3CA1055BB66451EF
2972,0052EDBB136998C3
2973,C7CFF9E72FCA3FDA
2974,74C37D56E16249E4
2975,C0AF8539F8E1F89E
2976,120E665D55852CC8
2977,DF61A4777FCBAD0E
2978,1292CE464F546D02
2979,55412D983A2D4E4D
2980,109CFF62C062271C
2981,2DC9149621C8012E
2982,0387341F225EB829
2983,C5ABA139065FD655
2984,58F8764F55F46876
2985,A32524D81D2F54C8
2986,7259A144D97940ED
2987,A4433D23EA7F712D
2988,32867A54043E74B4
2989,87EA2EA00E9C99EF
2990,33DB10052BB47B64
2991,A77AA0F86B571C4D
2992,9679BB50A3B872FA
2993,D7CD2896260BC1D5
2994,7C6E95E72AB6CB95
2995,69F014E7B265B896
2996,3C8EF636E0304625
2997,E806E4BA738D1B00
2998,CB3787A8BA44A476
2999,7EFAF07C0771DE48
3000,F2D3035BBDF1590F
3001,B56B825DB170F901
3002,17A0C2769C82AD3F
3003,03FEA63FC8E7A599
3004,A425C356DC4D6BBB
3005,DCDE97B532DEE7BE
3006,814EF9D291403212
3007,48BE954CE4BCDD41
3008,D45C2B236E683F83
3009,E60B4167AF2877FD
3010,63F28D1F52DDFDCB
3011,FA9A54168CA31C4C
3012,DF2A7171AF9A569B
3013,80C31755FFBD3912
3014,45AAC887AA403F4F
3015,BA740A83BA03AACB
3016,169568661555CAD7
3017,E89C5781D3B9A281
3018,041F4689D014A1F4
3019,46936FE4FE325E9B
3020,CB6C9F57B99802FD
3021,A5CFB7C113085B79
3022,90788F5BEC4AF06A
3023,698969D1CE73F1AA
3024,32FF87778F846431
3025,B68476B253CAB984
3026,8110987E16254397
3027,2737810613338CA6
3028,B7A802C3A215F3CD
3029,649B1C5F4F1EFEC5
3030,F3DC39AE470C3CF8
3031,283CB1433C91DC09
3032,E07B15E296E129A0
3033,062DC1309F64EC78
3034,BE07B5441D7DBED3
3035,967E402A36A7094B
3036,41EC59464B187554
3037,038DEB0B7BBC1637
3038,4F5C32FEA2B35191
3039,D6B4570F0DC76F3E
3040,96697B7B7CA9AB53
3041,3447DE9EE488D71D
3042,2309891459AB4883
3043,EEDADEA8F14A46FA
3044,A8D8DECC902DC7E6
3045,7066A3FD158D7AB5
3046,FE920029CEC0B2A1
3047,9B2EFCD94EFFD92D
3048,7C76CF2B05423C9B
3049,386925E1261B39E1
3050,92B7291EB368D0DA
3051,D89F13226EB32620
3052,132CDCD1234D4C84
3053,049807B77A8B0A03
3054,E5AA739FEED56BDF
3055,72BD61DE511834BA
3056,4A74FC4904DF6D0F
3057,68087CDEBF9C9BA9
3058,E37AF95266B3F7D3
3059,9ED1B464DC1A999A
3060,57018175458D91ED
3061,3C7742D45756EDC5
3062,52F3346313765CF4
3063,F5195D643BDB172F
3064,8951AB69C2863A74
3065,05C9388645D51E63
3066,CC4E5B2449A9DAA3
3067,1E0B67928968A1A9
3068,75429B8EC5D821E9
3069,E394B24D4CE71942
3070,717EE13690E8F93F
3071,70541BD13DF71ED1
3072,E170C5992C5E30A5
3073,889694FF6855F712
3074,AAD4F5F338A9788D
3075,CAF29FF4E5811B41
3076,0C5215538DA0A9BB
3077,F099CBB69072A09F
3078,05B53118B8EBDFAA
3079,14FBEF536F24BFAB
3080,B1D213CB6A40BFC8
3081,3D08BDC2B1FD5AE8
3082,8F9EBE9F965CC92B
3083,ED62EE097940E53F
3084,0158C6A33E69FC1A
3085,18034EB479223A11
3086,6192C4F062C14518
3087,F1375DA972021241
3088,5824562D963AB99B
3089,7D8B1B3DFD3055BE
3090,8B1847D105FE7E98
3091,C70D0FD8AD472A80
3092,85DC0B63FC81C7C6
3093,AF553D96379B1F8B
3094,D2742B7BAF1D9D79
3095,3A475015DAD78437
3096,ED24B18B00A976CA
3097,D84FE1A80DD44D54
3098,EF2E874A05AEE289
3099,25FF1CF86CB76259
3100,58CA042ECD3CC6CF
3101,F4BFDB5AE90C79E6
3102,9CFF26B7E610A1D5
3103,872393594A2F03C3
3104,9A5FA4923AD4403B
3105,A4F33360F6E05E52
3106,F2EC3B5041B507B8
3107,3329BDF2F3C37977
3108,0DFB98FCD3AFC1A3
3109,D77659472D6BCC4B
3110,070FE2240D44C2CE
3111,DE063313E9A4C915
3112,F55BEC3F5A8F271A
3113,9E7AE05B7F278652
3114,B154F1DA077E4163
3115,2D73BAD2E84E79D3
3116,037E65157AFBEB7B
3117,AF2E618A7BE4C7B6
3118,C145DFDB34C8D6C6
3119,90FC4230B9191833
3120,DEF55B64A9FEBA31
3121,4CC8B5BD3196EC3A
3122,4BF8DD9B06D35365
3123,8F085AFD39EC3243
3124,9FE14884601C761E
3125,6D43256271CF2E67
3126,352755744AEA0054
3127,5B3AED197877849B
3128,C86D745F4548C7CD
3129,9BCE01DA590540CC
3130,D1F90E3D091F008D
3131,590ED002EBFB2F5D
3132,C886C16ED8071038
3133,5C4F95BFA209CC52
3134,A19B70C53B0AF2C4
3135,3B16A1E772973A27
3136,63E31CD4D18B3115
3137,CCDDD26C43F6FAE7
3138,784861FDEEE18417
3139,982C7A4C5E537117
3140,0816AA7B086249DB
3141,FE884F6216F39A82
3142,E4FF5AF0641F3693
3143,9AD9461E349A1897
3144,09FDCA31D64CF13B
3145,8573B1DFBEC759F7
3146,451C45A530B07A9B
3147,50F0EED993DE42D8
3148,4C43408E01D60A20
3149,CAF274E499E673B7
3150,1478D42AD1E6BD41
3151,35FD3F58E080878F
3152,FDA966B63A73B0FD
3153,9E5E5E645F0F069B
3154,77A727BD433DA751
3155,B76D5D5724D932A5
3156,F0481373EF75F58C
3157,01AD31BC80B3ECF6
3158,690C350BD19B011D
3159,9A58177F74587E80
3160,35EA3CF272518260
3161,EF29E0E30D6581FE
3162,77951F2D521E8FAA
3163,3DC6BCD0CC6C1BB2
3164,F6F120E272406018
3165,C28E916F00ABF9D0
3166,8491ECAE4EC95F49
3167,0ADD6B24F6FC8160
3168,CC3CC8C56B96BB25
3169,C11951155CDB9E42
3170,BCBF7538A6D103CA
3171,CF627C1D487030D6
3172,DC19B37F30812902
3173,2A955D2C8445781A
3174,C8E8BE40CAF617FE
3175,3663D7C416C22B83
3176,42EAF7C1B63C6382
3177,6295C515C720A59A
3178,96F467627BB8E86C
3179,44EF55369FC091E3
3180,3E9936D1C05D8CBF
3181,A93F11DD756FF6A2
3182,BFD55B418562F09E
3183,FD1F45594FC9EF02
3184,97FEA98F1A970946
3185,F946E7236E0CC95A
3186,EA14C8D39AAFB1C4
3187,9CBDE3AE54766213
3188,99E15C8C6ADF9B4C
3189,B7E0CD45BCA037AB
3190,CC2A2D24987A9D50
3191,B7F28C9FFEBA8D6F
3192,BB6806D21BF19081
3193,D896703B0C4BF3B6
3194,90B9E86E720B4F17
3195,9AE2DF9DEAC720E9
3196,07C2ACE8FDC534C1
3197,E4714C957FBC0E9D
3198,827EFEE729DCA3AF
3199,E6B22EA6FF12879E
3200,499586CE38ED7AFB
3201,29334083B819BA59
3202,498C519567CF8983
3203,8315F0B656976C0A
3204,882F08AEA2383832
3205,A873F9909BD5A89B
3206,C6F393381A7ADC1B
3207,2F47DC69F8A13268
3208,6CD947FB608CA946
3209,18F3A697C4847744
3210,6EE3A09D11CD3D3C
3211,829152AE27210447
3212,678018A2B8A076D6
3213,B647E3E1CD6425C5
3214,DFD0A0E82499FDCF
3215,9B7E6BC21E1A3FD5
3216,DCA6AC749DFAB8E4
3217,B35317A3F1C24492
3218,7038887440E70739
3219,F7A53770A55061AE
3220,5284DEFD5D743C45
3221,57D4A1CF2735AAE4
3222,04535288D3B3625D
3223,D81BE56BCDC285CF
3224,86A07CC8550D6C31
3225,F8C655A1B3F17B93
3226,98BEC55269BDD3A5
3227,82FF925C5BA3A569
3228,A8357232EDFFB6FA
3229,6B2FB38DBACF1630
3230,E39713513A7A94D9
3231,AA4376089CF997C9
3232,AE838ECD0078EAF7
3233,0F0E8FA589F6CE07
3234,054FE856F750AB47
3235,4D4E8BEE5FFA4552
3236,397FAC82E0A36AED
3237,4ED105C120DFE24D
3238,6DC16EC2DEA7AEE2
3239,3E3EE76E7463B43C
3240,6307F7CAEBA16C05
3241,305ECCB1A149FB8F
3242,4C613D291AB5345E
3243,79934FFCA167644C
3244,24336FC1490F950C
3245,6B3B6C65D8D18C09
3246,7B4113748272F4E2
3247,ECC34A5EDD726500
3248,834F5C35D741E96E
3249,CD3C2EC5DEB1FAA8
3250,A3DC66020256449E
3251,5581B044C02113F9
3252,AE81C60D704A1EF0
3253,35CDD4217034C979
3254,788953944F267340
3255,567ACCF5086EE115
3256,FF5038C1B4E3A12C
3257,3EEF73F224C9CB56
3258,1D6F1882D37CC005
3259,A8673A3B59A2D883
3260,D4B1C0C73A9B75D4
3261,2B3D79A494E6954C
3262,F4E00AEFB9E974E3
3263,FD6A76DAF07D8124
3264,62326F01D8FDF371
3265,92744A890BD3F272
3266,0D7B071A7ED637A1
3267,9408D0B20A969711
3268,75C230B5A184F7F6
3269,274C30F13C447A6E
3270,E6A90CA7000F866D
3271,C2E09F9847A9DC2D
3272,1FEF7D368A67980D
3273,E0383ACAB7487DDE
3274,F739BB11D44E0F2B
3275,70ED61304362A665
3276,A4D432BE0083547B
3277,39375496751DEDC6
3278,13A4383AA5F6C88B
3279,C2EF723DC7A814FC
3280,6CC0CE1D29635299
3281,225F283EFA7505F9
3282,0225C19BFB4E7421
3283,94A488FCB67E2BE0
3284,A2C0FF1ABACE8613
3285,DFF16A591CC11965
3286,935F6CAD8C42EC6E
3287,1E50BEBB8A02B792
3288,54C0A0F16127EF07
3289,F05179B9C28D1295
3290,B2624B04D0BADE17
3291,90F28335E257AC1C
3292,C05A75FDE9ABA3EA
3293,A6C27950B5EE534D
3294,2D687F47C134EF36
3295,21E1F111B7AEDD23
3296,AAEAC3D9CB15CB8F
3297,FD623DD7D96CFB74
3298,7BE43694EDDB51A5
3299,A1B697FBA0323B85
3300,A5D635F9959E4294
3301,D4B1D8A5F3C100CF
3302,105B075ED0209F9A
3303,EE5ABA30F4705667
3304,0BBDC09012BD8378
3305,DEA0677478013F4E
3306,59ACEF87B07DE9A5
3307,DCF076C7C52CCB1C
3308,D5E8242C4397005C
3309,DFF577938C0D9FC8
3310,28B6AF1ABB18D394
3311,C25D5E682CC62BD2
3312,B1A5D85DDCB9BEBA
3313,ACC4F957D8E346B1
3314,5D11BDB07E22C846
3315,234F6106A6A37379
3316,DE5A0A81F1AD505B
3317,BA775BC030D8EC96
3318,4AE5F5A7674CE957
3319,D974D97B0795193E
3320,108C8B828A4E806C
3321,F4CF948C1391572C
3322,1E4C9C400ABFC4AC
3323,85EA12975ED1EB32
3324,C8182EE62FB4A895
3325,5AE5D1DA8C316B94
3326,16188D342D885017
3327,9F3830D3C2BF2C0B
3328,DEDF3A828FB47C0A
3329,4847D99E291DD2BF
3330,B1FD5C6521914004
3331,DB03465772325ED6
3332,604464A9B847ACBC
3333,9154604BCB1B86BC
3334,0E89C170B2C20A9F
3335,69077E34F4C1A384
3336,F15728FDD20541E7
3337,B7C35A71EE23B3DE
3338,3762C2BDA87E0145
3339,07D63DD80579EA56
3340,DD5F89CAA7264246
3341,D8D34872A0C9531C
3342,446F915D019E5D3C
3343,1B03D55818975ECA
3344,7CA4D3FB59D44D5B
3345,508EE4C839CCFF64
3346,FA90C33015E2C2EB
3347,93AE20AE0A53F010
3348,ED86CC2E339CC0FD
3349,61671FE980EA2DEC
3350,70E5E3719B0FB610
3351,BEC0B38ADF60B645
3352,98AD4CD83264B586
3353,E7FEB9343B412C54
3354,0C37C6F2A01A4F34
3355,F9FA1859CA9515F3
3356,57AC82C20BCAE36F
3357,548C7D4D1512D76C
3358,9FEB95065FF4AAED
3359,BF144944C67FE70B
3360,43A2A1AF08D2A1EB
3361,F1C053EDE7547214
3362,EED15B488E1DE29C
3363,1E18F39810909748
3364,F5539C6306416807
3365,FAFF99710FD2D368
3366,8985C7D486F578A5
3367,C4D75D33E17E714B
3368,71A762242F32D965
3369,1253DBD3F5AD4FDA
3370,8EC4B52ED1147D5C
3371,E2F2611E9083E799
3372,93CFF309E784F262
3373,D7DF5EAB19EB8A37
3374,9EE30C54FE027559
3375,3E860D00CF5EDE71
3376,58D1585570D914DA
3377,C88529826DB8CD86
3378,4B57DD3ECBA8F3F7
3379,65B99965C38962E4
3380,704D21DD29487CB7
3381,BDD227DFF58A5942
3382,987D4EA6BD0AD4A1
3383,32B8A859D9303ACA
3384,6E4477435D88F4C2
3385,5B33E45F57B9A555
3386,E10B605A252446B3
3387,7A195EBCEE062BBD
3388,ACC8E1752230B1A7
3389,3C475B1E276F3F50
3390,BF8F16E56E1D5459
3391,108D452E321C63EC
3392,39A2098B5E8558F4
3393,CF2D45CD54905928
3394,10D1B5938CA8AF10
3395,C2318CE144423EF9
3396,F87907E58764859A
3397,69E8C5B4339DEC83
3398,18CACAB2BE60BF25
3399,2A7B37506952E43E
3400,B69C9835B0F9AAA8
3401,9B7BC475771D2B70
3402,25DCA3A66E6EC3D7
3403,B39DB573C23E28CE
3404,B631F23DFAE216DC
3405,A76E5E6F51C483B7
3406,93B2437590582C62
3407,AAABA78F2FFDF492
3408,93F57997258A9F43
3409,5E667D6A6E4A72B6
3410,C38E77A8E62AFE5D
3411,BE623168E52784FD
3412,66697105E2DA1801
3413,BD23375FEABDB500
3414,9A38EB2F16E8E509
3415,22D761A219D780AE
3416,AC133C7FB58A8BB2
3417,28980F79DC488781
3418,49EE77AA177B6734
3419,31AE1EE0494B7450
3420,3A1D031F0BE3439F
3421,ACBD4AFA771E4FC3
3422,BC5BDDB2BFFCFBB9
3423,09147D4B0872290C
3424,0A2855393E20B480
3425,58AB465CA4614CA3
3426,F9ED6A60510335E0
3427,98E2536270AC68C8
3428,5896AEE98FDCDF3D
3429,EAB3C3718D9F485C
3430,A2FAF4E86311D1E6
3431,C2DD85A74F09D16E
3432,C3F31C381D3F2238
3433,68221EEEE993F931
3434,46335C29028A6F2B
3435,CEEE32AA40110387
3436,59893A1A7E380341
3437,6E391D8684EF61BF
3438,A58C4F7D3B495E41
3439,E4D0157A8C1E5196
3440,E88C1665676DD2FD
3441,82B66692CB3958DF
3442,C3AF5F922FF2E6DF
3443,5E55C45EA841664F
3444,E9FC6F49A39332C8
3445,8DF44FC814B8F8D1
3446,45CD07A173A3D7CB
3447,C3B44EA9D7710A97
3448,B728FB3CE9715162
3449,B131B5B7D746E21B
3450,928BA1C3AA68A95E
3451,37F9B466D8E79739
3452,396D8DD0931D5213
3453,D7F81650CBCF2A1B
3454,FA83B0B2558E7720
3455,CC7B31D3B3034C45
3456,87C9001B948B2BF4
3457,EC244B370435BF51
3458,3D15AB43CD6321A1
3459,819B6B824529B1BC
3460,B513224398FF0C9B
3461,302A95B9B3412DF0
3462,B44AF9C4BF681E0B
3463,745FCCBED331FED7
3464,80467F1C8993018A
3465,F3900B0B98FFA384
3466,4FF9DE21B97F9F9C
3467,9C22B367BD500950
3468,EADE9E06D488C1A2
3469,9545E31F6E0EF6AC
3470,9B1FFEDDA851026C
3471,4C4518E22CAFD6DC
3472,73901FA0B81FB19D
3473,79E23561FB0B4541
3474,0D81FB3CACF93C5C
3475,46D43E43F516D205
3476,CFD2875E3CFB3C7F
3477,47DBA739C8EE26C6
3478,DBB0BFE1182BB6FC
3479,AD7FD1F030B285C0
3480,8A1905FA2472702E
3481,83394E43AAA22446
3482,E6BF2C28A4B00E42
3483,3A17A5007B7E2DDB
3484,0C130555043C1D59
3485,AB52ED343D3ED66E
3486,903356FE25D0F60A
3487,1ED6C5DAECDF662A
3488,49FE9780672E3092
3489,3CDC45CDF37A48BB
3490,858EDC1880761D88
3491,1FCF4B95FFD5874F
3492,81801C958F0AE6D5
3493,21FCD352B73FE69B
3494,54073EE36AE6962A
3495,E1DACFE082F064D6
3496,C2974E1E8113B425
3497,8696D4514F8671A4
3498,F04D5D9BB7547A46
3499,510F96560641E764
3500,A950027B7ED606BA
3501,986DD3DEC5471BFF
3502,B2FE9EE3809E7A7D
3503,55601ED3EA9DF6ED
3504,47BB34C975F6F1D7
3505,25F1294C1241387C
3506,12A4663BFF7A2270
3507,ABE1BC20381FEA44
3508,8FA41FD847639BD2
3509,839026A357A24220
3510,267A5A147FAC41AB
3511,716C3EBBBE83FF23
3512,83078E1BF4692E32
3513,18039847163D2FD9
3514,B3B8D7C434506047
3515,50DD3238FF7BA95D
3516,88A061F33D838D89
3517,05BD16130C50617C
3518,52AFAF8FA5D76FCC
3519,F0EE4E658A0B8226
3520,F39DFCA7A38E5C1F
3521,32A9F53BF522807E
3522,F8335B86DC7D477A
3523,079A2AD7180E7E46
3524,32B516E8BDF3EE96
3525,0B96A90C0B4C0522
3526,1C5F3D3D00E79EC3
3527,A7B54EB46885919D
3528,B83B3B1945912905
3529,85D26A84CCE6467C
3530,66815700A8444D10
3531,02EF36C83BA26EE1
3532,D22250FE46613A04
3533,5D5BA554AC57943E
3534,B34E822FA5D2BC62
3535,3B194E307EA8285B
3536,98C37491E439D86A
3537,AD74B2D053C647B0
3538,08AEB6C8A56331D1
3539,EC745EC27A4AF39D
3540,BC3AF1ED87CC54F8
3541,909C99C94333939F
3542,8CC84E6E40781614
3543,493C40CB9605607E
3544,C46992700C00472C
3545,F3DC33BBC6D1ACA4
3546,F48FEF31297300F3
3547,4CA4CF11C724B13A
3548,AE7553F42304C59D
3549,71915FCAF8BADE95
3550,284C9CA5400F1DE4
3551,4882D9D5C7AC0BF5
3552,AD9EC4251836AEB0
3553,2978381022C36A34
3554,DF89310F7B4D736F
3555,47AD852259F3CDA9
3556,C80232E98921A33F
3557,D8B640096124DDA9
3558,C97B08D9E5B2982B
3559,4FB6C7EC92C06343
3560,8889FC9D441D7AD7
3561,6305580FEBF80FA2
3562,9C51B0B1BD76246A
3563,B6D290728AA5D0A3
3564,D32450C2BB621263
3565,F033F910927D189D
3566,37D754342956EE75
3567,B52C5CE555C832B4
3568,DDD84F40116593D7
3569,2DB3907462526F33
3570,719110E90F3A9E31
3571,D176204E59DE648D
3572,3B1995F8F0CFED5F
3573,429A9DE122F1BFC1
3574,C3F7D026D9759AF4
3575,1D96FAC26E56C4AA
3576,304D7E46322DA41C
3577,BC3DC6E22C521176
3578,FB0DF2C9AD317372
3579,94EBAD2A0AB62AEB
3580,5CA1124DC61B5D14
3581,035042C7003136F2
3582,B9B6875C2E1AA08A
3583,2EC79E40761EDD8C
3584,738FE4FA0444D038
3585,08D881387875201F
3586,537C572DD8EC7C73
3587,C910B6D415E40214
3588,45C0795139F94BEE
3589,5EAFB57CB11DFD16
3590,18CE66D75BF468F9
3591,4329CCDDDB310DEF
3592,A585C892EF177481
3593,6DAEFEADEB0EDA54
3594,B4121AA8E29551A6
3595,E23C3A6DD40CFD6C
3596,6CE837FDD32EE531
3597,ADAA7DD923FBD6D9
3598,5E1899F5B295BCDD
3599,06BE401C552A0B1B
3600,AF03DF76248D8546
3601,FD0C866FA1C653C5
3602,A19A13008B6F3DFF
3603,056C510F1E35CCC2
3604,7161F1ED9A234B9F
3605,7FE197D50F859A83
3606,51A84EDC866B8CD3
3607,55EBCF102F245B25
3608,57927FB43170D06D
3609,9706B9F43EAAA6B0
3610,37244473B917CAB9
3611,9E6816DDF290369E
3612,1DA771B3F864E339
3613,B59DF5C60D58BCA4
3614,8ACB488A3434DF97
3615,19CA62651FFB9D4E
3616,31D3FBE841DA70AA
3617,A8E75A9484D25EEE
3618,76F4FC0AEC5FD450
3619,9430776499A6D1D9
3620,74B658ADE62DB944
3621,125D04AB0744CEFA
3622,C675B79BE5AA0280
3623,ECF153A36F9696DA
3624,D2E0E8E99ECF8338
3625,BDB42DBBB9CB896F
3626,BC81865305072397
3627,A21194AD6E08FA54
3628,8D0E406B57115153
3629,64AC6218867FF9F7
3630,DBEAFFED045F4C92
3631,0AE701B914CD6FA1
3632,489645596944A106
3633,38DB563012E2CC0C
3634,927ED51F024E8B2F
3635,93BB593BCA797397
3636,17A35215FE901B24
3637,5839AA6314BF3882
3638,D1AD962DD1AA6389
3639,2F34511F1D9D1349
3640,7621DAAA4BA8B657
3641,1BEE3783520B6C79
3642,E182EB923C530704
3643,D49B97083259F6B6
3644,C643A338538B4C93
3645,005FD9EADE97BEE9
3646,B18E0C8BC8EDF12B
3647,98BE3BB8DEC5475C
3648,84958A267922F50A
3649,066B074736A0B623
3650,5F5D543DC6FCF0CE
3651,CA193E67093E8724
3652,3F4F5B3B55A2EB17
3653,FC1FD56105319069
3654,D7B3306A9118C714
3655,260685D33E15E43B
3656,6C90C3D419AA5D45
3657,3EEB24405B4F0A5B
3658,90C6D7E896AA704C
3659,C600EAA11D501517
3660,C6995D048DA5CF2E
3661,46B7FACC1562BBDC
3662,BB89A7DE3BA22305
3663,CF3EDE4BEDE45CA8
3664,14477812C3E17CD2
3665,D76A3B6592D851D1
3666,ACEE996A50B4FAAB
3667,F307BA1F985479F9
3668,C69DB59D6A13F21E
3669,EB3CC334BF718D4F
3670,DE1434ACE4CAC064
3671,B5D186400BD1F8A7
3672,22D148CA3D2F7DED
3673,7AE476CE0CC1AB72
3674,EE0EEC02EFC1B383
3675,9D1E84E8BE5A26A6
3676,EF4E5085A3AE9973
3677,9D35817233646095
3678,1DB3A29D057B1842
3679,94D5D1E79D6D9935
3680,0343811201BB192A
3681,426133063E08EE04
3682,485B2D1F6479399F
3683,FF3FF30852BDC850
3684,223D0EC546385168
3685,6F64D08299B45B14
3686,21A9EBAB0983D883
3687,A66A5BC7E74980BC
3688,EF84A043EFA09F2F
3689,368623AD5D7F4C2E
3690,A018BD1D9BA1E77F
3691,538A4B0F7C8D19FB
3692,E76B949A25C5F13F
3693,F25AECD889636E83
3694,745749E69E56C02E
3695,C6814065B2879A41
3696,9F79EC783F3D5660
3697,ADE09AF7F8D477CA
3698,AE0B4CBE6D4CB020
3699,B2D36505CAE80801
3700,CF8A56393F994DA6
3701,B64BDE43E7EA22E5
3702,25E1436278057EB8
3703,B8B6FB260C0F5643
3704,D22A6569C4B2FCCC
3705,E2C5401A5978DCD5
3706,6BF47605F3C7C837
3707,5577DBAC50EFEEC4
3708,E16E25C46081C1E6
3709,38913EC8D773593A
3710,695794AC0DD88ED2
3711,861EBB583531626F
3712,37B6DFE538766775
3713,E9B89E74ECCD94F6
3714,601182ECB807F433
3715,54AEC3FE605063C7
3716,D4DE566E68BB171D
3717,C7B79C30F250383E
3718,631221FF4860BC3C
3719,215F2D1D5B93BADF
3720,0C4CC858E7CDAE1B
3721,9F18C14FD9CFD3AD
3722,7E585514F595828A
3723,3464D0335D45F3B2
3724,244A078FCC12CC76
3725,61C2601A88101914
3726,63D52348FC66D0E3
3727,AA41D581567514B5
3728,A1E7C218699A0585
3729,032C3A07FBC774D6
3730,6301E66CCAD8F6C5
3731,ECA4D107FA4DA3BA
3732,E6AAFB08AA3E6708
3733,110EB264A24920AD
3734,ED34E819EFA761FF
3735,C1CDC2FA4FC471D4
3736,FD3C2697CDE6A1D2
3737,A790502037229CD9
3738,69576E892BAB838E
3739,E0B2BC49C44DB3EE
3740,BB2831382D72669F
3741,5A2A454879B4C5D2
3742,C923D7D01C41B87F
3743,BB34BE97BA93CDD5
3744,1C9246EACA485FE5
3745,F9C6164CC859871A
3746,7EFDEE19913DFEFD
3747,543EB297DEC8F2C8
3748,7E64295DA0F4BF1E
3749,D75ACF1CA7D5DB03
3750,D084A9D818461ED7
3751,324F7699748CCE3F
3752,0BEAE8A669196431
3753,6EBA7DCCBF7EC14B
3754,99AA201FA4B800C6
3755,3D0E33F9EA484601
3756,FF3031949C44C57A
3757,C74E98689E027082
3758,FC8045DADBCAE481
3759,B9DA9E5D8A13D170
3760,63D69E23A11B755D
3761,8ADFF38B480DB5BE
3762,32A2274C8ED72B68
3763,0A90DD0DC3F81E32
3764,A27A0719BE8E7E0D
3765,B692E846560333AB
3766,C3D32C725BBA24F1
3767,9059EE403E8C0CD3
3768,6DDF7AF502CA65ED
3769,41510AED8C4EF81D
3770,6491D726AFA6DAC2
3771,75DF233BD8F76750
3772,BA84E087116D67AB
3773,71C2F6EE56EAF26F
3774,9419A134652CA898
3775,778254004098D574
3776,E9986920E36F7AA7
3777,288290E4529DD442
3778,B4EF554CCC1CEA55
3779,7965194551FAF3B9
3780,55CE1BF61D8F5ECF
3781,0F6AE1BCDF77ED8D
3782,DCFFAE163577B80E
3783,F297EF9640C173A0
3784,9E7F819F68827997
3785,74A4C87656ABE60F
3786,D915ACB3E6EC9B00
3787,43B58D2037D5784D
3788,2CD6E6556F8D156C
3789,50671A0FE83FD856
3790,A6002F9474CCD21A
3791,9BFAE4004C53D671
3792,2051DFFF4F93A53A
3793,791365884DEA3C43
3794,694FD38F1666239F
3795,8BB575668AC9BFE7
3796,C3BA780DB2A7294E
3797,B795A518858CF416
3798,C3BE79197E38EF48
3799,329463F02523C7DA
3800,7E1DEE54853710EA
3801,5912ABC9184991D7
3802,509E2329AA168D0E
3803,950EDB160201E996
3804,D94878DE99882014
3805,072B3A1A5F105C8B
3806,37B83CC434872ECC
3807,A4561A10DA73C379
3808,8C906BFBD9325381
3809,6E6A4B2B30CBCE99
3810,B82191D3B26E334B
3811,AE6AC990F97B93EF
3812,11DCA9637D68325F
3813,54FDBCF174131527
3814,B0C4EE50B7F9D02A
3815,6481AA854F9ED47D
3816,3E219BF657B51C16
3817,797BFA6320FCFD01
3818,FB7D8E57F493B392
3819,B7386372AEFC9571
3820,DAC6779CB1EDD61B
3821,2FCA10B108301A46
3822,2E1C81B684D4A90B
3823,45D3F0758EC577E4
3824,63364960162E0F16
3825,009EA5E368BF5679
3826,2569BE3CAE0BE804
3827,11E6EA359F3B2BF6
3828,6B5BA72FB8E15769
3829,6AF9ED235C77CF82
3830,F5D98A6789E93D7F
3831,948F40EE71CCF478
3832,A0B641B25C856C17
3833,B090DDA442D1206C
3834,C939AF6911EA9B21
3835,1A84D8DF41AB67D5
3836,61F300C3E67FAE97
3837,FA650C0DD8F95A48
3838,B1CE7A0FA6FCFC86
3839,90AB263A18A5EF4A
3840,007E5537F15BE152
3841,358EA3D002534D06
3842,192E5ED909D31F18
3843,B6A15D3FA30CEB6E
3844,B377F72D9F6DBD80
3845,A5CA149A92BA9FF7
3846,C465E12CCB5EF9F8
3847,77FF84915A0D91FD
3848,9E28437ECC4A5BDC
3849,1A530A80A65C9456
3850,ED4FE69E352C5AA8
3851,8522E49C8F34A636
3852,684A0DF87345D1E0
3853,1543BAF6F62F5CAA
3854,55A343C8E7566149
3855,AD0CA36A79EC6C8D
3856,F9DA5AA4811BB401
3857,03FBF59984352854
3858,37285FCF79259F72
3859,C1D1F36562B41D4E
3860,0DDAF12042180192
3861,358674DDA937CB24
3862,56F1B06CE8204BC6
3863,9C3B1900E8AC6D97
3864,9EB47EABEB28DEE5
3865,D37DC880B97F8543
3866,29E8D37DA2588FF7
3867,10EC8DE8F155AC56
3868,E0630FA153101810
3869,DF2442F33F0CDC70
3870,FC0A171C96E81AD2
3871,72A16124D6504A8F
3872,3EF2A50CB05034B9
3873,7CD9E44DD344F09C
3874,53C38A9A7AF0412F
3875,0620DE11FE4273EA
3876,4DA0D8740CFD6EB9
3877,E48C2E7466A50C40
3878,C3E6666D888C88DF
3879,8D0228FEC1D07B2A
3880,E91CC99FF8558A42
3881,A7AE4BCDF520B52A
3882,E1E8C98666B85D64
3883,3C639EF5BD935FD2
3884,D830BAD0EE0CEED0
3885,3CC39E7CFEFC146C
3886,ED4507FDE31B1429
3887,3C233995E158AB21
3888,85377AA76C57637D
3889,34A01EFAF310FF96
3890,3D7F47B1756B0E90
3891,D9DF97D5078280A1
3892,27FCFE4279EB38E7
3893,53CDF1BBCAE7FC39
3894,10EC3926DA2BEDED
3895,E72A04872891F1A4
3896,18EA94D281459CA3
3897,853E6A6EF79CE374
3898,4E105328A805D186
3899,3EBC755EAD340C43
3900,5F721C448CC4F329
3901,E065F9603BAE1857
3902,764FDC8DB2ECF2A8
3903,02279A8F4B4275CE
3904,992B150827149E75
3905,F3E4BFC3315C652B
3906,6DD2EC206489B78C
3907,FA81840B130151E8
3908,0B43A6168929BF87
3909,32B9B1031621C711
3910,CE8614CC90167DFF
3911,4B119A21DECD7CFA
3912,276207F444B9436B
3913,392363FD8ED4E0B7
3914,A178ACA142957474
3915,54767ECC3761318B
3916,35620023F5DF1E89
3917,8E767AA4B279B26C
3918,359AA0F3BED29460
3919,7F6DE4CE8E4048B9
3920,7BB8C651BE1E67A6
3921,A95F29429E95E965
3922,8519040A6AA5ED46
3923,7E9D80A952794562
3924,7EEC6CD9C76AFF36
3925,ED600B1E0CF4B93D
3926,118AB5B02E66B0C0
3927,0167DB10C514160D
3928,416663E515B74F33
3929,A4883526B45C4211
3930,890EE6C3A635F1E3
3931,28724ED065CABBCC
3932,0E0B01D3D91E50BA
3933,F74885ECA135C8CB
3934,B11E654CB6FF1879
3935,9CE5CC8623B934AF
3936,10D806E3B6D67414
3937,7270026D1498652F
3938,086F983AF4F1CE43
3939,0F03C7BE79DB5D6F
3940,E3F967E69B9321EE
3941,E8F25292FD5029E1
3942,F48A938A3EECE180
3943,5386D1FD2D5FBC13
3944,BB063989D8EDD797
3945,A21E8E9A621781CC
3946,ACD0DBE1AFB84AB4
3947,02A12BA4500D116C
3948,FCEA077E414BD719
3949,2EB1125B9F6F8AC4
3950,9BB9CB206232DA6E
3951,F5BF1156828AAD0B
3952,2E0EF2CE4648B33B
3953,04005C10BBAF59E5
3954,F0B0E9C9049B49FA
3955,A25E7BD16066032C
3956,02AD292F4BC9F473
3957,A15E39EC66AB27EB
3958,6093F1E4363FF347
3959,0A83CE6EFC408EEC
3960,CD55EECA0B4EDFD9
3961,5CF0F7FC019A337E
3962,1C91406DBEE5E05C
3963,0C625F0EF3FC54D7
3964,85AF10E2151890C4
3965,2E4B5DEDB2F0DCA1
3966,EACFDD87E2018D0D
3967,E392F34A9DF09BCA
3968,4E1A84A1420600C4
3969,0E11784696824012
3970,F93891E0B1885724
3971,2CE4C4288F3CD1A6
3972,C1885A01DF0D96FB
3973,7D6D17E5F5D4B358
3974,53F9D9BEBB7AE432
3975,33432215200255F6
3976,0EEAFD80C314B180
3977,BA78D4BFF967D954
3978,CCAAC00B861482BF
3979,266AA6A35DABD4DC
3980,8D92F8C4ADF16AA0
3981,02AA8DB3D93AB686
3982,FE0DFE4872FF82AB
3983,369378779CF0F229
3984,74BF2BD4F83DFAF5
3985,F29A4D3F6665FB37
3986,0FE30C4249AC936D
3987,691726428495DABA
3988,D003C94DF0BF42EF
3989,1B2F305E15293F45
3990,9C7959B51BBAD502
3991,27E906DAD0EAA651
3992,F9F2ED6014FDB8C3
3993,BE20A4DEA4F26D6E
3994,EE5A8EEDCAC51FE2
3995,0E55C64F7AA2BF73
3996,DB18C5F69EC00A93
3997,6F4AB65356A92082
3998,5566A311204B7000
3999,F4948C7215418050
4000,DCC1494D34972FFE
4001,146F563475A88086
4002,A8A6A61A363F629D
4003,95BD6650FDD0F3E9
4004,AC9050C64B7DC7B0
4005,39157B1E7AEA9626
4006,60522733C4E42E0E
4007,B86ABFC8C68BEF8E
4008,4C77F8AB0E426DE4
4009,921371B9E363A4EF
4010,A2EFA20AAFDBEE72
4011,1F34FBE104D0569E
4012,61C6F217EB71734A
4013,FE00DBF1A387729C
4014,5A03F2CA2CEF4008
4015,03FFA7D23CD12260
4016,050B1D4A6323099A
4017,904A78B6C9CB008D
4018,C20C9CE0A24154FA
4019,A65E84F1B240333F
4020,363CF700FA33F2E8
4021,36429EEF21F41A0C
4022,13268CAC6C3ED50E
4023,9FFC66D43FD6DB82
4024,563D5080806A6CDC
4025,5ABDF768BE0BCC0C
4026,4C6AF5ADFF7B48E9
4027,FC224FBD2048BF2D
4028,1995456A6E20E17F
4029,42C69CF515BCA129
4030,2F099AF7533E5B58
4031,1A330677A0E1AAEC
4032,51B68E8ACBBD747E
4033,B663C0357B9858BD
4034,C2F32415C5BC4DBE
4035,DD347B990C2EB3CD
4036,0239CFCC2D30B5D1
4037,208267B9D938EB72
4038,4D005E77A664F38E
4039,3CBB8E6643AB719D
4040,6B546F2B5A8959A1
4041,CE016BCCD14B79A9
4042,A2F4E44BECDCF52B
4043,1A24E7350EDA4842
4044,AD73B11942DA1755
4045,3F0FD7A6804CC728
4046,DE687F203AC59EC6
4047,EBD739825C88CB45
4048,3BA6F1F26FFFFEDC
4049,907F2C2BFFEEB3D5
4050,54E7F084A3AFC894
4051,57E91D24F7F3551A
4052,ABE3B51C749524B2
4053,951F214E24503488
4054,E590EAFAAE79F88D
4055,2D79C50CB71D57DE
4056,03BD4ED5A31A4EC3
4057,A7F03EE7A6C565D4
4058,B4A6C4965F5B3B93
4059,E086BDD5BD47AE80
4060,BE141D9AB3AFD2A4
4061,81B2854D48D5B50D
4062,9E9B39FE8BB0D68D
4063,3EE7814FF94CD5AC
4064,22E4235410EFE548
4065,720A162D2B327B04
4066,27E2676224B28F2E
4067,148F3067F8781017
4068,F6C9A98D78AACB88
4069,B8037B4F302192DA
4070,F35FFCBAD7C6205B
4071,B895879AD707AA55
4072,EBF6E72783548DF3
4073,B7DD425FEB84C9B6
4074,CF706606525BE22C
4075,202EB518C9F7FEEA
4076,2ECB576B537EB276
4077,304A6C26D9ED778E
4078,182A4273BA09F55C
4079,ABCB55488B5AE8BD
4080,F83AC1B0906336BC
4081,A054406FC920FBA3
4082,C407D793FFEAD074
4083,A75BEF97B9EC5234
4084,9448A6699CAB6731
4085,068FED1A9AD77C53
4086,EDB12FBB21868AEE
4087,8462C91220B7445B
4088,3FF3E81F2A0C8E0E
4089,72E6BB895BD1D0C2
4090,5E4353270EB0EE82
4091,1146EF508A3F2F71
4092,B761EABD62DAE7CC
4093,B78F943107E559EF
4094,50BB15B15626C70B
4095,3CBD84EB2C7DE2A4
4096,C38E22F109E9F4BE
4097,B47662CB82E5F2FB
4098,001FFBF7C82CE5CB
4099,15BF828C036AFC4D
4100,74662E584C0CF5F7
4101,472A75B3996226E8
4102,4FFF8396361CF07C
4103,5BF109FFE27018C4
4104,6E19DEAB6CB8D505
4105,9F1613C9837ADEE1
4106,DF4BB10134D43531
4107,DB58F740656F9607
4108,247EFE2956440A49
4109,B0C98EC099514E42
4110,87920DC3E89F426A
4111,F56531BFDF0D2000
4112,353DCD425E154850
4113,D531397EFBCCBCAA
4114,B0B60022B28D3A98
4115,C845DA7F01BA2040
4116,A08DA234053939EE
4117,B3483F3C72590477
4118,096C169C6D97ACA5
4119,BFB6A0DB232E01E6
4120,253ADE8C238CD617
4121,83341B6039776D2F
4122,70F8745C29489D8B
4123,9221047ED131E899
4124,C102B88034A8A770
4125,D0888B04A57438B7
4126,217231917EDFD995
4127,877378306E4E6573
4128,89C20B73F195D406
4129,AE80B8D4DF6F8D54
4130,7E45520B73B2608B
4131,A99DF43DCBD00E26
4132,0E82E969FF2F68EB
4133,FAE01C53C43E447F
4134,CA5E5531BF150D19
4135,8999069476838FB2
4136,FE5895D962F4059E
4137,070F22574DC576F8
4138,883703BD2B030A58
4139,0843B9115D16541C
4140,E2DFE1AAE6356936
4141,5FA418211325E462
4142,BFFF757AFCBBFDF4
4143,CE7C08DF79689FB1
4144,E282E66798F0C993
4145,64BA25AAA40D4844
4146,67F80A6335339154
4147,03A2C869612194AF
4148,6A3D446513C39851
4149,A2FB82B217712E6C
4150,47B67A88313FE70E
4151,1F1D7EFE51DC37D5
4152,E267F4B7B90E3B36
4153,D7EC8081B28B0DDF
4154,030B7453F67A44FC
4155,74AA27E088C662EA
4156,9770B81C19BD8C75
4157,7B13D58AE8C4628B
4158,C3AE3F87A141B234
4159,335D906C4ED2FF2E
4160,C3B84DDEFAA6FDF2
4161,143E5ABA90A5801B
4162,1C2BEC9C839B9134
4163,6D1447AD6E2EE971
4164,893B5FCD1C5781BC
4165,DFA54FC370832F32
4166,988402DC45340E52
4167,4D6AD075D743A5E4
4168,F2302F42DCE9468D
4169,E18E2ABF003A34A7
4170,19D29FEF8D635D41
4171,8A6B22A1FEEADB0B
4172,B7E100FA5913608F
4173,C1EC7C469FC04E9D
4174,AFB7D64D71B3322B
4175,AF4FE7990A1F1018
4176,319D6426AD66DE45
4177,5C9B15A615AAC919
4178,1E04EBC4EBC87336
4179,EA7581B36D5C9126
4180,25DFC847D689A763
4181,DFCFB75D32C40A46
4182,044ACB8010A00ECF
4183,5C9C7DF76D6BE68B
4184,4C61642AEF3BCFD2
4185,40025D2E8416D4AF
4186,2E042F5EE5ABED75
4187,B10E83F0663CC751
4188,39B1A344DF217FBE
4189,D98A80E302FE0368
4190,8B173780F12A04ED
4191,B7358EE940919745
4192,0F54F518EE8237F1
4193,F635AA30A4273C1D
4194,5BCCA69D5965164A
4195,E0A03AE972645D1A
4196,6141B1D5C319CC23
4197,C8ABABB54F284226
4198,9082B27E8F5967ED
4199,E728984E83480B97
4200,5F17363BBC4FA0B8
4201,3377AD74FCF37DF4
4202,5EBF8C382A78A28A
4203,DFB283B1F6F66FA1
4204,1BACE2D458179C00
4205,A129B5CEB5FA3D44
4206,7E4C2422156464B4
4207,BFCA016294E28F1C
4208,FCB840D8995A8206
4209,C990E36370FA3621
4210,446797B3CF5BA602
4211,F423590ACB6F33DC
4212,F2858F90D6C830BA
4213,CC058E05643CEC09
4214,E2C80354CE56E33B
4215,5073EA551D48531A
4216,34289A3C8FCF7A12
4217,923FB55FA4BBE82E
4218,90E5BBC9215F2FFA
4219,31B4BFC9F1A37529
4220,60A9A4819E5A4498
4221,EE14D56BE9973670
4222,4C2CB24FA8F126EF
4223,6504CDB4355D73C6
4224,D4674F6996E8F7ED
4225,772E565C4B133B35
4226,B48697DE32AC85A2
4227,776F4FDA2EC49420
4228,3E30449D38DE9018
4229,58399B1CAD36CCAB
4230,4B69A9AB41AA0673
4231,C315364BFC3C8BD9
4232,9D83B99ADBFCC157
4233,B9FF6A1B6249D73F
4234,552009758671455C
4235,543057272148372C
4236,342DF53E20F6FC90
4237,FE62DFFFC37767FF
4238,4C4DBC870643D6A3
4239,0FE0E425B866E97C
4240,2BCA884E9DE0CD76
4241,550E846F67AB3E9C
4242,2FF91F1598F792B8
4243,203568C0BA602335
4244,7F3D8E9869C5C38F
4245,51ADD736262FF7D7
4246,C0ABBB2352C44C96
4247,894E021F5B9EF582
4248,68C82E6483FB7376
4249,E766494288F61296
4250,EB4AEBC7E256EC22
4251,AC9966E2D3322E34
4252,8B1696CA1B11C78E
4253,1A30F7C4B102B265
4254,59D1D7BB8ADB550B
4255,9A9438DE5BE0888B
4256,A439179E5A664A48
4257,55DF6E4F6A1AD466
4258,9DDFF8C3C514853A
4259,8738FC0B365FC755
4260,A1E7035C7D17D54D
4261,0B6F3DD4D79DFBD6
4262,929BF0E7187F6306
4263,52E9829BFE70741E
4264,56D33A7C2A290D72
4265,1D360B27B126C351
4266,3F5B4E6CF81547EB
4267,732FC3880A904884
4268,C0ABF1A5CBA0B893
4269,CDA0EC28E039473D
4270,7193121E5399C3E5
4271,DF6D0A9846872F60
4272,9FF4BFAA2F4DDEEB
4273,DD7148AE99885178
4274,7A07F8C8CEDB7640
4275,89857C37D3209873
4276,ED4934B69C3E56F2
4277,188A0FB319C5982C
4278,D2F52479427F7287
4279,1F0881E7AE45264C
4280,A51C3683268F9BAB
4281,946E418328638B8C
4282,6F5B186ED80322BB
4283,742D70AE76325365
4284,C9AEB7117A2435CF
4285,7956D8E0A33D5D30
4286,F708690C7B8C00F9
4287,F487C862E5C44B71
4288,AE302A6DE57B144F
4289,5CC47C28F6049A4B
4290,80148C108958319D
4291,C7181E9A6270681D
4292,1E5CF81D43825B53
4293,E10D60F8006FFDC9
4294,704C951CA1627288
4295,FC51C9936C49C748
4296,32201CB5BBB9B234
4297,21CA65D931493833
4298,CCBCFCA9C8F3C42E
4299,5AFD95A1838339B8
4300,AD574E28EFDEA7CC
4301,58E180D5F77A2653
4302,4FD43C3F89FE844D
4303,77BF57766F268454
4304,EEC2EBF2ED0BD3C2
4305,24B47B6B79307850
4306,490E911180EC6055
4307,677BD338553637D3
4308,48C6798C2F8811F0
4309,D6205E7B255321B7
4310,DCA33F17B7E71AB6
4311,E0A39AFEF958FE58
4312,944D16558578DE36
4313,1DE9E9F11BA0155D
4314,81B61532C58C6D03
4315,13EB3E7A69DCE0AE
4316,A75414B2906304DE
4317,E9551D8B1D0E82B6
4318,8B32930AB68B2B8E
4319,F3209F1D36316640
4320,E09B477190DFD9B7
4321,FA83E775B9899336
4322,20A7EF8D5A2EC921
4323,17FE9BD8A806049F
4324,5E9721D91C17A171
4325,179959999CD9E638
4326,1733CF4B7C24BAE6
4327,79CE45CDCB5654FA
4328,94769F36D28767C4
4329,41E8D6871F8EE95B
4330,86F84CD882CFD463
4331,175C26AE9DDC8CC8
4332,9CDC1318EDB2C374
4333,9C3B145A24A39F85
4334,1F1F519000DABEBE
4335,F3008563A7726DE2
4336,C361059B374ABA26
4337,E3DA7AA462516091
4338,8F498CF6F80B73C0
4339,8AEE8CBB60B0AE10
4340,EE157094C0C9011F
4341,F6F3E938F33BC17B
4342,50BBBC98CAC50CE6
4343,D7FAB7CE6B412EE4
4344,0EA7AB258500D6BD
4345,0EE8B4D7CA619B4D
4346,7FD8B96FD30F3779
4347,7BF3AEF51EB6684B
4348,EE06D949CE8D8F4C
4349,8755CAF6D8114D54
4350,10AF71912BB4B1C4
4351,BB758616D721C52C
4352,C704E2E3FBD1F302
4353,206A250153CB3F5C
4354,696C4C985E627DD6
4355,179BE9A7EF6E8FF5
4356,3E7A56B779898A25
4357,63984AAEAFF9F6C7
4358,A8FD6069D0671671
4359,B6B46E9059EB8556
4360,CB43717375443834
4361,7D4F30E5A10C3D76
4362,ECA20F2AAF28032C
4363,3B49B0291EB3A34C
4364,8052E37EFB2EF4A3
4365,F89F09C058AD7A44
4366,95ABC7FCDFD1BA87
4367,60179C829BABB70C
4368,5E56AA97E53063D9
4369,EB4E8202FD98784B
4370,46D995E905D48500
4371,EE213C252CC264F1
4372,6645FA0A9A287FF3
4373,42ABF744457D13CD
4374,6EC17C963ECEC519
4375,6AB0D1005078DEA4
4376,BEE2B620CE3D0EFE
4377,B3A6AB3B5631C5B6
4378,165BA79783218198
4379,DD2161B459589F00
4380,354944A9E62600E3
4381,5E28DC49BEE1613D
4382,BF6FAF64347A1AB7
4383,C280407D6E68093D
4384,A325CDB76CEFF1A0
4385,7D72280274880A46
4386,E16AB449B6B06CEC
4387,1CD2EB6422F501A7
4388,07563870F1F3D5B1
4389,C37FD1808B0A0971
4390,F1406B2FF984FEEC
4391,D7FD34B9FB863EB6
4392,971F04368A3F0E7A
4393,8204C71CEFBB489F
4394,3FE69DFE33B37934
4395,CA1A6E34AD73178D
4396,D9177B52741BB92C
4397,8CDC71D2522B8333
4398,257CA273CB9F6AD7
4399,143FB3F953865FA4
4400,1B3F71F9B922D1BC
4401,4564B4419B3B1BCD
4402,475C107D8B3EED3F
4403,48A14D4182D8ED86
4404,2A9AE4468886B910
4405,7D28A4490A4A603B
4406,2DE250D150662476
4407,B37BF08E4C423F29
4408,CBB9613202420194
4409,37A5539CDD133561
4410,BBA26A994806AA2D
4411,F6432DDC41B4737F
4412,83F469EF546993A3
4413,7B5C9B0008DD181B
4414,758612BFDA581B6D
4415,4FBFBB1B9F996C13
4416,EB6AD8CADE6BDBD3
4417,6ADF2E8E7535432F
4418,C76A3AA0F4D54B69
4419,DCC40A1C8F3AC937
4420,FDC637610FB4E299
4421,73D9CA1C827F3E8B
4422,78EFA20DA8A7303D
4423,1F55427FBD321ED7
4424,446F6FE9B29337B2
4425,4355A9548612FBC4
4426,3B8F7BAC4877EE37
4427,8DD9500B9566BDE4
4428,0D65B5AEE5BF1704
4429,2E14AE0428DBDF10
4430,AE03235193BCAF10
4431,63EAE56829046213
4432,5C14AC077AFE58EA
4433,803A8ADC4941B2F1
4434,7217DCEBA51DF5E3
4435,2F49DF080F360931
4436,DA5E1A7293149113
4437,9128850BF27A431F
4438,AAA6351724ECAC26
4439,59097A0D060CEBB7
4440,08611A3997514B10
4441,8C589F0F2C1B0573
4442,DD85BDC4F35B4321
4443,9BD869CA10087539
4444,E20317ED056D177E
4445,0FBA38B4E3369E40
4446,18E5DF0684713BB0
4447,335BCE175EA12CFC
4448,4DE6233DEB4DECAE
4449,25CAEA63161A7C04
4450,AFE681367E3B3563
4451,51A9150E661D54A2
4452,2CF56929CBC13DDF
4453,523CD13F1E4FBE15
4454,968B54275AB033D3
4455,273BB65866A48738
4456,52410950DB580CDE
4457,6C7080407AFFC325
4458,0D4961F04ABF12F6
4459,5039082993621D1B
4460,1F0A986B861C80FD
4461,C3FC7204AA42740A
4462,D2899509612A281D
4463,173EC1D5114AF4DD
4464,F6CF5CB43FD56375
4465,969F9BEA6E4CFED5
4466,5F5038D1D7EFE071
4467,1016CAC0FC97BEF4
4468,0809E6B8B11639F9
4469,D68083D8DF2CD472
4470,2A758DF92605694F
4471,5A127D0A5F923351
4472,287BFAF840FA6636
4473,B48A467BD203BA2D
4474,1A21ACEE41B10AAF
4475,730D922B670245E1
4476,A45086D698F62F5A
4477,C5FF90A73922D352
4478,7D49CE7C02DCFF66
4479,99F7FAB9DF4673AF
4480,E14F2B864E982691
4481,BFFCED606D899BEF
4482,16720794A91AC0B2
4483,6DDCA2ECA9AE04F9
4484,E02D342F08108549
4485,DC33FA0848219E90
4486,29C1DF8DFEBC056B
4487,324B2C5D44821B9C
4488,91C6AF319D1B19B0
4489,3A42956BCC92301C
4490,7E6AB8850D5CF84A
4491,AE7D76705CCC396E
4492,649EA4ACB011D04D
4493,807CAAD63A202F22
4494,94C3B8B8266CF829
4495,29F6E102BB890436
4496,0A9E21AC4EB66977
4497,81D13176B1457396
4498,AE146AC0AC97D6C4
4499,9DAA3E6636CE55A4
4500,A95F1BCB16DB2B32
4501,B02C709CBC3F50BD
4502,B0DAB5C60A3A57ED
4503,3CACE669D1FF199F
4504,31C4910886B3C1FA
4505,759EF41DDAC363CC
4506,2B705E59F9EF209A
4507,33FBCFD6BA933CC5
4508,F4DB2A2EB80094C8
4509,316541221AA363A1
4510,17F5A958A430097D
4511,4E99E122C61D3D63
4512,91EDD3B5ADA69205
4513,C5DDFF1614369D9C
4514,567E36EDC97D2592
4515,B52225280ADEE988
4516,CF924080ADB95006
4517,576C7DDFA5BA19B7
4518,D23217AF122665E1
4519,57CDB01A38C9A652
4520,60C21452FD37978C
4521,D136DF69813D180B
4522,49F73A462A392543
4523,9698D7FE01CCB57E
4524,C8B8B6500F1E904E
4525,629D12F1525E714E
4526,D4E1BFFE8894AB91
4527,A1A9853E1DD09C09
4528,B45B5C04EA86B00E
4529,1EEB1E867066635E
4530,44B7057F1D9BAD6B
4531,D14D2534270250A6
4532,39E2D7AE80044A90
4533,63420043FB9A243C
4534,4DE2B9B5F6165154
4535,52C913EB375F8B6E
4536,8A3449139B013341
4537,33C8C0D040E8D84F
4538,1828BE287AEDE5C9
4539,A63C7AC6C7FCB8D5
4540,69BD7CAA50235B6C
4541,75C354E3186EA1DE
4542,EDC0B6B6F3FF396E
4543,FD0862FD46B45E5A
4544,AD6DAB95FA187619
4545,204B6F7B4352ACE7
4546,F05DD6B480258C69
4547,BB3ED900CC5E1477
4548,DF22C87CC95DD7F8
4549,F74F546C9AB072AF
4550,0B3ACB761B9A4034
4551,6227541DBF5C535C
4552,12CB69F4E02327F2
4553,E458555543DE8498
4554,445A43E9FBE1F9A2
4555,B11E814633C40DB9
4556,9CB2A1EA591013C9
4557,CE06709E9B83866D
4558,F9CA28E5F14D82CF
4559,3A42F8345B708E0E
4560,80112464D3290E85
4561,E7AC43AD55CA7ED1
4562,86E0E4E2F37AB9B7
4563,459F565B31CF8BD3
4564,D0C9ADBC9EE02582
4565,0557E19ED44106CF
4566,9CC8584FC3DE53A5
4567,5160C33E73385E98
4568,5E0CC25A8A91AAD6
4569,00DF1EF36C29365E
4570,37E264939C30B1E9
4571,D2A6BEB0E1800C70
4572,79EA985EDFD749A8
4573,5240FD73EE1DACA8
4574,3D2A143B65EFE8AC
4575,A9A0C7EDD3E621AA
4576,59504907F64D6994
4577,FA6D9904FE9FCB22
4578,B84CDAAC51A0E258
4579,9BEDECD8C26B6636
4580,3EB4B3B47245C655
4581,07EBFF2CB7F216ED
4582,D6648DDF4549234A
4583,B31A0D00D50EE77B
4584,EF20039838C61E16
4585,0DD5721951278442
4586,D352F9CFD7AC69DD
4587,300C427CE7164ECF
4588,BE4572CC839BBBAF
4589,7B4831931E0D0115
4590,CC6D41B3AF01ABB1
4591,A8650BFCBB42D0CE
4592,A8246F51035D5D97
4593,4D7093A32AB890AE
4594,C607C64075A7F184
4595,DB1E59CD14C6ECD2
4596,EA182C6451D5A8B8
4597,7D7AD346F259DB57
4598,3CEABBFD480E7621
4599,40B67F5EFCDE3F26
4600,4B0C3712B57AA39F
4601,E69EE1EDDED247CF
4602,022999F5F518158D
4603,F7751A301B885EAE
4604,78E82035A03B043F
4605,A09206BD710F6B0C
4606,99CC0201B46D9B64
4607,5C9710B4D9B6C675
4608,ECAE128835777A64
4609,8A3684EF797016E7
4610,479D4669743971D6
4611,44B4F68F2D7A1F9C
4612,BDDB5F4B94FC4B65
4613,666A8FE018DA7EAC
4614,2CAE9C47E0B04DE1
4615,151057EFF8339DAA
4616,8696305D143081EB
4617,0DA0E394318B073D
4618,EFE48BBBF967FC4A
4619,3F8E68AC1C4C9E2D
4620,5A72CAEC98BDCF10
4621,A405587E871716F5
4622,A262F4500F7BCF4F
4623,875017E033898F7A
4624,6FD0DE3EBB4B5E2E
4625,A348C712C0757098
4626,00130BD9AB9F0EE0
4627,24098693BCC8F782
4628,29129A96B0DFF9FF
4629,5D1E9BCA8093F6D1
4630,024C2F4C2DD0E083
4631,4C4AABC171094F57
4632,2EA8A7F06B9D3292
4633,81644652C7460DB5
4634,4732CC72C16194B6
4635,9E21A193A17702A9
4636,4D7D0EBD135F3652
4637,7EA24A67C6195E2B
4638,2A88DCE5B3125B64
4639,71F1022884E92E52
4640,68D7B54710D19021
4641,7940B5278E80A45E
4642,760A53FB12294D76
4643,8916D5CC66E8BD17
4644,2BB69C7D29764C01
4645,FA82EABC00B5C0F1
4646,0BEC9183315268AA
4647,8991B534176BC7C4
4648,F0A4F5F0873BE69B
4649,1D9BA282A9C289B5
4650,067B860B9E42660B
4651,D19612605A4BC3AB
4652,BC9474C01D3DF415
4653,121401DB8A672F2D
4654,8B61A1B60F8442C3
4655,43D6F1B7AB070B33
4656,1E727FA357BAEE81
4657,666F860D0234CA9E
4658,87477894DFDBDE6F
4659,9162167BEFE12523
4660,F4252D836C6CB2B3
4661,41A3D98B673618A3
4662,5E510DACF01C33F8
4663,BB3C99EB00E28651
4664,35BAB9B2794C5CA8
4665,E2020D9C7808F2E3
4666,E3BC8F756BD9C2F8
4667,B4133F234CC5454C
4668,59A393484EB53131
4669,936C5C85EA9750DB
4670,11406BA8F4CC7702
4671,B2CCB32F25E886FC
4672,5152569C5142DF23
4673,25EE5A854571CF56
4674,00E1C8DE6BFADC86
4675,0E1F1810B33C3817
4676,D3E9707E9652D7E0
4677,03576055EDB6B6A4
4678,E31725BBC9B103E8
4679,4D82392397B36E70
4680,E0B0E0F82F4D875B
4681,CBFE92470A6E8519
4682,0A86675BC964CF81
4683,33FF2EA77E978A83
4684,F371918F936A04DE
4685,54B390DA0CB783EF
4686,9C43301DDF8C4033
4687,79B1790E059E0C2E
4688,93EA043BB950FED3
4689,684E143325783D19
4690,61C2990A0B22E0CE
4691,FF115F6710AC4F11
4692,180DBE34EDA77FEE
4693,1922BEFAD389607F
4694,5E4E556653DA977B
4695,A3CE982CE11D5DDC
4696,DB1D03746EC48AB7
4697,02CD40AA19D5CECA
4698,DCBEA14C75ABC6E0
4699,6CA0FB7AC58588FC
4700,B8A0D61298FE560F
4701,BF135C8BBD13B8D3
4702,E14F33EC5B4AAF27
4703,1A082EC8D5A4C1DF
4704,7FA2FEE3208C6BB4
4705,2C12C66343212334
4706,2CBB0BAF4A65B52F
4707,AC26861AC72F52C2
4708,00F9CA55E1CD8FCE
4709,50F6D9F1648B969E
4710,5D9D773ABB628D1A
4711,1C078F0B3FD40644
4712,E4CE1485D3521893
4713,2512358C3CDF74E1
4714,8EB4A232647017B4
4715,540E2B154C024BF9
4716,E6313EACC50EB49B
4717,4E723A610C5B6C18
4718,1773BC01D038B9F8
4719,80AC4D98EFBC48A3
4720,D500099B96622167
4721,32766498D266EC96
4722,551F9D7F0BDC4BE7
4723,34EC27ACEFB2314A
4724,C9792E9E5E29A3F6
4725,B2761FB24F50EE93
4726,A0BD22BD64EDE9BC
4727,331D70F9F8A7661E
4728,B68A83E3BC91A574
4729,D1FE5FF2796590F3
4730,F0C49EDD45B10698
4731,E750E666B4954EE3
4732,A6B0D3C43FDBCF23
4733,9749E45915A13C0E
4734,220C3B61D31F2C86
4735,D479DE85F6EC063A
4736,AEA314D487DCA56C
4737,1A0BDD01A670E30D
4738,2C5B80D3AF86E140
4739,C820DCEDEEFC46F7
4740,958C84712036A8FA
4741,CCCC1069D2DAC535
4742,D9E12878E51A6A43
4743,F45AAC3DC7A90B3D
4744,9C5A06D7BBE6D89F
4745,4754E9AF8AB2C592
4746,3C0501F61DD6CCCE
4747,28BD99E64BD03E34
4748,EE8532D2C48D4250
4749,6E8B8A216D524E07
4750,0FA39B6D24EFFB16
4751,EC2E42479BF32159
4752,872A4F9FB4FA79D3
4753,FF1C083B79D912D8
4754,E5CC7BBAE2544411
4755,9B310B2DF85D88EB
4756,410BCF3E79B8160C
4757,B558BB213780DFB1
4758,15ED4EEABDF5809F
4759,A406B636C6C7927A
4760,E021BE76032810CA
4761,8361048CB7B2DF29
4762,7166D1D0A8ADFA65
4763,1B0F5908650C5917
4764,1A7F6A6AEAC4A755
4765,5CC3280BB4903858
4766,B14005A0D3F9196E
4767,32C5A7F0907B7AE1
4768,26EEC53F7FF0BD3D
4769,C385761181D2FEDA
4770,E6B9F61FE2BB4307
4771,C7D199951279B612
4772,4DA0AE0CF6A5D0DC
4773,FA404D31FA9E9EEC
4774,7168E081CA19CB5E
4775,C14E2E513EC9C9C0
4776,7460862700A10BED
4777,F4C63C3D7112A9F8
4778,0B210A0E44DA659D
4779,468905DDC0DEEEB5
4780,494FD5BD70EF2941
4781,EB0BEE51EFD7B72C
4782,4B845274EB86182C
4783,BFD67F2C6C77E040
4784,ED93950FB43E9C80
4785,A6C57813288402B7
4786,5E47A62A1826387A
4787,B77850F5A26A3038
4788,53C661A61FD9E3B9
4789,9B3BBB5170DD71AB
4790,ECA5EE1C334DDC9B
4791,E9F1EE64DD2A5CF8
4792,F877009D1DE2A48D
4793,597BB090DE037591
4794,3B1BBB215C6038F7
4795,4C091FABA9B638CB
4796,4CFDC7969B13F3DD
4797,24B9AFB1D15B8A3A
4798,B0FE2F0BA1E41663
4799,249D735D0AE34C57
4800,F1DA0D8F34824653
4801,B4DAB1C427C9C8E0
4802,A5F152BC646F9C8A
4803,39DACC583A077D53
4804,E1B444801F20F38F
4805,6F724B210252CDF4
4806,F95C3997DA102CD2
4807,F43FF8F5ACDF3AA0
4808,D3E1316F7B1AED96
4809,AECEA94018A74314
4810,FDC1615B479C9AFB
4811,6EED9CE3679CDD3B
4812,8DD704482C480AF6
4813,B19E78563EF3CC0F
4814,8F860F34032A16AB
4815,AE2797BD5EFD8609
4816,24264692450AFEA8
4817,8F0E5D71584A8466
4818,5C3AF73FD089B2B2
4819,37A2BD1403DCE352
4820,55DBD8ADDC712077
4821,D0204F01DF82F5E3
4822,FC1149929032BCB9
4823,CA42110BB0BF95C0
4824,370CD8AD5F6783F1
4825,F1D133CF8271499A
4826,CA2F801EDD242EFA
4827,2F24014E6FB4088E
4828,54F92840437E2AF6
4829,ABEF89AF8B13E9D4
4830,63178B1A320F60B3
4831,DCB703110440A93F
4832,5FC78253384EDCCD
4833,398F1ABD27236135
4834,9B5CE372AC46E590
4835,A15A6938FCD4F9ED
4836,D9ED02A2088FE493
4837,CE9C38A82F43FA0F
4838,62A7F54D4D0A61D5
4839,D7BACF38AFF0F197
4840,96013D4A28F9BE8B
4841,4F0E68A5E0B95B36
4842,A91CDFCEB0373876
4843,3C5F6990EF8A64FF
4844,BB20355D339BF980
4845,9B5213634E197570
4846,D8A556790A069C94
4847,BE799323A28E2F6C
4848,B1C153A5A4D5E29D
4849,AC79E71F852984AC
4850,130506F6A3D2EC00
4851,BD992A95E7CCCB6E
4852,966F1AEC601328F4
4853,CA3C4F8EA3ED4792
4854,38BEF8A0ED7A0626
4855,DEB654B56B1DA32B
4856,98591ED681E4F42A
4857,374A84D100758EA8
4858,D6FEE7C366D8D1FF
4859,DC60448F4D6057E5
4860,7CD523FE0FCEA9A5
4861,A66C2F4BAD8BF8B6
4862,6A803353DC3A08F6
4863,0CF15CD711C87612
4864,5E99D070A99C6C70
4865,F5528D42E2126B7D
4866,F50F7A121EC52865
4867,29B42585BF839CC4
4868,9E38D6924C6E6A03
4869,EF288B7F7DEF5159
4870,1221B7D3E29E5B41
4871,5908F30C8F6F7E77
4872,12CA83995B36A001
4873,D25CB328FA4C9511
4874,568258C1CD1A7282
4875,F536F293683D9804
4876,0B218332066C12EA
4877,BA98ACB5402EBB1C
4878,0FC03354A84FA87A
4879,AD9C748E68FB5A3B
4880,50AC401429EF546A
4881,8D03A4589D582A7D
4882,8C031F89E3B16A77
4883,11391547F6D226B2
4884,F48CE378D9732A2C
4885,7102ABBEFBD04DA9
4886,13ADE0D060052B42
4887,C84AFB6A6B50B758
4888,604FA64978F1C30B
4889,3D02F13A3C66E25B
4890,7998326D4DF9F450
4891,96FD463AE3E747E1
4892,213B0B367E9896C4
4893,FD0A59B19B0F57DD
4894,4177B3395E6B5C4D
4895,705C2A3060F171A0
4896,AADF53043BA51151
4897,9C83E603D7128F3D
4898,8C81FC47FCFFFBCD
4899,C134CDB5347786A4
4900,ED49607E7EDB48D6
4901,CA6B44F2D1CE1FAF
4902,D5728219D0ACFD1C
4903,5283FC536A2AA873
4904,40DC60B88B191A19
4905,37ACD881F112A349
4906,4D666AEB1296F33F
4907,8AA82A6C2340EB0D
4908,11873F6526E60A00
4909,B3117C0D33D917FB
4910,EA233D193B9C4E7F
4911,F4A85926B2A843A6
4912,DE3918FC07D35751
4913,108D359125B85799
4914,5DF08F3440372372
4915,85B255D045E190AF
4916,5BCDCE815C043AF9
4917,DD924CDC26144BDA
4918,E7C6E23A7388214F
4919,BBCC1C9EC0E3C892
4920,217099ADA99D02AE
4921,B60B08BF68CCFF9F
4922,FA4C9AC712A44E3F
4923,232A5E09A9F96668
4924,814119030066458F
4925,AE8996F1A84AE0A6
4926,88A12E71B8963796
4927,BB46232E68E179E8
4928,9AF15A1FA823B1EE
4929,49A912C4B2ABC129
4930,21DF529E19EF5A68
4931,FF6A4746902540FE
4932,8CAE2BF0C9334CBA
4933,50F7F622E3A811EB
4934,2FAB7B759DE9C46C
4935,C4035C1C04483677
4936,343A91BA50ADE236
4937,6EA153A23271C526
4938,B42AA737B593346A
4939,170F0FEE67599278
4940,65F585002D6FFD24
4941,56E87C7545C621E4
4942,993933A76FAFF1CA
4943,5DFC7B82D72666D1
4944,84945AAFC6672E62
4945,7D66B43FD32881A4
4946,1CD73F198887CAFF
4947,14786D74EB968760
4948,6F941AA8CDD0F9E3
4949,D029549216038901
4950,DB751D643B9B7F8B
4951,FFE00AAC867A3A38
4952,794A8099580352AD
4953,653D92741D62EBD2
4954,42E980697E6B1CE0
4955,FAB721141EC77C87
4956,CCBAA5CCDCA8D029
4957,1479160406CA8167
4958,F84F30F8856681D1
4959,AE9B43953D6CDC99
4960,085D98CE3573F8DF
4961,DD2573029FF075E3
4962,2B67D546329C7D49
4963,98A48184B4898037
4964,FC16E37F0836A925
4965,837086E74EAF15F4
4966,E69EC5B636981B42
4967,642EC4A7210F74FB
4968,1CD3E8E36B34ED08
4969,C4FB4BA1339341CA
4970,BB6B917449FC6217
4971,9FAF27611203DAB3
4972,280DACC9E93C57F7
4973,5E76E2A0B80667E0
4974,AA489933905B5219
4975,A6F72DD190D21BEF
4976,0853F1B42BDCA479
4977,26F8FC7839A919F0
4978,993EAF539271E775
4979,CFBA762A815A9905
4980,ECC99FC4D139883C
4981,3BD29C84993F06DA
4982,9A6D9572C3219364
4983,E18566834797DCB2
4984,3E1779F0131E8F68
4985,83167F7C033B8CAB
4986,11163D37AB6BA9DE
4987,B2AC461731C19280
4988,88AB001E2FD489BB
4989,51D8483EA4B66D20
4990,2AE89169D6D77534
4991,35DC9C822548ED1D
4992,908F65F176B88AD1
4993,6445F47DDC107D63
4994,38AF2FC9FE938D13
4995,A278C2C367A9C10D
4996,7DBB87D51763C047
4997,063F87DCD4C2E36E
4998,01B3C4B9DC34E706
4999,F85176AB696571F8
5000,636541FB5A03A57E
5001,1089A91559B09275
5002,EB6F6820495643EA
5003,63B6BE0B40E31745
5004,A313AAFA237825A8
5005,C59463B496B8BEBE
5006,F18AF82C27F0E6C4
5007,2A57446D251C86A2
5008,5371986AF9B2A9A2
5009,F4570C86AA8F066B
5010,E855FD90B5ACD185
5011,F0E71EF31FDF5126
5012,4A5EFD607EAE3B5E
5013,5B273BAF7136B2A5
5014,EB6177C7178CA659
5015,98FADB61292C486C
5016,37D97B8EFA3247E6
5017,8CC071323BB876A5
5018,3C8304239751C990
5019,5089531F7BD726CB
5020,5922302E82F71FB3
5021,F78FE0D0C5EC8756
5022,8A4B2C8322251375
5023,D69FF7826FB15292
5024,5AE4DCBEFF28915F
5025,C352134A9E7C2F61
5026,1DCB9363F5D51F2E
5027,C2A21DDD25C87550
5028,4F36FA4164A54A41
5029,7FA42AA69FA58F3B
5030,70DF8690DDC22764
5031,441F3196F8949FD3
5032,10DA75657027704E
5033,52DB399860CCF1D9
5034,30B71494941A725C
5035,19909A914F000E01
5036,F712AED7C01AF9DC
5037,B34D68F3198C669A
5038,D8D365A45B1257D9
5039,048E77CFD9A1262F
5040,136BC9F7C1F4071E
5041,4AD7A7AE6C688B66
5042,77785AA69785AB7A
5043,032B362D1234E5BA
5044,BBFB270360DF007E
5045,17A8737B6622248A
5046,097952FF145E01FC
5047,3180C3A2C33952D8
5048,769221EEEADFBBBF
5049,AF478549BA3AA893
5050,201B083153E30A63
5051,5380422F35B35A21
5052,74E52D2D353CAA39
5053,81CC28F26C33AEEC
5054,D2FE05C6B1C293C9
5055,125D08AB8D8E1C25
5056,ED0FDCF39432918C
5057,D244AB742C6D05E8
5058,18F391D4572A9FD6
5059,68D78800C6E70716
5060,FAFBE6369CA7A678
5061,D60F007F36A1876C
5062,175AABADC332BA8A
5063,ED121D5A75793BBE
5064,51B04C8672195189
5065,85F4D0FA7CA047A4
5066,46ED2A27CC73D503
5067,4C1BE3F2F0F87A68
5068,F9FFD09FF419BCA6
5069,DE0F5974ECAFE454
5070,6C9BFABF5811153C
5071,81EA7F1032568416
5072,55988098CA179A80
5073,E3DC55D3BFA227BF
5074,493D0B5015C8903F
5075,C3B1DFCF222EAC45
5076,FFC5C2DDCF42C60A
5077,6C0D0699B93C3300
5078,AF22AE70D09265E9
5079,D42A458C2968483B
5080,1C7BFCDA61AE24C4
5081,6F0B9DA487F7C9CC
5082,CD12CCF48CCB69CA
5083,6D2992D05D75B37A
5084,917550A27A952979
5085,8FB86CB1890B9431
5086,27695BD69AEE09C6
5087,576B7AA4DB85F8DE
5088,58F89D0F7B81A40D
5089,591EF5BDBEB81C47
5090,C03F8FE76C83C951
5091,AA6F7652CD18D4C4
5092,E8532734F46A4BB0
5093,384BE634058A8146
5094,3A94C967175B9DC7
5095,535B803508E8A3F9
5096,CDFD3570DD4AE4E6
5097,7621944510A3DCE5
5098,8DACC3BB05CD3D2D
5099,A2F34DDA67797DD6
5100,845D028E8D953BE4
5101,C87AAC9945AC7E6D
5102,2C6EE5485AE74534
5103,9CD54CA5541171F4
5104,F1AD910C8E0DCE89
5105,CA2B4B7F3972545E
5106,4331C98DCEBD85AC
5107,4E0C8A75FE13CF21
5108,F981EDC3C2950E31
5109,A26E6377F2AA4DAC
5110,CD44231039E1B952
5111,C009D751477477FF
5112,571876E75E3B81A5
5113,4A161C9B3A5EA81D
5114,CA5045AFF8FC4142
5115,B224BAB2AA32878A
5116,1D23396055759F22
5117,28229C7E21B12010
5118,361FA2354FE23A2D
5119,9AA62F96F9CA0F0E
5120,20B3AC029D503D22
5121,61621621E214374D
5122,3C498C2562A6FC22
5123,DD77A90964B8C011
5124,E100B32FBAD163FE
5125,5B1B7FEF23B122FD
5126,DC1C76E2EDA471FB
5127,913F2A8EFEE7BD3E
5128,D891E3AF40CF20BA
5129,CC7A5B8B63ABCF43
5130,2D2256030399BE29
5131,6CCBB4D6CBEEE2DF
5132,480D0E8BA91CB074
5133,344BB4B26300BD87
5134,3E5C106E526F1C7D
5135,61D2EF702615BCBC
5136,B8B6F9757D237D2E
5137,E5E23953A76F2206
5138,87F92BDE4088EC40
5139,27371B12A4988739
5140,B27D4B29E29AF889
5141,BBB6E0F78DB1C36A
5142,FD99254B13FEC5CC
5143,0040D4F34CD61C86
5144,E8C9571B63957703
5145,19ABE4863B44E9A9
5146,E255E0E28B767465
5147,20B5F6A98B9CCA9B
5148,A5E91542A9D15026
5149,322D4BD018283718
5150,C248D6B98B9EE015
5151,6476FA50EB111989
5152,EE36DD3FEAAA3763
5153,FB64D66E30245D64
5154,7746C221929FFF15
5155,B44F7344B42E20AF
5156,C263703397C0DE24
5157,A6E6C8DB932D9A91
5158,7A7BAFA74C3433CD
5159,9FF2C6B4C6C7288C
5160,BFE119DAC0B60A12
5161,A58127DF2E8EDDCD
5162,7F30060AE31B3C19
5163,05C7CC8597D91105
5164,BBBBF0691B7646A5
5165,053A8A9D151212CD
5166,A1679862E25DA2B8
5167,C15C2C46D317209F
5168,E77373C7FFB35379
5169,5CE79A6DB8ACAF10
5170,E4F5A037851251D6
5171,3904FF32F7F07E71
5172,12CC1F2E8775EE9F
5173,5076C032A4CD47FB
5174,F9603B273DA99962
5175,01BF09B72A403EC8
5176,E61B9ABB6FE8055E
5177,FD515EECCCC50C09
5178,A6C26A1D6B8ED6FC
5179,B7B6F65AF8D779BF
5180,2F5D34C4E1089CAE
5181,52F59B400070FB22
5182,B3B3AE75063C7D85
5183,BC957523DCBC1BFF
5184,71698D422E74C37F
5185,2BD36F3AC229D5B0
5186,A2F7677BFF337707
5187,1018B84867AA9373
5188,690F4A6DC3893A7E
5189,4816793D6CC0DF0B
5190,9F1153B166946266
5191,AECB59289A0C5680
5192,B2AFC4BFB9BA86AE
5193,3FDC7EE2116A68EE
5194,E0607F2D6409C88B
5195,9645F954E1B9CBAD
5196,5B8C37EEFCF65B1C
5197,11E4D12BF4F33FDB
5198,3DB8A132F87FA166
5199,4E0027829D5D5458
5200,FD7CDB125CB786CA
5201,71017BD521BA1AC6
5202,3E381180C75B2AA4
5203,A326E0B78BF5ACF7
5204,8F8485419ECD8EF6
5205,BB0074170D9D57B8
5206,0ACE62E9FFEFF816
5207,DD31D7C234A65552
5208,B8FA07CB79015791
5209,B1772F9ACB028A73
5210,560817EE46CFEAC5
5211,C6AB4D42CF0D0FD1
5212,B1757DA04AC4E900
5213,9E2B3AD2793338FF
5214,EE45C6401B04C0C2
5215,BB2C9C64178CC287
5216,BE55F3BC56BA104A
5217,CDEBCFC8574EDFFC
5218,35D2D33F0011ED03
5219,F3514635C3124FF3
5220,8DF602B765810E13
5221,5B39D313651A295C
5222,E68D9BC9D6088A77
5223,8EFB8618767D6E8A
5224,557C287BB8669556
5225,B5B7353246F11E4D
5226,DAA2F16895B38307
5227,AB2AEA96B8101334
5228,6D35283A9FBF86B3
5229,C3958ADE8F213D31
5230,EB1F3AAA60CB4C5A
5231,265E27951385BD3E
5232,83A4F022D6B82FD9
5233,42933845CBE1A38F
5234,9B3FFE1FCD6DEE20
5235,E5A3E0F58681AA8B
5236,89F14C39BAA9B91C
5237,480BF835D29CB31D
5238,AE8BCCF854DA6286
5239,1F2BF304F9473BDF
5240,759EF2E7529BF91C
5241,212A5FA24A3AF3CC
5242,30843EBA94929107
5243,3DBD5D20A468EEB8
5244,299493EE5DC70138
5245,83116E7EE0AD1209
5246,E58B5F648097F5B5
5247,200E696E322D09D9
5248,8D2820211BB05E2B
5249,74FAA4C0D51490DC
5250,7ACBB187F626C23E
5251,62D40D55D3D57D39
5252,6051D59D9EBE6B3D
5253,934A631D1FD4E33D
5254,BD4C7DD2682C3C1A
5255,3008DC93D46B998C
5256,26DA95844719BB52
5257,348343F99471DC2A
5258,2BD9597AE5E58AED
5259,0323C087ABF505C2
5260,04F8FF046436A817
5261,2CDE66433F052CD3
5262,4566DC827BFC6987
5263,4F455A484C2FC1BB
5264,3E735EDE8378BFE3
5265,446A5DAF6C343A04
5266,5ADD640F8326D058
5267,9AF9DA24CD9EA9C7
5268,FCCCBDA8C174E225
5269,63EF9B82B5533657
5270,242BB2B81322D8F0
5271,175BF0CD7E5616D0
5272,366109BA11F9C52E
5273,9E7C32540F12B2AA
5274,18951F77050EE635
5275,3CB1016CF5AFAC38
5276,5157910898F44CE0
5277,5B0C5FB4DBB153AD
5278,6FEF72C72EC50E0B
5279,0EBCD950E72B0652
5280,30996B16DC6B61E1
5281,7C5321620C560EAF
5282,BD2D55C15D62E0CA
5283,4C00B292CEEC866A
5284,F7DCC37BEC3375D9
5285,14E0C155229B86F2
5286,D2CFB200AEEFC9C7
5287,D401324C16907A2C
5288,4C08E73AEEBE3E52
5289,DA2480B5F09A58B6
5290,E08B4AE03574F79B
5291,936734FF86263210
5292,2EBC98BE62028BE0
5293,0A6918EC4BF6303A
5294,ADCE1410F3CE751C
5295,E3A7E03098CA1DE6
5296,CD2B46EA30EF03D3
5297,B2644D6612E18690
5298,C977BBF601ACE532
5299,BBEDBCDCE942C8A2
5300,793D5B1B34F03267
5301,669B2B390B7277A3
5302,59E78E8D2E658850
5303,B889BF81CA95758A
5304,5A169E6FA2B3D089
5305,94A4990CF7D11BD9
5306,6F40369587DDF6DE
5307,F535268FC356B9DA
5308,53115B7032584617
5309,1C53916B22641EC2
5310,18F3C7F265CE0BB8
5311,0C65F8EC343E080C
5312,8CB460C8080454B8
5313,7A2AADE07A260935
5314,BF658BCCEA0E245C
5315,5613038D7FD50EAB
5316,1CEEAB46FD9B1FF5
5317,1E010286EB37DBE5
5318,9715706723DEF752
5319,270476D49294E901
5320,14C278B8607FCA0E
5321,183D72AE30D1C32C
5322,E507993E6217927C
5323,27F72B40C4D32FDA
5324,6EB18F5766F8349E
5325,577D967857879A32
5326,85C2A1ED43B121F9
5327,A44CA9650D9FDB2A
5328,01FE1B118CEB4BF9
5329,97768D89178417DB
5330,03F5FEA4DB37D1A9
5331,7384729DC21544A0
5332,E56E1F1C6DE6F831
5333,36C719B2E9DB8179
5334,D9C8D557A4FADEC5
5335,FC2B07E1F6FBD7CE
5336,CD0044A8DA5980E1
5337,303F05B5E4CC4CAE
5338,57E557B22BBFFB9F
5339,AB807EE8980E47FF
5340,73D0C9768BB81838
5341,1967537915973151
5342,C91981D0B1050595
5343,7C89CFC061473834
5344,22DD28197102A443
5345,6747FBDC286846D3
5346,CA43B6C4485FB9FE
5347,5C4E4A8C9C53C077
5348,5A336FB86329C4D8
5349,35BDDDDA94255B1F
5350,6D9FD334A9B74D14
5351,2C54C604A3111700
5352,EC4A1AFB3FCFD7ED
5353,98FD353B35F07A2E
5354,0FD4DB0588053BF3
5355,8CE9DB11D3825B2B
5356,E904D99C64C4E134
5357,A27C64B12CABE545
5358,1B01B6EAD68B0473
5359,22B973BDAB647548
5360,8A17BB89C8CBD0EA
5361,5B0988DDC90B93ED
5362,6C441C44A9A6508E
5363,E6BB3B2019570C34
5364,76E045C1EF592FC0
5365,5843180C8984B513
5366,E3446DC32F37C32F
5367,E0A20AF54328B9CE
5368,EEDB53426F817B18
5369,08E86B191BE5B9B3
5370,950EE56CA3697568
5371,AB73EB41CD40D234
5372,B43E4EA042F80CDE
5373,33082275502E4796
5374,A77F12A99371C860
5375,0D8C2ADBEADDCCDA
5376,B74936137F699A11
5377,53D1B39E5A035A63
5378,EC9D12CC8140760E
5379,2B69E25BC7D07C3A
5380,0AC1569D54983B35
5381,6B38E25CEE3D8794
5382,96B9A8DAE1A9A47D
5383,E3BB8FAD9A0CDB14
5384,F56D04753B9A952C
5385,657AAB83F9EB6DA4
5386,36584D239FFD92EA
5387,61EA4CC2026C2909
5388,B98BD89A5A572D3F
5389,E7C9F97E2F6FA4DF
5390,DAB61CBDE08654CA
5391,643D2112E61FBCAC
5392,2AB819DD7B163A86
5393,0C5DD35802C6133F
5394,8965262C50C72D06
5395,07DCC69EF40AA915
5396,C8139C265054DBBF
5397,00F4C2E1DD269433
5398,BDEB4D13D027EBEC
5399,E8899A238DDEF0DA
5400,3A6565A7D9C7874B
5401,689F76FDE895095D
5402,47387FF3F5AB8EF1
5403,B3FE6CE283E32C32
5404,D8AE9ED07BC42A09
5405,EA683BEA72326579
5406,1428EDCA089736DC
5407,BA7F955CF0FE346A
5408,6FCB075B8EE7E8B4
5409,81C1F424F7AD2D31
5410,E4BA2FA8BD643E22
5411,3532AE5C75D3E95D
5412,13CD75D4DD6DAE43
5413,4CE4321377ED5A80
5414,D71C16ADB48B29E2
5415,AE25440132025EDE
5416,D9D129A5450C26ED
5417,35C2971EDB297E7D
5418,D6BBBABD4C3DFCF0
5419,C7C4F0FDFA7647E5
5420,4025A660C8102E48
5421,D83D47476561850A
5422,AF5B5BADC0AAEB8A
5423,FC670282DE4736EA
5424,8EAA262DCD585A85
5425,6D66897D7BA4371D
5426,C0B71536F71BBCCD
5427,D59F53C8182BE44E
5428,C804E12F607EC8A4
5429,D7DBBB14E4FE6FD7
5430,CB64892F6D6F5B5D
5431,A3E1B1276E8FC65A
5432,401E63AAC8CC6C1F
5433,6ADA0CE2CE157DFF
5434,046B960521D376AB
5435,9DD0F0D3E8FF49A0
5436,90B5C9D466D5A17E
5437,3E6FCE7DB16C95FE
5438,26A70DC7252EB694
5439,8B5FE4CBAC02E740
5440,D975EB877E07CD40
5441,65BF794F3E0A7422
5442,306417CD7C024585
5443,EA51B244A5D23DCE
5444,6F3ECACCBD86EE9F
5445,0D48792F6333D210
5446,C876AA002D34A04F
5447,03FC424F1DF72E41
5448,3905638E082036AD
5449,50910F56DCE7298A
5450,84C27F415F7A4D64
5451,0CFD24BB23A29A0F
5452,AB0B35259BD973B5
5453,881AB19B64BCDB15
5454,A27A5D72C4117D97
5455,3DDB3652CC3AE978
5456,CDD5D222D7DA929F
5457,5006ED2C31A0D031
5458,C6247E84A6812210
5459,0E71F11D8C10B242
5460,2BA8319EAD80AAFB
5461,46009BEFC8679B26
5462,FA35C50C1A012B4D
5463,2D55FBCF7C621AD9
5464,311AC94C56366999
5465,CF3E25E571ACC88D
5466,1FDE1ECF355EB95A
5467,3AC78262D38E7568
5468,EF6DFB08136DADF2
5469,63D2288B43F8C8EF
5470,44C248EF0BC50ECB
5471,E8670525204D901A
5472,F2AFD8C8D10182EC
5473,714C90B1ECB2A9D9
5474,A14D2D9206E54508
5475,E34EF4AF642E21A2
5476,0DDAA31686BCED1F
5477,041B635A30F09C3F
5478,1E19520AB6DC9119
5479,C96A83850E7B3926
5480,37561024EFFA5245
5481,1C307B7E261BD223
5482,F7250444E2EEF360
5483,77D05164D8D53F6C
5484,AEA1DA9D43F25A95
5485,B5FC5F13C4E7418E
5486,0DC47FA706551A27
5487,974CBFA72565B581
5488,5B7464B030961CFF
5489,0370C7BC916F6013
5490,719B13E3B021D03B
5491,B117FAFBBFF6CF07
5492,D9F144055BAC7D76
5493,5E800346679EB447
5494,8A100B9AB58928D4
5495,9EF2159315C88D09
5496,0C59E5D9B861802C
5497,EC18079F3B2F416C
5498,EAC9B582C9538CE3
5499,10E7CFA9B48D0154
5500,760AB5CEBA006192
5501,A206A928A65B1EC9
5502,2BCC4E898E175309
5503,824ED3A2F96C9CD5
5504,A2AC31AB1F03A2A7
5505,070A13A3EDF55C49
5506,51A49F98F5C89CB9
5507,945D9FD9AD96642D
5508,F7E79896145BD969
5509,B6B68A1FD2821611
5510,A9D243EEDC2C79BB
5511,8341B72E39ABE8A7
5512,8697CCDBA87B0932
5513,04D024BA90FE2BB2
5514,05466C27F7396CC0
5515,DF4E10A2FC93F67D
5516,60EAE175C6D646C6
5517,56E68A1F4543B3D6
5518,26FE584D84FD346E
5519,9B9BF096EE96BD98
5520,7E743B59A5134FB8
5521,CD8D07A41D6A9862
5522,F531DAD71E942828
5523,0219BB48679CC78A
5524,11ACD45AD0AEA593
5525,9C50B5EB0B52779B
5526,CCF3ACF5F69FF7DA
5527,81145B7523224489
5528,EA1C2AA308FC8B2F
5529,03DBE93721B5C8BF
5530,55036DB0E4F52BDB
5531,FBC2B85DD5EA2AD4
5532,372155B4E4396F36
5533,865F9DF160862599
5534,6B33FDD78D31E15B
5535,C8E98167CC3BD182
5536,A67248706F607348
5537,B9AF77D1250C162F
5538,B7741CB558425379
5539,AEC21EB454F145E3
5540,AB80CE30BE4924ED
5541,BB0123A10DD03AD5
5542,D00947AEB2603771
5543,C016CBF03594C372
5544,BDF55525DACDC425
5545,D1CC9DF5E32EE002
5546,3EA61488106999D6
5547,8A49253E567C59C2
5548,097F1C0B2E446342
5549,2D4C3B6CAA4F5E06
5550,2E1B1ABDB044BE5C
5551,089AB537A4C357E5
5552,6AFCA2313E4BF799
5553,BFDEE28771659B34
5554,2B332B5B392A65A8
5555,CF0AE2BE199A2270
5556,FAE5E0148D21989E
5557,A2F4A05500150435
5558,93D97BC468274E8B
5559,5DCAD16E9F58326D
5560,E6AC28E25F640A13
5561,E6CC0DA3F9E11600
5562,E78A73EA117A2C12
5563,5E9B250AE171C3E4
5564,506CF8E96642E427
5565,44739DB05647622F
5566,58FDD762B7BE07FE
5567,9652CAC6F2921D4D
5568,80F899429AA77451
5569,D9FEEC807AD38BD6
5570,37F8C4C7AFC7499A
5571,61E0021E14F7F4FA
5572,98158F392526E5E8
5573,2BF7738CE0619477
5574,9A5B09E9CC1D3DFA
5575,17CFA1B645CC2DC2
5576,75236A449824BDB5
5577,4FAB7629D4995B9D
5578,09C36DE662AD8E91
5579,C6A76CBB0BFA49EF
5580,68377686CBF2F2B1
5581,5DA94DB27245E1E3
5582,C4028C393E74D19E
5583,21FFA21C0D22A6D3
5584,F90093EDCB68A6E9
5585,69433CC79872534F
5586,2B1165326F4FE53E
5587,432D39FF92F6B976
5588,8833FFCB7F243FCE
5589,8E6FAD388F75E69B
5590,95645E595F30D7C5
5591,F9D22BD0993B441E
5592,B16E54455646AF65
5593,E7A32E5E7F8CE832
5594,EAF2765512333556
5595,6F107ADB69664844
5596,082DB2D877F7E307
5597,D4D8AAE3ABCB2917
5598,CC762F8C875857C2
5599,82650D0788330772
5600,F4C8BE48C45B6BC0
5601,33A4A0E83298E88A
5602,C9817101475D1BA7
5603,8747B92050EE4A14
5604,C875989495882AF4
5605,991D9318D0E141C4
5606,148BD3D8B7909223
5607,EC90B523B630A8A7
5608,2150983E14317298
5609,C4E09F8EB2E80490
5610,75D10E8020F564AC
5611,6688DF9033F02FBC
5612,22B16330BB02D595
5613,41D2921E95E1C67D
5614,C50CE3637284B2B3
5615,C7BEA7B47ED1612A
5616,BDE465C7733F073E
5617,8C89B3927C4AC032
5618,0CFF29ECC512CB12
5619,5031635CF76CD996
5620,F64BF6F2A19F0225
5621,25F49D37E1705769
5622,90CEA29583AE44BB
5623,9AEA0D3DE4ED45A8
5624,F989AC262E4639F0
5625,43F57F4973B5ADF9
5626,2B9B57A8009806B2
5627,E04085D9DDA92BD6
5628,F0DFB95D9F773C2A
5629,B5D238D70FB6BC7D
5630,B6CBD756065BA6C1
5631,9CE2391065966D96
5632,8B8AFFC417B1E557
5633,82B7936D2137DFFE
5634,3E3E48CC91F8BCB7
5635,78992041B6E52A9C
5636,25E83B56A3B6FE6D
5637,FE0E4690342B818F
5638,955CEA35D65E35CC
5639,F95961EBC6F6DB7D
5640,03496E4D0E933185
5641,746E7E8E271C37C5
5642,8E5CDA6395717DB3
5643,3FF7CB2A4403A1B5
5644,9F9C7301A1DAAA04
5645,DC2C766FF385E8E2
5646,4F7B1FA9F8FBB3DE
5647,7E6245A1B9256C7C
5648,BA752EB1FF7E6173
5649,79F03A97CFE2A62A
5650,82FE9E160AE3C80C
5651,84B4E46F5F6C1262
5652,3DB584EF9B6EEBE3
5653,B64BDFF3B4559FA8
5654,9B3556247D5B522E
5655,1B2052EEA7950457
5656,E3B9A542BD792FAA
5657,E158E810B7C31EB9
5658,C2F96C71450B0FD5
5659,AE94716CF79F6B3C
5660,906A3A9E8BF9F735
5661,FA4AB76FD6BB37B3
5662,6BA6D9215675550C
5663,FCA837EA03955EB9
5664,E6C40ED234989811
5665,2C542D075CCC0527
5666,07C4164B3B82CC8E
5667,9E02F94CE9EBDC04
5668,E51B86C6FF8B548F
5669,1FC2CD5B657201EE
5670,3823762E10FA3EEA
5671,B27B1B2F32C2DEED
5672,0814E954B5AEAEF8
5673,3A44A806AFE51D01
5674,E9AED8BECF718ABB
5675,EE6DA53ACABE63DC
5676,4F8861DF3740F546
5677,B8CC8BB31C91C08C
5678,4E73F6336BDA2E84
5679,8DA2DD795B5B9628
5680,F7B2317CD22F0F69
5681,45C632B31A2DF818
5682,413E9E254F1ED64B
5683,064BF00CC45948C1
5684,F7F634AF01EA3B5B
5685,45B7B3AA8F390386
5686,4A9A76546D65DB41
5687,B35AE840CC12FAE9
5688,C3E1EF166C7FE8CA
5689,B171F4803C836E4E
5690,B08BBA1169DB9F4D
5691,F192010FDEB0B18E
5692,E0B2E1B421D1BD6A
5693,B9661D87E5BAF668
5694,26517F9429049A85
5695,85C176943F04DEF8
5696,77B7E5536E649CC2
5697,EE8C3B65A33D3771
5698,1496261794659E22
5699,C81A5449760BA290
5700,C00E596C019EAD09
5701,4C56F95E2F9C7F1A
5702,FBB9AB27698CF5D2
5703,58806525A0BF3F15
5704,1AEE2F86D1A714FB
5705,30C5E349BD10A0E1
5706,B97BCAFF8DA02410
5707,6A5F6DA68A112C5B
5708,BE9F0357A1BBF11C
5709,0A6099F5B634F189
5710,8CE25AE41EDD1A99
5711,AA1DBADC1696371A
5712,5F2FD4D2209C841A
5713,7C3D643443DDA1B0
5714,772B16C389E47550
5715,870A4AA0C90D970B
5716,862A68B0C71DEFCE
5717,1FAEA0E32DB42220
5718,AD0394E4F9EA4914
5719,11C1F3E28298A673
5720,2DD496E6A27B3371
5721,E837C3A4C6FF6DD9
5722,8A5546D191E844FF
5723,95632FADED93CAA0
5724,DB4B3E27F9A1311B
5725,FA07D4222E25CFBE
5726,F2661044FAB7A528
5727,50BC08205B6AB781
5728,EBE45EC761C3CA59
5729,4EC098EE70D78966
5730,FE76E1102F2E5B10
5731,144D4618D5C211C4
5732,B2EDCDE58607379F
5733,99161BE0EBCB2F3E
5734,3D3A2092D330F79A
5735,3E71D4C119DCE5E1
5736,1DD4383E7D04C5A4
5737,3C5A2596ED3D9A45
5738,4691F7B3F9B2D763
5739,A8B481460F68F86B
5740,B1E6D6DB626291D7
5741,5F39BCF7B2125310
5742,D9BBDB617550AD55
5743,EF14F5F562663D02
5744,BD22400048E26829
5745,84B2ABE3A539A9DD
5746,D61B9126A60A728D
5747,F5962FF56D5C72A1
5748,8313540B133B48DA
5749,88E0995F0A9A20F1
5750,F57C57B488521A79
5751,8F7EE31BCBA03855
5752,D5ACCAC31B92D323
5753,DF0BB6FB5FD2D238
5754,0CAA7FDAB32761BC
5755,C35DB85DB240C49D
5756,09C0DC4807306A0B
5757,04BC75EED118E536
5758,7B3B31113091DA5D
5759,A214BC60941A0CC5
5760,B6907E01C3523496
5761,B22E665A1E268DCB
5762,1C943FF33E95A77F
5763,5DAA3E6BE0763DBB
5764,A25B3F1F1E01C683
5765,B38427751C13584E
5766,A0B50A7377CD5D16
5767,58A4B0C7CEF5821D
5768,96AA18B6ED09D7FD
5769,B29A98623CA1BE10
5770,AFAF4AE71A6389B2
5771,BE836E87A6982592
5772,166AF50EFB10338C
5773,C3775A44C714CC1A
5774,BD6633B15A64958C
5775,B686D015ABB6D4ED
5776,2D5497DBB1C8FFCF
5777,52657833D12EE9F6
5778,986FFA573005F2F9
5779,DE6785165925EE73
5780,93E11D7D35297CC8
5781,A8B0519662C8BEBD
5782,04F97FF4E9C4C6CA
5783,EB4575EFE850B884
5784,D7AADB433A9F8A33
5785,77ACFDCC84C54D1A
5786,71BD84452F4565E5
5787,357A6B964C03D2AC
5788,4DCE977F5F3AC5FB
5789,EAD2CE14467C88AE
5790,5D40C21AF5E33A57
5791,897243E65D4A4C91
5792,7D15F1870E037159
5793,088E06790186D22E
5794,D36CB71A44C923D2
5795,31F1A393C87E2A31
5796,646BBAC5F0280273
5797,C706EC6A07B89891
5798,CC8BB5497EAA86A3
5799,B3CB00FED90B978A
5800,E574F36F6F9EC925
5801,E4A7AD35564D8DFD
5802,EDEE76A5B7C94020
5803,8C1CE135F3D7A980
5804,D7F2BE0DFD42E333
5805,97EA86C3F518728F
5806,50113FACC1EC2F8D
5807,08193D3FA20B5B38
5808,D2FA200F77596F4D
5809,B7C197DE64CC6805
5810,841CB7854A5BF11A
5811,581A65C9E1038EC7
5812,10F6B71EE7142AE3
5813,56138E808BB5EA3F
5814,3C24608DE82C2261
5815,1CCEE2D974C64752
5816,EC265C09F95CDF7A
5817,F276B30CA751B7F3
5818,DAD54E7956610D4F
5819,6328CEEDA9AFA3F8
5820,E81C1E65F42E9761
5821,F81B72F32C89B32B
5822,5DFF1579F201D1C6
5823,992DADFE48789902
5824,8C055AF2C79EB284
5825,C610ECA429DBAFAB
5826,DEF1776445780FD2
5827,0B751BB3EBD599A7
5828,CDBE271FBEFB59C4
5829,F03018337BBD9A6B
5830,EAAA952EFE347865
5831,BB749A024B63B40D
5832,ED9C226E59DACD5D
5833,84BE3CCBBC7524D3
5834,224408F0BD382A99
5835,4D9E11BB52279E37
5836,2E772EE86575BE8D
5837,F301C8A68BEF9D1D
5838,3DF58B398990225A
5839,952463913F8CFA0A
5840,1A59DDA13BC7DD5F
5841,859F2159F335A3DA
5842,A7B94D586F50FC98
5843,4A92627E20BF1EBF
5844,58BA4DFAE320706A
5845,64DF6DD8E6CFE544
5846,C5926787C3CF66AB
5847,01DF8E872FB20F9F
5848,9E974007A3D32312
5849,793A869B6C986EE8
5850,90B9F96DC5928F47
5851,B830BC6FB36ABBA5
5852,CCE7CD0246EF3AB6
5853,9F20AE8CAB06619F
5854,5F88CE743E07D553
5855,3C87C263D9F9D962
5856,313B8DCD2E3ACBB7
5857,1033DC4A67827ABC
5858,6FBD24F8ECB08BD7
5859,E628CC00A2323C00
5860,D208445C24C9DFD6
5861,132242884A96DD14
5862,19990CEE6C7B14E5
5863,7CFE60D598A30DFA
5864,C84789DA1D809C67
5865,23E8BDE44DB7AB73
5866,E664290BED507D9D
5867,EC81590BD90B16E9
5868,6B74E733135565A9
5869,1B65A8979058A99D
5870,56667614259EFFF4
5871,7FE734962F122898
5872,4C06C3C90E5633BB
5873,4C1E9130DA844EA3
5874,FED61D2EB26C8970
5875,1E9FAC5FC24E33CF
5876,BED57377498F6EE4
5877,1D64570C2FEECB6E
5878,781E63C5F6571B32
5879,1218A7B2B8BFF097
5880,6B6C74741B249C63
5881,E75A1C7D27B309EA
5882,1E24379A69DEF45B
5883,DFD2F834151436AD
5884,8EFB4667A27377C7
5885,F0E4517339475956
5886,EBE4FFEF91FED344
5887,1E069DBB4524DF19
5888,D750F451C7C4AC02
5889,76FF824F0FDA8B41
5890,A50DE4D958EAE1D6
5891,09FF9974E0EA8B78
5892,412713C2B7D40C6F
5893,313696BD65741298
5894,01FFC0B57D6251C6
5895,6B1D4C231B26C2B2
5896,CB744AAD60205164
5897,881F5B955DAA2D6A
5898,D58CFD20525E194D
5899,A8EAFEB2D0A18111
5900,61A53F2CE4A5EC2E
5901,2A5B13D1B62DD407
5902,D2FF1991D49A8B29
5903,5A07A761BAD94929
5904,D4B415CAC9DDC0AD
5905,E134A2F425BE11EA
5906,3516C64357608B74
5907,0535543D6B04FD7C
5908,715DBC2C313A2F2C
5909,3BF9B5BEF2DB06EC
5910,D8797A2359BF4F6C
5911,209CE7DB63572CC8
5912,5630376D80CA1518
5913,873AE3D88932210B
5914,E7FAD83C1CCC4FD4
5915,98FD0E3A67874881
5916,D1416B929ABBC53F
5917,37E02FA934F7DF1C
5918,B93A33098DA6E178
5919,0933B3E72E4D9070
5920,9CACB7865BC25FD8
5921,7C7C67B8A49BD614
5922,319A1E8BF7529A88
5923,45C120A6A435A56F
5924,7BABE9D10DD842DB
5925,91332988A004C6D4
5926,E7A95EAA3E744A62
5927,DFD511225D43F0AE
5928,EE7D39BF2536AB67
5929,BBD9BD5193BA12F6
5930,CC03C228C1D7183E
5931,86FBBB12A432D97A
5932,CEFC3FDE3BAD9EAA
5933,45EF32442A3D3F07
5934,68D443A1F03AC49B
5935,CABA5FCB61F64140
5936,732584FA39F4AA96
5937,076546766F094A02
5938,45272903F4B10C95
5939,BAF5A60AD96C69EA
5940,91C264CAFFA19751
5941,95413A4C0450772D
5942,D38069CD2CC6233B
5943,BF2DEF3CF27CE004
5944,62600235334F6F06
5945,2096216586403798
5946,574C7BF50B22697E
5947,CBFAB7746DE97D50
5948,0DED18C63A5DA5EF
5949,0B058A132219AF5A
5950,AE930AF6CFBC9AE9
5951,E2F87FE3EB0B9CE7
5952,EFECB9658E856DBF
5953,32A6EC0126535025
5954,2F2FE0D36DC1795F
5955,63BFC8289358F70C
5956,80677581AE99FBB6
5957,142C761D1C82291F
5958,32BF5C7661717FF7
5959,2758549D745AF4BB
5960,CBDBAA4DECB4C3A8
5961,B09A141DF1E4DD85
5962,6DE224D70BE17360
5963,0EB5AB5319F6D4DA
5964,E30EF505E0A16155
5965,0A01741C9DC7044F
5966,95B0AE1CF2AD8ADF
5967,6B3483F69E7B968A
5968,956A9FB03EED0D1C
5969,3C14A83CD6111393
5970,7218DF51126E36A7
5971,4796FED64F2FFFBD
5972,0D2C131FF7F0899F
5973,FEFDFDC32E5249C9
5974,E68DE41AE8779B00
5975,D3DD94C9F9DF0C6F
5976,7E375923ABD2E321
5977,E0458E3726906F77
5978,9E28B3F6819C6BF2
5979,AA0065495346E8EF
5980,719D61632AF20932
5981,EB19B30FCEA628C3
5982,43A4D0D6E5FBA9F6
5983,BCC80702C22A6D24
5984,E7F3D1E8A31718B4
5985,C9D06DCFD14E798F
5986,DAED14B070C06BCF
5987,70CD22190B588F43
5988,97366C488C33013C
5989,78CE0818C1B2BCCA
5990,304E04FBDAFB2E28
5991,BC6ABC2635320D98
5992,8700E2EAFF238698
5993,9F95B97DDB778528
5994,587F6264D2FB3B89
5995,266156453623CE03
5996,B23E1280E0B854AB
5997,D09CECDB535E22CC
5998,11615D25019DFF7F
5999,2D7E11E321A3F9F9
6000,05D03A3CE3C0CA86
6001,744D008FDC0DB26D
6002,BCE8EC6B3D63A2EE
6003,8B6404A1CD181EF1
6004,0E442DEAA1C6F340
6005,BD5FB7A668BDCF9F
6006,BFF5E0F530927C55
6007,7A46DB49AD68943F
6008,4650064E98E815FA
6009,45501DF46541BE07
6010,310DA680F81934F7
6011,228B215695F3C2C3
6012,240702A9014E6D8D
6013,F53FD0EFEB7E612C
6014,03E8ECDF5D74D8E5
6015,374C77A36495024F
6016,9A8468C51C0C4828
6017,CC3C1F2BD0AF2C4C
6018,F7397B5D2116FD47
6019,11DC9CC7808BCF21
6020,8275038F9D39C463
6021,6EFB539223F1591E
6022,4851BD7C38A143E7
6023,FE586C56156967D9
6024,40CE3AA9FA9B0E2C
6025,E4880E17B8B3599A
6026,64767B1FAB4A82E7
6027,FA1E82CACEFEC1CD
6028,BEF715277DFDEB6B
6029,8BD73F57D77E6D7A
6030,BB24F87979261018
6031,1DE35039CC3B036D
6032,B6D87CB8A41586FE
6033,D4CC15098BF7A578
6034,212DF12C3E5B80B1
6035,D3D8B63E1F14A411
6036,AFAD7F07FDC1A976
6037,9DFD208E2CE67A00
6038,86707EFBF174C50D
6039,693996607446A73E
6040,94400B52B8E2F666
6041,56036C860BA92919
6042,4E63A3BBB5381B5A
6043,AF138083D461767C
6044,9D9F5B02B35F2944
6045,B6E069F91CBB1C9C
6046,5FEEDE14CB4EB5E1
6047,FB419B76C0EC5A6B
6048,55485C5CB78DB719
6049,D027EA10716E0AB9
6050,053AACAF51703D8D
6051,51FC9CDDDA84B3B7
6052,67077FF77BE476C1
6053,5D9C7D1D3DB32D35
6054,9D916E9B0ADE2403
6055,6A5F6B21BC792614
6056,DE30A16262AA6EE8
6057,7B473DF924630FD7
6058,6B2ECBC366CAA05E
6059,B96250BB577ED4F2
6060,CE15FE9A5DE06840
6061,8872E664F6470F62
6062,A8639B690EA486F8
6063,642DD590F0F3E6F4
6064,BFD4F9447CF858D7
6065,2543614981787729
6066,EA068AA0DCE609A1
6067,519233B1E368ADFE
6068,463D74CDABE87C76
6069,BBBFD9325CB0CA6A
6070,5D2E816CBC9EB89C
6071,1701D36F759C627E
6072,A2F1DE9A9607CF19
6073,E54331216A2819F3
6074,3CB7D4904E3E95EC
6075,E502625CF88365C1
6076,F263A5EDF775BE02
6077,69E56E49AD207331
6078,C86E8C6306E71F53
6079,BFC6ED1313A49672
6080,F546FA513ABF9CE0
6081,45C02CF82C759002
6082,2FE65A36DFAA6D50
6083,DB2AA6747F6F2C6B
6084,47207FC635942DC5
6085,C27B1DBC5FB59932
6086,BF9A256F35867B28
6087,816BD14915E25A26
6088,C913C9BCBBF15641
6089,93DDFEDC67429F17
6090,58C9FB8A55981E0D
6091,1F73597BA7C492CB
6092,58EE31D5A4E330B6
6093,E571C9C53D001158
6094,2A3386B59C80B801
6095,C137B7D18D31008D
6096,47DDE7233A2408AB
6097,8B7F0DD20BB16A15
6098,23F4377DC99251A0
6099,CBE0D88C23AF1B17
6100,BD00FFEE5CB72751
6101,950458CD80DF6E37
6102,F4C4D513FEAB3D52
6103,D59E0B7B656ADED9
6104,F8D1F72599EC913B
6105,16F0C8DC7FD861E8
6106,CEDECA4F1C7EE8DC
6107,B6E84FBB1CACFA02
6108,1ADB6CD1BD219A5C
6109,C086CDF164524056
6110,66E825782894502C
6111,DCB05C11EB1DFF93
6112,5BFCDB6E65215265
6113,D115424A0853CB30
6114,6824A3B169C3D609
6115,9AB8A62717970BA3
6116,058BEBBD84E88158
6117,68DACE8B5E77F10D
6118,4157C22830E22988
6119,895ECE5F52F74E1C
6120,88826FABDF77B5FF
6121,DF2FAA8704CDF563
6122,E1C02DA01C211B0B
6123,292D8FEB18C08800
6124,37734B1058F01946
6125,40BE05C552439130
6126,ACE4D53C94938DF4
6127,9C82C7CEFD646300
6128,8F7B0C14D5D6A7CB
6129,53B18A3BA166F6C6
6130,3B416F2FE53BBFB6
6131,96E566C7ABD8B98C
6132,EA5E77996D075BFE
6133,4D61C7F6AF925797
6134,964F3ABB7D0B58EB
6135,4A6F83039FFE80F1
6136,9FA2B68E4AB693E4
6137,7B12CEDA108A2491
6138,94976C89D647B688
6139,7CC1B378A0882C7F
6140,EA9BBD84BADEB4DA
6141,D7A07CF6948E5C5E
6142,F91135B0C65935E3
6143,EA38D46E83B5125B
6144,3CD17D3F6A995948
6145,43B0598047D10ED5
6146,82FBF7A21B05F444
6147,AA6F9482FA61949E
6148,7E6FEFDBCFA5EFF5
6149,9CC4E6787DBE33B3
6150,547385A6D4CE704E
6151,668513503233FA77
6152,2598AC6636277256
6153,5B178563855DFA55
6154,F5EFD6478DDD193A
6155,B6A944F2B232B42A
6156,C268054F16ED1904
6157,9DAD23BFD1F24101
6158,92E63FE46AB83873
6159,4642FE6D11AE1649
6160,5791B18049E457EE
6161,EF2A5A30687A53E9
6162,CDA2C9F7E450D34D
6163,0FBF8718E1B8009B
6164,C8C461FDDFD71729
6165,5B8FF58BFB229AA2
6166,906E0F6BC3B33F6E
6167,6A7D8C6F67BF2ED7
6168,518BE8180351BDA6
6169,A87E95E248EE53DE
6170,482C3F6FD90ACA76
6171,C25FE653E7D85281
6172,D79EE41D32FF4772
6173,FC4C8768F43E2D76
6174,DE0CFD1B96F5D6A0
6175,74FD173B4163E9C9
6176,AC3890E5ED78E474
6177,672194644E40D4FF
6178,EF45F986BE83F0DB
6179,4320E51EA4C04603
6180,54FDAC891DEC02F7
6181,27C94FB2F48B92CD
6182,4EC44D168C5AE02F
6183,0181C84780DC0275
6184,FC86FDDB4FCBCE7F
6185,6423DB289ABAC18F
6186,0397E11379C8433B
6187,B8F3F3CAEE531119
6188,7AB1DDC3B9D10E34
6189,187F0B0841107CFA
6190,766E23A9DEA0F0B2
6191,2D2EDDAB9D85204A
6192,F98F5FB6AAAE4B33
6193,BF5B389FE083A7FB
6194,CA8B4D777C67201B
6195,A51936450A03A747
6196,5BB3720C04E1A5DB
6197,2802CC84F1FA80EC
6198,D886856C20191E6B
6199,495AC8E67097ED23
6200,B9F4AF748D67C478
6201,7D9C221558102204
6202,ED8157363FBFE1C8
6203,31A6431FF78DDE23
6204,AA249571E2CC0742
6205,6FA2933B0107E490
6206,7D625CA19780CC73
6207,EBA5BD4F2F0CC250
6208,A71E873516B05DA9
6209,08B808E489BE05C3
6210,9B06309BBD420648
6211,E2EF054C5BAF89DC
6212,A2916B7C08B249C0
6213,74AD029CFDCD0057
6214,95976A2ECB85B2BB
6215,4E5FC0862D385DEF
6216,02DB9810F398249E
6217,82D90F5E6078C153
6218,1182DB550BA60627
6219,9876B84917EE5BD6
6220,31B172FDAEB6C56B
6221,F50001F11C792B64
6222,0B3C6AC61E35A24D
6223,8CC965FE3BF709CB
6224,3159E151F666C53A
6225,E51401224BF5FA11
6226,A2002A60A04545C5
6227,151774D8B88C6E31
6228,105FDC3E11856AC6
6229,89C0EA3FE07D933F
6230,9CFC94801BA76E8D
6231,5D71B77B85EE6430
6232,538B3D413CC248EB
6233,72D5A698DC1B9B25
6234,578E3FAF555A1F99
6235,2AC1391C7503FF4C
6236,32E315AD213066EB
6237,832C04B8560D1930
6238,648CFBBBA587AECF
6239,3335BE7F27AB9947
6240,4668B5E27EE6F9E6
6241,C4C7F13F76A5FB41
6242,CEB1B705F39BF0AC
6243,89CD85423B408D64
6244,3EE8076CBAA06E46
6245,1D033F01DBD36487
6246,03E00E7853DEAF60
6247,AD51134436F41C62
6248,AFB20E9C8572CFAC
6249,C018991FF55A9D18
6250,E61997CE0A0AC31B
6251,204D5187CBA7BDDB
6252,2477826984FD0104
6253,ECE6C47F3E8124F4
6254,5B64D54376D4D46E
6255,434EDA8277C8BAD3
6256,1AF2A636FBAC8CA9
6257,07D1F126AA50985F
6258,034CD8BD8E54BBA7
6259,D691DC45DD486AE8
6260,8B9C402FF984E00D
6261,8CEC6A7BC36DF93A
6262,03788F77DFD95BF7
6263,8175D57A48C32E11
6264,F8CA7BDB4BA76EE6
6265,167374B914E76639
6266,B1F1F0E316B8D3A3
6267,51D9A1228C08508E
6268,295393346D86D397
6269,EC443D6556E089E5
6270,491CEC681F8EC9B3
6271,063CBD3E580546AA
6272,F720E3896353F155
6273,C3BC0B5FE5514766
6274,24D93788514AC537
6275,AF48041EAA6FD471
6276,BE418CC318513C73
6277,8B5A61B90B532216
6278,65D28A942FC63CBE
6279,80D667E554C310D8
6280,6D78A46FEBFCE665
6281,3B21CA7ABF3D6C6D
6282,624B6BE34E0E86BD
6283,729F826CA554BE7A
6284,F9EE1F9F3D1C7B39
6285,2589C075D530D7B6
6286,0C02300108A13B0F
6287,3D743B5FCA029462
6288,857DE74F60D66201
6289,4E8D5BDF53B0AF6A
6290,0D5976B9BAD16B9B
6291,ADE39739349693A7
6292,EACA578171F7B1EF
6293,32B6052DA3410712
6294,A659F9264BADFF81
6295,E12F84706D396B23
6296,0609B7BB2DE6947C
6297,74651E4FD496F1C4
6298,4A6E794C584FDF49
6299,4353D70A575EFDB8
6300,809F54DA45082C81
6301,0EA5DD3B5FDA0A5B
6302,434636A07D943DA2
6303,A0BDEB0D304ED143
6304,EB33BFB95620EB27
6305,D84A94D9B9BEE7CC
6306,090C063DD4A767EB
6307,6EBB9E49ADEF11CE
6308,379BBF1E2E20C722
6309,E0B8A85F5B898BD7
6310,FA33FBF420FC8BD9
6311,888AAAB25A3E8B84
6312,FDE48B53840F7D24
6313,53A04700B163F371
6314,496362F9455451DF
6315,C8BDA26B8C39955A
6316,36EB747B87546EAE
6317,07579C26C8DB0C47
6318,9A16296A1FCE7A44
6319,505D4B7CB3372FD7
6320,B53E4BE7A6F834D2
6321,5CF1889DE3B49D15
6322,A698CDCC64B2A1B8
6323,CF87B94853EF6543
6324,1F64D79CDD69E3BF
6325,923BE4E823025707
6326,59A2560374A6C5C1
6327,4BCE67D231558509
6328,8A1B184E284CE225
6329,948381CDBEDD90AA
6330,DEF64624724FD6AE
6331,2484D1FC54FD6382
6332,CEB2A92E2D023977
6333,B1EA5AC0C9816BE3
6334,248D7682E8E5C9EB
6335,98620DEADDDDA3FB
6336,BC60C960E7FB68D3
6337,CD232B71BBF9FCF8
6338,A46D27C55B762EDC
6339,6AE2FA3560FE7494
6340,F346B61645A8E796
6341,4BAA7C82290338A8
6342,5F9BE328285D2807
6343,7EF5DDED0AD5C916
6344,15A35C86DDBDA039
6345,9FF444BFD0BB7791
6346,D22185CA43701BDB
6347,AC87E1002F1E9669
6348,11AF26F3EF1EAB9B
6349,768EE25DD07B6FC3
6350,E1958F200C676640
6351,15BC06079F56454D
6352,DCEE702F38F4B050
6353,B345CD8589E550EF
6354,C9B25F0D705BDE28
6355,474408B96261FFAB
6356,27462D832AC255DF
6357,EB89A6B8D1B3BC2B
6358,50BF3210FEC8B2B8
6359,A87238FBFCC7F3E4
6360,08303E3C9683BF25
6361,EE5F40E7DF833C77
6362,C219A12AF1900A22
6363,679B4E7D2863599C
6364,B6D8EFEEA47FDCF4
6365,5E88EA5CFA59FAE7
6366,11D0AD708B5C2126
6367,3DA1D2D1F73685B2
6368,550565B4756EDA58
6369,33C05FE4CB7B7C0D
6370,8FA7C325CA994FF7
6371,846D6196E40C4CFA
6372,4423A119C0202EA5
6373,0999A62FAF34FD37
6374,C9B5076DDEA1B9F0
6375,92F224E12A682BE6
6376,B6CDE8DF48BAB3F5
6377,EA20E9A6D2E305B5
6378,B018AE409C097B82
6379,2B9680A6E50949B1
6380,B9054FF11EAEBE32
6381,AFFA16D93FC325CD
6382,CD1CDB6461D5685F
6383,ADE591DBD51E09ED
6384,951A0B950AC50633
6385,B7E454C64B6C86A8
6386,13BCE90BCAB40425
6387,09368A3FE3C0EC53
6388,42200B3C5F4FC1D4
6389,0BCECDF1EA9B4722
6390,3E1B30FDA00F4E97
6391,0C34970E30BB61B0
6392,3572D5C73F4747E9
6393,ECBA41963A007149
6394,C0E1544B312EF4DD
6395,228B7ED10005C555
6396,297FFA7B6C7B9EA3
6397,C26A30DF0B6A53F1
6398,B63C5C57511A6C3C
6399,9CBEAEBB8BFEA755
6400,431DDD134BE56119
6401,3865E3ACB3E2ED58
6402,793D305D02D38996
6403,557340174AC616B2
6404,04A344D360F77B57
6405,0551914BE70C928B
6406,CE438DA299757E7D
6407,1689064AF7A4816C
6408,E3161F2995FB8131
6409,D5B400ADB251DCB7
6410,42FFB2333900F658
6411,58CDC293B4DBBB45
6412,AAE430D266677509
6413,47816671EE75ADCE
6414,EC6F444602B15C22
6415,0A91B4BA0912DBAC
6416,EB95476946245F2D
6417,A2B4600ED441983C
6418,C4F7CA1B835EC4E3
6419,4CAA86751C0A48C6
6420,A3F085CE85B52D2C
6421,40C0E1B997294D40
6422,0CB0F764AF8A16C6
6423,FA4032944931650E
6424,FC8486936B997BCA
6425,904A4C78D2FEA802
6426,7A17A127FBFB9DE8
6427,689A0619785FC3B2
6428,8AEDEBF059DBA834
6429,3503C97DF0354BF5
6430,234894441B169F18
6431,7766FF03E4E1881A
6432,E679036CEE667224
6433,4A94CCADD217615F
6434,4CA1F73727D3CD95
6435,7776A2287814AF9C
6436,0A2482CB60F13D86
6437,C4D2AB932F3C8CFD
6438,53FDDB8CDFF1B825
6439,20345330746E151C
6440,25C477723EDE89A6
6441,4310BA38076F9451
6442,AD27064EEB7BFBDC
6443,7927B3F252192888
6444,4350E2AFE22E57FB
6445,ECEE0FD97CF2FAA7
6446,5279C66509AD84B1
6447,799ECCA750ACF71F
6448,8DF4B7B60EFEDD4E
6449,7FA19A8BFA42B0DA
6450,5D9908437F7ED6E8
6451,E3573B74AA372C24
6452,C6EA40B6B1259B41
6453,5F5F4B01C287594C
6454,E123BFAAA74AD9A3
6455,717E82023D75B1A2
6456,29FA2F1C518FC7D0
6457,D920B5B4D6B41883
6458,F0C6ABD3E8D0ACAE
6459,458EAB7DF6CD5113
6460,3BE45FFBD7F6FC15
6461,95FB36CDBE28A2B9
6462,13780EC53425F383
6463,C05BDEEBCCAFB323
6464,2C15E046042A3094
6465,CF44A1216F3E033C
6466,3AF3785C095E9C79
6467,31F7B118DD4942A1
6468,FEF319F11B08E568
6469,EFB8F93365C4C8F0
6470,F701C7CAA8356C53
6471,B017497F7D16A106
6472,EC2C9809CFE7B723
6473,80D583168955151A
6474,2D0B56855F2EA32C
6475,7A09A29F4C11C4E2
6476,1B5ECCDD766E3FD9
6477,E426888B8B9E0B31
6478,6D7DB5B75315E2B2
6479,E32BBBE7D490D7A6
6480,2562A1F542BE1248
6481,E3E2473E3F5D2F5A
6482,3030F6588D53F166
6483,98A91B1E42EE8164
6484,AB5A9E027E993CCD
6485,9DD2A19163F059AD
6486,E239853F716F9802
6487,5401AABA201D75EE
6488,C05B9877560C8CB5
6489,E63EF076CDBC5BFC
6490,856014CE35737374
6491,FF82909B8028E020
6492,EA2C36ADABCC2A43
6493,78D35E35A424D7E0
6494,FB2BA734F011765D
6495,0FED88D898B51448
6496,2158C815570F82AB
6497,3D11A8B8FF938A7B
6498,AF69284518E0C011
6499,24578CB1D16AE0A4
6500,0DA088A5C38A5DE4
6501,C4A831BD9610C45B
6502,79C55E111B04C5CD
6503,9F4BBA183604489D
6504,19E2B9CF52808B46
6505,6B0FDBC81C3758F6
6506,96959070482DFD8A
6507,DBFA15A2F856B868
6508,73FDFA59A7F986AC
6509,4CD42254A8B17C12
6510,A9BC29979377CD68
6511,0300C89B8D138207
6512,0C068A0C922441AB
6513,35FCD80AD4FA0591
6514,FDC67603CEFC9ED6
6515,E2B5AE0B39B40D8C
6516,52C1BEE53B1D8781
6517,D8B459396DC05A6D
6518,D310104B06CCD300
6519,02FB5A52BD8A1B2A
6520,6D2449F0CEDB8800
6521,E7C27DE59D312E39
6522,B81360E03EBCCC05
6523,FC2F38A05DCB01DA
6524,BF02BCEF37EE9CF6
6525,DFE727B056773E89
6526,96918899D877F000
6527,C09DB99A8E673430
6528,8FF46A4A063D8ED6
6529,8D206B39EEC0FCF4
6530,DB498DE7FF4737CC
6531,EF59E455FFD68D8B
6532,C161384B97B0AFAB
6533,FAAC39799984A444
6534,EC21BA5C232966C2
6535,A2B5737D6133DA28
6536,BDC8F1BFC721F2F2
6537,B0514DF2C5C27E2A
6538,45586A467164A962
6539,BFACAF5EA0A11A6D
6540,0F317A16525DC2EA
6541,49C78D5E3EE67EAB
6542,953D7E1809505F08
6543,9E8A3BB57548A8E6
6544,3903462345C799D7
6545,0CBB4C51C8462A99
6546,C1C14D90B20B9D93
6547,D831027ED39BFF4A
6548,AC9683C3B115BD02
6549,3EEC5F162A32B1FC
6550,5A4D5A5638F4A69B
6551,76CE296EA1124EBF
6552,EEBC14DB51B519C0
6553,AF2BBCA0F01C3292
6554,B518DFF0C512E0B2
6555,02FD8BB809735C63
6556,DEDB84788FA2E341
6557,F2FCBA1F618D1710
6558,92ED00E5E1052B79
6559,FD7861512AC66EF1
6560,BF17D1EC08A4B2A3
6561,A8C5CDE271639A59
6562,BD2CBA3A7C3E4ECB
6563,DB56137252BA00C7
6564,1FD5ABFD76CEB989
6565,493B69899F69C44D
6566,C7AB5C2770EEC1F1
6567,AF00953399F60E02
6568,94C5F9D7A6114D8A
6569,90620F67DCDF6A82
6570,F834D3F1F68DA252
6571,CC4765B6EE4B27D2
6572,83B692BA72EC908D
6573,0B7607A7ECEECE6D
6574,0AA4F20A184B2EF1
6575,C54B07359C382858
6576,BC3925763633E2E2
6577,810E0D0F89345D80
6578,F7794DAD990E4984
6579,6F12094B6D4A5C3D
6580,CCC6553ECAB84C0B
6581,200D7608CAF15D9C
6582,F82A8ABE2BE4B167
6583,3330B805FB6C568E
6584,90CAB6692769D1A5
6585,00EE9AAF2BDCE907
6586,022F93EF7C522514
6587,ED637E76B18A623D
6588,D0555FF099EA147E
6589,2D07427257F7C900
6590,E88D9A118BE1611D
6591,9973BAB920558828
6592,F8D06A465A8D9F7C
6593,412E8FAB43E0D246
6594,51ED5E57F1A26A7B
6595,893F8972E1EE8A4C
6596,5C5308A5C8D73F27
6597,111435C37A62EBC7
6598,20657DD38DAC0EDA
6599,9CBEEC0059DA0BFB
6600,65AA7EDBE9691AFF
6601,C8AD65BC26842DC0
6602,886937C20DEA2E11
6603,46A7DBE329738FB8
6604,98D2507ACE4189F0
6605,B8E3065FBF182879
6606,08911AC662E20B3C
6607,BB2B6315B08AA46B
6608,30978E38155BE9DD
6609,92A925CD6A50ED0A
6610,300BB8D22C854B4F
6611,CBBD8D4C93E576D3
6612,F39F9195E250AE5B
6613,20609F0A04FA9EE8
6614,851D19229EC7B978
6615,7849ECFA32F6E8D6
6616,BCA3B51F8191FD57
6617,5890B8B834C0A109
6618,64407B297A403DAA
6619,6F942F6401DBC463
6620,6A9F91BC1DC88C8F
6621,BF243B12A956052E
6622,94E1C0504CD1F65E
6623,70C3A3C0BE2C78FF
6624,AE600038FA723ED5
6625,28398667FB43054F
6626,C1B7DEF666404393
6627,E1039C31455BAA56
6628,A0FAD201ADA10CB9
6629,AB1325F156104332
6630,BF054EE5745022F2
6631,EAE6AC9D5C933D8F
6632,B5ECB305C9C185F8
6633,183DC9482BC9E654
6634,8727C97D6EA1A6E9
6635,14D49BD3E43DE7E5
6636,AB189B5382BF37CB
6637,5E085A0319499AEE
6638,09B32FDC7054BC12
6639,D950DDAEF94DAB71
6640,F7F4874943E8F668
6641,3469ACBAD0A2650D
6642,243968461CD95624
6643,792FBE139B8C1DEC
6644,E8DA43A7199AFCA8
6645,BA4E255770B6456C
6646,3DAD00794704EF7F
6647,C380A7B6CC8247C0
6648,B9A1D4BBA3B3C455
6649,C7CAF95D38482FDD
6650,F27189CC89D3CFBE
6651,A1F51C692D83931D
6652,AB46C445FFAD7A4B
6653,B555FC3CD6135CB6
6654,2E6C402BC115B814
6655,CECC475EE4D17214
6656,46C0B88504F9F574
6657,DF9AA0030605CD0C
6658,BF632D52D52FA72F
6659,9344E470EC2E81FC
6660,777B122FDEB08039
6661,B1F57291535916C1
6662,27A10EAE839439A5
6663,93EE8A3E586CC9BA
6664,7C4A3FC0CFE70AC8
6665,1A909A65E762BE20
6666,68288B0F44DBE803
6667,213B4351E5542717
6668,14E164C120485062
6669,90170CBAF4CB5F01
6670,5A0532B01EB21757
6671,6E1BC7C655054ED8
6672,6CD6159CCBB178BE
6673,84565AF1CE57DFBF
6674,80A41D5B83EC08FD
6675,232E0E0B29CEA827
6676,8023729D24F0CCB3
6677,8BECBC17D7B3BC7B
6678,EBADF3C2B201B2D6
6679,03EB17705A3CF6E5
6680,96208F45F17065BF
6681,CB204F94D5B0C002
6682,5F8648AB7A5883A1
6683,79AE693935D12052
6684,0067DA755754588E
6685,B2A1A6F591D82306
6686,9ADFEFA89C5AA3B9
6687,087C020CB7E773E7
6688,95247281B867CCAE
6689,3EE0C3BF3C0CB796
6690,370504970C074490
6691,95C7FC75DE7638B8
6692,8B3E6AF3A6B953D0
6693,BDE8C5592AB3E8AE
6694,6FA4F18C512D4CD8
6695,88200CFC8C7E6CEC
6696,7AF7D1A3118235FB
6697,BC5F897ED4A31EE8
6698,8635EE6ABD7EA9E6
6699,0AD65AAEBAF5696F
6700,D7A5B1768C06A239
6701,47F3B4B9DD5C4862
6702,CD920116671116E7
6703,792AAE0CDB24EE28
6704,DB085654F4CA56CB
6705,F8664C1312A1782C
6706,80E55D0D9CA6B944
6707,EE446A00AE70E409
6708,58E941EE5E8FF6D9
6709,D76F0D8D85143FC6
6710,805E9C4ED5A8BC1B
6711,A494CAA6D6E72C84
6712,E8D9ECB33162D7CF
6713,67D84AF29471DED0
6714,6234FF8914E584D3
6715,2C4F64CE2C96BB19
6716,B4399A4721448E50
6717,C49DB53F8E6A24E6
6718,CEDFD882F8E6C859
6719,5151E47659C9DC54
6720,34617FFB0A3596DD
6721,899F41DE7D2277FB
6722,118F658BC3A74189
6723,975958AB96FF5356
6724,F5D3CCD9DB5A0E15
6725,D6333F7408C38D8D
6726,0630D381AAEDF1CB
6727,2691233C2DFB4B7D
6728,0F98859E024BFA72
6729,3F7BB9C96BAA263F
6730,BDF18DF7C1BFB1ED
6731,546D7AF173AE6F04
6732,266223363384EA9D
6733,6C9A451AB2F28338
6734,EF302A79A2F8BE93
6735,E85A3AC3BFBBEC8E
6736,506AFF58482DC1E4
6737,FD9FE01C26817C3F
6738,7E08E2454406C538
6739,E529C975A791E344
6740,DBF28A428BCB6EA6
6741,8077EEDBA414311D
6742,1E88BDCA205A8356
6743,081103904156ECC7
6744,B3AFE70B66378204
6745,40434EDCD9FDB959
6746,C84408D9D786B145
6747,06F01D589ADA4E77
6748,7AAF66020E85E7B1
6749,506EFB9A4EA062E7
6750,4F398D7B93588AF7
6751,CA12DCDBA31551FD
6752,08D5157BBCFCAA9B
6753,028F41D3A01B2F84
6754,6852498B417D10A9
6755,222B203288BBF445
6756,99DCAAAE5894C979
6757,F0CCFCA889A16460
6758,FFF8DEC63B2F8269
6759,BBC9A3ECC98E820D
6760,167F1D838DE9C4EA
6761,7C602C5419A38442
6762,949BB6E15CD7560F
6763,80FC2C2719991E8B
6764,32C35ABCC12EDFD9
6765,65787E30316B826D
6766,BEB2AA5587021641
6767,F1352446EA2080A7
6768,9230C28C52187E16
6769,27EE2D0A62FF6B18
6770,33C77CEE75CD2DBB
6771,B2C8DF0B8F1E549B
6772,B7B37270F6205939
6773,AA08703C5A04A20C
6774,3F274B26148372E8
6775,1F5C50716A5C140E
6776,89520B38B26B5B3B
6777,3340467D98B4B9F9
6778,D0E056F8AE8EF890
6779,743B9A8391CD931F
6780,4215B7789639E3CB
6781,AF88BCF1B021B44F
6782,8D42C367F7FED56D
6783,8D0A9BD6E2FA5B32
6784,E1318945744DB164
6785,9E2757D08C90B315
6786,D447B8662965C614
6787,92B45248B1698C15
6788,69AAB01F4C323EF2
6789,4E37256ED2E230A0
6790,9D5457188CEBC864
6791,3C4BE5AA585AA6B6
6792,C0D60FBDC322DF11
6793,CB2283554B68DD64
6794,6289E00C4CC98D78
6795,17419F900DC3487B
6796,42C17576B8E97F48
6797,B107BBD0DE9B07AA
6798,C8C1863ACC5614AC
6799,477A27FE0C17E8D0
6800,12239640BFE8877C
6801,175CDADA7F4B9324
6802,7B1B67B5B2505281
6803,2E7DD34C7D8F971D
6804,6034B72B3873DE62
6805,BD4CCFB2C911C529
6806,13AE91707B80C07F
6807,2BA0C57F4B220AB2
6808,1B81BF065B224314
6809,F5C2BEEC97FCC036
6810,E5FF0CD637EC36CB
6811,2DF1926B2037011E
6812,8CE18C29C79DD9F4
6813,3B207ED0DAC4DF36
6814,5C5603DDC4E15BA5
6815,D16A1079ACB93A26
6816,FDDD558DCDC01A64
6817,2F6BCA89F1DD0CA1
6818,E1345B61F674FCE3
6819,E8C058EFBB80E472
6820,96D87253B0F9271B
6821,6407D3348BE20E19
6822,8805C6CA0A76FE6F
6823,459A8452F1BEBEC4
6824,C50B092CBABBBBC7
6825,80070F2FABFAF831
6826,8A8ECB737A18484A
6827,625CF83C4269EEA9
6828,6DD83B066667C5E8
6829,D144DD6A8EE627D0
6830,6AA5E1E6A80B192A
6831,49BD0AD45A161629
6832,8742B05EFD5C1303
6833,82CDA2982A43CD92
6834,D0F9E6B361A3150D
6835,52D96496CFC0E759
6836,C946E3BB5622826F
6837,115553DBF40F60CD
6838,EDC93B17F58E263D
6839,0A08FB40B2B3F9CD
6840,E69D49BEE4290BDF
6841,50A1B13238761493
6842,D24A13C110ED0164
6843,4AD8EEF8F7345612
6844,6DFEDF66077A47E3
6845,1F6258D60EA5593D
6846,A86586CAB357539F
6847,5C7E1128CD6740A7
6848,F3394BF2D5C5C08A
6849,0287B0C15FC0EA5A
6850,9B02D49F83E4B697
6851,7FA006A7F3280B3A
6852,15EEB6E488E8BD91
6853,27F9F93EE1B0AA58
6854,212FFA3D52B70546
6855,ECE0D5373217829D
6856,5B41E910BB1E9702
6857,970E33BA6267A1AD
6858,AAD7144DD9C1E8CF
6859,12DF955401F7BED9
6860,754F01A1DDA9CC57
6861,D867D67B66DB7BEF
6862,66CB662B39391C32
6863,FE7FBDEA93C8CE65
6864,C402ED286FDA8874
6865,68CA0E2DBCCC07CD
6866,4482AF8C0A7FD0E0
6867,134FBB0285CDC472
6868,BC97C26D76EE4D99
6869,B9696DFC544FB656
6870,9461910B0DF88B34
6871,BD967C906CE98325
6872,FC9C85C81C8B32D5
6873,06A02C781557793D
6874,CF4D264BBD57FFAE
6875,6FCDAF52C28ACD50
6876,4B08DA9AEBBE2EE6
6877,07DA3454819D3223
6878,3E8FEC29AA199DDC
6879,96AF4C108C3C1F0A
6880,2ADC6332046E6755
6881,3654D7CF9A31DAA9
6882,FE7234F1A3505E83
6883,EE6A4F62FC4EDE52
6884,C6D528A705820262
6885,1655B4A8F7844969
6886,1A24A6C213EC9FE8
6887,03567E5B36632858
6888,A2A76485DAC7AB32
6889,B67B05577F2B3E7B
6890,4D1CDA97AF48BD6C
6891,3E6C2DB39C65C2C8
6892,AC638CB98206E2C7
6893,49D944CF151EFA38
6894,D6BEA7EC4CA66F6C
6895,0DBEA0DD27AD4AF2
6896,21DD4244B510C542
6897,9D3344C7AA2F463E
6898,AAAF71E8372F42BD
6899,F733D027AAA3225E
6900,082A7726217DF558
6901,5112F138EACDD338
6902,1AAD3ED0588ECF50
6903,FE882C359788B7ED
6904,A42C0FC075AD8F86
6905,CCC3831B877B7647
6906,F1EC59435FE24904
6907,51B90703BB76B21E
6908,408C6E9CECFA6536
6909,F516A474CF2E9638
6910,D59EB1C0EB68A211
6911,1FC71212B9D77791
6912,563D5C857CBFC42B
6913,CA757C4EED3FF635
6914,CC7D8F96EA19CC51
6915,C8FCC6C704915E0F
6916,DB738FC78293098C
6917,52B67B6382BEDC5A
6918,008D0E9E57C4B32D
6919,5AE6E945189BE147
6920,5B4DB07E6ADECA96
6921,CCBEC1FFB7C4480E
6922,B1C21F93D33ED135
6923,2634DCA104A3B346
6924,68C0BB6102B8477B
6925,6D9EEC12115CCE88
6926,7AB40791E373C2C1
6927,C29B0B4196A9CB74
6928,005958EF2E1D6CEE
6929,846ADD11A5AF1875
6930,E8E3671C0EB7F115
6931,B16021EF9E1DFBBE
6932,07B52577558785A2
6933,CAB769F5529D2527
6934,B90BAE479208C88D
6935,02CCE2B04D246C7B
6936,20F4185D2B7ECB08
6937,43E0798AF637F5CA
6938,11F83B9949F65554
6939,2D2E0A35A11E6909
6940,168A66C7E3F02923
6941,9C917A1CED72A081
6942,10D7FE574B803296
6943,324BD01A8DF69479
6944,9E50495AFB026261
6945,9309DA56F614C06B
6946,A564CA725827AFAB
6947,96195B79626C996B
6948,7A2D4E072018B045
6949,B4F458AD14854FDA
6950,A8409A6A22539DBC
6951,B7072CE4D42B8BBA
6952,44D41FF021F15BD8
6953,BE871E668B9EDED0
6954,A2CE961DAF1B7706
6955,8BA46559CD65932D
6956,AE76DE35387BAC36
6957,54CC68D5B3034A85
6958,A138EE75B0E137DE
6959,8A42BD493512BD3A
6960,8155DB3E65CEC460
6961,BEB83736209E2107
6962,44D8FD78DC644722
6963,85300670BB57F88A
6964,86106A1CFB65DBCC
6965,5AE42C27BE946A37
6966,11E2FEE39D1D6F45
6967,CA4AC93EAD05B444
6968,4F692051CC3DA281
6969,D3CC364A3ADCCE89
6970,77AE54C8B1298010
6971,CF1274B1AFE86D51
6972,788CE05124F893E4
6973,68B6365FC87D87F7
6974,AC9E351B842B719E
6975,6E125EC42708EF00
6976,40B55523BE2B0D47
6977,CCC286005F651BA7
6978,3C2B0A30D25FF27E
6979,BC21AF335DBB6105
6980,9A068BFFBF67BD93
6981,E7A4ED482B051C10
6982,05928EFBDEA23DA1
6983,E31D915210163E88
6984,284D949D3EAFA40F
6985,C1860392A3664E6A
6986,54F66066167900C3
6987,C4E154324A14262C
6988,E5C2103506057AB3
6989,DCC98BFB6F77D8D6
6990,F3BA8F57C28C436C
6991,3E86CB9CD3987DCF
6992,292E2F5E386EE54E
6993,4594366FABC3631E
6994,5C89B9937708FDAB
6995,5532DFE2FFF8190D
6996,C48364395327B164
6997,CE56544DA5C0F07F
6998,C6563BD87EAB8631
6999,56532AFBB23F1044
7000,7633C41D1BAD7D79
7001,7B3FAC39F79DC11B
7002,E0A0A7624046019A
7003,E86A6BA35204113A
7004,D18B331D4CFD478A
7005,5998A7B8FDCF103A
7006,3E56CF6EEC969030
7007,2E86DBF1682D011D
7008,3667B121B8509A89
7009,34DCE60C7F24ABE4
7010,723D55AF9627AB36
7011,CE3CA906F6BDF4E0
7012,40023F8A214BE940
7013,A046D516ED086229
7014,A2051342D4E224FC
7015,62B9F338339EA314
7016,F3685147E5FAC85E
7017,9444618E31BF92B9
7018,70D88ED507D7C9EB
7019,325BC3E8FE2DA52C
7020,924DFD7492746F68
7021,7851EB12D4809455
7022,7FEA038ABB64E026
7023,E040C2A84E0BAE93
7024,FEF25A84F68AD6D2
7025,F9687BC4CD0A3503
7026,FE3EC07F78184E8B
7027,56E0B6E72DF4D6F1
7028,7638C058BEFB835C
7029,69C94C238E3930AF
7030,8BB4EF70AEB212C2
7031,CEE615CE37140826
7032,FD2368B7015AE60C
7033,9A54C9D97EA14DCF
7034,1A829823CF8BDE72
7035,2E46715123D836BC
7036,54B9A25268EB6BA3
7037,01B851F283522EE0
7038,75F1C21C5077365A
7039,9A556541EA3611FD
7040,B2AE65A01E423851
7041,71AF9C00776A8E55
7042,D647AC9F3A1C039B
7043,655951057DCB04CA
7044,7856E131F69E31C0
7045,98403D82242C881B
7046,19921F72DF660789
7047,14DC7C84AFD89B3D
7048,7109B63B3E95BC02
7049,8DDC536DD7F969A6
7050,266CD1A5FB5B734A
7051,380F3928EFAF44A1
7052,BBFDB2914F8BD728
7053,B13A44FD279D7C65
7054,C7B2236D91FA0234
7055,A007F9C3DECA4B27
7056,5FE8922554DCDB73
7057,EBBB6B9266CE5C9F
7058,BFA4587F075C619C
7059,62B727C962103C44
7060,21233B3DC380B4B9
7061,B09C703170A4954D
7062,24646D7CB9AAF664
7063,F721A6A302FAFA1A
7064,1F5A32AEBC6E35E4
7065,E61D7AB66E36EE14
7066,E9B5B541D4C495DA
7067,E23F99D96E6501F5
7068,7253935CBE614EF0
7069,529BABFF2BED5E89
7070,BF98A480000F67C0
7071,2B511917D93D294E
7072,50163F366BBF0C74
7073,43F7EB634E136039
7074,18599B5966960BFE
7075,8EF7BF430C62F6D4
7076,D3A47EBD270BB098
7077,F0A9E69081511A1B
7078,39AD5ED33A01CB31
7079,85890150C6681183
7080,AAF75F641483E10A
7081,549ECA72A42DBF65
7082,82191D0A51C4A489
7083,341BA8AC719B3DCC
7084,F94AA5AEDDFBF9F4
7085,59CBC4FB4A8AC068
7086,9242D909019B2AC5
7087,22D1EB4040CEB6AF
7088,2BB5839268DCC10E
7089,5514CA8F153D40C0
7090,2FDF4C23622F01C6
7091,71516172E495DAC4
7092,82D7D1828B86F6F4
7093,F6369C870F1FE7D6
7094,16433DDF7754021E
7095,037386A3E86C8CFC
7096,0D76F3B51BA08C83
7097,D8DBD25C80CAD00E
7098,294DF0B9D2158792
7099,14B0FA9797339E8C
7100,F981813145A57B00
7101,0155D29C28D94B74
7102,2EBE123A5CBAA881
7103,1DFD2EE8A6AFBF68
7104,E19C4D447C0CA171
7105,F39FE9CC3F6D170D
7106,7C5E0FB8A5D9A2CC
7107,06D2EDB528D7EFFF
7108,A655D1CA1FC42F03
7109,F80DCF1D4522885E
7110,C25AB9680149EE3B
7111,788F4A014EA4C564
7112,793DF441FB21AEDE
7113,B25F9FAC0B8C033C
7114,DAB58AC993F94A09
7115,1F8968BA9DD6DC78
7116,7491C9718EC42A8B
7117,6F70C8CCA351A822
7118,B5AFDC905EAC10BB
7119,58986819B64B569C
7120,97E34FCC1EF31135
7121,B3B6A7AB94EB6EF8
7122,FA94CBF30B3DEC27
7123,3A6A817EFB8D952B
7124,111C7178B4916151
7125,8874BB22D5D2A9E1
7126,B9D2288CC6FD9E3D
7127,E7E7C34C59F14C3A
7128,4AC27879C38B4D2F
7129,FC646FC69EBD6B27
7130,F1CC5767E63E87F2
7131,EB93DD68CECCFA35
7132,D92060134F9C1610
7133,FFF1BCF3D9E58737
7134,EC43D2A26F177C07
7135,395C92E8BAC3F1C7
7136,32512162375A0B47
7137,E564DCCEFEB96571
7138,E43BB2EDDB5413E1
7139,5E97EA4219B5AC71
7140,69B614FEB905A690
7141,491B966B1E52B670
7142,AF3F300ED79928B0
7143,6E7C6E57EAFEFED1
7144,A9AA60F43023A018
7145,DC2B5ABB320120AD
7146,957FFE9F13DAD729
7147,B990F8EBA9E4FCE9
7148,9E9C0151BA5947BC
7149,323A9C2FE8CBDAD1
7150,BCBA9286F594429C
7151,35E7CC2ADC788E0D
7152,FC1AE88334C81FAA
7153,BCD10E14EE7A54B0
7154,33E5A0FF5795776B
7155,1D9F6222CAE53C0E
7156,505859D7A26F3CB8
7157,B921D89249A818CF
7158,FE13D95D96783172
7159,9D0ED3E9D79A68ED
7160,BF370908998E9D81
7161,497795C6A4A7DEE2
7162,68C1C4FC350E78F0
7163,9457359BE180BA8E
7164,E17DF7B5686D6367
7165,E2CB74308F845C32
7166,84BD2CE76F52C6AA
7167,3E75DD01C0B3C96C
7168,70BFC0F167513796
7169,A808DFB1FF6736E6
7170,BBB363105CA480A4
7171,BF2D1CDCE4BF84E9
7172,684CD31CC8DE6FAE
7173,8E41D95C7DC134FD
7174,D9F38FA96D578B40
7175,487B0C4B2DA315F9
7176,0D30AB9139F9094F
7177,E200E4A4237602E1
7178,313A8D8D1A3D9259
7179,26C8F98DAE5053F8
7180,786E2050544E6753
7181,B7D216A3EEB1B9A2
7182,7C555D650394CE7C
7183,0A6B0863F0067AB6
7184,FB47805E36CD61A0
7185,7934C8704C0FEBBF
7186,409E18D099087D15
7187,BD109794122B20FE
7188,631F00B23DF06357
7189,1A7030D0D0FB6405
7190,81461B46DED239EF
7191,75CF45239BABE2BD
7192,67B9808278F40A80
7193,0AC9DF2889CD8B51
7194,1665B5658CC9B616
7195,2A83D41D1CEBC7B9
7196,F89EBF66E2958CB2
7197,34E9B2873DA73E74
7198,692B458F59EA1DE9
7199,F8BD8A1D8FBD7390
7200,86A7C5D676DA4C01
7201,C70BE137A2944F24
7202,989DA573C3AD40DB
7203,9FAE8F2BBC27DB10
7204,5DCF915D9071B68E
7205,702F4872D8A24B59
7206,4609AC327E6AA58B
7207,F501EF0712F98005
7208,B3D61E2F233A4D3B
7209,D98810E7425AE618
7210,C3A4FB8BCBC53071
7211,85A61064ED9D1915
7212,6C07549FC98548A0
7213,E322FD03509B3D3D
7214,9A297820EC93308B
7215,DCD3755A289CEF90
7216,AB3DD91077F8A369
7217,37ABFCDE468906F0
7218,3637AFC2421B4BA8
7219,F5F2B274BEC51229
7220,DBAD0949F4396A59
7221,DC81ED3B00172527
7222,0AB2653F3B48AF54
7223,C0D2350F3765CF93
7224,D63669FED6C4095D
7225,F4B55AE190F79049
7226,793586F76CE56CFD
7227,081C5E95E36A0090
7228,0D9EECDD92B0953E
7229,18E0276A815C2B61
7230,E0B239263ADC3899
7231,61AFC1F70EB38E0F
7232,8985EE5E43B98BE4
7233,37F9A11CA0F5E28E
7234,E81346276F99220C
7235,96E8A9968A5D38A3
7236,B651BC1C3CEEF1FC
7237,60CD8EE3695A8319
7238,5914C07D981DE6E2
7239,DEA03F85F41FC382
7240,C474F536A5F83967
7241,BD8A2CEBA8B91C39
7242,B522B6CBD0D3560F
7243,0A8282115524AABD
7244,5043F5A9F8E41F54
7245,90FCAC0C558E0B6F
7246,100A8B8D28B4EAFC
7247,2B71796DD156247A
7248,9FE94610DAC63C97
7249,BCA5EEDC16EE2A9A
7250,9CF3165932D550AA
7251,51F3A290FEB3C0B4
7252,18DC9272B8185ABD
7253,0827D363AFD15D28
7254,14FD0706FA0A6376
7255,7FDAA2723AB1FC2E
7256,4F3C2E7731EAFD6A
7257,DD21AE68B2CFC976
7258,34A199ED0ABB269F
7259,7CEEC9679F5235B7
7260,A80E9F1A3ADEFE8E
7261,0541EE749C85330C
7262,3339A903D536CBCD
7263,E9CF94D50EA5FE35
7264,FBE247C73C8C8FF8
7265,58F4F09E1037140A
7266,8276EFA48FB26187
7267,0CEBEF86AB607371
7268,E407F661621F6B3D
7269,488D6DDDB665DF53
7270,F90C75A582B43282
7271,56E0AB3F41AE815B
7272,92F240FD0978C05A
7273,3F55FD664112E758
7274,5C14AC917EC356A5
7275,0C268A9A609E4105
7276,FFBF0EBB8BBF6CEB
7277,57D0FD70F49565DF
7278,226DEBA626B3BD10
7279,8F166AB9C9F9A0D0
7280,6591BBF0FB8FF6D0
7281,EEA483745CE7F466
7282,8F189F996CE03F77
7283,3E4BFD5AC5EA7AAB
7284,EC12BA3767A48F74
7285,63FFEE36BD953686
7286,9D79C0550537A8F4
7287,FA0987E4606AEA57
7288,99864ABB66DA321D
7289,C248B1A8C2CC7BA1
7290,EB2695E83044A35D
7291,9CEDA83C002EFD29
7292,550ABAECE9FFB7C1
7293,CD69A14891E20551
7294,9F38E14BD2F64AC1
7295,0CAF5112D3681F15
7296,59DF6910A9C401F9
7297,E371579BDBA5A4B2
7298,D76A04E4F064BE3C
7299,D8758196D91BA756
7300,5CD21D747642DA54
7301,FF2FE97577A5F849
7302,5404D98DBAD7CCA9
7303,7F6C4BBA1F3A74B9
7304,7519D1F0D261D769
7305,BD3B9476B4332EF8
7306,9F3A875DD142CAFF
7307,72263ACEDD34FF6D
7308,7BEFC305A6374F4C
7309,86D21DDCB585605B
7310,93615ADE844A6510
7311,1730C7CB5972C5C6
7312,6D7A81541C22A067
7313,EBA7D343EA8CBF04
7314,1D0D6413485B7A71
7315,8BAB10F8DBA797F3
7316,9C91DDFCE91F3B8C
7317,7355D1ED8D85DDCB
7318,BE0E2AD738A5BDAE
7319,8DB1E303B15193DD
7320,758E37A03816AB63
7321,9FDF221348179215
7322,F9364399E411BD7C
7323,1ECBAF0D6E53DFC2
7324,4E0640F51E9E7B2F
7325,59F6B2081EA7AFFD
7326,5A5CDE557FB507D6
7327,771DC69058210415
7328,A111B551DF55D037
7329,4DFA339EDBA99ED6
7330,B8E0E28B61CAC045
7331,52B149A00AF0D0C2
7332,E28D6AE26B235034
7333,A2D11D5D41BDE1E5
7334,F5116BC903B16FF4
7335,A620DCC7A378D9A4
7336,24857AF4D2B21740
7337,0E7E5D2857535AF7
7338,F04CCD2AAF4C5CE1
7339,D54579F9EC2C48DC
7340,FC5745F45BEF1AD9
7341,4322A527C4B9E1EC
7342,22EE75DA0646FF97
7343,215E68099EB92BC4
7344,F6F4240813FED62A
7345,FB2096C466961A06
7346,2728E5A499E041AD
7347,0971CEA8C949EECA
7348,FD2BCCA374201D90
7349,DF189BC0D0843861
7350,1E76DCA0E258D46C
7351,7A7EEF460B5E365F
7352,E3D4826B3CE85DBB
7353,F8B62C98E8154FCB
7354,78A0053798409D56
7355,64607CC2D039D626
7356,480393D6B2E9A1D6
7357,786C663BE615E658
7358,041FEAEF41101583
7359,1F063BF3E47602B7
7360,B7E285E3E09424A3
7361,A733F443E2EED59A
7362,CB6B4DFC6F6C6A83
7363,B9C8F6D4BCDA813F
7364,310210A48A3F4765
7365,10D92307270BAF1A
7366,776C320EF75B7890
7367,2D2573CD11BB767E
7368,4A15B0B00DBD55F2
7369,9A5B59BDE76AEF1E
7370,B3DF3531B415E5F3
7371,AADE24A6D9E45512
7372,777DB41A6DF801B1
7373,73DF0A98B0849EC7
7374,2BE8C1BDF8D9E19E
7375,0AE8EE1205086A11
7376,0A971B778212FB20
7377,30E5CC770A8CC600
7378,D4048C8F3D02CCCA
7379,5FAF6B57BF7B6DBE
7380,01F60332C9582C77
7381,73A1267C82FD2A3C
7382,CD30CC854525469A
7383,0FCB6AB60018671C
7384,7C72E7C932952FC3
7385,82E1F69219D4B1DD
7386,9D9E805C0178173F
7387,95F1E71322C203B3
7388,7E056F408980F362
7389,936827DE70AB00E2
7390,00675BD28C4DFB7C
7391,B382039C6B2FD439
7392,CFD9808A266104DC
7393,A9ABC1B456C92E45
7394,1F6843C4A567531B
7395,F07781E41377C985
7396,A568FD57B8F5FAE2
7397,6B791EB32BE28CDD
7398,63DA625460B34833
7399,12B10FFD3EF7B820
7400,890A53EE242C21AB
7401,AF1096ED00F0714E
7402,728DC0D876F6D315
7403,6C32507035B8E463
7404,4FE69DEE92715F49
7405,B288539A48253D85
7406,D03960C4586E6C3E
7407,8F79B242C3070611
7408,FD8EF5EBCCCBD89B
7409,76DAE6F6F9C74010
7410,02239F101321E1DE
7411,50D2C293DC992405
7412,07955EDB36C22212
7413,8B5B9857559C98C9
7414,2FBD74542E5A7959
7415,26BCB36D066D6B39
7416,17AD3E8465CCC1D5
7417,778C1A03F1976310
7418,638B164A1B952FA0
7419,A04F46057FDA1A71
7420,7E5AE31AD2DA65C5
7421,13064122844BD169
7422,E012266F5C3F8344
7423,B9B5C313D69FA5CF
7424,E646ED1766481FD6
7425,B1ADF5E6E8E88CCE
7426,A05322533A209215
7427,AEE803FFEB1B8F43
7428,C34E4C7F894900C5
7429,89239742A4AE472F
7430,A6CD61EF805B0772
7431,D7F6909B9D413E0A
7432,8F72402D2EE213C2
7433,F2FDFC019A85164F
7434,CF3B74E1A37D9E89
7435,8E4B3B61A478A4A6
7436,D3245175269CE5AF
7437,B378510FC9AB2F1D
7438,E368470C4B19ADF0
7439,53B2692E493110C9
7440,FFDEE8102453A996
7441,1748930B893459D6
7442,C83B3EBDF964C62B
7443,C5C209E583AD3740
7444,A6B5D56D5B5F1701
7445,7142B55419616742
7446,89C48759A1095F3B
7447,4F0B033AB774BEC6
7448,7905C2A9C77AA10B
7449,5973D9897DF111A8
7450,1A15EBFABC5683CA
7451,BE225D5CA4CEF10A
7452,AF86A3F55D8858CC
7453,BFC929ED7427E459
7454,71088ABC265D3AAC
7455,5937D63995FE6B84
7456,A366814926BA4B40
7457,D430027700E1B140
7458,FD3F67BCC059866E
7459,90CEFF9EEAC0E2F0
7460,CB52A46668840665
7461,CD0C74636C14B162
7462,84BA8FF4FE91E982
7463,743F2747DD57FEBD
7464,A69EDB3993F759F3
7465,B21558ECEDE72E59
7466,CB4DB00B455D41B2
7467,E6AD28E46DB124FF
7468,8CB6A8B431CD16DF
7469,7DC3B48E78F9022D
7470,91C16F99927F4225
7471,CDA982ECB5D471A3
7472,203D33CE8B802144
7473,A7551BFFDA9772F0
7474,9FCC4B1CF66B59F4
7475,F58C17A923978E10
7476,53F8E5C58DB8FEB7
7477,82F6A5B980063918
7478,B0E703E9A9D34A12
7479,208C3E5A49CB8493
7480,1A37707E3BF78C1A
7481,20674FE8FA390BCD
7482,2F3859976501F1DB
7483,640F108EA308CAE6
7484,098D5E0E8B8D73ED
7485,EBD7DA87C233C429
7486,668A620B3881CBD2
7487,149EFE153EDD8952
7488,DCA2D2959AD70B09
7489,0B4C57E5CEC832BF
7490,4EFB6E2A578167E1
7491,D50BDDB252241B9C
7492,EA4992597A716A13
7493,A4B0D9667EF00119
7494,B1ADE4F3D56183BB
7495,526971083E1021EE
7496,26E26A0360CCF689
7497,CC5125A42E2B1982
7498,F602FD99A4A920DD
7499,6E9C67AB46DB9259
7500,D4F045DF80C1674D
7501,C5C11095445EB46E
7502,9681761389D8CC16
7503,3AC8C193520C8DC4
7504,D2C9CEDAD5A81EB8
7505,8200A41A8F21B757
7506,FA69DEC4D0C21002
7507,93AAA620483CF0EB
7508,DA620C1F0F4C6DD6
7509,6F05639AE0289E18
7510,96DF72AD66A131CE
7511,BEC8B31BA218C0F5
7512,8E32B18B4CE559D0
7513,15CD5560FE301EF4
7514,DBA1A524C3A14635
7515,3AE69F38405A2A0B
7516,B44E496419D43180
7517,38D2D81E63BC9BB3
7518,84933A601E040776
7519,FA10365777EB6D92
7520,9FAC99FE849BEF35
7521,A52CD9AD5725C953
7522,B9CE1935016545A7
7523,54B2ECE94184E3A1
7524,49209B65513565D6
7525,D3D1AB443A143D2D
7526,942F9BE0F15E3086
7527,BCDF2E2BDC7BE345
7528,D5300F1975BDECFE
7529,6BC1DAEE422E9F04
7530,330737F4C11C8502
7531,E76555C127B616B7
7532,6521899B4527EE05
7533,A4C4014ED312FDD1
7534,58E0091675AEC6B9
7535,E46BDA97CE249541
7536,CA98B10D75A3BEFE
7537,C04725E9B9791648
7538,43C29D37B4069DAD
7539,42EBD4E5065AC09B
7540,2B2AAE1621878425
7541,299DA04082779ABE
7542,B14BB25BB1A134AA
7543,478212794C5B7A6E
7544,29FA4D7E17FC9247
7545,6929EC4859E43748
7546,8036BAD8D99E39B1
7547,20509C0D0E2E57AE
7548,0AD97414D1419071
7549,1D7838816AE3A738
7550,4FAD2DE9BC9E298B
7551,2247985099A401A3
7552,2B08019D5ADAF7DB
7553,D21E81E0AF681C35
7554,1F267E241741748D
7555,0515307DDBF9334C
7556,CCB0EB263BD488B8
7557,62667BC40A6BA5EE
7558,710C22227498CD9A
7559,CAEFAA61D4DF595B
7560,B6927A7C224060B1
7561,689B0958FF82E65E
7562,6BC2E7D61BD290E3
7563,8F18B396EC4F177C
7564,14FC18E488FAF7D5
7565,F7A0729EC8376847
7566,B2E5FA3DC4291C08
7567,42E374118AF54741
7568,3DD658157785E38F
7569,74ED10F556F74F45
7570,8A9DA0253E8D4B20
7571,7F8B0BBDD3F0D535
7572,10C1852592BEE9B2
7573,C278A9EDC55F3F5E
7574,8D61516AC8AEEEC6
7575,064FEF9F9EDB8CEE
7576,4612B19937267B00
7577,72270A901F26C5D3
7578,543BAFE0824CF42B
7579,44924C663B7755AF
7580,BFD9692BCC997BD8
7581,1FA196D5CBD35A2A
7582,20B619CEDC0B576A
7583,C99489332A09FD37
7584,B3A16C6665EA1FF7
7585,D3F705E711DA77B2
7586,9A86E1B70F0B0749
7587,1772522F07059484
7588,C33901D7CF3079BC
7589,A1AB01115FD5DC13
7590,D754E2E322153E41
7591,C890C42BAAE6D57F
7592,8A5CB213B4BCC5D6
7593,973D06BC8E294E7C
7594,1B13572BC528B858
7595,0E934F3814E5A207
7596,DD36406904412DFF
7597,A9E361F239F9517E
7598,FA7A1601FF4EF545
7599,9778EC1C25ECCC58
7600,2803C1A42670B08A
7601,257FAAE8DF720BC9
7602,304AA46857D75170
7603,240ED7597FFBA826
7604,AA2C21ED8093A948
7605,A0218D0D7F6A72F5
7606,9C5307C56FA82247
7607,AB9C95D888E9A1D8
7608,AC2D9148F0F4F026
7609,0FF7906A342C8AF8
7610,E52019F4503EDFED
7611,7AE49ABA284006E0
7612,94AA30400A13E6EF
7613,2DB32C4FB0BEDA4D
7614,F6D894A347F2FA8A
7615,D47AC26149D1F210
7616,4E3566C3959F7512
7617,4282501FBE48AA16
7618,C1C25ABA6B32ED42
7619,20DE69B0DA314CFA
7620,BB6082042A3ED65B
7621,4777780432A5335B
7622,ED12F9D40F742F68
7623,09DEF2E2D45F1854
7624,E46E2F86428ADDCB
7625,F5483F32AAB33E17
7626,A10A519E2FEB4E23
7627,FBF9722277A176F6
7628,AA924165EB6E4142
7629,C975ECD0B2428807
7630,BFBAF66DA82096F7
7631,963C5B97FAD5BE96
7632,655F1722C46E5D0A
7633,B396F19F89B11AFA
7634,0EED7B9231EEA693
7635,7A8C5F5D3AC8AB25
7636,B9BA6419C3EF9FEA
7637,454DB4BF58FDC444
7638,45D7AFBAC4091027
7639,7A852A53B1E31612
7640,F5859D033CB4F5CE
7641,8416AA68B9FADFFD
7642,7ADFCE243DB930EC
7643,D425A12095C0DAEE
7644,1E61688BB6A53412
7645,CECBEED311EC0C99
7646,0A1969F4D423B1C3
7647,D5BA4CFE71BC691D
7648,833D7855C6257D35
7649,7C3E77FDBD841A6A
7650,177CCEE299B768C6
7651,F082BC4D5D54FB19
7652,E723DD0200EFEEDC
7653,D693CDA7AB29A305
7654,972E6EDBEA6147D5
7655,5C4CD51261035E40
7656,336C97E52101360F
7657,44B6A89AE1FC8B00
7658,3552B24DB6C35C72
7659,C4230334471E3F07
7660,AEBFEEE3B171886C
7661,9C5275607B11E8D3
7662,2B678E963CC6FA0A
7663,25455ACA12D5F269
7664,AE4939ED528303A2
7665,AF8D4DBB5A15707A
7666,2BE9C7FA3E0DBED1
7667,64C542182F801E90
7668,534A34A349A0F87A
7669,521161288696BC6D
7670,05235105BBF20132
7671,43FB512BF9804B07
7672,24D8E05D2CB456B3
7673,1250160BB535BAB2
7674,D085CB319C50D6C1
7675,F4F76BD926C350F1
7676,6F4B298F4D52DB39
7677,351D2A6AF4CF188B
7678,59BB5B4226A33493
7679,CFBA872C9D938C82
7680,2922FD33FD3D2603
7681,5AE0FD1B006251AD
7682,5D5ED3C8F7D5F912
7683,8494A3FF867734A5
7684,D74F16514B59668B
7685,2D0AC1C59497EC41
7686,C59FB603A0B07789
7687,CDB4555C218D6F09
7688,9C5A44AD731AD498
7689,C7F637426E05D12F
7690,8B7F90F0F2B77CBA
7691,F5F9BBB057E7BC30
7692,7F266A59A7332976
7693,F90546B5EE3F80A6
7694,41A48169ECBE870C
7695,B5137A312F5482BB
7696,B94755666DBAB0F5
7697,F81649BC6ADBF94C
7698,7B95D05C0A0E9EF8
7699,0B5A4ABF10176D62
7700,0ADCF83AAC136710
7701,C179BFEE76979670
7702,534B657D6DC037BE
7703,4222D6FBD3820DA6
7704,820CF2C09F0A07FD
7705,41EB1754293C8E18
7706,2567475EB6D93110
7707,592AF5886EA1557B
7708,256B6604F06B0470
7709,5072B4CF377187C1
7710,56A2309517650DF5
7711,A31D147245BC55FE
7712,08708D6FD05692E4
7713,D2B8EA9398013CDF
7714,F32416B84210B6E0
7715,C7FEF44E486654F7
7716,090801475D1002CC
7717,FEA1E563A57D81D9
7718,7426ED5282F91A4F
7719,5624D53A1FCCC0D4
7720,194502A1FFE9A4A9
7721,72EF3DF9B5422318
7722,CCEC8F2F8B6FF96D
7723,CE649BDB86DB6CD6
7724,272A53BBFAC3E85C
7725,5B3AA143CF7ECC4B
7726,B4F381591DCCA1BC
7727,737A98E3E93A360D
7728,AAC07E435CF95E00
7729,A52EEA20B47AF8D0
7730,5E6B24715C4A39A9
7731,37335B8181E84ED0
7732,D216DAA7993E29C8
7733,389DD4FB68DE8DAB
7734,D39448BD3B3A8CF2
7735,D1A8C0B148DFFEDB
7736,1475CE947826039E
7737,6627072C2FAE2B45
7738,635F2C0AFACB6BC7
7739,3D604E6F72916C02
7740,E05D71F44AF40326
7741,097476C6629049F1
7742,111662885BE283B6
7743,BF647EFE3A520078
7744,D0219D6B696EEB2F
7745,EEFE082A827DBB9A
7746,FCE7A79AB8B985D3
7747,957918EA5447D4B1
7748,8DA34AEA789CC755
7749,A42EB76BA6AA00F3
7750,7151137752E421E7
7751,78EA42D82F02C779
7752,28D7E409FD2EF46C
7753,F272BCECC3E95AB1
7754,ABF79B7C94A4BD78
7755,F7B3061B581FA404
7756,31122B077196CF39
7757,786058D8F8D9B890
7758,8BC2270FD89CD34D
7759,C704C17D702E1670
7760,067CDC89F78BF52D
7761,A1C44D3C0F8464B3
7762,CD085F4F982F883C
7763,3A17111C9FD018BE
7764,5D40F25E60496CFB
7765,B6EB895422797DED
7766,1C9F1C01D98974E0
7767,7F5AFE13803B26E3
7768,7A1F91351F963BC1
7769,5B55A29D6B532C90
7770,6F117F31588DA610
7771,86D0BE5467FBE08B
7772,56B78CFB68CE198F
7773,C6D067D34C4A5F49
7774,E2BC6CDAF1AF2F78
7775,2DC0488436E9D474
7776,60240F1FBBF3EBEE
7777,D1B55553ABFBEB8B
7778,FE476D3D8F4A4306
7779,A7DC868005DBC4FF
7780,3D03822DDE3B42A2
7781,0418F7D3844C90B8
7782,10E8D45E54F8B710
7783,17E61395E1BE3CBD
7784,A3F16E3E0389423C
7785,349D2040E85BCD7B
7786,9F7AF39144DEE241
7787,33B3EA71A3135739
7788,3E3F3AA4790822FD
7789,33FCD37BD5F18EB5
7790,8DCB27AD97958C2A
7791,83FF13885631BF4A
7792,BA86AC6273D6E2F5
7793,7FCD0B43543AB83A
7794,E63662A98903415B
7795,8258CB43E4AA0F21
7796,A1657A996C8C8C86
7797,8BBCD61408CBFCD5
7798,CA406CA9888608C7
7799,1F73DF54DAEC141C
7800,1451270D3E17FDE3
7801,9FE37A998F7D0618
7802,A41DC66F335A6D0B
7803,EDA44F2F2F18E2D3
7804,166F7ED49F0F178F
7805,2A77DED529BAB91E
7806,20AEFD49EB00F86F
7807,C7079688ACE94571
7808,B93546CC46F43ED7
7809,E75ED752F4FB7C6B
7810,92D676F4F9754C3D
7811,7E03B8538690E197
7812,2A6C732834BB4660
7813,9239E625700C43F7
7814,D36E2F4AF5AD0D93
7815,5277999CCC459FEF
7816,C43E53E9BBA94DEC
7817,F509E5D1468DF46A
7818,65F490B268DE00FF
7819,3B35EA2F8C55DF4A
7820,72F96261ABB81FD0
7821,93BB5141A1271676
7822,57E31F89B0F6B5E9
7823,8FA25C65D74EE468
7824,99EACB1FF875E7A8
7825,FA49675BCE7AE1B6
7826,4101043106D76022
7827,6716C6100DB5AF94
7828,27B3BFFA70562B3B
7829,18F0361CBEE342C2
7830,5515A2CD7B26A3B0
7831,23E2019DF5403E8B
7832,C95A6CC2C864D130
7833,D03F0E452A497AAF
7834,344B9C5975099A2A
7835,476F264164E8033F
7836,987320CAB8795C7A
7837,33C35E0AB908FEE4
7838,36DBD3A4DA5B67ED
7839,1E079764D2355846
7840,5069658FB7587B9F
7841,60A95ED4E89D0111
7842,79D9CAC224AEB652
7843,B66FD0E12E7CECA6
7844,2363190232171806
7845,0D5400C277D0A1CF
7846,EC8395247FFCE958
7847,0F4E0C0E9F1E2B61
7848,DF96A44440D33639
7849,5DB0E2ABD6E9C07E
7850,7158FD70D56CA54D
7851,15A367E60B7DE61A
7852,E408F4E18B7BA266
7853,7D4DB568E749DA21
7854,9084570A9B692678
7855,273EC90702F62903
7856,C41DF1127C40268E
7857,BBCE1283E976F327
7858,E8467120F878A37A
7859,717F3C6511F46F46
7860,BA714D445D0B5C3E
7861,136CE604CAC92FDB
7862,CC4F713E73049ADE
7863,04013C057FE45A2A
7864,90F59D19E611E3B4
7865,C668D39B1CD32EC9
7866,59E18EA342CB66FA
7867,403ECF2848DEC00D
7868,428EF64CEB9D32F1
7869,F2C06B5E8B09BD9E
7870,41F017EAF9E8C642
7871,406ACBFF1285109A
7872,F9BC8D8FB42CFBC8
7873,91B734A82BB9F4F9
7874,4CFE106D05A3FAFA
7875,3E1E3B77D604596F
7876,FAF66E31000B01B2
7877,A193B3F2A318A25D
7878,C3E4C51749136347
7879,27E0C4663E43614F
7880,DE5987514E6F9B62
7881,E19CA7BAD3777AFC
7882,767976B893896128
7883,20ED3399F21DEC64
7884,161150A9B5D9B7C2
7885,8F3CF56CD9615559
7886,2F94088E06ABA84A
7887,2F9FAC69FD0CFD51
7888,4D2C89376D0FBDE0
7889,D35763AB75932B4C
7890,3D0A9BA6C035CF94
7891,FD2FE04AD81E7AC3
7892,27F24B23DFE51BC4
7893,8AA0C4AE686E4C27
7894,DA69B13D2746B670
7895,C4433A072A863086
7896,BFDCE4862CC83982
7897,64AB6530158ABF3E
7898,1047D68EBBDEB09F
7899,102F2934D5017986
7900,6AF91CD9E44D2059
7901,45456A333FE7E890
7902,11D3C2782132A8D4
7903,4AA525F25F91E587
7904,57AD91605C5DFB21
7905,566576B48DCDDF71
7906,C5E74F7CAA05564A
7907,723975CC110C0224
7908,D8EE2F42ECB102BE
7909,F5F0534DED3CED21
7910,4B9181ADF31DAFD0
7911,1279E1BA62758FCE
7912,82C031C7194DC821
7913,132459B48C635710
7914,DDFF460E02AEF851
7915,E2703385FF6297BA
7916,F4A78AE31677F0B8
7917,8CA2F05C04B61939
7918,438659666208ADDE
7919,2BB8C050865B44CD
7920,BB708DEAFC47B579
7921,94904AF323E73E9F
7922,BCCC04A8196A6E48
7923,BEF0397B16457EC2
7924,B0DB42B5256CB64B
7925,28C3F3509B46F73E
7926,A290CBDC57C8BF5D
7927,37D5C168A33804FA
7928,5D4B7618611614F6
7929,25437A7C981C01F4
7930,D72A6D90C04701F0
7931,653BB6164AF4A3B2
7932,FC9394AA58C43584
7933,B5A656414DDD65C6
7934,A1EB8005581E8A5B
7935,96F0AC827F6C294C
7936,A27F4B873B8EA1C0
7937,A6598080E23939AF
7938,BF2B6FB06E45759E
7939,544C1BBF9512B8FF
7940,E1C6F06528ED01BB
7941,3872D6311BA075D0
7942,4F0AB08A723FA725
7943,5FAE9A40C7A02065
7944,D20724BA46185655
7945,7EFF9CCBA89EB60A
7946,10DE7EC86D6B311D
7947,725C847B05047914
7948,6CC95AE5636EED71
7949,2C37A4C0032A040A
7950,A5383710292495E7
7951,803957C1DB1898B0
7952,FFBFC4CBC9D48F24
7953,4B63A711308CDF96
7954,8A673B133A5582FC
7955,F5757D709F4D8144
7956,294FCBC3821631C3
7957,A55B6E8C2550832E
7958,2A6CE535D2111BE6
7959,B361DB0EAD01F9DD
7960,02929D6559DD3AF3
7961,513D900F0CFFF1D7
7962,3C93FB3A4DD57E6F
7963,8F5B38D3A4B70D61
7964,8939B4977768CF13
7965,26ADA03E4F89F432
7966,2363EA536671C29A
7967,6770E4FF0FB1C257
7968,3FB10A59C14E7CD4
7969,8994FB8B2D766148
7970,75C50AA665314EB8
7971,95343337F61ACA4D
7972,A38D4712610113FA
7973,C9F5BF5831D54588
7974,05938AFB11B8527E
7975,A5670D84FAC2AA40
7976,FF26721CA854DBB8
7977,CB6F555071D17AB9
7978,363E342480FD588B
7979,C47782416B9A78E3
7980,0D4A1259FE4D9C2F
7981,392D5B59A9A75B8F
7982,2930200024C76CEE
7983,20DB9C6D6097A4F9
7984,151197EAF4A532B4
7985,2BC0BE81D649FDFC
7986,EBC91F9FB35A4984
7987,D453A3097A201ED7
7988,173F296EFA145C92
7989,16EECA0BEB307956
7990,B7CD226A88A558BC
7991,974A7503AE3DC716
7992,9936A1E18820545E
7993,EA9AC0A573C8243C
7994,834515F8B9A01C28
7995,3BB585475E944153
7996,5C8BE172F617926F
7997,2BB4553F646A0FFD
7998,6EDD590DC3F9DA68
7999,D3C96F8D713E03F7
8000,EA3C7E29042F5FCC
8001,4780B26E5BA30B4C
8002,E94F23C0DA11B1AD
8003,3148DF447842192E
8004,8DAA7AB3794C0EA3
8005,335030AF6F1870AA
8006,ABAE30025CFABF53
8007,FAEE19A670A9CEA8
8008,30C6D0C0B8CF20C0
8009,D6B5CCEB2F62BF49
8010,BA276EB6CC8AC044
8011,111C5485FF9570E3
8012,78269284729B2178
8013,999C5DC1A1E7678F
8014,988B920A4F696F3F
8015,1DA20FB522DFA80A
8016,9009AB5AF8FFF766
8017,2C68C39FD22EE5BF
8018,75C915EA29F77714
8019,6AA46EBC053E4183
8020,0B2DC38E4C033FA8
8021,23E5AD579E46B33E
8022,B9B6901CE1BADB3F
8023,2233941CC556B246
8024,CBA5D806D128ECFD
8025,88CDF25C4DA8CC31
8026,51BE166C3342C016
8027,7C5208977F28C844
8028,A2507D4A5396D80F
8029,03EAAB12B667B234
8030,EDB5BBD241F31BE9
8031,FB3976D018AE5E3E
8032,7C89E92B553A85C4
8033,B150B0E6B1109B9C
8034,B5E7E788532A1562
8035,BE5AB05AF39BAB19
8036,78C0FFD4BA815DA5
8037,27920EEC221B51BC
8038,7E952DE2A56C1267
8039,507F8DCE15AA09D9
8040,56BFACA60FEACEA8
8041,E67CFDF8C45ACF3D
8042,9851FCA154107B3B
8043,30B61769A307AE95
8044,96B2CF3E69508B62
8045,54F16B0A6C4DD23B
8046,933F606885DEF313
8047,B51E0A095BE39321
8048,7FDC33DC429E3753
8049,715F8404ABBB7249
8050,81D812B02AE91E8D
8051,A9FA4F5F8F383D88
8052,EDA329BB2ADFAF5C
8053,E0547554FD47E1BB
8054,9B022C571AE60A1C
8055,BACD932311D27A16
8056,DF57B0ECF1683778
8057,69C4A64928358D7E
8058,C492517E0EADC85D
8059,DF0D5A5943E081FF
8060,BA5A96C71D3CEE3A
8061,349D67C9FAB07B62
8062,7F625ABE17E33942
8063,0016CBFDB9C06156
8064,A3C9EDBFEB51B236
8065,C7FC1403DFADA9B8
8066,8BE1CEAC258B4C36
8067,A0EE01541B853D03
8068,4DB1B274D745C080
8069,69F83D16DD930513
8070,64ABD1F53384368C
8071,61FA3AD9BEC8ED6A
8072,6C634C748C986C26
8073,1B03FAFB3099D82D
8074,E424220A6E671D6A
8075,68292FF02177FB62
8076,808C70F2B9C457EE
8077,D6CB933852ABEF04
8078,CB0348745B12132B
8079,F16C24DAD8DAF29B
8080,0ADDC42F3C940CBE
8081,FF3D1A77E0727386
8082,75C3E2F2AD1677C0
8083,D5171A7E341334A7
8084,255131242C681CB7
8085,07A802C127A79BD6
8086,49C23AF107208447
8087,700B70D378622B92
8088,2D43466333003D7F
8089,96251849D5760359
8090,BE10E56473277E39
8091,F3697A818C00C5AA
8092,32B052C23D897C41
8093,9D3F6D2FC4B80D20
8094,067E0107E8DAF64A
8095,33F294A861AC6C54
8096,F14EBE0BB1F287C0
8097,9E921A806A1D31AD
8098,26DF764E2A566EA8
8099,0E9B93B1F8A86E22
8100,67AE69A905E6EC6F
8101,AC81D345C524A7B5
8102,1938B8C2C9CE3286
8103,C225C9226FA3EBB5
8104,399DB408BCB5DF0B
8105,138F75966139D560
8106,1F74E87F7745A2E3
8107,49FBDAAB59E340F1
8108,99A4858464B92A54
8109,6A79FDADC8C9BE94
8110,9C53B25F6EDB9855
8111,BCF374D02112DD4D
8112,5C75B8ABD0E0CCFC
8113,9A60427212237700
8114,4DECD1973F00B4FD
8115,0656792506C2F890
8116,396CDE48DCE5EFCD
8117,8F811827F4EF8CA0
8118,BD8B4E922D952943
8119,96A8EA33343190DB
8120,0CECE70C245D9599
8121,111447D74BFF99DE
8122,E8BB4E58A40EEA21
8123,19CF0A24743D4904
8124,EA542A495263C21E
8125,8CD79B1FD5D1B5EF
8126,E2460335FED6FB01
8127,492C0C78B68DAC54
8128,629B99B04F8D26A3
8129,4F23D2B1DBBED1C3
8130,8587DB8C70D35AA9
8131,515386C9023AF690
8132,A367B3AEB0C16D78
8133,53470F6DE80C8F18
8134,2BCD6E09A50D35DB
8135,58D9C999F92DD316
8136,855D777160336499
8137,8F9297A1C12D077D
8138,AA7A33FDA5CB636C
8139,72423B96E6400F45
8140,126BDD3A8B426CA5
8141,2629578572C981CC
8142,04F10AE4C1D8E57D
8143,6F3B14436734F483
8144,D61BA1474D1908D9
8145,7F5F2D97C6F959CB
8146,7296236E1108A952
8147,E207356D02E5F9D2
8148,520501855D2074FB
8149,AEA6B67F090F351A
8150,5DD0A0A3929F8AC4
8151,F45BFA350577F3F5
8152,ED792AACBC257DB6
8153,660226ECA92ABD37
8154,075FAC60943B9045
8155,FF4720494E3D7562
8156,2329AAFD579072AB
8157,EF1F4D6C4E7A6DA6
8158,5FE4EDF32456C8BC
8159,4D61D0EED0399D45
8160,68C45E33929DCF56
8161,E61D2C0E8897156A
8162,4AE2575C3259D852
8163,A7F75ADBE46AF7FA
8164,C7077BFDDFAC5BCD
8165,94E2B727F3E34A1A
8166,6F9FC21E711D6143
8167,1DA05EC8E57EC828
8168,C3AE60B617A6FB4A
8169,826D3A553FC4EF78
8170,D8C65C15B98360D5
8171,EB7F098F3C85B9EE
8172,831AC29E259F0469
8173,C0EF2C14C7B905D3
8174,C377F308E2768CD9
8175,E92B0483EF43C999
8176,9F01E3BEBA075566
8177,2CD5240EFCBC2D6E
8178,7BD0AE0D942C00E7
8179,97C668E20F2759B1
8180,1A89ADF20EAA39E0
8181,40DC914295AD7807
8182,D7B244BA3667B87F
8183,F424581514EF18CD
8184,7814B53737D87A13
8185,D6B87B36F639FF03
8186,8915F7D0CB70303C
8187,1B62D0C96EDCDD4E
8188,D7F0874961E3DB00
8189,7E266E489927860D
8190,E9660DA28CB3A777
8191,799F98F0A354053B
8192,6B7F049C3A9B32B2
8193,DD6D9C525C1E6A0B
8194,B2DB14F8C492050C
8195,D025F4F9BA9FD943
8196,3C717EEB9846EC37
8197,F17EB0504433D791
8198,2233B1DC1F5A14D3
8199,160E2627C6BF2478
8200,84A2C5DC0EC22807
8201,911D9375AEA8C682
8202,A607A5B6E13A41D5
8203,61B4759DFBB230AE
8204,D4570DEA62D429AA
8205,E72A5AC2607D3DB0
8206,5DAEBA93C1EDFE75
8207,344B63A3C8F7768B
8208,351261AD79C232E4
8209,D4444F83459EFBEB
8210,DA154E63186B5C3C
8211,8C7BD86690C07E6E
8212,698B581C9FAB8A3D
8213,9CB33B8B65080A3D
8214,228C6D442097AB7B
8215,72726492B65A7C86
8216,31DA815F09F848B1
8217,6C788797FFA11BF4
8218,5CF69D4C99DA1F4E
8219,32E3EA56C0C57728
8220,4A25B7DC39E30B70
8221,284A972CFCDC9CD4
8222,229410373104DDD4
8223,376C03ADF998575E
8224,821DB855D7292ECF
8225,A606B1171000EB23
8226,57A3BE03880BF726
8227,7A08532F706674B9
8228,DF8C94E725D917CB
8229,9A9605A18908BCEA
8230,303C4021F5B3CC9E
8231,B699D129C702AC98
8232,7EE0EEC849AD3BB2
8233,ADB6B796DD2C907C
8234,1C314887C3544056
8235,95F06DD434F4117C
8236,CF6290D08C52EA1A
8237,9AEBB2DD33C973FA
8238,EF93BA48269C3900
8239,4672743A3235E9FE
8240,2AEB02FC9C72F001
8241,822B50E4B32AB271
8242,19F8A21D5CDDB1EF
8243,72D4A2A348A01BE1
8244,133D3FDFA2D08298
8245,29A4F79B8D0577D5
8246,3C40DD338F14E326
8247,1D7783101A7DB4F9
8248,E12F86911D7F035C
8249,59D46CB6D2168F38
8250,334724755AFEE42C
8251,2E2C07D4879FDA6C
8252,1806D5C7D67461F2
8253,4186586D380A3F75
8254,7EEDAFB791706A5C
8255,B62B6E650F328BA4
8256,DA234EF4AC1E3465
8257,CE1D5DB0A2ED38C6
8258,4CD806A6485EA0CA
8259,5C47509830C9A503
8260,040EF5846D1912D9
8261,475CEEE616523DCE
8262,4AD6267A25B5B309
8263,4B3E9E7ED9EBCE66
8264,7764BF2A71E2532A
8265,9F9E581DB5DE34D1
8266,FDF706BC40F0BA01
8267,1EDA0A9E0A0337A3
8268,0C453A5F6B8E81B8
8269,B5AC4D1CF4145BC4
8270,0954614AF969BB36
8271,3496FB2EBB24FDB0
8272,2712CBC2CFACD1B8
8273,CA644D3EBCF416DC
8274,04048B4F3CD6A2E4
8275,B53E731B8A4A8B54
8276,9E234FB18C0E980D
8277,D99992B314D3D56F
8278,32266E77CE988CA9
8279,5E8A2AF02DEE3998
8280,EBA9C87A72E36FC3
8281,810625DB0A216F11
8282,75A3E83C96D6B01D
8283,3FADE352E11F7663
8284,07B81A30C711C459
8285,B18118EC726413EE
8286,F4470E947FC93B9D
8287,1DB108B6867DB7A2
8288,93CCCFB45E2DB733
8289,82A181DD2BDA0C6D
8290,2BB4319CCA437919
8291,CE3271485885AD16
8292,4C2B8B68C56D16C3
8293,11DD78E2AECD4DA8
8294,F5B5BA64730D93F7
8295,4DED007F0767BC8C
8296,CA0C94F6D8B9B88F
8297,E653633513A9D5C9
8298,C22D244C7ACBB280
8299,FAC0DC8C01026D49
8300,9301A210DC131278
8301,71FD07C27AEFDA7B
8302,66D841972F9299B2
8303,8E395E461F4E31C1
8304,19BB556D3C1AE0CB
8305,A60A8A737DB254D6
8306,D687A7959383A6C9
8307,792B0274E84F9BD4
8308,ED4A989A8404A3C9
8309,9ECA4DC36805FF92
8310,7327BF6300048929
8311,F3584212EACDB8E3
8312,629765276E52308E
8313,33F8C2DA44DD3C23
8314,EB609FE8E8DA685D
8315,38070473EA88955F
8316,80BAF86976423800
8317,D3487599E5806D4E
8318,59059EBFC114250A
8319,27935399E6F16FB7
8320,E462219F373F99E7
8321,26D2D7AE845BDC8E
8322,80BA87EF3A583CEE
8323,B9537A8635A38A86
8324,5537C011C3BD80E0
8325,B60E9BF12771E078
8326,BFD069172AF8CCB9
8327,29AA7AA9C8C815CF
8328,01989F4CE1A847CB
8329,0F57E60B28B3AAD3
8330,6FD2C6411EB5D7F4
8331,E1A2E97D4A6AAF0E
8332,CF3CD05E9BAE69FF
8333,78885250D954F6CA
8334,5843F7E9D7F4C944
8335,A77361A1F93F62FA
8336,483592CE4A1DDBBD
8337,D4346567C17733A6
8338,3DAD97B7084E608B
8339,1F5189DF4D812B8E
8340,AC95697BE37B2EAD
8341,517A450282FFA758
8342,889D3463E0408936
8343,B25D6492315224EC
8344,2A65A18867E3012C
8345,67BA0D0E5194C6C5
8346,68B9407E5B8B759F
8347,6BD9B1FD16F5A1D6
8348,0E8F3472259B471D
8349,06C1B93EC33A9CD1
8350,0AFFCD15FBFA3283
8351,8BDD366FC77127AC
8352,37748BDC4AC88FBD
8353,FD1FE35F01968F63
8354,25E01B884F65BC4D
8355,0D43A93412DE3AEA
8356,EC7C57CCA43B46C9
8357,9D096CEAA46E83AF
8358,ABE90B68E979A820
8359,8EC227B0D82E1763
8360,D4CC4FBD35B4EC48
8361,2CDE5A41FAE4F9F0
8362,DD55E31D71724CD9
8363,840BB384AE4BF398
8364,3981F884C2B9DF13
8365,7B17FF22D3814A59
8366,D6A495B4C5966638
8367,89FC2814127884BF
8368,23C7125BB46BC2D6
8369,659B085B94081DF6
8370,8724238D0BC3B394
8371,0DD1304E9AA1267B
8372,A2C99ED15B5748EF
8373,CCF98E86232A19FB
8374,9E51AD2F224041AC
8375,9CD8BF36F1476878
8376,712E181A6C2394F9
8377,1A3CB8BFE00219F4
8378,4828E56E25120CC9
8379,48F1540F436C0BC3
8380,6E8B3A77E8EA4DE3
8381,7624FB2E1FAF9123
8382,931D7B20E1C12B08
8383,E3FAB0C855B58E5E
8384,175AC6CCC341919D
8385,36EE022850B333A9
8386,A2385B10608B8353
8387,12DE40A2F0724F45
8388,26E39F2DA80E813C
8389,6BB8A8610A9E078B
8390,6577FF3025E81601
8391,7B1D86FEE4C7904F
8392,C5893D127F0B1DE2
8393,A95CC6FAEEDCB1B7
8394,4FC78C0F217BF068
8395,19B4AC2EA1883039
8396,ECC0AEA4682C486F
8397,6EBF72D1F4CE8722
8398,EA404014ED47202F
8399,2CC3DC389B49A52C
8400,AA5C6CAC1866CFF3
8401,BB7D7952B4053586
8402,2BD57D34DE229A77
8403,63D233289DEF8286
8404,7076CE41AAF1A068
8405,F4937713E7C43C36
8406,949D9B3814680970
8407,0E6F47CB2CBDEB69
8408,C2DB39DE34CB04A6
8409,588E0BBE27C9E554
8410,08CA256808855147
8411,868EB9D31E368764
8412,6751C7494A4E8D60
8413,EA92FCF8F76BD3D8
8414,0906EBA0672B6D4D
8415,A088C9606D4CC6AA
8416,D3E84E4D4D3DCA98
8417,8301593EB6B15C3C
8418,D91C72BADD15AB83
8419,91C0EE6438871970
8420,0452A6F40DCE135B
8421,59C2BD173DB80DD6
8422,B61438A682DD396E
8423,ADF8DA020817DF5A
8424,B0FADDA3DEE861DD
8425,C7C87C7C7C1AD273
8426,77C20568F3A7FB32
8427,1446B146A4423CBF
8428,2663B6462D543F53
8429,7591B8A93953F6D8
8430,F2778AB738E55A65
8431,1CCBC72F3A42B5FF
8432,A70C0D90AFD581FC
8433,F80484774A73DAEC
8434,36D7E6AEF4FDBDD4
8435,E833DFA0465E2A6C
8436,62697129D2AF3C92
8437,EDBBED7BFD1B7884
8438,BB401D8B7F1E29E7
8439,657F3D42DE0CB32C
8440,4B92AEBC36F2C7D1
8441,82C6A0B5C355CE79
8442,0AF570019D38E17D
8443,8A111CFFDB55098B
8444,9EE4E58A35D37F4C
8445,ADD2531FC23F4E4A
8446,4A44E8A8CDF1F2A0
8447,70596BBCB49D2FA8
8448,9A59B068AB92F9A0
8449,A51AE65CAEBFB588
8450,9A7ADD074CFEAF7E
8451,C4A68AA5983D5675
8452,8ACD96E4592459C2
8453,58D19242C013E8AB
8454,2D401DDDF939046F
8455,EBD6CFD47EAEA83A
8456,4D6FA679EC124E3E
8457,6507878B490B62F4
8458,B1D9A7CDC2D1A2C3
8459,E9E5CC4FB3F9404B
8460,502C5B5302968E66
8461,ECF2080D13C1DB42
8462,51DA750C0227B873
8463,807FB79AB6A4F6D6
8464,D3C9A74B79C7C289
8465,AB91DDBF0E8788C2
8466,267FC48B14D7E08B
8467,67615562CDB1D1D7
8468,5D95B8B0FBE6DC6D
8469,A5F25AB37F8EE9DF
8470,785A1471A859C8E6
8471,C100BF485C12B8D2
8472,AC7E0BF6F96DA272
8473,0E64201AE51E1CD3
8474,D02FDD2A5CA4F320
8475,67B8AE70EB5E0015
8476,1DC0180BCCCD0032
8477,5ED4ECFCDF6FD8AE
8478,FE290040D26A7DAB
8479,5569E965613671E7
8480,01D617C815260A3D
8481,CEBCEB9BCDF30EFF
8482,40A1A60EF03BCC6D
8483,B4E39F6D1CD4A073
8484,024A6DF53440A5C0
8485,747A6D0CD26DD58F
8486,CA11F8E061FE63F3
8487,6A53FAEC4FFDC635
8488,1D84988C6222A85A
8489,AA0292EAEFFA0E7D
8490,6FDCFD9438542764
8491,4EB6D31F618FB933
8492,8462635B9D2030B9
8493,40965813723A4111
8494,CEFF1ABBB52737BC
8495,D1ECEAC5B18E95B7
8496,6B6ECCCA7F21ED38
8497,28D507A17C97D5A6
8498,746C44C0BB53173F
8499,ABDBF5440984B7A7
8500,765D087A82A082AD
8501,EF0A449F2BA885B0
8502,8B4F66F0C0F4F7DB
8503,71E3C6F4123A2AA2
8504,0D4D31D623277C71
8505,EBCECFB7B9C6A509
8506,4B25A37983DF3984
8507,B30EC0245BB28F47
8508,D5A79172C9C4A22A
8509,BF2450037D2008C3
8510,F232C309BD215119
8511,CBF076B5185A5A32
8512,C6DC53018DC9FC93
8513,AD5EDEDD684846AC
8514,91840B929378F51A
8515,9529AE1C07A256C8
8516,82AE6778502A89BE
8517,1A80DFF3E4D89F7A
8518,79B41727369D23FE
8519,40D5851A59FBA92A
8520,B5B1A983416D826E
8521,AB2B4084DB205199
8522,B049A4519C1D590A
8523,D63FE5653C1D3020
8524,55A03A0CB0EE773A
8525,24C41FBE9BCA8300
8526,4370332DF185E7DC
8527,30D306807F4EDBAB
8528,DD885C6FA4D3501F
8529,87C169C584172F5F
8530,4F3A69DB463E0A4E
8531,C22BA33CE42F3591
8532,F0964E23978C18B1
8533,EF183727033C66B6
8534,C132FDFBF7038B0C
8535,50F0E0C17CA004D9
8536,AC8345C8C4FC8102
8537,75C8BBEAADAD540D
8538,123AB7E006EC77A8
8539,40A831291228AF19
8540,AD15BC716C794C14
8541,99D39E931252A3D3
8542,C1632D26D2EFC253
8543,B6F9E03A6E77AD45
8544,335BEE3D30B9D6AB
8545,3B9D2C01772C79C3
8546,0A8807F70828686D
8547,AC426F08213EF234
8548,6FABF4D42DEEA8F4
8549,D13198CDEDEDDCAB
8550,0CF74BEA038D0850
8551,AE06D97009F51BC6
8552,4319979824A18CF1
8553,173F3560F50CA8DB
8554,140D499E26441D6A
8555,CA110410BCD82710
8556,3166683394C45B1B
8557,A815C4E1A18B8B6D
8558,15CD7B758FA7E88E
8559,44F3896DB230C9FE
8560,BF9844F3A7A7A363
8561,DA994B913E5C484E
8562,5A50F1B21035C909
8563,1FF93F8239B981AB
8564,D6495846405B9C50
8565,1D4B04CE0B9E402D
8566,E383909F9B79B04E
8567,B489011D629380CD
8568,8A78585E1A2970EE
8569,4CC2F151907CF4E4
8570,9B13506FCF89880F
8571,C41924639CB81646
8572,9BD42863DEE73CA2
8573,983C9A82078B64D0
8574,6DC4DB72C1D6A46B
8575,A712186555072C02
8576,2243813DD604CEAC
8577,BDE498C94B5B2A69
8578,2B8DB47F010E7AB2
8579,31024E9C9F7C4919
8580,1AA1313CFA49602B
8581,F82F8524AAD647E4
8582,E3AB7A03FC355972
8583,D11941B140DA16BA
8584,027FBFE01A58047F
8585,480BE113BAF72DAF
8586,56485270C972796B
8587,D5A0332523DC92A6
8588,04E1400A6233974F
8589,E62B1092638FDD6A
8590,0BFD80A16860BA85
8591,385E44188CC80AAA
8592,AFEDEABAF63E0D5E
8593,51937F3F890BC351
8594,6EECBA7E52644603
8595,10697604E00198E4
8596,164D2FAA81A7AE2D
8597,D0DCC1EDBE8FABC4
8598,968111EFACEFAE08
8599,7870E14417FBE0D8
8600,C4A14F2BB3F5E822
8601,598CA4CE3235268E
8602,9B68922DEA3A05E4
8603,B419A21BCD9D5830
8604,98DE9C3F1013867D
8605,AC306B1A8BA26D6F
8606,E0F3723C5003945D
8607,405E04B39996768F
8608,59C059285875A336
8609,81C7A496F4E511A1
8610,CBD8B38B606CC7A2
8611,1EB25FE2FB28B366
8612,87DAAE29A24A4665
8613,A9AA8CBF03FE21E2
8614,60CE1B4162477A96
8615,C1F1A68F7E7B65BE
8616,AC429E61B2CE9DB6
8617,3C693BC06C5C7383
8618,A92DBB15DD01A708
8619,5625AE7D9F77553B
8620,DD02B48AD968A158
8621,D3849C9ED25F9807
8622,0BF71B81F9AF79E2
8623,89105290E33D7F6D
8624,AFD4F7FA255F312D
8625,11D209DEEC198011
8626,6BE6F7C8FDAFA006
8627,5F9E56F647C2FE45
8628,24B1FF564357EC93
8629,7D051EBAC0CE0FAB
8630,8D963BC2CEAED127
8631,D12DE067C8AACBD3
8632,6F4DD1E00648B035
8633,B8D7EF027634861D
8634,1388ACD28F1E24A9
8635,54C500DD433DDA49
8636,0F580BBBFEB5B838
8637,5128CFFF8F8FC3D1
8638,9A9C1A55B51AF955
8639,58B868D70A127EB2
8640,35160BAD5C9E537E
8641,C825E415F2D03587
8642,6883754696C40547
8643,D7E13EA964849CEC
8644,A911163FB09D56CC
8645,C828CD0ACBF6A009
8646,FC268D977629722E
8647,44E5F1FF959B3F60
8648,0621CF757CE2E407
8649,2BF8F70AAEB239F6
8650,6770682CE0FA4058
8651,477BA3FED89C348B
8652,FCE00CE02EF949C0
8653,97082D01B6BA22F0
8654,2D7D021E49FA2714
8655,DD2919908B9FED0E
8656,4FCFEACD89066453
8657,346991EF10BE355D
8658,9B87CDEE8D3B69BB
8659,F174B61D7513FA79
8660,60AB7D76EE78F004
8661,1E209BD8DBD382D3
8662,08434300A8B667F0
8663,377E1E206848A1D0
8664,25209DB0B86059D2
8665,53DA61A2D81E5627
8666,861D93ACE0F76B5A
8667,C752B0F76FE4F54D
8668,94E6B3AB5D3605A5
8669,AA64497A09AD5149
8670,336F4BEE5769CE59
8671,549581A8FC5CAF0D
8672,3A31867B79465E9D
8673,28651208CB3E3F26
8674,1D6AD15F1B629F3C
8675,6F354C486500237D
8676,B00BA8E9784A95E1
8677,FCAA2166F40AA1CE
8678,F2DF0B95D47B3A69
8679,6EEDC11AE64074F9
8680,D3FF905558215595
8681,33027E11F488A100
8682,F2400DDC2C9182CA
8683,FE2621838465FDCB
8684,5EDFB1D4DA5841D1
8685,C69332F740902D35
8686,E338362754AD40AE
8687,43E94DB984A347FF
8688,8778F9ECBE1EB8C5
8689,EBBCB9DCF3863B0B
8690,B7DE213D7106F4BE
8691,E468BFEC1A4DB5AA
8692,5363DBEB3F6F91CC
8693,8D38E8F0F42D20FB
8694,D4FC1C99487A4403
8695,6983BFDA6A7EFD8D
8696,A51D48CB4F46C563
8697,A504A1B6384E0ED0
8698,7D99BCBD29213010
8699,461921555D61E693
8700,B3E2E5FB9DD35818
8701,E4D8A6023ACB39C8
8702,57138F417FEB3C8E
8703,FE4BAC9929963897
8704,13711E720321D641
8705,812025EA6F8D6012
8706,BAE642A2A5B1FF85
8707,E06EA994B967735A
8708,0BFDE20C26245EE0
8709,ABBEF306489B6042
8710,43BBC1453AA548E5
8711,9D841BBC1408CD93
8712,BFD05A9D55FB09E0
8713,9B0454C0EEE17FDE
8714,F97CE71555C78165
8715,8ED3BBCD072B23E4
8716,E3D2795A50478A6A
8717,D454B19377C3CD32
8718,DFF1C3575BCD6A66
8719,8CCDD9A25DA199B5
8720,55D822B4DF47C44A
8721,11FCF15A627498AA
8722,B900B8792016AEDD
8723,ECD4D3C935EEB2CC
8724,FF03D12197C9FD25
8725,2EB05585CF057AD7
8726,5A5B4D8B0E003BD5
8727,FB93E69DEB229640
8728,C140B77545F982D0
8729,C8D2BFF7BE733CFB
8730,8D9D5824562EFA56
8731,0532D79A02F687A3
8732,00689F447985B424
8733,FA928C331007E04F
8734,D92CC4785046D498
8735,04C7B36078A5B6D9
8736,C373EB2493434806
8737,AFE4FF4C7FAC0463
8738,8207F4C3BE77936C
8739,169B08C22E907DDA
8740,411B2D7A81E99673
8741,A44B872A811C1E2F
8742,8B8DA6C2D2E7B037
8743,33DB629186142147
8744,9AC83DE0368179F5
8745,E7E1494CC5165051
8746,DDF99B61FB2C6DFB
8747,A2D73ABB859CF4AF
8748,971AA2410A76BD62
8749,19F06E45984408C8
8750,5562AF8613310BD5
8751,4D2849D8EFB5DF6C
8752,4D02E9A96BED037F
8753,1426FFA63B1002FC
8754,40C6CA4E670780D2
8755,257EF6B19691785A
8756,FD0D42088A4B4199
8757,5BEC10678276EF95
8758,C1282F62415379A8
8759,CE3F7943E3133154
8760,911513CC8F76EB2D
8761,27D11CA6C27EDDC1
8762,C72C7744E4429BF0
8763,9007D4D85A9AF6C2
8764,76DC14E753B9EF2C
8765,F2A418358546726F
8766,297705165EDA7279
8767,0C90F6FD1FAEFAE2
8768,7936A1357B6645F6
8769,152D5B4377911A1D
8770,101FBC6CD55476E8
8771,4D76A2C433767631
8772,FDDA9612D2140F35
8773,835D944C4DBCE8A8
8774,2986D5E42A518CF9
8775,44466BA44BEAD74C
8776,F390DCD371E6C733
8777,E69FE6DDBD4EE767
8778,40B9AFAB62D53E74
8779,CB5310C1E1E24C20
8780,ED0BAC97CCC05593
8781,61AC758896B08247
8782,22DF9F253C5454B8
8783,7DE84EC1B4195AD9
8784,1EBFAA88C1F84C9C
8785,9C6BB0568F9A5188
8786,9DDEAC2152EB2F31
8787,EA5F3814C3B7C04B
8788,F3FEC547DF5A7CF5
8789,C05382A0B3F10592
8790,FB45581D35CD63E9
8791,EA51C45F45852C1F
8792,F3F0F371212B956F
8793,F7346299BECFC69C
8794,467F0E31F764878C
8795,84BAEB8516639AAE
8796,ED471191C6F1FFB6
8797,89C8B08450BE0ECB
8798,80A4E4FDE83C78A9
8799,A62A5FDA0A8652B2
8800,11C30C58E3B9E615
8801,3038CEAB7C299770
8802,A1C5822069385389
8803,4D48293F21C96016
8804,5555350B7950D159
8805,8CA412F13D8A91CA
8806,A2EC117E64736B50
8807,2B9B8109A65F0101
8808,0B5C4A6B70AF029C
8809,E1430E85B0EF2D6B
8810,4BDAA561BA429B70
8811,07373264B9D905E9
8812,78BFEE58A1E2E8C4
8813,2D121605BBE2B283
8814,28D228427FFBE507
8815,517AC91D12066742
8816,B5699BAB1CEAFBB6
8817,936E633CAD806C61
8818,91252AFD73F1861B
8819,E96AAF763B3390A1
8820,07AA357A447043D3
8821,6D705E0DA67D618E
8822,47F6014FCFE6B988
8823,7EE2C593CB6133D8
8824,FC13D7CDDA468C62
8825,EE9CC3EC721C2728
8826,3AFA2BC5E4E7F5A5
8827,E9E098E136B83571
8828,CE77BC3CAA466B4C
8829,0D258E485D839AEC
8830,4DA6BB2CC11D8DF0
8831,E95A02EAA5FF6557
8832,6B78D16F8D2FE670
8833,758CD9D266D4BA12
8834,E2447A26AC481B8D
8835,0ADC34302360546E
8836,44C285BE29813998
8837,37A7B85DF6908B00
8838,043E830AB4BB4784
8839,FB208CE4EAE398F9
8840,AF79326916CE016C
8841,3ACC630572855956
8842,4C7A9EAB4FAFDBA3
8843,D1CD2C3050C02483
8844,44D9FEAA0C66BA50
8845,1F6C4C8A4A347AB5
8846,EF3E4EE89C07371A
8847,E0E2D72F1F73BC0F
8848,87B896BFB61ECFC0
8849,58DF63025ABA27E2
8850,ED5127A5E5417CBF
8851,D03167B836DA329D
8852,9DE0970D5D0D3240
8853,C9D58FB0C77B74E4
8854,E408ECA46A4EC11B
8855,15809BB5D07BE66D
8856,D725CD9A429CE056
8857,9E26DDA6D0EDB2D2
8858,30E5FF0D70B8DC9E
8859,C3A5FDF031E18E71
8860,3046850750782E9A
8861,BE0BE6194733374D
8862,123EF783249BF705
8863,E6753989B127A1B7
8864,38B90D9F49D57880
8865,0189BD7B9DF9A0F1
8866,D6E53758C4882946
8867,297A35B79B7B25A6
8868,945C120984725B25
8869,52873E78DA585834
8870,060F01C986280A54
8871,2E47B84177C2746B
8872,CD52A3F416BB7B14
8873,7AE0ACC9C5736BB0
8874,BA4D356022D04912
8875,80C1BD5D79EB2AE8
8876,C1DF06FF12DE1507
8877,3507447D51BF6CA5
8878,46BC045E804E2A54
8879,7A15E63D612ABDD5
8880,DB239D8E32C45D44
8881,F75FCF5919B134F0
8882,F6AFA8ADAA1C1ACC
8883,5B7EABB1292CA742
8884,01528F9CEE993CB4
8885,CDC6ACE693F41BED
8886,1F80C45BBA41EF4B
8887,A5867CAD6E2001BA
8888,F033B752FBA29E82
8889,1506A7B837DA9A91
8890,8D5AEB8D3E0641AE
8891,13A6B9B988F55CBE
8892,3549C116121F6D39
8893,E022FB9921A0FF71
8894,CD989A3CBAF33D33
8895,EA24DC0A778C0196
8896,A1EA1BE856A4AAB5
8897,B8488B05F5865F0F
8898,5603E50EA5911E3C
8899,5B92C8762351E6EA
8900,D10B6C4B968202CC
8901,53520202F270E6A2
8902,8DAF65673360ACD2
8903,327297129C1E4B76
8904,E394F340CB4866DA
8905,690891CEABB523A7
8906,94E81A75E5781CC7
8907,C638735EE487258B
8908,B6718D92ECD74038
8909,31F59E494D8C5816
8910,86049B3ADF7B19EE
8911,E0417AE391A8A93A
8912,DEA9173AE4B1C428
8913,40912D9F5C1C1FF7
8914,CBE2ACB3A790B5DC
8915,320AB2FF48817BD4
8916,26DE4550AF32F766
8917,618F043F9B10CEA9
8918,3BA60ED85A913FC9
8919,5FC50BCF961BD6F1
8920,ADF5C4EE8CF02EBB
8921,6E7BDDB11A6A9F4A
8922,97AA9074BBDB0C6E
8923,66655072507DB1F7
8924,AC46AEA530780EA1
8925,4FA7840512A9DE66
8926,81A426A8C3D54C82
8927,DFF1BE9895E2B67F
8928,29EA8955076C3264
8929,C96B2E25BB13DA3B
8930,0985AA676A50BEDD
8931,83CFBA0C8F90F8DD
8932,B6E9E15E8129AAB5
8933,876D157D43660A90
8934,78DB03B44B2092DE
8935,00FB12CF26B4584F
8936,4E6AADA41195C30D
8937,728362DDA0E43D10
8938,CACAC67AC3DE9D20
8939,D1BCC467EAAB5836
8940,2FDA48445C1F9890
8941,58A7B4033E9016F9
8942,AD86C8FC22FD8F0A
8943,7DF18211AF7E67BF
8944,3D98271504D73967
8945,C0E5052196C6EC4F
8946,C265BD4A69251774
8947,9095894A4B222EE6
8948,50DD4E1C09E7E9DD
8949,892F3F23BF19D700
8950,A0B49F818B1F6FA5
8951,B5863B3874BAD140
8952,9A199862BAD31210
8953,E0CFAB346074C1CA
8954,56BBCB5BFEBD7882
8955,6BBC8A64B5269BCC
8956,CE17D32B599573C9
8957,191D68109A9F2466
8958,9F6BA448D3D5E6C0
8959,ADF38A49A8394349
8960,1068D879005C0150
8961,9755246C61F99D66
8962,67F444A530AE5011
8963,82F5A301C7746961
8964,F519B327BF3BF391
8965,C20E1FF9EB633B12
8966,932EF7D585D5360A
8967,B68ECC7C136A19EE
8968,9D9CC05A53384A6A
8969,1CAF85ABA8E0AAC8
8970,C038AF52C3AC2E90
8971,B0E981E5CEEC3FC9
8972,10A006BFDCAE7921
8973,3069807916094FFA
8974,1AF2E97FA0CB8DDA
8975,1D091214B8C465BE
8976,7B7CE0B292434E72
8977,42F4A07B3F7678CD
8978,5FB5932738178F41
8979,54F7D74A9490D721
8980,AA1C794B307A574D
8981,B352F225B721EBD7
8982,F342C9FCE389E6F4
8983,F6F0984ACD39BD6E
8984,B21DF26C696FF8F5
8985,69D4E943616378B7
8986,F03CC651450F4DE6
8987,C20683597EF7FFAC
8988,8BE74C6FC3BA795C
8989,504B67D6E639796F
8990,3D61D83B4FEAD9DD
8991,1EB0565B573A4B31
8992,7A6AC5AE18956B67
8993,05C5E670B8B3B35C
8994,665D048676CC3DD8
8995,92F81B5D5F5EA75E
8996,7CBEE49C1E0B240E
8997,72594CFFBD7A2162
8998,CB4F46DE2999DF59
8999,0480CE24FD25360F
9000,22F6C32365F105BB
9001,6DAF3E886121E139
9002,97A8E410B65C562E
9003,E9A27CDF0EB9DE9E
9004,3B1CC8AFC52286B7
9005,3344790073BBA014
9006,38151A59077E28F2
9007,DA98B330EA0B4CAE
9008,4623183F91A3306D
9009,F1ECC2330FF82A53
9010,5A80DED828FF3C20
9011,D704C5B474F9E0FF
9012,D5CCD3108136D5FA
9013,B4792D82DD63F749
9014,93A5D5C4BBF5166D
9015,E182FD2E7FE81F46
9016,187003BDAE67D224
9017,FD640250AE8A5AB8
9018,A223C1162B35185C
9019,84EE9EE4432F046B
9020,B84798C1566DD3F2
9021,CDC78449D40A8B1C
9022,3D8BA31DA7BA80C5
9023,9689CB11D02AC442
9024,432A4EDDCCD74309
9025,1D66102DCD7F5D18
9026,E00E880348CDA37A
9027,25239A2CC00181F3
9028,B17F2A9C0679DDB0
9029,EA468DC9B3E4356F
9030,B70D567055C5E550
9031,C11CBC2AA2871679
9032,5539A30F68B8AA74
9033,89ACC662A41A2C52
9034,9D5F95B43C1905A5
9035,082F68E05E1FE379
9036,0E9EB6BE875DD89F
9037,41094FF368EDB347
9038,26B43EFB92185827
9039,48C2A4B402E8227C
9040,B98D98BDC3D24DE2
9041,D72778B8C909D7AA
9042,D5156FE29B2F0625
9043,96794A86AF2D6FA8
9044,BD193C80821B989D
9045,8B79F5505D8FC876
9046,A4B0EABA0C6CAB52
9047,D39527467B68178D
9048,957D81FE83519019
9049,68F2177F18C2E156
9050,6B35FF8DFB4023AC
9051,4370B9A77D15238E
9052,754FC8B88EB4103E
9053,436814C372F94C98
9054,2BB240F0CA870EF4
9055,260E5C8C2F2792CA
9056,A3DCAF6A4B212BF8
9057,9C9CC3BEDD44BEEB
9058,795D421D7E4CDEA8
9059,055238A14E4A54DA
9060,CD348A23057AE1D8
9061,179FD0E1A236FDB6
9062,F3DE2A218631986B
9063,126521DAA38F65BE
9064,9C148772CF74E9E2
9065,673F5AB21471578F
9066,B86AD7B2C283E828
9067,46F4B4DC8BB923A3
9068,3C33B8DC084D2574
9069,1D1AA80ABCD4C4C5
9070,57CA63918E966B28
9071,0D3E88EE2E538F6F
9072,FD164AD4A9C2E447
9073,67E404B42A356DA2
9074,07432AE7B2784FBF
9075,C913DE9FB72D5F71
9076,8D9EDD4787F6394B
9077,CAF828400286D939
9078,90C63BF28C3C8260
9079,77FE020FA9DBF0FB
9080,D69B47400AB5A1D1
9081,F94650D5ECF41639
9082,F5DC4ADD1A14A251
9083,04951E6465482069
9084,58D7A1C6A2F0E7CB
9085,5E260FC392F8F200
9086,DC0D3F67A1CACBB6
9087,C1A7AD4B914EE6C4
9088,72CA7F9EE84C59AF
9089,31DFF54F7C520488
9090,68F9F02C7E5BD4A9
9091,688F31749F197EF8
9092,4D314621CED83AE6
9093,2512AED8E7383F5C
9094,853965DB0393045F
9095,11947C0F6D8FE91F
9096,014AA5E9D5FA7769
9097,A6234535CA33135F
9098,426AB62AD3CB9278
9099,60B92D79B1C69B3E
9100,F578C94C085CCF81
9101,97371B6172814966
9102,CB85A6A861E6CE69
9103,B2C0E81BC3AB51CE
9104,A26E91AB5372B1CC
9105,BC6E936D177DF38E
9106,5AF7D150F202798C
9107,10C314188AE18E43
9108,EC604C1A44B6FB53
9109,8CAFCF6D248F3AB2
9110,875155CFAD8086D7
9111,DAEA359DD9DD5091
9112,D29D9D939E73840C
9113,FCAD424D45A97388
9114,0BB103CF769DF8DB
9115,839A22834C0E53B6
9116,AE98147819D5AFCD
9117,5EAFF3D99111F87D
9118,A6194502D7AC840C
9119,343E9F2F2AD5D32C
9120,24FC47F4937E29CE
9121,2EC2FB1609FF6E5A
9122,BA28BBBCA1E843F2
9123,B997DCF02D99129C
9124,D600DBF2DC3E0313
9125,1253DF61122DFD7A
9126,E88255CEA13B4C2C
9127,14ECBC8169A51B05
9128,7E0BDC98034D19A2
9129,AF49002236A19F20
9130,09B5A294D40D8CFE
9131,284CBFB5DF65B26B
9132,2DE2173CFFA02899
9133,02453E73095AE982
9134,0EAD45F736F2F97F
9135,7F3E5C977068BB76
9136,721D782561A22DCA
9137,7C7238D2F720739F
9138,FB5374B87C449267
9139,C13F91FA257A4F58
9140,0EABA778C82ADFFD
9141,E9DA0C0998C432BB
9142,DA479C1DDCED8DC5
9143,56179C2B10A6DB99
9144,7613A39D0F6FBD56
9145,2D434C0FA6170CBA
9146,BE796BBB82D36560
9147,8B43D44B2F1F1FFA
9148,CA1A9FF154F7CCA2
9149,FD2FF1EC88EDD2A3
9150,70A4B26D1454D541
9151,1E2F13797B98AD8B
9152,B9587FF7AD90A04A
9153,97E2F9EC2CF6B9F5
9154,E27FC819C00B29FB
9155,705D6C6E39FB5532
9156,E819C62C82E99C6A
9157,6F497DD2443FBED7
9158,9F50E8604F4DFBEF
9159,85A8960E70EB216B
9160,32E97EFB36036890
9161,C6A10416097D8EF9
9162,ACED0AEE2BE827B2
9163,7129D926ED1445B7
9164,C6356B2A03AA57D5
9165,561C02CBB4A5902D
9166,CA6E409496445054
9167,095E703BEC76F9B9
9168,F6F5299DBA0B44F7
9169,CC6DA24A7608C697
9170,66770F6C8030DADE
9171,BA4155DE61398A14
9172,6FACEABE181649ED
9173,D1AB5F6D8E811A9B
9174,2055FC608038A5DE
9175,2C997F0D0CF0DE5B
9176,8F0AA670303BBDD7
9177,6A380FCB68DB1DE8
9178,965D91AC1C4835C0
9179,66A21C6B50B68BD0
9180,D211618AFE710991
9181,C42DAFE1B436C6EA
9182,B7599F3774693B08
9183,B39930D6F3D0BEC9
9184,40C7F5DE7C5116CE
9185,2BCC6AA0FE6F9907
9186,33BACF9CA9292528
9187,F53548FBE4DA0AB1
9188,4FE087ADEFD8235E
9189,4D0D9EC8F8D39C0A
9190,CBAA77F564AC6E6B
9191,2F00572BF888847E
9192,A19ACF29FE874057
9193,0860AAC65375D3C7
9194,516814C1945AF8AC
9195,ADC79AD384F40142
9196,B6264D173D2AA45D
9197,8FF1F340DCCED976
9198,9DCAE0AC8BECAD4D
9199,0C30808885F1B44F
9200,A5B02BCAB9E4339D
9201,C1FB407D83FB860B
9202,04249C4349678B53
9203,83A6068CE27259C3
9204,526B4197D00BEAFA
9205,85062B1720F09C04
9206,467452CE379C32CF
9207,F7546C23D2065259
9208,C3470783F60E5399
9209,B945F25B8A046A30
9210,D5BFC20F9F1BB4E7
9211,7627CA9C7709B661
9212,D70652E0FB27EA32
9213,50B511BC53D95456
9214,9043C89A4A111753
9215,81F2652D1013CBF5
9216,FBD99A8FBAE9745D
9217,D4A6190F8DFD1540
9218,D9CBDCAD10F00224
9219,FAD06727EF2DD5F5
9220,AB33255E3DD3B3A8
9221,D0A7F4D0AAEF2799
9222,AD1DD82F223D0B46
9223,6EB462CFA8425CFA
9224,0314F090E31C287D
9225,6D40CA03797673FB
9226,0E5DB7AAC77CA903
9227,27D3DDB66567B695
9228,32D057EE026F1F59
9229,FAB51270A1989118
9230,17F1F88F1822A543
9231,D8AE9CA6273550E1
9232,D9FE32B008E9DA7E
9233,1D7F9E333CB8C001
9234,2CC0EBAE7D646B9A
9235,B99F845B10B23A4F
9236,75AB075CF5F79BE7
9237,DBDFC29F1504D964
9238,0C889D87C08332F1
9239,78794773E716DC34
9240,FDBD07BEF8D201D7
9241,BDF933EF8D906306
9242,505236CE965030AA
9243,C0EEA6536D25B6EB
9244,02DB930667A770D7
9245,3E40166A3FDDC37A
9246,0197C9DC3A7F6E9E
9247,FBA9ABBD57205A3D
9248,752F4D3B5159B788
9249,478B8206238DD2DF
9250,5EE156F4649E7407
9251,D463C9654A232C09
9252,5ADDDDED443C3A2D
9253,AD98C6EEA22687D0
9254,A6D261A33ACAC3A4
9255,DC4C15A90C22C69E
9256,4DC96B2D3490D64C
9257,ADE9D89E5382BE52
9258,06B6157ACB848C9F
9259,13EB68138A5DC5CA
9260,7D1CAF52338580B4
9261,5B507CC7E3F24A7A
9262,649C062292920ECC
9263,56DB99ABFEA7C5D2
9264,94014BC3FD281EAC
9265,71E8931AB066E862
9266,EA5E423D8CD99BC6
9267,7E6FE74AB2FA0F3F
9268,9A8D6E3AA205EA08
9269,31FC3EE47A3DE48A
9270,F2D5949DD0CBBE54
9271,FE63CCB4E7C37806
9272,D4D7667262BCF02A
9273,3852B794BBC33396
9274,7081C57DFC0EFFA7
9275,EAF5E7412D8E025C
9276,AB948FD71A933EAA
9277,CAE8AF924347D2F6
9278,22EA422DCA9C402C
9279,61AC6D7D62DB5B3B
9280,3BABB669A8002CF3
9281,272D481C8806B3C1
9282,987507B6C709738B
9283,F576F9821C2F3492
9284,F4CFBECB452806F5
9285,2A3C12A3A1F61CD2
9286,44D33A0D91DFF2DD
9287,EE5487B9106F3701
9288,73FBDFA9FE259387
9289,CB71FC59C94010E0
9290,5B13A2178BD2A54F
9291,F62247CDD101D0E2
9292,3D03BCC143AAC821
9293,447AB7AAF675FBB4
9294,525A17150D8F7E74
9295,6610499C73D63A30
9296,7C80EB683C990713
9297,C6C4A7B982FE929D
9298,857E681882823AEE
9299,3A5ADD850AB77D7F
9300,1B51FCF9C546F831
9301,9E06665D442C840E
9302,6973EA6BE712E9A6
9303,2528C7F06CA06F79
9304,ECD5731996C1CFB2
9305,03530759BDC3901D
9306,6CC5C5F58AEC9939
9307,6FC0E47E51EA0858
9308,EED559EDAE726BC0
9309,19A623563F955F93
9310,60EA7245FC18225B
9311,755B3EDF0DB2FA1C
9312,B12C4B398F55F0B0
9313,6D71F5764C47A09A
9314,CE2F3F493FAEB026
9315,B642A57CC0A7BF68
9316,AE5A33DE623EC9CF
9317,E97244963FAF7016
9318,A0D5D33D25EB842E
9319,DA19EA4C5E43E182
9320,64066DC4A29842E0
9321,178DB61AB3C288ED
9322,59C10D8B3F91683A
9323,E2CA1428250DD14E
9324,F50D226A04D2FF0F
9325,7AED46C75DA9A865
9326,61B23344AD693BA2
9327,7A22C42EDC5C6642
9328,D57F76474078D1AA
9329,AF0D29615BD088AC
9330,A932A4D3C90FCA7B
9331,51DF9618D2567194
9332,E07F4F839A61451A
9333,F2710742F2472070
9334,DC84FEB168087DAE
9335,3C80248AEAB3AE11
9336,CF602DD5E263C94A
9337,6A3946AC2E3CC8AB
9338,E0D6149AD5830092
9339,8192F518D2EB057D
9340,66DD41BEDBD55D95
9341,D1477D34A752688F
9342,09D5046E1C9F890D
9343,1BA7D1A4481C8992
9344,F876768F1348699D
9345,3EE001809B97BD6A
9346,39597E0E99747883
9347,1265F8C803417789
9348,1B4DBDFB336A3DE3
9349,3D5AAAC66CD472AC
9350,63341706C8328815
9351,01F77191816A0434
9352,9B5192001A8A1D6D
9353,EDF4EC8EE53475D1
9354,324FB149DB63B87D
9355,BBCDA59E7BA3FA12
9356,C3E685D29A1ACC46
9357,F24D580EDB1675D4
9358,FC5A510BBC6A56B6
9359,1A6D72BB79378B53
9360,57A653FBFE4CE4C3
9361,EBFE0C7A9CC70BBB
9362,67423BCA96F793EE
9363,AD772B0ED3A0CD33
9364,796859AD4B155839
9365,0EA9A323B0B2D697
9366,B60F034FA4B9B54C
9367,9F1907BF9090A31C
9368,8291ED627CB9B738
9369,B5CDCAA1DB518350
9370,383BD2ADCFA80E36
9371,9F056F8D57449E28
9372,85FDE6B8D3B400FA
9373,CE318877C2B8475E
9374,C40546B7E5FAB40C
9375,0AD7B37AEA17B1D5
9376,9A739C5316BCDDAE
9377,51808640BB36F2A1
9378,5A4EE45BB00ED804
9379,BA5507EA1298960E
9380,01FD73AA8EF0F643
9381,D673F54BEB8FBF93
9382,3F1C343B973EC708
9383,17794837EA855B04
9384,C5ACE169CDB4000E
9385,07146F023F09CF1C
9386,A2F130BA72CF6432
9387,A9A2D292AB1993F4
9388,9DEC714A5F7D7FDF
9389,9A9518D1B6BBB229
9390,272ED43563CBB5FB
9391,098F68573DAE06E7
9392,6A65FC0BA92169E5
9393,09271C7C3037D2F2
9394,A6A701B807B3E534
9395,438CDD6FE7E1E075
9396,BE8035BB362C545E
9397,CB904B2465D300A5
9398,10F41887CB749AD8
9399,E677EC1113B3EE43
9400,2190E0598A6E988D
9401,5260FF03F63CDBFA
9402,338C4AB2589A78DE
9403,24FB26DF8C0AFBAE
9404,BE21416A18C82FDB
9405,30282E28183303A3
9406,B56C4E0D3796E0CC
9407,EC25C90FFE183230
9408,FAFF4BBC671F9907
9409,70898818066820BA
9410,5341AF98533DEA4F
9411,715995E7B57D5ECD
9412,8C1C78C6D9B1BE05
9413,47484DE6C3574325
9414,955C5B615F471FA5
9415,F2F587D2DAF62DBF
9416,6BA469E4989744B9
9417,BD2B53351CC2B860
9418,D6A85375BCEC5828
9419,E2102719975A1CB4
9420,121C0718CE833688
9421,44C7C27A888FDA9E
9422,0AFD59F15AF9AC18
9423,CDEF75FC7182BB11
9424,5D7A0A7B1FF6D3A4
9425,18F2E7301AA226AA
9426,AF7CA11DA824DF3E
9427,60FDE1196CE4BA69
9428,FF6F1387C3C83B67
9429,2B0B37915D5BDC38
9430,555E36B1A6FA9BE2
9431,6677B6BAD01EE09C
9432,9E67C99F1A339FB7
9433,394A137F1BDE8C8F
9434,F2E9F806118AF71D
9435,15E637B33058C65D
9436,CFFC4F80EC340C45
9437,C37DE0127BBDE2FC
9438,8ED45E0DE8F38C98
9439,DFBAD8AA1BFA70A3
9440,390B6E7E52AF188E
9441,D3232312AE6E5B13
9442,04F232DC1249A430
9443,D49A4C3024DAAA5C
9444,83D30CC0DF8AF72B
9445,112F7025D1897C09
9446,C6FE66A05839A156
9447,8067778B725F7217
9448,7BD14823069AB7B9
9449,2D5CCCCDCF27D60E
9450,65F091E3A31D2F1A
9451,25D2DF1DECE99B7D
9452,CDAF63F1B0237877
9453,955BF3B278F32451
9454,46AE752298662798
9455,331153D7FA2BD962
9456,117BA42D87494CDF
9457,A66CDE9996A43C0E
9458,0145C8B2FBAF5F07
9459,F00AC64B8BC2C805
9460,2DB7CE1B41AE4D18
9461,6DEDD8B42E923745
9462,FED52A94512466D3
9463,9252D2ABE7613906
9464,476E070C9211D5CD
9465,3CE828FBFF174A1A
9466,759D7BF2A9513748
9467,E88FEFDC56C37500
9468,6C187F36ECB18ED0
9469,CA36EFE787E2B942
9470,EC7D65200B0847A9
9471,6CCB6FE96EA5B3EC
9472,CCA74499492960A1
9473,90EE78094E2EC217
9474,BB94400C38496268
9475,AF5DD2735E927AF8
9476,4B704FF0B0F6DC60
9477,F91B9C71866B3CF3
9478,EB262A429AA425DB
9479,DD2C4BEE7A64C9C4
9480,4139F114A7011093
9481,5F02A90F7E23D3F7
9482,D1EA937AF94DD10D
9483,5651E4262B858C9F
9484,323F68A09559599C
9485,63D02B6E379B2D1A
9486,DEF660E7A9BD030C
9487,986023C5DBAE1AD3
9488,BDA89AFFFE114C8B
9489,8E716769EA57AB9E
9490,079679235D4FB293
9491,EAE2A54EAB9779A5
9492,CA6B3279C68C6356
9493,906D9AF5A85CEC6B
9494,AD4FC116708F7E12
9495,7AC9A6587C129903
9496,1F15E98796208219
9497,6DC6B88D74BAB411
9498,8CD9FA55927F7128
9499,13340279C3934232
9500,EB57654FF2F4F315
9501,2480DDE7509E195A
9502,5D357B1464152F0A
9503,D0E66DF684BCF469
9504,AE9C43FF1FA7F374
9505,1E8B33BC08789AD3
9506,267B85A18761E8CE
9507,685D82E2726E0285
9508,694194F55FD6F6D6
9509,6278559C0F63BAE4
9510,65181C361AF825D8
9511,B4DA8B710C19892B
9512,66CB8FD272EF3C35
9513,1AC14586F6721ED4
9514,3910D68A45A6A528
9515,54CF1A9FF8CF8586
9516,5B2C18BC6F0DF87F
9517,7E6586EA0AB3B8F7
9518,EF224DDB292F80ED
9519,6330290A837B57D3
9520,51AF51B9876A9AA1
9521,D7A496019369CC5E
9522,F7DE717C39FB551D
9523,383C6866694BDCFA
9524,475B9077B2C969D1
9525,8A024683F31E7748
9526,BAE775F66B1D3980
9527,331A52C7315FB2A6
9528,8EB737C4CBAADEB5
9529,E2B6280F929FC89F
9530,6BA18D3DA892FD29
9531,09A2F5572D61445D
9532,7F2FC79D825F3512
9533,81A51954BC619602
9534,933221B8BD3998C2
9535,C65E2EBEE42FC3D5
9536,C2EE6A7BBB95EC49
9537,71398A6429C506C5
9538,A924BEC7AD5DF52D
9539,9A71C985781406B5
9540,EC922FF1222C3F70
9541,99C314CA2F0485DB
9542,4985024CC9E5C1CC
9543,334627890EE2368E
9544,DDF862D0828DC538
9545,F2625E1843B9613F
9546,B8924A0DB07393DC
9547,A49DC93AF72B2F14
9548,35B957E789DD1D98
9549,FDAC098A71A473E0
9550,275BB2FA560F8C2B
9551,6B28EEF69792A074
9552,B3F0C6C895735B49
9553,6CA03A8915A9336B
9554,519597C588047CEE
9555,6ECC0646CE3652D1
9556,23116FCFD743B2A6
9557,87F13647BDA45E83
9558,0582017B46552FF1
9559,8EA36E4007946F81
9560,5ED9065DD967D254
9561,AF13324D21669832
9562,25339D2CBDB6C9ED
9563,E77418B9D3E0A2B2
9564,27681FC28BACB975
9565,388FD0990CF07C9E
9566,780BDE190FC8CDB1
9567,3CC0F4D5D7039A14
9568,B23C8934D6E8DCE5
9569,8C227F878CA2C96E
9570,13BF3F0536E21092
9571,BE8EA746F4544C64
9572,071E166B908C45BA
9573,15702BCAE93E5CD9
9574,B0FB5922FB3EDC0E
9575,41F848C35E7CFFE7
9576,9E38DF561FB0BDFD
9577,C5E715A4C91BC269
9578,85602E06FCC7EDC0
9579,01CD7CBE9B616F07
9580,4F842923662D18EF
9581,63FA8464EB3CCE0D
9582,15905019B7182853
9583,C3AFF8A39FBE6DBB
9584,3C56D649A9E22DBC
9585,8C8764C76B9ABF72
9586,6C1342A0D96385A8
9587,2B4EE4D192087137
9588,A1F4CD17835DAFFC
9589,6B654DFA927DB393
9590,C9AC37A3C0C61EA5
9591,22E50E311BFC3505
9592,FF59A31C6323CDC7
9593,22A683E1093AB0E7
9594,8887DC68B73569F7
9595,F038DBA3A1D82D2C
9596,DEB3AA2765728682
9597,42DFC29CF1F9A564
9598,C9CF4D56B8DF4853
9599,42E7D85D992A2E71
9600,FC5A8A850C555A20
9601,D6C4D87A4E5CE543
9602,B19CF79DB1F6858B
9603,17E6794A654206C7
9604,362F3353EDBAB3FF
9605,A3F407194BB10166
9606,727F05B7CC0433AB
9607,9B9152E7630FA7C3
9608,F7B4A8744D8D9D1E
9609,8629DD9B60B46409
9610,092F94637C08F8B0
9611,5D3D8C9778B2EE84
9612,847B336A29AE569E
9613,862B4269B85F70EC
9614,86E82B026E56C0E0
9615,A0DBA04EEC855F6D
9616,2462272C73C6D235
9617,CCB5732E539BC4BE
9618,C4E2612837083B46
9619,517A232BE2E9871C
9620,47DC74A690EFD468
9621,4A97D9D8582AA5A1
9622,EE7494D0B80F3A6A
9623,89C421720B615291
9624,F49C3BC24EE8995B
9625,05CBE4495A7D49D5
9626,763DE2B1E09C20DB
9627,150E0A1D2C6549BF
9628,AC3C88AC5867EA4F
9629,FFEABDA5EF5AF0C6
9630,CC7590B72948BFA7
9631,61339D73ADFAB422
9632,9BC8FF52650155E4
9633,34367B581FBFABFD
9634,B78272649AC849C8
9635,F42E5639EE68351C
9636,6BD2EF7DEB6BBD17
9637,D006A026982DFFFB
9638,649D1CD0B9D42D32
9639,3507D9F378E19B30
9640,E5C4865701E85D46
9641,047B85116EB9D944
9642,51B9823F6D6586F6
9643,5DEBBB4BFAAF4CC2
9644,665C90B2A2701EFF
9645,014B651C3B72AA2C
9646,A4CD070010FA676D
9647,485C3615AE9D8723
9648,374FA6A9D8CF3232
9649,D330EACB2210EF1E
9650,CC8192E12D8B5ECF
9651,6B4277E08BF2470D
9652,8945B9EED7186ECE
9653,AB167FFA05EC78CC
9654,0B0B3D0717993B56
9655,D9FAB22F72E490CA
9656,8C07C057EF9A4E60
9657,8E312B6FA7A43F6A
9658,1E86E717182F6309
9659,2BC15035893ED6F8
9660,CDE39293E8B486F4
9661,AC815EE65A35D3D3
9662,F86D37ACCD4E63D1
9663,EE65EF7833A49CF8
9664,69E60490BA54B858
9665,5F63036B1C0BD197
9666,1B376A4B992BD189
9667,1BF543D2DB641261
9668,D76F296ED483A237
9669,77EEF5D9E6C76CCF
9670,6EFF3C34C35C6443
9671,2B55CF719D2364FB
9672,7A366CEC387C328E
9673,09CE0F7A06EF165F
9674,A65A71E11DEB926D
9675,CC76B5E4C2ADED71
9676,68BE307D3ECEF223
9677,8A9392EB904AFCC2
9678,43B05F65225BBA21
9679,92ABBCF51B0EAADC
9680,EBD412A4C0599328
9681,E4D17AF196D526AB
9682,AC7831054B3140F8
9683,4C82FE02FE8D9DE6
9684,47A275DAE0E42A32
9685,4DC00AB85C6F30CF
9686,7451F36D0928EFB7
9687,1D80F2BCDA68D3CB
9688,3CC0104A094BA75E
9689,396FAC97DCB0C235
9690,0B96EBFE0DD0E524
9691,F6ABB56F3181CA46
9692,EAC117A1C93FB3CE
9693,1FE3D2A108397572
9694,51B855622F93C2E4
9695,6A6A136CCE3DEA76
9696,938E66D57A60FC8C
9697,280E9F32692BF213
9698,F91ED32E8157CC91
9699,0DFA7C89D1216F0C
9700,8EC0B615657E8ED7
9701,C0E83FEE76380058
9702,85859B5DDDCA1FC1
9703,42D017759D34A582
9704,869F9CF6F218E1FD
9705,8A48AD4BBC5F4B85
9706,557A7733D18E2FCC
9707,08BE25661BC4A8DD
9708,BAA1C434A50EC8F8
9709,603F6DCC751BBBF8
9710,CAA81395CE9EFCAA
9711,43877922E055E046
9712,19BB190880C078D2
9713,B2C36415D47DFDD5
9714,57326990BC87DAF1
9715,EDA3F5C0FABC6E45
9716,32A559DC445F98E3
9717,0157BEE8383510B1
9718,E7B3C1E26B226BB7
9719,09404F5DF1B2AEF7
9720,A37DC00E9814D912
9721,2F7A4F2A72770487
9722,1CA371D9B88B656A
9723,C37D45741C097C64
9724,1D99541315DA5A14
9725,F2481D48102318B9
9726,E28A9BC58F01E305
9727,9FB49ECE321ED87E
9728,A6A90C332BE28DF3
9729,A9786159BF0DF796
9730,B5948BAAC78C7C5E
9731,ADEE4211A9779A22
9732,F4A1E9A5BF6DA62B
9733,0AB696179B5E31DA
9734,5BC72AF5A52E4F63
9735,89FBE8CC2D7EE387
9736,5E07D67039E09344
9737,2AA7F555EBB05C9B
9738,DC714A091FCA5959
9739,B25C480DB626E720
9740,1D2ECBC7D3C5B5D1
9741,94870E08E9C2CDAF
9742,DAFCD2C5F8ADC9FB
9743,C9E0E6BAF6F24F81
9744,74AD2AB7E4CE189A
9745,5F06F6897B993BDE
9746,93E5D01549DC9F18
9747,4190C0165C314C9B
9748,02F16B12ED1EB846
9749,447E86A36E682E94
9750,DE74CAB706AA7948
9751,483E098BBBA01EDE
9752,659F73662BFC300D
9753,4A11EB693B4090C6
9754,51E3550DF3BC8765
9755,7D403CDA34A56C5B
9756,37A227653A525879
9757,3F31D1A5C809DBD6
9758,5B425C4F57A04A11
9759,CBA8DDBE3256DC78
9760,757F0D7FFA10AFBB
9761,AD2D30EFC278AD11
9762,8DB8EF604E46DE53
9763,7E472581EBAE8474
9764,0B75A57C9AF14D50
9765,AE4A58020A92A6F4
9766,A2854BDD9CDDDB73
9767,D132B10F7B036CC4
9768,63E768B44E4FCB19
9769,8CD828A67BAFBD95
9770,1F7CC3BCCB1E57B2
9771,977E19DC6FC82757
9772,9FE5A1EF099AF4DC
9773,8EF7B696DA927844
9774,BCFE9CC1D1B8AC0D
9775,3DE282CAB3C4EA83
9776,E28A4262E0EB2FA7
9777,50FAF0E813639434
9778,EE1CD724E610E08D
9779,A3F5058FDCC827CB
9780,91B928747E1A6E4A
9781,8C33BE34B5411AE4
9782,0FC21387FE9CD506
9783,1F0A0C512752D50B
9784,79D397EEE201C4AD
9785,CBEAF97D7DDCA7D0
9786,FDD7CB0138C96300
9787,756EFA3626096CC6
9788,684389D36B398D6B
9789,60DB282E7586CCC2
9790,AB3DD1D61DE079FC
9791,814DEE49156E8EB8
9792,FF36F9693FB3E879
9793,4B77DACECA556534
9794,CE035ABFB0689102
9795,A8E9FEB19589F87B
9796,4CFEE137760023A6
9797,0A935675454099D1
9798,0CDC3069E286F4AD
9799,59CA63A7A39F0729
9800,572491E39A6B97D7
9801,1BD21D64D2F97378
9802,05AFC498DCADA611
9803,3992611218216C71
9804,51BA94F6EBBC6E27
9805,DFD7CD4A5E29D369
9806,0F371058721957D2
9807,0015C2D2CA3ECED4
9808,D63226EB059074FC
9809,EEB021F26051D63C
9810,DB9972AC02163266
9811,D1E03EC21D515A1B
9812,1BB06533E373E122
9813,D3BB329DBAF01959
9814,4A6485AD737B98DC
9815,98409421876F458B
9816,085D14348F89842D
9817,B3AE43962920025A
9818,AAE606722401C022
9819,5B6E35479FCC0388
9820,4114934CF3A3A761
9821,FB329A323F9407D1
9822,8CADA96A9E61A350
9823,986780B05A0B702C
9824,4A7F2EC6B4C34FE6
9825,DCCD0AB1E2B3CA84
9826,89E6B0A88B4C7C7B
9827,EE5E1E0C2DB08F7A
9828,0B8F9C1993E5C191
9829,19CA04476E3EECB4
9830,00BC660B11769043
9831,2CE832803F5DAAF8
9832,53318F809890401E
9833,DB6F9211D26D4416
9834,4ED3E3107516A1E7
9835,C61016218FE5CE0B
9836,2AA82F509F91E005
9837,E6FC2C1A08E7B77A
9838,E32C75CE5D469844
9839,AE5601943094528B
9840,B04454701B5B16AF
9841,B4FAE94E878FCD77
9842,F332A7055E080DA7
9843,472C71CDA798D552
9844,17D2163154F18295
9845,A34D0A0F93004A19
9846,0FA6E0B547A70220
9847,84F4FED684A01E0A
9848,CFF5F54E8F2A88FB
9849,8523D5C1D84F4560
9850,01AE6A5C65A83B02
9851,7D6BB3A35382D668
9852,B3803CE0A7DFBECC
9853,1EDC87C82247180E
9854,7108C946D5784AC1
9855,64F408E0D6730F28
9856,BE14A9B0CE2E713E
9857,81D86B4E88679E59
9858,343C52917D881E65
9859,607BD3E39EB578D9
9860,EB6AA91CB8D224D0
9861,CB08F6B3A417ED76
9862,5495B98067F3AF3D
9863,BE6602FDA2123B78
9864,06D04E76AE5CC5EA
9865,5A07CBA492B3B380
9866,C8F29CF0A16AFCC8
9867,E58BFE965A0B881D
9868,5063710C43E7F4DF
9869,64BC045D60B1C454
9870,AA7211AD5C8BEA7E
9871,E328672D5505D0F6
9872,2A76B3692787F5DF
9873,D2B25779AE64A7DD
9874,13E099256F581DAA
9875,006828070BD263A1
9876,0F0332CA03AF4003
9877,0F913BD03D3A2B89
9878,0B00BF968EDDA370
9879,DA2FB98B821806C4
9880,D0DEB4D15B668212
9881,71FF28BB3A05D071
9882,0F64493F51915B59
9883,495E913D0CC0EC65
9884,57971ABA9D2FEB4A
9885,18FA091AD8BAA84D
9886,AC5E1CCC20118FC4
9887,9A1580367ED367D9
9888,CC2FB273A7BAC6A0
9889,86FF8941C168354C
9890,FADB65E8A314F2F6
9891,14AAA7999D719253
9892,4EDB0B203BD6F91D
9893,7B1B8C27E3DF14AD
9894,520857B99F3812F5
9895,55519579B7DA33BF
9896,5C6E2792D7564FBA
9897,A197308829E0E488
9898,7ED3A96AB6658C7D
9899,6FCEBC564A050209
9900,127E76554672AD7C
9901,23F97B0041C310BE
9902,2FA8B50FC4817F00
9903,FF4AFAFCEA68BC8A
9904,67E78D8C38AC5A2D
9905,9A1B16F3E4317015
9906,DE8414E57B75AF63
9907,00A4503396C19469
9908,E6852D7A384FF9D0
9909,496A52F18CC30A63
9910,6E3429F0A33DC505
9911,5D65DD48C66073F3
9912,BE4E0AA738C04519
9913,AACC694B3367D989
9914,7DCFEF19380C0FDB
9915,FC164E8C2197F670
9916,63F3F2D726A0A29D
9917,E30A70A0BBFBFA33
9918,87490989739B997E
9919,89326D84E5BAC8F8
9920,7FB33A6FF3DD790D
9921,3A87FB7F080C72C4
9922,BD1718C67E3106F9
9923,249F2BCAA8A801A8
9924,FCB9350F341A4A41
9925,53AF322CB554EBA7
9926,A215B57655678115
9927,87FEA2C82E461407
9928,C92589752F2D72D5
9929,680FB1E4545C51C1
9930,42DD97BC7E7BF61F
9931,08792EA5C215FD43
9932,9A342E68216ABEAF
9933,9A3F0BF594011F36
9934,D2FEB9603007C204
9935,14B0EF854DD9E6D8
9936,23D0529FC6B10614
9937,5086F2F97880407F
9938,D05ACC39C53F8AA4
9939,F5F450310F29DE04
9940,8823239800EBD7B8
9941,07946BA6170C4F2B
9942,E629EA2C7C403BCF
9943,4E533E271E823CFE
9944,6A98FE4CA0D9D3E8
9945,B6A8FF22441DE77C
9946,803C68D9E406CE03
9947,02CB8857EB9350AD
9948,48ECB037C14D8CD2
9949,65E938489FECA295
9950,1507836C22A06D5C
9951,652BF2151860B989
9952,6CB1D7DF6594C292
9953,4369A030942A5FCD
9954,4BE6DB262A81D097
9955,4BFD3C5F321EFA7A
9956,E5E1C0F15ADBFDB3
9957,8D8F90720F6FC577
9958,A9C1B662DE0B817B
9959,5A8007E5908682BB
9960,5E35B302AF84B6C4
9961,58BA9BE20A661E3D
9962,A5F8366A55C3145A
9963,D5D39E7B784DC0BA
9964,845A028DFB021893
9965,E88E418B9E11AE45
9966,87729A00CEBB87F9
9967,0AEEEE3B418B7F16
9968,E866B05BEF9DC4C6
9969,BC32E5C4C9BFD17E
9970,5803213B40336805
9971,2EC1C7428D790C2E
9972,F4DAC5AAF34BF83F
9973,0706D69A7C310C69
9974,4746B7C518808969
9975,56733BFA4AD2C2C3
9976,78D654A8EFBF9FC4
9977,AA94B930A3C7014D
9978,B89A25A1DEC93031
9979,3602D2315A0A4D0C
9980,A5ADEF33E134B213
9981,7D15E2056B2A8873
9982,BEFD4C653199DA46
9983,1656BB8250808796
9984,A3A29AD7255B694C
9985,69C6F829F87F1148
9986,85614083AD874C55
9987,8AF163B1E1198F84
9988,AE4A8B24AE0CA784
9989,F5302465D767CF91
9990,FC0323ACC579D336
9991,65FE2FA3E31B19A4
9992,228AD4989174E106
9993,F7A781C3A4FED8B2
9994,B68A73C5297C3A9C
9995,285F5ECA4F75B7F1
9996,BF875250C7F84CD0
9997,4D91D7A195063183
9998,A5FE2A60C246DA20
9999,BA4683323DDC08A6
10000,36B00B7DAAC2FC40
10001,215E88CE4B4EDAE7
10002,D0A56BC336951FA8
10003,23FF25775ACC3AA5
10004,AF02A67D93C0B96D
10005,455E9CF24F916CA1
10006,1DFC48BD3BC1B5B8
10007,A6E9A4E34E8A2ADC
10008,1C6D469D63546A25
10009,78B94B9101600131
10010,5F5F0E98DA48670D
10011,543B3847A03C1F40
10012,3BCEA916D0CE732F
10013,EB23D965F0781C38
10014,4445486EA3B1A7D4
10015,3A21D295A64AF33F
10016,D554158F3A718949
10017,517DF6B83E37C306
10018,70B503D5E312F488
10019,442706E0FBB71217
10020,D29BFF4111A8847D
10021,B4A0DD3A89764B4A
10022,8E8BC260BCC97095
10023,D25FA249C5E07D7A
10024,9EB99FFE9FCA0631
10025,6FB60C9032369A47
10026,AFD2FF562DC797A2
10027,B6EA8D2113DB52AB
10028,6B3FADC1CC095418
10029,9DBEACEEC6466FBD
10030,F64A72B5567D7868
10031,805CC4CEBDBC007E
10032,73588B732AF6BA67
10033,A4C93BA8C4C11CA3
10034,49554AE1573B944F
10035,D60EB308F2ED143C
10036,21B53227BDB48D44
10037,234A62DEA9ADC340
10038,DA406F708F5FBAE8
10039,CB88737210133658
10040,C5FAE2C47DCDBBBE
10041,4808B29E554E98E7
10042,A47B642A2B033515
10043,B48A06400EB9A9E0
10044,115FFE9BBB5F2413
10045,2E7C723609F9FCC0
10046,BC1500BD755DB873
10047,CE4196A5880AD587
10048,016269AD80003825
10049,DFF015B8799D35D4
10050,7097EEF86E9EFEFD
10051,46170E0C69D6707D
10052,8F989D7E84F66949
10053,6659A7532C5270EC
10054,12FA20437AF28775
10055,6FDAC854AE87B5EE
10056,D83C4E7D5D151334
10057,F9AD0D29FCA2B1EE
10058,6EBD58C694650A11
10059,7BE5383CCF82A66D
10060,354AB59A90ECAEF0
10061,302440B8A27454D5
10062,38F7593BB0B71B6E
10063,8185D6777F387E13
10064,0165294BE0A6F9E0
10065,C50330EBC46A90CF
10066,387C1A6AB8DFAEF8
10067,6314792D83D1777C
10068,A060E2F29BC09022
10069,830FE59C0080AE76
10070,84DCD776A68584D7
10071,68F561D726D27DF1
10072,A1F2F11D175B35F2
10073,DE80D99F64B0521F
10074,0102AF321AA96264
10075,620CC5081F0D4107
10076,1E1E51F0C3A764F2
10077,D8D003DB8A941EC0
10078,61C2C62AC49B695A
10079,7AD30914A12DB06B
10080,9DAE74A8A44E21DF
10081,A1B9BBCE428B2397
10082,221694DE9799B598
10083,B022EBE4B36361D4
10084,FD786DDB28E33F6D
10085,707D890D7B980DBE
10086,5BBFEE09EC7F7323
10087,3009DF283419ACC5
10088,E5FE394D1B584341
10089,9948604683B958C9
10090,A97C519F9CF95661
10091,552D2C2FB26DB1D1
10092,CF9113ABDF54162E
10093,9892C5024E4A606E
10094,86F2E01879931D68
10095,29A98EABD58040EB
10096,325A80EDF0DBFD22
10097,BC1B6243654E5FF6
10098,5A54ECD82AB90B84
10099,80D6B65B58A2F6FA
10100,C5E2F711C4692200
10101,939C5D1D532F97FC
10102,9010C3E84F30983C
10103,7C86DD97EA743496
10104,02E43577BAAEDCAD
10105,54CEC08768CB383F
10106,63DDF5EB1B3ABC7C
10107,746D754B996B1F91
10108,D981D8025545FC90
10109,BE8DD59A5E6E84D8
10110,E2649A8251A80EDF
10111,2F06149C4FDA43F6
10112,503886A9F644EBBF
10113,5170B6E7F9D0DE7B
10114,8776C9A464A6DE3C
10115,0091F7FD43F66B7A
10116,75E7FA6403B71606
10117,E1A6CEDAC9F9065D
10118,D3759B0EFE38DEB1
10119,A932A61BF6A348A4
10120,563623E1790CE7A5
10121,084A71E1FD5F8C7A
10122,B489B31605EFA8EA
10123,1FA919D5F34C9713
10124,993F6E4A7A36FAA1
10125,2E00A23B9E43DC79
10126,A04BEA53888FE8F9
10127,BC4383660649B91E
10128,762CAF4B76F4AEE5
10129,184A423F8DE2C687
10130,20C7A8EAF62C544D
10131,498DDE47275FCC8F
10132,7A28B603FC49A9C9
10133,F1D91D6FBE0339F4
10134,02932BBA44EAA22B
10135,C5AFDFCE88B9C70C
10136,F5D54C8E3C7DC988
10137,29BB2A15FB3511A2
10138,F9114B298E155336
10139,F01AB9F4D7EE71D6
10140,2F6FD2882488280C
10141,D7193DACBCD03EEE
10142,704BE330EE03A1B5
10143,44AAAC753C698FE9
10144,E1C25F39209C9503
10145,2F482DCB1BFD47B5
10146,59B8731E7EC9923B
10147,C20B51E0235CE7EA
10148,4C15A77BBD3B32B7
10149,92B3B75533568368
10150,7BFBC1BAF4FED969
10151,164BA88F8B8607EE
10152,4C425226B02D903D
10153,7A62D039B066ECDA
10154,A8E27933CCCE4375
10155,A8238B0A0CD7B682
10156,9551EB6B3DB30AC4
10157,DB2CF7509D31A8C3
10158,90AEBB9415F5F1CE
10159,50066C27E7C7362D
10160,D8C429FC70D1B675
10161,6AAD42C90EE994E5
10162,D349F8BC4BBAE165
10163,89F5870F14A0FF49
10164,EF669526B0CB40D2
10165,F543A11AD3EF901B
10166,F3D68EA28319B7C3
10167,52C3A55153E50622
10168,0D8AD69BD7E68DB3
10169,6EE808F296B9E7E1
10170,382EAB716BEE62EB
10171,E351B48BC201D609
10172,B8B703672E22DBA9
10173,480D168BB9A4BF21
10174,3F14FE8D8393C7B4
10175,119F7CC3C7C6F8C6
10176,3998D1E311966AFC
10177,75E03F565DAB523B
10178,18764BDC0E4E75C1
10179,8B456861DD5829D2
10180,B2B15B635B9C1129
10181,16BB62D0B679BC0C
10182,B87123D8A2FCE608
10183,0B05E0AB9C46F05C
10184,0742805ABFAA57E9
10185,2E93C800344F260E
10186,01318694BD87D94E
10187,55BCEEB4942B4F1C
10188,6BF1BA9CB9AB051D
10189,21205FE5E412C65E
10190,6556A29AB75976C4
10191,A307C8BDCEC1A4EB
10192,A871DEC36477BD63
10193,F7C19CBDCE578566
10194,61A94C7D6ABB055D
10195,D9736111398AA90F
10196,557F6A95767F0846
10197,1076D7FB7B0B0BA0
10198,C520B6A7BA3CC889
10199,1D3E21561B655F96
10200,6E506B2453CDA300
10201,94C452438C227389
10202,409C158521DEDC7C
10203,86F68D68167BCEAF
10204,6789A5747C19C680
10205,F4EE04678F5429A3
10206,92AD9A06DD271D34
10207,6CDFDC4CB1CE21B7
10208,790F26560C356964
10209,C63DDACB860BBE0E
10210,62325107257E9F70
10211,CCC6E3A0E0D1DBD9
10212,A05767081EB07681
10213,83C13526C5F0940E
10214,853A42B8F784897F
10215,909BF2D32C298C11
10216,573468F8C6E3938C
10217,26D4DCB811E4A81A
10218,BAB79672D43A6E90
10219,3ACCE138A0DC8D34
10220,FFA12D0E1B42232A
10221,F26B838F2D8E12C6
10222,6C5FC6DA6FBDD469
10223,CCB79543CDCA0F87
10224,E89D5E4BAC5A2EF1
10225,56EA1D87F8234C99
10226,A65DB30DEFD37338
10227,27F583F6B0131509
10228,E6FE72C63A47F42C
10229,22EEC257F0296472
10230,3FF8F9B610982956
10231,978B95501BB58ED9
10232,DEC129982CDA9D2D
10233,4488B0536F84B977
10234,A1DA93F0049D3C6D
10235,CDED84439F7E5F41
10236,37F09DA87500E955
10237,A588A9E9F73EE2EC
10238,391F1EC0243042DC
10239,04923085303081F5
10240,B0993D0F4A2BE9D3
10241,D6747611E8BCBDD3
10242,2B4E07178BDB59BB
10243,00B81FBB018257F2
10244,DCCD4CA347C7FCD1
10245,D347505CB234DD54
10246,6D7C18FB798B23DA
10247,DC06DA4259A1DF03
10248,A1468AAAB66BBE36
10249,D0094236694124BF
10250,8EC3787595D1E39A
10251,77D096114B35CC2C
10252,2DA26EDF6E098544
10253,005D19510902534A
10254,D68C26F4F31DFA4A
10255,71340DCDE40D21F7
10256,BD1AAF829E00C067
10257,C55A67FD539E5A63
10258,D0157F7C439460A9
10259,9A47C0507AA96A8B
10260,EA7D1C95870E1AF0
10261,471B3655803C3ECD
10262,EF4425B9B706E625
10263,B85D35F006682EFB
10264,E7AF09F98D5DECBE
10265,1C938AEFA534F5F4
10266,E9EC20B2D69174F0
10267,20BA74210BD0F6D6
10268,CEC0B08B731D31CC
10269,312DD5363D9916F7
10270,DBCF0F72BF55ECFB
10271,802EEEC3801283AE
10272,EAF23AAB55132970
10273,5FE26A00ACEEF700
10274,411F7145C71AD0DC
10275,8EBCAD46DFD61FB6
10276,393A00EE51E526FA
10277,D034469B280CFC36
10278,8F099AA53997B185
10279,19C0F7E2B05AA363
10280,53984AE29B6D2863
10281,8761FAC00B7D0FD5
10282,9CDF6796C22B090C
10283,FDA13F69257CF9E5
10284,A1558E7A7253286E
10285,D354BEAA99EC4A20
10286,F31B375D4DB2CAF6
10287,1A1AA3BA366B413F
10288,C031AE9CDE780AB6
10289,C6A9AE092CE0DFDE
10290,FEDC6801FEF7DB65
10291,B7258DD51C780C33
10292,0FD2DF991E9A3864
10293,E7DDCE97FB386281
10294,94794B9ADCF83035
10295,0B7E729577195C2D
10296,304D56595BBCBBCA
10297,A66FE4FDCB491F97
10298,F445D13B398BEF58
10299,6C6AEDBDBEFD7012
10300,58BE7848E5B989B3
10301,B5829B5CF57329DF
10302,D71104D050C08DC5
10303,CE4099792501201B
10304,179DFF062912CF8F
10305,A2E3159BF888923C
10306,AC17F98BCBD8EC56
10307,7E1DD1AF8B836BC8
10308,524344CF0F28B10E
10309,9C431244A8AA7C47
10310,9ABAE0400FD6B1C8
10311,843D7211BDAB4CD2
10312,63874E114A385514
10313,A78B28955CB076B2
10314,1667A6CB12C1A313
10315,EFFC24D152ED960E
10316,3C4B49F44FC86BFC
10317,094D983408A32E98
10318,8DDD43DCD55DFE9F
10319,303FC331156D5636
10320,CD38F7D8A529264C
10321,E21CDE33525E7762
10322,0464040F7594543E
10323,91699AAEB7573957
10324,1CBBA10987ACB738
10325,4CBB0050F6BB702A
10326,44E250B45194CEE8
10327,7D374715AAD11D7F
10328,A3D7A5D80F27B113
10329,38D39350E5FB46F4
10330,9556B2110C9D2D94
10331,5049FFEA16370D94
10332,09E2E813B18FDA66
10333,D10FAA78F6BEE188
10334,52F165887C3C80F0
10335,11ECAB1A16FFAAB6
10336,9CD41571C14C72CC
10337,1E0F2E21B4C574EC
10338,4C0FDC1B14ACCAD5
10339,83C49D7D3FB546E7
10340,1C1116ACC1557C05
10341,E6C58249143CEE69
10342,AB6E69236CB70788
10343,7CB0FCC595E14765
10344,4D42E287E961DF91
10345,4EA04238EC57E29A
10346,198D2C3F0CB7CF17
10347,16FA09C925634905
10348,AB52CA74B088B835
10349,B5EAAF62CF2F2103
10350,B3912B0EF3F41A76
10351,3A9845D9C0739DD4
10352,01D2619374A64BF2
10353,C4152BAF339C8E67
10354,452683F0D7C711A0
10355,CE6794E46C4E60D9
10356,AEF66FFE16D8DB6C
10357,D551792579B3FEA1
10358,159A5FEB217D5F78
10359,CFCA80BEE444CEC8
10360,035363CEA4CE68B7
10361,0D1F0C6027AF0E55
10362,9C30FE1F066EE985
10363,086ED02A458870D0
10364,B847CAE0B0353E1D
10365,2A6134006A73DD8D
10366,386857DF2971D426
10367,03C2B525612C7D06
10368,4820DFD88609F97A
10369,3C2B2D7F5A21CDFF
10370,D67BE1B03E65E91D
10371,290E049509EE38E5
10372,49515EC571F87C28
10373,ED4B7B747AB40C16
10374,0988501B59984CE8
10375,7C8C795253180BF2
10376,9C226D1CFC9C779A
10377,BEDB02AC8667DE8C
10378,0AD83BDE799F2F55
10379,7A09C585F1F14122
10380,558AA0EF39B3EA57
10381,D39DCE1E20E8E069
10382,E75CDF86F2F53162
10383,10FAAEE6BE7FBCFD
10384,E258542C3696B61B
10385,C01D525CDE113788
10386,86CFCE8AEF062139
10387,BD8DFF0FC42C5E13
10388,769D13BA8A464B74
10389,EC84EC24ED7391C7
10390,CD542F4FEABD0819
10391,03435F6FC1FF63E3
10392,1FFF8F17636E2A16
10393,C37E5E958E7F294E
10394,3AB28F1DBDB7A0C4
10395,44CDF34D208ECEBF
10396,DB2B4443E8ED4925
10397,EB4E2C78F09D0825
10398,73CCD6059E9AEB48
10399,A1E2CF5BCAC16846
10400,F1E97EA6C0C1E8EA
10401,72FA600DC406B484
10402,372CC6CA7AC5BF3A
10403,3E85FAC2C11BEFBA
10404,4B91C5D68484177F
10405,FD755F87C72613C9
10406,5D629D8C87643683
10407,524CEE07255352CD
10408,459744ACCADB5F79
10409,353DB1CA3A6A854C
10410,656C33E41F053C25
10411,C054185E96242727
10412,38E081F32B4535A8
10413,3EFA62E70CFFD487
10414,EF85C950172E71B4
10415,61300BD87C8101A9
10416,64365FA1B3ADBABB
10417,4A255BB1ECE363BF
10418,1C765B3BEBB41C78
10419,7EDAB85E377EFFBC
10420,1AB61C8177E8C282
10421,9F6819C5D59882F2
10422,198BC9E6C718948D
10423,A29D86E135272629
10424,45568425894D9C10
10425,EA364DC480D89D18
10426,9312D5B490A1C12F
10427,0D0A9C2FB9AB2CFB
10428,579B306A38662F08
10429,209D5B2B03DD83B9
10430,C45B0D28F7A863DE
10431,8882F1146A9209D6
10432,D3B78B876CB76143
10433,76EE7247223A71D8
10434,CFD608046E9DC687
10435,2FE2B228DAFC5D41
10436,0F6C8D67608BF965
10437,F26FBB2F2BADB796
10438,A7BACC67407013A9
10439,8493854406D5C98A
10440,BE21555349503B36
10441,AD67C9AF7FB0A735
10442,7F010EEF71A062C5
10443,86CBAB1FDCB9971F
10444,AE14555F0B4F92D0
10445,505B73ECDA3399A6
10446,0FCD6B5AC8B106FA
10447,41394C5C00F5F7EF
10448,E18D3CF21DA12012
10449,EEBA855919D0D957
10450,BB6DB12B5D374812
10451,54CAFB79B08D9BDC
10452,6491168D05522911
10453,E38D55F790F96598
10454,AEBA0F81D80DC7B4
10455,9C9EC4DB41CA51DE
10456,A0B956C5C90C7996
10457,595DCDBB27C60D99
10458,D996AB7F1757A469
10459,7BE6CFF36344DC8C
10460,BE360630C05E0CF9
10461,86C55C784A327F4B
10462,54DBE48A942894F6
10463,70776A0E1CF15442
10464,84386A8136A99319
10465,87C6644C7BFC69E8
10466,87EAA41BB9CEF9A0
10467,C418840139BC7897
10468,7658176C59501AC4
10469,A20BA3A05EAB0E15
10470,B306E9D087863134
10471,1FC4FC16F0C8E886
10472,4A99D2B6A3F4E4B2
10473,CCF16792D2241BFA
10474,3950907C026F8B1C
10475,6CA32C6ED05EA7C1
10476,5A6E40759310BD27
10477,F3A5E882D901B389
10478,F0B8F27F05CC680F
10479,E35F6F2E6F132B06
10480,18699B0D9082D312
10481,9BB40ED5A6FAB1AA
10482,2617638E64AA1C27
10483,A9ADA68B3BC6D3C2
10484,4CF53DA166B2919D
10485,C3E113C08332A14A
10486,CF97EE8632F960A4
10487,CD781EDD96A422D5
10488,A1245E808B454C47
10489,502D24736A084BD3
10490,1CA8E415FC8D7ECD
10491,74F76CAE98D680BF
10492,9FAFAD50BB2D4935
10493,E376E8BA645422B0
10494,9B685C92AF595182
10495,EA98D5F06DF0F74E
10496,503211C41097B707
10497,1B7D387A8816A9BF
10498,D82BDFB18B8FD77F
10499,780AB1F2B438A6F7
10500,53D4146C48879BF0
10501,A7799E1129EE46D0
10502,8BF1CB7D2ED78F2A
10503,83128826814FBA9B
10504,D09BCCB3A52CE260
10505,17CC48DF213E30E7
10506,3CD48B9C8298A412
10507,A4E04368C190BFD6
10508,7EABBD584E244C3D
10509,46DFBB25A9DDAC50
10510,D23F0D70C1E9FBB7
10511,9B424F4401CD83A6
10512,59D8AA31048043CE
10513,1EBEAF12E9FD2506
10514,C4D80B754AA6A468
10515,768E8D31C4F39D87
10516,98C4C2F2D2E8EBFA
10517,DF12ED6C4B5AA679
10518,CA6ACCBDEE631E35
10519,80D0E17BB1C6E60C
10520,E9BAC4BBDD19C2E4
10521,7E1D10042E6088E5
10522,A1AE3F5BC023D68E
10523,FBE4CC615EAA2C9F
10524,E191AFA878EE3C76
10525,D64DD73C65514767
10526,B89349F29CA33E20
10527,A6E19A40FECAB460
10528,F3FB14B1CCB51AD9
10529,0B162AE1B788698B
10530,48DF2C304C946867
10531,5CB74342C86A2C1B
10532,6B4CCFF9291A521A
10533,51C0F91D573EC4CE
10534,3AEB5B72DE939489
10535,274E6F9116096AFE
10536,C21E45E95ED590F8
10537,92CFC2A54A3C515A
10538,1FAA16D4AE6175F6
10539,08F936968AB5E02D
10540,511A4C21B2C9D843
10541,451A3900DA811DAC
10542,4E380EE7A161AC4B
10543,95E584E74E09A1ED
10544,A0B50BE1C0BF5256
10545,F6EB17A905EC0B9B
10546,C319DFABAD26279C
10547,062452A490B77665
10548,3C4B4253A2C68D65
10549,46160ECCE2236391
10550,989C35D1289363EA
10551,2EE8772C02824531
10552,7EF52A94A7714E87
10553,0CB81F0206DFC0B3
10554,1FED4C45E43C2710
10555,538C4408AA0D98BC
10556,DF035AFAEEBB1B67
10557,910ECF79DB356F29
10558,F28597E423DCEC21
10559,528F52EEC62D8C15
10560,6CC952794AB6E375
10561,9CE986FA839001D7
10562,DBE6827194E77F04
10563,9B906E0725331B1F
10564,CC34F22CA48C876B
10565,44E55B602C9123CB
10566,1B32C3FF1E9C8E5E
10567,879EFA157B903285
10568,C8227979E62A853E
10569,368DA00E90E665D7
10570,FF0B8187A9BE996D
10571,FEEF74DC27123DA7
10572,05D936F8538C2482
10573,A63A5AC5E0395F83
10574,80C6F674B0BA7C0C
10575,D9128D4C01F32AB7
10576,6B7B6840C721CC53
10577,60C0DF5675E87F0D
10578,76EC072A1CFA6BB7
10579,B8B2388C350F2B0C
10580,1A140BD759F1A3DE
10581,2AB74B9CBA873ABE
10582,81446A14026E8EAA
10583,D9DD73972371EF78
10584,D6730AEE697BD922
10585,0E3A3352A8FB717B
10586,3CBB689CBF0F38C0
10587,24965ACE65BD6480
10588,89731B746B37842D
10589,78D66BCF74B40A6F
10590,27BA260F0F2805EC
10591,3B471E8B99AADB98
10592,0ADDA7795AAC773E
10593,9FBB91A96FD8CEB5
10594,4020C943730AAF79
10595,6D602F4B4F356FB5
10596,86844D02BA1C1423
10597,C9FF59DC5986E1D2
10598,506A55B8946750CC
10599,8F7BF3B6AF46D2F6
10600,55EDA3BF47EF615F
10601,87CB772F941A741F
10602,63621CC885F2F693
10603,64B01AB4D26D9E55
10604,E8A19B8303178448
10605,A0F6F256D97F3A96
10606,8AAE65A6B9C62C9A
10607,29276B5C142299BA
10608,657CEB329E14CE39
10609,49FF77B84E0091B0
10610,2C37ED9F0F3C29FA
10611,5480B32B3157D668
10612,09DE8E02DF372250
10613,025A685AD53B67ED
10614,9E3AF41D7DDBE672
10615,FBD6048503B5A7EF
10616,815DC6377ECB513D
10617,DFD6D8DEA1D5E02B
10618,7307CC47501D7521
10619,18ACA69777FE8408
10620,8CAD6C53B82DC8E6
10621,410DDE491D6053D0
10622,8C8A8E308B3B5809
10623,342125AC52A864A8
10624,8FECB6526ADCE9C2
10625,B1E6E75743290C5A
10626,816B01C96C678295
10627,B17999515EC97739
10628,A73D1BCBB6E56B45
10629,437E7D8D326EDAE2
10630,6EAD016FDC9EB969
10631,A7C8BACBE2AD9C80
10632,705D36289A2E1C51
10633,3EDAF2207A7F1124
10634,2B56FD9873EBD0E5
10635,002F30E71F29976E
10636,199433617300F678
10637,B3C653AE7ACC437B
10638,F022298B9CD9784D
10639,1E7646EA35FBD158
10640,7CFCFCB142990D27
10641,FD83086564FD1D29
10642,0D09CB2CDB7A521C
10643,8556E42E08A6FC84
10644,8789E54427D152A9
10645,721BA9BD541BC587
10646,450BCDBE5509D649
10647,182DD33FF3FA880E
10648,C8E27F3C718CC799
10649,C3EBCCC94C88AA40
10650,D1D0154E21888D31
10651,BC094026C162E276
10652,C55C1BE55CCE6900
10653,B5F7AAE20A184603
10654,EEBA839B4B970FE3
10655,136D6BD71F83F92C
10656,B69B27455292A096
10657,90FA8DC47C8ED7B1
10658,6433E5ADC18E18CA
10659,4A3724B7154EEB37
10660,A1F32B8C6D1DD1C2
10661,2884296D4FD00705
10662,62FB41768196F7EA
10663,16A3A5BE81A26D11
10664,68743DEA445552B6
10665,0915CB1C4D7C41F1
10666,813BCB87DDC4B5E9
10667,A847C3C1515B0456
10668,066C91C3EC871B71
10669,586CDE614CD465B7
10670,B0899D459BF750B5
10671,9AB526BAB454D16B
10672,FF39544597CDBDD8
10673,39136142251FA84C
10674,872001168B3FA08E
10675,38D7A85745FA4DFC
10676,31F34D003804BDDA
10677,5981E661C8AB27BF
10678,0965F010794D1143
10679,A011B3C04ADA2C69
10680,C77F5BA032999B21
10681,CBC29EC1C867043D
10682,D809F27660515E53
10683,97A4142D78B71B93
10684,A4C1A71DDD7A8292
10685,3E52C0EDC6605CF1
10686,62BD0529FAD99B00
10687,8045A78BD4EFF5B1
10688,6BA2672D7C8A5639
10689,BBD7FFA5DF17F21E
10690,F45413F61E068CDA
10691,FA11094B7EAAF7AA
10692,9DD9AC7BEF9F6D3B
10693,53047E24E62B863C
10694,2D8396F3812A7D70
10695,F6F36515281FEB2A
10696,39B6D2787ABE6CE0
10697,FAE5E70276509471
10698,C8A03B905041EB8D
10699,21D4831317FEED54
10700,C9192FC00A7F55E6
10701,4BACAB47E9E31424
10702,49036327A10E936C
10703,C6BDB1C3EF4DA737
10704,99E45BEC6CDE7C75
10705,9009337970B7D6F8
10706,14A01F64A13FE881
10707,D7718A81511D55B0
10708,441E3F498202A125
10709,DD8C9BBA36D50B20
10710,323252DCDD2E9E8F
10711,9B09C7D4EDED6DD7
10712,5FFED3AEB124ED29
10713,7C670BE5B2B78EB5
10714,6A09BF3A8D1DCB36
10715,33A131063603B33E
10716,D71457140B8F7F87
10717,F1C053CE88F4AED4
10718,002DEE73A8E6B856
10719,93CCB16AEF830685
10720,7F7D460D8982E7D7
10721,4AA8FEF4B3BF9394
10722,712CF00E3CFB2CFC
10723,5F6D07097957AEA7
10724,C1066BA79654C9AA
10725,7DA0301B163C9B72
10726,65581AC3840869DB
10727,6C5D37E78A69C334
10728,9AD8D846E76FAB57
10729,060D00E931B32A63
10730,0D226E997FC6001A
10731,C122EA8EE9EFA6B7
10732,DA7206D777746B58
10733,8A065021F83EA455
10734,AA76E496C8FB66E8
10735,FBDC388275DE6521
10736,88F7CCDEFE19CB71
10737,A2E95F61BA7056F7
10738,76D7810EC43F07C7
10739,217D0D36C4AAFB3D
10740,24CF41B10B5152CB
10741,773F11EE040851A5
10742,E24BBF023E40063E
10743,F9C547CD79A03E39
10744,2ED0E15C1713080E
10745,91DE09589785A207
10746,1DC03FBF8F0156C8
10747,BFF4975AE7246B2F
10748,A6F66323F50EEA61
10749,D73137EDCFA84257
10750,9D39FCF829AE2F32
10751,7A80053CF504F8C6
10752,CB9499FD7135654F
10753,DCFC976E68E414E0
10754,8C110441FBB2D520
10755,B63A96D73A2218AD
10756,A1DA45E4C9E6B668
10757,72BEE29C3A04D357
10758,6F63CA2963855A43
10759,2A855583DE4C0312
10760,4F05274EA446EA98
10761,9455EFF8879EEE6A
10762,65132CB5F6ADD4C9
10763,788BA196EDDC040F
10764,763539AC204AB046
10765,E56BACD9320959BA
10766,037B1C9BE5ADE786
10767,050B29702FA77C28
10768,8C61F70E71A84D7C
10769,BF4FA0D3167F92BB
10770,63CF7796E0DA929C
10771,E639E3D2FA3AAE53
10772,D89EC75A86530451
10773,637121ACCD2A34E9
10774,2D9C6A7C8B0013F2
10775,ADC2C0E4F71C2F9E
10776,D86698292BE4BD03
10777,CDF40937BAEF69ED
10778,E28F86DD420A2A3F
10779,EF2A093D7E89D171
10780,E876F2A4D1871286
10781,410EA8F949AA72AD
10782,D36AE0DF1E0C9EAC
10783,A7938AC82CE98FB5
10784,897EC2925C928B9F
10785,6020C4B26DA259EF
10786,EAA768548739AA2D
10787,2AB742E5950D4696
10788,F872091E54BF0C4D
10789,26C3198BF1A93BE1
10790,40447DC2031BFA56
10791,A50F8018C949CAAB
10792,CB6FDC8F70A6C14D
10793,C7E2B77FB3CD83EA
10794,231C57CCDCC405C3
10795,0771FA598D1ECE2B
10796,3A6E3BAC5EE766F9
10797,CD81253322D213B2
10798,8562003C043711A3
10799,C09D99B4CE2DFC73
10800,F5D7C1F3273BE21C
10801,7BF9228A53BF82A0
10802,5FC4E5ABD8740695
10803,9F2E891002CCF721
10804,F3891CD31BBB4CC0
10805,D77D074633C7E704
10806,CE40857B155B9FB7
10807,0235708257195AEC
10808,E1D4021B886CA612
10809,BCC99E7E3CEC971B
10810,AB3FF60A15326689
10811,3D9AA10558B6CCAC
10812,848EA85E3E75E722
10813,F0276868CD31A9C9
10814,04829DD0A8F6C88C
10815,36F8B63ADE3F1D5F
10816,B406043ECC33E726
10817,7E67CBADC9790A77
10818,D014304C4CD13BB5
10819,1A3AF0BCCDAC5535
10820,F94144E8390E1152
10821,AD386FBA39194CA0
10822,4AF95824EB18C987
10823,26D476F4EE8AF22B
10824,D272E10DE8776CC4
10825,635C54CF0749F942
10826,E7963D7040E0D6AD
10827,B68834570809053D
10828,CAAC63737F449AB6
10829,C99E315C0C39163E
10830,29C96035C06B4C3C
10831,AB94F2B784F081EF
10832,0A533A688CA50874
10833,C6654016DD8AC828
10834,2F15C8BCEDEB06D9
10835,BA5F36302432422F
10836,E3B758CEDD87335E
10837,70E9334E2D59A05D
10838,AF110DC35619C60F
10839,9E50F0A882C6D569
10840,D3E42FF99D7F2A97
10841,658927D0097D47E9
10842,746F9463D22DFD60
10843,98CE951FC66F35C8
10844,CB52BE349FE01C85
10845,B764C9EBF0CDB8EE
10846,1062DBC31056034B
10847,84A83CA33E4ED759
10848,857F049F16F5AB00
10849,4A802964DE017FCA
10850,B6C5B68D728F8E12
10851,41B1BDEB65BDC146
10852,A0BE60635D6BFE66
10853,383F41EF22B452DE
10854,EA54B42EF16996B4
10855,2A5BE399CE2E6A4F
10856,1CAD68A855B8A69C
10857,C3933300B0201AD2
10858,4598E9E70677D7D3
10859,684479FD2B3BA3D5
10860,F07FD6C2A9B26B87
10861,DDC07798E69241AA
10862,A6046B9691E1E1AE
10863,5C2AB50E7ABB9751
10864,BD660B00026AC5D9
10865,2DE2FA508417B01D
10866,FA757AD8CD2D94C7
10867,1BE9545A00DE774C
10868,0AF4E6D4A9106DCA
10869,C55FF2CF7058A0EB
10870,FD4ECE392959A0C2
10871,A4620608D33AFD69
10872,8C30DCACCA8FA0B3
10873,9C91E8218574B536
10874,64991E349AF97E3C
10875,A63E5C3F7CFA282F
10876,D176E300EE06739F
10877,D1EE885E1E280B5F
10878,7DB3607C29AC2EBC
10879,6E9B7A5D712C80D5
10880,A99F57E1D57BFD3A
10881,2BD9D26E89E7F378
10882,951EEC94C7EB5E5A
10883,0F1E8D2ECCC02803
10884,6BC402FB543A2E32
10885,2D424E714BB51872
10886,D50A7716785C2416
10887,F4D3CCCABFC58F5D
10888,0090D83FFFF540A7
10889,728C9598EB06D931
10890,A9C29F9A2C6BDA2D
10891,7CC6186795707DCC
10892,FCEE7F0D662E581F
10893,BA0D2B61890BBAE5
10894,5A06551B108E5B37
10895,6B00997C1A1A25F1
10896,68057275D7E527CE
10897,E1BA1F622477AC03
10898,67E2877EEAB7FDD9
10899,9E454132DFE6E9DF
10900,15C5738169131BC7
10901,CD7B7A8D3E618C93
10902,F3A5228C2ED32929
10903,738CDC66C6664ED4
10904,A660E5BF99ED63B9
10905,93D4A03D562F6388
10906,CC7BB3F586708AE1
10907,708529D0D3319D7B
10908,0C948C956AA424D8
10909,A23F302FD6880CC9
10910,C3284A1B31AF3604
10911,4D134420E8094D81
10912,8AF7A9B5A23A5504
10913,8CD30E0AA919AC7B
10914,E0238D9AE7FB5434
10915,746B3394EA90C9E2
10916,E1D2431D13F2A878
10917,BB1C37DD8B0E9BA7
10918,440EB8A441A7E58B
10919,CE94DDD3595B0A1F
10920,5BB46D7FD0D1F2D7
10921,4000ACF08B406151
10922,26B4D69054009322
10923,3DC6BC00A4F66905
10924,61C4428786FF540A
10925,04EB52DC8A9CF7FE
10926,BBEE4558D05C8F54
10927,E394E3A28155A8D5
10928,146D0129867830EA
10929,DC51E4A9F3531D09
10930,2EC2DE9F3E9603F4
10931,70F57CE92121DA86
10932,ED9DAB6778C369F7
10933,499DF4157178CCBB
10934,0C4BD2D4FEE6D464
10935,65C294F942689F08
10936,4B4FD1900BEF9BF3
10937,2A68206594DF2193
10938,230C64F30FE216FB
10939,D46834065FC75B49
10940,6BA03E5662ECF06F
10941,34925B6AE6329AB7
10942,A97FA7CADEDEE12D
10943,C8025C208ECF87B0
10944,7D0061E6DF2C0292
10945,75DD64C4C84F50D4
10946,148FE783D20137A7
10947,03E239A94A625679
10948,CE576DD9FC3E1173
10949,B87894E41BBBDDCC
10950,B3B5177788CB4F8D
10951,585C7C06D439BCE2
10952,55E474271E70ED23
10953,55EB997229ABC801
10954,26589A3B1C968889
10955,FEEEEC009DE9F985
10956,E60D82919F029AE7
10957,954B3BBB5E9B8837
10958,3A7BFCF496AB94D5
10959,534FFF6A0A4BEDD1
10960,412CE6AB666618DD
10961,A29D64DA769473C7
10962,19A98B2782304C94
10963,759801E29228E038
10964,3B63FA65589B7D10
10965,7377749FEDE6BB31
10966,26F4AFAEE1D1F9A9
10967,E6EAE18B2E7FF8B6
10968,C8C8656875DFF115
10969,D730839A680F4DCA
10970,D7E809CA7B4502CC
10971,52400B03841C0C50
10972,32A3C219578F465B
10973,DB433EACA38C4C88
10974,DC7C71EC39583E1A
10975,568312CCC657B0CC
10976,9D51F6FE3FC5FFEC
10977,FEF4A6A20CDB58C5
10978,90DDDBC35A9522D5
10979,7DF7E819E3176CB4
10980,582F642C63A8E7BD
10981,41D7543E61B8C484
10982,89DB62858FC72E33
10983,CBAE529FE84F5CA6
10984,2B2A20823D3E4651
10985,9CA479C0161EE2FC
10986,5DDE6274A47D2C63
10987,2CC57B3ACBB08D58
10988,EA3E06BB08E38AC7
10989,ED9C49EF47B6EB9D
10990,552EE13DE059ACB2
10991,4D6F9EC5942504E9
10992,9CB448553EBDCC9C
10993,7C0322FE8537C74C
10994,BF17E93145A6BC03
10995,79D3D3F338FF0F00
10996,44E88945FCE7CE36
10997,288CE322F9993636
10998,DC4236C39B3A33E1
10999,37A2BAEDD82E3C15
11000,BA633E7318FEFEB0
11001,DCC4F593477856D2
11002,7916172EBBC8790A
11003,A2D6E4373F32F302
11004,C394C4F4536D59CA
11005,5BE34944994B0508
11006,6765147FA7F95323
11007,4A6253F0A5A53CAD
11008,6AD47C0897F9B434
11009,C3B895002D5B95B5
11010,63C65E88A37666FD
11011,09B4D2BABBD5FA66
11012,86931BA221B7A452
11013,F97234E6EDFB3B4C
11014,DB9F789A278DB22B
11015,4FE5B4128AE75C21
11016,7CB585D9068E6937
11017,2BE01D80BCFEFF6A
11018,688FF7406FADCA52
11019,19A5F4CDBD654303
11020,658754551E7711CA
11021,94C1A2E4D648A022
11022,4D5B0E32364BBFBB
11023,82469CF206F13BF6
11024,CB3C108E7A1E6F90
11025,605C15D78099E029
11026,EC8E5B8F209B73AF
11027,CB60B900B3EB0E0E
11028,3A12D423061E34EE
11029,DB2FA85ADBBFFA63
11030,800F2B1537FDE543
11031,ECE9543C87B16123
11032,D0E4757B6BD1B924
11033,7F480908CC3F978C
11034,7F8A94EEB170A5AB
11035,F911B5008CFC590A
11036,C8A170478702F8E8
11037,DC1B6986E0E1A343
11038,A891EE59F0A1F1BC
11039,012B3338CA473660
11040,C438AE852C878828
11041,8ED5D1926C418FAA
11042,16694489426B5785
11043,8E315B891157591A
11044,E5ABBAB7B15019BE
11045,8DC2CEBA34ED90ED
11046,7DF3CD6F507E55F7
11047,877D4B1E9AD1F198
11048,5042B7ECF40BCD97
11049,45A6B217961AD9BD
11050,2C039B6E1413DDB0
11051,1406B8F5F0C97F58
11052,DD16D95F9C5AE41D
11053,A83BC833257179C8
11054,E72F0243DCFF1AB3
11055,98581F879DC050AF
11056,09C2B2AAA3FFE1C2
11057,A828B07BD017EF91
11058,8819FDEA168BA859
11059,F6B169FE60731106
11060,88DE2E8E0A325B52
11061,0131FF9232E792D2
11062,72ECDB150E9C710E
11063,C399F019E889A5A8
11064,9DE2D4983F5E3D32
11065,0400D9E58E874028
11066,CD596DADC2B2C813
11067,DF2E8C469F651451
11068,02D16BF1CA0347E2
11069,4AEBC56FD3F21CFB
11070,7380806C67602838
11071,C9B36D79D175EDFE
11072,308834E41DA3BA84
11073,F51AF1AB01E915E4
11074,BA331EB4F1852D38
11075,67F83AEEDF8ADECC
11076,C8D1709310EDBF5D
11077,FE72DA8A403446EB
11078,A76E5A2C86B0D2BC
11079,C5F30D0459D1219C
11080,C9462280247AF8AC
11081,709193E86747E2FE
11082,9CF92304EB3A844F
11083,0A452CDAC2D46440
11084,B8E70662B7BDE9A6
11085,2B4E93B6C151CCE4
11086,3277C7D2729FE188
11087,1DD435EBDC96A724
11088,4E634CFC328D3160
11089,CE788657A1EB4F6E
11090,105FB71EAA8B029E
11091,34E66C7A1F7AFC96
11092,39D03B0D1D26C42B
11093,8C3F749A712F7102
11094,12C4D2F767DA93B1
11095,2DF6F00875EDDA70
11096,AF0EE69C4E4FA201
11097,9F3CED6DE485D3A4
11098,29C88BDE3E3938AD
11099,58E72A53CFBDEE3C
11100,41F949365C5452F7
11101,A08D5C0B2AE85BEF
11102,06926DC6EE3D6CA2
11103,BAA0553DCBED999E
11104,C2986524DE9683AD
11105,03462595F4545DE3
11106,814DCFE7DAE23AEE
11107,F44988DD49660EEB
11108,DFD2E115FF26EEBC
11109,C7E0CC35EEC3FFB5
11110,0B6DF27BD051D82B
11111,6F6F4BEE7CE91A3E
11112,DB2853A6EF927112
11113,0909957081FCCFFE
11114,C83F0ED500633A12
11115,F9282BFDFB0F6797
11116,E8322DE4697AC543
11117,30705A6ACB8DB240
11118,84825F868E84E4F1
11119,B34431372504712D
11120,7A032870A1168277
11121,828E58D37749051F
11122,765483C3FAF2A8C2
11123,BE50CD3CA7389712
11124,FBB58397667CE591
11125,53B12C134DA54A04
11126,16E909B90CC5008A
11127,45127E0BAD14E153
11128,62AFD52CF00CEC91
11129,A6BD2D20B9CA2559
11130,C6D15E59E808DB22
11131,0F173525F63938A1
11132,9584BB3AFFB99073
11133,494518E7D3A8E748
11134,3F8049751B514D29
11135,118E9B8A81B3AFA9
11136,2C4E8771FD737992
11137,8E31AC6D9E925963
11138,2E715B0169C6C8AC
11139,9A666955EA6AE008
11140,B697659E3CABBE61
11141,40007E569A1AB36C
11142,5E1256022EBE0648
11143,8984BA920EAB9396
11144,401A6B7EED3085E0
11145,2208606326D6CB62
11146,1A27E21427CD915F
11147,D3FA693B39C9B70C
11148,229046E200033147
11149,5B60E674376C5CC9
11150,61CDF5D10FA8BF0C
11151,A96D115413FDC5B7
11152,C58857B2486C93F5
11153,887DE40EF9578373
11154,71668ABF35698C2C
11155,302E36059A09C095
11156,52F8795A9FF21AC9
11157,62812ED0F9BC77F1
11158,F5A2DB7A826688AC
11159,2ACF56EA0A168985
11160,6FBE0ED452BFCD01
11161,0A011A9983A8A803
11162,57E7BD6E66FAE969
11163,BF1268C050DCA45E
11164,D10017EA653EB8A3
11165,958FFD3DEB465D39
11166,B62F29AAF05978F5
11167,250EE52005E2FA14
11168,A8B594E2AF512E69
11169,A90E9AB86D5B1829
11170,E40E917830D19961
11171,3B5F1DA6BE8F185D
11172,1C0E11F8BE5992EA
11173,E9D3B07470C66422
11174,C5E8E653F6FC7133
11175,C8D1FACB303570B8
11176,F7606271C6C19DF6
11177,071EB57FA15189D8
11178,AD3E4BE30D600FC1
11179,0F94C2E52B5D9291
11180,D9DA2C58F556CBE7
11181,9E6EC4B4E734263C
11182,E9DDA414A965D26B
11183,06148654EA0EF404
11184,3D7B4EBC7A9B636C
11185,525316097BD49BFD
11186,C912DF2CBA946885
11187,5EBD4C757D0ADEE7
11188,CD69A331BFA843AF
11189,D723932739D6B3D3
11190,4EB85426AB3C2985
11191,B8F8151013C4DBDE
11192,5ECE1A80C5CFDF12
11193,E2E68884BAD20C75
11194,A337F85BFC505D03
11195,771AB4EBE9A7CE0E
11196,B4A7CA225AADF7FF
11197,F81AC20ABFE34DD3
11198,55FBDA30BA10A55E
11199,59FB34C196125377
11200,430E3F40E623A2E2
11201,5C39E61FFFA7E475
11202,851AC78BCD0A1554
11203,2E6E00E9A0FC4C7D
11204,9C18EEF104969129
11205,672B8228D60E216F
11206,413E340650E7A580
11207,3786CE8E6E42E454
11208,4BB715E280E64D8C
11209,C7B0DB0B241C3391
11210,B01782F8FC9F55E6
11211,3B11E416C81BA1BC
11212,6190D5AF53B85F94
11213,5AD1305558A3AD8C
11214,0B5433534AF322F3
11215,3C4F245F74DA7AD6
11216,CC58D57F48F883FB
11217,3379363B8D91A2C4
11218,6AA62DD288B9BD0F
11219,591D6B6F700A436A
11220,7FE07EB7F2684760
11221,88D6766184281774
11222,91684AE9B180DE51
11223,124A37041064B07B
11224,F5C2C08B4E4F1680
11225,97309C48DD481F4C
11226,60C1CE999B08E533
11227,4569B1244CC8E337
11228,C4346B54904D8C43
11229,3A93657D0A98A2B5
11230,D6D95107B23E2178
11231,27BE25AC7F4CC06A
11232,EE52AD7E80E3F8CC
11233,1213E78500A8F3CC
11234,F7485C3CBCCB3B61
11235,06F80F2A2454210E
11236,F8D075305851D8F0
11237,FE488509660A7198
11238,740E9405508EFEFF
11239,C220E2241F994BA3
11240,E644817481F69B03
11241,6D3EF9E397885FFB
11242,D40560E718DB720A
11243,9B5D5B5D7A427626
11244,F1319BEFEB4AB063
11245,AF3D79D3BAF9D60E
11246,6523E7CF8BB790D2
11247,12E0BF1F2F9F7E9E
11248,5355EA580C1E2FC5
11249,4AC42E2E3E080906
11250,85019D3993948E23
11251,C7E336A47E57C209
11252,692D5662615D01C0
11253,F02E56ED74A95180
11254,0B45A95434182B1B
11255,9CCFB3C481E1B814
11256,DCB6CA6AF94B3C2B
11257,4DAAA72934F7980A
11258,3CCCB5334E1222EA
11259,CB59234F68F7AEF9
11260,4EDF5A8C0CA12EDF
11261,EB541B26266A8BBD
11262,824957574B1B80EB
11263,EB4D2345AEDB5535
11264,A90C1A594730AEB5
11265,46C7029A3810A825
11266,360D44E5C5ECB07C
11267,AE1C64CC10E52D9A
11268,030D9DA38A63D4D5
11269,08960B02BBBF6C78
11270,CA650EFF30EE61AE
11271,2F9942715A0EC48E
11272,D59297D010404693
11273,FB7176FEFDFCF011
11274,DF02E4891839786C
11275,2DC183AA15CD6C69
11276,0D55AE4DA00B7249
11277,99AE32093A4F756A
11278,16D5F464A238A1E4
11279,27C41824A317722A
11280,449BECA36E5367F2
11281,0B8F5F33BC729290
11282,94B74055B0D775AA
11283,2B0CE79A580FC40C
11284,88F8E28587D21CDF
11285,037EAF9EAD82E122
11286,7C9C6B0BDE30FC9C
11287,138B70F0AA7A56F7
11288,492D628F35A749ED
11289,E77DC8429E8C4DEB
11290,BB922B0B742954CF
11291,9158C47D091CF8A9
11292,84376651097261D9
11293,372A04BECEDC4796
11294,4B2323D44589858A
11295,E7F0974B946CEDD0
11296,49DDBB09D4AD2F6E
11297,2D7F53CB404A9961
11298,7EE91330C42407DC
11299,7A9E72B993774CD7
11300,07613B4D0193A428
11301,7C1108F1E9395F07
11302,91F9B8013135D23D
11303,C1419C710C206739
11304,74AAEA18AA2BFD32
11305,DEAE51E91B9EC3FF
11306,16D8AB73469B3A10
11307,368F09913B42C243
11308,FFF076D319D7D8A3
11309,6EC24648DDB5FE8E
11310,41B50234D8302683
11311,8873EA96A66DAF05
11312,D28CB5AEEA5FE492
11313,670BF32F5FFF78D9
11314,7AB3D39A8F5249F5
11315,52351233EAEE12EE
11316,B276881E82553C40
11317,F81EC8FBF34B3C31
11318,15E8FA87DBD3E3E5
11319,902A8BAB0656D351
11320,254CB3289E5E2055
11321,C5C4D3D080226394
11322,5DE6929C0A4D62CD
11323,72D602B9CDB17762
11324,B9768ECDEFDE1988
11325,ED5D1E1542563623
11326,710278F351DDFE52
11327,E461B3CF37F28CB8
11328,B9B95029D1D37AA0
11329,C67FB82D8EF1D82C
11330,0BFB26C5B6CEBD0F
11331,3909EDF5D0F71F5A
11332,26F061F455C72606
11333,0C5D9B7EB4929BC2
11334,F5FFBA0AF89424E7
11335,5D184802D8CC2B72
11336,E8A1AB0EBC583F04
11337,A80A0EDBE23305EA
11338,CC550D3FA6364FB8
11339,F7325B0CA83C1748
11340,D3CA261DA685B2B8
11341,24556A826A09C694
11342,D0D60346C4AD4156
11343,0FD86F0CDAAAE018
11344,C0DCC106D0ACDA8A
11345,D12A3929B062DE90
11346,805522B96E3B4C67
11347,1D5DEE7B71D6AF66
11348,DE27729AB7894FCE
11349,8C9BB0771185922E
11350,F07F84739C77D4F9
11351,706FD46C9482F24F
11352,800335736B4F9711
11353,81B5FFB487AF59A8
11354,D818D68A3D3A07A0
11355,0ABC042752AD0B8C
11356,618921021D4F4303
11357,BE7898CF2F3AAC06
11358,87E2F8A48817C84C
11359,6E5A32017016B3B5
11360,6BA960BB2853D462
11361,7F89830167B01D93
11362,3A2E1BCBBE95300E
11363,3B04E9C929BDCA7E
11364,09004895CAA11747
11365,A1A8466C21A3A56A
11366,DD25EDB056C2F847
11367,FF231C44F27CACFD
11368,209A13D3F47A804F
11369,B303E27E30A6CC93
11370,620B9804C2E38421
11371,A8BF0556C004FDDC
11372,B605FB3962403CDD
11373,32E0222686EFF605
11374,001B5AEA84593AC4
11375,E1C375A31A6FC6C2
11376,A894FB0EFA56C38F
11377,2E448B26BBCFB6B9
11378,FFF182E6CDF635CE
11379,FE907BC727806609
11380,77E324FB28EAAF18
11381,62F2ACF6BAD3D749
11382,C3B5377A709D7214
11383,92504C445143D24D
11384,82972E91D7BC4A8F
11385,37507EF69CD2B62A
11386,EE1D8459C9CF25CC
11387,DB0FB4AD5D968FF8
11388,65E443C327E5A4E4
11389,6BD75D8BB9DCA2AB
11390,06103F77747BA353
11391,B8A97E821AF4664B
11392,443C71CD8D955E24
11393,6565FC7182AE2E12
11394,279D722CDEC2D656
11395,1B32545BE1B1DFFB
11396,6C3F4AA39989818C
11397,627F87BBEDAE5712
11398,1307E447570E3636
11399,35C3662600435625
11400,97834047F2AB2CF7
11401,EEB8BA9355615E28
11402,81993B29380D7391
11403,8AE46111700A99AB
11404,277BD4F473E31304
11405,87D9090E4A2A97FF
11406,FC7BFA9F1E35BF08
11407,33E6109591320AFF
11408,FF4969D171310814
11409,2AC8F5E1BE685858
11410,2ACFA952AF8FDA28
11411,27AEB4EC356AB14D
11412,CE6550BEE1A83A63
11413,5C31B19A6C4D8D37
11414,05BB1F50E47B26DA
11415,092F3AC0430793DD
11416,60AE9AE9CE6E75A0
11417,371EA6A659CAC193
11418,172D5C92378DAEAA
11419,743072DDBA594C57
11420,5AA2EBE6776FF324
11421,35A996BF59FA9734
11422,C8DFA2244D88E98C
11423,941492483F02AFDD
11424,FFF7C554404D782C
11425,E134EFD826368DA8
11426,24B7FABFA8A3DFCC
11427,BEF1393F89449A11
11428,024A157CFFB001CD
11429,9079D8BD69D530AF
11430,7013637D953BF624
11431,6FACF0EA848FD32A
11432,CAB95F544902C9A9
11433,A0CBFC45E9085D93
11434,A59DAD44D57E97E4
11435,EC450D078B712F36
11436,4515837EFC3391BF
11437,12BDA9C9E10D06F3
11438,7C677F3423A20788
11439,7083F1A61906AE75
11440,1672550BEF10646C
11441,5434B6D428F1C9CA
11442,AF4E694DBE19B07D
11443,7C5A87AD8ACDEF42
11444,8528D94DA3B2A853
11445,7066F9F8DFF810FE
11446,42A00EC9F081A69D
11447,AE9880CA09C0606C
11448,9BE107AE1E7ADF9A
11449,FEEFD3E772868DB2
11450,E622F13F1327A28B
11451,CAD40E38023F72DC
11452,A1CA37C29E902152
11453,B77E6F00C5A18DD6
11454,6B7FDD4F3C474EDC
11455,AA70C43C9E7CAE41
11456,DEC114F917F047B1
11457,668682573160EAC6
11458,5D3B894352B486B2
11459,514F30023347E2D9
11460,3B342D3CC54162E0
11461,9B5AD5EB7FA8DA8C
11462,3821710F117C208D
11463,A461874448773557
11464,9134C894C219A840
11465,A23E26E9BFE5C298
11466,88BF01210A51E982
11467,D965565C70079BC6
11468,430EBB9FF5EC5B45
11469,20B04216629F42E2
11470,361DCBAF369FB2EF
11471,BBD8D4D1BF8FEAAA
11472,C00C79621BC51B16
11473,C8382A7236292B97
11474,197E6B5EB706CA47
11475,B28A25AA169F51DB
11476,199202BA43338BCE
11477,C87E1F9993F8C88B
11478,9B5643500E405E06
11479,576C7EA0841F15BC
11480,64B9F240B0772270
11481,637F828282329353
11482,57664BEDA8916B99
11483,FDD020F0244DE6E2
11484,C09B69BAFFB14E83
11485,E1FD0530D476C421
11486,4BDA28414232A9D0
11487,2A9AC787E6C8C7C6
11488,D094FC6632DBF8A6
11489,7A5A47F835EAC0DB
11490,CF49805C433674CF
11491,004EEF6C3B02BEA3
11492,6489E4C6164C21EE
11493,EFD72EE3DCCE9AE1
11494,89B1DBE9BE5C1382
11495,BBB113BA63D428C0
11496,5F278C6C90A361C0
11497,947105F0A6D357D3
11498,D1A03B685D6F676D
11499,2A76D1D1B2AA3205
11500,12899A183A1AFC9C
11501,DB260679D347B417
11502,90423CB98A5C95CE
11503,8BBD36A5B6A9BE76
11504,9F73F223DC6C9E18
11505,C11505D7284381D7
11506,CE49A25729D1D00D
11507,50B2D15395858412
11508,611CE9C7810FDCDE
11509,F7AD984DD50FEEB7
11510,4270CE4D597F5BBF
11511,17751D314B9CFC1E
11512,F315D36D4883B2A9
11513,0A91CBF669BA58D2
11514,07591B9517913C1A
11515,9327C2EA3A6A4188
11516,000937B35A656A1F
11517,F688C3BE81A8C6B7
11518,5A161BC67167E887
11519,24100942427648FD
11520,0273B108FE955A08
11521,9F77CC08A443287E
11522,9BE2FEAA5CF2175A
11523,BFC1DDB195A4F678
11524,2192F1F8949106A0
11525,430F81532908468A
11526,ED2FBAB2083C8FD4
11527,F4D17CAA5FD62AD8
11528,C8625571B87B95DF
11529,1F23FF5C4E2029FF
11530,DCD16D065A21F6C4
11531,1CCEFD38A13E895E
11532,E83E62199127304A
11533,8CF62AFF5944D6E1
11534,12F61613B3D9D621
11535,DAE423A5CAFAB608
11536,C27264B5D8761285
11537,A4711614DFD34724
11538,557D730A62A95765
11539,629A5477CDAB278D
11540,A424A29A8AA9DF0F
11541,6AFFFE7B31302BD6
11542,169484D3342D1924
11543,F4B098F79FB24C43
11544,3D98C9C47E703B83
11545,900D3CE64BEF276B
11546,EA63B5A913B4FC5A
11547,7963FDD6EA8B11D6
11548,B39D17B0CFF760BA
11549,8E2F0FD26ECF5D9D
11550,8C8AA5AB122282CF
11551,314AD9284B377A88
11552,0D541BE85289AD2C
11553,9CA62B9954892D0A
11554,551404B0117F848A
11555,D674F8591E1222F5
11556,AAB8D987CAD58B95
11557,320FA06FF852E9C4
11558,236B71B5147E3220
11559,37BDB45F5263C72C
11560,72D36DECCCADBAB1
11561,E283F247A24F3ADE
11562,80FCB877BF0ED997
11563,62432191BA622441
11564,C8975EC080CEBAC1
11565,53E5BB88D50D1CD7
11566,33753CDEE608C7EF
11567,420C154D46C3933D
11568,96887C5531002FC2
11569,9E8B32CCAB76883A
11570,A32FF3B5C6431B9E
11571,AA66592706C08A76
11572,687C09575CEA9B34
11573,959F72FD6EBE55CE
11574,ECC9F587D15F54CE
11575,D7BE592A5021D340
11576,85AE24B8E2A24BB9
11577,AB24C2C767DC9456
11578,6952D4A7991ECBF8
11579,1ADC931912C516A7
11580,57A3BA5101A67F70
11581,9DD9EB4E0B0079B9
11582,B1C36283C56EEED0
11583,74D2BD36CEEEFB49
11584,3B0F6465B1CBA46B
11585,62F7885B54D108BD
11586,9FAFAB84E65D7FC0
11587,887F8654E3704B0F
11588,C3EC9C3E844121B9
11589,6B29D84149D01E98
11590,129AF39A13D2E9F6
11591,8923113228EC1F72
11592,9CB646D5F48899B5
11593,DB89C511219BD30B
11594,9E2A47CB17E79BDD
11595,2A14CA1CAAB390D9
11596,F9643FC5F1529501
11597,40E874BDD3C0B4B7
11598,DFE4BE8A8A19E184
11599,5417D5396371314C
11600,BEBB359F5E8BC8C5
11601,C488B01F56874CF2
11602,B21CFB31E284109A
11603,829B8D2A7E08EA08
11604,C080E6AB764420B4
11605,2C78D7B307F69384
11606,4A6583629AAC9D22
11607,7C8D502874DAB3D5
11608,B0299AAAE294777F
11609,8BAD6C60CB4FA23C
11610,31356FA9C22E6A37
11611,BE91CDC900AE6716
11612,9CBF8248868249C7
11613,1B9D960405CCACB9
11614,6E0892C07238B010
11615,2CAA7F74B63E77EC
11616,4A862729C35E8A67
11617,AB0E34F024CD3D94
11618,BE18C648A8648959
11619,0CEB8FBD1E83AF04
11620,50DAD448F609E081
11621,1D8D5132C0476C67
11622,83C167E94903AA36
11623,A40A12A3FBAE8A51
11624,C8155203AF355EE8
11625,13B6E22F37472E00
11626,315812374F4DB788
11627,A5E3D9AF96526807
11628,42D5785DF704DFF0
11629,0394EB2EE6FAC5B1
11630,3718DFBF08C6B78B
11631,38989B3D9BF14000
11632,6E91E136DA201960
11633,6B5496548FF337D5
11634,34C4D4CACC07F93D
11635,70007A355420DC77
11636,22E170B1A0C72449
11637,37BF2EB1954C928C
11638,B74772E3FD755392
11639,68EB18BF5BDA8D34
11640,FCBA6B240905F67E
11641,1B315A38463C9CD7
11642,44B923124E4D21C0
11643,FC6231C317272D9B
11644,7B182BCC378E5C85
11645,28E43EBF7B4EC0E9
11646,BD34D66F40F2B843
11647,F1B40E34E331CE15
11648,47BBFE29AA85E5DB
11649,9F2DBFE04D9A3CCD
11650,1808BFE343AF8EBB
11651,FFD30A48413C1A53
11652,9BDC3277ED6912A5
11653,8A4D16FF1B0C9335
11654,C0EF3AC766990D8C
11655,3365CB3732CA4049
11656,83EEDE55D6ABCE03
11657,0DF48D2ECFFD3623
11658,BEAEEFDE26A9F947
11659,00598B3A0BE7ACAF
11660,D7ED40F1C19F8A22
11661,608BC50445636A23
11662,43846FF4FA4F594B
11663,04A3A230C95EC2EF
11664,48C94FF2F2D501FD
11665,8D5B828F2BC762CE
11666,0FD27EB462EC670C
11667,DCD208D193EB063C
11668,9F78CFA6752FF40C
11669,CBAA7E5272496E74
11670,3B59BAB7E34A9EC5
11671,1C1A676CAFBD5193
11672,E5B4FC9C121FF3C1
11673,F10FC0B5FBED139F
11674,F8235C2D916E000B
11675,64A42B8763ADAEDE
11676,FDB0FF9AEF074CDE
11677,EA45B05723DF8FE2
11678,6930A91A471BB04E
11679,611B4DE7115BC504
11680,9F82222C353A4763
11681,0C5E35D7B2FF5E64
11682,1C193C9D8FF8A413
11683,86E872DDB9734BF6
11684,3A797928C93D2965
11685,412E731844CEFCF0
11686,F57317F8517CF3F3
11687,4C216E955CC0E923
11688,3F09A2240D145B7A
11689,D2C90CB25BC6D23E
11690,FED5D51CA6FD29D6
11691,58195640CE8334AF
11692,D3AFA8C34005F2F5
11693,E1AEF5C4D0265E0D
11694,48FC822D4ABCD663
11695,6225CFA8072DC2AA
11696,FBFB46CDC074CC4D
11697,4C9B0940DD46501C
11698,32F013AC60B40A54
11699,CF8CA7159E1850BE
11700,9BDF89748CB02268
11701,A97A871FD74BD9A9
11702,8271C7FE0FEF223C
11703,DF1FDD4ABF923C65
11704,4A6A90514EEFA60A
11705,CA9A0D31EC9FC1E0
11706,653766C63FF304A5
11707,C6BB05B00EC8F79C
11708,A743E8E94390358E
11709,C90598FD142B5D24
11710,587283687632F9C4
11711,D8112C0CC663F6ED
11712,EBBE2049239907B6
11713,6631F83A16AF7B18
11714,8B254003C72FF425
11715,E4DED4E7EC37481D
11716,46E6EAD0A65F9AB8
11717,5F0018CB8ACCAB19
11718,48C1AA192F0E4BB4
11719,034619AF41460B22
11720,9A3B9822520EFA8C
11721,41A4078AE887FE7F
11722,CCB81CF2E48CE4A5
11723,F7B03DC8C2D23544
11724,0FA2F0CB66676821
11725,06B100B9798D3C09
11726,E8B1C15C36776C18
11727,AFE1312F924BE9C5
11728,7148873222252B25
11729,0770B2630819AF06
11730,6D1F83FF997F6EA2
11731,443ACD1204ECECAC
11732,150C27D0367DECB5
11733,232B2887DF7986BD
11734,2190818DC23D2D61
11735,7B38BF81688BEB9B
11736,0EDA2CAB5A7AD0C8
11737,CFE74096799AFAAB
11738,4CABAD399271F0F1
11739,FD8BC96E7D1A9FE2
11740,741B5F7919A7BC07
11741,0D80B22B3C64C2B8
11742,7A36F1AB2FE45F57
11743,E11258F5D5485DBF
11744,AEA2B462CA1B3F93
11745,31745F08012E9A45
11746,69D8CA3C55AFF888
11747,9ECA88DAD05C3735
11748,E184E46DF4850316
11749,70E38406159454BD
11750,97E6688E56CB6443
11751,B9C712E41134174C
11752,44EC65E4ECAF9144
11753,9650F0635C5F890C
11754,53882F9EABC682DA
11755,80B75C578B475886
11756,A54E2D39F989854A
11757,21B85FBA14BF02F8
11758,FAE51D233B0B7E3F
11759,1E886A51CC150E88
11760,7AF8B1BC4F1AD590
11761,C1ECF82652FE35F8
11762,B8A43D995159F0E8
11763,0346D510C6B87FC4
11764,45CE7F973654D2F9
11765,AF21A4C496427F9C
11766,0FD48EFD2A0217AF
11767,AE16ED20B2BFCB96
11768,2A184871EEE30C75
11769,0F1EE58F04BEAF5B
11770,B681DAFC66207EAF
11771,6E25D6B124CB0C70
11772,FA1BF4729A36B4C8
11773,1B6ACA821B725DDA
11774,149CDBDEC91EB82A
11775,97BC9908A0BFE9BD
11776,1967CCDF9775AD2F
11777,1C6D1B0293433B84
11778,DF17B942695D8E14
11779,E989061B106B1D81
11780,92A44429F1BD4D8E
11781,C84469565C627AA6
11782,851C96F772B2149B
11783,1E760D5EE8F883D9
11784,42577725A5FC1206
11785,FC8F364C3F672FC4
11786,E20C2148AD0D90B6
11787,FA983D843F147669
11788,F5E3E930CBFF285A
11789,1AAB71FE3F4BE9F4
11790,AA0EE07D89A4ADF3
11791,10D0357BE3F42B9A
11792,2DDA090161A600DD
11793,C1B4BB6263418CAA
11794,7D41012A11C5FA57
11795,F85718A633E1CCDE
11796,ECBB80F44FBDE64E
11797,58F431FDBB3345EB
11798,53EDE4760BC179AE
11799,910E412B17BC933C
11800,EC0BF0C62ED2EFAF
11801,AD88148AFFF7CF7F
11802,81B631557C617E38
11803,53092C1324C14B32
11804,54A7C9ED58926EF8
11805,58639CF73797C5C6
11806,B1FB4969E30B58F3
11807,5C715954439EE5BB
11808,078C2FE1436B15B9
11809,3B7CF6C56EEA70B4
11810,7D12AF4D8D94FAD5
11811,2BACC282436CAF2C
11812,AE40C9E9045BE208
11813,2646EAEE1B6300CE
11814,AFD5D6C31FD8AE38
11815,4C8C2F289656C1E2
11816,079A14F75897A920
11817,5E526D42821D8468
11818,E080707A22C7D2CD
11819,840C5574143A0FEF
11820,2C5E01570C0D856A
11821,1AADDF35E21C1941
11822,28439FBBE9D00481
11823,A40DE3793E27A1A9
11824,3F0498DEE226DEF0
11825,734891C8EB885CA9
11826,06314B82B1837AB6
11827,A19F0F6992FD97F0
11828,5D3097CFAFCFB371
11829,8FF984C9EC99E241
11830,2A44AC1835376236
11831,52B2571E80B2075A
11832,DC0DAC073C5F2BEB
11833,FC2E289D90654025
11834,48C6E826FEE42B9B
11835,52612F6CEA32F28D
11836,7F1F0C5117056BF0
11837,AEDC86494FBC5F80
11838,9CEA58017F40CF8C
11839,A36A0B54774D4004
11840,37B9F92C3D6584BD
11841,BD7D62D0A31DE4F5
11842,383C25F2EEAC0841
11843,66AD25BC33EEC7F6
11844,E1325B0E9E153FE6
11845,188898BBBF42E786
11846,A88AE8AEE728F188
11847,CAFD34EA0BE2ADEC
11848,8EFEE38737F1C698
11849,3C94DF8FC66CED72
11850,707FF993AF42F84A
11851,7096DD4CB7887C4C
11852,C9AC7961B2E1DE9C
11853,7FDC879D943C6027
11854,0DCA2B3C9FB0830D
11855,E26B8EBB17FCC1EF
11856,1B9004EAE7D3D05C
11857,A41D9C68460D913B
11858,4739E15B795F8220
11859,DFE93D2932E1B327
11860,A856FE62FECB4697
11861,9F23952526672987
11862,25F1B31AF076D9F9
11863,C73C36428EF6F0CF
11864,90EE3BD7104E4951
11865,1C06887D348D0DFB
11866,CF6D13A2047C9F8D
11867,EC58C28D932D4DB2
11868,69F5B1A51D949F6A
11869,F75DF265C6FCCBFE
11870,FE2ABBC517E20C22
11871,55A755DEC048F914
11872,F48F00CC14DE569C
11873,6E2CA440D6C684C0
11874,AA63D4127108427A
11875,5B1081E71E5F6F2A
11876,7AD5A13CD4D31616
11877,186D241F1FEC3510
11878,152E99000BE08AC3
11879,3ABAAA2B53330AEF
11880,FD4FBF5F87ED41B7
11881,CBF51C5B46AE44C6
11882,936431748A658E06
11883,FC45BFEA9223CC04
11884,D35BA929062DFD90
11885,D32EE66A258D20B0
11886,9CA88110CF6A4B27
11887,704FBF498E3C4256
11888,30619AC5580666E2
11889,D297989CFAAD0BE8
11890,2DEA2D50629D7DA8
11891,1B6858B7D52B2892
11892,E84ACD36445EF2BC
11893,AC6FCAA4DB8FD2DB
11894,FD06EBF94496B48E
11895,542AEA363F315EF9
11896,BA00BF6B88E705B0
11897,F9D0DA4B52CE646A
11898,AAB44A0DF454FC06
11899,2A82A7F9F84431FB
11900,BE2906D37A28C559
11901,6C14B8537D9538C3
11902,1396E8048EAD249C
11903,1FEEECED7E98A4E9
11904,436E5B254C5C48BB
11905,11215F68E6E8D1FE
11906,88E1E54E028644FB
11907,2612DC46D62D1D7D
11908,FDBE688748A0B1A7
11909,10EBBAD528E619B3
11910,35119342AA1B3804
11911,D01DF066927CBB65
11912,11E62E3350E0A642
11913,69AC5F1DA9D12AE7
11914,907F83F8371A6737
11915,556A42992E8F1A00
11916,4C91C067D1D35E35
11917,3D08DAC0DC11F8F8
11918,CD7246A72C43E597
11919,4816166D490FAFD4
11920,1E9B434B2E43ABD2
11921,69F18F74C964C707
11922,A4A09E1F062FE6B7
11923,8E791DAD55DBA353
11924,1E8405E5D8D1556D
11925,35EED495701472BB
11926,4183A97077924213
11927,52CBC9D0F5BDD68D
11928,F2720FF9E21F4F70
11929,06908EF79D157DB7
11930,B28217AE4F53BCF7
11931,FDF72DA8E99AAC72
11932,162D9B9048B67904
11933,29D24545A1E1F8F2
11934,968193600B876437
11935,E143ABE323FA8422
11936,9FE9D30B6F5BD048
11937,02E5D4C8706788C3
11938,A7F668183E8ED6D4
11939,E4C81E4E44965EED
11940,CF6E54CB24E33F6A
11941,231339529EF87718
11942,EC176523369E54C8
11943,DF5A661D6FB91C36
11944,A8E277B78AFD0CEE
11945,1F78B79883B9EA58
11946,B0DEFBA02A1E34DE
11947,556B75C821EBD6BA
11948,7397D9C77C25767D
11949,90F78203CBFE4207
11950,442E57B4923FBA07
11951,C242AFB73216786D
11952,D922C30401BAB228
11953,584611799939EC89
11954,4C347922BC531129
11955,655FB16E787DCE3A
11956,D67C02B63EB365AC
11957,AAA6A36A4B86AA37
11958,E80CA283AE419812
11959,5F9E069C4179BB57
11960,93982A1C277D323D
11961,2958859E851364EE
11962,8190516B223EFC6D
11963,24EA636B061EC0B8
11964,50278D5A41D1170C
11965,8FA8A04AECFD8321
11966,0366526616BFC5E7
11967,F912DC58FE3C78C6
11968,729F49AF8EB49E1D
11969,DB320AC09579ECD6
11970,A56048A5B09D4D8B
11971,BAC9D2361EE03380
11972,A97E8CD63D2C5D69
11973,5D725390A408F7C5
11974,1BB9B27DA25AEE52
11975,EB63629234D327F6
11976,1E9051A797CE01BA
11977,4BED984C849523F3
11978,965AD5089C4488C4
11979,A7352A47CF8F82D0
11980,8D5C11F0909760E8
11981,4868960D56FB331A
11982,854D92EEE4795AB0
11983,A1E6CFFA14DEC113
11984,7DA240917DF37232
11985,AAF5D49CECE66DA9
11986,3F8FA84EDF8829D8
11987,64452FC6EC805A98
11988,D48C9F2E9553DCA3
11989,CD1E3AE9F763B974
11990,D4B62B0ECD50FED4
11991,078276F8D116EC13
11992,248C6F449E494F59
11993,6B79E4CE0C5EB036
11994,7C1DA1F535F4D6AA
11995,36299E579650B7C0
11996,FB56136E81155B89
11997,4A747AB84A11083A
11998,51E6DF710228CBDA
11999,768C635DC1A00EE4
12000,BEFE3EB5D54C6422
12001,41CA1D290BC85F20
12002,0724AD09143075A4
12003,CC2D99B5AA36A707
12004,35528C2A002B6474
12005,D2E4BDFDA456EFE8
12006,6F98945D7D4B3EAB
12007,F406D8CB7C591DD6
12008,8C96B01E6E0705B4
12009,1E17D8688D7B4957
12010,95DF72498B9247A5
12011,A0C6697A93409CBA
12012,B9309A3726695807
12013,D8DA4388D20C9613
12014,DBBC39C066541E45
12015,E3E10D0F282577EE
12016,7E5737B219E56908
12017,E74DA9AC2DFF17A0
12018,A24728A4CD87A29E
12019,6317E4C58785F2EB
12020,6E18D2B4F1A4ECD2
12021,10145EFE3D897AC2
12022,9DFB7E4CC281882A
12023,CB36EB2C0868DD32
12024,F9852888422C10EE
12025,FE82F3B89FFDDF4A
12026,F123E85FCE55D01E
12027,6BE12053987FA37D
12028,6DBAEE71A48A872D
12029,A07FC7A25BA636C4
12030,3B81B3AEAF648A17
12031,9AF4BB83282984E3
12032,A1475D236EE001E7
12033,53E12EB7BDA3EC0C
12034,9C011CE10FCCD79E
12035,33CBD8C9008BFFA9
12036,C68008A4EB90A4F1
12037,926DB830A2E9727F
12038,4F897C05F90532CF
12039,224F69B09AD311FA
12040,15251200D42E99D6
12041,274592DA8AC82BB1
12042,0C1A5425B195AA83
12043,9ADBD613BB35215D
12044,6CB979BD950BA9F9
12045,68895530AD0D0789
12046,00E20C68D12C898F
12047,D827F419F55A6D22
12048,46EA8BC2F06F2F0F
12049,087BF6EA1B35A6D0
12050,E682BF6C9333A9A3
12051,5AF729EE904FBF6E
12052,2C1F14108A3EC623
12053,ABA2153CAAEEBF87
12054,8FE401500DB1FDF2
12055,D04800C6CC774AA0
12056,4CB7D64E1DC7D4FC
12057,CCEC6921EA519FE5
12058,2244044F0483D7F2
12059,3692CD912FA05F2E
12060,A196CC59F37CA5E5
12061,AAB1F24CD5B6A5FB
12062,1F1F032F74DBB960
12063,A036C3A1750F4CA7
12064,616F794598D7130F
12065,60483E1970AE2688
12066,081581DFE0786480
12067,C5F9DFE2EEBB05E3
12068,98D36F70EC687CBA
12069,293F46577F018C4E
12070,47AD7A378B83E0AC
12071,833BCFC5D1B0E1D0
12072,34E5D3B913414CE1
12073,0DD3EC9A6CE71841
12074,BD905284CF22C75A
12075,3E1D2E19B67F7E2F
12076,9FB2BC264802E0A1
12077,926AFFCBC87BB903
12078,C45CC928AAEA9C7D
12079,171059F797CB72FE
12080,C930C794063BCE12
12081,D9B3A6FEBC970312
12082,DDB59E86051129A1
12083,D718EE25CD134997
12084,2F6F7502CA749EEC
12085,83C6336D78B1EEAC
12086,D99F1A4999ED4FE9
12087,5F0705A1FFDBBB15
12088,4167B330C864F9E9
12089,C32D2B6F2BC81D10
12090,A4EB80D6084D7556
12091,BFECFD984AB98C88
12092,C1300C478D506FD2
12093,FB9CA00C56DC8C23
12094,C85FC3C0D63249CF
12095,8B8EB66F93BBD401
12096,89F730C5D16BC50F
12097,C5C146EB02FEA2E8
12098,89AEAB5A6B1F6F54
12099,33E5709FDD1B8CD6
12100,CE8CF4A6B473167A
12101,EB827A500A46C0DC
12102,282B00E38D4E1DE0
12103,8FF952FF3CAD652B
12104,9424966972233E46
12105,DB7F8D2D858F2950
12106,B5C2302970DFFAF0
12107,37B4409A939C2A54
12108,6B0DF324A24F659E
12109,BE04084EBF1AE489
12110,33D5A3C5D6372772
12111,4348707DCF5F6EF6
12112,65491122C9344A82
12113,E9BCA8B6803D887E
12114,C24FB8D59C6E74B0
12115,5EFF69840E95BFD1
12116,73D6F41B0C22F8BF
12117,99AD6521033DC230
12118,C001285A47F653DA
12119,2458A2D9B99381F1
12120,D4E69950EEE3EEF5
12121,EDADBA191A85E9AE
12122,4581AC130E4B3C31
12123,078C267C81056ED0
12124,10E1CE011E80C10F
12125,2DF16AF514EA5821
12126,7871D721F9DE52CC
12127,A1EF56D4B0816086
12128,34F824CAE390C929
12129,1426A3E91C14271F
12130,8C8B4DE3C828DA6F
12131,F444ACEA3A4F574E
12132,DDCA6E99DEA8FBB7
12133,7AF86C6A25620355
12134,F99F1C5B61F4751C
12135,4F641C6A3609A8A4
12136,5F97277F292C3BE5
12137,5C4EECD41D748183
12138,352C1920525345F7
12139,4C6ADF8D3CF88115
12140,A28E02FFA3B7DE10
12141,8BE62C211DA09AE8
12142,1D7DB91DF2B38963
12143,0257698B7A58BEF1
12144,CE0F9E09A2530B0B
12145,FAED5124630A819C
12146,3AAA9ED85694D12C
12147,42163FD2F5968C71
12148,871C0D695E72C5B4
12149,C46494F8BBE99826
12150,50F81D125C1700FD
12151,76FB7B49DD08E678
12152,2BF43DBD2A1967E9
12153,1C848F678FAE322F
12154,2333597F16C69D6D
12155,BE41CF54FFAF0578
12156,359A048F30814A5F
12157,A25FC29CBF9FBB51
12158,16D5D2F1FD5F9D25
12159,D05F009D2B5579DB
12160,9F4D731B6C6D43B7
12161,731EE9186762EC96
12162,7894AEABFE79E0D7
12163,E40B50C9DD13DF09
12164,3EADD1EF4588BB44
12165,D6480F24AA287B8D
12166,F7D10AE0DC61E1D7
12167,CCB1BFD1AEABC7DA
12168,C1AF4049346FF4A2
12169,E535EF9D112CF3B0
12170,01E06617F4418733
12171,67E5874387F11836
12172,DFA5B853D39843CB
12173,D52066D9B55489C3
12174,62526C3465748A52
12175,92AB96D25E98FBC3
12176,DCC7E30736A305DD
12177,0F90974AB32DD8B5
12178,2C5D8B1F29F0CD5C
12179,428305C20D504C03
12180,ED38F90F4239D2B3
12181,3885B538DA61F0CC
12182,5933BEE16E74DF15
12183,B509E3B855EA063B
12184,5B72040836577020
12185,E4D1F2D058665F3B
12186,51D2843747429B10
12187,0F9B3EE35BABB3D7
12188,58FCFFAA2A2961CF
12189,3E6B81E227FE5FC6
12190,DBFBD765E443E2F9
12191,CABFE02E2CFC028E
12192,BC05F59226FFB48E
12193,EBCE0B40056F5E26
12194,21BF7176486A7C57
12195,A86ECEAFEAFBEFB4
12196,6C3E7C3742A2E707
12197,9F9CCCB1FAEF5E99
12198,6152A8186136BE56
12199,563897B81F349A69
12200,48B29036F69F2297
12201,D361416F4842E9D0
12202,B8686D016FC747B1
12203,410191E4ABA01D2D
12204,8DB52AA33ACE70CB
12205,CE7BC46ECEA98DE4
12206,954D2AB462DF9C48
12207,DA73F37349C6013D
12208,DC3D1692B9B0C97E
12209,56860C4DA7EA7D6B
12210,9677D3F683EA5262
12211,CD8F7B395BDCDE2F
12212,42EF9D474DD7AE8A
12213,096862456AE18CC5
12214,6676BA9482EBF992
12215,766797FDAA3850C9
12216,B5EE490FECF52568
12217,8E58D902B6435046
12218,4FB9B5A874918C8E
12219,CFF9582B7359D8C8
12220,E6B84D2E20E96609
12221,6B568D6A041FD7D9
12222,A96CB49E8B3C8DE5
12223,3AA7BFACB413F5FA
12224,60B4CA8C60B87062
12225,AB10D46211223159
12226,0274046D54096A23
12227,788945B6C212659D
12228,C58473BA7ABED7F4
12229,E93DBC1AF762EA5C
12230,E6E463C9D37CD8A7
12231,A7FE6B9A0C0E3F99
12232,37D85B7C365DB7B0
12233,8146CA1660B44A82
12234,81870F393406C1CB
12235,2B847CF03841A793
12236,E5350EB5F2B3E58D
12237,3DA827B8DD865AA6
12238,A6D2142A9A9D1480
12239,EA7DF6806A94A240
12240,EC05C2BFF06A0B4B
12241,D7D2A48FF0529526
12242,BFA8CBFCFDC69472
12243,53EC58E1DDD77450
12244,3C47966311485178
12245,55C6CF7BD6F0F423
12246,3A78977F1EAD5F23
12247,1A9A577E79D3BF80
12248,A78096CC3518F83D
12249,44D22D2ED9CF667F
12250,FDE3E271509B491B
12251,BD0A03325DBD8408
12252,B24D0F5CD3940E34
12253,773C23D754EBA495
12254,9D268165F3468E6D
12255,C846F092BF4EF20A
12256,7073DC61E710EEBC
12257,3B44003FE50F9C59
12258,97795FC1FD38AACA
12259,08AC11577127B872
12260,70CAF601283AAA8A
12261,B7AAD8C6A0397666
12262,0DBAE8658F09268F
12263,F73E9AF09B58C87D
12264,C23D8B8A8024C520
12265,8D1693976A20030A
12266,0CC1E0F3242DCB87
12267,DFAA52AF075F7D38
12268,765C285A40D38480
12269,14D95E4F5D697528
12270,CA04AD4CE6A84242
12271,1261BF4D269BA021
12272,1CADDAB88A7F9C4C
12273,7BB935880A1C632D
12274,F37B7C45C5C6E907
12275,32036F6C35847990
12276,98DFFBA743456945
12277,A4C826C8B2D68C37
12278,EBCFD1175C5B232B
12279,A85865F241A655F2
12280,0F82663EA0706A6A
12281,1975AF49EBFF77E7
12282,6ABF4F30A1B0C0DB
12283,9576649B2605ECBE
12284,181034DD7BD0C138
12285,D7D4BFBA89A92609
12286,C59F24B2C7DB002E
12287,517D2FD4DCAF0581
12288,D6462FB0A9B97907
12289,E164BE1ECF2329DB
12290,AEF4660C12AC5C8B
12291,6084D21BF638D10D
12292,D207405E52A11C64
12293,5731165ADD10F835
12294,ACB4E30F7F6B3D15
12295,B6F439B5FC848EA6
12296,16B7D58E66D139EB
12297,18440310996F1374
12298,321423FBB8B282C0
12299,35F701FC20DC3C65
12300,51ABC31E93367137
12301,FB6BEBD1D5DC7634
12302,C11AB0122808B037
12303,37D0DA7D4E9AD657
12304,0CBB465C67B6661B
12305,6EA2A957DD05EA24
12306,56741FE2E69C753F
12307,A8CF2406E1941848
12308,A466649135AB5D36
12309,734B8734835ED2C0
12310,186B986DA09889EF
12311,2A5FE9A361D60995
12312,2C147A662E21097D
12313,0C7FF5A5608CC8B3
12314,A926C23E1C4B6D12
12315,8CDA5B5B8E9438AD
12316,DC291D0B3C455200
12317,9A781A72B2FBFB98
12318,F99C7ABC92566EF0
12319,A5F67D48DEE594A5
12320,317438ECA4691AA5
12321,386D2AD5F006D891
12322,D848729EAD8E9E6D
12323,C715B6FF1926FBD2
12324,9409FA894A075965
12325,E8F3B01D4F0C5739
12326,C480B7B901CB7B71
12327,2D8BBE677CB9154A
12328,27AF93AF3F733776
12329,156DE6FFF8DDCC69
12330,87488A9D82485D49
12331,288181085C52B6C2
12332,ABED7C8953A194B1
12333,1337CC9E9F820265
12334,4B09F99218898B7D
12335,19AC8B5C848456D7
12336,8BB058E13DDFA76F
12337,60EC8098F6A9C7E7
12338,3BBD0696D5BD3C85
12339,2297B2DAC9FAD2AB
12340,F34D4B541EBC1E0C
12341,C112119052EB61D3
12342,4FF5C22ABF671B92
12343,5FA8E3A0B591C15B
12344,8036EF79C5AA5A39
12345,23B0F220B9952903
12346,5D85246AFB2A112F
12347,223AA29C2BCD770F
12348,8DFC64151B4ACCA8
12349,C6297B0397F5E1D8
12350,BCEDFF677C7A7F83
12351,E661630BEB62825A
12352,A4664F33BD4005DB
12353,81159D825679DE16
12354,1C6A00FCE874DA8B
12355,11B7B7210A1EECAA
12356,AC585A45EAA12F79
12357,AB9282C7D62BFA7E
12358,E328F2272364B41C
12359,4C44C1D412698B9F
12360,E9676D73A5802500
12361,0791E1DF8B48AE23
12362,83B69D6B5891473C
12363,CA9DF30BCB67662B
12364,1EFEC28F9F031CEF
12365,E32A5056771FC07B
12366,BF3D9EF1774241D1
12367,52467F9382AB173A
12368,572A28CE61693092
12369,B7DEDBB35E413495
12370,720D336A4D72790D
12371,8104E5D9D241812A
12372,0B2A462EB0226091
12373,F1EEBEC4CB083D6C
12374,1D8AC71DF854FB3F
12375,0DAC6B376458EF52
12376,5670190BAE75212F
12377,0D2DBD44556CD1DF
12378,BB28862BF10376E8
12379,134A7F62E87BC5C6
12380,A8B3F1C210C8698F
12381,16E4229E2054E5B5
12382,5F34023C0CCC6736
12383,3B9489CF0648C28B
12384,FAB5391292CC1F76
12385,68B509207C46DE4C
12386,B44720169E0C77F7
12387,152253A6CF27C64E
12388,75BD157640C47FD9
12389,53A5728FEA631BF8
12390,E244CAA340D94491
12391,9C95BF708ED192C5
12392,8FDBE946F475B295
12393,A0763E4060628E37
12394,D4AE1E97BCD1476F
12395,003EB35080FFBA87
12396,E957916524E3ADB1
12397,D98D63273544C24E
12398,838C86DD207E8195
12399,C12B756654D49E30
12400,CF6A7B1DAA9AC7A3
12401,33BC4E7322C4CF47
12402,D29CAF700FEEDEE9
12403,EF633DB2AA657532
12404,937929DA5A91BA3C
12405,92B41F679194A0A7
12406,D81C3524158A7154
12407,5BC9466655C35E17
12408,9525188F0B2744A5
12409,19D8B2921B93BC41
12410,C9EF06A32EC976BC
12411,6D2E00CFA4C5B948
12412,224E8A85B49C7AB7
12413,7CE616D11B7DB679
12414,8CDFC8383F3FE156
12415,D4BB304D574BCC49
12416,B71B8BD6ECC59C49
12417,95ABE52548278F90
12418,791573517D6C9C65
12419,1D796D0DFB5B898D
12420,28FAD3A1D1033A16
12421,C200A04DB4F181CF
12422,1FC77561AF4C9408
12423,F8CC16500C22B094
12424,C86478E6EE81E569
12425,A103168C2F72328E
12426,C17CF036E1E97254
12427,86649246B5E0E6C6
12428,82C8D17939422C07
12429,BFF037CB652F67CF
12430,4615CC006406B6CC
12431,3C204DCB54F14471
12432,F1B2FA1BC798528D
12433,81D03015332B5474
12434,B2377848E88846D7
12435,E58B34AB21692FD3
12436,2544295ED62980EE
12437,C068E836037C60E6
12438,C1AD690D05CD2F74
12439,B7530018F38AB4D4
12440,F52E633C0607F2A3
12441,B8F17E26E05F5214
12442,301439E2A1EC216A
12443,8C4EB4EFFDE104EE
12444,2381702A9F00B43E
12445,275BDF05747FAF4F
12446,0F9F1D9157E882DB
12447,C4FC912743397353
12448,A86BCB2033971997
12449,F18AD6AF3AA73210
12450,205439A5CFCE5CFB
12451,D85BAB1C5AD32106
12452,71958155C95AAF2A
12453,00087D299F6840F6
12454,281A633FC037DB43
12455,BB8D4CFE4041FFE6
12456,222F39A013D21DB0
12457,7324B66D5847B54F
12458,1AB083D02FDC323C
12459,2BD5B36928405F60
12460,203403C261B1E590
12461,E2EFA2DF5FBD0E38
12462,DC9E8462FEB2663A
12463,05BFA11FBA97AA52
12464,66E27D4BDDE6A881
12465,B44A655FC942943A
12466,B4C6DA0B013A9E8E
12467,4329A9A50D1037EB
12468,45EC1E692A0BCB3D
12469,D057535D6E771133
12470,7C3D450568909ED4
12471,60D241F241EE87E8
12472,8AD54D2BA02D5D1A
12473,C01C1574B4846ABD
12474,19F8C570677ED31B
12475,51F8181AB10E513B
12476,B0E362FBA7B400EC
12477,C2123D60D76CF4C3
12478,C9893A71332E93DC
12479,12EFBBEDF58319F8
12480,7EF6EA6538B8D69B
12481,859551E5E1BFBA3B
12482,0824B322185AA976
12483,AA46D201714DC208
12484,931321EF965F1F3F
12485,867666D5F5C3AEE0
12486,7F0156A10A2132BE
12487,B5529D0115F5A470
12488,7B8B88D23A6D5C6F
12489,8B60CDA954E0177B
12490,4EB1849E018A51DC
12491,993A5B58346A684E
12492,EFED7DDA5F0A3F6D
12493,ACB692AB6CB21D84
12494,6CC377E0BFA95A78
12495,B9E07A74523418C6
12496,7F46D0B1CF748747
12497,51ECE419C8F79576
12498,1A755AA3CC50E168
12499,49B5C6AEE6C06F21
12500,8D9735089804609A
12501,8D75F3AE4158A808
12502,4E10D1A3CF28F033
12503,D74B98D1E1246BE9
12504,6FC2C67F468BDD43
12505,AE1D4D0F418517C9
12506,EA3D02B7726D1775
12507,BD47D53F48B4BD39
12508,23FB894DAACBC648
12509,5F2C19CBDE4AF8A6
12510,49A3FFA905EF965C
12511,4B9722291549CDEE
12512,7F070B171817488A
12513,3B9AAD1E39E082E5
12514,15608AAC1DCAB8B5
12515,F0AC4696ACF35106
12516,36954E26B5150CE8
12517,2413B99268F78665
12518,15FEF10ED58F60B0
12519,549A5152EC4E3133
12520,CDB34B4BAC897ABD
12521,1078A1F0912C8CCD
12522,752F2E23407C31F7
12523,2E13D2765FDFB8F2
12524,EC63A78D76491482
12525,2C987E43D80CA814
12526,E970F1E4F1718578
12527,DB5BDA4B1AAEFE72
12528,7E3BAA71BDF6AF19
12529,D5A8D4E544F95E2D
12530,A15E34138417C5FC
12531,B42D29E47B67C6CC
12532,0724529911BE998F
12533,1C96842A8809A82F
12534,410EBF234658A2B7
12535,30A2B81D4982F91E
12536,58BF1595438588CA
12537,CDD4294634CA9B49
12538,B47F9C381082CDFB
12539,961F7F8DE23D2EAB
12540,EC5B46EC2F9581EC
12541,4A192939D69E7DAF
12542,7FDC8AB9059E719C
12543,05F3E1211B0FCAD5
12544,2568B2198567A901
12545,6FD850EF86B82B04
12546,98F3034E14730BB1
12547,147899EC3F9FBE0F
12548,DDAD56C55E69919E
12549,2BF9BD8D91F83264
12550,2E81BC582DC6A05F
12551,31548676693E4798
12552,2D31CAE3C57D7C47
12553,EAC9E75EAEB9D641
12554,85B0EB50C5E36BFA
12555,E84B651D75957BA6
12556,EC7DE968187407FF
12557,F35CC3DC5F4894D6
12558,56AEC202A2D657DD
12559,7894B7935F8263E6
12560,B959A04A191DB300
12561,0AF003FE6FBED5F4
12562,193D67D508B77D4A
12563,10F67D292EB8C25B
12564,22A4B953B9E8BF54
12565,4CBAF0CA38B9F296
12566,FF07D244B1F574A6
12567,53D161096571B06F
12568,13E211A0B62B77A3
12569,DE8F9E125D233DC9
12570,F216971396E6559A
12571,ADFE1834F1A4CD43
12572,FBC1ADB832844527
12573,45508E078EE84E3A
12574,22FB670EF2E59897
12575,5B2189093BDA1495
12576,4B3C3444EAC8D715
12577,B5C9630ADBBC4432
12578,5924E7AA862D9603
12579,04B19CF86A2A4E31
12580,BB98A3707E7455CA
12581,70912974FE53145A
12582,6F4C576F31EA6A6C
12583,D3936F85C9FC992D
12584,75CED41B354E1948
12585,D57AF81B201F1946
12586,631D167C7E87EB59
12587,3B322F49714E9C7F
12588,28667843C90ECAA2
12589,F1FC1BDE43B1D68B
12590,B7DF4B6528F1017F
12591,796B023DF2DE0CFC
12592,FDCB29CD18B31BF5
12593,97CF4C14F0FC0286
12594,AFE47CBBC369392A
12595,5AB0BA2947A9A5D9
12596,58F89D7077D959B2
12597,47DC5B7E164B10B6
12598,5D3494AA031E7AD3
12599,9EC191D7F5DF68BC
12600,63EF3E875B54F196
12601,0DA45C1C2D3828F1
12602,31252FBA3C26A9E5
12603,1D599634D703136A
12604,C36CA815E72B24E3
12605,9615A131D1FE635B
12606,A71AB9CC51F308BE
12607,06D9F3160F36AEAE
12608,0B51721044F2293E
12609,0DC653E4345C8DE8
12610,E960A371F3321FCD
12611,5B6976E4589B091A
12612,4513EED94374EFE1
12613,9C3A8E2D48BC1654
12614,6E88152FEF864D35
12615,CDA723197896B952
12616,BF5F7930B7263B25
12617,E29EA0EC6480899F
12618,7ADC3B0D8A1408FE
12619,0359F26BB7838DBD
12620,72A7D7B30FBFB313
12621,048BD52DABD2A54A
12622,22828ADE91428288
12623,892A5B8C30EA551D
12624,68C74A9927B56A57
12625,9E81FB330A7E08B3
12626,832821A7081208E5
12627,A5002338C42E4C2C
12628,E83E443367AF0DFE
12629,77363A4E5B906C76
12630,90EA003526F4B69A
12631,C3D7653256AD7C5C
12632,0F369105F54FBDBA
12633,068C7B26508FB3BB
12634,DC04779150DEEF3B
12635,6F1F4E66B2FBD686
12636,CE8249243C2DE120
12637,57C099BBC1B2170E
12638,DDC367CE665ABF7F
12639,FAB7FDF4E72D8AFC
12640,402C77FF15BA3DE5
12641,517FD255371E1518
12642,35D71258DF9B764A
12643,CF57E8371840C52C
12644,D05E8E33BB2D3830
12645,46F088855AC07D6C
12646,F82B395AA728E3D5
12647,ADC3E1191B07CF29
12648,3DBF12BEAFC74121
12649,FAA352CE5DE5E844
12650,79316161AE23B8D6
12651,6A57C2E73D4D834D
12652,96971BFE6F852154
12653,A3E1978F61154EA9
12654,81A298AB888DF0A3
12655,F17C04E8CA878CFD
12656,61203368EC281980
12657,6AC929341895EA55
12658,7488A9CACDC5E458
12659,056B4460C1E19636
12660,1A601DC56E71D530
12661,BE1386224E6E49C6
12662,759005E39B0BCE87
12663,62465909071C2F0B
12664,F6EF0AC25B34DAB2
12665,B1889610F1FA5E46
12666,1879C7EEED06419D
12667,0488C6234FFB77CC
12668,0B2BD8985B225BFC
12669,DB5AED115E7E4823
12670,FDF63B4EB074AF6E
12671,3BA10A27F3A0D2DB
12672,55340C7B9DCD87E3
12673,0C51D3883768204F
12674,AE6D792E92A5A900
12675,B4714B7EA50C33DD
12676,18C4EE77A5DA82B8
12677,2C5EB26B9EBB94F8
12678,E83C42D18BE27559
12679,C2D6E01EEDAD568C
12680,4A33BBC0898B4D8C
12681,DDFC62909FF38CED
12682,748DD9DF67D53937
12683,BC2786D00D8FBE33
12684,C96376D96DC58403
12685,CE27ED512203DAB5
12686,37CC2D3CDEFB9D33
12687,CEF7A34176B16D78
12688,1AF62E2BC5DF0A14
12689,1109642AE16AACCD
12690,0653AE4869570D10
12691,F0015E84A600F689
12692,E139737E3F1CB2BF
12693,B1A112FE66A48114
12694,6EC9AD3573DA9A7E
12695,647D517791C4E068
12696,EBBB06B379FCFFDA
12697,51E7D620A03FD3B3
12698,4553307F11B2E105
12699,6F509E68FFB177AF
12700,B9C62BD6A27E3B9C
12701,C4E106B3AB71AAE6
12702,457AC6B9734BB7CB
12703,6EF31E3B7282EBE7
12704,F911FD468B71CE63
12705,02DD947DE5C37098
12706,D2D8A250810B2BA0
12707,421D8228941C0495
12708,044ECAC45237CE13
12709,7D21B0250C899F85
12710,01AF7D830688D72C
12711,C219B8296D51AE46
12712,2F2E97A14A7BA454
12713,86477311995C5F9B
12714,32385F096428AD73
12715,DC9D59C6E06A156E
12716,56FEB1430B77FD92
12717,781103FF277B88B8
12718,85F9046FAD917BDC
12719,CFF79A1632B5C4F1
12720,275A6D51FDFEE666
12721,38E2A71151995C46
12722,8F0CE706480A4B8F
12723,3CBBD8FE177CBC91
12724,F6BD2CDE94986E51
12725,A3FCD3748B74F2B8
12726,6DF86B46EEB162B2
12727,A13F2263A64B5E44
12728,D43F7FD1C5AAF7F0
12729,831FDA6E858FDF84
12730,C5478120CB121802
12731,0C88DF87F24D73E3
12732,AD8A69001ECFDC68
12733,7B9D40C0A0B53939
12734,96182F7001EAE7DA
12735,CA0EE50D54938317
12736,7B6FDB49A4B9BC8F
12737,32C5A690B3825E93
12738,54FD1E6CCA962228
12739,1BC7F5DB806818DE
12740,AC671CC1D1A40C2E
12741,7872EBCBC6207CD7
12742,ACF41727243CBDFF
12743,2C1158FD5EB2DC73
12744,9B3D241BB6776E90
12745,A179C87B2F4EE3EB
12746,FECDB3B9E24CF017
12747,0B869D49641943C2
12748,FE35C8551F0891AB
12749,0386C8F967E49B57
12750,181F72A7E0BD6585
12751,D54FB87F155F6063
12752,E8C750CBEF2D5756
12753,A15F4C3601227913
12754,B049E4BD9F76F6F3
12755,4159D14804C63ABF
12756,98215921CCCC4289
12757,321776B2B014683B
12758,05EBBAAC3ED2A553
12759,DC34A31114807572
12760,75B9DF80D508831B
12761,DEDF4173CB29FAE2
12762,3C4BDA7C3DBB8845
12763,0E80E7763D8CAE82
12764,0A59731D2604818C
12765,98E84354D1BA8AD4
12766,04AEA8FAE29A8DA1
12767,FA8BDF62D5101562
12768,9F304DF01206E1ED
12769,2DB4C234187DF1C5
12770,830A57D062A7FBBD
12771,55F82CC7AD0BB316
12772,3CF7BA0276C286EE
12773,A2BEF9DA75CC9094
12774,01ED735376CEC752
12775,817B52B6BC704CA4
12776,66893D4CAEF0F6DD
12777,46CDF07FCD1C1A1C
12778,52E66E2567B51A32
12779,9EE5594A0C510CA9
12780,17D44A0642550AA1
12781,48B4FB96737A3B43
12782,A285513FA12B1864
12783,434E7F744395CAD5
12784,5E587B28713B2E8A
12785,E2CEBB7E619D726C
12786,EB8551362D22DBF1
12787,91F81435D75B0307
12788,22F34EB4DBE4EC4D
12789,0A9B1871B2822AA9
12790,EEA784F077F80F99
12791,0D90130F73492127
12792,563902DA5653E1B3
12793,AABE0B20FB9E5993
12794,88ED3C99E1063047
12795,6CBA8024CB9F3CD6
12796,C2616A0D1F155DEC
12797,408ADC868746CA91
12798,8E4FEFCB1DA76E05
12799,597878B4569672EE
12800,9B5B085F02A3E5BE
12801,7354B65373659C75
12802,560EBE586EBF43B2
12803,BFF0E04CC9515872
12804,78F4D4764E3B5044
12805,985F0C228A15A40A
12806,8D2D3E517DFE3C43
12807,7497D1C2D1F00E70
12808,8FB443156E5D3A6F
12809,C013FBFA09B0F09B
12810,FFCF35E99FF60E9E
12811,BBB6E8C2031B780D
12812,A228CB6205CD80D4
12813,CBE44279E91FB79C
12814,9D8EEDFA60C8D74D
12815,CD2169AA2B7A300F
12816,B605FCA32845F2BB
12817,FBC65A160EEF6F0A
12818,D57982495686665F
12819,1262730C02D0BF5A
12820,31050B6429B2F7CF
12821,68BE356547588AEF
12822,295EF1D421395DE2
12823,3930BF283CC562F2
12824,D0A49A9F7CD77966
12825,7A3F32FE5AAF33FB
12826,778C99615B70D385
12827,6CED7F877C7BF869
12828,85C5D6835E229B38
12829,01A56CF67119A5A3
12830,4790B3B60E6FA28C
12831,2C0418ACCDC86F3A
12832,023C8254BC063C2D
12833,D8098A4B81738B0D
12834,FC34DF446C555F7E
12835,555DDE6D3D85CCDA
12836,F346552A83608960
12837,03F0665BF8A5DA68
12838,3AB5BF1E2A2ACFC1
12839,4C443C5AA3607BC0
12840,A683FC3CB1B6756F
12841,1CDE0F19C21C114C
12842,128DF12C72763165
12843,0FDD33CFEA441087
12844,ECFC23B44A56F7A6
12845,892D77557D9C97FF
12846,04ED2F4439863ACC
12847,FEDC4E39118C3829
12848,D0376AF4351E43B4
12849,BF00625170403E14
12850,326AE4BB4DF4A9B1
12851,838188F41ACD9194
12852,C64513F74AB9C5E7
12853,C595143B2F75153C
12854,217571A0104FECAA
12855,6AA036D873AF4CC9
12856,605EFAE660C55060
12857,1C51DAC93F5F2DAA
12858,3B4C1C18F5A4EBB5
12859,100CFED8A119EDB1
12860,53F777EA4B2E10EF
12861,04636128FC01B409
12862,5C6E896224FF2FC5
12863,8B3D908F542044F5
12864,245BD1D2AEE66306
12865,01906451229F4C28
12866,BC4F1E4A4E91DF3E
12867,057532658E40435F
12868,F78D86F16E758ABD
12869,8BA8250A7F13181F
12870,6BD9C0C6F582E1AF
12871,A3339BBB2EA9E200
12872,085B06D4D713C9D2
12873,8F55070C1C823E6F
12874,78D18CE8E28221DE
12875,646EB04C691875C8
12876,F25F1C424CEE11AF
12877,90DB65A35ED9930F
12878,53DBF3C6EF2F5DBC
12879,08B2BB60F73C82BA
12880,DACD2B6CF7327189
12881,80C52223B7714388
12882,D2727F1299F59BCB
12883,6359A4FCD2C02AA8
12884,DFA25E021DEEBD75
12885,BD87615A299F00CF
12886,CA90FA4099C35ADD
12887,BE7F15CFBFAC04C4
12888,61D37AC49A7975BC
12889,94A3584BF93E3D00
12890,9FFA42CD477D08F0
12891,1CB1A58DCBCD9E2A
12892,B86C42BB57D0A40D
12893,436794AB92CE78FD
12894,62DBED900A68A29F
12895,7A72FEE8B6F51079
12896,22D5F4E24EDC0986
12897,DF30FBCA89B1B0D3
12898,06890C8F36A69937
12899,399D0C1CC27E94D6
12900,15D80F074DDAB528
12901,C34B26C708029012
12902,3B1F832729847600
12903,7AB18F47BCD06307
12904,C9520E7F253F50FA
12905,9E5C1DA8FCB2304C
12906,DB500E8D80DBF21A
12907,AACDB26FAAA58843
12908,04449407586D4A5D
12909,401C6479871BB946
12910,C980A2895C462A1F
12911,6EE9428F47489237
12912,262FD81CA2F1574E
12913,AF82A5B8E7F8A83F
12914,BABDD7BE07400750
12915,C9D9276D670707CA
12916,26356AEFD3A5A3B9
12917,A765E50738584318
12918,2A0A7BD08236B1DB
12919,7E440FB9EC60A93B
12920,86313A04DB45B8C3
12921,F7724A5F2BBBC5CA
12922,777237110B262348
12923,20E4BDE92BE62C38
12924,26D45EF22CAA2ABE
12925,51C9D4DA6B2A176D
12926,9B370DCC020D4A14
12927,B3E358711FAE1424
12928,7B09A1DCCE056138
12929,C47902EB78DF5E8B
12930,7AC2A2135B7B1F0A
12931,CE5884D303E96BC8
12932,82C7DE0BE7BB3BFC
12933,0FC29A3B1F1745D2
12934,59B4BA5E8950A7C8
12935,7DC16B3D3A78F38A
12936,CFF411FFAB307077
12937,01C9B3A3AC5E2434
12938,685182E2669245A2
12939,D133FBD661C0EA4F
12940,14D56BF7CCA53003
12941,D7D866C93862BA45
12942,E9270D35582C648A
12943,842363D173AAB547
12944,521B9E3E674C6A56
12945,696A631F77ED3BD8
12946,5F389B86F599E9B1
12947,F9499C0EE3290B49
12948,B19AFDBBB4FABC21
12949,2663BB7AF44C43E6
12950,A11AB2EC0BF5730D
12951,2645ECD79BC28090
12952,4D53CA8BE4FBF73A
12953,753193886F34E733
12954,0C9C1788CD832D31
12955,082A24A08257640F
12956,1853FBBDD714B46A
12957,5766B7EA6842E0F0
12958,C819315D92637F69
12959,0378597F96F79F25
12960,83289752667D8C53
12961,2EDE6CF234F4CD9E
12962,2A2E76D1208EBBD3
12963,3A6BD4ADDE1506FC
12964,48866A439F453202
12965,3A2E675B6580989F
12966,EC915DD8AB9B07B7
12967,4F7C8B4BA042F927
12968,7069839A8E612689
12969,CDA7C6B56B97510B
12970,FD126126F867EAB9
12971,AD9A27ECFED0EFFC
12972,95B9857EF4A35E48
12973,01316E75D86E5835
12974,53807675466993CE
12975,BCB18232CABD10D2
12976,7B29C4DAD4CCFEE0
12977,CEF8690DFB3E6766
12978,42ADDCF17D658A4E
12979,75A171C4C70995E0
12980,5B3C92007BAB8E17
12981,82FEA9DA1B686540
12982,C25404FCA872FE38
12983,AE580E1356D59B3B
12984,8B28DF270A2768D5
12985,6CD4448A58185756
12986,FF0359A5D362D9E2
12987,FBDF049A9116AD1A
12988,4C943A5F4E7351A3
12989,01C60C53F07DEE3F
12990,F73FF8CC54D812DA
12991,BEAC95030A306444
12992,E5A7D53506F4DB3A
12993,B1C35AEA53C6AD7B
12994,A4321B0C50957F5D
12995,D463FF3A88BD75BA
12996,0494A7A5D11E4EEC
12997,3822EF27C741FC94
12998,80EB157AFA387562
12999,58554A3F508ECA9B
13000,E58585C6EDA1C221
13001,70966CF112DE8B68
13002,EB4697E37E6FB937
13003,B7F154463A7FC5A7
13004,1A225DACDD02D306
13005,0E9F9D04D9138C1E
13006,916665EAD89FA299
13007,3A9461A082DAB5FA
13008,B2CE167665A5A604
13009,C4B6E7D8E772CFD3
13010,3877F010F403A234
13011,F0D99BC3DBDF66A8
13012,739E5E415C81FC51
13013,3A83E00308B3CC03
13014,B21078319F1091AD
13015,0A0B1262096C7BD4
13016,ADA09469C699C844
13017,06784C2952B6CDE7
13018,11CB3D637E9476D7
13019,87BECD4838DC05E1
13020,B8B5F432DD9B98FD
13021,BBAE289294AF6559
13022,CB7E018F84FFF4D2
13023,EC1C68EB9AE3A866
13024,0B2DE84B1943EBA3
13025,04056EA90552B9BF
13026,960400C2726E044C
13027,A90C69EC74EB60C5
13028,8B6482E3E29422B2
13029,BDC1A775EDDFA722
13030,07A0204FC04F37EB
13031,44BE1CA2E3CFA1DB
13032,0AF72BA894A25F34
13033,292A04154DA7F605
13034,E4FFEF7FA4C365D9
13035,F13FDDFAA5492E17
13036,5DF5734FBA2B12F0
13037,570742D5AE458F9F
13038,66FDD662B8FD1649
13039,A4F9A886AB29E7D2
13040,FDFB7439F80D1409
13041,3C08FDFE4AD0BE75
13042,877B7A4026A19036
13043,3817ADC57CE837AC
13044,FC8554D02369F2C5
13045,5D8E9C1FEE9607E3
13046,5ADD5C3F6BE677F8
13047,28F866B2B8403A06
13048,A52496BA5D805722
13049,763145E4B03B9F69
13050,59BE940F17BCA3A0
13051,FA3B389F927F1DBF
13052,F220D7385759F8CD
13053,A548E7CE777A9813
13054,4BA862E005AD8BB4
13055,189AA77C6330B34B
13056,8047F4E8C565698D
13057,828EB01494EE49BC
13058,FE61037955C4471B
13059,6DEBE39073F91BAA
13060,876817EED1121952
13061,B0917CE32C0107F2
13062,4FECAD566B6AD846
13063,38DF1F07A2874335
13064,7786AC684890A9F3
13065,9644B6569A86EE2E
13066,02BAEEE125D24549
13067,7DA7989223FBAE58
13068,C82AFD2126588114
13069,71C88F7776EA79F6
13070,118DCDA33B2C7DED
13071,BF2E71BE9521D6DA
13072,8BE7B8DA17A01D8E
13073,90453ECCE302F933
13074,B700BB4C75DDCCC2
13075,AC9CFAA42F567CCA
13076,DB7D208513C58097
13077,64D1BAEC72350FDE
13078,597C85FAC869F138
13079,A66A816C6B8EDA38
13080,652D6582CAFC34EF
13081,1CAE5D702BB3E1F7
13082,B63E64AE9BBE6716
13083,42DD0BF1D2F1ECC9
13084,BB1BDA453AE0455A
13085,A993B80B4E4F8488
13086,25A66F58217A4F03
13087,5D03F054629C2A64
13088,F5D16B40E3EABF74
13089,CE0808AD14AAEB68
13090,4435347802C84871
13091,4F57B87ECEC95323
13092,A84267A94DAD9AED
13093,F3C51575F95605D5
13094,43D9A80519E6257A
13095,4F5476E6FAF6F58D
13096,2B7A8C053B8095CD
13097,A11F04EAA041D72A
13098,9ED630F1840C69CC
13099,1BE7ECC4069DF123
13100,EDB79702030DC602
13101,D250F0CA531E7EB9
13102,5C5518D0782CBA87
13103,5DC753BFFA6AC69C
13104,38D41FCD0E897557
13105,97D29030D764E9CA
13106,22632BFE19CAC19F
13107,552AB69405C93C9A
13108,0EA805C92AAD6209
13109,76D3A62AF16507B3
13110,AC087A2AA84A0556
13111,CBC77E9DAB681E51
13112,5B2AD4EB28CA2BD8
13113,919F5D52E61570D1
13114,184D6D3537B06BD8
13115,2B45B055FB6EBADA
13116,59F97D7F29DDC3DC
13117,AE136A9DA520D9E8
13118,60161F04F2AEBF9F
13119,267E232CD1F78B4A
13120,187A22EB0637E3D7
13121,08772BC0C0618A7C
13122,B2ECE1B985C09B5C
13123,72987D799508F301
13124,394BB5BCA29A4E7C
13125,A1D92AC2B52F5E82
13126,7986284B9640D374
13127,206ECF899A9BAE31
13128,5FD65CE27950D494
13129,EEDA3CEE2B8F2EBD
13130,15FD28330D2CF14B
13131,00052BFE17862BBC
13132,258479865DB89C81
13133,BE0CB146C89ED8D7
13134,CE9631D235847938
13135,173AF9AF8479ACE3
13136,764A8CD3AC679DD7
13137,E7C4E2B25B89D028
13138,F970EAE27BEF9139
13139,935CCCA959A34B37
13140,DE5E8BE7C2DB0BE5
13141,65296D6BD66992BB
13142,DCFE18511791C6CA
13143,5ECBADCC878B280D
13144,050AFDE3CC89A1EF
13145,8CFE469276F8854C
13146,B82D8D2C530F0B06
13147,D48D71AAD3FEDA56
13148,6B25A3871061FDF8
13149,8F399DE080EE00F2
13150,1CDE8DDB6579735F
13151,BC0246ED996060D1
13152,6CEF6484D9643027
13153,21DC826371DEE88D
13154,E19209071EB8D94F
13155,058329352EDF6C62
13156,91D384FF2630FAB3
13157,70FB435FC8554739
13158,8D0B75C514DE248B
13159,5898B36BC2C5E8B3
13160,CC69249E1CAE8C24
13161,1135D127E0931F23
13162,1572312102CD3342
13163,8B0CF176A4267A45
13164,4765E9A575748B98
13165,2F0187FC38FB4F6A
13166,CEA395104BA8A0ED
13167,92C29FBCB8E3A032
13168,51A3E467A1DF13CD
13169,A2F560D9335D3E06
13170,37DD692C4AA5B127
13171,602E304494A4DB62
13172,17A142036D60E0CA
13173,E9A90AEB52B5C42C
13174,5AF8143D0525CC8E
13175,941C0AD00F787ABC
13176,B75CA70B8297D1D6
13177,929D712E64569C66
13178,E725F6323ECA2F8E
13179,8014FD8A3FE3A88D
13180,391C5EB8B3C33281
13181,C345D09724B7E88E
13182,46EBD64B43C59E58
13183,7B9AB39CBD5551C8
13184,4F7B06850B5CAC76
13185,62E5F0E4DD11250B
13186,E192939498A35DE1
13187,0B872CF769033274
13188,2A918944DCBCC42D
13189,151C25EC6E44DD6A
13190,393DF911306BCFC0
13191,DC90A4C08300C284
13192,680989D1FF4F35C3
13193,64706CE6DC4EC9B8
13194,53A06D30A1F69649
13195,81B28912CB22C3BE
13196,9C3647712320F5B9
13197,3EC279260E900EB0
13198,BE3FCFAF18D3E7FB
13199,1AEE11BC6389AC83
13200,110DA66072CBD159
13201,4D68075B66AA3F92
13202,29C53AE3445FB5C6
13203,FBA47F025BD2BE75
13204,CBED45507BC1F9C8
13205,C359C3E2D931408F
13206,01E41BA044F93659
13207,F53A869ED32B956B
13208,8A50540FA028410F
13209,E22E208BF64E3EAE
13210,2E7A789142B85E87
13211,5636034547F5D3DE
13212,66F730C3A8D304F3
13213,400A14A19B54981A
13214,6C9B7AD95C6818E2
13215,CA0851D98E7A33F0
13216,ABC2A87F8785F4A9
13217,345A614C49E51DDC
13218,FCFDCC2FFA5EA53C
13219,DDADBE770932CBFB
13220,7FEC4C17C3950812
13221,14098DCD8FC5616D
13222,1831C6B2751FC3FE
13223,435C16FD0662CCCB
13224,49C1B6B766F65FA5
13225,2786504456406D3D
13226,E70967B032C61480
13227,361DD65CDFA389FE
13228,B9BCFC4CBE4B8F0C
13229,3B413C637D534924
13230,78181D8C8CF34E4D
13231,E203585B15EC5CDD
13232,6BD89363D42932F8
13233,77B79059E7D91CE2
13234,A7115D1C89CCAE80
13235,32541C5027175BCD
13236,B51AA476DF4B9EBB
13237,5A8A5B6255CE2407
13238,A8015A6B9212320C
13239,7FCCBA459448E381
13240,8A98FDB44BFA18A9
13241,20F82520302D653D
13242,3BED56BA741AA406
13243,83B8A8FF1E4D7920
13244,BD38DFED7E7F3A1C
13245,F46B5D6D1E72DB7B
13246,4427683DB7E0B487
13247,37F41976A482CF9F
13248,6E4C9B6B6966978D
13249,58CBD2BDA35C487C
13250,1CDB80B5F675658E
13251,07ED7A4D478C42A2
13252,5C730276B031F2F8
13253,76113B06A2F465D2
13254,86809126D717C8C4
13255,3ADCA2616C205F2A
13256,934C595AAF424876
13257,7090A11EF76530DE
13258,E4100B8D17EDB6CB
13259,B1FC5563DED26B6C
13260,9CC372FDF2428852
13261,3EFF1044C5355839
13262,C4DEE7AC925D7D13
13263,F98E8DB11FD45816
13264,DAF52CE1B1578F0B
13265,0709DA2B00B9FEBF
13266,FE95859496466278
13267,E9E96A99CC97C3D5
13268,08E583F790822202
13269,BCD6C6937E65CB8E
13270,F8339813091112FB
13271,9BFE68CC305B800E
13272,92C6EBA8E43190C2
13273,C19E7946F86325BD
13274,61856C420ADD990F
13275,E2D33D41F2736FCA
13276,351596B4DD01DB0A
13277,308DCD640C7F5004
13278,E1350CE6F1A7A0F9
13279,15A1DD73521531AC
13280,9395D45D1278C487
13281,270F6146880C2A69
13282,35D4E169027B0347
13283,1C44B7EEE6B2CFCA
13284,729088FB4632B7CB
13285,FB8D2EDCC7C5CF85
13286,64A19696F746254D
13287,79C6C66F4EB21D71
13288,25B5146070C31BFB
13289,F2E257DE2B187548
13290,7CFCC901AEB30C9A
13291,47D85CD45830F644
13292,6E2199BD412C0C3E
13293,618E87B9E8B7F547
13294,042B532BED96B0E0
13295,93664B621D629C96
13296,7EF590BC0F1EE294
13297,BCB329033C323C39
13298,959E8A862A9BA532
13299,81793079AA56E33F
13300,7539653044155B47
13301,92701E9571BBA12E
13302,AA020D330D8797E6
13303,A66BEAEAE3F6B439
13304,A6451A95A8906133
13305,29D42548264A6A6B
13306,87AEA9F4D4CDEA39
13307,1185ACE2044DCC42
13308,AAD6E615C43E8885
13309,447429405849FD81
13310,2E77483BC0E7ACE3
13311,AB33E8C111B72C2E
13312,D4121805544AA64E
13313,BAD914062756F5E0
13314,D0B03D3972DC2D4B
13315,20A4E887F3E0E218
13316,E810F61BBAE88F53
13317,C971233D8A848915
13318,7792C37ECE2DDAAD
13319,25E311E4865EA53C
13320,7F1CA1321885055C
13321,CE25DBBA6B31F239
13322,66E654B690A77D4F
13323,41806F7EF460A62C
13324,1A37EA25244C69AD
13325,9915A2702997DAAE
13326,812BBBD10E810C8C
13327,72DE294BCA1C7562
13328,58D6B7901E87C112
13329,99BD6311F84E27BF
13330,308553027FEE5BF2
13331,625FBCFCA91BEF87
13332,FD2024B0A6EF9F8C
13333,FB285BB79F8595CB
13334,B57D39CDE8505AA8
13335,27A5FD30CF7062A6
13336,F0544179F2754FFD
13337,4F8D3EE3421DA269
13338,13F47D0CCBFD6630
13339,BB9F77721945AA3B
13340,E2670430ECD8F0AB
13341,C0A52F789C4163A7
13342,E62B6E302ED7BAA2
13343,2214276DC3D65123
13344,2F36F6F1ED0B1073
13345,DA48B075B3533855
13346,49E9B3EABAA6A70B
13347,DA9E395569D99E1E
13348,E113C890BBC35477
13349,965A43171A0E727A
13350,76AA4AFEF72B5F6A
13351,1D7008F7FEBBE206
13352,6320972A8BE03F1C
13353,DB300F8D419E0493
13354,C7291A13FDDD655D
13355,6F5EE22B1284D96E
13356,15A5AC6345BF3546
13357,7774A5A843E0FB9A
13358,2C595EA72C19E81F
13359,E75C53421D2CB495
13360,1A3EC8F7E8C5FD35
13361,CA082F8D608034EF
13362,C036BEF4462CFD46
13363,C815CACD41A21A57
13364,2829C842D742C639
13365,4DFDC250A90E628E
13366,93AC7AF8E1EA2BA9
13367,18EA6EA5619A22F9
13368,9AF9F9D7EB175004
13369,5BA668E5944FAE14
13370,E770C974A11F8A0D
13371,D505A59F248591B7
13372,E5393E705AEECE20
13373,09B16EF234E81D42
13374,AC72431CE3F9EC4E
13375,3102B777006D99AF
13376,CE56D0AC37C7F8B1
13377,5AC5B3BBC98D7A47
13378,7026D99A22E18308
13379,FA36FBA5B70A46B3
13380,31D2F08BA6BD4D41
13381,7056FFBBFD10D0F0
13382,E9718A21323DF6CD
13383,C4E551823959BF3A
13384,CB2C4102CCC28898
13385,3B38E9E6DACC5BCB
13386,2E1C1D541FA3F38E
13387,3677F19B1D7F57D3
13388,9443A9AC849AC153
13389,B1ED134DD1E47A16
13390,D1F9313670FA14F0
13391,45CFCF7C8486B722
13392,1988851F1C2CB8E7
13393,AADC402A4B37371C
13394,47488802197305E2
13395,0F3EA339DE6C72CE
13396,3401FA32E9E7A9E7
13397,BA68A60C7A66E000
13398,8C83F7089DF25D35
13399,94C09189D5D14476
13400,27A67F5BA4CA129C
13401,CA73DDB7EDB524DA
13402,D253A75C4984963F
13403,3B3CBFAE85C7D27E
13404,39112B340F4EA6B0
13405,15BDD1BA2B584AF8
13406,A4947B3CF76D940D
13407,379B59DE6937C072
13408,241DB5D5B0A29025
13409,469D199AF40217D4
13410,D408CE60162C3A98
13411,55DC23F5C14A8EC4
13412,5584601E00522F02
13413,C212A4136FD80969
13414,67F530F16F481193
13415,3E55983E35AE2BEE
13416,D1A9DDBE497725B1
13417,D7289ADDBDDA95A3
13418,78C78CF68E5B8466
13419,5BC76B9B3028F61E
13420,8687C15A3004AB47
13421,739BDDE79C0DDB48
13422,3DA33024CBBFF1A1
13423,01FE1825B5507CFB
13424,B8628B0F7BD6901E
13425,7AD5E2DE60A338DB
13426,FAC22C2BD3626FDB
13427,5EFD7360F920A280
13428,B56DC4B86A66E01E
13429,B0DAF922C39D4707
13430,7F231AA837B66DA1
13431,E31A9726D76F5EB1
13432,443C6A3417709D83
13433,2FB53C1771271909
13434,9038F6C54D291958
13435,AF49110C391131F8
13436,975D61AB6B8ADAFE
13437,08A19883BAF1915B
13438,7C74A55530C45BAF
13439,23A637CF499905B1
13440,B7CDD72F464835C1
13441,29658A90C9F31D55
13442,6A1ACF873440D8A9
13443,7D3376580EE5B667
13444,21E92C6BCA91E47D
13445,7D857C97B215DEB9
13446,01467CF0CC5E511A
13447,9D0A66EE54F15D22
13448,23AC028486356AC0
13449,CE8B01C026F46784
13450,64FE1027902B5AFF
13451,FD81F7C2C53ECEA1
13452,1BFDF5F494B4FACB
13453,6C06A9BFCE33392A
13454,939638C5C3CC4E7B
13455,10D5B84B6993ED95
13456,04D4E058C73F0884
13457,BE631508B4503311
13458,0CEFDD88727D2A7A
13459,D6BEBAE08ADFDF8A
13460,C3531B388D19B69B
13461,76444F04B2F70EFE
13462,2040C3DF0F234CEF
13463,413011BBAD478467
13464,E53D377D3CD826E2
13465,48AC888DC6A29E03
13466,36C9309B36DDA0E8
13467,96B7FA5C34955FDD
13468,BEBC1EDC9A3995BB
13469,750F2DE8CED2881D
13470,6FFEDD063C1948D8
13471,4C9FA4B4283008DB
13472,4A8EEC755B89676A
13473,CC773296E99E3AE4
13474,2F600F983CFADD70
13475,CC07C230B03D7CA2
13476,7C4A57D2BC471BAF
13477,0E0E6C19365BBEA6
13478,B5E95657CBDC1C5E
13479,6345FB8A00968D07
13480,DE022D0B903919BD
13481,D3669E214B8C9012
13482,A7175FE3CC34BC97
13483,7C5F3D3890B3C38D
13484,EA75C9915D8DF59F
13485,D10703D64C057535
13486,83707724C795440D
13487,28DD78C783B142A0
13488,F57559F02716383E
13489,DD1568FEC259F60F
13490,30DD0B4A585D3127
13491,7D542E9CA7912A41
13492,713DA0B85F03074B
13493,B80A5D6993596AFE
13494,DF58DE7CA25A8E47
13495,625C347E6A283914
13496,7DE354DB617F6458
13497,8E7206E76385A26E
13498,C3443275B160728E
13499,F53FB3900A42DB12
13500,EDA1158EB066685D
13501,B4D6835F25A367B3
13502,1E99976578A9D358
13503,C0A546121F798C39
13504,ED9D6ACE20F41260
13505,DD1EBCBD16E304F8
13506,10332D82C7EE1882
13507,BD0CB552A1E9577F
13508,CE324AFD2C788393
13509,77D86AF84B2F753F
13510,5F672A7EE16486B1
13511,B6DECA1A272B27E9
13512,F4F64DB0B86F04CA
13513,A59A0A0727684710
13514,53498D50238EFA68
13515,ECE1752C20D76EFE
13516,8665B78AC6D3AE60
13517,B97CA916D516F110
13518,E5611EFFEEECD9D8
13519,7948B6C396DEBBEA
13520,D52E87C64DF09685
13521,C19ABBCDFE86D0E7
13522,3765B2A37F286C7C
13523,9FCA4B35E752D392
13524,287D3113FCF6D68B
13525,E66405DB9BFB6E7A
13526,EAAF51428D2DA87D
13527,A5EE485FD3511BA4
13528,3D61DB358C26C9DB
13529,8F568F0ADDACA550
13530,ECD45A787283461B
13531,0CB6843296790D5B
13532,D9A07AC6FD708DAD
13533,DDAC237E8FD43B1B
13534,B26253FB302E0264
13535,0CAF27E9DEC2C3C2
13536,4ED34D2F46479F75
13537,C2490771D7996EDA
13538,9B979BF41C274E83
13539,B00ED9DEE35E9EBE
13540,10F23D64D6603FD6
13541,44931539E8ACFF01
13542,3F194EDEE39A827C
13543,86FF2965A98C02D4
13544,20D59CB1E28EBAA3
13545,CE971BD49C54A00A
13546,6DD4CAD2EB993492
13547,EB423E8777902554
13548,559E6E7CC921D251
13549,57260920E8B0737D
13550,CA033B63D039467A
13551,04B9BB5120081EAC
13552,2BAFE6D2BA590680
13553,587439AB4853BD3F
13554,BF086AE3D2604547
13555,75FEE6C2569497C9
13556,244F21755A6763A6
13557,868D7BAE4511D97A
13558,0B93B403DA49A2BF
13559,036F50C0BF80573A
13560,AE5810E2132EA6C7
13561,6A0AA13E86879413
13562,C4E38F8E82CCE4AC
13563,2F83035F94851B0E
13564,E7AF9391E1EAB355
13565,2A1CF4BBCCB44402
13566,B69C830C813C9542
13567,4316F1D4F2012A04
13568,EB350119B27EDCED
13569,B907D317E55701B3
13570,2E394AA64EED9157
13571,35762C571A1EA938
13572,BC8BED862E34E695
13573,D8E60137C2290296
13574,E350A258FE3BC4B2
13575,20DEF037ED3A4335
13576,FD447B70FC1652D6
13577,07386638B55E5455
13578,2F625F30A79079CB
13579,89260DF9A2442877
13580,65EE1E1FEBD80AD0
13581,786DBDF9EE33D828
13582,D47383813158A258
13583,DB157D4941670944
13584,D2CAC1D4C030F333
13585,43951CABE3DE388C
13586,466F947DE895271C
13587,B5029374E9184C1C
13588,F27A4B667543B90F
13589,06E564F4265D27D3
13590,6CBDFF6354027F1B
13591,7C5734A59E76DC77
13592,0515FB7F01B0A350
13593,5C83548B73531B87
13594,4B6AFF4D02C9C91A
13595,6CB352089191D6DC
13596,CDBA3953C6A69264
13597,22BF6DB73AB5CE4F
13598,03049E56D0E11541
13599,9E011457B2C2A1C8
13600,1C6148A0689E98A0
13601,54EDD1CA6707CEA0
13602,0833209254ACD668
13603,EC602C9CEC82ED5A
13604,5D0B72439EF46E89
13605,2FD194A9FFCAEDB6
13606,566A05285781BE4B
13607,B64DFDD7DFAD0BE8
13608,970CB0FA117452C7
13609,C29A73C37E381781
13610,4E23FECF2C34C590
13611,CAB56DA7F994BEB6
13612,323675F96D9F8543
13613,9A6BFCDCA269AAB5
13614,9CDC4FABB23B6377
13615,5393DB970754BC17
13616,AECF9D82F3032D14
13617,C2DE605F2399F07C
13618,9FBB9FB4466950F5
13619,ED799838808BAC43
13620,21DB5B63B3534F3D
13621,DB05978619FD180B
13622,B31F9A6557E0BF32
13623,C3A65F370907372B
13624,FF4C2ED94BB6E00A
13625,F19FF3E8DC20461D
13626,AAFCDB82417CB3E9
13627,D4968155AD680249
13628,627C780B7D99E639
13629,D58BC9DEB7EBBC60
13630,B9979A4B80D5445E
13631,B81D25A4047B4C58
13632,C479715C1CB8BA33
13633,114DF8EC9CFD8E3C
13634,871198606EB810FB
13635,CFC906255C06827F
13636,944683BEF68EBF31
13637,CABD0F428516024B
13638,3E1D5DFE962A5EE0
13639,D1A762203AA5CE34
13640,CD0C78E49EB33527
13641,D8AF08ED04C21218
13642,3BA725E0C5E4A0B1
13643,38F3BD102318E809
13644,56A98E4155F0A879
13645,46AB47CA06718B37
13646,8CE8167D851264D6
13647,AD0F3D7A99DAE506
13648,975D8B9B1FEDE324
13649,C0E510E1B2A6F13D
13650,5F2E19A9B2E9DCC4
13651,60C0C170B7482A56
13652,255702144A214DA2
13653,784DA1765012D375
13654,06586F84EB7FE7C2
13655,BBF524B28EFB69FD
13656,BBC2C06BC6FA89D3
13657,AD62BC9CB70382DD
13658,0FA80548EB153E23
13659,4421A9DAC2F43EA7
13660,750E3C3465A3C112
13661,783A4EEAC001B034
13662,7B7FEC25AE3361F5
13663,678D6CD383AACFD5
13664,1666E53982AA9E11
13665,DC2AC61179D1F082
13666,F98BA05DE08C0E5E
13667,96DC778D68F88A31
13668,9BE0191D319B10F4
13669,1DDC295BE91D2BEE
13670,3CB3D93BF2726D00
13671,FFFFE5FA34120DC7
13672,D1A025C87E1B71D8
13673,4D786C035C8ABBA7
13674,131180BD2654DDE6
13675,E19316E07E10A208
13676,1102DC33A746B83C
13677,4AA13A56EE2A3E0B
13678,7EED32F18153A267
13679,CB466B970E84AC81
13680,0078FCB58EAC90CF
13681,C33985B65E5CB624
13682,23AF7AABE41FA7D1
13683,12A62CA88A132FA1
13684,C77E7269F544FF04
13685,C04CE40AF67CEF4E
13686,1A0C67595DD77F48
13687,F474731436F58770
13688,469B96BD631880DD
13689,CD5936B02C980EF8
13690,C526C70992928535
13691,B64E926E8DA03EFE
13692,67A78820F54F6FE9
13693,624DC7285B4EB3D8
13694,8EC189036D637CF3
13695,BC4EDB79C41A1749
13696,08DF5659E137FE9B
13697,A0EF72C6F2EEFE0F
13698,F6B72F07A782F8BE
13699,BE716F826F0ADAFD
13700,A9CA4D223CD87638
13701,65DB0921E3694568
13702,7AEE4879E22FD904
13703,94555BCE84D186E1
13704,8D3B4A8E33ECFBB2
13705,5C6AB5E53B5E8409
13706,DEE5EC44654EB75C
13707,282C9A662D549164
13708,98337D3034B88D6D
13709,98679003931F1963
13710,FFE9C9B38FFFF08A
13711,0D812AB08144EA80
13712,C4AFA3C9C68BE551
13713,27A560BA332A2807
13714,E8ADFA0B50149329
13715,2A8E5CA20423D3E0
13716,CD3C8AAD2A4C4472
13717,10BE0238D7DB9D62
13718,233C02A0620A5437
13719,D0C546BD3E4D3B71
13720,3EC556BA4EB87BA3
13721,2684DA0AE32ACC71
13722,A2FFD2A5DD8700D9
13723,32951E3DCD9719DE
13724,F42F4EF75301163F
13725,43EA2F0EBB80352D
13726,936C3FADB88856CA
13727,F783683C8412BF61
13728,FBA2524A6F4DDC83
13729,77DF30B1158E9C6D
13730,8317EB5FFDE3E6AE
13731,8512C9753176BE88
13732,55EAEE2AEFC7F457
13733,987ACAC6FD275FA8
13734,39723E97ED90E1A9
13735,89B9529240B1D943
13736,6EEE4A229BAFA30C
13737,DADABCC4C2BE9652
13738,36F673D19364DBD4
13739,AE3D7E29BCA57F33
13740,E3BB5C8D840CDEBE
13741,10B6F68766960574
13742,9569C64890B32C4A
13743,FFB39D6E58033222
13744,A33280E52E9BE050
13745,CC835474E6BF632B
13746,31333BDAED8BE0CD
13747,48BCFF6DE38FBD6B
13748,632240EA331DAE9C
13749,51D10E50475CF3CA
13750,9BB45612CB12CCDC
13751,90A5C50436564045
13752,136B48D8CFCB601C
13753,E1537047BDBDB50B
13754,E5520848D7E86290
13755,4B54F78FBFE100A5
13756,DA442E6FE7894914
13757,3DDB91EE923C2E33
13758,D751EA0700EB5100
13759,6CB9D6C1B92DF621
13760,BC0F8649300D676F
13761,C0FEC776672DA067
13762,B4482F00B5F68C75
13763,6DA53CE2578C6CDA
13764,06C1CDF2F1C603E6
13765,3242FFFDB7EFE3E7
13766,E3FB82F2023FC659
13767,AF6FA422FAF43C25
13768,8CFB1317EF36AA98
13769,25308433272E691D
13770,99F7370F747B559B
13771,DE8145D0DAD1CAE8
13772,C3DE39EA27609540
13773,F53D898013D2B7BC
13774,F8BC29CB5A834829
13775,62E61B6AF1A81A83
13776,DA5F4D5E7F4B743A
13777,7C4286BE7F62E8AB
13778,6C2EA07FAEA4DCBE
13779,00E73605DC1470B0
13780,FF694665716A5545
13781,5A2ACD899F4C500F
13782,01DF5B4555DE9747
13783,15AE682734D45BCB
13784,63ACCA34F071BEE8
13785,68ECE1EE4F8AD46F
13786,C531A8FFC552FC11
13787,DB1C788F9722EC47
13788,90D2BBDE673F23A4
13789,D49B9B87064ECA79
13790,C94C451C2BAB3936
13791,97F0A1EA8E30D288
13792,4F371CB790ECD58A
13793,BD2AFE8BE5A90A45
13794,7A91D7A146E6FF75
13795,0A4CAE41B5CB3205
13796,C7C2CBE7B7265DC4
13797,A86C887EB36269D4
13798,EA1B9EB200DB7DC0
13799,EB6224E7708769EF
13800,7FBBD437D3261D16
13801,AB734F118E3583F4
13802,903085A4E8CFCA93
13803,E9E2A531F7BC0B3C
13804,0CD0094D9BB35AC8
13805,80582192E22FAC00
13806,3252A49CDAC6D414
13807,C0EE690B7CCE6BBB
13808,1CCEB82A720DB46B
13809,B7806E7280AA9979
13810,081C42CE4D9A6D22
13811,B6991FC8FABF79A9
13812,5FA1CDF2F1005575
13813,2050CFEF9E9B6007
13814,C052EE6C52F3788E
13815,E50EB5F5188C7C28
13816,5E0790D09ED42627
13817,346F6B685E11980E
13818,1DA913C753FB8DF5
13819,1749A50D486A6736
13820,C6893CBAB51C5D3C
13821,A14E6FD8A031A9D8
13822,273891E37B0F6604
13823,F24F4EFDA0FECFA3
13824,B2DD615D05836C1B
13825,6892E236ECD8A970
13826,0FBAE57F80BAD9D1
13827,A54C514BA1C42397
13828,E57314A3214A44F1
13829,A5D43548995A7004
13830,36C872AF61833D6B
13831,4707D7A05A884FBC
13832,14DC89821E1A0FC8
13833,F47E9EBD7875352F
13834,C5ACF04EFA4A86AA
13835,ADEA769D47DF9B52
13836,8444D9DCC8C4C224
13837,AD78568F54DD526B
13838,4B206722034AB94A
13839,E0E4B7C7802EC66C
13840,F4B709664A0BEC10
13841,16DAA533A639E5E2
13842,D154F8EA50EACE79
13843,7A371FFDC018A95A
13844,4D8E271D1A9470F3
13845,B3B9AB5617E7AC57
13846,CB1056F042A48EB1
13847,2153656157FF6572
13848,3606A2EBC14B89E6
13849,0D27CD999AA0C197
13850,EE2C2A7633288223
13851,5BFC7EB44C321D25
13852,2B409A3CEADD4AFD
13853,5E0C42A6C7F2BC81
13854,A5DB4878C9AFB5E1
13855,364D1D4C8A5849F3
13856,D58BFC7D7586BCD9
13857,1577582EF4987093
13858,6D46E220ECFCC4B4
13859,55C26CD81D4D4259
13860,D18E7C898EF308E6
13861,A1C5FB8BAC9B82EA
13862,84A055BD3D822BAB
13863,81CA671BF16F0A2B
13864,8AA630241BC9AA47
13865,06B4AEFE79935FB5
13866,21D20AD1D47E1559
13867,9CB06A1E68A50262
13868,5254029498184373
13869,8DD1C8459C6FFEE4
13870,304BA9B39EBEE150
13871,71641C5C68AD968F
13872,B0D2F6D97D36D958
13873,123F287E9FDEDEE0
13874,2FD9AD1A33CC4271
13875,F968EB8EDE91B0A4
13876,29925A04F6E83782
13877,CAAB7A95229D2840
13878,930C066C4D4931FE
13879,719023B4B27D812D
13880,AC812B57A4FB4D89
13881,51CAEE1B717D55A4
13882,CF1C6C6938A19A3A
13883,4F5771A7A71B1A90
13884,7253752DF51F119C
13885,04E9767739735175
13886,9C188212E2285B59
13887,871C8525DAA132B8
13888,BF5C3FA7AF3FEE12
13889,9D75807AEEFF0229
13890,1DBE1BC1BC7B0CB0
13891,0F04D87E5A9480AB
13892,85CF6BE979C12F81
13893,58D1F28EABF7F28E
13894,6260E0C23C5B5994
13895,0917893B46393EDC
13896,555788106FE7CE72
13897,4B3EBE998BBE65F0
13898,DEE97C001785B33A
13899,F820D54EA3918E4A
13900,A28B328C8D0934E8
13901,5AAAB721A38212F4
13902,489F8ECD20D21AE8
13903,2D703AAC979BB407
13904,E9155D873D788E90
13905,6AFC418CD98AB68D
13906,6075893EC8B8B9F2
13907,EA5E7B301316A215
13908,BBA29BCBF6759F7A
13909,BC2B44907A9DE95A
13910,67BE03407D4D5F51
13911,A011014AD0316E8B
13912,5D0A6B17EA34CCEB
13913,9ACF798E64C081DC
13914,FB668A2F3302896D
13915,2665A93BBA137EAF
13916,4C1C0FBA08B4F5F1
13917,C321FB8826295AA2
13918,0C5E5F085F8E4F49
13919,573C92F677549DEB
13920,2EE67684BB9741FC
13921,BE443CF94A373B2D
13922,388822A96C0F6A1F
13923,AFEBC2ED1F25188A
13924,7E2EAA2D6E92D172
13925,7D71C28C6926C6AA
13926,59D0EC1EADD4689D
13927,AB05BDC434EFF5D4
13928,978845E14C23F9A6
13929,F44420C261776926
13930,B4E18472BF068382
13931,7830C418E550EF3F
13932,3E9465D34C0C6130
13933,A97F2D9335070D48
13934,FD4A4B577E078CF9
13935,C6F3644CD5BA4B0A
13936,942B272EE5BE2209
13937,6CD9BD6D01AE8577
13938,7522771D3C1C6BD7
13939,30977582487DE27C
13940,7C1B3CA545196F95
13941,EE0B017B5F834BAF
13942,3DD2E00DA73B1D34
13943,8028F4956B15409D
13944,CE1860303790B5D9
13945,8C99C7CB5B5DE7E8
13946,BFC77EB43FC967CA
13947,AD175B253B8FA631
13948,4BC938A0F8342CB9
13949,165998F69A41F8CC
13950,64C52196B4319813
13951,1480E44D0199A9AE
13952,CBD92CAA166D29C0
13953,63615AE5A1B4E4D8
13954,A464A06C0804F365
13955,708092154C5DEE91
13956,6C910400D83123AA
13957,ADB2EF897173109D
13958,31CAC72A48208CD4
13959,35BE7CC26BD4EF6A
13960,5E6DAD5DE17E0B87
13961,05A5B3BDAB6B37C6
13962,92B2349A8EACC1EC
13963,E136AC3D344D1327
13964,80F54973C6C0FDEC
13965,ABA529A63B16987F
13966,414579C59D912F1B
13967,CDFD29741B6C383E
13968,6746717B438E9474
13969,F7BDEA3A01D0BBE6
13970,98F18D31A0E7E92B
13971,A7EF80F0CE7091F3
13972,B2101EDE60AD0528
13973,BC569741E15147B5
13974,485F298796C534A0
13975,602D4CF3280A752C
13976,979105DAF5555160
13977,C6CE927122DC92AC
13978,0E5BFE4A382951C7
13979,4EA39D34C84F1E8A
13980,5BDF2938CE0CD8AD
13981,F5D8139AEBBF6284
13982,D64E7F81748CD7C2
13983,113C358684E8F11F
13984,FACD1E0D070C36E8
13985,12641BFF90B5D43E
13986,86B973629E9DA118
13987,FCA983CA48BC70CE
13988,49F64674FCF51748
13989,97FE8881A4F047EF
13990,B29FFBCBCF711FF0
13991,6A303FF2E6B25F67
13992,35A606B609C1F644
13993,942857391A592B9C
13994,F518A3992B6A7D14
13995,566DEFBF5C7B4727
13996,87D7F1EE8524AEAD
13997,25CD853F8F57BB27
13998,4B4771779481C7A6
13999,DBBF12F78224394A
14000,D6E119F465214C70
14001,D66FE17A811D6A4F
14002,D61FF476998DC886
14003,02809B1945888BEF
14004,36BE6D72A139940D
14005,F7F5EB459FCDCAE4
14006,AE4293B36608AF85
14007,1D5073BF902FA895
14008,E58B7ED665B25E74
14009,C4D7EBC143089828
14010,4C40E115C0E8E51C
14011,F77115B89A61334B
14012,BC423B7A13BA7F33
14013,991A86A4E5DCCC1B
14014,4AB2B979987BEC82
14015,CACDD5071A3D0A60
14016,3C289DA53D55FA45
14017,E58A63A3CF2F7D20
14018,77CDA334940CCE1E
14019,38F3E94535D03FC9
14020,32071A1F25FCBF5C
14021,5C88DD7B63F3CE19
14022,1028F5F8B5B62478
14023,96FC179E3873F902
14024,351D6C29256A8F28
14025,82031581D5B6E9AA
14026,F037A25D43974501
14027,848D7C4FB9BEF439
14028,20105D4BC678494B
14029,4928220F4AC3FD18
14030,950E6BD2A16E3A9F
14031,C2AA94E5EF25D970
14032,7947963C7CB355A4
14033,3648F1A8B2787DD8
14034,70684803402D4D9A
14035,045A74B9A4A1A317
14036,373E1DADCC7C681E
14037,A07AB920FD941C42
14038,AA3A754A6F6587EA
14039,CDC4DD17604F3548
14040,C5C340458418A59E
14041,E9A17AC9BF622D36
14042,9F564563EBB912DA
14043,DE8F9577378E6ECF
14044,0187CB71B3EBBFA8
14045,F9151C618E6F36C3
14046,C96819C2098DD896
14047,AB2DEE36E1950206
14048,14CEC186265BF20D
14049,535D273D8B9F17B5
14050,0BAE1F6C71E292DB
14051,271C01C5F62DD7ED
14052,1ABC1832566B5992
14053,AD8F49310BB4751F
14054,F82A8E651C76093A
14055,1DB537B5AD0022A1
14056,E9289490CE4D35D1
14057,54FC8E0DCBD2D77B
14058,58DEB9E615E8CCF2
14059,00507B773E75861D
14060,405748DF97BA3AA1
14061,16F89FC6A0BCC37B
14062,F17EFF2C26BFE599
14063,32CF224964F7635E
14064,E395316E01E4CCFC
14065,D3745C1C3FBCFB9C
14066,E25A1547CB3D1C2C
14067,EF8CFE8B0D5158E7
14068,5E80E12AE5B4CB4C
14069,BC9A8E9459532040
14070,8A099545CC6C4E48
14071,FC862E9FB855486C
14072,BAC3272DC2B93EFA
14073,1098D0F958AAC5C9
14074,354D870A557D363B
14075,D26E07A63069DB95
14076,20C20B7D0F61B626
14077,8C2A769CFBF2D1E7
14078,0819ED9DFC665C94
14079,DB82852DA8037DE4
14080,05460EE72DC720A6
14081,10621DB51D277743
14082,7696542AA83A44FD
14083,CD392992CE55EC31
14084,2BBF572D970822D6
14085,2C337C7D647D1E35
14086,B9A6D8E31193423A
14087,78D058DF3DDFC22E
14088,E3072592E1781716
14089,CF5C1798FFDAC959
14090,415355C455442C81
14091,CA8B177F5D96B641
14092,D4038FD1A1766E54
14093,9BE649D104269BFE
14094,678CBF3767B578C0
14095,738EC14785A18C8E
14096,C5DF93E2123E63DE
14097,11CD75E1D7D7DBB5
14098,732A2A88248DB5A2
14099,DB3C4CC904AF4944
14100,9872BD3B55AF4C63
14101,B5738B35071175F0
14102,DBB4753318EAEFFC
14103,DF0C36D560C4C4DF
14104,849A9C5C14847B4A
14105,54A3A659A72B0528
14106,10D0FB9CAD5CFF72
14107,A4B1F226A76CBBD6
14108,4180CABA1FE5C642
14109,7678BE90F932F354
14110,3FE2AFB6401DF0E7
14111,FC944ACA5D4F5E20
14112,22B70F8AE21AEACE
14113,9587A4AFC8F9F445
14114,9A6FD5BA184E7DE6
14115,65533D48AB40EECF
14116,637B5D7C800B91DD
14117,8B029DF2E2B2C947
14118,7596378F3AB378EE
14119,F05E4D2E3B7236FC
14120,2A12998654620C29
14121,ED9291396BAB91D4
14122,5D4E77DA203F3976
14123,6428629BA3D33067
14124,C22E89768825F9BE
14125,F4483B411CDF29AE
14126,2A94F9F0B5DEA297
14127,B43B43B2D2FA7509
14128,440DEC411FF90C93
14129,EBADD1CF14FF73D4
14130,400C4D0C761751F3
14131,4EF113F308EAD263
14132,DEDD8E1A182C04AB
14133,E3629E0AFF63342F
14134,344A9878CF89275B
14135,A1D15BEE06F6DD32
14136,005D5334B2367E94
14137,FE76EA10025486AC
14138,E7B2CBEA7B00405B
14139,71901B4BE0C9BEF2
14140,1E6028BE91A58467
14141,1211FB8DFB27CAB8
14142,F9C0624A9FF2C9CD
14143,40A566D92D78B246
14144,978CA8CDDA70DD34
14145,AFE09CB6260ACF17
14146,C3BAD6CBF41A471F
14147,ADCBE323D4BF5D0A
14148,ED38BEF72AEFDB37
14149,81AA42631C50139A
14150,CACE6044B4FFFB9B
14151,742480F7D901F8B6
14152,6EB1E552EB5C376A
14153,A0E4FA4A60C523CF
14154,FAD68899EC152E38
14155,1528550ECAC8E253
14156,E4A531F74A206886
14157,18FE12E8A6C8BC8C
14158,AC14D450D188BC8E
14159,444AB46AE2E9586F
14160,407792BDCEA83082
14161,13A6B4B5C7E6681F
14162,3ECBB14BAA50168F
14163,830B1D0C7D2E90E2
14164,68886AB50B435E99
14165,7DA8729F5F4EE1A0
14166,36FE2744EE5DFAEE
14167,7F2BD679CCE224DF
14168,152F6B4207527BB6
14169,9DE3747F6D244FD1
14170,856FB342F6258A20
14171,08ECCCED3F1BDE60
14172,1EC8B780E096EE40
14173,24F9A39FB628F171
14174,979821EC969D90FA
14175,AACFE8F11057DC9A
14176,A1273349F9604CFF
14177,866B61A4D932C1F1
14178,C5F4AF29CEAAA01E
14179,51E9A9CA32F1A3D2
14180,31676C9A0831EBD4
14181,958B9ED135918868
14182,2CC7CB67FB1445E9
14183,8D1A6FA40445F024
14184,10A03D328B7EFBE7
14185,8E2D8F4E73D146D3
14186,3249348BA142B5AA
14187,F06FC4197634FEE1
14188,0FB34012E920948B
14189,A93A01E115AA0838
14190,C427D3A707A698A8
14191,5B47367E70958277
14192,A0ED5A33F3444717
14193,534D85FEF8EBB2E8
14194,9E4A73D240EB720C
14195,CFB06590D8AF6DC9
14196,CD57DE7D22C5E602
14197,875DCAB6BD959F80
14198,E6F5DCCDE731DB3E
14199,57333DE913F6408C
14200,62E4114E95D85284
14201,710DB72ED4EFADEF
14202,F07B700BF90B7629
14203,F541707FF8FDE756
14204,F10AC769A5DB276E
14205,10E2BC791EB1457E
14206,04939242E0D9A0A0
14207,B7E2B9D3DEB24D6B
14208,81CF3C80C8468902
14209,32DFD33505641CEB
14210,D052DB5D7023AE27
14211,6655FEDA1538B679
14212,278513757F91ECE9
14213,93CBAAD44556DD26
14214,D7B2D12B480930AF
14215,384C1ADC668F1376
14216,B8FBBC7A5BBCE71F
14217,8F9EADF0E40A7F04
14218,83B94059C627894C
14219,9097D1CA7FDE47E9
14220,357459245CC1B597
14221,D576A033ACE715BE
14222,4F768710F94EDDD5
14223,0418A1BDD0415EFA
14224,DA1579AF11BC529E
14225,4BA8A64FCDB1A5F4
14226,538D3E4B796E760D
14227,381C5C5E97632D25
14228,BACA979FBDD49591
14229,FB8B54AC796BE1DE
14230,607AAC8A9A7978FF
14231,4066BF8AA0B5C6BA
14232,D80AA00533025B44
14233,ACE55779BBDF9D40
14234,9460207F36167965
14235,B828B63051CDB112
14236,A488326035176097
14237,ABA125C3F48CE63C
14238,23C156CE8C246865
14239,CD9463B795A01219
14240,C751F6D71A037B9C
14241,2EA7022E02DC55BD
14242,365340F87F195C19
14243,83DDB7B3F754CDDC
14244,9F06650AC127575F
14245,80B7C9B26AA9B4D2
14246,0A9ABD04BAE2F4D1
14247,68490666E78E664F
14248,3563436704EFC1AF
14249,E17D661DBC438367
14250,34534CB6CD2DD806
14251,18B51495B8E02C0E
14252,767BD5F2E7A4CEAE
14253,FBA8E4CD39125631
14254,15D83DE4C2E49554
14255,24574E6127C63465
14256,CABFED32D7097DDD
14257,76CC66C149F0B390
14258,841EFFAB2A0997B7
14259,F289B81C1F96484E
14260,AEFCD7BE6F7215DF
14261,A3607B3F38952438
14262,D126742957F18530
14263,3AEAE4E7248923D0
14264,4B9DBFEF98836220
14265,864DE0A504BBF3D1
14266,945A9181E300A22A
14267,A08B32981717BF83
14268,46F726238782B0F7
14269,8A02E719476912CC
14270,F492B9FCE48B6755
14271,9A1EFC0A0BC28235
14272,54DD755D994F906A
14273,D589880313CDDFC6
14274,376844F95CE6E689
14275,78661593F2A7D7F5
14276,02035CDC33BD1652
14277,5E8A58FCA8C7295E
14278,7D283F31112417F0
14279,191A02672E9C4715
14280,7D0DBA87B6AA83E0
14281,922F76613C5A3CFA
14282,9D20FBBFB94B7EE1
14283,4336590DA4BB2AB3
14284,DA6AE7A34DAEF420
14285,28B6BD8743E7B8E0
14286,1C62896B4A520B56
14287,D3788DEF19BACBFD
14288,F18CB8AE82FFD881
14289,1508EE0801488F84
14290,ECF9FC5FC522AB26
14291,804ED931D25EEFEB
14292,33EF1360284C4B2E
14293,CF201D416314AD57
14294,FFEE6CA95F9EE768
14295,0ADCCAA914E47D5D
14296,BB53735EB1681203
14297,33E2CFE657BC7B4E
14298,E7D614B6F723913C
14299,2CE8856961CC0B77
14300,277040E06E7E8F70
14301,9BC789291E53D41B
14302,38F1A0E0D8EA3068
14303,D26F9F347880E303
14304,4BBFAF19B4824957
14305,9B942A9695A8E83A
14306,FF6F5F03C4E71DEB
14307,F5F05F852765E924
14308,B53989D166C949F1
14309,908F93AB295C66E9
14310,B7A945B02CF60AFE
14311,BA16487BB26D8D51
14312,251A829847DDEC56
14313,5C9349E64DCF098A
14314,ECD32C73AB159C55
14315,29EB96AB4FD6C04E
14316,404CE75046119332
14317,5DA3C76A735B99B6
14318,877D5C56E72FA37F
14319,DEFF0FC77A6A574D
14320,E291994D16E72D03
14321,8EEDFAD99A37C460
14322,E1BE230A7AEC2FA8
14323,6A14A6554E9ADAC7
14324,6C5A5914C31FA96A
14325,30F2BF4ADC2C6ECE
14326,AFDF9F282CBE7BC0
14327,622851C2A8C93BDE
14328,C88AF34290F05499
14329,33E7858001536277
14330,7DCC9DC00BCA9B30
14331,97397D2EB519FA69
14332,1CB289A6ED743965
14333,DFFD87ECDEEA9C74
14334,396C22886D648CD6
14335,5F9A0AE8BFDF17B3
14336,ECB1D1F5F97476EB
14337,FEC4834591100E8C
14338,04E020D87ED20680
14339,46EA452612AB4DB3
14340,0C8C293B71F21561
14341,C834559C5F5590E7
14342,8E90B7554A8354B6
14343,6F1BE1DEC09DA6D7
14344,EC903617D8E0D61C
14345,73A60FBE0A2A72D5
14346,ACA733B70934794E
14347,D8401CCE56C7D750
14348,EE603E2C0322B372
14349,D624C059DC6ABC79
14350,0B7ABC49FC52F502
14351,FFD02FAC67F8A060
14352,D9FAF2B1FBF2D6EE
14353,AF805FD3B0BA25B7
14354,909E760E254E9FF3
14355,5BA974000DDCB2EA
14356,8CC22287B21074A4
14357,5FF980E36FE549F2
14358,35E72551352BBFD0
14359,86E5706FE21B16B6
14360,16694785361570B9
14361,FDCCCDB039A2E50D
14362,092B3FB9A2F919D5
14363,AAEC0A6D6B67806F
14364,0608A955E0F60A89
14365,2D72785B23DDCFC2
14366,D206EFC8CDFF6D73
14367,2B10F4FA42D7C4D2
14368,49C67B3F7B8B6E58
14369,1FF1EBDCF1D76C85
14370,981B7F3EAA37B13D
14371,FB8A2AAD14C5824C
14372,C3BFBA5BABA4FB39
14373,93EB66480CD0B37E
14374,E6234536B6FDCB07
14375,3AF923A25DA82263
14376,819AD63A619ECB02
14377,2F20F675A11FA2D9
14378,0899FFD7726060DF
14379,62C09D33B26DFA75
14380,1FA0CF79FCE72E7F
14381,C056749958B66EED
14382,1D00DE38015E32C1
14383,4A4492FC75371E73
14384,5A3191CC27B127C1
14385,7650776CE1A6AED3
14386,1B834955D290B71E
14387,975E6F571D1DD5D2
14388,FA9665033A99F354
14389,35996A19E7A72676
14390,F88A4946E4C7934F
14391,5DAD6412B4D2D3F6
14392,865DAE39F9B91433
14393,15DB9CD22ABE903B
14394,AB24325B144D958F
14395,BCA836D6E048ACA9
14396,C26E5F0E36459C3A
14397,34E79D9A2A82257E
14398,621CC389802B0DA4
14399,744C4D3EA89E13FC
14400,1963A5A83BCB115F
14401,73E661EBF429953E
14402,5D182F3CEF7E7CCC
14403,73398A1664C36FCC
14404,D550B21C3784CD94
14405,D7DD4809A51021C9
14406,740527FFCC57182C
14407,415469E2BDA58F5E
14408,743DF9DB17806059
14409,722E2CEE8DB4EC6B
14410,82B5E80FD12CFFF7
14411,A1C692B8BBCF2497
14412,E45F592D81D0FB47
14413,69C438E7F52D1867
14414,45808A251B9E169C
14415,E393D17B4E815400
14416,193DB667302BC0AC
14417,6B5FEA04A101913D
14418,07842809282B6C27
14419,823561E497B44574
14420,43F4A32C06749D0D
14421,2BF2F1A3C511588E
14422,92C3C6DD86585CB9
14423,FF79066AB0141A5A
14424,282624A472B2A7CD
14425,2495A4F829C3194A
14426,D7FCC7BDF265F38C
14427,52C00C2ACCA596ED
14428,79A885ED8CA01AE1
14429,1F032ABAE398F4AB
14430,1DC4F4A7E8A74D73
14431,EDAA48C4D8969E31
14432,F6D61F897FB38DB6
14433,6D3788F0A3201A2D
14434,7BD57928EDEE3178
14435,4E58DFCE89536BCA
14436,329E04E328772057
14437,2293D9F773ED3807
14438,8EEC8358891CA858
14439,3EC0BCBE66C13E4D
14440,4C23C3E34A8A5F0E
14441,B9461163ECF14F02
14442,9374A3F0E8467E8C
14443,CDBC90DC10B76E5F
14444,DCA022DB62499622
14445,4E8026946DA0423C
14446,6BD22ABBCDCC89ED
14447,E05AA9DB8E993F34
14448,1A4798A717E98C10
14449,DB07CB265BED8A7F
14450,225E497EB351F1BE
14451,A1FF58488CEC2A07
14452,E84BCB3CAB4B5804
14453,5176AACEF9E53267
14454,704F4B47B75975B1
14455,A69CB7E799FC3CF0
14456,23A67A07E3D29D8E
14457,9C1970B70F437966
14458,044846C6AAA4D092
14459,F58C28C0E305BC76
14460,5E98D95BF6F4A878
14461,74256ABE2A0C064D
14462,953B2886680D5C4D
14463,A8CAB0A1FA0BD04A
14464,2741E48DD1FCE285
14465,6B46FDFADA7BFF0F
14466,76C83BBC21D81AF9
14467,1CF95619EE881116
14468,81FE6ED043EE7CB0
14469,EABB6AED9E02ED13
14470,ECC9C837830A7077
14471,CA1D0D70EDCA08E2
14472,BDAFF74C5BFF0127
14473,159E02967381397C
14474,A3EDAA8F703507F3
14475,952A5AD5A727046B
14476,B49634E24AFEC8C9
14477,BA925881B1528F7B
14478,DC1DCCE953B242F3
14479,A1AE042DC50A3F0C
14480,70049598A6D4A85C
14481,34F28310C032DB35
14482,B5306C7E69C10D98
14483,9A365A25F138EAF7
14484,58E7F88B2786F746
14485,0BC3BD49CC016D88
14486,71FC0B4C08349BAF
14487,79ADC7EACAFA031F
14488,04E3EEB35C8CC62A
14489,AAD0C51D183E33E9
14490,55F909BE0A62671F
14491,467FF82C8F8D8D06
14492,D062C2F3176D9483
14493,8A7A4B6A46C9F08A
14494,19369AB4DC8750C9
14495,8E67B3841E12A2E4
14496,2631E0954A8A6E0A
14497,473A0461C5942E4A
14498,5649A7BB3F6A49FB
14499,DD4B4D2C3A7D1081
14500,97AFA2865589B33B
14501,5877FF1D094D70E7
14502,0B0ED096AB808509
14503,9A342F23397594FB
14504,CA19F33AB7EDD2E2
14505,E3BC865E585E9883
14506,1D7F512C98BC73F2
14507,65D7ABD2E8E849E4
14508,5622B50C90AF2923
14509,AA5E9F8F4BCDCCF6
14510,980BAA2D7F94CBE9
14511,43E91AE26550F849
14512,BFF3C3F12B034017
14513,038ACACAC0E2294D
14514,8376028BCB86295E
14515,C7068B74A727FCE6
14516,DD49351ACADDF6DD
14517,69364EA040E05133
14518,C19F151ACA55CB6E
14519,1B0728268DB0AD5B
14520,58ADDE0EBDFCBB29
14521,6F3EFA0272AB52D7
14522,7B8C4B4D94F0CDE2
14523,9256DF5B45D470D1
14524,8C6D78E9BA3D2767
14525,6182D9DFADB680B2
14526,CABB4EAD10F2128E
14527,B47E88A5E1301D54
14528,ECA819A759969B81
14529,3589563DE124A913
14530,BC9D53ACD64910E1
14531,FD1B9F9E8F858054
14532,B2A2375B8C4A3C37
14533,1CB5D7908C2C8786
14534,BC1835BC8C6E761F
14535,645BCF35CAA550E1
14536,130F81C8AAB27A96
14537,F235569A46651124
14538,68080685745B916F
14539,D19DFE9B16AF3474
14540,34C9C2999AF5328A
14541,3FC48B38A066BE58
14542,7CB96AE37600AFF0
14543,EE954A08B95B42EA
14544,092A476B8F55C1DD
14545,55183672C399A023
14546,A3314CE291F3AE23
14547,69BBF7AEE32DFD31
14548,594C7AD624211DE3
14549,9CF1D37454C4B435
14550,5371452A9ECF3442
14551,D3DD72D5C3D54EE9
14552,E00DB4C30B101A39
14553,6D104A27102B7B87
14554,F3987DB66F4A78A6
14555,BB849A4A5072BCCC
14556,436288656009F0A0
14557,65904471592EC6D7
14558,2BB3B63DCE19DFC7
14559,AAF1D2DD62ECE7CF
14560,54459241E1BDA3A9
14561,67682634FD4EC711
14562,5E1B8234E2EB416E
14563,B4A9EA2954F3CD1C
14564,E2373508F95CDC7A
14565,76512035748CAD1F
14566,FDE93D1A94F08A91
14567,F1AFE4343B3E8C1A
14568,EF9036234D53DBCD
14569,9359CF67DF6A6F99
14570,3492C219D1151AC8
14571,086DF78FE5EC47A2
14572,8AF220C1C78983F8
14573,9FCB0935596777E4
14574,823BC0E339EE35D1
14575,11D8DCE143F3CD58
14576,5245C09F0161F9A1
14577,1BAFBB71DD3BEA90
14578,21CD1313FBDC1FDA
14579,34E63AB27EB78E90
14580,E0A4E03F8D0F3E74
14581,8D9CA44308512DE5
14582,8C1B0123509B6E13
14583,05E1197D5AC60341
14584,1D86694130EE1347
14585,23B8F75382BCD159
14586,4E625DB1C5869092
14587,BA309E99D16BA417
14588,8B61C7E7CCB50DAF
14589,868D7B8740E44FD5
14590,B64C17F2C99D4D0D
14591,10D0B74D9EC42397
14592,D22374631E2DD8EA
14593,E1186383F7150BCD
14594,E72CA1D676CB24F0
14595,36321EB17FED7696
14596,89A213DE43B8CA29
14597,8123B70273A361C2
14598,F239BD341835F230
14599,CD15996F86A852F8
14600,EC65A716B429A5E9
14601,0EC1D31EB503C0FD
14602,43ECC14B584FA919
14603,9E78DAF294B08A09
14604,D53122A2162D99B5
14605,D1A2890254882544
14606,E88595B5F8F8D6EF
14607,B3EAA13A45ACFE44
14608,3739AD560AC1B8EE
14609,B199E7BD82F2CBD5
14610,FF59EB1039D0D44E
14611,0A63270254356C93
14612,2C7CC97932A6F28E
14613,9C71D472FB72DE04
14614,EFD8F8B27696A6A9
14615,05553F17221FF291
14616,AF6DD96671687025
14617,67F2C62C75282DFC
14618,DD203989AFF4C7FB
14619,9EEC9D94F24EE899
14620,1EC590F7C7B81B98
14621,122AB8DDD9F12771
14622,C63E402D62DE31CC
14623,CEE4CE03D8A15604
14624,7B378FDA5DF3EE6E
14625,3F2AB4D42345BF84
14626,76B49EA79934C571
14627,8999904912F635F7
14628,1379CA3B99F3A3AC
14629,7B6DA40D2E7410CD
14630,015182FEFC1AFAFB
14631,F7C169246AF5502E
14632,8DD13A03B23C6B53
14633,87C228A8F17D875A
14634,942ABF25C73F1E30
14635,C4D836EE199CCDE2
14636,79DEB721D8DF1A70
14637,82F2A7A2051FEE9B
14638,18927DA83D886167
14639,8EE8511F179C652C
14640,C80C6191F768EC52
14641,5B69BA4BB57580FB
14642,D59BA94C0829083B
14643,218495BFD6D98225
14644,90F62735EAA60A8F
14645,5A586B69E28B7172
14646,21F6BA1319EBC3FA
14647,16EEB513514FA83F
14648,06F60AB246EDD661
14649,CEFCCA2DDAF7B52C
14650,A87DF0BD023C96A0
14651,6440CF1F7852F85E
14652,A502158F621154F9
14653,DAA81663E4921121
14654,EB176C1E5D648096
14655,5F13BABD9F7EDBF3
14656,D5E0C001A805AB93
14657,C4CCA687E8349FE7
14658,8C0BE2A7AEEC67AA
14659,50203B7228AA546C
14660,01E79B57F869970E
14661,EE1A02EB4AD7214F
14662,149F36300B2FC798
14663,289A23BC2C89714F
14664,1656FACA4FC6D6B1
14665,B1D753BF27474499
14666,A984893AF2888CA7
14667,C81CE7A2A0C9FCA9
14668,B52821342A3C25CD
14669,47AC87647D2D8212
14670,49CAB4DE552D592C
14671,6EBC873152691A48
14672,65CD7F0B7F3003A7
14673,77AA846BC6D47A17
14674,8B2CEA816C95BE6C
14675,DD23D734AEA930B7
14676,133FA826970C9BC6
14677,08BE6B593C916B3F
14678,680512D4CD839279
14679,522507C4020C24D7
14680,C69FFD0520B1A590
14681,B79D12E5519C82A3
14682,F8E368590A4D4370
14683,B2BB536D5F1305F5
14684,10D7E78E30FDFC3F
14685,4EF81B8A816BF78C
14686,753BB9478FF2CA30
14687,6E56459496863365
14688,13DCE304BACE21EE
14689,84D6511BB63328E7
14690,D17E0290A9D38FF4
14691,8AB7D7E0D980E709
14692,790FC2724BD6878B
14693,931480C7C5B44DDF
14694,A23512595E136B4E
14695,448C2F2F9B515522
14696,BD66FDE50A68C3C1
14697,DFD7B13213AD4849
14698,79AF97E4184C2716
14699,1EADBEE240FE6DC2
14700,524D72D63A3172D7
14701,B2A098875C0B5418
14702,88D778F3010F7836
14703,F8E1E272CF4DA483
14704,C4E3AFA41E814484
14705,4CD3953FE61784B9
14706,6D433BBEBEC8FD0F
14707,A311FB2A4F70A717
14708,E6FCD22E200242D5
14709,C1CC180F130CFFD8
14710,4FD2D854B6E3C90A
14711,61EC410EC5C5F192
14712,3097986C1A77F8E2
14713,67B8C23AFA62434A
14714,5CFD26DDE0253A44
14715,B49CDFB6DAF1FDF9
14716,A416E6CC64863455
14717,F02A8015C738C84F
14718,2209FD7F45D55CCF
14719,D0C324D434FAAEFD
14720,E88217908B31A18C
14721,11E2B63BBA0AF783
14722,019EB843D50DB487
14723,16BC5D59C35C14F4
14724,3AB2B86D73F5A5F4
14725,E91D1579DA5B79F7
14726,24CA8FB75E17B0AA
14727,DC45AEB8D83A5AC5
14728,D3AF387C98D9E478
14729,EEC4806BA8642A66
14730,056E80DF875F26AF
14731,2D5D95B3712A07E0
14732,E4AC3C80EDAD7E95
14733,91486D8F56ED1046
14734,ACB8A5319ACEDDE6
14735,E1BD000B4A6E11BD
14736,C9FDE6AB21501911
14737,FB74D2A1EBDD0091
14738,0860CFA48ED8D2E2
14739,5ACB05F57CAE8EEE
14740,703F137367AB8A6A
14741,5170740E38C7C036
14742,846D7E47864ED763
14743,46412A53A8ED3C2B
14744,5DB91CE955E3FC72
14745,AB4785D667E46772
14746,B25B75A05655C2F0
14747,6DFFA9ADD2B69239
14748,CE20726D3E78DB2D
14749,A819177ED479ECD1
14750,CC3317E4E9C26D59
14751,4FA96798000CEBBA
14752,9EF7A732CF2FFF97
14753,8D6B433B71A7FFB1
14754,769AD96B829105AC
14755,8D84BBD16FA037CE
14756,8F0F654823C4BA8B
14757,B463775940CD9731
14758,D306DAB11591A494
14759,092F3632DA96F7BF
14760,592009CC73B28C7F
14761,16491B8BECA2C6A9
14762,EFFBAC7D33F9DCB4
14763,76B7905DB90487F7
14764,8F40ED0F6C12E93E
14765,C09E23461B1CE950
14766,0FFA83EE11AFC17C
14767,553060F1DAC9E75E
14768,D95BEBB749C2F334
14769,37EBD35B528AD791
14770,4FFF52872A0459D9
14771,42921DFEDE0FE896
14772,1BA2AF3972B9A1FD
14773,7EE9EC27F5C8DC4E
14774,3E1A7727D78F4E5E
14775,07E4314342D08EA4
14776,D0E600E0682DB91A
14777,2543F83BF24F517E
14778,1D9ECCA098D83D00
14779,E2087B11EF23FA68
14780,2547E5ADC10CC478
14781,256311C636903394
14782,16C39EF49A5DEDB9
14783,FCBBF55D462C63EF
14784,2F24765F80AFCC9F
14785,E1CF26F4BA5AFC38
14786,30CF0C508C820F22
14787,AC55054C0DAD8A04
14788,51375AC914C171CC
14789,70C081DDC26D6165
14790,B30E7E9C0D10C1FA
14791,1AA19CC1B256E65E
14792,3B0F1258B1188317
14793,AFFFD55252D2F590
14794,9630ACED18E3CB65
14795,A29616792F1E2554
14796,E226FCB50099ABAC
14797,269BDEE228E6D03F
14798,94337581419E4B38
14799,00243774CA126485
14800,7F86AEC5DFAE55FB
14801,97CECC04720503CA
14802,2023BD4D2BC92D79
14803,A9CBBE621A10540B
14804,7BFB027C0F34202D
14805,CA1830748E43E823
14806,AE2F2D518BDB3A96
14807,FB5D89F218557CEA
14808,E5788BA85AC3B5B6
14809,F72EE0D2B3297735
14810,11829CFE8AFB493C
14811,BE6A448D44EA15E5
14812,4168E1298482C6F0
14813,4927E2F6498334D8
14814,65BC341599C9F986
14815,D5A822575224BBAF
14816,E217ECA37DAA9097
14817,DF21CDCCDE791446
14818,B7D498A9BD559BD5
14819,FB27609B3FBE05F0
14820,3DA540DB55FC6BAF
14821,79C057047CCB9E8A
14822,7B1CBD16151250EB
14823,90C52F8AD225A002
14824,5E093AEC23A06DE5
14825,D1EB90E197A80B61
14826,5F1AF468C86B9D11
14827,AC7DEB15A65D6A54
14828,8B062EB316847342
14829,B644B5034DC605DA
14830,FA28B0AEBB8E8D89
14831,1E2CC8305A13D97F
14832,54FE30EEEF0A3FB6
14833,FC5E554038136E1A
14834,234703E367340758
14835,235BE638D4C3AB4F
14836,B2AC5C69D547AA73
14837,CC9034B6E94C383D
14838,F95D5D4BEC13B7D4
14839,FAFA8CF06C3C7735
14840,C03D1069C348B356
14841,3626034C950DA922
14842,EAFB1C526D7E1F7E
14843,61C82670B9C196D9
14844,FFF9D080ACC4AE0C
14845,2B8F9C4B4D2E4B1C
14846,8805B1B93BDFD4E9
14847,51A87B0439757D72
14848,0E8A0257E6F9092E
14849,4A0EAC2C211A0D5E
14850,9C008C81BFC268AB
14851,AE808A13051C9F2F
14852,85334D05534E1089
14853,1FDFE0FA7D555D91
14854,F96C9396D7403A8E
14855,C706582B0554F679
14856,7DB7109964760F80
14857,F786C9E96054622C
14858,56BB2413B0364AC3
14859,1F204B5A7199F94D
14860,06C73563B8623B67
14861,2C399DBFC0E539AB
14862,778766BB5A850D05
14863,C2EC549D5A45C4CE
14864,A9F3D271C4DD142B
14865,52D5002F0B39CA61
14866,3BB21227BA68EDE8
14867,54CF4D1AA6132899
14868,BEF46007FB73D9BD
14869,9207F23C8660DB49
14870,DDA168CF06A74C02
14871,735ACF1D3363B299
14872,38DD774BD3B99321
14873,D81B54D5813115EE
14874,A8A9F083A55B8808
14875,7395F4AB465971DE
14876,C17D19D4A3B53784
14877,3A6466950E80DB84
14878,D799AB3784D2C502
14879,B1C78BC121DF6245
14880,83BDC30BC1DA43BC
14881,DCF498190D6B908C
14882,82C6B83D92FF04B4
14883,FC896883ADBF2E76
14884,83ECBC17EFABE902
14885,3C7010A514836C54
14886,665741373997C76E
14887,53BC8B3CB4D01915
14888,4B4D7FF179B390A1
14889,913FB2E52974ADD0
14890,A8C7E28372A66C0D
14891,F0AF8B78136D65D5
14892,78632D15A737AAD8
14893,4F17988E683460E0
14894,2ED0540208CF5C4E
14895,71044D2287C077CB
14896,88C7C7349D1FB360
14897,0415B8C75AE4F0D7
14898,71622C0C1D5F0575
14899,5F409FF053864594
14900,2D382A03BEB2FCB5
14901,58A79FB646622116
14902,EC203989920A913B
14903,11B84F0BEBA28BFD
14904,5343B8901E3933B8
14905,1EA1F6A9F7856B59
14906,1E4CFDA2ABFA4A8F
14907,D284E68D0C83AC0B
14908,CF946C51DA2FF69F
14909,750F428F0A1053A4
14910,100F32098E12C583
14911,6BDD39EC929B962E
14912,BF5BE3E730C08F8A
14913,9985630D52E77FB2
14914,BD887ED0FD058144
14915,839B8200FA9095B4
14916,401E41AF629382A5
14917,36D834B2CC0E4CB2
14918,4833DF6428372AE4
14919,1D2449A5387E364D
14920,4777E105757B5334
14921,CEE0A19733CAF519
14922,C3589C8CB0B8E176
14923,F54681A4AF82D62C
14924,0CFC7AD9F560E229
14925,C290A4561427F37E
14926,630DE59B0D6E69BF
14927,485F09C44B4EAA5E
14928,FE266FD1FCFDD026
14929,9DFFC14D94EED529
14930,03FEF69CA4FC1207
14931,74A58710CA8E40FF
14932,1089C498FA58D1CC
14933,B7094B4310B93302
14934,8A661A8899451938
14935,1180C335736B4987
14936,8114AE8451E5ABAF
14937,89D4DE780F798F8D
14938,C309BCAEC5165E24
14939,A1AF90BC2253933E
14940,9D8E0AF39F405B6C
14941,54852E5C778A85CD
14942,1C852ED68BA67D48
14943,7B8FB153D955125D
14944,FA0C14D7A379FF21
14945,9278FA346056D0D8
14946,681B9DBEDB142916
14947,4D3E323387DE608C
14948,7490FA576C78B299
14949,5EEE3F1B1CB0C876
14950,D7AA82FE81BE9607
14951,98773547E06C4C46
14952,43859A1EE6862346
14953,31E854498CFE02E7
14954,500E8B5B1B51D6AF
14955,6F60CCAC431C5814
14956,8AD46A8971BD5F62
14957,C09F170D73A6052D
14958,CF9E155E7BDFACC8
14959,A100ECE5259EB92F
14960,D9B3CE040DB6239D
14961,F86176297621F3D2
14962,65F58B08856B4888
14963,E3FAF80E7A0A861F
14964,7FC2DAF421CF1D85
14965,978BBB8BDB8D9CC1
14966,E2AD27642F14DDD6
14967,EDABFD7E3ADE5419
14968,C7E6314D18B2EACB
14969,75D255A221D39F86
14970,E9AAD351487274EF
14971,0BD31DD7F01550C2
14972,7989FE2077245BA9
14973,EABE549E8C38C460
14974,4AD120695763A82B
14975,0E4B07726E3AB794
14976,A19782C8CC774181
14977,0DDA64BF8B2BE04E
14978,434074D28D498552
14979,BC89CE4B00B527CA
14980,23E94818983DE568
14981,D3221DD258D8A488
14982,9D9F5C00985AD337
14983,EB8548888C77AD56
14984,76591EBE80BA89D8
14985,A21B1A3F882BCD1D
14986,C5C32D9B4B4EE33C
14987,4E053A5C5D502A13
14988,27825FC2EFA4A80E
14989,A62498D9CC7D1F68
14990,7DACC2423DF4E6D1
14991,665072146A6E0840
14992,A76EBC8A6C10AF3A
14993,88410A65D9615316
14994,09EE7C4EB87B0E10
14995,79F8C41E4242396E
14996,2A51073CF8DDC89C
14997,E7C13E9CD2EE9214
14998,8F0E1B1EBA9ABD37
14999,0C842FA871B7C7BF
15000,9AC3F7FDDD369135
15001,D7D46D3188ABBB1E
15002,3C2D4AB6F1633964
15003,C25F6BC688772877
15004,5C29F60BCBFA50CC
15005,BA1CE2CDCFDB6938
15006,4C82F43B69C3D81B
15007,A28FAD635CA980E8
15008,83F77011F7E1A730
15009,40E4CC4DAB16A004
15010,FA76A508977459B2
15011,1CDD959FE6E64D96
15012,6516F45351BEE877
15013,0E7534BBDAECC698
15014,3BE1EC694D97F7FD
15015,4D839372FC911F61
15016,D8B4A6AF58C1A050
15017,B4E1C335F18B4200
15018,03CB5FB2E12CCCF5
15019,C350C14192D4C58A
15020,FEB036E6ED11F976
15021,57D844454DFD29E0
15022,E6E189FB081C8713
15023,7D34218C50D09443
15024,A98344A949C76B4E
15025,2761B8D654AB4FB2
15026,19EC9C76552C49B7
15027,B9E3EFF36E9781BC
15028,1293A63FFC453A3A
15029,E9C6E356913D0C77
15030,C23CE62529B75734
15031,F4EF70F6F08530AC
15032,4CD6143268F78348
15033,A603AAD731EB3AC6
15034,8837E532A8E7F3DA
15035,B530321F719EDCEE
15036,C6BD028CABB8FEDD
15037,6DC96A2F47612EB6
15038,BD68A348A1471EED
15039,F2E9249E9005E1A9
15040,E228F57B0182594A
15041,6465A5D1B783A12C
15042,93D532F1EC7BBA2F
15043,F240538FFA246F7F
15044,BFA2F228E345E1B4
15045,FC9509EE52E92329
15046,EA7E8F081DAE5F1C
15047,AF0359C375AF9269
15048,21DAFF8FB5AB5AF5
15049,9C8950B08D3C7584
15050,9F455BEA6CD4B5D0
15051,65009817B662109F
15052,C71BC3D15EF15FEC
15053,41EF379DFC67F5AB
15054,CD0FFBD2CCF6B2A9
15055,F823BA031064C212
15056,FE14D5F6A95F9C28
15057,6EC48291BC1E9027
15058,1C05405C0A82C1F7
15059,53F7B63A00541A99
15060,3D228E302F640C61
15061,D9B1EC61AD87D80D
15062,8397C3B5F1D63BFC
15063,1F2AB9138896356C
15064,436967C079ED96D1
15065,1D462F2E684B9303
15066,6297CD78676791C0
15067,104EDC14DFFB0C1D
15068,27D9B2D8FC543940
15069,5DA244B68BC5F922
15070,2318B53E14DB717E
15071,7239C0F8842079A4
15072,693706BB1EDAC344
15073,D34FB1CF5DB61EEF
15074,2D83FFB289EB5A8A
15075,B68D1777300B1F92
15076,3733D9A60686402B
15077,84E941BECCBACC92
15078,B5F049E55C633BDF
15079,7D4EFB64CDC6437B
15080,1DB3D22C464B317F
15081,763694A321DF536A
15082,D11A89025CEB55F9
15083,4752F89037763CFE
15084,399BA399604DEA70
15085,680E65B9AE66DF09
15086,A32E8CF830FFF38C
15087,BDF94C0901B57E60
15088,5F0C1ABD305681EC
15089,BEDD24A116DB85E8
15090,20FE39A4D80CB8B9
15091,2D53C1D744D6BDA9
15092,143A1545E69DAB73
15093,D63945BB89CC32E0
15094,DF130A83E5E77EFE
15095,5552B44054A98524
15096,25849B1A44051A1D
15097,7061BA6CB9522ADD
15098,CA4CCE8AE6ED88E2
15099,61EF42A7CEBD38B7
15100,A18A52DA54FD5DCF
15101,5D2B05AB27DBDB6B
15102,D75B135B8A660037
15103,D17A334EDBC4DEE9
15104,F35547A5E266EE86
15105,97401629D0B0A44D
15106,3F4EF6467D8F5438
15107,874B7ED909066667
15108,480182D78C6FD8EF
15109,A64CCC49322422BF
15110,B84DF8D9FDBB6559
15111,568657F692AFED2D
15112,68E216B3D5F29DF4
15113,0FEC0902C22D752E
15114,8B4D12FBE5A1098B
15115,DAD42CD843416261
15116,7ED34EFEDC24AE58
15117,B2043ECAEE1BBC47
15118,DB7E0B4440007DAE
15119,3BDFA4267DA28FD0
15120,5E89B0E07377E379
15121,E68BFFBA4804A0CF
15122,A917BBE20B96386C
15123,889F9F05A33E6DB8
15124,818842C800FD6C92
15125,B565B72CDE886310
15126,C4AD1B4BBB3ACA3A
15127,A26BC3529A052086
15128,92FED9CA8F858B5D
15129,486F972D528FF1EF
15130,0C17678617E81FC3
15131,37E97E38ACE9AA63
15132,D63BAC70ADC69F67
15133,A92EA7C31BDBAE56
15134,F1B095CF3A0C06DD
15135,EB4DBAA7AC9A0E11
15136,24241EE685C85CAA
15137,D4A4C0F2E6453203
15138,0D9D6BE93BC3D7A5
15139,09B2B264ADD4D458
15140,4C9D0E3F0BEDDF90
15141,0B408EB012544301
15142,BFB7E904F935DBF7
15143,2EF0E919074FAED6
15144,9252478757BCED24
15145,6715546E744C7D46
15146,8A03ED97E504D4A2
15147,7C1415E9E27A612B
15148,7A6BBFD0F9978F89
15149,41D488CE08BDEE24
15150,707C887C5438728D
15151,E432E45CB40D582C
15152,602A4B4BD180348B
15153,78F139690FD8DE44
15154,51805BB6EDE140EA
15155,DB5F616A7CD0253E
15156,8A759F31D49C85DF
15157,BD5FA81A5C9D3A4B
15158,012FD3B0BC6BC634
15159,2497AD84424E4748
15160,0F5289E2C2C6DFF8
15161,DB4B2CDBB0201597
15162,190CBAE94F4CF999
15163,46E57947597AD9D9
15164,C72B3E42566DE7FE
15165,180F2AE2CCD9929A
15166,21C55335B518A548
15167,EC0FABB65D447497
15168,B50CAB6E2726C35B
15169,C88773A7E9780136
15170,95BE28393E220046
15171,1FF8BF311D1AE89D
15172,52D4862C3FCB3042
15173,04EFC07717DF373A
15174,5630E714E315BBA6
15175,5C42164B43C68DF7
15176,E7A42D69EF9CCF24
15177,EA20FD8421D00A3E
15178,CEB4B2574B0DE1CB
15179,830F23900F4F4B25
15180,39AB40F2AEF4CF67
15181,E69067BF49E52B4E
15182,53C4F012F69EC8B5
15183,92BDB9577B97D400
15184,E507A970EC3DF763
15185,87AB6F56A68CC442
15186,0838CA6207BDBA98
15187,DECB294C8B54EF31
15188,E52D31EACAAD65DA
15189,710B65D6B0FEA9CC
15190,D892937967AD1957
15191,78C8851778C101D6
15192,3A505E72C104DCF0
15193,D7C295228B348C4F
15194,202650D5954ADBC8
15195,3E8DFC32B86A9F27
15196,A2169A5317A38842
15197,F720F99293E3F621
15198,ABECBA2E3BD2CD13
15199,FCDF3C1076E78A63
15200,5FB54786A872CCEC
15201,A0FFB08034ACA1C1
15202,5857D72E3C82CC3A
15203,2A953D15BD3C5ABC
15204,5C4B7F2658EBC874
15205,A4908902E00F687A
15206,0151839512FA93F6
15207,3D6CCECA8CB01C0B
15208,CA05308AF49790E4
15209,878A9AC0056BA08B
15210,666B97D6E9AD0552
15211,75C94045C6938110
15212,415220E94D488E90
15213,D0D7433210AFD889
15214,12C8158353710F82
15215,D773A5573CFCA94B
15216,0014136ACC127C8C
15217,87A07F3D9DD2089A
15218,81F310777BC9F581
15219,4EA51EBF820D2F9C
15220,BB8177EFE836E162
15221,205B7AA266F11A4C
15222,3D5EE69ED8E3537B
15223,DCA9B52F764DED46
15224,398A60DFB61ED60A
15225,9E073C01EC10266D
15226,77FB0373DA441F63
15227,0F093CE6FF26727D
15228,EF1870B796333F8B
15229,B6896F151AAF3DD6
15230,2CC11097D81A5F8A
15231,3BE80D59AEF43944
15232,55140CB09B4B99C7
15233,DA2015D51893D4D2
15234,80F03A9BDD7EE3EA
15235,844D59BE746466AC
15236,18A02C429640476A
15237,7D58898E6D2FA866
15238,82BF29D9C2D1A938
15239,92298A8251B4D5A6
15240,DCADCC099C7DBAD9
15241,8F243E0F1C81419D
15242,D6758142B29A5D97
15243,634AD30B0274273C
15244,586E99EC1CEB8E78
15245,90AC8658ABE108CD
15246,51CBC9BFC80A3005
15247,AAA797E4713D416F
15248,B668200FE5C79415
15249,C32572CC36363A1B
15250,531CFD06EF50C02D
15251,5204F16F51756FA4
15252,E33276D70D5DF97D
15253,FB26765996E14CEB
15254,B4211BA907F5B679
15255,01BE8420F45EB046
15256,BA74B459B66BE4AA
15257,43F67811F096FF8A
15258,F86434FCE4F50B58
15259,DA2B2A25BF8B5808
15260,A74059B2D3BF4FFD
15261,2209950F2409FEB3
15262,9987B479690C4F08
15263,17A555F76316919D
15264,D0F3AF921AE1FF0F
15265,D20B29FADFD57CD7
15266,1EBE8B3282898EAF
15267,D3B402829F18C48C
15268,C9998F0F43A73960
15269,19F8293D538ADC83
15270,676BCD1018AD78DB
15271,D3949685549D67BC
15272,310BBF1B90111671
15273,F59424E2D6E329FE
15274,616CDB017754C7ED
15275,708DF788058A5878
15276,F03859D60FBE2244
15277,4DC7AD783DB473C5
15278,3785C33E926FE8D0
15279,2CE1DAF93AAF3FCD
15280,B4997ECFBD1DED3F
15281,B5FD5DF0C18C41ED
15282,B7E82AF64EDBD79F
15283,07C22D99218393F9
15284,DE03450DEA7A3B98
15285,D7DAD51CE7ABC78E
15286,34F8097492D0D1AE
15287,7CBC86ED3705F27F
15288,66143FE40183CF69
15289,C0EB8A583F3A281F
15290,1D4E98C89DC6F0E8
15291,5400EEFAEEB2B188
15292,93AE70C48E920D16
15293,A462288131C685EC
15294,4FAAF03E0B1A8272
15295,E119560351D2925B
15296,0E4B505A357FE624
15297,CF8454267C305BDD
15298,5DBF77CD8C255CA3
15299,39CD6F679A4BFF7C
15300,5CE29027953A32F5
15301,5D3DAFEFACB7CECB
15302,3D3A51E1B4515EAF
15303,A6EB2D4FB0F0CE60
15304,58B928B377A06858
15305,FAB00E5FCBF523D7
15306,CAFCE50077918BA2
15307,FCA866D8EA32C3D6
15308,49BA9FFD67778004
15309,5B28F74338A68705
15310,89A2283D6589F5FF
15311,826C9C677E7506BD
15312,CE7A4EE13241F33E
15313,539A99BCD9369709
15314,9A48618841DB5EFA
15315,85569DEE4CEA80A5
15316,D3E129668423ECE0
15317,E6A771755C21D21C
15318,1EF0588EC5FB3BE6
15319,23BE98BD7D1F0AAE
15320,D4AE78A75F2E2538
15321,7DA8518DBAFAA0FB
15322,308275A668288375
15323,7FD6A8B1AF0A2955
15324,5FC756ECA33136AC
15325,338D8708AC63B663
15326,B75032309078C865
15327,6328E35947573281
15328,6B06F513D230B783
15329,45EE893144F037EB
15330,7AF1A285EA33CFED
15331,0EBD8EA7172C2476
15332,B0CF6D848581327D
15333,D2D8D60427E9BB9D
15334,18057564F00C838D
15335,B983DBD912800994
15336,589EA6895BCF3320
15337,9C7DF3D07CE9335C
15338,13506FB002592D0C
15339,A39F3DFD3EA6DF05
15340,9668B5216F4D6E39
15341,F33468A283EAE1BD
15342,F750B9B1E76B3FA2
15343,8F75F5C31A968878
15344,8B05E914B3B553C8
15345,4493E9C5D43E321A
15346,05F8305FB161804C
15347,6C5BC7BEA955B861
15348,E165B4D5FDD93F57
15349,8269B57CC1A5794A
15350,B19770BBFDFB706F
15351,FDDB05CCDE88ABA3
15352,04EC90BB3A3CFB9D
15353,FE936B64FD97F2A4
15354,8807C2D29F3DF5C4
15355,03E7E7DE38D82E46
15356,23685B3FF6B6B25B
15357,D3C09842FA38A525
15358,DED5A7D3D8E43AA5
15359,BA8430F39A891995
15360,676D36C929DAEFBD
15361,BAE4CA37CA1B1980
15362,81C29B64AEF17F41
15363,6E63A948D18AA168
15364,154C5D62B4EAE332
15365,F357D5A7E010F052
15366,2270702CE7D226DC
15367,7659CC948A3229EF
15368,EFC83FA0FCCC70FC
15369,4BA6E1745621B332
15370,D8EC857D5895D384
15371,D89FA9D3C75D398F
15372,43A6375633ECC224
15373,4411559B1999F33C
15374,DCF59E1330207077
15375,C6ADF881B97ED387
15376,6DFC656D0567F081
15377,185050F38D28945E
15378,24C7A21056AC136D
15379,4D7293DCAC66195A
15380,84FD0E1BAA8DA2C7
15381,C65219B5D35C9463
15382,AD15E98D9898A0E0
15383,1CD21EBA23BA1B55
15384,60FCB2BD10E2DD77
15385,288F31902545852B
15386,9CA76F36405877D6
15387,5BBF5492BE5B0A6D
15388,CEAB0ED4F3907AAB
15389,D352BB69EF22FB2E
15390,02A7E608FD8E9755
15391,B3EFC617CDAF4D3F
15392,DEDA3996E5CF2751
15393,F5B89309A52B1DEF
15394,84206665CE78BDB2
15395,BEEBABFD034638A8
15396,53D7BF4F6F288162
15397,90FF4BB83EBCE501
15398,A6D67EB2CA1CD7B5
15399,C6DCD906A37BB362
15400,DD10286EE5019D20
15401,AE87082C3BC0D3E0
15402,2EE1D2031B4612BA
15403,89FB007059952C69
15404,CAD87877D9D979E9
15405,B3A401B16D3F0891
15406,E3673B0B48821ECE
15407,3268020BF02A4144
15408,A23D59826128ABDD
15409,1AE0C3C2A3B1363D
15410,5C37F8178BC8C116
15411,87C6CCBA967FBE2E
15412,2360AC17ABB12646
15413,2A47EE01EC6FD2F9
15414,D67BF6E27F92033E
15415,868F70B49EF789E3
15416,C65C220CF9D5FBA8
15417,0B0D755FC794312B
15418,92F48D56C52DC5F8
15419,96D8E8083CF03467
15420,96C2B201D90832AF
15421,20A8778DBB28F5A8
15422,F488346CB7FA1031
15423,5AA2538BBBAFEDE8
15424,2E774E3B10CA27D1
15425,D5140B4F43AB6A89
15426,7403F924935FD2CC
15427,B3EA438310D9F919
15428,EC2C9C62EBF559E8
15429,FF3866D7E05DC608
15430,A73995D996E85954
15431,D8C7F3E172A4649F
15432,663C50F0BE113E3B
15433,A6BDEFFB1F87F704
15434,2C9ED6A56D1A98D2
15435,5D507C08E623D56D
15436,4C1BFE543C4210AB
15437,E61C4074E8CC7AFC
15438,55DB3E94D885C06D
15439,77FC281017A6E6E6
15440,56C31E73D5F9508E
15441,9923DE3CB3062A0D
15442,2F5B0473EADC7CB9
15443,F14D4BAE1DF49EB2
15444,B9779A4121A048CD
15445,0C03FE864D52F257
15446,F1292A43B9A39265
15447,F6735C4FDCD314A2
15448,37A375FD4F993375
15449,5EE1208660D6BD05
15450,5F94CD8D71D24453
15451,7182F8EF38E9F09A
15452,ECC5E5F508A5D6BA
15453,9ABEAF7BE7C63AFD
15454,7695B02F86C0785C
15455,04B0FFB39E3216A5
15456,6866547A715DE9C6
15457,CD92903E4B4B0E15
15458,E02E9E48B94B5EDA
15459,224E481EDF92FF54
15460,2FFECB3000B38426
15461,A90CD5FD73610CF9
15462,979C86D793D58C0C
15463,E16F802C27BD0369
15464,89296E2148CA6DE4
15465,D77848F9EA3614EB
15466,452F77D9B40371F8
15467,34D1A289CDE46BE9
15468,3A1EAEBBC7BD518D
15469,F93C631BBE655F13
15470,E6364A2E3A25AC42
15471,C1ADC35A4E078DDC
15472,15E02532B224DBD5
15473,F2FBE70D1796919B
15474,3395BF69170FFDB8
15475,773AEA1538557022
15476,2BB4CCD58A25E952
15477,25DDC80331A1F164
15478,A975886169C9A3DB
15479,B6C408E4BA6C03FD
15480,A029543F9DCCBD5D
15481,49CD3EC91EE3F036
15482,D93DB27FFCA54BAC
15483,DF956DA339F7BA81
15484,C50E378ADB811636
15485,2A3700941AE233CE
15486,C57CD8193C3D6A25
15487,2AAC80E92CDEBDF3
15488,1C5730CF896A4F4C
15489,60CC26BD889D8E76
15490,523CCAAC33EC3939
15491,58B29630A9ACFD87
15492,0A62974E813532D8
15493,7716EC8EBC54BFDF
15494,64BA0AC417600F29
15495,0FCC4206ADF31B2E
15496,110FDCAC896552A7
15497,DA9C86D18DD5EB09
15498,64DE310EFEF916DD
15499,0EDF8A5901EB573D
15500,584B5D1A7BBD802C
15501,F220430AAD516A36
15502,7599E2793455CC99
15503,5554B36479176FC3
15504,EE246C768F61C2AD
15505,98E967C57115DD4B
15506,ABB7A411763A0C2B
15507,4693AB5CC67582AE
15508,729167D15CCBE975
15509,EBA1C09930E5F0C9
15510,23479B7C25F3B6CF
15511,7B5496A2D1905666
15512,076B439607486B03
15513,88C7CC84E970AB52
15514,ADE9448A474F28CB
15515,B29CBBB24F1B4180
15516,C1F3CCC4A77C95AC
15517,5D597A590987C6F6
15518,77512F21AF126B12
15519,8FE324E336C28A4D
15520,8712965DB28B638B
15521,1256FD06D21E5CB7
15522,BDE576B94A755128
15523,4C88EB33B330CDAC
15524,128AD2C463FA3DE8
15525,34ED32FFCBDC6388
15526,6B3B9CFAA7873381
15527,0944B35D8470E3FE
15528,D637A1FBC5F84514
15529,553E9F54875BED6F
15530,950CE1FAE90F4380
15531,C859D79597740908
15532,EAE7EDE1D1DE5512
15533,4C56A5D3169959BA
15534,B3E373791805DE80
15535,2EEDEE5FBE7219FA
15536,9D628654F71A359E
15537,364468FA99E98F0C
15538,FEF309DA788AF085
15539,6AB6614926F08F62
15540,675E6BAE5229A3F9
15541,ED2D4B68EFCAF62C
15542,83462834F46FEC23
15543,E326682B450569AB
15544,A0005F35541618F4
15545,03B62B3AB283FB7D
15546,38586282753C63EC
15547,285FE03F1C001277
15548,1EAC17E2A5FC87DB
15549,FFAAE88DBC7F1DAC
15550,23777AF00AE3FF2F
15551,FF6D3EBD03EC03C2
15552,DF2A393A1018E0D2
15553,1B385D088F855456
15554,AFF3B209008857EC
15555,786177E1A7249B29
15556,7C584314070EDC9F
15557,7006C074C4694DEA
15558,5A4EAF6B75E074EB
15559,ECA7A1E8F5367B66
15560,0D567E07C6128D3C
15561,0726F9DF70C70F3C
15562,A66F0B1BEE63FCB9
15563,ED48975F61C7339F
15564,3DEB3AB334319CC8
15565,E893CA4DFC7DD706
15566,99D58B70B3DD29B0
15567,BDB1E4583478FD7E
15568,4C427E6CD13D9236
15569,571A13C545EF2F78
15570,405C0879DC916DB7
15571,8858C4C76EB95265
15572,DA46BBDBB067F90F
15573,F605A2B529D73770
15574,04E5C407AE8EE790
15575,948C34B41377CA12
15576,8A1FD2F7761AFC44
15577,FA85561263229900
15578,AF97A087DA77C78A
15579,968A059AF21DAFA1
15580,B6A4994D7C5A5972
15581,9EB8D4EFF4EA3119
15582,17D87D2333D51879
15583,872A6EB9E178BAFC
15584,C2D79A964F4BCFF7
15585,2353DA024C334A95
15586,F867E20137E4E100
15587,08D4F1563DC010F0
15588,B10A86AB562838A7
15589,CB57A77CFED340BC
15590,9558294B975CF49E
15591,A9C4A297CE1CB97B
15592,47F413F03A022CD6
15593,79D47DC8E7A51DB5
15594,EFFE77AEDE570C16
15595,D005035B9D191053
15596,605490B0AF8BB7EA
15597,A7C7F52AF443F2E2
15598,32FB47E188919AF0
15599,54F99E5777404685
15600,397397637B9AAC75
15601,AE0A4F5931E7E32F
15602,69A32CAE5FC851F0
15603,E317B7CCC12FB7E8
15604,3FB1B1500EF4B891
15605,00634CA55C58638B
15606,49B338A6023F420D
15607,25325A76475D2AC5
15608,1B21629138E08C03
15609,93DFBA4DB07AE860
15610,E8D7EF60807387BB
15611,B9DEEA49AB1DD78F
15612,50F221BD9FED2FD2
15613,FCFE627712DEB873
15614,CD9D8986A992FE2E
15615,F97B8C234C65552A
15616,C928692238332CF2
15617,D37CF8897DA305CE
15618,9FF0E318BE38D7BB
15619,169DAAAE6C109E51
15620,8EF664BFDC2A3B4C
15621,6F0845A42663200C
15622,4D14AF5D8C79948D
15623,2EEF3F72E7C072F6
15624,2B7127ECC77FA34C
15625,06A5EF99989F7580
15626,DAA1017BE75F2B24
15627,E9A2F4EC65AE04BA
15628,AEEFEFE47F58EDFC
15629,FA435C24137FEBD3
15630,85501E8EA4B43656
15631,3CA20C70D4DE10E1
15632,00E69982B256D116
15633,9D2D6E8DDD4C3E9D
15634,D6127AE9BD52836A
15635,52256C45E2EF2C40
15636,3A366B8DE53BD0E4
15637,C688A4806C274396
15638,E214AA130975C8A9
15639,C11AD6FDC55A6B5A
15640,0128665756B3E2A5
15641,7A0544EEB04736E9
15642,151A68E59ACD902B
15643,6264E9FCBF595C97
15644,18F6BC26D665EA62
15645,B5C6ECC23AE8461C
15646,76215011A8AA7AA9
15647,C9F24463CCB2B283
15648,B735CA6E93776603
15649,B18189528C81B6C9
15650,8848F5283483C27F
15651,F212B4D42D1D2C95
15652,1B26F384A4C6D258
15653,3BA9B426118CDC0B
15654,BF3ABA20A1AAB577
15655,3B8E5CFFD7361B6C
15656,0298C7BECCE4BCBE
15657,024CB173227EC34E
15658,28CE06A6413016E2
15659,79B4199F12E4E9EE
15660,06BE033C6FEC6050
15661,C919D81437D1CE57
15662,F44F9EC694248B4D
15663,07905DB844044617
15664,75630D671DC932DE
15665,90B9F347D8C6AAF5
15666,08AF97A4B49010CC
15667,3FEE13E0548F0A1C
15668,2318E3F5E2F65C80
15669,D88A63BD4C7987F6
15670,9A2C5801E266F2F9
15671,859FB95E07DA0B01
15672,B650344B96FE63EF
15673,DEB3E3915B017314
15674,E8682A2EF7529E31
15675,1709053F56A4E1CC
15676,037943E24A17402C
15677,7BEECC88E2A92518
15678,1199C5947C738445
15679,571E143B83740D64
15680,0DE682BCA4AFBE41
15681,109CD3C4B0C50F97
15682,56B94367C977FC76
15683,A6F1C8B8B346039E
15684,5A33D8C48931ECF5
15685,EC70B25D88686E4C
15686,B154F83A2C3B5BCE
15687,3366C3089249DEE7
15688,88F31A29C6282CFB
15689,F36FE4F1D80C4059
15690,218CA20AB295C8B0
15691,570A62A614B03979
15692,248085247541FE07
15693,C79CE06330A0DB0D
15694,A54675D6EF8B9373
15695,2FA669CDD6CAB630
15696,55AC94D1516C2B51
15697,492F58515EA6D113
15698,5F734A862F655BFD
15699,D97E677C7CFB124E
15700,254F68E178F142FF
15701,9E9946704D7643EF
15702,A8E2CC37FA6077F1
15703,D1488FE991707993
15704,C1D2F1CEB689FA66
15705,B98CA639864237C2
15706,7FE65D552A4E845D
15707,3395BD4FF5FED120
15708,819601236DC0EFC2
15709,A449C5A0675DE37F
15710,40361BFA576B36CC
15711,61247029769B5E6A
15712,9A9F74BDA4A0F901
15713,9785D74F2C25BE43
15714,AC7752BD7B44DF09
15715,2DD4834BE7CE6ABF
15716,D8F0060AC2451251
15717,A3F70D8990F52F07
15718,FC3A5D236DFCE606
15719,FCD73AA8DFC3E5E7
15720,F557A298974F8519
15721,C2359681B35B540D
15722,3748445C22A82EA7
15723,4AF64678264B5B89
15724,BC0C8DA02DC0E7D2
15725,5346D77CF4515C3B
15726,3CFA657C7BB0DDE1
15727,2B0EF35D976631C0
15728,FE988CF51D55DCE1
15729,A41A59A360030DD6
15730,A9679A5623DB83DE
15731,DDC4FB172829D3D7
15732,4E2F0BEF3A8806AA
15733,C13F3B299B710376
15734,E8A65EF0413CFD7E
15735,2922A7D587C83822
15736,8A74DC8DCB56AE3A
15737,56CD0765933D6EC7
15738,FB410ACC6ABFFB23
15739,7816B00366CE3FE7
15740,323F4539693769A9
15741,5DE7AF2269408181
15742,7464AAB4AEE06BDC
15743,83B47616A296B4A4
15744,66D6329844771E2B
15745,FCBF71F8C9B8E56B
15746,FD264D2FF3DDCD64
15747,39BF07A8A96181C9
15748,DCA7E083B9C524C2
15749,C38F1A4D7909300A
15750,6BF869B6E5E24160
15751,ABCF53C85497DAF6
15752,9FC62B53B5808508
15753,E9377C2575837144
15754,F22E6C8845DC270C
15755,BCC72610BB4AAB60
15756,A1047A71465B03C1
15757,BA85C73B10322265
15758,B39858975AFAFE5C
15759,02EA15684C227BDC
15760,03A374052B019E87
15761,F35FC08E8E7999F8
15762,F4219F55EE3B07C4
15763,DE1565DF8B206D8E
15764,22D3D8C91F393355
15765,C2761BADA7ECAC6E
15766,6526A8C77499BD8B
15767,57F506EFF102B975
15768,8C36898B18ED37AB
15769,371E2B84AF822C6A
15770,7D1BB7E2E931A83F
15771,64C6410C03FE9CC7
15772,C6C96C742105F300
15773,D7CFF465A49F8746
15774,FB019776B06126C5
15775,C36DA0B45D283D06
15776,FCDB79C8258FA3A6
15777,BF7F76985EA5A39A
15778,F4DB7562AB7CC3F8
15779,2F41394581D58F17
15780,24916E0BBC9986F0
15781,32CF57F2FFFC4E59
15782,A64F27F57EFBF50B
15783,6A4CEECABF8B2B25
15784,243C7C6CCBD671DB
15785,5885D8793FDE7F4E
15786,5C065B4DCE4603B0
15787,2E76115BDEAACC98
15788,AFF2AD4CE255CE90
15789,C1897000C1F825CF
15790,A75D84ADC9102C9F
15791,E5039E38E15973B8
15792,2A7F20A726469E3D
15793,EBC95B668F29F933
15794,E0CE93C80FD2C2AE
15795,EE7EEE6D49DF2CAF
15796,F47145AD8D8E3EF5
15797,638814939AF7A1D9
15798,21716525560447C0
15799,9676DD1368743B74
15800,30C73E3CC0B4F6E4
15801,F9D177F251939B1B
15802,EFCC7B7E938ED594
15803,2E24303464122C94
15804,E42A9CCF97995979
15805,9694A94AA948EF36
15806,845FE3F905EA62EE
15807,1480E712AB5F7AAC
15808,1F5A7CD19DEF1849
15809,C8EEF7A9F0C57E36
15810,1308F71B9AF436AB
15811,FD5D34533351CEBA
15812,D250485C9B9199A2
15813,96C6E4C50EC8ED74
15814,2E79CA7FD3E88D2B
15815,A36E18619D6C6536
15816,EED198AC1E6C9BBA
15817,CEFF3E4B93C63603
15818,948EB20124FBF236
15819,8AC8161AC6EAE47C
15820,7E733DF59A76347F
15821,46714CBC67099D17
15822,D4780A3569285B2D
15823,F660F14F338F74B4
15824,1D6F94B28CDC25BD
15825,E69ECE82B3995BCC
15826,FE49A2034A6C4231
15827,BEF299B896E212FE
15828,020F1B5E7B05109C
15829,EAB36CA5EE71231B
15830,0A4AE041C73ADBA2
15831,02A2E5652E0B3549
15832,B0FC798DB63709DB
15833,FD582A2D152EA68D
15834,CD0860317F3DF854
15835,2E9E171702BCB731
15836,64BD709482E766EA
15837,BD058D1413941E61
15838,64D4A1F4CC2BCE57
15839,2954A000CEFCDE88
15840,3D6F49735237ABF0
15841,60B824CA8C5B9D5F
15842,716C4685448FBC3C
15843,2666C6362EBF204F
15844,5E012DC64F09B3B2
15845,15A5D53FA51E4671
15846,1562E7BCC8D471EA
15847,C285D7D4CA74549B
15848,DFD1A9907D7228DF
15849,8DCC37A14F720076
15850,9E038E0EB4E98D63
15851,B117B1DB95F0F613
15852,1ECAEABEDAE20CCA
15853,518BECE72BB234BA
15854,0C6B1FFD1D348410
15855,37CDA43AEB039662
15856,3ECBB7CBEEA97375
15857,B7FEBD9171EB3AEB
15858,A7FA53F74EC126F0
15859,53E956363A52850C
15860,444D657058C31C37
15861,5209F99AEF178C59
15862,DD4FC2AE922A77F6
15863,B957F00832195554
15864,797E5C32E4A52AA8
15865,A15A79B52BBA6C82
15866,6F2334F3FC4CB966
15867,9D764758721512BF
15868,ABDA3700CC3E950C
15869,D0FEAF77F577F624
15870,6E73FD5C8376C7D2
15871,EDFBF6CBE1FBF7FA
15872,5B04C869ACC21EDA
15873,11680B881BC55924
15874,EEAD07D24EF73C39
15875,41CFB57A17E7B5B6
15876,B43537CA8AF4CD5D
15877,27BD643023AA96EA
15878,839C89D26B41F3B1
15879,92BDC424A83693B3
15880,86DCBBDD8B9BD440
15881,10A569DF04208764
15882,5FEEEED154524822
15883,5413FB5EFE35ED4E
15884,4BCBD7B8746FD1C1
15885,F402486A5E61C0F4
15886,7C2E55589B014C03
15887,21B99EBDC6DB82B9
15888,233C94AE8406B3A0
15889,A1391EC57EA08A0A
15890,A5DB3AE1D90C75C4
15891,8E934F59FE2202EF
15892,02CC248F8A349F9C
15893,212B3C8EF3AB8034
15894,A4B2C03BA985285F
15895,4E97DD7A6ECE2886
15896,03F7319FF01FCE9D
15897,E2140AAC8B89292B
15898,40589E435E519E72
15899,7AEBA02356D659BC
15900,E7729BCBED8589DB
15901,B56BD8E4DC6824BE
15902,FE5766463F36DE71
15903,0D130E29B8FADC5C
15904,A06020DC1C8CBD4D
15905,D771D370FEA37C3C
15906,F53DE8DE820E97BE
15907,9C1F15BD6CF2A18D
15908,002E26B95A033749
15909,7FBC2D6E7535A0D5
15910,254B0526C08BE927
15911,D2A2431DE664D569
15912,33D1876BB931F54C
15913,E356590061F9E3BB
15914,38CD4697A5610FFC
15915,97D5B03CB3852C18
15916,5250129740E692F5
15917,8212D8FD71099E4A
15918,817E6947DFDFACED
15919,F153FE109C46F119
15920,9650FE7729A80CD7
15921,75E6F9B266842BCF
15922,A9049ADDECE1A1ED
15923,5FAD5FEA28255E63
15924,6FEFB5622DA71B4E
15925,6DBB172856C22940
15926,D9F096D1E37B2715
15927,7BA09A229CA5051A
15928,4EA05E79D5AD8E56
15929,2841F4A3CB9BABA2
15930,44E852F8A8481082
15931,3114FE43A6B714DD
15932,85507D74F76B4F3C
15933,98AFD8F3D8C572AA
15934,D3F12B4580D572F8
15935,CB013FFFE6D4BACF
15936,6D9344F0D004A067
15937,7A6411947EEDD344
15938,220511C65B2C08AD
15939,41414B412CFE0154
15940,486202C829FB0B9A
15941,60B467C652E4597D
15942,EC477F3A148C7675
15943,7363BA2B0B4167A5
15944,8690D2DB94145990
15945,98BB80934FB46380
15946,B68299E839CC46EF
15947,8BD0D2ACE60EEDB9
15948,D33803BFA5816613
15949,C0DC77979AD7D194
15950,D15B3BF996E7A76B
15951,798729A432DEA3E2
15952,EA1E87BF6F8D977F
15953,73F5379B79D99B68
15954,D7F32EBEAF62AE30
15955,A0DBBBE2C0F52DD4
15956,ABC5B61F48589B17
15957,EB22FABD2C0186AA
15958,BEE5F6831347CFB4
15959,75DD76A0374AB44D
15960,5741A1DB8652CE2B
15961,FD9D13B1D723C90D
15962,5857CFCC6397777F
15963,71F7454CE675AA4D
15964,6FDAA69D29A646A3
15965,8D27428B2705622E
15966,641E15AD7CDA05B3
15967,8D3DFA20FA4579C1
15968,34CDDD1C39AF7A2C
15969,12BD711BAE649A5C
15970,2DABC14F5C3114E7
15971,E81C09FC5EF083F3
15972,212C84B2562EAD1B
15973,898DFA6CAE442B20
15974,714D0D552B08F39C
15975,B71D59FFAACD2BAC
15976,B9760E4F817DCED1
15977,2D59783FFB975D3A
15978,40CFBE8B6F43D5F8
15979,6DB915AA47D1EB17
15980,4A5B2DD1ACA636E3
15981,63EAF93ECB994006
15982,407717B852355A11
15983,6E61B19AEA3F4396
15984,297E906100AFB021
15985,AD85DE7EA9E47B86
15986,DB5D544F37080BB7
15987,193F4E61E1250E21
15988,4230B6D0B4DA18F8
15989,CBCA253DE44DE7EE
15990,161C8C2C93703280
15991,665FC996C72ACC7D
15992,6A0D310F69E91A79
15993,622B6060EC459A93
15994,B5C6BB3B8380BEA6
15995,E9F444137FEF2E26
15996,98EAC1FFDF473992
15997,39765FE3088412AD
15998,B34DF847A38058BE
15999,F69DC14498C8B2D1
16000,BEC1D39A1BC7AE1B
16001,DBE81932DDCA1D6A
16002,DCCEC0A672475C1C
16003,7026A23F635D1E19
16004,55B38049C58CB5C4
16005,009BD6537A622B27
16006,7E10B194DA0B6498
16007,C5677FDCA947B42D
16008,FA8FCBA310D99A73
16009,70E9F6322E08B1A0
16010,4574EF44D5AE0DC4
16011,3E1FBEFAA399082C
16012,76154E55C4C73A93
16013,5C54E6BC3211816A
16014,49FE61106E4EDD27
16015,4DE3B5DECA06F0B5
16016,125286DB9774D812
16017,069BB687EE37F547
16018,A56F07B9EA6F8159
16019,EB37DD0F0537AD6C
16020,717D582777EA9A57
16021,3CC0D58CF798B1EE
16022,701D2D7D9DEA982E
16023,8162780953C5B7BF
16024,AECD9D3FD9D8CA5D
16025,26911699B760EA80
16026,AB23E14AAFC8644F
16027,76B423AC8B8672AD
16028,AE4D26A74D8E3E75
16029,CEBDC9CD84C40204
16030,5F06AD9D327A0678
16031,A474F32206CE109C
16032,BD836B11E0F4C572
16033,7C60694A8448F09F
16034,F9412D4E19A8B10B
16035,98479351802556F7
16036,99FA7BD6D1063D11
16037,4B1EDFF56E55CE51
16038,1778F4C3CB84B43C
16039,6E8D92543C7170A0
16040,330C43BAD342C446
16041,63030CCF1963B228
16042,A079928B2476B741
16043,730233BCDDFB7949
16044,51C9548866FFD61F
16045,3E5E57448AF8812E
16046,231239EC1CA6ACC2
16047,911E43664E4EEC62
16048,B5CDF423CBBE6AA6
16049,EC5C4DFEE3942070
16050,21CB84852F855C27
16051,7B743374848D282F
16052,679A1C3F07304058
16053,602D3C31F1A43707
16054,EC4B2316E561CF66
16055,5595C9F9804C493F
16056,F68D200E0A1DFC15
16057,5ADE3BFADD0E7D37
16058,62B2713B235E0E7F
16059,E32CCA4E5776D5EA
16060,4B0B5253183F669A
16061,E2241EAC7DCE33A2
16062,4DDCFF20C9775B48
16063,2BF6F2D24961196C
16064,791EB3BDFE1E2945
16065,25842F20FA667ECE
16066,E4157FA0DB3D53F9
16067,A9E4397D966F74C3
16068,2477C4D563F4367B
16069,9D235FAE22193460
16070,57178587D9177E5D
16071,5E99527C436B1563
16072,5C9449480A9D222B
16073,A705A3FF5007FEE3
16074,8ACB5B7813CC3CA3
16075,D862A11C37A258FA
16076,EE3EEFE13EFC3D61
16077,1E8F25E9B163D64F
16078,56FA54FF126E20A9
16079,DF79F0B2896BDC69
16080,07F2E8C3FDEB0823
16081,8AED8F1078CDA455
16082,2E72C6D5D49A1BEB
16083,4800D6D4D42124B5
16084,9B2382044B0212F3
16085,7E4FFEE7C6784FE1
16086,6DA6F8B2A679DDAA
16087,8B0A02006322EE14
16088,454EA6EB8EC6C9CD
16089,F687E8B2E28B2648
16090,33B3C5D70FAD4E0D
16091,25BCC1F88E131773
16092,90E6E7AF8D5E033E
16093,C2CCAD24DCE791DD
16094,DC656D2562A9D4B4
16095,C673839F46244DB7
16096,E4C41D5035604B73
16097,DB72C9677F91ABF0
16098,2A2633883BFE7F43
16099,106F09149608E7BA
16100,3BACDAB06DEF1AD6
16101,7A195ADACFFDA75C
16102,37913E15EC94E9F0
16103,B9B2A28BA1890AF7
16104,56AEDEC255BBC7A9
16105,0406392A8D4DC29C
16106,91D24B901FC9B17B
16107,78B72A773BB1D8AF
16108,71E2FD8B534C1B8C
16109,E3F433D624C22BBB
16110,61220A1C46B7A6C9
16111,49385C3617C5B3DF
16112,D1AFCC669E312259
16113,DF735475E845725B
16114,C20C68DAA725904C
16115,BD05413EB4BBCF31
16116,EF33939EBC61EA9F
16117,11C27365F0E1A5E4
16118,AA0DE6358299B7F6
16119,14CA0ABBDE059DF7
16120,E5480CB0887D134A
16121,5946C7D75EAB3CC8
16122,C0C6DA2DDE9B14EA
16123,1CE37B93328C8CA6
16124,CCAEBE8214CF779A
16125,6B45B6F2B02D386D
16126,6C3B894A6D412A57
16127,4CB9A4B84AD88E52
16128,39E099E8F37D8D93
16129,AB6F5100C7E986AA
16130,E97801ED524E55A2
16131,0620C5266DB85AF0
16132,1A8C1FF742F31212
16133,4A162D200C9CD1A8
16134,4E45F1913DC863B0
16135,CB0E3173E692D8C1
16136,B85F5FB29F2F92EB
16137,B140A5811D57FF70
16138,D8CA120249AA63CB
16139,9699F626AF20E5EB
16140,54408121A01BE08A
16141,1D754CC57D198550
16142,2892A2710C1A5ABB
16143,A1851B0CC460D17A
16144,F64563F6DAAE1947
16145,79ACB31C75BA749D
16146,D804A554BBEE197B
16147,C364A52360420493
16148,D26883A6567B1D2D
16149,9A11912E766C694B
16150,7CA86EF03BC59CAB
16151,A4C41C30E8C5BEC8
16152,AC72848D2C134176
16153,BECAD16C6507F108
16154,67AC9E9A64FF09E4
16155,9A69BF863985106B
16156,B0112533D404F730
16157,D689891BCDCABA88
16158,C77D4ED96F3FEAA9
16159,F81AE49838D91712
16160,B6D2E0AF02243F88
16161,4B9376F553773137
16162,FD8026691DDEA873
16163,55604ECF3F8FD022
16164,A879DF61E7F28B07
16165,FE5D701FF0632FFA
16166,AB8A0A2948EAE78A
16167,0152F3FF0697C42E
16168,01E47E7B9B7AA9EB
16169,1CAAC5A6EF27DC46
16170,E49BF081EFD80FD4
16171,5C6F27BD347155F5
16172,932C10FD35A687B4
16173,A914898FAC505D13
16174,EE459C71AA409D69
16175,EFCD6DE4B5AA3F7F
16176,1AE7F41B5C2F4E77
16177,A2DC2155DA42FAE0
16178,6029658898CC5567
16179,CE8A96DF01511C5E
16180,9AB7D9742B7D7B06
16181,D0B1229E145E95AB
16182,2EAD9A942192E5DC
16183,B3F103D2A499059F
16184,4BC9A5DFFE409262
16185,5AE5D3D5563E01E3
16186,462B3DC765389B45
16187,B7763B94A9FCCF21
16188,C6C86E06AD7D1B92
16189,72EBA18F5B86E1D3
16190,54F997842D564F5D
16191,DAFF705964822C62
16192,3C420AA8A1C21E08
16193,04578C1FA393EBF4
16194,FE56C747654E0AE2
16195,79B9C285BAA2FFB2
16196,AA472AA8E91111D7
16197,82991CCDCA1E9BCC
16198,93F70F7544D1B9FF
16199,1DE7EA4B064BEFB6
16200,06DB5DD2405CC5F5
16201,31473F4A620B2456
16202,7D92396B9EA23CF6
16203,67633CEB0F7899AD
16204,96290AD81B158828
16205,B3EFD48203417E7B
16206,1EA27D868FC8231E
16207,A3B4C2EDB5E8EA23
16208,27C4C4FA5343C678
16209,C1FCA9CFFC8CFC08
16210,25BCFC8D46F0C91E
16211,5D840A02B91E27CF
16212,BD0DDD3A87567B46
16213,A278EA98CFDCAB24
16214,9D6C88D8F42DDA7A
16215,8C70F0E64A3D239C
16216,8680BF22B7DE2D52
16217,B4C7C267E61A3D26
16218,E023E8FC6AD07DFA
16219,D1F08065E4144C8E
16220,57024F167A863C09
16221,D43FB8D4EE7FB082
16222,47659EFD3DC0FCA1
16223,E0B0E0DBC40C4CE4
16224,B9C79C30134C935F
16225,D640C7B5E21F7014
16226,B08723064B05BAD1
16227,2D857C18600BAE95
16228,761F6295F243B18F
16229,57395C03E02FDC81
16230,155AC00B16A4952A
16231,4D074F3827091140
16232,905A98BF906D3241
16233,034F1B025413CEC0
16234,BDA845826439A75A
16235,7FCA8DC1C2354492
16236,BC6F57494427E3D2
16237,9CD3C3F4DC9D3328
16238,88BBF3A372335CE8
16239,6CA1B15823E27B1A
16240,DD721DB4ADBC8604
16241,F4AD420A9B5972E3
16242,5C2F2AF6E0181DFD
16243,7A837490A9241EB6
16244,7EAEA88B2F6454C1
16245,C4D86E1DA4215761
16246,5998EC1100F7CA90
16247,60A26FCE0C1A2988
16248,549E585372CBFA5C
16249,CFE5AF63AB8DE17C
16250,9664DD0D35C9C02C
16251,41BFF5ABC8AFC9A1
16252,141FE09963E8D3B4
16253,625BA0A61DFB00BC
16254,B93DC4DCA04711CD
16255,810ABCFBE5E17D05
16256,580D310C96549325
16257,EAF0012E3DFD2AA9
16258,09EF4A509BE038CB
16259,94CE94E05E270E5E
16260,D261C58894D71B1C
16261,F22DDFC545F0031C
16262,936C6C6DCB122FEC
16263,86B3465AD3933925
16264,6245DA5EA0D54E03
16265,8EE257EA84AF3BA7
16266,B3CDEB790190CF3B
16267,F8F48267D092C27F
16268,7694E45BD4DA4D36
16269,646CC2493540BF6D
16270,FD65F1C44540B9A6
16271,F30543F8E5800A2B
16272,68DA774B8B29BDE1
16273,5041311680CB31BB
16274,560E776E30117C2B
16275,FA390213B6F81523
16276,7BD86B8A97CE3C4A
16277,AB6C243D6C11182A
16278,200CB7D827000E05
16279,CDB5FCC4348917A1
16280,256AE2516471AC83
16281,9892204180A1E0DE
16282,3FA62CD8EDBEC808
16283,BDEBC82659B82E26
16284,92F13B7B80ED669B
16285,5375B0392FADF90E
16286,4295DEC05AB8D1B7
16287,CDF7968ED1A0E221
16288,DA9390652E61FC8A
16289,600749667BE30481
16290,661E1BBCDD37779E
16291,1FDFDACE4B3398DD
16292,F36CF5140EFE05A7
16293,89F9795E0AE94D70
16294,9F94EE5652D9B5E7
16295,CBBBA7DC79E6D0D2
16296,A73977EAAF7B9D9A
16297,EFAC1B0D169A67B1
16298,8812C6EB944D5C44
16299,22B1C136BEB09B11
16300,1F4BC6505B33C3CC
16301,BFD8A20A9BC7EA70
16302,E9E3552B6B671F91
16303,A58FD85F3E71C7D7
16304,47D97AA304038C99
16305,AA60A73CED664B9F
16306,6908D8E5318E448A
16307,38090801714027C7
16308,9D9C375678D597FC
16309,551341EB5A1982CE
16310,96B02FE8593233FB
16311,F7DD88785C511AFA
16312,2C30AAF417350471
16313,58D220E797FBDA5F
16314,53E7FFA3D57257A4
16315,57A0FB5FB15EEC94
16316,08EEF78DAC7AF65E
16317,51BAC5A8E179B284
16318,B567E571C91F492C
16319,84F39D6417146A10
16320,4452ABE92C52E19C
16321,54E7D12B7F9A7827
16322,8341B8E492F41060
16323,48EDAF8ACF7431A6
16324,D41E9679D5B1F0C4
16325,AFEB4BDD88056078
16326,0401CB4DCCFCF90C
16327,1A7E6D45D05AE71E
16328,3FD7BA02C3D61061
16329,5D8D80D08AF87876
16330,E672E5A2185D8B50
16331,10ABE266AEB8B9A0
16332,3B6F7E6974187802
16333,704C8016352238BC
16334,9635EE03B7D09061
16335,F13410C84D7CE868
16336,1738FC7610EB758E
16337,C3444CB8B2C872D1
16338,191B4015FCBC7611
16339,A4241F82B65ADA9F
16340,1C0D3F7821C9BCBF
16341,830F5CE270325059
16342,22A66B0656C8E009
16343,82FBB1A1AE05272C
16344,B6AAF0158EF4073D
16345,68C48F41632242A1
16346,4371F40436C80952
16347,753AEB32BA490290
16348,B85485B6B8A4D1E6
16349,D2607C7C16155DF6
16350,9BC824FC4B1E62E3
16351,EC21F493C5DECC79
16352,0CF1EC9BC82AAABA
16353,FB4B4D65F2B54637
16354,FD6C349801FF97AB
16355,1CE1B9EB4ADA1854
16356,99FB845317F796DE
16357,40F5EFA630FFDDFA
16358,D3FF44579C5F807F
16359,F09446400CA7BCB0
16360,5DDFCD66FB07D987
16361,A3F2877E49C64FEF
16362,E3C02B6972AFEEB2
16363,08EFE56F2A0AF38B
16364,28E37F329AF546F4
16365,5B2F1292498E14E0
16366,E7A205CE68BA6E2C
16367,2626DBBC91628C66
16368,B28457ADC39C309F
16369,893B18AE268D8AA6
16370,99E71B7CEB21B8DC
16371,8E8D1618484CB0AD
16372,BD44B1EED89A4D1D
16373,D3661A3691BBE574
16374,2E383623D4A66D9B
16375,96A590E1E5217F05
16376,12A47E3CFDE9698A
16377,930C1F9837E69866
16378,944EB16069897771
16379,AC56D42FEA40AC23
16380,21C75DD5270B3A2A
16381,EA94A389288B29D2
16382,4593E54D3AC2B933
16383,E5C1FC190319A922
16384,00463D71F0A01EE4
16385,7CCC5C87B75AE139
16386,57EF0480FB2712AB
16387,2D5189C1602C6EE2
16388,256F9ED2E993814B
16389,1DA7853085385847
16390,C5F4225741AFD730
16391,83FBFDBEFC4AF6F1
16392,60A94D40D6DDA724
16393,67EBD749A59EBCAB
16394,E52BE487DA216C20
16395,A924C17D0DEFEA6E
16396,94938949D99585C1
16397,25435FCD70F5375C
16398,B5F94643639D7F9C
16399,DB96EB7094AB163B
16400,0AE47E57415400CF
16401,70CC52B9A41CDB2D
16402,F5BB8CFAB6D2EDE2
16403,E5C3B12892CB4F39
16404,8FF377E7060EDC35
16405,76FBB8516C8361B2
16406,37757B2E9569EB78
16407,0D14BC15F10F5E02
16408,BF4EE84C954F9A4A
16409,D6333EFA50877525
16410,963567BE29B971C1
16411,49A5BDE4FD90D72E
16412,F88238D5DD9C64E7
16413,4FC2D05D8F30E217
16414,8E6DBB53A6498F76
16415,F54C6538E48ED0E9
16416,832FD6A429ED779A
16417,F535DFBF768619BC
16418,26FF5163DBDE4640
16419,DBDECD0A72A34233
16420,7C04600ED18084C9
16421,8A25B8DB2F9DE440
16422,585678916D635874
16423,0B57CB6C792C6448
16424,2D7FAD4D32ADC11B
16425,52DAE6605782792A
16426,D7F4A4159D2E1CAF
16427,F27C34C264512F56
16428,4EB09D026ACB4E98
16429,2542FC0213E38CF3
16430,712D09F3BE762AB6
16431,B2DB6C4B62065CA7
16432,9953206F92C0A15D
16433,A27C8CC935EE9C46
16434,2CA3FF58256910B4
16435,B21ABFF74B54491D
16436,E003CDF30966FC65
16437,F49BE0490142D107
16438,DA94E95748EE604B
16439,56AAD74885DD2B93
16440,D1E183215639DE23
16441,CA01439720064184
16442,6A855012CE6821AE
16443,7AE27E69148B3FC5
16444,A9A67E46409DB8A9
16445,112EDD85AA8B28C7
16446,6825AC5E06D479F2
16447,44AA4DB9EFB50BA8
16448,C1106131B8983C5D
16449,5E08AE39661F3454
16450,6B5475845848E793
16451,028EABAE7470F7D1
16452,878D7DAB1355DAF6
16453,847C62278781D780
16454,E77AAA491057053A
16455,5981A168C7167FC0
16456,2E54FDA9F7F842B7
16457,C1C027E08588C6BE
16458,41241AB96BA422E2
16459,61F21833D64DDF00
16460,C5A6AA401D8DAB8E
16461,2A257EF8F325D960
16462,E78AE64CEBD8CFE2
16463,6019A38B0C1B0269
16464,2EA2CE0B4E15A94F
16465,E403241BD68D8CB3
16466,809AE9EBFB6ABD9A
16467,C1DE7FE8CC3F3167
16468,2022F10AA8F47BE9
16469,EB194935519EC835
16470,754C141AA41320BA
16471,3BF879582E8F0159
16472,6D26A27DBE69FE39
16473,0C565B5083F9D812
16474,6A94CF9E1C313D01
16475,65F952997A5B20F5
16476,FE8E068880A9C792
16477,21AE154FA5C0DDEF
16478,6B44230664CCDFD6
16479,20B91C0D37113522
16480,F02CA11EB8C456A7
16481,B78B7834554E71DC
16482,4823631F8B473448
16483,59A33F2E1B556CD9
16484,9A0A57E706DE0313
16485,B1B136EF27E67B9D
16486,F7A6BC0A2F3F84D5
16487,3ADBF5D0DF7324C5
16488,77FBBA3C6566B468
16489,B5199AD93448678C
16490,1ACD9B6B90486952
16491,AF09722536BB0305
16492,36D017EB20187328
16493,70D00A29CF4CA9C6
16494,201394C30A0F83D4
16495,8094C570269B27E0
16496,C7522D1CC8128AE5
16497,B879D15FC2EE4246
16498,963972D90297F4C3
16499,4B40861F04F3C7CF
16500,329B231F32199246
16501,63731A9C1F86E4ED
16502,5AD103B70060950B
16503,F45F4E7DB46BCCE2
16504,84330D4036327A77
16505,C1DE8BD89EE1D732
16506,4EF973B8A983F112
16507,61673139E727EC8B
16508,39A52E615A1E5AE7
16509,5B723C1515E594AD
16510,D624E52E26398CAA
16511,AEEFABB90863A44C
16512,0682A1D10E0E0E93
16513,7E1AADE0EA91E2D3
16514,33CDDB043DE9091A
16515,9FDBC71F91A1E340
16516,E3817AC588E2BED3
16517,020090297807737D
16518,BFC8B2E81C1868DB
16519,8CDB71C32358D286
16520,4AAFBC078BCDFC30
16521,0E4ED6A51A186695
16522,E50A4DF717BB5972
16523,F176E59FDF215D4E
16524,0C6579441C50EB77
16525,D6E5D304F465AD91
16526,24F960B495E4B95F
16527,ED5904E500F04CC6
16528,601E805F3FD4FB7A
16529,26A6DD3FC4904561
16530,8840544D075120A8
16531,19EA58D1867C282F
16532,5271ABE9BC7D355A
16533,AD9F9BEE929BF274
16534,AD7EEA72300EE3D4
16535,AA9BC7F8A9DD69CE
16536,B4F21C92FC6B030D
16537,5A9B6F0FFEA47C44
16538,1646E207BC69CE47
16539,351D0A3BB1480534
16540,D38CD1DCF0FA95B1
16541,FB2CB020EE5525F9
16542,DE82B3B561FF509B
16543,2F9C9ADB1AEE87F7
16544,036C0ED837D82168
16545,B0EE7B2E813F4E99
16546,D3D2E0D21BCD5987
16547,0CA114E979931032
16548,BD7A413FF4EB8303
16549,7B7BF77DCD1BF2EE
16550,53E1A97F13E98C1F
16551,76EF50FB3583AE7D
16552,0BB00078BC33BE46
16553,BEE1B10C9304200F
16554,C274DE482181A2BE
16555,69421E48637495B7
16556,FF39C30BC051A750
16557,0F71726C26874A4A
16558,C4FBAF337D0AE545
16559,D91F9C1F0729C33B
16560,D72B3A5942022414
16561,4CABF5AEB4BA08DF
16562,9B04F3526F950806
16563,31D4C5463834A3A6
16564,C9A85E159373FD3F
16565,0FD0E960FD68469B
16566,47793F3ADAB521D7
16567,419C130194B9E1F3
16568,D42730766D0BFCEB
16569,4DC1622FC81BA03A
16570,9096006FFF9652C7
16571,0C4FE4749137DC0A
16572,EEF1ADA4A84A3E85
16573,310A987641CAC086
16574,95276042BAE5C32A
16575,D32A96842BA75293
16576,DDC8E316A1CA93ED
16577,D6B567704B6B1422
16578,41E2495E64D3FA4D
16579,116951271BF44894
16580,774619F28E713692
16581,2F3BCD70D4793E38
16582,8D0AFE17BD2C8944
16583,A70385AE1A0AF6A6
16584,1BCA2BC106D5D742
16585,6C6B2991F9583A06
16586,ACF3BC0C98273400
16587,0834510453B2C419
16588,0CD0F9AB0DEB8FA9
16589,084A7143F5891845
16590,7628C88738238F52
16591,D502FD069D2B2CE9
16592,0D04B17FC4B01E9B
16593,E78F99081410F4D1
16594,861A6DD1D0721AD1
16595,D2BD0A20EA19E8E1
16596,9502D52CC0BD472D
16597,5AF5F42735AB978E
16598,666D33751BCEFB78
16599,4247217EAE679EE0
16600,F4F73DD747CBDFC4
16601,656CF256891C17FB
16602,025F37CF6ACFD898
16603,B10B637197B6230C
16604,B8071B18CF4101D5
16605,F31672C1A936452E
16606,8D82A1F723B3DA60
16607,CCD455397E7A5B54
16608,474FE4AA95F1129C
16609,6137AFCD64A34355
16610,72C8BA18CDECC77B
16611,C8542261C78E4F0F
16612,A12BAC1B3C26D745
16613,22A7551AB493611A
16614,2DAC09F82EF5B292
16615,BB29A43FD0799969
16616,8DEE1BD05EC62A69
16617,7A0A2817EFB0B646
16618,F11712F690285A23
16619,F610829EC219345C
16620,29EC2564672ADE6E
16621,91E856BD7824551B
16622,684E15DA33D4BCFF
16623,35DD7D358E6DB42E
16624,987BEF883E8E15FD
16625,22DC879D388DBF4D
16626,F6A0A0FB60C4DF00
16627,4CF18B116C181010
16628,E44A891A56CC0D2A
16629,11DE0431E9154B1E
16630,8C2E79D1F4DBE528
16631,98C5A364A6C180E4
16632,7CE718BD86B042C5
16633,4B127FDD11CB06F2
16634,1128D3F07693F3C9
16635,33AD26BFA0736F50
16636,DB3A94C0AEBEBC1B
16637,3248234F3C8DC9E5
16638,C10320E63FD45401
16639,F20321F72894822C
16640,761328E4A77AD4C5
16641,23BBD4C214745267
16642,7F19626D1D5AD567
16643,50B1DEAE6F57CD2C
16644,091D7E1E67EED60A
16645,69E775FE09B4561E
16646,D555BC3A2DB70A5A
16647,66E74F65979A61B8
16648,64A2486BE3468429
16649,750BB4E4855C7DF7
16650,390D039AC60F24F6
16651,7EFD9AF56205CA32
16652,6702816E527F3B59
16653,227AA2BF5221C312
16654,94E9A64DA69F767B
16655,BF2B3A4BEAD1552F
16656,079BD37F4E1DFBEC
16657,8E04402918B60A33
16658,62D8842E1BE11876
16659,3EEA99825EDE8D51
16660,E70B6699BA448BE7
16661,038558782F5D47FE
16662,F3B5D9DB2A9A1E97
16663,0F44C452308E8226
16664,33BC85FA1998C606
16665,D1DCD91E82B6F6D7
16666,DC81829C971A38B0
16667,8724B560B4167B4A
16668,4E45FBB863B66A08
16669,0DEFD914FECF2750
16670,5DBDB310FCEA1DF7
16671,A66F2E57FA30CA76
16672,11ABDEA8356BFE12
16673,4EA5ABF54C5F209B
16674,9A9F136A615C29ED
16675,EB16EAABB9503F14
16676,C6FE7B03F0CFFF81
16677,7D8EA326877444CF
16678,54E0A57E5D468959
16679,B906DC54589DD119
16680,4D7A44A238C1D03E
16681,195835EC2F205491
16682,E2F03374CDE42FB4
16683,C53DB80C431B1DEA
16684,E2FCE6A7481DBB61
16685,187F709B79D9DB5E
16686,576764303F420880
16687,9EA63A0156506A11
16688,3EC7F4208CB6F70C
16689,4449B48D60B3941A
16690,29566C1B765295D4
16691,62D6E45E8422D496
16692,B6A47673F2435A9E
16693,5269BFC598828EBF
16694,6D45EC83A5474024
16695,B97C28EBECBC7E8E
16696,A0340BD5E3F0DA78
16697,F57D248854DD828A
16698,5D0964F176456F67
16699,5104966E4A51ED9B
16700,9F3D21572FE5FE56
16701,652B6B1DD3BE8DBF
16702,263EC6FBC5B73374
16703,5AA4E250E6AC6ADA
16704,344CEC42701756C6
16705,821CB16A0DC7135B
16706,F26BBE4431012009
16707,7DD97FC2B8B6D4A0
16708,C2034CB29E0CA1C3
16709,60F1DC46534476A3
16710,C5F3DF43B7DE13BF
16711,BE477254228BFEB4
16712,DAFAF7E393DEFDD5
16713,6B49C48C75E09C72
16714,1331E0F55963BF0F
16715,59DBFDA92A7D1333
16716,52016E65F2EE60DE
16717,8304FCDCC1EF467E
16718,E672AB32083BD56F
16719,C55AAA9970D1D77E
16720,301CB1A69E44A255
16721,2429753593D8F308
16722,57E6533E31E79EC5
16723,672967E0C8D385F1
16724,31B28592D0E07966
16725,00AB55EB0F89D8B5
16726,1CE5127528FFA673
16727,ED6CC4338BC4D3E6
16728,A608D67066F865A4
16729,5532C5725F6FFC2C
16730,CE21BBD5E1EE8ABC
16731,231B74DA0E586B99
16732,987B3301B4B4763B
16733,799FAAA9369FF414
16734,61A75F7859B340C9
16735,BF8FE54325096732
16736,2C9F43CB2F2C366A
16737,B719F6DEA7847B12
16738,FB57CD7D75750DE3
16739,CFC40C510C27B25C
16740,7730108561A49615
16741,A7B69C305477E543
16742,E2B5177C10DEA0A2
16743,E530067FCA719E2D
16744,50D0555B52E4A400
16745,39CB482879B4DD20
16746,6B82A1952F14E182
16747,6EB41BEF55F37CC4
16748,FB42DAD916F39BE1
16749,825814F33AB24C6B
16750,79DC2D0D67852898
16751,1B9478EC2220C293
16752,437128260D66B66F
16753,BAA5427B0684F5CE
16754,8DDEA27600C94849
16755,4FFE58BB5038B3C2
16756,04914F13145D792A
16757,55D9A062B0012BBF
16758,868CF788DAB47BEB
16759,25B71AE8F16E657D
16760,F0CEB71B63EBC156
16761,69F994B5A3783AD6
16762,BB17204952D32C85
16763,256B951DBF82A21D
16764,D2AB4089EA70EA45
16765,3724EC60948BCE0C
16766,17E826DA28839A89
16767,CBB67102565AF686
16768,CFE15E16E8FE9C95
16769,FA944DA5959E5092
16770,4DE1634E419C2B7A
16771,4A91E80290C0D8F8
16772,C807F9794A124547
16773,B37E3DB22B90F001
16774,C0E3E19DF3E7FE05
16775,624A2F2FCA60827B
16776,E8AB855426A81D7C
16777,1EC60C7F5C6FCE53
16778,4E7171F8853C3687
16779,A9AD44AD1399FBB2
16780,5DD7B0A61116F66F
16781,AAB79C1EC1F5DF2A
16782,D7A3AC3C126815A8
16783,92F6F1EA47029E17
16784,BF70856B25F21A82
16785,CC2BA34B358318D5
16786,4C3DADC302CC1926
16787,3B3551902BA03E9C
16788,8F35DF7EDCAD9549
16789,A63B4E4A19BC930D
16790,FEBB9F77E9C59A06
16791,20E8EB3DD827411A
16792,36C1359CC17C6DE7
16793,B081881A3362E4C1
16794,D34575962D9AA7E2
16795,2E746FE4BD6574FD
16796,17FE3E20F4B80F65
16797,85D97D1D819A1F05
16798,1B2FF7CC928448DE
16799,02C0D4CB435F8C83
16800,E12BC06C7C217872
16801,38504CE6E3251A7F
16802,5308A8C3D746FFEC
16803,B7869909A51FF4E4
16804,91AB4AAB6817212B
16805,91DF65A6AFC6C697
16806,D2F79432DBA706EC
16807,BD7DE227791EF8D0
16808,F64F7335F29A8B2C
16809,CD5F471A55FD22F8
16810,FA6C169ECFA259EE
16811,05575E4242AE824C
16812,9332A39E95A43E14
16813,49B660D44C39A471
16814,CF5551A513A13B0A
16815,CFC6F0D300F5C413
16816,339E067FFB3E983D
16817,D86459A44F2B01CC
16818,1D406A757E3136AF
16819,762A4D9517837BF2
16820,A18FC3068FE2E135
16821,C39CF5AC99B7B7F3
16822,1F8FFC54FCEC477C
16823,0C9CE957DB0478CC
16824,F96064CBB9DB8990
16825,B4628752EBBA3929
16826,3695E2E71A974444
16827,C42D714DCCA005AF
16828,E53DD81DDAA4AF1D
16829,2F7CD6F85146F614
16830,0CEEA9E749D59A7C
16831,19DA4A361C2606F5
16832,7DA83F542F48C54E
16833,7435428C5DE47466
16834,56E30C3877C206D8
16835,628B9A780AE0428E
16836,342A10029D685064
16837,665EBA01074E4A1E
16838,F1832912E25FD26C
16839,C5C6FC3AC84540F6
16840,CD8A61F6C1D8BBDB
16841,30EEC92CAD109D2C
16842,850549D308311D57
16843,E96899F8A139ACF8
16844,CB8945156752A1DD
16845,C14787A3BFA2939D
16846,1891CCB0F77AE9B2
16847,FE6D65AE87F5586E
16848,DE6C2BA741B363F2
16849,E6625C94BD8A93E0
16850,CF6185622A44401F
16851,69622F0D78EB1092
16852,BE784CB163D0288B
16853,87E738539E8D3E83
16854,9BF8C6B37C1AA106
16855,57C586CD7C321999
16856,9ACBC7FDD573ABFD
16857,3F884F430CFE8334
16858,17778C90EB9B4503
16859,E96FA47C14E063EB
16860,FFC1330205E5AD88
16861,9181AD36EA4C7364
16862,75BD58EDF248C04D
16863,6CCA9ED428C35CF6
16864,99A49443CBC506CD
16865,7E7A60B94DF9FD55
16866,8B25611C122D67E1
16867,07698FC9CE42AC1A
16868,370F4F3AD8090735
16869,925C646D9313157D
16870,66F8391C25BD2005
16871,28573A369A51A9E2
16872,AF6B6C32380FD927
16873,7166F9F8ACEDB44C
16874,7C9E16A1ED918AF6
16875,5E3445A15B5AE52A
16876,E79D8F38A0EBC0E6
16877,8BB0A9094D6B5EFC
16878,CE50DC5C495BB228
16879,736731FA0CA82BAF
16880,9417430258E077AC
16881,8C42908269F4C84B
16882,CA145C0EA2ED5089
16883,573F89BC118E8355
16884,C9B586BF93189867
16885,260AD18A0058FD5F
16886,076913D3C23BE07E
16887,5EA987E7F693E883
16888,696DB7888FCAF928
16889,E33CB90ACE22467B
16890,20B2A147AC80816A
16891,84A35BD9BCDB6CA5
16892,ECDF059424BDDE89
16893,84E6E528057227CE
16894,3BA2334AC136601F
16895,20BC1037794A191C
16896,CBBA6399E493B041
16897,CB8FE36B60220B6B
16898,EDEF28D74F91BE33
16899,77D3950477304666
16900,5A298AC930D606F4
16901,092D2B2F98BC4909
16902,7EAFCF6E418AAF4E
16903,BBFEA3401C8A5506
16904,51CC6C9E5B4EED0C
16905,254046EB0CF76505
16906,0CF707EA90CD301E
16907,0F32FBC7B72FD236
16908,010EBEFD745465F0
16909,13E2F40C230C6E68
16910,D478CFB3A91A339F
16911,C55A87C285F08258
16912,FBA958C7ABA66D02
16913,34878C4EE134CC9D
16914,A4557A9420B27716
16915,FEE2294565C40494
16916,9F2FE25D21722D26
16917,AB2D1528BA64057E
16918,F0B3878BFA1464C7
16919,2BE3064CE3C50A01
16920,E33B78A3ED97369B
16921,D2D1E9845A5B7CB2
16922,31CD74AF603263F1
16923,C077DAC5E20A24C6
16924,9DC94BB5A7F40BA3
16925,BE212B1013E4AA6C
16926,219622633E54EF01
16927,EBAF2B0E587B3027
16928,24A776EF616D1EB6
16929,1F7E3566FDB6DE2F
16930,CC49B004AD523A79
16931,1D5C708876128E04
16932,D05AFEEE5D6D195C
16933,11146A1EBCFEC2BC
16934,E9FDC15D29EBE473
16935,590F0FEC4EB8BF90
16936,BDD4D5DFE6185CE0
16937,D4CBCC299CD81D5C
16938,D1D148818E2D22E9
16939,923CE922FB8554AF
16940,A99A8F42C9CD1FD2
16941,4E27DD3668B63C2C
16942,43A2181855FCC4D7
16943,D37FBCB8105E6118
16944,CCFB5281F350D41C
16945,046F32A8D7956EFD
16946,1F51693386AEAF84
16947,61BEB1DCE16796C4
16948,92A4681EEB5C9B82
16949,4C091B3A15A53991
16950,8D27A7086B51858D
16951,975CD26A92E8E944
16952,03E3361761664F14
16953,19C376094F008F80
16954,1F5238AD6788764F
16955,293C736290021B15
16956,F84A98D32E2BF905
16957,8BA8E78512B2AB93
16958,461D1FB1C98AE5E4
16959,4AFE1799D7E5B101
16960,161B34D377F692BE
16961,1F698907AB7E1183
16962,5D6AD5C14B507A1A
16963,62968F5A7ADCFFAD
16964,18B837016634F33F
16965,4D62444D3CBC1C36
16966,7F873C73AB20C293
16967,0B04026FAF2C3BD0
16968,C8B06830D8FE391B
16969,8B973D8F0885A282
16970,A102149F8D439946
16971,69E24069453585CB
16972,AA5FCD8DAD04CF71
16973,4E28FA86634A0EBC
16974,2C71E525F3EB5668
16975,9CE94293F8E3D38A
16976,1ACBFD2EA18287A9
16977,E39DB0C122EC10FC
16978,54B4A459C507B13E
16979,A857C2731D123166
16980,10883FD48F9E1907
16981,FF44D2537058C0E3
16982,BED49CD1F7FE43F6
16983,BE6C781048C58DA3
16984,E72EF7769694F572
16985,CDC42B89F54448D2
16986,427E48DB993A1C4F
16987,C42B5D0700772E6E
16988,DFE8C143B14329C5
16989,53FBE1A5B550C94C
16990,3D0C2F813F1AD979
16991,3FDD5C882125D76E
16992,43B25C50989A5B9F
16993,FBD54293F376C11F
16994,B1C7865C01121B15
16995,CA10CA88CFACEFC4
16996,14603E09204680E2
16997,7EA1F2073022FD5B
16998,2F4FD12FC94DDC1C
16999,B6A8528DFF3C132D
17000,57926CC31D1F34F6
17001,CF1A4AA037D66CA8
17002,706CCEF5EA5137C2
17003,B586FDC041A60D58
17004,AA371C9911722F30
17005,F4411569D72D377D
17006,F0633B3A7A4E2071
17007,FCE87FCF03B8D9A8
17008,1963291E17D04431
17009,1E57222543462101
17010,BA53C4027B3DA1D8
17011,932238F635578F14
17012,116F79733456F635
17013,3C203D36A769B4C0
17014,2ED54D4163FCA15D
17015,FB3BBF9840F1E676
17016,273E96A331ACEF2A
17017,AADD4BC124406C25
17018,009F53E78CFE89C6
17019,A51D37F2E00A1B9A
17020,7979E7EE5A29F3AC
17021,8B432530B04297DF
17022,C4D1E60ED2C2C33A
17023,1D61D0DF82B97D55
17024,E9F1052E72E05B40
17025,D352ED73AF65A926
17026,0ADB84EC3465554B
17027,78CDBBDC41A444AC
17028,B3DBA14A1BF67E88
17029,0203F6D52051D3D3
17030,6EF75817AA1F87F6
17031,3C339ED7B1209BF9
17032,C8F7EC3A587E888B
17033,44490D3E62282F04
17034,6CAFA4D4E6DC7E11
17035,33BD2EAE06B3F6EE
17036,1BB21E209073DD1E
17037,10757EA204B6F567
17038,921CB382CD9CD2AB
17039,6A891AB887DAB148
17040,855DA29530FCE543
17041,2C13962B26457246
17042,31E9BF705B364433
17043,9EE8C326884AC9EB
17044,B28D351D36035550
17045,8A22D0FB717E2364
17046,271FADEE8C1064B8
17047,601111EC0AE85027
17048,DE59A40D871D2A1F
17049,572346FE97CD837D
17050,1C7CFE59E8B72A8E
17051,6E8792E160C4FB43
17052,FD849EE15F4B30A7
17053,2CA62B4907EC2E34
17054,D190DF62A664B451
17055,7919241ABB4F35EC
17056,FB4CCBE856189E96
17057,57A206324D5DF8C5
17058,2DEFC6AD5E66FAC4
17059,39DFDF7F64596772
17060,317C67B07972113D
17061,2115A64CCC435A39
17062,1C835E2300E7CEB8
17063,BAACD80A131E2B77
17064,666AF7781FF7A01C
17065,50DA925DC4CB6F12
17066,C78006165E036466
17067,04FB592075D9E836
17068,3E646EFF81952B90
17069,38195DBF2BEFFC65
17070,C89EA2F309A0BCDF
17071,416AED00F1B7FDF2
17072,7CFDF341D76E00E9
17073,AA3DA795B87C3DEC
17074,5C6D25B8685F68AE
17075,63F9ECA597D17BC9
17076,1B5C597448DFA756
17077,8AC843EAB4E0DDED
17078,C989C6D10FA06915
17079,B58391E9C9A8BD18
17080,BCD43AD3E75DFAEE
17081,3CB96E7BD56051C0
17082,3B31ACEF49170CA1
17083,89D321D4CC2D9C56
17084,E6C24DE07F285984
17085,A2A13508B155909D
17086,C66BD7BEB45DC348
17087,1DC4BD60BA55D668
17088,D3FBBB4CDDA672FB
17089,9D77AB3602AB44A2
17090,9524875B9597204B
17091,7FD07692A1D2066E
17092,DC4BEB7060BE776D
17093,B6ECC102EB345CA9
17094,2E3A135872C6E8D9
17095,D2F4309C36D241E8
17096,29E50B8DF26614CD
17097,532A8DE0ACC2A461
17098,3B190F545FA23F1A
17099,2E11EE18574F8BEC
17100,8A1E7D56E6E4FC75
17101,01348371AAAA3E56
17102,5C6438B07BAF2247
17103,A351EB4C36270DCF
17104,ABCA6FF8A9647C5C
17105,A7466EFAE8B7BD09
17106,45731A8CD34FA086
17107,609A014218C0DCED
17108,6C073748CA77CFC9
17109,47ED78061CED3930
17110,970BBA6E207B1072
17111,AD09E126ED41819F
17112,0FE413328836F496
17113,A3A3B5394F09AEFE
17114,0B06F2E14851C40C
17115,90D55C684BADD76E
17116,89E8FAB85AC93334
17117,B077C348AF202752
17118,D474243F8E8250A0
17119,D4C0AF4794996E90
17120,EB38327B9C80A54D
17121,65F2F420A2BAF324
17122,243FB65D5A5D5E12
17123,8F3430506A6229A0
17124,F830B2CE70C90AD9
17125,8D9A3D960412F0CD
17126,40630204D5CCA8B7
17127,3B57518A13FB4E7D
17128,DD6D47C58AFCFE68
17129,B23CC4EB262BEFAF
17130,7967A4C39AD6A904
17131,B1E30D3F742BB6E1
17132,4C3C3817CEA0F2FC
17133,9BB1B1218213ADF2
17134,068DD6FB964AFC26
17135,87768CAEE262F632
17136,68C5AAA024B47F21
17137,C77747B0BE57C963
17138,5BEDA2B3AD632286
17139,74AC3A936B025C81
17140,09C09A9D4218174D
17141,F18B8A58859B58F1
17142,AF394A35F9702BD0
17143,E75B547A64AEB6D5
17144,F85E3CDD37B2C92E
17145,87B9E7314E7B92CA
17146,213E3D676C4F5A95
17147,4016B176230E0A2A
17148,8C6CF029450068C7
17149,FE163ACAC5A8977D
17150,F3D9A35B34764829
17151,FA8664EB6A01C0A7
17152,3CCE78226468DCA7
17153,663AF872C05112A4
17154,4D7EE23C24857D20
17155,A96671B91CF25C76
17156,F608E1BED7664D3C
17157,21E66C63FA4A9277
17158,163EFA4F4A2D3C59
17159,0658F7DCF493C6E2
17160,78C069E9096D1F21
17161,80BEBE0469EC9C38
17162,0FC8017FF33FE664
17163,1648BE906834B921
17164,91F42AADD32926AD
17165,F9C1E5CD8EC31788
17166,0BACF44624814D31
17167,A831DE72A1B1CFBC
17168,DC8A7DDD899D4A8A
17169,E0BD91D1C70AA6DB
17170,2538BC549621EADD
17171,9247DA9EE3E81EE4
17172,559DA194F825DC89
17173,6DDE23AE0C623353
17174,5D4087E742103079
17175,096BB5DEC1819C23
17176,302F27A48D7C2BAD
17177,6E9049A7E615D865
17178,815B0DC8A00A0235
17179,FC6BF3F3B631EBAE
17180,3A5815DF940C1AF1
17181,67BDACAB106F1323
17182,11707D099BB18F1A
17183,C8996D83268188EF
17184,5374C2977EA3538E
17185,CABABC23CAD457F1
17186,9E274B83BD37C584
17187,55BC845E1D262DD1
17188,920AC90136EDA723
17189,E6CF4F59597A2096
17190,EAD3AD973283C111
17191,89C67D61626369D7
17192,E5101A138C0E0D9E
17193,C1C947B09CADFAC4
17194,220812F5BF89BBB3
17195,1969BFBC28F9FBE3
17196,6A4DC270F2440C19
17197,14EFB149A0A972DD
17198,2F701F32E1F94720
17199,8475DDE54AB96AB0
17200,9662A8C52BA7315B
17201,A69E322C2252454D
17202,EC8E9DC5BDD7C3FF
17203,43F200974588A0BF
17204,0A178B60EFD5A1E1
17205,8B89DAD14E59BDB1
17206,530CA9F284E492BD
17207,08EB7726A0A733AD
17208,579CD303D655CD60
17209,1462BE88C9AD0718
17210,004A9645B49C8DB7
17211,A69DBF362BA1EA4D
17212,150A12E17D0B4692
17213,7C88163DB62983B1
17214,CA9D058210520B21
17215,CB3249298C37BC63
17216,F1A49CD7971ECBC8
17217,F1A11B5FF096D6F9
17218,A86EB14D8FB35022
17219,322CADB7EE27B75B
17220,F5F4B285E7C335D4
17221,E07B3AE8A9ECE1FF
17222,92F6085DA2439C40
17223,297143AB80960AE1
17224,9FFAF7DA49850B4D
17225,C4E98A8B97E4E398
17226,A6C2B044AF5BCD35
17227,DB6F8338281455F0
17228,7F5201F7CC137829
17229,2B78CB0205B3218E
17230,2AC9B6D3335F57E6
17231,CAF3F74ABCEBFE30
17232,A88B70BE2D3EC7D6
17233,2B6AB0EC83E658AC
17234,810F532A8B813B8E
17235,A4FB56E39E7C92A6
17236,DA1FCB9AB447D11C
17237,95176F85D6EDDF55
17238,F848B22380EE3734
17239,EE12A16318159988
17240,BF3E4340CA8F3C88
17241,E457282E7F5A36AB
17242,5B50394860B230DD
17243,53702306F70627FD
17244,0D70B85407EB7436
17245,2CBC63ED3EC411A9
17246,43541E972EB847F9
17247,31523306E1E29B3F
17248,D6C3B1A784AE6BFC
17249,0AB202C11C5A9D7E
17250,0C1FA417A9AE8A9E
17251,ABF05AEFA932C70D
17252,9EBBBF89CB40FF5D
17253,48B3C2A0D0155CE8
17254,7A08782076676E87
17255,E9CC37ACAF901F02
17256,77686E85E9AF9235
17257,7A9131753720F050
17258,0211AB12D16DA310
17259,D8F2D494A81C3047
17260,F25ED2438CA00A2A
17261,837DE398553B8340
17262,6AF1229922ABE648
17263,98CC647A9878FFBA
17264,0F0F66F8AFE10422
17265,5BA1D369C0E45015
17266,39AB7452CE6F71CE
17267,EF015D92056BE3A0
17268,7ABB3B70BF9227F6
17269,6EBC8E6F1D7606CA
17270,D8DE3C2A96736D71
17271,8BC6DC70DF58D97E
17272,5E8D3FC8A8AC8E9D
17273,7D5D9E94D32DD0BA
17274,F4C41AF221056DD6
17275,06B233FCA1E97830
17276,FE2F82A91E167632
17277,4B3CB13D12FA6C74
17278,A629B893C6E7482F
17279,DDDA619D63130631
17280,26F5985480F74B0D
17281,54D42F124A753E0A
17282,33D48DF4DD7314EE
17283,C6B0C66D6DF21FF8
17284,CE5BD78EBE2B9781
17285,9E2894D01E924FAD
17286,84BBCFC20C1E9E3D
17287,E1A6D3FC4E061DB7
17288,42EE72D03BD4F687
17289,48984A891580021B
17290,CCCF9FBA9B4C538F
17291,DC329F5B480ECA90
17292,7CE71B207AB24F6F
17293,9F41E00360D5210A
17294,6A939BAC1111EC4C
17295,4A0A3871CF689384
17296,0FFA713C916E199E
17297,5B87AF4AB932A1F3
17298,535BBA0B6E6E5221
17299,1EF6697574390A3B
17300,DDEBB89920CEA9C6
17301,15E464D4D2CE05D4
17302,0A2C8F75B1C7B9B2
17303,9D0094E7FFD75FC6
17304,F7A6D3413A3ED7C0
17305,AA4521633585AF9A
17306,966DC4B070D352E0
17307,4B31BC5BD0C8B3C3
17308,58D50DDC54BDEC73
17309,DFC9BBDEFB231A5D
17310,A4196967A993BEE1
17311,967D8D3EA1065AD5
17312,405CB4832A819790
17313,26A955C32CB066EB
17314,1E39122A06D1DAE2
17315,089634878C908E79
17316,CA08DE0B72822AF3
17317,635F4122A8055063
17318,C9E913A953665158
17319,98F85383353B332F
17320,CC7B2A63A3C54CDE
17321,61C2734ACCC29C3C
17322,3E8043972E2435CA
17323,82AD6D381C1C89B9
17324,0B616F70AB3D2833
17325,F4C4C1F46057348C
17326,F8BEA460637CD6B8
17327,2FC7464ACEBDCE04
17328,8CA173467F5E5A63
17329,971F7B8380571045
17330,2DA006847F4F0D4E
17331,8829C369D2DA48CD
17332,15990985BD02E6BB
17333,AFF9A21C180DDADD
17334,3565CB7B7382BA10
17335,ECDA1C727A9C6646
17336,CA39A9EAFD0FECEE
17337,F41CE58445A337C9
17338,0DFC9B51A6074768
17339,02373C5208AF622A
17340,10FE6F7F1F868F84
17341,6A401F640611CB9A
17342,E2D304605FE9D0B5
17343,007842684E534FDA
17344,31D9815597B32CB6
17345,30D4F25070C2EBFB
17346,099D9E74CF20F1DC
17347,E20B77F86D74D70A
17348,011391E849ECF79E
17349,A19820294D21B5D5
17350,DE248C280A25D3B6
17351,4490BB5A8DF5C998
17352,C2B74420B80F30FB
17353,85D4843F68EDBF14
17354,C598B3434B123694
17355,D8B50B2A059CCEFA
17356,DDCC18770DDB04D5
17357,099AF0A5724C165F
17358,AFAC805E8DBD2B36
17359,B6F752BF45BB9795
17360,37C35EDF94DB699F
17361,6296002FF60EC6F3
17362,CBCF1CEFDB409702
17363,4B4737ABD27F278A
17364,D96599BB29CF3A3F
17365,DE12C5607500704D
17366,0B786C69F51CB28B
17367,9866EDB0D6567647
17368,B0C370430289CED7
17369,4DB1347AAE1D6544
17370,3382E783C1B3653A
17371,D40B25253DE98031
17372,0AF576903BF9DF4A
17373,FD6B2B64F3A4F2A6
17374,20093924C6E6C3F8
17375,DDC1A13AD4CCCE5F
17376,B5769A9C4772A2BA
17377,749C6704AEDE9626
17378,9DBF0804EAC39CDF
17379,AEC2ED3E9060DC1E
17380,2F937ABABB179BBC
17381,26C3EF59451E342D
17382,9808FE658A0B5D61
17383,CBDBC2E23AD71E60
17384,EFF3E1F289325CCE
17385,04ECDCEE7969D2C2
17386,21CE0BC115437CC8
17387,FD6382139CF30423
17388,955858B3A4A92FC0
17389,F471F8F6641B8921
17390,15AE269751456DF8
17391,0582FCF09BFEE10A
17392,ACD2321A2210FC33
17393,A3D3B9352AF02F35
17394,CBD5EF94E514D6DC
17395,FA3D4295A62B6A24
17396,D84FB703C089472B
17397,AAFFA3B8A50881EB
17398,00E57EB427B7BF14
17399,A0E48EA972AAB635
17400,1DA31B00B9FDE38F
17401,806CD0DF84A5EFA7
17402,0A3FCED76FC49F66
17403,39F73CA6C2D67DBF
17404,327E062ED76F1194
17405,9106C68882233034
17406,BF7D2276773E9952
17407,2E750DFD114E24C9
17408,9C1AD3A9604B0C76
17409,85068C13AD61FFFC
17410,956940E3C4486A31
17411,C81D05281049BF08
17412,4A9DE6899640E13F
17413,7DC28BBB2CF32569
17414,3C5881A3B1FDA7EC
17415,5B6B568A85A7C4B4
17416,95EEDC48068B1D22
17417,5B753FEFB92C3F70
17418,84806A64A9600C6D
17419,DFB4E9325567E7A0
17420,DB42EED34B0C1FF1
17421,7FDC71F90A2F53E9
17422,E08C993D45D69A1E
17423,609AF8F431574C0E
17424,99C4F645DF55CB94
17425,D51CC43D4222F8E6
17426,D890E60B9181A1C4
17427,D8D9B26C20A1410C
17428,E6CC0C5AB0E45A58
17429,C0C370EDB26085CB
17430,F98AE8221486AAAB
17431,F46FF2708DD7235E
17432,9CDD2D7C14D82AB0
17433,44F69691E5906588
17434,A0628CB8B54CD9D3
17435,A993D4723DAEFC95
17436,DDAED9521BB6500A
17437,6F685BB994387CF8
17438,2C09C3AC713DCD2F
17439,26D37A4B4E1A5D93
17440,FAD67814D78580E5
17441,F4CAF17302CD7A4E
17442,87B6CE1A99A37A7C
17443,D3E4793FA069C815
17444,857E015F7B3E7FB8
17445,1E614AAB3C381C1D
17446,36CDB2E9699C806E
17447,7339996F5A01F77D
17448,7E87F728AB6C0410
17449,EB426F4D8920B476
17450,6B9038A0652379E1
17451,8118FFC33DDE968C
17452,4F6B58DEA78E7797
17453,273129B343756F8E
17454,F8FA14A64E47F9D4
17455,1EC886C992C7B4D5
17456,FE24B349285225F2
17457,F237FB5D0E6C9EB0
17458,5180BAF1EF80A313
17459,3F9CED7CF93544B2
17460,A743C7E87A0EE70B
17461,A6DFA25B76BB7220
17462,0BC8EE9DF381CEA5
17463,126FF40A8551599B
17464,64A5ECA0E1C94C0C
17465,9E172812D6E98D59
17466,0F0599D4EF10FE1B
17467,B6FF96E454CACDA9
17468,3FF8DD99EB72C73D
17469,9E3F00CA6599A12E
17470,8AC998FA5939DF44
17471,317A531C22B65E61
17472,89D6AD127B677C9D
17473,9EDAD5FA4336D0F2
17474,5797E3D9DB4E83B1
17475,E19A6A0C4C251EFB
17476,1B8AEF5DD9D47DFE
17477,789A9ABD015FDF6E
17478,CFDD1A27EA613F9C
17479,3E4464FA52ED35AC
17480,B2BF90CD0CA1F441
17481,8EB4E3D2F04FA6A3
17482,6A39B0EB70EEDCCA
17483,001052E05DCCA0B2
17484,6195BFFEEF94A478
17485,FEC1BDF96237BEF8
17486,14FD13ECCEFD4C67
17487,77523D54A8FA27F2
17488,598B041E3A22F769
17489,066F78BB2B96649D
17490,73E89E906EA90E91
17491,695AA15F5985CD6A
17492,43456ECC64393C94
17493,7311356E1CA3EDBD
17494,EDC468CCCA8342E5
17495,DBBAFDDA8397E07E
17496,E0EF3D283DB7C6A1
17497,7A4BC1318A69CE54
17498,552CDD8E1F593A10
17499,4B9474B7E1064C3C
17500,C0C62B04020B61B8
17501,81D859F054BE935A
17502,7D124F5902DE84DF
17503,4DCFCDEB08599E72
17504,211B86D32E6F0610
17505,C8C57350213117EE
17506,6E870DDF4BBC56B1
17507,CBBC6730FF6D875F
17508,26F90333937ACB1E
17509,C19A1E5CA966CFFF
17510,70356C442D942855
17511,BAD72D6BB8E57F15
17512,50958B3CFF907377
17513,82D92FA9B999C31D
17514,51295FF07B5C2958
17515,640C08760A9886AF
17516,E14A4162989275A8
17517,FAA7AD4367EC827F
17518,F80E78ACF5EE3666
17519,E741F6BEC4EE67A8
17520,A748D781A86043F3
17521,2C8E1C7C40C59D97
17522,A3FE42F06B798175
17523,D07B12E4C7880A34
17524,E5A610CC17B70269
17525,2A281A5FEF7F876D
17526,C20CF220F7FAF750
17527,3BC38A935E144006
17528,2828CCCB88DD998D
17529,3B0D6C994EC63E03
17530,90C5A73E05784551
17531,7C67C2F16BA9F19D
17532,28E3D32E7143101C
17533,37CDB3F5C61967DA
17534,C31D96D577EBBD8F
17535,A41A910DD87FAAD5
17536,FE82F7F93FF0E51F
17537,69774DB319FE99EE
17538,BD925AD528324D38
17539,AEDEE9A0C9AEFD10
17540,EE330881C64722BC
17541,873908F962B14F2C
17542,078FA98A5F4FFC07
17543,4D28E1ADFCF373EB
17544,A836A1E4B4F98880
17545,E82B75033DFD200B
17546,E0AB413C7256FC25
17547,0FF0EBD9F67A8AAB
17548,3EA11311159DBA69
17549,90B59DFB02C3A464
17550,94B99CFD66F24105
17551,69F1077A4BE28014
17552,03D50007C5090E69
17553,418220585CB31E3D
17554,1E49311AB15E99C0
17555,CE67F5A31B95FA3B
17556,0545DB0F0A5B4324
17557,2DB893AF919B0FA8
17558,4394AD75F45DB3C2
17559,33FC8BDA43BC40E2
17560,EE12E3AF450FD2D1
17561,FD946D6D39758381
17562,140965FFF3986FE7
17563,04FFC8EE6A654EA2
17564,8BD6CDCE81C7E0AF
17565,69AB1F07A84D79B4
17566,E74772E4350E86E6
17567,816B1BDE365C9B4C
17568,9059CAC4A59DA599
17569,659FEA4BA8DAA0F2
17570,19284AC5102EAB3F
17571,A1B6C5CE4142A87A
17572,4C855C0E62115CB3
17573,37204BDA65655A36
17574,4833A36C1D43F170
17575,E3E6383672A4F7EA
17576,163F709E3C9C2788
17577,6D1D79DA4CFF0650
17578,5FC4C3C8248DB651
17579,A186432628EAF124
17580,1A753B6C6804322B
17581,555F6039D79F5000
17582,0D09C55DFC1FBE33
17583,5B8DE8A77B7FE31D
17584,DE7CC4D5D93781E1
17585,A75EB5DD0DE08878
17586,5A13E73DF1E98595
17587,41C1AB43B89A63AA
17588,91A65CC79AF321D6
17589,BEEBED8BFAAEE813
17590,B2693A556C0A5DD9
17591,9F234EA1C675CDA9
17592,9B8151EC3AC5A504
17593,56554FF3381B1DF6
17594,A76F86D617CFD724
17595,E00E55F76FEBBEE1
17596,006BBDF27544F348
17597,216EDCEE0F9F9ADB
17598,1CC078E26798CA59
17599,29A2184E4058E42A
17600,FC7AD9E186C5B333
17601,9D1FCEEBF74EAF2C
17602,FF8252DF72F72539
17603,AB47E9ABE9D92F07
17604,6087717BABB6D8A4
17605,B91467C6E88D016D
17606,217CC857832D9B28
17607,E38873013B74B831
17608,16A18170DC840B97
17609,5D6A2E1CB1DCC9EB
17610,638F952D17D0EB51
17611,466BF29D7F935E69
17612,40BF8D8B09A5DF02
17613,39627E3DC14C9A79
17614,7DB37A8640148B87
17615,51AD99A1D8D659BA
17616,07B05459E3AE5152
17617,C93BD3484A9F257D
17618,B45D931EA9428809
17619,E74315E2A40F2F61
17620,9791C8D8AFFF8763
17621,10203D5CFD4E2AD7
17622,E753F5D3F5B3765E
17623,16C9231392E698BA
17624,3245DC31093CA440
17625,3FB73A67F7572F2B
17626,4AA14FE9237D1AE7
17627,FED059D40260D911
17628,E210147784345501
17629,799395ABD4550D13
17630,7EF9965A13CD0480
17631,662624C1E6FB9346
17632,71DE5A36CFE1122A
17633,3666DEBF7651C7DB
17634,F00E9983C3D08C29
17635,433A5793D2A670D6
17636,A5F9B9808A3A59C5
17637,7D8E0751624D3425
17638,E37993A2BFCF3CB4
17639,478DD02CD226E1DB
17640,38DD03EA654E8A46
17641,A010774FC90BD915
17642,38F839A399218C28
17643,BE202E042CA357E5
17644,68F7FFEE2E31327E
17645,A1CAF1FD3FECF540
17646,07129D29397DDF9A
17647,6D42EE9DCFF8AD91
17648,69650C1F7100E8C0
17649,FC06E00C08615A1A
17650,C41C0F15A5684596
17651,22D6F629CF0DE805
17652,9434940BD3033774
17653,0DBB62F40E32192B
17654,D37FF30F915BAB63
17655,E2B90B489BE8D69D
17656,C80E0FE11739DC52
17657,85F87F23070DCECF
17658,CC44C4F4C7330BD6
17659,BFCE439758D0B2F3
17660,77AFC4013A17EA74
17661,862AEA6B8E0712CA
17662,CA0C8F7560D49E92
17663,E5B220F078077D57
17664,A94A20EC7E5ED4F5
17665,485E090244341869
17666,8E3F9E006B0BFD3B
17667,B1EDA92A813E5FFB
17668,10630A0F725BE574
17669,49014015E7C664FB
17670,215C7B8028ED9248
17671,1680E7E9E3DDE5FB
17672,C176614FAC98401F
17673,92BAB30BC954EB5A
17674,0B83827CA08F101E
17675,FDBA01E5ED2E67A4
17676,A5ECA56C808174FC
17677,CBFCED33B215B83C
17678,00151815FA6F04F8
17679,3B5F0FBB5318DDE8
17680,05F958E0314EDCF6
17681,A904D048E643C599
17682,4B62FC65D1B9AF0A
17683,C5FAB31769339C4F
17684,ED494B68B743A33D
17685,218F9CDEF80B2BB9
17686,E76509EFEB9AC81F
17687,85A43BF41D43FB73
17688,3F98534D388075F4
17689,C6C65AFF2F820E00
17690,0CC1CBBEBD01B29A
17691,C2C71DD55107E5E9
17692,8557B6F59C9D1AEA
17693,E15AD63B0F2B79F4
17694,9209CECF6778092B
17695,95DBCF4FD154504F
17696,46EF27FE71CB954D
17697,6CE222EEA47492F5
17698,C40EB21440447F31
17699,BFA41B62C4A9C5DD
17700,E16441A107A955CD
17701,20678B8B458B1031
17702,D6EB6BD8F953ECCE
17703,B0802F66DFC740EF
17704,170CB924DCF3E4E9
17705,93DDA6AE44F3B8E0
17706,52B02935FA8A8814
17707,948D4CF35359D893
17708,BDAC846EEF97DBEC
17709,DA8355C30F98E77B
17710,652FF118C0A0E45C
17711,7758D5B64430358F
17712,082546EFA16BA665
17713,7E1596EDD3F8E858
17714,2F24ECE11A7779D7
17715,3C02988575E94DF0
17716,E268EEE1904CE2B2
17717,4F906EDC11B37000
17718,F44CF303B69D9E6F
17719,6F91156FC8FDD221
17720,EB3B34CC6508F6F2
17721,73EF636EE9EDDE12
17722,E90231EDAD6642A9
17723,59C596A7725E1B1C
17724,11DE6DC95E5A9F1B
17725,133631DE5900ACE7
17726,6775B6A8881BCFAC
17727,4E078BF00E346F70
17728,EBC2E4742912D41F
17729,BE72B63374F1F9AB
17730,710405BBC5D11265
17731,999E439C4AD51A96
17732,A4E6968D3163A75C
17733,1EC26C60F14FC0C7
17734,3B8AE2936CF939B2
17735,27553F452A7E99E4
17736,4D4AF565D65C9D18
17737,A382FF7DC59A1738
17738,618484B5C316B831
17739,4CF05CDE2BD0F10B
17740,AB985AA5A101286D
17741,5BF490842A7B1EB5
17742,3AE14EFA48EFE5A0
17743,84C5EE62D6B76381
17744,B57B77D281EADE5C
17745,C6E5AA014265ED2F
17746,A0080019D2897173
17747,AD068F060C687EAF
17748,AB137EF1BD942B6F
17749,8BF54A60EA3207CD
17750,358B3687AB075660
17751,930E16A723F032CD
17752,AC54C66727E6A2FB
17753,1BE12E9439719ED3
17754,A827B36D77E71833
17755,DE1CEE0E6E9A732F
17756,0BAF1360878E2157
17757,F0060478EF0C37A1
17758,1304184C52D8FAE2
17759,00DF2346C9E9939B
17760,D6318D4C9E1D4FA2
17761,CAEB6A693857C206
17762,1E782AE5A76FAF7A
17763,9171E7EAF2A3EB69
17764,C52FE8D586AA174E
17765,00EB6F43726FDA4D
17766,86C4BD4A9991A968
17767,602C5629F49D1C2B
17768,D091FDF6A042D90F
17769,5E752FD6671BF047
17770,53EB4A6E4D378B15
17771,5CA322958CE68439
17772,699268CDBFB1A95F
17773,AA3D44EF43519FC2
17774,FAE98AB5DFC96EE0
17775,046493C1B0703EFE
17776,95B762C15B4D01C5
17777,009BEB28FB030EB2
17778,39D3AC660C2A05D0
17779,4FB03C0388275C7D
17780,89BC479FDAFDB4EC
17781,524A111D010C7273
17782,5717DBFF6DBB2B11
17783,B545722314895198
17784,466A426591996276
17785,C2288D71D364F530
17786,2B121A69E8E004CC
17787,EE36874C606D20D5
17788,C89F5D3DB4588B24
17789,46B8EEFB8E747AB7
17790,007AD33135B8C977
17791,A09C217F7F9BDE3C
17792,12DFFFD3F1B6FFFF
17793,5405DFBAEB498444
17794,0CBDE3FCD1792CDD
17795,391B5CC90D096BCF
17796,C12B58BA83D9197C
17797,2B71835393FDDD70
17798,6DDD7B11B0002E19
17799,FB9C246F02121B7D
17800,969874FCCFB0CDF3
17801,454688D095C40D9C
17802,14619BD4F6EEA32A
17803,E453A3CB67E93092
17804,268AC0F0134E1B04
17805,BD8179D9D247A114
17806,9B4256A7FB30CCEF
17807,DFD2109B5CF04869
17808,A831DF8EF9FEBEAD
17809,65E7BAB2C98E3120
17810,889E36F61C785129
17811,5EB30D241E988314
17812,F57608A94F21472E
17813,4FCCB5DB456E8884
17814,C1A066EAB8D6929A
17815,5B4F06C6FF701C4B
17816,96EC17B2F84779F6
17817,D36182E2D592FCAE
17818,52959AAD2507F44B
17819,34DEFB5A9493433A
17820,08402C0BD1F341CA
17821,3C6869A8E3DFE9E3
17822,0E77BCCD34CD3447
17823,3B615A87AF72DF89
17824,CC51ADE8C2C2ED28
17825,04C176384F521A34
17826,739DCB4E387C9AC3
17827,C0CA983F52407158
17828,83A20487B9A674A3
17829,8E6B55CBB0BEE808
17830,5117C1A6D15A6623
17831,33FAF0A3591A94C9
17832,BA36AE703A9DBD07
17833,13CCF79C1BC12A57
17834,AC246F0B3222BCB0
17835,461A266926452E5A
17836,7D9A8A93089C79F7
17837,BD3DAC3E90FEF146
17838,90B77B7D5200F633
17839,DCC82FA04B4BE60B
17840,2B4A69A2777E1D65
17841,1232E2D928991DD4
17842,371493A3F1C3DD76
17843,8AF2685420F7B192
17844,FA013AFA85F53DC0
17845,DC2E69C481C3D87A
17846,7BD388B7049E7F10
17847,A13AABA879D34CE9
17848,718A2C47474CD568
17849,1EA57E14264C353E
17850,2CCEF8D4619946F7
17851,AA91BC8C82D12C3C
17852,E642DDB73E97A2B4
17853,DC7E09545CB4F538
17854,930E06A5D38ED78D
17855,522CCB2A13A39413
17856,259B7C21F6D212C1
17857,FFFED6E53598F6DE
17858,D2F795CAF2E98F6F
17859,06CA29CF67133A23
17860,385F841CEE5AF099
17861,10D953A1C700C4C5
17862,DB4739F777D3E1FC
17863,7C4B6F62D7345882
17864,16FA5926268BDD60
17865,C470CC868590A298
17866,81FAF6D8EF6B96ED
17867,40AC8B8CB4A53841
17868,276640D76556F2D6
17869,86FB0A3231D8F015
17870,B774BBD05B9AF37B
17871,FC671F8EAC54E806
17872,B65C94CD5B86890B
17873,7DC29F09B6F7D3C0
17874,DCED05CE46A2D846
17875,BDEC25F3C2FB2550
17876,30181785E4C94927
17877,D45632E48159E9FF
17878,6D3CEEB837BF0547
17879,297F0D7DFB38A77C
17880,B170778A0555D58F
17881,C6A4B85D832D9072
17882,8240311878867225
17883,DBA9D70E70365C02
17884,27F597C6AAEFD688
17885,26DBA3FE33DEFA8A
17886,AA10DAF79E925B2F
17887,57ACC7260B174838
17888,19B1CA70B697EB45
17889,BED5ED86135DF5B6
17890,6077A9C1EA8C8247
17891,930729E39209A399
17892,7C7952D7E0B20074
17893,49E8FAF9C0755DA4
17894,A68555A85480B3E6
17895,726E92B7C2E3243C
17896,702C9B0B27036A0A
17897,6C89637FF367FA2B
17898,9FD0A604FBD3AEC3
17899,A35BFC5C3EDC62CD
17900,0412309EBCEE0B2D
17901,7B8D30A37A80DDD5
17902,E68DAE6DA6186A5A
17903,98C1BFE25CD57642
17904,DCF5FC232C31E76F
17905,D71872FECBF9FF03
17906,FCAE48EFD43B6180
17907,1D169D39F038445D
17908,1D81496050D33EF8
17909,6AAFBE90B4BC8011
17910,6DF14B8ACC4DB468
17911,D5D20A2D85AF523A
17912,0F5BE7FB7EC5ED35
17913,42A6AA91D61DCAF7
17914,690DD268FFEC995B
17915,44341D9B6C853307
17916,60C881373078A07F
17917,34A6C2AB2C9D32B8
17918,5620C9AB0420039E
17919,FDBDD931B1EB759A
17920,64FE7C63159372E7
17921,44FDBA86A6C41D1D
17922,1D51892E359ECF14
17923,429EC326E76657B8
17924,106BD3257D149278
17925,46E8B0D6BD88ED1B
17926,34BAE10A3815CE04
17927,C63AB34A217C4BAB
17928,D882DB7E64534822
17929,E7C19462295825AE
17930,6748F7CD39C98EAA
17931,C71E531D37F62BD7
17932,53DF3A46679F4958
17933,8065355730499338
17934,C2AA64D92CD605A6
17935,72B08F52E2C46115
17936,7D798410F32C5B52
17937,07466E01D1703970
17938,D1214CF066DF9273
17939,D0D1DB3D2B1EA0CB
17940,4C842DB5456D5ED8
17941,3C92E348304F2C02
17942,D0632338FF951BF3
17943,49548CA8ECA6C422
17944,B6A2564A4F52DFB9
17945,6886393DFDBA0F63
17946,A3065A7E6EEC263F
17947,2498907E73D547EE
17948,FC9B3F286A2E67A3
17949,E97CB4269F2086A0
17950,DFAB5B88805AB827
17951,2D73C7639AFAD097
17952,93616D11CC4D2BC6
17953,DF0FFFA92483524F
17954,6F854A108F998716
17955,68D5B4E95CAC246F
17956,B084A4FAF659EFBD
17957,D62B6348B691E45D
17958,657840196AA9C4AD
17959,729728542D53A1ED
17960,78FA4A1BE4356FAB
17961,979987F31D0AAFCB
17962,E353308EC7B71A59
17963,8F9CA9D3053DCB7F
17964,711D618CE1E518CD
17965,E21059159A8B4925
17966,18607EF6FB853EF4
17967,37B24FA0EDB36B4C
17968,C207E33601F225E6
17969,43D52D500248BB1C
17970,C5B967F9BF569809
17971,40F0C69094417589
17972,13B053A713D89C9C
17973,B793F7AB5D53A28D
17974,CAAFC5C1A1E9A9F7
17975,50225C1451BB94FB
17976,3795DABB33DFEC31
17977,A3292EFBA1C5AAEF
17978,34C06D62E6AF6CB1
17979,C223FE60CA91B392
17980,BDC4A50992D933A6
17981,8E4E9281E0D9E94F
17982,6406890A13C3CAFA
17983,91D427FF00138AFD
17984,EE14EBD23C14D1D9
17985,E513EB3AEC920C70
17986,1104323B45DC57FE
17987,73F851B50702C740
17988,55CD41A15B353948
17989,F8A94771F68F46BB
17990,B47B285EBBDE4A63
17991,6D0C03B908BB5581
17992,AFF22EF0C685C223
17993,F277976EE754738B
17994,7DD88E81213F022A
17995,0A61D400277C2F0A
17996,5323BDC40EF80F85
17997,B3C96A19C020A83B
17998,ABA582174E8D1491
17999,86466D6DAE690F0D
18000,FDCE4930BE314303
18001,EACA8A6D9C58B0E4
18002,BBFC100E9E960447
18003,DF3B89512E6FBB9C
18004,0091B81432E76477
18005,6F115CF7CD1EBFA2
18006,9FC0D9CB46AB1F2F
18007,894DBFA2BF4F8B8F
18008,D255B14A90528035
18009,DBEE899B4623A32D
18010,F18D6DCDA39BE0A8
18011,263F1FDF520FF323
18012,650DBB4E6138C24C
18013,0A6DC6472DA340DA
18014,BE256F5ADB52A17F
18015,1D864B2769A9AA87
18016,46D06104583B90E6
18017,812FE6702435C9B8
18018,61CA113F078147AA
18019,30DD3337DEF2D5E2
18020,0C7EE7F1D6D399AB
18021,98BE777DA94BAAB8
18022,9F203DFB19585517
18023,6E604D46F7D0DD12
18024,5C398C86A548FDF8
18025,51A3C506CF0C763C
18026,6C1D0D60E74A7255
18027,168D07ACF0E20E6A
18028,71E99690A977687F
18029,9AF4C8096064515F
18030,2D5F54D7C70C02C7
18031,A9CAC35DB9214266
18032,D92BA90E3FE58C00
18033,D4308A3B854BFF21
18034,8A42FBD34EF55885
18035,5349542D1A5C2235
18036,26E40D6C113B4241
18037,8A0047F4448D34B6
18038,4F57BF8D7F8240BA
18039,D69F9BEAE3173072
18040,137932F29A55E79F
18041,56F5FC79A4B9B601
18042,FE3262EDAE66E811
18043,6F67ECECC1A59FE0
18044,5E7DFC09D633312A
18045,176C6B9C957D5AC8
18046,700CCFC2ABE9D8C9
18047,D2F7C7F2407DCD3A
18048,249D30D8E3759CF5
18049,76AB515AE7C622BD
18050,F560A46220FCB129
18051,9C62B8F33659D369
18052,2B680045CBA6477B
18053,2FC3799957E723D4
18054,315DF74697372293
18055,9EDA4EC8B1E0C7B2
18056,23D918606E03407C
18057,2A2AA9F5D3E08B51
18058,2E6CFF492D705807
18059,9E3F0DA59B27EA41
18060,1BD80173DDA3EA57
18061,C9590968E1D0B092
18062,3E016B50F4529042
18063,848F644922CB9343
18064,F2C71F8E013A6ED9
18065,7F483F69B14137DB
18066,34D840D3659EB008
18067,C3953846F82BC76B
18068,7809B89919C9A3EA
18069,7EE4B1F0F3BA8568
18070,A9C7F1414D616B19
18071,9BD936650D31A789
18072,C3A201431FCF7A59
18073,7CDB339A03581D40
18074,57C9577E2D98EE3A
18075,7A707817FCCE7E85
18076,FCA347ACF8DAF66E
18077,D15D45B6B24DF2BB
18078,8D0AB20625819F2C
18079,C742C92A4EBBD9CC
18080,9EEA532E0C12A39C
18081,73BC72FA0775BBD5
18082,2D32A010EBF84691
18083,5C4F986058324DED
18084,4EEFAB8B53C18CC4
18085,F986DF4B2F9F76B2
18086,589BF697FE1308CB
18087,ABC4ED808603C06A
18088,3F5DB84AA1F33384
18089,3030C29EA8CC0CAD
18090,B6DE172627901123
18091,6B916587DE3D2156
18092,FE9A020545A9FF38
18093,36EAC59D3E93F11A
18094,C507E0CB621A5DAF
18095,89E9CD20738A78EE
18096,4FC7570E8A12FF45
18097,EB3399ACF601622D
18098,23CA2F4A21139A1F
18099,01AF634E6D0009E2
18100,1D02F6E570576790
18101,F221115E9272BF40
18102,C64662C21EFE467E
18103,A8731718758379B9
18104,CD6BB87874EA4227
18105,5976D3F4BD5933ED
18106,F0E310A993F5E4ED
18107,960D5BEE377E3FB5
18108,AE199A8B7981D72C
18109,D69726A34A471EB6
18110,7DD0E205D5F3FACF
18111,812A311DC4DC472C
18112,FE90F415469ECE75
18113,B5D340B33D6811B8
18114,F4EF228F94FEAE2C
18115,675647175F8320DA
18116,D7AFC8B90320BC4A
18117,67C0AA84A8816332
18118,E2AFD25B021C3A46
18119,0F7C8D4C766D5BA1
18120,266A1098BAD25B03
18121,DD7F07A6A007D13F
18122,D34E260876281815
18123,168014DF1AC446AA
18124,605233EF444263E5
18125,A3247105C8505B81
18126,8A020D6081C8998E
18127,F4DC1D69F2680B36
18128,47578015571BB397
18129,F7CC14A36FB0EA03
18130,8A43B8A50527C635
18131,F1B38681067F52A1
18132,6670F8199A6A785F
18133,83439A0EB8181643
18134,3277737A7F5818AD
18135,0ECEA01C94463B4A
18136,9D9B778393BC7E1D
18137,DD7BC11D6DB1D337
18138,5CF52AE8826892D4
18139,827E301EB42EEC8F
18140,62C711BC7D0B24AA
18141,6B0CE09BA43A9953
18142,79921F8A1671D650
18143,359776D33175F4E6
18144,064F19C7DA2C1280
18145,FA05E467AAC04EDE
18146,D8D695CB4ED60778
18147,A24FDCFA16CF4BE2
18148,D752AEACA8D7E637
18149,012C94AC6D741428
18150,8EE172B1ED608720
18151,00653DE8130F2B44
18152,D8C6C3830E4CA1D3
18153,B7C5344678068189
18154,D8CE97F96B9F4187
18155,9D596145A68DE514
18156,2EEEA21AFF1C9EC5
18157,5B4FFDEF9A869106
18158,025F27411E8C7C69
18159,291D7F2630B4B1D8
18160,755B87A43B7BB8AA
18161,CF85D483DAE2F3CF
18162,71E843A7772E9D4E
18163,B01A097408817FB7
18164,1FD0529A00CA9114
18165,BDCC89CF9FCE0DBF
18166,6F46735E067BF9FC
18167,2B7035C681977D6D
18168,91AEAD9EFD1E2437
18169,7985ADE94DE32F7F
18170,DC9EB141A42EE51B
18171,E8ED3FAA81E1D820
18172,4FD15D9D14EE421D
18173,27D87F3480CCB71B
18174,933291656FA60B03
18175,DBF6197A3A04A81A
18176,0F29FF3230386D28
18177,033878C85A1BD800
18178,A794328E3FCC8199
18179,2E77EAF0CAD3A0B8
18180,D7DF94DFE50DD7F3
18181,9337DA7561AFB9E5
18182,3ECCF650B1F432BF
18183,C26A08CBDAF3CFF9
18184,F80BFA43794A58C9
18185,029698AB6A5395BC
18186,17C923BB5B57B37F
18187,8C9D63C71AE7DF8E
18188,AB7719AD32B4B8FA
18189,D208CBD90B2D4267
18190,38C47BF328CF3BCB
18191,868108D8C5EA2001
18192,2F254C8FBE7AFB81
18193,49316C2AE4FC5026
18194,0E3B8F7982400672
18195,7CF9A4F7906D1F7A
18196,78A2AC2365600395
18197,79348A5741A6AA1D
18198,9C1150249BEBE186
18199,7D5496039299513B
18200,F5390DA6EB12E72E
18201,6383AA86A845DB61
18202,803A864E714EFC1C
18203,EA62C5A2E174D103
18204,C97DE91A168DB2B7
18205,5F862C18B1E1B2BD
18206,D988E66F59BD9FA7
18207,A82BB8A4264922AE
18208,0AEB5C7ACE0F417C
18209,5DBDB1B44F0195CA
18210,3F0CF37A5E374961
18211,57D362229F42A994
18212,EC4FD90831067EE8
18213,2E57384D374AD075
18214,99ED85FAEC26D531
18215,D485D2A455A8BE88
18216,DBD69E996722DB67
18217,D876ED69597DDF32
18218,CDB8E2E3D16F35E5
18219,940CB306AF2C6904
18220,1CE7FB7405889B67
18221,9FED010F2DD1DCE9
18222,7C63D52712E6F75F
18223,607A753C6A24D89C
18224,1A89FBE5799488B1
18225,3A6FD73D99D5B90C
18226,C11026B406BF4198
18227,1A47569EC28752A4
18228,13DEC05E3BB07C2A
18229,24D3D3FA4A4DF8DA
18230,54CD46C67EC17899
18231,812EA5A6E2320AC3
18232,6A5944C527850986
18233,6BCA239C1D26FDBE
18234,74487B57944266F0
18235,510BFB35E8B6ED37
18236,2B6AB889163EEA58
18237,BA9FD161D18F0A6F
18238,C5959E28F92D5812
18239,9239E9CDB72AA5EE
18240,B5891BF7DDE1E689
18241,05749BE0FBBF7517
18242,5277DEC3B9BF192A
18243,2730B29B28E85C7E
18244,AC613C738C24B229
18245,474A066393781821
18246,FB9CCDECAFA9D057
18247,075E5EE91718C71E
18248,3591C6C3358ABC0A
18249,A9CEA01AA7E30C6E
18250,25B48FDC518EDCBF
18251,9862035731D5956A
18252,89F74300EEE2BF09
18253,4BB6D900C58C5603
18254,054271EF2AA980E3
18255,032D5EE70373CAA6
18256,0D6883F0A208643D
18257,C394AA63661A1C0C
18258,70FA139F84B243D4
18259,99367E95CE80D6F9
18260,45F35FBA06857FD8
18261,3DEE4063D5E110F5
18262,9058163091809835
18263,93E8D21E75B2BE1C
18264,72BAD31B041E9D27
18265,2F9B9A0260FF4793
18266,BFF783FAE96914BE
18267,7FBA234AEC1F468B
18268,7EF52FFFFD707B26
18269,C8E222E21F3C93D5
18270,E13B23B1E6467BE2
18271,766D816A32194388
18272,6BADA4B5954E22A7
18273,8AD0F440A584BA0C
18274,F55587F996D0CCE5
18275,C5B0135D8A27141F
18276,E5B77E7905A5604F
18277,7FF3A4846E05CBC1
18278,3C5C7B1B152857FE
18279,D141D0A877469015
18280,CA05F49D3B55B2D3
18281,D9A35AA4A366ACCC
18282,0F8029E7B8BAE0F4
18283,E376682578A5486B
18284,1B8F1E792554B066
18285,F23B13996D920781
18286,48F3D4EB13667348
18287,14DE5DE67783BED7
18288,85BCA70F53297FBE
18289,0CD55A3D131D21DC
18290,0806D84843EB1B53
18291,F4711DE6616BBDFE
18292,C00A39ECDE24760D
18293,062E16341FDA1063
18294,68D167D45E7452D5
18295,C966B1A1268AC20B
18296,424CC7F2FB228EDB
18297,AAD79E6CCEEAEC6A
18298,0CD8073AD14F9757
18299,849ADBD713F7BDDB
18300,B5FB0FC46DAEA470
18301,D935548B30DD4FB3
18302,CFE78D2FB866A939
18303,22DECA354AECB9F7
18304,5B83C015C7BEE67C
18305,ADDB66268D808747
18306,3B6C2008770DBD6C
18307,172E1729E4587B75
18308,5F36B1BB611ECE28
18309,2399D4D759150848
18310,F2D01B5A9F01A67F
18311,64F39625DFA15FBB
18312,FE86BFE8311BF134
18313,9B200325211235E4
18314,C16F87B6921812D8
18315,B496A12DC4DA5E65
18316,19876BB0356856A4
18317,DDC5DED264AF6FB9
18318,B694046CC94D175A
18319,58FB36F0823188B5
18320,3D6419CF99C2F97B
18321,A9A3C5DC7925C493
18322,5AF35F5902FCF0E7
18323,08705AD62B17F1D3
18324,84EAA3DDEEE68B20
18325,7922C1D61A8849CB
18326,02FCE347EA957230
18327,2E5E45B3E5D68C71
18328,3DE96D779E2EDF55
18329,EB3E283D6CE0DEE1
18330,C743DDF6FC020394
18331,F876CDCE3AEEAD38
18332,01E545F7F86B27EA
18333,84B37401B3FD5B2E
18334,6C88E4EAFD6C174A
18335,0C2ED7FE3F7A6026
18336,00A7329A153803AA
18337,955268093DE011C2
18338,8B2206E11E452961
18339,5481D485B27F3BF4
18340,B5B3C5D463D33965
18341,3F424BD34B7FCFE4
18342,765AECDF34EB38D9
18343,EE2512592917E039
18344,EF2C906EA4B93A8E
18345,BB3BB1F697F6282F
18346,BF3B4AC123DC0A8A
18347,826707015779F5B8
18348,92675822CA483BE1
18349,0FDC66D930D822D4
18350,9D6F1A19D1626293
18351,9B80CC7F1C561ADB
18352,C6F636B0062B3D6E
18353,A4A42FC37B5D92B0
18354,26AD37D8B084DD36
18355,972718065FF49C1B
18356,38EB1B643514FECC
18357,A8A203178CD4C8C0
18358,E4817279CD91617B
18359,5C7449A30F7E02BD
18360,03D3D704A1AA096B
18361,3C066C7D95AA07B8
18362,DA6CD6169DE00FF6
18363,5C55B45DDE9B0AED
18364,86FADE1D56C2A248
18365,77F691B833A19BD4
18366,1274037A440DCE6D
18367,99A25CB16E7144F8
18368,B9BB46FE1BB49504
18369,FBEB01750D424016
18370,CD408272364CE5F4
18371,0903B4E347394FBB
18372,AFE1DE94A112740A
18373,3BA2FF4C0BA0A2EA
18374,D16D94112DD3563F
18375,49DE22EA3800AE13
18376,F6A176C374E717BD
18377,A56C1CC025F94B6A
18378,8331383DBEE1DF6D
18379,C660A1108CCF3842
18380,B48159911088D3AF
18381,E568FF3DF721B4F0
18382,1346E6FBFDAD1783
18383,4208193167850FFF
18384,79230707B42CB5D3
18385,5E9436A0BFF71818
18386,9B0490F34EA32B0B
18387,E9704ED5A393E373
18388,5F6E85180C9EB9B1
18389,F207671FFDA3B3A9
18390,95A00875393D940B
18391,62DE33815ED17936
18392,F7726962236D61F0
18393,60D4C6F805F1162A
18394,9E1C94701588EC7B
18395,E97FAA5078C2EE70
18396,8CB553614B67F0C5
18397,12DDEA62EBB208E6
18398,D2C15E3FE3AAA977
18399,314863DF18FE637E
18400,F41985D9471C7E28
18401,058E5D870467CD67
18402,99F36B341958CA07
18403,78CC50E13992164A
18404,FC84CBADE89AE9DC
18405,B049C528D79D5131
18406,FCA1CC66579ABA9E
18407,34AF9EA499752154
18408,505CE329C33F2DA2
18409,3D3EF4F11DF3B103
18410,67577623FC04F197
18411,7EBB48FB089F8A04
18412,B5B9FE6F8ECB90FD
18413,2ED9C5FA98B00547
18414,8DB3895E5B5304AD
18415,FF71A0F69947BFE5
18416,6BA8934487883618
18417,A68A74DED4630E6F
18418,673D3D57B53A7F8A
18419,DE61B38D58C149DD
18420,6384C44B3B0730AC
18421,CE8F8C88DEBB685F
18422,4B9DD0C6D4F09B86
18423,CBBE32F7DC133701
18424,7175BFADF797BA30
18425,071C28F43DA0FFF5
18426,28ACA2C71184A604
18427,6213BCD247BCDE14
18428,6A954BD4DB05D002
18429,97A3EEF1225A45F3
18430,A41189EFB7F8AD74
18431,8E6BAAE88D296BFD
18432,B6EB1EAC85B514BE
18433,A92CFFB355C188F4
18434,AF84A20421A588EF
18435,FD684DBD40D3EE76
18436,E5E722841EE13E27
18437,159BED78A0BDF104
18438,F6B9E89DFF93E538
18439,57D638FCA921F6EB
18440,2390840AFD34885B
18441,7F5D5BBDAC11B740
18442,247A627B5B6A2F3D
18443,C6E52B70960A01DB
18444,1D54830DC558A08A
18445,BAAF1255D9BC24E8
18446,340A8DE18DC555BB
18447,6761B17A18F62378
18448,CADD6937D0A066B9
18449,100DD4E7CC2AE1A2
18450,87D452B6818FAEB8
18451,6B834B5672990A9D
18452,2BEE6704828AAA46
18453,3E873202127E6E22
18454,1E2316543138AD56
18455,4717FC2DBB8284FC
18456,FFC4C7D8C3F47DCE
18457,00842577F666B982
18458,8FE6C7DAFF8D7EB5
18459,4B9968B64F582086
18460,4973D0E967D61B83
18461,C2978CD27C69C4E3
18462,CE566B70B4EB484F
18463,807AD0E7BD0B26A3
18464,3C7BD14BDD0FB3F9
18465,E44223CE3923EE50
18466,6C82799C164EEAEC
18467,ED16FF69D1BD26CB
18468,A5224A197DDA74D3
18469,CD207E20C78B1D3A
18470,FEA5E5B957150F72
18471,C9ADF73C14273E64
18472,D3877812D09EA185
18473,7C40B5BDE4466C44
18474,E5E54C5849165D4C
18475,BCFA59DB4BD3DEEC
18476,B0C5ABB1D9863CA6
18477,722E371FC6B7A843
18478,EE0464C41DFAD7D9
18479,977F46E4E4EDD5B1
18480,AD278FE82FC7E215
18481,543DBFC79599A864
18482,703639B48E36693F
18483,1ADDC2EA042BE86A
18484,5B0D0B9C3743D310
18485,7C7A2656EC6742FD
18486,C565E2C92AFBD9C8
18487,A667DE07A2B52F7E
18488,79ADC924BD181B38
18489,89C4DFE8F2BE72C8
18490,AE9BAE91B083C086
18491,88FD20431E8BA4A0
18492,9C7777E510E26A37
18493,A69D3D50959FE645
18494,3B38CE4E52C4E1C1
18495,E547E5B30B1E1F16
18496,852C7A1AF1DC6873
18497,0A1E94CD9B9ACE72
18498,D4727D16A1300E99
18499,F7EFDACF0CFE9346
18500,2109154A873B7927
18501,F1732428A1A61F37
18502,D120A49C9CDC07FE
18503,ADCF52BCD5EF4424
18504,49DCD47FEE75E646
18505,4D2609C7F4FDC537
18506,B62C22612789F274
18507,0E467B1B37424736
18508,4BC46D927C42DC48
18509,82B3DF71C283D4BA
18510,C725B9EF3FBC89BF
18511,849B02AEC87EAE6F
18512,E66DB176B7206572
18513,CFEFF6E0FCF5DBC8
18514,4DB13C1242543612
18515,1A6F26871C84D359
18516,890700367156A21F
18517,CECD1B2002FBA054
18518,DC1F71A04BDDFE88
18519,0839AA462D184F42
18520,FFFB7DF6758B4791
18521,E6D3C013D0BA5263
18522,4A44E460EC24B4D0
18523,4A80BC88DF35754D
18524,6BC7D091C3A077EE
18525,4F748DC097DBE753
18526,9782C1362AA9A25F
18527,46F7239095ED7EE3
18528,ECD609748D358433
18529,ED87015328A2B1B5
18530,679CC298D5B3628D
18531,66A45F067DA3D70C
18532,F75AA3C980ACF75F
18533,DBFFB38D9C552980
18534,AC8DBCDFB5F0A805
18535,C34FFB31DDA85C25
18536,DF99B7CB0AE7E910
18537,445D4F40571B8E82
18538,F23D81552CEEB47A
18539,4AEB0B1317235067
18540,B369E0D76798E4A5
18541,E8C146D37E7F625E
18542,AB1B5F5DE890F63D
18543,40AB5A9D57ADAABF
18544,FA5D17C8FC3C1EAE
18545,A2C5CBA71F559468
18546,379258A86AEA30B9
18547,267D43FA176C3441
18548,F9421500EAEE4A54
18549,9B0E1687E6795DBA
18550,5AB7DCF6937CAE27
18551,9B9FCCE0D295F9ED
18552,B9C1F36F0E53835D
18553,6AA3271F019DA6B0
18554,E8962CB0FDCC6157
18555,04F6DA7E7358DA63
18556,7F6D5940075CE179
18557,B24534D9594DAA15
18558,B4A7136846AB6A11
18559,E09DC5F2E3A62C43
18560,BE19BBA654A0BFCF
18561,8D887AAB4BEE5E30
18562,BC7A9D612CCC2103
18563,C1643F855EACAD30
18564,A896E79F3765CFBC
18565,953491CF258E2FC1
18566,898E865B12946F35
18567,046245AB6826ACF4
18568,4623CC7F37565AD7
18569,22F8FCAA2151C34D
18570,FA00314069AD7B36
18571,B242BBEA5BB62278
18572,CE88C6A90076C637
18573,A8D805054F35EF16
18574,CD9DDF21595264E4
18575,65B1A02738962BEF
18576,FF900F8754DBCA00
18577,793B24E14CD4D438
18578,A2772745FE0CAF87
18579,47224F38FC27EB28
18580,DE4B9ED84B91A9F5
18581,8E3CEEDF46645885
18582,B423B926AEEE0CEB
18583,5F9D00FBC2CA4D5B
18584,446D7BD56A4874CD
18585,C22C575604D47CA3
18586,9E3618F114AB5C94
18587,63AA4BE06BF16C64
18588,CA647B895D42629D
18589,7719413950358FBA
18590,DC625710BC5E684D
18591,A718168A8A7F19F3
18592,B4E4F5ECC40E35F8
18593,FD437B1F64C54F8B
18594,0CBDB10D3908E082
18595,094854B2EA62839B
18596,58339C1E2EC64271
18597,17A2E57651025809
18598,B6F08C6286C5E136
18599,E5A80E614EA483E0
18600,0749ABB4E3005849
18601,C5FCAE2B69202593
18602,BC2226242503573E
18603,AF600751838E136C
18604,E7313F7C85E0B14F
18605,88A14DACE85B7D03
18606,22DE9FCE6C5C82B5
18607,98FFF87E94625677
18608,2C81E11FDF3E78C8
18609,E4A0E1D439D470A2
18610,914FAB24006D00BE
18611,06CEEC03092F2CB4
18612,0B179A4C48A80C2A
18613,7AFB4EA7B48A1DD6
18614,FFABF9914F3C112A
18615,6830C68B771C6E41
18616,1313D1F451D98FE5
18617,FC2D45BC81E2046C
18618,FC63A07C106C42E3
18619,04C521A0602C9686
18620,F5CAC7E77154CC48
18621,A94C09FC3EB6026D
18622,03B63B1CBD74C65C
18623,067888E9D214E70F
18624,7CEE37454D58325F
18625,7A370B56B5F66D48
18626,F0C9DAD599B0725E
18627,3B8FC22324AD64EB
18628,0A96EA0BF8708D58
18629,22598FF1B602D28F
18630,5F672BA9E9D6661B
18631,33F459AB5A575066
18632,1D2D017FA00F019E
18633,CA1989840B717EAA
18634,FDD185F3E879FCCE
18635,A04AA4CD35A9E8E1
18636,8BACC96349D81D2C
18637,416179A770600F12
18638,2677D9C8474D1B8D
18639,E6CD813023615EAC
18640,7AC9C3E12BDDAAAA
18641,1B3100F0CC2FAE18
18642,91F8086C8960167D
18643,C3F337F49B1AD46A
18644,6E3E17823B874563
18645,A19438AA7972B5F5
18646,B6EFE7C24312DFE0
18647,A2C713AA2E0296D4
18648,FB72F0F5E7227942
18649,3C1A2C5083C85E6B
18650,FAFBC00AD3BCD61F
18651,48C394B025F52C3B
18652,083DA0727D92FE24
18653,CA3AD6922E3918A3
18654,C687E3F3E245AD82
18655,76D57B3696D3A7F6
18656,134FDF74389891C4
18657,F48CF0A29C95D5ED
18658,81009100A3BB8439
18659,E58BF11C6EDDF478
18660,5E8E0988864987DE
18661,E5A13AFF77C5A869
18662,4A889FC9EE3048E5
18663,3C847AC55C5A0A98
18664,6785EF39F5398F7E
18665,02F1DAD8D40FEDF0
18666,34C84850CED8CF75
18667,F313E3BD199F6998
18668,40F10C5AA6CCCC2A
18669,5C7390165B084028
18670,0E437957F75A8390
18671,15A0EC77F06C5007
18672,928BB20BD93F5E2C
18673,DFBBBF893DC03E17
18674,DE173D4C631983C7
18675,B8F1D9E097805288
18676,0A6EC33B0C2EAA6E
18677,7DB088606A156467
18678,2EB03CFB1D83274D
18679,6C3E3A9777095177
18680,42A8CEB936A743AB
18681,C2D163C306216D29
18682,92D8E8A3A6922753
18683,FD009C0F8257C74A
18684,BA42E01DFAD32EE9
18685,05EEED52CDC76F6D
18686,444FD05900A8F157
18687,7B71DA5AEA2952DE
18688,C2D341C32326F42A
18689,C03067E31FA77C9F
18690,1B1E2FF83907969C
18691,2A33D8033AF0355B
18692,DA2EC4B2C9AD726D
18693,992937C9059C16CE
18694,566060661BC0C06D
18695,520DFD9AFDFF1069
18696,E0EFB867D819AE94
18697,7D5A6B2716F67975
18698,7E7CAF57540B5AF3
18699,F96152EADF9EAED4
18700,A4074ADD200E67EC
18701,E83BE30204BAF232
18702,8A59366A0738F412
18703,D60B5522A0CA14F2
18704,A68C4766EB9B6F55
18705,C59DCF36A62B17F7
18706,21AA4F92323BDE99
18707,0864DC395DDD921D
18708,2B94EE3172B5E798
18709,D2B347722BABB052
18710,7CADABCCACB0C83D
18711,A7784F72B3781899
18712,258D7D831D58F624
18713,D3E4BF50D8D1AF65
18714,C47E50288BCB8E74
18715,26BB45553ABD9F2A
18716,74BF78AA34445E1A
18717,C9FE1F1C2645B7FF
18718,F1E63DF429D737D3
18719,C0CF2436F65A9842
18720,A65AA422BEC4BA8D
18721,5753768507E2DF68
18722,760764DA47AC5EF4
18723,B550D3FD545A4862
18724,3175CD547A06A326
18725,57696192BF5D903A
18726,0A024C6DDE766D8C
18727,15D53DF123A46367
18728,4B0882F512BD43A2
18729,9644F549C5134A27
18730,0A9993B275952686
18731,65F562A793B1DE14
18732,BF9B446C657C2E33
18733,D56CD454CE847FA0
18734,9231C51E7FF5FC1C
18735,A7C0067C1B09961A
18736,20CE24114F46A470
18737,5EC70C163820815E
18738,198018F45E57AB35
18739,2ACB0D5828E2A9EC
18740,432126FF823C04CC
18741,CCF4FCAF1DAAE05B
18742,418B3D36822F5199
18743,3F826FC2844B43CC
18744,2DF6454378B04AB7
18745,AF70249B781901B7
18746,4E6CF99AD1109698
18747,8CC9DC174E4AF1B8
18748,8D39BAC7581DEBF6
18749,28B4D0F68E96349F
18750,CF6716841BB08CC3
18751,BE9E41BEF7CF8EBA
18752,BBD8C594CE60954A
18753,408E10A9C1EEA203
18754,7E26E34007781F3B
18755,B9A833D2D1FA785B
18756,DAB0C0A467D0EADA
18757,E2F0E391FB9C6591
18758,7E01D76723F69CF4
18759,30BD65297EFF94B3
18760,C0DCEB425918CF11
18761,85B30E546AE1B336
18762,CB583E605DF81863
18763,4256885E304AE6F8
18764,7C9EA3C46CB11458
18765,AD92810EF92B3AD6
18766,85D6DB558BF1BFFE
18767,9B821F750E66DAC6
18768,FFD1B4B77114F746
18769,626EFBC78EF4B93D
18770,4628106CA7CF8062
18771,509A40535AFA0187
18772,081B0DA954A2F902
18773,DC0A55FBDE2D96E4
18774,0F0B160F10A81889
18775,730548042F090A62
18776,93445E2CDD2019B1
18777,EE2BF948CBDC6672
18778,1FD3CC95BA7C1E18
18779,3670D084E6B7E137
18780,C6CD861513E3690D
18781,57D2AA2364D342B6
18782,CAC72AF7CC4B3536
18783,BEE775993EDA41EE
18784,8FF5EC79A1E7256E
18785,168FAA09CC7B58AA
18786,D8042DE1D52AF0F0
18787,78AE0C56F6F4C716
18788,548B2D3AF2898AE7
18789,C07CC1D127DFA862
18790,D079BB58C4987137
18791,D7661085EE2A2DD5
18792,8C2B342AEC198DA1
18793,D0EC17555A157C89
18794,E215DFE3623B73AE
18795,A3F898C6578A778E
18796,E9DDF329553622B8
18797,E4EA424DDD2493D3
18798,DF19F82D620F7F1A
18799,DD8E50B88A73D869
18800,4A5BBE59281B11A0
18801,590A9DC714FABD9D
18802,A0C02AA34B6D4437
18803,78021E9520F12FDC
18804,E39034166BAE5D9A
18805,CC9B4A13D9BE101C
18806,C8995DBE7D745E36
18807,6FE5B5E387C89DD8
18808,4B785E49224EB4CF
18809,61EBE432890539E7
18810,BD070E90BEF2060E
18811,0684E79D3C02708A
18812,B81179F302819C50
18813,955E0C06D0275D42
18814,BE3A02BFD9B5421D
18815,029939CDDBC73808
18816,6B0A7485269DEDE2
18817,4B4528114B1B9777
18818,53E69B8E5E0EC502
18819,F407E88D0FF0B724
18820,5A30298D8BCD1450
18821,B27ED3C8CC52B4C5
18822,15B1DA8F03125571
18823,15B316FC8C45C1AB
18824,D1E844FD8A5C241C
18825,A7B4AAC11862671E
18826,02808FEC97836CCB
18827,685AF83246922825
18828,C7254FFE58232619
18829,64E58878C5FFBAF0
18830,7B9DAD8BE91A9F1B
18831,9AAA0A2E6648E811
18832,8FF3A0314550A68B
18833,4AFDB06CA70BF8B6
18834,03C1F80CA6C34636
18835,601735CDC1594F2B
18836,C8D89C7BB6F79AA8
18837,A202D8AA37567171
18838,03417A8B5632F0D7
18839,98686A440360B520
18840,4E32853D00C20568
18841,EC14BEE42723F574
18842,928074E4435FA203
18843,7F1449F6A9D9D2F6
18844,132362A5D8B41DC6
18845,27B8EEE2DD1AF4AF
18846,775309B11943911E
18847,3A4CA75714F30F4B
18848,13CFE6A0DB6F8D4D
18849,0C08A4E5179A182A
18850,0FFF1EDF9FD0230F
18851,C6A5124F59A4400E
18852,BC66FC28BDF57348
18853,13E24B6E668D44CF
18854,E4EBB32160252880
18855,3F0EA56D4BEBFFB9
18856,C0439EF7D21BC22F
18857,C0BF5F6E98AA1ED6
18858,EA0BD14BBFA5114D
18859,A40187DC1916F0CC
18860,A165FAAB801759C7
18861,D85D93129CEFDF34
18862,39552918A1A2DE7C
18863,4216887359B0E729
18864,50F3BFAE7DE2CD0A
18865,FD49E91B6FB69AAF
18866,B1ED0583A72059FB
18867,0DD268995EC31A80
18868,75AD3180637760BE
18869,27D74F3D41B4370D
18870,E47A5068456A93B5
18871,5DDC99F85135B91B
18872,45DC11FF47848DBB
18873,8B6CC291978F69D2
18874,842017FA77DC8FD8
18875,5F5CCFC5A6DC81A2
18876,E33AE67A7DB4B9B9
18877,01E4B9562EFB4BFB
18878,750A5A03357D0D10
18879,3E7F7EF52C884FBF
18880,8962EA4825ABB09B
18881,90C1633FE2B03575
18882,CCF7F40C5048C72C
18883,24A445B55FE27220
18884,95F2FE88E1938ED1
18885,3029F6ED468E4031
18886,A088D066C7F922DA
18887,A951FB9467CE7D08
18888,09598923EE8CBECE
18889,E1D0634D03D9CCD7
18890,8FD285731E6F4C65
18891,50B2A2D591A7C699
18892,FBEE8701AC7B435B
18893,0D9BFDF88A8F65A7
18894,A6BF77E214410A5A
18895,9E90CD7557C4DF98
18896,6216F5F3D229BF81
18897,ADCA39AE339DAAB3
18898,65004E42C49CEECF
18899,B20564C3F7406E29
18900,74E0508CA84E913C
18901,D01DB49A6CC97E61
18902,13EFA543F1810E02
18903,8784E8C46808E17C
18904,A05C13A1066314F3
18905,D3582044B9327830
18906,367459740EB61614
18907,0BE932643816D1B2
18908,C3BBB39527894BFD
18909,0C2418251024011C
18910,DEBC0E7689AF31AA
18911,DCC5E2ED98FD20A2
18912,01B77BFF096550F8
18913,200CB1872E2C2F92
18914,EA209204B9AE6489
18915,AF08B01CF3B29586
18916,FEF99B43158E30B8
18917,98D0D4EB4C567AC1
18918,DEDFFC362C594026
18919,13A498832DBDA7B9
18920,B8346A137E3719A5
18921,5D41E0C8B7011E8F
18922,831D77F53959EE0F
18923,72CE7549F84D664D
18924,623D50BA42F8B76F
18925,AE38EB99D45D9EFE
18926,885E0397B22D3638
18927,22467C915DCA2ACF
18928,CE54C93F77DF1EA9
18929,2164009AFA738785
18930,CC36DC2ACD02E063
18931,5A8C8611E1C63ED2
18932,8564D0C8F4B6437E
18933,34BD502FED3B6C84
18934,3A0C5CE4E250C7E0
18935,8A73573301E4999B
18936,2B205633DE9FA3CA
18937,7374CA7860E6A2C0
18938,5306BD1241B3EDF7
18939,E3DE915F7326D4BE
18940,1070A6C923429974
18941,D4551B0903BDBE61
18942,C93B94F33461AEA8
18943,23107A566309C6D3
18944,E45B80773554DB75
18945,CBB175CD2C1F602C
18946,EADA3DE3A40EA755
18947,9B19AE11FA54C231
18948,B8FBCDC4B945AB23
18949,458BE867D5B45DE0
18950,9E3216D3CDF23C1E
18951,617BCAAAE0294330
18952,2590D05E45D8A1FD
18953,B69E95656BCE2D44
18954,2DEDAF5E1A5959FC
18955,C1921EDC0478B875
18956,21E43522EC2B7868
18957,D80A3BA30A7FDFD3
18958,11F5C3BE78C90D44
18959,7030B6C269A0752F
18960,B20C86A1719C9E16
18961,39D4E0FF87A54F75
18962,BA765F9F32C470C9
18963,98E434B01F995054
18964,C208637D0C7CF39D
18965,8D04FF4D15274AFE
18966,0921B3BF8BECF884
18967,3260907C55B54954
18968,11DE62ABDB92E302
18969,A75E9E087C5C9ACE
18970,042F7B92DE2D03F1
18971,52DA4D5C89FD1BC1
18972,C74B3A69122CC0B8
18973,4B18ABD8451DEC0F
18974,D3E69A48219DBC41
18975,7D411498880FE5DA
18976,6CA119911A858214
18977,A175A614894F4AD7
18978,A0DD5CDA72943BD1
18979,661AE42FA3C4D7B4
18980,F05CB7C0562D3ACE
18981,C22A39EFC7787E4B
18982,15426E354D1C61AD
18983,97D386BAAF6ABC76
18984,92F5C8810A1C5BA2
18985,8C4FFAF267B3F11A
18986,19C6C1A3F9406C91
18987,16BF27D59F82AD3A
18988,622BB45400AE0899
18989,49C974DF8FD64FAB
18990,8BA5D52B93F047AB
18991,5768220D76362978
18992,CC2120B4C19FFAF5
18993,7F4F7C60C0CDAD34
18994,D040F32B3C8501FD
18995,B9F71D4522EE44CC
18996,319BC473C6B2A31A
18997,56E8FB62E0D604CC
18998,40A5D664DF4F7554
18999,27BD714B32B40292
19000,83AF22217AE5E529
19001,88750DD94DDD1646
19002,0F1829D7AC9E10E9
19003,F41379969A58A38D
19004,F76CB37014ACFCA9
19005,5E7D78FBBD5A52E9
19006,37D5DEDC80F8C307
19007,02C4F0074FC24F2B
19008,7197B3C97038A6FD
19009,AD5C5CDE84486E89
19010,8F09FAC96842DCD4
19011,0D4C9AAAFD0070C3
19012,2F9F23976861946B
19013,3BDB10610D434367
19014,F9DBCE4AF4AFC41B
19015,9835087EA2B170F1
19016,6BEB747383C26493
19017,15360910188A61A3
19018,CC000D7F65DA54C1
19019,BC41D2E5BEB68755
19020,2B96FDCF2CC66244
19021,6ED8A657E491C3CD
19022,781793BFC6BCB2CD
19023,5015D072450D1368
19024,9763F5856ED26532
19025,E90C749C5101CE30
19026,7D9005B32CE0997F
19027,0B5CBD19452CE256
19028,550274FE868DC5A6
19029,3B66F458CD7771BE
19030,2B711C34E651D1DD
19031,6EE578B559343F15
19032,E6C4883379AD4611
19033,E4C43EF87D93CFF8
19034,66374657869D81DE
19035,020F000C651F2C58
19036,F0E9D8FC208FF935
19037,B1DABB468543E3A7
19038,9C16EAD1E394F3E0
19039,A08F5517DB2A28A4
19040,3567C153957C02D5
19041,7B174F5439FAA950
19042,8668A93385F7C962
19043,F8BE805059912E22
19044,8D5AB519614DDCD9
19045,A7B40664206D95DF
19046,C233EF7DE7DE01C0
19047,C34F029994529BF4
19048,9947A4B69E0CC7BD
19049,79B93C8CADA3170F
19050,EDB05AA9EA4CA477
19051,9AA541F46122B2A2
19052,10F3CE8A34B862A0
19053,CC03F5DCA9A81519
19054,DEC2D754BD452FEB
19055,BCC5C8189A43F135
19056,F12F7D18991F84F2
19057,EF6F3027C055B1DD
19058,8894D85C87F450D1
19059,C1B36FAE75D90BD0
19060,3073C3CFB736E60E
19061,D1D4DF641F058A0F
19062,9DCF65ECDB2D78F8
19063,351DA191B631ED68
19064,DFAC7D2A337B5B4B
19065,C4C7271AC2A8C601
19066,A2453DC53AB9B42B
19067,5FC3C52C39CEA376
19068,4410344806399219
19069,C6A420C3C59C5754
19070,9A768D9581B2EEB8
19071,A1D1A67FB5C45734
19072,ACDE80B797BD7A50
19073,EA793342188D98E8
19074,AA90BC55552BA37B
19075,9CD70EDA92FF57DD
19076,DC259D49F9810E1E
19077,93C1C78A5B2147C0
19078,0C362B00F294E46F
19079,E4F45AF27814444F
19080,4303D1DA48D16802
19081,C8FE5CBA08593308
19082,D41E89F538CDA612
19083,D6AFCC1744D80FEB
19084,57A3FEE733961B69
19085,3106178E8294F89A
19086,32B45EFA472BE2FB
19087,F472A1D6906C20F6
19088,29C0C2DFAA4F92D4
19089,1896FB823D8977DA
19090,4D07B38ED0BB3269
19091,E42247E68AC51FE0
19092,7ECBEC53D1DFA7B0
19093,E5DC6833A4BB544A
19094,A58349FAD31BC14C
19095,EED80E7277A71D09
19096,A88445BA00642C9F
19097,B29087722C9D06DD
19098,216B04C020025D0A
19099,B1C7D95CEA48E2CB
19100,A9BBDC124E5A3290
19101,048D79549B207D9A
19102,524A53B4B7680D1B
19103,BB5B64E70549440E
19104,1F4318D09A808EB1
19105,050A0BD8089A155C
19106,042A9A60B503E42E
19107,2E54D192FC774493
19108,BD8A32E7CAA39305
19109,FBAE5C2F1859D8D1
19110,7995A0574A57BB6F
19111,87E17679572D7E85
19112,3D45ACDC7ED1E590
19113,D02C92D7C0857661
19114,6C10AEE7CDCBCB0C
19115,79C2C42054D0EB32
19116,3166FAF524B05B7E
19117,BDC4D60618DE2948
19118,F380C37059B72D14
19119,1A76D3E3B7E60010
19120,74975C58F11CEBAD
19121,EE84E3FB6BDF737E
19122,C7D00B17C8FE5DEB
19123,1646A6CB54433F73
19124,664BB9F8AA525C75
19125,82E0E5CB4FF5502A
19126,972181BAB6445CC2
19127,4D6A09DEAAFC59B4
19128,7F33880701F907B8
19129,F498C59DB3A9EA89
19130,F9EAAE41654B5F0D
19131,4447899262FB5A9C
19132,0D0ECB21AE11FD5F
19133,6B9D289FBCE392D3
19134,F5B066D84251A7B1
19135,3EC0165B0EC45A5E
19136,66F67EE7CCE22CBB
19137,D04DEAD58F6394E5
19138,CA40A7483ED01790
19139,298D125C0622E58A
19140,FF662354DEB9676C
19141,E8649BD10E8040FA
19142,6B1BF22F052075CA
19143,A35A59D5D44276EA
19144,548C06809064C250
19145,80A1E68D4E9452B6
19146,7A32DD3CA2A2025E
19147,AFF3BC33B9F31B8E
19148,00A1C05794471325
19149,4513EA42B8A2B838
19150,EBA495DDA68B8C6F
19151,7776C729804410E0
19152,1123F659920ED603
19153,008AC09F99A8C878
19154,112BAC12CEB43E2C
19155,9BA751F5DD458B87
19156,F85706D2F900A48A
19157,CF77953404B88927
19158,FF0A037BE7C77C10
19159,2CF819AEB1132F01
19160,E40046986C60A99C
19161,441C15668E41CCC2
19162,0052D5136DB51D89
19163,77E434C2C5858113
19164,B7C7A9697B99FBD7
19165,4EAC64E2E42C05FC
19166,602C1D60A6E53CE0
19167,891CA09C0FBF1C36
19168,31832494BB2B603A
19169,862897AA29780A01
19170,DA66FF796E111D08
19171,4B5461D7BA9B0FEE
19172,E84C1239A5BDF6D4
19173,B47F8E26356135E9
19174,C4750B70EB468A58
19175,B92E81033E73ACE7
19176,D2ED99D6B29C74F3
19177,9B59BB04BBE9F7E2
19178,ED48F108502E21DE
19179,526A4F2E733048D1
19180,8B4484D09464FC1B
19181,CD61A93A96091916
19182,249FB910B72D5139
19183,A535A9630EB35EFE
19184,48200F5748E6F23C
19185,162D8F14DB9D9863
19186,A5AB13D19240FEDC
19187,35EDC7D0EB5C732F
19188,277E315A22B521F5
19189,8CCF434E0EBC3890
19190,6B7AD63861CF12FD
19191,A749CCABC61D232E
19192,163B1F0C2031C026
19193,F09A3BAF21888EFC
19194,0234DC3F12974457
19195,E898D5C963AB8465
19196,2DAAD9ABD4B485B7
19197,886C2127675A8F9C
19198,0A5257E7AF386FE9
19199,DC18EA9E11F78FCF
19200,D17C223F17B9664D
19201,104AFF8394CEB9B7
19202,C7080CA8E950BDC6
19203,AE8EFE8E42EC8362
19204,5AF9F4ECCC63EF59
19205,D6CA510CAC33DE1F
19206,DDA90A58B596D30A
19207,02F31E7BE38A6001
19208,5817699BB8E1B1A5
19209,190245E6F490F926
19210,94901F5718720BED
19211,5EFCCF08709622F2
19212,61EB8C403B3C0875
19213,5D704FC181764FFF
19214,9D86B1D59C07BF2D
19215,8E5EADCDAD6A71F7
19216,D0D02968FABA82A9
19217,7E34192EF18AF1A6
19218,9562438B5264F829
19219,57B74A41FB796DE7
19220,2CB0344581833E1B
19221,A774F1D1282564CC
19222,FA4487EB94962103
19223,DFF85D9D663743F8
19224,A4ECD7A89CE258BC
19225,64C88F02B83B3186
19226,48FBADB7611A14FE
19227,4F6BE8E070B98F2B
19228,DFDC3AB821ABC25A
19229,42482A162498F702
19230,39B0030F801905CA
19231,64D2BD5848C8995C
19232,A9D6E531515E1EBA
19233,279FB77AAEC3EF81
19234,CFF2D5A4469314E0
19235,055B3C8FAE896204
19236,110CCA1CE4DFB20D
19237,0B999F5B567F3617
19238,2DAF58A4367BE70F
19239,1487694E1DF647AA
19240,695B83D6AFCB3AFA
19241,E94887468F4668E8
19242,E5C117EE35ACADAE
19243,9C2819AEE84AECA4
19244,BB98AA7B25F68F7C
19245,2F11CFD9F9E3D1F5
19246,BB229E1E28D515AA
19247,62EF051F8F1C6C7C
19248,0C282ED08C554F58
19249,BCF2D2748B5AD164
19250,131913BADB6291C1
19251,0ED1BFC7C4EFF2E4
19252,41D137EAB0E1E58A
19253,1953E034080D5A54
19254,F068524827528B1C
19255,88F093C545112CD5
19256,AE61FF3735B89A95
19257,70E85A5E033A7CE7
19258,45AE1CF89E5BB089
19259,4E34BA72FCD3B34D
19260,B9A5926100912558
19261,A80A2C4CE42054F2
19262,50780B547FBDB31F
19263,A2BD89A62506DA81
19264,F6FC084EF1796CAC
19265,7FB05A87B8418721
19266,62119A0085F90DE0
19267,E0E9D94E1B4A2E3A
19268,B3FEF67A4B6D8504
19269,47AD39596D13C511
19270,24870E9F85366DA6
19271,386205136AEDC6B6
19272,B416C0CDDF18A8BD
19273,D1C1A103228AC0DC
19274,BAE362D74D19DFE5
19275,4D827CA3330BA520
19276,83B745136C19ED8C
19277,AD0C01800BDF74EA
19278,8F02AD2E65E7C6DD
19279,21664AABB25C7A67
19280,76CAEF5E66587757
19281,A159A2634DC2DD7E
19282,12F60A0FEFED441A
19283,93AF87E3048AC294
19284,27BAEEA704C899BD
19285,46FB5709C633338F
19286,EB9EACCEDD2B8DBD
19287,1CA74EA6E87832D5
19288,A945BFF5B6314FB9
19289,DB4DADC4AE78C272
19290,B3ACB22FBFE6F190
19291,0C746B91ED7A502A
19292,84E7CA9A15B4EC0B
19293,F846DA340763A5F3
19294,91E248DCA744B56D
19295,E2371C23B3E9E423
19296,D2638FBE788774CE
19297,9834579F2D1D8054
19298,3542E508FAFD3ADA
19299,5735C8E0F10B6C9B
19300,4D034C3DE84F062B
19301,A08E2CC12715783D
19302,CEA42D726E87724B
19303,EF1ACDF78001971B
19304,D6990B4D688DFB7F
19305,C2A40E14CD33115D
19306,C47F94BDD9F1836E
19307,04FBC77E05C46137
19308,F84E5CD0D73FAE41
19309,E07015D89365C510
19310,353EC5258476E436
19311,CBA9BEBA05A3A913
19312,EA681730F26A0A78
19313,21A54F584862B9D7
19314,464872CDF9C69C33
19315,CDA6C65C39A81338
19316,C25D96AE2CC58214
19317,1E253F52871A389F
19318,102D30D47B2E5DF6
19319,5BA77A8376A5D845
19320,7BB82D3C8EE7E8D5
19321,3A263613EB4E1EE9
19322,E41B86338D98ADB5
19323,CC5AD2BCA5788C6D
19324,258F7CC495889139
19325,6E132C575EB4F8CA
19326,C0F4EF576B334F77
19327,40457BBD06C331B3
19328,A7A49644D0617D17
19329,CBB102D4A91104B3
19330,3AB29DAF0B2D4114
19331,9181DB600270ABCC
19332,F689FC4CC273E0DE
19333,E79817A0F61F8056
19334,A3BAF0C4500C94B4
19335,ED7B2994815BC1E0
19336,B7329B03BE8251EC
19337,56686E86AB8C41D5
19338,0EE1C4A82B212F92
19339,579DF721CB5275AA
19340,9BA7CFE7F3A29D84
19341,F1E76F6EF8279F1C
19342,E8B2F2E6A1C1AD09
19343,39F2D89B77D318DF
19344,9C801CE5930DFB81
19345,5AF2D2E53114A3C3
19346,A232AFADE455013B
19347,861A0284D86A254D
19348,EAFFA95CB2520F8B
19349,5E5AFEFF8C6FAABF
19350,079ACFBBBDBA8799
19351,CB8FB4793F47C95E
19352,DE4AAC4F73F84793
19353,2C42B62A7595884B
19354,648CD43CBDA9BAB3
19355,E85E95AFA4C4D3AA
19356,B6F4235A82642B40
19357,A6DE187831B28BB3
19358,02E993949F68CBCB
19359,D4A8DF29F625EEF5
19360,9E7C034E9AD3A7F5
19361,46B729D72C5AFC58
19362,A09B3DC76B8309EA
19363,93E5F0F32485D75C
19364,0CBBA5841B81F36D
19365,34C88540297092A4
19366,DCAD6840145D9D4E
19367,4515EE2E42265F8B
19368,7570218A8ABCCCDD
19369,E38939124EB0BB1A
19370,77172C10F356CDB4
19371,F1F757C33B7322A8
19372,5CC5CEB140C11974
19373,D04BED65DEEFE210
19374,A4CB0F48259D9BCA
19375,A159C632377E218E
19376,BC98A78916761B27
19377,0D9D504EB2DDF89E
19378,789193F9711E387C
19379,88B2807D4B27BB30
19380,CBEB9DA83FD15A5F
19381,32F827CA4D0E2F12
19382,8747E3263E4E69B4
19383,0FA0A6D33D24427B
19384,3C4692BF38B45D00
19385,12BA685DA4CE0CE8
19386,EC9C0EDCB78A460D
19387,F1C274943AEC29A0
19388,F120D861B44905E1
19389,D5ED9C8565446CE2
19390,FD7A056B4878624E
19391,0880FD962C253D92
19392,5C7E733284003C64
19393,BAB58D7CF715FCE0
19394,264CA467C0367D8B
19395,AD72099595C7D293
19396,F1621E7B9818B979
19397,86302D982ADE1CB8
19398,E4319B6E2D05AFEA
19399,71B7E00429104D94
19400,E5FDDEA14D09DAB7
19401,B51519967282D03A
19402,DF613093DF8924AB
19403,917AEF15754F261F
19404,4A09894B70C16224
19405,97AD301A65FBDC9B
19406,F82041921439C66A
19407,59A4F3CD539DB364
19408,EB12E27BEA80A9E2
19409,BB8B86C37897F655
19410,DDBBAE7376DDACD7
19411,C59BDB0873F1E936
19412,FE0595726CB8A27E
19413,AD10D625BA6D506E
19414,1DB08394062D7082
19415,64A42116CB9655A4
19416,A8697015D720100D
19417,4BC3C2013E132D49
19418,3245717BBB8F9B53
19419,72D9E8E4D50D0027
19420,03DE6D0B1ECD65A5
19421,063FD9218882A63A
19422,6092C7E6EADB81AC
19423,C7F07E3DCF1E8AEC
19424,DC539772CFB8B0CC
19425,19B8CCF4485B5623
19426,538D6CB46101059F
19427,F181E5BDB0D303B9
19428,9E6A4AE651298611
19429,A0A82A7D67BEB1C0
19430,B36D27612430DA31
19431,96705F9F5F78DD09
19432,654CF485932365DB
19433,C68057BC739AD198
19434,B6EF49E5EA4B1268
19435,9CF97F4BF179D4AD
19436,25C5762FAF3BE7C0
19437,F2EDFF0DD23447A5
19438,FE90CFD18679EAC3
19439,D9D6795E733A0FAA
19440,0509DC25D04CE6C4
19441,8055AE27601020EC
19442,89BFFA2B4D300DA3
19443,6F4D49993B8820BE
19444,8AAA311699EBC8C8
19445,996AB5842F864C1F
19446,7D45A828C63B97A8
19447,E1C32CBE6679AEB1
19448,2CB04F6E2C2CB5D1
19449,5E6D31EABC6CAC61
19450,DA6956A14C169074
19451,36693CB492309548
19452,B18B6FEE215517E8
19453,33B045B515098C6B
19454,E0D026BD23329466
19455,17F09419BC0D5981
19456,DF4A3B8B1E2F287B
19457,3A43ACD189AF3BF8
19458,29545C647D5FE156
19459,B94DD10042E99E94
19460,3A04532339A07AF4
19461,587CA30FFDFAD86F
19462,277A7A00FFDCEAF0
19463,FD9DA9B49AD46791
19464,037700D7B20C6E2D
19465,0650597DDF5BE993
19466,24398EF69537EF85
19467,F64582D35DFB4ABC
19468,5B3D3801057C71D6
19469,7C3DC6CE032FE6C4
19470,2758F91EBA164372
19471,E56746BC5CA82841
19472,A1AEA18E0886DE7E
19473,389CAE41D691A626
19474,EE6003BE89DFE025
19475,152F1C8F947B11B7
19476,A7172D067BAC8B08
19477,0E871B40A58FB7FF
19478,2ED139811FC50877
19479,0D3C2BD6BEC84F35
19480,517C42CEBEF99309
19481,1BF062D863D98F59
19482,E6FA071ED48E4E53
19483,351E2D413684DE9D
19484,CDAB45F5FD6AFD7E
19485,0DFC4315F1488A30
19486,5D32971F668AA2CA
19487,F531C8D5FEAD5254
19488,D0C610B5DD380D97
19489,5F950C4306CA2416
19490,744237C12A5A6665
19491,7494445638A61277
19492,A332699EB008DFCB
19493,B761710C5C1E8516
19494,500DC8B16385D0D4
19495,C5FCB54C12EB65A5
19496,9C7B2DBEE7B073E1
19497,5CF3AE6E28293ED6
19498,BAB12D6688FA57DF
19499,79E616570B17E8E3
19500,A7934843B03189FD
19501,3BE67EDDB1B2D5BE
19502,EA01221F8A878C59
19503,A4EEB4A2A364A1B6
19504,D5F3D9601E0A9876
19505,2DFA7A120424EC0D
19506,110C3CC36683328F
19507,7A32BD4465514043
19508,143C3AE1A1878596
19509,FEA8E0B81DFD63C3
19510,EF9332B1B8C6AB63
19511,E341D2182CE02AF0
19512,5E48F75D706BE9C3
19513,F015A5158091DAC6
19514,B539410FF88F5F73
19515,9C4436BFE7364B20
19516,20B89066966D669A
19517,8E7FB6C3451BDAA6
19518,483FD345D978A498
19519,D9AD0885836D4FDE
19520,A9D63610F3081A77
19521,D6DFFC2990D5EB32
19522,045EF4ADA34D1913
19523,E988CDBA386FB3BD
19524,37BC00DB3B554D5D
19525,E5E9CDA44B6E481E
19526,883CFB5B2C03B359
19527,D1614CA8D140E35A
19528,4A930CEFE79109CD
19529,588D54D26F4C737B
19530,D2440B34081FED68
19531,2BDD56465AA82AE1
19532,C8B356F611A2F8C0
19533,8587D39B281748E6
19534,3AC0F429647C6301
19535,53940C6BE0D77F18
19536,F749816A36C6CA4B
19537,4966893F76673CB4
19538,DDACDF4C8E125C70
19539,F8C64DF4FE6DF7F0
19540,0B30EB6D4021B03F
19541,D1280B55F1E1BAFE
19542,6383E743A890F6AC
19543,E1A848CAB14AE145
19544,253F247B7913AF4B
19545,7B2D52F2B2694D8D
19546,61A7E294DFC6D65A
19547,36302D9F33B342FC
19548,065449FD1057E137
19549,EAE28D61665C50A9
19550,867C926AA46CC385
19551,6A669786DCFA3513
19552,4C8DC12700D54373
19553,2BC6BBF052AC71CD
19554,DFC9355346E8C589
19555,038439512BEBD643
19556,27C643A788936864
19557,54FCF7572502E038
19558,2833FEA0D32DBECC
19559,181256CD4F6AE255
19560,9382F42A6292DF55
19561,973B4CF12D5A82C7
19562,A86747BE6B5A1DDE
19563,77774CD663B2DA32
19564,36EED56E8B0AEDEC
19565,8A0C8E935B7AE0EA
19566,3341D92CBE701BED
19567,4D70F83D2EDFB395
19568,13B2B9D0718DF94F
19569,EA5164CFEE9898CB
19570,E031D9796B6FBB64
19571,081533D19C93C7C3
19572,3FFA7799D2E6132B
19573,15486A158C072467
19574,3ACF7C9A656C3B99
19575,72B64EDEA4D474E5
19576,9D609E8920323CCE
19577,F14D8138599BB2D9
19578,8106889B3497886D
19579,7335E9AD47106CFD
19580,5E7D6BC7FA2C34AC
19581,9454DFE3F02732E6
19582,73AFB0555163A46B
19583,4CAAB246B2430293
19584,4C025D973097BCC1
19585,80775507D2EC8219
19586,C6E7514D1E83FEC5
19587,49F268F4DA9EAB06
19588,4B3CE403638924A4
19589,3072E5D7E6C9374C
19590,33298D843AF5D932
19591,5D52B21CE3FAAAFC
19592,FA2679616EE5399C
19593,E2FA350BA3AC08D2
19594,AADFE72A2A103BF4
19595,21F7F625E31372C2
19596,9989A60A20495BE9
19597,C90F5C40AACABFD6
19598,B065167A7CF02C5B
19599,C5951D48B7A53DD0
19600,0705588DF3CABCB8
19601,09297EEDDAF8BB54
19602,56BDA02F863C6331
19603,1D3F5F5AC23C2900
19604,43A722534A22C705
19605,B0BEE2C854E91E02
19606,67F39A05D00397AD
19607,07ED0B48432A2418
19608,8CA0C02675D93741
19609,A699E067E2DB2CE3
19610,17EC6A17316FB325
19611,ED063B8C3E02EF99
19612,F91C8623FD60AE6E
19613,BD48065DA7E8B5A0
19614,060AC9765361A839
19615,CF253B70A83C14FF
19616,65DE9BA4C25D5CF6
19617,30FC4D804E89F0E0
19618,9C3EE07189044D20
19619,501F80BD14E6F272
19620,368E83625B6FA3C5
19621,C64736EFA87B3DCE
19622,FD2552F44F4E3F17
19623,4BFD4FEBC1A6E0CB
19624,68AAA4818DE2AB45
19625,D7B07808CF070D23
19626,8067E1C7797CA135
19627,C9A293FE05D24B84
19628,C581EAF0E4D20F35
19629,6E11259E363555B9
19630,65D97DB1B3893241
19631,B6EF2E29D170CDE6
19632,51345E64756E2E88
19633,5BBBF364726E68CE
19634,CB4AE2238897541D
19635,CCCCFE7E310BAFA2
19636,76FF1F45CEE1520B
19637,F6E4B8A666B629B7
19638,3DF951348E4E52C0
19639,05AD368F8C1BE038
19640,7E20A0B22D9C1DF3
19641,50FDDBB97A60059A
19642,5B552B412C518B47
19643,15F95DE371B08978
19644,3E88C337ABADF1FF
19645,12B0F5211C2792FC
19646,64D9E1D7E8138CE1
19647,362C8DD9DDE5F8D4
19648,B7BE3233FE13B9F8
19649,1AFD5A7873CE24B4
19650,C742831434F15407
19651,8FAC5169D047EF94
19652,808D764FA2D975D7
19653,85CC0819CA5FF797
19654,D657F686DA5DD9FB
19655,6699F28E7E7CA36A
19656,CCBFBDA0D6597582
19657,0F24A0E655DB2D26
19658,6C8B40CE43A7DB68
19659,905AAFE56011A291
19660,FFBAC4480714B2CF
19661,2C5DB97A2CD5C4CE
19662,98CE317461A5E41B
19663,1EED70748F13F8DF
19664,C333F5D541AFBCF1
19665,E2FD7DAF168B37F8
19666,30E83911D196E233
19667,3FDC8D779D110132
19668,E28C6E81C28792D7
19669,24C6D6C435448F7E
19670,BECF397817B3AF3A
19671,740A5A727D72431F
19672,EE2E6D0ADBC92CCB
19673,3F7EFB5E04223C35
19674,AA06955330D3DD61
19675,F91E36B9188D9CC8
19676,29ACD9BE7C74AB57
19677,8BF428257688891D
19678,0C8D0D4A86525022
19679,DD0C9A7D2660C69E
19680,0C58D89F159CE0AC
19681,436A1A16E620E847
19682,CA45ED8D97BDF0CC
19683,40CA293688972EF6
19684,2CBB09AC04017D6F
19685,E5E5A0D5F701158E
19686,374A2CCE0987CA16
19687,BF62F45D0FB6A4C1
19688,93794FC2298F655F
19689,264FCF701D86BA5D
19690,89E51E34D4D2246A
19691,9CD609E071FC0740
19692,2E5465B94120F1A4
19693,82B4028C7A521508
19694,9942217686062B5A
19695,BE1917216EF22F0B
19696,72DE787B291915DF
19697,C3503867065A6503
19698,E4F82CBFC1CA8D21
19699,B980902895B2A473
19700,0176CDFC22F6E573
19701,FE19B51DD9A6DBBC
19702,DC4750384AC76716
19703,5F1F7689754A3ECA
19704,B36648A31E25E9CB
19705,68DB3BB0C180EE28
19706,B64793D168276593
19707,3BAEF612303283BE
19708,7CA7649907A5356A
19709,13A411AB1BBE175B
19710,4554007FAB5881E3
19711,8FD8FDA7CF99C834
19712,BA265F3832AFFFF1
19713,4029DA2A43596ABA
19714,5D2D3F66B3C3DDBB
19715,19256DEFC283B20E
19716,E889E19E0BB96402
19717,75F56B01A291A386
19718,E3D45E56838BC750
19719,FF2D2E82C9E3DD74
19720,D56C776AF36F150A
19721,5DAC45C1C7B0CC42
19722,7FB5A010E38BCE32
19723,1B91A8EF5FF926EC
19724,2DFD1DEF6519B2F9
19725,B06E654A590F8BC2
19726,E436186848414CC5
19727,4E5CBF59166F88F4
19728,9FC387A3A3CF93E9
19729,D8C3824A4F5F3331
19730,E26D52527CDCDCB6
19731,058C6D12489562FB
19732,63EC5096D20B79F0
19733,78ECA1DDB15762D4
19734,3A11FE3A648CC968
19735,88F69D176F5536C9
19736,B346D774A677D3AC
19737,3CB737A54717FD55
19738,7115386AB5CBE1A2
19739,50EF6DAAA7516476
19740,7740DC12F4815BB7
19741,321BC2E1B625F1FE
19742,3FD8D757E6B36C7C
19743,93FD512B84910E5A
19744,4F1DE2B0F03F5800
19745,7C615119FAA63BC6
19746,EC1B08488DEA9446
19747,BC25523769BC92EF
19748,5F298D545A930A3B
19749,CAA85046AB3B3266
19750,B7E3B5614BED58D5
19751,64470BFC88DB8435
19752,A0C91CF33C75DCAF
19753,5372E46DAF76D03A
19754,6C5388082856AE3C
19755,36D5EC1933A08E8C
19756,B4061B278F7A7324
19757,A47FF234302AE521
19758,9AA14C68C1DA157F
19759,BD98DD5BC3CA51DE
19760,0F9393465306EA04
19761,AC2E4CB409549073
19762,58E965D3C408A8B8
19763,1EBF5B6600F5F5CE
19764,12856DBE04CBEF08
19765,E415A84D14781C29
19766,2CB2D7ABB060460A
19767,653FB3B40631CC92
19768,4B6968FF024FEBDD
19769,11A9254BC0B7FB1B
19770,A1C07D3265A46B68
19771,D4D23DE27678A121
19772,A5BE4328A2028E90
19773,13B6A453E4CD2039
19774,DC29CD256357F9D1
19775,7BF3CABB35B7376B
19776,8905A9ABA451A777
19777,B58D09799F9A483B
19778,5F5E5113D99FC4D1
19779,170DB1E44D945CD5
19780,1D9A9B3FD3CEF317
19781,B5BB4B9E1FE2AEE9
19782,4049B05E6FB3D750
19783,03EBB500AAA634E8
19784,926E37CCB70C18C2
19785,05674A2238A3F912
19786,3D6731E63EF710B4
19787,35DC10F829C05490
19788,9BB4F8BFE7DD9C55
19789,961C2069962B1E28
19790,F8F61EF55DD886F4
19791,3C4C84AAEB201615
19792,97E55FD8BC80A4C7
19793,2A001E19B7AF9CD7
19794,D09F6313BE71063C
19795,089CA8CD9D2D500A
19796,A662EE000A78FC29
19797,49F1DBE2E7B149FD
19798,97BBC07D5906FBC4
19799,DDCE67C10A2A24CA
19800,81ED16D7616C6617
19801,D6E9434D8F6E8288
19802,FD2692D491DB4B4C
19803,A9F2AF1E79C120C7
19804,01372E9835D9E8E9
19805,8D6CFE1AD0A0C525
19806,62634BCD5FCACAE4
19807,9668DB86273AFEC8
19808,C35B498AF2A89918
19809,6BEACC0957B709AA
19810,BBA2BC70BE16A87F
19811,C56616E329F372FE
19812,0F057110B5AEA444
19813,584E5F6D994D364B
19814,600EF4EE1CF70303
19815,BF3712BFF8AD8432
19816,A218355F9ACB9EB2
19817,1727A52465664316
19818,57C9DE571AE9D440
19819,037078BD8D09FBC1
19820,2ABAAC4FCA95676E
19821,DF3D34675216A1DC
19822,B9C3E4705878B542
19823,6587265F5633C2E6
19824,0442727DF56E0519
19825,57B85AB9A8096C17
19826,BC048417DE6CD732
19827,776EC1860DFDFBA5
19828,576BB7AAF24815FD
19829,45F7DB46E1D0730B
19830,335D5109435C3AF1
19831,31182556CB2846B5
19832,3436BDFD1F810E85
19833,8E3F20DB27C7A862
19834,6B7379B10993B19D
19835,B1CBD15B324E3749
19836,D2403D37EC470DEA
19837,5909B0B3A2B91E7B
19838,B2FDB2D9C4592D58
19839,9D238ABFC31397DB
19840,BF56E7F8D8E3375C
19841,ACE628AB771BA611
19842,01CA83D05A08AAF3
19843,2D2FB0E6395B6ACA
19844,D3BCCB7A66A4D112
19845,60922AB10B7A0D28
19846,3C5964F5E0CE95F9
19847,43B35F4A249DF00E
19848,EBAE6FD56A73756A
19849,FDEBC763A19EC67B
19850,1D148668503AEE63
19851,E6B9F5FB8BD87D8C
19852,6786079F3FDDBA2C
19853,EB82FFC063044A29
19854,F686DD2B170BFCB1
19855,5A51884D3EFDCEAB
19856,DC267E537116CC58
19857,F76438DDD3DF6F3C
19858,F258D88A27A96A0C
19859,8EA15AB381B6CCE1
19860,D543AAFF7BDC41D3
19861,61056104291833D0
19862,5196583F02BFDBD3
19863,1A73A3F3049BA91D
19864,BEC60DCD96D9F65B
19865,CAFE409EB5F68F05
19866,BD8BDAC7A60BA4F4
19867,8DDBAF00A431744A
19868,35475B78A5326D52
19869,582624110BBAF35C
19870,CE57B028E7CAD211
19871,5322CAE6750DA346
19872,B1BFB87CE39C4938
19873,381998A9393BD270
19874,504284A9C5427BC1
19875,6D8B5D1C0A3E8FED
19876,EE1505514D9F73EE
19877,C5BBBD31381893D6
19878,3C15791EB60D9531
19879,619852642B3F8113
19880,4037CC0A36D36099
19881,7CC9E0233C74D6F2
19882,A09D4568F29F5FE2
19883,4D8DAC345DE15558
19884,D4566B6B6CD26184
19885,DD5CB9C22CC03AD5
19886,6B4F5AAC12E201EF
19887,CE0A4DF3A4D314C2
19888,A8527AF5CA440F70
19889,58E84540D5ED435A
19890,B92DAE07346E677E
19891,9A22FB54D208ADD0
19892,BAB1D600A35AB151
19893,8919B32C591A71BF
19894,0CEC0E7D421968CF
19895,E3D94A99A3B86D46
19896,5BBF82BBE2C24BBE
19897,62500C02149D5D10
19898,A5345061609E1ABF
19899,82F75DDD15CBE6DA
19900,AB6FE644138B9AA9
19901,BDBAC16DC9A73B99
19902,E2B9D4442E93B0E5
19903,DF6C74E7138F8762
19904,8DF3CD9FD9529FEC
19905,D746042754BCB3A6
19906,74ABBE0D0E1667EE
19907,05EBE31B70DFAD8A
19908,66CF2F02A0312D4D
19909,55E8DB5FC40A5E26
19910,828C14995259E20E
19911,9F53D6ABC4782B29
19912,DA4452256C62CF1D
19913,838E92968FF72239
19914,5AFA38A943FF578A
19915,4DF1321A0A30554A
19916,CAA1E0E38DFE7CDB
19917,9EF289D30F12A55B
19918,BDEECDB00B285EF0
19919,EED33AC73D046590
19920,7CCD6E7F120FE2EC
19921,BB767ECAD7077EA0
19922,D376BCAFCBF0DD4B
19923,C83E04E66338AC94
19924,F82EC5CF38FAD780
19925,86BC23A00D801090
19926,B2A762B11E424F27
19927,1146B38D7D3E8E4E
19928,2909D8EB1CB39B1F
19929,6CB42311EC8D612C
19930,A04CB7589C9D0E77
19931,D26AB87EE95637D7
19932,58EFBEC30D45C007
19933,D652AA49ED858C79
19934,7B649D3CC049B29D
19935,2423DCD2F5F78E75
19936,C59EBB9FDDFBBB19
19937,AB791C675FE726BA
19938,A4486290B0BAE48E
19939,AAB1DCC5F06BD5CC
19940,7D4478AFB4C07A84
19941,672935BEC468F53B
19942,D9D308DC8C5966A4
19943,0857EA5734BD742D
19944,46F36103C6D8B096
19945,0113A821615D91EC
19946,8EF140C3EBC4C7D1
19947,A68686D87A318894
19948,10706FD1F6A22456
19949,179D4201700944D0
19950,7AB2558BE1098D80
19951,95BCE7A479EB3CF6
19952,658904EDAD25F9B6
19953,A8354103B786F404
19954,35AF72E7C829DC28
19955,932E3590A929BF39
19956,C288915CA1EF7939
19957,52E3B3AB334CEC36
19958,80142F8C402EDD9C
19959,8F9E2D351416D22F
19960,D11D676DCA3D0C80
19961,41453B042B0B7D36
19962,89EAD79F53994945
19963,D45BB160C4A7930E
19964,8C90FFFFD981E90D
19965,EBE1EF571085879D
19966,A9962D274A3970A4
19967,36A37D15A5A967A1
19968,7CF8CF14BE0C3EA1
19969,58F495DE0B43508E
19970,D703D95EDC0F3BDF
19971,8C0B0879D3688B4D
19972,7605A61B4CD4114F
19973,9594B7F04FADA290
19974,B9A42115F2816D96
19975,89E0EC27BD3AE491
19976,4E02A686705990CA
19977,5D05D17CCB4E086D
19978,F5695E4549287381
19979,3590F7F6D2E8803A
19980,98A450980554129B
19981,4AA015364269899E
19982,A21266ADA92F7D16
19983,E8983E6DF7818FD6
19984,FAE06C68A597EA2B
19985,18E9BC782472F39D
19986,4B68CF114B00D744
19987,B0EB4DD021CCEEF6
19988,5E507A9F5FC51386
19989,8D8BEDAFD441D66A
19990,72FA7BF304827546
19991,534CD7A7BE4D20C3
19992,98F2E2CA8E43A8CF
19993,2C0B8BA04A82443F
19994,5E0F7A372BBAB40D
19995,DD4969EE61A2C97F
19996,16F11BE628A8F9C7
19997,2A9243E74F665237
19998,40B213D64BF179AB
19999,ED1FAAE1E1991DA7
20000,4850CE37ABF90063
20001,3CE4D20463FC7795
20002,88E22344D404723F
20003,FD8EB317A54E4A63
20004,76E8D614484172FF
20005,2973F33EE5B5C362
20006,EC09EB2EDAE12DB2
20007,4A743E03B6266678
20008,F4C9788D3B179A70
20009,DF6FE3A2939CB1CE
20010,E8B25C465900E253
20011,40AC699B290302A9
20012,B94E490AD2A4FA61
20013,D9654DC938C18DE5
20014,D3EFEF1EE5C9F585
20015,B74AB8937B78B70B
20016,530CDCBD6049E2CF
20017,5CA584FC1B001966
20018,A9DE74951E123F06
20019,47B80E2D0D20EAD2
20020,DF99E8BDFED6406E
20021,E5CCBF127359291D
20022,AE84F78FEEC093C8
20023,2C18D9F1314246ED
20024,563A0282E22FEDC3
20025,060FBBB1878429B6
20026,54E2CD7074807CD9
20027,0EE40173D45BABE7
20028,0B075F18B4209BA6
20029,66DE2E753985D774
20030,213C4A1AF1C1FF3E
20031,E4B733D5DECDEA61
20032,5017351C8A9ABCA9
20033,D334A6DE3595B08F
20034,1887C3271BC13353
20035,894636A9D840AE3E
20036,4D652FCD9FCA6ACB
20037,2F1CE948095CDCF2
20038,E9D68BF986761C25
20039,E35E42565FD2B578
20040,B6FF378ABD7B7F1A
20041,374DC6A67D7E9C81
20042,30B18CFA19888AE9
20043,07E1F43C4DF30A15
20044,90CC6D25329BB688
20045,C6155071B33BCAF7
20046,CB41FA35A40C29A2
20047,4142936CA7C3DA1A
20048,89D12DFC4D4E619D
20049,6BC3FF5DC7DFECB1
20050,8F5F9A0885E8D5DA
20051,BF0EEC53FFA79610
20052,FFCBBC67039AD08F
20053,9A14EF8762AF94CD
20054,FAA0DF5298ED4D73
20055,E97533AB5CA396D2
20056,51C63990F7FADCA7
20057,C5AA0B4C74D7EA4A
20058,28B292010F0F0682
20059,D459D7FF6D6DA3FD
20060,6EAE831B7DE85E5D
20061,EFF6BC0A29DDB808
20062,3E3F3FF3AA21D482
20063,78C44FDACD6F3989
20064,F157F063043721B0
20065,835EC94C54DCF8D9
20066,5A1F2D3692B5EA28
20067,A68630D1DA3905E4
20068,A3CA750DB8DFA3BE
20069,1D79C6A1092862F2
20070,D2AD4CDD80538903
20071,492BF2253AB8B95E
20072,9C5BD805E0F1DA7E
20073,FAC0856815FD8225
20074,3F814B88BF56B11A
20075,20E2B3A1AA598AEC
20076,3516200545424372
20077,C18BCC2353E60B93
20078,EF59E23B4A845D7C
20079,36206077EED835DC
20080,ABEBC11DD18E8FD1
20081,C6E1BC2BC4033157
20082,90C1A3973ED02020
20083,CDB87F7C933B29D4
20084,7B189F3B05A71E00
20085,D3015DE5DC7B9E81
20086,B535AD3FC1EFB3A2
20087,9DB31DA6311406E3
20088,3E3A4FEFF1DA94CF
20089,A96F918A4F31C475
20090,F315622403213908
20091,7815DC7C3F07F6EA
20092,EEF9AC5499F54702
20093,9E8BFE44E3BF04DD
20094,865DF4FAD4F5F0FD
20095,24C30581224B9A56
20096,0467DB75E0434F53
20097,E2EEEDCBA005D254
20098,6D59D32E67279204
20099,D51C03E3ACC2A6C8
20100,20DFBD82C3AC3F7B
20101,3CE7FC4E750FE135
20102,5A2F3EC6DDBAA30C
20103,43EAE1013E39C3A4
20104,DBD3E2596999B3B5
20105,88898EF8CB6C8E81
20106,59F5E5E48385DEF7
20107,EF4C224397156C45
20108,300686EC128FE695
20109,4A8683DC7621CB52
20110,B636B746FF0DEC5E
20111,D586FC9F060A24A4
20112,AA71389DDE23F0A0
20113,52C80AD7727282F5
20114,10045CDF7260A598
20115,B3D3AACB3BBB759E
20116,5DEA2E3634A90AAF
20117,0E635DA8C8C17438
20118,DFE2B8E6DCA019FD
20119,98FEC07B8596E99C
20120,C09B58CF99DA027C
20121,72ECE31A8102D934
20122,189D09F6D0F0B17C
20123,FF0CF3D04077B939
20124,36FF41C6BA61635D
20125,2A5F7921EBA6B9FC
20126,E23B154A0DF0F027
20127,A61C73A4AE4E3F2A
20128,1DC68FFC355A293C
20129,515CABB9ECC9276C
20130,D4F8732DED6FF2FC
20131,04E5097EBD9A96B2
20132,F48E0C1520EF000D
20133,D49D04AF2D6401C9
20134,2B4F988716A2BFF5
20135,05593A72EB4AEB99
20136,67E40C3E8F7847A2
20137,A820B297099E9110
20138,1A46A52BEA198895
20139,069900F6B7D27DEA
20140,9F88A925129F4092
20141,E58E1147404C19A8
20142,FCEC3E9C7C13E933
20143,9FD5D76F27DBBA2A
20144,B7B13D45D4AC014A
20145,4B9A37B3CD3CD6F5
20146,92850600145E23B2
20147,0138C57B9E9BD8DA
20148,CE32400BBED91831
20149,C1362062F920FDE6
20150,38264FD23536DED6
20151,01536495FC8BB451
20152,01188154F80E688D
20153,F826C40C5B5F64B2
20154,9EB2972DC707B15E
20155,1B4BA8C5A4E3017F
20156,CF3C36023FBDD68B
20157,076106CD7AB8615D
20158,DABCF8E122437F5A
20159,9E5B51BA87D4C71F
20160,D5FE4C44B9975B8D
20161,54B821BAE3CAE8EB
20162,7BD7DA73B50C9171
20163,77145440676A1006
20164,E56D06156128D65D
20165,FBA733860090D3C8
20166,E928AB5FA980D14D
20167,4FE8D3D52E87AEA0
20168,2137D1C2918D5D19
20169,7139CE9162745369
20170,788B63CD27826AC7
20171,E0A3DC2EFB6C3169
20172,9AF9AFAC51323588
20173,2AD3C6C8B9FC264F
20174,CAFB13FB2D1FF196
20175,706AA8BD572D96B9
20176,B564C57902352B50
20177,1C0EA6A40FBD0D91
20178,488F963843FC1B7A
20179,C16528260C34825A
20180,0CBE8468FE700EA5
20181,836E1774344D5710
20182,6E0E17D4E027B984
20183,4254723E1A5641EB
20184,7B139DF7F071EF35
20185,84360655B39DE5D8
20186,7E6A7B82EC6E222F
20187,5D92B8CE5D59153A
20188,54F64AD266B833CD
20189,7CC072BA84AF42D0
20190,1E363FE7B0D4B73F
20191,0E0B6ACC64AB2CC7
20192,AEEBECB1296FA9B6
20193,5238403E5F427A6B
20194,FC78270E179ADFB7
20195,B1F2F87E9A170541
20196,77DA499E03D69315
20197,6A4A12D9451789FA
20198,83BB943A855FEC99
20199,47EA0803B0FC6FB8
20200,0B97114BF09D784E
20201,DA02E67D6D348FA9
20202,522DC565BA408EC1
20203,1CD6C617BFF1014F
20204,A0D4BA72B4B200BE
20205,FF458E95871A51EB
20206,5C2215152BC26617
20207,D581648096DD0C43
20208,A2363DC74A90F226
20209,B9B8CE6EA144A22F
20210,92206A223D246A9C
20211,EAF50A596728ED26
20212,CEB64B57C79BF42D
20213,1DADC4CEA48BCE0F
20214,9A8408E836613F42
20215,1463BCB755CA50E1
20216,BE6D9A800E6CA0F7
20217,5870DE25081FEAF6
20218,1DA39E0C5C4E9E37
20219,FD8B683FFD6B331B
20220,B6BA1D906E8D4940
20221,0DBF420E37A3EAE1
20222,4A71DFA8BB01EFE2
20223,1C3F968C0DEC1F19
20224,5498B1C0344DA62A
20225,8811FC5BA5E4547E
20226,43F455A14662821E
20227,41B52C1237F200FA
20228,7D5826790B4A89E9
20229,5A3446DE00145328
20230,72E863E021BC66A7
20231,D63869152D11D6B5
20232,0AB9F2B950E0EB3E
20233,F5CC26E44D26A211
20234,D58A022D6290C044
20235,BD101B97DEAE45F6
20236,CE39C91BCD39E801
20237,DC0ACF1B22FE1395
20238,91620C3FF322F7D3
20239,9C833AC7FDEFE2C6
20240,ECBDE922DA4B560A
20241,812C9621E6A1E3C2
20242,A4D3DBF205264C15
20243,AEEC91C909A61949
20244,46E5B9B23B6C084E
20245,43D252210CEA6033
20246,2CD790678D1B4237
20247,2FAC9841EAD27972
20248,3B53012FD1197B5E
20249,0E9B5E866677E7B8
20250,A3CF8E38992D1FA5
20251,66367F4E55A03D01
20252,D3F19F15D219A1BA
20253,026196E4DCAEBEF7
20254,F1C4115E871DF50A
20255,D90A5EDEC81C45F8
20256,E72EBFA2E325753B
20257,A68311D6B77DF222
20258,0792C8687F083A6B
20259,37F53028A465EEA5
20260,C334A640834134D3
20261,A51C67BB9727488F
20262,7528ADF46693F81D
20263,5EAC363D8D3E6610
20264,ED18DB04516C2228
20265,FD4AE7BCA4CA2BA2
20266,B989D25AB8B93D9C
20267,356AFE3CD2D9727A
20268,60E6C6C1A13E2F21
20269,8B6BB6683E46CC4E
20270,C28E03F6350A94DB
20271,2EB1D19705783F37
20272,60075A7377A94F03
20273,56492C817534E1A2
20274,17FFBACE0549F328
20275,0F6A1EDA553D8322
20276,1E5006578A1B7814
20277,5236E2D06E750282
20278,9289A34ADCD372D8
20279,FF8F56946C9B66AF
20280,197FF45332EC9862
20281,13B7DC0ACC3BE857
20282,3EB14E7AE54F7DEE
20283,73C2F055FD52B4A5
20284,888142E7A582FD02
20285,F5F2F5803AE8BEA5
20286,165EC6BBF6C464AD
20287,B19C62BB92039B75
20288,6D1E12A5F7FA2BFE
20289,3155284643C1C492
20290,BAC0B153F01C162D
20291,37F99965AF1C7F36
20292,0687E8C342A1A4B7
20293,1078B995FF921D14
20294,B266D9F40AE7E458
20295,298E62A7B84B5FA8
20296,3ECB9D5337526558
20297,BCC26407FE29177B
20298,8A02A72E2B1013AB
20299,A93C842F11DD8172
20300,0DA5DEC7B6CC23FC
20301,FCD83E3980C75F30
20302,DB2EE27C81273AAE
20303,FD63AF4767DE7E8F
20304,3B954928E4D6BD1F
20305,F0C3464283A95531
20306,E4F50B99F8B9119C
20307,14447698480BB327
20308,DF465111279900D3
20309,1738F6B44AB7DD85
20310,FEEE9652628C890C
20311,F96262BE26BFBF5B
20312,DDDEECD5CA9813BD
20313,F3A078DB15F62344
20314,334B88A2E7FE5871
20315,C23BBF6097511F42
20316,325C4FEA9FC7B76E
20317,A09619E13AFC26E7
20318,DBC5DA64E8BA8073
20319,9D7205870A39952C
20320,C4297CC6C3C89F59
20321,31A771B4C6E568A7
20322,A2B8F2E3090B90AA
20323,7C5A8D7AD76DDFDD
20324,F5C21C560CF38F98
20325,B80A7537F7994189
20326,F551C352A24CEB15
20327,D78CBD167F96EAF2
20328,78E1F49CD3A0C6C6
20329,8A6AF6DF89A2A98B
20330,22CE73F8DAB6CCBB
20331,5A2FE315EF79CCD1
20332,CC340D3B950F1B49
20333,E35F44C3936A7B0B
20334,24BDDDEAEB4F2248
20335,3CD211E5F558971E
20336,573CFF90049CCE8A
20337,404D24C19AEB8092
20338,FBB8ACD96AB0AED3
20339,1D5A8BCC01654A10
20340,04D40A90D4CCF2DC
20341,23712F7D0C133BD0
20342,4050BD66E83E4BBD
20343,71A186C30019ABDF
20344,DD4E65EC6ADE9ECA
20345,375516D741D309C8
20346,96F18E9ECA1BEF35
20347,2C301D14F45F4D2B
20348,9FA0D9066527EFF1
20349,8696325028D9D5F4
20350,A7B50B18DE842E73
20351,23947E153A140274
20352,FD87D554D19A82F6
20353,AF6970C87FD84A42
20354,EF40175B67DA45CB
20355,EC163DC1461B9E5A
20356,EE08A8E6F5D70528
20357,40D325FC51F99AF5
20358,A512700C4347913D
20359,E6ABC860A24252F1
20360,7B9CBC3D558AE136
20361,4D0774D00AD1E0E1
20362,3DA648D4E595DFC6
20363,CCBF257972B2FEDA
20364,21299BF3CA5C7CBD
20365,AC854FEF52C7B140
20366,77DFC513A2DE4BCB
20367,C04D64CF41A00E51
20368,97E3098DA90EF0AC
20369,6065A0E6EE399AF0
20370,7870F25A6E674416
20371,5D51D35D5D2EBA31
20372,51DDF10C0B01469D
20373,BBC26685CC670EE7
20374,A01F5E978C909003
20375,043E1D9C8CE71DC4
20376,139A14776149E5DF
20377,1DBEB82315F5A884
20378,E310ECF3EF16DF3A
20379,1326F4A76FC413E1
20380,8A37CB173CF0319F
20381,46E41B9A37DD0175
20382,B8CA7CB0F5BEF084
20383,268158A9F5E62945
20384,83AE0073AEA00694
20385,D2EADC9189923008
20386,8F7482F855708430
20387,E4A34D96044489A7
20388,3F65E2717F97A299
20389,3847D5843ED0838D
20390,5D5C6498D34BA33E
20391,BE3B2CB7A982A890
20392,82F741EE2F2A0518
20393,21D5EE8CDCF11D15
20394,7169DF4395722A83
20395,D7AA6D25BB213A8C
20396,921F9586DDD1F141
20397,F8CAF942298AE457
20398,66399BDE3C1812D0
20399,B6ED43C3C92A7994
20400,C1ECD02B0C7682BD
20401,D7A452DAFAD2F134
20402,B0356A44FBEEC199
20403,E29B37CCD18BD264
20404,7D8DACF56AE1C4D3
20405,E1B043758250494F
20406,471CB12BF2DB8DA4
20407,E838FABE7E9BF921
20408,0B9428D6CA6E0EFC
20409,97AFA2BFD8B5E79B
20410,91CB87EAA4AB3A26
20411,5E0CD7C5CFB75B1C
20412,0219468A8E411267
20413,1C0E1CAD01AB03C2
20414,CC4E68CFCA4A1B45
20415,D3136644AF58E948
20416,EA13003C66159F5C
20417,E0A6F8CCF1B2F379
20418,BBB30C7ED77A296E
20419,47EBAEBC122F799C
20420,5ECFBDEC56B616C2
20421,C686011598F3DF8A
20422,2D190C2D18624FA0
20423,3E8C6B86446C7635
20424,F652A127F1C4567F
20425,F70ED04325153D56
20426,8E5519E0C12100A3
20427,8D6CD72AD58652D1
20428,BC4607C659B1BA74
20429,76C4FAA53C4C6540
20430,2FE5E10140732E82
20431,5DC41B8DEC214A53
20432,144F0B5CE7534BF1
20433,715CE492ED5673F3
20434,6BCF3B89010A08F3
20435,1B9C6E67AA2836FC
20436,08888A4CCE2CBBEF
20437,82FC6F708150D008
20438,07206BFA28203293
20439,A966AE4B7D8F4E81
20440,C314EB4D0FA86968
20441,C6AD8416D80B3E64
20442,4F7C0F39CC12EA11
20443,C768D6FCC052A069
20444,A9EB07CAC7E2F0B0
20445,F892A1CAC9A24565
20446,F542F4654BC10A6C
20447,468495A356CC5428
20448,E8C632700BC00FE0
20449,A51EFA9197FCFB85
20450,46C45C7E7B0A6E67
20451,92D1D083F268C7A9
20452,8DB5DEABA6744F35
20453,3BDA5C1F70D25F9F
20454,5046BC64D6A6B2A1
20455,4FF1E77F9BE60D80
20456,A4680213237A7FA0
20457,CF51449719496303
20458,BC7CDE583F0AD84E
20459,0705172166AFFF0E
20460,343F51874B76692B
20461,A598A4529ED67C2E
20462,8A66BD0F6547E608
20463,2E98786B1EC06869
20464,53E84D73EE5D1F7D
20465,D187DA8BA3D57FF0
20466,E58F1547E5744009
20467,281DBB61BA7E2B2C
20468,A8574EBA5BA3341A
20469,CF47584AFF009A7E
20470,EB8A21759A84EC66
20471,CC89B6CC440CDD64
20472,D22728DBBED778A2
20473,0B5FCDFF31CA8577
20474,E7FCB1C98B743EC8
20475,53D5B9D26AA6292B
20476,D07429A19B2ABD72
20477,61C097505E908D55
20478,63A7A8B54A648B55
20479,7E39C3D18DBA0636
20480,2BCD4AEB9E285A7E
20481,37AAE019A6CB3B56
20482,389533A5BEF57F95
20483,B1F2AADEAC53766A
20484,B752CD3E4A148625
20485,FE0160A5070E5C3C
20486,D35E58829A35DCE2
20487,AF29022DB3D944A9
20488,6349F95E5F019196
20489,B40129928AD52F47
20490,ABC7D1D779AD1AEC
20491,810E11F6BF3597DF
20492,FCB40507EF335B94
20493,C42129578EE5C7D7
20494,E5EC51CF6E6B0451
20495,95C69E631BDE8895
20496,A0CCF194E48FE5DC
20497,36747A84DBD01A2F
20498,E32377CA362C85EC
20499,646AB0BC312A1BA3
20500,DC2629E54DFF2E9F
20501,29F792BAFA56CA63
20502,CFC4EB637DC8214F
20503,860B24FC341367DD
20504,B4BD1D8E1A6E7119
20505,72E0BA05C8776E0D
20506,5E8FC4B81DF12AE3
20507,B4D28ED4910EAC20
20508,82575848E37936E6
20509,13811713AAD31382
20510,8F40A71DFA2F09FD
20511,89179E2F0C263D83
20512,A7306F06653F331C
20513,44788F3F3514ABF7
20514,AF57D4CEA74F6061
20515,B4C865375F4B3F8A
20516,16C7192F8269DA2A
20517,39B9EEFD940F749E
20518,33DCA4129C90B65C
20519,A36222A618B6F818
20520,9E779A9D1558B868
20521,64B8517396D7C87C
20522,F72498B66DC51361
20523,9DB929874A9D49D1
20524,65D754F2BCF1E39A
20525,1FB6B2C1F74813FB
20526,8ACA2E22AB967986
20527,A7BAEA66272C682E
20528,21C5AFE99BBBCA09
20529,98B0C913DBF4B134
20530,8BD0E0BFE110F849
20531,8551B8EDE8528EF5
20532,2D5A7C816EFBF1EA
20533,92D40C8B57A18CEB
20534,39238E383B8BB489
20535,664788143033C868
20536,CADCC2F015DB36A9
20537,CCBF6518CF028101
20538,2B5796A6CD77BD64
20539,5A0A835E86BFFB29
20540,B6A85DA82BEC2163
20541,157642A2A4D35DC8
20542,AABD2D207388819C
20543,A2E0B019FBF2F656
20544,223388A5933F7B5D
20545,018AB2419A9B8632
20546,4D487B1D0DF302D5
20547,75AA75425819FCC7
20548,46100B3A7213B9C9
20549,A610B89B32438BAE
20550,D25C55CCE37FB0ED
20551,624652874B43D7B9
20552,345BE13592A767E6
20553,B6960E330ADC5326
20554,EC9F6516AF7B439C
20555,CA0C60C3C530263A
20556,28E4073C452C8706
20557,E7FE5ADC148414FF
20558,A5E71931D8181E18
20559,B6D3B46E0857C5CE
20560,74B65C13429B3AD1
20561,71DC49963C44759C
20562,64C7642BF7D5A7F8
20563,7B6AF61512A4C2B5
20564,3567C2FDB5325F8E
20565,5FBFF5528044D73F
20566,463B44DD4FC3B7D0
20567,F9FF3BF38EFA55C6
20568,41180A65E8856A99
20569,A06A5B3EEA26ABB9
20570,9BD7A314751AE2F2
20571,FAA84451862CFED2
20572,84A3F49D55D1F2FC
20573,8AD91060A2C6FF93
20574,339C962379599A0B
20575,47DDAC60993E64C1
20576,0FD9F5970D91A728
20577,6F4DAB8D0061B6D1
20578,99A29CED783C2E94
20579,4A1736C2B457C45E
20580,9C71C042EE92DEF5
20581,4B677B39C4B22A72
20582,AC2E8FC1CDE833AB
20583,ABC2CCAA9BEA958C
20584,16BEACA3FBDE95CD
20585,6805BD191C477042
20586,3547E235AEF49FBC
20587,52633261EEEB90D9
20588,67193B7C897F5701
20589,9035588DFC6FB457
20590,B93761E987B8E9CA
20591,A35D4879FA067158
20592,1BE11104E6072A24
20593,0CFD12A3EDAEA469
20594,ADB683B827CA565C
20595,A3FA3096818AE48E
20596,8C9F09677275403A
20597,CEDB92CF8E261D0C
20598,C815403987356C6F
20599,57D266AC422BFA86
20600,589D424FB565A681
20601,FC0BA7BADA11CE06
20602,76B4677EA7EABE7A
20603,1D7B60EBEB6F4BDF
20604,40783F88CCCC48AB
20605,CDC2C1C5986F9A1C
20606,D04F546CA01D49A4
20607,DC7CCA5DB7784849
20608,A49987033331DBF0
20609,55CAA92212F2A731
20610,96C5B618155E7F1B
20611,321FA79AB8F048EE
20612,CD8932C15FA02E8E
20613,A63036ED44923EE2
20614,009BD846D7C1E6C5
20615,05C72764841FE5EC
20616,904886644F0C96F0
20617,76EBCA0066535BCE
20618,8A66E6864BDC3EF4
20619,9E87A89F84969202
20620,518D10635DC7D6A2
20621,D984F788DF22D6A9
20622,D986B93B2686D914
20623,33F5517C65A94304
20624,B5FEDABF9ADA3E83
20625,36C03E4A071E759D
20626,3109649D1D8F9FFC
20627,E6D56EE1DF9A6B57
20628,D86EEE55A9F71746
20629,4EAF193E2D9F5372
20630,E27E9E3AD914A67E
20631,A3B65889F876FA01
20632,0441AB21F917010F
20633,31B47593A2FC8D3F
20634,1D1841908E039B5F
20635,55209538BCC2241B
20636,46255A1899FDF348
20637,511C5C80E62D8459
20638,59DAD5E577E463B2
20639,67D1488A825D496B
20640,00AA32C7FB5D54D8
20641,8854A00FB7743081
20642,4138615F34D02FC1
20643,53C714A9216C16B8
20644,924FA2DD83266519
20645,2A7D9C3788C22948
20646,3C7FD7E2BBC34C59
20647,9D7A89F557279303
20648,6FCFC96CD6B52F0D
20649,8C88218389BEFC4F
20650,B5C80341484E727F
20651,5F956D630B8811D1
20652,6110A8EC09A66181
20653,AFE259F813D7B1C7
20654,A52C9A8EAB4FDA33
20655,85640BB862248610
20656,527D86CC50084B65
20657,4180B6D532B90A3D
20658,7DC14F978D4647EE
20659,54E6427B27BB2710
20660,403D5C80A34824DC
20661,3BCF7D20E182913F
20662,529029F04A6EA9F2
20663,D6964ED0F4B1D736
20664,1285166C252503DD
20665,F4ED3181A4068C0F
20666,4DA6E9729BA4B3A1
20667,F708B946E1FC9D53
20668,814714BE8C9BBC83
20669,8DBFC1D8DCBAE4FA
20670,1B2EE3BEF1A76F47
20671,E388BCDD57F16705
20672,FBCE3C4FF9AF7AD2
20673,62F1314BAC6A917B
20674,34E51E03937FE593
20675,247793373DF9DAB2
20676,448C6067C4098471
20677,92BBD5C232E47E90
20678,0CEE7BA8AA2ECA6D
20679,E1DDE881164C5F49
20680,F182B2BAE2DEE219
20681,CA64A31F694B773B
20682,D523D5E616DF07BC
20683,08C9E4C18D76A254
20684,181C6DB6FF3AA01D
20685,3C8FA0708AAE9DFC
20686,BB251F06CC4E1F39
20687,996D4D97FBB48BAF
20688,B346438D65BD4612
20689,63A833182E65F462
20690,97E106E4CA365939
20691,25FB127413B47A81
20692,B5AA07CD3D9D2592
20693,9ADB652E1F92F5C1
20694,E5ACF45384D7BA50
20695,E4055C9D2C813D24
20696,E6FA47FDB735BED9
20697,75063B41CFFEF49D
20698,85A7F1A7A2D61764
20699,498D188B73030B93
20700,EBF9405D2EBEEA80
20701,F1F0A8636D75FA28
20702,A44117131657541B
20703,157C2E89FAD4A0C8
20704,C8070B09D0EAC89E
20705,C72DCE0D144F41AD
20706,F45F4D3E1A951227
20707,1612BC5050AC876D
20708,8D8EEA34C34E21B8
20709,71DF48874EDBFAC6
20710,8146732C53C06ED6
20711,EAD287166D66182C
20712,206F1178BEA265DC
20713,4FCB33B1411A34A4
20714,281B82A5E6965F52
20715,2753506C0A6B9212
20716,271CE2F28998AED0
20717,69AD21EFDF25E1FB
20718,CBCB6EFC27507E95
20719,BB25FE2FDCEF0608
20720,8D35DE9E6C31A3AE
20721,2EF1EC69E91C87E3
20722,A6A7F61DAF38F06E
20723,3E04FAF6F719BAB2
20724,B01100A284BCA8F2
20725,14AFFCD3DBF4F1CA
20726,44B8B7A952100561
20727,F7DEB8A133936B6D
20728,70FE6EE1EFC1F66B
20729,65444AC6C908A1DA
20730,EB731A72174421BD
20731,0FD92C8990305104
20732,1F4C3417A3AA7653
20733,6DDEF5CBD3E00AB7
20734,0391F394F0C3A759
20735,35934E56B12CC486
20736,8C87676275775701
20737,FE908650041B6A1E
20738,9FBF616B79657034
20739,ED1906CFF1D867A0
20740,114746B5417A4BBA
20741,4ABA205411B59A29
20742,8BB171C63F78EF6D
20743,2A1C2D768140281E
20744,E4D5CC02C783A7EB
20745,F50485BD66161E79
20746,474CF06D7122CCA5
20747,74B942F0344CDA34
20748,FC06294DEB104D91
20749,5A4EC70CF5E4AE24
20750,D92D4CE3AA1D8D98
20751,EC1C6670DD381F72
20752,F554E84FAC4BBB75
20753,F2E5E80C65264B94
20754,B05DD6EFAEBE3879
20755,A86C9FDBD7CE303C
20756,BD7F748B27228AAF
20757,641590325D79DDEF
20758,B008D0D426035BFA
20759,CFB67ED3842E290D
20760,15E1225D320D8F79
20761,FF2F0CD57E1BBC8E
20762,7B217255EB023A09
20763,51E6FB2A68264841
20764,E47311E0437B300A
20765,9FE23C04CD088EB9
20766,DD6F1E2682B996A1
20767,CDCC3DD1D93BD417
20768,0737F165D25ABFCD
20769,B95CB70B6FC12FE9
20770,908DB1DAEA3F8C59
20771,5CE2DA8BCC2EB0BD
20772,2816548079902DD2
20773,F3EC3FD84E804189
20774,B8EE33A1B297375A
20775,021E8BFDE52D994E
20776,FF4EE23DA36E4395
20777,D0398E3977123A9E
20778,BF2CA573482595DE
20779,5E84438220CBE9BD
20780,D4400EDDB4724157
20781,5BDA2CD3EF79815A
20782,49E319CA610C48FA
20783,B9613722092CB322
20784,4764264E6C38665F
20785,945A620FA3103581
20786,8CFB7F178B77D008
20787,6C09AE4F5641BDE3
20788,E9E1CD452082412F
20789,08D4B1D49F32F821
20790,B6CA4BA5A2BEDE2D
20791,66D1D0E2C6E7A755
20792,5E2DDE5F48770472
20793,9A95FD95015B5F45
20794,2E0692ABF80BFD7F
20795,5452DBB00970E37E
20796,F19837ED78F63454
20797,B5C0BA0DC9D6B338
20798,715CE7CDDE0C9A06
20799,25D06A841F88260E
20800,70A25C482FFAB78C
20801,E5C933AD59FC7A7A
20802,CFE996AA8C2E971C
20803,58FC6D2FD1D04C31
20804,9F358C244F97DAD0
20805,6AAFCAC9E3E23574
20806,A4C3AB6DA2B1FB16
20807,4470222F7988DC1B
20808,C8947F4DA49372B5
20809,1A50D002F4A667C5
20810,8C744C917AB1523E
20811,AA42CA73E4713D3E
20812,74B9AD30721B454D
20813,EDB1E74B5A03D636
20814,F407A333F586EF11
20815,1A8955C9201435F0
20816,A22E91646D19163A
20817,25AD1188A47B5E6D
20818,5ABBB36AB622FE6F
20819,7738C27ECC5A8D00
20820,089BACB990B5116B
20821,2E48A5410D8A9451
20822,8296C9262B49469C
20823,F0C6DAC9AAF7931C
20824,9A86F0A81FA452C6
20825,76D89A6B2284BDD5
20826,A5A8A2AFC86CA9EB
20827,FCAF737900034A03
20828,1C6B72CCE4F9053D
20829,2CE76381E3B2A5D3
20830,83A36C8C8E9B9640
20831,EE6FF6454EE6D2BE
20832,6CEDB7512FECD800
20833,0503FE2D9500C346
20834,B5DFB582E1346E5A
20835,7577F16A7DE29029
20836,F2B0D8C0ADB5EA98
20837,4F3A29809727AB1D
20838,F1418ACF6EB55BFF
20839,DB9897E738BF8FEB
20840,A1B3800CDF6CB6FC
20841,B3196F9E4CBFD7B6
20842,89B8E7AEAEC6F221
20843,878685AE411841A5
20844,7FF270E9735A52A7
20845,6A158103F83EA07F
20846,ADF9343171794136
20847,5E52B3A9677940E9
20848,FE8D3155F32868F6
20849,8DDDB632E8DEA968
20850,6604E7129E1B5E49
20851,969CA76C0201E322
20852,34E5DA58CD263091
20853,FF4B51CC139F0C86
20854,88740CE9E5287503
20855,5646597666B63592
20856,BB4A6F433180B318
20857,778A015F32AF97C6
20858,2F2CB158BAF29475
20859,5F4A7C8F562760BD
20860,342EA68A5990546A
20861,059FFE4E42DAFC08
20862,594A23D20A290969
20863,3BD6F8AF37DBD246
20864,A330B4C15FA1511E
20865,D9F9CF9C6C8FC4EC
20866,00443412FE0A5D72
20867,F9ED2684654C535B
20868,6357478BE96145FA
20869,00FC6FDF02DDE8A7
20870,2775588B1A6AD035
20871,CA3ED494854DE395
20872,3DFD5F5836F25FE7
20873,728EEE64FD472812
20874,47E485F24D237980
20875,238FBE075A828737
20876,A1842D0F85AF281C
20877,63C188F6E7CCD548
20878,5EE771A5FC50D1EE
20879,CDF17F53B63A6FD2
20880,F5C0CCC6E3B0EFCF
20881,05BA7D809CFB4A47
20882,7C81120AF4AE2354
20883,59F5DC2A86BE41EA
20884,C4373EE312F7DBAE
20885,88072FFE27123C46
20886,CDFB75470E32077C
20887,0D4E415D5F7491F5
20888,2586B1D5A752C1AF
20889,90E1E4CBB7431723
20890,D20731F7E7C903EB
20891,03761CCCDF73791E
20892,E41269D5DB2E704D
20893,C84F0B79742F1F6D
20894,5B56FCC05037C6B3
20895,5E379698A40D4AC8
20896,9DE90239CD57B7F4
20897,CDC4E225C03AF72B
20898,8FC6C20FDA04A9A2
20899,084F90463B2A55EB
20900,F05662F0FFCF146A
20901,A128384FED05A26B
20902,8581D9A43FDCECEC
20903,0FC9339E87663193
20904,19424840194A7874
20905,1E51AE93BBF572A2
20906,C15E6D225451D9B8
20907,F124A65F43164497
20908,BE1BB85DC757D761
20909,6C0BB0CD251CE7F8
20910,5389FF0DDDA5E517
20911,B98A6476D599670C
20912,69B111C4F31F6128
20913,EB2259405EF39BFC
20914,0D9185D4A8E38E84
20915,A019CB42103A3C50
20916,81A21BC0D5058068
20917,FD79F9DF572EEF63
20918,41AA16698EBEDBE8
20919,D6BB02A2FA19D38C
20920,2AD71F3ED4677BE7
20921,42264F5007D53DF8
20922,650F6CC6F7F3C504
20923,347CF0AE32879C9E
20924,1FD6BF20C35D2624
20925,A21371D18B054117
20926,34CE64C54127F471
20927,2B9ED362B9A19006
20928,FC61D78B99727AAF
20929,537114D756D31195
20930,BF379394398B5C3A
20931,AAE03E9D43EC5864
20932,C4C2B755FF2C61ED
20933,9712A0ACD626B2E1
20934,5BD6B9EF8FF66D8B
20935,A819BB7C6EEAD96B
20936,3115653E8A52A104
20937,3750B36A09FEA992
20938,ED0FD113A3A32E6C
20939,E62604B571CF472F
20940,797F181EB3CB1E82
20941,811069F6350D50C7
20942,154A1A423998D92F
20943,27010ECBB8FF77BB
20944,A12B5C65D9D5F8D7
20945,4D15A91303D66D41
20946,57887C940C1EF427
20947,F5BE6AF66308E8D6
20948,7D8C0DC80B593C6F
20949,E57EC560B2415771
20950,CEB6F1D979B63FB3
20951,45FFAB96CDFA963C
20952,F20D0FC6DFE0AC6E
20953,A9DB7551098FC9B8
20954,EA1BA90D19F20FF1
20955,2A9586DDA8EB2B0F
20956,8B1C9D87572A956F
20957,04CCC8967F1F7BC2
20958,3F751AEB8E88E8FA
20959,5953C1170558B99D
20960,E9C6FE2FD54AEFD2
20961,F9F65636482B1DDE
20962,FE3AB541741B2A98
20963,A7DBAC0F75D3E5DC
20964,01669D3AE8460B77
20965,A6C10F70BB558AE8
20966,70CCE6F78D8BF7F2
20967,7048446E37A94482
20968,E87A26B464018F0A
20969,75C189518EE21942
20970,995C3F8125EA3383
20971,39E35F86C2225FDF
20972,A870208A4EFFABB7
20973,A0B43AF4BF301A64
20974,C97F59FE3A0F0DA7
20975,BED77A002E789F64
20976,4D66830517908791
20977,419DD261EB3CA4CA
20978,B537908B62E417B4
20979,34661B848B7A4B77
20980,2298821EB9EDE399
20981,3EF0C7D58D95ED2B
20982,C41EE4E36902FFB5
20983,051E19C974CF38CE
20984,91A2CFDB3B73EE0C
20985,4C74E5F4B22AEB29
20986,746577CAE027E22C
20987,379C907C198C69F4
20988,19DD19BAAAB7B639
20989,566325E0FDDF9636
20990,59291C084E2887FC
20991,1D14ADC348421B79
20992,EF040E3D17C841E1
20993,8A1FCD353CC07FC6
20994,E7BB677C38B0AC4A
20995,1250297781A72CED
20996,3C26DFA3054E56A2
20997,7DA8EF975A69BD88
20998,87D8E8175051BE85
20999,9F16CAF55AAC47FE
21000,3D3EE37F691E25B4
21001,6987E2BF8F63C355
21002,EE66DBCB8FBA00E7
21003,2BDC04C3D036A5D3
21004,B5EE7888597B7A6E
21005,08027B77902FC197
21006,7F85BAFB37192319
21007,CB45FAF9AB47F61E
21008,164A090D5B8B3462
21009,7F2FF916D9850D54
21010,4EE879C1451E3244
21011,844EC6E0B09519C2
21012,A89527BFD92E148D
21013,3C3A875A14E0666C
21014,F02271C3BEEEB62B
21015,2C43CD1162347348
21016,4E7CBD34D26DF686
21017,FC39E0F54D35B799
21018,96BE070BA64310C0
21019,07DB07F6D5DAE801
21020,2656CBB119EEB40C
21021,B27A8A6C87DF9957
21022,3B5252F24C1B8577
21023,1DD24A606B3F3286
21024,6F93AB562A65D125
21025,93888357853F98F4
21026,BEB21EB47394FF97
21027,C61D0E951ED7BD77
21028,F6B2CBE78DDA74D0
21029,E082EF38778B8837
21030,1D588EBDC5F963D7
21031,FBEDC1771955016F
21032,DB4EA6ECD3A457AD
21033,16461DB43E5B1B0A
21034,0771888C9931D158
21035,98AC9401CEBAC95F
21036,5D81E26DE31784D2
21037,10728DDDDF8FCD86
21038,090046D88CBEDC8D
21039,E6ABC26B27CCAE48
21040,5BCEEA12C94CE82D
21041,8E3A9C51DF66443F
21042,952ACA2EBF13F4B1
21043,C6CD12C575482BB2
21044,D1A9E04959173FFA
21045,4466BFC5C1B95E5D
21046,DB71A3F2ECADCE3E
21047,6965894CDAF6F04D
21048,FEB43414E6D4C100
21049,2CEE5258F69677EF
21050,E4A408F9EFCE82A0
21051,C0A4C5E13EE968F9
21052,863F32537A88028A
21053,11031C9FC43B83EB
21054,86A67250D8D6B1BB
21055,0074F54A33E333C5
21056,11BD6D76E04A355C
21057,6EE445E8634B6241
21058,1A5482FCC6A8FBAD
21059,03219FEFE51F09DB
21060,B13D98DE1F4AFEA8
21061,658FA790368E57C0
21062,EAA6EE875B72562F
21063,A5501BA054DAF500
21064,409B30850815FE39
21065,1F855801F24CA446
21066,9B242A25C2DCB011
21067,0646A56C44A4C2D8
21068,2DEC35E8536E23D5
21069,60B4122ABDC5843C
21070,B1FFA5D5EB517850
21071,D640691B409D8657
21072,CD455C3726938B49
21073,64D268ACAB1BE44C
21074,9EA36D537DFE1ADD
21075,21BBF834B329374E
21076,7F68136C27D9C236
21077,4419842D9AEE2E27
21078,B694F4311E59B272
21079,58DC6081123DF332
21080,3A7ACBAD5D52E84C
21081,37C4008656643C62
21082,4A20FF7FF203F53E
21083,372CFCCE0D40087C
21084,E38935AFF1DD1EA6
21085,3BC9BF025AEEF6E5
21086,AAF02282D588959C
21087,4E92583AC39C6BB3
21088,37BC1E0C611318EB
21089,C33A1CC3767F56CD
21090,1FE1C6255A6C27BB
21091,96CFF3AB3B8C472B
21092,AA0EB72D991D9F8F
21093,D48AEF3866922A96
21094,E81FFF8CA2B14320
21095,CE6A9E0074E242A3
21096,E1B24872B4110CC7
21097,7A760B36CA4FA21A
21098,51D1919A7AFBD6EA
21099,A5A62A0ACD48AE77
21100,553219B4DB22BABF
21101,53F5972BE4CEDF41
21102,30CFC82E0C35BE54
21103,D305587B826B7709
21104,57393B57CFF1AC18
21105,6409130849922E09
21106,9E1F156B8E8AC198
21107,E6725E5641725D8C
21108,598EAD2F70DC5642
21109,92E9E131D4D59CDC
21110,E38711D80F0EFBB8
21111,131410A7F077AA97
21112,B94231F7C621ED9A
21113,462FD1AF74CDF003
21114,85FA168FC4E0C028
21115,078033B4E6954C5E
21116,D58F0C57D151DFDC
21117,11445153C42F3F27
21118,3E407EDF5028B1A0
21119,2C8EF0F4C14F0527
21120,152C7B037FF42ED7
21121,1CDE41356E4F6599
21122,6793D40BB3293C60
21123,73011A2086105E2C
21124,1E92D18BDD98847B
21125,37A550C65E2B3276
21126,BCA267C0F09521A3
21127,6D237322F4A76FE6
21128,460D6FDC8BA09685
21129,35CFC1F0D4039BC7
21130,031E5ADA23D63922
21131,AFBF81FE25B2C851
21132,451DABA1C292B962
21133,79C9849E703D21EB
21134,B57A8E7E876490CF
21135,DC655DA756C50A19
21136,1880F589EF318C77
21137,7F8E06D48015A562
21138,4F9563D5EDAFCCE1
21139,C17F6AC9323019C5
21140,447E80888C53AA18
21141,E04AB54DDD2EA14D
21142,F031758DA559E865
21143,B1F01DA33224DD93
21144,D2B73BA6D807AC2B
21145,EE495C934863D997
21146,1BD50BF46249E617
21147,1C66D82352B50012
21148,421EA3A49D185AF0
21149,21570111AB18DD71
21150,84BDB92EDA3D9FDA
21151,B952109581777C30
21152,1F1A779EA1E05ED0
21153,04FEE51CDEC4125D
21154,4F0B4A151EAEA1D8
21155,E96E2C1020068718
21156,667CE80FC16ED807
21157,1BD885DDA7713A92
21158,00B5A606F721BBA8
21159,118FBDA4B41EE8B7
21160,5DC4F73B581ECD16
21161,10307095357E0FBB
21162,F7CF0019611E397E
21163,805F755ADCECDA7B
21164,C9A4768316AB39E5
21165,FD893C643471EFEC
21166,FAC431D01FAFB988
21167,4832BB8ED09AD025
21168,C909731C218F1D0A
21169,DA89E3A7F757BB96
21170,126E765E08A17F96
21171,09756FC2F47A081E
21172,99B04CFFCD9BF549
21173,85B86533C00DEF21
21174,D14AF460B2BE8CC6
21175,A3B25A60CD9FAFF7
21176,E819C0B878E0E796
21177,65C6F490549FE728
21178,4714771DC3144725
21179,54151815DBC6BF57
21180,0B314F432E9C3BB3
21181,373A46CF1E981A30
21182,40B5D85CF1A50E08
21183,4D45CCCB30AAF8D0
21184,2F4E005C543698E2
21185,D8516547B2B20EDE
21186,3388E566A5A9FC94
21187,21D0E90A5717C6A6
21188,E373D304BBB8F34A
21189,806E6DA87574CFD8
21190,70E5AF5FDE10C88D
21191,6FEFCAA14D1AF49A
21192,7B07EC6A24FC35EB
21193,58190153EF9CC820
21194,A5097F961535EFB7
21195,531C32C558A32DFA
21196,8757296EA5579A28
21197,00D0483C9C91C477
21198,F93C3A35A4CCCD6B
21199,546EDE652C2604F5
21200,1EE1A5C25969C9C6
21201,0328AE701514E09D
21202,8FDA6FB91C287E70
21203,DFC4582AEA9DFDF5
21204,E661011028EF256A
21205,6658CADF09044BF1
21206,6A16EAF6FFB17924
21207,D2C398EC3ABD6D6A
21208,50792B4D39E4E9DD
21209,8E5EB17D60AD2A8E
21210,6A7F384DD66F9F46
21211,213A2DB6C9E88FD9
21212,303A56EABFE086F0
21213,30015C46626CC1FE
21214,DF5E1731EC167603
21215,09CD3012B65B8770
21216,F6A68023DCF5C11F
21217,AF37B26A937A9570
21218,3B2A8C03DB2A78B2
21219,E33443F014674E43
21220,6A6B3801B8BEE64F
21221,867F0C4C2329A3F2
21222,A2009AC7E42FCD13
21223,487E8867F52687EA
21224,C170F2ABB38150D6
21225,CA8CEE04AEC2CE46
21226,E85FD62DE796BBA4
21227,654EAE9C96398EA7
21228,E0DD10F3AA7819EB
21229,E6C46B462C41E010
21230,A7F4A378A85752B0
21231,72D5F099F33E5AE0
21232,051F6597CAAD04C4
21233,89B09E26A79E0DC3
21234,4D34CD0F74F0FD86
21235,9BB65B25C07B7444
21236,48F005917F6DC286
21237,0D23C107D1433AC2
21238,5213CB51C3EF6B3F
21239,57B47CCDDE7982CA
21240,6B12832A1617A2D4
21241,6CA0631BD5D8D90E
21242,10385AE860ABBCB6
21243,1EDCFCBD4AC67EA8
21244,68A5FF9C246A7511
21245,C3153FC3F779EF07
21246,10FB5CC4CD4F15C3
21247,322185894F9B90BF
21248,F43AE3E35AE71195
21249,0745B4F189F32867
21250,08F55A457DECDFBC
21251,DB19A11DCE9E7793
21252,387E600C3B7C1131
21253,7414772C5A9F2FF0
21254,9D38A28B21C42941
21255,858070EE2A1E856E
21256,61EA72B2DA22570F
21257,51F7D6D3439E6D35
21258,D15A9AE9C71FBFA5
21259,A5B4446A1674092D
21260,14AF8A805C309E4E
21261,4D206E9CB722B66C
21262,53F03AC697F4B8CE
21263,72234C7D45B69F19
21264,8FEA497178F80200
21265,31DB12881A9D562B
21266,7494F3812559AE50
21267,4B237989BCA16585
21268,13A79AEAB7F52A2E
21269,05C5D5EF73B8B102
21270,60574907D98A53D7
21271,A0212127D27D860C
21272,99D9EE68EF3437A5
21273,07120663ED3E6F42
21274,509E989FFD050176
21275,9359CC0F807F65DB
21276,77F760DE1F947C7C
21277,B12F80F248A52899
21278,CDA795C8B519786C
21279,5B5EBF44790499E3
21280,4B036CE5979B3A25
21281,1A27E55FD44EC33E
21282,C37226A611A22D90
21283,57A2DDC17A1735B1
21284,EBCE9E489CE986A5
21285,C0CF599A2A17E11C
21286,4792746A9FF9641E
21287,73DCF64BA1EE1306
21288,F4EBDABA8633924E
21289,AED7EC571FCFAFA6
21290,9ACDB511A9D2EDD2
21291,D9669F3F5F33D430
21292,BF2E0BB54E24C1A7
21293,CEF8A88CCEDA741F
21294,383A26F145278CDF
21295,C0336D3BF2632E85
21296,BD4B98B8A7A1FD9C
21297,5B03EF59B4A3438C
21298,29DA3B900A56B1DC
21299,D5107D63B6344164
21300,057E97A35C6DED2C
21301,EBEFCCD584C4EEBF
21302,BADAEB2589B49776
21303,491FA5FAE76543E3
21304,F2B559D54193EF2E
21305,DB5CFCD110C98AA9
21306,3B4396F791663B8B
21307,E2C9C7890E48560A
21308,82D51F3E91EA6EE3
21309,B6DE486B43017A85
21310,6910F8423C1CC1E3
21311,1851CA9942EB5F79
21312,77E6C840842D4CC2
21313,EFDB7B7E92B93054
21314,493B1F3E77DB2F66
21315,058085E3A051D373
21316,EE086EAF28B9C292
21317,EECF853C3820A29E
21318,CFF91FEAE3F32177
21319,193AF4D014133348
21320,0451D8F0EEEAEDEA
21321,9F7FD0A30AFEA682
21322,96982F69FB6DB3D8
21323,45B8B8A16F327711
21324,970F15CE5AE0B160
21325,7BE30D8994E842BC
21326,89922486887B5045
21327,86C6D5B340EE243B
21328,BBC196E9FA8E6505
21329,5109D8C29C1037EB
21330,742F9157C95A38C4
21331,6759401475CDF6CB
21332,D8378314E4D144CB
21333,66760BD3C2001321
21334,27D4F48BF3443A40
21335,6C3F683AC664C28A
21336,345909535FF3EBEE
21337,14B30587677838CF
21338,0AE4421CFA3A26E6
21339,8EF416B5D10E4FEC
21340,3AF310024092FC15
21341,30E687D4CF6F68C4
21342,DF3AD6FF97BE3D67
21343,89E3901044DD7E9D
21344,177CF88074B24509
21345,5FBEC027636E885C
21346,AF613459278AEC3D
21347,5652E415AF19A325
21348,E309826F4106C3D7
21349,54A79A2DB54723FD
21350,E0365EF9F9682B5C
21351,9804D721D254018B
21352,659838BF75556C27
21353,A18BF546EAB51D37
21354,4CFDF9AF14C7DCB2
21355,C62B9DC5A088130B
21356,42BD0801AB2B64F5
21357,9151BD98096B997E
21358,C804FDD541981B08
21359,0F5C866818183B4B
21360,F619FD821EB23AF8
21361,3094867730A3C2D5
21362,2A717AC3CE7DB05C
21363,C18EC95057E09079
21364,EC0ABB7C2590B85D
21365,1A496FF7DD3EB6B7
21366,FBC6B9D461B57A72
21367,8BED6C3907BB9E47
21368,F8B334164B3749CD
21369,BEFB299B87BABB7F
21370,F16486A92B027F57
21371,C7C4A3FD9F348467
21372,54598414D99C6843
21373,0B007D5640D27B2D
21374,2EB877D0BD7DE496
21375,5896811B1320796D
21376,4B0CE75BA6B71354
21377,DA3F313E6415EEC3
21378,6F576C3986037E47
21379,2E69332AEFD6E646
21380,7AAFEE5AA6A5F7FF
21381,4FC8E97D1066A341
21382,86061D75F55A34A2
21383,8DD1B70C5EE7D2E1
21384,D615B7AFD7C5ABB6
21385,E6C7295F22B33384
21386,AE683297F18249BA
21387,F8B1CFD02EA1C29F
21388,997C7D2231C0C802
21389,78DD108BF31448CD
21390,94C0BD9104EAC802
21391,E6372912F67F944C
21392,F79E2BC296AB8B84
21393,4CB299E8B1B022CD
21394,1E1F6D12B3F1AD0A
21395,FFBB581AA73FA84B
21396,D9A455F000115CEF
21397,733C08D4A887F0DA
21398,592148985410AA82
21399,D12A1DD3B78003C9
21400,D37D4B289DA60BD2
21401,5C09526396EB7C08
21402,C841275235CC1913
21403,A4AB52EE02CCABF4
21404,7480FDC96151D4BB
21405,94D1DF916A14C95D
21406,5489647B88DCF3F5
21407,6994F94F4A406CB1
21408,3C266AABEC49AED5
21409,7055966A1793D377
21410,B96760859F51D52D
21411,4556B7ADB4EB12C3
21412,D9BD6543325BB574
21413,8A1340AC7D40D5CC
21414,4D35B867D1B31AD5
21415,868C73D5C9BFF45D
21416,9C8AB3422EBB14B3
21417,380D424C06EA9769
21418,530A183CE1A1EBF5
21419,C8EA3E9B0711AB5D
21420,5799E5F41ACE79A3
21421,C1A5B7D39DAF6D52
21422,9EF83EF1B68056D2
21423,F10D90652F582617
21424,7DD5595D0F28E3F5
21425,30878728252C6D86
21426,1431CE6CD1DA4815
21427,1409B7A74370C6B2
21428,5D4B3774FED4A996
21429,ED675E483090C1D6
21430,3A05894A3CA17DA7
21431,000113B2666EDBC4
21432,6461905C2363E451
21433,451D0DF7F2A241CA
21434,55C1FC99A2C1F243
21435,86B169AD00DDEC9C
21436,A2C6FC6744C957F9
21437,3C6DC103AEFC31DA
21438,2D7188EF553B5E95
21439,FA656E65B5E8861C
21440,17096080B5625268
21441,EBF51ABC2BB89D26
21442,FF50717E19E02D45
21443,26FBBCA9AAD0A140
21444,F5AB1C05D279D820
21445,51DED6B1C89B6732
21446,CEF65921E8460092
21447,2F480223CD184609
21448,182003509D70E7E1
21449,34EE18122347507D
21450,FD2885AF49710FF7
21451,9FB020B7EDA64780
21452,5742F5CBC11C4D94
21453,D21A9B6BD7A54289
21454,8C73889264971090
21455,414B1C95184E10DA
21456,0CDB4CF956ED9688
21457,1E01716DE61C1AC5
21458,661D24FBFC21B89F
21459,C42FD86CD1503CD3
21460,93852C6344D90FD0
21461,B14D4994F9FED050
21462,273C7AB62758DCA8
21463,38AF12F00B6E0817
21464,86C124EBAD794618
21465,E99B7EBD89ADC482
21466,070A841D4E0283E3
21467,EA12C0982F36FD2D
21468,7F85300901648BB7
21469,82D69BF2C550A9D5
21470,D51A7FCD566F5E98
21471,0C0B7DE5F714639B
21472,C291671C1D506ABE
21473,C30B3BC2B6149B63
21474,54175D5DBE9C2999
21475,16F2EB74F0B7457C
21476,FC3793BCAD839DB9
21477,6CCA4F9C3D44127E
21478,400181F3675C18BE
21479,F477D3A358D2EE74
21480,3EA183A3617A8B53
21481,B544E29D09167273
21482,1567C31FB7D61336
21483,16838A957C8A3E0A
21484,73D71496F5094C9F
21485,93A4709F9BCFDB84
21486,7F468C45FA35243B
21487,FE5BAEB12D22B516
21488,58E4F6B383B94353
21489,CDCA1471E8C6FCB6
21490,FF35A9B84978BC0C
21491,CC14C0CB8687F94F
21492,A1FE5C25F5582663
21493,C7FE32FFA85A4039
21494,B7466193071083FE
21495,AF151132A8227D15
21496,8C89AB365962AFF0
21497,C6925806A5A803E1
21498,2EE8426B52C631CA
21499,2D7F3225DD023568
21500,DDAA8A7FD80817AA
21501,FCE9D57ACA366105
21502,30279A6BB42892A6
21503,B7E8AC880312F11B
21504,7DC3C0429ADD0CBD
21505,658EF0621462E9ED
21506,7A58DA532F2C941C
21507,164855D2BE52472C
21508,873ACE3A003884CC
21509,9867488A83DE8305
21510,4191C292EE3867A2
21511,DE61B9004621AFA0
21512,0629B163E1AB3E8C
21513,7D4A133971A59113
21514,228B1BDE4C02690D
21515,6BB0FC8DE3D348AC
21516,87F10DB4E3B81626
21517,A560D51B3C4F2A85
21518,8C41C74C61128D6D
21519,595249BBD31025D8
21520,54D3BEC7714A92D1
21521,2306451722DED036
21522,E2741ECB6EEDCAAD
21523,578D2C26915B8742
21524,D0FB644CA357A12D
21525,D8ADF3540E5691A0
21526,0D927D6EEB7F1930
21527,0AC41AFD0EDCF869
21528,B22512278027ADA6
21529,F36B774523B56AD6
21530,6BAFF62DD2B32A53
21531,8886B1945E9CF1A9
21532,0317B4E3BA6B7FF3
21533,7AEE2E68D813C369
21534,3759810B1349A92A
21535,2B4E3510BA115F2B
21536,897D0C52CE6CC7AA
21537,F2134C1B3558971B
21538,8B881053A6A825B3
21539,5A18545F67530F3B
21540,4E9D47F90FA644FF
21541,0C1E656361E1CE37
21542,3D3F3009C026F020
21543,258FFBD0541C75CD
21544,0A2BB5CB306DA525
21545,BE409A57559084EF
21546,150E781157BB0ED8
21547,035AE9F3614769F2
21548,957C9B4B51256CD7
21549,F7C0F2027B4B4A29
21550,5D0673271F2B9035
21551,44700588498530E8
21552,A93A32DF76DC0B4D
21553,E91FD7E38D32F868
21554,3657F51CD9138E5D
21555,A76C3D8D9F9AAE14
21556,72C6B75891674CE1
21557,16A9A9F2AA8255EC
21558,2A4F3FCC1012732E
21559,3ADBF8C2453FBA06
21560,47FCEDCECC0AA4F8
21561,715E5BBF9AF01873
21562,1EE2A4E4DD17DBB1
21563,EBBEC76D944BE737
21564,54DDC7C0B5892A1A
21565,E1623DB025BB1426
21566,237398F507E2B371
21567,0399E2CA7371E8C8
21568,ED16C9DEFDD52BFA
21569,3B2E10C4B32A62FD
21570,7A38B7880A842D9E
21571,048A497463E7400A
21572,2A82D51F57158515
21573,4D9D72A804A56B2E
21574,A34ED6434C927B43
21575,A47A91A5188BC7D2
21576,706958A4DB2C94B9
21577,3D2A2A165033C319
21578,73A38AA0678DFBB4
21579,06172F933CAD1D3E
21580,CCD89AC392A29EDF
21581,5054B67A5E664963
21582,89D3D041A4333E2B
21583,4BB9F4A6A710EE02
21584,26E86F8321157861
21585,B9005A5544F699CE
21586,F89A5A05D93DC53A
21587,4EFBEED2A713D91F
21588,4A331CF06D4D0870
21589,23C240715EC65CE8
21590,BDB7A882291AC12F
21591,3C39CA1A8B2CFDC5
21592,C97B68D2E1A6E22C
21593,EDA0AF22ED63CF00
21594,661C24CC024096F3
21595,DD0EEC3A744361E5
21596,063A29CDBBD8C944
21597,92204FF63B516346
21598,E069CA2976435C53
21599,6B7070A5858A3273
21600,42A091E159794858
21601,2567B1201B0BD059
21602,6BC7ED15064071C4
21603,C7F7C1D880B78E43
21604,7802C525A0F7D486
21605,167B7489FD34D000
21606,F1EE07E6FFFD78FB
21607,F2A906B1B4872FD2
21608,9E1D6F69F82DF411
21609,86268F1B844FC269
21610,196EC8FD1901F2AD
21611,36465F4C165008BF
21612,166B96FDE232A1EF
21613,648F4F8A139C268D
21614,F6E8C9203BCCF561
21615,0E4B82BCFEA093D0
21616,577697A43133A6DD
21617,4C5A5B5A9B8D53C7
21618,2A185279D71E373F
21619,73D781B2CEF3D99B
21620,07D1555588FD683A
21621,8F6E37E17FDF4A47
21622,1F1B44FA7BA7FFF0
21623,16010F123EA2C637
21624,B73DC0E6AE33BB65
21625,41AE8CE2244CC4A4
21626,543F11785B17E813
21627,CB192E57EFD84689
21628,9E18D8BE4F8F3FC5
21629,5771DFF78B00F016
21630,B620415A8091423A
21631,DEB36F923B4CCD00
21632,D861DBC121EC249C
21633,5FC799BB48262A30
21634,CB50BF5F5F22BFB0
21635,FF363C30E646253C
21636,886C9B28873A193E
21637,2F6B5A9830956AFD
21638,41696D7BEF668DDC
21639,65A3A9DE70353B0A
21640,753737B5B9D475E7
21641,59C842926A95D69A
21642,8873E1F270870E61
21643,0AF362FD523B9422
21644,6D0702FC2377CDA4
21645,ED92BA73DFEC52DE
21646,9F1DF311F56E7C0F
21647,6458F3DCBB09E2AC
21648,88F813AEDECB8DF4
21649,4AB8131B8172878F
21650,A3644DBC0FE5E173
21651,F43649B61FFA3F1B
21652,A3A62D2C025ECFC8
21653,71BFC5E751145481
21654,94A550DA864538DB
21655,13690A291BA3EDBD
21656,BF6201BFBF1B0C77
21657,9EE390C8ED546016
21658,DF424B77A11A798D
21659,F9D867D75E1B4CCE
21660,A8501F33F695317C
21661,0F8411B2CC43B7C5
21662,D93E9B20F54F1B5A
21663,AB3B734A8179BE49
21664,DDCC768D2935280B
21665,FBEC31BB517DC056
21666,0EBC7249FEECD2EA
21667,E3A5F7DFCD379E57
21668,A94B47883232B697
21669,EEE16D3AC9BBF3D3
21670,659434AE7CADD0F3
21671,F4C728EC13494B94
21672,1DB2BC28B6FB496A
21673,450C3050DB92F7E5
21674,EA0DFCF44E163A66
21675,69777E9B61EB2801
21676,6BB08CEFD2B85040
21677,1ECFE21599FD7324
21678,9F0E04760F46BEA0
21679,014B1940CBA5EC17
21680,8F56FFB915B473CD
21681,9A705B4E5ABD6D2A
21682,A8A6A6FD2BDD93E7
21683,78840AEC96869DFD
21684,5C1569FB6A2D88FB
21685,EACE2278C325004C
21686,671B2D63C51D546C
21687,0D7DEEEF82F22758
21688,C8E34CFCA79A443B
21689,450BD2A48204D458
21690,0425320E6B0C5DEF
21691,8F41BAB8815BA744
21692,F271C678E4C4AB01
21693,2137F31D6A71E6BE
21694,A44467619C02D4AA
21695,5BB4AE50CFAC14B0
21696,93316AEFBD822793
21697,52B71351F4A07F0C
21698,B5F2A39158B649B8
21699,E2820CED17BE4D18
21700,728CE4322B3368E2
21701,448A1A91BFAF7308
21702,536F12D2986E5F42
21703,AC2DDFFE7908D63B
21704,B074FB6745BBABF1
21705,EEB71ABF5FA6D700
21706,E168732E6CB25D7A
21707,F1D7C27D5BA51C55
21708,AA945411A729E5B3
21709,A76FDA8C49AE295F
21710,1A4A8592D18F5482
21711,D8468ECD858DBC85
21712,E196A62DBDBB8BD3
21713,16930642ADFF0A55
21714,536872B61209F20A
21715,5F72119BB1F06E35
21716,A30BB1EA9C7FBA5E
21717,1669CA473FEAFB96
21718,0C9125566E9F4B00
21719,58204B5188EB2A66
21720,0E33689FB562A5A7
21721,58E82CC62217B54A
21722,08A72D5161DBD70F
21723,65A8AFFB613A843D
21724,4DAF49E2A519C69B
21725,F346F6453C6AAD23
21726,DBA6564C7D63E442
21727,35394522E05BDD23
21728,3A803CD09CC5BFED
21729,81F0ECA82ABDB992
21730,37BE53BBAF5F424A
21731,0D4039E0FA7E577B
21732,DD90BFCBE5D9FAA3
21733,96C9BEEE3267F209
21734,5876ADDD47A2A074
21735,D23EE4AA9F37D64B
21736,0CA633F13AD27CCE
21737,D6E1BF8838B97DE5
21738,C0E3BAE3E23E4D1F
21739,925752F172D27A98
21740,E58B98A3F7782F96
21741,4070011923815F81
21742,90A6AC666A687532
21743,E22BD8E188B6EE73
21744,D075AB02B25855CB
21745,537D27F8E4888710
21746,DD13D3E4DCC54806
21747,1254A659DBA3AB1B
21748,48EF553A3D2DE1DC
21749,2E8AE04872F2E635
21750,72552CFEDD419A1B
21751,A6AEFBA23E440578
21752,A363A2A9C2C7FF37
21753,034D913CE215F661
21754,C1DEC18581FE1C2F
21755,566250C928DCB880
21756,92B6CF6CFE6767D0
21757,21FC5CD2FB94DF9E
21758,2DEE87CEE9D86A91
21759,D4274A3A476D345A
21760,BB77506572CA5D6D
21761,0A077AB891D4F35A
21762,5F064090A21CE548
21763,C6F53534EA547DB7
21764,A128B22ABB4467DC
21765,78692B7A4B6C02FC
21766,F0750B405143F3FF
21767,8E127E4116E7280C
21768,4AFEA1728246AE6A
21769,AAD5296C6D58D49B
21770,237EA7765F21043D
21771,9F403CACE61B9B6C
21772,8019CB492FB8CAE5
21773,CA82B6F3EAFA746A
21774,E68F1B6545BF3DF0
21775,B3AB6932E7543A1B
21776,FAD045777D477079
21777,196095622F2A3807
21778,A8EB59C591A63420
21779,BE0784264D9660D5
21780,62F523AC57B1F934
21781,383E6E3A93409477
21782,AAFD89551FF39AA5
21783,9A9AC6F581C584E2
21784,4DF3FD25A329C720
21785,A262830CBB7F8D2B
21786,B10FCBA9270826B2
21787,822AB7394AC564AB
21788,D774B9059E895971
21789,1EC08B3CBC762EC4
21790,24FE5A3D129C0101
21791,3750869233FE7405
21792,F4EF01EA70793363
21793,EFDC2D2211343EF3
21794,886D30EB94676D35
21795,90514865B04E17EC
21796,9D383A2A28037C58
21797,6470C822B3ECE35B
21798,F9A219EC0981ED72
21799,EC8C6CC3AB823A20
21800,08EF6158D71624A9
21801,5E9C2D5D196D09F6
21802,AD2F0B5CC3D438B3
21803,E5DAE5E57A6EF637
21804,9F9F3D87BA54E2A3
21805,22FBD12DEEB931FE
21806,19E5C3FEEE4CD020
21807,129913E5123E1B73
21808,AFCF1E869075C42C
21809,C9A804E0CEA24BA3
21810,6340D12F8ABFA206
21811,00E15192FEB69B45
21812,606865CC2B0C84C6
21813,49219CFEC32EEA56
21814,137137774F5DC96A
21815,AA1D906F451F0FAE
21816,6B21C150AF900409
21817,4B106B1C0141131A
21818,317AB8D1AE7B2D01
21819,397B77F7F42142AA
21820,CF722C41CF5C9F64
21821,1699543F50B229B5
21822,AFA15CE624B045BE
21823,1B58997CED5C5BFD
21824,D0C30040F0BBAD1C
21825,090EBD17FD196E88
21826,E2CFFB9FAE601578
21827,C2916D05F3E1072E
21828,3CC879E158BC5473
21829,7C9020A2A232DF0D
21830,48A004AB644891D6
21831,76CDDAAA773AD657
21832,03B649BA9A5D2D9A
21833,2DEC089E95AE6A2A
21834,8B40A3F05336C38D
21835,E69206C898347FF0
21836,F2EB0B18B718DA39
21837,0461C7742AD81C91
21838,62857B45BA5DA280
21839,578EFCC6D6C73374
21840,0F92C7268A686166
21841,5EDD3B2A4518FB60
21842,7A18600F3159602A
21843,709AD993496545F3
21844,0269DD45AD782DD4
21845,FDD5FF94CBFD9477
21846,3841577562535F43
21847,7DCEA4883BBD465A
21848,24821583926E9D5A
21849,30B9D3C15DE1143B
21850,4387373D3439E04A
21851,9BA85A950BFD4F29
21852,F81469B890C6AEE8
21853,118A6A950D157C97
21854,755DF75DC26B70FA
21855,FA835E5BF4852B66
21856,B8221E61EF9F1BAF
21857,0706A068ECC83E92
21858,7B45E8E1A8E4A933
21859,C980F374BD5C1487
21860,4E7BDCAC4CA61E61
21861,48FB7411CAE899F0
21862,65C9111450AA7DAD
21863,3039FF81F4762956
21864,1A08E6FEB3970280
21865,6F8C660DD6E1A91D
21866,6D9C3CC669F62721
21867,384D9E5496E1D3E7
21868,5DBCC3F54CC74D83
21869,6A55FAAFA1106DF0
21870,F1E0982F8C73DE65
21871,7D0AB4166E44F82C
21872,28C95593EB283B72
21873,03FC93AA3C0FFBC9
21874,C11BEDD516E7EDA3
21875,04D7E5D1B6B86A52
21876,09D39FC9B0E5119F
21877,CCFDFD91C3F105D4
21878,ED16ED1BF4BFBC80
21879,861E6120CFB4C0AE
21880,9A80E6697ADF8661
21881,DB4F202CAA8ED5CE
21882,63E3E779EEBE9816
21883,B1F35459848D11B4
21884,738051D02C013651
21885,2558DAF660180E8C
21886,E3A0F1B41374A2F1
21887,5B01C6B7C6522FA2
21888,79C6BA476362BBC2
21889,458CA0F52090B3F0
21890,F76B0CDACD54E7E8
21891,BCB538AFDC7FC447
21892,6C0B8C37B6205DC1
21893,D776CB1DC79DBCE1
21894,A3D8F1B47105968E
21895,F29F7565D532BE76
21896,D0894938FD575604
21897,DF384BFD509A358C
21898,EEDD0787F0DC7775
21899,0520C2F7677497F4
21900,F72779DFCF1C6CB5
21901,027078AB813B8516
21902,A25F104533F7493C
21903,0E3383B5208F1DCB
21904,2328DFC89001F7AE
21905,56125B3315BB9D89
21906,3AD54F123AE0A60E
21907,87E31D6B45806641
21908,1424D28C7CF48377
21909,60E4BFB74E30AB65
21910,83740F7D3229A737
21911,2233BA6425683DEA
21912,9FBCF7CD5A1F664A
21913,D74644A430547629
21914,B43FDFA90495A7EB
21915,753DE341E9D2591B
21916,AF0C650C05A27BB2
21917,256A3B894D956494
21918,D3FBD9ED87B3E4AD
21919,DE78647A797BDE27
21920,EE7642ADD3599661
21921,56E40C0FF336514C
21922,9E84216DA7D8FFBE
21923,EA6C2EDDC143BF7F
21924,B7655BE6082F3EBB
21925,D1E85ADE57064A0E
21926,48DAEC85D131027D
21927,473ABFDBADB0472E
21928,3D096D768BE9A73A
21929,DACA529CDE809B8C
21930,F541A24BBE55DD59
21931,87967EB127CC442C
21932,56B3317AC561AD72
21933,F88A918DDB166A78
21934,2E320872A6741420
21935,95DA7849F19DDDFA
21936,DE4E05EAE998F69F
21937,CE497A9361F6000E
21938,3461F287615CB413
21939,7542407DD33C25DE
21940,4A773CF95C55052C
21941,CD60102003556056
21942,4A415EFB02309859
21943,393C4F5BCFB0A37A
21944,FA075B9640CF9DCC
21945,585B40E6B75E4F44
21946,9B39C192CB45913E
21947,DAA8021FED64CA9E
21948,63EF08BD40DE3F24
21949,A880ED4BB2E0DA1C
21950,EE7A43CB609DA7C4
21951,9BD2A4B0A87CECE3
21952,51DBDB8573A6CB7D
21953,971844B6873B683B
21954,71F305D4B46BCD70
21955,E3FAA08BAD80C613
21956,3E0B65FD0DC954AD
21957,E91BF3EEA136C07D
21958,E4471AA8ED0044C7
21959,E78DEFDBA008DD3B
21960,157B5185663AD8BB
21961,259D54751BFE0A71
21962,2381A21726DB68F1
21963,5B450461281507ED
21964,31600BC64EC2D06F
21965,BB3344665C9B4473
21966,790FF850F5B88699
21967,361267D4EF8D41BA
21968,E66DE1832989006E
21969,26C5DE3215C91242
21970,C6F35A7CCEF20EDC
21971,7B6C2CA05A956317
21972,B72577C752FC005D
21973,52D5D8C11937BE01
21974,60DB55581FB928B3
21975,2730105C44F2A864
21976,401226E1088F6325
21977,62EC09EBF9C25D0D
21978,92AA4B4016ED436A
21979,E3146D31CD7811EB
21980,E1C47102758A674C
21981,01EA25E0F276FB3E
21982,68953DCB4240A7CE
21983,6E07F2CDBFB0786D
21984,2B38C1EA580A5120
21985,BD6A2E1949A42A4A
21986,F91DF608D59B7E24
21987,6B436704EE4871B5
21988,12DBB63CAAED2126
21989,E86CB3A73E6107B1
21990,4C3FF051DB9FFDFD
21991,B63BECFBF2151B47
21992,815F8E7B1F806D7E
21993,AA2AF221899446E8
21994,5BD6040C6E107D75
21995,23DB0D62BAACF58D
21996,B73F457A63C71551
21997,2C5AA19E6A842FA9
21998,CF2BFA7AE6A00D20
21999,7DED9FB99F916D99
22000,616068644AD702C1
22001,0416E4E08D130E88
22002,A90D599087473D11
22003,94FC91F954614358
22004,386FD68FC8D3D147
22005,BF5A5B483D53361B
22006,B8961ED189A01093
22007,522B90DD71ED5183
22008,149012B1B7025BA8
22009,ABBAF6A0AF21C62D
22010,FD5FE151EED09D55
22011,CEFF65157528D0FA
22012,1807773C5EF1F727
22013,1FEB12294BBF9E47
22014,8BAE6D899216BA77
22015,9FE90C5AE2A6EB1C
22016,13301FA399C39CA7
22017,C1BE2BE62F65FF88
22018,A73B6A6DEA1F28F6
22019,CEB95730358F5A69
22020,C518771C575AED88
22021,93331DFF4423759D
22022,CEA2375C0F7FD74C
22023,AA877E08AD99085C
22024,DB57D9129526C815
22025,FA83FDCC3444786F
22026,603D600851D564DB
22027,9034BE5D93A77E5C
22028,FAA9237A5C59C30B
22029,E4E155D8FD7C57C4
22030,384F1D6C9FCDCC66
22031,451AFBFF8735C8DA
22032,D667D0C4C31D1CFC
22033,0BF6706B8C3BC15C
22034,250E2DAAC2E42C0D
22035,E25F5AA177E58D41
22036,39EBFAE5002F9118
22037,9136009C9F13A2D4
22038,BDBF5466EEEF720E
22039,1262531A297A9D63
22040,182CC3A5432D5B52
22041,9667301953148611
22042,D373391C59E61D86
22043,B0C3CF8224D80492
22044,AA0F3ED20D5ED008
22045,A0FD5F8696ACD696
22046,84A09B3712D87EC0
22047,C5B689DBB80DB6FA
22048,7A5FD961EF332A3A
22049,A8185F753D57DEB1
22050,6B58523CDAE92890
22051,D623AF25812A47AC
22052,5865BEB11A07EDBD
22053,DA310AB6E9FE61CB
22054,35194587DD669EFA
22055,E06DAFA2D6031C93
22056,239FDB9A95F73CAE
22057,49FF498C2E4812B4
22058,5B59EF24999EBE5C
22059,A6345CF420745C04
22060,115B2CE3F5581C3F
22061,45391A0453EBC558
22062,2C23686F38A99DB8
22063,3B1A2F5C6D7E4485
22064,967D102260138F07
22065,E95DCC0B982C104B
22066,85C108CD57D266E8
22067,81366B4E19B40CA8
22068,54617A125C065038
22069,DAC69DC95A5E1590
22070,EB57CC4620D1F491
22071,160C98D51ECF37D2
22072,A8EFC849785205B9
22073,59AB126A8197019C
22074,AE53800D7236AC52
22075,57B1598CC41BDE40
22076,FEE337900596179A
22077,AD2CB6CCAB1CFB90
22078,4E0EAE6C5997F5F4
22079,9367D590E9A332F4
22080,7E7CC2B011E50465
22081,A4E40E12A454A27D
22082,CC2BE7E889B4BE92
22083,E2688C940A6E4A09
22084,B80065D26CE85245
22085,32DE5B2FDD626F87
22086,3710DE18CC365AF6
22087,584C906ECC1ED303
22088,83D55C22D8E82E2D
22089,9D572EE7234D0321
22090,FC0F9CE0779E3F2B
22091,17CCBC9FE85ACD3B
22092,5221EFF33CAB632B
22093,1FEEE8682DA30574
22094,2AAEFD2B012DE048
22095,9B824902311CFCD9
22096,C5AF480E96EFCF1E
22097,536F8F760AFB3729
22098,799DB9508C4F7028
22099,6A9D5F832122DFE3
22100,93EBC351C778474F
22101,E96F52F320FFE743
22102,99E19002084E5392
22103,7E439916E9E3C290
22104,EA441F96AF22277B
22105,770C8F14F7D2676F
22106,A9F88E8D209D5D11
22107,CCFB0AF950D917B7
22108,56443CDA4AE43B57
22109,46757CC3A674BA52
22110,E84E3767C19E8EAE
22111,E429B293651266CD
22112,92DCCA81988C0A17
22113,5038CEFAE78F2B17
22114,A0055D80E4A7865D
22115,6EEC2618E4A3D597
22116,09A0B0B46A375819
22117,508045ED807CE650
22118,35FA8B124A76A2CE
22119,51C3FA397412F7E2
22120,732A9A918D027C5E
22121,90D004AB37945A65
22122,88850903A0102489
22123,D01FF9504B040CBE
22124,51AE3D420D45D52B
22125,A1A9234F70451744
22126,7F9F375000E11AE0
22127,2A9597B58178285E
22128,71A0C9A2CC3ED250
22129,5BFD781E10AA93B6
22130,24A7118D530D5B30
22131,28DF8F507BFBAD96
22132,A2750AB68AB9F3B9
22133,0212D756F421941C
22134,C1CF73D5334200B4
22135,E0A6FC10CFDE7B6B
22136,A1C30BDA9FE0F251
22137,2BEA23BE61989152
22138,06BD2CCDAD4183C3
22139,C820BCCFDE870079
22140,A232737BF585DE5A
22141,0725D860B498C3AD
22142,144C20BD09B4F69E
22143,73D8BBCD04ABF4CF
22144,767951D613E66C0F
22145,F0C47EA868591313
22146,CBE9D72A0BBA528A
22147,FACCD2351B9DB871
22148,920D0E0A0BDB26AA
22149,E9BB1C7073C3D798
22150,5FB5EC694AA23D65
22151,C8897340932FC78A
22152,49A056BBC3BE7C94
22153,33F1BCEB7F5E8BB7
22154,077054EBB77DB47D
22155,24272A788D03E3ED
22156,22CC9284F4D1C351
22157,EBC9D6E8DC93FEDD
22158,27AD73CD21D94CA2
22159,7160C5F4090A9DE9
22160,3B1241928D0F354F
22161,0B2DED0CE5DA3023
22162,87EAFFF96AC118D7
22163,CC8CC48E5A14ED69
22164,D2F4A75FA5D77AFE
22165,37CA13432A4822BB
22166,263DAE0B69BEEF9C
22167,0EC4F5C528AFC600
22168,E09AAB6D0E2C7A3F
22169,1C376D91898B15F2
22170,07480785053BEE65
22171,EA577E59546D681B
22172,A4C899C5761F3F93
22173,E0EBF7AE01255A1E
22174,BE2818CBE3B10271
22175,3E2594B8C7421A1A
22176,4BC64109504649DF
22177,EFC6CBBC06D3C635
22178,F27C026C6E807EAE
22179,9E584A6F4ACDFAAB
22180,61994AC59A8BEE7C
22181,8A021E19F799D922
22182,F40AD0948F3BC77D
22183,F7BC1E92F2ED9AA9
22184,A5DA7BAE47C4965A
22185,335437CA310B8816
22186,6EA16C941E998D8C
22187,49FCF15FA88CF6DC
22188,98FFE8D20CE5638D
22189,2D780E5DAC111E34
22190,A364DDA894506302
22191,A54D32348B3D5A03
22192,F4458E9C0FAE2923
22193,6E476CDCD9C37052
22194,5C7EF3A36C55E46A
22195,4F618EE7FF1FECB5
22196,48F96FB22FE1956C
22197,7772C6387AD67A72
22198,B3C84B2B0B065904
22199,819A6EDB9083E43B
22200,CC3DA3526C13EB08
22201,1E1C7ED71CF453E0
22202,8F9E6A88831DD6B5
22203,A8031D413677FD25
22204,AAC259ABA12C2F93
22205,F6081EED441625F2
22206,AA87F8B1410E4FA0
22207,90EDAFF687B688C6
22208,56306198BD9D6F2E
22209,B7DD94FF3CC49EE2
22210,4EEABCE4277B60E9
22211,252C90827B211F29
22212,FE11EC19190C06FE
22213,766F576BB7A9D938
22214,DB0AE23C1D30D9C7
22215,AB9768F27082C0E1
22216,57844F1F504D6D91
22217,A8C468430CBEE7C3
22218,AB18B5C7A5EC302B
22219,50873851F3EB740B
22220,FDE7B774C1988A10
22221,F9B77363FB758FBE
22222,8802A55922FCE7C4
22223,E61722391AAFC407
22224,68161E2A81F08BD0
22225,B3916C8330ACDA6F
22226,0580747E3B557C29
22227,F945634A91395749
22228,CC6FE235953FC618
22229,BC918A3EA56AB9EC
22230,0C3C79B1F3E79E49
22231,6FBA783F82B9879B
22232,DA21B688F6B7F521
22233,32322D9A2004140F
22234,E6F06B992ADB4BF5
22235,466927705BAB3D51
22236,E3DEC47B00C5EA51
22237,823386722647107B
22238,D2A7CE8ED275F134
22239,0BAC0C53F2737EF9
22240,68FFFD35A74EC4A6
22241,EFA47A543B6F4788
22242,F79048A33B74EFF9
22243,2F0DF24E43129A80
22244,FFE36DED53A10B59
22245,D0C212C008B4CC42
22246,28B12C97DC9F513E
22247,D22874F723632827
22248,D6C8870487270FE9
22249,A11D4A7300977E8E
22250,97459F579AD9CEC6
22251,8189120D68C6E755
22252,AAD91796CE1C0D27
22253,A704701C3AAA80D1
22254,60FB1EB6EA64943E
22255,C0E22F9A56E173CB
22256,262E33795E13FE18
22257,81A5615CEBF1FEA8
22258,ECD22D6199C0D751
22259,B3437AE4BD5FD6A7
22260,396C0F37CFCCB992
22261,D868B0CCD96FC608
22262,BB5D5355C778DD52
22263,CB9D5B4EE05054D8
22264,19349FDDD1106F32
22265,6965C6B14094C260
22266,B140304F31B102B2
22267,EB390CCD6030E308
22268,36E04795B3BC3D47
22269,A0E347693F542324
22270,18CC33E72366C1D8
22271,48EBB3202CFE0179
22272,465701AE36BBD26B
22273,5854FD97132FDA71
22274,AFFA60DEDF9524CA
22275,A61F696DF747E3D2
22276,F9BF060EFC8A77AB
22277,FA43219CD624EFAD
22278,EEDC8B52CADC64AF
22279,B9392466D5FB17C4
22280,491AE32F8A8EE90E
22281,B2DB9083CFCD3CE7
22282,7417882B72C3DDC9
22283,73DF63BB27D2CEF4
22284,232FBAC89B64B66B
22285,96E2EA9D976037FE
22286,D7F5985BB2010BCB
22287,F2CB58365431FFF2
22288,C58A81F9BE51269B
22289,29008FCD5EB1E05B
22290,ECA182FBAF4B6DF1
22291,B64638DB20055EB2
22292,84D26530C9685F5B
22293,5EF8B69E29CF4215
22294,97FECEDD3D5E43F0
22295,64432B68B926352E
22296,F2326F981B5DD405
22297,49F77274A0B7D9A7
22298,49807DA41E4DAADD
22299,4B6C4CD6A68ED975
22300,0D2DC2C5E054C173
22301,E6A7A013A2305A71
22302,279528855C457879
22303,1EB34192D2A09B08
22304,192B9C6CE7E202FE
22305,50066D7789A3264B
22306,BA55AD209D209643
22307,D15AEDF8F6E3539A
22308,116D1589625A7EEF
22309,3216C009836F76D7
22310,0708AEE9E55E3504
22311,8C2CCA5234BAF6D0
22312,833208B91284ABB0
22313,BB028FD5DA964432
22314,05C3EB46565DB13F
22315,94437EBCE99E54A2
22316,ABBA556C3917E91D
22317,D7CBD40914F5AC4D
22318,E37C4B6445C53CD4
22319,3FE86B8D1920A49F
22320,F7089F79155D15D0
22321,7CB7BD664DA9FBEF
22322,4FD63CB75D00E411
22323,EFD1981F512B360D
22324,728F1BAFFD25384B
22325,2C194773C2674AB1
22326,5FE78C6B1115C595
22327,90738234D02BBC69
22328,964035D988F4E74A
22329,2C6DBA943DD3DCE1
22330,BB8B93763A240022
22331,629B226E08AE0CDA
22332,C32F77C1910CF07E
22333,6E783A4FA59A4829
22334,0EB39BDACA7787E1
22335,E157FF5C2EBCAFF4
22336,60B2FA234019FAA7
22337,B08AE3F21780E431
22338,43899113E66F7D72
22339,78E4DE915E28B308
22340,E88C97A552392277
22341,84B0269F951F17B5
22342,CC4E542A1014CCFE
22343,F0EFF388BD64FD69
22344,529D618D82690917
22345,E67A5A7C2819201C
22346,91D71AFC4D108225
22347,4B51CD056C735314
22348,5A6635F27F288E6C
22349,63C32B2D160A3F20
22350,8952AA624A009D04
22351,E236456E4C34EF58
22352,9B83535C893B3CD0
22353,9F6688666EE0E234
22354,93D5D52CD28640A5
22355,D6F944275CC20FB5
22356,15FD45CB16CAC361
22357,3351A980F250B908
22358,401FA99321DE6ABE
22359,2B63CEE9696E65B2
22360,A5740F243AAB483B
22361,B1493EE72E4D91E1
22362,93158EE21CE6ED0B
22363,BE3ED3EE1A54DC1B
22364,44EDA7DE619BF823
22365,9F60B98C59785786
22366,DAB90F3CB7A60586
22367,00CAB47638BEFF3A
22368,C82406497643CFA0
22369,276C4CBA5A80F391
22370,D1A0E9B74BE9F4B5
22371,CE30583BE719A0F8
22372,B9B2C3D1D8F19252
22373,EF28ADF5565F326F
22374,1B1B3D082C864264
22375,412611D4205B2E69
22376,F92C78D345A4A496
22377,DC8B12F294F6A5DB
22378,B6656DA291A832D5
22379,E23961CDF1C9FA66
22380,82D4F8C2449A7F46
22381,F0ACB4506218C202
22382,E7324F18E4CFB46B
22383,01F683CCF248A4AF
22384,6A72AE57AEF0A421
22385,0ECC9BCECAF3F475
22386,DA7917264A6C0B3A
22387,A37DAB9DD6BFBD76
22388,2EC4BAA822CADDE1
22389,93222488A597F155
22390,B80DB7B61C08DA91
22391,1C151125D8DE0058
22392,59FE0D02D3F79DE9
22393,41A17AC9929D6AF9
22394,67C301029D17650B
22395,D94F1DB312479ED7
22396,19310FEA3F4465B8
22397,D912F1E892BCE949
22398,173DC44A839950F3
22399,14FBFE5F433E4DAB
22400,A9CABDBBF46F883D
22401,427DAD341AB35B3B
22402,1CF71739DCAEDF29
22403,BDDE81C89EE34017
22404,88274CCD88A724C0
22405,8391FFB1A985FD4B
22406,DDF2699CE7B20CD2
22407,8B5574C19E74F72A
22408,98B9AFC71F721867
22409,579E4A0ECC6B2805
22410,587498ADC1F36E6D
22411,828EE0E904EE4831
22412,BD6991D29B26C9D7
22413,ADB7F7BA54A4E77B
22414,4DE914D1251C9C12
22415,D7F12A197596D084
22416,88BFA4849B8BE691
22417,79EFD80DE40C1816
22418,7BF7F4CE113020A2
22419,C3110CC3B70C1195
22420,38DB756D46C9EF02
22421,C3A6CD469D41B83C
22422,5B8C716A6A523B7E
22423,6DEFCD1ABFA89ABC
22424,B7E05FF4096DF366
22425,E0A8E801B2090E21
22426,E99E2E2652AB7E18
22427,BAF28C47035641E4
22428,AAEFB68140F7AE6E
22429,56FC974CFE3F066C
22430,A207ADB49A38FA24
22431,1CC4D02A3562CE4A
22432,B27C7C246792DAD3
22433,DC96FD257CCB4EC5
22434,C6C98ADF7449384D
22435,B74A2AFF900B4989
22436,088E70E928199F30
22437,384E596EDEDCAA21
22438,1B5198560C0875FE
22439,DC2463F398609829
22440,2D57C1EC68307A66
22441,FA13387AFAC523CB
22442,D123D52342EB728B
22443,906BA52026BAD754
22444,8AE8DE2909867E5D
22445,F924193626A8A70A
22446,6F5976B091AA1723
22447,068DEA82CF6F385E
22448,2EED154EE2048A19
22449,97446678DF4576B5
22450,8A19793F196D9380
22451,8753E87E723332CF
22452,2F02D7D4C4856CC3
22453,39DCB27B68D539C5
22454,2727097B245C9148
22455,7F0C12D547D9BFB5
22456,D5F2017EAB7C86A1
22457,F1FE43A58C9677E6
22458,60774B4787725FC7
22459,D9206D0A04FF0BF3
22460,158AC4B59D27E5EC
22461,E5AFF8F188E8A692
22462,A8266050AD287AD1
22463,F36EF7A48643DA85
22464,621C44F336554FB4
22465,4D5227DA6EA1C8E8
22466,4FEC627C6546A31A
22467,C95CEBA788AC4121
22468,92743FB760C8EC3A
22469,51BDE52C283F3EA8
22470,2EBD96322A9484F7
22471,8538652E4DFBB54F
22472,0488735A025A2EA7
22473,261A8FED96A28110
22474,313EDBE554B3F56C
22475,DDBE39C7DEB32A68
22476,7B2255C6EE364237
22477,3D7D79C57CFBED68
22478,F9E3F8A77F4EEBBE
22479,E90249E111747730
22480,CD5FAF224EEC0879
22481,2ED5CC56F498CBE3
22482,C3AC422A33CD4AD6
22483,62C543ABDFC71E4E
22484,EB6E22EF8078308D
22485,2D0CF2DE37FFE72B
22486,40E7B718B513ED01
22487,4FD9A8E557401DEC
22488,F5D0BA123AD3DAD4
22489,E093F036F94CF2CB
22490,2C8679F19809F3F7
22491,01E2240CAE7348E6
22492,9CCC134D8C0A138A
22493,F16DA389D0FD72FD
22494,909B5BA4C180ED7D
22495,74C345E0226C765B
22496,ECB958AE622F3A82
22497,662087425BE78900
22498,E2F278729E18B80E
22499,C205DD8F1FC9F48E
22500,AE4CAA7CF0CCEAD9
22501,976FC18D938F6043
22502,0F3086F119659E92
22503,BC383B8BB51A49F7
22504,B9C87222E7BA550B
22505,56F12BABD012E088
22506,ABA2540B25A3538D
22507,72F0A47F3451F446
22508,53EAF5DF8676866F
22509,B5B1510476D66118
22510,C4BBE759416A7F04
22511,68B35B8B16DA8C68
22512,8E61FE1D4A3E5C78
22513,14503F0E043A2D9A
22514,4843AC9C78A769F5
22515,C86C19B94AD4ECCE
22516,1AAFD175D822773F
22517,0F1CEEEA5711EF8D
22518,238AB5BA09BCBA48
22519,70AAB61BFF38C148
22520,792C18465E5BF568
22521,C4E7E92CAB93BED5
22522,DFE5DD3DBDFF9073
22523,302B2BD6A9166D56
22524,C9C920ADACF3EA1A
22525,B494A1138548DCAD
22526,106277CC92E01416
22527,44897561C3A85868
22528,06E4A5577FC2D249
22529,A8BB8CC7AF228914
22530,6979EF3CA2963073
22531,D0FECF764E37E64A
22532,DC519CDEB9350574
22533,CE40C697CE036290
22534,A871027F3D5A77C6
22535,6D39A38CA3B1413E
22536,3C6825BE2E7DAC50
22537,6920A7FD9D34B108
22538,B42C48E8A5C12FA3
22539,BF698349BB93C3DD
22540,C5E7DEDCEDD031A5
22541,FD63357EDD8DD033
22542,2F5D2B78D8D3FEFF
22543,4EBF1C1B9DC53C74
22544,46BF0B1E14C10D20
22545,FA9C78835B8D5F8C
22546,46FB6C64B7179412
22547,1AB93C45E6062D73
22548,D4BCE37D594A1AC1
22549,B36510E04784BAB5
22550,2FABE31C69107487
22551,C440BC4E877E2FDE
22552,0C5182ABD9686114
22553,1F5B4C4014FB305D
22554,932FAE203C45B3D4
22555,061575AC6248EFBD
22556,C38CED29A21CF646
22557,8D0C239DC851270B
22558,976D2C911F6C9183
22559,070141835B33CA61
22560,34002DFD0D371E72
22561,DD8675FE23B9B5D2
22562,F60DC2574D0EB46B
22563,1A231E2870E44D8C
22564,FD4BCE91BD5B4E78
22565,81DDBC9C8271880F
22566,8C1FFB19395E30E0
22567,AC521CCD1364B064
22568,46A5A998105A3A94
22569,FC5F86CD6B0E4DC7
22570,D85768ECDFEB856A
22571,F4E013F2AD27500B
22572,E433C9D61E929BD4
22573,9F9C9CF63194D729
22574,E9028AD8BF37CE13
22575,EFD7B3F21E32DA64
22576,214DDDC9EAD7381E
22577,A044350089ED5296
22578,38DC71DB6CF66F7A
22579,B45804BFF60DB22F
22580,E2FAF4BCBBFF13DC
22581,1150858F710A0209
22582,26075029FE76AF96
22583,366A58FFE1D03704
22584,D3C340C916780C90
22585,4A3E84406F04D328
22586,784C198B4B33EDB6
22587,C869EDEDE95FDEDF
22588,D40C05625E20255E
22589,22F6D6DFBEDE9E08
22590,C1ED0307239C557B
22591,D6255F15213376BA
22592,62F93D1AFBC8C464
22593,F72A85930384DE11
22594,3560864C56937B0A
22595,5794C7D56CD3D8C6
22596,A9742F9E95F3CEF7
22597,662CD793EC9B99C2
22598,81F854FECAD5A9B0
22599,94BF11C26B4BB312
22600,796372D8706A011C
22601,94780E9D85606B2C
22602,6BC37DB570C7AC2D
22603,6B70DCFC7885F492
22604,5CE8EE03B754BC3F
22605,F3D29891CC41D0EF
22606,1B8662D36010817B
22607,10D6585633A42F37
22608,0685684F806D7850
22609,AD78071E3F1CB495
22610,AFB4B30C86C1DA49
22611,762903AFEB42E2AB
22612,ACCC4C3A1D322819
22613,5C36CE7B59AA3268
22614,325F2C0CF8603C68
22615,6D198C4CA987A7FC
22616,A18FF392B9BEDC71
22617,37534CDD81040B36
22618,9E37001FCA2BEE8B
22619,BD2F5BC05C267305
22620,DCCCFAD48C1F0244
22621,90D3AA9D7E59F85F
22622,8FB10F0E1C5F3968
22623,C7F43EE61D89DC10
22624,548E22E3D2C3C141
22625,30F5D34E991F5EA9
22626,27ADB1B481D630BA
22627,447F44A5F7AB76E1
22628,C6D9216E79A1515E
22629,90C9E3ADBA2238CF
22630,98064CC91E732556
22631,02BFAF8AF8B890D6
22632,2A541F03EC9CFAA9
22633,FFA9D2406076194A
22634,1EDA80D245712849
22635,B09C15C6965065CF
22636,B9347592E8FD5EF1
22637,B1BA84A7E76400D4
22638,E036B6E7A225428D
22639,75F76E4B91833BA7
22640,E4AEA49423AE93D3
22641,929CE7C5CFC81F99
22642,03A1D29BAE89F569
22643,B4E82F54A32BA352
22644,8E277063616B31E1
22645,37D86FCD98D10022
22646,596E2B02A9705812
22647,DFA5C9140FD4FF7D
22648,6CE9E828EA321A35
22649,4CD065BA2937AB26
22650,D697CFCF7819A329
22651,10E0D9536EB31B32
22652,BB615BF871623873
22653,CA6EB9C4EA458C0C
22654,EE20D6EF07839CA3
22655,8E94C226BDB47CCF
22656,F1E6B0330C0554D3
22657,3105A002D088B05F
22658,6EE4C37594C0B9B6
22659,8CA2E45D12D64635
22660,BE5834DD0B10B254
22661,191B2CE37A0DEAE0
22662,39A127CCD1616E2F
22663,C7522A091F94195F
22664,EE9AC05DE97A929D
22665,000739078D4FCA4C
22666,E183F178699BA8F0
22667,99D6C0BB77AC38B2
22668,7B5F625F415F5514
22669,00A456A3189DB239
22670,193C8DBB18D786D9
22671,03DE666F73F86823
22672,1CB10F449DBD9F87
22673,CA2706EB9386C38B
22674,F27C2D292B5FD70A
22675,9742A6CF891B2F45
22676,703185D822390478
22677,809724ACB3D41ABF
22678,A046606BD159491E
22679,AFCE9D3AD09F8339
22680,E5B33292A7CE5E04
22681,9B95DB02422D518D
22682,BC827311CC6B4D28
22683,6082C35C2AEF74E6
22684,33D90111F5145D61
22685,406E4DBFD2146AE8
22686,A97F7937E99100C9
22687,EBA92C9C8642AB41
22688,6FD36AEE9B1B47F1
22689,310B876A4FF1FA36
22690,A4FE3C4A0AF0D395
22691,653459AC0130C748
22692,994D8485F783D81D
22693,E87AE35E1D1A9529
22694,C11A64A392B81AC9
22695,A0CF3D15D00B2345
22696,7381426043C9F3C5
22697,0357DEE302706C8F
22698,905CDE6BB54367C4
22699,86C726FD25E32650
22700,124CBF0944A6B38F
22701,998A40DDE735EB61
22702,FDC39FC37F0376B2
22703,DF8622E68C164CF1
22704,7B1747315D563187
22705,7EC6146636D72952
22706,054DF02B1438FEB3
22707,AF770BFC2FF75AC2
22708,4376F60302839B52
22709,C0240C68B403130F
22710,7EB942FCA80B2058
22711,8795FA5CFA419414
22712,754777C391BA7D2A
22713,653B7B06750CA700
22714,B90A943DBEF0C128
22715,976D7DAF150A7B9C
22716,B6AF1BA96FF28128
22717,674E61023158EDED
22718,E27891688B5CF5F2
22719,628B5D97CCA4AA3B
22720,E568BE32B5C30FB6
22721,F600E97B6A1A4932
22722,EE29765D3E37CCBB
22723,51CDC23E86BECD36
22724,BC4E1FC80AA2D1A7
22725,CD73262785E567B1
22726,B9BD4C76C721E65F
22727,F73A11EE67BB8486
22728,312FF4C5E44ADE10
22729,0E55584D887C0E71
22730,224A992EE8BFCB08
22731,68586FB88B703560
22732,EDAFF39F7244EC5E
22733,D1325D7F812E8AA5
22734,31654CCE5F84CF21
22735,D3E1B04A251F2E02
22736,2E8B590A5A4E315B
22737,1DFCBD3873AFE692
22738,03FEEBB1E6DB62F9
22739,15C617C060C0CAE9
22740,6BF9A103334DF49C
22741,959E7620807AC975
22742,66BAB7CAFC009A70
22743,5BE95DA8F971393A
22744,0E1FBCF0C6A79C4B
22745,725694E9BF0501B4
22746,C3C63B61D9411C2A
22747,479C19F7F0157590
22748,B12865BFC173AA6E
22749,B49D5B06AC82E294
22750,BCC12AE5FE393543
22751,A617B1E0D172D57A
22752,3938E2257ED052FA
22753,2F4F221C4F102682
22754,9AD37911217D688C
22755,112CCB02F1FB0656
22756,7C38CA115119B6F7
22757,93B9144E245D18CC
22758,8BDFA47EBCAF4159
22759,D3F0658411B7E0FE
22760,08DD7863DD653662
22761,7A4B62A8DA9BF5F7
22762,67992AF104F4423B
22763,CE3EB797F14D3DE6
22764,EC3845CB1094E055
22765,0C5A102666214A89
22766,D8B65EDB268B415E
22767,B6BFF8B0C1A13307
22768,95E5660A8ED1BD65
22769,E4E76FF4F03499B6
22770,E0569F2DB67B8437
22771,9C239684AA851594
22772,88F61AE11224247F
22773,C2504AA1407D444C
22774,7468EC48CCEEDAED
22775,9F721E048B1EB5AB
22776,F08D3E15C1F12A95
22777,A4684503250E883C
22778,65FA8F2A65C8E8FB
22779,36FF608DAA00D7D0
22780,6378B0F2A5154F7E
22781,F29790A8B4A305F8
22782,4C31FA025882B2C3
22783,3B6A25260A6EB21E
22784,05C0356F11D86401
22785,2B3CA89208C2F624
22786,A0B1154716222A01
22787,0AF4792623125BB6
22788,1DD03835C31D9547
22789,A7C4CC763753AAB6
22790,B64CAE01937CD290
22791,AF301FB325E1C516
22792,B5834245A4770588
22793,68EDB934CCC687C9
22794,12B3C427374FFF34
22795,178F8D736487CA17
22796,2F49DF6067DB701A
22797,92E3E1D17C90760F
22798,C9850D407FBAE2A1
22799,CD5CFEF16B411D6F
22800,A912824D8FC45681
22801,AFF62D4AC9A1905A
22802,6D868CF6F826C026
22803,36E5F4EBB8CBC660
22804,4B712E9FA79D12BC
22805,6D2DFD895926FBA0
22806,41F90A9D2C3525F2
22807,A94F4A5A4669700C
22808,CE979ACF935C9258
22809,36A2312846E0F147
22810,FA6500FBF8296A7A
22811,669B084054F32105
22812,3AEEFAB175115307
22813,1E731F71E653B7F7
22814,598E5A5D8C3CAC69
22815,27B630C3FC0C82B3
22816,11AEA737FB16536B
22817,50673F433546ED25
22818,AC2D6CAC52BE0E69
22819,9A0C1BEF8F3F4A12
22820,08015A51E5AB1B29
22821,BD8D51D75C3FC2AA
22822,9284B9BE13C98D43
22823,238068A0212005E4
22824,73F8CE6A69D609AC
22825,6554099354F485AA
22826,793D17F9F4D7E903
22827,C91F67A3CBA5D44D
22828,1840B78EFA7A1958
22829,DC9F048C3959340C
22830,6E7DD8552794BC6F
22831,DF05B06B5353E02A
22832,B0BB44438605F26E
22833,4E5C6F5182BCCF1F
22834,ED7B62B725551AA7
22835,14007BEFE483B897
22836,830DA35E35C0A428
22837,232C34689993A689
22838,4C5B063AF4F3C6B1
22839,B65444547C612C7A
22840,7052739D67444329
22841,81F6C5E7C40733DC
22842,49D17741A4BECF9B
22843,F4C1F07DD55E0C76
22844,EE822780AC30A8BB
22845,7307468C34BB968D
22846,2CED513EF33C2F73
22847,3BC0952957277420
22848,8CD86BFC5916FDF2
22849,208E0206434B1F13
22850,A4ABFC27DBAC4CC8
22851,2356065ECAA90219
22852,A0865F224F373533
22853,0322677C74838FB8
22854,4DABBE5B48EB88E8
22855,003B619E199B7633
22856,15A35D2D63F22B2A
22857,0A89425E3EF4A16F
22858,B2F9379072560C8D
22859,659AB2DBF09D73FD
22860,20C6D8B3D23B9FA5
22861,662B814BADDFB238
22862,28EAB06203BFE548
22863,B50E04D85230265C
22864,648E38769A5B0BE1
22865,529814332D708134
22866,4E75DF875B7ED5AE
22867,211D5F389953DFE1
22868,43260CF8E765305C
22869,55FD42B00E67BBF5
22870,56B0ADF82D7A7B2D
22871,408DBD76120F8EC8
22872,B28A2834C97F0B9C
22873,0D88564B3060736B
22874,F1FF1EB79E421222
22875,35DEB845A707347B
22876,68CE7384DE8EA149
22877,1FAE16D97FC66632
22878,5B26E5C0A273122B
22879,C22AE4FFEEC389A3
22880,7070CC88C445EBEA
22881,11D0ACD30A9C0456
22882,A759C577436102E7
22883,7006FB18FF3BF8E8
22884,A4141B8AA739F01C
22885,233F48C32F77C354
22886,EB8EFDAA795722B2
22887,12954B721A6A786B
22888,20311B867700C3B2
22889,362EAAAD258EF77E
22890,CEE51A951F499107
22891,E2263246BFAE1E87
22892,386416FC74EC34F6
22893,C28EFE6021D9D7FF
22894,BB15D9D7E5D8F545
22895,2A175E0805C4E0D7
22896,2CF012B1E730D3D5
22897,93A7ECB493865B42
22898,9719D4F46B9035DC
22899,C2C69D7B5F8A6F53
22900,8BD8FC24F1D948E3
22901,BAB3AA5C8B08BC87
22902,5CB578EB80A80597
22903,8E913CF996072085
22904,5D9B832C84BA2168
22905,FE96CE1E16F34D71
22906,8A1E9E1C1961CEBE
22907,80495917B69E4726
22908,914E04D4A5549820
22909,91E1A69EC0154C73
22910,4873003F71C8252C
22911,F101E8ADA39EB145
22912,6B759678AEF443F4
22913,495A9FD4394D549D
22914,C285FC6DA2E17427
22915,18DF795FF063AF0E
22916,4C9D29DC66510684
22917,28D338E2B5FDBACD
22918,521E2EF86610EE7A
22919,EFD13B2EF6EF6E2A
22920,DAC3286D8CFDCAD4
22921,14C0ECAAC1D0F9B9
22922,F97E2574DC8B07BA
22923,067CC850E2B51615
22924,D37932BB7E7EC100
22925,34B0CAC84290A8BA
22926,56C1CBF48ED7D18D
22927,577A932C04B4ADC6
22928,0DD1077EC168E29C
22929,E20068F0732B91D4
22930,9F1051ED726CCC30
22931,843536042543A651
22932,36D9D6D1B2E4B77B
22933,902B7481E8FCC769
22934,7EBB16EA219CF8F6
22935,959B8B6FA94440B7
22936,75B2978D1768E9BD
22937,3A699F04783E5B18
22938,04C7D5F197EED18A
22939,FB035FA733DC5487
22940,32758CC0C6843E72
22941,51121D71A2A7EA5D
22942,1EF3DD9673EB701F
22943,85AAC74DF7920CF8
22944,21CC09C5D45AB9CC
22945,56364D3504DDEE9C
22946,6F703728CB29BAC8
22947,C9F49484738101DE
22948,DEDEDB2535F3DD8D
22949,DE498F7DFA1F8653
22950,63242AB6A46F9F7D
22951,2504EFAACA250834
22952,31D7C7BD5CB78AFD
22953,40F082269D8FD255
22954,756651639E738F4F
22955,E8ADADFE73DA42DD
22956,1AA51645614DFFEC
22957,75AC5D24AE217FDD
22958,898A4CEFA3BB14C9
22959,7950306A1E37E71D
22960,AB1637E67D4515D3
22961,0BDD6E9806386486
22962,DF5F5DD93907FABF
22963,C09667CF89F59803
22964,A51DFBC35F9DD77A
22965,C2072345BA9C996C
22966,F39FDAEAF5BE0838
22967,8B7C5E677C299CAB
22968,C31F6FCD883F001D
22969,4C87A877D595F31D
22970,42C885BF5E0045E5
22971,BC8ACFA9B1066DD5
22972,95926FE53A440EE6
22973,D6373E3081A8DC44
22974,91C4B13CE3E7D1A2
22975,9A5EB24BA9CC62C7
22976,45D261FFA181A2C4
22977,FEB87EF10A4DA339
22978,726CF41D87ADD7A6
22979,BD9A8F8DD07FE187
22980,8E8F792611BD4B29
22981,25854981E8E39B38
22982,6AD293A810237803
22983,CC471740CA573AD0
22984,D9D65EB3E7E39B6E
22985,E219331C145C0CD8
22986,17B5D0109BC133A7
22987,54516997EB4655CA
22988,F3DAF8289C264E55
22989,266C016E01A5AB6D
22990,52CC7052FE93F932
22991,25AACBB273388BEC
22992,2758E3D5BCD1910C
22993,33DE0C11F96109BD
22994,5BBC4602E2E627F1
22995,37C43FCBC7778034
22996,8FAC7B9D2A290764
22997,FD84A386003FF855
22998,E4F966BA370DD032
22999,86668D1828866A47
23000,AC3AC6889D3D13BC
23001,F4E8F50F94CEE3C5
23002,2E8FC855E8FC12D4
23003,DF8C30A88FACB220
23004,DBCF29F14037528B
23005,3519FE0905D13676
23006,29EF9A0976756CFE
23007,A8AA28FF2AFE367E
23008,95F21EFEAAC3957E
23009,D9E2E256084BC954
23010,2FC3845F35681506
23011,6D25B7C2CA1CF3BB
23012,C6043BD58FB81BA4
23013,D39DFB8DAB28CD6F
23014,98042580B949793D
23015,A5F72B65D48309E5
23016,83D36C6A9F02F390
23017,CF27DAE771C61791
23018,CDF980153EE9B461
23019,A01409241372686F
23020,3E1688A9CECEEAE5
23021,A09967E7004B011A
23022,3457C4EC74E3B413
23023,4C7483562C575B75
23024,4AAFB8D7C6F68376
23025,5805378627EF572C
23026,C49768DFB423D5AB
23027,5D7DD43C3D8E6BB8
23028,9AB0A7F71B3CF924
23029,82D077D488843DEA
23030,C6BE333836F1D346
23031,26E40A8CB5044E6D
23032,ADBD102898B6A7DF
23033,0197162430CF163C
23034,A28BAE957ACBDAB2
23035,6CDB51F654A16137
23036,586EC97E9D7C6E17
23037,AF013BDE619EAB18
23038,98F10A9D0EB9C6B7
23039,3A9D6AE3933BD6A9
23040,AE6A44A96B27D194
23041,460BE55023C8B473
23042,A3330AA329E4B60A
23043,4866A228B0D7BAEC
23044,213CEBF4F8B5EAB1
23045,D69DEE6C41E8B026
23046,1EFC626397148D03
23047,A72F310F19CD961A
23048,CC5C5C2702517E30
23049,F6F969262446281B
23050,5133DBB15464B50D
23051,E07B666CBDB56A0D
23052,4B6800F936DC6D87
23053,2539E424D4BCF3F1
23054,14E557C8A6D0B317
23055,BFF2992DE930B2D3
23056,06B26F68B096ED92
23057,18597205B1C8799C
23058,E0D48027B5E9AB16
23059,DA8441D2A00CA904
23060,595BF18FB859B43F
23061,42F40D1B7DCC6F0E
23062,855E9C1DFA9DA73A
23063,7E4C4C1BE02C7569
23064,75D57F8F24F7ABC8
23065,FAE673686130C35A
23066,A5EFDCF8AA8BC72E
23067,B7F9DC4F609BEF48
23068,DF55D87E9F1A7E9A
23069,65E376C875BE7834
23070,9AF2413B84BC95E4
23071,6299EE9C5EE4391B
23072,C2342594308AA578
23073,17FA4613A2DB6706
23074,DAEFD1F653B96742
23075,E0712B81EDAE7032
23076,D5D42162505C1D2A
23077,B83E5A20ACBECD98
23078,AA1E3144FCA2E54E
23079,7FD1CB575CFF9EA1
23080,D420EEA942BE0269
23081,5050599D8B5C36E2
23082,202579053D3297AA
23083,C7179989C6DDE85D
23084,7DEE549BE8EFA944
23085,C3F2F53D91DF39D7
23086,DFD819571079E551
23087,BF895EAC6475E906
23088,EE181B6704A158A1
23089,C164F201CBF4E220
23090,5FFC557F74F2E0F7
23091,17FB1B70B11EC3FC
23092,3C02163553748383
23093,57E2C711056F3D3B
23094,DB201415DF4D1957
23095,CB6183602E8AF16E
23096,CCED76A7202CE1BB
23097,D33D02FCB30CBAA5
23098,C70C818FB611887F
23099,368C31A3CC7C7CBD
23100,01EAB67CFCAD179A
23101,B2BD2FBD5BBF5BD9
23102,20FA14EBADA6F258
23103,A088FCAA80F8A53E
23104,DD36CDA81C3D92F1
23105,24BE8705015BAFF1
23106,5AB2729C9C27236A
23107,4113305FC7B74873
23108,9B53AE7E22511BF3
23109,6286799F4D4D1BC3
23110,DA0F3336DB9E5FA4
23111,9CB970B7EB66FF62
23112,6BB8D6C68E19005A
23113,07EBFC00AFBF2438
23114,A2EBCDF037B87A9B
23115,49CAF5D397EEC284
23116,4897916CE42CF340
23117,7AF73BE8B8B608E1
23118,59F682B8D988276B
23119,D0B769B1AC9CB41E
23120,76CECE1556AD9D67
23121,36914E90AB3607E6
23122,09FBAB51BDB5D63F
23123,7A94BA3151D03B55
23124,7C6B6FCD4DEAF908
23125,9BFEBA991B54C0A7
23126,D81E77CF334E63AD
23127,20068437D3CD88C3
23128,65CA37133CC4F769
23129,3B58E2F9F7CE4DF4
23130,F9A2D4412C4D7CC7
23131,864EAD7442B90119
23132,2A2F533B59FA3D30
23133,ACC551622DB229D0
23134,2A7993482A703275
23135,8ABB81C54FDCD4FB
23136,A8C5136E6699A88D
23137,D2C36D3A5EAF9F65
23138,88BBC196EDBD0B36
23139,B0AC9B90D6662812
23140,F3DDDF1DCDE66489
23141,0C7C1257BA526639
23142,7DD55445321B516B
23143,7D504112FCBC8DC7
23144,0CCF4395FFBE2923
23145,A6714A3969A832B6
23146,258B4A28B2C7C37C
23147,C06B15D3FA131634
23148,B821F83C531AB0A5
23149,66FC8C88B432B1C0
23150,724B87345D265220
23151,81B2ADAE681880DA
23152,B5B5A8DEC31AD58C
23153,B59A3DDB940AA9EE
23154,BC58789FCEC24D49
23155,440B5076CC8FD11C
23156,E6FB2FAB754B2A5C
23157,F2EB194CFD560398
23158,8FCB502DE87C0073
23159,073D3C2D19950091
23160,01CDD38AAED51E1D
23161,330CA7397F03CB1C
23162,2BA8B43563616E68
23163,9F2867ED4A49CB10
23164,483D77AC7704237C
23165,173FFCF2E5DCCA53
23166,D2156FC9C1DBBB5D
23167,1A1236973BB8A4FB
23168,DF956EB48DFFAA11
23169,2725F2F7543F0761
23170,E9F28EFC8792C7E8
23171,5DF2F6E9519B815F
23172,5C59574D755AC763
23173,FD3F828BD25F34D6
23174,78AE265FE78F52F4
23175,6222119A6CACFF89
23176,BB1751B05C1D8FAD
23177,A35437765D45FEC5
23178,E0760D5240BD2F5B
23179,2088B7D4A9A8C429
23180,B71F83BA14AAC3A6
23181,5A72E10CA44AB717
23182,203C2D2A876B834C
23183,9E833A5F5B341B13
23184,034D4596B6F466B2
23185,728DC37602EB89D7
23186,D6CC5548B87602E9
23187,6718521757320D59
23188,C63A30B9A1E9A44B
23189,D3CB3F31CDA7BCF1
23190,171BFF1F88C843F3
23191,58B25D46F85269E8
23192,B4D8B69104E5EF9A
23193,5021386D46C176BC
23194,195BA362BC3691EB
23195,C9C772C2C6C6C96E
23196,35ECE40AAFD0C2B0
23197,113E7EEB278D78C0
23198,FB33BFD4077C547A
23199,AA3B2F4FDFEB3EB2
23200,00F1A3A5D5AF4EBE
23201,B23AC0A532805AA2
23202,45A11B6A524D12EA
23203,2CD10E8877F6FF6C
23204,A9DA2963BC44F2C1
23205,0507FC7FB8BB90AE
23206,6ECD5AF4B7A0009D
23207,6E59FE4601F550F6
23208,B96811B40800AEAB
23209,D8F297F272C319A3
23210,1C69D1F96CF2D441
23211,C82DC8810213AC38
23212,66A04309019B402D
23213,35071D4D12A057E4
23214,991A361D32C3CCBA
23215,C7543CB3DE3961BA
23216,6458D4C299C5CED0
23217,681C383804EAB49A
23218,7B1DF1192F24D03A
23219,F8AF0A614CE43214
23220,56667CDFC915CB01
23221,E6ED8F76027F19D1
23222,6840FC9264C7B6D5
23223,A447701FB31AAB2D
23224,5320DB3FE8119AC8
23225,272E1DA63DBDEE88
23226,3AEAEAE50F1F8959
23227,704F72E5C05464AB
23228,07FA8BD0966359D3
23229,80A0C2522D9F0FAF
23230,A54326DD94EAAC4F
23231,375DEABD4D1ADA3A
23232,1A6465EA7D4C39BF
23233,04DE4B4ACE0D08C4
23234,FBDFDDDE9280E960
23235,633971AB975AC2F9
23236,4E572747829D326F
23237,8C30439D6F5B45E0
23238,0902C92A43404614
23239,922ADD6BACC5784B
23240,1D7B2B05FA570C62
23241,E7B6C92B6BA777F6
23242,4FDAE3E59145BC54
23243,C5400E40A14B2E60
23244,3DD4403DFDD11452
23245,4BB4D0C7293EABCA
23246,45F5CC868428D1B4
23247,4B390A18F1262251
23248,5A2DE1911E31EE79
23249,CD0E6E50DA4DEB9C
23250,9D8355126D5991DD
23251,E0055EB669FF2AB2
23252,E79F89DD0C41FC7F
23253,F4CAC3B04E7A0149
23254,F8A95E2A88137D82
23255,6F819F0146E59062
23256,67FBCC069B40CE97
23257,81D005E5A2FD4E07
23258,36C91C264DEB30C3
23259,97C93CD284D0B47C
23260,D92CFCDEA22C8B98
23261,8AD6803C1A3A1EA8
23262,BE4168B5ED445F6D
23263,A77F5EDB1B3689BB
23264,4AFAD499C722B42A
23265,C572EBB783C72C34
23266,AEF97819CBB94122
23267,5F9E53F96A40C0B4
23268,E6E6EB33F52E3FED
23269,3FEFDB6B882D509C
23270,8663C6DD2B1873B4
23271,6589B1D3C8CA60C5
23272,232D727A8B47670E
23273,64F4E97FA26B86F1
23274,1EC9D2864CD00BBE
23275,E80307F295421F54
23276,877868A1258619F2
23277,97788C76D925DEAE
23278,FF1927FFCC2011BE
23279,598920415103C2CB
23280,8C0AF8E7A81F1189
23281,2F0489C3411B4C76
23282,59D53AAD0F9D1FE6
23283,508739BF2E5FE4AF
23284,E8EA7F36363F6537
23285,4723FEDB1147A8A0
23286,A5BBBA84EA3D26BF
23287,4BB6E7C7517490A1
23288,C330ED37A55FEDE5
23289,FBFB4B83C688E2E1
23290,439B08DE4BF40038
23291,807B9AE0FA24F0EF
23292,0F757516DA9FB2C3
23293,A35E6E8EE8CD602F
23294,47A8EF229DBB161C
23295,2A28F81D998850DF
23296,79CC32E45384077F
23297,9DFD08CE903AD5DD
23298,C1F4E81EEF43D821
23299,641C0B5D8908589F
23300,04A5D93860238F76
23301,AE2466457E04ACA4
23302,8EA1CA4C2567D513
23303,E0B5617F05DC42F5
23304,D192343BEF30A3F5
23305,4E19291834706D7C
23306,42CC7500BEE1C8A0
23307,A571FD2DD95049DD
23308,8E5E698DC41E1561
23309,DA4E4CB45A5C6EE2
23310,B8615E053D4230BF
23311,B9C4F21D32772B4C
23312,A2320BF9B81E13AF
23313,4C5FC684B7E98DE0
23314,48882B1DEF145472
23315,664631695242957F
23316,EDCF953AC692F52D
23317,B86C0442C897DB3B
23318,35121495545BAB76
23319,E6E06EE5B141E181
23320,D0FD7CB6D0984A69
23321,05593E4FE6E205E3
23322,FBCA6CD9E267AD1E
23323,178668F5EEE95081
23324,D5164D05FBE1A95C
23325,550F429552DD890E
23326,CAD7C5C08559D84D
23327,BA06584D58D0EB19
23328,9F15FA57F1E59D31
23329,C07565DDBA7FBF5F
23330,27374E7664829086
23331,C28DDE96B5A573F9
23332,81B917666EDF2FD9
23333,302572D1C180271F
23334,CBEB6E4005110B89
23335,D74C3DF0013DB8EA
23336,B49B96FC96EBE412
23337,4D9720CBC23410B1
23338,1B4F1C268F4B6467
23339,769251187AF36211
23340,1B536762CF782528
23341,26A52DEB2D09A6DD
23342,523430CC12D7222C
23343,58781DE294A8D873
23344,8B2A3436EA3E1E9E
23345,82BE34B48C6DEE38
23346,94A378F9B5A08BA2
23347,D2ED479AE9A507E5
23348,F11F6D147DB91527
23349,830F40260A12A9A6
23350,5367E5CDC654BED9
23351,1FDB2711E4B11475
23352,2B8D0512C59B9F19
23353,98FCDEA8B6040522
23354,5543265FB5529DB6
23355,BB96F59A729CCA74
23356,E029FF2446F4E2F0
23357,C4083E8BD98F2226
23358,C34D30F4BF2FDF55
23359,3D946D5DC53791FC
23360,B99365FAD950CFB1
23361,19C6D196BD3FB425
23362,DA4CB6384E2593B7
23363,63B972543B2EE621
23364,5A95CB1C11D322EC
23365,BC68C78B10D6F679
23366,329C77D84CDE8247
23367,E49585FD00711D74
23368,597C89FE5CF040D7
23369,ADE30ABBADE2078C
23370,1D008F85FD94610D
23371,00EB2AC3DC3D2C1D
23372,51C13BDC4D8CE8F1
23373,12DF43D875A5C4A8
23374,29DD91B945463B2C
23375,F287C59FB6A34BE8
23376,801DB509DAC54EBA
23377,F893EE24647FB753
23378,D9024A3A60C98BE0
23379,FEF83014492FC15F
23380,16864E3BF081136E
23381,F9BAFE0CAECD37FC
23382,791543C3A5223CC3
23383,823ABA029A9D7D3C
23384,E1435C3C92FE377D
23385,D25FE522414F5BE8
23386,4DEE27E253EED997
23387,56104BA877D660DB
23388,04376383255571F7
23389,E870611FAE1F77EC
23390,56D573F72E240059
23391,114C217DF0A75303
23392,8C721FF2F95453BA
23393,1175490D3D4D423F
23394,0172F33CEEABC21F
23395,10B3D69FC91D7C65
23396,308AA62BB4933990
23397,297D803EB9FE8A27
23398,AE7254868F751635
23399,7C2C86FE3523434D
23400,678B984382F020AE
23401,27E09A7333971B72
23402,7F911E9176B3FB45
23403,3F45727DA77BA20A
23404,F1008F2469D2C0EA
23405,2C0F0F363B091616
23406,72A5A4C177D4EB88
23407,5C9530EE81106D3E
23408,77C1CC39842BD72F
23409,C49A9B7760CC643D
23410,FB2D575110BC04B1
23411,EAA46C9DC4660680
23412,6389FE6C71FD795C
23413,A8BA02E5C08923A7
23414,142D64927DEB7F9B
23415,421EFC1FF9B8007E
23416,947DA70214DB5526
23417,09BF911619F76F98
23418,4567009F0A733805
23419,F2F8BE89C6689352
23420,B62543BAE40C9CC4
23421,6CF58AED4BD1643F
23422,ADA8E0A4C1BCC235
23423,E0201014FCA81C48
23424,259510444D592ED0
23425,6EA5568CC9FC7A8F
23426,4A50F942CAD1ADCA
23427,41906A4494C1948A
23428,78194FDB78B07803
23429,131C9772BFACF880
23430,8C69B08C700337B0
23431,0C7B65C35C338CE1
23432,B8DC4DFC78AF3E48
23433,7EDA493ECC4918E7
23434,3FC15DC53A5FE96D
23435,6ABF195D564CE253
23436,B8CCB50D8779BF7C
23437,DE93D6E6CB1F9F7D
23438,C5881B84936297EE
23439,18CB7A1D41F90FEE
23440,D3749439F1599308
23441,FEE7DB7D8642F0D6
23442,0230D1A8CE40E9DD
23443,EA236EF473BA9DDB
23444,98A2B8B5EBC929E1
23445,D148480D44546A8D
23446,C8933C3B0C3946B6
23447,48DB6404B3AF9A0E
23448,D898F918904EF67E
23449,2C313D76AB25A7B1
23450,198C621FCFE622BE
23451,DBFCC321C103C27A
23452,F72F2BB504305820
23453,3387D24A6C16FB7D
23454,F360493CA758DB82
23455,095F14574F673639
23456,993DB137C467ED62
23457,58057E9B8A9C627B
23458,FBA01C6811091EC2
23459,D05DFDFDA6BD44F0
23460,0C634E39C0FD2168
23461,C18DD2BD47D2472D
23462,EC777BC50D464B19
23463,86C816B0F3AD0B34
23464,8FCE2955F16BF737
23465,52B30DEEFAA0AB02
23466,004F49325F6BD9F7
23467,66D2B8A5912119E0
23468,6CFAF1BE802AD1B3
23469,29C82CC5A2EC9A4C
23470,07045845DCB659CA
23471,8629D4B79119BA4A
23472,10C5BAF98A6FEC19
23473,EFD20FBCB2028688
23474,99EBC9C5696531ED
23475,6BE60682C85ECBF7
23476,138E3444D9943470
23477,30040871EAA7120F
23478,E84AE2834CCB9EF3
23479,CE9159A2E8D09811
23480,D1082F0301076520
23481,D158BA286649563F
23482,0F24DDEAE83079BF
23483,70E087DA68A183F1
23484,FFF91BD4DC5FAA73
23485,E9D58205642BDF68
23486,D9584040B5602E84
23487,D09B8403F4463EE9
23488,CDD1006E8CD595F2
23489,5C2B8CC9CD7D543A
23490,84D9ED04F6F48DB5
23491,6817CF3DD15E68A4
23492,3249476D29C9BD1C
23493,622243DE974D807D
23494,FB8B2572BD7B69F2
23495,171CCAA22CF87399
23496,61216A4A9B1636F6
23497,44DBDD1FAC8635BB
23498,80AED4F8D0B375D6
23499,13BB1511F76A495D
23500,9948CEE589561D76
23501,1A8988D5A2345D45
23502,76DC4B4A8907CC2A
23503,4C19AAD880DC061D
23504,EE1B08542757B724
23505,6F4BD019170937EC
23506,07AA9A97D91E6EF1
23507,9581602BC9BDCC21
23508,6562FF7034E19A3E
23509,20E41F31DBD4988F
23510,1B5CB53A149F9DFB
23511,6D3FC2A4FE630F11
23512,6A0FADFC14E22F0F
23513,2768D67E3F624E03
23514,E6CCE09FE0F4974A
23515,4108008AB382EBA1
23516,198FDE7F6BF1CD90
23517,54873CA785AFC34B
23518,B5D7B2051281A5BF
23519,0F529CC13FB50D2F
23520,FCCDD75348691346
23521,E9F254FEB831A891
23522,0B4D373E4D2E8885
23523,D82EB34A87AE5D71
23524,8BB7D161FDCB7915
23525,11EAFB7A9FAAEB2D
23526,9F5B74AEAC3727B5
23527,14C08D63884835CA
23528,DEA7A1B8C383164D
23529,A10B5C44BFA35DBC
23530,AEC65BD1AD77B108
23531,900460A4B161DB3C
23532,2B769AD3485B4828
23533,54CD3C93D93A5DF7
23534,66346D0ADFFD3142
23535,3CCCF7C8A54330D2
23536,53FBCB9DF3F72CBA
23537,5FBF6118938CCFAF
23538,DD582E0D20933557
23539,50F704FE231144DF
23540,7F2CC5EE648FDD91
23541,68AF588C7C3861D7
23542,EC1874D96165AC14
23543,36B8D70C3C154F9D
23544,8F7D8555FD8F36CC
23545,13F06C6F9005A1E9
23546,20E493B47F3556C4
23547,85CE64F99CB018A0
23548,3401754F129AB99A
23549,EE788B97F690EB93
23550,3D37C2AC232740C0
23551,E23D9FE27A13DFE8
23552,9033290E83DFDEDB
23553,E957D0E414523F8F
23554,2AF4B108F2054CB4
23555,6F9C3A645E3A4E0D
23556,8D0A52E596B0D8E4
23557,FEA49E32442E0C52
23558,D9FB1D8067444F9F
23559,408CAB7B3495F56B
23560,7049370841C8E395
23561,36DEEE24AC3EFC75
23562,3828F65310E2395F
23563,73AF816D84EC1F21
23564,0E9D3489EAA2DE71
23565,EA6D1DCD98453F0B
23566,B4964BFDBF7FF57A
23567,B94527E4B870E44A
23568,E85AE89016B3CA62
23569,5E3D586319532DE5
23570,F9DB45C89571B60E
23571,E93250E931D52271
23572,91C7B7A0DE2165EB
23573,0ABCEF3DC10026C6
23574,1F7CFCFB8376451A
23575,CE5D2498953B6578
23576,5C8D3806F3CF603A
23577,70D7352E14CF33F0
23578,5E03173BEB226199
23579,3C9D0DAB0E005630
23580,09A0816477456038
23581,48F50960407EEE2C
23582,84ACEE6EF3E4722E
23583,4648953CCF0D8149
23584,779114D0FC1DEC16
23585,C631552A0B2BDA37
23586,7BADB43792CD1058
23587,346595DD0A75C356
23588,38DC7CDC4623402F
23589,7EF697C637BB4BF2
23590,BBBA378CA11A584F
23591,8889C62992A3370B
23592,AC9526050DE59E72
23593,9B52944E8AD659F1
23594,7BA6AE31595C5AAF
23595,E72C70EB5E06E5AB
23596,F2CF3B6F91E53A93
23597,070645DF8EDC2999
23598,EDA3E861209163F1
23599,039CF502B7386744
23600,FC8CA46EC9D8D9D4
23601,244B2BA76AFEA412
23602,BC4C5D2BE16B6D3C
23603,38024261C3067400
23604,4FEB0E62F51A7C91
23605,BA3BFA4706D69717
23606,55CAC4AC390CABDC
23607,28BBEE05AA6E97A8
23608,1B9F552D84F71581
23609,B057986D332EC9AF
23610,6A712BC6103D7673
23611,B169C85CDE70FBB2
23612,95D8A944DE12B582
23613,FA0122D6B31459F2
23614,291B504575C7C674
23615,2095282AC6EF1352
23616,DE7CF2454FB033D3
23617,00E62F877276B65A
23618,FB517499278DCE1D
23619,02EEB693123F5531
23620,7BB5D31B441309BF
23621,2CDBF90AB32B0893
23622,3FF4E1DEA4E03590
23623,440C95DA2AEC1C20
23624,1D7549AA9181BB8A
23625,FAFF80096DB8274C
23626,DA835D3CD4999966
23627,11FED895B601E3E2
23628,5F1C3A30E0A9C170
23629,60498C69E3C69539
23630,91B1693B07B8574A
23631,95ED5857DC5FF034
23632,15EC48959813B5EE
23633,4AFCAB8930E57FCD
23634,2169DA856E6C3A57
23635,ABB58B074C837CAA
23636,3F9A7EA8D5EDAE2E
23637,E9C0276511B20E81
23638,5C0944ECAB8B740D
23639,B008E589FCBD1B06
23640,4BBE7E47F8985086
23641,C90F8447369A121B
23642,9CB8FA2B28DDDCC3
23643,19A4797B2D91E597
23644,E7612F0B692ABD48
23645,6FD071C8193DBAE6
23646,0783071C998D895A
23647,8D743F4D55CDD4C3
23648,B105F78F2C58D547
23649,8075C5F070045AB4
23650,35DB0BDECC190D32
23651,6F93157C138FFB95
23652,E82AA6525AFE7B0B
23653,F0F0D21552886F1B
23654,159AF1BB2CAF37B7
23655,60256B773908FDA1
23656,EECB68E0C0410EF1
23657,B21F0B27E0BB1A8E
23658,413C6DB95E8ADB2A
23659,EA1E008D84916413
23660,BC2E02775117D340
23661,C5C5E1E494F531FC
23662,7A593CD7A4EE8B2B
23663,62D920AF3FDFF5CB
23664,268AF1243431A975
23665,018B35C60CECFA4E
23666,D4255F5C0FA7BB76
23667,F9D5A5F3583C73C7
23668,612588101DA63E8B
23669,26B086F3C51D9D29
23670,FCE4B2411F5676E5
23671,1972E5745DD4399E
23672,6E36B1D74A81890A
23673,E6D40FF0933E4CF4
23674,C2536DA244AD9057
23675,BD3382C41B1AD974
23676,6F8A802C5C641447
23677,73415AFC7B4B7BF5
23678,280266C4076181BA
23679,83D67E3DECAEE3EB
23680,2E456A28F7D49405
23681,04B88CB793EC7196
23682,1046662F62568ED0
23683,C1EA913D30060D16
23684,46929B32D977ABC6
23685,14B81ECDA44CC5E4
23686,81B256DBCB313977
23687,192E6C9AD43D6C37
23688,27385DAF2DC2BBD5
23689,16C694662BD10AFD
23690,69685919F0FECF60
23691,0109441278E98FBE
23692,B8946D038E5F77CB
23693,E6469140C4E4D6F5
23694,D87E528B512C043D
23695,D8C6D6E8F49ABCF5
23696,FD2F4B8C1EC00D86
23697,07334FA94BFBB163
23698,38600E7AB578A284
23699,427A5A6D9994B94E
23700,656E9D67390B90A9
23701,E461FA8E749D8458
23702,5A0063120085C869
23703,5A0823AF2F676A84
23704,574EB336B39584A3
23705,9367781ABC9B2535
23706,C3F9CB41DA15A552
23707,18A1BEE9257F90E8
23708,D3D90D945BE4CD9A
23709,B2614F924C7F2A03
23710,126CF3B49C32F07B
23711,F84269518FADAA65
23712,42D7E9ED57B3955A
23713,D5AA541D7C59288E
23714,F7B3232610719408
23715,7B34558AFC7667AA
23716,DA1563C8D6C387E8
23717,E2C5A1711315D6E5
23718,17AC03CF1C546F08
23719,7CA9C268D6D804B2
23720,24AD024410362156
23721,CFE92E2FFC3EFF26
23722,C1320A2C4A7F1C9C
23723,C921C322ECB17732
23724,F3E5280EE080B777
23725,02E2E8CBEC90E056
23726,D9349BEAC29B7276
23727,6B4E98A35A641162
23728,A9C1EFFCFEA38A69
23729,A2922FAD5BE59740
23730,B86C6FE8BABD8A24
23731,727C564598D8C8AE
23732,9CE96F8B244C6542
23733,CAC81A16DBD19582
23734,7071970A964E6A81
23735,67EB46AB1F96F01B
23736,9BC1320F09173B81
23737,7C9FA4DE85DEE181
23738,FFACF6877589195C
23739,C4E97465426970DD
23740,C629E95D27761A4A
23741,66DE135CF3305ABB
23742,6739BE3418AB02F1
23743,F874B0475B4BF1E4
23744,CC92ABAB09D8E1B4
23745,3A4BFEC86612AD40
23746,A6AFE9E87905D52B
23747,69EAD0AF07C455FD
23748,39AACB4FCF1462DE
23749,909400AB8153734B
23750,0C2398ED840981B8
23751,F700B5A33265C868
23752,E12C1922455F344A
23753,D334894F021EC05D
23754,1451978B6AE3184C
23755,157C6EDB2B2F893D
23756,08DBD452DDC3DC43
23757,F94B46B72C298A3C
23758,0B5FA27E26EAB4E5
23759,9D554470F116ADF9
23760,30DA24C3EFE9F56E
23761,CA2FE3FD94CEB63E
23762,5F647F95E7733A3B
23763,A2DC4E104254A1E3
23764,3724A5D977F3C07F
23765,77CFD47528CB6D08
23766,504BA66869B0C4F6
23767,97B5FC0782A9BC77
23768,19D3BE465D79E1FA
23769,ABEBB8306C684221
23770,878348A5ECEEC316
23771,C23A08680924403E
23772,F0C18B0D36A51D5C
23773,871C226EA3600369
23774,C92D9596C276B6F5
23775,E567B80DE43D017F
23776,F5B4DB8CB5BE1AEC
23777,67F49598D0916EAE
23778,CE3C40DA47E82029
23779,1AC8FAF732E3386A
23780,B06E6D8F3C824AAD
23781,DD3C05306FA884E7
23782,B3FB600CD46E958D
23783,E64366A8DB5F9A12
23784,4875303FA4574319
23785,BA44BD7AC0832F4A
23786,73A38E5DF16A00D2
23787,7FCF1052DCD5D07D
23788,727F0C845074C118
23789,597250301075E58F
23790,DC129ABD5021B706
23791,7EBE5B35AEE2791A
23792,299DC1764979A222
23793,CBA03F0502DA1331
23794,C9508A36AAAFA074
23795,28DDA88AB9B3D319
23796,12E585B2CBAAAAF7
23797,2B1D0AC7C05F5C6E
23798,54502C989F23D18A
23799,026EAC81847214D6
23800,CD5B2CAA8C7DFD8C
23801,4F5AF06C9477A2E5
23802,27E1D157F3C97777
23803,6BECC3D6B30B6EAB
23804,B7D759ABBC74FE38
23805,E786088B057368E6
23806,E6A63B42913DD9E3
23807,8FE28BBC262BAE05
23808,4CCD15D8E4D91595
23809,5FD5D0C8720D096C
23810,9FBBB0C7296F58F7
23811,DA70311451696634
23812,836A0E1DEEC85D9F
23813,09035C0BA3F37E65
23814,32FA6679FC1F57E5
23815,BFC9280B278DEEE9
23816,A0FD783D4F2A3A30
23817,81DBA0031084AA5D
23818,7A8EA2B5424DC010
23819,55A3E9689650956F
23820,42BF5C6FD506B77F
23821,CFAD1C3EE25B352C
23822,C8659885B536BED5
23823,D659153A738CCEA6
23824,3484A08E24EEB55B
23825,DCB6538344679DCF
23826,B0BFD6870CF87E0B
23827,7F24B91833E50C2C
23828,39DEC9C020D46E85
23829,19C5B8E1CE13D0A8
23830,8305E39C3969C4A6
23831,51F2919347F550CF
23832,61FB1FDCF9D19588
23833,ED3DF111D1933F1A
23834,58FB3D12B3CC6C38
23835,AEAA835754D5A1FD
23836,1D958BF08901EDF6
23837,4A22EE361555066C
23838,1E7CA92F5C3DEDBE
23839,FEAC744C38B923D2
23840,71686FAC0DBAC73D
23841,83098A40A4C66B10
23842,1F2BE49948600930
23843,A92F32382837E91E
23844,99ED1372BBA34E7E
23845,0978C416DE306396
23846,1CBFA141C525512C
23847,6FCCEBD560220942
23848,B0BC373417B28A09
23849,266C213A008AD85C
23850,EBBCDFD17AEFD0AB
23851,08886337BDC91590
23852,F9BAA953E9435E98
23853,9F9DA62E271500DE
23854,44EBB3F8EA043BD0
23855,27F4BE77AD24CCD5
23856,5AD2FC932A203EF9
23857,C85E6B795BC4E5AF
23858,0D2123B6F6344017
23859,484350FA4ED054DA
23860,D84C9E9FC9D37EEB
23861,7B3303F00A2A9A37
23862,2FCA4ABCB6773A1F
23863,449E6FBB4E516C83
23864,22C7735676DD310C
23865,DFE6812A9F83C26C
23866,B144B4266F60225D
23867,674A38E179E925F4
23868,907C09838F5E4EFB
23869,C9589545C8752525
23870,EE2D74D8F2FE4FF9
23871,8143AB5846CE667B
23872,89C48E65C94B839E
23873,EAD9753FF2B27C84
23874,C9D5E7E92EE9786A
23875,A05985990AA81B41
23876,4D81D6958D703C72
23877,6DF1C7C6DA89EF43
23878,0112A66A6B8081BE
23879,65AC4539E12BD9C3
23880,D0584F0A9F00A45E
23881,BDE2884DF82D1BBE
23882,6125444FCFF2001D
23883,47ED5642C72D8E5B
23884,A64C43F1F008E446
23885,B333E5B198ACAC5E
23886,F3EA0260766BC166
23887,3A7FD5F633AB52EB
23888,7D1D32CD447B18FB
23889,97111E19DCF99306
23890,B70438B5C258CE52
23891,722B34A8286F6C59
23892,620D3D2BAF750BEE
23893,A6A1A965A3E85D0A
23894,E26F666C7EE5C39C
23895,5D12EB5E38F3629D
23896,E64953E9F2A0F359
23897,EDF05754B18C3D1C
23898,AF60149CE994EDA7
23899,0C291B12F1C19964
23900,26A8254AB1519A15
23901,DC94D40343A9F4AA
23902,446DB2C3F14E0A0C
23903,BF93EC13B2BA1536
23904,311238B6C740C447
23905,15A34CED0F2C4504
23906,8B45DB9C7B465F93
23907,D1EC02EFE45F8B69
23908,7085396C85203596
23909,E5F5C9F68BD833A9
23910,901AA8525AF74FA0
23911,6F2751FCDD446A54
23912,BC1C93008E9658C6
23913,3ADD30470244FE74
23914,54F7554368B2D2A4
23915,676600E1421FC965
23916,3F040E654CC7E8E2
23917,525A07F73B9F1A99
23918,D524082F372666AA
23919,11304827AE38BC61
23920,915D540CABFD2470
23921,6D2184B265C94E59
23922,A3DC0F0C0DA32574
23923,9812D7D340FAB6E3
23924,5085B1853EAB6D55
23925,EA925C2560D4350B
23926,E657D93813AD724D
23927,4B9D00C28F28F609
23928,D9FBBF8BC0E26A33
23929,53FABDD38BA0D38A
23930,A4919E7A40A75C50
23931,1C2F2BC87F190D9F
23932,BC027A171A3A7E87
23933,DB23D1845423F6BD
23934,A721018830255F16
23935,AFACFDAC45A194B8
23936,85D099070A07615C
23937,D660304D27E2095C
23938,ACBE53E17201567C
23939,F20CAF72CFB7B9A2
23940,98A8F759DBCBDC87
23941,3293A2FAE771D1CA
23942,F093BFD3191F7E05
23943,993C1B31B05F36E8
23944,A693E22A0D7C6A8A
23945,D6D9D562553F6997
23946,53F4DEA3A3DB4372
23947,8122A5A2099733C9
23948,82EB9FBCAEAF301C
23949,4906DCF7B73358E6
23950,4F0B77554CD21C8B
23951,0CB0984F3C3212A1
23952,C77013C985A48D0F
23953,3ABC620ADFA4D6F7
23954,ADF1FC59FE24F9D9
23955,8229E81DC5472008
23956,9B48F78F8928BE0F
23957,88A05351387E6263
23958,BB2CA716E8A6F38E
23959,CD9E098FCB5A2ED7
23960,244361B809150644
23961,913A6522333E4BD0
23962,1D77C7259C259A77
23963,504FB0218A61D696
23964,E2871210F1D3F90A
23965,23CEB3958144D8DE
23966,29A1450C4B6EF646
23967,666A4093BD76B441
23968,E8269ED2F68DB414
23969,A36DFE753B551904
23970,E1DD930F3051FBCD
23971,DF50D692029B75B1
23972,58F660FFD00EE909
23973,E1EA19D6E5937C64
23974,540D5586DB1D3198
23975,4EE954AD98523AFD
23976,698514A63731062F
23977,41FD2FC85F349013
23978,A9F08CDF4C09A188
23979,D4DAE249CEEA1E90
23980,4AD8A4DFC7FC863F
23981,0AC42899A8005D8E
23982,03C41E431F6BA1D9
23983,C7EA60989466EF1E
23984,88D36DF1BC4D51B5
23985,4849B725805AA1C2
23986,5343044B06C7CB4F
23987,D5239DDC51ECDE8D
23988,A8AEED9D3D869E0C
23989,B5B0531ACE26CA01
23990,6649283F3C4CD316
23991,094619B7684C9473
23992,A0F9428F0F9AD289
23993,188134E0340A56CA
23994,8E7B10EA9207EBD1
23995,3C2C0540F31246C6
23996,805F2B0837A7E5C4
23997,B2A41702A3050266
23998,243BB81FCA8AC721
23999,2329B7DFEA100234
24000,53FA004B09496811
24001,44F070FA3453A853
24002,E878937505B6E7A5
24003,ECF9CC4DF7C738B3
24004,8ACE3700E301896F
24005,DBAF155FBF54B5CC
24006,C632218104749609
24007,0863BA64D0739A5B
24008,A1A088E8F074BF00
24009,B2ADE077D6B31AF5
24010,1D42A8E2E2FDEDA6
24011,D04A20B3A9898BF9
24012,BFCF878D0335617C
24013,2D6A78E34C248CB3
24014,7DCFEDD3E214D16A
24015,892278F44A6FDE19
24016,7C3DE7832ED7E8F6
24017,D415C20014B2A467
24018,0DCDEF39C353AC7E
24019,DBD3F692EF97EEBC
24020,22432E6B7609F813
24021,4D2C092B3933C8BD
24022,3CB7A4F99EB208B5
24023,F740B2626534F672
24024,51961CBACCA4D17B
24025,63DF838CE146FE75
24026,4D54D1552BAED227
24027,E75971319DCBCDDF
24028,DC38BF526D475B0A
24029,4BB09E9BFC04A89A
24030,9171DCD9D296B6C5
24031,40BF50AE197AF6DC
24032,626BCA0811436A4B
24033,9B70F1A744D5E34F
24034,B5020DB8D19F5780
24035,62C67B30DF69B88B
24036,C3D339D43CBCC89A
24037,2F95FFB212AD4744
24038,630B4B900AC68AF6
24039,624970BBCFE588C3
24040,D0F16A0623119775
24041,8EDD749D707769F0
24042,42C4707EE6149542
24043,163EA663E9A28ACD
24044,D3947092489F0068
24045,8DA4B381388CDA53
24046,CCF5F5507346ADAE
24047,AF02AE4CF16C0D09
24048,75406571ECE37C31
24049,35DAB75DD3C46EF5
24050,04DBE00F17A43C86
24051,818CE2F0100401E4
24052,548987E7755EAFD5
24053,D6543145EB9929DF
24054,C5550A12224D6D5D
24055,17BA80335E7B40D2
24056,8282CCAD9EE747D5
24057,013A9EC12C231122
24058,6F4DDB3A2463985D
24059,636E69FD90169DBB
24060,592ED49F06E135E6
24061,34F09AE440BC99B9
24062,B5BAD0C4CD77EF3A
24063,8C90900A0316CD97
24064,EDA5D212CF0EE5B6
24065,394EB8E8CBCE4F45
24066,EC5AC83645F4CF4A
24067,2922EF282C191048
24068,78DDD0012292F762
24069,662BCCC7A123AD48
24070,20AF3CE2A564CB2C
24071,2D3862B409C8105B
24072,A9C05F07C6C2D7EB
24073,8847900E4C9F3106
24074,9784A44A46FF3FA1
24075,77FDA31B0814BFBA
24076,D948056DA09A225F
24077,30D9261518426278
24078,A58F81E88117595D
24079,6ED8740F7916CDCC
24080,EC62081E84BE55C5
24081,78CE7C72D7A2443F
24082,E6A12F4A98D9E83F
24083,D67DC671E000FD3B
24084,574C9849BC440D26
24085,1EB922DE8251371F
24086,41B5B0DA3907879B
24087,E082663904B8D951
24088,AFBD95E8BDC5FB5D
24089,6C5A6ECAB65A6E3A
24090,CCBFD0C82F2E2363
24091,B8AC26B94A658BB2
24092,93AE12B61C4745E3
24093,28760A44C8DBA910
24094,CA64CAF357D2C3F9
24095,FB6F827668EB146E
24096,9C7AAE224C77EAE3
24097,9EED0E6F9CF70925
24098,E89DFC05630BF96F
24099,840750F902E60FE7
24100,277CD3569D52B95F
24101,F609CBE93BF5FE5F
24102,A3EDDB99412340FF
24103,647BCAC7CAFA4FD5
24104,C9859A7257F2B46E
24105,E824B695EE703B39
24106,F72D7B17AB4497F7
24107,1CE99421D22C5D96
24108,85D5B399E2726A2A
24109,F23BBD06DA3C3672
24110,8401ACE7AA74073A
24111,EA2B033FD2F9946E
24112,F1CAFA8402319B35
24113,E0D4096D48362CE7
24114,4D532B6C83AFB6FA
24115,E7A062BC65A3FF6E
24116,C05D8BF7EA694F81
24117,A0F9F73C55401D7A
24118,BCF05F88058E7B41
24119,D588BEBFFBDCA8F3
24120,16433C7F69293B21
24121,C2B199D19E81456C
24122,53511FC8010CD37A
24123,321DE2BB08DF25E0
24124,8592BD88622F8081
24125,AA4A4E32DE73CCA0
24126,BA98C8596EB3B39F
24127,9A5F16B78D5B0767
24128,EB27DB5DB24F986A
24129,F2B8595FD281567B
24130,40889D4AD2ECCF32
24131,F5CC44F796880452
24132,F1D58A4D799BC9E5
24133,8A36B9D4430B8F12
24134,30B5C35C1150A9CD
24135,A9A8762D43D9BEBD
24136,79272512878DE6A0
24137,6D68E685BA41D0F7
24138,BD2F31DA6AF914EA
24139,E03571C8BCB9ABB0
24140,5C6FA4B5A49C36EF
24141,BE404D5EB09F85F2
24142,77E07BE987079705
24143,98B1D8F71E499FEE
24144,14A3782953F933C0
24145,6B52B68F2E38D743
24146,59E745E9AE6A35C7
24147,6F68EE9E70CF1009
24148,DE418A83172B326A
24149,AEFFD3E85837B3C7
24150,0DA991D08A6CE364
24151,D7E5C616AF213DDF
24152,33FA41A69E8BA7E8
24153,0B85230E67416A22
24154,33AADBBB5AA6A12B
24155,FB7DB47E3617E0D9
24156,B506C8AE95BBF018
24157,0C08816ADB5ED5CF
24158,96C1ED948DB8EB84
24159,F9C930F47AF3D885
24160,7B9A2084C3ED84DB
24161,1ADB0EC45CD39088
24162,6ED1B49BD6969188
24163,CD61B848E0418D3C
24164,5348BEA3A0A1A347
24165,BDD5C0065A05DACD
24166,D011EA1C673749AF
24167,F90F1142FA23ECB7
24168,F67F22C76517B686
24169,ECEC69DB29E52FB0
24170,D79F5D1E03421F5E
24171,DC041C93E83EB59C
24172,9D4FBE6AB0290D95
24173,44B32CA80160CC77
24174,0B15B433DCFE60C6
24175,572C56D3FF113848
24176,B711750787D5F220
24177,C8E204D81E2EC9C5
24178,A6FFA4B8A062E574
24179,82E842FB982AF84A
24180,B9E6D2AE7C8FEBE5
24181,0177A9383F674BEF
24182,E7D5D3CD9ADD4930
24183,C5AF9070FDEBE48D
24184,79616BD3666905A7
24185,2ACBAF1C847A9792
24186,B5CD9EF62E24E0A6
24187,1BCD1E8186A07204
24188,0748ECA315F6A626
24189,B65EB1155DF29921
24190,F61E582A3D1BC8B3
24191,F77ED48DFB960EDD
24192,7A861DC852A2B64E
24193,3F8EF70E5BB5AE02
24194,A5DDCCD3AC32BA65
24195,BCABD88915721843
24196,7001B2C9CA8D77AA
24197,FAB56285ECB18CAE
24198,576D1702E32A58E6
24199,81E3424198068FB1
24200,5A26C1C10A36874E
24201,594AA9072C68E6BC
24202,03CBB43FB12C63E0
24203,3CBBA7372B36264E
24204,7C95E4F362F32F00
24205,EB424923E4015BE3
24206,31F44C19CEFEC220
24207,E11EF675551C6B3A
24208,71A193D3A28DBED3
24209,799CBCD237B35F94
24210,C25DB74D7B57F70A
24211,887923325E7A11D9
24212,069C91694803E57F
24213,3A07CCCB6196DF8F
24214,528BCA951893EFC3
24215,149CAA10E209ABE2
24216,901631519D291A6D
24217,8BCCEE54CA70B123
24218,D2F7AB5DB023CFBE
24219,B4B6188DFE95815A
24220,6EA0A73365D03AE7
24221,82C5275D1A09DE11
24222,987747B6F42BE59F
24223,3CDC8A852E5A0F61
24224,1DDCDC6AA6966DD1
24225,332EC0EF9715CF74
24226,430A0044269682ED
24227,BE3AAF239D99B344
24228,AC4B0B85FE6CA395
24229,C0A56B906312E082
24230,E7972F547D903C45
24231,A5083AEA70DDC8DB
24232,0830AFC864370E0A
24233,76C274B8B1A3AA2C
24234,A73B8204C950FB33
24235,91E83106C0F6C909
24236,5FF30FA0F213B604
24237,D2BA9E6C3578DEEF
24238,6638E410243AB813
24239,FAC70DB5FFDAF6E0
24240,37D060C17611652A
24241,681F2AA2907DD0A4
24242,0F3BAA02EF2F21FE
24243,4FB5D0F2AEB6DB3D
24244,AA36C1D49332E0C6
24245,2FCAB4C9A1530D50
24246,A9FA8F71ADB91ECA
24247,31949EEB747D017E
24248,BE32555AAD999E78
24249,3FD38B0123EB8905
24250,E8AC7E7958A0B29C
24251,FA91F5B1C9BE0AE8
24252,E84EA959FBB9EDC8
24253,9B8BF04B609441ED
24254,D93CF4E59894CEAF
24255,8D81ECFDF9372C55
24256,C0119DE4FE1EBC4C
24257,4233417DFDE153AB
24258,A619F4666986C221
24259,8F41BEDA8F435493
24260,D781D3F6A27D0B38
24261,037A865A16D83B53
24262,0B4CDF0BC602A326
24263,D0091EF8A92B75A9
24264,FDB0202E54464A19
24265,513164BF9578DA1E
24266,BD4914351CB3D142
24267,7CD47DA85EAA6FE3
24268,7529E30356B32581
24269,36FFB7018DB7C7D4
24270,3FBF5798D6E7C921
24271,B4DBAF188C1AA501
24272,73ECB0C22D9068D8
24273,1A297CCFF8DA626F
24274,756098323C8F9D86
24275,766AE58526BED8FF
24276,0B1D298DE73B5213
24277,CEB67CA0131020D6
24278,659F83945FB153D5
24279,568AF641E3F8B2CA
24280,32D0C9C450463DC2
24281,2D6BB3F2F5F3B8C5
24282,C1CAD094A82DE2E8
24283,E05193192F597257
24284,C2A691C04682679B
24285,61C13D3E6AE3C2C3
24286,71DE46EBD9C3EB35
24287,56E4E709BEEB20FE
24288,B251147F8BB7C8EE
24289,F7EB8FDB3C9CB0F8
24290,CA18E31CA7D9C0BB
24291,671C555B30A6B487
24292,01B4F176DD77242C
24293,31F2D5748E2F49F8
24294,CD2BED7559A47CFB
24295,C5CE0DF6530B9E58
24296,E39767FF0E7B188B
24297,6462671DB9D94EC5
24298,F1CFE4FBDDA195F0
24299,F275F2408844C47F
24300,741DD2CD185C9EBA
24301,0B822B5506BF5691
24302,A82D7A3BDBB8C452
24303,E16ABA7448637579
24304,D04E0F4C05ACA892
24305,6A2FF1AB3E836D63
24306,C528F439EB677E20
24307,A19E36F52178EE10
24308,9E77DA0287BE5AAA
24309,9E2B67A3C6825CD6
24310,CFDBA303F49F7A03
24311,6444FBDD184BE67B
24312,DDC2636A5E6DDBDF
24313,21D566BF3AC15CF8
24314,BD7A8EA880024D9F
24315,558D06F6099C20C3
24316,4F3CD53F0359F09E
24317,219F1BE973BAEE60
24318,0FE8E9D1047BE6B8
24319,ED3D1563ABE6DA82
24320,DD039BF91ACEBE3D
24321,0CEAC584B11040BD
24322,1E2D17F5FBBAD967
24323,9EF8574DDC26FCDB
24324,84135326EBDE5AAD
24325,4231CD5245EE438B
24326,318A0A5DB7061C49
24327,2A70583664160CE1
24328,EBB95341E7FD6C36
24329,5654F1A27D9D554D
24330,9D3D2C6EEB8E8983
24331,70B24A2224DE4E55
24332,80771CBB17766A8F
24333,7DFEEF29B1A500F7
24334,8E88EF55626C6660
24335,9CA43F89AA26D921
24336,52A69DC591FAA79B
24337,979E0547B126D90B
24338,811880136D16DB4A
24339,25BF604277AEE72E
24340,AAF1F9CB24BCEE43
24341,BB4F77BF803430CF
24342,3AD5FEC0C6166A43
24343,DCAC64D9671A66AD
24344,31BD4946A0F890A2
24345,E54012E33D8F9AAA
24346,85D5645AC561899F
24347,6B5993BD0B6B3BED
24348,C31C04DF01B14CFF
24349,27AFB8B4F7541D40
24350,C39F897024F8B507
24351,A40A54F82E7FD590
24352,45FCA5A0A5CD44FE
24353,B40B613FE01E529D
24354,F4A81D0B8DFF9805
24355,EAAE10F2A636C88E
24356,846A1F17AB301F8F
24357,A2E164CACFA37A17
24358,2FC55993506C4C8E
24359,DEA0081D9B8D8726
24360,AE1A89720B307CF8
24361,3EB924B4EDC5C648
24362,FF53EBD8BA9537D3
24363,C9B90394E26D73CD
24364,01061CDB758578DE
24365,CC281B79D60E88A1
24366,5EE7EFC21895476D
24367,473248BA100A1466
24368,77F954E0C7338772
24369,3F4FD061714EDCAA
24370,BFC73CC7223D7003
24371,CC437CC5B6116A83
24372,CA137623AD785147
24373,432B5F517CA443A0
24374,C78141DCB8357E61
24375,4EE01881826B0411
24376,A389DB1D46B8F5D7
24377,F96FA81E31B6FFCB
24378,EADC47C369EC7C8A
24379,10D03CE6BF666DD0
24380,49AB33E23DE5EED7
24381,839ED1B3FDDEC437
24382,5A96F77BA2620254
24383,F27C704BE1E8ECD0
24384,7A55ADD30CC2C5DC
24385,08BC91338BF99BE3
24386,288C5C0C4DB5628D
24387,FB81B11A82BC75FF
24388,0972F719FD3F26D7
24389,47E0E175AB869B0F
24390,CA6AAF4A5E4DF859
24391,BF2E1E204043DC82
24392,154193B16E2D2521
24393,16EA9E4BDDA83958
24394,68C0F264A099878F
24395,F8BADF2EC6C8F15D
24396,749591C5A1CD10EE
24397,DA48F300B1834AFC
24398,EEE573B01868E115
24399,B351831B034904C1
24400,9613E568B8E118D0
24401,C57564E9C22100ED
24402,0A956C0F8E21B7EC
24403,CAA294C3D5DBEB81
24404,1D4F15F272198372
24405,544C1D6D7187749D
24406,19A231D77B32B0FF
24407,61FBE10308B6AD62
24408,B05450D52AEC74C9
24409,F19F4442EEDE40F9
24410,5A392D72F7B1746C
24411,FE58DC5602D707FB
24412,E1DEA9A87C924848
24413,DC6EDB1525753959
24414,B4D38454D7B279F9
24415,886E76E1D8B61D67
24416,F68B8081B41DB3B2
24417,C4F56E149EF7FF17
24418,6280DF035AE223B7
24419,56802FCC74CF68FF
24420,6E92BD82F1B134DA
24421,FEC7999C1B374C2D
24422,91FD0F1AA623FAF4
24423,A7E6C65528A7FB35
24424,83C4937E647875A1
24425,8FA148EA56361877
24426,3EAFBBA9A3ECB31E
24427,485F4AD0519AD86C
24428,B5DC1B1B6808D5FA
24429,A3BD47F1D94046BA
24430,986496FF2A12E0A3
24431,5176DD85D82D8D93
24432,882AC8B3FE658715
24433,95507830FB3E7F6F
24434,1D6869FAC038D7B0
24435,357658D556A4BF45
24436,EE7C5E1F97C70FB8
24437,9E080A14F6D54841
24438,7D979D5B4E50ABE2
24439,9A438E23A0D4DED3
24440,3CF302EA8E5B5BE3
24441,10DBB49521FDE271
24442,D6036218DA38FB29
24443,5BE0BC8CDAACB9B7
24444,E8B990BED8371FA4
24445,6C30C257C80009E8
24446,1011064703D91E41
24447,BB6A92705BE60F4B
24448,FCABC389CB5610FB
24449,380895DC09B182AD
24450,6F9A91A580BE93DE
24451,CBFD1E302B0B746B
24452,9D7C0BA163E115E1
24453,D6DA6112D948EED6
24454,38307441FDCD71A3
24455,4BEBEFAA03999F23
24456,6006542A5A3A172B
24457,50A099A8542B2E92
24458,493D7DA8EC6DF2D3
24459,BB0C14FC0F4E17D3
24460,634F32F2E26628CC
24461,CBA69BBE031B2CC7
24462,BBB9D37A2A56D835
24463,5CE9FD01498A1DBB
24464,1F14FEBC33606167
24465,CCC9E848754A3E88
24466,F9B7E41F9666018C
24467,7733217C5E6A720F
24468,8566E8BFA574C4F7
24469,256D4A1BBCC5DE1D
24470,8595DCA7548CEB0E
24471,F377F9A504843DE4
24472,6A36718B0B0A4ABF
24473,25D8273CE80DEB8A
24474,D51DA9F62F26C6D0
24475,DB562B295E12125E
24476,EE828D10C368344F
24477,B9690584FE690577
24478,4D22083FA2A02838
24479,EEE4F83A5E90E76B
24480,2AEB49A9881CD6C3
24481,FBFCFBD30D56925A
24482,DAC3A744554380FA
24483,507B587E71C27948
24484,BD1A10C07226C0BE
24485,C694684572E649B6
24486,F32104DE5F2CC413
24487,397E9DDAB814340D
24488,E0D144D8B484CDE6
24489,ED8EEE9A1A9D7BBA
24490,949F0D278783554C
24491,BC2A4DEE544258FB
24492,2051556D76609162
24493,070E46889C514C89
24494,B28E3E359DA5566F
24495,F3980C77734794E5
24496,CB764F2414E1DB31
24497,BFD00A0A48EE563D
24498,3B8EA552277B0DDD
24499,452DA5F6A9697A83
24500,73EB3467A3DB26EA
24501,EDF8B4E4561019EA
24502,9FE77D7513629C82
24503,54C898015AD79A08
24504,8F248B6060E5F309
24505,C5AAE53C22296F2B
24506,6BF566C32B6FFE7B
24507,DCE18D0599CCE8BD
24508,514E0D39F1A637B1
24509,EF0813422344D60F
24510,B0B3DE8E548A99EB
24511,287FE8313B2DC553
24512,DE7D6263286B3BA4
24513,5A3817E3F70A5885
24514,297A0E472DA1461E
24515,8FD2C83F20CC1D4D
24516,E70A4708C6ADCC1C
24517,A1A8898748C6F42E
24518,66D1B66D8D57BD38
24519,A3BF608A71969885
24520,C8245F1E784AB1B7
24521,2EACC794710DBFB3
24522,19BCEDB8118013B8
24523,E5E3B809DE43ECC0
24524,CB2A8F5A8FDC75D6
24525,CC2403649B2F15C9
24526,AE0D0B49A0494EF2
24527,18292BC75327C5A4
24528,B490CEF74AD7EBAC
24529,E9D134C924BD6B10
24530,5AEFAAE62C38587F
24531,76F42E8C3030BCF9
24532,45B1F5C80AEBAB45
24533,76B0B9ADA44CFD9A
24534,25EB967FF476FE36
24535,88015C0612A395EC
24536,AFC1DD5C6A9D9EB2
24537,C3221A1D8E70EF12
24538,8539429DAD6033B6
24539,6A392F9C5A08D77E
24540,FA0A4AE98A1E7F5B
24541,733C2A5848E8319F
24542,E1BAD9E9C2C1C15F
24543,03B0B7B79307C1EF
24544,D7A9AE758D75D4C0
24545,EB6CBB748A67CA77
24546,DA2731EE0B74636C
24547,83FCE9D3F1609743
24548,137E75543E8CABC7
24549,1D1CB109FFFE750E
24550,90299CC2A5A9D283
24551,203475E7603DD0EE
24552,D520B9A1CECBCE99
24553,5B1DF1386C5308F4
24554,FC6AB42B44FDDCBC
24555,2759CAE44B9AA336
24556,A41DDD7A531F11C0
24557,46AC9BDA852BDD01
24558,ADA54CEC3FC35236
24559,56C1C2148F66598F
24560,7B65A05BB6B97CC3
24561,02224502236F4552
24562,B3CA6C1D9BDBF13F
24563,BBF3E37A2375F90F
24564,C5E655B7DF99B772
24565,9EC40705166FB716
24566,D112A249BE76161D
24567,78D7385CF1863E0D
24568,1B81D515BBE7C8B3
24569,755962F0A1B07AE3
24570,BFF8150B13172E9A
24571,1EB779DB6B6E28D8
24572,0ACDCF51BDA54D54
24573,EC617497B22AB896
24574,CFC5A6E84AB958B7
24575,46D7E030CBAC5BDF
24576,8D559835FFBAF967
24577,091DBF9F47440E11
24578,7657C30C1A207DA0
24579,FED1D9A1ED3C1FAC
24580,DB435373E709863F
24581,44E34CCBF8D2BA54
24582,B0ABC019D1892D5C
24583,43269A907C034F00
24584,979ECCEFD439D44B
24585,619DF0BAEA6E86A9
24586,5403D4B92CA95434
24587,88FF732BF6FB1D9A
24588,161D3C733B9BE4AE
24589,FD377E3472EC4C37
24590,4F14FDA121DFC547
24591,77251931404A6B47
24592,0A2808472959C85D
24593,DB513BD17778803B
24594,61DA9744A0B86AB3
24595,2CEBA737B1388CD3
24596,43CFA9E8E7126C09
24597,2D41F81051FC96CF
24598,CA248256B4FC1A8F
24599,D703CE1F9B5E3900
24600,5C72BC644F9B59D9
24601,3A8B0322B7FB4082
24602,FB31559A83958805
24603,D7E5FAABE70F2EC6
24604,5C4A72D007869777
24605,028D2C796E615CBA
24606,AD1C4F4534AA6476
24607,05A1EF658F80C9EE
24608,43021B007D5EFAF8
24609,14682F9B1ED37B70
24610,5716AEAC88F65185
24611,C6E84BD120578091
24612,0F55B7181EB11CC2
24613,92119DCC7065E3F3
24614,11A65FAE1BA96E75
24615,8425D275B9015E26
24616,7567D53FC1A616AE
24617,1E8842ECF65C9E49
24618,493522D04D10BF75
24619,2B381877670BB09F
24620,3A156C6A6D9C82A4
24621,B462D0C1E550DA9A
24622,CF45B3D80EDADC0D
24623,BC7F308AE938BFFA
24624,A4EEFBC789B38BCE
24625,BBFA2388389D3E88
24626,E5A56CB156BD9BE4
24627,50419744F4F367BE
24628,18D229F1BCBBF871
24629,6D973AE348DEB5E5
24630,9E7B24B7CE502F1F
24631,17717AAA81773DFA
24632,636A9A8E0D94FF0B
24633,6D754826657AB585
24634,AD4FF6E44000471F
24635,06BD3E7033CA3DA3
24636,9FD5A12EEF3C6EF3
24637,E47DB5B1CE2715BE
24638,76B95B8AEE08FE5C
24639,4C180CB4035220DA
24640,A9345DB2B77388E2
24641,6AD179F4321B4DC1
24642,4220D37A124B8279
24643,B4869AE9AEB41DC6
24644,AC4A8A4430AB391C
24645,A429F23ABE0CD3BC
24646,5B513F8104FA90D8
24647,D0E4C98BBEE28CF3
24648,50FE8390BFA05714
24649,008AD8FBAD505B69
24650,134CD87791E123E0
24651,BDFB5CCB1087CA7E
24652,0F5867AB2A11EBBB
24653,E05A064BE27383C8
24654,988AD7482BBDDCBC
24655,FDAC481267AD99AB
24656,EE3632DD33FF2338
24657,1489AFA35258FCC2
24658,E7B09E6FE11EC0B5
24659,514BC5963FAF509A
24660,55C5F2D91AD6E925
24661,F47D1D46EB889867
24662,13EC644BCCA96E63
24663,B015707C2E5EDE57
24664,F8228F4176713814
24665,DBA6909B10D98B4E
24666,D01C108C0FE2C467
24667,59302FABDF4B7418
24668,C6CF937B5059F153
24669,8FCFBE2E087B5C00
24670,C28C7DC97B19BCE8
24671,438B2D6CB3D56B4F
24672,A64B536E77E81F38
24673,883BF9085EAA6CBF
24674,FAA45CD19BB0363C
24675,12654A8F73BFCEA8
24676,C354EF788ADA2296
24677,DFC6594F36E4DE65
24678,3D63BF7E4A392C4A
24679,A70470DCAECE88CC
24680,CD2AC0D2B6B5AD80
24681,63334D1702322962
24682,EEB88D198D30B9D1
24683,DD12CDA43FF7B6FD
24684,32E506FE0DAD4A1D
24685,E086FF2F57AB27E4
24686,E38CF42D92ADCEBA
24687,E3A9BF882C2298E4
24688,F53D599DBD5B98B9
24689,AC0D65E33EAEEAA1
24690,13604992804CC3BE
24691,FAED0F9A7BAE824F
24692,790D0CF173065A81
24693,3E26A7B3644171AE
24694,F192B4E7D4B2B512
24695,3D6C798D55E04C38
24696,0EC862C2658E0120
24697,A1C940FF72EDFE79
24698,F953C5E6B3B6392D
24699,06633B72BE8DB2BE
24700,AC8905BF1B5DFF5D
24701,DA73F434356161EA
24702,A04E56D7E1E93FAD
24703,154BFE4CB0C30930
24704,9366AA97C8B418A3
24705,EA3CE34D1AB1651C
24706,E7FE17E921744242
24707,9EFC8B47A8DAECF5
24708,F27199A6B5D5F795
24709,A79F5AD3DC2DC809
24710,4E5190B4C8069298
24711,07605E029CC4C3DF
24712,04BC5B9851CE0A79
24713,77D395FA11E04FCA
24714,F742F2E27751A4B1
24715,6AC93FA2EBA5FF0E
24716,7E4A2E35EABD91DD
24717,CAC38014DE490AAF
24718,17A749B7DD6ADF3B
24719,F5264C82A89EA093
24720,8E5DCC141F263A33
24721,9DD23AC1B1D95C2A
24722,10450F77CEED63B7
24723,765C057982A3CB60
24724,336E4AB2B609D9A0
24725,2FFEE90705F4545B
24726,A7BD820CE6484995
24727,42D25421EC7BD877
24728,052E028F75667229
24729,C5C934C1E10E78A8
24730,315F3D03B3BC6EA0
24731,76BDAF1704E29E28
24732,5EB497FE0C50D65C
24733,E0DE0E6E9D1C9EA7
24734,0E296166429ED1E1
24735,B6FC079B960AFB57
24736,6618188FD9EA059C
24737,8851839DE049D847
24738,21CDC011D599B230
24739,EE349155DD76BC0A
24740,61EB0F1740C8974B
24741,E20D1FBC963D71C1
24742,CB4DE3F67F14357B
24743,5028F23B4E5145B4
24744,16318AF95002DFDA
24745,0419A2F6F90EC5AE
24746,39662473702663C7
24747,64D859F56DEB6A2F
24748,29168967F42C0BEF
24749,3BE224715ACB0EB4
24750,5B1D672A85EC50E9
24751,2ACC4B875C2E33DF
24752,A5818CF4194D3692
24753,51973BBD0224B078
24754,C3ED9DA76F6F65F3
24755,524D5B210E13426B
24756,4FE9801E9F40279F
24757,7BBF108AF0EF070A
24758,75E37F5A67788AA5
24759,9F572513CDF59BA9
24760,911E37322707F9AF
24761,1D787B0540FD421F
24762,A69D964FC65DACC9
24763,3C2720FFF8540978
24764,3F56A3273DDA9DF2
24765,B25736A9F8F6FC02
24766,8B599206A692A75B
24767,F638F0AA7D16384C
24768,4214572CBA5DF5EA
24769,86BE6124FB82748B
24770,9EE8E2007F639937
24771,74DA13E6CF5AA6E4
24772,E310C5E1BB16A4BC
24773,3364E06E8E537036
24774,14E81918C36C32A2
24775,BF2F33DAD7BA8B26
24776,8FB4AEF2AF998490
24777,4BAE2990C9EA9775
24778,1BB840B0AAFE5CF0
24779,A9D1CC9A5F16D516
24780,CEA3EAC1A7CAFFFB
24781,C546A02D9D46B662
24782,E92FFD98D640F20B
24783,9466A2FDECA368A8
24784,62B4A481F2710645
24785,6E8FB37250897F2C
24786,77B0B1BE4F2CD987
24787,60718D48C01A5DAD
24788,53865BE5F2A9BA2E
24789,05BEFB1E1EE35A9D
24790,1B4F70916404DD33
24791,59EA9AD3CE0F994F
24792,DBCCA4F7928513EA
24793,9ACD6ED78B0C58BF
24794,37719040CB2B8816
24795,7AF3914CC8E7DD86
24796,4981F4528A388A98
24797,C804CFD4DD493CE7
24798,0DD6B99AED102AF5
24799,296A5D04A479DA21
24800,383FC4B10D004C88
24801,D5C1F5D8F19EFD35
24802,72D5C3FEFB52AECD
24803,4994AC9470E6AB2C
24804,AEC52553A62790F1
24805,3F80A4933BA906CB
24806,2483BBFD24FA314C
24807,4D074FE64A04806A
24808,A95730FE3A1D5B31
24809,E9686793CE7004B7
24810,523FE981027CDE7E
24811,65FBB882C2FC3414
24812,40D6711ECF3C530C
24813,4ED6ED585418E3DB
24814,AB037B61E16B0171
24815,44EA9F2E85A7E10D
24816,4EC0D50A5A600DCD
24817,FC4E7FB247A31C1F
24818,AE144CDF59B80E59
24819,E483D6322CCA5287
24820,3ECF94A4F97FAC9C
24821,8C18A11E832830E1
24822,09E7DDC2A8E724C9
24823,BAA0796ED72DE0AD
24824,9BD8B7A10E1D9491
24825,B90819E0C3FF12B2
24826,48A39D05497204A9
24827,20F7DAE30E643955
24828,4085C08DF725F355
24829,0B776E123A178C8B
24830,EB25BE1666DB5372
24831,04872398F0C3823F
24832,44372D67163F7306
24833,13326BBA48AB8D3A
24834,6A8B18E96A206EA3
24835,DD3A9F4B469F92BE
24836,D8587989394BB2B2
24837,D6375A01CC049288
24838,DB4508F77C0B235D
24839,A5D87436B394C7BB
24840,0744A0973EC7B565
24841,7CD2297D77CC3EC2
24842,DC968C90A7C05AC6
24843,2A3961ABF15B7055
24844,6A5998024517D377
24845,AC96A15AF8006387
24846,B2C7FDCAC0DA8ADE
24847,B03A8F37A244C702
24848,384C3C8E8B70DDF3
24849,41F2E3AC9B4748CB
24850,B5F2E6F9DD06F174
24851,9CD66472354DDF63
24852,FE27CC0929CC00E9
24853,82F20DFDA4C1BE2F
24854,8428826D08CB4570
24855,758E6EA591267446
24856,EDC5C719F73FB06D
24857,C0F82256A7CE38AB
24858,7F9F202749F98DF6
24859,01B53F228406DDCF
24860,E459D07F44409AF2
24861,D2677BE7A69AFF66
24862,732122550D1F0DF9
24863,6202093B9C2A10C2
24864,765358014914B267
24865,09BE4B109A42A6E3
24866,F2B33A04EF631A89
24867,35B853E7F0D594AE
24868,9B6FD132AB58E8DA
24869,C940A15FFD216C1E
24870,641C99408C0B4370
24871,742E5BCE82A53492
24872,8B4B68D60E573724
24873,C0CE30703A5700D5
24874,279DDD32DC148D6A
24875,9451EF4CB4F034E0
24876,CF6CA85F1886BA90
24877,E22BC0A70398EA8B
24878,8ABD14D09B9E6F95
24879,8D3BD6F17921E7FA
24880,7C79ABB632502B2E
24881,3CEF03AC8BD5EEAF
24882,E6388A6BDC152FAA
24883,EB892F59863C024A
24884,25D727E8CDD19D09
24885,E0BEFC8603B63324
24886,E28C1B27D54E7F6E
24887,1A6DC14685D4E136
24888,DA2630B0B1257E0B
24889,8B52A6A86A0CAAD6
24890,15D5948DB5EECDC9
24891,639F3E6ABD4949B9
24892,5C2DD322025631DA
24893,EBD320F196E8DAD6
24894,494D7E949BF95040
24895,79CE26C3868ABC40
24896,0C2E1E42F3639851
24897,4CB5741AD42C66B2
24898,5F4CCF90B73E5D45
24899,FF71A764C820B1A1
24900,749587150D63DBD1
24901,805D77003E02F401
24902,F5748AE0F9A6109F
24903,0AACD45A316F5B33
24904,8B2DACA9C0497992
24905,06712FF0E7FA44DA
24906,EF6F0F9354B8FE14
24907,508FBBC64D526DDA
24908,E7D6B36AFE04F6F0
24909,2B2B658BACAE1352
24910,9EB66D90D88CEC63
24911,E61EA5C5D209731D
24912,12405D7CC72C73DB
24913,7A27AD1B4F6702D0
24914,FB5E3420FFEED2FB
24915,425EF8D0F138C2FB
24916,90BB167F5984B767
24917,8A04AE0187CB7979
24918,96AA3B86BC24DFAC
24919,446B88865AB85C90
24920,1857BB56BF2AC0C1
24921,C05F717459F4D750
24922,C3A5F608487CF45B
24923,8970088B4611F4A7
24924,E1C1619A2EA1E5A6
24925,F595ABD6D262D9B3
24926,4B98BEB2F03A4197
24927,7F1A52F2F33D629A
24928,7BB48146BFA3ED09
24929,326CA8788727BD6D
24930,868E2004E16036E2
24931,DA16037E4EF837C2
24932,A42A7E4C18AC19BA
24933,B0E02053D4E4EA02
24934,BE45403E26324A89
24935,6A1B9A1C3CA63292
24936,46A00DB9458FACF8
24937,670C0819EBC2C3AD
24938,DBF252395451FFE6
24939,C01105C5E1F867DC
24940,FAF48A0C2C923D08
24941,4DF0C615447FEDA3
24942,8569E633D66CBFB3
24943,C37177BD51E9F785
24944,B916C1364231CAA8
24945,98F9051131D91DDF
24946,FEB6439E6C41B21F
24947,6947F1EF402E1545
24948,D435CAE1971A119F
24949,17ECEB2541233EAC
24950,F8D0E897030AFDED
24951,8B9D75314CA7D2C3
24952,B5469B6498BDF84E
24953,623FCAC4A1536C61
24954,557231C713BA6ED3
24955,B3344D874A441583
24956,C770A352609ABE02
24957,C2E15C8A2BBD2EE7
24958,B2C0539AC281E4BE
24959,5123643C562A5152
24960,0FBFBE2B6E6E0BE2
24961,F0AC94A9F4022B65
24962,6C6EF76B955029C4
24963,C2C9D4A556F255E8
24964,E93710A4DAD810B6
24965,0D381510021094A0
24966,A1165E629E81B666
24967,9900C3B4BC120317
24968,C2772F6C41D2754E
24969,2B7CD10E51DEF517
24970,EFD917106F50B736
24971,2F6FB2BF3B5EB5BD
24972,446171F6F1694CE7
24973,B3F23F470A15CC09
24974,52C8419A8A70DB29
24975,D6A3A090D1C372D1
24976,B19E317F0FA58451
24977,C84DE836FF77B806
24978,BE7361F7AD7829B6
24979,01E46B919D9F70E8
24980,C05836D530D9AA88
24981,374C2D95A5F4F2AB
24982,4D0C807C1D9B6B6C
24983,8D34DEF458BA3C76
24984,B7B3AA6F43D5EC6A
24985,940493DEB186AF00
24986,9C3D3280B4AACC46
24987,703554C2C553D65A
24988,4EDB1CA7DDCCD5FC
24989,DADA7BFC6D32866F
24990,E4476316B5B49E0B
24991,3B9BED6F0E6F21EE
24992,D69D38E9EE686225
24993,07172F3633925083
24994,BCF52FD126CC9169
24995,19DB54A43AACC8D5
24996,398829CA70DF3A05
24997,98B3E8E0398DA85C
24998,3F309053208B1082
24999,D14842648F4FF6F9
25000,98FCF0AC2E6474E4
25001,FB3C88249E34382D
25002,48D5514E193B317F
25003,63324504BB46E4D6
25004,0BB2D11C2D6A673B
25005,B3B09244146BC07E
25006,6324C4519ADFBB80
25007,E190D49BE6BBE01A
25008,73D12BFAE3C32A59
25009,730C1A7A1CCFB94E
25010,9527DC2A963136D4
25011,EB46E6E5DE91B321
25012,334D36D2577C5D79
25013,2C6C5A7BF61538B4
25014,4AE2E470A26B9C76
25015,1C6CE778BB0B6D30
25016,8AD480422947F3FB
25017,4C7BAB8857479E2A
25018,6DE4706B3AF752A3
25019,189E5FC38A363A32
25020,E235833C147FE877
25021,71E432C415507365
25022,DB94CCC5FB6B177A
25023,EE5CD441B99E7EFA
25024,8A8754CEFB04DD2F
25025,73DA2FBEFF1D7D3B
25026,DFA99C8AE0CE700F
25027,E6A52C399A53F44D
25028,D92EEDC1748D895E
25029,8854D8E1C3D01E93
25030,E02ACF488DE0869E
25031,24717E00E563BFE1
25032,5D8F3DE9FE4B6CE7
25033,B607A0CCB62014BD
25034,4F5A642FD12E1473
25035,84354807ED6A8C7F
25036,FE5BF6231F155C6C
25037,96F8C603EB160BAF
25038,97A80253F7575444
25039,61A9DAF81EC1A69B
25040,893A1C7A84375D6C
25041,71D60DCF6EB2F040
25042,D03B3CCA0E1CC625
25043,12649452EF51FA77
25044,777416BE505332C9
25045,437009D611BEC040
25046,AFA5BA32301EF2E3
25047,B3D4ECADDD2AB97C
25048,A1D9801D9220EB3B
25049,2E2D7C2B4970EDA6
25050,5FB5E124993094C0
25051,50F4E415CCC6DE08
25052,D63FEC1990F70E9D
25053,0CB48A096FE5E608
25054,805FF7C0F28FCCD0
25055,86B10997AD40AFE1
25056,81941E7732A6D560
25057,3BDEB6FE36281E6F
25058,AE09D0A96537A197
25059,48DF7986BA0CD7AF
25060,40919C33D9D82DFE
25061,28B1646489690D3A
25062,73D631261F0301FF
25063,737E4E9C2F3F1459
25064,A561D14A2636171F
25065,584F45B141B7B26B
25066,DF9D17BE03107A04
25067,83D692AFDD5DE2E1
25068,6826A39B1A5C245B
25069,601A0BAEDEB3F757
25070,A75926A3C3FDF957
25071,5B4BD59EE41744E2
25072,E0784964B9A15C0D
25073,F2FEB7FE23BD8198
25074,5F08732F8DF63065
25075,608A261BB23D4A6F
25076,574A7738B994A938
25077,9E5240E835243B48
25078,BB7B9C94942A971A
25079,81E8F405B2B42868
25080,0B0A31BD14EA7B9E
25081,3482DEBEFFEF2990
25082,EBC1995C629CC2D1
25083,9AF5D235D1B9187A
25084,920BCB364044364F
25085,711AB8B58FF3B911
25086,17292A9DFB4A9970
25087,92A3DF97ACB2C8DB
25088,30B02A837BD4DE42
25089,55886FF67F747470
25090,F4B48DCAACF977EC
25091,2E4CDE4040DE012D
25092,9556D2100F62043D
25093,83119D27223ABE57
25094,5E3ACF0900822680
25095,165243650CB41B78
25096,8B42C291730F0C50
25097,2D65CF9FAC32C074
25098,E92F95C6D07B3EFC
25099,83791C30C67BDA84
25100,DDAA1BBBD453CD48
25101,4CDB16D0AD9FE01A
25102,0D007B07F889F3CC
25103,3B1A1AAFEB922EBA
25104,62C644903487C519
25105,B02666BFB74CE411
25106,9D35D7D9C07C9231
25107,A12180DCFD2EA592
25108,5528409D4F9CFF34
25109,A3378A849571ECDF
25110,0FD1D8324E2EA5C7
25111,4826CDCC14CFD65A
25112,47EEF92C8574AB6B
25113,7FBB285BA90C4DFA
25114,7456BE9C979E8560
25115,D3A42AB0A56D56CA
25116,4973A993E0FF762D
25117,F089D06F68D8E201
25118,BB29E08925BEA464
25119,226B0DEA2AE2D9C9
25120,51B01AD2D891E2AC
25121,12133E376FAE69AC
25122,D98EA563904E2C65
25123,4EB95B1B0B71782C
25124,1C7E050B7D86A1FE
25125,81DA506B2D9EE623
25126,3191284AD6101374
25127,38D19962336E74AF
25128,533D3B32D4CA8672
25129,7737CEFE8BF29E60
25130,96A7C99A0D41B27B
25131,2EDC7FB6407C0A92
25132,84BCD83F61D30945
25133,F298C7F546F8FD6B
25134,CD97B746F37F3997
25135,8FAB77A7BB1200E8
25136,AF7E3474A576F830
25137,8007796242DAB861
25138,ACEBE6FD5B2B09DC
25139,26886D45547BF5D3
25140,20D194CB162C4F45
25141,B3285077D3B848F1
25142,0C5E37A4DABBEC70
25143,D25ABA4B9DAAB1C6
25144,61DBE2215AB513FF
25145,65944324E9FCFA00
25146,7480196444500C6A
25147,B32419DB73BF3B08
25148,30FF8470A4202A87
25149,A84B51483CB4AEE0
25150,B2A251CCA55F3E46
25151,F6CFF3C7F84A7DFD
25152,1621EF39ABFD8DB4
25153,567C0FF64B0A536E
25154,58B2E68D479AD5BF
25155,44F5193D7BB07E07
25156,0517389D85208C11
25157,3982FEE9B63D76E4
25158,3AC4213F1FE74972
25159,CF3D89E908F98F35
25160,59EEAB9DE7FD269E
25161,E6619B25F081D1E6
25162,5E8F6D19B31DDF93
25163,3430808AACE19CE5
25164,541A0AE4557F82DF
25165,AD4DF97E9E6C1194
25166,DD0C1A4D0D18CBD9
25167,C78F25941442B3DD
25168,881EBCBEC9ED10B2
25169,EC264FA2674CD468
25170,0BCA70A85E6A6951
25171,174B63B6CC86661E
25172,F5B8CC2175E82549
25173,8309A844BEDC171E
25174,06DE0638664995BD
25175,8E8D2DFC88299C0B
25176,981084A60E1CDDDC
25177,162CCAE4CDB48ED8
25178,4B9BA81F55A8006E
25179,55A4BB440A01CFE1
25180,5859BB1EF5390E63
25181,F1B07C96EE1C4CB1
25182,8356342090A4D258
25183,52499CB3EBD2B976
25184,A57D9BAA3BDD047D
25185,EA02B7523B542593
25186,691CB667AC456272
25187,F64C96B9D189777F
25188,761B3D1DCD8B4E2F
25189,8055499BB4DD6546
25190,1E73288010A76818
25191,EFAC3AD20DF033AE
25192,DA13AB1AF2DE0C6A
25193,54E807E16747CA28
25194,DE6C8649712450AF
25195,02BCA65E828E44CC
25196,F2CB85BFEB16ED55
25197,1914B93FDE1A6013
25198,2976194B8F11933B
25199,F2D6C8024FB41356
25200,545F1184D6142ABF
25201,5ADC6E6D5BB35A5E
25202,2A42307E244040C5
25203,FA8FDAD03C861B2A
25204,36EBA33A660A9630
25205,2FC5FC55EB81B2CF
25206,A1AE7F3121E1E8A5
25207,7A861E472473F454
25208,DBBE70A539352AF3
25209,18C8A9A88081B795
25210,7770B1413242ADD8
25211,00DEDAD8C0893E7E
25212,8EA88E2754E42A40
25213,B9F34384EE465C51
25214,58B9C33BFCF57D0F
25215,8A093B0F68D163F4
25216,E2E84BC362BE1F5E
25217,42F2F57B8DCD044B
25218,4B26DF61C10603A3
25219,401C8B189A2FAABD
25220,594F84F9D8EF7A2D
25221,0DC9785A843011A9
25222,3F72C2DA265D933E
25223,1B28BB5FB712AF81
25224,13ED687384E60387
25225,E0B3EB1583DE1359
25226,6ACDC227393915F0
25227,836A313FFAF7142E
25228,5A0DF7A517AE8DCB
25229,E96A1A2E61F27D79
25230,E60855A762B3BAC7
25231,93C13B6E1E576239
25232,42C83C3E41C328BB
25233,A1869774555D1906
25234,BF2165E8894F0B4E
25235,E64EEB1E1DF4C1B9
25236,FD8C1D735FC37B95
25237,2BC9D5DC9A48A75A
25238,C4F28E1624239E7A
25239,08EB38E59BF2C3CB
25240,F5437CD79C980EAA
25241,9ED3285D3523CA58
25242,97D5BAC293293117
25243,03D92CD7D60760BE
25244,F1E3FFD62E11BF96
25245,A35B5970D35094AA
25246,05C6AEFE13F0399E
25247,C85878539033415E
25248,2E818B3564468D9B
25249,C5AF0DEC5EA45608
25250,ED82A93612115A2C
25251,75D6DF065F4699FA
25252,72C7E902514FA9F8
25253,DB0BF3372A106A12
25254,2AA2B7220015D6A8
25255,1A272063AC75D2FD
25256,040BBAC07233B2D2
25257,91C6A8961D7D8D02
25258,F7460C3BCD611DAB
25259,F8232F7EB3D8735A
25260,FE0E3DF601D12397
25261,63982003EB0929D8
25262,E0507F0E0C77D06A
25263,9CE72C946C5EF3F0
25264,8F9A52127F0CDCFB
25265,37FD2DC751C89AC0
25266,EC9C1CDEABB32E6C
25267,2167537836FCC9E4
25268,1A548B52555E8ADA
25269,64E4C998A2241473
25270,DD1E59EE5015F963
25271,0F4A1543CB3F538A
25272,08555AFEA530BCF3
25273,C189520C3108BBB6
25274,C41F56B093ED4FC8
25275,81DC562C1E25B95B
25276,47880A7905E890B6
25277,FC7C771C63CB4BA7
25278,BD420031D862908C
25279,6D6D3564782B36F3
25280,628DFA7479833D9A
25281,14F900B4999ADB35
25282,4DEBE99063FA99A5
25283,F522227B6FC234DB
25284,437F1C81C68FA9A7
25285,4318567CD6810FD9
25286,D01E652C4C5C1D6A
25287,F92A40FB7A627EB3
25288,04B0BC74D8977BBD
25289,AC7128EBE7CE47F9
25290,792ADB117C8C7A5E
25291,A30DB99EAB7B4187
25292,E28DB72C3EFF5CAC
25293,7EDB39E22BE098A5
25294,DBE29BCC1C9BCF0C
25295,DD5E6163BA7751B9
25296,4B8825119AE03B09
25297,9FCE0A51C193420C
25298,38870775D0E4A4C5
25299,4C47879B448C64B2
25300,F8833E01414BDCDB
25301,4A0A4FB735B81EF6
25302,15E3592B8D07E448
25303,5E77549823DB836A
25304,165FBFF095C21AE8
25305,AFE479E54C6DC7CD
25306,24F848786F4F7277
25307,87705838083D0F11
25308,77FE804F4D970FA9
25309,39AFDDE187185581
25310,F384989671425C54
25311,B643FC75AE0B9E89
25312,34CAD38DF0AB4633
25313,7B171F53F5966EFF
25314,5A2B01402BABBF22
25315,AC74A484E4722D54
25316,91E4ECB804949914
25317,96BC028809758CAC
25318,83BFF395E1C5B2BE
25319,682EDECF594F890F
25320,FCE1EBB8F1BF0CF9
25321,2B772CE808B5BEBF
25322,CE1EF379D180E568
25323,7484D391B22DE866
25324,EEE6A0B0749AFAAF
25325,957C301E2A04885B
25326,B3E6753D9CE70898
25327,4BCDEE641AFB02AF
25328,7DD2550F73E6AE6D
25329,3238078CC89E37D8
25330,2D6E0DDD17163595
25331,149A1924CFE1E550
25332,6978B89DA7151D02
25333,2B668B59D03793F7
25334,90DC65D15CDA8C32
25335,B3E159CE4CACD7AE
25336,834693BF1FF49C9E
25337,5D6CF28B92928BCE
25338,D298A4BC4A53B91C
25339,D9DB9B19C9CC5760
25340,52C6D36B4B7E4D98
25341,213DFF976D665629
25342,72DB60B68020397B
25343,01ED99BDA06FECC6
25344,7B3EB97E23E40EC4
25345,1FFBD6BA9544CE3E
25346,EBA146CBDCAC5914
25347,08A0C29EC2AA2526
25348,0E96A54F85B189BE
25349,D796A0B05E6F0F24
25350,631A2BADB21FF17B
25351,DC02C4D711DD3F32
25352,E56AE0EC9EAD39D2
25353,B97EFFB8B9BAEC19
25354,05E32CFD0E75521E
25355,3F75274244F3882A
25356,E64178E5099DF9E2
25357,F430232CE918317E
25358,DB11547DE5493F16
25359,C525C726D006A6D8
25360,B62C4EB29EE78678
25361,FA6C23E36EB0AC7F
25362,6738C0660BB6CF75
25363,F35319524994EC76
25364,4B32555743A0E2AB
25365,0B75B71B284FED25
25366,99099872C398456F
25367,11183541F56E3F26
25368,227363E02A61C8FD
25369,ED321D95730CE227
25370,E90D64B122633CAC
25371,EC97799FEDD60B11
25372,E628047109F57C93
25373,116D4BCEA99A799B
25374,CC4A4D0DE4CDD0C0
25375,A3AFAD42476E86A1
25376,A279C307DF0EDA22
25377,B02A33A03FF4A000
25378,CA6880FD112E75FD
25379,B46916EF5A321B7B
25380,6698E502404851CD
25381,BCA850BEA5DF05C0
25382,5009E9AAAF09B3DF
25383,DA89C9BEC018C5CA
25384,35D1F08897B0818C
25385,56A24FC9D23D33B9
25386,668D737B7FBEDD3B
25387,7FFC871C3025BA04
25388,B32F4A85F2B19D36
25389,6F2E0BBA00780276
25390,5A61BC8209737942
25391,5389A703E2EE69B5
25392,39663A432A4517F5
25393,FB78CDD123729B6B
25394,D7DE9BFAF6E68246
25395,77E9C67320580901
25396,293A870B54B9C231
25397,3CC93BB920F72D8F
25398,C997C43247E6E4FF
25399,658B673DE2B18373
25400,D3FC26B9395F88C6
25401,78E2911894AA0C04
25402,F806E1859FE02C39
25403,D239183149311F33
25404,E2D5500C849CFE0C
25405,FB82B691F936DD31
25406,274AD5DF476C698C
25407,88D7EA1FE09802D0
25408,D341DBD87675E771
25409,7C85D493E6AC44F5
25410,4C1C9EEC0BA2FB30
25411,2EF1D5AD0D881657
25412,4201CBAFEA3202C5
25413,03F54B80EA25B704
25414,80834FB9B70BC086
25415,87323AA6D414EEC2
25416,DDFB5D5D20A7D047
25417,0092668CFF51BBD2
25418,856AEC6646C50855
25419,021E682A6A73ADF0
25420,24CC803EC7D4F38E
25421,845E7F4C37840EC3
25422,33DC28851BBEE8CD
25423,6D7D6F1DEE084CA5
25424,A7F858BE04FEA1D0
25425,D6C4ACA3A1C6BF0E
25426,FC8936ACEDB858CF
25427,54E7405F80B298CF
25428,A4B370FB2C3F89AF
25429,66330AA53D6564EF
25430,DD492BDC72B8A414
25431,917727132445C4AF
25432,10F82E06B6964679
25433,431E6622DE8BBF99
25434,65F2F11CD0B7B48E
25435,A760BDFC67A7C650
25436,53161BC2448CC83E
25437,FE58F101F383C5FE
25438,1C8D15DCC51438E8
25439,7A57932437CBEA6B
25440,1F6357E5C3C2043A
25441,93F0B8CF44E7EAAB
25442,B6ECA9158E1121B9
25443,D7102D9892EF4AC6
25444,ECD54703EF2CE016
25445,19453CB1543B084A
25446,3FC255A92879AF51
25447,16A0C134863A5917
25448,D715840B55AFF08D
25449,A59242B4BF908B3D
25450,4182BC0932EE3D27
25451,626067B82EC60570
25452,8E36D581BFD73934
25453,031D17CD45A23053
25454,40CA350BB76D0441
25455,E36CCDA2543F09DE
25456,63081E89DFE6B821
25457,FCCFBFAE43B52FCD
25458,17C2B4E038A72BC7
25459,EE4634C18627C3B6
25460,8E978671A5DC4361
25461,16F7BD10B03ED1BE
25462,562D634053F57B88
25463,D08F7CC916B5086C
25464,04DC226863598F55
25465,E17BD7CD79067945
25466,CA761C65340D8EC9
25467,78D3AD4EF886F849
25468,E9993B29DFDBA7BD
25469,3B58A1031AD654B1
25470,6B220CA68E517083
25471,10535E1BF5885BF9
25472,2B74790FD1DC1115
25473,99054182E8592B7D
25474,4FC48592357B9AD5
25475,189C3E1DA8B021DA
25476,C441FA75B75E2F42
25477,424067986FFD3389
25478,A91620CC224612FE
25479,E73D6D65F09D5A02
25480,53166AAE574B8922
25481,DD12CC7E07129D35
25482,6BBCD528B89734BE
25483,FB7DD09885DA29A3
25484,048CE214A9305A53
25485,DC77C408F57DCF4E
25486,614BCB02A52F337E
25487,C59C90CD1FAED94A
25488,6076F9830F9C8AB3
25489,0E942928A540B203
25490,44AF3EA5761C55CD
25491,0D893290A180D8D8
25492,6374B194D65A9726
25493,EE6C830146DAA50D
25494,15EA9F2FE718E181
25495,A7ADE4A3C1A5B8C9
25496,C764F0224940E070
25497,B40777DF26489862
25498,348E20F1F9AC2E20
25499,9B6DEEFD924AA1B4
25500,108C67A4B2C9AC2C
25501,9F287F2FDCA65729
25502,53FE52CE001CCA68
25503,919EB38E8BBBF66B
25504,0C2DA2F2329E1E2F
25505,741BCA64B6756189
25506,E03EC9F895D2ED27
25507,54D4E508F97B9862
25508,E3A763C1D300EB28
25509,21701F67D1374416
25510,C9DF64432455DCC5
25511,147AA3606C6E061F
25512,0676A5ACCF67C6B8
25513,C62F39F795665E5D
25514,B6E6A9EABC8F3E80
25515,239E4BC7AD9F2C62
25516,BF3EF2456C62E036
25517,BD5367D8AE8B078F
25518,B37637B304D9D32E
25519,DD4A0329AAC35817
25520,48552A9F8CDDBBB8
25521,B2CB145A103425A0
25522,0FBD1DB287A4E7B8
25523,92048107BDBB1DE9
25524,36C6F17BFDB1AEA4
25525,76804707D671C94F
25526,8B7C809290DA1DC4
25527,96A1DEA781824603
25528,5206D183FAEFFD3B
25529,1059B6BCE005FDDB
25530,E59F65ABD9627F3F
25531,4705D589ED453151
25532,95CBFA44FA1A8A60
25533,38EF3650C7493537
25534,15F5D17D6ADE39CA
25535,9301D19EF2172920
25536,4E52FF0BD84F5892
25537,2ECD925B4C888AB0
25538,686510F500B4482B
25539,57686E8A6B0C05B8
25540,13A93702AF17F9BA
25541,4ABD9775D2977048
25542,1E89B6DAD04B2C12
25543,610C6069FC6602C0
25544,E5763C853943B76F
25545,B07D978BB4F4F51D
25546,61782C02E8913449
25547,DCDEA359AEAFCDAC
25548,9EE247F09D863EDE
25549,FA11E3D82E8C2556
25550,0115EA358E248FF7
25551,9F67F3032DB63D3B
25552,FA304D6EF86D4337
25553,307D058B41691E28
25554,C84A222B3FC35587
25555,E4D43222328296B7
25556,FCF726D412D73AD5
25557,07F04FE79FCA3CC8
25558,D7EF32033F81116E
25559,56A877E7D520AB6C
25560,E56A2E515D8E2AA2
25561,25312D0E014222BC
25562,866A007985804333
25563,519769A97C766446
25564,1CA45B6D79F0697C
25565,12F799FFEE35290E
25566,2DC87DFEF0EFDDAD
25567,F7C157B051FCCEDA
25568,3E84A05036E6DC46
25569,20E9ABEE0ADD5207
25570,FACCA3E9EBD44CEF
25571,6285D483814F83E6
25572,93CF76DE9E1F215A
25573,F9DEEF2EC5227B06
25574,7A593BF51CAE042A
25575,3DFD9DDB7FBBA942
25576,D238AF72E7994D18
25577,40CDF8E52601903A
25578,E113C35D55A41771
25579,BC95CE8151FD6E6A
25580,E9CB830454D96FBC
25581,833D4640C4EC1097
25582,BBB6CA02FAE45809
25583,2EDCA9139249255B
25584,2431FED983E9AC0A
25585,BF82A3D8F3C36660
25586,4BFFB7300E6074E6
25587,254397BEB118AD4F
25588,BD08544E86AC95FE
25589,405C3EF1ADDE11C3
25590,4E91119C160F9610
25591,ABDEF9256E706E81
25592,EF6A40DD5B3AE03B
25593,9DDA1D05E6019005
25594,2B8E46EF7BF6EE6B
25595,2C6252DD9310D51A
25596,A419769F553D7B58
25597,167A5B1764222552
25598,012546ECC2AB58C3
25599,E1609E74F57D8CB4
25600,D534F4D780D07DA3
25601,D59F47D50E4D9F33
25602,43DB065E46E98056
25603,431DAE5588680404
25604,C59C47EBDD16A0B4
25605,2F2FCB466CFC88CC
25606,9355384EF72436A3
25607,770E346C3170931F
25608,6631BD00171222EB
25609,211AEAFE05CAFF74
25610,C2D42C29658F98D6
25611,5855A490723D1986
25612,A0C6C935A2891D7F
25613,E709D8991DC959E9
25614,BBB58BFF80C114EB
25615,271DF451350A3E51
25616,5563258BCB85BB2D
25617,ADB694109AEC07D2
25618,B3B7B40CDBDDFA05
25619,194F7EE1D6114777
25620,9F7B9744818831AA
25621,3E7850344149FD9B
25622,8EF4254EF728044B
25623,502B0DFF30541FB3
25624,1C6290AC9CFA4E83
25625,94A2764E3A2FAE6D
25626,F3816D7904840EC7
25627,DF24FC9702758172
25628,5E8692FF62CFB51B
25629,EF9D56512298B17D
25630,FD9A663D8F30D40B
25631,59FFAFFAF2C5EE56
25632,47F7F6B3677E0766
25633,50678DB97A48149C
25634,1417B9F6239B0675
25635,46B059892B028A0D
25636,44AC1791B4F9CBFA
25637,E81EB50A7D8F8883
25638,F0E4F41149F36B13
25639,441821B13FEDA3A5
25640,18A548662A8C0E16
25641,03B433C83C5F6723
25642,0928B2C3B35B2D92
25643,768E00C4E53CDC0A
25644,5842FAC9ED48C4A1
25645,925EBB0EF79C76B0
25646,818D1EF377A87FB8
25647,CB52EDA7611E9118
25648,D84CF90374FC1CF2
25649,C91C5FB5611DFE0F
25650,160DFB20A9FA0A8C
25651,A22403D3F77A407A
25652,AA04153968ABEEED
25653,B80DCA0EB63ED2C7
25654,55D1D6EE88D5B98E
25655,31A246F219E1F0E7
25656,279C80905D358D69
25657,E82DB22C62D3918B
25658,63DAFF0161DD55D9
25659,4AE5FE8BB93B9FE1
25660,A4DA286D6405AE3F
25661,195B176BE456B497
25662,19E8A39E2A0FDAF5
25663,3995AE250C0BDD29
25664,710FFAD60297AC1A
25665,0C86037B8D6C3F0B
25666,8649D22240568F15
25667,6C8DDE3A64B2CE58
25668,D179EB03BF37C842
25669,4FBA75DF5E9DC017
25670,A232CA7C631B55C0
25671,1CC09A7A9B180960
25672,6F8B689B5F9CB81D
25673,25C6A525FC826634
25674,9F3BEC2038AAAEFF
25675,C81BDA2E3D49D461
25676,FBF96F2C3094F0ED
25677,BE70E439F97B07B0
25678,25B1A05CAA31F108
25679,E017EDDA97B32D2E
25680,72BF51AE3228812A
25681,CDF5791255AB19B8
25682,A5C4C64DFF087FBE
25683,A16C146BF85F5696
25684,B2CE89232ADCBB22
25685,D236617567DA74B3
25686,966262659710DA5C
25687,0E13858400E6C05D
25688,F9A068E0AC4D6DB2
25689,AC7064C6ACD09DAA
25690,B95ED61E7FBA389E
25691,7388B6CE692C262E
25692,67C2C51A3E0C2D04
25693,C37683F0037403D3
25694,A65A24017151378B
25695,DD4C07DECED453C1
25696,BEC5BD6809C5E65F
25697,896C3BC9B367355D
25698,86837B0C5A015670
25699,519C59A2859FD79F
25700,C64AE7D80F26A156
25701,2DF7720250344FEE
25702,58D14B156096FDC0
25703,41ADAEE28CF7BC29
25704,6D163D7BD0D632A3
25705,A8AEBC29E36DA9CD
25706,7030C43861406EE6
25707,ED2FF69F47DF111D
25708,89BA202929150C51
25709,A6E2063B9174277C
25710,85818121F2009353
25711,76708D0FF3D3E1B0
25712,EB2A6E2FB1F85605
25713,7920F5F5F9F277EE
25714,0EB16507EDF8835D
25715,6EE47F1F0A744D2D
25716,AFBA218C3C3DC80D
25717,EFA7CB81943D02BA
25718,45F59EFE17AE3807
25719,8B492C23D8566F9F
25720,A55B847F0B63B7FC
25721,437FBBB2F82736B0
25722,9532531515938573
25723,5F85BCA371EB5051
25724,C33DF1F5E3C1C27F
25725,127FA72349C0B95C
25726,C15B91D5AC393E16
25727,E223CC391F93EDA0
25728,AC56CF5F214CE604
25729,CF6AAF49066F82AC
25730,A4068FC75E735F55
25731,2CC599A1E6090749
25732,65B13831A564AED9
25733,E146FBCB68F0CD50
25734,65F43F8FFCFB28A7
25735,6E296F7A58CE60D7
25736,58175D83E3EF245C
25737,D2B5ADAA7FF0325D
25738,11EE50DF51F8A07E
25739,04D6BD642D13A0A7
25740,2971D000E416FD1D
25741,8046D7D2BD8892AE
25742,C827F01454EC30E0
25743,0F0E76BF3FFE05E6
25744,B8D5E9E4FB24BD6E
25745,6301D3B37FE7A68C
25746,8A04C1630A575BFC
25747,391860601613BC28
25748,5036B98A175CF53A
25749,B44864D87B5AACBA
25750,AE3D9093818D735A
25751,331EE53E747070B2
25752,9AA64667C7123B28
25753,4A9CEF2751AD7A15
25754,8F15208444FC2313
25755,CA51E8042EC47E59
25756,A9A55B145B7B6580
25757,4BE90AAE4C528AE1
25758,5BFAB1B15AD987CC
25759,B0ABC7A69E5FFCA8
25760,7AE5FA6EAC0B79BE
25761,5A8D41950A336425
25762,686A3E8049FF4EBF
25763,6F8B0297FA1F4932
25764,0BEFB670DD2DB6F6
25765,36DDED20AA85C3D6
25766,E38333EA2DDDB71B
25767,A2228A0A5124BDBA
25768,A928652423111360
25769,5608945536218EE6
25770,E0BC8FD0D1A94C54
25771,63F256AF6A661A73
25772,9037141FFE20961D
25773,C8EF026F1DEBA18D
25774,C526B672D8D0E13F
25775,7AD95A790C078452
25776,6A5EAC4C49E1B812
25777,0B1D495C95983261
25778,AD6205DAE11F25B3
25779,9AD6BE3730AD619E
25780,0E642A5D3917468C
25781,9FB684406312E73D
25782,881827E98DD7B05B
25783,8AE2CC5B6305E0AC
25784,F5404988B22FCB51
25785,4EF710A8399D0A7D
25786,981F583CA5336098
25787,AC36685CF358A194
25788,035A4FAC13FBE9D7
25789,DCD92EEBEF2381EF
25790,4FAADE53BFDD7FA8
25791,B0497E7178E65AED
25792,F4141A500D16977E
25793,24E82FBD87594D48
25794,A736BCD366CCE377
25795,9626B5763BACB324
25796,DA9E2522F7433521
25797,BB0CE19298D7350B
25798,8ED4AE064604CA5E
25799,A73AB49FFFF1008F
25800,E0828427F218AEAB
25801,EA291B5DCB1A5AF6
25802,EF20DBA2F8993A98
25803,2F7B9D2A3D3E20C3
25804,2B0C558EF216CB03
25805,9E6F0C705F1F74D8
25806,FBFA0606D32B0973
25807,A5BF8C90BA2FA3CD
25808,5E5091172F28A0B7
25809,E151268C8E471461
25810,C8AB9BFA5927A393
25811,B2BE56B10542889E
25812,F67B1D8EF6796040
25813,A26059BEDEE63EED
25814,BD5B82EC7EB7B282
25815,BD9079EEF2798B0C
25816,DC9A3B34EAA52DB5
25817,6A2F980657BE0811
25818,C195C0311851BA49
25819,87BDF68B8FCF4F22
25820,40925A78A890627F
25821,05C17F50D3870E94
25822,D9549B5C0B10F27E
25823,11B866050C7DC6A5
25824,87B15F161919EE65
25825,779A19E18F6FC230
25826,478628237D861A0C
25827,418DBE759A603AB6
25828,3EC0E9DA0B37FA14
25829,734360F0E50524AA
25830,47A6914703FCC146
25831,C7F2D03957630375
25832,75E20B280A1D9C8D
25833,88FA46EB05F3B716
25834,3289E0A345807480
25835,EF67D712CE304FBD
25836,33360B0620F9A9C5
25837,4E63D668ED4300E0
25838,CED828554326ADBF
25839,1C2692704F7B6E61
25840,27B595149850B9B4
25841,5BE3CCC6441F11AA
25842,E31C9217EE8C8844
25843,3D10873E812AF78C
25844,29890A79BCA9B933
25845,BBDB406132407585
25846,EA191C14DC433BB5
25847,0823F87432A52408
25848,488B49F1A609BD61
25849,A427EBB189202CC2
25850,E2FC3CCC221BEDBB
25851,178EE97F145449BA
25852,35B7F4FF54264E15
25853,150EC941206E6D77
25854,D29A3AC4E589431D
25855,2632C2A4FF8E40D6
25856,53FB877B05A99CE6
25857,4BBC056E1CC3C080
25858,41BE8CE580AB0537
25859,DEEF72BDA3874B3B
25860,736A01EAF3896202
25861,AD9EE01A4ED7A6FE
25862,C852E4BF96E52794
25863,643C2C1B3D978B69
25864,16A04A915662CC6E
25865,2F9A6AE5E5B450C2
25866,430C95B37E64907D
25867,FA21B229E75CDC03
25868,D94E56F4A64C9AC8
25869,9E3E0313B3A72C63
25870,44273AEA38B26F6C
25871,38497F77336F1266
25872,B527214C94A8B91A
25873,F1A8CB3B46A06EB2
25874,E1FFDFADD7AAD371
25875,A1167307EFD7F42D
25876,15B90D0A74A32205
25877,4B6387F0E03EF4DA
25878,B13BF2A87053AE2F
25879,BF1A1AC343D877DA
25880,34BDFC5E592A82BC
25881,2D94C75574B6623A
25882,5CE2C29A69656150
25883,62449E5BA6B17B86
25884,81B8182E66CF2DE5
25885,9298208049EE7561
25886,D3289D6189ED82C0
25887,A1B33617C6CDC05B
25888,3AF5A62A077DB671
25889,6E6B5D3F8FAE0A0B
25890,A2D4848C4268EA92
25891,18D304D3E56A032C
25892,F49B52199572E33E
25893,3620A32B3CB6A8A5
25894,AA54A17EF54D6444
25895,B0D09BF0718FCA4E
25896,AEA75FBC2416C5B6
25897,ECC667B2C793771E
25898,0AC58AA79347D3EC
25899,57136EDEBDCFA4AF
25900,92E7CB9C1F358871
25901,BC1E114627201929
25902,F5524BF200A53F46
25903,D3A09630A51A8617
25904,CCD880EB4B5E291D
25905,73940087668EDA8A
25906,3163CE935762CE13
25907,875F20A25ABC54AC
25908,C702AD55D238122C
25909,5A6CBD14EA145D08
25910,3424F5845DDFCCF5
25911,8ECF26A2295ACB29
25912,C595AFC615A608EC
25913,4FEB1AAD58CD0F06
25914,47D0F153245EEA1F
25915,AB3E677F99C51C24
25916,2AD5D907B14737A7
25917,9485881D89EE90BD
25918,2377CAAC0646E783
25919,FC19B4EFFD95011B
25920,5A7B0330E06B385F
25921,4519141637B64540
25922,2ACFD3D65A57C118
25923,0BC5B82D1A7E3C74
25924,BB1D8FCB733E1FF9
25925,DEC0667512CEE857
25926,EE84281710BA0C2B
25927,3693BD5FF3E5C764
25928,9EF7AD116F6026EA
25929,441037915E86CA58
25930,B0D98F651F70A500
25931,06E7FF50ED29F1DE
25932,263006F3BD14F175
25933,E80D9E247CDE0E9D
25934,807B0DE074A3F22B
25935,4D2A247AB71B43DD
25936,A3219337F6923748
25937,5B1852566E6703DE
25938,EA4259833AED2F32
25939,41894299BF4BD128
25940,3B9EF46F5A029883
25941,06F082DE71A3A622
25942,FD2E845719A81082
25943,4FD227438E61E9A9
25944,603A717516041836
25945,7568CC5F254C5541
25946,ED1112E2C8D99655
25947,B65DF46840A4D12C
25948,46E9442D77DE75AA
25949,EE9F7675EDC8EE5E
25950,10BAC493642CD7ED
25951,3057E7641CDE54A0
25952,92946B4B0C5BE536
25953,AAE73B1EA8A407CE
25954,F61F4B84CD0531F1
25955,A4EC6FCF54AB81F5
25956,7668200AA528F6BE
25957,DBA8C5466242BC8A
25958,3F62D07C362FEC03
25959,2E4053473CF621AD
25960,C15B41AF47A4AE54
25961,304A4EA7BA6612EC
25962,7C18030E0A9B9621
25963,427EE284DA38A2A5
25964,20312BB6844D13ED
25965,2BEAF799D9E1306C
25966,C3A32BEEE785B358
25967,CC8701D494A991D6
25968,36218494E62D454D
25969,EC4C4AD8C1E88786
25970,79FD695B4160614D
25971,3112178B9872C82C
25972,1B7763AE9353BC36
25973,19A688414E59C506
25974,116E3399702D75D6
25975,79E088FB982F0C9B
25976,F17F2F9CC18246CB
25977,18C45A6AB68D0B46
25978,077C7FD306FF31C3
25979,1CD104BCB60BE9D5
25980,0A14C9F9C4D0047A
25981,4E5A958C77204692
25982,3E1DC804DE649FBC
25983,DCBAA4D5EDD0C5F4
25984,E6E6D48E360B7A4A
25985,58CFDCD8C62BC4E2
25986,36B6C0AC32368403
25987,DF2B2CFBE07A033E
25988,A77D7E41B64AFEF3
25989,83749005F2BE6777
25990,B217F9FAB991EC28
25991,CF7EF46A6D654D8D
25992,6D9CEB819BE97D7D
25993,2F39B1CBAFE65AF3
25994,834CBF6D541BA7B5
25995,05DD81185BFCB260
25996,6E767CF894F54B2D
25997,B6E450451790EADD
25998,7FAABC70B260DDF0
25999,C9F2991AA42A75FF
26000,E4BCCBD6F933C733
26001,844D6BEBD39DFE54
26002,FB04CF1D704D9CF2
26003,E791F37AF262D192
26004,81642F9C4B0879D1
26005,1320849BD93574D9
26006,AF98D9FE3C1CEE6A
26007,9BD122E7A4437268
26008,9F8474CE6CEC5007
26009,AD218B8F6467AB6D
26010,556CCB439859F35E
26011,7328737F1008096C
26012,28F3E42F3A406242
26013,CFC44E9015794382
26014,961E0034EBB567E6
26015,B71C59D035D321F1
26016,93E56CAA99AFA41B
26017,9EECA0114838CF41
26018,4E937AE0483777FA
26019,F0CF7FB446593790
26020,3FA5023EF7B8375D
26021,0352C9168937F6D0
26022,74D17B2F6640DDC6
26023,998EF77F01B0FD2F
26024,E7F95E6133158F43
26025,14493874FC307B04
26026,78141301E4C9E7C2
26027,22FAF28D0635D85E
26028,B544D810A6C1B5D3
26029,9DA186B29F20764B
26030,AC7A66D25BD91D32
26031,38920491647CECEE
26032,2FAD81619267F379
26033,17FB6FB513A8A7D0
26034,45AFADBD447AC784
26035,F3240A3712BBFD5C
26036,4AA7EA01CE213480
26037,468AD5700C9CE393
26038,20F35D2B376E1B1F
26039,4F82831696685E08
26040,6C9F2D6A79860A18
26041,378F690B9A765949
26042,C8C238D2BBC66332
26043,4859E7972D26C4A0
26044,6D745EBD1778ECA1
26045,936B8E8C22864D68
26046,266CE3D4A3667F35
26047,DCB7F71BCE972AB7
26048,E4E2560B3E4241CE
26049,9FC8BC3B7850D009
26050,4F0FC4893E7D9C38
26051,055A521E59A95086
26052,4C60768E1677768C
26053,2E5DAD6C75655C6F
26054,570E6E856C54DC7E
26055,67CB22A208A8BEC7
26056,E662C218461648A5
26057,C5AEC0789047E697
26058,F78D1034954A04B9
26059,2D4B077AEA49C26A
26060,E043F62AA11A6731
26061,CD26B615F1169EE9
26062,5CD9C65D2B71F2F3
26063,C27460CBA0612476
26064,94DE427CE546A1DF
26065,9AE8B6C2E86B96A6
26066,69CABF05563A5A72
26067,7755BB007037E3E9
26068,D66151D431B583D9
26069,E0CA91F5D04815E0
26070,28BA43276507B66B
26071,A899C69FCD071D3E
26072,F31378DE1E272AF9
26073,21A6A7BA65AEDA6D
26074,419118688644897C
26075,7F73DA3CB4E97991
26076,A1CECD267191C594
26077,F7DA00570C47FD83
26078,A68D018355481602
26079,0C5A68B861AE5CFA
26080,AB099AB0F9BA2129
26081,B2D294F3FF5FCC09
26082,C541236876B29A81
26083,8B9AC6F825C56E48
26084,5087D871CDCBBA01
26085,A894C7B9ED3BCE0D
26086,27415945A5211609
26087,1F9C7A018D0C7D40
26088,5B7EA832B0513A7E
26089,D67868D9304D609B
26090,3FAA83AF48459974
26091,CFC8F817269ADAE8
26092,08581BF3E2FA49E5
26093,0CCFFB3FCFEE6B7B
26094,31C6A90806EFF3A1
26095,71399C054DC1F12B
26096,9EC136ED04CFE854
26097,2BA56C2E859A092D
26098,20134176211D1986
26099,0CB8A705188999E9
26100,BCF9FBD0D62ADA1F
26101,5D9F9E049BF4D49D
26102,9828433122941698
26103,10C6580A45CA00D6
26104,CE34E9A3834EEFE2
26105,CAD55397523E2685
26106,D2879317BE468C17
26107,67A3A12E2FF291D5
26108,6DE569C3ABFD07B9
26109,F2189CB3407219C6
26110,F99C11DEF6CCA128
26111,A34003A0536C432C
26112,FB137A795475E99F
26113,10FBB4F7BE5D5494
26114,A6781D7EF0A9E790
26115,BC7F7DC6D85787F3
26116,CF6F63CFE68CB08F
26117,7BB24A195DF6E08E
26118,B92AEF02F72B3B02
26119,66F919444DD8B946
26120,BFB4B091B74C3297
26121,6DE3993EAD9CC516
26122,977B2A790770A232
26123,5C53ACD921BAAE2D
26124,88746694205A8264
26125,92E351E5ED89A912
26126,F5451F0380CEF545
26127,5F40D8098C635290
26128,FC5E0F67FE41A283
26129,311E3E155A9FEA47
26130,9501E24592DDF14C
26131,3E68F92D1268E528
26132,937088F15C3E00C0
26133,F9797769E601EBDF
26134,631D41800C2FA6B0
26135,D754020B12253B3B
26136,62FEADC087A5DC8D
26137,8B13E275F39257C2
26138,1F58A08C47925725
26139,0B24EF26541F6E7F
26140,4B4A0BBBA74C3B6A
26141,55D19B1BA67890B4
26142,8C28AA468D20AF88
26143,5B5319B21E7AACD0
26144,46CA9A350F2B4358
26145,04B72FB47B524862
26146,F3112845D43E7B38
26147,567652B0178E3ACF
26148,A6DA771F6CE28263
26149,1D6168AC6801F4F2
26150,E1E66C5AF0FBBF54
26151,01E74213543FF977
26152,5FFD046E7AF41486
26153,017D03F52C525E9F
26154,931C550B283C9833
26155,7AB8452304E5432E
26156,04CD003A868BD89D
26157,CB9BCC2131DCA54D
26158,2A354F46A52E66D5
26159,CBFA7EB91ADD50F8
26160,22B4D14C594BF2AC
26161,88AB0E269517D9F3
26162,2FF905F4B23022C9
26163,98644497BC492549
26164,C2D46ACF0AAAC0F1
26165,3ECD1881804F922C
26166,0E184ADD306DC4C7
26167,013B224BB6212608
26168,9ED3133F577C02DC
26169,ABC3E1D1B335B6CD
26170,CFA8F95FD453B0E1
26171,4F3A0B832A437866
26172,075242D1C7ED03B1
26173,F9A5E27C0AEF55DF
26174,E50C4066041888E7
26175,2641C02B978D1CE1
26176,BF69390FEE6177F9
26177,AC8862566C9E73A6
26178,E4BD01934B494F4C
26179,F5C3372442B02311
26180,FA70E8D910BD1749
26181,052431AA380CABC9
26182,643DA0252D434B50
26183,804D63686E94B3C5
26184,204D07A2FEB1454E
26185,679E089022831DD0
26186,1F9E405C9BAEB404
26187,4D1C4E6B3DA8A1E9
26188,CD29E490D82D645D
26189,6EE4ABDABF2B9208
26190,39BAD55FE6935CEE
26191,083F1AD0517305A6
26192,3D7C811E2C948671
26193,7CC3B73FBBE8046C
26194,2C41B590C155A015
26195,FBAD12B3A313BFD6
26196,9ADB90E8640C62E8
26197,014D4B8D4AC8236B
26198,96825CB784CDCF46
26199,FFE7A10FD3D9E16B
26200,79C36C2414A079FD
26201,2DB9EEB9C84EADE4
26202,60C454E39C37F3B9
26203,771F17266CB27E9C
26204,3FB25872F1839BDF
26205,9C9DD2E27BB688A9
26206,4A4B445AD3C20447
26207,D54E02EEC7A39290
26208,2726330DE25ED9F3
26209,17216A155E5F4221
26210,EC900877CF07043F
26211,91225E02E563938C
26212,A3A8088F5B9469D2
26213,B7110E7994A4C0B1
26214,D6347DB906CEA415
26215,B4D4E28928528AD4
26216,9C78B3F956AF8EA2
26217,400C17D21A333D73
26218,A1459C8619CAF298
26219,0FD2248E401B8795
26220,317A10E9E28689FC
26221,A714739741653EC7
26222,73726592C38B1173
26223,06F75BD3EEEEE568
26224,0F4C7915B265365E
26225,BDE89BF13EBFE81F
26226,5617719A268D59A6
26227,6501B3CE61F9A1F1
26228,9CAB16CD73D223AB
26229,59DCD2BF593C5449
26230,7F2E144F7C773DB2
26231,CA39FCCECB22D59A
26232,C285E8656C9FDBE1
26233,C823DA94ED9D6CB3
26234,94C40535225E682D
26235,94BDC98FF527CFD2
26236,6DED5FDFE8226124
26237,40283E125145A5AB
26238,6B511F832D1CC9CD
26239,C48CB97AA75D073C
26240,28D9D323AECBF372
26241,8AB31BF44120384B
26242,974081BBFBA7B6C6
26243,85CDE99A9627E574
26244,4D5C8F3F823ED375
26245,251DF9649621219F
26246,C2BE1FEC9840187B
26247,7DF4EC686D8130AD
26248,44391CED3D1E045A
26249,1E511C1CB364AEA7
26250,3D294596E172EE68
26251,FB76E5227A54AAF2
26252,074C4E77C7E075CF
26253,96FDF570E9A227BA
26254,335F14C9CC85E0AA
26255,1F361C6BA0D2CA16
26256,7C05B90CD8DBB93B
26257,54E1A1DB65A07849
26258,12075DB9DA7CC1C9
26259,86E0E2E6E1C881B9
26260,F79D9CE7859CE93E
26261,6FA66DB3353076AF
26262,CC90ADF4C687E592
26263,ECC22B7C96B19BE9
26264,9473C93513F3A5EE
26265,25AA4570E99E233B
26266,B230F55ED548F25D
26267,5EF0EA2466ADFCD2
26268,6935A36E6BBF9E79
26269,A003D07C59178A89
26270,97C18FBC72D7D587
26271,793922267737B281
26272,CDCEDA3046C315D0
26273,BCBE489FEB710E9F
26274,F36C48E6C0128763
26275,98E20E0A54201748
26276,C5A9C351A82690BE
26277,1CED85BEAB6817B2
26278,3922089FA535D2AC
26279,633119EC5FB844BC
26280,22C61EE26D97A6E5
26281,49E90FA5097D79DA
26282,D6F23A7FA0AB4440
26283,1BAA8C1FC757EEB6
26284,DB19AB9FA3924E5E
26285,255F87F5CAEC4062
26286,1344CD14B3EE192A
26287,271D46023B769750
26288,0ADD9E32515ADD57
26289,E144DB2ED01D1868
26290,D53716CCCF054F6B
26291,46DA9D5464F0D078
26292,D4F02690E9460678
26293,A468A9DC61B0715E
26294,A103CA679088E4D8
26295,AA0FEC746FBF757B
26296,36BC2274435B0AEB
26297,FB4AFDB2F332831A
26298,1ED2878B8321FDE4
26299,088A51292138AF86
26300,AF849BACD1BAF073
26301,536B12A08D163EB6
26302,70DE97AE273DB3BE
26303,6E0C218A66A7E0EE
26304,4F39E5310BE73129
26305,8390F78F241DACE9
26306,61CD813700A58AA2
26307,97BB2A5067C11526
26308,0AFBBBCF7C4232A1
26309,41BAE7EBECCF7437
26310,089F9AE3D0167A6F
26311,F4C2B08594DD74D2
26312,9F4F09BB556A5063
26313,C00DB8E8B4E4A82D
26314,0CAC86F30EE5BBE6
26315,C8FA158696424719
26316,469EFAAA2FEF32DF
26317,61F322B4D432DF7E
26318,9D931B7F32A41010
26319,F6C8FB18D881D5DB
26320,39F71CB39D1F86D8
26321,58BD692EFE928241
26322,25ECA211C03D5654
26323,9318AEECB2938994
26324,14D122FE8F91E2B9
26325,D06FACE696AEEE1C
26326,72CACA1AF758B1E5
26327,F452B2A240A55EC4
26328,30DB942469804A10
26329,5E91F0B13BA821F6
26330,77A2CECE44E6653F
26331,8E24EFCAB6C32AE9
26332,2E777BD3DBBE12AF
26333,C53E7D5E966A666C
26334,A2B39D30C34E7311
26335,641843FEFE2EBF25
26336,D5CDC6FE009F6085
26337,DC429A4CFBD3B252
26338,2C1F0C49BEDEA3C5
26339,961F0F104E3C5329
26340,6950A49242CC4B6C
26341,18A06820DD03E6C5
26342,A8B599D54C9A1403
26343,760BA994AE6C23DC
26344,17DF15884FAB57DA
26345,A73F28FDB49F13FF
26346,3A64420753FC7FFA
26347,D384758C83AA898A
26348,CF5D36F03D8E76EB
26349,7A96322B9143DC11
26350,04F2BF9406408A4F
26351,45F934C498CE95E9
26352,78C951D8C45235DA
26353,D33F1234142E82FC
26354,BC539F75ECFD46F6
26355,71B10EF99B521763
26356,02ED4A7989E38BC2
26357,D988AB16B1910977
26358,7CFEF61AB3E7E040
26359,96DFEFD992A64A1C
26360,9CE223C5E9114B12
26361,8C3CEAD72C834FC4
26362,CA841BBFB93FED9B
26363,942E3EF0EC14341C
26364,B5818E3FB1897998
26365,8F6C5758074CCDCE
26366,FDC15D9A3D666C4E
26367,F985EF8687A0E7A9
26368,5F150FE63A5D371F
26369,52A8D9B732E3DF34
26370,75170A25560F655D
26371,BDB119E2AEEA9AD6
26372,60C9740AE4EBDC52
26373,CEF9B6C39C28C55D
26374,5A1155C36926A6BB
26375,47103E65C9E6448D
26376,CED46B893174E912
26377,EC643DBB535870A8
26378,36F9875128DBA8A1
26379,2B3EDF77BCAA137A
26380,B6B01EE6801D69E2
26381,A8C5B41957C27D46
26382,5297027CBB918D9D
26383,DE18107C27647CDD
26384,A57AFF6D7E7A1B3C
26385,C5E234B4DF682679
26386,0F534C4ADEB910B6
26387,E0F6A76E6EBFB5F5
26388,BBBE1F5E6A40E400
26389,28118E233CD927F6
26390,8E657C3AD50061E1
26391,8AE1C3B55BC5F354
26392,4FDA8417B2716DEA
26393,196D4222B87FBC94
26394,4021E1702BFE1131
26395,71AECC4839FA902A
26396,8DA8E34D65DF6F87
26397,77CD55CDF34C6A9A
26398,E2ADC9542054E5AD
26399,9A0519677FEEFA7E
26400,208407FF05502E68
26401,7566751171A95713
26402,D42D331CB466F100
26403,044F699FBC9AAECA
26404,B66BE6FEAE85798F
26405,3308BF4440C0EB9D
26406,9E3839517E839FF8
26407,EE8560FA1B16F96E
26408,1B001CA92B4F9A05
26409,6785BE8EB21A8BC7
26410,1DE7733B5070B082
26411,F2551034AF06B336
26412,FD3FBEE4EF7C0D7A
26413,77E9FDF11AAF695E
26414,2DF209733D39DFD0
26415,18540A5853198D7B
26416,7C541D2917644467
26417,02C73E1CC1D0FE50
26418,1681F908EE6B0499
26419,6DADCC87120F7C1B
26420,1FD2814FEB9160EC
26421,C5A27C7322DEC133
26422,76C51AD2EC2BD2DC
26423,175D4C50552F486C
26424,CF02D2CC2621692D
26425,022ED49C5E2E22E4
26426,E07D894F055AF79E
26427,30E1C054EB5C7599
26428,2011C7C681D2E6F7
26429,AF054FFFBBAA9788
26430,7673FB8EE6E7704E
26431,CE673FB266B711C6
26432,85784F86091EEC37
26433,9C9DA829254BA5FD
26434,A49EB9ABFDD98A96
26435,F0A5C225EB6A80FA
26436,421E6799FAE348EA
26437,DC7A4A069E45DDE0
26438,A668068544DB2072
26439,245D96D888F76C19
26440,54AEA6FE59CF4D9E
26441,0EE6A658C5808835
26442,D21F898B1AA3EB01
26443,CEC2301D6A12B89E
26444,4C1A75A70EBB774C
26445,AC5BD8DD02EFF73A
26446,DF0E797CCBE4BDF8
26447,EACE5607EE137FA2
26448,2259342163B0030A
26449,3B62D80E02383B3A
26450,D47D63A7FB2353EA
26451,33455778C4B5F815
26452,207D69F60F4E7341
26453,6CE57CB8173DC065
26454,E5D25B16314EB891
26455,C86BECDFD6EC32B3
26456,5F337CAC43593A0B
26457,C07F6D869F0CF9C2
26458,B59219CBB01D53A7
26459,A0DED73992375F61
26460,FE9DE50ACDE2FCFC
26461,522A08D989A5B289
26462,728D8C9FB5A65B4D
26463,36C43F99B738A7A7
26464,EB74C566DB08A64B
26465,0E0D56223DCBD91D
26466,5DE94B59E67F242A
26467,18DC5AB6C08F675D
26468,16B534EAD5AD8AF9
26469,50D56CF435DA9456
26470,ADDE48734BD8C4CB
26471,7DAE91732BFC4107
26472,54154BAB0B305FB7
26473,0858266719EAA1B6
26474,BA1D22761C22EC57
26475,E4B8B58006839CCC
26476,BF3AD7F8415E5BBA
26477,131691D8DEF6B6CF
26478,403FB031F86AE212
26479,54F6C6D8391FF672
26480,D74431523A109AEA
26481,BAA4E87FA6F995C9
26482,37F3F3B9C6C801ED
26483,DD152E7359804546
26484,D1959652B8132A51
26485,5F51C3D23FB7DEAD
26486,59EFB88CB709D8FC
26487,016FFFCEA44C3178
26488,C54B1D4BC55130A0
26489,87C390A5F128FAC5
26490,61068D3B59790928
26491,71290BEECBEC4F33
26492,2FBFAE3BA757A73E
26493,B0DA4F0D9A09C349
26494,63D32D2911D69EB4
26495,DCD3314E511F33D9
26496,541AF80A7865D3BE
26497,5F066E01F4ADA446
26498,D8F539DFE29D898B
26499,E6BEAD71CBA2059F
26500,BE53A32B31F56A03
26501,697F09D3AE39D77D
26502,E053DC1DF39C757D
26503,6318CC06E52090C1
26504,37ED6A763D9B10F4
26505,C813D43AD2E644ED
26506,BE85F6601B30ACF4
26507,ED7881541B221C5B
26508,4421073614935B06
26509,F797A45E2428AFD1
26510,DDF99BE63F72C77C
26511,4E677584853D4E0A
26512,8E3DB512EC6A8C35
26513,B869931677F60AF5
26514,ED36029381C8DC9D
26515,42B3BE08BCFDD33C
26516,D61727F49D875458
26517,50BC6612917F6807
26518,6F1D4C88F080C20E
26519,8E2AD3333639CEF1
26520,0215C645A19E2F0A
26521,C0A3966C2C98C985
26522,6FE7D315AB50E913
26523,9FBB58A80A455960
26524,A66ACB07AF58ECD2
26525,7FE60828097DE6AC
26526,37CCFA9B65F1F9FF
26527,F974FD604DC2B46B
26528,BC3808A3D3B6075A
26529,3EBE430D57B5D943
26530,5C2BF7BF9EB1AB37
26531,21230E67A55570A9
26532,C1A7A1C0232E62A7
26533,B8D36A1B63574479
26534,B6CC2FF2EF3B80BF
26535,CF41A62249908891
26536,2B8291CD2289D2AA
26537,BB408C8F82E03DF6
26538,9B3658DAFBED58F5
26539,810B00EF5C602E4B
26540,2DCE65717B025DEC
26541,7BC9ABB99E6DCE27
26542,706A77F3B0DA833A
26543,16F1F0178C6B41CE
26544,3495883772CDFB31
26545,45FD3389D22CE5BF
26546,93340DB35E36B378
26547,72861E91649BE996
26548,D8A0AC6C649B4861
26549,C954794E8B218D68
26550,7F89A84A902C7C9B
26551,F94B7875A85BA8A7
26552,A090A2FD34649ECE
26553,65139920D8C260AE
26554,9983E0FE5D899FB4
26555,CEA4C1B4BB69802C
26556,5E46644FBA4BBD19
26557,7CB5F22E55C46DC3
26558,F817ED2871355DA3
26559,48AC19E34DD60C63
26560,A74EDBE9CFDE77B1
26561,9FAF817C7FCC187C
26562,4C55DA7D64D30907
26563,C3F54207600808DF
26564,9F449C74657094FC
26565,5C245D1500D2B9BC
26566,312FD12C9391008F
26567,CE1B6775C9D0B46D
26568,224BD3E948647CB8
26569,B5B8A5F4472AB06E
26570,7CE650F76A3E2737
26571,EED347639C7BD3AF
26572,1F34EB484EE05B1F
26573,847B1CBD32C1F07F
26574,2BE9F466CC01DFFA
26575,B0E217B65EF160ED
26576,8C469EAAA49A19DC
26577,850188CE303D1F9D
26578,A4E62DCAEC633F9B
26579,DA4DCB20BF01B05F
26580,9C65644625733F8D
26581,C3FE38D7E87F5511
26582,4E9E1C8F0751D0B6
26583,F04F3B53CCE6301E
26584,AE762B55E0B6BCB3
26585,9A5903871229164E
26586,CBFBAFC03A4B7025
26587,D1E88D5D433CE5FA
26588,58BD77FA66B47732
26589,5904B987325FF745
26590,CE5CA4644F7BA675
26591,54618E147C7BC971
26592,73F9326A626A8B64
26593,D136BC1B3BF36498
26594,F0A7265EE3A330EE
26595,21B0BBA23ACB673D
26596,DA1F2A706DCDA5CD
26597,2D8DA371C8EAFD7F
26598,C765FC4BD17DD73A
26599,2C832C33D71C4AAA
26600,6BEBB195DD93A6AA
26601,28C58A0A18217E18
26602,114EB47D4022530B
26603,5EE2D7D6E718323D
26604,B5258A0D59560708
26605,64FCDB852B6A6371
26606,DF6789ED124E0AEE
26607,05B114489317E569
26608,42720C6828AE42A6
26609,039CE7FBEC44779A
26610,9580476ED1D1073B
26611,DDC8CC2569249207
26612,9BAFF3EE96BB1D13
26613,71D105F18A03AD5E
26614,7ADE167E79E4D993
26615,B10A79B03D3E6285
26616,EE3C26CBA862EFEA
26617,AF8F35759E59856A
26618,D414BAC970F4E846
26619,3131862E54B8E0CD
26620,8A058D7AD9E3D44C
26621,FAC0D00FA7C4E981
26622,410C798EB43D93DB
26623,B80C37ECFCA8D4C7
26624,35F60BE06C2C253C
26625,5BABEAAEE3A517AA
26626,B9E0DB81A1857B3A
26627,7A892C130B89A4BA
26628,F04D038A61A4324C
26629,566F18AFCD628483
26630,FA012094C075A4B6
26631,3D86E7C2466CB7F0
26632,41B40F070531BE35
26633,CFB87BDD9057E15E
26634,C2BCC7C18EBB0B6F
26635,C4BFAC6AE9D3F4A0
26636,45C5C3E7F7F7766F
26637,8BA5BBA6F5A17CEF
26638,0B88242D2A3F2BE7
26639,761F76F22F4AB9D5
26640,2E6FD204557AD5F7
26641,1A62A486CD5310AF
26642,46B01314AFEC361E
26643,B2D73AD8CB45C5FE
26644,99520C3BACD16EDC
26645,D00C1AF626366A62
26646,02FBCBCD5B488E95
26647,53B3AE677C07B991
26648,759FD01EC8B4B94D
26649,AD55EF7E9EA80762
26650,713F79D058F7FA1B
26651,CA95486FA01A2A7A
26652,3587695DEC28FD18
26653,C09F5719A486033C
26654,D54FB0A5C99DC930
26655,E6E7DBEAB737075D
26656,014CDD62845E2DCF
26657,7FCC4A2164CECBA8
26658,7495C04C7421B8AA
26659,7993A2967DED34FD
26660,6A80811A1DC11372
26661,041E42510448B751
26662,1DC9707A17131275
26663,632AEBDD7026DE27
26664,23F3BDA0759DE30D
26665,02A61976B0D09984
26666,10DE239552768D68
26667,65FCF5D8B013D16D
26668,412F01CD441D3B1F
26669,A57E09C27831227C
26670,34FAA2CAE7EDD099
26671,1A5B98F86931866C
26672,0B2A4094B8364F0C
26673,32DE9C8093C64948
26674,C454E749D4786B5B
26675,C9C10DFB9B45321F
26676,28D472A7565B2E68
26677,EFFA0B2934EDB631
26678,9A837E6BAF32843B
26679,44054B3944DB7873
26680,380EF62AC46D0CF3
26681,E7069C7AA66D3C45
26682,F9BEA71164FAF20D
26683,3A2F758F2EE3CF57
26684,4E9983B085DC7573
26685,8AD11D84A6A9582C
26686,61C60B213242E675
26687,1626F47A0BFE4FC6
26688,3F25ED27D51AED36
26689,A88B09BD522CDB02
26690,2F86A37F3B6F5C3A
26691,EE1BF76E7D86DFCB
26692,654C72ECAF440692
26693,7AD6349352D55DBD
26694,DF49976D366BEB9D
26695,DC09BB354320D8C7
26696,651BF92D014743FD
26697,5E0D67FC50CBA5C3
26698,E45BA293BC629B48
26699,AA8B619E8450E7D7
26700,15C3DD00BB387CE2
26701,3FA3080A61E18DA0
26702,70C2603B691D8B86
26703,7E8B612E60FCC361
26704,C745467046311224
26705,761B47A39B63840E
26706,BD1708BC9F45AF5E
26707,3BA76D3900A345BE
26708,250BD2E008DB600B
26709,83AEA1F0CBB4BC5F
26710,D2920951FD5B55AE
26711,CDD85059A4597451
26712,996278F099FCA9FB
26713,10367BE0F075E4A4
26714,50FB5EB51B9CC9D9
26715,48332B1D00860EC5
26716,3B45D4A130F9A1BE
26717,7CBDAFAF18F6F0AC
26718,5A3E256C1E33185F
26719,294FE0DD59F3E0E7
26720,594F93C6F38DDF1C
26721,3F762F430DE46DFE
26722,BA72DE918DDF5F10
26723,B35A682C8A6E0199
26724,707F944ED4B5B863
26725,863EEB0586C6019A
26726,259169714A86673C
26727,9EB320F8C55486D9
26728,5FF9245667F50B5E
26729,6474260EEABFEEA4
26730,74DF81C329D885AB
26731,01F8C88F08304A24
26732,92BFAE02B9DE3E4A
26733,E29153ECC393D0A2
26734,7EFEADDD26545B6A
26735,8B1FA835F553438B
26736,FA64F70C32510064
26737,C309E994EA8F244C
26738,23CF36E62DE9F6FE
26739,F6D63AC9C33B0D32
26740,1C091A97DC9B0572
26741,694A32986C1415F0
26742,D28D6CCEB3C3B8CC
26743,69520F5435174AC7
26744,832238971D21C4FA
26745,EB1E2E7757A3C996
26746,BAA205776B778DCB
26747,F1E8DA8411C7C201
26748,1BE299352751F88A
26749,133BC15C019F6AC5
26750,302AB4CF2030E292
26751,C478D9AEA133E69B
26752,83FD1F403A1755E8
26753,9E095DDC9748757D
26754,858C85FC4A0902BC
26755,FB0F91B64076D0F6
26756,E560629C2F815B7F
26757,52464B3A63E716E6
26758,B7B26210F516C9EF
26759,A309973898C1E61D
26760,581EFA7257D3BA0E
26761,C67E08A6D9714A04
26762,6BC06906ED10BB71
26763,6D114AEBA7947EC6
26764,2843CA51053FAAC3
26765,1B6E90B055B3EAAA
26766,C21FEB1652E0B479
26767,947F8800A5E94C59
26768,4E9EDC4050E765BF
26769,ED61F8603C802D6B
26770,0AEB7146A1A56F35
26771,5C22D0F666A7C20D
26772,79936E46A9DF6DBE
26773,B421C88A723ACE9C
26774,AFFAC37F8903A456
26775,EC0AD56A25EA991E
26776,AC45CE4C2686B999
26777,1C1315011B8BE6FE
26778,0A72E2F1FE593EFD
26779,DADE446CD25E0901
26780,814FD515B2912422
26781,AD2AAC1029BA6F32
26782,B93AFC32AA2DB03A
26783,F10DE3FBAFD69FD6
26784,FE177CAF741EC4C2
26785,8F4EC01E145067FA
26786,1B8F4D16D3F81714
26787,B9B93BCEB05D5810
26788,85A9A23B94A457BC
26789,D875796A331F8500
26790,226BB872C167A9EB
26791,D1C1896C3AB289E3
26792,4E8A58B9157137C3
26793,7F8C5B69D8676C1F
26794,C6BB97FE97B9BFC3
26795,99BAB1B91424B25F
26796,6F019D32C43B0509
26797,788799E6A540CBE1
26798,144F316A0AAC4A8A
26799,61F75B9977209760
26800,86956168DCB0C820
26801,646432CC3A6D5E39
26802,0073A0D4C17BFF34
26803,1780037450A81ECA
26804,B8576E7947150806
26805,3074015B7383F5DA
26806,86F7B0AE208A701C
26807,F408A0F03B28D2AD
26808,32A38B17C46C0155
26809,EEBA2305CF295BD7
26810,485898AC26D845C6
26811,F375887C1A8D42DA
26812,A59FD321911BF1E6
26813,063951ECC62DBCF6
26814,F9F03F9CA80DA0B0
26815,EC5B8A8D430FA561
26816,436F0C7C55270084
26817,FE27BB06103E6584
26818,89573DB53656DC0D
26819,E53515199E375DF5
26820,4FD38B2B099EC57B
26821,8F5961F49228CC74
26822,89EC8A5690F801F1
26823,5DE2C620272C4F48
26824,760796C6DA706EAB
26825,0DDF2BD580BAD447
26826,506A4EC12537E2DB
26827,9F673E99A1AF0C9C
26828,00E9D7AF8AD3ED87
26829,3EDAAFED166CC256
26830,554C77109812F4FC
26831,E88339C6730AC74B
26832,23359F439CFC3D60
26833,83D462D26674D774
26834,9176145DF60B46FA
26835,22484771274F4929
26836,145D4394B345C4E6
26837,C00AEBC16A93CB52
26838,8552F094D86D00B7
26839,AFB46460047276A0
26840,A8C4604722A4FCAA
26841,97ED0512B440476F
26842,6646D1414F4116AF
26843,9F092E3F41CBDA39
26844,BDA81BE3305FB6B8
26845,170EC7BAAF541941
26846,1AD0CBCC6323EEA6
26847,1CF55FC0D4E92298
26848,B0DA14C261E22B49
26849,9DA8D0687637364C
26850,3F6A07E831B17338
26851,556C5C05BB6E1DB2
26852,30BCFDA231C7131A
26853,FF091586D1C47EE9
26854,407E89A3DB14120F
26855,8263A0196D11A89B
26856,CAE8916986FE5175
26857,DE595BACFABCC712
26858,E4F6B6E95A796405
26859,B9A4B37A6EA2822C
26860,6D6971C1B7ABE58F
26861,D445982CDDABFC43
26862,491379ED7EC51FA9
26863,47CC4105384B8021
26864,DD5E252F8CA4CD80
26865,55FF949248B66E68
26866,FFF58B2CDA311005
26867,2D8FB32EE65DD694
26868,0FC0969A4A913981
26869,FD2C44CDA01EFA1A
26870,4F3FD68A765476AD
26871,2CD6F9648DD82168
26872,A35830BE3F37594C
26873,0D6DF0F1A22ED491
26874,11FB6D3B2EB1043F
26875,49EC0B9C796AACAF
26876,1AC6799C3B5F72AD
26877,8EA1606733CA6842
26878,0BD75A8F92B7AC4E
26879,9EB0A4693494290C
26880,448089F927DCEF29
26881,6CB2428E778C2314
26882,F9A2815A545C0E41
26883,A390083E7484BE61
26884,244FBFE863310808
26885,7BF481FC770FF60E
26886,C6F48D63318D812D
26887,5CBDD36E3AED1A00
26888,DF268C0688B3C48A
26889,B342A054FF02E8BB
26890,B69A71F3A6F1B958
26891,4DE8EB62086DDF69
26892,816CC6EDF54D3F4D
26893,B4B24E99CA053968
26894,864CB207434FF4ED
26895,DF87E136DF176270
26896,C4D982531273F868
26897,B3A0B93BCACF68CE
26898,DCFBCF28071BAA08
26899,D512717502F595E2
26900,67AC45EA61AD53E3
26901,BCAB5A8AE9FEE0AC
26902,80102426E1B15592
26903,625BB199281EEAE0
26904,7369FDC881356672
26905,58DBA098D15C5409
26906,FD0228EEB7FD4C7A
26907,4785587E74746159
26908,8AB2D61D364F6712
26909,4FA239F6A2F6732F
26910,76701EBF6E322CD8
26911,BDC193BFB8E03B3D
26912,DD6C8AC25EE38BAB
26913,A8D90E5C371EEBEF
26914,40216189D4306F92
26915,D890B05627C64059
26916,4A070FABFE19929E
26917,696AB4CFF1592411
26918,3F956948165449C8
26919,B199B8C06C0F3A5B
26920,AE6314502B2B5A84
26921,250F28E357CE0023
26922,25C73F79231D8A5B
26923,9F7830B788F20FC2
26924,1FA4D8A63321A4BD
26925,F7670428D2150A86
26926,7BA41F9C4BD8D48F
26927,98266EEFD817DCD2
26928,53EEF99EFFAA6A1E
26929,5E7CD3C77F56FCFF
26930,C4400E846FB4D8E0
26931,16E027EBDB77091C
26932,8EB73C3F12723A3C
26933,FFB329F3E6953DD0
26934,27BC08D4110F4B5A
26935,1ED318631BAE68F6
26936,5A80EBBDC2E3F313
26937,157BEAD6ADC50EFE
26938,302854DE259AE7C7
26939,46AEB841916C7AF0
26940,A5E254676E978822
26941,C961837D100C994D
26942,AB4E6DFEF225DEBF
26943,AA17E66708E57C11
26944,DFB28DC9C3AE7BF4
26945,694D2D9F48368B0C
26946,285B6689FBBFC682
26947,999DCE30C6CBF0A0
26948,00BEBA0C692B0CDA
26949,2A7961D7260DF464
26950,858A48049C9BB084
26951,33305B9C857929B3
26952,3B1E8EF7F843D6E5
26953,EFC2B4948EA4DF38
26954,8B80A6512A50EB5B
26955,E5F0381B3C5B9903
26956,B549A1518943C9CC
26957,64B2A6DA3009392C
26958,A4DB34062475BC41
26959,9B3E0B5E26C6A33B
26960,C80912619364ADBE
26961,60C77054497E82C1
26962,E7D223574670ED18
26963,E06C73022280BB19
26964,67E2FFEA9518D0D8
26965,C13EC8FD10B170AB
26966,2B7E08E6BBA9C73A
26967,E85BD5C89248FCF3
26968,23B47C3F8EC1F9C0
26969,DB08DD245AF926F3
26970,0F178AF433CEE9EE
26971,5DBB97604062F218
26972,4509383F72AEEC92
26973,B78A9C48F0F60B61
26974,50E71EDC23136EEA
26975,C432E644D536C57D
26976,18261EE3D530760C
26977,F19D0137ED59C376
26978,BDC902CE58B5027E
26979,39DFD2C4277FF50D
26980,8278BDC4D5C85AB9
26981,979A0080DC972C4E
26982,34EF7A6EBAD05183
26983,B8C5982E29D259AA
26984,3328CA06D63F1799
26985,146464F69DEA6BD9
26986,007A81B2AAE0D318
26987,D7B4A1F4C9EDB5A0
26988,49540BBA5DCA25AB
26989,9F9FE19FC01F3413
26990,777B8CEE2CA2C3A7
26991,262DA48B8FD92C51
26992,F44A473195CB9C1E
26993,0D987E1C847C1325
26994,607452ABB8BD7880
26995,38AE80B621ED0B7D
26996,327ABCD8CD44F2CE
26997,CFF73D9C6DA1C994
26998,F33CC61DA5B37A06
26999,CB92B8FA4F0EEEE1
27000,E2D2558AC403B5C7
27001,04A07C3CE8ED50B3
27002,1C83FE21EF0B06BF
27003,6FA2F1BA0E01485B
27004,DE6363D167761E0C
27005,730A19D9DE57BAEF
27006,86E7C325EA9B639B
27007,E1E78386E8E30887
27008,B640A5B4E5FA6C05
27009,ABA474142E77DFD2
27010,77BA7B9DAFE98359
27011,7FAEB43952B44C91
27012,7B76CD81CEA223ED
27013,339B80E9438B202E
27014,D424117C16B8DEB4
27015,28BA2512A501855B
27016,1E163EE9C6499BD9
27017,A3563BF06E2DA01E
27018,7278DBFF870E240C
27019,23D9AA0E114A81C9
27020,25DB5DA036372E94
27021,7A34BD3E1FE83148
27022,932D37E07276ED7D
27023,16374B58FB110D58
27024,BE18F5FC177F4F5E
27025,99C1886355B80425
27026,7B138615167D3EB9
27027,194AFC3FA8A9B240
27028,D932B92A41AFCA1C
27029,D34C9F9EF1513FDF
27030,0B75250A85BA08C2
27031,3F1D86760359831C
27032,6F61F5662067DCD5
27033,72C884A6C3FB011B
27034,2D71BF2F71C80203
27035,7A98FDD3A3E2EAF6
27036,CF5E4C0B757514A7
27037,106F68D07264D308
27038,FB1ECF74316FFBB2
27039,2A2AE86B5CD92982
27040,D62A79A431D08904
27041,D5A063D077B2F0FC
27042,934C18C11A55EC76
27043,88FF35CBC126A699
27044,1DE5F9EFC3C09949
27045,EDE852DEC08A8280
27046,4B28CE304B773C48
27047,A137578DCE4608A4
27048,1F26D122DEDDF122
27049,BA9D8E02F52DE605
27050,B5B0BE6A8FE439C4
27051,E0E8A747B08E713C
27052,191346DE22ADEC3D
27053,15507A1257EC8142
27054,2539DC415A578F83
27055,555F71D3F8FDCA39
27056,09CDEF2F2008391A
27057,F6ACF93A3148EB36
27058,210FB121F2D174A6
27059,1CDEE008EC0BC023
27060,58533FD6AFDBEDAE
27061,D90D0736021B98F7
27062,29B6FD53CF14443A
27063,62EE7F21899D5E8B
27064,7785C653D1FC48E0
27065,DD20F70FFFF48FE2
27066,34AF3CE95A52DA26
27067,43463E9E3690BA6F
27068,6F762299A6D91E39
27069,768F2667BEDDAD1D
27070,6E8D96CD3A94EBBA
27071,66D69478F02B01E2
27072,0BB40A19C1BA7B3B
27073,9254ABD6B95A6D4B
27074,617201FA46A57182
27075,8884D5709DA12D22
27076,8D2DBB2B9444BB48
27077,9776A82627A1C8C9
27078,65D7930FFE734344
27079,81987669C7698C7D
27080,DBECB6C1B3B03A24
27081,BA8A5D182BA099BA
27082,ECCFD385B1906278
27083,355896062BF5B031
27084,5815F9026344D70D
27085,3DF0B5B9C692C852
27086,4298975FB85F50E0
27087,8702CF984DF6E900
27088,1FFAF0104097403F
27089,B46B9D6280056AE1
27090,0F4021A8D2A8E03D
27091,E4A84E1DB57DF790
27092,DECC1B92C0A1B4F1
27093,65F9931ED7307C41
27094,DB89DEC43D187581
27095,36A635E6C4FC2318
27096,23BF8961FCF28643
27097,30F5B7F624C9B3F2
27098,4AF218B06B5CE381
27099,59F5C36D7F7E975E
27100,5A18721D60437B15
27101,870600D115E91E1D
27102,BDE7774BCD50680F
27103,E2AD59F5BD5789FD
27104,3D59B41F45FCCF91
27105,C4F81D20F3153A02
27106,4DA7840DC724F8F5
27107,6C5579185C7313C3
27108,847872863E3F61DA
27109,F544D4FC595B28ED
27110,B66337128E1000BC
27111,8AFBD13164D03C9F
27112,41F5262FC0FA4297
27113,FAFE79A6290A7194
27114,4BECCF4895847C28
27115,A1C57FBB1768EEFF
27116,DDE68E978F9A3118
27117,3E7D6BBA9CB70866
27118,2D4972B460DD6E0B
27119,203637714993D4EF
27120,AED4DC2CAB4DBA7E
27121,E46100158B4E3122
27122,6B51C3E7DB6521F5
27123,0DD75F76514CEEA4
27124,CB2C3B3881582BD2
27125,85542EED1CDF1112
27126,2C258ED06046A438
27127,A10D63CFDEB5B0EC
27128,66B9C39112FF3ADD
27129,ADDBF61F1412713F
27130,3CCF33FC183CE152
27131,8B7F961127EA6F04
27132,6E2BA47F2DD3E314
27133,9D9E1BB943930215
27134,5009975A519A3771
27135,0D8D4976E505AAEA
27136,BDE05E9C9FB1F64D
27137,583A43C9C6C70BDD
27138,69E9F0D8490D859F
27139,DCF62DB18E789613
27140,3D4C4C065DD00F4E
27141,FAC84B3277C65EEA
27142,3535B1F9D3E970F2
27143,B8B4FC38AC60037C
27144,A2850F57DCDF2BEB
27145,7B82F12143A51C7C
27146,6EA52E4385E9C880
27147,E5A11B2DABA33EA6
27148,25F6196F3A17097F
27149,8D1EE599147E6F5B
27150,754792542A721A20
27151,312AF521A2CC487B
27152,B33798913F5A7CD3
27153,1C99486F6DD0E78A
27154,4781D640B91DCFC2
27155,A61A87ABAA2D0C39
27156,4467812993D65CC9
27157,693B944AC3971969
27158,65A75BC2F51C9AD3
27159,80986B05A24FD5FD
27160,09ABE73AAF496116
27161,D04C5D85361E2BA7
27162,AAF9FB5A703E14C8
27163,F09F3173D6F1BCC4
27164,EBD0155131EC71F2
27165,DE5DB61164CB5AD2
27166,92FB724D210BFCB8
27167,B9F85DA78AD29D99
27168,E264596D71DE3539
27169,B729ED6BBE7202F5
27170,092A4C32BB3C6C4D
27171,1964C2FC67ABE2D4
27172,3215EB6AECAC9B93
27173,2CE25128C0BAE16B
27174,3B04876365A879E6
27175,3ADAA94BA33466B9
27176,A4A3013D34E83C69
27177,24CABE48002D5B84
27178,B25B96DA48C219C3
27179,BE04EFB712645D80
27180,4B3869F04EA524AB
27181,93668FCBA9E71366
27182,F73AB669BAB80494
27183,AF3ADFC62E9A34FA
27184,4D52BC637C29561D
27185,839B8C5D76B09287
27186,C170D4FD120FFC91
27187,A631CC642159588F
27188,496252E4D1B05285
27189,D98B6316BC750997
27190,8629A8F8069C1540
27191,F5B413483EA5E9F7
27192,C738D73DEFF96453
27193,8A9C0BFC79CC4DBD
27194,D2939465305BD5CF
27195,9A15E51A47552D79
27196,DCACAAAAA1093CF7
27197,F22C4BB96CBA83E3
27198,FD52913CE5305F7A
27199,10BC542315AD9DCC
27200,0285152D20F77358
27201,A26E023440AA6049
27202,548ECC1C50CBC2F1
27203,C23A09D41FCB9CB2
27204,69CC51B0BF831616
27205,83C918CF84DC1661
27206,EBEC5C0F32929532
27207,2E78DDFF04F27534
27208,D2E5486B8311FC1E
27209,5B76D9CA3B3F3954
27210,D79878CE37DDADB0
27211,284F17739A03DF33
27212,775CBA24DE042DCE
27213,43230C27ABCC6F79
27214,0B1F5EDDF0008215
27215,64403B62DB85B8E4
27216,60AF1A26F06E4E60
27217,055E5A1F2ADEDD70
27218,36F386227196F210
27219,F40D8A6AF20B57C9
27220,DCCBCF7DB9C3FA00
27221,2003AB051C126E45
27222,907AA91378C15F77
27223,0B2976486D661191
27224,56DA2F403A0A2D45
27225,2A04984B43426E17
27226,1930EB15AB3FC2E3
27227,B18C03DEB9CF4259
27228,54D3671B9D76E777
27229,D0D09D8633C891CC
27230,A9470A84C6C09661
27231,A3D4F4F852ADA98E
27232,8FED909117F7DF97
27233,DBA4B16086730D4B
27234,A1184C76F8213A3B
27235,DE804E732A6C6315
27236,1056D0A1928B9491
27237,46969479ABD8A3E3
27238,7739DD277A149272
27239,B8DF520FAFC00061
27240,8531A2C58E3D7613
27241,1DE88474FD1C34E0
27242,2CAB3EAAC0F93C8F
27243,54173F0E5655EF93
27244,AD3C31A6ED2B51D7
27245,0048D8BF73DB673A
27246,7FE21066331F80BA
27247,FD5D8108DA7539B2
27248,AA09D2DCB6C261B1
27249,77369593CC45E19C
27250,406AF1B5FB179646
27251,F762F09DFD828686
27252,B47161331350E5E4
27253,A1F1A7C5A5F51DD4
27254,5C46206AB1B7D354
27255,98DAD6CA15F4EDDB
27256,F1E847C68BFBE65F
27257,D77C7CEC4CF2EFF4
27258,CB2DC20613B8A05A
27259,3DD02C3BBF25C6D2
27260,8B65F39B09F63D28
27261,FBCEE2E71AD5E879
27262,9F2CA32F2C55F0B7
27263,31F6206A53DEBA96
27264,71655F4110B86F2F
27265,5D6B55F1BC0C7FFD
27266,9B99F989AB125BE1
27267,674666951ECA11EF
27268,6C2672B9E682C0D4
27269,5167BE83C5859A4B
27270,9E932218EF31421A
27271,4F4789997428B008
27272,05471F2E5C5047F5
27273,CA5B2C06C66FE0C4
27274,E11F935EE276C896
27275,7EA15D238F71FB27
27276,E200AD02A7EBA2D7
27277,2CF1643436D5A2DF
27278,0989EB2A2E625D5B
27279,37AAEE782700902F
27280,93398708E822738C
27281,D1A93DC27FBAB80B
27282,FCC87E8F2D4DE7A5
27283,74E55B1D7DF1E278
27284,B868A9B4C3D39CEF
27285,F330F4C17C630262
27286,06130C8A5273159E
27287,984FDD8AC116A68D
27288,BBA5EBB4B43ABFD5
27289,5C465422FE105613
27290,9222D6D76D78F74B
27291,D8289C78A43F03DB
27292,83076967C45AFBB3
27293,99857A8800405C10
27294,E04EB56E066E7336
27295,A16B0FAA6AAAF919
27296,F036E5AF06C3CD83
27297,34E6162E2AE11847
27298,84CAC31C40B68D90
27299,2F77C9815D666BF6
27300,E8E58BA69AD8D61C
27301,826123AA13E32C38
27302,8BA23C67F3C92453
27303,E1AE922A58DB7FD7
27304,15D7165FAAFD09BD
27305,5CFF7EF53AA537CC
27306,17E90E5E70D52ACD
27307,DA2C1A4AA73384E2
27308,5010D9DE0BA68891
27309,3A3D163F132F344E
27310,29B967F58EA64A0C
27311,DEB9987253CEC9DF
27312,1432F9F6C97B484B
27313,EC8956D2EE7BE828
27314,C45432B831CB96E2
27315,958C3ACDA826876C
27316,05703FB774C14CC2
27317,97B96D66269AF122
27318,7DC6D137507321F6
27319,9B125F34464587F7
27320,3F2D3EA71C120D60
27321,00F8F37AE39F9E91
27322,FD12DEFDC1FD17BF
27323,DF24A504635DE8C5
27324,F322E8D5B5B6DC5A
27325,7D69D7439C07E6CC
27326,3926C6C897DCE060
27327,909C1BFE9C553EB7
27328,08355AB8BE904F97
27329,528BCF8CDC5632DF
27330,49A50CE46CEDEA1E
27331,DCF6FCCB1AEBD572
27332,6D63A82B4E83BBE0
27333,6726AA222B0FBC1C
27334,29B9C676E65F9974
27335,E24A43068A3FAB45
27336,9463A941DCD3A4DF
27337,32C6D19B39660AB2
27338,5A707B503E029A16
27339,7B7DFAC1D9952D0D
27340,D439A54731EC0E5B
27341,C4614A5291F4C0BA
27342,F03857194E3449FE
27343,83330C66DEF86DAF
27344,712BFF3A16F9BE5B
27345,CE5AA7330EEF8C5D
27346,9A832A20766CC909
27347,93ED5054E3211444
27348,D6B6657F6668FD4C
27349,716A06D4D2167FF0
27350,38EAE0844BB663FB
27351,1D19A995E3CE9713
27352,085B07A280131079
27353,052A83B0CFE0FBA8
27354,ED89C5DC1C7A91EB
27355,9B35EB81289E6CF6
27356,0D442774ABEDFF77
27357,10D65A69E4A6BB60
27358,702879082DD8954E
27359,6B759FF014AC2236
27360,DD8C27917A2335A8
27361,50BCA9DAA8CD5EA1
27362,C3951540CCFB4801
27363,68222CCE499EF742
27364,209A8F5E7326C5DB
27365,5D74C47627B90CC6
27366,20C21C3CC01F1DF6
27367,DA4CF1E9CFA8411D
27368,3A3773C47DE57F45
27369,6999662698EFEEE6
27370,C5504C90016E8176
27371,C62FF374B217FA84
27372,A5E358C83EC7EA09
27373,3F11A9119278DBEC
27374,7478DDE8379F5360
27375,27BDD5D7DEAF08DF
27376,FDFEA9AE626E9707
27377,81B773859FB8374C
27378,6CDEC6CF32EF5F46
27379,DEBFC7DD3EBEB1F9
27380,38A2273DDA660E37
27381,1A6B29071CE7D969
27382,C185D749FE1869D7
27383,6AC1F832C6F75FD8
27384,97DE9C6849019F4E
27385,09EDEAE91283669B
27386,668C3D8B2AA2A605
27387,6CBD9DFDD1CC7E60
27388,26C05FF3B765B558
27389,63991D30706AF2A8
27390,2DD49D1BF9975258
27391,239A246B8F96265D
27392,9CFD167C1B8A9985
27393,6BF65A61D32E1C85
27394,99386CCED6DD1782
27395,DC24BDBFA55E9042
27396,176D150090128287
27397,1C90C26F11B12DC4
27398,54BE945DB9BCE3DD
27399,3B96E21AB3B9BC00
27400,BD85ECD834917705
27401,8ED9293DE770AE7C
27402,2AC7FB72DB4C372D
27403,99F2F6745767F5A5
27404,884846D118E7B235
27405,8AC0860257CD07A3
27406,A4391ADA461DC07E
27407,CA6A31C1C66221C2
27408,C575AB5C0E70E48D
27409,64C78D8EA8381A31
27410,4DA637F2A4398E29
27411,3AA3970311FD4931
27412,16A97DB33E54C065
27413,7EE793986869F007
27414,38CE862F02CDCCAE
27415,010E6517CC1BF154
27416,5ABFFD3E0453EB6F
27417,15171FF91CEA3A6F
27418,0FB2E09EAEDBA195
27419,43F92895D3A08210
27420,9BBA434FE69104F2
27421,DAE671F896A6A044
27422,267EC1A2FD3845D6
27423,6891C8232AC7EA3A
27424,CA6F65313775C10B
27425,2314782AB2481A8F
27426,A9E30E302B8D5572
27427,07792F46D76E5857
27428,186CF6C6CF30C1DE
27429,FA16CCEA6849AEAA
27430,4A0BFB56E949B2F6
27431,6276D73A36AD0F23
27432,B56B7082A4B719E3
27433,8F748D31AC952634
27434,EBFCE465C63A7B2A
27435,E9F52CCF38409902
27436,9138A3FE12130550
27437,5C6224474028F918
27438,041EBF33E4EDF9F9
27439,5874212841ADC141
27440,4CCFB5641ED70D2E
27441,4769A55106E3A44C
27442,088384DF58235507
27443,A44507CC42341B3B
27444,D3E484F87685723F
27445,13A4890CE7CAD05B
27446,E76D5279AD8357EA
27447,28BB43620A8BF313
27448,F499CCEC2FA932FA
27449,C424C37426F00C99
27450,36B6AAF051735368
27451,E3FAB60B1C683BC8
27452,1D3809BB1EA13717
27453,7B57EE59606F9907
27454,3F72FF3A6B752A04
27455,D13FB6B817C87C0C
27456,9642392DA328C828
27457,308BCF1D9A389EC7
27458,41A3CE57D51626E5
27459,CBE9ACB16C0A1B8F
27460,6F0FAF2DB357F90E
27461,2EFEE7850F7716CA
27462,ADC53CB8A4207B6F
27463,FDD766E3F97E5D98
27464,1FA026F63CEAE569
27465,3F4AE0D78843FDB7
27466,DAB0A44FCECB5D2F
27467,896ECF526BB46232
27468,8130D47C6D87423B
27469,C1BEB8EED7403475
27470,2C11B9A51627C4B7
27471,122F367190097CE4
27472,3C81A575F051F724
27473,735DE9FBC57C153F
27474,503DFF103A44575D
27475,D4312790143D459B
27476,42E5E47C1F85692C
27477,0B1E5DBB1B2435EB
27478,8B4EE14311ECF02B
27479,7AAE45D73F566CD3
27480,CA12269F76378D8B
27481,AF4D125C8027CDDF
27482,9A950F777C26045A
27483,D4A9B79484CD2C60
27484,BB99695E5283E30F
27485,D9899A2ABFE2EB23
27486,25638A94C33F77BB
27487,C52A38B27179246F
27488,6A1ED7AEC8B863B4
27489,459033249EB3B8A1
27490,AB0881B28068027B
27491,DCBA9F1EC8AA87AB
27492,1A171F181AF961B7
27493,C30FEDDCCA3E5F19
27494,00916F551955E65D
27495,20C661F67F1ABF1E
27496,6EC11A4C2C26671D
27497,D7B23639CBE3E2A4
27498,A3E7F212EFEAE765
27499,62AF2AF39DFD179A
27500,29756C4B041A693F
27501,DA3F783B2C84629F
27502,DA9614D956BED7A7
27503,E11DA98F3EED334F
27504,54AD5211EE6D13C9
27505,01B630760D74E502
27506,F745A45CEB6BFABB
27507,3A91AAE6335E6FFE
27508,BD6697D130E27E57
27509,B96308810852EC3B
27510,A76191085BF5A0F1
27511,E28A7C025882FA1D
27512,0FBFF6C7C60B9AC4
27513,47D2FFD4A085913E
27514,AF7857813F37A1FA
27515,59205E576628EA14
27516,B99084050039F4CE
27517,4D54AC6DB6816315
27518,AA0028D12B84B3FA
27519,B6C3ACF51146F812
27520,796FB888D7EBCAEF
27521,05CC8418A2CF4C65
27522,14D4295D1C747AED
27523,C840575DA78F476E
27524,0F611874F6F97AD3
27525,B386D0A3A8D69818
27526,12E59EA3AEBF1172
27527,1FAF4B906D9B8402
27528,997222390700162F
27529,58CE98A17A1C4B8E
27530,902FF1C2E279E335
27531,4F910C4DAA3B3769
27532,DC7B83ACC7F19B0F
27533,DB5CAAF351EB5712
27534,C242F98401C67547
27535,EE74DEAE09B9F44F
27536,F5826355E3A7493A
27537,BAE7A86358A1C04E
27538,88576B103FF3DE1C
27539,063F515750F6BA5C
27540,235AE6223851057D
27541,A7C3C2137D41B368
27542,CBFC1B7569C253F4
27543,3E7962496E159917
27544,46428F985B5A38A5
27545,6DA3BF3DCA53B7BB
27546,8950982E6443E728
27547,10CD73A3E3475659
27548,83C89AC505F16D89
27549,7E03BCDB5D88BC36
27550,9927E01494D671A7
27551,C3B2CA5EA5AD3207
27552,97EEF0CB34FEF0FB
27553,BC9FE894F2ED117C
27554,DDE9D3A77F84BC0E
27555,4292626C2BA9DF09
27556,A16EC055E953CF53
27557,76FC92990D84FD33
27558,4032E000AB206C72
27559,FD0FE0AD51C0DF61
27560,A818700B5B9B88B6
27561,127F48A662D3CA8D
27562,62F7FE3DFA0A52A1
27563,3411E0ACAF0A1DC3
27564,50EBEC68EC3545D6
27565,F3ACB79EB940F4F8
27566,F4BC4417BC5D9E6D
27567,98F43893661819A2
27568,D1F094ADFACAA76B
27569,CE0699F9D018A330
27570,08680F86E86EA766
27571,49017E850E12A487
27572,3CCB45358027429F
27573,8EC005FE69EC7CC7
27574,B198EE88B7D2DB02
27575,D99C602EF33E6912
27576,9EFD083C27238E69
27577,03690EFA57627DE9
27578,180B2D544BC5A6AE
27579,B0B43EE2A378ED6D
27580,675C47D556AE557D
27581,D67B7E8F2DD1231D
27582,FD98E976BC3FD59A
27583,E17566A042F7486C
27584,4C490C2D0E36413F
27585,4070199FA87B6C4F
27586,43E1025B6314AAB4
27587,CBE8B69C0AD98016
27588,E89AE16C56539FC8
27589,D69F087A49C702DB
27590,302440F20C48B035
27591,469EAAAC6BAC2F9E
27592,D8605ED1799F38B1
27593,A356583F56F2025C
27594,F2A52E20CDF4D9A1
27595,2DFA0FDB247328D8
27596,75713B296A4F2CBD
27597,FF0F197F01D166A4
27598,E4E726BE192344FD
27599,80528874EC49B70A
27600,DDC947737ABC4DED
27601,F8204A3442B29560
27602,D556690ECEDCB9F3
27603,3B3CABDB1150C081
27604,19EF8C1D6405A764
27605,60B3B9F4F10E3946
27606,141656A03B2902CA
27607,32B862374B76F918
27608,212841A744D69D9A
27609,A29B1121BA0A0D7E
27610,485137831A6744D2
27611,D30D05724BF9C0E3
27612,AFED5A3214B3789E
27613,F24304DF7EE11D1E
27614,1198AD537097206E
27615,0C58A386FA844B02
27616,6058656FBC1D09EA
27617,2D7FDCC4568EC60F
27618,536EC93A070252F6
27619,E278FE6DF6FF3E7A
27620,AD88A08E28A93E20
27621,977DB16DE7826F32
27622,A2F501135CE0FEA4
27623,0CDB27F217A2AACB
27624,D28B7F8D0B309A8B
27625,AB1414D3B0FC0EBE
27626,54727324AF2399EA
27627,0ECECBC4A3DC9321
27628,45E7EDA425A72DF6
27629,C0F6801EF1198F08
27630,5D43F6346CF71503
27631,93739E0B0D00BF98
27632,DC0984B15B9444B4
27633,FAAF3BB9567F9F1C
27634,F2ED2E91628C4901
27635,B72E40EE37131163
27636,06EEEC8E7017B791
27637,2D6E1BBD6D10D01C
27638,C349DE4F9C6608BD
27639,5311A0966B59837C
27640,0FB89C17090AC3CD
27641,59E978DEB8A6F74A
27642,F09DE5B86821BE03
27643,E002F97243FCC3AC
27644,A03FFA54DE60BE42
27645,3497D937008FB376
27646,61C800AF9BE8F746
27647,3E4BE7F728365E26
27648,CD02377FACB8B387
27649,0096861C005EF8B4
27650,4232B3C87223C2C4
27651,13B2002A1FE3B42C
27652,40E5C17BAA12B0A7
27653,E691C535A0893E6C
27654,81317E6ED43D3479
27655,D8F48AA09D7F40C8
27656,7B9E47186849F54A
27657,1E234D0FDACBA5D8
27658,6C60CE263ED4C0D9
27659,6ED50FD39145F64A
27660,47470355CA1A2441
27661,86EEC32DE003C4CE
27662,D80C8F013600AEF5
27663,BDD9477EB2EE7DB3
27664,6959C6C31483C269
27665,E647B95A43B340E8
27666,9EE3468E1707C044
27667,4E9F6B58F22518C4
27668,44D438D0AB1CBD91
27669,101C4B37BF3E0720
27670,9CE8E0F19D766866
27671,8F970F925C33608F
27672,278931EE7D2E6E97
27673,68717C3AD166B76C
27674,353CB05CE21E30C8
27675,C9501FE6E4C4FBD1
27676,C4E59ACCC08B576D
27677,8813A1D91263B387
27678,FC67D27C7F0025DB
27679,C949550BAD9303B3
27680,82F7E00CB2FBAC59
27681,C9F4E749E4B2BC3B
27682,6FCB83DA1E458606
27683,13ADB3D46A6FE919
27684,A81AF4F586ED05C3
27685,59FA7E22A609317D
27686,C86CCA63A218D0E2
27687,5357DA7319CC0570
27688,9DC3BF7E47B57D94
27689,09C2081BA2392992
27690,47D56AD3FD94F212
27691,4B168DA7199ADDDC
27692,875C0374E9C21637
27693,6EDC991BAED88B00
27694,487ECA88D7C7A3F9
27695,5D649F881C8DB151
27696,02EC921C1EDB8A4A
27697,319A4275DF865FC0
27698,40BF9DB9F909EA74
27699,3C38F639B58B05B5
27700,93BF8E44A4E807E9
27701,48C76F250AE7F03D
27702,2F7CC7F4E2EC3729
27703,4B9DA9C3A798DA7B
27704,4BCBF52AC0DC221A
27705,F4F8B18666DB9434
27706,218AF010F1E040E6
27707,8A6EC359952FABCE
27708,2A6A1B3C8CD2543F
27709,2C13C286B29F1832
27710,228001CBE0B0C4A8
27711,F088E20F6EEC655F
27712,56E715E64C963B46
27713,400C25084453B4B1
27714,DA42F1953078F089
27715,DE3376C37D16DD19
27716,41B3837EF69C8EFE
27717,588C6780B547A99A
27718,AE55D1721FE7CAA4
27719,52F657103E4BB5DD
27720,A61ACBC3D950F28D
27721,1F8C91FDE6A56B9D
27722,607F79EE4B2D191F
27723,6819BB6418AD9F64
27724,EA987F174F5F52B4
27725,F0C933447CCDD3C0
27726,EC0FE147E42B0040
27727,681E99ED003B2F72
27728,80DAE62559A21A1C
27729,6EB18FDD54FB813A
27730,99D738754F9B9128
27731,338703290A292D38
27732,B539697E84A6EC36
27733,4630B20E8C99697D
27734,57B78A1422D83C26
27735,F975558196ABF7AF
27736,273909CAE7A587CE
27737,9365B962FD9BA77E
27738,8809B334F910A75B
27739,342B7E6B13C83ABE
27740,25D8F85B91833DC7
27741,1B9BCAADB4A0D15E
27742,3DFB8478A432A315
27743,DA208CA8EA64C01F
27744,FB7EC6234F83C6A9
27745,DCD119A04D64B921
27746,4FE203A961DE1904
27747,8BA3B546806C8F98
27748,A896B999558B8AD4
27749,1BEABBD620FC7ADF
27750,5D50BBB05EAB6F66
27751,FF7E4E8D9BA6BD17
27752,38475BFAFEDC0DC3
27753,4BEB891B4E082F60
27754,190327B32601763F
27755,A585F0F826BF627C
27756,CCFCE1F071A00917
27757,986A884C5816F966
27758,FB0A3E74D1C79196
27759,CC5801AF5DD09662
27760,8B253DE3ADB8A9ED
27761,FBA179163F7F7EF9
27762,E9672A1D3A83EABF
27763,DC80EB9FD21E6487
27764,76EC40368CD723DE
27765,97DE3B4DFFA6614F
27766,53FAF2C6D89E272F
27767,65884657ED8B2CF8
27768,1EB122BB3710BEC3
27769,0EE9D1FE564A849A
27770,4C433414D1F53A0F
27771,EC0EDB801623384A
27772,1DD90F333105BC83
27773,68365912DD6AB381
27774,D17421ECF3D3CB24
27775,B0E9A519EC2F4E7D
27776,6AB77D684293B534
27777,444419D1CCA016D2
27778,D6A695CCFA51EEB9
27779,F1D22EAC3D5CB7E7
27780,A9E6DB68B0F841AC
27781,7ADFA0FA38BD310E
27782,AF47A1162AF6A725
27783,0BAC9CCA560B2ADC
27784,1CBCC27AB6C1F0D1
27785,8731D4C14CF708C6
27786,48F72C6389829D24
27787,FC3576E3A1AF84FE
27788,D9C57E6698A412D2
27789,36AEB3DE4F691F77
27790,7D2290CFF9469860
27791,08D7629F2090966E
27792,264DAF9C060AD652
27793,D82EDD77050CC68A
27794,4F73E9BAB6D7F35A
27795,956C0329FC8C12F9
27796,093ED41C8A59B781
27797,FD09C9FF0C57EE1C
27798,32402DC2578170A2
27799,ECCFBF85D63BB019
27800,7D90CC3E0FABC8E4
27801,8E278B4363177518
27802,A224B0EDA4E795F1
27803,FFCC3949126BB7E6
27804,E675B551BA5FC22D
27805,8EEDC28BDDFF3B09
27806,AADD155BDB4E78FC
27807,2A82A8411C76E732
27808,294AF964043925E3
27809,3A98B658D0952061
27810,065F94CEA7863281
27811,579FA233B953AC43
27812,078C49CEABEC346F
27813,CE7F2E82F144AD06
27814,3287C2CE5CBD7411
27815,0EAC27AF025FD391
27816,C81B9C234FDC428D
27817,44D39CF19BDFEA18
27818,7B069B8ECB8E88D1
27819,3425FD38386B9F2C
27820,06382BB840E6C59F
27821,769A552A2C8D9258
27822,0CD4F9BB3C3C7535
27823,95C4F0FBD1BF1CAD
27824,118D3C2D1243D704
27825,663C7FD63ADED36E
27826,9A8A2F28A2DA2464
27827,7FDC26AE1C84EBB4
27828,E9F779F432841E02
27829,1DA996AE0BC22E2E
27830,595A8AE7C02240BD
27831,28F81788060D3A5D
27832,FCDE61D835070E21
27833,E1ECFDB19885B2F3
27834,2D7E9C8CB7E06753
27835,CE1EE8B905E7B30B
27836,8FFF6C6980DDE562
27837,01B33FF35732AC89
27838,753ACB31CFC09E3E
27839,667E8677D612DB7E
27840,0735F88A0A3F12D6
27841,7DE5142A3B8D6878
27842,900DEB87D7BF4676
27843,83838BF8E3C3335C
27844,C009DEE22205CAE0
27845,A118DBB81A25CD36
27846,66817914FDE44B44
27847,CBBAF6547C2DE618
27848,CFC15283706B5F41
27849,FD552639E7301DD4
27850,AD7A6A61DCE15BD0
27851,4397FEF953B17C61
27852,C716C063D887E028
27853,776C296765E500CB
27854,88EAD5F2DF72BCD5
27855,CC21E281A8E1F7CE
27856,A3EDA29254942605
27857,79C029C8C32B2AD9
27858,6F3EBA76631A6A20
27859,24AE0D5A57FD33C5
27860,E5313564688B0139
27861,06CCA914AF2AA7CB
27862,026890F7B0F78DD5
27863,FDF412140C384E8E
27864,52BE84595F8E07DB
27865,A3C2F32013B0E71B
27866,0F5F7A590523BFD2
27867,E6736AC8FB13128A
27868,E76B49D512C45286
27869,729E79D982C332F0
27870,BD2217A4044ADDB0
27871,916BF86D3D816062
27872,6C0BF4FD066DF0C6
27873,D31EE9E2B8CEF9F8
27874,903537FC13C34183
27875,F2A6F776198CB38D
27876,7DCF1C10142F1054
27877,E0F1678460B925D0
27878,0739EC098DCDFE48
27879,02C7CC4CD60E82A7
27880,23CE25BB6CEC63BF
27881,392374D013C3BCA1
27882,8DDB3BB7781FB3F1
27883,8BEAA2253DD0C8D4
27884,98ACAAAFB88A3A5B
27885,7843E1473A46E8C6
27886,43453A888C3FCD8E
27887,A9747C398C83B1EB
27888,CA96B20035C23363
27889,83F2B3AD28B0F993
27890,AD0FD7BC47FC6924
27891,2553EEDB6C9FDA94
27892,22400BE5CA6C1062
27893,C8CC5546F49F4A4F
27894,7957E74653FF9CE2
27895,26066E177435F1A7
27896,B174E566C47AC9B8
27897,3602526DE3AA6EAF
27898,8E5128EB35999B44
27899,D5156480C1927767
27900,4743C93AE77E7133
27901,9391901D0E0C614F
27902,7F32BA899FC0AE70
27903,FCD5722DE1C691DB
27904,7E3BC0938D34CD89
27905,8381AD39DE987B74
27906,52787C587F9E9DF4
27907,AF1E1F294D352A43
27908,91C8B42CADAF2201
27909,E145DF616E1EAB58
27910,97454D60B8AC812F
27911,9546B0DC6B77D86E
27912,DB98EDE4DD1E28CF
27913,6C9940D7CD8FBA0A
27914,FC9A349390C66795
27915,76C03A3920677FAF
27916,4743BB1975DAA745
27917,22304DA767D61A64
27918,6AB72B8B854ADAA5
27919,1D28E6E412259EC3
27920,C5ECCCC59FDF57E2
27921,D3EAD0C9EC3AF56E
27922,FC3BFB037CE4FABF
27923,400249DB85EA325B
27924,A2E5984D45978DF4
27925,DE0C47C5F38227F1
27926,CCD1CC06720800B7
27927,7179394F9489A19D
27928,70ACC1761A99A6D3
27929,498E6B3938B8B9A7
27930,000484B4415EB16B
27931,2EB129FF50336242
27932,87944C4B60D87179
27933,45024960586032A1
27934,D3418DAB49BF64F2
27935,AD8815C40B5F8AB7
27936,6663126F09E23F44
27937,63118E7E1EB42928
27938,0113BE8CF2FE6536
27939,A481BE873A21B9D4
27940,EB92A3F3B01DFE19
27941,6E2C89801D5970F7
27942,41FC103BD3AEBAD4
27943,2D0FF3A0BE529474
27944,20B6A0272E0D8C31
27945,96A89E6B8C8BADFB
27946,205C3C08E59AB3BA
27947,12E1789A8A90779F
27948,813436FAE3844FCC
27949,E47AEAFA902F18CF
27950,2061851630B43885
27951,93077F669954FD72
27952,74114737F8AE3886
27953,3C922C9801DBA441
27954,942AAA6F19882C9D
27955,B8316E2EF0EB68FF
27956,A0F47E03EFDDEF0D
27957,0075A288A4D6C52D
27958,745BCA272F63921A
27959,A9511C4BF4D47AF4
27960,276DDAA98DDA5C1B
27961,16FADDBA36143B4B
27962,8134CB9A06C719B0
27963,717751DB458D0BB3
27964,C7FE6EAB6CB6490D
27965,8A7E47EC3142F910
27966,6C076B810AB7F0B8
27967,C9B15F1C3142F673
27968,40E5D486FC5813ED
27969,1DC324EBC9181E2A
27970,BD562331D6A9BF9F
27971,58E81FC0F12D10F4
27972,B83C0113F1C69B28
27973,5523C620E9047767
27974,23951C65192CD892
27975,CAF60E7F4E2C20D9
27976,6C742A05BA9F2361
27977,C923076E804F9EE6
27978,52C2C294862D4131
27979,DD7A85BDFC177F6F
27980,41ADB49F3A7D6201
27981,4E4B5551DD6C67FA
27982,8ADA43B1B2275136
27983,7383A9462E1F90C4
27984,B06F36B292078944
27985,04D636CADF8DBC0C
27986,1A41803BE2857737
27987,FB5D4C4A173B107E
27988,DF3A7E2DC5D80362
27989,DE409FCEB4A24436
27990,C685FD9F688A6B4D
27991,C602247A2B808848
27992,43116ACDE20C9071
27993,7D220391EE784AE7
27994,4791661D5F092F67
27995,D2564D0C753DCC62
27996,CE4BC01DF39A6826
27997,1E8A8A5D095A8A42
27998,6B226DF77220D7B2
27999,23096611BB4E0D7E
28000,EC619CAF3E25FF18
28001,D87B0B4B254FCCED
28002,51390F43D37270DF
28003,6FFB27A617BF61B6
28004,FDA839E42EA73B73
28005,6F0A5881459B6502
28006,7FDF17D3E356DB18
28007,899F0F82995F948C
28008,46E96605E52F1069
28009,E309324E0F071A17
28010,2E2C2EDBC9DBDF44
28011,8D135F64781D624F
28012,BEEE1EED5F2FFCFA
28013,92BB9BF32DADE78F
28014,69FAD5C83C233085
28015,B1DE1CFF8BF3F5F9
28016,9298F46EBD283446
28017,C002B1672FF053D8
28018,1C3C06C56374CB31
28019,03CBEB3463FB6C5D
28020,A4ADFC05D76E0CC0
28021,FB99299B37FB1DBE
28022,A8C0928B171E5572
28023,0A1B617809B05BCE
28024,D19B9B60608EDEEF
28025,F179C40954688E07
28026,31F31105FD618603
28027,0581614301A1B3FC
28028,FAA2872C59EB6810
28029,16496C1121943C07
28030,7221D800DEDBF0CA
28031,84852F4EC20A8871
28032,1F840E051064A19B
28033,C364C5F06B1D1E45
28034,2618EFEB948A166D
28035,09EDF85D77075E31
28036,3FF1569FF8954D56
28037,AB1E5F089BC5150D
28038,47EA9721DCE9E72C
28039,768F6E86E239F859
28040,F97BDBB97B408EC8
28041,0095495760D66960
28042,0F5439226DCB3D7C
28043,21C7699D735485E2
28044,95EA7DCC480A96D8
28045,B84239317C2D9A76
28046,75DED16BF1551908
28047,E66A96B64BBD2E73
28048,91C4007DCA0FBF80
28049,E04BDF46F6EA47F6
28050,D1B9239107938ECC
28051,EAABD77A8755238F
28052,CEDD9C0A0B02A415
28053,A4AF9E6DAEA7E465
28054,D2DA265DE0C55017
28055,FCFA7BFE5A45225C
28056,DACEF69482A5757D
28057,245FE26DB892D6E8
28058,8DFCB6A596462B01
28059,0B09444696F885DF
28060,F16F4558F08F6FF1
28061,04EF7F83AF98287D
28062,AEEB5BB885B31AC7
28063,700F738529122B0A
28064,AE9B6D54E0DA8DCA
28065,564CC50635AF0B7A
28066,79AA8B07241A086D
28067,338A13B05076F63D
28068,C4312BE67FF1D37C
28069,E080476ACE818677
28070,48001D6BB46F7807
28071,6E0E989F38223C05
28072,AA9D2AC97822ABDF
28073,8BFEB513CBB37612
28074,E75444619E2DBC80
28075,AE06CE21FC563889
28076,D0C83B0C7E2B8164
28077,790C01B89D43D6CE
28078,4A658AA4B98CC905
28079,EAD4C2949726DE5B
28080,1E87E8645B752379
28081,88DF6E7DBE651D63
28082,B10B93FAC8AE12AE
28083,CA61D167DCB1BCC9
28084,A04305DE86AE06B2
28085,EDC9CE6CBDDBDC90
28086,54653158A91A08EB
28087,EB7D91907EC3B5D4
28088,673AFC19DB930150
28089,EB0AFD9151869608
28090,F390B6A4410D433A
28091,2A9A6668BE0997A3
28092,EB997A54FD66F219
28093,332D2577183D1F7F
28094,27E9799B555C9778
28095,334ED0C7E9C2C1A7
28096,3094CFBA38EB3815
28097,1B087B908C4BE304
28098,DD7F5E69E3899FC7
28099,622B551C3F8B77D3
28100,26646186F50056F0
28101,A468481C5EECC4B6
28102,8D64CDCBFD2A707A
28103,FCB67725E33A28D8
28104,CE7C51E9B9C6E28D
28105,6864C27CD071377C
28106,6401402C09682CBD
28107,604CA221BEDD3663
28108,4A1C8F0F7744854E
28109,674C00120EB592F3
28110,165C0BBE4130A01B
28111,3C2DA0177AABEE84
28112,40D9C2F048BC4F49
28113,DD227F8D59042330
28114,EFBDB44500000EC8
28115,02364A2994DB0FBD
28116,098D66E63273E8A5
28117,CB64283C7A118442
28118,36902F2D7E1C40B3
28119,40E371AB2887961A
28120,F9A0F8C7C4559189
28121,02ECF90CAA378BB7
28122,E97593B45449E702
28123,02F33B01C71AB7AA
28124,3474AD870E99519C
28125,934E46B307A7B802
28126,4EE523821F3258B8
28127,5B4B54EC64A1F0CE
28128,D1E066E17C10DD26
28129,445002B2FDE0D242
28130,9B46F8441CA7401B
28131,D21057A5E8D17299
28132,478930509F6CF084
28133,89C41314F1AD84F0
28134,65ADEE51963DE64B
28135,6A50FDBB944CD083
28136,B0474E4101EA2539
28137,A8B47061F5C28273
28138,33BDC67455837ED6
28139,963B50C8948E7471
28140,49BD23615CCA453E
28141,9A301EEFCF550AC3
28142,FAEE1029EE72C4FB
28143,5EB7A06EFFB099EF
28144,07B4D4CD1EEEE702
28145,669DCB356E3FC4A3
28146,68A67834797DB8AC
28147,24EF5BCCB51C83A8
28148,9A62FB5B02875CB8
28149,22055B19A6DB9ED3
28150,FC6886E9615C5DD8
28151,0B54790F9E9C4A7A
28152,820FFEB5B2BD2D8E
28153,809FD7E98BC1C6C4
28154,67ADCEA56E7BAB61
28155,9D1AFFA52DCB702F
28156,B44A71E3ECAA606B
28157,E5A9353E8C58CE78
28158,805ACB37217059D4
28159,DE15B8E8A8AAC0C8
28160,BE0BEE6496602E71
28161,B7E12F8B47AFF806
28162,82993AB61EF5B149
28163,9D9AA82CC9AB813D
28164,009932372E99AC21
28165,8F6E426E8121610E
28166,1FD785344DB441FA
28167,8EB58EE450344A66
28168,62FC917F2037DE50
28169,67C077C6E1DB44BF
28170,6F45C390C6973D02
28171,410192D34E8341A9
28172,0A9AFC83EDB3136E
28173,820BBBB3F0A38BB8
28174,8D2E3E01E2595C00
28175,39C14F9E6054BD77
28176,1DB702D6B8130DA9
28177,3D8C47D1C96BCBBD
28178,2396F1A249843966
28179,66CE1706947715A4
28180,7C0CBDE473931749
28181,2084463C2AA52878
28182,C9A3BBB54FD6DDFF
28183,38DF7222C4E2B8E2
28184,954F2420E0011769
28185,DB0F09E4F6F2CEB4
28186,E0743362F6B50511
28187,732A76EF3536D349
28188,741C4DB4E8569CC1
28189,A069B2D085F8AF44
28190,7ED8F0BB1DC1053C
28191,FDE1FD6D4303B8D8
28192,C0A097C830EA7E19
28193,A56E6E94951DE1F4
28194,A250C294321DC975
28195,0008889B34844B0B
28196,AEBAD3E74438F9E8
28197,CAF159C85638B088
28198,29842DBDAA3C6D53
28199,C33522CB0FE065EC
28200,63ACB38E5EAB765E
28201,342526EA2958CDA6
28202,0B27AACEBC17FB8A
28203,4C696D3EEF7AACFD
28204,2A1A84664EF7A95E
28205,3C81F00C3B0B11FE
28206,8A0B8F2D9B2028E3
28207,927ECB1ECAD5AAB7
28208,2A50651DED017D2A
28209,531DBA5FBB1B1444
28210,4084A39F602B69D7
28211,960BEE27AAEE4677
28212,45C1582A1837F917
28213,C7412FE10C56183D
28214,14CA2A1CDCA40C0D
28215,8C7766770E1F9E62
28216,686B0A46C6D8706F
28217,223AB0C6A5B65337
28218,DCBE15B1C8039571
28219,A9422F78F814832C
28220,E03F860F6E20248A
28221,02A60115347108AF
28222,946C45E3C588B7D2
28223,4F20469DC65B4F03
28224,C28EAC586F02C7F8
28225,CE63ED705B40652B
28226,9C465427EE92CBD4
28227,93D4EAA74E8DC1F4
28228,02CB5070738A5BA2
28229,5A540A3E94646EE2
28230,09544F124F7849BD
28231,37ABD6D23DA87961
28232,B12B989F805A1C73
28233,AB68CEF448B47CE8
28234,182EB2806960B3E5
28235,999E29B126D08931
28236,2AF5AC5D2A1B7A09
28237,540CB5EC903647A2
28238,06EFA01469FDB99E
28239,E9A6A21518BF7A90
28240,8882F82330105521
28241,6F329A5B072A11F1
28242,383B95EDE87BE037
28243,27002E94F9419039
28244,79645EA091D0815E
28245,1B759D571E337D52
28246,D4E89D4C30A29F04
28247,8468D2A9E2F83652
28248,1E931A15ACA6E9AC
28249,6D4CE47CC2813417
28250,3D9113824D6C5613
28251,2564113726B72A5F
28252,200017272A8A172A
28253,63A0A24934AC3517
28254,14A4D6645A203F2C
28255,82D715FE1081C590
28256,5BB650658C7A7EEA
28257,2F76794E7A40BE7B
28258,8CA7D7AF2CD33F5F
28259,2A10CE4B53D32F25
28260,DCEFB269C6EFB5EA
28261,56E2EE39D2E287B6
28262,84FBC3E0C0AB2DF9
28263,2D5320D38D5DDCD4
28264,46E119CC05C7FEEE
28265,30D46205409C42CA
28266,C2CD3908DB6739BD
28267,948DAF7391A8F2E7
28268,0348DDA2A2D844AB
28269,93B6FA3B575FF368
28270,5E7FC113B26FE649
28271,877DA573ACEA06EE
28272,AFEEBB9CCA8A5E7D
28273,2C513B4249EA5B37
28274,AB2B76D4E6FA582B
28275,8799FB16E767B4DD
28276,ACF9DFF82EA091DD
28277,83E032823B967AFC
28278,1655F058E2647C5A
28279,D2A309B17926B183
28280,553CB4640AB2CD48
28281,8C8A29DDFCE03604
28282,96DEC090A43A2A69
28283,E3E441F5BAB17A53
28284,40B9263599641D28
28285,29C2CCE6A52C5754
28286,482F2EFA3B010F33
28287,8C698AC046F6E298
28288,9D9C2E0669DA6F77
28289,464432723476488F
28290,43C4C6BFFDCFA4D7
28291,A0E58B2E7983A0E2
28292,4F4D21E08252C38B
28293,3CFA6E3817F1F7FD
28294,D3DA57E0CC51F365
28295,31111570367EA5D7
28296,882CEE93AD3D8D04
28297,793DCA2C9D72096C
28298,B6D0589A49437034
28299,B62463B836ECE8B7
28300,0469DC6C4FBDA99F
28301,626CC29EE839B591
28302,1FE2AA9556C996BF
28303,E3B702BE7DFB7DA4
28304,01A3B16EC8DED0F7
28305,0E6F5127B922F6BA
28306,4CCC534398A887E6
28307,292A71562D2A2498
28308,D8AA93D1E85BFE59
28309,49A92B9DF9A8AFEC
28310,27040C03ACCC4AAA
28311,F4046C5EE63ED010
28312,6B32703686EF00C0
28313,FF1A9F65A81A3198
28314,C884D7628E27F046
28315,92E5211EE60D9A04
28316,69767D534A880D0C
28317,693FF318B9B92022
28318,9E5668EFE5F0F9A1
28319,7C7C37FAA418B80B
28320,7A99BFCDF04BE346
28321,6501B9283FD2FA34
28322,7340EAA71CD2405F
28323,03AC4F6427F8F04F
28324,DD6976C7EF91E648
28325,C8A8C58A1B0DD289
28326,2E83B9EB3634B8A8
28327,632B0AB4D0AF1E6C
28328,36A1A7E6E1A5C3BE
28329,2A117CBD1DCD4771
28330,10271FBFA0049FD3
28331,6AC4D191381FA7C5
28332,54372805D9568DDA
28333,C5EC553CBB191A6D
28334,E46FC1BB5B1AC2CF
28335,6271BFAEA6106E9F
28336,DD8AE57C4A55E939
28337,303B64837E0F3EEE
28338,3B20E800B4B06753
28339,6C2623D5880D4390
28340,2064E9E12D3BAE39
28341,7CD55E0D6418B5F9
28342,084FC4522FE266AC
28343,6C18E797B48EF631
28344,CCA010B1FC61A802
28345,B95210F697FA4C4F
28346,CB4A6F40337E5AC8
28347,689679F5FEFFDEC7
28348,8793C1D75C3B0DF5
28349,6495CD48415DD809
28350,020234602B1B03B6
28351,C19BB7E947E864AD
28352,2CCF6951E2BB6CB4
28353,C24687FA4C3B0C10
28354,DDC5619F79EABB24
28355,76E5BE1A817D0857
28356,182A721A9D2F86B7
28357,37DB762D582217F0
28358,F79734EBCF7765EE
28359,5887A57AE70E9924
28360,0CBB4B14041555C6
28361,A3459637D9C9ADED
28362,28FD3AED674D8EFE
28363,FAD895793F8D9320
28364,A404C805D728247C
28365,10D6765135A080CC
28366,17EFD6DD2C081135
28367,66A77295C9C9685E
28368,68336488EEF87696
28369,3F79119B2C68D168
28370,2B5B7E59886EC7B1
28371,9EF8024FCDF9772C
28372,2AF0554EC4685B12
28373,D3384CFB8C527343
28374,C3B48CE216F2E81E
28375,A736CD3DF63942C6
28376,A9D98DB6B0552A37
28377,3E0967B1E67311C4
28378,A1EE423F10A42A94
28379,9CA4AA3C42740023
28380,4ADE3E2596470EE9
28381,EDD58236AF1FDD7A
28382,9EBA7ACE5E4D6176
28383,87ECD96CDECF3D7E
28384,AE1383605A819A06
28385,D7DEB968AEF03151
28386,517C7BD37D613BD2
28387,6241253688FB89E7
28388,728A915842199C09
28389,0A301BB6A4DACD9A
28390,090FC83A48E44F72
28391,A14C453C5604E565
28392,A209D2E13AB6BBF5
28393,45118D896727B0FB
28394,C43D36FCC0AEB1E9
28395,7CE3AA37BFE4D0C8
28396,FFD15CE7AD470A34
28397,6F2F2B77A2145F05
28398,E65FD91B962592DE
28399,810C1C7BAA7488FC
28400,649E09E22A8E499D
28401,8C3C5F75DBE5A9A8
28402,DDF44E03AF6590C4
28403,6E4833AE0274F80A
28404,B0862DDC85110EDD
28405,50007138B7867DB8
28406,BFB6F18ED28B2675
28407,A603877EC56D8228
28408,77194920B4863269
28409,36AB18F1634A9588
28410,3F1B2972F9E06388
28411,4F77FAB4129EDBBF
28412,6C05BEDF671247C8
28413,92CF737C33FD2EC3
28414,DB7EC1037FEF19D7
28415,6BBCF3ABF49FE5B2
28416,501DB00BC9ABC586
28417,C3282648DBAFD32F
28418,7C9F0AB98D3981BD
28419,0BE5A5E6B6546034
28420,BDB065D5FFADA97D
28421,FF3459595314E480
28422,1143EFFF67A333A0
28423,1229A484FC9DFC32
28424,61B9A3DAC8C940F2
28425,7BE152CBFB84AD43
28426,1BA0D786A75AAF7B
28427,5CC8B0531DD474F6
28428,928934AF0E039ECC
28429,A9C19BBFE4C8F5ED
28430,797742D72AE82964
28431,8BE4508E85EB6F1D
28432,FF9960435C232DA7
28433,FAA375E6DB53EF55
28434,E011231AC3D8D04C
28435,B5D0809267B452B9
28436,D20A691ED7E7917D
28437,56C63D8B1FA95788
28438,C13512E9BD746CB1
28439,5427DF351CEBF996
28440,5F2F705D682FF40C
28441,FCA91FFC1B3BEA63
28442,6375E2FFBBC40DED
28443,CD515222DBDFF351
28444,325008952CA5EB72
28445,8D6406E51CC9D632
28446,7B8507CCFBBF7DAB
28447,C261707B0327E4A4
28448,930D3FBC81B2C717
28449,E7B8C3D2B83E78F7
28450,BDCB481B584D41EF
28451,3CC7E2CFA7FC5F8B
28452,3D90D77A4A7BCF1A
28453,D2E9547E3119EFA5
28454,4E0160390530AFFD
28455,E908C19DFCAC6697
28456,29965F3EABE7A796
28457,BB5FB94BF1D5A5C5
28458,21F3B4E4C3B486C9
28459,C280F69D6ADE2D3E
28460,C074872ACAEC2023
28461,7EDF0C6DCFC9152C
28462,AF7A6428FC28F43A
28463,21159306A5B271B2
28464,30605C62286C4DB8
28465,B401F1B5063EF1B7
28466,EC379197D3A6EAD4
28467,88EA29662305DBE0
28468,3A228F5D36F6085D
28469,E7E4B65CC5F9C683
28470,73EEF4DD5388599E
28471,5AC4FB409F5F258C
28472,74AB61B3BD38D55D
28473,0292DF1D21DDFA6C
28474,9F8DEE405B566CC3
28475,4092B04F58E9F918
28476,00595566EDF974AE
28477,3D3FC259C3D216DD
28478,0FED40AB47B7E858
28479,97B73EB9B41470F4
28480,16C8E438A6C8987A
28481,874445D8BFA838D0
28482,037FCA37497718D6
28483,C9465A96430C487B
28484,700ECF3741A2391C
28485,2833C66BF7829FF8
28486,554FA04934AE2361
28487,B7DF364F2E75C25A
28488,56322BE7BF91B411
28489,83A596EE226F6592
28490,AA577A73F54B11C2
28491,13FE2BF36A4D49EE
28492,A7A362572B9072FF
28493,55F394BCD8D43C60
28494,B769D5032AAC4251
28495,3DF9F01193DD8FBC
28496,70636D59CBEDC573
28497,0356846B5B350897
28498,8BD674272BCE4968
28499,D894585CA239A3C1
28500,C1C08AC08FC06670
28501,D307710754EC3D77
28502,115D44BC629D9AB1
28503,43857CA0EAB240BE
28504,6F8FB3FB08A95E79
28505,7C99214F80BAD9A8
28506,4E3D8E1BD3C55559
28507,9401DC149BF52BB5
28508,3833612B04874166
28509,75AD2D0E4EC1DF28
28510,19EB3DC4FFDF531E
28511,8C79F49447BB77ED
28512,98B45BF1E1915497
28513,2625E51B29C186EB
28514,B75C1F7380A98048
28515,C0082B21FFA0C3FD
28516,F7700839A1ED5A77
28517,277DA2E0F233DFEB
28518,C66C449EB12F881F
28519,F33A3D3F573EC5CD
28520,55C6EB5D6F7A71B2
28521,09329348692C6A11
28522,E665B783078B9D42
28523,45F4F4E0D484EDAB
28524,17A01AE83E535D06
28525,5238976168339E02
28526,D209ED9BF3CFE033
28527,E53B420173998640
28528,46E320B39D833255
28529,C4FD62E0A8488AFA
28530,6EE34116619FA493
28531,3BD1A4D98F646703
28532,452D8E6902BBA51A
28533,BEDA7A88B22C874F
28534,5EA8D758C0FEE3FA
28535,FBF4F671CAA3727D
28536,67A97A82A4CFA33F
28537,C98B18D3C0F75F96
28538,C62696FB8B8E481A
28539,975269FB5938FC1A
28540,1C90FDB33793A3D5
28541,B1C6DBEDCE24756B
28542,1DDFA2A4A37CD6E1
28543,6A97EF517A8BC3A4
28544,43B6F1BA2514F418
28545,C451E6A1526BE6F8
28546,3943D5B5BD74715B
28547,C7824AFBBDD8CC4C
28548,F2D377856B725CA0
28549,74294606B35D1AEC
28550,C95FBDFF2CA4CBCF
28551,B26C18787EE39775
28552,1A8DAFA9C91120C8
28553,AEC75ADB46A651A1
28554,FA2E1E9B9A9F08DD
28555,BD962FCC89914B07
28556,EFDBCE682936C940
28557,E67F765AFD0A62D7
28558,34C2B5396FCA59ED
28559,A0CE2B156981C628
28560,3868B6C689FD24C2
28561,801F0B5D22EB1B36
28562,7E3CAE6D2F775A73
28563,8E2FAF335596D15B
28564,8827E0FFF4280740
28565,595034743EF0C4BD
28566,1579AF89D98D5F3C
28567,2094F82AA880B7B3
28568,AAB42FE362032FFB
28569,CC6A0EA1BABB9316
28570,35E7559BC49BBFB9
28571,749714BF49A3551B
28572,A56B99D0D5718BFC
28573,6D67CE971E088466
28574,2F2C016ED9B5488C
28575,05B26B2BD6BF0B19
28576,064023508EB2C6B8
28577,AC17EB1A6680ECF9
28578,CCB867B77E39891F
28579,0D46A7CFD9AAD45A
28580,1D7CBF99F7F7ACE8
28581,9DFB89184484607A
28582,2EC087863B310351
28583,9934EC2FD8617D56
28584,A217F701B0946D5B
28585,75A4A1A927DB6AD4
28586,97D5D3F9652AB597
28587,BBB4DE76BF2EAEA4
28588,D2C02B198FE22DEB
28589,5176BC2C8CA0D418
28590,98C3885DEB25BA9B
28591,AB55D7877F214802
28592,16FB086B45A24F42
28593,B060A21DEC969130
28594,BEB60481230F2696
28595,E06B5E3DC5549593
28596,BB8E4E0A09572EF2
28597,689354D2E1C35054
28598,69A5D7260FEBE0CE
28599,1484F4497DF14277
28600,0E75CF6838D8C834
28601,B4A2A2AB83207E90
28602,E915C91F1708B2A1
28603,5B12A5832F02B4B9
28604,F3FDF8548AEF952C
28605,F21474AD4687DD56
28606,B9864DF6BBCF6654
28607,13D311782DED972F
28608,0002032F61E0F4E6
28609,B5E82D1947A365B7
28610,ACDF9579E076382E
28611,8CC8329A431BA4EB
28612,70554A2BDC3E1779
28613,13D2DAE00CAA9FFB
28614,39025C6CDEA75561
28615,3A9951A9A2967C53
28616,76DAD422628CBDDB
28617,57EDE8EEDD3EF04A
28618,BB2C52FD43CE1751
28619,B6D064027E2B35E0
28620,8B24CBF3277892AA
28621,1F81D8C8B2FE835D
28622,805F02A42F9D2F51
28623,D11BB1D0268ACDC7
28624,781C1992FE0FE794
28625,12161A46A10A39D5
28626,2F1B7456FB69B839
28627,58304CAAD7CA1088
28628,08A6586B4BF5AB36
28629,2BEAC058A0A1899D
28630,4AE7ED722F398DB3
28631,8C54E562A78C2604
28632,DB0A177F8B505AE3
28633,BB08C34D6CE4D040
28634,8AD35353CBB32EE8
28635,3595E23BA5C83809
28636,FD61E56509B1D0AF
28637,508634C1C619D932
28638,A1E321EEAA728199
28639,0F6CEEBA0872363E
28640,D98E9C4AA69BF456
28641,A6B374ABF2DE52F6
28642,A6307708653CA308
28643,C4ED984758B8C80B
28644,C1F538FC080C4069
28645,886F63D53431C312
28646,F1A47BF8F15E6A9B
28647,40FCB4CA4D9D6CCD
28648,4B47993C07A4AA7B
28649,16567C93B4ADFA60
28650,4488D87FDE793050
28651,50BCE1C065B714B4
28652,4C91B2709AC684CF
28653,E2FE3DDC851BC102
28654,76ED9FCC060D19A7
28655,43C4B67888153441
28656,BBCC672366B41138
28657,AF193749110EFF64
28658,13E4F769B8281E7E
28659,BDD817CA1F1ECEAC
28660,1AF0F4671BCE3708
28661,96D61A44BE952502
28662,A0A308AAD25ABB7B
28663,7DE04AF7BF14A789
28664,072D9EC1C796A730
28665,7C0918DBC56557F3
28666,4FAE751737CF222D
28667,00B50E4D96B9BEA1
28668,F56CA7ADAB764F74
28669,CDC63DFFD6886E80
28670,C2CC635C374D7D3A
28671,7DA7C2748BEB572D
28672,3B33E53674DA5BA1
28673,6A8D299212955382
28674,CCDD0A961EE23787
28675,14872F0AF8CD760A
28676,3DCE4BB39F394FA6
28677,87FC75C36888ABAE
28678,23438FBE3272FB29
28679,29B36665E1053640
28680,8EB52A46F0EE518A
28681,B65977EC993B4A65
28682,2D415C8A50C50C78
28683,4E5E89853BC29F94
28684,CFD53790E898FDA7
28685,F1BF699893AF0ADA
28686,C41A9AA16128681C
28687,E0D976CD298259DF
28688,AD498136E6DA85B5
28689,3661CBB2F48DB211
28690,0713F00923C19FD2
28691,07B337FF2B5078CA
28692,99923C32985D7558
28693,0BC984010FD818E7
28694,2F60F18204120167
28695,D78F339CC898CD97
28696,4F1082B361F016F1
28697,CB8285ABC2F3890D
28698,A12E9D1650601685
28699,D963D472A2E3690E
28700,C255B23415BCE94D
28701,B96A3CA5289FCE37
28702,8572C8A11BEC498F
28703,F906A5A43E7AED7C
28704,ADAEFC6A741A8B22
28705,8D711BDE57612FBB
28706,BE1552D073B73502
28707,6137D430A5AA83B6
28708,45B0CD82468451FE
28709,4BE790424CFEC653
28710,D82E982AC043031C
28711,2750A294F1911233
28712,970F322E6D014DE2
28713,389DC2AE1F102CBC
28714,7DFB2D933FD09DE2
28715,65E09399F0C6DA18
28716,4A4FA7D9A30FAAC0
28717,17E55ED248B5C488
28718,D2094A039C7AE82C
28719,8355D8A7676B97F5
28720,E69BF93FFAD9F159
28721,3FE8707DB7F5B512
28722,2DA936AB503D4D21
28723,8549A001C61955F4
28724,559AFF90896C7CF5
28725,14B23A04A027E628
28726,0E5125E09F4CE6D1
28727,E556AE3C2F67DE94
28728,B30983920DF760C2
28729,D146AF8F04AEA00D
28730,E5D47951EFF4B291
28731,185FB47E12130083
28732,FC484372939BE6C0
28733,1AD038E7AC3CD0A5
28734,83DC84B61BF8E88B
28735,505492D71C3C4CC4
28736,092C06617CB73519
28737,D473DF208D22289D
28738,E5D6BA6D48139EDA
28739,55C3E37F218A19E8
28740,707FB449EE2A2F14
28741,05C22D53D187E0B2
28742,CFF0D19AED65C200
28743,98744984DF2F3DDE
28744,3570FC499827F734
28745,0366E1FF218B3750
28746,058F62DFEC9E86C8
28747,2017451B4A89628A
28748,E5FAB97DE791CD95
28749,858EE8D60A0B9CA1
28750,F007816402ED739B
28751,720E23A4D532A6E8
28752,CBF3205E86F1D328
28753,92EE036E8C77DE31
28754,9500C930EFF61987
28755,7C1CA121B3020E04
28756,C28D308381D598C3
28757,69722633BA2313C2
28758,EDBCACCE9033133F
28759,F75037A031EA95D3
28760,4C3166CBB9E5402C
28761,D71DB84A48A679DC
28762,19ACE42AF349AC52
28763,9D33D4C220DFC06F
28764,3A2E87F293AADAE3
28765,BB8787D1186BD0E1
28766,0CB869F600D047CF
28767,D84ACC0F8A0FB11B
28768,06E47D5C05DB086C
28769,C49B530CBF50430B
28770,E98690E2EF587C59
28771,53767B1669A46775
28772,656E66ACAADC0507
28773,C109B2681FB51013
28774,7E26FFCE47F2F7EE
28775,3DAF0509C3CBB1AF
28776,6D9DAC5580EC0CFB
28777,96D4695289B349D2
28778,55B992F280E8EB00
28779,3B33BEF676813229
28780,ED8CC20EF25E7A8F
28781,B68DAD692C692438
28782,A7A4C18FB8EEDEBB
28783,1EC07B3774DA1963
28784,4400B03C9ADEC333
28785,8E4E167BA78D0E5D
28786,881607F40A8DA4F0
28787,EC472023E106D725
28788,A1F0C91168FC627B
28789,3446DCE16E0FFF63
28790,5BECE3FFA3B75035
28791,6B20F09A6E026C85
28792,9400D3EAF0D0CB85
28793,888B11EA9AD61B07
28794,5832F5E3655F5D4A
28795,70025DDB116F3397
28796,1F50C141139A12F3
28797,8174EB4793D0404A
28798,EBBF4B30EB6E95D7
28799,3E5E3D94611DE5DE
28800,D1F4A12AD81EABB0
28801,D5E2D1DEDB2B103F
28802,19D205E176487692
28803,2AD7DC1068EBB4F4
28804,FC7D30E7812E5425
28805,AEE5E8FD15A9E1D6
28806,9BCB6403F637D67F
28807,4C91BA9731EDE2AA
28808,D06FA8A3972EE8C5
28809,179EC2AF9B837DDF
28810,EAE15DB041D31261
28811,470E2E50A5A67333
28812,7F8FE7816A255B9E
28813,C14EAEF442C88B03
28814,FA18B7437251B8AD
28815,F9685E6D8E8A7F6C
28816,31640DB0D9AE6875
28817,4AFB1EA5B6BB7537
28818,9CC05C8E91B1F17F
28819,CE20CF454EF11440
28820,2A62F394375C1626
28821,F024609BB46F946B
28822,772DF339A2EC115F
28823,4C8795069CD15BDF
28824,E1591A339FF11E0C
28825,1243DD7EE9345E65
28826,D952D045148949C0
28827,D6B76A288929D174
28828,0A56E2092DF352BE
28829,C0C7704FCB7CF5DE
28830,2580F907D218C39A
28831,D3843FB93E3C6D30
28832,5607AB1C99C3A3F1
28833,0DD63B47296FDCC6
28834,3E89C6D2C8745E44
28835,0C685F214CCC1B9E
28836,8F395BD363C7F5DE
28837,78431BEC17D26972
28838,BA6CDEA29253F728
28839,073143D634456FB4
28840,74BE479DF9F8ADC3
28841,ADA691FC5A937310
28842,59EA71A741927811
28843,F2041D0A80218EC6
28844,975B287EB51AA8B4
28845,3441EC467263AFCE
28846,8138BADB91084FC0
28847,B040C728D0ED13EA
28848,0A6D214A9A7CF671
28849,7FFAEED5D17DA071
28850,A408646A1A983625
28851,576581FD066B6E28
28852,14D4378F43FED897
28853,DE70BF9D91AD646A
28854,E6A8B1F8D1B9AB8E
28855,0C3E22E89FC5A115
28856,6BD1047B5A05E4A6
28857,7991716367DD7168
28858,609D559A4C945B9E
28859,B9CA33A67A830444
28860,EBA72A924D7112E0
28861,BB762B690458350F
28862,E9ADC34E5AEB45AC
28863,A064862C7236FF17
28864,8E13ACDBBD25AF79
28865,6311F442E9ABD890
28866,4055E7B9CCB9A74D
28867,A9340E24E1AF8C40
28868,EA81CE1738AC2F6E
28869,AF4756742413C390
28870,5C093E47B0F83EE2
28871,B7305D01EEF720A6
28872,82431E90A7244110
28873,C7D50F9291FDC31B
28874,43D3B13DC46507FC
28875,A0B9641FBBCB7BFB
28876,96F327AFD80386F9
28877,C45424FDA4DF2CAE
28878,B3F9BF05872758DC
28879,334108A4B47C0D46
28880,F9E9E3A6884E6604
28881,E46CEEE7AF527F3B
28882,FB8C30233CE9F46E
28883,66D6F54228C058DF
28884,AC4DF28E64E13362
28885,6212F2499894B5AE
28886,CEB8E69FE1F5FA7D
28887,1E46575271E2474E
28888,D9FDCBD41E40EE4F
28889,1E5CD5F53FBEE410
28890,BC10AFF2F97E3020
28891,C290A91FC826DF24
28892,443C53F92A00AF25
28893,7925726A7C0EFFDB
28894,E475C65231061B43
28895,BF53FBFC764E8B53
28896,9D7EC6DFF98D00BC
28897,8E5688A483F69A0F
28898,D2793421B351F796
28899,1546B43D9D7F8812
28900,7B88E868F76AC9DC
28901,648BA347BBB0C2DB
28902,124399DDED76B04E
28903,BF479FD4F4EE4339
28904,4112AD891D9C16D6
28905,CDA2DC8928F8A9EC
28906,FC2FA35B1816D8B1
28907,C3DC750F9D05F168
28908,2CC29834B8AAEE83
28909,F012294573BEC48F
28910,E7ADC2E219D54BC6
28911,14693FC86568163B
28912,60BE554FE8DA8829
28913,1BE7E8C059A9FEBA
28914,94F015C91C71F049
28915,6470E44F26809CC3
28916,7A951CC6EF121E13
28917,B5BDF1C093AEA59E
28918,893A9B8384B537D8
28919,A90309A6C4ECCA62
28920,A10E9B7E1E00D976
28921,8C0383645B3BCB13
28922,0FE7A71E4938F164
28923,3A4A0F3F21F845C6
28924,5B3BA7CDA86D42FF
28925,EB822E0110881864
28926,23D904EEB7E60576
28927,8D4645BAAC404D59
28928,79A8D3636E040ECD
28929,E0ACAAE3E6BBC6CD
28930,E46A090F338D4543
28931,C8091AFD0CDBBC46
28932,20D5EE3BDD42B268
28933,3E8E6AF368F3F60C
28934,4535ACC0BED7674B
28935,191B73250F02210A
28936,1041B6FA8893B139
28937,5A5E5980BF273BF3
28938,5861026E9E250162
28939,CD296623017AF7A7
28940,DD9F9D8549B0329D
28941,65BFEE43A8F715FC
28942,6D9779C915F605E3
28943,688EC3C689B2CCC5
28944,444FD7EEDF3ABC8E
28945,FB16277E5D83560E
28946,04C0404DE41802D9
28947,3E48EBECE256FCDF
28948,7F20DC950B9188DB
28949,46FC3AA29ABF6C5B
28950,5CB195823164BFB0
28951,79776BD6EC79C76F
28952,4F7EE44AD79CF3E2
28953,8DFF83506B6A6FD3
28954,89F6168A4F03A217
28955,CA1E9723385B9D65
28956,26AC8EAD5B4946FB
28957,560FF047EA517E3B
28958,8302D49A5292D4A1
28959,AF6E621CE4037257
28960,8966805652A794BA
28961,7379D274725F9F91
28962,FF9B9F45BB33194C
28963,06BEA8470B1E0792
28964,C9E9770E5A94A4BC
28965,EFC95C0DFDC96483
28966,D420601035D5EB01
28967,6BFA9B4940A52EFD
28968,BAE8474759AC304C
28969,AFCC41660C24802B
28970,373A260719859DEB
28971,38160C03145517D3
28972,7ED93AA16F1030BB
28973,D65BE11489925C7A
28974,769F65B41E4365AB
28975,4361F76BFB11DEAA
28976,6653540784D661F1
28977,891D99796C1B9138
28978,F57115152ED583D8
28979,8D4ABF9A8D4A3015
28980,9E643C4425786DED
28981,FB82D1C98B98E554
28982,7FD7E4C0D6FD1DFD
28983,0A8A4EB60083ED9C
28984,6EA927CF2F1B2694
28985,58AEAC4CEE3E7D31
28986,2E4B173EB31EA582
28987,B389F834D954E71F
28988,C9741931D2FB01DF
28989,1360BF93923DC835
28990,85BC56E5A0070D00
28991,70B1382D5AE669C2
28992,4442B71983C8893D
28993,7A31237F4D2AEED9
28994,211E76041847735A
28995,76E47D0E9FFC37D6
28996,84F1E4F08267E3B5
28997,50DC1F9695FA4E4F
28998,93816653EC2BE58C
28999,CDCF44B1E42B8694
29000,7CF74C69868D31C9
29001,4E620B5B7AF45DDC
29002,E73E97956C671D6B
29003,6523A3796D09CC21
29004,D2C2BF8F9084E917
29005,7DE89C75841EA096
29006,CB2B9F26C5CB74D6
29007,E7DB7B7EE9A6A34B
29008,2314EF58CE4652F2
29009,31364BF6357FAAD2
29010,697CA63DA4D18506
29011,0616494519628F8C
29012,925DDB05F3314987
29013,22B80CEFB2ED1042
29014,E848732410C9A030
29015,11C394E2C18D14E4
29016,63F567201149490C
29017,F570250392E96408
29018,F51FC0E52F55C32E
29019,04E1B9CE0B400A50
29020,155B5969EFE7E7D3
29021,1B43333C68FD4CAF
29022,0603A09DE31EF775
29023,3FFADD43A5FC3275
29024,C37CB35592CA8C49
29025,E2AE8AF54FFCE81B
29026,047DEEADA66A6BD7
29027,B8E3FD930F423E43
29028,79B02745F5FE9EEC
29029,842F30366402BA31
29030,8A8EEB0C4F5B99A5
29031,0DD6B1873C08BDFC
29032,2458262AEE23CD2C
29033,9BE940674A13BE8E
29034,6E05F719385968AF
29035,8502A74E1EF01D24
29036,A2F5CFC0C864F822
29037,72218A93C8B4A54A
29038,9F318B77F6567C08
29039,38A38F08BDB32991
29040,9B26392CA95C4B44
29041,916A269AA73C662C
29042,632C0867BE01D0D7
29043,A9301F57FDE20277
29044,C4C0A597E650257A
29045,F69B6172C8D1786F
29046,C1A7E496F0901C16
29047,06A53C9718FB882D
29048,4B9EAD209438D143
29049,3CA036CC8F9FCE23
29050,82A6429899A61243
29051,E37CFB9DBAB22BEA
29052,43CB4ECD4B1DF6AE
29053,F6FD54D1BF251F8E
29054,8BD9358239FDF58A
29055,11B41043002B1310
29056,D761A2E6161AD0C6
29057,B334977B16014448
29058,647FA718C8B8AF9E
29059,FAE805122CC43863
29060,F1495AE9F41E2BE6
29061,03E6B10BE5541EDB
29062,115954F226A65F2B
29063,E365724A4FDA8F4A
29064,73F63F93ABA91549
29065,345C14B53B6ECF3E
29066,ACD7B19CD61D0A4B
29067,A3C49D1BDED0EDA3
29068,6E9A073BDCDEB85D
29069,6C75D4461B8713F3
29070,EC7EE2E883603D11
29071,006BB60874332F0C
29072,5D5F22B0F5FECC47
29073,BCDCB50430548AE1
29074,71CA4B83D191F3DC
29075,9D3206845C8CAC26
29076,02410A279D20248B
29077,23DEEC588443C726
29078,DECF7AE4AA095798
29079,2C1A3293D95B0F8A
29080,04441D4168A20325
29081,D1286018641958AA
29082,3A92D5DDCEAC9372
29083,8834DC89C5DD5DAE
29084,BF9E22DA8C78506B
29085,AB9312C3F604D43D
29086,EE719E6AA8DA90CB
29087,7107DE2F3854057C
29088,CC8F8B6B67ECCCFB
29089,F0B8BE3876495C42
29090,69FF2C1A46290E25
29091,E72976B0B05607E5
29092,919AF8079D4B228F
29093,CC38A3FCBAFFA239
29094,0317F7A99C3E3887
29095,2248DC98DF0EF68B
29096,62411F45D0971B3C
29097,F56CC39847828722
29098,526AD30B54114AF1
29099,6AB95458E732147B
29100,2BF706C349B8D3EC
29101,C7250CA4262D4A87
29102,120D5FAEFF2FDFEE
29103,D683EDF33A33F19A
29104,66323E3BB072AB20
29105,90684B8060FE1D8D
29106,46B8248BABD78F70
29107,A3994F6B3625BF8E
29108,4CAA6F29FA266B06
29109,7CF679D0AD6CDCDC
29110,A817C089E6FB9309
29111,67A3FE156A31BD7A
29112,7193A065BA32BFDF
29113,B0169B387C7DCC60
29114,2B014135057F18B2
29115,72D29B63D39A9C0A
29116,57C60C3118F3E502
29117,505651D3CD1B84DC
29118,130533890FFEEEAA
29119,BC3F23A221830B8E
29120,2036E9525889BFF1
29121,4637C7FB5BF9F6A2
29122,F16744CD881B890D
29123,F704FC3E19DAE48E
29124,781DA4AE04178786
29125,FCB3D8AB9A523FE9
29126,2DF88C60E883F7D7
29127,3340B525CBA39991
29128,AE20878B8C628A07
29129,E30ED9D7F199AAA7
29130,CE444DF8FB024F48
29131,4B66B9E82022F0EC
29132,A13A54DE89C45EBD
29133,BBBACAFF601E1184
29134,7881BEDED44D60F9
29135,63683DD2221DD3BF
29136,832CF72057BA67F7
29137,1B6D00BF5A57D970
29138,A6EBC77A8CFD2E08
29139,F84418781C0ED355
29140,17DA1CD12418097B
29141,FBBD11CF06F88B58
29142,CC39BC2CEEE2AA96
29143,D0DE06BD131F3286
29144,B8EA19DE19E95954
29145,B3E13D0B38858175
29146,F958A657DAEF78E2
29147,76FDB076A25CEA4D
29148,7F9535565513715F
29149,5F36640462C63577
29150,C2623CC7DD6B2B04
29151,047E3B7D88E289DD
29152,59BCE30CE5FA158B
29153,9167ECF838440B01
29154,34724A7442174ECA
29155,1664682A9F4BA0F0
29156,0DE9021CDB8BF64C
29157,348B51A574250A7B
29158,D4D1F4AEAE698771
29159,6CA7C9C942F68F3B
29160,B07793B69A5768F8
29161,9AD1492D82F6658A
29162,A7FE138946D963D0
29163,B511226E9DD956C5
29164,5095FC5A1AC065BE
29165,E8F4F8180AA68E83
29166,0B1505674264969F
29167,0C2C326142BC934A
29168,F5297A92B1E17FB7
29169,D5E94154D101DED3
29170,325365BA13BC1EE8
29171,E7A1CDF278005822
29172,B86C1C837AEAC88A
29173,494D01AFA3D45DB3
29174,DF3B84B5C04D09CB
29175,8AC021512BF21183
29176,3606F1D93D18AB70
29177,B97153B977A98073
29178,91BA5F76C47597D9
29179,FA86690BB2DDF83D
29180,E14E120813BAC43B
29181,C85DB868B3A25A41
29182,B801A0102820CC6A
29183,CF2532C40A9BD6FF
29184,A749AE9798B87010
29185,A9D94C6EDF08C728
29186,95B9FE080ED3931C
29187,271340E4FA063220
29188,CEEEC20B435DFD06
29189,35C1048711F0B726
29190,73D16DD6C7BD4285
29191,4E4AF615469BB123
29192,503CB64323D21DEE
29193,C76846A461B92F05
29194,F3D95A35F6468795
29195,EB90FDB6A99CE763
29196,2219D17D0C27F0BD
29197,58A9E62AD850D299
29198,6FB4B149181BCB44
29199,384E41D81A792385
29200,0134DEA6015096F8
29201,358501C6A0369E5C
29202,303AA0C3AC79FD17
29203,A2B34712C4D58265
29204,A18D1F865F468B22
29205,75641E4105FD0560
29206,7E2A8917702370AB
29207,41D4BE7D1CAC27C0
29208,0B57E6F26231CAF2
29209,98EC95DF50DE3C0B
29210,04EB2A1029245DC9
29211,F03A84F6788F0838
29212,0277203D27F7B0C2
29213,4F4BEF66D9AFD653
29214,210B4EAF5445A50E
29215,4357D740A1140999
29216,1B2C6D386488CF6C
29217,D2B8845440542AB9
29218,1B3BDF45CAE43F16
29219,601872EEB1B7F282
29220,8BCB6F0C3D13A1F7
29221,9AF64A7EF9B3E1B6
29222,7F1984682774FB91
29223,D5FD334F1A84C731
29224,8DF586F2AF1F4148
29225,F91EC1EC6EBA57C6
29226,EB051CB5F85B0AE9
29227,C5B03CB6B1330BC2
29228,61CAD8BDC0B79253
29229,C4CD9E54C6D2BCBF
29230,06D0AC5478C8DC78
29231,AC77E4EEBAAF47F9
29232,0485144B890A5772
29233,B0DCB3DFEA8900A4
29234,93AC40A358015800
29235,FF7304DD501E3701
29236,A052DC5D6E1E36D7
29237,F0F9DB523104702B
29238,BF92A9C2076D95B7
29239,1D525F800E3CD128
29240,622340E16432C774
29241,39C679D14285299B
29242,F142DD7FD2F65554
29243,51119ACD42122A28
29244,F543A21398DC7641
29245,861972C6B4476BED
29246,148C88ECDA8E5CAA
29247,B02DABF8B492520A
29248,21A30AA3891774E4
29249,D6892A3C4ED61D4C
29250,A07DDB6B1A18B917
29251,A8EC1130A700EC43
29252,05F7F01CFF0B90D6
29253,167C423E8ABBFA7B
29254,895A1F90B752F5D5
29255,BE5858F5DA539E9A
29256,5B866F2BC7B5346B
29257,6A1D6BCD4E7913F4
29258,AA7C7C6860B0209D
29259,199AE28E0E8381F0
29260,99CB7080F683C5FC
29261,7AD03F2F940C8761
29262,7011B79DC60A4D23
29263,5A60CCBA6537E4F9
29264,A1571730319CA687
29265,A10A421DA1FFAE5F
29266,BE6E3CBF8E61FFCE
29267,944B95EFDE0E4310
29268,671F80F57DDB38A3
29269,F236F165CB3C9BB1
29270,185442B81E7CA4CD
29271,53455D162429FC56
29272,AAA15D1FB2764590
29273,2E6048CA7ABEA5B1
29274,7038AF138F9A7EAF
29275,68569CDE84716AF6
29276,787F1C3E7D181FE7
29277,A7F3A81124ADC68E
29278,EAB242EAE05C1267
29279,732B5770A2D13EA6
29280,C1ABE9E3BC6EDA1F
29281,0E2295B37C4DE3ED
29282,99490B2D48404FEA
29283,F3D4CA052E441A5F
29284,B9A86E2EAAA1417C
29285,E753853F010904B0
29286,5E960C2F95887A72
29287,6999BDC618871371
29288,377373817A491586
29289,FB01A89C7C0EBBD1
29290,3BA7D207349EAA16
29291,567F50F036FA507C
29292,2D42DCD9031CCC2F
29293,8A9CEC9F6973B388
29294,3794007D05D70114
29295,126B95DF380ECAD7
29296,E684D1A80C85B32E
29297,360E13A305A7574E
29298,F360EB69DBE3E4AB
29299,25B6D3DE171CDEA7
29300,DFDF7E78BFD2245E
29301,0ED85B4CC1135160
29302,EDA2F40749F4301B
29303,04D6C1DF005DC5CC
29304,378F882BCAB1EE52
29305,B55060546C9A0A68
29306,9A4D60CD04D458D5
29307,BC9A6E34B6168463
29308,BB710CF0AC9146BB
29309,16503BCA676007EA
29310,556CFDC9E6B127DC
29311,12CA14240BC8F767
29312,C20B1E1ABD9E7699
29313,7E1A93E73CCC4A24
29314,F22A87B8EEE6E793
29315,BFF2FEF0F24D8056
29316,BDBF291912E09DEB
29317,E1CB0F8CBD09F35E
29318,ACCD905FB54FE289
29319,6AC57BB521F15426
29320,5BA43B82ACCF2B6A
29321,CE0E87BBA8386BD7
29322,7536ED91E0414196
29323,CE4AA2FB5C048ACF
29324,5442405963068726
29325,B83C51AF5FA35E4E
29326,6006001ED3969ABF
29327,810655AECDEB948E
29328,3E5E08EFDE82FC51
29329,C1842DFE43CF61E1
29330,AE00EB5A0A4B4443
29331,D64130B2C078D1FD
29332,06331AC9AD49D6F5
29333,91339FC9D8EB814E
29334,DD04A82FDCFEFE8F
29335,61628952D692C2D4
29336,181B1993B3E362E6
29337,2FAD1A646E704EDC
29338,D0B65D88B98581A5
29339,B50A3443685830B9
29340,32FB22FC6E306C70
29341,9D4BDC367A3BF18F
29342,0DA672BA923C3BBA
29343,CAC61E6C10367388
29344,451A10A847CB1B4C
29345,22CD91AC4674DBAD
29346,BF22FA36231E140C
29347,D9FCF903E68A64B3
29348,B1E913C5F8261C7B
29349,290BEF3078FBE250
29350,CBD32A7D40950D69
29351,600780A5F50F1778
29352,667DCF7F1F90A17D
29353,DC69E15B859987E8
29354,91B1D7D91116F67E
29355,EDB19B2E40839321
29356,46E58F35FE44C787
29357,D7B2A93B8BDF0019
29358,058FECBB6D4A4734
29359,F850EF6C9A0FA1E3
29360,C7FC3FDE320B121B
29361,7568DB1D4F21613A
29362,D4F9C45431EC7EDB
29363,1742019B8E98979C
29364,EC02723D5C271730
29365,901106E45F4E6B19
29366,C855F26A8E2722D7
29367,F490C6C06B03DFD0
29368,1A48704032616383
29369,2BDA7A94EF3C52C2
29370,0178D65FCE42CBD6
29371,F57F390F5872C2B0
29372,03021932406BA678
29373,CB190010AE094B49
29374,8820EF1FBB4F4F39
29375,1CE1D1B4289798C4
29376,1FA5DBE9B74F004C
29377,809B019411782C47
29378,205CCF3027F4DC1F
29379,5278C253EE42E2AE
29380,A78F81EBDED61E6B
29381,BB7CA7AFB4FA7783
29382,5C7D926BC49049FE
29383,85D18BFAE1C63B8D
29384,17F9062528A1FFAA
29385,31F7706B47C1C567
29386,2BD98051D5B5023B
29387,44569C8238D4F649
29388,0B191BF544F8829F
29389,BD49B2FC8E0C78C7
29390,4136A1C3E8DC341C
29391,40674AF9161B80D2
29392,489B88D381774977
29393,00C7C6330E4A8B3C
29394,7946424CF585C246
29395,96ED1ABF22C354F3
29396,45AB67D712708C66
29397,1F25EE3CC267619A
29398,87EC0391E02460A0
29399,89CDF091751FCA35
29400,EAC48E3DAA5E483A
29401,D73494E367E539CC
29402,5FDCF25818AC05B8
29403,5CA78C0D2834F14B
29404,971195078D27AE79
29405,E812308C8BCA9C06
29406,8F2A04D18E37BA38
29407,3975AB8B3853A603
29408,BFF185BC16339A6E
29409,27AAF7297BFF5629
29410,6E95DEB371DA529E
29411,8A64120BD1ACFF62
29412,2CD8DA1766BCC724
29413,D0A398B1F8C32B2F
29414,4A09E30D23F10135
29415,6E289D91BBC45698
29416,7325F998CAFF83BF
29417,63DFFAB0CF2E7E97
29418,121194813FC66B11
29419,4037A2E345A7FCDC
29420,57B0BB4E819B939E
29421,E5F5FD9DBE616DA2
29422,E28B59998400D4AA
29423,0EB3DE051EBDF467
29424,D32A0BC88F30BE0D
29425,399D78A87BEB6E82
29426,872ECF8938719214
29427,B7133DC636D6C2AC
29428,18FC5035EF9FBA28
29429,6D50B2A07D6621D4
29430,5B81D1A996221365
29431,DDA2F0AFFCD7170D
29432,FD968A86A78E7161
29433,142829527583265D
29434,8B80CFF1FB56EEA2
29435,F460E0ECD005F216
29436,180638AFFDC54F31
29437,78A84D0E82FDFED8
29438,D4BFA7CF1B0B26D9
29439,5DC54542D9726434
29440,2A15879E74F66D20
29441,66888396F0E7FD7D
29442,7FF2BBDE2FCFACAE
29443,1F91F128A28BDD7E
29444,1CC09C4F7D63CD35
29445,159CAC51F3FF881B
29446,3617717F45506528
29447,3AD685754A3BD3CE
29448,2819D0B49EA8DA6F
29449,C567EFAAB35B47DF
29450,71E63C56A798CB27
29451,01DD1977B6744AEC
29452,7C076B0F5BE4A6A5
29453,E0C17BB51CB10415
29454,9764301FD11D6B36
29455,C97E20060E6DC7C9
29456,E8CE0D89A9933092
29457,E246163D782D6192
29458,F28739FAD3268BFA
29459,8BC54D7C50DE3975
29460,C2B67157836C6AC9
29461,487E0EF6B7CDF569
29462,BAEC84D5158B9697
29463,F78F78D62DB29464
29464,859C2060B32E89F1
29465,AC457E052058C38E
29466,B71EE2C44BA095CC
29467,70513BF66D63FFD7
29468,250CC224BAA5E065
29469,521B54351FB69D6A
29470,F0DBA92B27B10F30
29471,377E07C6D360FE26
29472,DD570D2DAFBB3743
29473,E12EABFCDE417905
29474,62CE4775DE3B91E0
29475,D29B7AD304F9822D
29476,CD6DDE92D31E57D6
29477,2FDB9846A883922B
29478,3523730865FB2B76
29479,31F2638843BC02A4
29480,1E3B4E5B8D964F93
29481,4AA21B8765F9A33A
29482,C3CA7F657AC33030
29483,BAAE95A6D791A274
29484,7522ECB4A4CE3125
29485,DC2246CC773EAC44
29486,4C60BF96A5F17940
29487,7C3AB7B766ADE9BD
29488,B5D17489FC3639A2
29489,18BB0672487DFF40
29490,16727990E63BD9CE
29491,B301FF6CB309892B
29492,E12DCF76D55D6492
29493,73FF989CE39AEF4F
29494,74A79C5B59E39D9D
29495,8D0E1973DE8EEFBF
29496,77B8EF3CC6828735
29497,04FA8A053DAD4439
29498,29B67F30A6BDB75C
29499,1B0E84F03BF4D67B
29500,AF7AE8BD2025EFDD
29501,5A74C4FE90C049F9
29502,F627F8190F7070EB
29503,1CD43ABC44CF4B1A
29504,F79443BD640CA050
29505,A661A81722DBAF96
29506,CD286E072D1ABF45
29507,8F1EBAD850B3C28C
29508,4FC83E96A117DF35
29509,4BA052659F90083F
29510,C9768D819C6BE683
29511,E9E856A07AB617F5
29512,0CDEE4EDB2441EA0
29513,F53EAAB0FF768342
29514,A2803BB91F93AEE2
29515,C35923BB2A2F9370
29516,EF24A0578A8E4AA3
29517,1BD245655CB92DF0
29518,3A25A53A1CB90823
29519,390AA4A91487D602
29520,A5A111E7990E52E1
29521,2EEC8777E2724F6E
29522,4CAA92890C5F2DB3
29523,15281770B73485E7
29524,F959BF1B61B92392
29525,8B06E9140518CCE5
29526,5584DB9DAD733EFB
29527,44913A0741F172E3
29528,DB5A9F9CF591D0CF
29529,AC0EB7E53FB9CC15
29530,E0292D00B7A68176
29531,A10D5714AC5FDA39
29532,AD8628E85813B02B
29533,B6472EF390943DF7
29534,D6A1706B2A129946
29535,7CACBBD9CF35C788
29536,70A20FDC3BC3D71E
29537,63406FD440A40D60
29538,44B24CB5600BE2E8
29539,39BE5722963DB983
29540,1C00D91372FC18AC
29541,30CD7747C4569125
29542,9C3CA7AD450BB716
29543,5EEB76FA573DF2DA
29544,584C1FFADD86521D
29545,0B9CDAEAB1795B03
29546,8B84031F0AFBBDBE
29547,49221B22B409EBEE
29548,C35998D3B0B32FC5
29549,8C1C3D2A5E7F0A2A
29550,A45A86592AA6991C
29551,AE25398F295C85AC
29552,C35A1C7071FCE385
29553,20FF0671A991083C
29554,BFACE25EF3343D06
29555,9554AB77D99DBA6E
29556,9B9AAD7C0197D960
29557,CB018075469CF7E2
29558,2C5ED4B1744245C7
29559,4F83F1D0F352AAA1
29560,FE969887CE1C99D8
29561,BDEB048033C5D277
29562,347A7B3059D182E0
29563,E7E9E6BE3CCA3810
29564,20352E30FD27934D
29565,1E303FCF14D2C845
29566,E95C6AB66AE39BF2
29567,99B733A5378D12DA
29568,5B62782E96586DE8
29569,A0627EDF08AACF9E
29570,4BC82D6A8285B09F
29571,555FC6EA394B5AC5
29572,8AC53C4757875543
29573,0AA4211CA7356ECE
29574,627242FC7E18625A
29575,4CF7ED5F0BA50D3F
29576,7B279ED7805636E3
29577,3D49ACE426771B2E
29578,0B4B1737AD4FACDE
29579,772673EE8F3EA265
29580,A902F49DF4B0A03B
29581,6F6655C385087453
29582,361DF4FFE22E8215
29583,0988A0CED3C126E3
29584,3C1F653D9DB31035
29585,559E0DA219987E9A
29586,8D225BFFA4726B9E
29587,68D9DD3CABA203BB
29588,988B7E569F7C5719
29589,A79A2E3F30328093
29590,04F5C11EB0665857
29591,7BCD2E85731DB00F
29592,622F06A10EDC755A
29593,573A364EEE48D0B7
29594,D43F9E687D63D23F
29595,DCADE548776DFE1B
29596,9A59C407D3E6D144
29597,3397320EF22E061D
29598,485DD253886424C0
29599,EDE0CC2A4A662EE9
29600,AEE50CCF5E3787E5
29601,0DB7192942241D53
29602,57B215808DFE2FD2
29603,6ECC02419433DA7C
29604,457E977FC49C6574
29605,D14C2EB04783D850
29606,20801A30598F5340
29607,62F7ED6C5F0C3837
29608,D8F96DC482F81523
29609,D3210F51F8260860
29610,CABE467B630A5C42
29611,8D6A26952AC64EDA
29612,01906F5711742034
29613,C7CB06CAEE33C8D5
29614,532158B1505427F8
29615,E7FE175610807842
29616,FEA85F632CC4BE5E
29617,7EE6C6D997772BD4
29618,7B5B6BA91FBF5CE4
29619,005D387053839DD7
29620,9CF9659EE1F87699
29621,B8E8F35728EB6884
29622,D1FA7BDAB0F25AE0
29623,45CD63C3CBF1A7CD
29624,ADD1A73D074A0C5D
29625,6BA0D847C209363D
29626,38F1F0A1088C44A5
29627,4E53271466FD9CAA
29628,98F2EE449867B2B9
29629,F727D15AFBAA8B21
29630,13004839912AE586
29631,DAEA8CFA969B3572
29632,FD886C7BB0650835
29633,75059B2FC9A7507F
29634,3EFC730F9F4196D7
29635,DAC517DE7B14575A
29636,A345EAC691036692
29637,FA0F12B09849E45B
29638,12199AAB9E4C2EF8
29639,407652A4B11EB9C5
29640,7EC14E6E48F5059C
29641,FF8A31744FBE043B
29642,E56C38A966295EFB
29643,89C8BA76099F4138
29644,71EF3523E4CE88C9
29645,F0047E264072F146
29646,627BE15B9DE98A99
29647,BEED76C8F0BBE7B0
29648,15B64E9393EB8D7A
29649,C86FE6132AFB93D9
29650,0D8B83C42C1B65E0
29651,FB091348184B7562
29652,FBC4AC80EB8D3A1F
29653,482B7B2DEDA4412D
29654,4B14CA3CA2B5A7D5
29655,9E9EC6A19D72A598
29656,CED58DEB9EEF9944
29657,CAE3DB92E13AADCC
29658,E40616FFC4F2EC04
29659,44DEA4694BBA25A9
29660,80BC6262B77C46EF
29661,E7A9BDA18CA27817
29662,7D8474F66AB94A41
29663,01F8C1D343F7EB5D
29664,8431A2373F710DB7
29665,9F3B256E4A2E7D9E
29666,EA71E39536C241AB
29667,00A1C5A5BD70BEC9
29668,74EA3BD855AF4925
29669,984FA2137DD4EE43
29670,328594A34755B629
29671,253D22155EF0BD28
29672,A9CBB3BA422D0534
29673,F91738872587DB06
29674,D7421DF80EA26251
29675,93BAABEB4DB86FB4
29676,B6DDC364B9A63745
29677,7321A53C37AB7E9F
29678,6DC070180576BC4B
29679,2FBF87A95FCFA899
29680,4ED4776223F0167E
29681,2086107CC3345C2B
29682,F1649CAC8B866DAE
29683,429A848F14C2E3C5
29684,9F998A5AA617488E
29685,336AF56467536059
29686,28194E1DCFBB070E
29687,6FAF56BD373095A4
29688,F1BC31E1A83E91C8
29689,D3AC491575161825
29690,4BA645CC8C4FCA10
29691,F07530B9A1E28107
29692,F3ED9F8EF6A6D012
29693,7FA3EC95F26BDBDF
29694,FF822D531656EE7C
29695,833AD50D4880CFA2
29696,ECBC9C84067C216D
29697,661813F3DDBFCF7F
29698,4F81CFDF085857F2
29699,0612D35FA957E388
29700,76E68930B05FFD19
29701,46CFE5C22C52FEA0
29702,51C85C06AEC93328
29703,F4EA9376A9F35AD8
29704,AB4AC1694C6E5BFC
29705,C0B3AB22AFA0FEF6
29706,65438236661877D7
29707,72F95B3EC682B52F
29708,0103C5A03A0EE1BD
29709,5832BD4E2AD6A52E
29710,0BE087DFF31FF164
29711,A4A354A2F403DA34
29712,135638F49B9EB88E
29713,4827F3268E3FDBEF
29714,61018C4E19C894AA
29715,D99F395ABA18E11E
29716,72385692B2114502
29717,A5C7950048BB8651
29718,9BA3B267B0D9723E
29719,C17B53F7A008FC8E
29720,0E8E651DF08F108A
29721,F1AF4AC8A78D9071
29722,DD13EF93C926585F
29723,9C81A2C30C94746D
29724,9034820031DAF357
29725,52CAB89DF1B3DC21
29726,F33D8E31EC405E3F
29727,D69B5670E2B9E878
29728,405879B6F8957505
29729,0510F242B6E50EFF
29730,470F480C70281C8E
29731,AFDE395A11329656
29732,7AC647A2D4B268B5
29733,EB70FDAA76CAF7DE
29734,83EC2004D9EDDFDA
29735,DDC0DA86578C6260
29736,2C5D8766E998FFD1
29737,F96068391376429A
29738,5010DA075A082A16
29739,A1D24CAFF581397B
29740,21162916881F1740
29741,8F68A5EE7E969FE4
29742,D585F21371610895
29743,5D9BEB5F4AA5AB47
29744,709711D4EF7C426A
29745,851B729F187C2CCA
29746,E66CE5F39716EFB3
29747,5B58B8C47781AB7C
29748,FE1F3F6C57FB4ADB
29749,EEBBA4C1E44BF103
29750,16D21117D026BC07
29751,8AA329B30F700192
29752,457AEC9D2328FA38
29753,2EFF674FAC294D35
29754,24701A20B949DBBE
29755,2D6EA6A879E6FB00
29756,32B6DE9E8F14C6D0
29757,3DA5BCA8F1C68E0D
29758,F399F7E20A0BD006
29759,DA2825374EB56642
29760,FA14357D31F8E8D2
29761,9019148110C08987
29762,695A0ADB3D8FB9D9
29763,DCC953C3F22DAB15
29764,4AFCFD5D9F67D2BB
29765,8116F15D0B2CF9E0
29766,EBB43D2674366E63
29767,54C4CC34D71CC900
29768,AF5EC336EB96A515
29769,9020CEA68CE44CBD
29770,1F789904999E7B0A
29771,E246969ED50B7F5A
29772,3D5A97A40EED7CA3
29773,0997D9F876082F4D
29774,B56CAB7842256071
29775,28075549DF423EE4
29776,D1B7B8AFB4B8E5DC
29777,17BA4EFE55206B6C
29778,C584AB9274AD9857
29779,1DCF8B90F556CDBE
29780,896FA2AAA3DDB1CD
29781,550D26E54626B84A
29782,259D929B571DF9D7
29783,3D686145D531B60F
29784,059D0D0006844464
29785,7C51F91F0FD702E4
29786,1F17F78D642CF46A
29787,10CF30A88A6A3BE3
29788,8915D92F7FFFBE6B
29789,2FBC6524531E3590
29790,2DF9BC4BFA7F66F6
29791,D4EF843E81565637
29792,EBA30418BB55A62A
29793,78C44594F563E8AD
29794,8578B3FC637CE854
29795,E10C293E9E7792DD
29796,CA23C321CB0F44E0
29797,990EC3D49D9B0ACB
29798,06F9FDA96FB85352
29799,C5B9086FF8A64075
29800,E53CE8C81E4CF110
29801,6FA1D01162459E4A
29802,35C80B4E685D11C6
29803,6201B95F6360CBEB
29804,37F0D1B340C3BCA0
29805,7C3510CA98EDE7B0
29806,C3BE53CD8B18C69D
29807,E241A7F9D26238F4
29808,5491D8B427A5BB96
29809,2D9CE42F68AC94AC
29810,0B7E2BBE48E23123
29811,14C0D494143582D6
29812,AF387DDDB72B8119
29813,6B8F1B1AA394E18C
29814,461B37864C464410
29815,796B18AEDDD38572
29816,B67F3135696BCEAB
29817,3411422D54379737
29818,5CE59900AEC560D5
29819,BBB2590EAB26B527
29820,7D6C30F5B97F2FCE
29821,276DA58FA9D4E673
29822,DB9ED9C71D5D07A9
29823,B90E0FBA17F7F3F4
29824,8218FCE54EA0E55F
29825,049B595BC61E0063
29826,3B8C3449444BCA73
29827,7C932AAA11CEC809
29828,6D44AE58C0E90496
29829,8DB9ACBAF47587F4
29830,0A77204E075A0897
29831,106A9B5DF4B5BB46
29832,CE938C2F4B37DB65
29833,AC384014F5A86479
29834,1F8D92263D51F01C
29835,87672AF5F6B1874B
29836,AEC42477C73E429C
29837,14DB5F664B423E23
29838,1A356B3C6A7CDA26
29839,FB96F94310A8D2F7
29840,5689D2CF1FAC5190
29841,1D0C7D351B1E1E39
29842,3FD869545886BB60
29843,AF9B1C1E57602861
29844,939BB17BDBF918D2
29845,F42AFEF6AF650B76
29846,A73563CABD35CB89
29847,75D12ABC1972FC18
29848,9F80557139781EF8
29849,CC89D9D2B078E1B9
29850,15ABDD3B4D2DB65E
29851,C5851F84534BE598
29852,9C634A64B0624DEB
29853,6AC1EE4C71EB2509
29854,F5B7BFA0D37DC855
29855,BB1862049AB1BF58
29856,C451F65538F76E30
29857,AD40B2C2C98A48D9
29858,87081BEDC931E7E7
29859,B74679F765CD1C01
29860,DCA28D73C64BD3D4
29861,D94EE9A8D6C57D28
29862,5F0D301E35D73009
29863,B8D9F75A644C314E
29864,5E57E9077BE57411
29865,DF15389A29B50A81
29866,F1572FF4CEBDDDF0
29867,C04AA9758238A715
29868,B4AFD5A54462A561
29869,F761A303736EA77A
29870,E6A8349F27A4B579
29871,0667428E5128633A
29872,A37C8ABE99557997
29873,C2F31BBD10B7CA91
29874,05A6B0886D6E4469
29875,3AFBD09643AAE26F
29876,A8B487EDDE94DFFF
29877,3B3BF445DEF2FB49
29878,C856659193F1B7E3
29879,640CF432DC1BFDAB
29880,00CB9DBEBF4E6CA1
29881,F2644B21FB211472
29882,74E4A46B056DB732
29883,F571574536E22C01
29884,2378F17EF5532FB6
29885,9E19E14BD93480AD
29886,8BB0C357521F16E4
29887,7E0203983A733EBE
29888,0CDCD235997BB099
29889,2CA5BE1A3763567A
29890,6F48BF8125EFACCE
29891,C4BF3D21F2F52A25
29892,8F63C68670B93E70
29893,E0BBAD77FAC652AB
29894,864B88CFB031B163
29895,B7647FEE40E86513
29896,13B4794729D25ED3
29897,C64A272D5C082A17
29898,4B50F76F52FDFAB6
29899,0E766076FC5C6C39
29900,686021C8F1E40DEC
29901,C5AF7EBC6D04BB1B
29902,7F0324B9171857A1
29903,C69DFE55AAA34E04
29904,FCB99E09CE7CA81A
29905,774ABC888FDA75EA
29906,96C691FCD3B67CD3
29907,860FA26057365B67
29908,7C79DB0C6A3C7E4E
29909,AB5A2219AA427F21
29910,46D6A795591BB2E3
29911,B5EC4017E2EB0840
29912,324421DFE752ED1E
29913,D2D4A0C7C2ACE414
29914,142D9EE872025B7C
29915,EDFF3F7B0C3DD41E
29916,3B564CE909677380
29917,6F1B99E807056468
29918,178AC5B09D007241
29919,926756D04279AEAF
29920,92DAD42787176E0E
29921,FA9D47B3E3BA14EF
29922,ACCF8D00E8D2AF9F
29923,641600B2E1320CFC
29924,FA613F43864F6867
29925,300A39AD06A61C0B
29926,0C4A425840789072
29927,5BD19D905277E763
29928,BEE141FA956426D9
29929,298B6EAE078BC7BC
29930,2C76D540249A1716
29931,144B2EEF89270C1A
29932,570D1A25318DBAC4
29933,0383774D64F198CD
29934,EBD548CE3B59B814
29935,281C9A5A772EF305
29936,16400EE62A7BC08D
29937,A3937C492F970920
29938,46E4F13BC67D2CE2
29939,E7F6B67945F7B3B1
29940,F1A49FEE21DEEC70
29941,D9E6639E8FA47714
29942,918E750DEE044632
29943,3E62D777D9B7ED8A
29944,CD0150A62BE8E4AF
29945,3D3C78B3EA14322D
29946,7F7A3A0D1358F7CF
29947,95002F5C0C92C1AA
29948,E252522229FC5744
29949,360253CC0FE043DC
29950,120A76F1BE79B957
29951,B8A4A8A7AEA3A229
29952,307E55A13EA8A3CB
29953,EBA4A4B220CC975F
29954,F21270B9AFC9F734
29955,89B21BA6E489B865
29956,943B4C3979E12B0A
29957,9DE696CF526D08EC
29958,AD373530347B6F80
29959,50B75FCEABA28DB7
29960,D1BCE31477965D0E
29961,C94ADACD26647CF3
29962,6852174D187322EC
29963,72495C5FF1437B45
29964,7C662160631CFA4F
29965,A013A7A7E2BCC37B
29966,C0F137133BFC38DD
29967,692B485EE3CE85DE
29968,5BEC6BEBB67CBA60
29969,72C47468A1CBDB4A
29970,3B47AC09BE704C7E
29971,66FBBB76F8F7D260
29972,E94B1C8F9A815AA9
29973,346ACCCD5C13C02C
29974,5E87B911769F1BE5
29975,D1884626D39B8FD5
29976,2029C386C204CD27
29977,DB44D878BEC37D84
29978,A2DE21F3ED017578
29979,81F6E38C3560857C
29980,7A188DC9B337CFCF
29981,C6DC762E84D314FD
29982,FEF948CB3BE1B988
29983,5A23FC75B29ACEE4
29984,96CC683C9E41D03A
29985,7C6F57CA5633986A
29986,66E189137DA8C364
29987,BEF6A1336D477CE1
29988,FE53BC67AC89C144
29989,014221B1BE197345
29990,3428EE042E6A9BB4
29991,33B35AFCAA4874FD
29992,71552125C99F20E2
29993,F7DE337002D966BA
29994,469E6755A94CBE94
29995,38B88538E61048B0
29996,0CFFAB25D9EAC0FE
29997,C6BE545EF00C0BB4
29998,0216C98D4085F9AB
29999,4E06C2402BB70685
30000,92CFD3B79F435E06
30001,21F2ADFF29E31D0B
30002,2470A4A06382AD22
30003,D7C0DC52956FE429
30004,EDC704C72E28A559
30005,2076B3ABB7E9113F
30006,CDC3DE0DE9912602
30007,CD3715544A633265
30008,D251DFEFF0A341E7
30009,4A2609F69DB3B687
30010,F18E1686E1CF90DF
30011,E0B5A488234BD823
30012,65ECF3DE39328A0A
30013,E19E933C3045267A
30014,EFD3A34E32E3293C
30015,477DCD15E613653F
30016,47354B4C11B3E433
30017,5087CD148A0200B4
30018,16D962BD4524AD8A
30019,FC0BCD684D77C865
30020,EBD968DDA91BF409
30021,BB5ECD6ED4CA3FEF
30022,FC9FAC772E2B2B7A
30023,0D338F2847591A7C
30024,815AEE44D69F69C9
30025,1ECE2BB1550A77A9
30026,CEA95B1318017943
30027,6F9356ADE5AD211A
30028,D2494D549881119D
30029,FC3DE9485C14F121
30030,D5F61BE030D144C0
30031,B7B02BD65437E024
30032,A36A52939111B902
30033,642599A8FCDC99D2
30034,92A04DB547DE9766
30035,536B83CB9E4F743B
30036,8DF9187976E5BA6B
30037,E56704030776FEA8
30038,25129E5A1A13C9EC
30039,26CF6907E495B4EC
30040,253FCCBCBA3AE312
30041,F3DFE4A22BC7C48C
30042,0720221C9F6DBD61
30043,AC65E013507EFDAF
30044,F41EC5B244127230
30045,99D0ED1E5D18297C
30046,49A45D84ED3EBB53
30047,A482C7379BC63898
30048,86EB7B586CDA5E2F
30049,B6D7251081129C60
30050,DB8137D58856CCD2
30051,B2ABE3C1F332B9CE
30052,C0486781395C1159
30053,68EF795FE6EE8AC8
30054,33635DCEB81F92EE
30055,998C3ADBABF2E13A
30056,5577CA94CDCA7097
30057,0DDD2389E79E2E40
30058,F7B8F355A6C7BD82
30059,8BAB8AF9308552B2
30060,09F1199A33EE7D99
30061,1267C72594DEFE5F
30062,0C6CD8D085C1D7BA
30063,9577CFBF2F3EDF6A
30064,1656B56FC80B7CB5
30065,09D188303A15328A
30066,5E12E475F6F9E999
30067,8429FC9E3888C223
30068,93B88CA7D0AFBD7D
30069,9FDA6DF50682484A
30070,9A26D4C166B918C9
30071,BF33DAB666558F83
30072,C9E542B647A878C5
30073,871606BA42394E88
30074,05FFF25C9E58D8DE
30075,BAB4BC53EA0B8197
30076,4A6889C8DCF8129C
30077,8EE7F2017418AF00
30078,9102D8CAC787AC73
30079,88EEF88142CEA92F
30080,1407A730719879ED
30081,986BDA5B9B7EFEB7
30082,3415C8AA150E18A0
30083,CE2747EAB1300DE0
30084,B2206463A24CF762
30085,6772101657E92E4E
30086,116466526DA3B750
30087,5C93E7C7B12D3638
30088,7E9416A0EEE87FD1
30089,C7EBFF08BEC51F34
30090,3F7E987C55CC2060
30091,1F414C7CE66CFA16
30092,4D155628D7A7C8F8
30093,2F7D385E0408ACA3
30094,84FD09A677C29C8F
30095,662A7A70F4BFADE3
30096,70639ABA1CB7EFB0
30097,AA6D83554A4491D9
30098,39CBA5318C3DEE29
30099,355EEF2A702FD25C
30100,2D1FC1A18D2BFDFC
30101,7B06FF7C72371A56
30102,6C460690A0A488B4
30103,70985E74B0A41EF3
30104,F81CC6C950636F13
30105,E669A124B483FDE6
30106,CD5109ABF3A98AC5
30107,5DC3994E4E7F18DC
30108,99BE8AA66E4AE5CA
30109,9699BC4C0CF05363
30110,0EF0855BC6B9B184
30111,22FB7B77E85F2C61
30112,020EA1E29646D22B
30113,5508AA00F88A0CC2
30114,B2C2121E533BB76C
30115,B1AFE15738A00E88
30116,A483D2EB5A1846B2
30117,DC103D9982B8572F
30118,FDE8DCFA15076741
30119,9C8FA64CFDDFDFAD
30120,5038ECBF51755431
30121,88992217BAB07161
30122,87FBD6EC5A5159C3
30123,5A1D09AC3C9BA88C
30124,DD361195C3071C34
30125,045567AEFA2187DE
30126,41657815D9207EEF
30127,D0018202636A19AF
30128,301DBC9D9E10CA30
30129,9699264D690A65D8
30130,4988C4CD44D19EF2
30131,9D5968188F6AFEBF
30132,4E26F991F112EF2A
30133,6D4AF29F68A18789
30134,F4990998E7B90516
30135,4EF7A3070CA37A55
30136,8613811A18041A48
30137,B71D4835644499E9
30138,837AB0508B890D2A
30139,4CA9FD5436397D91
30140,7ADD2B082789059D
30141,6D3053425578FF27
30142,2106E4A916730384
30143,DAD50534287B285C
30144,674EA529027CFB78
30145,50DD26A0059F619A
30146,A4FD6C7CF827A378
30147,9459E62AD9CB4C38
30148,1B43D375D8D13C38
30149,CB9BBEA1950B68EF
30150,1D81BE0CF85934DE
30151,CB9A2E901543D19C
30152,DCE154780B2997F0
30153,16D7F2B1175CE3B9
30154,32462DF9D0584036
30155,657D97FAB769073D
30156,96F8B3157291D6B4
30157,7053CDF75E5EA608
30158,49DE28A28EEFBF6D
30159,F8E6DA3D9C2FA380
30160,79B5E3EE698EDFF5
30161,3054E2C26AF03335
30162,D5C438CB315FCF62
30163,4715360258D17F31
30164,124CF3CCF113BDD1
30165,FF04975401C80818
30166,325169BD50DBF789
30167,3ED4C5CB115D3519
30168,5B701657297D0FF4
30169,42681A4BC96A1E35
30170,6082A81DA9C49626
30171,87A69E129FC9B53A
30172,7729137A617BAD9C
30173,22A0740AF0783C79
30174,79EB9A8FAF9B9AA3
30175,BA4D9022B60263EE
30176,5379CA58962B44BB
30177,93F00201AA1F63A3
30178,70C4C9423C695714
30179,C529EBDD0C827B46
30180,4589C8709E20136D
30181,32BE96DCF9FFC518
30182,3545CE9D536D794D
30183,5C730B700B4BDBCF
30184,FFC2DB05B720C34E
30185,7222A6CFC2A84AAE
30186,9F986767C67CAEE5
30187,95F1DF449C2162BE
30188,8B7C63EDB43EF5E9
30189,8044F11C074A8276
30190,5AB57F368AE34CE7
30191,A7DAC89CB3B48CC6
30192,EBAE990CBFD5BCCE
30193,922B82572DAA2160
30194,750F6F7C34A93701
30195,0E4B8177D7596440
30196,92BAE6A80B9C8906
30197,14AE9D66B5FCC608
30198,9CAB1FE7F3ED58A5
30199,F14302E82C185BBA
30200,0C7B8CD8F08E8F3D
30201,60FC5FFF60A53C2B
30202,6A63A6E632D48BBB
30203,29A4B932064D83E4
30204,3BDEE36C11894C73
30205,E5C9E97D293753E0
30206,4060B2A6067AD7C9
30207,BD252C20B17E4D3F
30208,8BC1367284E27FF1
30209,874CD3F2AD21D730
30210,246F3935214F04AE
30211,01EB942FE3875C27
30212,C259371EEAD1A422
30213,AF356A225F64F060
30214,EFA5330D06B18EB1
30215,209944D770E32154
30216,66A7947036186F86
30217,F3863DC149F8C54B
30218,95C1A464E837D328
30219,E4C9A0B7795DBA64
30220,4C5A293F025739B5
30221,7B746D15928C1105
30222,33B02C72D8621A7A
30223,CFF5E3737B9C3AA3
30224,661B46F97EA55C7D
30225,A946E6AD514185F9
30226,18918CFECD001E92
30227,FE188425F24E2AA8
30228,1AB503FD9C7FD3EF
30229,286EBBF3950F9F4C
30230,51C5A8C3D5FD48B0
30231,509E7B6CE18839D2
30232,E0373A83FEAECBC7
30233,C773C2157E75C644
30234,95F562E0B66070F1
30235,A191DA3643AD86C9
30236,0776CEB7C3681A87
30237,A94D600D9CB0B3C0
30238,C956CBC7D82B392A
30239,7C06AE52AA5DD889
30240,285094F8E9ADA1B7
30241,0E2DD27786CBBB90
30242,4CBAD5008763E69E
30243,4888DC290D42B970
30244,73A2E9ED5A3540BE
30245,41F94890E00335DC
30246,C31CEAD9F0D9222E
30247,CAEC5EF8FF0DA149
30248,9A5B35224B447C48
30249,BEE30EB245231144
30250,225779E0A81ACE70
30251,92D124948E9A5B8C
30252,0EB4E0C16E8BAEEA
30253,E32F50E76A80101B
30254,5E206FEAD3BCE986
30255,B3D9AD80A05513CA
30256,889971756DD8314A
30257,147A31AAC146FA83
30258,BEC8ECC82AAC2C01
30259,B8D21F6C70F77549
30260,D5538FB3607C44C6
30261,8919E74B91A586B4
30262,7A7FEE3606D59F11
30263,718307B965669E66
30264,46FB25604F84090F
30265,ADFEE40C23667B34
30266,62AB075F770CFDD7
30267,60265DE695CDFC9C
30268,BDE7A61DE5100E65
30269,29E81CECAB2FB890
30270,40D54FDE22268CB8
30271,F417A70F3A5E8713
30272,8F0CD3482484CF35
30273,5489E374E55A60C8
30274,2733F95684E1844D
30275,959E1305480661FA
30276,5F6CF7788D36DE6F
30277,339BF224A430AC95
30278,2D4C9F6E30B7B3AB
30279,1653D3C8192246C1
30280,0118B11C91C716C4
30281,7B5202F1F5C0CD81
30282,2054AE76A9CD9201
30283,ACB93F22B94E859A
30284,D5B7A716004D0129
30285,D93711119FE53CBD
30286,38FD1E3306814A88
30287,883EAAC56CCE3C52
30288,093C1AC43E9BAED3
30289,AEE51801D226A763
30290,29FA8B70EED778CB
30291,0CED4841FBD0D305
30292,758113DBDC8594C6
30293,31A483F3884D5FF2
30294,F2EB618D78D74988
30295,100919F4BC30D61A
30296,95A127BF551E0D6B
30297,912C6B4C0E366D3E
30298,F0D2EAD36C74FC6F
30299,15474A2BD6310572
30300,3ACA916C3EF2BECA
30301,5C2EB368705C2CD1
30302,30C82A8013A6F7F0
30303,E2784C8B8E822CD7
30304,F4FDBD1F6BE49004
30305,27846035078C2175
30306,D35F8A71B127274D
30307,9D690B6160A4B655
30308,D3EF3E949C253588
30309,18844E0779F228E7
30310,7EA2BC411B709AB9
30311,7A19B9934CD9DE1C
30312,8DE764B853C3E1E7
30313,B71C865DAACE6BEA
30314,4409CBEA315202B2
30315,BD980C20BC44CE3D
30316,BB172A3F054582A2
30317,B23B2A0F8B00AA6B
30318,AD13DC6A2CE505E1
30319,C082C9A1D7CE24CD
30320,46BF504B94CFEDCA
30321,99AD3E9C44FC07F4
30322,9BA49CD5EC82497D
30323,DD4AC6F105C2FEC8
30324,F9962690BB315A5C
30325,0DA77DB528801B7A
30326,5975B2AAC7866DA9
30327,0EA3481056EB6B88
30328,FA5B87573A9147D2
30329,3E23B66814A179DA
30330,0E7632A68BC7A43A
30331,169C83211A78C0CF
30332,DBF144259CA5526C
30333,D12A8C29EAE9578E
30334,11FF59E979BB0EB8
30335,9A1693E8C97BC793
30336,5F4F91B4B591B0F0
30337,1CDFF7BEF7FBACDD
30338,968A062078FE8F1B
30339,FD29ADF17C33E617
30340,442517A46E2DAE9D
30341,85B8D7F5001CDCA2
30342,55A518E79F323BAF
30343,08B7A104AE9B5D4C
30344,32ED990C810F56F6
30345,DA7348E68D162A7A
30346,F6709714BD0F9309
30347,3A724D31DAC9F89A
30348,F65175C046D4BE27
30349,590AA64CE22C83B3
30350,E9EC029DA84068D5
30351,AEA98AC78A220B6D
30352,5FA5B496C95729F8
30353,FCAB0D281EA98136
30354,9E2E53513D0B02A1
30355,985540C53DAE1152
30356,445F61440A4E9E50
30357,D788A35A7944A703
30358,40DE3DB88989E5A1
30359,BD5224F03DC12729
30360,03C93C00C47A8218
30361,562EDF96AD41F32C
30362,AABF185B4459FD7F
30363,2B534AFC60231A79
30364,F050624341FE877C
30365,6B4F99EED4919B3E
30366,0A94976C993BCFC1
30367,2E9D17181124CBDA
30368,82886BC0B71ECC84
30369,5C5CA56C769DE190
30370,A1167563B86FA431
30371,5D1BC2133B29DDC1
30372,A29AD8DC99E0A227
30373,58E84C8059D52307
30374,E80E746E6989D642
30375,E0F7FD9A1F411386
30376,17548733EF5BAE85
30377,0344594DEA337E32
30378,082A4195A98EBF4F
30379,CE014175D8334C1F
30380,D7AF86CDA78A4FB3
30381,C69201CE73815776
30382,09AFE704894A109E
30383,988291DEF1708ACB
30384,7D87775B9444203B
30385,3B09957E444F0CD9
30386,50DEE096319FAC18
30387,234389AE6AA94A23
30388,B65A661A3FAF294F
30389,45C87EA96A62E089
30390,6E971845DE27031E
30391,10D1550CB47061EE
30392,6B451EB25ACD4B7F
30393,DA00B4563A4B3928
30394,7A229D5C854CFA5D
30395,CB21B73C1D997247
30396,734B2044CC4EFC07
30397,62214C99131699C2
30398,9D217E0EBA9987AD
30399,A4367BE5780161A5
30400,8792FF71F4FD4384
30401,EBA7AA97AFC7C57C
30402,9BDA59CC7304EE2E
30403,BD2BF7BDB5716CCC
30404,80EF90A0F09434CC
30405,F2E036FFB38DCEB4
30406,6955D390DD984AC1
30407,BEB295A10508D3B1
30408,2A147E10443AE68F
30409,36C68F45360CA8A7
30410,2BA93E550B1284CC
30411,8C1DCBF3677E4D69
30412,CED732795107F1EB
30413,92EF7E357AC71412
30414,4D92BA80FB875B67
30415,6501DA2CAFE2703C
30416,531A8008F11D3484
30417,6B71B863FBD060E4
30418,8DB0CEE1350159A6
30419,090661A11AA00A30
30420,F34418863DD875EE
30421,1AB90B1F235E0A19
30422,BA904935216DE5C2
30423,C4DD18699E133335
30424,8A40A0D0B71B6D9F
30425,39B765A9330C9F1A
30426,A707E877A6A87B77
30427,18E85C29DD778E3C
30428,ACAE1A7B103712A5
30429,EA68BD545E170E17
30430,43D6232E5A260D49
30431,44AB5C5F698444F9
30432,60E5C5595799AF17
30433,75AB597214360AED
30434,5B7A325F2F9592FF
30435,D7B9103FA2CD16D2
30436,7B7966324E3FB190
30437,644CA1ACD70D0D00
30438,88C98731C15CA684
30439,4D9532DD085EDF28
30440,6EC706ECC7C32A93
30441,68FFFE0C21A246CB
30442,E73C336B9B796C2C
30443,662AB0EDCA354714
30444,8B998AD3B47D67E8
30445,08F3B09DE9EEE567
30446,48BA89463C4EE6C5
30447,B098A73B7C8D617C
30448,CD536A5546730CAE
30449,1061A129BD64A907
30450,B859CBB9A10CBB17
30451,B10FFD9EAB1ACBC3
30452,681B1B9DC9C19706
30453,B2694C1B05A77DC2
30454,9F9DE26AADED2955
30455,72326D796C553D63
30456,62D12DB24799240F
30457,AD01B764556FBD64
30458,6269224732AA98AB
30459,FF1D428051549DB2
30460,46439250CAB8AE95
30461,E6853F7E4C5800A0
30462,CB785EFF2365300D
30463,5E89E8054CC3ECFE
30464,CE63D636444B038A
30465,F6A2A4C646431FC7
30466,AF4E9CB8414E9D4E
30467,6BAA2D274DA4E1BA
30468,AFDAF6CDBF77A827
30469,5CCC3C1FEB23745A
30470,FC032AB2262F51D1
30471,A4BB16C32163E523
30472,C488FAC2ABCA2F7C
30473,09F83CE5CEDF494F
30474,D77D89298390B165
30475,29493E4D3CC57188
30476,DD46A2C48B3EA854
30477,44F939083E751390
30478,96FC5A3015D74EFE
30479,7A6C26322BA52811
30480,0BDAD6A463570499
30481,7D00D36D318B55BB
30482,790A0E5BBA201CEE
30483,5DDA4D3EC14F3BB6
30484,9D3315F31BD2D025
30485,2669F8F7961AC7C3
30486,65C47DFE8C8F5259
30487,C3A0B3FB9B519D47
30488,077D6732B0B2DA5C
30489,647F632CB796CC75
30490,B564CD6AC04013A4
30491,996DB1B5EEFA2C7F
30492,ADE4A7C5A0425274
30493,3DBFEB83BCF674FD
30494,44AAF82825BFFC63
30495,BF3A9CBECA3467CB
30496,141A4213B7C20AA2
30497,E63FAC4FCE9004C6
30498,39510A2F3A81838F
30499,E7C9B9C654C5FEF8
30500,6AB7CA65343C2CBB
30501,0BE656DAB630682B
30502,93ABCFA819C7BC77
30503,8B15A78C03C24BFF
30504,3DBEEF9C7B9285FD
30505,D6C488FF006AA7A6
30506,B01B735ABEC442A6
30507,1103E56CCF88A5D7
30508,86C62BB12AFDEDE7
30509,A7A65390009CF447
30510,12497DA3DBD2D987
30511,87B6F9256EFD8D74
30512,3898CC14FF7E3EE8
30513,ACF1AEC35C2E28AC
30514,84B24D5BF52ED343
30515,1324580D34E0BEF9
30516,9CDD1970ED16D9D6
30517,E78EBEA28D664A24
30518,CFE57AB4E011529A
30519,A549F04D2EF2112D
30520,6C263D79C509FC31
30521,96025D2B96913BDC
30522,1D93386200EB4A5A
30523,68F66AB7AD245649
30524,558D75392642293C
30525,21908545E9A3C014
30526,70180E74628F0836
30527,E5A668D9198F3A11
30528,56963B5517E33380
30529,F11D5096C143A310
30530,D033520B8C88389A
30531,98033FF3F5A525BE
30532,FBB0C847B822C40F
30533,45F02A8841CAB3FD
30534,0B8805399F99A04D
30535,E9C15B623A28E57A
30536,B911ABC3D5EF199A
30537,6634938DF8DD4782
30538,CECCC4D186313138
30539,69188AD51CF92F90
30540,A7BF3294990E110F
30541,C2656B2F2F25A12B
30542,A254CDDB61F283E7
30543,D8C80E02353F3D45
30544,9AFBF9969B0B8605
30545,8FC8331F2DDC1D84
30546,85CE2620CF9D256B
30547,6A93331C755DB88C
30548,0F975553869B7F03
30549,0EC00EAD4908FC60
30550,C03E37EBD0399EF0
30551,A73E6A0EA3EA4FA5
30552,2AEF49ADCFB31BB5
30553,40F29C6725628063
30554,387F38ADF2DDDD15
30555,DB65ED2CE309064E
30556,4CBD06F138AB3B77
30557,D2A696288F36C3B3
30558,8B3A6F79536A0A5E
30559,45BE926EAAE9E35A
30560,4A54ED323CD79109
30561,C3F92134B19DA773
30562,A10EC557FEBD8233
30563,CFF8F56D62FB1498
30564,B61DBC1709CECE1C
30565,D6B4DCFEB38CD169
30566,E57B3DB359770944
30567,D821EECF17811593
30568,32091C11C7ABD0C4
30569,5547A4CA532BD6BE
30570,2D5017868E96D66A
30571,86AD1BA5D16809BB
30572,03B1AF7FE4167B69
30573,714DC5B7EB214052
30574,FDE0B54476D117A6
30575,00EF0BE65293F5D9
30576,1874A398FCC5F03A
30577,2B8D63EE8B9D8220
30578,1BB6F97E698BED7F
30579,F6A14157FFE761F2
30580,5B6F1355E7CAA608
30581,77762F6B29465CB4
30582,ACE6208FAE3BCF96
30583,BDB978CCA6ADEBF9
30584,C1708EED2DA0F1C1
30585,3F719D2851619CCB
30586,C2FCAD6A04884CB0
30587,F6B3781CAE2656E3
30588,CAED75E543A3183F
30589,7121CDC30BC6AF6A
30590,9DB9C0E99812D165
30591,15383BE4E5F2604D
30592,504E0B87188DFB5F
30593,5B515863706895A8
30594,4DB950C40E83E321
30595,BC297E26F5A2BB27
30596,D6A250C423842C40
30597,A5D6CA560718FF84
30598,0249E6638BAAD713
30599,0822E5DD2E50BA83
30600,A8251EC7A25DB1C1
30601,77BB97B811E7086A
30602,2B7E85A070418E50
30603,02164BC2FE3688B8
30604,9541E5B54F0A0D9E
30605,2CEB6460ADC8B9B0
30606,5FBBE99D7D71B723
30607,20836767303CBF5D
30608,9E92AF2A1E4580B3
30609,E0EE270FB1B129E3
30610,07A65222AD989A6D
30611,FB891EBA95145A96
30612,D49BC5ACE7DD9E06
30613,E25B20AE805CD468
30614,936215F2BCC3BD11
30615,5971CC5547712080
30616,51025BAD0B23DD1B
30617,BB0EE129638ADC84
30618,E580830497540955
30619,2078C9230914487D
30620,B4EDE498366C5F59
30621,7518985C3431D7C8
30622,2E5588C5C92B3AE1
30623,04AD3D163E999CEC
30624,09DAD98F384C9664
30625,86EDB00AF516ECBB
30626,DE5A546CFA5D5EBD
30627,8A2F987F367D460D
30628,37B491C609CAF048
30629,75BF0C357266871E
30630,08A5C5C2011BBDCF
30631,BF2BFDA8D658DE48
30632,AD3E4C483E7259F7
30633,C4AEEAC39C3F796D
30634,EDDFC82E6A98A35C
30635,57DE51042C06F09D
30636,81E1FFE614647F63
30637,DD54605C6A47CE82
30638,D6183EA42B69B00C
30639,F0577110F2070EE5
30640,2F47601C2B319A90
30641,84FE35AD89475756
30642,2FB139770F56D830
30643,5578F5E207CEABD6
30644,D4C6EDEDE4DA790B
30645,72EE1C9B7E5B2DC9
30646,4EAE11ADF33C28AC
30647,8979366260E7CE15
30648,133C54F02DE5AC44
30649,6BBC6935A9700D2A
30650,D4F82D205E057B15
30651,186E9BBDF1CC5B75
30652,25A46EAD4FCB1D2E
30653,86A352DCEABD3935
30654,71E35DBF4B8AB84F
30655,3558C54AB5D90B55
30656,39546B7BCA62E537
30657,8910DD8246E8F519
30658,D4B4F2A880F82514
30659,BBC33F80FF76A67A
30660,74522DBD91DB7310
30661,8DD10C586E336CDE
30662,E223A76EF4BD7EE5
30663,DACF2588FB21CC55
30664,FD9046F4CF89ADB5
30665,7C45EEE78F777126
30666,5A876FEA7D5DFE9F
30667,0C9869849025BA6D
30668,8E6BDA86730B7C7F
30669,B7C13B9E06B2F4F8
30670,718F0AA0A30991B8
30671,72EB52583930CCAD
30672,9D554D427DC2A6E9
30673,075B6A6FCB1C98F9
30674,8C84FB4B476BB74F
30675,05FB2B7616928F4B
30676,1E2370AFC9BD7C0D
30677,84F0748EDF805BFF
30678,482CD42E8F0546E2
30679,5315E12E0AF6E303
30680,E826A1140B341F64
30681,367505F07B59ACAB
30682,91ABC2BDED92D8A5
30683,E8450BC2147B9980
30684,895BF674A36D8F30
30685,8B2F85F30A5E7EA7
30686,40B3241AC682A9B1
30687,95464FDB0FB13138
30688,6F58CF25A778BBE0
30689,30FA45BCF9C46826
30690,767FC964CE4019AB
30691,00495E3E8A81DD77
30692,9C805EFBCA4E0BE3
30693,81CE1F31D79F88F5
30694,82B8020D70B9056A
30695,7E68B7D544F95E44
30696,1BFEA87DDBE2CF42
30697,2E7C58AEF13F2234
30698,703B90C97ABE9C50
30699,54B889A860E15A3E
30700,DFB338E4676C8523
30701,82C49328603E0E41
30702,32C0563EA9C00D02
30703,3657218EBB79059E
30704,DE06366A39B3D048
30705,A456AD39FD82CE46
30706,B5D385E248AB9688
30707,402AA0B425D90565
30708,ACAE032D1B322122
30709,5BF80A711CA17FB2
30710,362E85D9D583A977
30711,1E3C8B90B6036C2A
30712,83524284E9550862
30713,F5621C7BD633BDF2
30714,CBC75AFB43915E99
30715,1E1F2A68584CD9BE
30716,D30AD4E6469D2813
30717,07EE4465FC15B197
30718,F6719A1360A7E343
30719,F39571BF61511AEB
30720,A8D1FCF76B429D1A
30721,72D01388EFC16ED2
30722,C0E60E2AF9CA4552
30723,D5042483D74BEA51
30724,D73E23BE03A46748
30725,44DC65AD0DEE2FE5
30726,9C8A067D3A9BB8AC
30727,7750AEC67D83D718
30728,E7273E78A293D737
30729,C80E17901F9C7EA6
30730,EA1A794C13AD9EC3
30731,4D5DD9888A47A5A8
30732,BC3250F701179BFC
30733,915AB173B7E23A11
30734,F7BED042FCD02CD2
30735,3B989BCA2754880A
30736,CDCCF44508B43913
30737,BB8B3B7400DC1A0B
30738,4CE1EA69FEB4E6E6
30739,BA56E0110951E763
30740,8267830EE8502800
30741,B442CDBC2939E15B
30742,0B0B006A0B06C548
30743,A0AF07F0586031A9
30744,78793A6DAFD01B77
30745,D130DBA824A2CE46
30746,87DF7B9A99928CDD
30747,CECE67F4B9187972
30748,82DDD86C9A6956E8
30749,8BB6D937A2E99088
30750,33F5C7685E2593B1
30751,E03D5DCB044DEA88
30752,6DE137BFACA6EB5B
30753,39EC62385E2DC585
30754,274AD748A65D11C0
30755,3A6CB4168A3B3A71
30756,C586F3BA6646D100
30757,5202DCB2B8F15BA3
30758,FB3DC87CF1117B3D
30759,E4F59CD6F0039E92
30760,BFB04724B727C8AF
30761,30979618E620482C
30762,376FA63C5B6A73BA
30763,7E2DB0927DD79D59
30764,990F353970352DF4
30765,A2A73B0C30068C29
30766,552C98A4919E6E9C
30767,472CB1F162204F00
30768,9F3DCCEFCE650F8A
30769,B31D2BC3604E7601
30770,9CAB2D4820B619F0
30771,6BC2FB3D92B4F5CF
30772,C0AC9BC54D646358
30773,15B652A6D9023933
30774,9F6FDB1DBE8F26E9
30775,06CC18F506A2970F
30776,82827BD384C424B8
30777,10D547AA386349FF
30778,E29C7724D594E677
30779,922170CA1D5BDACA
30780,51DF1E62A642C252
30781,2571CB1827396A86
30782,2ADBD79F4253C376
30783,2DD800D6C20FA825
30784,12790618993CB544
30785,E284049E38D5A20C
30786,AA3E4971A533F5EE
30787,FB49275D6297D364
30788,A22F7F1EFB35BD87
30789,77199AF0C93A983E
30790,BF4FA4BFDE5FFD16
30791,74E1153FAF579A1B
30792,2A63E2089493868B
30793,3AAF83C6BAD22789
30794,2DA070F1228E4859
30795,D9B21B9560D8B29C
30796,131BEC1940F98375
30797,40184A759C24A0A8
30798,1BD43A1AB1BB472C
30799,D2CD1A1947414474
30800,0BCBC9FEF456806E
30801,5401F41DE59F0BA5
30802,C394AD7B42958FD6
30803,FF6760B7B82DBA5B
30804,C1D7AA7DC580B970
30805,12FB01B272D13D00
30806,9F17676886FEE1B6
30807,C27C1855A5651F7B
30808,E12BBC2E735E7F4B
30809,36B122F5231C8663
30810,2977555F3067C38C
30811,EA9E0B5BD7FD0359
30812,B619F59A2431C499
30813,0CAED5AAF4D88265
30814,F885736381F28E93
30815,2C2C37772403F897
30816,798867493DC79DCB
30817,02E9384ACA873580
30818,68BAC2F53669BC9E
30819,FB5FEBAB3133B55C
30820,912909D49B6BC778
30821,3E1FD0A04A29349F
30822,47309902ADD42711
30823,3E4796276DFB1528
30824,DB699E703A10C707
30825,6DBA5714AEEDF685
30826,49ECA8064ACF6C21
30827,553971AD17CB2642
30828,C34C19D5EE07EBA3
30829,CDC3AC5C2D922085
30830,B0095F4CF1D01F7E
30831,DF009B9681E1911A
30832,0E09C32139C34A83
30833,AF8A101996A65E32
30834,448F2BE250BD3956
30835,61E2916C4C6C669B
30836,E08EFC1B8407F021
30837,F957CCEF68A42A11
30838,4ECF36F0F271E91B
30839,5625B8166FCEA3AB
30840,070F6132D7223841
30841,4C463BE19722AAF2
30842,CE897F0DCDC68225
30843,2A637823C1C90AAF
30844,10745D906F2C184A
30845,D310257E54589C02
30846,3CBBAC06B151E8FE
30847,43BA7365C38811C9
30848,6896FA2D85A033B7
30849,B4394612E592E3FB
30850,1DCD583146DC6670
30851,E1D40E79CBC84268
30852,4B6CDE5570D33370
30853,D91A26FBEC9D795D
30854,06B44F866A746BD0
30855,2FF671224A40353F
30856,149727272A686CB0
30857,DB44FF60CECA68B8
30858,923A82F2200890DB
30859,7DC246A9FB888645
30860,1C2EE2BB64DFD7C6
30861,7F488377B197BB52
30862,3750FD55169DC9B7
30863,2A7C985EB3D04AC6
30864,08CBB2493AEFA90E
30865,46C7794D21D66BED
30866,11404E2CFD39B1A6
30867,19A506052852DB2B
30868,C0F09A16F65575ED
30869,9BB248CF9E12A2D2
30870,E0151F53D9344151
30871,65CF106E441F3604
30872,800B3864F8D57E5B
30873,534C3A43F1326A7E
30874,975D4EB7B526FBEF
30875,68CDB692E2DA6E5B
30876,97B64716B9926866
30877,E4CC0F4E9413D442
30878,6B2C2B79B4D21972
30879,B700253E5F7BC9D1
30880,CB3DBC6125786F8A
30881,B29A60695A49F725
30882,D4512D2259BC6C14
30883,569E74EC47B913DC
30884,04B38EC459FED286
30885,4D9A2AEB9DE95044
30886,277BCC9EE8CC4D7E
30887,2621C5923EF4971E
30888,7732557952E48E65
30889,EE68F9C57E04682B
30890,CA860FB93AED1255
30891,04B129BD4FEE4DD2
30892,356A1CA8FEB9913F
30893,F1E0845F3C1F7055
30894,741BE262991C273A
30895,1B5E42B1E5F42298
30896,65AE81FD2A95C471
30897,AF5B0845CF250508
30898,447A2C483E2309A0
30899,D572867A7D0BF2C4
30900,B107670988959D9C
30901,D6BEF887E606C73C
30902,16B376CD3371C030
30903,61C0D2E4F00569F7
30904,2BA92AADF544CE3B
30905,4C8FDF56DE4BB2EB
30906,0807F2C32701AB4F
30907,C1DF2CFCCC32A8E9
30908,06FA82104B41EFDC
30909,8A3AF02046B1F67B
30910,692E76B92F6D174D
30911,233AD840C38BFBEE
30912,216D1717E529FD13
30913,64D37E7B7689C2F0
30914,4F12214F7E72A16C
30915,ABF56444940A6E45
30916,08E7337A1E4CDFC2
30917,FF1CB024A5CC384A
30918,ECCC1F4B1AF0148E
30919,3BBBF3022F8F6A9B
30920,FBE4077EED81912A
30921,B5657335C2A35360
30922,FF14E162BAFABC5E
30923,8A8E2459EF38C295
30924,BBAF51906975969B
30925,F373431546F7975C
30926,A2FF6065E4857DFF
30927,3716D580C5C6E8BB
30928,25D6EF8FCFC69E09
30929,2C0F5B33FE65AC30
30930,6A0855100C9F9771
30931,99ED9C874D9B7EC6
30932,DA581D60CFF1510B
30933,D935930605FAEE51
30934,8D0FB9CA3175110A
30935,3C308B2D6EE1DE40
30936,047AD0314C2C62F9
30937,2742FA54F2E58BF5
30938,3D9063251C011265
30939,D154547C9092F31A
30940,56E6D441270815D1
30941,0037E60A01E4CA8E
30942,403902EE553F4E32
30943,37446C29D1F8D99D
30944,BFC289A4B4A0F750
30945,C5D1EE0665D09BCB
30946,06D404C8C4731201
30947,3DB65CA851D021C0
30948,77601D5A6345A3CF
30949,4EC746DB9C4D3E6E
30950,D459344A641C0FEA
30951,D49D505579BD8C9C
30952,947CCCB474E19590
30953,80E17117F512D7B7
30954,B85D57D09723EE92
30955,48969B1678ADE554
30956,A5F7D44372B777DE
30957,75A1F3181DD3F6B5
30958,D9ACDB13D01B51E6
30959,7F191881FB511B6B
30960,47551AE108FB214A
30961,B92E69D8BC249008
30962,13B700E231660A99
30963,178DD0C7D810BF27
30964,E6613418A3D2F048
30965,74AD4479350DE059
30966,81E8B6BB6AF65E9E
30967,1E18F33ED7439118
30968,9C2484C1005EB7D7
30969,90DBA5A225F5F23A
30970,5D24A3863D42B8E4
30971,EEA39480BB371BE6
30972,771D0E8C97B8EDFB
30973,EF2A0A305969250E
30974,42A25E6F7A229DDC
30975,4DD67A3986247D7A
30976,7AB2D54DEDDE33F7
30977,834759B723063A75
30978,1C82F132FA0A6793
30979,8DF74BE1E114FE13
30980,89F6379607A337C1
30981,B8E5DD5D800E494C
30982,EC31BA344A7555A4
30983,298A9B5803E98EF5
30984,910C5D13471B6944
30985,9C86899854F4ABBF
30986,54465A8CDA4C1883
30987,41B9B847C11B0DEB
30988,517194796F455BD2
30989,6CDDCB953D2FD792
30990,90A468F0ABE81A40
30991,AD34CF67CA9C02B1
30992,57057569ABFEB322
30993,16DBA3F8AC2A09D8
30994,59DF7C9CDA6199F4
30995,D9458E01C1D2733E
30996,0B0262A3E8A59F62
30997,BC90F43221258DDB
30998,400DC1948F854D39
30999,ABD8981D2B18DF80
31000,71F8819DAB087709
31001,1803E5877F72FAC3
31002,1D33BDB7324253FC
31003,6C2EC6375B956473
31004,2A6F073D006825A3
31005,47B6A899E8B44839
31006,EB4E69DFC7EE0E0F
31007,509F4E28B52A048B
31008,70DF2F851C5B31BB
31009,D35578B85251A238
31010,BDCF0D4450592BE3
31011,6D4E0E1BE32167E7
31012,C94CB26D5965033A
31013,A2FAE52AB8B6CEEA
31014,EEFBA1AEFB8655AD
31015,7CEE7C5ED464EC13
31016,6CEFA3B926EC5258
31017,4719802DA8183FD5
31018,5B48AEFABBA83C5B
31019,58BB205B0F4BA068
31020,635020C5B133BF77
31021,8A3C6C706CDFFDA3
31022,F40AA83EC149F460
31023,F9C3ECDC1E3FDBB1
31024,06E9AD49E2E256DF
31025,52CFB8C65391FA93
31026,BB1AB886F2E3C265
31027,444BA20E44119835
31028,37044F480FA7249B
31029,ECCA8D1BC660A76C
31030,1FD9671819A00ED9
31031,3F3BE75ED0135837
31032,A66B28CBC22EABE0
31033,EB0117CE5B38CB7C
31034,B1CCAC9D7FD1E78A
31035,D2478F850DAC69E2
31036,E72B7E722FCD3878
31037,5725ED0C4FD79EB5
31038,F811057370B360E4
31039,A7BED3EF14EBF59B
31040,EDA548DA1D65A005
31041,04ED4B6F1421F519
31042,61EE8E0A99D6453F
31043,D9CB65558F18BB80
31044,03B01411E4692589
31045,24370C60E2CC756A
31046,ABD23909A148998E
31047,70F5D0FA3512EED4
31048,88BF2283996E1F61
31049,54BA41FB30F0320B
31050,7096A64F71A345F1
31051,6450A91C0DB76466
31052,46596FEF5CFB5146
31053,5800B0C4893BEA0D
31054,CE8A0A7354603ABC
31055,83FD66D425F23D82
31056,0E7FD21B2103DE65
31057,E15910CAD58AF696
31058,31404C9D3BADD74A
31059,B937719B5C4F289E
31060,050342B69F933DA8
31061,B88C3BD4C39CEA0F
31062,9E2AE7E0F49520A4
31063,9C7EBAADF9D1F2C0
31064,E1F8AD3AB488E269
31065,A3F7B5CB623B468A
31066,7601124FB71DCB21
31067,59DF6AEEAE578F4B
31068,DDD3E0D143016389
31069,9CF2B7245AF05ADF
31070,8AC134C5A0D9731B
31071,D64F3A7D2D062C22
31072,26F728D4814F03D4
31073,AEA5F7EB9342E8C4
31074,2A821CF32E96F591
31075,1DCB4C2C8EBD79B2
31076,2E5DF744FF077C34
31077,4D13E468ADFF32EA
31078,F467F959338AC02B
31079,CDF659B9729FBAEB
31080,4F0C9DDFFB753BBD
31081,676D50681C3D99ED
31082,95CB37E671A26EB6
31083,6EA3BCC9E39B0FF9
31084,C3CA04EF6F047373
31085,C30F1908137AFF5B
31086,4A1D4A60CD3AD40F
31087,62914F8DA8D479A2
31088,585F91655998BE6F
31089,C6AEBEE991F303A9
31090,C952EBD03BC2868D
31091,099FDD5ED34DEA75
31092,8101AC8857EC19D9
31093,C2F2D1351CE62B22
31094,A93BCAB11A43652E
31095,3D665230B274D0EF
31096,8F8A54B5A09676F1
31097,359C015C8E44824D
31098,D968CC360FB5E8CC
31099,7F73892B50635A2B
31100,11B83234203AE85A
31101,DABF09D5476B8F12
31102,59730CB051B56A83
31103,52FF5B0FDA141E9E
31104,A83EE07451997F0F
31105,007AEEF1FC78F59E
31106,E6D61B0C87701F29
31107,9323DD180117042E
31108,BD72A2C8D969F691
31109,B7ED7E2A6323E4B4
31110,2A40F912BEEEC3DE
31111,1EBBD0575F0AAF6C
31112,54F7888B785975C0
31113,91BE3343C5C6E5F7
31114,2DA99E184E682F58
31115,A63569D7C33A920D
31116,88B6E3411F569D41
31117,F63FF8E4E4814E32
31118,95DFF755F4A9121A
31119,9DEA42C25EC0DED9
31120,8EF3244511AEE3C0
31121,73BAB6E4D8ECB90A
31122,753F85AF1FA88727
31123,51D97F499F61B483
31124,D8C9B333AC6A4E08
31125,B41563648C577B3E
31126,2B93DD2E887D605B
31127,365D110880BFD7A9
31128,F02A2A5A6E35CF30
31129,2A5CDA8A9DD6E7A4
31130,4EEF6C6134CEBA84
31131,4375C203F5966D78
31132,247156A135E89BBF
31133,51C8863A174100F9
31134,87D73AF29473CC57
31135,B8DE99051B619608
31136,F2A3EA19560E251D
31137,E6B99CB3EEFAFE8E
31138,3589E00D0C682990
31139,480F8AC5F2D05F33
31140,484C9C771FDAB238
31141,936BF06C4A492159
31142,A73C85D4470A66CB
31143,04D74D73C9DEF759
31144,F4C4FB7F38F2E487
31145,7806943F9C4BDA69
31146,770693F8F7F8A537
31147,7CB0F958D653A317
31148,2ABAD4BA87AB5F8A
31149,65F0704EEE6531D9
31150,E0DAA8F1352851EE
31151,73512E139D73EE9D
31152,7793A7660280E5A1
31153,8A1A51A8A4807E71
31154,4E67C9EDF4B31747
31155,C80F8CBE1B4B4B38
31156,7AC163C377EB5561
31157,2AA58002562CEED4
31158,F8A8A7110DA8B6BD
31159,C7CA22B577961C33
31160,26DCF1C243D7C79B
31161,5E78A01BB5D0F827
31162,6B1BB201BB5807B8
31163,64262EC8B4922A05
31164,BA5F4CE73D8D773B
31165,4A7F650159F07C67
31166,A741CA8DFDF6BAA9
31167,490B0626725995A5
31168,749DC6E4B11532B5
31169,33A532B45893B5DA
31170,72E8C0C8E984088A
31171,8287E31F98E268F1
31172,7269AA77BF4417E7
31173,FE05115ED4C22E84
31174,0554401E68BA6533
31175,2095179038F421E7
31176,3DB895570D97A9CF
31177,7C1FB94D36F8F135
31178,C5E03CB4728A825A
31179,4D63B6AE17DA7740
31180,72449543BB86BEF8
31181,64F0D6F674F1CF30
31182,F1643D75367AA3B9
31183,F45FA0F6B245E37B
31184,CF59A357A813459E
31185,14ED485AB7CD361A
31186,E957965C03F160CC
31187,D3FA5E5A00A1CCA4
31188,81F66090279B201C
31189,F5121FC92193EE4E
31190,72CBD63DB7A7CD39
31191,71DCDDB02D93E7A4
31192,54671ECAB369A877
31193,3885A2783DA5A968
31194,6035CC02C3909838
31195,91D9A84BBF9A883B
31196,E570505BEE37FA4E
31197,744823B6AE64136C
31198,97A36104E94991A7
31199,85C375C1148B0E23
31200,3166EEF4FB83560D
31201,26F873F889ABD452
31202,0862B53262E1F83E
31203,1513A0A293B98E18
31204,25127B8A74A00AAA
31205,439ACC9A455F9F17
31206,936F0FF8D8FE5516
31207,1824FF22F95A3003
31208,C9EB7C9CFC0D94DA
31209,92A0E00C6909ABD1
31210,539045746E93BD70
31211,8ACF55BFAC2467D2
31212,97997163F76D16FE
31213,60887B5F4D6DCE21
31214,A2061D02FC520D17
31215,A373DF381E14E6B1
31216,C1C9ED82D603BD30
31217,C054A507C78BA1F9
31218,E4A9DE33DD6BAD73
31219,56741FD63B47ECA7
31220,3411DD2BE7D16093
31221,8D507F1959276CC2
31222,CC43AA976CCDAD97
31223,22B1A4C4CF85EA41
31224,814777AC6D9289EF
31225,A49BDDD5C434A89A
31226,7DA2CE237F782D71
31227,7534913960E9E039
31228,F1ED35BA097023A0
31229,46CB616813CC9C9A
31230,238064B449677E6C
31231,9F419B1A16FED849
31232,22985B525649401A
31233,E188B3EDB5832EBC
31234,0EA19A4F40463EBA
31235,FF07E8F940BF2CCD
31236,F867024EEAD669B0
31237,A2EA76442C6CB0AB
31238,B6183E0A7B7E2AA2
31239,3D517980FAF33E6C
31240,37C1A686EAF31438
31241,A6F3CBA222AEA13D
31242,DFF9AB54DBD23ACE
31243,7232F58E709B699A
31244,B8A0968318F6DB6E
31245,93342EDB34A9BADC
31246,3571E3A6B2F5992D
31247,5D854DB5358788D3
31248,91FDC44D8826A42F
31249,3ECC6B5C5686952E
31250,F210C32D93D15A86
31251,31376B74E34286B3
31252,E2CBCB1D72B99FEB
31253,AFAB30C84969704E
31254,D5C81EC1C3BED26F
31255,664453FF3E0195CE
31256,956B210A98FDD6B5
31257,A4108D79BDF0BAFD
31258,FBA545C30E8E5D38
31259,9A98E683BF212616
31260,79CA83F7C2D63EEE
31261,C9974B9D074C96D2
31262,98E0A9B2A2B5A374
31263,A83E90169FD49961
31264,FC712A81BAFBDFA6
31265,2D27DC1C4E187C21
31266,B0F303B0AB4765C3
31267,7D5E7C729915243B
31268,354062C4662999C0
31269,D72278F0FA673DEE
31270,22FE84C5E0D47ACA
31271,AEDC6C647D6EAF05
31272,E1D7A20B2F6242EB
31273,F75D5B8597393CC4
31274,F058B668DD39ECF1
31275,B85D722598458544
31276,B37A223D74F75A63
31277,54B27F95D7F297EB
31278,AFA290B7FCD96861
31279,DEF28C1366817A45
31280,1A70C113B90DE9B2
31281,345B560476D6CCFD
31282,29521AFDF8684AE1
31283,44876FBAF1752970
31284,E575B3DD38011D62
31285,F6A7CE34510832BF
31286,8883E041E5304F33
31287,464E77867FAAB7FD
31288,BC0CFBECA13702D7
31289,FD6235B2564DEF1C
31290,BD31A99D90110236
31291,46CBA9D0B87D66FF
31292,04FA263D7F848B5C
31293,12D8D4CF9409F7F2
31294,B003C201D04C0369
31295,C80E2CF526C50631
31296,CF997ABD89ACB5AF
31297,340B31C324FC1AAF
31298,338620DD514CC29F
31299,1A4E9D1C9C49BA10
31300,A92834C28E45C959
31301,F5D5E2DDC1F0108D
31302,0D8BE6EFAFC2231D
31303,88606FCE772F3AB6
31304,8D8905DDCE3EF3FD
31305,0708BA9DE6858B48
31306,0BFB05BD2149AD60
31307,7C015B210FBAB61A
31308,5FCA34768185FE27
31309,DB8B7260247E0151
31310,7663739A84E4D046
31311,1D86F4874FF8F404
31312,5576AD11BFA136E7
31313,F494B3F218139524
31314,845E4D6C59525CCD
31315,DFD9878625545B94
31316,21F1C5AC2A883D8E
31317,3CFB91E34D48994C
31318,2F479FF4920B9BF7
31319,702914F6A19F12F4
31320,1FEB2919D390382F
31321,5769D1B41BCA4614
31322,0AE1D38843D3C26D
31323,A77B7C08A90D6AE3
31324,B4ED74E745C7DA8B
31325,D3AE6241853F67C5
31326,54073649F02A4E08
31327,3D7817FE46693933
31328,CEE1B10A660AE785
31329,0C2C92AFA052B88E
31330,E26DA65603DEE80B
31331,02B13234D972FE25
31332,85D27BDE286D3682
31333,DCB6249FB3B24FF7
31334,E15496379A0597D1
31335,3047AC3413DDA120
31336,7F24CC0848276F0F
31337,051D634B3054DB5A
31338,3A7508BFA7DE3DB0
31339,D87FC4DD1647DF96
31340,E9E9CC2EDF0453D6
31341,7643201717C79616
31342,B5E5000A0C27A80E
31343,26C661929E7E7127
31344,407E81A27DC03947
31345,BFC3E21D385FA798
31346,A21FAA2FD2FD37F2
31347,DC40FA4B1C3A3861
31348,15D43C5CFC2294DD
31349,1736E1F440B850BD
31350,583E2E9528CBA498
31351,4E338D5D2D6DC15F
31352,7EE396644B1B63A0
31353,2EE138437E9FCDC0
31354,6CD4643F6F3BA74A
31355,F2A6A3AC0D810966
31356,A07368D15556B694
31357,60EB440FE505D88B
31358,7EF794025F6A5D37
31359,9788E44CFC4868C4
31360,4F53D58489E17F26
31361,12262CB81D7834E6
31362,B05959D8885AEA7A
31363,64398DD793407EA8
31364,9216AD3AD4FC4C47
31365,AED4945B6518BA12
31366,0640FB0BAF68A257
31367,5067C82D714443FE
31368,84B1FFBB084C4488
31369,C1E68EDE22A4FE46
31370,AA9DD92134B95110
31371,FDDD832264E3BE2F
31372,10F0A3B6E43A0E27
31373,21E65A328C7590A9
31374,1AA3A6AC8869C136
31375,BA4EE7C801C6B745
31376,841F5B7C90D4482A
31377,6177B7E4F2D9535E
31378,C996369EB3DF7600
31379,3BFC9059A051EE1E
31380,6F52E44F113131F7
31381,2DB9114FCBD2E0D5
31382,153A753AEC997ECC
31383,056769F71808F89C
31384,8D10C42A41870458
31385,724075F9E729EBF3
31386,6A25EEAE0876D8B1
31387,E4C7CBAAD18A4DE2
31388,032B9D6B7FD3729F
31389,64F2FBF277812EAA
31390,6DD1C8E5F477BB13
31391,E6B964B3EC8C90A8
31392,E84A905B70C14DA9
31393,3C111C65BD331907
31394,595196233F49A3BA
31395,56F2BFC41517B3D3
31396,A75C5BD4204BE748
31397,66CA6C018D46787C
31398,E4BDE5F3B7167FD9
31399,EE7A16E6DDD9A2CE
31400,410CF5925FD11D8A
31401,A0BBB2BBF96DA2E8
31402,5CEAE9D783B9CFBF
31403,09287BEE4A24F719
31404,C129E4AC5BCCE40E
31405,6038E601D858A007
31406,B36DA89E473E8822
31407,1D221A7DC12EA5A6
31408,0E6A5CDE36A63881
31409,B090BFAD90D2C85D
31410,B488E1122BD6F990
31411,4F2CB416561983D9
31412,C70435B90F052AEE
31413,64F481DB4450F8EF
31414,9B18C5097F187D30
31415,E96C867F935E6D84
31416,6C4D983E668C75ED
31417,73FA951D737AAED7
31418,7E19AEC57A8E388E
31419,78919264BC7A3B70
31420,56DC7256AC4D6CB6
31421,A147D48450BB4358
31422,7220184E5244763F
31423,2A9BBD45E935E669
31424,8B26A93A76712623
31425,A214143D88977039
31426,DB8B0DBC7A0DD454
31427,BB7480612B9B3075
31428,F14CB04F966C910D
31429,1A3D4B6F93C4449D
31430,2F3D6D36C673010D
31431,4F2A1ED2B01D4E00
31432,12A91EC2141CEB81
31433,A20AC4851FD981A2
31434,8DCA7353F9071F18
31435,3041BC72C2457B2A
31436,DD4476EED9D5C2DB
31437,7096AF21C7A8718C
31438,0C789FE537E9566E
31439,B96EDEB4D7F6024C
31440,ABD66F56A9648D30
31441,B521F7E8DEE57E4D
31442,1A9709CAC9D4B8A3
31443,935F1928E2CD67D7
31444,E67583E254CE3FF6
31445,3AE8D4F8F77D5068
31446,4580F032206ACA96
31447,E175BBE349516471
31448,93ECCC2C27D27CAC
31449,3DF05F5A031CF8E4
31450,97CA44FD14B38929
31451,1DC2AEE8789C3B2D
31452,89DF08E6A0C636F9
31453,64C5EE6F00C128B9
31454,F10E58383E1CF858
31455,072DC309BD7F091A
31456,4368C0D95B6860B0
31457,E9FC2B7C6798607A
31458,43A997041CC65478
31459,AAF97FCEABA21860
31460,210C7AA0E43B2DE8
31461,8ECFA5CEEE992E50
31462,0C98E8A3D18C0BB3
31463,AEE83BE1AAB96F34
31464,2C9CE5017DA25F8A
31465,2DEE321DBB5E2DD2
31466,277B037ABFC00346
31467,5ECF7392D64C1AE7
31468,E49D7F65790D42D8
31469,74A5346B795EAA41
31470,C9645CAA3F7B71DA
31471,227975346AAE2BA0
31472,0F781D5612080D61
31473,DDCDB7D0BA7950DF
31474,B90A964FDEF3BC72
31475,BC297703D6C03D12
31476,6C897EA3299B9E96
31477,86283B4C6444ACD1
31478,1F10A9B293B51DEB
31479,ED1A6A104B1C842D
31480,F43EB38115A6C743
31481,FADCD48EBF2EA8FF
31482,13C0EE23AF5631EC
31483,DE17BF47F3744751
31484,62022D4340FC1144
31485,3BB7BC367D176917
31486,7E79E52F882390A3
31487,A68A333053A4AB9F
31488,7064B6798104BDBE
31489,A0A2B11F1762491B
31490,268B29851A0F1549
31491,BBF62FC4E728D182
31492,C5471B462958449F
31493,E140E93B5678E9AF
31494,8DC083DA38B43057
31495,25447F5252AED45B
31496,84379F39B256F9D5
31497,096CAB1AFCAE0EC7
31498,537366090681EEDC
31499,629FB353FAD9D44A
31500,6BB9E63E527DE547
31501,47A700303A1B5458
31502,F94982FE68CF4B9A
31503,F9B675CBB2CF8B2B
31504,F38C665EF3AC34A2
31505,C894BC51063E0531
31506,7CB6C1EBA639D487
31507,019F1FE9AF6145AC
31508,8B8CC98EC9B50394
31509,6C033C5037EE388B
31510,2927A84CBA18487F
31511,890FF9FF9FE3FAB8
31512,3B89F0DD62AB8243
31513,F548B28ADFB910DD
31514,BF8FADC2A96D0CF2
31515,5745967DDBBBC7A4
31516,29762AA5DB4D4B42
31517,CC332C43EABA28BC
31518,40C9FBE443BA0878
31519,2EF67449CA759FA7
31520,65EB2037285FAA4F
31521,152CA72EAAF6586C
31522,5E26A9BCC8BA68BD
31523,D81BE751A03380CB
31524,E6F72D285F275147
31525,5C58C271F7B86ED8
31526,8D3BD7744E6F59E3
31527,FAF799BF914DFBA7
31528,0229C1C48217F6CD
31529,DD67C645C07EA2F6
31530,2A621C0F143D2888
31531,623A53FA0E00CFFF
31532,96F70822F02B1211
31533,E5B3E2E33B6EA7C0
31534,1D0A589422425314
31535,30C559B5E3AC5901
31536,AA903DF830DFDDD7
31537,9E33AFD66C881007
31538,7986DF4DF0B484B6
31539,AEEF681C1573EF23
31540,F36DD26426C54D71
31541,406D7E15AD055081
31542,59139FC1EE40F05A
31543,E4146A139E27775A
31544,D33FC76977A9599D
31545,F98E724103AC7971
31546,4DBC7313E42C17C8
31547,4FC8941546D0B23D
31548,1498BBDFB376A089
31549,56D9A231653F46B1
31550,6582495E890C74D1
31551,02FB9E26F951B92B
31552,8AAE747713B1D3EA
31553,F3F6470420954ADF
31554,1EFA2BEE0763250C
31555,C8D3B5A2BCCE5BC4
31556,66FCCAE78273D4B7
31557,6946ED92A2193964
31558,6C4BEA80388182F8
31559,0BB0BA1E071EE925
31560,7AAFC7999BDBA0A2
31561,396C3A7710D59283
31562,E030B6A9098F6674
31563,C035F2B68599AFE0
31564,F0054E22FA4BBDBB
31565,60957E6E4C15266A
31566,372AFF715D509F81
31567,8A40E8A9A9A476BD
31568,43D8E7B542CE3A72
31569,A55F21E54456348E
31570,FD193170156658BF
31571,7474BA5702B82652
31572,4BF0A703BAD423E1
31573,88A60BF63EDFBB43
31574,A8B853FD98A4E3DE
31575,68A11293000C7BD3
31576,2BC70D519D38B92D
31577,7C288C416E91DD99
31578,A94C6E9875FD8C16
31579,B73FE20AA9EF2341
31580,850107CB0D9D7518
31581,AB6493D06F869F7A
31582,60888345F81F4735
31583,8C94F7680DA40D5E
31584,8EC2FF2D823FF73E
31585,B52BBDC0EDD7422A
31586,2FF74D0249AC66F6
31587,02EEB4F9EF7DA831
31588,1B4E63B357E4FB7C
31589,23F93F55623438E6
31590,CC48C9A1863C4B1A
31591,37FCEE2A5BE2FF0A
31592,BBA9ADD09265E3A9
31593,342F1AED1D8745B4
31594,E1B2652910A6B379
31595,3EF3BA46730E58A8
31596,25D8E4448782E67C
31597,273FED6F519DE359
31598,97872C178F2EE6EC
31599,D86D137C50DEFB07
31600,6DDD28AAEA920F7C
31601,E83517319C72A688
31602,6CFD6CC4C4C97AE5
31603,348E434271F161FD
31604,F349E51B5F4CD624
31605,FBD0CBB5F52EEA9B
31606,2A64865DE08DD7DB
31607,3E378906A36E90BA
31608,603FB21EA2586DFD
31609,0A72B5765E98A455
31610,9BDEF9717B38A546
31611,7BCF125F92B00BB3
31612,EF7E5B4F9E2C3CB6
31613,14E9CB22104744DB
31614,59E6202269C07CCD
31615,19F5DD2760C54435
31616,F1B76B0B3BCCDDDC
31617,2FDCDAFDB4E5B847
31618,6A25690F38A99313
31619,6A5D5BD0D9BAB4E3
31620,609E9BC0989E6643
31621,6815F7FC5E31842F
31622,5141DA96E1E0AA4A
31623,57ECCCD7A42ECAAF
31624,46D71517C00EC014
31625,BED750503B7F69F9
31626,2BC6695C5694E3D4
31627,4CE90A6796550220
31628,15CABF4B863E4A79
31629,6DA672E231B8EF33
31630,160C910A8EAC7938
31631,9350E8605A1BD535
31632,673C120C2D0707EC
31633,ED874D0DF39FA8F3
31634,464BEA0B36D5F253
31635,CD0BD4DB44294431
31636,6FBBCC250FBDAFE9
31637,F74FC26C29AE4C9A
31638,2E8C17B0CE4F911B
31639,4246AC18EE581A45
31640,2F5DC1FBF62B2B4B
31641,9B0716E39AD2EC9F
31642,DB4ECB9BAC7EB87A
31643,D5741EEE37C650E9
31644,ECAD391F0A476FB6
31645,2EA0102525392137
31646,E968647FCB7F214F
31647,490D940D72A9BC82
31648,EE20F99CFE7D807F
31649,21A5F55512B3DE30
31650,DB8D8A04BA6013A3
31651,F48206876AD13940
31652,0043757A6B8295BB
31653,991008619420BE39
31654,256F244905386EED
31655,B055697ACECCDF9B
31656,89528A1A1B78C75D
31657,724AE94696F517A0
31658,EC984605CAC7C2A5
31659,FFC24169B17BDEB7
31660,8A6B8EB73195A684
31661,57684D96F5E3BF1C
31662,8E666250B395AD4F
31663,8AD252516016B6D4
31664,41EFC6FDB7CEDE88
31665,91BC154C62361BDB
31666,B43B1A93B1069AAF
31667,2CAE18E29BEA7348
31668,E7FF73DFAEFE71AE
31669,DF3D36853AB8D8CA
31670,3E4D287F252AA64A
31671,686AAD8CE1D5DEB4
31672,781DB6711D94FFBA
31673,EAD408BC22380197
31674,D6272233A8E2BA1A
31675,00CE98AD62578ACD
31676,470E3A0A52A96997
31677,BFA0A4ADDD855D66
31678,DE002E79145CCB46
31679,4D1E8E840B2B07A2
31680,3053F486E9884EB8
31681,B00EEE4E686B154C
31682,5C59B32105B4E21D
31683,70DBB0E124A6230A
31684,C25F3FB612A2BD07
31685,1DC22C281D24AFA9
31686,D86E0E9D7299BD20
31687,0C23E16428D2AA63
31688,42E2B8BA2D1B1102
31689,4F9F35A4D4B90D40
31690,AA955D7408D6019F
31691,11B49A2A7CA3FF12
31692,94DC28B4DF559032
31693,F3E09BD3BB0E2E76
31694,A9B9A96E7C27BF52
31695,A9FFF1DB637DA73B
31696,51076B18A19B3463
31697,88AE02B5FFC94547
31698,5EBF60BBC252A11D
31699,94A364D2F16B614E
31700,BE74576FB109E784
31701,B5BB2610E9C9D426
31702,ADB0408350103D18
31703,735B57063FB7091D
31704,F9F0F243F6918A31
31705,24B0AF60A3836FCC
31706,1D6E1B2F5E312837
31707,9B786EF22B50D2CF
31708,03BFE14E388C78AC
31709,6070E8EE579502C8
31710,530188EAF1DB2E6D
31711,D6C53543190E2A10
31712,6E55DAFD5A316BCD
31713,4D1055173C418C7F
31714,FE5200C850D7F83F
31715,4FC7068488C71DB8
31716,FE3B955BF1FD4AD5
31717,58F4FF5A5BA20899
31718,87C2BA377EC29F6C
31719,86E437941A5E984E
31720,07C98A22961EAC6F
31721,12E81512FB0C00C4
31722,0B75B23E2182C30C
31723,592A8F4BD2A6BE0F
31724,AD34B57D90423011
31725,1D3274257A49CFDB
31726,26285C32B80B34C0
31727,244606C055429874
31728,BC2A9B5609C1BDC4
31729,1F7D394CBCD684D2
31730,4E0CD1BDFC1871B2
31731,3F2E32ABE19DEDDF
31732,6731B4C94C9D34FE
31733,AD87439AAD06D9AD
31734,3222FC1DD7330D32
31735,EA01672EB3F253E1
31736,2140E0CCD9236B2F
31737,31AB6824B0F234E7
31738,C80949B226523653
31739,21F0F44FFBC81CF7
31740,6A26ACDC54089020
31741,4B44BB67F8481570
31742,393D3E0D3B1A84A8
31743,F2E0DF4A60740BA8
31744,5730CA6BD635CD0D
31745,A9E8FEC4D1D05F07
31746,B0136DEABEF76262
31747,F12AE57808980314
31748,A928504BACBFECD6
31749,FFBCA6EE71FBF58D
31750,10C5407743EF4990
31751,0182F7D22DF7909B
31752,927A7C5BBE0323DC
31753,9994D8B9E6303377
31754,1E9D5A0967E92B75
31755,BBCE14AFE199B830
31756,485769A920E01E02
31757,2D27F975D8049CB2
31758,DE0E6499847E52BB
31759,A362643A36CDD322
31760,B4C39598239EFA9A
31761,B5BBE88DC441F0DC
31762,D24E13AC75053B09
31763,2974D2C4129B0F8F
31764,C5256FC9BB5025EB
31765,AC56ACA98B305483
31766,5C75B3238DDA158E
31767,9FD0D445F61EBB00
31768,E4CCBCA142B96A1D
31769,C1074E1C8FF77B47
31770,303D48FCCAA6CD2A
31771,429170D77927C73C
31772,F0A9D49BC253A285
31773,90BBA58C24525A80
31774,933B2E2B61FF039F
31775,902426833778021B
31776,EAA274BB63D358D4
31777,43D5314EC3D13E80
31778,63F27C684CC8A055
31779,F1338766B98AC04D
31780,9192239DDEC1E478
31781,03635D9739AB7317
31782,650BC0A25DCBA48C
31783,CEC13DF4D6F7E1FF
31784,0149030EAAB1E389
31785,34892870F1BBE9EC
31786,F7BEED5CE567C7A5
31787,937EB8716B8D29D8
31788,71EF85E51769675D
31789,0DB2FDFFFC6989AF
31790,DCF6030DB9A4CF12
31791,151DF9C397EAD42E
31792,0122ECD8B7D8F95B
31793,D4D8FAEC94005E28
31794,69DBC74A6B730DDD
31795,AE372A73D495E2D1
31796,D57BB94F9DB65CBA
31797,EDAA16B9DADC7EBA
31798,C2EDF789F204F1E6
31799,9BEB3EFAEA27909B
31800,46CA67F4243EDEA4
31801,C731F55F9CD958D5
31802,52B880093CC1128B
31803,806ABDAB0FE7C1CB
31804,099172348E75195B
31805,98DEE5490828815F
31806,6CE343F6F1550476
31807,0C87CCFDC338E56A
31808,B380107838B18BDA
31809,AE57C010BE1642E3
31810,569C70879E311E96
31811,16E0CB1CA458B6D4
31812,1E2EE526960E563C
31813,838635BDE931110B
31814,2A5E2BFE7BFF5B2A
31815,3D76C44C67445B84
31816,A5E09AA71D6F697D
31817,04C260A373A36401
31818,9C771E898C363B84
31819,70F51381ED60B133
31820,A64F5FC16286AE8D
31821,65CB46B7A6CB747A
31822,B7F755424AE6F971
31823,6610B41087915018
31824,D1D1AB66ED0DBCE1
31825,63D241F387E6372B
31826,37715BEC06887B51
31827,B79F2225D2FA7ADF
31828,6454B6E3DBDC1993
31829,A3C51F4505ECFD86
31830,297989A66C81EFEA
31831,49D16FFB07A6009C
31832,F3260945216301FD
31833,3F835D488316C27E
31834,CAF349CFCFD38917
31835,614F47816F6EEF77
31836,6A5D8EAC132A69A9
31837,CB0EBE21553A6E6C
31838,A7DF2A5A238B78B1
31839,231E128825014D21
31840,6B9422B946631CE6
31841,5F82451900976DD0
31842,FD21CA9EDD100209
31843,AAD01D2D4287795D
31844,2E99CA91A00C6CEA
31845,77812EBAE4DC502A
31846,67E90094E97BD2D7
31847,DF26B39D0ED8B2F6
31848,B2CD14468957C2C0
31849,5996F0046B7E5F77
31850,7892BD687A56C84A
31851,3A5DBEFF1728BAAB
31852,B836DA1578381FC3
31853,C33478276FD7FDA8
31854,C83A26B71BC8FA77
31855,D44C5C5755DF2B24
31856,0C435DFDBEF8E57B
31857,4AC887B18BFD62D8
31858,A8BF155229ED16A5
31859,BEAAD7337E8BD9AD
31860,9C337EC3EAB7C903
31861,B833D8569FB2C7DD
31862,B516A15984DBB022
31863,25C86DBE1C1A7C0E
31864,B8912823BC554AA5
31865,C3187692A528C333
31866,D06BBE766BBC9DAE
31867,694B9AB732E79A90
31868,AF344E256FAEC230
31869,ACB7D5CABB3B8422
31870,9F038218BAFE6555
31871,276949F25837434E
31872,1C0BD89455101ED4
31873,78113E1CC2BBB2F9
31874,5963ED5FFFE81795
31875,763A836301EE2F5F
31876,72F13ECAF1B39FF9
31877,4B130838F6A68B6F
31878,A4710BBA5F241825
31879,B4F08629B4BEC980
31880,B0927EB58F65E7F8
31881,397C79FE077E4C12
31882,8190858BB37CEC9B
31883,427E7A582FDB13B6
31884,B2D6F42DE634D969
31885,86D803F7BF3DEC8F
31886,D67023E5D778EEEA
31887,075D373CCF0CC891
31888,94585600FC2702A8
31889,D05FB8CCEED37049
31890,54CDBC33D5B0F50B
31891,CBBA5F466EEA2D7F
31892,5604B857B211B247
31893,2E7E22BAE4B15022
31894,D9D6203AF3B523E4
31895,55E374D8A714BF69
31896,ACF92CEF9BF29A7B
31897,51B62CE977163CD7
31898,3255BE8B97EA51C2
31899,9F21ED4C478E5741
31900,3BE44B84630E58F0
31901,A636D26095D6BB62
31902,F6100E1FCBA10746
31903,57DF7C64C9BB8DD7
31904,761F6D89F54DEE0D
31905,832DDD18880803E0
31906,9F0DD436FFDDD71E
31907,A8EF36BD74460972
31908,9FE50E1F1CA1DA1B
31909,1B959FEEEB99541B
31910,9EAF17FEE604BD54
31911,F1BC1FD2CA7C0960
31912,B0FE76EE6E0CA391
31913,F188B2B79B9F514C
31914,398B4E17C3989742
31915,034DB9C7E28147CA
31916,4B1BA74D095F3609
31917,2BB986548BF0AAD9
31918,3E92E91D22DD2526
31919,6205DD62072C2A4E
31920,D804DD4CBB7A94F0
31921,BD96B2D3BA6C0CDF
31922,57AA73DC29D93E4F
31923,A928DC64A02C1F2E
31924,A8F8D74CF9221221
31925,3089C349D04CC184
31926,034A21EFFFA83B37
31927,19A29BE6BD220632
31928,B09FD03FCD24A9C1
31929,BEAD6E59858A3F4E
31930,4CBC7CDEF83A9B6C
31931,A5F89C2F0E18A702
31932,206E7EB8A361656B
31933,DC4FA164810F6B9C
31934,2091490078C069F3
31935,45607358A9437036
31936,8A29CDE62CC7A832
31937,DA6C4E8F8F4A9DFC
31938,41094912AEDA6826
31939,A7E40E265B0915F0
31940,B87BA700BFA1DEC9
31941,E3E78D406AA50BE3
31942,775FAB96ECECC85A
31943,3D67CF954F0F59EE
31944,A70C5124F4D72D08
31945,19A016F046CD38B9
31946,7446B2DB8FB4A0E1
31947,A7F7F1FB531F73EF
31948,DA7DC44AB2E4CAA0
31949,80B0029C8CD43308
31950,843D7078BA71DB0D
31951,1B4094F8447B1BCC
31952,8364B89CB1E7EAF9
31953,5872C58B35A3E23B
31954,3BBBF359880A56C1
31955,FD082D9FC0FB2DE5
31956,1DB1B8260890BBB1
31957,622FE01FEDC439AE
31958,97647BBD94E1898A
31959,CDE4BB49FC3B9C4F
31960,DF9025205B2B882A
31961,C1ACDBC3EBB4AC0F
31962,E6CE29957D0C91BC
31963,DC21E89E45963F97
31964,8B2E76BA04B591B4
31965,05BF2A0FB7FBCE1A
31966,96638B38F8C4CFDA
31967,7414257291BC662E
31968,E4CBBEB23BB1C3B0
31969,DBEB1A51BFCF3376
31970,99D83238A0064221
31971,1573E11A0E43DE3B
31972,349F0DF6A4FBA8FA
31973,A37634E5CD56E62C
31974,57B0E0F416A92EFB
31975,A8AC732C1CA18733
31976,1C8DDCADA8A91312
31977,D6C6FFAE09759E34
31978,6894CEDED61834EF
31979,DC26543096552BE0
31980,3C99486523CFCBFD
31981,0E8580C72A7B9783
31982,8D8F2AD9A102FC25
31983,5DD2AF8EBE2A2746
31984,CEEF22A7AB62DB87
31985,85E52CF25E428576
31986,A1CD30FDE70EBDD3
31987,D18DDD080D18FB24
31988,A8BCD083A7410955
31989,E9898CB3AFB4F548
31990,B52533E8A025A794
31991,5EA3F410787966B6
31992,51A85EF2D140A39B
31993,ABF7C306EEE4AC37
31994,EB237A8F1F6FEB3F
31995,5F4A2F3CEFF787FB
31996,947D1AF8B7F5B6F2
31997,A2FBBBA1C3D28932
31998,5E1CFF1C1572C760
31999,3EC4F8CE28EDB89B
32000,3E8B685561A616B3
32001,7F3279D1D21F1213
32002,C2B63AC0307577B8
32003,DB33AC0FB5501530
32004,F0D02BE0C3D0C8B6
32005,9257E39986B50AAF
32006,96A531519A16A989
32007,E10709852604D0B0
32008,C047216D937C1066
32009,08B3A10CD22E60B0
32010,C3E3C34E008C893A
32011,6B6778B31A0799F1
32012,3927CC952416ED67
32013,3104D5690DC7473B
32014,80AC61E43BF3C677
32015,57F56854192E5FA6
32016,8DBE6453E745ADF5
32017,330B8A160139E54F
32018,1DBAF94371F0D273
32019,926C1B7162915F83
32020,F698D102267269D7
32021,A4B0D0B19BFF78C4
32022,F9208E6E0D6F7EDA
32023,DB7DAE810762E0D9
32024,11A4D4F3C12F36D3
32025,A51411C7EA8B6F51
32026,DBA0075790D14F93
32027,3B745AB88477B58B
32028,013BCD780D9F77F8
32029,A87B868F095C8358
32030,EEBFB9C0F12C7C0A
32031,8D4F7C659F978C7E
32032,89205E8262AF0F83
32033,68CA4E10241D0267
32034,6C5F7652049349D9
32035,A52E24E13870B1DD
32036,212D9D6A6DCF1D93
32037,5FFF4D59F8115581
32038,B25D65C228F11DF9
32039,5634053F88B69EB7
32040,6FE4A8B163ECA246
32041,55676BF939B5BA3A
32042,74D4CDD2C0A0433E
32043,B4E72F197A473413
32044,EC8322E08D34193A
32045,9B05219D869CBB13
32046,E4CBFC754D3FFD0C
32047,B9F42E6D2678A665
32048,3D0D46FC3879A112
32049,E9221ACF1825CC50
32050,0291C6172618AEC0
32051,9EFE6928E0D22BA1
32052,ACB374B632E8C7B2
32053,8279963FD26BC6E3
32054,CD8F6BBC71A1BDFB
32055,75912418F017E19D
32056,D9D37351638684BD
32057,92F4497A08CA037D
32058,EBFD3D30AF07BEFB
32059,3A5A23903405ABEF
32060,45EC79B5DAB04D73
32061,11E5B07DAAAC56E3
32062,2291855C93D19160
32063,628D0868AB9935F6
32064,9A99D0F6C550397A
32065,3FC6286C3F4C0F5D
32066,73C68DD68FFB588C
32067,482F8CD61B6FE5EF
32068,C0834E86C42E9BB3
32069,F0C36A85B295F9E2
32070,2A5B8003CE4AB3C8
32071,B3729B3777140B16
32072,0B2604361D360DA2
32073,DDA5E8D045AB78F2
32074,71851B4E873B9AFA
32075,8D467A270F07DEF2
32076,C5E9F5E84246C896
32077,E3897488A2EE9378
32078,DB6CF3F57C52291A
32079,61EB6B1A0C03ABB6
32080,AB5DE2B7897C8CB1
32081,12F51E23B54A4793
32082,DD8908B143F766D8
32083,4BFBCFA205F34BE3
32084,6B44A412968C3937
32085,A0F95F418D30D81F
32086,8A84D3379D5369B1
32087,8BEEA3C644786C01
32088,F1B08C400ED5C597
32089,3E00F66734A9DD0F
32090,EFEE79C42B6F4313
32091,31BD6E1B45B91112
32092,B0855BD09404CE38
32093,0AC13F86D383D2F7
32094,44E7A93841A13C54
32095,BB558254A757CD5E
32096,DE70546672B7A2F0
32097,69FF883EFA7C53C8
32098,42210AFB4D46286C
32099,B7D6C3C6214C772B
32100,63AD6822B32BF317
32101,D9A4F5DAA791A613
32102,034633F02DC511D9
32103,8EA3F81CD4B5DA28
32104,AC1CA5D7F459D973
32105,22228B66480FE90B
32106,C4DFFE6173087FD3
32107,DBDE835EC9A686C4
32108,4E87F8269C26E279
32109,4FA6E531A3DBC1D7
32110,491CDD9FA771B627
32111,8BF7E7E47A9D2632
32112,0112200F5FADF410
32113,9090E8B11C1364BB
32114,FBE97378A965EF29
32115,90C11281EA6BA77C
32116,BAD06F1AF20410A1
32117,A71D9CF8682D6263
32118,230CCB4856D64044
32119,F559417232360854
32120,146CB8045D6390AA
32121,EE0615AF94B06DC5
32122,DE1D920BD5DD5B01
32123,1A38CA5F5DE23A16
32124,D2C1B7A798CD276E
32125,6F65EF5859A1B10F
32126,689A08D0E88D8DCF
32127,E15136C718AC86EA
32128,13ADE7A764767AA9
32129,B514B296FEF36C0A
32130,895558748ACFCE9A
32131,BBF50274A6EC518A
32132,DF9BBF129774A145
32133,8239C31B2FDF09BF
32134,DAC603B57A97E451
32135,F73A7FD0DB419FDC
32136,43431FD2F1EE2C44
32137,1B42C2375A892B93
32138,2203DDA7846BC338
32139,334CBAC01515E38B
32140,380C29966BCEA504
32141,670EF72E82EBA02E
32142,F9D6C4F984D04D98
32143,79F07156E29D0494
32144,EC3DACD140B5D389
32145,78640EC2B5C8E4BF
32146,7F6B4909445412E1
32147,DF709EC498725848
32148,60DCDD3BA75A3BAE
32149,93A2D7070B5F733E
32150,3647F80AA7476E4C
32151,6007884AA030458B
32152,07B8366C9396A295
32153,16ED039AB384DBDB
32154,71BE0105B5249FDB
32155,614F53F78A6F6207
32156,46D278501272645C
32157,D17B3C73733298C7
32158,5A691A562FA9F69E
32159,8FB1B9DDA6F99091
32160,17153ABBE89F96E8
32161,9DA12494DA4FF2B0
32162,D0431010D9AAE0CE
32163,4F6E92B90EB38DC1
32164,6F8FE2149EC81978
32165,AD08691BF0E9C324
32166,AB5D21F58EDAC5B7
32167,96B04D037D585999
32168,8F0E703D1CDEDFCC
32169,C01FC96CD5739545
32170,F4DBBF96D00E5940
32171,83C03B0470F13EDA
32172,CB90004723E3B44B
32173,593EDC433574ECE6
32174,861FF9858B18078C
32175,6BE767EC915CC303
32176,8E593EC22FE0AE0B
32177,AC53E0DEF9D2A4E4
32178,E275C450E96146E1
32179,96E4C8F295169F14
32180,4E85FB91357F432E
32181,29EE6A403999F7A9
32182,DEBE7B8B4D7F5FCF
32183,E9D8E335F760C2D4
32184,1CD13B9559BAE120
32185,89011A3207755D12
32186,CCAC380752A80C9B
32187,CBB4E883480E3A43
32188,3A4644E2C7159ACD
32189,780F116A237793C7
32190,38966E8BF6AB73F0
32191,8B11CF8EA4BDCE37
32192,6869E2B642EC47EB
32193,762115DF59074C5A
32194,3A8AD626CBF3DB68
32195,86D707C19CC2E54B
32196,A6BD8B34EFDEBDD8
32197,2AA3C93E6D359593
32198,ABBB9359ED6AF00D
32199,761A39539F2AF8A0
32200,A01E381B4362BF69
32201,B02DE4AA39F12265
32202,47200A94D6446F3B
32203,12C43CB0586F8EFC
32204,FE2502670A5180E3
32205,F22C61C2936BA68A
32206,6E0F0AD95DAB9A35
32207,04A3F285393D6038
32208,BBD55B178D52CC4C
32209,01C7C04AE9757734
32210,16CC1772C0A56911
32211,E2A679DBCD8E4063
32212,841FE0471D79A9C8
32213,D5594ADDDF753194
32214,79B2E761E28699A8
32215,95329962980D0E65
32216,A616675E57C84376
32217,9229A437A7B726DC
32218,E3E22417BC12650D
32219,FB2B14A0275DD79B
32220,AB38ABFA72F2AE7E
32221,E63ADDEE6CFC4957
32222,A787883DCC9074E8
32223,616A332ACEEE9451
32224,7607349346858354
32225,EA6838CFD30436EA
32226,F08BC28AD791C521
32227,EF094B6366B00F20
32228,242A016D99115696
32229,34B554DBFA10D7A0
32230,229B0732161CDC2A
32231,4C820D7BA04CFAC8
32232,C061AF814BC6D589
32233,2AE88A973C078184
32234,E9CC00A4FAB67EA1
32235,0AEE4D0D5B3CBBD8
32236,120B4CF6A364824A
32237,C00E6159AE2A2053
32238,3BA00684CBD21AB6
32239,48281204959290CA
32240,E08BD925100AFFE1
32241,19F1F631F4211799
32242,9678434EAF6D7533
32243,2AE685FDE0E192D9
32244,3E85546120168DFD
32245,96DB7873260AE435
32246,A8BB1076BC89799F
32247,0D74D7482F7ADBC2
32248,6CE7A360CB803698
32249,2CB0AFAAD42901F5
32250,4089DDD59CD7544B
32251,F62DD6BCC473CF8B
32252,71AE4558C749E164
32253,EFC3BB7B2DE34CC4
32254,52F6BC34BB08A62D
32255,7323FCCBF091D6E1
32256,AFE3E8499DF5564D
32257,E7B82583DC8361EF
32258,D7F91DEF2B3242FC
32259,51AEC5948AEC83A7
32260,9046F503319A5BBF
32261,5CB7D21C964C03D6
32262,DA1D0C32818D6DB2
32263,EDC34837564A6C96
32264,A5E343FA54E58DCA
32265,65966A38098BD3A3
32266,0121F61DDF7F4EAB
32267,D2F5C7B3F9F2771D
32268,81D70BE8EFA6DFF9
32269,072887C2D2F43CCD
32270,461CC6E7AB4320F1
32271,8108410927E9E750
32272,F85BB285064268BE
32273,CFBBBAF2BFF0714C
32274,EF34F771A28ACE51
32275,8EE12BF3C5045F0B
32276,68826C04888E34F2
32277,2CB9CE666C8247BF
32278,94887DE0D3FD1A60
32279,F7EDCED37A3E4607
32280,981DCB5D48CE596C
32281,1C5DB6EF722D684C
32282,51BAAB2D06F17DAF
32283,2CD6CCB29E34AA17
32284,4D92A5442DFCACD3
32285,94AA457FADB0B3E8
32286,30E7C418BB5B901C
32287,1FEE4AC177B621E8
32288,67E646535977426A
32289,C3E4B83DE3C9C080
32290,765C8F551B23786B
32291,2F7928766A8D38F6
32292,95279C3A8D2316D7
32293,5CE278BDFD89A44C
32294,236B6013D630A0FC
32295,041E2843E7BF8E75
32296,38AD3BC536E68FB2
32297,7382F2F888EB329C
32298,B7B5D1513707B079
32299,2403F0BC30C37C3C
32300,CCAB178C9B702B0C
32301,2A643900BA7858B7
32302,CE4164306012E833
32303,3C29CF0603EC9C8B
32304,C921E9015CDA0023
32305,94832B97CA6B8FF7
32306,0DA5F43A61A13DCA
32307,8FB5BD12BCECBA2F
32308,A50C07A661EFD164
32309,49534F3D1E99D4B3
32310,4D535F38941CDE16
32311,2B55DCB9C4AEE541
32312,A8BB2CF141940392
32313,51B77C9815DD03E6
32314,A74EFE3B94DBD946
32315,2BB221D5F38115E6
32316,DE7DE708E9A884F2
32317,E251333A4CDC8467
32318,2763065D259321AB
32319,C7CAFFB9EA47F258
32320,C516197E86E6E7C3
32321,C9A1051B002E5668
32322,CA29BDA5CAC88A31
32323,AD7F3BAC67D221B2
32324,0A1FA7AE9BDEDA68
32325,19E8C202EFA76128
32326,04F270733973EA7A
32327,E6C50A1F49690802
32328,06488C6036969F18
32329,2CD52438B522FF9B
32330,B8FB4494A8FA481C
32331,21B73935C57E2367
32332,17F3CDA16B79C54A
32333,9C5E75EFFB7B80EE
32334,ABF55EA5B3AC2EA5
32335,8FA544AC166C0BF3
32336,55C8707EAA120CA7
32337,4144B883BA0510CD
32338,35B3BBEFA364DA50
32339,15863FDCB1CDBB07
32340,8B1BF0C0A7676A2D
32341,55A07DA8CA39D76A
32342,2EDB3512C794A0A8
32343,33F3D49C129A1929
32344,D86B81EB911484FA
32345,41862A282F0143A5
32346,D9161C06F3C5FEA4
32347,749885EDC28FA62A
32348,DC9E8C5478C9CE29
32349,4D8AE84D80ADCEAD
32350,E6958C543C89A38B
32351,B8AB200FB665987F
32352,1C441C487EDEF62E
32353,62D5301437C3CC53
32354,3978C916027C13E0
32355,0486D05886D89149
32356,6DC3AEC9850F9519
32357,3B5193AE29416A94
32358,6E43A28640EFB751
32359,0C399C49CF6CCCE7
32360,E5669298BE640BEE
32361,D06AD6AE6AF54D99
32362,28ADB972D93188DD
32363,70F3E54E8D48E4E8
32364,59957CA70B0F8F1A
32365,42C3642C9A84D52C
32366,A2609FD146E7488B
32367,BAF81342B5CDAD8E
32368,7B0D538F17229CB3
32369,D9DB16CEC0609062
32370,8C4495E0E77C17FE
32371,D6625242CEAF0691
32372,4424B9AD17BC6724
32373,C2F2462E09985584
32374,87F5E9DC9D414F0B
32375,653AFF01C9AA6876
32376,A36D547903A0C260
32377,44CC2FCDAA1A004D
32378,944F79872D0B1F05
32379,6D2F76669479B1AD
32380,8F0648A80419E830
32381,AB3D1EAA4081295F
32382,270025B8FB77D6C4
32383,C50CF831FFBE69F1
32384,4F4E834F89DB5F69
32385,AF648D9B02986A83
32386,91F94291994D1C45
32387,F1FC566873261DC4
32388,E11862D5A9F37771
32389,41E4DAD2F9174C97
32390,1B7E739D5C058BFA
32391,FFA719248ACAA608
32392,E16AB123C920A49F
32393,685A03464C782338
32394,B9BF20BB20162866
32395,47825DB5EA6A0823
32396,7365A926761470F7
32397,1D3055132B8F1593
32398,2A4A2CB5DA4C8F5A
32399,ED54DEDCB86031EE
32400,0CD5491352FB9F87
32401,2B19AF13F86475D9
32402,7D772C5796A66310
32403,B4D93D361E261F0B
32404,29AF65730258B5B5
32405,FBBC32632ECA0E6E
32406,FE6B94142BA0489B
32407,58205090B6055CAB
32408,A08BCF26792CC013
32409,D1439994E7513A2D
32410,DD782A3F3474E338
32411,08709FE86E1BF518
32412,B9C87648B6CC390D
32413,477D0C4786C3902D
32414,F82569B84D744B94
32415,F12447AF37A762BF
32416,520703905C9E7503
32417,B99D2B2E658836DD
32418,CC87852574704B34
32419,D14B14309177F49D
32420,9E6D94EA719F3F56
32421,27F1F7DCC27A7A10
32422,AA092914B1EEE216
32423,0F2CCEE4D041D086
32424,1809C9ABF679BE66
32425,F2FF36E60C904DF8
32426,CE55AEC8079E1E33
32427,EF76BF04B56946AB
32428,23EEFC1CD3BB337A
32429,7E51E37B5404E001
32430,25D9D8F6B1E39459
32431,954A3228DC0D9087
32432,08AFAA6541679708
32433,C5EB58B61AEBF8BE
32434,B61B56014502D21F
32435,A5FE8397580660F8
32436,7C4119C46D52E70F
32437,773E810FCC3FCECD
32438,19A69683D75BC88F
32439,E769874E23DB756B
32440,B23465DFD53FB815
32441,A9875D4E62D41DB3
32442,F6961E5F92A140B1
32443,F77A5DF816891770
32444,7C6E306510564BC1
32445,0166ECE06FAAFAD3
32446,1A156BA92D1D0684
32447,7C15358B6704CD70
32448,96F1AA366365DDF5
32449,0C7EB3224C612EDE
32450,930115E8BA988704
32451,B059B04C12AAC0A4
32452,EDD62397FE5CBBFB
32453,55B9B5308753D335
32454,A4A27BBCC6A73E38
32455,DA533A17EB4423CF
32456,C5E0B42E8E2BDAA1
32457,221CD6F03763B273
32458,1EB96DCC27F5A2DB
32459,A313CCCFA5AAD771
32460,AAFF2A6A71DB6315
32461,CC8721CEC8ECD532
32462,2A8B0786DCC83DFB
32463,B833D89A248FF379
32464,C1B3C845B742DD21
32465,EE7FA6CC1127C9BE
32466,B4B119D01BADFBF9
32467,85CE9E3351820907
32468,FFFD93457751F7B3
32469,EED3EDED2BD49F03
32470,F42F21F7FD4E1026
32471,49299C51C7936709
32472,A08A66460B748A89
32473,464A39338DF9125B
32474,A458209D800823C2
32475,9D2D9A47DDF70FAD
32476,9FA481CE9AE8B99E
32477,80CCFCF605F68DE5
32478,F6D31B43960A090C
32479,3316580209039430
32480,4AF752908453A848
32481,658C567A06BBB900
32482,EBA31CED5814EA62
32483,5CEBA7368142E2E0
32484,7963F5E785796662
32485,6C58A7429EFF9BC4
32486,2BA68F44CFF13D3C
32487,C198565263219D4F
32488,ADBAABAB6D8E7620
32489,5ACA65D3B15177B3
32490,74A81CFC566F60F9
32491,4220A517D2EF0C7D
32492,60916839F215E82C
32493,663BB376E6217644
32494,A38AC0701BC277B4
32495,66F3A025A03AFCA9
32496,C3AB2FBFF002B6B9
32497,67244ECE574F6F6B
32498,F8F66D326669FF70
32499,C10E4A35A228E872
32500,1792CAFF3E0DC979
32501,17805CBF76492ECA
32502,336C9867ECD6AD35
32503,5C959018C312799F
32504,E509556273EFEE17
32505,2C7C1B7F41ED457F
32506,1107256670036689
32507,D9BABFDB2FB36CB0
32508,F0BA3A2DC4604863
32509,DC43EABDF909046D
32510,97B038F3301AF059
32511,C1A0829E3EF05255
32512,96AB323ACF8BCEC5
32513,FA1B7E0A682387EC
32514,65F0B8341D8967D8
32515,F1795156BB19A047
32516,B723056D972CA6F2
32517,1F5B4DD0F1598A66
32518,561A480768354622
32519,C1DDF3E21A01CAE3
32520,31EFE62EA816E0C4
32521,673612787775DD15
32522,32169CBD48A32368
32523,E59A8B33BE4F6191
32524,FA3A04333FBA8C46
32525,384356BBAEC9606A
32526,F11777DC306BD605
32527,71DA4C71926655C7
32528,ED49D9CCE5CDC5DE
32529,572A16A3EF49E225
32530,B88F7619FFAF2B59
32531,D549C99F5A88AA64
32532,31D55AD10648972B
32533,D159D1940503538D
32534,E591B56CC25BCDF1
32535,BF3240A9749284AA
32536,9EA3BE2C3935F44E
32537,84BD9270D958E334
32538,612A583FD73E1880
32539,6EEF4ADC9570E48F
32540,0CFE5D4D4E1E8D1E
32541,B50C849D8008D9A2
32542,DB869BEA9C7686BE
32543,8B8697C062BFD6FD
32544,2B684D9DD48991CF
32545,F9E5F93ACD2F09DE
32546,12BA19CACEB63932
32547,DE1336129721EA2C
32548,F05219A877AEB849
32549,DBE9DC907B4BA491
32550,9833489582FBA2D5
32551,947C771FBC6E784F
32552,586B34321E3A4B2D
32553,D60E0C38EFF93A5E
32554,EA2A494E203A60DB
32555,1526BB5E09E36593
32556,ACBFC61754ED2276
32557,F44FC6DC0140F070
32558,B2D0F610245B09C0
32559,FB7B18518F61251B
32560,DF65A7C66729739B
32561,15138BEF1AE3759E
32562,E51CE2A8090A6418
32563,DC46F87FD64B3DB2
32564,CF1F27A8B1DD5D6D
32565,A296971D9F61FD24
32566,D32A972137B85B96
32567,2C3CEC92A5048D24
32568,F410AA3C383333A5
32569,13A80E074FDB3AD4
32570,E5B385AEF285ACB1
32571,0951897AF227481F
32572,4AF3870112E9706E
32573,4C06B1D7ED378B19
32574,D9FCF4BBA8817078
32575,420DFE71DE36DB99
32576,70DBD0A06760E0FA
32577,1DE045BD36C851FA
32578,5DDCDF88D1E21BFA
32579,D181383C4683EE53
32580,4416B86A46C7151E
32581,5AA6636DAC6255D0
32582,4DE4CF99DD898E8E
32583,B51E89D6981CBC34
32584,6F72A98B8A872199
32585,43C1FCAA294380B8
32586,E20E0E2B5FDEAB29
32587,C4E106AF6F91B332
32588,BD5BC99920D1DFC6
32589,7B4FCE5CB22450D8
32590,7006E6EC2288AE2B
32591,C7CC8494E192EC5C
32592,143EEED5AFF8A6F1
32593,3FC30A83CA500B06
32594,AA7701BEF50CABF3
32595,2FC272468BE07E43
32596,4DDC6270FF244D34
32597,E804D9B8429D71AC
32598,D83BC56F70962157
32599,FBDFAB245494AAE3
32600,F9442B42F04093A1
32601,4574A2CD6E9FF8BC
32602,8BC86D6683B7978C
32603,880459513366A9D9
32604,7207D4EDE94AE048
32605,96CF029EB2A7857A
32606,319C73C20AD6DBCD
32607,BC2080E24C00ACD2
32608,CBA2A8FA545822EF
32609,7DFE93DB1DD94AEA
32610,637C52A25602D7B5
32611,63996801C9BB5E0C
32612,D2B4862680D1920D
32613,42EFFACCC4806D67
32614,2601261B674C497C
32615,DD2E30C658FA18C3
32616,7500682095067948
32617,27090F2808652174
32618,ACB0E75A7C31375C
32619,875AA6F3F2F41CAE
32620,B9D6ED4E6B84F981
32621,BD46C5EB93920E57
32622,4FCD3F3941E3699B
32623,E0CBEB41B16C4FD4
32624,0C3AC7741AA41B3D
32625,00E08B3357526065
32626,7E53E979FF02367A
32627,88932B716DD8FA41
32628,1E14922576F804AE
32629,1E85A4766A06372C
32630,68FF36215C3CEB6F
32631,30109EC9129109ED
32632,CB58CEAA61091563
32633,B6B06B6F7C2AA6C5
32634,430D6FE7511A3AAA
32635,BB33579CA9FA1947
32636,88240AB1413025D9
32637,BE5390BFA97275A4
32638,A88A7D9F94FD3BF7
32639,961A34FDCB159E73
32640,8242A1C1BD271500
32641,8B27C976BBD2E389
32642,DF4A0032395D4197
32643,6E871E16ABE888D8
32644,F6B94C7B9FBAD8B2
32645,5DDC3C858DEB1333
32646,26DD83F107C6974D
32647,ACF8F1A037036C42
32648,A4643AF4FDB69E3A
32649,43FC01A652FA8D94
32650,1D8A0D8C4BD5A15B
32651,A8CC4ECF7815F353
32652,56F34046217056BF
32653,E1DAC927EA4CCC6E
32654,455B88A50C9B895F
32655,7F191E07BEBCA74D
32656,8717140B7C5951FC
32657,F8503B2F9D54AF89
32658,9901250FC15C659A
32659,0A170810E8DD0EE4
32660,92ED288F5074D30E
32661,314544F82BE85F6D
32662,262F796983252D47
32663,280A0997CC02CAA8
32664,88E2892EFC8C10ED
32665,397FFDF60C6E5B1C
32666,9307FBFBEC6FBE3E
32667,843F43439844A140
32668,4326CA85D2673A97
32669,01D337022D27CA14
32670,713C54919FBC350B
32671,BE41C3E92CA7EBE4
32672,814A325006F9E9BB
32673,3966EE24999B4ECF
32674,326EF5E55C7AC98C
32675,45E6CF0A19B1057C
32676,06E558E356FE0F74
32677,6F92607C76003D33
32678,4CCCDBCC26756F02
32679,A261B67E684251BF
32680,911A616A76E4963D
32681,27A9474E155F1789
32682,A4D0A4870C771865
32683,2FA2F09A9EC51528
32684,1650FDBB1B070826
32685,AACF3647B8CBD2ED
32686,00D1F627997BB31F
32687,F68DA14B994A96D9
32688,8E76B9D7438CBB87
32689,A353861EE9D4A7DC
32690,4F4EC82A7E403E7C
32691,CDCBDDC2CB9E3175
32692,3906FF96EA603F9A
32693,F7F590F704A829BE
32694,61068D9CF67C779E
32695,696E4B37B65F4DA1
32696,A9077DBD08565BD4
32697,49B99F8B76A662F3
32698,039B3A00903E6BED
32699,A259679A90CDC9C6
32700,359053A08BC2B620
32701,FEB9AE7153F614B1
32702,2B3EC2F04557E633
32703,7CFE91620A53A96D
32704,BD09446D0510474D
32705,0000A803ECC36F78
32706,993CDB523A48C0A7
32707,BF55377E9DA027B0
32708,EE04ED4354BABB13
32709,C6839DB3EA9130D1
32710,5B8DD189713B08D4
32711,1BE3338E0323CD62
32712,24DC5B12A54AC67B
32713,11E9E925C0499A2C
32714,731F6B558CE7BAAB
32715,5ECB9D9F825A2FD1
32716,65819957E0536A19
32717,952B22D4A3390B60
32718,160EC61598FE1D66
32719,D94DC677EF233933
32720,2BDC358F55B26A3B
32721,B9D9B4A7B0F4B27F
32722,51960AC998FA6608
32723,1BAC85358583095B
32724,A74DE69BDC79C3E7
32725,AC4262E8026ED804
32726,B8849741AAE1E359
32727,EA1D17C704C34442
32728,C7D942DE84C6D5C2
32729,653A879EB6EA71B3
32730,EB76E87E0853FE7B
32731,4967E3C97ACC92A9
32732,2EBCD6926A0C9639
32733,E0C1D87439674C32
32734,5727EA0FF597BF0B
32735,1F0AAD10B69DB003
32736,C3A61DA40422768E
32737,D840AF423C77E0FA
32738,7FDA3B545909C063
32739,897B37901A6DB823
32740,721E3CA001DD664B
32741,D12601BFD0CC99BE
32742,B6E015818A3F70E1
32743,45C3E0AC5CC397A7
32744,9175B05DD46EE203
32745,B828D907DACB2658
32746,6467683F948E23AC
32747,2845A56F2F8EAE9B
32748,978068839FC291DB
32749,09EC3022F9F3D264
32750,CC095736293514E5
32751,9F0C732D5473E6EA
32752,EB5F5D3C54FB078D
32753,7FCBD1D646B35E33
32754,44B6BF230FB3BF25
32755,8C922C8327236320
32756,C5EDF9E97EBF2CB2
32757,98BFA468C20D0780
32758,B4486AF356EE1BA9
32759,0E3CE7758A341B1B
32760,05CB01B684587E86
32761,17616F7B11E4EDF9
32762,27C8E7C1182BB91D
32763,8615C7B74C5C8982
32764,202CEE5F90E9AC42
32765,5A2F2CEF4C73C4B4
32766,28EB674D9CC64AF9
32767,43CF7452946A2B0A
32768,24AA3C23B688AF24
