trial,samples_per_sbox,sbox,trial_seed,known_delta,minimum_value,minimum_count,second_minimum_count,minimum_gap,minimum_multiplicity,recovered_word,actual_word,unique_minimum,word_success,internal_ineffective,internal_infected,empirical_ineffective_rate
0,512,0,0x525E2D2B2EDFABED,0x9,0xB,18,23,5,1,0x2,0x2,1,1,92,420,0.179687500000
0,512,1,0x525E2D2B2EDFABED,0x9,0x1,21,23,2,1,0x8,0x8,1,1,82,430,0.160156250000
0,512,2,0x525E2D2B2EDFABED,0x9,0xE,21,26,5,1,0x7,0x6,1,0,86,426,0.167968750000
0,512,3,0x525E2D2B2EDFABED,0x9,0x8,19,24,5,1,0x1,0x1,1,1,86,426,0.167968750000
0,512,4,0x525E2D2B2EDFABED,0x9,0xF,23,24,1,1,0x6,0xA,1,0,81,431,0.158203125000
0,512,5,0x525E2D2B2EDFABED,0x9,0xB,21,26,5,1,0x2,0x2,1,1,81,431,0.158203125000
0,512,6,0x525E2D2B2EDFABED,0x9,0x6,22,24,2,1,0xF,0xA,1,0,89,423,0.173828125000
0,512,7,0x525E2D2B2EDFABED,0x9,0x3,25,27,2,3,0x0,0xC,0,0,81,431,0.158203125000
0,1024,0,0x525E2D2B2EDFABED,0x9,0xB,46,48,2,1,0x2,0x2,1,1,180,844,0.175781250000
0,1024,1,0x525E2D2B2EDFABED,0x9,0x2,50,57,7,2,0x0,0x8,0,0,157,867,0.153320312500
0,1024,2,0x525E2D2B2EDFABED,0x9,0xF,54,55,1,1,0x6,0x6,1,1,166,858,0.162109375000
0,1024,3,0x525E2D2B2EDFABED,0x9,0x8,53,54,1,1,0x1,0x1,1,1,154,870,0.150390625000
0,1024,4,0x525E2D2B2EDFABED,0x9,0x3,51,54,3,1,0xA,0xA,1,1,155,869,0.151367187500
0,1024,5,0x525E2D2B2EDFABED,0x9,0xB,43,54,11,1,0x2,0x2,1,1,164,860,0.160156250000
0,1024,6,0x525E2D2B2EDFABED,0x9,0x3,51,54,3,1,0xA,0xA,1,1,174,850,0.169921875000
0,1024,7,0x525E2D2B2EDFABED,0x9,0xB,48,49,1,1,0x2,0xC,1,0,164,860,0.160156250000
0,1536,0,0x525E2D2B2EDFABED,0x9,0x8,71,82,11,2,0x0,0x2,0,0,264,1272,0.171875000000
0,1536,1,0x525E2D2B2EDFABED,0x9,0x2,70,80,10,1,0xB,0x8,1,0,236,1300,0.153645833333
0,1536,2,0x525E2D2B2EDFABED,0x9,0x0,80,81,1,1,0x9,0x6,1,0,259,1277,0.168619791667
0,1536,3,0x525E2D2B2EDFABED,0x9,0x8,74,88,14,1,0x1,0x1,1,1,255,1281,0.166015625000
0,1536,4,0x525E2D2B2EDFABED,0x9,0x3,81,86,5,2,0x0,0xA,0,0,237,1299,0.154296875000
0,1536,5,0x525E2D2B2EDFABED,0x9,0xB,72,79,7,1,0x2,0x2,1,1,246,1290,0.160156250000
0,1536,6,0x525E2D2B2EDFABED,0x9,0x3,70,84,14,1,0xA,0xA,1,1,263,1273,0.171223958333
0,1536,7,0x525E2D2B2EDFABED,0x9,0x5,69,76,7,1,0xC,0xC,1,1,261,1275,0.169921875000
0,2048,0,0x525E2D2B2EDFABED,0x9,0xB,95,105,10,1,0x2,0x2,1,1,349,1699,0.170410156250
0,2048,1,0x525E2D2B2EDFABED,0x9,0x2,109,114,5,1,0xB,0x8,1,0,317,1731,0.154785156250
0,2048,2,0x525E2D2B2EDFABED,0x9,0x9,104,108,4,2,0x0,0x6,0,0,337,1711,0.164550781250
0,2048,3,0x525E2D2B2EDFABED,0x9,0x8,103,121,18,1,0x1,0x1,1,1,346,1702,0.168945312500
0,2048,4,0x525E2D2B2EDFABED,0x9,0x5,109,117,8,1,0xC,0xA,1,0,325,1723,0.158691406250
0,2048,5,0x525E2D2B2EDFABED,0x9,0x0,106,107,1,1,0x9,0x2,1,0,322,1726,0.157226562500
0,2048,6,0x525E2D2B2EDFABED,0x9,0x3,92,110,18,1,0xA,0xA,1,1,350,1698,0.170898437500
0,2048,7,0x525E2D2B2EDFABED,0x9,0x5,95,109,14,1,0xC,0xC,1,1,344,1704,0.167968750000
0,3072,0,0x525E2D2B2EDFABED,0x9,0xB,146,175,29,1,0x2,0x2,1,1,519,2553,0.168945312500
0,3072,1,0x525E2D2B2EDFABED,0x9,0x1,159,174,15,1,0x8,0x8,1,1,467,2605,0.152018229167
0,3072,2,0x525E2D2B2EDFABED,0x9,0xF,148,166,18,1,0x6,0x6,1,1,502,2570,0.163411458333
0,3072,3,0x525E2D2B2EDFABED,0x9,0x8,151,175,24,1,0x1,0x1,1,1,507,2565,0.165039062500
0,3072,4,0x525E2D2B2EDFABED,0x9,0x5,165,174,9,1,0xC,0xA,1,0,486,2586,0.158203125000
0,3072,5,0x525E2D2B2EDFABED,0x9,0xB,163,172,9,1,0x2,0x2,1,1,493,2579,0.160481770833
0,3072,6,0x525E2D2B2EDFABED,0x9,0x3,142,176,34,1,0xA,0xA,1,1,495,2577,0.161132812500
0,3072,7,0x525E2D2B2EDFABED,0x9,0x5,147,166,19,1,0xC,0xC,1,1,519,2553,0.168945312500
0,4096,0,0x525E2D2B2EDFABED,0x9,0xB,190,239,49,1,0x2,0x2,1,1,663,3433,0.161865234375
0,4096,1,0x525E2D2B2EDFABED,0x9,0x1,203,240,37,1,0x8,0x8,1,1,637,3459,0.155517578125
0,4096,2,0x525E2D2B2EDFABED,0x9,0xF,199,226,27,1,0x6,0x6,1,1,684,3412,0.166992187500
0,4096,3,0x525E2D2B2EDFABED,0x9,0x8,203,236,33,1,0x1,0x1,1,1,647,3449,0.157958984375
0,4096,4,0x525E2D2B2EDFABED,0x9,0x5,223,231,8,1,0xC,0xA,1,0,654,3442,0.159667968750
0,4096,5,0x525E2D2B2EDFABED,0x9,0xD,227,230,3,1,0x4,0x2,1,0,674,3422,0.164550781250
0,4096,6,0x525E2D2B2EDFABED,0x9,0x3,198,228,30,1,0xA,0xA,1,1,674,3422,0.164550781250
0,4096,7,0x525E2D2B2EDFABED,0x9,0x5,194,216,22,1,0xC,0xC,1,1,668,3428,0.163085937500
0,6144,0,0x525E2D2B2EDFABED,0x9,0xB,289,357,68,1,0x2,0x2,1,1,999,5145,0.162597656250
0,6144,1,0x525E2D2B2EDFABED,0x9,0x1,299,366,67,1,0x8,0x8,1,1,975,5169,0.158691406250
0,6144,2,0x525E2D2B2EDFABED,0x9,0xF,300,334,34,1,0x6,0x6,1,1,1023,5121,0.166503906250
0,6144,3,0x525E2D2B2EDFABED,0x9,0x8,317,367,50,1,0x1,0x1,1,1,972,5172,0.158203125000
0,6144,4,0x525E2D2B2EDFABED,0x9,0x3,347,351,4,1,0xA,0xA,1,1,977,5167,0.159016927083
0,6144,5,0x525E2D2B2EDFABED,0x9,0xB,331,355,24,1,0x2,0x2,1,1,1008,5136,0.164062500000
0,6144,6,0x525E2D2B2EDFABED,0x9,0x3,300,354,54,1,0xA,0xA,1,1,1006,5138,0.163736979167
0,6144,7,0x525E2D2B2EDFABED,0x9,0x5,298,350,52,1,0xC,0xC,1,1,1011,5133,0.164550781250
0,8192,0,0x525E2D2B2EDFABED,0x9,0xB,387,481,94,1,0x2,0x2,1,1,1345,6847,0.164184570312
0,8192,1,0x525E2D2B2EDFABED,0x9,0x1,410,481,71,1,0x8,0x8,1,1,1323,6869,0.161499023438
0,8192,2,0x525E2D2B2EDFABED,0x9,0xF,403,481,78,1,0x6,0x6,1,1,1355,6837,0.165405273438
0,8192,3,0x525E2D2B2EDFABED,0x9,0x8,425,491,66,1,0x1,0x1,1,1,1322,6870,0.161376953125
0,8192,4,0x525E2D2B2EDFABED,0x9,0x3,451,475,24,1,0xA,0xA,1,1,1298,6894,0.158447265625
0,8192,5,0x525E2D2B2EDFABED,0x9,0xB,449,483,34,1,0x2,0x2,1,1,1325,6867,0.161743164062
0,8192,6,0x525E2D2B2EDFABED,0x9,0x3,405,479,74,1,0xA,0xA,1,1,1328,6864,0.162109375000
0,8192,7,0x525E2D2B2EDFABED,0x9,0x5,399,482,83,1,0xC,0xC,1,1,1345,6847,0.164184570312
0,12288,0,0x525E2D2B2EDFABED,0x9,0xB,590,730,140,1,0x2,0x2,1,1,2012,10276,0.163736979167
0,12288,1,0x525E2D2B2EDFABED,0x9,0x1,598,723,125,1,0x8,0x8,1,1,2039,10249,0.165934244792
0,12288,2,0x525E2D2B2EDFABED,0x9,0xF,619,723,104,1,0x6,0x6,1,1,2015,10273,0.163981119792
0,12288,3,0x525E2D2B2EDFABED,0x9,0x8,653,734,81,1,0x1,0x1,1,1,1952,10336,0.158854166667
0,12288,4,0x525E2D2B2EDFABED,0x9,0x3,652,730,78,1,0xA,0xA,1,1,2027,10261,0.164957682292
0,12288,5,0x525E2D2B2EDFABED,0x9,0xB,659,729,70,1,0x2,0x2,1,1,2044,10244,0.166341145833
0,12288,6,0x525E2D2B2EDFABED,0x9,0x3,622,734,112,1,0xA,0xA,1,1,2011,10277,0.163655598958
0,12288,7,0x525E2D2B2EDFABED,0x9,0x5,595,725,130,1,0xC,0xC,1,1,2037,10251,0.165771484375
0,16384,0,0x525E2D2B2EDFABED,0x9,0xB,777,988,211,1,0x2,0x2,1,1,2695,13689,0.164489746094
0,16384,1,0x525E2D2B2EDFABED,0x9,0x1,819,961,142,1,0x8,0x8,1,1,2684,13700,0.163818359375
0,16384,2,0x525E2D2B2EDFABED,0x9,0xF,840,941,101,1,0x6,0x6,1,1,2658,13726,0.162231445312
0,16384,3,0x525E2D2B2EDFABED,0x9,0x8,872,955,83,1,0x1,0x1,1,1,2595,13789,0.158386230469
0,16384,4,0x525E2D2B2EDFABED,0x9,0x3,884,982,98,1,0xA,0xA,1,1,2679,13705,0.163513183594
0,16384,5,0x525E2D2B2EDFABED,0x9,0xB,876,944,68,1,0x2,0x2,1,1,2696,13688,0.164550781250
0,16384,6,0x525E2D2B2EDFABED,0x9,0x3,844,975,131,1,0xA,0xA,1,1,2703,13681,0.164978027344
0,16384,7,0x525E2D2B2EDFABED,0x9,0x5,811,961,150,1,0xC,0xC,1,1,2719,13665,0.165954589844
0,24576,0,0x525E2D2B2EDFABED,0x9,0xB,1182,1495,313,1,0x2,0x2,1,1,4115,20461,0.167439778646
0,24576,1,0x525E2D2B2EDFABED,0x9,0x1,1229,1431,202,1,0x8,0x8,1,1,4048,20528,0.164713541667
0,24576,2,0x525E2D2B2EDFABED,0x9,0xF,1263,1427,164,1,0x6,0x6,1,1,4007,20569,0.163045247396
0,24576,3,0x525E2D2B2EDFABED,0x9,0x8,1315,1478,163,1,0x1,0x1,1,1,3901,20675,0.158732096354
0,24576,4,0x525E2D2B2EDFABED,0x9,0x3,1330,1497,167,1,0xA,0xA,1,1,4019,20557,0.163533528646
0,24576,5,0x525E2D2B2EDFABED,0x9,0xB,1305,1446,141,1,0x2,0x2,1,1,4007,20569,0.163045247396
0,24576,6,0x525E2D2B2EDFABED,0x9,0x3,1261,1471,210,1,0xA,0xA,1,1,4015,20561,0.163370768229
0,24576,7,0x525E2D2B2EDFABED,0x9,0x5,1217,1445,228,1,0xC,0xC,1,1,4045,20531,0.164591471354
0,32768,0,0x525E2D2B2EDFABED,0x9,0xB,1633,1980,347,1,0x2,0x2,1,1,5415,27353,0.165252685547
0,32768,1,0x525E2D2B2EDFABED,0x9,0x1,1649,1950,301,1,0x8,0x8,1,1,5433,27335,0.165802001953
0,32768,2,0x525E2D2B2EDFABED,0x9,0xF,1687,1952,265,1,0x6,0x6,1,1,5332,27436,0.162719726562
0,32768,3,0x525E2D2B2EDFABED,0x9,0x8,1731,2005,274,1,0x1,0x1,1,1,5292,27476,0.161499023438
0,32768,4,0x525E2D2B2EDFABED,0x9,0x3,1751,1999,248,1,0xA,0xA,1,1,5385,27383,0.164337158203
0,32768,5,0x525E2D2B2EDFABED,0x9,0xB,1708,1982,274,1,0x2,0x2,1,1,5335,27433,0.162811279297
0,32768,6,0x525E2D2B2EDFABED,0x9,0x3,1701,2002,301,1,0xA,0xA,1,1,5393,27375,0.164581298828
0,32768,7,0x525E2D2B2EDFABED,0x9,0x5,1631,1962,331,1,0xC,0xC,1,1,5366,27402,0.163757324219
1,512,0,0x588258597E0BAF4E,0xC,0x7,18,21,3,1,0xB,0x8,1,0,79,433,0.154296875000
1,512,1,0x588258597E0BAF4E,0xC,0x3,22,23,1,1,0xF,0x8,1,0,91,421,0.177734375000
1,512,2,0x588258597E0BAF4E,0xC,0xA,20,22,2,1,0x6,0x9,1,0,98,414,0.191406250000
1,512,3,0x588258597E0BAF4E,0xC,0xA,22,23,1,1,0x6,0xA,1,0,67,445,0.130859375000
1,512,4,0x588258597E0BAF4E,0xC,0x8,22,26,4,1,0x4,0x4,1,1,94,418,0.183593750000
1,512,5,0x588258597E0BAF4E,0xC,0x0,20,25,5,1,0xC,0xC,1,1,88,424,0.171875000000
1,512,6,0x588258597E0BAF4E,0xC,0x5,21,23,2,1,0x9,0x5,1,0,97,415,0.189453125000
1,512,7,0x588258597E0BAF4E,0xC,0x7,19,27,8,1,0xB,0xB,1,1,77,435,0.150390625000
1,1024,0,0x588258597E0BAF4E,0xC,0x7,45,49,4,1,0xB,0x8,1,0,170,854,0.166015625000
1,1024,1,0x588258597E0BAF4E,0xC,0x4,48,54,6,1,0x8,0x8,1,1,178,846,0.173828125000
1,1024,2,0x588258597E0BAF4E,0xC,0xA,51,52,1,2,0x0,0x9,0,0,188,836,0.183593750000
1,1024,3,0x588258597E0BAF4E,0xC,0x6,53,55,2,1,0xA,0xA,1,1,149,875,0.145507812500
1,1024,4,0x588258597E0BAF4E,0xC,0x8,55,58,3,2,0x0,0x4,0,0,178,846,0.173828125000
1,1024,5,0x588258597E0BAF4E,0xC,0x0,49,52,3,1,0xC,0xC,1,1,169,855,0.165039062500
1,1024,6,0x588258597E0BAF4E,0xC,0xE,50,51,1,1,0x2,0x5,1,0,192,832,0.187500000000
1,1024,7,0x588258597E0BAF4E,0xC,0x7,48,54,6,1,0xB,0xB,1,1,170,854,0.166015625000
1,1536,0,0x588258597E0BAF4E,0xC,0x3,75,79,4,2,0x0,0x8,0,0,257,1279,0.167317708333
1,1536,1,0x588258597E0BAF4E,0xC,0x4,80,87,7,1,0x8,0x8,1,1,246,1290,0.160156250000
1,1536,2,0x588258597E0BAF4E,0xC,0x9,82,83,1,1,0x5,0x9,1,0,274,1262,0.178385416667
1,1536,3,0x588258597E0BAF4E,0xC,0x6,85,87,2,1,0xA,0xA,1,1,228,1308,0.148437500000
1,1536,4,0x588258597E0BAF4E,0xC,0xA,84,88,4,1,0x6,0x4,1,0,265,1271,0.172526041667
1,1536,5,0x588258597E0BAF4E,0xC,0x0,74,84,10,1,0xC,0xC,1,1,239,1297,0.155598958333
1,1536,6,0x588258597E0BAF4E,0xC,0x0,81,82,1,1,0xC,0x5,1,0,259,1277,0.168619791667
1,1536,7,0x588258597E0BAF4E,0xC,0x7,79,80,1,1,0xB,0xB,1,1,257,1279,0.167317708333
1,2048,0,0x588258597E0BAF4E,0xC,0x7,106,109,3,1,0xB,0x8,1,0,332,1716,0.162109375000
1,2048,1,0x588258597E0BAF4E,0xC,0x4,118,120,2,1,0x8,0x8,1,1,324,1724,0.158203125000
1,2048,2,0x588258597E0BAF4E,0xC,0xE,107,108,1,1,0x2,0x9,1,0,377,1671,0.184082031250
1,2048,3,0x588258597E0BAF4E,0xC,0x6,110,121,11,1,0xA,0xA,1,1,298,1750,0.145507812500
1,2048,4,0x588258597E0BAF4E,0xC,0x8,116,118,2,1,0x4,0x4,1,1,354,1694,0.172851562500
1,2048,5,0x588258597E0BAF4E,0xC,0x0,108,116,8,1,0xC,0xC,1,1,319,1729,0.155761718750
1,2048,6,0x588258597E0BAF4E,0xC,0xE,111,114,3,1,0x2,0x5,1,0,348,1700,0.169921875000
1,2048,7,0x588258597E0BAF4E,0xC,0x7,96,114,18,1,0xB,0xB,1,1,326,1722,0.159179687500
1,3072,0,0x588258597E0BAF4E,0xC,0xC,165,173,8,1,0x0,0x8,1,0,491,2581,0.159830729167
1,3072,1,0x588258597E0BAF4E,0xC,0x4,172,179,7,1,0x8,0x8,1,1,486,2586,0.158203125000
1,3072,2,0x588258597E0BAF4E,0xC,0x5,162,170,8,1,0x9,0x9,1,1,545,2527,0.177408854167
1,3072,3,0x588258597E0BAF4E,0xC,0x6,156,174,18,1,0xA,0xA,1,1,462,2610,0.150390625000
1,3072,4,0x588258597E0BAF4E,0xC,0x8,176,185,9,1,0x4,0x4,1,1,528,2544,0.171875000000
1,3072,5,0x588258597E0BAF4E,0xC,0x0,158,169,11,1,0xC,0xC,1,1,498,2574,0.162109375000
1,3072,6,0x588258597E0BAF4E,0xC,0x9,169,174,5,1,0x5,0x5,1,1,516,2556,0.167968750000
1,3072,7,0x588258597E0BAF4E,0xC,0x7,156,179,23,1,0xB,0xB,1,1,492,2580,0.160156250000
1,4096,0,0x588258597E0BAF4E,0xC,0xA,228,237,9,2,0x0,0x8,0,0,663,3433,0.161865234375
1,4096,1,0x588258597E0BAF4E,0xC,0x4,225,239,14,1,0x8,0x8,1,1,665,3431,0.162353515625
1,4096,2,0x588258597E0BAF4E,0xC,0x5,207,221,14,1,0x9,0x9,1,1,723,3373,0.176513671875
1,4096,3,0x588258597E0BAF4E,0xC,0x6,206,235,29,1,0xA,0xA,1,1,607,3489,0.148193359375
1,4096,4,0x588258597E0BAF4E,0xC,0x8,237,244,7,1,0x4,0x4,1,1,719,3377,0.175537109375
1,4096,5,0x588258597E0BAF4E,0xC,0x0,207,226,19,1,0xC,0xC,1,1,667,3429,0.162841796875
1,4096,6,0x588258597E0BAF4E,0xC,0x9,224,239,15,1,0x5,0x5,1,1,676,3420,0.165039062500
1,4096,7,0x588258597E0BAF4E,0xC,0x7,202,236,34,1,0xB,0xB,1,1,672,3424,0.164062500000
1,6144,0,0x588258597E0BAF4E,0xC,0xC,349,358,9,1,0x0,0x8,1,0,1024,5120,0.166666666667
1,6144,1,0x588258597E0BAF4E,0xC,0x4,318,365,47,1,0x8,0x8,1,1,1024,5120,0.166666666667
1,6144,2,0x588258597E0BAF4E,0xC,0x5,297,356,59,1,0x9,0x9,1,1,1047,5097,0.170410156250
1,6144,3,0x588258597E0BAF4E,0xC,0x6,315,344,29,1,0xA,0xA,1,1,952,5192,0.154947916667
1,6144,4,0x588258597E0BAF4E,0xC,0x8,335,376,41,1,0x4,0x4,1,1,1064,5080,0.173177083333
1,6144,5,0x588258597E0BAF4E,0xC,0x0,303,361,58,1,0xC,0xC,1,1,1016,5128,0.165364583333
1,6144,6,0x588258597E0BAF4E,0xC,0x9,330,365,35,1,0x5,0x5,1,1,1000,5144,0.162760416667
1,6144,7,0x588258597E0BAF4E,0xC,0x7,315,352,37,1,0xB,0xB,1,1,1019,5125,0.165852864583
1,8192,0,0x588258597E0BAF4E,0xC,0x4,461,464,3,1,0x8,0x8,1,1,1358,6834,0.165771484375
1,8192,1,0x588258597E0BAF4E,0xC,0x4,428,482,54,1,0x8,0x8,1,1,1357,6835,0.165649414062
1,8192,2,0x588258597E0BAF4E,0xC,0x5,389,495,106,1,0x9,0x9,1,1,1380,6812,0.168457031250
1,8192,3,0x588258597E0BAF4E,0xC,0x6,416,471,55,1,0xA,0xA,1,1,1298,6894,0.158447265625
1,8192,4,0x588258597E0BAF4E,0xC,0x8,433,488,55,1,0x4,0x4,1,1,1365,6827,0.166625976562
1,8192,5,0x588258597E0BAF4E,0xC,0x0,415,476,61,1,0xC,0xC,1,1,1344,6848,0.164062500000
1,8192,6,0x588258597E0BAF4E,0xC,0x9,428,487,59,1,0x5,0x5,1,1,1326,6866,0.161865234375
1,8192,7,0x588258597E0BAF4E,0xC,0x7,417,463,46,1,0xB,0xB,1,1,1373,6819,0.167602539062
1,12288,0,0x588258597E0BAF4E,0xC,0x4,651,736,85,1,0x8,0x8,1,1,2039,10249,0.165934244792
1,12288,1,0x588258597E0BAF4E,0xC,0x4,643,743,100,1,0x8,0x8,1,1,2023,10265,0.164632161458
1,12288,2,0x588258597E0BAF4E,0xC,0x5,607,731,124,1,0x9,0x9,1,1,2040,10248,0.166015625000
1,12288,3,0x588258597E0BAF4E,0xC,0x6,617,728,111,1,0xA,0xA,1,1,2010,10278,0.163574218750
1,12288,4,0x588258597E0BAF4E,0xC,0x8,658,729,71,1,0x4,0x4,1,1,2044,10244,0.166341145833
1,12288,5,0x588258597E0BAF4E,0xC,0x0,621,728,107,1,0xC,0xC,1,1,2052,10236,0.166992187500
1,12288,6,0x588258597E0BAF4E,0xC,0x9,632,721,89,1,0x5,0x5,1,1,1994,10294,0.162272135417
1,12288,7,0x588258597E0BAF4E,0xC,0x7,644,734,90,1,0xB,0xB,1,1,2039,10249,0.165934244792
1,16384,0,0x588258597E0BAF4E,0xC,0x4,861,977,116,1,0x8,0x8,1,1,2719,13665,0.165954589844
1,16384,1,0x588258597E0BAF4E,0xC,0x4,868,986,118,1,0x8,0x8,1,1,2676,13708,0.163330078125
1,16384,2,0x588258597E0BAF4E,0xC,0x5,818,967,149,1,0x9,0x9,1,1,2700,13684,0.164794921875
1,16384,3,0x588258597E0BAF4E,0xC,0x6,828,964,136,1,0xA,0xA,1,1,2655,13729,0.162048339844
1,16384,4,0x588258597E0BAF4E,0xC,0x8,871,992,121,1,0x4,0x4,1,1,2731,13653,0.166687011719
1,16384,5,0x588258597E0BAF4E,0xC,0x0,847,996,149,1,0xC,0xC,1,1,2732,13652,0.166748046875
1,16384,6,0x588258597E0BAF4E,0xC,0x9,846,972,126,1,0x5,0x5,1,1,2669,13715,0.162902832031
1,16384,7,0x588258597E0BAF4E,0xC,0x7,864,986,122,1,0xB,0xB,1,1,2714,13670,0.165649414062
1,24576,0,0x588258597E0BAF4E,0xC,0x4,1332,1483,151,1,0x8,0x8,1,1,4058,20518,0.165120442708
1,24576,1,0x588258597E0BAF4E,0xC,0x4,1275,1491,216,1,0x8,0x8,1,1,4009,20567,0.163126627604
1,24576,2,0x588258597E0BAF4E,0xC,0x5,1237,1496,259,1,0x9,0x9,1,1,4041,20535,0.164428710938
1,24576,3,0x588258597E0BAF4E,0xC,0x6,1265,1475,210,1,0xA,0xA,1,1,4008,20568,0.163085937500
1,24576,4,0x588258597E0BAF4E,0xC,0x8,1288,1470,182,1,0x4,0x4,1,1,4073,20503,0.165730794271
1,24576,5,0x588258597E0BAF4E,0xC,0x0,1273,1482,209,1,0xC,0xC,1,1,4101,20475,0.166870117188
1,24576,6,0x588258597E0BAF4E,0xC,0x9,1285,1511,226,1,0x5,0x5,1,1,3984,20592,0.162109375000
1,24576,7,0x588258597E0BAF4E,0xC,0x7,1308,1466,158,1,0xB,0xB,1,1,4059,20517,0.165161132812
1,32768,0,0x588258597E0BAF4E,0xC,0x4,1764,1971,207,1,0x8,0x8,1,1,5401,27367,0.164825439453
1,32768,1,0x588258597E0BAF4E,0xC,0x4,1740,1990,250,1,0x8,0x8,1,1,5393,27375,0.164581298828
1,32768,2,0x588258597E0BAF4E,0xC,0x5,1657,1999,342,1,0x9,0x9,1,1,5398,27370,0.164733886719
1,32768,3,0x588258597E0BAF4E,0xC,0x6,1691,1977,286,1,0xA,0xA,1,1,5321,27447,0.162384033203
1,32768,4,0x588258597E0BAF4E,0xC,0x8,1713,1982,269,1,0x4,0x4,1,1,5386,27382,0.164367675781
1,32768,5,0x588258597E0BAF4E,0xC,0x0,1715,2006,291,1,0xC,0xC,1,1,5370,27398,0.163879394531
1,32768,6,0x588258597E0BAF4E,0xC,0x9,1727,1983,256,1,0x5,0x5,1,1,5326,27442,0.162536621094
1,32768,7,0x588258597E0BAF4E,0xC,0x7,1776,1997,221,1,0xB,0xB,1,1,5424,27344,0.165527343750
2,512,0,0xB1B8E29F2251F73C,0xD,0x1,25,26,1,2,0x0,0x3,0,0,81,431,0.158203125000
2,512,1,0xB1B8E29F2251F73C,0xD,0x6,19,22,3,1,0xB,0xD,1,0,92,420,0.179687500000
2,512,2,0xB1B8E29F2251F73C,0xD,0x5,23,25,2,1,0x8,0x9,1,0,91,421,0.177734375000
2,512,3,0xB1B8E29F2251F73C,0xD,0x1,23,26,3,1,0xC,0x6,1,0,72,440,0.140625000000
2,512,4,0xB1B8E29F2251F73C,0xD,0xC,23,25,2,1,0x1,0x1,1,1,84,428,0.164062500000
2,512,5,0xB1B8E29F2251F73C,0xD,0xB,25,26,1,1,0x6,0x9,1,0,81,431,0.158203125000
2,512,6,0xB1B8E29F2251F73C,0xD,0x5,25,27,2,2,0x0,0x4,0,0,84,428,0.164062500000
2,512,7,0xB1B8E29F2251F73C,0xD,0xF,19,22,3,1,0x2,0x2,1,1,98,414,0.191406250000
2,1024,0,0xB1B8E29F2251F73C,0xD,0xF,52,53,1,1,0x2,0x3,1,0,159,865,0.155273437500
2,1024,1,0xB1B8E29F2251F73C,0xD,0x0,38,54,16,1,0xD,0xD,1,1,191,833,0.186523437500
2,1024,2,0xB1B8E29F2251F73C,0xD,0x5,47,51,4,1,0x8,0x9,1,0,175,849,0.170898437500
2,1024,3,0xB1B8E29F2251F73C,0xD,0xB,46,55,9,1,0x6,0x6,1,1,149,875,0.145507812500
2,1024,4,0xB1B8E29F2251F73C,0xD,0xC,47,48,1,1,0x1,0x1,1,1,158,866,0.154296875000
2,1024,5,0xB1B8E29F2251F73C,0xD,0xB,54,56,2,1,0x6,0x9,1,0,166,858,0.162109375000
2,1024,6,0xB1B8E29F2251F73C,0xD,0x9,47,57,10,1,0x4,0x4,1,1,180,844,0.175781250000
2,1024,7,0xB1B8E29F2251F73C,0xD,0xF,49,51,2,1,0x2,0x2,1,1,179,845,0.174804687500
2,1536,0,0xB1B8E29F2251F73C,0xD,0xE,77,79,2,1,0x3,0x3,1,1,221,1315,0.143880208333
2,1536,1,0xB1B8E29F2251F73C,0xD,0x0,59,86,27,1,0xD,0xD,1,1,290,1246,0.188802083333
2,1536,2,0xB1B8E29F2251F73C,0xD,0x5,80,86,6,1,0x8,0x9,1,0,246,1290,0.160156250000
2,1536,3,0xB1B8E29F2251F73C,0xD,0xB,73,83,10,1,0x6,0x6,1,1,227,1309,0.147786458333
2,1536,4,0xB1B8E29F2251F73C,0xD,0xC,65,78,13,1,0x1,0x1,1,1,250,1286,0.162760416667
2,1536,5,0xB1B8E29F2251F73C,0xD,0xB,78,86,8,1,0x6,0x9,1,0,241,1295,0.156901041667
2,1536,6,0xB1B8E29F2251F73C,0xD,0x9,76,83,7,1,0x4,0x4,1,1,264,1272,0.171875000000
2,1536,7,0xB1B8E29F2251F73C,0xD,0xF,76,82,6,1,0x2,0x2,1,1,271,1265,0.176432291667
2,2048,0,0xB1B8E29F2251F73C,0xD,0x3,106,107,1,1,0xE,0x3,1,0,312,1736,0.152343750000
2,2048,1,0xB1B8E29F2251F73C,0xD,0x0,85,114,29,1,0xD,0xD,1,1,375,1673,0.183105468750
2,2048,2,0xB1B8E29F2251F73C,0xD,0x4,107,114,7,1,0x9,0x9,1,1,319,1729,0.155761718750
2,2048,3,0xB1B8E29F2251F73C,0xD,0xB,104,113,9,1,0x6,0x6,1,1,327,1721,0.159667968750
2,2048,4,0xB1B8E29F2251F73C,0xD,0xC,87,106,19,1,0x1,0x1,1,1,337,1711,0.164550781250
2,2048,5,0xB1B8E29F2251F73C,0xD,0xB,105,117,12,1,0x6,0x9,1,0,329,1719,0.160644531250
2,2048,6,0xB1B8E29F2251F73C,0xD,0x9,109,113,4,1,0x4,0x4,1,1,343,1705,0.167480468750
2,2048,7,0xB1B8E29F2251F73C,0xD,0xF,97,110,13,1,0x2,0x2,1,1,350,1698,0.170898437500
2,3072,0,0xB1B8E29F2251F73C,0xD,0xE,155,167,12,1,0x3,0x3,1,1,500,2572,0.162760416667
2,3072,1,0xB1B8E29F2251F73C,0xD,0x0,149,178,29,1,0xD,0xD,1,1,536,2536,0.174479166667
2,3072,2,0xB1B8E29F2251F73C,0xD,0x4,151,173,22,1,0x9,0x9,1,1,497,2575,0.161783854167
2,3072,3,0xB1B8E29F2251F73C,0xD,0xB,170,171,1,1,0x6,0x6,1,1,486,2586,0.158203125000
2,3072,4,0xB1B8E29F2251F73C,0xD,0xC,143,171,28,1,0x1,0x1,1,1,489,2583,0.159179687500
2,3072,5,0xB1B8E29F2251F73C,0xD,0x4,161,163,2,1,0x9,0x9,1,1,496,2576,0.161458333333
2,3072,6,0xB1B8E29F2251F73C,0xD,0x9,159,180,21,1,0x4,0x4,1,1,518,2554,0.168619791667
2,3072,7,0xB1B8E29F2251F73C,0xD,0xF,149,161,12,1,0x2,0x2,1,1,513,2559,0.166992187500
2,4096,0,0xB1B8E29F2251F73C,0xD,0xE,199,216,17,1,0x3,0x3,1,1,671,3425,0.163818359375
2,4096,1,0xB1B8E29F2251F73C,0xD,0x0,207,232,25,1,0xD,0xD,1,1,707,3389,0.172607421875
2,4096,2,0xB1B8E29F2251F73C,0xD,0x4,203,232,29,1,0x9,0x9,1,1,660,3436,0.161132812500
2,4096,3,0xB1B8E29F2251F73C,0xD,0xB,220,226,6,1,0x6,0x6,1,1,658,3438,0.160644531250
2,4096,4,0xB1B8E29F2251F73C,0xD,0xC,212,229,17,1,0x1,0x1,1,1,664,3432,0.162109375000
2,4096,5,0xB1B8E29F2251F73C,0xD,0x4,223,224,1,1,0x9,0x9,1,1,659,3437,0.160888671875
2,4096,6,0xB1B8E29F2251F73C,0xD,0x9,216,238,22,1,0x4,0x4,1,1,678,3418,0.165527343750
2,4096,7,0xB1B8E29F2251F73C,0xD,0xF,189,232,43,1,0x2,0x2,1,1,696,3400,0.169921875000
2,6144,0,0xB1B8E29F2251F73C,0xD,0x3,324,330,6,1,0xE,0x3,1,0,978,5166,0.159179687500
2,6144,1,0xB1B8E29F2251F73C,0xD,0x0,310,368,58,1,0xD,0xD,1,1,1055,5089,0.171712239583
2,6144,2,0xB1B8E29F2251F73C,0xD,0x4,296,368,72,1,0x9,0x9,1,1,992,5152,0.161458333333
2,6144,3,0xB1B8E29F2251F73C,0xD,0xB,334,347,13,1,0x6,0x6,1,1,971,5173,0.158040364583
2,6144,4,0xB1B8E29F2251F73C,0xD,0xC,317,342,25,1,0x1,0x1,1,1,994,5150,0.161783854167
2,6144,5,0xB1B8E29F2251F73C,0xD,0x4,320,362,42,1,0x9,0x9,1,1,991,5153,0.161295572917
2,6144,6,0xB1B8E29F2251F73C,0xD,0x9,326,365,39,1,0x4,0x4,1,1,1007,5137,0.163899739583
2,6144,7,0xB1B8E29F2251F73C,0xD,0xF,295,347,52,1,0x2,0x2,1,1,1025,5119,0.166829427083
2,8192,0,0xB1B8E29F2251F73C,0xD,0xE,438,443,5,1,0x3,0x3,1,1,1280,6912,0.156250000000
2,8192,1,0xB1B8E29F2251F73C,0xD,0x0,409,482,73,1,0xD,0xD,1,1,1394,6798,0.170166015625
2,8192,2,0xB1B8E29F2251F73C,0xD,0x4,404,499,95,1,0x9,0x9,1,1,1309,6883,0.159790039062
2,8192,3,0xB1B8E29F2251F73C,0xD,0xB,434,449,15,1,0x6,0x6,1,1,1300,6892,0.158691406250
2,8192,4,0xB1B8E29F2251F73C,0xD,0xC,416,483,67,1,0x1,0x1,1,1,1349,6843,0.164672851562
2,8192,5,0xB1B8E29F2251F73C,0xD,0x4,439,480,41,1,0x9,0x9,1,1,1335,6857,0.162963867188
2,8192,6,0xB1B8E29F2251F73C,0xD,0x9,423,498,75,1,0x4,0x4,1,1,1343,6849,0.163940429688
2,8192,7,0xB1B8E29F2251F73C,0xD,0xF,404,476,72,1,0x2,0x2,1,1,1345,6847,0.164184570312
2,12288,0,0xB1B8E29F2251F73C,0xD,0xE,633,690,57,1,0x3,0x3,1,1,1956,10332,0.159179687500
2,12288,1,0xB1B8E29F2251F73C,0xD,0x0,629,711,82,1,0xD,0xD,1,1,2032,10256,0.165364583333
2,12288,2,0xB1B8E29F2251F73C,0xD,0x4,619,744,125,1,0x9,0x9,1,1,1964,10324,0.159830729167
2,12288,3,0xB1B8E29F2251F73C,0xD,0xB,625,711,86,1,0x6,0x6,1,1,2033,10255,0.165445963542
2,12288,4,0xB1B8E29F2251F73C,0xD,0xC,605,737,132,1,0x1,0x1,1,1,2018,10270,0.164225260417
2,12288,5,0xB1B8E29F2251F73C,0xD,0x4,668,718,50,1,0x9,0x9,1,1,2016,10272,0.164062500000
2,12288,6,0xB1B8E29F2251F73C,0xD,0x9,646,750,104,1,0x4,0x4,1,1,2015,10273,0.163981119792
2,12288,7,0xB1B8E29F2251F73C,0xD,0xF,618,721,103,1,0x2,0x2,1,1,2006,10282,0.163248697917
2,16384,0,0xB1B8E29F2251F73C,0xD,0xE,834,960,126,1,0x3,0x3,1,1,2617,13767,0.159729003906
2,16384,1,0xB1B8E29F2251F73C,0xD,0x0,863,969,106,1,0xD,0xD,1,1,2684,13700,0.163818359375
2,16384,2,0xB1B8E29F2251F73C,0xD,0x4,789,979,190,1,0x9,0x9,1,1,2642,13742,0.161254882812
2,16384,3,0xB1B8E29F2251F73C,0xD,0xB,873,965,92,1,0x6,0x6,1,1,2714,13670,0.165649414062
2,16384,4,0xB1B8E29F2251F73C,0xD,0xC,847,973,126,1,0x1,0x1,1,1,2685,13699,0.163879394531
2,16384,5,0xB1B8E29F2251F73C,0xD,0x4,865,988,123,1,0x9,0x9,1,1,2735,13649,0.166931152344
2,16384,6,0xB1B8E29F2251F73C,0xD,0x9,881,982,101,1,0x4,0x4,1,1,2712,13672,0.165527343750
2,16384,7,0xB1B8E29F2251F73C,0xD,0xF,809,953,144,1,0x2,0x2,1,1,2696,13688,0.164550781250
2,24576,0,0xB1B8E29F2251F73C,0xD,0xE,1246,1447,201,1,0x3,0x3,1,1,3964,20612,0.161295572917
2,24576,1,0xB1B8E29F2251F73C,0xD,0x0,1305,1494,189,1,0xD,0xD,1,1,4075,20501,0.165812174479
2,24576,2,0xB1B8E29F2251F73C,0xD,0x4,1217,1503,286,1,0x9,0x9,1,1,3982,20594,0.162027994792
2,24576,3,0xB1B8E29F2251F73C,0xD,0xB,1319,1444,125,1,0x6,0x6,1,1,4099,20477,0.166788736979
2,24576,4,0xB1B8E29F2251F73C,0xD,0xC,1286,1485,199,1,0x1,0x1,1,1,4007,20569,0.163045247396
2,24576,5,0xB1B8E29F2251F73C,0xD,0x4,1309,1497,188,1,0x9,0x9,1,1,4063,20513,0.165323893229
2,24576,6,0xB1B8E29F2251F73C,0xD,0x9,1353,1486,133,1,0x4,0x4,1,1,4060,20516,0.165201822917
2,24576,7,0xB1B8E29F2251F73C,0xD,0xF,1225,1462,237,1,0x2,0x2,1,1,4011,20565,0.163208007812
2,32768,0,0xB1B8E29F2251F73C,0xD,0xE,1623,1951,328,1,0x3,0x3,1,1,5296,27472,0.161621093750
2,32768,1,0xB1B8E29F2251F73C,0xD,0x0,1757,2011,254,1,0xD,0xD,1,1,5468,27300,0.166870117188
2,32768,2,0xB1B8E29F2251F73C,0xD,0x4,1651,1995,344,1,0x9,0x9,1,1,5361,27407,0.163604736328
2,32768,3,0xB1B8E29F2251F73C,0xD,0xB,1743,1949,206,1,0x6,0x6,1,1,5402,27366,0.164855957031
2,32768,4,0xB1B8E29F2251F73C,0xD,0xC,1712,1963,251,1,0x1,0x1,1,1,5299,27469,0.161712646484
2,32768,5,0xB1B8E29F2251F73C,0xD,0x4,1729,1992,263,1,0x9,0x9,1,1,5424,27344,0.165527343750
2,32768,6,0xB1B8E29F2251F73C,0xD,0x9,1793,1974,181,1,0x4,0x4,1,1,5384,27384,0.164306640625
2,32768,7,0xB1B8E29F2251F73C,0xD,0xF,1652,1935,283,1,0x2,0x2,1,1,5360,27408,0.163574218750
3,512,0,0xF721DEF22544D5EA,0x6,0x4,25,29,4,2,0x0,0x3,0,0,86,426,0.167968750000
3,512,1,0xF721DEF22544D5EA,0x6,0xD,25,26,1,1,0xB,0xB,1,1,75,437,0.146484375000
3,512,2,0xF721DEF22544D5EA,0x6,0x9,20,26,6,1,0xF,0xB,1,0,82,430,0.160156250000
3,512,3,0xF721DEF22544D5EA,0x6,0x9,24,25,1,1,0xF,0x7,1,0,96,416,0.187500000000
3,512,4,0xF721DEF22544D5EA,0x6,0x7,21,23,2,1,0x1,0xF,1,0,80,432,0.156250000000
3,512,5,0xF721DEF22544D5EA,0x6,0x9,21,23,2,1,0xF,0xF,1,1,88,424,0.171875000000
3,512,6,0xF721DEF22544D5EA,0x6,0xC,24,26,2,1,0xA,0xC,1,0,77,435,0.150390625000
3,512,7,0xF721DEF22544D5EA,0x6,0x8,18,23,5,1,0xE,0xA,1,0,86,426,0.167968750000
3,1024,0,0xF721DEF22544D5EA,0x6,0xB,47,48,1,1,0xD,0x3,1,0,165,859,0.161132812500
3,1024,1,0xF721DEF22544D5EA,0x6,0xE,51,53,2,1,0x8,0xB,1,0,144,880,0.140625000000
3,1024,2,0xF721DEF22544D5EA,0x6,0xD,48,51,3,1,0xB,0xB,1,1,170,854,0.166015625000
3,1024,3,0xF721DEF22544D5EA,0x6,0x1,57,58,1,1,0x7,0x7,1,1,177,847,0.172851562500
3,1024,4,0xF721DEF22544D5EA,0x6,0x9,44,52,8,1,0xF,0xF,1,1,156,868,0.152343750000
3,1024,5,0xF721DEF22544D5EA,0x6,0x9,43,50,7,1,0xF,0xF,1,1,170,854,0.166015625000
3,1024,6,0xF721DEF22544D5EA,0x6,0xB,54,57,3,1,0xD,0xC,1,0,155,869,0.151367187500
3,1024,7,0xF721DEF22544D5EA,0x6,0x6,44,51,7,1,0x0,0xA,1,0,160,864,0.156250000000
3,1536,0,0xF721DEF22544D5EA,0x6,0xB,79,81,2,1,0xD,0x3,1,0,244,1292,0.158854166667
3,1536,1,0xF721DEF22544D5EA,0x6,0x3,78,80,2,1,0x5,0xB,1,0,234,1302,0.152343750000
3,1536,2,0xF721DEF22544D5EA,0x6,0xD,77,87,10,1,0xB,0xB,1,1,249,1287,0.162109375000
3,1536,3,0xF721DEF22544D5EA,0x6,0x1,80,86,6,1,0x7,0x7,1,1,281,1255,0.182942708333
3,1536,4,0xF721DEF22544D5EA,0x6,0x9,68,82,14,1,0xF,0xF,1,1,237,1299,0.154296875000
3,1536,5,0xF721DEF22544D5EA,0x6,0x9,72,84,12,1,0xF,0xF,1,1,266,1270,0.173177083333
3,1536,6,0xF721DEF22544D5EA,0x6,0xC,82,84,2,1,0xA,0xC,1,0,232,1304,0.151041666667
3,1536,7,0xF721DEF22544D5EA,0x6,0x6,71,77,6,1,0x0,0xA,1,0,238,1298,0.154947916667
3,2048,0,0xF721DEF22544D5EA,0x6,0x5,101,108,7,1,0x3,0x3,1,1,332,1716,0.162109375000
3,2048,1,0xF721DEF22544D5EA,0x6,0xD,114,115,1,1,0xB,0xB,1,1,308,1740,0.150390625000
3,2048,2,0xF721DEF22544D5EA,0x6,0xD,105,119,14,1,0xB,0xB,1,1,324,1724,0.158203125000
3,2048,3,0xF721DEF22544D5EA,0x6,0x1,114,119,5,1,0x7,0x7,1,1,362,1686,0.176757812500
3,2048,4,0xF721DEF22544D5EA,0x6,0x9,89,114,25,1,0xF,0xF,1,1,325,1723,0.158691406250
3,2048,5,0xF721DEF22544D5EA,0x6,0x9,99,116,17,1,0xF,0xF,1,1,358,1690,0.174804687500
3,2048,6,0xF721DEF22544D5EA,0x6,0xA,106,111,5,1,0xC,0xC,1,1,306,1742,0.149414062500
3,2048,7,0xF721DEF22544D5EA,0x6,0xC,99,102,3,1,0xA,0xA,1,1,319,1729,0.155761718750
3,3072,0,0xF721DEF22544D5EA,0x6,0x5,153,173,20,1,0x3,0x3,1,1,480,2592,0.156250000000
3,3072,1,0xF721DEF22544D5EA,0x6,0xD,161,165,4,1,0xB,0xB,1,1,473,2599,0.153971354167
3,3072,2,0xF721DEF22544D5EA,0x6,0xD,160,184,24,1,0xB,0xB,1,1,487,2585,0.158528645833
3,3072,3,0xF721DEF22544D5EA,0x6,0x1,169,177,8,1,0x7,0x7,1,1,536,2536,0.174479166667
3,3072,4,0xF721DEF22544D5EA,0x6,0x9,140,179,39,1,0xF,0xF,1,1,508,2564,0.165364583333
3,3072,5,0xF721DEF22544D5EA,0x6,0x9,152,172,20,1,0xF,0xF,1,1,540,2532,0.175781250000
3,3072,6,0xF721DEF22544D5EA,0x6,0xA,165,169,4,2,0x0,0xC,0,0,459,2613,0.149414062500
3,3072,7,0xF721DEF22544D5EA,0x6,0xC,147,175,28,1,0xA,0xA,1,1,485,2587,0.157877604167
3,4096,0,0xF721DEF22544D5EA,0x6,0x5,201,226,25,1,0x3,0x3,1,1,652,3444,0.159179687500
3,4096,1,0xF721DEF22544D5EA,0x6,0xD,211,227,16,1,0xB,0xB,1,1,613,3483,0.149658203125
3,4096,2,0xF721DEF22544D5EA,0x6,0xD,218,241,23,1,0xB,0xB,1,1,689,3407,0.168212890625
3,4096,3,0xF721DEF22544D5EA,0x6,0x1,210,237,27,1,0x7,0x7,1,1,686,3410,0.167480468750
3,4096,4,0xF721DEF22544D5EA,0x6,0x9,195,236,41,1,0xF,0xF,1,1,673,3423,0.164306640625
3,4096,5,0xF721DEF22544D5EA,0x6,0x9,212,232,20,1,0xF,0xF,1,1,730,3366,0.178222656250
3,4096,6,0xF721DEF22544D5EA,0x6,0xA,213,227,14,1,0xC,0xC,1,1,628,3468,0.153320312500
3,4096,7,0xF721DEF22544D5EA,0x6,0xC,218,230,12,1,0xA,0xA,1,1,650,3446,0.158691406250
3,6144,0,0xF721DEF22544D5EA,0x6,0x5,309,355,46,1,0x3,0x3,1,1,1012,5132,0.164713541667
3,6144,1,0xF721DEF22544D5EA,0x6,0xD,314,336,22,1,0xB,0xB,1,1,958,5186,0.155924479167
3,6144,2,0xF721DEF22544D5EA,0x6,0xD,334,366,32,1,0xB,0xB,1,1,1038,5106,0.168945312500
3,6144,3,0xF721DEF22544D5EA,0x6,0x1,329,358,29,1,0x7,0x7,1,1,1021,5123,0.166178385417
3,6144,4,0xF721DEF22544D5EA,0x6,0x9,289,348,59,1,0xF,0xF,1,1,1021,5123,0.166178385417
3,6144,5,0xF721DEF22544D5EA,0x6,0x9,322,359,37,1,0xF,0xF,1,1,1078,5066,0.175455729167
3,6144,6,0xF721DEF22544D5EA,0x6,0xA,322,342,20,1,0xC,0xC,1,1,994,5150,0.161783854167
3,6144,7,0xF721DEF22544D5EA,0x6,0xC,324,342,18,1,0xA,0xA,1,1,1004,5140,0.163411458333
3,8192,0,0xF721DEF22544D5EA,0x6,0x5,423,468,45,1,0x3,0x3,1,1,1382,6810,0.168701171875
3,8192,1,0xF721DEF22544D5EA,0x6,0xD,415,450,35,1,0xB,0xB,1,1,1308,6884,0.159667968750
3,8192,2,0xF721DEF22544D5EA,0x6,0xD,428,478,50,1,0xB,0xB,1,1,1377,6815,0.168090820312
3,8192,3,0xF721DEF22544D5EA,0x6,0x1,430,464,34,1,0x7,0x7,1,1,1363,6829,0.166381835938
3,8192,4,0xF721DEF22544D5EA,0x6,0x9,398,486,88,1,0xF,0xF,1,1,1354,6838,0.165283203125
3,8192,5,0xF721DEF22544D5EA,0x6,0x9,416,489,73,1,0xF,0xF,1,1,1412,6780,0.172363281250
3,8192,6,0xF721DEF22544D5EA,0x6,0xA,434,462,28,1,0xC,0xC,1,1,1321,6871,0.161254882812
3,8192,7,0xF721DEF22544D5EA,0x6,0xC,434,475,41,1,0xA,0xA,1,1,1352,6840,0.165039062500
3,12288,0,0xF721DEF22544D5EA,0x6,0x5,630,694,64,1,0x3,0x3,1,1,2007,10281,0.163330078125
3,12288,1,0xF721DEF22544D5EA,0x6,0xD,627,692,65,1,0xB,0xB,1,1,1979,10309,0.161051432292
3,12288,2,0xF721DEF22544D5EA,0x6,0xD,649,733,84,1,0xB,0xB,1,1,2072,10216,0.168619791667
3,12288,3,0xF721DEF22544D5EA,0x6,0x1,632,708,76,1,0x7,0x7,1,1,2019,10269,0.164306640625
3,12288,4,0xF721DEF22544D5EA,0x6,0x9,613,733,120,1,0xF,0xF,1,1,2055,10233,0.167236328125
3,12288,5,0xF721DEF22544D5EA,0x6,0x9,632,733,101,1,0xF,0xF,1,1,2081,10207,0.169352213542
3,12288,6,0xF721DEF22544D5EA,0x6,0xA,648,727,79,1,0xC,0xC,1,1,1950,10338,0.158691406250
3,12288,7,0xF721DEF22544D5EA,0x6,0xC,675,731,56,1,0xA,0xA,1,1,2016,10272,0.164062500000
3,16384,0,0xF721DEF22544D5EA,0x6,0x5,852,959,107,1,0x3,0x3,1,1,2661,13723,0.162414550781
3,16384,1,0xF721DEF22544D5EA,0x6,0xD,841,959,118,1,0xB,0xB,1,1,2610,13774,0.159301757812
3,16384,2,0xF721DEF22544D5EA,0x6,0xD,857,994,137,1,0xB,0xB,1,1,2742,13642,0.167358398438
3,16384,3,0xF721DEF22544D5EA,0x6,0x1,837,977,140,1,0x7,0x7,1,1,2744,13640,0.167480468750
3,16384,4,0xF721DEF22544D5EA,0x6,0x9,805,984,179,1,0xF,0xF,1,1,2739,13645,0.167175292969
3,16384,5,0xF721DEF22544D5EA,0x6,0x9,837,986,149,1,0xF,0xF,1,1,2759,13625,0.168395996094
3,16384,6,0xF721DEF22544D5EA,0x6,0xA,859,968,109,1,0xC,0xC,1,1,2644,13740,0.161376953125
3,16384,7,0xF721DEF22544D5EA,0x6,0xC,878,968,90,1,0xA,0xA,1,1,2725,13659,0.166320800781
3,24576,0,0xF721DEF22544D5EA,0x6,0x5,1275,1463,188,1,0x3,0x3,1,1,4034,20542,0.164143880208
3,24576,1,0xF721DEF22544D5EA,0x6,0xD,1282,1438,156,1,0xB,0xB,1,1,3939,20637,0.160278320312
3,24576,2,0xF721DEF22544D5EA,0x6,0xD,1270,1507,237,1,0xB,0xB,1,1,4102,20474,0.166910807292
3,24576,3,0xF721DEF22544D5EA,0x6,0x1,1217,1497,280,1,0x7,0x7,1,1,4129,20447,0.168009440104
3,24576,4,0xF721DEF22544D5EA,0x6,0x9,1225,1496,271,1,0xF,0xF,1,1,4034,20542,0.164143880208
3,24576,5,0xF721DEF22544D5EA,0x6,0x9,1274,1491,217,1,0xF,0xF,1,1,4121,20455,0.167683919271
3,24576,6,0xF721DEF22544D5EA,0x6,0xA,1308,1501,193,1,0xC,0xC,1,1,3961,20615,0.161173502604
3,24576,7,0xF721DEF22544D5EA,0x6,0xC,1300,1489,189,1,0xA,0xA,1,1,4102,20474,0.166910807292
3,32768,0,0xF721DEF22544D5EA,0x6,0x5,1710,1950,240,1,0x3,0x3,1,1,5383,27385,0.164276123047
3,32768,1,0xF721DEF22544D5EA,0x6,0xD,1688,1955,267,1,0xB,0xB,1,1,5293,27475,0.161529541016
3,32768,2,0xF721DEF22544D5EA,0x6,0xD,1679,1994,315,1,0xB,0xB,1,1,5477,27291,0.167144775391
3,32768,3,0xF721DEF22544D5EA,0x6,0x1,1670,1995,325,1,0x7,0x7,1,1,5504,27264,0.167968750000
3,32768,4,0xF721DEF22544D5EA,0x6,0x9,1655,1998,343,1,0xF,0xF,1,1,5373,27395,0.163970947266
3,32768,5,0xF721DEF22544D5EA,0x6,0x9,1704,2002,298,1,0xF,0xF,1,1,5439,27329,0.165985107422
3,32768,6,0xF721DEF22544D5EA,0x6,0xA,1724,1998,274,1,0xC,0xC,1,1,5359,27409,0.163543701172
3,32768,7,0xF721DEF22544D5EA,0x6,0xC,1743,2010,267,1,0xA,0xA,1,1,5414,27354,0.165222167969
4,512,0,0xA3C1A9062A489B51,0x7,0xF,20,26,6,1,0x8,0x8,1,1,83,429,0.162109375000
4,512,1,0xA3C1A9062A489B51,0x7,0x9,17,24,7,1,0xE,0xC,1,0,72,440,0.140625000000
4,512,2,0xA3C1A9062A489B51,0x7,0x0,24,27,3,1,0x7,0x5,1,0,88,424,0.171875000000
4,512,3,0xA3C1A9062A489B51,0x7,0x6,20,25,5,1,0x1,0x8,1,0,89,423,0.173828125000
4,512,4,0xA3C1A9062A489B51,0x7,0xF,24,26,2,1,0x8,0xB,1,0,86,426,0.167968750000
4,512,5,0xA3C1A9062A489B51,0x7,0x6,20,22,2,1,0x1,0x7,1,0,76,436,0.148437500000
4,512,6,0xA3C1A9062A489B51,0x7,0xA,17,23,6,1,0xD,0xD,1,1,79,433,0.154296875000
4,512,7,0xA3C1A9062A489B51,0x7,0xB,20,25,5,1,0xC,0x0,1,0,79,433,0.154296875000
4,1024,0,0xA3C1A9062A489B51,0x7,0xF,37,49,12,1,0x8,0x8,1,1,170,854,0.166015625000
4,1024,1,0xA3C1A9062A489B51,0x7,0x3,47,49,2,1,0x4,0xC,1,0,160,864,0.156250000000
4,1024,2,0xA3C1A9062A489B51,0x7,0x2,55,57,2,1,0x5,0x5,1,1,163,861,0.159179687500
4,1024,3,0xA3C1A9062A489B51,0x7,0x6,50,59,9,1,0x1,0x8,1,0,177,847,0.172851562500
4,1024,4,0xA3C1A9062A489B51,0x7,0xC,46,49,3,1,0xB,0xB,1,1,176,848,0.171875000000
4,1024,5,0xA3C1A9062A489B51,0x7,0x5,50,58,8,1,0x2,0x7,1,0,168,856,0.164062500000
4,1024,6,0xA3C1A9062A489B51,0x7,0xA,40,54,14,1,0xD,0xD,1,1,145,879,0.141601562500
4,1024,7,0xA3C1A9062A489B51,0x7,0x2,53,58,5,2,0x0,0x0,0,0,161,863,0.157226562500
4,1536,0,0xA3C1A9062A489B51,0x7,0xF,63,82,19,1,0x8,0x8,1,1,248,1288,0.161458333333
4,1536,1,0xA3C1A9062A489B51,0x7,0xB,75,77,2,1,0xC,0xC,1,1,236,1300,0.153645833333
4,1536,2,0xA3C1A9062A489B51,0x7,0x0,85,86,1,1,0x7,0x5,1,0,258,1278,0.167968750000
4,1536,3,0xA3C1A9062A489B51,0x7,0xE,81,83,2,1,0x9,0x8,1,0,255,1281,0.166015625000
4,1536,4,0xA3C1A9062A489B51,0x7,0xC,70,76,6,1,0xB,0xB,1,1,263,1273,0.171223958333
4,1536,5,0xA3C1A9062A489B51,0x7,0x5,82,87,5,1,0x2,0x7,1,0,250,1286,0.162760416667
4,1536,6,0xA3C1A9062A489B51,0x7,0xA,70,79,9,1,0xD,0xD,1,1,229,1307,0.149088541667
4,1536,7,0xA3C1A9062A489B51,0x7,0x7,82,88,6,1,0x0,0x0,1,1,229,1307,0.149088541667
4,2048,0,0xA3C1A9062A489B51,0x7,0xF,89,114,25,1,0x8,0x8,1,1,339,1709,0.165527343750
4,2048,1,0xA3C1A9062A489B51,0x7,0xB,93,104,11,1,0xC,0xC,1,1,329,1719,0.160644531250
4,2048,2,0xA3C1A9062A489B51,0x7,0x4,118,121,3,1,0x3,0x5,1,0,344,1704,0.167968750000
4,2048,3,0xA3C1A9062A489B51,0x7,0xE,107,111,4,1,0x9,0x8,1,0,341,1707,0.166503906250
4,2048,4,0xA3C1A9062A489B51,0x7,0x2,97,106,9,2,0x0,0xB,0,0,348,1700,0.169921875000
4,2048,5,0xA3C1A9062A489B51,0x7,0xF,112,116,4,1,0x8,0x7,1,0,330,1718,0.161132812500
4,2048,6,0xA3C1A9062A489B51,0x7,0xA,104,116,12,1,0xD,0xD,1,1,310,1738,0.151367187500
4,2048,7,0xA3C1A9062A489B51,0x7,0x7,101,117,16,1,0x0,0x0,1,1,319,1729,0.155761718750
4,3072,0,0xA3C1A9062A489B51,0x7,0xF,142,176,34,1,0x8,0x8,1,1,481,2591,0.156575520833
4,3072,1,0xA3C1A9062A489B51,0x7,0xB,146,162,16,1,0xC,0xC,1,1,492,2580,0.160156250000
4,3072,2,0xA3C1A9062A489B51,0x7,0x2,165,178,13,1,0x5,0x5,1,1,494,2578,0.160807291667
4,3072,3,0xA3C1A9062A489B51,0x7,0xE,164,169,5,1,0x9,0x8,1,0,515,2557,0.167643229167
4,3072,4,0xA3C1A9062A489B51,0x7,0x2,149,162,13,1,0x5,0xB,1,0,517,2555,0.168294270833
4,3072,5,0xA3C1A9062A489B51,0x7,0x0,169,176,7,1,0x7,0x7,1,1,508,2564,0.165364583333
4,3072,6,0xA3C1A9062A489B51,0x7,0xA,149,176,27,1,0xD,0xD,1,1,491,2581,0.159830729167
4,3072,7,0xA3C1A9062A489B51,0x7,0x7,154,175,21,1,0x0,0x0,1,1,494,2578,0.160807291667
4,4096,0,0xA3C1A9062A489B51,0x7,0xF,193,237,44,1,0x8,0x8,1,1,646,3450,0.157714843750
4,4096,1,0xA3C1A9062A489B51,0x7,0xB,195,225,30,1,0xC,0xC,1,1,651,3445,0.158935546875
4,4096,2,0xA3C1A9062A489B51,0x7,0x2,218,231,13,1,0x5,0x5,1,1,663,3433,0.161865234375
4,4096,3,0xA3C1A9062A489B51,0x7,0xE,224,236,12,1,0x9,0x8,1,0,666,3430,0.162597656250
4,4096,4,0xA3C1A9062A489B51,0x7,0xC,207,229,22,1,0xB,0xB,1,1,670,3426,0.163574218750
4,4096,5,0xA3C1A9062A489B51,0x7,0x0,215,235,20,1,0x7,0x7,1,1,678,3418,0.165527343750
4,4096,6,0xA3C1A9062A489B51,0x7,0xA,199,231,32,1,0xD,0xD,1,1,676,3420,0.165039062500
4,4096,7,0xA3C1A9062A489B51,0x7,0x7,207,233,26,1,0x0,0x0,1,1,681,3415,0.166259765625
4,6144,0,0xA3C1A9062A489B51,0x7,0xF,292,361,69,1,0x8,0x8,1,1,979,5165,0.159342447917
4,6144,1,0xA3C1A9062A489B51,0x7,0xB,296,348,52,1,0xC,0xC,1,1,994,5150,0.161783854167
4,6144,2,0xA3C1A9062A489B51,0x7,0x2,319,350,31,1,0x5,0x5,1,1,1015,5129,0.165201822917
4,6144,3,0xA3C1A9062A489B51,0x7,0xF,330,360,30,1,0x8,0x8,1,1,1016,5128,0.165364583333
4,6144,4,0xA3C1A9062A489B51,0x7,0xC,307,341,34,1,0xB,0xB,1,1,1012,5132,0.164713541667
4,6144,5,0xA3C1A9062A489B51,0x7,0x0,318,362,44,1,0x7,0x7,1,1,1014,5130,0.165039062500
4,6144,6,0xA3C1A9062A489B51,0x7,0xA,302,362,60,1,0xD,0xD,1,1,998,5146,0.162434895833
4,6144,7,0xA3C1A9062A489B51,0x7,0x7,325,361,36,1,0x0,0x0,1,1,1017,5127,0.165527343750
4,8192,0,0xA3C1A9062A489B51,0x7,0xF,413,479,66,1,0x8,0x8,1,1,1324,6868,0.161621093750
4,8192,1,0xA3C1A9062A489B51,0x7,0xB,409,474,65,1,0xC,0xC,1,1,1307,6885,0.159545898438
4,8192,2,0xA3C1A9062A489B51,0x7,0x2,436,484,48,1,0x5,0x5,1,1,1346,6846,0.164306640625
4,8192,3,0xA3C1A9062A489B51,0x7,0xF,431,483,52,1,0x8,0x8,1,1,1366,6826,0.166748046875
4,8192,4,0xA3C1A9062A489B51,0x7,0xC,406,464,58,1,0xB,0xB,1,1,1359,6833,0.165893554688
4,8192,5,0xA3C1A9062A489B51,0x7,0x0,401,490,89,1,0x7,0x7,1,1,1379,6813,0.168334960938
4,8192,6,0xA3C1A9062A489B51,0x7,0xA,398,485,87,1,0xD,0xD,1,1,1355,6837,0.165405273438
4,8192,7,0xA3C1A9062A489B51,0x7,0x7,436,489,53,1,0x0,0x0,1,1,1345,6847,0.164184570312
4,12288,0,0xA3C1A9062A489B51,0x7,0xF,627,730,103,1,0x8,0x8,1,1,2027,10261,0.164957682292
4,12288,1,0xA3C1A9062A489B51,0x7,0xB,594,713,119,1,0xC,0xC,1,1,1988,10300,0.161783854167
4,12288,2,0xA3C1A9062A489B51,0x7,0x2,645,737,92,1,0x5,0x5,1,1,2063,10225,0.167887369792
4,12288,3,0xA3C1A9062A489B51,0x7,0xF,656,738,82,1,0x8,0x8,1,1,2018,10270,0.164225260417
4,12288,4,0xA3C1A9062A489B51,0x7,0xC,615,720,105,1,0xB,0xB,1,1,2019,10269,0.164306640625
4,12288,5,0xA3C1A9062A489B51,0x7,0x0,621,740,119,1,0x7,0x7,1,1,2028,10260,0.165039062500
4,12288,6,0xA3C1A9062A489B51,0x7,0xA,614,740,126,1,0xD,0xD,1,1,2042,10246,0.166178385417
4,12288,7,0xA3C1A9062A489B51,0x7,0x7,647,751,104,1,0x0,0x0,1,1,1976,10312,0.160807291667
4,16384,0,0xA3C1A9062A489B51,0x7,0xF,847,976,129,1,0x8,0x8,1,1,2700,13684,0.164794921875
4,16384,1,0xA3C1A9062A489B51,0x7,0xB,791,976,185,1,0xC,0xC,1,1,2629,13755,0.160461425781
4,16384,2,0xA3C1A9062A489B51,0x7,0x2,864,978,114,1,0x5,0x5,1,1,2713,13671,0.165588378906
4,16384,3,0xA3C1A9062A489B51,0x7,0xF,850,989,139,1,0x8,0x8,1,1,2680,13704,0.163574218750
4,16384,4,0xA3C1A9062A489B51,0x7,0xC,831,941,110,1,0xB,0xB,1,1,2710,13674,0.165405273438
4,16384,5,0xA3C1A9062A489B51,0x7,0x0,838,979,141,1,0x7,0x7,1,1,2698,13686,0.164672851562
4,16384,6,0xA3C1A9062A489B51,0x7,0xA,836,971,135,1,0xD,0xD,1,1,2735,13649,0.166931152344
4,16384,7,0xA3C1A9062A489B51,0x7,0x7,863,1005,142,1,0x0,0x0,1,1,2646,13738,0.161499023438
4,24576,0,0xA3C1A9062A489B51,0x7,0xF,1260,1482,222,1,0x8,0x8,1,1,4021,20555,0.163614908854
4,24576,1,0xA3C1A9062A489B51,0x7,0xB,1233,1475,242,1,0xC,0xC,1,1,3952,20624,0.160807291667
4,24576,2,0xA3C1A9062A489B51,0x7,0x2,1292,1448,156,1,0x5,0x5,1,1,4071,20505,0.165649414062
4,24576,3,0xA3C1A9062A489B51,0x7,0xF,1276,1487,211,1,0x8,0x8,1,1,4068,20508,0.165527343750
4,24576,4,0xA3C1A9062A489B51,0x7,0xC,1219,1456,237,1,0xB,0xB,1,1,4040,20536,0.164388020833
4,24576,5,0xA3C1A9062A489B51,0x7,0x0,1304,1497,193,1,0x7,0x7,1,1,4004,20572,0.162923177083
4,24576,6,0xA3C1A9062A489B51,0x7,0xA,1296,1470,174,1,0xD,0xD,1,1,4044,20532,0.164550781250
4,24576,7,0xA3C1A9062A489B51,0x7,0x7,1305,1492,187,1,0x0,0x0,1,1,3939,20637,0.160278320312
4,32768,0,0xA3C1A9062A489B51,0x7,0xF,1664,2020,356,1,0x8,0x8,1,1,5384,27384,0.164306640625
4,32768,1,0xA3C1A9062A489B51,0x7,0xB,1621,2004,383,1,0xC,0xC,1,1,5353,27415,0.163360595703
4,32768,2,0xA3C1A9062A489B51,0x7,0x2,1763,1919,156,1,0x5,0x5,1,1,5439,27329,0.165985107422
4,32768,3,0xA3C1A9062A489B51,0x7,0xF,1692,2010,318,1,0x8,0x8,1,1,5419,27349,0.165374755859
4,32768,4,0xA3C1A9062A489B51,0x7,0xC,1638,2004,366,1,0xB,0xB,1,1,5412,27356,0.165161132812
4,32768,5,0xA3C1A9062A489B51,0x7,0x0,1801,2008,207,1,0x7,0x7,1,1,5356,27412,0.163452148438
4,32768,6,0xA3C1A9062A489B51,0x7,0xA,1705,1961,256,1,0xD,0xD,1,1,5437,27331,0.165924072266
4,32768,7,0xA3C1A9062A489B51,0x7,0x7,1751,1984,233,1,0x0,0x0,1,1,5277,27491,0.161041259766
5,512,0,0x2469DA5444AF949A,0xC,0x4,20,23,3,1,0x8,0x4,1,0,72,440,0.140625000000
5,512,1,0x2469DA5444AF949A,0xC,0x9,25,27,2,1,0x5,0x6,1,0,81,431,0.158203125000
5,512,2,0x2469DA5444AF949A,0xC,0xD,20,23,3,1,0x1,0x6,1,0,65,447,0.126953125000
5,512,3,0x2469DA5444AF949A,0xC,0x7,21,24,3,1,0xB,0x6,1,0,78,434,0.152343750000
5,512,4,0x2469DA5444AF949A,0xC,0xD,20,27,7,1,0x1,0x1,1,1,77,435,0.150390625000
5,512,5,0x2469DA5444AF949A,0xC,0x0,21,28,7,1,0xC,0xF,1,0,97,415,0.189453125000
5,512,6,0x2469DA5444AF949A,0xC,0xC,25,26,1,2,0x0,0xB,0,0,85,427,0.166015625000
5,512,7,0x2469DA5444AF949A,0xC,0x4,25,26,1,1,0x8,0x9,1,0,83,429,0.162109375000
5,1024,0,0x2469DA5444AF949A,0xC,0x4,50,51,1,1,0x8,0x4,1,0,171,853,0.166992187500
5,1024,1,0x2469DA5444AF949A,0xC,0x3,50,51,1,1,0xF,0x6,1,0,163,861,0.159179687500
5,1024,2,0x2469DA5444AF949A,0xC,0x7,45,51,6,1,0xB,0x6,1,0,149,875,0.145507812500
5,1024,3,0x2469DA5444AF949A,0xC,0x6,51,57,6,1,0xA,0x6,1,0,190,834,0.185546875000
5,1024,4,0x2469DA5444AF949A,0xC,0xD,44,56,12,1,0x1,0x1,1,1,162,862,0.158203125000
5,1024,5,0x2469DA5444AF949A,0xC,0xF,50,58,8,1,0x3,0xF,1,0,184,840,0.179687500000
5,1024,6,0x2469DA5444AF949A,0xC,0xD,52,54,2,1,0x1,0xB,1,0,169,855,0.165039062500
5,1024,7,0x2469DA5444AF949A,0xC,0xF,53,58,5,1,0x3,0x9,1,0,158,866,0.154296875000
5,1536,0,0x2469DA5444AF949A,0xC,0x7,75,83,8,1,0xB,0x4,1,0,267,1269,0.173828125000
5,1536,1,0x2469DA5444AF949A,0xC,0xA,76,81,5,1,0x6,0x6,1,1,252,1284,0.164062500000
5,1536,2,0x2469DA5444AF949A,0xC,0x7,72,74,2,1,0xB,0x6,1,0,229,1307,0.149088541667
5,1536,3,0x2469DA5444AF949A,0xC,0x1,84,88,4,2,0x0,0x6,0,0,267,1269,0.173828125000
5,1536,4,0x2469DA5444AF949A,0xC,0xD,68,86,18,1,0x1,0x1,1,1,244,1292,0.158854166667
5,1536,5,0x2469DA5444AF949A,0xC,0xF,73,83,10,1,0x3,0xF,1,0,264,1272,0.171875000000
5,1536,6,0x2469DA5444AF949A,0xC,0xF,81,86,5,1,0x3,0xB,1,0,260,1276,0.169270833333
5,1536,7,0x2469DA5444AF949A,0xC,0x8,88,90,2,2,0x0,0x9,0,0,249,1287,0.162109375000
5,2048,0,0x2469DA5444AF949A,0xC,0x7,111,113,2,1,0xB,0x4,1,0,349,1699,0.170410156250
5,2048,1,0x2469DA5444AF949A,0xC,0xA,105,113,8,1,0x6,0x6,1,1,339,1709,0.165527343750
5,2048,2,0x2469DA5444AF949A,0xC,0x7,102,104,2,1,0xB,0x6,1,0,300,1748,0.146484375000
5,2048,3,0x2469DA5444AF949A,0xC,0xA,108,116,8,1,0x6,0x6,1,1,350,1698,0.170898437500
5,2048,4,0x2469DA5444AF949A,0xC,0xD,96,115,19,1,0x1,0x1,1,1,320,1728,0.156250000000
5,2048,5,0x2469DA5444AF949A,0xC,0xF,95,110,15,1,0x3,0xF,1,0,348,1700,0.169921875000
5,2048,6,0x2469DA5444AF949A,0xC,0x7,107,116,9,2,0x0,0xB,0,0,334,1714,0.163085937500
5,2048,7,0x2469DA5444AF949A,0xC,0x8,109,120,11,1,0x4,0x9,1,0,313,1735,0.152832031250
5,3072,0,0x2469DA5444AF949A,0xC,0x7,161,169,8,1,0xB,0x4,1,0,512,2560,0.166666666667
5,3072,1,0x2469DA5444AF949A,0xC,0xA,156,176,20,1,0x6,0x6,1,1,510,2562,0.166015625000
5,3072,2,0x2469DA5444AF949A,0xC,0xD,172,178,6,1,0x1,0x6,1,0,458,2614,0.149088541667
5,3072,3,0x2469DA5444AF949A,0xC,0xA,168,171,3,1,0x6,0x6,1,1,499,2573,0.162434895833
5,3072,4,0x2469DA5444AF949A,0xC,0xD,154,169,15,1,0x1,0x1,1,1,492,2580,0.160156250000
5,3072,5,0x2469DA5444AF949A,0xC,0x3,158,159,1,1,0xF,0xF,1,1,510,2562,0.166015625000
5,3072,6,0x2469DA5444AF949A,0xC,0x7,151,175,24,1,0xB,0xB,1,1,508,2564,0.165364583333
5,3072,7,0x2469DA5444AF949A,0xC,0x8,166,174,8,1,0x4,0x9,1,0,470,2602,0.152994791667
5,4096,0,0x2469DA5444AF949A,0xC,0x4,224,228,4,1,0x8,0x4,1,0,692,3404,0.168945312500
5,4096,1,0x2469DA5444AF949A,0xC,0xA,208,237,29,1,0x6,0x6,1,1,655,3441,0.159912109375
5,4096,2,0x2469DA5444AF949A,0xC,0xA,227,236,9,1,0x6,0x6,1,1,632,3464,0.154296875000
5,4096,3,0x2469DA5444AF949A,0xC,0xA,227,229,2,1,0x6,0x6,1,1,697,3399,0.170166015625
5,4096,4,0x2469DA5444AF949A,0xC,0xD,193,222,29,1,0x1,0x1,1,1,651,3445,0.158935546875
5,4096,5,0x2469DA5444AF949A,0xC,0x3,218,226,8,1,0xF,0xF,1,1,680,3416,0.166015625000
5,4096,6,0x2469DA5444AF949A,0xC,0x7,215,231,16,1,0xB,0xB,1,1,662,3434,0.161621093750
5,4096,7,0x2469DA5444AF949A,0xC,0x8,227,228,1,1,0x4,0x9,1,0,631,3465,0.154052734375
5,6144,0,0x2469DA5444AF949A,0xC,0x4,344,352,8,1,0x8,0x4,1,0,1011,5133,0.164550781250
5,6144,1,0x2469DA5444AF949A,0xC,0xA,321,366,45,1,0x6,0x6,1,1,976,5168,0.158854166667
5,6144,2,0x2469DA5444AF949A,0xC,0xA,336,353,17,1,0x6,0x6,1,1,955,5189,0.155436197917
5,6144,3,0x2469DA5444AF949A,0xC,0x7,357,366,9,2,0x0,0x6,0,0,1029,5115,0.167480468750
5,6144,4,0x2469DA5444AF949A,0xC,0xD,302,349,47,1,0x1,0x1,1,1,967,5177,0.157389322917
5,6144,5,0x2469DA5444AF949A,0xC,0xF,329,351,22,1,0x3,0xF,1,0,995,5149,0.161946614583
5,6144,6,0x2469DA5444AF949A,0xC,0x7,339,354,15,1,0xB,0xB,1,1,1002,5142,0.163085937500
5,6144,7,0x2469DA5444AF949A,0xC,0x5,332,350,18,1,0x9,0x9,1,1,986,5158,0.160481770833
5,8192,0,0x2469DA5444AF949A,0xC,0x8,450,463,13,1,0x4,0x4,1,1,1336,6856,0.163085937500
5,8192,1,0x2469DA5444AF949A,0xC,0xA,415,493,78,1,0x6,0x6,1,1,1305,6887,0.159301757812
5,8192,2,0x2469DA5444AF949A,0xC,0xA,435,462,27,1,0x6,0x6,1,1,1315,6877,0.160522460938
5,8192,3,0x2469DA5444AF949A,0xC,0xA,464,474,10,1,0x6,0x6,1,1,1394,6798,0.170166015625
5,8192,4,0x2469DA5444AF949A,0xC,0xD,395,475,80,1,0x1,0x1,1,1,1282,6910,0.156494140625
5,8192,5,0x2469DA5444AF949A,0xC,0x3,464,465,1,1,0xF,0xF,1,1,1339,6853,0.163452148438
5,8192,6,0x2469DA5444AF949A,0xC,0x7,431,496,65,1,0xB,0xB,1,1,1347,6845,0.164428710938
5,8192,7,0x2469DA5444AF949A,0xC,0x5,433,481,48,1,0x9,0x9,1,1,1322,6870,0.161376953125
5,12288,0,0x2469DA5444AF949A,0xC,0x8,651,726,75,1,0x4,0x4,1,1,1986,10302,0.161621093750
5,12288,1,0x2469DA5444AF949A,0xC,0xA,613,733,120,1,0x6,0x6,1,1,1999,10289,0.162679036458
5,12288,2,0x2469DA5444AF949A,0xC,0xA,670,694,24,1,0x6,0x6,1,1,1970,10318,0.160319010417
5,12288,3,0x2469DA5444AF949A,0xC,0xA,676,708,32,1,0x6,0x6,1,1,2072,10216,0.168619791667
5,12288,4,0x2469DA5444AF949A,0xC,0xD,604,722,118,1,0x1,0x1,1,1,1979,10309,0.161051432292
5,12288,5,0x2469DA5444AF949A,0xC,0x3,668,716,48,1,0xF,0xF,1,1,2031,10257,0.165283203125
5,12288,6,0x2469DA5444AF949A,0xC,0x7,655,736,81,1,0xB,0xB,1,1,2004,10284,0.163085937500
5,12288,7,0x2469DA5444AF949A,0xC,0x5,631,733,102,1,0x9,0x9,1,1,2002,10286,0.162923177083
5,16384,0,0x2469DA5444AF949A,0xC,0x8,869,993,124,1,0x4,0x4,1,1,2627,13757,0.160339355469
5,16384,1,0x2469DA5444AF949A,0xC,0xA,830,981,151,1,0x6,0x6,1,1,2658,13726,0.162231445312
5,16384,2,0x2469DA5444AF949A,0xC,0xA,873,952,79,1,0x6,0x6,1,1,2638,13746,0.161010742188
5,16384,3,0x2469DA5444AF949A,0xC,0xA,873,973,100,1,0x6,0x6,1,1,2711,13673,0.165466308594
5,16384,4,0x2469DA5444AF949A,0xC,0xD,789,983,194,1,0x1,0x1,1,1,2651,13733,0.161804199219
5,16384,5,0x2469DA5444AF949A,0xC,0x3,877,973,96,1,0xF,0xF,1,1,2709,13675,0.165344238281
5,16384,6,0x2469DA5444AF949A,0xC,0x7,866,973,107,1,0xB,0xB,1,1,2688,13696,0.164062500000
5,16384,7,0x2469DA5444AF949A,0xC,0x5,849,984,135,1,0x9,0x9,1,1,2691,13693,0.164245605469
5,24576,0,0x2469DA5444AF949A,0xC,0x8,1332,1427,95,1,0x4,0x4,1,1,3961,20615,0.161173502604
5,24576,1,0x2469DA5444AF949A,0xC,0xA,1253,1486,233,1,0x6,0x6,1,1,3986,20590,0.162190755208
5,24576,2,0x2469DA5444AF949A,0xC,0xA,1303,1445,142,1,0x6,0x6,1,1,3923,20653,0.159627278646
5,24576,3,0x2469DA5444AF949A,0xC,0xA,1304,1482,178,1,0x6,0x6,1,1,4029,20547,0.163940429688
5,24576,4,0x2469DA5444AF949A,0xC,0xD,1292,1489,197,1,0x1,0x1,1,1,4036,20540,0.164225260417
5,24576,5,0x2469DA5444AF949A,0xC,0x3,1296,1470,174,1,0xF,0xF,1,1,4045,20531,0.164591471354
5,24576,6,0x2469DA5444AF949A,0xC,0x7,1294,1493,199,1,0xB,0xB,1,1,3995,20581,0.162556966146
5,24576,7,0x2469DA5444AF949A,0xC,0x5,1288,1468,180,1,0x9,0x9,1,1,3993,20583,0.162475585938
5,32768,0,0x2469DA5444AF949A,0xC,0x8,1728,1925,197,1,0x4,0x4,1,1,5306,27462,0.161926269531
5,32768,1,0x2469DA5444AF949A,0xC,0xA,1704,1959,255,1,0x6,0x6,1,1,5328,27440,0.162597656250
5,32768,2,0x2469DA5444AF949A,0xC,0xA,1707,1991,284,1,0x6,0x6,1,1,5311,27457,0.162078857422
5,32768,3,0x2469DA5444AF949A,0xC,0xA,1714,2026,312,1,0x6,0x6,1,1,5382,27386,0.164245605469
5,32768,4,0x2469DA5444AF949A,0xC,0xD,1708,2009,301,1,0x1,0x1,1,1,5368,27400,0.163818359375
5,32768,5,0x2469DA5444AF949A,0xC,0x3,1724,1986,262,1,0xF,0xF,1,1,5415,27353,0.165252685547
5,32768,6,0x2469DA5444AF949A,0xC,0x7,1719,2019,300,1,0xB,0xB,1,1,5347,27421,0.163177490234
5,32768,7,0x2469DA5444AF949A,0xC,0x5,1701,2016,315,1,0x9,0x9,1,1,5396,27372,0.164672851562
6,512,0,0x2F2BFEEFD8CE064A,0x2,0x2,25,27,2,3,0x0,0x9,0,0,93,419,0.181640625000
6,512,1,0x2F2BFEEFD8CE064A,0x2,0xE,22,24,2,1,0xC,0x1,1,0,79,433,0.154296875000
6,512,2,0x2F2BFEEFD8CE064A,0x2,0x6,22,24,2,1,0x4,0x1,1,0,70,442,0.136718750000
6,512,3,0x2F2BFEEFD8CE064A,0x2,0x8,23,24,1,1,0xA,0xA,1,1,85,427,0.166015625000
6,512,4,0x2F2BFEEFD8CE064A,0x2,0x9,25,27,2,2,0x0,0xB,0,0,81,431,0.158203125000
6,512,5,0x2F2BFEEFD8CE064A,0x2,0x5,21,22,1,1,0x7,0x7,1,1,82,430,0.160156250000
6,512,6,0x2F2BFEEFD8CE064A,0x2,0x6,18,26,8,1,0x4,0x9,1,0,90,422,0.175781250000
6,512,7,0x2F2BFEEFD8CE064A,0x2,0x2,24,25,1,1,0x0,0x5,1,0,77,435,0.150390625000
6,1024,0,0x2F2BFEEFD8CE064A,0x2,0xB,51,54,3,1,0x9,0x9,1,1,179,845,0.174804687500
6,1024,1,0x2F2BFEEFD8CE064A,0x2,0x1,48,52,4,1,0x3,0x1,1,0,159,865,0.155273437500
6,1024,2,0x2F2BFEEFD8CE064A,0x2,0xC,54,56,2,1,0xE,0x1,1,0,172,852,0.167968750000
6,1024,3,0x2F2BFEEFD8CE064A,0x2,0x8,47,52,5,1,0xA,0xA,1,1,179,845,0.174804687500
6,1024,4,0x2F2BFEEFD8CE064A,0x2,0x9,48,54,6,1,0xB,0xB,1,1,169,855,0.165039062500
6,1024,5,0x2F2BFEEFD8CE064A,0x2,0x5,45,57,12,1,0x7,0x7,1,1,156,868,0.152343750000
6,1024,6,0x2F2BFEEFD8CE064A,0x2,0xC,46,54,8,1,0xE,0x9,1,0,186,838,0.181640625000
6,1024,7,0x2F2BFEEFD8CE064A,0x2,0x2,49,57,8,1,0x0,0x5,1,0,172,852,0.167968750000
6,1536,0,0x2F2BFEEFD8CE064A,0x2,0xB,74,89,15,1,0x9,0x9,1,1,272,1264,0.177083333333
6,1536,1,0x2F2BFEEFD8CE064A,0x2,0x1,70,83,13,1,0x3,0x1,1,0,241,1295,0.156901041667
6,1536,2,0x2F2BFEEFD8CE064A,0x2,0x7,82,86,4,1,0x5,0x1,1,0,248,1288,0.161458333333
6,1536,3,0x2F2BFEEFD8CE064A,0x2,0x8,75,81,6,1,0xA,0xA,1,1,252,1284,0.164062500000
6,1536,4,0x2F2BFEEFD8CE064A,0x2,0x9,75,81,6,1,0xB,0xB,1,1,258,1278,0.167968750000
6,1536,5,0x2F2BFEEFD8CE064A,0x2,0x5,63,83,20,1,0x7,0x7,1,1,242,1294,0.157552083333
6,1536,6,0x2F2BFEEFD8CE064A,0x2,0xB,75,77,2,1,0x9,0x9,1,1,285,1251,0.185546875000
6,1536,7,0x2F2BFEEFD8CE064A,0x2,0x2,82,85,3,1,0x0,0x5,1,0,257,1279,0.167317708333
6,2048,0,0x2F2BFEEFD8CE064A,0x2,0xB,98,118,20,1,0x9,0x9,1,1,351,1697,0.171386718750
6,2048,1,0x2F2BFEEFD8CE064A,0x2,0x1,106,113,7,1,0x3,0x1,1,0,317,1731,0.154785156250
6,2048,2,0x2F2BFEEFD8CE064A,0x2,0x7,111,120,9,1,0x5,0x1,1,0,345,1703,0.168457031250
6,2048,3,0x2F2BFEEFD8CE064A,0x2,0x8,99,109,10,1,0xA,0xA,1,1,331,1717,0.161621093750
6,2048,4,0x2F2BFEEFD8CE064A,0x2,0x9,95,115,20,1,0xB,0xB,1,1,352,1696,0.171875000000
6,2048,5,0x2F2BFEEFD8CE064A,0x2,0x5,91,111,20,1,0x7,0x7,1,1,312,1736,0.152343750000
6,2048,6,0x2F2BFEEFD8CE064A,0x2,0xB,101,109,8,1,0x9,0x9,1,1,380,1668,0.185546875000
6,2048,7,0x2F2BFEEFD8CE064A,0x2,0x7,109,111,2,1,0x5,0x5,1,1,357,1691,0.174316406250
6,3072,0,0x2F2BFEEFD8CE064A,0x2,0xB,151,180,29,1,0x9,0x9,1,1,515,2557,0.167643229167
6,3072,1,0x2F2BFEEFD8CE064A,0x2,0x3,173,181,8,2,0x0,0x1,0,0,463,2609,0.150716145833
6,3072,2,0x2F2BFEEFD8CE064A,0x2,0x7,167,176,9,1,0x5,0x1,1,0,520,2552,0.169270833333
6,3072,3,0x2F2BFEEFD8CE064A,0x2,0x8,144,176,32,1,0xA,0xA,1,1,487,2585,0.158528645833
6,3072,4,0x2F2BFEEFD8CE064A,0x2,0x9,146,179,33,1,0xB,0xB,1,1,519,2553,0.168945312500
6,3072,5,0x2F2BFEEFD8CE064A,0x2,0x5,159,161,2,1,0x7,0x7,1,1,489,2583,0.159179687500
6,3072,6,0x2F2BFEEFD8CE064A,0x2,0xB,152,170,18,1,0x9,0x9,1,1,547,2525,0.178059895833
6,3072,7,0x2F2BFEEFD8CE064A,0x2,0x2,169,170,1,1,0x0,0x5,1,0,517,2555,0.168294270833
6,4096,0,0x2F2BFEEFD8CE064A,0x2,0xB,214,233,19,1,0x9,0x9,1,1,700,3396,0.170898437500
6,4096,1,0x2F2BFEEFD8CE064A,0x2,0x4,233,234,1,1,0x6,0x1,1,0,634,3462,0.154785156250
6,4096,2,0x2F2BFEEFD8CE064A,0x2,0x3,228,231,3,1,0x1,0x1,1,1,684,3412,0.166992187500
6,4096,3,0x2F2BFEEFD8CE064A,0x2,0x8,198,237,39,1,0xA,0xA,1,1,672,3424,0.164062500000
6,4096,4,0x2F2BFEEFD8CE064A,0x2,0x9,214,239,25,1,0xB,0xB,1,1,686,3410,0.167480468750
6,4096,5,0x2F2BFEEFD8CE064A,0x2,0x5,223,234,11,1,0x7,0x7,1,1,653,3443,0.159423828125
6,4096,6,0x2F2BFEEFD8CE064A,0x2,0xB,205,231,26,1,0x9,0x9,1,1,698,3398,0.170410156250
6,4096,7,0x2F2BFEEFD8CE064A,0x2,0x2,232,236,4,1,0x0,0x5,1,0,702,3394,0.171386718750
6,6144,0,0x2F2BFEEFD8CE064A,0x2,0xB,318,355,37,1,0x9,0x9,1,1,1046,5098,0.170247395833
6,6144,1,0x2F2BFEEFD8CE064A,0x2,0x3,345,352,7,1,0x1,0x1,1,1,971,5173,0.158040364583
6,6144,2,0x2F2BFEEFD8CE064A,0x2,0x3,337,361,24,1,0x1,0x1,1,1,1020,5124,0.166015625000
6,6144,3,0x2F2BFEEFD8CE064A,0x2,0x8,288,366,78,1,0xA,0xA,1,1,1047,5097,0.170410156250
6,6144,4,0x2F2BFEEFD8CE064A,0x2,0x9,305,355,50,1,0xB,0xB,1,1,1025,5119,0.166829427083
6,6144,5,0x2F2BFEEFD8CE064A,0x2,0x5,337,353,16,1,0x7,0x7,1,1,982,5162,0.159830729167
6,6144,6,0x2F2BFEEFD8CE064A,0x2,0xB,319,345,26,1,0x9,0x9,1,1,1016,5128,0.165364583333
6,6144,7,0x2F2BFEEFD8CE064A,0x2,0x7,358,359,1,1,0x5,0x5,1,1,1060,5084,0.172526041667
6,8192,0,0x2F2BFEEFD8CE064A,0x2,0xB,429,469,40,1,0x9,0x9,1,1,1415,6777,0.172729492188
6,8192,1,0x2F2BFEEFD8CE064A,0x2,0x3,473,481,8,1,0x1,0x1,1,1,1292,6900,0.157714843750
6,8192,2,0x2F2BFEEFD8CE064A,0x2,0x3,458,490,32,1,0x1,0x1,1,1,1346,6846,0.164306640625
6,8192,3,0x2F2BFEEFD8CE064A,0x2,0x8,398,501,103,1,0xA,0xA,1,1,1378,6814,0.168212890625
6,8192,4,0x2F2BFEEFD8CE064A,0x2,0x9,412,483,71,1,0xB,0xB,1,1,1359,6833,0.165893554688
6,8192,5,0x2F2BFEEFD8CE064A,0x2,0x5,442,473,31,1,0x7,0x7,1,1,1320,6872,0.161132812500
6,8192,6,0x2F2BFEEFD8CE064A,0x2,0xB,424,484,60,1,0x9,0x9,1,1,1349,6843,0.164672851562
6,8192,7,0x2F2BFEEFD8CE064A,0x2,0x7,468,486,18,1,0x5,0x5,1,1,1376,6816,0.167968750000
6,12288,0,0x2F2BFEEFD8CE064A,0x2,0xB,645,720,75,1,0x9,0x9,1,1,2058,10230,0.167480468750
6,12288,1,0x2F2BFEEFD8CE064A,0x2,0x3,692,717,25,1,0x1,0x1,1,1,1976,10312,0.160807291667
6,12288,2,0x2F2BFEEFD8CE064A,0x2,0x3,653,745,92,1,0x1,0x1,1,1,2025,10263,0.164794921875
6,12288,3,0x2F2BFEEFD8CE064A,0x2,0x8,600,719,119,1,0xA,0xA,1,1,2027,10261,0.164957682292
6,12288,4,0x2F2BFEEFD8CE064A,0x2,0x9,635,723,88,1,0xB,0xB,1,1,2042,10246,0.166178385417
6,12288,5,0x2F2BFEEFD8CE064A,0x2,0x5,656,732,76,1,0x7,0x7,1,1,2021,10267,0.164469401042
6,12288,6,0x2F2BFEEFD8CE064A,0x2,0xB,640,731,91,1,0x9,0x9,1,1,2031,10257,0.165283203125
6,12288,7,0x2F2BFEEFD8CE064A,0x2,0x7,692,731,39,1,0x5,0x5,1,1,2056,10232,0.167317708333
6,16384,0,0x2F2BFEEFD8CE064A,0x2,0xB,855,974,119,1,0x9,0x9,1,1,2726,13658,0.166381835938
6,16384,1,0x2F2BFEEFD8CE064A,0x2,0x3,914,963,49,1,0x1,0x1,1,1,2705,13679,0.165100097656
6,16384,2,0x2F2BFEEFD8CE064A,0x2,0x3,844,996,152,1,0x1,0x1,1,1,2690,13694,0.164184570312
6,16384,3,0x2F2BFEEFD8CE064A,0x2,0x8,806,985,179,1,0xA,0xA,1,1,2711,13673,0.165466308594
6,16384,4,0x2F2BFEEFD8CE064A,0x2,0x9,877,978,101,1,0xB,0xB,1,1,2726,13658,0.166381835938
6,16384,5,0x2F2BFEEFD8CE064A,0x2,0x5,865,991,126,1,0x7,0x7,1,1,2693,13691,0.164367675781
6,16384,6,0x2F2BFEEFD8CE064A,0x2,0xB,845,991,146,1,0x9,0x9,1,1,2688,13696,0.164062500000
6,16384,7,0x2F2BFEEFD8CE064A,0x2,0x7,884,989,105,1,0x5,0x5,1,1,2797,13587,0.170715332031
6,24576,0,0x2F2BFEEFD8CE064A,0x2,0xB,1300,1451,151,1,0x9,0x9,1,1,4063,20513,0.165323893229
6,24576,1,0x2F2BFEEFD8CE064A,0x2,0x3,1333,1505,172,1,0x1,0x1,1,1,4044,20532,0.164550781250
6,24576,2,0x2F2BFEEFD8CE064A,0x2,0x3,1271,1521,250,1,0x1,0x1,1,1,4048,20528,0.164713541667
6,24576,3,0x2F2BFEEFD8CE064A,0x2,0x8,1251,1483,232,1,0xA,0xA,1,1,4070,20506,0.165608723958
6,24576,4,0x2F2BFEEFD8CE064A,0x2,0x9,1360,1474,114,1,0xB,0xB,1,1,4006,20570,0.163004557292
6,24576,5,0x2F2BFEEFD8CE064A,0x2,0x5,1277,1488,211,1,0x7,0x7,1,1,4027,20549,0.163859049479
6,24576,6,0x2F2BFEEFD8CE064A,0x2,0xB,1265,1502,237,1,0x9,0x9,1,1,3999,20577,0.162719726562
6,24576,7,0x2F2BFEEFD8CE064A,0x2,0x7,1334,1474,140,1,0x5,0x5,1,1,4117,20459,0.167521158854
6,32768,0,0x2F2BFEEFD8CE064A,0x2,0xB,1768,1934,166,1,0x9,0x9,1,1,5385,27383,0.164337158203
6,32768,1,0x2F2BFEEFD8CE064A,0x2,0x3,1755,2011,256,1,0x1,0x1,1,1,5349,27419,0.163238525391
6,32768,2,0x2F2BFEEFD8CE064A,0x2,0x3,1698,1988,290,1,0x1,0x1,1,1,5437,27331,0.165924072266
6,32768,3,0x2F2BFEEFD8CE064A,0x2,0x8,1649,2003,354,1,0xA,0xA,1,1,5426,27342,0.165588378906
6,32768,4,0x2F2BFEEFD8CE064A,0x2,0x9,1822,1960,138,1,0xB,0xB,1,1,5381,27387,0.164215087891
6,32768,5,0x2F2BFEEFD8CE064A,0x2,0x5,1691,1979,288,1,0x7,0x7,1,1,5428,27340,0.165649414062
6,32768,6,0x2F2BFEEFD8CE064A,0x2,0xB,1672,1998,326,1,0x9,0x9,1,1,5307,27461,0.161956787109
6,32768,7,0x2F2BFEEFD8CE064A,0x2,0x7,1789,1956,167,1,0x5,0x5,1,1,5459,27309,0.166595458984
7,512,0,0x7A836E9CC2489CEB,0x8,0x5,21,22,1,1,0xD,0xF,1,0,73,439,0.142578125000
7,512,1,0x7A836E9CC2489CEB,0x8,0xA,23,27,4,1,0x2,0x2,1,1,92,420,0.179687500000
7,512,2,0x7A836E9CC2489CEB,0x8,0x0,13,21,8,1,0x8,0x8,1,1,94,418,0.183593750000
7,512,3,0x7A836E9CC2489CEB,0x8,0xC,23,27,4,2,0x0,0x8,0,0,91,421,0.177734375000
7,512,4,0x7A836E9CC2489CEB,0x8,0xD,24,27,3,1,0x5,0x1,1,0,71,441,0.138671875000
7,512,5,0x7A836E9CC2489CEB,0x8,0x0,25,27,2,1,0x8,0x5,1,0,85,427,0.166015625000
7,512,6,0x7A836E9CC2489CEB,0x8,0x0,24,27,3,1,0x8,0xE,1,0,85,427,0.166015625000
7,512,7,0x7A836E9CC2489CEB,0x8,0x4,24,26,2,1,0xC,0x5,1,0,88,424,0.171875000000
7,1024,0,0x7A836E9CC2489CEB,0x8,0x5,50,51,1,1,0xD,0xF,1,0,157,867,0.153320312500
7,1024,1,0x7A836E9CC2489CEB,0x8,0xA,46,56,10,1,0x2,0x2,1,1,175,849,0.170898437500
7,1024,2,0x7A836E9CC2489CEB,0x8,0x0,43,47,4,1,0x8,0x8,1,1,179,845,0.174804687500
7,1024,3,0x7A836E9CC2489CEB,0x8,0xC,52,55,3,1,0x4,0x8,1,0,172,852,0.167968750000
7,1024,4,0x7A836E9CC2489CEB,0x8,0xD,52,54,2,1,0x5,0x1,1,0,153,871,0.149414062500
7,1024,5,0x7A836E9CC2489CEB,0x8,0x0,45,56,11,1,0x8,0x5,1,0,165,859,0.161132812500
7,1024,6,0x7A836E9CC2489CEB,0x8,0x7,52,55,3,1,0xF,0xE,1,0,164,860,0.160156250000
7,1024,7,0x7A836E9CC2489CEB,0x8,0x8,48,53,5,1,0x0,0x5,1,0,167,857,0.163085937500
7,1536,0,0x7A836E9CC2489CEB,0x8,0x0,73,75,2,2,0x0,0xF,0,0,249,1287,0.162109375000
7,1536,1,0x7A836E9CC2489CEB,0x8,0xA,71,84,13,1,0x2,0x2,1,1,246,1290,0.160156250000
7,1536,2,0x7A836E9CC2489CEB,0x8,0x1,74,83,9,1,0x9,0x8,1,0,263,1273,0.171223958333
7,1536,3,0x7A836E9CC2489CEB,0x8,0xC,77,81,4,1,0x4,0x8,1,0,251,1285,0.163411458333
7,1536,4,0x7A836E9CC2489CEB,0x8,0xB,83,84,1,1,0x3,0x1,1,0,259,1277,0.168619791667
7,1536,5,0x7A836E9CC2489CEB,0x8,0x0,72,75,3,1,0x8,0x5,1,0,275,1261,0.179036458333
7,1536,6,0x7A836E9CC2489CEB,0x8,0x0,83,86,3,2,0x0,0xE,0,0,260,1276,0.169270833333
7,1536,7,0x7A836E9CC2489CEB,0x8,0x8,66,81,15,1,0x0,0x5,1,0,252,1284,0.164062500000
7,2048,0,0x7A836E9CC2489CEB,0x8,0x7,96,102,6,1,0xF,0xF,1,1,345,1703,0.168457031250
7,2048,1,0x7A836E9CC2489CEB,0x8,0xA,105,109,4,1,0x2,0x2,1,1,336,1712,0.164062500000
7,2048,2,0x7A836E9CC2489CEB,0x8,0x1,98,111,13,1,0x9,0x8,1,0,347,1701,0.169433593750
7,2048,3,0x7A836E9CC2489CEB,0x8,0xB,107,114,7,1,0x3,0x8,1,0,332,1716,0.162109375000
7,2048,4,0x7A836E9CC2489CEB,0x8,0xD,111,117,6,1,0x5,0x1,1,0,343,1705,0.167480468750
7,2048,5,0x7A836E9CC2489CEB,0x8,0x0,101,107,6,1,0x8,0x5,1,0,352,1696,0.171875000000
7,2048,6,0x7A836E9CC2489CEB,0x8,0x1,112,114,2,1,0x9,0xE,1,0,337,1711,0.164550781250
7,2048,7,0x7A836E9CC2489CEB,0x8,0x8,107,111,4,2,0x0,0x5,0,0,329,1719,0.160644531250
7,3072,0,0x7A836E9CC2489CEB,0x8,0x7,147,166,19,1,0xF,0xF,1,1,523,2549,0.170247395833
7,3072,1,0x7A836E9CC2489CEB,0x8,0xA,157,168,11,1,0x2,0x2,1,1,522,2550,0.169921875000
7,3072,2,0x7A836E9CC2489CEB,0x8,0x1,170,172,2,1,0x9,0x8,1,0,518,2554,0.168619791667
7,3072,3,0x7A836E9CC2489CEB,0x8,0xB,162,171,9,1,0x3,0x8,1,0,482,2590,0.156901041667
7,3072,4,0x7A836E9CC2489CEB,0x8,0xB,175,176,1,1,0x3,0x1,1,0,488,2584,0.158854166667
7,3072,5,0x7A836E9CC2489CEB,0x8,0xD,164,171,7,1,0x5,0x5,1,1,537,2535,0.174804687500
7,3072,6,0x7A836E9CC2489CEB,0x8,0x0,171,173,2,1,0x8,0xE,1,0,510,2562,0.166015625000
7,3072,7,0x7A836E9CC2489CEB,0x8,0x4,159,169,10,1,0xC,0x5,1,0,511,2561,0.166341145833
7,4096,0,0x7A836E9CC2489CEB,0x8,0x7,200,234,34,1,0xF,0xF,1,1,689,3407,0.168212890625
7,4096,1,0x7A836E9CC2489CEB,0x8,0x4,223,225,2,1,0xC,0x2,1,0,667,3429,0.162841796875
7,4096,2,0x7A836E9CC2489CEB,0x8,0x0,231,237,6,1,0x8,0x8,1,1,680,3416,0.166015625000
7,4096,3,0x7A836E9CC2489CEB,0x8,0xB,225,239,14,1,0x3,0x8,1,0,657,3439,0.160400390625
7,4096,4,0x7A836E9CC2489CEB,0x8,0x9,230,234,4,1,0x1,0x1,1,1,662,3434,0.161621093750
7,4096,5,0x7A836E9CC2489CEB,0x8,0xD,214,232,18,1,0x5,0x5,1,1,671,3425,0.163818359375
7,4096,6,0x7A836E9CC2489CEB,0x8,0x1,227,234,7,1,0x9,0xE,1,0,672,3424,0.164062500000
7,4096,7,0x7A836E9CC2489CEB,0x8,0x4,228,233,5,1,0xC,0x5,1,0,685,3411,0.167236328125
7,6144,0,0x7A836E9CC2489CEB,0x8,0x7,304,350,46,1,0xF,0xF,1,1,1022,5122,0.166341145833
7,6144,1,0x7A836E9CC2489CEB,0x8,0xA,351,352,1,1,0x2,0x2,1,1,993,5151,0.161621093750
7,6144,2,0x7A836E9CC2489CEB,0x8,0x0,339,355,16,1,0x8,0x8,1,1,984,5160,0.160156250000
7,6144,3,0x7A836E9CC2489CEB,0x8,0x0,337,353,16,1,0x8,0x8,1,1,996,5148,0.162109375000
7,6144,4,0x7A836E9CC2489CEB,0x8,0x9,338,364,26,1,0x1,0x1,1,1,1008,5136,0.164062500000
7,6144,5,0x7A836E9CC2489CEB,0x8,0xD,320,360,40,1,0x5,0x5,1,1,992,5152,0.161458333333
7,6144,6,0x7A836E9CC2489CEB,0x8,0x2,349,356,7,1,0xA,0xE,1,0,984,5160,0.160156250000
7,6144,7,0x7A836E9CC2489CEB,0x8,0xD,340,360,20,1,0x5,0x5,1,1,1006,5138,0.163736979167
7,8192,0,0x7A836E9CC2489CEB,0x8,0x7,428,473,45,1,0xF,0xF,1,1,1363,6829,0.166381835938
7,8192,1,0x7A836E9CC2489CEB,0x8,0xA,454,483,29,1,0x2,0x2,1,1,1338,6854,0.163330078125
7,8192,2,0x7A836E9CC2489CEB,0x8,0x0,443,476,33,1,0x8,0x8,1,1,1297,6895,0.158325195312
7,8192,3,0x7A836E9CC2489CEB,0x8,0x0,415,480,65,1,0x8,0x8,1,1,1363,6829,0.166381835938
7,8192,4,0x7A836E9CC2489CEB,0x8,0x9,433,488,55,1,0x1,0x1,1,1,1331,6861,0.162475585938
7,8192,5,0x7A836E9CC2489CEB,0x8,0xD,437,482,45,1,0x5,0x5,1,1,1321,6871,0.161254882812
7,8192,6,0x7A836E9CC2489CEB,0x8,0x6,471,472,1,1,0xE,0xE,1,1,1293,6899,0.157836914062
7,8192,7,0x7A836E9CC2489CEB,0x8,0xD,462,472,10,1,0x5,0x5,1,1,1332,6860,0.162597656250
7,12288,0,0x7A836E9CC2489CEB,0x8,0x7,628,731,103,1,0xF,0xF,1,1,2006,10282,0.163248697917
7,12288,1,0x7A836E9CC2489CEB,0x8,0xA,654,742,88,1,0x2,0x2,1,1,1992,10296,0.162109375000
7,12288,2,0x7A836E9CC2489CEB,0x8,0x0,666,736,70,1,0x8,0x8,1,1,1991,10297,0.162027994792
7,12288,3,0x7A836E9CC2489CEB,0x8,0x0,644,735,91,1,0x8,0x8,1,1,2013,10275,0.163818359375
7,12288,4,0x7A836E9CC2489CEB,0x8,0x9,650,738,88,1,0x1,0x1,1,1,2012,10276,0.163736979167
7,12288,5,0x7A836E9CC2489CEB,0x8,0xD,658,721,63,1,0x5,0x5,1,1,2038,10250,0.165852864583
7,12288,6,0x7A836E9CC2489CEB,0x8,0x6,683,733,50,1,0xE,0xE,1,1,1932,10356,0.157226562500
7,12288,7,0x7A836E9CC2489CEB,0x8,0xD,676,730,54,1,0x5,0x5,1,1,2029,10259,0.165120442708
7,16384,0,0x7A836E9CC2489CEB,0x8,0x7,844,974,130,1,0xF,0xF,1,1,2710,13674,0.165405273438
7,16384,1,0x7A836E9CC2489CEB,0x8,0xA,854,984,130,1,0x2,0x2,1,1,2652,13732,0.161865234375
7,16384,2,0x7A836E9CC2489CEB,0x8,0x0,898,986,88,1,0x8,0x8,1,1,2622,13762,0.160034179688
7,16384,3,0x7A836E9CC2489CEB,0x8,0x0,875,994,119,1,0x8,0x8,1,1,2679,13705,0.163513183594
7,16384,4,0x7A836E9CC2489CEB,0x8,0x9,870,998,128,1,0x1,0x1,1,1,2717,13667,0.165832519531
7,16384,5,0x7A836E9CC2489CEB,0x8,0xD,878,979,101,1,0x5,0x5,1,1,2715,13669,0.165710449219
7,16384,6,0x7A836E9CC2489CEB,0x8,0x6,897,984,87,1,0xE,0xE,1,1,2610,13774,0.159301757812
7,16384,7,0x7A836E9CC2489CEB,0x8,0xD,885,977,92,1,0x5,0x5,1,1,2739,13645,0.167175292969
7,24576,0,0x7A836E9CC2489CEB,0x8,0x7,1280,1482,202,1,0xF,0xF,1,1,4038,20538,0.164306640625
7,24576,1,0x7A836E9CC2489CEB,0x8,0xA,1303,1453,150,1,0x2,0x2,1,1,3941,20635,0.160359700521
7,24576,2,0x7A836E9CC2489CEB,0x8,0x0,1334,1503,169,1,0x8,0x8,1,1,3997,20579,0.162638346354
7,24576,3,0x7A836E9CC2489CEB,0x8,0x0,1317,1471,154,1,0x8,0x8,1,1,4086,20490,0.166259765625
7,24576,4,0x7A836E9CC2489CEB,0x8,0x9,1305,1486,181,1,0x1,0x1,1,1,4060,20516,0.165201822917
7,24576,5,0x7A836E9CC2489CEB,0x8,0xD,1273,1485,212,1,0x5,0x5,1,1,4090,20486,0.166422526042
7,24576,6,0x7A836E9CC2489CEB,0x8,0x6,1328,1487,159,1,0xE,0xE,1,1,3922,20654,0.159586588542
7,24576,7,0x7A836E9CC2489CEB,0x8,0xD,1284,1461,177,1,0x5,0x5,1,1,4070,20506,0.165608723958
7,32768,0,0x7A836E9CC2489CEB,0x8,0x7,1724,1992,268,1,0xF,0xF,1,1,5405,27363,0.164947509766
7,32768,1,0x7A836E9CC2489CEB,0x8,0xA,1709,1959,250,1,0x2,0x2,1,1,5306,27462,0.161926269531
7,32768,2,0x7A836E9CC2489CEB,0x8,0x0,1764,2002,238,1,0x8,0x8,1,1,5363,27405,0.163665771484
7,32768,3,0x7A836E9CC2489CEB,0x8,0x0,1752,1982,230,1,0x8,0x8,1,1,5453,27315,0.166412353516
7,32768,4,0x7A836E9CC2489CEB,0x8,0x9,1756,1999,243,1,0x1,0x1,1,1,5408,27360,0.165039062500
7,32768,5,0x7A836E9CC2489CEB,0x8,0xD,1676,1991,315,1,0x5,0x5,1,1,5498,27270,0.167785644531
7,32768,6,0x7A836E9CC2489CEB,0x8,0x6,1766,1986,220,1,0xE,0xE,1,1,5245,27523,0.160064697266
7,32768,7,0x7A836E9CC2489CEB,0x8,0xD,1707,1965,258,1,0x5,0x5,1,1,5438,27330,0.165954589844
8,512,0,0x143BA3E5EC6F6FC1,0x6,0x1,20,24,4,1,0x7,0x7,1,1,85,427,0.166015625000
8,512,1,0x143BA3E5EC6F6FC1,0x6,0x9,19,26,7,1,0xF,0xF,1,1,89,423,0.173828125000
8,512,2,0x143BA3E5EC6F6FC1,0x6,0xC,20,26,6,1,0xA,0x8,1,0,81,431,0.158203125000
8,512,3,0x143BA3E5EC6F6FC1,0x6,0x6,17,22,5,1,0x0,0x6,1,0,99,413,0.193359375000
8,512,4,0x143BA3E5EC6F6FC1,0x6,0x4,19,21,2,1,0x2,0xC,1,0,89,423,0.173828125000
8,512,5,0x143BA3E5EC6F6FC1,0x6,0x6,17,23,6,1,0x0,0x1,1,0,84,428,0.164062500000
8,512,6,0x143BA3E5EC6F6FC1,0x6,0xA,22,24,2,2,0x0,0xC,0,0,84,428,0.164062500000
8,512,7,0x143BA3E5EC6F6FC1,0x6,0xB,23,26,3,1,0xD,0x9,1,0,87,425,0.169921875000
8,1024,0,0x143BA3E5EC6F6FC1,0x6,0x1,40,56,16,1,0x7,0x7,1,1,167,857,0.163085937500
8,1024,1,0x143BA3E5EC6F6FC1,0x6,0x9,45,57,12,1,0xF,0xF,1,1,186,838,0.181640625000
8,1024,2,0x143BA3E5EC6F6FC1,0x6,0xE,47,51,4,1,0x8,0x8,1,1,172,852,0.167968750000
8,1024,3,0x143BA3E5EC6F6FC1,0x6,0x0,51,52,1,1,0x6,0x6,1,1,172,852,0.167968750000
8,1024,4,0x143BA3E5EC6F6FC1,0x6,0x4,42,45,3,1,0x2,0xC,1,0,178,846,0.173828125000
8,1024,5,0x143BA3E5EC6F6FC1,0x6,0x6,42,44,2,1,0x0,0x1,1,0,162,862,0.158203125000
8,1024,6,0x143BA3E5EC6F6FC1,0x6,0xA,47,57,10,1,0xC,0xC,1,1,175,849,0.170898437500
8,1024,7,0x143BA3E5EC6F6FC1,0x6,0xB,49,60,11,1,0xD,0x9,1,0,185,839,0.180664062500
8,1536,0,0x143BA3E5EC6F6FC1,0x6,0x1,65,83,18,1,0x7,0x7,1,1,245,1291,0.159505208333
8,1536,1,0x143BA3E5EC6F6FC1,0x6,0x9,77,88,11,1,0xF,0xF,1,1,283,1253,0.184244791667
8,1536,2,0x143BA3E5EC6F6FC1,0x6,0xE,72,80,8,1,0x8,0x8,1,1,250,1286,0.162760416667
8,1536,3,0x143BA3E5EC6F6FC1,0x6,0x1,74,80,6,1,0x7,0x6,1,0,256,1280,0.166666666667
8,1536,4,0x143BA3E5EC6F6FC1,0x6,0xA,70,76,6,1,0xC,0xC,1,1,259,1277,0.168619791667
8,1536,5,0x143BA3E5EC6F6FC1,0x6,0x6,65,90,25,2,0x0,0x1,0,0,242,1294,0.157552083333
8,1536,6,0x143BA3E5EC6F6FC1,0x6,0xA,68,80,12,1,0xC,0xC,1,1,247,1289,0.160807291667
8,1536,7,0x143BA3E5EC6F6FC1,0x6,0x7,83,84,1,1,0x1,0x9,1,0,257,1279,0.167317708333
8,2048,0,0x143BA3E5EC6F6FC1,0x6,0x1,91,110,19,1,0x7,0x7,1,1,330,1718,0.161132812500
8,2048,1,0x143BA3E5EC6F6FC1,0x6,0x9,106,116,10,1,0xF,0xF,1,1,364,1684,0.177734375000
8,2048,2,0x143BA3E5EC6F6FC1,0x6,0xE,103,113,10,1,0x8,0x8,1,1,331,1717,0.161621093750
8,2048,3,0x143BA3E5EC6F6FC1,0x6,0xC,102,114,12,1,0xA,0x6,1,0,343,1705,0.167480468750
8,2048,4,0x143BA3E5EC6F6FC1,0x6,0x4,99,101,2,1,0x2,0xC,1,0,348,1700,0.169921875000
8,2048,5,0x143BA3E5EC6F6FC1,0x6,0x6,87,94,7,1,0x0,0x1,1,0,326,1722,0.159179687500
8,2048,6,0x143BA3E5EC6F6FC1,0x6,0xA,88,110,22,1,0xC,0xC,1,1,336,1712,0.164062500000
8,2048,7,0x143BA3E5EC6F6FC1,0x6,0xF,113,115,2,1,0x9,0x9,1,1,334,1714,0.163085937500
8,3072,0,0x143BA3E5EC6F6FC1,0x6,0x1,128,173,45,1,0x7,0x7,1,1,483,2589,0.157226562500
8,3072,1,0x143BA3E5EC6F6FC1,0x6,0x9,162,177,15,1,0xF,0xF,1,1,520,2552,0.169270833333
8,3072,2,0x143BA3E5EC6F6FC1,0x6,0xE,158,174,16,1,0x8,0x8,1,1,539,2533,0.175455729167
8,3072,3,0x143BA3E5EC6F6FC1,0x6,0xC,151,175,24,1,0xA,0x6,1,0,498,2574,0.162109375000
8,3072,4,0x143BA3E5EC6F6FC1,0x6,0xA,156,160,4,1,0xC,0xC,1,1,493,2579,0.160481770833
8,3072,5,0x143BA3E5EC6F6FC1,0x6,0x7,145,146,1,1,0x1,0x1,1,1,503,2569,0.163736979167
8,3072,6,0x143BA3E5EC6F6FC1,0x6,0xA,131,161,30,1,0xC,0xC,1,1,511,2561,0.166341145833
8,3072,7,0x143BA3E5EC6F6FC1,0x6,0xF,161,171,10,1,0x9,0x9,1,1,512,2560,0.166666666667
8,4096,0,0x143BA3E5EC6F6FC1,0x6,0x1,174,231,57,1,0x7,0x7,1,1,663,3433,0.161865234375
8,4096,1,0x143BA3E5EC6F6FC1,0x6,0x9,205,236,31,1,0xF,0xF,1,1,675,3421,0.164794921875
8,4096,2,0x143BA3E5EC6F6FC1,0x6,0xE,218,237,19,1,0x8,0x8,1,1,701,3395,0.171142578125
8,4096,3,0x143BA3E5EC6F6FC1,0x6,0xC,206,229,23,1,0xA,0x6,1,0,668,3428,0.163085937500
8,4096,4,0x143BA3E5EC6F6FC1,0x6,0xA,208,229,21,1,0xC,0xC,1,1,654,3442,0.159667968750
8,4096,5,0x143BA3E5EC6F6FC1,0x6,0x7,192,221,29,1,0x1,0x1,1,1,646,3450,0.157714843750
8,4096,6,0x143BA3E5EC6F6FC1,0x6,0xA,172,223,51,1,0xC,0xC,1,1,710,3386,0.173339843750
8,4096,7,0x143BA3E5EC6F6FC1,0x6,0xF,206,234,28,1,0x9,0x9,1,1,673,3423,0.164306640625
8,6144,0,0x143BA3E5EC6F6FC1,0x6,0x1,281,355,74,1,0x7,0x7,1,1,1002,5142,0.163085937500
8,6144,1,0x143BA3E5EC6F6FC1,0x6,0x9,305,363,58,1,0xF,0xF,1,1,987,5157,0.160644531250
8,6144,2,0x143BA3E5EC6F6FC1,0x6,0xE,329,361,32,1,0x8,0x8,1,1,1063,5081,0.173014322917
8,6144,3,0x143BA3E5EC6F6FC1,0x6,0xC,339,345,6,1,0xA,0x6,1,0,994,5150,0.161783854167
8,6144,4,0x143BA3E5EC6F6FC1,0x6,0xA,313,352,39,1,0xC,0xC,1,1,991,5153,0.161295572917
8,6144,5,0x143BA3E5EC6F6FC1,0x6,0x7,295,350,55,1,0x1,0x1,1,1,982,5162,0.159830729167
8,6144,6,0x143BA3E5EC6F6FC1,0x6,0xA,282,346,64,1,0xC,0xC,1,1,1025,5119,0.166829427083
8,6144,7,0x143BA3E5EC6F6FC1,0x6,0xF,300,358,58,1,0x9,0x9,1,1,1010,5134,0.164388020833
8,8192,0,0x143BA3E5EC6F6FC1,0x6,0x1,393,481,88,1,0x7,0x7,1,1,1336,6856,0.163085937500
8,8192,1,0x143BA3E5EC6F6FC1,0x6,0x9,408,469,61,1,0xF,0xF,1,1,1336,6856,0.163085937500
8,8192,2,0x143BA3E5EC6F6FC1,0x6,0xE,430,479,49,1,0x8,0x8,1,1,1416,6776,0.172851562500
8,8192,3,0x143BA3E5EC6F6FC1,0x6,0x0,451,476,25,1,0x6,0x6,1,1,1338,6854,0.163330078125
8,8192,4,0x143BA3E5EC6F6FC1,0x6,0xA,398,493,95,1,0xC,0xC,1,1,1326,6866,0.161865234375
8,8192,5,0x143BA3E5EC6F6FC1,0x6,0x7,392,488,96,1,0x1,0x1,1,1,1341,6851,0.163696289062
8,8192,6,0x143BA3E5EC6F6FC1,0x6,0xA,379,477,98,1,0xC,0xC,1,1,1378,6814,0.168212890625
8,8192,7,0x143BA3E5EC6F6FC1,0x6,0xF,416,490,74,1,0x9,0x9,1,1,1346,6846,0.164306640625
8,12288,0,0x143BA3E5EC6F6FC1,0x6,0x1,627,726,99,1,0x7,0x7,1,1,2006,10282,0.163248697917
8,12288,1,0x143BA3E5EC6F6FC1,0x6,0x9,627,738,111,1,0xF,0xF,1,1,1999,10289,0.162679036458
8,12288,2,0x143BA3E5EC6F6FC1,0x6,0xE,628,740,112,1,0x8,0x8,1,1,2061,10227,0.167724609375
8,12288,3,0x143BA3E5EC6F6FC1,0x6,0x0,660,730,70,1,0x6,0x6,1,1,2018,10270,0.164225260417
8,12288,4,0x143BA3E5EC6F6FC1,0x6,0xA,599,730,131,1,0xC,0xC,1,1,2000,10288,0.162760416667
8,12288,5,0x143BA3E5EC6F6FC1,0x6,0x7,618,732,114,1,0x1,0x1,1,1,1996,10292,0.162434895833
8,12288,6,0x143BA3E5EC6F6FC1,0x6,0xA,588,712,124,1,0xC,0xC,1,1,2024,10264,0.164713541667
8,12288,7,0x143BA3E5EC6F6FC1,0x6,0xF,636,748,112,1,0x9,0x9,1,1,2046,10242,0.166503906250
8,16384,0,0x143BA3E5EC6F6FC1,0x6,0x1,836,972,136,1,0x7,0x7,1,1,2650,13734,0.161743164062
8,16384,1,0x143BA3E5EC6F6FC1,0x6,0x9,834,972,138,1,0xF,0xF,1,1,2683,13701,0.163757324219
8,16384,2,0x143BA3E5EC6F6FC1,0x6,0xE,842,982,140,1,0x8,0x8,1,1,2695,13689,0.164489746094
8,16384,3,0x143BA3E5EC6F6FC1,0x6,0x0,869,991,122,1,0x6,0x6,1,1,2738,13646,0.167114257812
8,16384,4,0x143BA3E5EC6F6FC1,0x6,0xA,842,991,149,1,0xC,0xC,1,1,2714,13670,0.165649414062
8,16384,5,0x143BA3E5EC6F6FC1,0x6,0x7,804,988,184,1,0x1,0x1,1,1,2674,13710,0.163208007812
8,16384,6,0x143BA3E5EC6F6FC1,0x6,0xA,789,962,173,1,0xC,0xC,1,1,2680,13704,0.163574218750
8,16384,7,0x143BA3E5EC6F6FC1,0x6,0xF,833,994,161,1,0x9,0x9,1,1,2701,13683,0.164855957031
8,24576,0,0x143BA3E5EC6F6FC1,0x6,0x1,1312,1499,187,1,0x7,0x7,1,1,4002,20574,0.162841796875
8,24576,1,0x143BA3E5EC6F6FC1,0x6,0x9,1247,1490,243,1,0xF,0xF,1,1,4100,20476,0.166829427083
8,24576,2,0x143BA3E5EC6F6FC1,0x6,0xE,1305,1479,174,1,0x8,0x8,1,1,4027,20549,0.163859049479
8,24576,3,0x143BA3E5EC6F6FC1,0x6,0x0,1276,1493,217,1,0x6,0x6,1,1,4114,20462,0.167399088542
8,24576,4,0x143BA3E5EC6F6FC1,0x6,0xA,1268,1511,243,1,0xC,0xC,1,1,4038,20538,0.164306640625
8,24576,5,0x143BA3E5EC6F6FC1,0x6,0x7,1225,1510,285,1,0x1,0x1,1,1,4053,20523,0.164916992188
8,24576,6,0x143BA3E5EC6F6FC1,0x6,0xA,1197,1490,293,1,0xC,0xC,1,1,4027,20549,0.163859049479
8,24576,7,0x143BA3E5EC6F6FC1,0x6,0xF,1319,1501,182,1,0x9,0x9,1,1,3993,20583,0.162475585938
8,32768,0,0x143BA3E5EC6F6FC1,0x6,0x1,1764,2013,249,1,0x7,0x7,1,1,5366,27402,0.163757324219
8,32768,1,0x143BA3E5EC6F6FC1,0x6,0x9,1662,2004,342,1,0xF,0xF,1,1,5478,27290,0.167175292969
8,32768,2,0x143BA3E5EC6F6FC1,0x6,0xE,1720,1994,274,1,0x8,0x8,1,1,5365,27403,0.163726806641
8,32768,3,0x143BA3E5EC6F6FC1,0x6,0x0,1748,2023,275,1,0x6,0x6,1,1,5437,27331,0.165924072266
8,32768,4,0x143BA3E5EC6F6FC1,0x6,0xA,1691,2015,324,1,0xC,0xC,1,1,5360,27408,0.163574218750
8,32768,5,0x143BA3E5EC6F6FC1,0x6,0x7,1675,2001,326,1,0x1,0x1,1,1,5414,27354,0.165222167969
8,32768,6,0x143BA3E5EC6F6FC1,0x6,0xA,1615,2000,385,1,0xC,0xC,1,1,5429,27339,0.165679931641
8,32768,7,0x143BA3E5EC6F6FC1,0x6,0xF,1746,2015,269,1,0x9,0x9,1,1,5346,27422,0.163146972656
9,512,0,0x14D0CF09844D5713,0x2,0xC,23,28,5,2,0x0,0x6,0,0,74,438,0.144531250000
9,512,1,0x14D0CF09844D5713,0x2,0x7,22,24,2,1,0x5,0x7,1,0,90,422,0.175781250000
9,512,2,0x14D0CF09844D5713,0x2,0x4,21,23,2,1,0x6,0x2,1,0,84,428,0.164062500000
9,512,3,0x14D0CF09844D5713,0x2,0xA,25,26,1,2,0x0,0x2,0,0,81,431,0.158203125000
9,512,4,0x14D0CF09844D5713,0x2,0x0,24,25,1,2,0x0,0xA,0,0,79,433,0.154296875000
9,512,5,0x14D0CF09844D5713,0x2,0x0,15,24,9,1,0x2,0x5,1,0,90,422,0.175781250000
9,512,6,0x14D0CF09844D5713,0x2,0x0,17,23,6,1,0x2,0x8,1,0,68,444,0.132812500000
9,512,7,0x14D0CF09844D5713,0x2,0x6,25,27,2,1,0x4,0x7,1,0,89,423,0.173828125000
9,1024,0,0x14D0CF09844D5713,0x2,0xC,51,58,7,1,0xE,0x6,1,0,157,867,0.153320312500
9,1024,1,0x14D0CF09844D5713,0x2,0x1,46,47,1,1,0x3,0x7,1,0,159,865,0.155273437500
9,1024,2,0x14D0CF09844D5713,0x2,0x5,44,50,6,1,0x7,0x2,1,0,154,870,0.150390625000
9,1024,3,0x14D0CF09844D5713,0x2,0x0,54,57,3,1,0x2,0x2,1,1,170,854,0.166015625000
9,1024,4,0x14D0CF09844D5713,0x2,0x0,46,50,4,1,0x2,0xA,1,0,171,853,0.166992187500
9,1024,5,0x14D0CF09844D5713,0x2,0x0,37,51,14,1,0x2,0x5,1,0,169,855,0.165039062500
9,1024,6,0x14D0CF09844D5713,0x2,0x0,53,58,5,3,0x0,0x8,0,0,153,871,0.149414062500
9,1024,7,0x14D0CF09844D5713,0x2,0x4,54,58,4,3,0x0,0x7,0,0,180,844,0.175781250000
9,1536,0,0x14D0CF09844D5713,0x2,0xE,80,87,7,1,0xC,0x6,1,0,250,1286,0.162760416667
9,1536,1,0x14D0CF09844D5713,0x2,0x7,75,79,4,1,0x5,0x7,1,0,243,1293,0.158203125000
9,1536,2,0x14D0CF09844D5713,0x2,0x0,82,84,2,1,0x2,0x2,1,1,248,1288,0.161458333333
9,1536,3,0x14D0CF09844D5713,0x2,0x0,81,87,6,1,0x2,0x2,1,1,262,1274,0.170572916667
9,1536,4,0x14D0CF09844D5713,0x2,0x8,69,78,9,1,0xA,0xA,1,1,252,1284,0.164062500000
9,1536,5,0x14D0CF09844D5713,0x2,0x0,70,74,4,1,0x2,0x5,1,0,255,1281,0.166015625000
9,1536,6,0x14D0CF09844D5713,0x2,0xA,77,85,8,1,0x8,0x8,1,1,225,1311,0.146484375000
9,1536,7,0x14D0CF09844D5713,0x2,0x5,79,83,4,2,0x0,0x7,0,0,269,1267,0.175130208333
9,2048,0,0x14D0CF09844D5713,0x2,0x4,116,117,1,1,0x6,0x6,1,1,346,1702,0.168945312500
9,2048,1,0x14D0CF09844D5713,0x2,0x5,102,109,7,1,0x7,0x7,1,1,338,1710,0.165039062500
9,2048,2,0x14D0CF09844D5713,0x2,0x0,116,117,1,1,0x2,0x2,1,1,328,1720,0.160156250000
9,2048,3,0x14D0CF09844D5713,0x2,0x0,104,112,8,1,0x2,0x2,1,1,336,1712,0.164062500000
9,2048,4,0x14D0CF09844D5713,0x2,0x8,93,102,9,1,0xA,0xA,1,1,340,1708,0.166015625000
9,2048,5,0x14D0CF09844D5713,0x2,0x7,96,104,8,1,0x5,0x5,1,1,334,1714,0.163085937500
9,2048,6,0x14D0CF09844D5713,0x2,0xA,105,111,6,1,0x8,0x8,1,1,309,1739,0.150878906250
9,2048,7,0x14D0CF09844D5713,0x2,0x5,106,110,4,1,0x7,0x7,1,1,366,1682,0.178710937500
9,3072,0,0x14D0CF09844D5713,0x2,0x4,162,168,6,1,0x6,0x6,1,1,520,2552,0.169270833333
9,3072,1,0x14D0CF09844D5713,0x2,0x5,156,169,13,1,0x7,0x7,1,1,504,2568,0.164062500000
9,3072,2,0x14D0CF09844D5713,0x2,0xB,169,170,1,1,0x9,0x2,1,0,500,2572,0.162760416667
9,3072,3,0x14D0CF09844D5713,0x2,0x0,165,181,16,1,0x2,0x2,1,1,474,2598,0.154296875000
9,3072,4,0x14D0CF09844D5713,0x2,0x8,144,158,14,1,0xA,0xA,1,1,513,2559,0.166992187500
9,3072,5,0x14D0CF09844D5713,0x2,0x7,163,171,8,1,0x5,0x5,1,1,505,2567,0.164388020833
9,3072,6,0x14D0CF09844D5713,0x2,0xA,167,174,7,1,0x8,0x8,1,1,488,2584,0.158854166667
9,3072,7,0x14D0CF09844D5713,0x2,0x5,160,176,16,1,0x7,0x7,1,1,529,2543,0.172200520833
9,4096,0,0x14D0CF09844D5713,0x2,0x4,205,235,30,1,0x6,0x6,1,1,692,3404,0.168945312500
9,4096,1,0x14D0CF09844D5713,0x2,0x5,214,227,13,1,0x7,0x7,1,1,648,3448,0.158203125000
9,4096,2,0x14D0CF09844D5713,0x2,0x0,220,226,6,1,0x2,0x2,1,1,665,3431,0.162353515625
9,4096,3,0x14D0CF09844D5713,0x2,0x0,221,241,20,1,0x2,0x2,1,1,640,3456,0.156250000000
9,4096,4,0x14D0CF09844D5713,0x2,0x8,196,228,32,1,0xA,0xA,1,1,660,3436,0.161132812500
9,4096,5,0x14D0CF09844D5713,0x2,0x7,212,219,7,1,0x5,0x5,1,1,677,3419,0.165283203125
9,4096,6,0x14D0CF09844D5713,0x2,0xA,221,233,12,1,0x8,0x8,1,1,653,3443,0.159423828125
9,4096,7,0x14D0CF09844D5713,0x2,0x5,206,238,32,1,0x7,0x7,1,1,712,3384,0.173828125000
9,6144,0,0x14D0CF09844D5713,0x2,0x4,314,356,42,1,0x6,0x6,1,1,1038,5106,0.168945312500
9,6144,1,0x14D0CF09844D5713,0x2,0x5,317,342,25,1,0x7,0x7,1,1,975,5169,0.158691406250
9,6144,2,0x14D0CF09844D5713,0x2,0x0,338,356,18,1,0x2,0x2,1,1,1024,5120,0.166666666667
9,6144,3,0x14D0CF09844D5713,0x2,0x0,324,356,32,1,0x2,0x2,1,1,937,5207,0.152506510417
9,6144,4,0x14D0CF09844D5713,0x2,0x8,294,351,57,1,0xA,0xA,1,1,983,5161,0.159993489583
9,6144,5,0x14D0CF09844D5713,0x2,0x7,320,353,33,1,0x5,0x5,1,1,1009,5135,0.164225260417
9,6144,6,0x14D0CF09844D5713,0x2,0xA,318,340,22,1,0x8,0x8,1,1,971,5173,0.158040364583
9,6144,7,0x14D0CF09844D5713,0x2,0x5,334,352,18,1,0x7,0x7,1,1,1044,5100,0.169921875000
9,8192,0,0x14D0CF09844D5713,0x2,0x4,412,473,61,1,0x6,0x6,1,1,1384,6808,0.168945312500
9,8192,1,0x14D0CF09844D5713,0x2,0x5,408,470,62,1,0x7,0x7,1,1,1329,6863,0.162231445312
9,8192,2,0x14D0CF09844D5713,0x2,0x0,440,478,38,1,0x2,0x2,1,1,1369,6823,0.167114257812
9,8192,3,0x14D0CF09844D5713,0x2,0x0,424,492,68,1,0x2,0x2,1,1,1274,6918,0.155517578125
9,8192,4,0x14D0CF09844D5713,0x2,0x8,405,476,71,1,0xA,0xA,1,1,1319,6873,0.161010742188
9,8192,5,0x14D0CF09844D5713,0x2,0x7,442,476,34,1,0x5,0x5,1,1,1347,6845,0.164428710938
9,8192,6,0x14D0CF09844D5713,0x2,0xA,441,476,35,1,0x8,0x8,1,1,1298,6894,0.158447265625
9,8192,7,0x14D0CF09844D5713,0x2,0x5,451,462,11,1,0x7,0x7,1,1,1365,6827,0.166625976562
9,12288,0,0x14D0CF09844D5713,0x2,0x4,635,731,96,1,0x6,0x6,1,1,2061,10227,0.167724609375
9,12288,1,0x14D0CF09844D5713,0x2,0x5,620,744,124,1,0x7,0x7,1,1,2038,10250,0.165852864583
9,12288,2,0x14D0CF09844D5713,0x2,0x0,669,735,66,1,0x2,0x2,1,1,2047,10241,0.166585286458
9,12288,3,0x14D0CF09844D5713,0x2,0x0,647,727,80,1,0x2,0x2,1,1,1968,10320,0.160156250000
9,12288,4,0x14D0CF09844D5713,0x2,0x8,617,738,121,1,0xA,0xA,1,1,1975,10313,0.160725911458
9,12288,5,0x14D0CF09844D5713,0x2,0x7,656,731,75,1,0x5,0x5,1,1,1988,10300,0.161783854167
9,12288,6,0x14D0CF09844D5713,0x2,0xA,636,740,104,1,0x8,0x8,1,1,1961,10327,0.159586588542
9,12288,7,0x14D0CF09844D5713,0x2,0x5,700,708,8,1,0x7,0x7,1,1,2012,10276,0.163736979167
9,16384,0,0x14D0CF09844D5713,0x2,0x4,848,997,149,1,0x6,0x6,1,1,2749,13635,0.167785644531
9,16384,1,0x14D0CF09844D5713,0x2,0x5,831,987,156,1,0x7,0x7,1,1,2750,13634,0.167846679688
9,16384,2,0x14D0CF09844D5713,0x2,0x0,903,985,82,1,0x2,0x2,1,1,2731,13653,0.166687011719
9,16384,3,0x14D0CF09844D5713,0x2,0x0,863,988,125,1,0x2,0x2,1,1,2590,13794,0.158081054688
9,16384,4,0x14D0CF09844D5713,0x2,0x8,824,976,152,1,0xA,0xA,1,1,2631,13753,0.160583496094
9,16384,5,0x14D0CF09844D5713,0x2,0x7,868,996,128,1,0x5,0x5,1,1,2697,13687,0.164611816406
9,16384,6,0x14D0CF09844D5713,0x2,0xA,823,996,173,1,0x8,0x8,1,1,2614,13770,0.159545898438
9,16384,7,0x14D0CF09844D5713,0x2,0x5,916,980,64,1,0x7,0x7,1,1,2663,13721,0.162536621094
9,24576,0,0x14D0CF09844D5713,0x2,0x4,1298,1497,199,1,0x6,0x6,1,1,4135,20441,0.168253580729
9,24576,1,0x14D0CF09844D5713,0x2,0x5,1260,1483,223,1,0x7,0x7,1,1,4097,20479,0.166707356771
9,24576,2,0x14D0CF09844D5713,0x2,0x0,1334,1460,126,1,0x2,0x2,1,1,4044,20532,0.164550781250
9,24576,3,0x14D0CF09844D5713,0x2,0x0,1317,1488,171,1,0x2,0x2,1,1,3951,20625,0.160766601562
9,24576,4,0x14D0CF09844D5713,0x2,0x8,1245,1486,241,1,0xA,0xA,1,1,3934,20642,0.160074869792
9,24576,5,0x14D0CF09844D5713,0x2,0x7,1288,1492,204,1,0x5,0x5,1,1,3996,20580,0.162597656250
9,24576,6,0x14D0CF09844D5713,0x2,0xA,1224,1501,277,1,0x8,0x8,1,1,4011,20565,0.163208007812
9,24576,7,0x14D0CF09844D5713,0x2,0x5,1324,1492,168,1,0x7,0x7,1,1,3990,20586,0.162353515625
9,32768,0,0x14D0CF09844D5713,0x2,0x4,1694,2002,308,1,0x6,0x6,1,1,5525,27243,0.168609619141
9,32768,1,0x14D0CF09844D5713,0x2,0x5,1678,2006,328,1,0x7,0x7,1,1,5409,27359,0.165069580078
9,32768,2,0x14D0CF09844D5713,0x2,0x0,1776,1952,176,1,0x2,0x2,1,1,5358,27410,0.163513183594
9,32768,3,0x14D0CF09844D5713,0x2,0x0,1746,1993,247,1,0x2,0x2,1,1,5250,27518,0.160217285156
9,32768,4,0x14D0CF09844D5713,0x2,0x8,1689,2004,315,1,0xA,0xA,1,1,5255,27513,0.160369873047
9,32768,5,0x14D0CF09844D5713,0x2,0x7,1707,1966,259,1,0x5,0x5,1,1,5328,27440,0.162597656250
9,32768,6,0x14D0CF09844D5713,0x2,0xA,1634,2030,396,1,0x8,0x8,1,1,5374,27394,0.164001464844
9,32768,7,0x14D0CF09844D5713,0x2,0x5,1762,1990,228,1,0x7,0x7,1,1,5324,27444,0.162475585938
10,512,0,0x6BD04B8CC4A808B3,0x4,0xC,24,27,3,1,0x8,0x6,1,0,84,428,0.164062500000
10,512,1,0x6BD04B8CC4A808B3,0x4,0x5,22,24,2,1,0x1,0x4,1,0,77,435,0.150390625000
10,512,2,0x6BD04B8CC4A808B3,0x4,0xC,23,24,1,1,0x8,0xB,1,0,76,436,0.148437500000
10,512,3,0x6BD04B8CC4A808B3,0x4,0x9,21,23,2,1,0xD,0xE,1,0,67,445,0.130859375000
10,512,4,0x6BD04B8CC4A808B3,0x4,0x3,19,22,3,1,0x7,0x7,1,1,71,441,0.138671875000
10,512,5,0x6BD04B8CC4A808B3,0x4,0x9,25,27,2,1,0xD,0x7,1,0,87,425,0.169921875000
10,512,6,0x6BD04B8CC4A808B3,0x4,0x1,23,24,1,1,0x5,0x6,1,0,95,417,0.185546875000
10,512,7,0x6BD04B8CC4A808B3,0x4,0xC,17,23,6,1,0x8,0x8,1,1,81,431,0.158203125000
10,1024,0,0x6BD04B8CC4A808B3,0x4,0xC,46,54,8,1,0x8,0x6,1,0,162,862,0.158203125000
10,1024,1,0x6BD04B8CC4A808B3,0x4,0xC,49,52,3,1,0x8,0x4,1,0,154,870,0.150390625000
10,1024,2,0x6BD04B8CC4A808B3,0x4,0xF,49,54,5,1,0xB,0xB,1,1,146,878,0.142578125000
10,1024,3,0x6BD04B8CC4A808B3,0x4,0x9,54,55,1,2,0x0,0xE,0,0,158,866,0.154296875000
10,1024,4,0x6BD04B8CC4A808B3,0x4,0x3,39,54,15,1,0x7,0x7,1,1,155,869,0.151367187500
10,1024,5,0x6BD04B8CC4A808B3,0x4,0x9,48,54,6,1,0xD,0x7,1,0,170,854,0.166015625000
10,1024,6,0x6BD04B8CC4A808B3,0x4,0x2,47,51,4,1,0x6,0x6,1,1,189,835,0.184570312500
10,1024,7,0x6BD04B8CC4A808B3,0x4,0x1,48,50,2,1,0x5,0x8,1,0,151,873,0.147460937500
10,1536,0,0x6BD04B8CC4A808B3,0x4,0xC,72,87,15,1,0x8,0x6,1,0,249,1287,0.162109375000
10,1536,1,0x6BD04B8CC4A808B3,0x4,0xA,80,81,1,2,0x0,0x4,0,0,243,1293,0.158203125000
10,1536,2,0x6BD04B8CC4A808B3,0x4,0xF,79,82,3,1,0xB,0xB,1,1,221,1315,0.143880208333
10,1536,3,0x6BD04B8CC4A808B3,0x4,0x6,87,89,2,2,0x0,0xE,0,0,240,1296,0.156250000000
10,1536,4,0x6BD04B8CC4A808B3,0x4,0x3,68,86,18,1,0x7,0x7,1,1,241,1295,0.156901041667
10,1536,5,0x6BD04B8CC4A808B3,0x4,0x3,80,84,4,1,0x7,0x7,1,1,253,1283,0.164713541667
10,1536,6,0x6BD04B8CC4A808B3,0x4,0x2,75,85,10,1,0x6,0x6,1,1,274,1262,0.178385416667
10,1536,7,0x6BD04B8CC4A808B3,0x4,0x1,75,76,1,1,0x5,0x8,1,0,245,1291,0.159505208333
10,2048,0,0x6BD04B8CC4A808B3,0x4,0xC,106,109,3,1,0x8,0x6,1,0,336,1712,0.164062500000
10,2048,1,0x6BD04B8CC4A808B3,0x4,0x0,104,110,6,1,0x4,0x4,1,1,322,1726,0.157226562500
10,2048,2,0x6BD04B8CC4A808B3,0x4,0xF,100,102,2,1,0xB,0xB,1,1,305,1743,0.148925781250
10,2048,3,0x6BD04B8CC4A808B3,0x4,0xA,114,119,5,1,0xE,0xE,1,1,324,1724,0.158203125000
10,2048,4,0x6BD04B8CC4A808B3,0x4,0x3,99,117,18,1,0x7,0x7,1,1,333,1715,0.162597656250
10,2048,5,0x6BD04B8CC4A808B3,0x4,0x3,114,121,7,2,0x0,0x7,0,0,343,1705,0.167480468750
10,2048,6,0x6BD04B8CC4A808B3,0x4,0x2,106,113,7,1,0x6,0x6,1,1,346,1702,0.168945312500
10,2048,7,0x6BD04B8CC4A808B3,0x4,0xC,102,109,7,1,0x8,0x8,1,1,333,1715,0.162597656250
10,3072,0,0x6BD04B8CC4A808B3,0x4,0x2,161,165,4,1,0x6,0x6,1,1,495,2577,0.161132812500
10,3072,1,0x6BD04B8CC4A808B3,0x4,0x0,163,169,6,1,0x4,0x4,1,1,489,2583,0.159179687500
10,3072,2,0x6BD04B8CC4A808B3,0x4,0x2,161,166,5,1,0x6,0xB,1,0,453,2619,0.147460937500
10,3072,3,0x6BD04B8CC4A808B3,0x4,0xA,171,172,1,1,0xE,0xE,1,1,492,2580,0.160156250000
10,3072,4,0x6BD04B8CC4A808B3,0x4,0x3,157,177,20,1,0x7,0x7,1,1,498,2574,0.162109375000
10,3072,5,0x6BD04B8CC4A808B3,0x4,0x3,156,175,19,1,0x7,0x7,1,1,511,2561,0.166341145833
10,3072,6,0x6BD04B8CC4A808B3,0x4,0x2,152,168,16,1,0x6,0x6,1,1,507,2565,0.165039062500
10,3072,7,0x6BD04B8CC4A808B3,0x4,0xC,155,162,7,1,0x8,0x8,1,1,497,2575,0.161783854167
10,4096,0,0x6BD04B8CC4A808B3,0x4,0x2,215,225,10,1,0x6,0x6,1,1,648,3448,0.158203125000
10,4096,1,0x6BD04B8CC4A808B3,0x4,0x0,215,226,11,1,0x4,0x4,1,1,676,3420,0.165039062500
10,4096,2,0x6BD04B8CC4A808B3,0x4,0xF,221,235,14,1,0xB,0xB,1,1,599,3497,0.146240234375
10,4096,3,0x6BD04B8CC4A808B3,0x4,0xE,227,232,5,1,0xA,0xE,1,0,666,3430,0.162597656250
10,4096,4,0x6BD04B8CC4A808B3,0x4,0x3,207,233,26,1,0x7,0x7,1,1,661,3435,0.161376953125
10,4096,5,0x6BD04B8CC4A808B3,0x4,0x3,209,245,36,1,0x7,0x7,1,1,651,3445,0.158935546875
10,4096,6,0x6BD04B8CC4A808B3,0x4,0x2,217,223,6,1,0x6,0x6,1,1,657,3439,0.160400390625
10,4096,7,0x6BD04B8CC4A808B3,0x4,0xC,213,225,12,1,0x8,0x8,1,1,671,3425,0.163818359375
10,6144,0,0x6BD04B8CC4A808B3,0x4,0x2,330,356,26,1,0x6,0x6,1,1,978,5166,0.159179687500
10,6144,1,0x6BD04B8CC4A808B3,0x4,0x0,321,346,25,1,0x4,0x4,1,1,1036,5108,0.168619791667
10,6144,2,0x6BD04B8CC4A808B3,0x4,0xC,334,337,3,1,0x8,0xB,1,0,914,5230,0.148763020833
10,6144,3,0x6BD04B8CC4A808B3,0x4,0xA,330,341,11,1,0xE,0xE,1,1,992,5152,0.161458333333
10,6144,4,0x6BD04B8CC4A808B3,0x4,0x3,312,350,38,1,0x7,0x7,1,1,982,5162,0.159830729167
10,6144,5,0x6BD04B8CC4A808B3,0x4,0x3,326,367,41,1,0x7,0x7,1,1,953,5191,0.155110677083
10,6144,6,0x6BD04B8CC4A808B3,0x4,0x2,330,341,11,1,0x6,0x6,1,1,960,5184,0.156250000000
10,6144,7,0x6BD04B8CC4A808B3,0x4,0x5,326,329,3,1,0x1,0x8,1,0,1000,5144,0.162760416667
10,8192,0,0x6BD04B8CC4A808B3,0x4,0x2,444,477,33,1,0x6,0x6,1,1,1325,6867,0.161743164062
10,8192,1,0x6BD04B8CC4A808B3,0x4,0x0,439,470,31,1,0x4,0x4,1,1,1376,6816,0.167968750000
10,8192,2,0x6BD04B8CC4A808B3,0x4,0xF,430,451,21,1,0xB,0xB,1,1,1265,6927,0.154418945312
10,8192,3,0x6BD04B8CC4A808B3,0x4,0xA,435,479,44,1,0xE,0xE,1,1,1345,6847,0.164184570312
10,8192,4,0x6BD04B8CC4A808B3,0x4,0x3,416,475,59,1,0x7,0x7,1,1,1344,6848,0.164062500000
10,8192,5,0x6BD04B8CC4A808B3,0x4,0x3,430,481,51,1,0x7,0x7,1,1,1296,6896,0.158203125000
10,8192,6,0x6BD04B8CC4A808B3,0x4,0x2,442,450,8,1,0x6,0x6,1,1,1297,6895,0.158325195312
10,8192,7,0x6BD04B8CC4A808B3,0x4,0xC,435,484,49,1,0x8,0x8,1,1,1334,6858,0.162841796875
10,12288,0,0x6BD04B8CC4A808B3,0x4,0x2,645,736,91,1,0x6,0x6,1,1,1977,10311,0.160888671875
10,12288,1,0x6BD04B8CC4A808B3,0x4,0x0,638,716,78,1,0x4,0x4,1,1,2037,10251,0.165771484375
10,12288,2,0x6BD04B8CC4A808B3,0x4,0xF,658,717,59,1,0xB,0xB,1,1,1932,10356,0.157226562500
10,12288,3,0x6BD04B8CC4A808B3,0x4,0xA,646,731,85,1,0xE,0xE,1,1,2014,10274,0.163899739583
10,12288,4,0x6BD04B8CC4A808B3,0x4,0x3,597,746,149,1,0x7,0x7,1,1,2054,10234,0.167154947917
10,12288,5,0x6BD04B8CC4A808B3,0x4,0x3,630,739,109,1,0x7,0x7,1,1,1991,10297,0.162027994792
10,12288,6,0x6BD04B8CC4A808B3,0x4,0x2,670,698,28,1,0x6,0x6,1,1,1965,10323,0.159912109375
10,12288,7,0x6BD04B8CC4A808B3,0x4,0xC,663,721,58,1,0x8,0x8,1,1,1984,10304,0.161458333333
10,16384,0,0x6BD04B8CC4A808B3,0x4,0x2,837,979,142,1,0x6,0x6,1,1,2635,13749,0.160827636719
10,16384,1,0x6BD04B8CC4A808B3,0x4,0x0,827,970,143,1,0x4,0x4,1,1,2757,13627,0.168273925781
10,16384,2,0x6BD04B8CC4A808B3,0x4,0xF,871,982,111,1,0xB,0xB,1,1,2591,13793,0.158142089844
10,16384,3,0x6BD04B8CC4A808B3,0x4,0xA,876,980,104,1,0xE,0xE,1,1,2691,13693,0.164245605469
10,16384,4,0x6BD04B8CC4A808B3,0x4,0x3,794,983,189,1,0x7,0x7,1,1,2720,13664,0.166015625000
10,16384,5,0x6BD04B8CC4A808B3,0x4,0x3,857,991,134,1,0x7,0x7,1,1,2648,13736,0.161621093750
10,16384,6,0x6BD04B8CC4A808B3,0x4,0x2,891,940,49,1,0x6,0x6,1,1,2670,13714,0.162963867188
10,16384,7,0x6BD04B8CC4A808B3,0x4,0xC,904,983,79,1,0x8,0x8,1,1,2649,13735,0.161682128906
10,24576,0,0x6BD04B8CC4A808B3,0x4,0x2,1259,1462,203,1,0x6,0x6,1,1,3975,20601,0.161743164062
10,24576,1,0x6BD04B8CC4A808B3,0x4,0x0,1262,1503,241,1,0x4,0x4,1,1,4016,20560,0.163411458333
10,24576,2,0x6BD04B8CC4A808B3,0x4,0xF,1343,1468,125,1,0xB,0xB,1,1,3870,20706,0.157470703125
10,24576,3,0x6BD04B8CC4A808B3,0x4,0xA,1314,1491,177,1,0xE,0xE,1,1,4030,20546,0.163981119792
10,24576,4,0x6BD04B8CC4A808B3,0x4,0x3,1222,1502,280,1,0x7,0x7,1,1,4062,20514,0.165283203125
10,24576,5,0x6BD04B8CC4A808B3,0x4,0x3,1259,1488,229,1,0x7,0x7,1,1,3977,20599,0.161824544271
10,24576,6,0x6BD04B8CC4A808B3,0x4,0x2,1338,1469,131,1,0x6,0x6,1,1,3926,20650,0.159749348958
10,24576,7,0x6BD04B8CC4A808B3,0x4,0xC,1361,1483,122,1,0x8,0x8,1,1,4021,20555,0.163614908854
10,32768,0,0x6BD04B8CC4A808B3,0x4,0x2,1693,1940,247,1,0x6,0x6,1,1,5292,27476,0.161499023438
10,32768,1,0x6BD04B8CC4A808B3,0x4,0x0,1699,1989,290,1,0x4,0x4,1,1,5345,27423,0.163116455078
10,32768,2,0x6BD04B8CC4A808B3,0x4,0xF,1756,1982,226,1,0xB,0xB,1,1,5228,27540,0.159545898438
10,32768,3,0x6BD04B8CC4A808B3,0x4,0xA,1747,1988,241,1,0xE,0xE,1,1,5366,27402,0.163757324219
10,32768,4,0x6BD04B8CC4A808B3,0x4,0x3,1657,2000,343,1,0x7,0x7,1,1,5434,27334,0.165832519531
10,32768,5,0x6BD04B8CC4A808B3,0x4,0x3,1631,2021,390,1,0x7,0x7,1,1,5319,27449,0.162322998047
10,32768,6,0x6BD04B8CC4A808B3,0x4,0x2,1749,2014,265,1,0x6,0x6,1,1,5304,27464,0.161865234375
10,32768,7,0x6BD04B8CC4A808B3,0x4,0xC,1768,2005,237,1,0x8,0x8,1,1,5283,27485,0.161224365234
11,512,0,0x67498F05F36B3762,0xF,0x3,22,26,4,1,0xC,0x1,1,0,94,418,0.183593750000
11,512,1,0x67498F05F36B3762,0xF,0xE,21,25,4,1,0x1,0x7,1,0,77,435,0.150390625000
11,512,2,0x67498F05F36B3762,0xF,0x1,23,24,1,1,0xE,0xC,1,0,84,428,0.164062500000
11,512,3,0x67498F05F36B3762,0xF,0xB,23,24,1,1,0x4,0xE,1,0,76,436,0.148437500000
11,512,4,0x67498F05F36B3762,0xF,0xF,14,23,9,1,0x0,0x6,1,0,81,431,0.158203125000
11,512,5,0x67498F05F36B3762,0xF,0x7,21,24,3,1,0x8,0xD,1,0,97,415,0.189453125000
11,512,6,0x67498F05F36B3762,0xF,0x3,24,25,1,2,0x0,0x3,0,0,89,423,0.173828125000
11,512,7,0x67498F05F36B3762,0xF,0x3,22,24,2,1,0xC,0xD,1,0,74,438,0.144531250000
11,1024,0,0x67498F05F36B3762,0xF,0x3,52,56,4,1,0xC,0x1,1,0,181,843,0.176757812500
11,1024,1,0x67498F05F36B3762,0xF,0x8,54,56,2,1,0x7,0x7,1,1,154,870,0.150390625000
11,1024,2,0x67498F05F36B3762,0xF,0xF,52,53,1,1,0x0,0xC,1,0,159,865,0.155273437500
11,1024,3,0x67498F05F36B3762,0xF,0x6,51,56,5,1,0x9,0xE,1,0,160,864,0.156250000000
11,1024,4,0x67498F05F36B3762,0xF,0x9,49,50,1,1,0x6,0x6,1,1,167,857,0.163085937500
11,1024,5,0x67498F05F36B3762,0xF,0x7,54,55,1,1,0x8,0xD,1,0,195,829,0.190429687500
11,1024,6,0x67498F05F36B3762,0xF,0x3,42,49,7,1,0xC,0x3,1,0,173,851,0.168945312500
11,1024,7,0x67498F05F36B3762,0xF,0x3,53,58,5,1,0xC,0xD,1,0,157,867,0.153320312500
11,1536,0,0x67498F05F36B3762,0xF,0xC,81,82,1,1,0x3,0x1,1,0,251,1285,0.163411458333
11,1536,1,0x67498F05F36B3762,0xF,0x8,81,83,2,1,0x7,0x7,1,1,230,1306,0.149739583333
11,1536,2,0x67498F05F36B3762,0xF,0x1,75,85,10,1,0xE,0xC,1,0,244,1292,0.158854166667
11,1536,3,0x67498F05F36B3762,0xF,0xB,85,86,1,2,0x0,0xE,0,0,235,1301,0.152994791667
11,1536,4,0x67498F05F36B3762,0xF,0x9,77,80,3,1,0x6,0x6,1,1,253,1283,0.164713541667
11,1536,5,0x67498F05F36B3762,0xF,0x6,80,81,1,1,0x9,0xD,1,0,282,1254,0.183593750000
11,1536,6,0x67498F05F36B3762,0xF,0xC,66,85,19,1,0x3,0x3,1,1,268,1268,0.174479166667
11,1536,7,0x67498F05F36B3762,0xF,0x3,84,87,3,1,0xC,0xD,1,0,243,1293,0.158203125000
11,2048,0,0x67498F05F36B3762,0xF,0xC,106,107,1,1,0x3,0x1,1,0,323,1725,0.157714843750
11,2048,1,0x67498F05F36B3762,0xF,0x8,105,109,4,1,0x7,0x7,1,1,309,1739,0.150878906250
11,2048,2,0x67498F05F36B3762,0xF,0x1,100,113,13,1,0xE,0xC,1,0,324,1724,0.158203125000
11,2048,3,0x67498F05F36B3762,0xF,0x1,104,122,18,2,0x0,0xE,0,0,311,1737,0.151855468750
11,2048,4,0x67498F05F36B3762,0xF,0x9,96,112,16,1,0x6,0x6,1,1,332,1716,0.162109375000
11,2048,5,0x67498F05F36B3762,0xF,0x2,106,114,8,1,0xD,0xD,1,1,367,1681,0.179199218750
11,2048,6,0x67498F05F36B3762,0xF,0xC,92,113,21,1,0x3,0x3,1,1,344,1704,0.167968750000
11,2048,7,0x67498F05F36B3762,0xF,0x2,108,116,8,1,0xD,0xD,1,1,322,1726,0.157226562500
11,3072,0,0x67498F05F36B3762,0xF,0xE,163,174,11,1,0x1,0x1,1,1,470,2602,0.152994791667
11,3072,1,0x67498F05F36B3762,0xF,0x8,159,172,13,1,0x7,0x7,1,1,466,2606,0.151692708333
11,3072,2,0x67498F05F36B3762,0xF,0x1,173,176,3,2,0x0,0xC,0,0,485,2587,0.157877604167
11,3072,3,0x67498F05F36B3762,0xF,0x1,149,171,22,1,0xE,0xE,1,1,482,2590,0.156901041667
11,3072,4,0x67498F05F36B3762,0xF,0x9,141,170,29,1,0x6,0x6,1,1,502,2570,0.163411458333
11,3072,5,0x67498F05F36B3762,0xF,0x2,152,173,21,1,0xD,0xD,1,1,529,2543,0.172200520833
11,3072,6,0x67498F05F36B3762,0xF,0xC,145,175,30,1,0x3,0x3,1,1,519,2553,0.168945312500
11,3072,7,0x67498F05F36B3762,0xF,0x2,164,171,7,1,0xD,0xD,1,1,499,2573,0.162434895833
11,4096,0,0x67498F05F36B3762,0xF,0xE,210,239,29,1,0x1,0x1,1,1,628,3468,0.153320312500
11,4096,1,0x67498F05F36B3762,0xF,0x8,196,236,40,1,0x7,0x7,1,1,621,3475,0.151611328125
11,4096,2,0x67498F05F36B3762,0xF,0x3,218,224,6,1,0xC,0xC,1,1,648,3448,0.158203125000
11,4096,3,0x67498F05F36B3762,0xF,0x1,191,238,47,1,0xE,0xE,1,1,647,3449,0.157958984375
11,4096,4,0x67498F05F36B3762,0xF,0x9,202,237,35,1,0x6,0x6,1,1,683,3413,0.166748046875
11,4096,5,0x67498F05F36B3762,0xF,0x2,207,230,23,1,0xD,0xD,1,1,693,3403,0.169189453125
11,4096,6,0x67498F05F36B3762,0xF,0xC,189,237,48,1,0x3,0x3,1,1,692,3404,0.168945312500
11,4096,7,0x67498F05F36B3762,0xF,0x2,212,242,30,1,0xD,0xD,1,1,655,3441,0.159912109375
11,6144,0,0x67498F05F36B3762,0xF,0xE,308,371,63,1,0x1,0x1,1,1,977,5167,0.159016927083
11,6144,1,0x67498F05F36B3762,0xF,0x8,307,353,46,1,0x7,0x7,1,1,953,5191,0.155110677083
11,6144,2,0x67498F05F36B3762,0xF,0x3,321,353,32,1,0xC,0xC,1,1,971,5173,0.158040364583
11,6144,3,0x67498F05F36B3762,0xF,0x1,299,365,66,1,0xE,0xE,1,1,965,5179,0.157063802083
11,6144,4,0x67498F05F36B3762,0xF,0x9,302,357,55,1,0x6,0x6,1,1,1031,5113,0.167805989583
11,6144,5,0x67498F05F36B3762,0xF,0x2,308,348,40,1,0xD,0xD,1,1,991,5153,0.161295572917
11,6144,6,0x67498F05F36B3762,0xF,0xC,276,360,84,1,0x3,0x3,1,1,1047,5097,0.170410156250
11,6144,7,0x67498F05F36B3762,0xF,0x2,306,350,44,1,0xD,0xD,1,1,999,5145,0.162597656250
11,8192,0,0x67498F05F36B3762,0xF,0xE,415,479,64,1,0x1,0x1,1,1,1336,6856,0.163085937500
11,8192,1,0x67498F05F36B3762,0xF,0x8,429,467,38,1,0x7,0x7,1,1,1300,6892,0.158691406250
11,8192,2,0x67498F05F36B3762,0xF,0x3,433,479,46,1,0xC,0xC,1,1,1331,6861,0.162475585938
11,8192,3,0x67498F05F36B3762,0xF,0x1,420,481,61,1,0xE,0xE,1,1,1330,6862,0.162353515625
11,8192,4,0x67498F05F36B3762,0xF,0x9,433,460,27,1,0x6,0x6,1,1,1383,6809,0.168823242188
11,8192,5,0x67498F05F36B3762,0xF,0x2,418,480,62,1,0xD,0xD,1,1,1349,6843,0.164672851562
11,8192,6,0x67498F05F36B3762,0xF,0xC,387,473,86,1,0x3,0x3,1,1,1418,6774,0.173095703125
11,8192,7,0x67498F05F36B3762,0xF,0x2,415,486,71,1,0xD,0xD,1,1,1336,6856,0.163085937500
11,12288,0,0x67498F05F36B3762,0xF,0xE,636,730,94,1,0x1,0x1,1,1,1998,10290,0.162597656250
11,12288,1,0x67498F05F36B3762,0xF,0x8,626,718,92,1,0x7,0x7,1,1,1941,10347,0.157958984375
11,12288,2,0x67498F05F36B3762,0xF,0x3,647,716,69,1,0xC,0xC,1,1,2020,10268,0.164388020833
11,12288,3,0x67498F05F36B3762,0xF,0x1,632,725,93,1,0xE,0xE,1,1,1983,10305,0.161376953125
11,12288,4,0x67498F05F36B3762,0xF,0x9,650,726,76,1,0x6,0x6,1,1,2062,10226,0.167805989583
11,12288,5,0x67498F05F36B3762,0xF,0x2,615,721,106,1,0xD,0xD,1,1,1999,10289,0.162679036458
11,12288,6,0x67498F05F36B3762,0xF,0xC,577,726,149,1,0x3,0x3,1,1,2101,10187,0.170979817708
11,12288,7,0x67498F05F36B3762,0xF,0x2,633,744,111,1,0xD,0xD,1,1,2009,10279,0.163492838542
11,16384,0,0x67498F05F36B3762,0xF,0xE,858,983,125,1,0x1,0x1,1,1,2654,13730,0.161987304688
11,16384,1,0x67498F05F36B3762,0xF,0x8,858,968,110,1,0x7,0x7,1,1,2601,13783,0.158752441406
11,16384,2,0x67498F05F36B3762,0xF,0x3,875,977,102,1,0xC,0xC,1,1,2701,13683,0.164855957031
11,16384,3,0x67498F05F36B3762,0xF,0x1,852,979,127,1,0xE,0xE,1,1,2654,13730,0.161987304688
11,16384,4,0x67498F05F36B3762,0xF,0x9,853,989,136,1,0x6,0x6,1,1,2738,13646,0.167114257812
11,16384,5,0x67498F05F36B3762,0xF,0x2,825,978,153,1,0xD,0xD,1,1,2690,13694,0.164184570312
11,16384,6,0x67498F05F36B3762,0xF,0xC,786,972,186,1,0x3,0x3,1,1,2749,13635,0.167785644531
11,16384,7,0x67498F05F36B3762,0xF,0x2,849,960,111,1,0xD,0xD,1,1,2724,13660,0.166259765625
11,24576,0,0x67498F05F36B3762,0xF,0xE,1288,1480,192,1,0x1,0x1,1,1,3995,20581,0.162556966146
11,24576,1,0x67498F05F36B3762,0xF,0x8,1237,1484,247,1,0x7,0x7,1,1,3928,20648,0.159830729167
11,24576,2,0x67498F05F36B3762,0xF,0x3,1351,1490,139,1,0xC,0xC,1,1,4042,20534,0.164469401042
11,24576,3,0x67498F05F36B3762,0xF,0x1,1347,1481,134,1,0xE,0xE,1,1,4012,20564,0.163248697917
11,24576,4,0x67498F05F36B3762,0xF,0x9,1281,1481,200,1,0x6,0x6,1,1,4132,20444,0.168131510417
11,24576,5,0x67498F05F36B3762,0xF,0x2,1238,1463,225,1,0xD,0xD,1,1,3973,20603,0.161661783854
11,24576,6,0x67498F05F36B3762,0xF,0xC,1210,1471,261,1,0x3,0x3,1,1,4068,20508,0.165527343750
11,24576,7,0x67498F05F36B3762,0xF,0x2,1263,1475,212,1,0xD,0xD,1,1,4048,20528,0.164713541667
11,32768,0,0x67498F05F36B3762,0xF,0xE,1703,1997,294,1,0x1,0x1,1,1,5343,27425,0.163055419922
11,32768,1,0x67498F05F36B3762,0xF,0x8,1642,1990,348,1,0x7,0x7,1,1,5275,27493,0.160980224609
11,32768,2,0x67498F05F36B3762,0xF,0x3,1779,2015,236,1,0xC,0xC,1,1,5363,27405,0.163665771484
11,32768,3,0x67498F05F36B3762,0xF,0x1,1788,1960,172,1,0xE,0xE,1,1,5377,27391,0.164093017578
11,32768,4,0x67498F05F36B3762,0xF,0x9,1673,2005,332,1,0x6,0x6,1,1,5471,27297,0.166961669922
11,32768,5,0x67498F05F36B3762,0xF,0x2,1680,1971,291,1,0xD,0xD,1,1,5286,27482,0.161315917969
11,32768,6,0x67498F05F36B3762,0xF,0xC,1643,2004,361,1,0x3,0x3,1,1,5398,27370,0.164733886719
11,32768,7,0x67498F05F36B3762,0xF,0x2,1712,1994,282,1,0xD,0xD,1,1,5415,27353,0.165252685547
12,512,0,0xD2DFC93FEBE1C6E6,0x6,0x5,19,21,2,1,0x3,0x3,1,1,86,426,0.167968750000
12,512,1,0xD2DFC93FEBE1C6E6,0x6,0x1,20,22,2,2,0x0,0x5,0,0,94,418,0.183593750000
12,512,2,0xD2DFC93FEBE1C6E6,0x6,0xD,22,25,3,1,0xB,0xE,1,0,77,435,0.150390625000
12,512,3,0xD2DFC93FEBE1C6E6,0x6,0x7,21,22,1,1,0x1,0x4,1,0,102,410,0.199218750000
12,512,4,0xD2DFC93FEBE1C6E6,0x6,0xB,20,26,6,1,0xD,0x4,1,0,83,429,0.162109375000
12,512,5,0xD2DFC93FEBE1C6E6,0x6,0x2,19,24,5,2,0x0,0x4,0,0,87,425,0.169921875000
12,512,6,0xD2DFC93FEBE1C6E6,0x6,0x2,23,26,3,1,0x4,0xD,1,0,92,420,0.179687500000
12,512,7,0xD2DFC93FEBE1C6E6,0x6,0x2,27,29,2,3,0x0,0x4,0,0,84,428,0.164062500000
12,1024,0,0xD2DFC93FEBE1C6E6,0x6,0x5,42,55,13,2,0x0,0x3,0,0,166,858,0.162109375000
12,1024,1,0xD2DFC93FEBE1C6E6,0x6,0x3,47,53,6,1,0x5,0x5,1,1,186,838,0.181640625000
12,1024,2,0xD2DFC93FEBE1C6E6,0x6,0xC,56,57,1,1,0xA,0xE,1,0,162,862,0.158203125000
12,1024,3,0xD2DFC93FEBE1C6E6,0x6,0x2,47,49,2,1,0x4,0x4,1,1,201,823,0.196289062500
12,1024,4,0xD2DFC93FEBE1C6E6,0x6,0x2,49,53,4,1,0x4,0x4,1,1,157,867,0.153320312500
12,1024,5,0xD2DFC93FEBE1C6E6,0x6,0xC,43,50,7,1,0xA,0x4,1,0,169,855,0.165039062500
12,1024,6,0xD2DFC93FEBE1C6E6,0x6,0xB,49,53,4,1,0xD,0xD,1,1,173,851,0.168945312500
12,1024,7,0xD2DFC93FEBE1C6E6,0x6,0x4,51,56,5,1,0x2,0x4,1,0,175,849,0.170898437500
12,1536,0,0xD2DFC93FEBE1C6E6,0x6,0x5,75,79,4,1,0x3,0x3,1,1,259,1277,0.168619791667
12,1536,1,0xD2DFC93FEBE1C6E6,0x6,0x3,76,79,3,1,0x5,0x5,1,1,266,1270,0.173177083333
12,1536,2,0xD2DFC93FEBE1C6E6,0x6,0x8,83,86,3,1,0xE,0xE,1,1,251,1285,0.163411458333
12,1536,3,0xD2DFC93FEBE1C6E6,0x6,0x3,68,76,8,1,0x5,0x4,1,0,290,1246,0.188802083333
12,1536,4,0xD2DFC93FEBE1C6E6,0x6,0x2,73,78,5,1,0x4,0x4,1,1,242,1294,0.157552083333
12,1536,5,0xD2DFC93FEBE1C6E6,0x6,0x0,75,76,1,1,0x6,0x4,1,0,263,1273,0.171223958333
12,1536,6,0xD2DFC93FEBE1C6E6,0x6,0xB,80,83,3,1,0xD,0xD,1,1,253,1283,0.164713541667
12,1536,7,0xD2DFC93FEBE1C6E6,0x6,0x2,77,82,5,1,0x4,0x4,1,1,253,1283,0.164713541667
12,2048,0,0xD2DFC93FEBE1C6E6,0x6,0xA,103,109,6,2,0x0,0x3,0,0,346,1702,0.168945312500
12,2048,1,0xD2DFC93FEBE1C6E6,0x6,0x3,95,102,7,1,0x5,0x5,1,1,347,1701,0.169433593750
12,2048,2,0xD2DFC93FEBE1C6E6,0x6,0x8,113,117,4,1,0xE,0xE,1,1,338,1710,0.165039062500
12,2048,3,0xD2DFC93FEBE1C6E6,0x6,0x3,99,100,1,1,0x5,0x4,1,0,375,1673,0.183105468750
12,2048,4,0xD2DFC93FEBE1C6E6,0x6,0x2,96,112,16,1,0x4,0x4,1,1,319,1729,0.155761718750
12,2048,5,0xD2DFC93FEBE1C6E6,0x6,0x2,104,113,9,1,0x4,0x4,1,1,339,1709,0.165527343750
12,2048,6,0xD2DFC93FEBE1C6E6,0x6,0xB,107,115,8,1,0xD,0xD,1,1,323,1725,0.157714843750
12,2048,7,0xD2DFC93FEBE1C6E6,0x6,0x4,102,104,2,1,0x2,0x4,1,0,352,1696,0.171875000000
12,3072,0,0xD2DFC93FEBE1C6E6,0x6,0x5,164,167,3,1,0x3,0x3,1,1,490,2582,0.159505208333
12,3072,1,0xD2DFC93FEBE1C6E6,0x6,0x3,144,162,18,1,0x5,0x5,1,1,528,2544,0.171875000000
12,3072,2,0xD2DFC93FEBE1C6E6,0x6,0x8,165,180,15,1,0xE,0xE,1,1,496,2576,0.161458333333
12,3072,3,0xD2DFC93FEBE1C6E6,0x6,0x3,150,153,3,1,0x5,0x4,1,0,520,2552,0.169270833333
12,3072,4,0xD2DFC93FEBE1C6E6,0x6,0x2,150,180,30,1,0x4,0x4,1,1,496,2576,0.161458333333
12,3072,5,0xD2DFC93FEBE1C6E6,0x6,0x2,168,177,9,1,0x4,0x4,1,1,521,2551,0.169596354167
12,3072,6,0xD2DFC93FEBE1C6E6,0x6,0xB,171,174,3,2,0x0,0xD,0,0,470,2602,0.152994791667
12,3072,7,0xD2DFC93FEBE1C6E6,0x6,0x2,162,173,11,1,0x4,0x4,1,1,508,2564,0.165364583333
12,4096,0,0xD2DFC93FEBE1C6E6,0x6,0x5,214,234,20,1,0x3,0x3,1,1,659,3437,0.160888671875
12,4096,1,0xD2DFC93FEBE1C6E6,0x6,0x3,191,229,38,1,0x5,0x5,1,1,677,3419,0.165283203125
12,4096,2,0xD2DFC93FEBE1C6E6,0x6,0x8,213,235,22,1,0xE,0xE,1,1,689,3407,0.168212890625
12,4096,3,0xD2DFC93FEBE1C6E6,0x6,0x9,208,214,6,1,0xF,0x4,1,0,692,3404,0.168945312500
12,4096,4,0xD2DFC93FEBE1C6E6,0x6,0x2,208,237,29,1,0x4,0x4,1,1,650,3446,0.158691406250
12,4096,5,0xD2DFC93FEBE1C6E6,0x6,0x2,228,234,6,1,0x4,0x4,1,1,694,3402,0.169433593750
12,4096,6,0xD2DFC93FEBE1C6E6,0x6,0xE,232,233,1,1,0x8,0xD,1,0,626,3470,0.152832031250
12,4096,7,0xD2DFC93FEBE1C6E6,0x6,0x2,209,229,20,1,0x4,0x4,1,1,689,3407,0.168212890625
12,6144,0,0xD2DFC93FEBE1C6E6,0x6,0x5,329,367,38,1,0x3,0x3,1,1,997,5147,0.162272135417
12,6144,1,0xD2DFC93FEBE1C6E6,0x6,0x3,298,360,62,1,0x5,0x5,1,1,1005,5139,0.163574218750
12,6144,2,0xD2DFC93FEBE1C6E6,0x6,0x8,323,350,27,1,0xE,0xE,1,1,993,5151,0.161621093750
12,6144,3,0xD2DFC93FEBE1C6E6,0x6,0x2,310,340,30,1,0x4,0x4,1,1,1012,5132,0.164713541667
12,6144,4,0xD2DFC93FEBE1C6E6,0x6,0x2,299,354,55,1,0x4,0x4,1,1,1001,5143,0.162923177083
12,6144,5,0xD2DFC93FEBE1C6E6,0x6,0x2,329,340,11,1,0x4,0x4,1,1,1047,5097,0.170410156250
12,6144,6,0xD2DFC93FEBE1C6E6,0x6,0xB,328,349,21,1,0xD,0xD,1,1,981,5163,0.159667968750
12,6144,7,0xD2DFC93FEBE1C6E6,0x6,0x2,313,356,43,1,0x4,0x4,1,1,1046,5098,0.170247395833
12,8192,0,0xD2DFC93FEBE1C6E6,0x6,0x5,440,485,45,1,0x3,0x3,1,1,1301,6891,0.158813476562
12,8192,1,0xD2DFC93FEBE1C6E6,0x6,0x3,383,480,97,1,0x5,0x5,1,1,1367,6825,0.166870117188
12,8192,2,0xD2DFC93FEBE1C6E6,0x6,0x8,423,473,50,1,0xE,0xE,1,1,1336,6856,0.163085937500
12,8192,3,0xD2DFC93FEBE1C6E6,0x6,0x2,421,464,43,1,0x4,0x4,1,1,1322,6870,0.161376953125
12,8192,4,0xD2DFC93FEBE1C6E6,0x6,0x2,411,478,67,1,0x4,0x4,1,1,1353,6839,0.165161132812
12,8192,5,0xD2DFC93FEBE1C6E6,0x6,0x2,443,469,26,1,0x4,0x4,1,1,1385,6807,0.169067382812
12,8192,6,0xD2DFC93FEBE1C6E6,0x6,0xB,436,472,36,1,0xD,0xD,1,1,1322,6870,0.161376953125
12,8192,7,0xD2DFC93FEBE1C6E6,0x6,0x2,420,453,33,1,0x4,0x4,1,1,1404,6788,0.171386718750
12,12288,0,0xD2DFC93FEBE1C6E6,0x6,0x5,670,727,57,1,0x3,0x3,1,1,1950,10338,0.158691406250
12,12288,1,0xD2DFC93FEBE1C6E6,0x6,0x3,600,736,136,1,0x5,0x5,1,1,2026,10262,0.164876302083
12,12288,2,0xD2DFC93FEBE1C6E6,0x6,0x8,651,734,83,1,0xE,0xE,1,1,2034,10254,0.165527343750
12,12288,3,0xD2DFC93FEBE1C6E6,0x6,0x2,635,718,83,1,0x4,0x4,1,1,1959,10329,0.159423828125
12,12288,4,0xD2DFC93FEBE1C6E6,0x6,0x2,653,723,70,1,0x4,0x4,1,1,2040,10248,0.166015625000
12,12288,5,0xD2DFC93FEBE1C6E6,0x6,0x2,644,714,70,1,0x4,0x4,1,1,2065,10223,0.168050130208
12,12288,6,0xD2DFC93FEBE1C6E6,0x6,0xB,666,726,60,1,0xD,0xD,1,1,1972,10316,0.160481770833
12,12288,7,0xD2DFC93FEBE1C6E6,0x6,0x2,640,713,73,1,0x4,0x4,1,1,2084,10204,0.169596354167
12,16384,0,0xD2DFC93FEBE1C6E6,0x6,0x5,889,972,83,1,0x3,0x3,1,1,2589,13795,0.158020019531
12,16384,1,0xD2DFC93FEBE1C6E6,0x6,0x3,790,960,170,1,0x5,0x5,1,1,2731,13653,0.166687011719
12,16384,2,0xD2DFC93FEBE1C6E6,0x6,0x8,875,987,112,1,0xE,0xE,1,1,2691,13693,0.164245605469
12,16384,3,0xD2DFC93FEBE1C6E6,0x6,0x2,846,984,138,1,0x4,0x4,1,1,2585,13799,0.157775878906
12,16384,4,0xD2DFC93FEBE1C6E6,0x6,0x2,885,970,85,1,0x4,0x4,1,1,2690,13694,0.164184570312
12,16384,5,0xD2DFC93FEBE1C6E6,0x6,0x2,851,955,104,1,0x4,0x4,1,1,2755,13629,0.168151855469
12,16384,6,0xD2DFC93FEBE1C6E6,0x6,0xB,880,990,110,1,0xD,0xD,1,1,2623,13761,0.160095214844
12,16384,7,0xD2DFC93FEBE1C6E6,0x6,0x2,843,955,112,1,0x4,0x4,1,1,2774,13610,0.169311523438
12,24576,0,0xD2DFC93FEBE1C6E6,0x6,0x5,1321,1496,175,1,0x3,0x3,1,1,3963,20613,0.161254882812
12,24576,1,0xD2DFC93FEBE1C6E6,0x6,0x3,1252,1467,215,1,0x5,0x5,1,1,4148,20428,0.168782552083
12,24576,2,0xD2DFC93FEBE1C6E6,0x6,0x8,1286,1492,206,1,0xE,0xE,1,1,4091,20485,0.166463216146
12,24576,3,0xD2DFC93FEBE1C6E6,0x6,0x2,1267,1488,221,1,0x4,0x4,1,1,3913,20663,0.159220377604
12,24576,4,0xD2DFC93FEBE1C6E6,0x6,0x2,1310,1483,173,1,0x4,0x4,1,1,4022,20554,0.163655598958
12,24576,5,0xD2DFC93FEBE1C6E6,0x6,0x2,1260,1472,212,1,0x4,0x4,1,1,4116,20460,0.167480468750
12,24576,6,0xD2DFC93FEBE1C6E6,0x6,0xB,1305,1500,195,1,0xD,0xD,1,1,3927,20649,0.159790039062
12,24576,7,0xD2DFC93FEBE1C6E6,0x6,0x2,1278,1461,183,1,0x4,0x4,1,1,4082,20494,0.166097005208
12,32768,0,0xD2DFC93FEBE1C6E6,0x6,0x5,1728,2001,273,1,0x3,0x3,1,1,5269,27499,0.160797119141
12,32768,1,0xD2DFC93FEBE1C6E6,0x6,0x3,1672,1985,313,1,0x5,0x5,1,1,5508,27260,0.168090820312
12,32768,2,0xD2DFC93FEBE1C6E6,0x6,0x8,1740,2016,276,1,0xE,0xE,1,1,5435,27333,0.165863037109
12,32768,3,0xD2DFC93FEBE1C6E6,0x6,0x2,1697,1965,268,1,0x4,0x4,1,1,5244,27524,0.160034179688
12,32768,4,0xD2DFC93FEBE1C6E6,0x6,0x2,1740,1988,248,1,0x4,0x4,1,1,5318,27450,0.162292480469
12,32768,5,0xD2DFC93FEBE1C6E6,0x6,0x2,1682,2004,322,1,0x4,0x4,1,1,5422,27346,0.165466308594
12,32768,6,0xD2DFC93FEBE1C6E6,0x6,0xB,1733,1996,263,1,0xD,0xD,1,1,5242,27526,0.159973144531
12,32768,7,0xD2DFC93FEBE1C6E6,0x6,0x2,1707,1980,273,1,0x4,0x4,1,1,5475,27293,0.167083740234
13,512,0,0x2D0DAAABC6CCFF8A,0x3,0x9,24,28,4,1,0xA,0x7,1,0,71,441,0.138671875000
13,512,1,0x2D0DAAABC6CCFF8A,0x3,0xE,17,22,5,1,0xD,0xD,1,1,87,425,0.169921875000
13,512,2,0x2D0DAAABC6CCFF8A,0x3,0x1,25,26,1,1,0x2,0x2,1,1,80,432,0.156250000000
13,512,3,0x2D0DAAABC6CCFF8A,0x3,0xB,25,26,1,2,0x0,0x7,0,0,75,437,0.146484375000
13,512,4,0x2D0DAAABC6CCFF8A,0x3,0x5,21,24,3,1,0x6,0x1,1,0,92,420,0.179687500000
13,512,5,0x2D0DAAABC6CCFF8A,0x3,0x0,25,27,2,1,0x3,0x6,1,0,81,431,0.158203125000
13,512,6,0x2D0DAAABC6CCFF8A,0x3,0x8,22,24,2,2,0x0,0x6,0,0,74,438,0.144531250000
13,512,7,0x2D0DAAABC6CCFF8A,0x3,0x6,25,26,1,2,0x0,0xB,0,0,95,417,0.185546875000
13,1024,0,0x2D0DAAABC6CCFF8A,0x3,0x4,47,49,2,1,0x7,0x7,1,1,152,872,0.148437500000
13,1024,1,0x2D0DAAABC6CCFF8A,0x3,0xE,40,44,4,1,0xD,0xD,1,1,187,837,0.182617187500
13,1024,2,0x2D0DAAABC6CCFF8A,0x3,0xB,52,53,1,2,0x0,0x2,0,0,164,860,0.160156250000
13,1024,3,0x2D0DAAABC6CCFF8A,0x3,0xF,49,58,9,1,0xC,0x7,1,0,154,870,0.150390625000
13,1024,4,0x2D0DAAABC6CCFF8A,0x3,0x2,52,55,3,2,0x0,0x1,0,0,169,855,0.165039062500
13,1024,5,0x2D0DAAABC6CCFF8A,0x3,0x0,50,51,1,1,0x3,0x6,1,0,169,855,0.165039062500
13,1024,6,0x2D0DAAABC6CCFF8A,0x3,0x8,51,55,4,1,0xB,0x6,1,0,165,859,0.161132812500
13,1024,7,0x2D0DAAABC6CCFF8A,0x3,0x7,48,52,4,1,0x4,0xB,1,0,171,853,0.166992187500
13,1536,0,0x2D0DAAABC6CCFF8A,0x3,0x4,73,84,11,1,0x7,0x7,1,1,228,1308,0.148437500000
13,1536,1,0x2D0DAAABC6CCFF8A,0x3,0xE,64,84,20,1,0xD,0xD,1,1,263,1273,0.171223958333
13,1536,2,0x2D0DAAABC6CCFF8A,0x3,0x1,75,81,6,1,0x2,0x2,1,1,245,1291,0.159505208333
13,1536,3,0x2D0DAAABC6CCFF8A,0x3,0xF,84,89,5,1,0xC,0x7,1,0,241,1295,0.156901041667
13,1536,4,0x2D0DAAABC6CCFF8A,0x3,0x2,74,87,13,1,0x1,0x1,1,1,259,1277,0.168619791667
13,1536,5,0x2D0DAAABC6CCFF8A,0x3,0x5,75,83,8,1,0x6,0x6,1,1,258,1278,0.167968750000
13,1536,6,0x2D0DAAABC6CCFF8A,0x3,0x5,78,85,7,1,0x6,0x6,1,1,243,1293,0.158203125000
13,1536,7,0x2D0DAAABC6CCFF8A,0x3,0x6,79,84,5,1,0x5,0xB,1,0,261,1275,0.169921875000
13,2048,0,0x2D0DAAABC6CCFF8A,0x3,0x4,97,107,10,1,0x7,0x7,1,1,303,1745,0.147949218750
13,2048,1,0x2D0DAAABC6CCFF8A,0x3,0xE,102,104,2,1,0xD,0xD,1,1,344,1704,0.167968750000
13,2048,2,0x2D0DAAABC6CCFF8A,0x3,0x1,105,118,13,1,0x2,0x2,1,1,323,1725,0.157714843750
13,2048,3,0x2D0DAAABC6CCFF8A,0x3,0x5,109,116,7,1,0x6,0x7,1,0,324,1724,0.158203125000
13,2048,4,0x2D0DAAABC6CCFF8A,0x3,0x2,103,115,12,1,0x1,0x1,1,1,343,1705,0.167480468750
13,2048,5,0x2D0DAAABC6CCFF8A,0x3,0x5,100,116,16,1,0x6,0x6,1,1,347,1701,0.169433593750
13,2048,6,0x2D0DAAABC6CCFF8A,0x3,0x5,107,112,5,1,0x6,0x6,1,1,329,1719,0.160644531250
13,2048,7,0x2D0DAAABC6CCFF8A,0x3,0x8,114,115,1,2,0x0,0xB,0,0,350,1698,0.170898437500
13,3072,0,0x2D0DAAABC6CCFF8A,0x3,0x4,145,160,15,1,0x7,0x7,1,1,466,2606,0.151692708333
13,3072,1,0x2D0DAAABC6CCFF8A,0x3,0xE,158,167,9,1,0xD,0xD,1,1,518,2554,0.168619791667
13,3072,2,0x2D0DAAABC6CCFF8A,0x3,0x1,157,176,19,1,0x2,0x2,1,1,486,2586,0.158203125000
13,3072,3,0x2D0DAAABC6CCFF8A,0x3,0x3,173,176,3,1,0x0,0x7,1,0,511,2561,0.166341145833
13,3072,4,0x2D0DAAABC6CCFF8A,0x3,0x2,168,174,6,1,0x1,0x1,1,1,479,2593,0.155924479167
13,3072,5,0x2D0DAAABC6CCFF8A,0x3,0x5,150,166,16,1,0x6,0x6,1,1,533,2539,0.173502604167
13,3072,6,0x2D0DAAABC6CCFF8A,0x3,0x5,155,164,9,1,0x6,0x6,1,1,480,2592,0.156250000000
13,3072,7,0x2D0DAAABC6CCFF8A,0x3,0x8,162,169,7,1,0xB,0xB,1,1,518,2554,0.168619791667
13,4096,0,0x2D0DAAABC6CCFF8A,0x3,0x4,186,230,44,1,0x7,0x7,1,1,634,3462,0.154785156250
13,4096,1,0x2D0DAAABC6CCFF8A,0x3,0xE,196,234,38,1,0xD,0xD,1,1,703,3393,0.171630859375
13,4096,2,0x2D0DAAABC6CCFF8A,0x3,0x1,215,240,25,1,0x2,0x2,1,1,650,3446,0.158691406250
13,4096,3,0x2D0DAAABC6CCFF8A,0x3,0x5,232,233,1,1,0x6,0x7,1,0,691,3405,0.168701171875
13,4096,4,0x2D0DAAABC6CCFF8A,0x3,0x2,225,226,1,1,0x1,0x1,1,1,652,3444,0.159179687500
13,4096,5,0x2D0DAAABC6CCFF8A,0x3,0x5,199,238,39,1,0x6,0x6,1,1,723,3373,0.176513671875
13,4096,6,0x2D0DAAABC6CCFF8A,0x3,0x5,208,230,22,1,0x6,0x6,1,1,664,3432,0.162109375000
13,4096,7,0x2D0DAAABC6CCFF8A,0x3,0x8,219,228,9,1,0xB,0xB,1,1,687,3409,0.167724609375
13,6144,0,0x2D0DAAABC6CCFF8A,0x3,0x4,311,350,39,1,0x7,0x7,1,1,938,5206,0.152669270833
13,6144,1,0x2D0DAAABC6CCFF8A,0x3,0xE,299,354,55,1,0xD,0xD,1,1,1011,5133,0.164550781250
13,6144,2,0x2D0DAAABC6CCFF8A,0x3,0x1,323,369,46,1,0x2,0x2,1,1,988,5156,0.160807291667
13,6144,3,0x2D0DAAABC6CCFF8A,0x3,0xE,357,361,4,1,0xD,0x7,1,0,1021,5123,0.166178385417
13,6144,4,0x2D0DAAABC6CCFF8A,0x3,0x2,339,359,20,1,0x1,0x1,1,1,972,5172,0.158203125000
13,6144,5,0x2D0DAAABC6CCFF8A,0x3,0x5,288,365,77,1,0x6,0x6,1,1,1056,5088,0.171875000000
13,6144,6,0x2D0DAAABC6CCFF8A,0x3,0x5,312,349,37,1,0x6,0x6,1,1,994,5150,0.161783854167
13,6144,7,0x2D0DAAABC6CCFF8A,0x3,0x8,345,360,15,1,0xB,0xB,1,1,988,5156,0.160807291667
13,8192,0,0x2D0DAAABC6CCFF8A,0x3,0x4,412,468,56,1,0x7,0x7,1,1,1264,6928,0.154296875000
13,8192,1,0x2D0DAAABC6CCFF8A,0x3,0xE,398,485,87,1,0xD,0xD,1,1,1339,6853,0.163452148438
13,8192,2,0x2D0DAAABC6CCFF8A,0x3,0x1,443,487,44,1,0x2,0x2,1,1,1320,6872,0.161132812500
13,8192,3,0x2D0DAAABC6CCFF8A,0x3,0x4,471,473,2,1,0x7,0x7,1,1,1347,6845,0.164428710938
13,8192,4,0x2D0DAAABC6CCFF8A,0x3,0x2,455,476,21,1,0x1,0x1,1,1,1297,6895,0.158325195312
13,8192,5,0x2D0DAAABC6CCFF8A,0x3,0x5,371,489,118,1,0x6,0x6,1,1,1382,6810,0.168701171875
13,8192,6,0x2D0DAAABC6CCFF8A,0x3,0x5,420,480,60,1,0x6,0x6,1,1,1323,6869,0.161499023438
13,8192,7,0x2D0DAAABC6CCFF8A,0x3,0x8,441,487,46,1,0xB,0xB,1,1,1305,6887,0.159301757812
13,12288,0,0x2D0DAAABC6CCFF8A,0x3,0x4,632,711,79,1,0x7,0x7,1,1,1966,10322,0.159993489583
13,12288,1,0x2D0DAAABC6CCFF8A,0x3,0xE,616,739,123,1,0xD,0xD,1,1,2018,10270,0.164225260417
13,12288,2,0x2D0DAAABC6CCFF8A,0x3,0x1,650,704,54,1,0x2,0x2,1,1,1999,10289,0.162679036458
13,12288,3,0x2D0DAAABC6CCFF8A,0x3,0x4,694,721,27,1,0x7,0x7,1,1,2026,10262,0.164876302083
13,12288,4,0x2D0DAAABC6CCFF8A,0x3,0x2,669,736,67,1,0x1,0x1,1,1,1992,10296,0.162109375000
13,12288,5,0x2D0DAAABC6CCFF8A,0x3,0x5,564,731,167,1,0x6,0x6,1,1,2039,10249,0.165934244792
13,12288,6,0x2D0DAAABC6CCFF8A,0x3,0x5,659,724,65,1,0x6,0x6,1,1,2046,10242,0.166503906250
13,12288,7,0x2D0DAAABC6CCFF8A,0x3,0x8,670,715,45,1,0xB,0xB,1,1,1944,10344,0.158203125000
13,16384,0,0x2D0DAAABC6CCFF8A,0x3,0x4,839,964,125,1,0x7,0x7,1,1,2659,13725,0.162292480469
13,16384,1,0x2D0DAAABC6CCFF8A,0x3,0xE,823,1001,178,1,0xD,0xD,1,1,2686,13698,0.163940429688
13,16384,2,0x2D0DAAABC6CCFF8A,0x3,0x1,886,959,73,1,0x2,0x2,1,1,2622,13762,0.160034179688
13,16384,3,0x2D0DAAABC6CCFF8A,0x3,0x4,909,970,61,1,0x7,0x7,1,1,2715,13669,0.165710449219
13,16384,4,0x2D0DAAABC6CCFF8A,0x3,0x2,902,990,88,1,0x1,0x1,1,1,2657,13727,0.162170410156
13,16384,5,0x2D0DAAABC6CCFF8A,0x3,0x5,789,977,188,1,0x6,0x6,1,1,2720,13664,0.166015625000
13,16384,6,0x2D0DAAABC6CCFF8A,0x3,0x5,875,982,107,1,0x6,0x6,1,1,2743,13641,0.167419433594
13,16384,7,0x2D0DAAABC6CCFF8A,0x3,0x8,906,986,80,1,0xB,0xB,1,1,2602,13782,0.158813476562
13,24576,0,0x2D0DAAABC6CCFF8A,0x3,0x4,1275,1452,177,1,0x7,0x7,1,1,4030,20546,0.163981119792
13,24576,1,0x2D0DAAABC6CCFF8A,0x3,0xE,1291,1474,183,1,0xD,0xD,1,1,3995,20581,0.162556966146
13,24576,2,0x2D0DAAABC6CCFF8A,0x3,0x1,1316,1500,184,1,0x2,0x2,1,1,3955,20621,0.160929361979
13,24576,3,0x2D0DAAABC6CCFF8A,0x3,0x4,1342,1459,117,1,0x7,0x7,1,1,4067,20509,0.165486653646
13,24576,4,0x2D0DAAABC6CCFF8A,0x3,0x2,1344,1491,147,1,0x1,0x1,1,1,4050,20526,0.164794921875
13,24576,5,0x2D0DAAABC6CCFF8A,0x3,0x5,1237,1499,262,1,0x6,0x6,1,1,4015,20561,0.163370768229
13,24576,6,0x2D0DAAABC6CCFF8A,0x3,0x5,1281,1521,240,1,0x6,0x6,1,1,4168,20408,0.169596354167
13,24576,7,0x2D0DAAABC6CCFF8A,0x3,0x8,1324,1485,161,1,0xB,0xB,1,1,3999,20577,0.162719726562
13,32768,0,0x2D0DAAABC6CCFF8A,0x3,0x4,1683,1936,253,1,0x7,0x7,1,1,5303,27465,0.161834716797
13,32768,1,0x2D0DAAABC6CCFF8A,0x3,0xE,1732,2015,283,1,0xD,0xD,1,1,5453,27315,0.166412353516
13,32768,2,0x2D0DAAABC6CCFF8A,0x3,0x1,1750,2009,259,1,0x2,0x2,1,1,5308,27460,0.161987304688
13,32768,3,0x2D0DAAABC6CCFF8A,0x3,0x4,1757,1956,199,1,0x7,0x7,1,1,5462,27306,0.166687011719
13,32768,4,0x2D0DAAABC6CCFF8A,0x3,0x2,1767,2019,252,1,0x1,0x1,1,1,5353,27415,0.163360595703
13,32768,5,0x2D0DAAABC6CCFF8A,0x3,0x5,1642,2016,374,1,0x6,0x6,1,1,5314,27454,0.162170410156
13,32768,6,0x2D0DAAABC6CCFF8A,0x3,0x5,1692,2022,330,1,0x6,0x6,1,1,5499,27269,0.167816162109
13,32768,7,0x2D0DAAABC6CCFF8A,0x3,0x8,1746,2004,258,1,0xB,0xB,1,1,5373,27395,0.163970947266
14,512,0,0x9ABD3208692B72A2,0x0,0x9,23,25,2,1,0x9,0xF,1,0,86,426,0.167968750000
14,512,1,0x9ABD3208692B72A2,0x0,0xE,25,26,1,1,0xE,0x0,1,0,87,425,0.169921875000
14,512,2,0x9ABD3208692B72A2,0x0,0x3,18,24,6,1,0x3,0x3,1,1,99,413,0.193359375000
14,512,3,0x9ABD3208692B72A2,0x0,0x9,19,25,6,1,0x9,0x9,1,1,76,436,0.148437500000
14,512,4,0x9ABD3208692B72A2,0x0,0x9,20,24,4,1,0x9,0xE,1,0,90,422,0.175781250000
14,512,5,0x9ABD3208692B72A2,0x0,0xC,23,24,1,1,0xC,0xE,1,0,78,434,0.152343750000
14,512,6,0x9ABD3208692B72A2,0x0,0x2,23,24,1,1,0x2,0xA,1,0,78,434,0.152343750000
14,512,7,0x9ABD3208692B72A2,0x0,0x9,22,24,2,1,0x9,0xB,1,0,79,433,0.154296875000
14,1024,0,0x9ABD3208692B72A2,0x0,0xA,51,54,3,1,0xA,0xF,1,0,164,860,0.160156250000
14,1024,1,0x9ABD3208692B72A2,0x0,0xE,55,56,1,1,0xE,0x0,1,0,172,852,0.167968750000
14,1024,2,0x9ABD3208692B72A2,0x0,0x3,43,55,12,1,0x3,0x3,1,1,178,846,0.173828125000
14,1024,3,0x9ABD3208692B72A2,0x0,0x0,55,58,3,1,0x0,0x9,1,0,166,858,0.162109375000
14,1024,4,0x9ABD3208692B72A2,0x0,0x6,54,56,2,1,0x6,0xE,1,0,167,857,0.163085937500
14,1024,5,0x9ABD3208692B72A2,0x0,0xF,47,51,4,1,0xF,0xE,1,0,160,864,0.156250000000
14,1024,6,0x9ABD3208692B72A2,0x0,0xE,46,48,2,1,0xE,0xA,1,0,165,859,0.161132812500
14,1024,7,0x9ABD3208692B72A2,0x0,0x9,53,55,2,1,0x9,0xB,1,0,163,861,0.159179687500
14,1536,0,0x9ABD3208692B72A2,0x0,0x3,81,82,1,1,0x3,0xF,1,0,246,1290,0.160156250000
14,1536,1,0x9ABD3208692B72A2,0x0,0x0,77,83,6,1,0x0,0x0,1,1,258,1278,0.167968750000
14,1536,2,0x9ABD3208692B72A2,0x0,0x3,65,85,20,1,0x3,0x3,1,1,276,1260,0.179687500000
14,1536,3,0x9ABD3208692B72A2,0x0,0x9,84,85,1,1,0x9,0x9,1,1,244,1292,0.158854166667
14,1536,4,0x9ABD3208692B72A2,0x0,0x2,80,82,2,1,0x2,0xE,1,0,252,1284,0.164062500000
14,1536,5,0x9ABD3208692B72A2,0x0,0xF,77,80,3,1,0xF,0xE,1,0,238,1298,0.154947916667
14,1536,6,0x9ABD3208692B72A2,0x0,0x5,81,82,1,1,0x5,0xA,1,0,234,1302,0.152343750000
14,1536,7,0x9ABD3208692B72A2,0x0,0xB,83,88,5,1,0xB,0xB,1,1,262,1274,0.170572916667
14,2048,0,0x9ABD3208692B72A2,0x0,0x6,113,115,2,1,0x6,0xF,1,0,324,1724,0.158203125000
14,2048,1,0x9ABD3208692B72A2,0x0,0x0,106,111,5,1,0x0,0x0,1,1,333,1715,0.162597656250
14,2048,2,0x9ABD3208692B72A2,0x0,0x3,86,123,37,1,0x3,0x3,1,1,354,1694,0.172851562500
14,2048,3,0x9ABD3208692B72A2,0x0,0x9,112,119,7,1,0x9,0x9,1,1,323,1725,0.157714843750
14,2048,4,0x9ABD3208692B72A2,0x0,0x4,107,114,7,1,0x4,0xE,1,0,347,1701,0.169433593750
14,2048,5,0x9ABD3208692B72A2,0x0,0xE,97,100,3,1,0xE,0xE,1,1,314,1734,0.153320312500
14,2048,6,0x9ABD3208692B72A2,0x0,0xA,109,110,1,1,0xA,0xA,1,1,311,1737,0.151855468750
14,2048,7,0x9ABD3208692B72A2,0x0,0x3,114,117,3,1,0x3,0xB,1,0,356,1692,0.173828125000
14,3072,0,0x9ABD3208692B72A2,0x0,0xA,170,171,1,1,0xA,0xF,1,0,497,2575,0.161783854167
14,3072,1,0x9ABD3208692B72A2,0x0,0x3,166,170,4,1,0x3,0x0,1,0,495,2577,0.161132812500
14,3072,2,0x9ABD3208692B72A2,0x0,0x3,140,183,43,1,0x3,0x3,1,1,515,2557,0.167643229167
14,3072,3,0x9ABD3208692B72A2,0x0,0x9,156,171,15,1,0x9,0x9,1,1,482,2590,0.156901041667
14,3072,4,0x9ABD3208692B72A2,0x0,0x4,156,167,11,1,0x4,0xE,1,0,493,2579,0.160481770833
14,3072,5,0x9ABD3208692B72A2,0x0,0xE,147,161,14,1,0xE,0xE,1,1,503,2569,0.163736979167
14,3072,6,0x9ABD3208692B72A2,0x0,0xA,172,180,8,2,0x0,0xA,0,0,476,2596,0.154947916667
14,3072,7,0x9ABD3208692B72A2,0x0,0xB,159,176,17,1,0xB,0xB,1,1,528,2544,0.171875000000
14,4096,0,0x9ABD3208692B72A2,0x0,0xA,223,230,7,1,0xA,0xF,1,0,677,3419,0.165283203125
14,4096,1,0x9ABD3208692B72A2,0x0,0x3,227,234,7,1,0x3,0x0,1,0,650,3446,0.158691406250
14,4096,2,0x9ABD3208692B72A2,0x0,0x3,185,242,57,1,0x3,0x3,1,1,675,3421,0.164794921875
14,4096,3,0x9ABD3208692B72A2,0x0,0x9,203,237,34,1,0x9,0x9,1,1,639,3457,0.156005859375
14,4096,4,0x9ABD3208692B72A2,0x0,0x4,218,227,9,1,0x4,0xE,1,0,647,3449,0.157958984375
14,4096,5,0x9ABD3208692B72A2,0x0,0xE,204,217,13,1,0xE,0xE,1,1,669,3427,0.163330078125
14,4096,6,0x9ABD3208692B72A2,0x0,0xA,224,234,10,1,0xA,0xA,1,1,652,3444,0.159179687500
14,4096,7,0x9ABD3208692B72A2,0x0,0xB,218,236,18,1,0xB,0xB,1,1,692,3404,0.168945312500
14,6144,0,0x9ABD3208692B72A2,0x0,0xA,350,352,2,1,0xA,0xF,1,0,997,5147,0.162272135417
14,6144,1,0x9ABD3208692B72A2,0x0,0x0,349,361,12,1,0x0,0x0,1,1,966,5178,0.157226562500
14,6144,2,0x9ABD3208692B72A2,0x0,0x3,300,360,60,1,0x3,0x3,1,1,998,5146,0.162434895833
14,6144,3,0x9ABD3208692B72A2,0x0,0x9,299,362,63,1,0x9,0x9,1,1,976,5168,0.158854166667
14,6144,4,0x9ABD3208692B72A2,0x0,0xE,332,338,6,1,0xE,0xE,1,1,985,5159,0.160319010417
14,6144,5,0x9ABD3208692B72A2,0x0,0xE,305,339,34,1,0xE,0xE,1,1,1011,5133,0.164550781250
14,6144,6,0x9ABD3208692B72A2,0x0,0xA,323,359,36,1,0xA,0xA,1,1,985,5159,0.160319010417
14,6144,7,0x9ABD3208692B72A2,0x0,0xB,327,364,37,1,0xB,0xB,1,1,1007,5137,0.163899739583
14,8192,0,0x9ABD3208692B72A2,0x0,0xF,459,475,16,1,0xF,0xF,1,1,1317,6875,0.160766601562
14,8192,1,0x9ABD3208692B72A2,0x0,0x0,455,483,28,1,0x0,0x0,1,1,1296,6896,0.158203125000
14,8192,2,0x9ABD3208692B72A2,0x0,0x3,410,470,60,1,0x3,0x3,1,1,1314,6878,0.160400390625
14,8192,3,0x9ABD3208692B72A2,0x0,0x9,400,489,89,1,0x9,0x9,1,1,1303,6889,0.159057617188
14,8192,4,0x9ABD3208692B72A2,0x0,0xE,450,482,32,1,0xE,0xE,1,1,1324,6868,0.161621093750
14,8192,5,0x9ABD3208692B72A2,0x0,0xE,413,468,55,1,0xE,0xE,1,1,1376,6816,0.167968750000
14,8192,6,0x9ABD3208692B72A2,0x0,0xA,432,482,50,1,0xA,0xA,1,1,1313,6879,0.160278320312
14,8192,7,0x9ABD3208692B72A2,0x0,0xB,439,491,52,1,0xB,0xB,1,1,1347,6845,0.164428710938
14,12288,0,0x9ABD3208692B72A2,0x0,0xF,679,739,60,1,0xF,0xF,1,1,1958,10330,0.159342447917
14,12288,1,0x9ABD3208692B72A2,0x0,0x0,629,731,102,1,0x0,0x0,1,1,1953,10335,0.158935546875
14,12288,2,0x9ABD3208692B72A2,0x0,0x3,659,714,55,1,0x3,0x3,1,1,2008,10280,0.163411458333
14,12288,3,0x9ABD3208692B72A2,0x0,0x9,613,737,124,1,0x9,0x9,1,1,1943,10345,0.158121744792
14,12288,4,0x9ABD3208692B72A2,0x0,0xE,680,722,42,1,0xE,0xE,1,1,1995,10293,0.162353515625
14,12288,5,0x9ABD3208692B72A2,0x0,0xE,611,742,131,1,0xE,0xE,1,1,2033,10255,0.165445963542
14,12288,6,0x9ABD3208692B72A2,0x0,0xA,652,725,73,1,0xA,0xA,1,1,2018,10270,0.164225260417
14,12288,7,0x9ABD3208692B72A2,0x0,0xB,650,731,81,1,0xB,0xB,1,1,2024,10264,0.164713541667
14,16384,0,0x9ABD3208692B72A2,0x0,0xF,882,980,98,1,0xF,0xF,1,1,2654,13730,0.161987304688
14,16384,1,0x9ABD3208692B72A2,0x0,0x0,843,984,141,1,0x0,0x0,1,1,2617,13767,0.159729003906
14,16384,2,0x9ABD3208692B72A2,0x0,0x3,849,971,122,1,0x3,0x3,1,1,2694,13690,0.164428710938
14,16384,3,0x9ABD3208692B72A2,0x0,0x9,838,973,135,1,0x9,0x9,1,1,2599,13785,0.158630371094
14,16384,4,0x9ABD3208692B72A2,0x0,0xE,901,989,88,1,0xE,0xE,1,1,2664,13720,0.162597656250
14,16384,5,0x9ABD3208692B72A2,0x0,0xE,838,992,154,1,0xE,0xE,1,1,2667,13717,0.162780761719
14,16384,6,0x9ABD3208692B72A2,0x0,0xA,858,969,111,1,0xA,0xA,1,1,2679,13705,0.163513183594
14,16384,7,0x9ABD3208692B72A2,0x0,0xB,866,997,131,1,0xB,0xB,1,1,2736,13648,0.166992187500
14,24576,0,0x9ABD3208692B72A2,0x0,0xF,1305,1502,197,1,0xF,0xF,1,1,3978,20598,0.161865234375
14,24576,1,0x9ABD3208692B72A2,0x0,0x0,1277,1478,201,1,0x0,0x0,1,1,3937,20639,0.160196940104
14,24576,2,0x9ABD3208692B72A2,0x0,0x3,1312,1483,171,1,0x3,0x3,1,1,4049,20527,0.164754231771
14,24576,3,0x9ABD3208692B72A2,0x0,0x9,1240,1476,236,1,0x9,0x9,1,1,3902,20674,0.158772786458
14,24576,4,0x9ABD3208692B72A2,0x0,0xE,1310,1496,186,1,0xE,0xE,1,1,3960,20616,0.161132812500
14,24576,5,0x9ABD3208692B72A2,0x0,0xE,1270,1493,223,1,0xE,0xE,1,1,3950,20626,0.160725911458
14,24576,6,0x9ABD3208692B72A2,0x0,0xA,1320,1466,146,1,0xA,0xA,1,1,3925,20651,0.159708658854
14,24576,7,0x9ABD3208692B72A2,0x0,0xB,1304,1495,191,1,0xB,0xB,1,1,4068,20508,0.165527343750
14,32768,0,0x9ABD3208692B72A2,0x0,0xF,1725,1989,264,1,0xF,0xF,1,1,5395,27373,0.164642333984
14,32768,1,0x9ABD3208692B72A2,0x0,0x0,1745,1981,236,1,0x0,0x0,1,1,5227,27541,0.159515380859
14,32768,2,0x9ABD3208692B72A2,0x0,0x3,1757,1980,223,1,0x3,0x3,1,1,5380,27388,0.164184570312
14,32768,3,0x9ABD3208692B72A2,0x0,0x9,1715,1957,242,1,0x9,0x9,1,1,5235,27533,0.159759521484
14,32768,4,0x9ABD3208692B72A2,0x0,0xE,1735,1997,262,1,0xE,0xE,1,1,5243,27525,0.160003662109
14,32768,5,0x9ABD3208692B72A2,0x0,0xE,1655,2034,379,1,0xE,0xE,1,1,5319,27449,0.162322998047
14,32768,6,0x9ABD3208692B72A2,0x0,0xA,1743,1958,215,1,0xA,0xA,1,1,5319,27449,0.162322998047
14,32768,7,0x9ABD3208692B72A2,0x0,0xB,1745,2009,264,1,0xB,0xB,1,1,5418,27350,0.165344238281
15,512,0,0x68A5566951D4B8E9,0x6,0xE,21,24,3,1,0x8,0x1,1,0,96,416,0.187500000000
15,512,1,0x68A5566951D4B8E9,0x6,0xE,20,29,9,2,0x0,0x7,0,0,92,420,0.179687500000
15,512,2,0x68A5566951D4B8E9,0x6,0xC,22,23,1,1,0xA,0x3,1,0,93,419,0.181640625000
15,512,3,0x68A5566951D4B8E9,0x6,0x2,24,26,2,2,0x0,0xC,0,0,84,428,0.164062500000
15,512,4,0x68A5566951D4B8E9,0x6,0xE,20,21,1,1,0x8,0xF,1,0,78,434,0.152343750000
15,512,5,0x68A5566951D4B8E9,0x6,0xF,21,24,3,1,0x9,0x1,1,0,75,437,0.146484375000
15,512,6,0x68A5566951D4B8E9,0x6,0x3,23,25,2,1,0x5,0xB,1,0,111,401,0.216796875000
15,512,7,0x68A5566951D4B8E9,0x6,0x1,18,27,9,1,0x7,0xE,1,0,73,439,0.142578125000
15,1024,0,0x68A5566951D4B8E9,0x6,0x7,47,56,9,1,0x1,0x1,1,1,200,824,0.195312500000
15,1024,1,0x68A5566951D4B8E9,0x6,0xF,49,52,3,1,0x9,0x7,1,0,174,850,0.169921875000
15,1024,2,0x68A5566951D4B8E9,0x6,0x5,43,56,13,1,0x3,0x3,1,1,186,838,0.181640625000
15,1024,3,0x68A5566951D4B8E9,0x6,0x5,45,55,10,1,0x3,0xC,1,0,174,850,0.169921875000
15,1024,4,0x68A5566951D4B8E9,0x6,0xE,50,53,3,1,0x8,0xF,1,0,161,863,0.157226562500
15,1024,5,0x68A5566951D4B8E9,0x6,0xF,51,53,2,1,0x9,0x1,1,0,167,857,0.163085937500
15,1024,6,0x68A5566951D4B8E9,0x6,0xD,44,55,11,1,0xB,0xB,1,1,184,840,0.179687500000
15,1024,7,0x68A5566951D4B8E9,0x6,0x1,47,52,5,1,0x7,0xE,1,0,151,873,0.147460937500
15,1536,0,0x68A5566951D4B8E9,0x6,0xE,75,78,3,1,0x8,0x1,1,0,267,1269,0.173828125000
15,1536,1,0x68A5566951D4B8E9,0x6,0x1,66,79,13,1,0x7,0x7,1,1,257,1279,0.167317708333
15,1536,2,0x68A5566951D4B8E9,0x6,0x5,73,83,10,1,0x3,0x3,1,1,275,1261,0.179036458333
15,1536,3,0x68A5566951D4B8E9,0x6,0x7,79,82,3,1,0x1,0xC,1,0,245,1291,0.159505208333
15,1536,4,0x68A5566951D4B8E9,0x6,0x7,81,83,2,1,0x1,0xF,1,0,242,1294,0.157552083333
15,1536,5,0x68A5566951D4B8E9,0x6,0xB,79,83,4,1,0xD,0x1,1,0,242,1294,0.157552083333
15,1536,6,0x68A5566951D4B8E9,0x6,0xD,72,84,12,1,0xB,0xB,1,1,263,1273,0.171223958333
15,1536,7,0x68A5566951D4B8E9,0x6,0x1,75,84,9,1,0x7,0xE,1,0,239,1297,0.155598958333
15,2048,0,0x68A5566951D4B8E9,0x6,0x6,104,106,2,1,0x0,0x1,1,0,352,1696,0.171875000000
15,2048,1,0x68A5566951D4B8E9,0x6,0x1,89,110,21,1,0x7,0x7,1,1,338,1710,0.165039062500
15,2048,2,0x68A5566951D4B8E9,0x6,0x5,101,111,10,1,0x3,0x3,1,1,358,1690,0.174804687500
15,2048,3,0x68A5566951D4B8E9,0x6,0x7,103,108,5,1,0x1,0xC,1,0,324,1724,0.158203125000
15,2048,4,0x68A5566951D4B8E9,0x6,0x4,111,113,2,1,0x2,0xF,1,0,328,1720,0.160156250000
15,2048,5,0x68A5566951D4B8E9,0x6,0xB,107,110,3,1,0xD,0x1,1,0,331,1717,0.161621093750
15,2048,6,0x68A5566951D4B8E9,0x6,0xD,94,115,21,1,0xB,0xB,1,1,357,1691,0.174316406250
15,2048,7,0x68A5566951D4B8E9,0x6,0x1,110,114,4,1,0x7,0xE,1,0,330,1718,0.161132812500
15,3072,0,0x68A5566951D4B8E9,0x6,0x7,154,160,6,1,0x1,0x1,1,1,515,2557,0.167643229167
15,3072,1,0x68A5566951D4B8E9,0x6,0x1,146,174,28,1,0x7,0x7,1,1,512,2560,0.166666666667
15,3072,2,0x68A5566951D4B8E9,0x6,0x5,145,172,27,1,0x3,0x3,1,1,526,2546,0.171223958333
15,3072,3,0x68A5566951D4B8E9,0x6,0x7,159,173,14,1,0x1,0xC,1,0,495,2577,0.161132812500
15,3072,4,0x68A5566951D4B8E9,0x6,0x4,163,164,1,1,0x2,0xF,1,0,504,2568,0.164062500000
15,3072,5,0x68A5566951D4B8E9,0x6,0x7,169,176,7,1,0x1,0x1,1,1,479,2593,0.155924479167
15,3072,6,0x68A5566951D4B8E9,0x6,0xD,154,173,19,1,0xB,0xB,1,1,535,2537,0.174153645833
15,3072,7,0x68A5566951D4B8E9,0x6,0x8,162,166,4,1,0xE,0xE,1,1,504,2568,0.164062500000
15,4096,0,0x68A5566951D4B8E9,0x6,0x7,213,226,13,1,0x1,0x1,1,1,671,3425,0.163818359375
15,4096,1,0x68A5566951D4B8E9,0x6,0x1,194,223,29,1,0x7,0x7,1,1,676,3420,0.165039062500
15,4096,2,0x68A5566951D4B8E9,0x6,0x5,199,235,36,1,0x3,0x3,1,1,669,3427,0.163330078125
15,4096,3,0x68A5566951D4B8E9,0x6,0xF,219,234,15,1,0x9,0xC,1,0,689,3407,0.168212890625
15,4096,4,0x68A5566951D4B8E9,0x6,0x4,217,218,1,1,0x2,0xF,1,0,659,3437,0.160888671875
15,4096,5,0x68A5566951D4B8E9,0x6,0x7,219,234,15,1,0x1,0x1,1,1,630,3466,0.153808593750
15,4096,6,0x68A5566951D4B8E9,0x6,0xD,203,230,27,1,0xB,0xB,1,1,700,3396,0.170898437500
15,4096,7,0x68A5566951D4B8E9,0x6,0x8,218,235,17,1,0xE,0xE,1,1,679,3417,0.165771484375
15,6144,0,0x68A5566951D4B8E9,0x6,0x7,308,331,23,1,0x1,0x1,1,1,973,5171,0.158365885417
15,6144,1,0x68A5566951D4B8E9,0x6,0x1,295,345,50,1,0x7,0x7,1,1,1025,5119,0.166829427083
15,6144,2,0x68A5566951D4B8E9,0x6,0x5,289,355,66,1,0x3,0x3,1,1,1014,5130,0.165039062500
15,6144,3,0x68A5566951D4B8E9,0x6,0xA,347,356,9,1,0xC,0xC,1,1,1008,5136,0.164062500000
15,6144,4,0x68A5566951D4B8E9,0x6,0x9,313,343,30,1,0xF,0xF,1,1,1007,5137,0.163899739583
15,6144,5,0x68A5566951D4B8E9,0x6,0x7,334,361,27,1,0x1,0x1,1,1,969,5175,0.157714843750
15,6144,6,0x68A5566951D4B8E9,0x6,0xD,302,346,44,1,0xB,0xB,1,1,1025,5119,0.166829427083
15,6144,7,0x68A5566951D4B8E9,0x6,0x8,301,339,38,1,0xE,0xE,1,1,1024,5120,0.166666666667
15,8192,0,0x68A5566951D4B8E9,0x6,0x7,412,440,28,1,0x1,0x1,1,1,1315,6877,0.160522460938
15,8192,1,0x68A5566951D4B8E9,0x6,0x1,390,478,88,1,0x7,0x7,1,1,1368,6824,0.166992187500
15,8192,2,0x68A5566951D4B8E9,0x6,0x5,392,487,95,1,0x3,0x3,1,1,1378,6814,0.168212890625
15,8192,3,0x68A5566951D4B8E9,0x6,0xA,474,476,2,1,0xC,0xC,1,1,1357,6835,0.165649414062
15,8192,4,0x68A5566951D4B8E9,0x6,0x9,410,472,62,1,0xF,0xF,1,1,1346,6846,0.164306640625
15,8192,5,0x68A5566951D4B8E9,0x6,0x7,447,483,36,1,0x1,0x1,1,1,1313,6879,0.160278320312
15,8192,6,0x68A5566951D4B8E9,0x6,0xD,418,469,51,1,0xB,0xB,1,1,1360,6832,0.166015625000
15,8192,7,0x68A5566951D4B8E9,0x6,0x8,420,447,27,1,0xE,0xE,1,1,1364,6828,0.166503906250
15,12288,0,0x68A5566951D4B8E9,0x6,0x7,629,704,75,1,0x1,0x1,1,1,2032,10256,0.165364583333
15,12288,1,0x68A5566951D4B8E9,0x6,0x1,615,746,131,1,0x7,0x7,1,1,2044,10244,0.166341145833
15,12288,2,0x68A5566951D4B8E9,0x6,0x5,604,737,133,1,0x3,0x3,1,1,2057,10231,0.167399088542
15,12288,3,0x68A5566951D4B8E9,0x6,0x5,689,698,9,1,0x3,0xC,1,0,2031,10257,0.165283203125
15,12288,4,0x68A5566951D4B8E9,0x6,0x9,612,727,115,1,0xF,0xF,1,1,2036,10252,0.165690104167
15,12288,5,0x68A5566951D4B8E9,0x6,0x7,662,707,45,1,0x1,0x1,1,1,1968,10320,0.160156250000
15,12288,6,0x68A5566951D4B8E9,0x6,0xD,619,712,93,1,0xB,0xB,1,1,2057,10231,0.167399088542
15,12288,7,0x68A5566951D4B8E9,0x6,0x8,641,707,66,1,0xE,0xE,1,1,2018,10270,0.164225260417
15,16384,0,0x68A5566951D4B8E9,0x6,0x7,844,956,112,1,0x1,0x1,1,1,2681,13703,0.163635253906
15,16384,1,0x68A5566951D4B8E9,0x6,0x1,814,996,182,1,0x7,0x7,1,1,2708,13676,0.165283203125
15,16384,2,0x68A5566951D4B8E9,0x6,0x5,807,1005,198,1,0x3,0x3,1,1,2724,13660,0.166259765625
15,16384,3,0x68A5566951D4B8E9,0x6,0xA,905,959,54,1,0xC,0xC,1,1,2743,13641,0.167419433594
15,16384,4,0x68A5566951D4B8E9,0x6,0x9,831,988,157,1,0xF,0xF,1,1,2721,13663,0.166076660156
15,16384,5,0x68A5566951D4B8E9,0x6,0x7,884,973,89,1,0x1,0x1,1,1,2658,13726,0.162231445312
15,16384,6,0x68A5566951D4B8E9,0x6,0xD,821,963,142,1,0xB,0xB,1,1,2727,13657,0.166442871094
15,16384,7,0x68A5566951D4B8E9,0x6,0x8,847,960,113,1,0xE,0xE,1,1,2675,13709,0.163269042969
15,24576,0,0x68A5566951D4B8E9,0x6,0x7,1270,1487,217,1,0x1,0x1,1,1,4007,20569,0.163045247396
15,24576,1,0x68A5566951D4B8E9,0x6,0x1,1255,1495,240,1,0x7,0x7,1,1,4082,20494,0.166097005208
15,24576,2,0x68A5566951D4B8E9,0x6,0x5,1262,1514,252,1,0x3,0x3,1,1,4091,20485,0.166463216146
15,24576,3,0x68A5566951D4B8E9,0x6,0xA,1293,1463,170,1,0xC,0xC,1,1,4058,20518,0.165120442708
15,24576,4,0x68A5566951D4B8E9,0x6,0x9,1258,1493,235,1,0xF,0xF,1,1,3990,20586,0.162353515625
15,24576,5,0x68A5566951D4B8E9,0x6,0x7,1317,1467,150,1,0x1,0x1,1,1,3996,20580,0.162597656250
15,24576,6,0x68A5566951D4B8E9,0x6,0xD,1254,1500,246,1,0xB,0xB,1,1,4089,20487,0.166381835938
15,24576,7,0x68A5566951D4B8E9,0x6,0x8,1258,1477,219,1,0xE,0xE,1,1,4003,20573,0.162882486979
15,32768,0,0x68A5566951D4B8E9,0x6,0x7,1668,1996,328,1,0x1,0x1,1,1,5330,27438,0.162658691406
15,32768,1,0x68A5566951D4B8E9,0x6,0x1,1680,2006,326,1,0x7,0x7,1,1,5393,27375,0.164581298828
15,32768,2,0x68A5566951D4B8E9,0x6,0x5,1679,2018,339,1,0x3,0x3,1,1,5443,27325,0.166107177734
15,32768,3,0x68A5566951D4B8E9,0x6,0xA,1729,2003,274,1,0xC,0xC,1,1,5411,27357,0.165130615234
15,32768,4,0x68A5566951D4B8E9,0x6,0x9,1721,2005,284,1,0xF,0xF,1,1,5326,27442,0.162536621094
15,32768,5,0x68A5566951D4B8E9,0x6,0x7,1717,1989,272,1,0x1,0x1,1,1,5388,27380,0.164428710938
15,32768,6,0x68A5566951D4B8E9,0x6,0xD,1656,1996,340,1,0xB,0xB,1,1,5435,27333,0.165863037109
15,32768,7,0x68A5566951D4B8E9,0x6,0x8,1695,2000,305,1,0xE,0xE,1,1,5362,27406,0.163635253906
16,512,0,0x8AE628546FF28BA1,0x7,0x8,23,24,1,1,0xF,0x1,1,0,81,431,0.158203125000
16,512,1,0x8AE628546FF28BA1,0x7,0xA,20,23,3,1,0xD,0xA,1,0,92,420,0.179687500000
16,512,2,0x8AE628546FF28BA1,0x7,0x2,23,25,2,2,0x0,0x0,0,0,95,417,0.185546875000
16,512,3,0x8AE628546FF28BA1,0x7,0x2,20,23,3,1,0x5,0x4,1,0,84,428,0.164062500000
16,512,4,0x8AE628546FF28BA1,0x7,0x0,26,27,1,3,0x0,0x7,0,0,81,431,0.158203125000
16,512,5,0x8AE628546FF28BA1,0x7,0x7,25,26,1,1,0x0,0x5,1,0,76,436,0.148437500000
16,512,6,0x8AE628546FF28BA1,0x7,0x9,22,24,2,1,0xE,0x2,1,0,78,434,0.152343750000
16,512,7,0x8AE628546FF28BA1,0x7,0xB,20,23,3,1,0xC,0xA,1,0,87,425,0.169921875000
16,1024,0,0x8AE628546FF28BA1,0x7,0x6,51,57,6,1,0x1,0x1,1,1,172,852,0.167968750000
16,1024,1,0x8AE628546FF28BA1,0x7,0x8,52,54,2,1,0xF,0xA,1,0,172,852,0.167968750000
16,1024,2,0x8AE628546FF28BA1,0x7,0x7,52,54,2,1,0x0,0x0,1,1,173,851,0.168945312500
16,1024,3,0x8AE628546FF28BA1,0x7,0xD,49,52,3,1,0xA,0x4,1,0,159,865,0.155273437500
16,1024,4,0x8AE628546FF28BA1,0x7,0x0,52,53,1,2,0x0,0x7,0,0,164,860,0.160156250000
16,1024,5,0x8AE628546FF28BA1,0x7,0x2,48,49,1,1,0x5,0x5,1,1,159,865,0.155273437500
16,1024,6,0x8AE628546FF28BA1,0x7,0x9,54,55,1,1,0xE,0x2,1,0,162,862,0.158203125000
16,1024,7,0x8AE628546FF28BA1,0x7,0xD,51,53,2,1,0xA,0xA,1,1,187,837,0.182617187500
16,1536,0,0x8AE628546FF28BA1,0x7,0x6,84,85,1,1,0x1,0x1,1,1,259,1277,0.168619791667
16,1536,1,0x8AE628546FF28BA1,0x7,0xD,79,81,2,1,0xA,0xA,1,1,262,1274,0.170572916667
16,1536,2,0x8AE628546FF28BA1,0x7,0x8,83,88,5,1,0xF,0x0,1,0,252,1284,0.164062500000
16,1536,3,0x8AE628546FF28BA1,0x7,0x3,79,80,1,1,0x4,0x4,1,1,233,1303,0.151692708333
16,1536,4,0x8AE628546FF28BA1,0x7,0x0,78,82,4,1,0x7,0x7,1,1,260,1276,0.169270833333
16,1536,5,0x8AE628546FF28BA1,0x7,0x2,81,86,5,1,0x5,0x5,1,1,243,1293,0.158203125000
16,1536,6,0x8AE628546FF28BA1,0x7,0x2,83,85,2,1,0x5,0x2,1,0,253,1283,0.164713541667
16,1536,7,0x8AE628546FF28BA1,0x7,0xD,70,87,17,1,0xA,0xA,1,1,284,1252,0.184895833333
16,2048,0,0x8AE628546FF28BA1,0x7,0x6,108,114,6,1,0x1,0x1,1,1,342,1706,0.166992187500
16,2048,1,0x8AE628546FF28BA1,0x7,0x7,104,106,2,1,0x0,0xA,1,0,346,1702,0.168945312500
16,2048,2,0x8AE628546FF28BA1,0x7,0x8,110,114,4,1,0xF,0x0,1,0,346,1702,0.168945312500
16,2048,3,0x8AE628546FF28BA1,0x7,0x3,103,107,4,1,0x4,0x4,1,1,317,1731,0.154785156250
16,2048,4,0x8AE628546FF28BA1,0x7,0x0,107,110,3,1,0x7,0x7,1,1,361,1687,0.176269531250
16,2048,5,0x8AE628546FF28BA1,0x7,0x2,105,110,5,1,0x5,0x5,1,1,329,1719,0.160644531250
16,2048,6,0x8AE628546FF28BA1,0x7,0x5,111,112,1,1,0x2,0x2,1,1,341,1707,0.166503906250
16,2048,7,0x8AE628546FF28BA1,0x7,0xD,93,110,17,1,0xA,0xA,1,1,360,1688,0.175781250000
16,3072,0,0x8AE628546FF28BA1,0x7,0x6,163,170,7,1,0x1,0x1,1,1,498,2574,0.162109375000
16,3072,1,0x8AE628546FF28BA1,0x7,0x7,159,161,2,1,0x0,0xA,1,0,488,2584,0.158854166667
16,3072,2,0x8AE628546FF28BA1,0x7,0x8,155,180,25,1,0xF,0x0,1,0,514,2558,0.167317708333
16,3072,3,0x8AE628546FF28BA1,0x7,0x3,151,169,18,1,0x4,0x4,1,1,501,2571,0.163085937500
16,3072,4,0x8AE628546FF28BA1,0x7,0x0,166,173,7,1,0x7,0x7,1,1,532,2540,0.173177083333
16,3072,5,0x8AE628546FF28BA1,0x7,0x2,147,173,26,1,0x5,0x5,1,1,493,2579,0.160481770833
16,3072,6,0x8AE628546FF28BA1,0x7,0x2,169,176,7,1,0x5,0x2,1,0,509,2563,0.165690104167
16,3072,7,0x8AE628546FF28BA1,0x7,0xD,132,177,45,1,0xA,0xA,1,1,538,2534,0.175130208333
16,4096,0,0x8AE628546FF28BA1,0x7,0x6,224,234,10,2,0x0,0x1,0,0,662,3434,0.161621093750
16,4096,1,0x8AE628546FF28BA1,0x7,0xD,207,226,19,1,0xA,0xA,1,1,666,3430,0.162597656250
16,4096,2,0x8AE628546FF28BA1,0x7,0x8,223,230,7,1,0xF,0x0,1,0,693,3403,0.169189453125
16,4096,3,0x8AE628546FF28BA1,0x7,0x3,214,237,23,1,0x4,0x4,1,1,675,3421,0.164794921875
16,4096,4,0x8AE628546FF28BA1,0x7,0x0,214,233,19,1,0x7,0x7,1,1,698,3398,0.170410156250
16,4096,5,0x8AE628546FF28BA1,0x7,0x2,198,240,42,1,0x5,0x5,1,1,667,3429,0.162841796875
16,4096,6,0x8AE628546FF28BA1,0x7,0x5,229,234,5,1,0x2,0x2,1,1,667,3429,0.162841796875
16,4096,7,0x8AE628546FF28BA1,0x7,0xD,188,243,55,1,0xA,0xA,1,1,709,3387,0.173095703125
16,6144,0,0x8AE628546FF28BA1,0x7,0x6,334,343,9,1,0x1,0x1,1,1,1016,5128,0.165364583333
16,6144,1,0x8AE628546FF28BA1,0x7,0xD,318,347,29,1,0xA,0xA,1,1,995,5149,0.161946614583
16,6144,2,0x8AE628546FF28BA1,0x7,0xE,345,352,7,1,0x9,0x0,1,0,1016,5128,0.165364583333
16,6144,3,0x8AE628546FF28BA1,0x7,0x3,322,361,39,1,0x4,0x4,1,1,1000,5144,0.162760416667
16,6144,4,0x8AE628546FF28BA1,0x7,0x0,339,353,14,1,0x7,0x7,1,1,1077,5067,0.175292968750
16,6144,5,0x8AE628546FF28BA1,0x7,0x2,306,372,66,1,0x5,0x5,1,1,1022,5122,0.166341145833
16,6144,6,0x8AE628546FF28BA1,0x7,0x5,324,366,42,1,0x2,0x2,1,1,980,5164,0.159505208333
16,6144,7,0x8AE628546FF28BA1,0x7,0xD,280,368,88,1,0xA,0xA,1,1,1042,5102,0.169596354167
16,8192,0,0x8AE628546FF28BA1,0x7,0x6,444,469,25,1,0x1,0x1,1,1,1341,6851,0.163696289062
16,8192,1,0x8AE628546FF28BA1,0x7,0xD,430,481,51,1,0xA,0xA,1,1,1370,6822,0.167236328125
16,8192,2,0x8AE628546FF28BA1,0x7,0x7,446,482,36,1,0x0,0x0,1,1,1365,6827,0.166625976562
16,8192,3,0x8AE628546FF28BA1,0x7,0x3,438,475,37,1,0x4,0x4,1,1,1348,6844,0.164550781250
16,8192,4,0x8AE628546FF28BA1,0x7,0x0,431,475,44,1,0x7,0x7,1,1,1390,6802,0.169677734375
16,8192,5,0x8AE628546FF28BA1,0x7,0x2,406,490,84,1,0x5,0x5,1,1,1354,6838,0.165283203125
16,8192,6,0x8AE628546FF28BA1,0x7,0x5,444,491,47,1,0x2,0x2,1,1,1323,6869,0.161499023438
16,8192,7,0x8AE628546FF28BA1,0x7,0xD,378,497,119,1,0xA,0xA,1,1,1365,6827,0.166625976562
16,12288,0,0x8AE628546FF28BA1,0x7,0x6,670,729,59,1,0x1,0x1,1,1,2060,10228,0.167643229167
16,12288,1,0x8AE628546FF28BA1,0x7,0xD,660,715,55,1,0xA,0xA,1,1,2015,10273,0.163981119792
16,12288,2,0x8AE628546FF28BA1,0x7,0x7,647,733,86,1,0x0,0x0,1,1,2021,10267,0.164469401042
16,12288,3,0x8AE628546FF28BA1,0x7,0x3,648,715,67,1,0x4,0x4,1,1,2018,10270,0.164225260417
16,12288,4,0x8AE628546FF28BA1,0x7,0x0,632,727,95,1,0x7,0x7,1,1,2102,10186,0.171061197917
16,12288,5,0x8AE628546FF28BA1,0x7,0x2,646,731,85,1,0x5,0x5,1,1,1987,10301,0.161702473958
16,12288,6,0x8AE628546FF28BA1,0x7,0x5,663,738,75,1,0x2,0x2,1,1,1994,10294,0.162272135417
16,12288,7,0x8AE628546FF28BA1,0x7,0xD,598,745,147,1,0xA,0xA,1,1,2017,10271,0.164143880208
16,16384,0,0x8AE628546FF28BA1,0x7,0x6,895,977,82,1,0x1,0x1,1,1,2728,13656,0.166503906250
16,16384,1,0x8AE628546FF28BA1,0x7,0xD,888,980,92,1,0xA,0xA,1,1,2710,13674,0.165405273438
16,16384,2,0x8AE628546FF28BA1,0x7,0x7,859,975,116,1,0x0,0x0,1,1,2704,13680,0.165039062500
16,16384,3,0x8AE628546FF28BA1,0x7,0x3,871,972,101,1,0x4,0x4,1,1,2696,13688,0.164550781250
16,16384,4,0x8AE628546FF28BA1,0x7,0x0,846,980,134,1,0x7,0x7,1,1,2756,13628,0.168212890625
16,16384,5,0x8AE628546FF28BA1,0x7,0x2,851,970,119,1,0x5,0x5,1,1,2654,13730,0.161987304688
16,16384,6,0x8AE628546FF28BA1,0x7,0x5,864,1002,138,1,0x2,0x2,1,1,2672,13712,0.163085937500
16,16384,7,0x8AE628546FF28BA1,0x7,0xD,812,983,171,1,0xA,0xA,1,1,2708,13676,0.165283203125
16,24576,0,0x8AE628546FF28BA1,0x7,0x6,1299,1482,183,1,0x1,0x1,1,1,4055,20521,0.164998372396
16,24576,1,0x8AE628546FF28BA1,0x7,0xD,1321,1488,167,1,0xA,0xA,1,1,4132,20444,0.168131510417
16,24576,2,0x8AE628546FF28BA1,0x7,0x7,1243,1486,243,1,0x0,0x0,1,1,3998,20578,0.162679036458
16,24576,3,0x8AE628546FF28BA1,0x7,0x3,1306,1477,171,1,0x4,0x4,1,1,4127,20449,0.167928059896
16,24576,4,0x8AE628546FF28BA1,0x7,0x0,1294,1499,205,1,0x7,0x7,1,1,4100,20476,0.166829427083
16,24576,5,0x8AE628546FF28BA1,0x7,0x2,1251,1489,238,1,0x5,0x5,1,1,4046,20530,0.164632161458
16,24576,6,0x8AE628546FF28BA1,0x7,0x5,1295,1491,196,1,0x2,0x2,1,1,3996,20580,0.162597656250
16,24576,7,0x8AE628546FF28BA1,0x7,0xD,1203,1507,304,1,0xA,0xA,1,1,4082,20494,0.166097005208
16,32768,0,0x8AE628546FF28BA1,0x7,0x6,1736,1980,244,1,0x1,0x1,1,1,5398,27370,0.164733886719
16,32768,1,0x8AE628546FF28BA1,0x7,0xD,1753,1990,237,1,0xA,0xA,1,1,5497,27271,0.167755126953
16,32768,2,0x8AE628546FF28BA1,0x7,0x7,1652,1997,345,1,0x0,0x0,1,1,5331,27437,0.162689208984
16,32768,3,0x8AE628546FF28BA1,0x7,0x3,1744,1972,228,1,0x4,0x4,1,1,5441,27327,0.166046142578
16,32768,4,0x8AE628546FF28BA1,0x7,0x0,1707,2009,302,1,0x7,0x7,1,1,5454,27314,0.166442871094
16,32768,5,0x8AE628546FF28BA1,0x7,0x2,1689,1994,305,1,0x5,0x5,1,1,5341,27427,0.162994384766
16,32768,6,0x8AE628546FF28BA1,0x7,0x5,1743,1993,250,1,0x2,0x2,1,1,5331,27437,0.162689208984
16,32768,7,0x8AE628546FF28BA1,0x7,0xD,1600,2002,402,1,0xA,0xA,1,1,5455,27313,0.166473388672
17,512,0,0x24795A5B426E82D3,0xE,0x9,25,27,2,1,0x7,0x4,1,0,93,419,0.181640625000
17,512,1,0x24795A5B426E82D3,0xE,0x4,22,23,1,1,0xA,0xE,1,0,82,430,0.160156250000
17,512,2,0x24795A5B426E82D3,0xE,0x0,26,28,2,1,0xE,0x2,1,0,89,423,0.173828125000
17,512,3,0x24795A5B426E82D3,0xE,0x2,22,24,2,1,0xC,0xA,1,0,67,445,0.130859375000
17,512,4,0x24795A5B426E82D3,0xE,0x5,22,30,8,2,0x0,0xB,0,0,87,425,0.169921875000
17,512,5,0x24795A5B426E82D3,0xE,0x1,25,26,1,1,0xF,0x5,1,0,83,429,0.162109375000
17,512,6,0x24795A5B426E82D3,0xE,0x6,19,24,5,1,0x8,0x8,1,1,81,431,0.158203125000
17,512,7,0x24795A5B426E82D3,0xE,0x0,25,26,1,1,0xE,0xA,1,0,80,432,0.156250000000
17,1024,0,0x24795A5B426E82D3,0xE,0xA,49,52,3,1,0x4,0x4,1,1,183,841,0.178710937500
17,1024,1,0x24795A5B426E82D3,0xE,0xB,49,55,6,1,0x5,0xE,1,0,178,846,0.173828125000
17,1024,2,0x24795A5B426E82D3,0xE,0x3,58,59,1,1,0xD,0x2,1,0,171,853,0.166992187500
17,1024,3,0x24795A5B426E82D3,0xE,0x2,50,55,5,1,0xC,0xA,1,0,149,875,0.145507812500
17,1024,4,0x24795A5B426E82D3,0xE,0x5,42,54,12,1,0xB,0xB,1,1,179,845,0.174804687500
17,1024,5,0x24795A5B426E82D3,0xE,0x4,51,55,4,1,0xA,0x5,1,0,163,861,0.159179687500
17,1024,6,0x24795A5B426E82D3,0xE,0x6,48,51,3,1,0x8,0x8,1,1,167,857,0.163085937500
17,1024,7,0x24795A5B426E82D3,0xE,0x3,49,50,1,2,0x0,0xA,0,0,167,857,0.163085937500
17,1536,0,0x24795A5B426E82D3,0xE,0xA,74,82,8,1,0x4,0x4,1,1,255,1281,0.166015625000
17,1536,1,0x24795A5B426E82D3,0xE,0x0,85,86,1,2,0x0,0xE,0,0,254,1282,0.165364583333
17,1536,2,0x24795A5B426E82D3,0xE,0x5,88,90,2,2,0x0,0x2,0,0,243,1293,0.158203125000
17,1536,3,0x24795A5B426E82D3,0xE,0xA,78,83,5,1,0x4,0xA,1,0,226,1310,0.147135416667
17,1536,4,0x24795A5B426E82D3,0xE,0x5,75,84,9,1,0xB,0xB,1,1,260,1276,0.169270833333
17,1536,5,0x24795A5B426E82D3,0xE,0x4,78,82,4,1,0xA,0x5,1,0,242,1294,0.157552083333
17,1536,6,0x24795A5B426E82D3,0xE,0x4,79,83,4,2,0x0,0x8,0,0,259,1277,0.168619791667
17,1536,7,0x24795A5B426E82D3,0xE,0xF,80,82,2,1,0x1,0xA,1,0,246,1290,0.160156250000
17,2048,0,0x24795A5B426E82D3,0xE,0xA,101,110,9,1,0x4,0x4,1,1,335,1713,0.163574218750
17,2048,1,0x24795A5B426E82D3,0xE,0x0,109,113,4,1,0xE,0xE,1,1,337,1711,0.164550781250
17,2048,2,0x24795A5B426E82D3,0xE,0x5,112,115,3,1,0xB,0x2,1,0,331,1717,0.161621093750
17,2048,3,0x24795A5B426E82D3,0xE,0x2,104,112,8,1,0xC,0xA,1,0,306,1742,0.149414062500
17,2048,4,0x24795A5B426E82D3,0xE,0x5,106,110,4,1,0xB,0xB,1,1,349,1699,0.170410156250
17,2048,5,0x24795A5B426E82D3,0xE,0x4,111,112,1,1,0xA,0x5,1,0,327,1721,0.159667968750
17,2048,6,0x24795A5B426E82D3,0xE,0x7,107,108,1,1,0x9,0x8,1,0,330,1718,0.161132812500
17,2048,7,0x24795A5B426E82D3,0xE,0xF,103,105,2,1,0x1,0xA,1,0,330,1718,0.161132812500
17,3072,0,0x24795A5B426E82D3,0xE,0xA,162,173,11,1,0x4,0x4,1,1,503,2569,0.163736979167
17,3072,1,0x24795A5B426E82D3,0xE,0x0,161,168,7,1,0xE,0xE,1,1,518,2554,0.168619791667
17,3072,2,0x24795A5B426E82D3,0xE,0xC,171,179,8,1,0x2,0x2,1,1,484,2588,0.157552083333
17,3072,3,0x24795A5B426E82D3,0xE,0x4,168,175,7,1,0xA,0xA,1,1,475,2597,0.154622395833
17,3072,4,0x24795A5B426E82D3,0xE,0x5,157,167,10,1,0xB,0xB,1,1,532,2540,0.173177083333
17,3072,5,0x24795A5B426E82D3,0xE,0xB,154,174,20,1,0x5,0x5,1,1,504,2568,0.164062500000
17,3072,6,0x24795A5B426E82D3,0xE,0x7,164,167,3,1,0x9,0x8,1,0,503,2569,0.163736979167
17,3072,7,0x24795A5B426E82D3,0xE,0xF,161,163,2,1,0x1,0xA,1,0,494,2578,0.160807291667
17,4096,0,0x24795A5B426E82D3,0xE,0xA,207,242,35,1,0x4,0x4,1,1,673,3423,0.164306640625
17,4096,1,0x24795A5B426E82D3,0xE,0x0,212,227,15,1,0xE,0xE,1,1,674,3422,0.164550781250
17,4096,2,0x24795A5B426E82D3,0xE,0xC,216,242,26,1,0x2,0x2,1,1,665,3431,0.162353515625
17,4096,3,0x24795A5B426E82D3,0xE,0x4,211,236,25,1,0xA,0xA,1,1,623,3473,0.152099609375
17,4096,4,0x24795A5B426E82D3,0xE,0x5,213,234,21,1,0xB,0xB,1,1,718,3378,0.175292968750
17,4096,5,0x24795A5B426E82D3,0xE,0xB,202,234,32,1,0x5,0x5,1,1,659,3437,0.160888671875
17,4096,6,0x24795A5B426E82D3,0xE,0x6,223,235,12,2,0x0,0x8,0,0,665,3431,0.162353515625
17,4096,7,0x24795A5B426E82D3,0xE,0x4,224,229,5,1,0xA,0xA,1,1,666,3430,0.162597656250
17,6144,0,0x24795A5B426E82D3,0xE,0xA,329,359,30,1,0x4,0x4,1,1,1023,5121,0.166503906250
17,6144,1,0x24795A5B426E82D3,0xE,0x0,306,355,49,1,0xE,0xE,1,1,1006,5138,0.163736979167
17,6144,2,0x24795A5B426E82D3,0xE,0xC,322,356,34,1,0x2,0x2,1,1,1030,5114,0.167643229167
17,6144,3,0x24795A5B426E82D3,0xE,0x4,311,352,41,1,0xA,0xA,1,1,972,5172,0.158203125000
17,6144,4,0x24795A5B426E82D3,0xE,0x5,313,332,19,1,0xB,0xB,1,1,1033,5111,0.168131510417
17,6144,5,0x24795A5B426E82D3,0xE,0xB,299,354,55,1,0x5,0x5,1,1,980,5164,0.159505208333
17,6144,6,0x24795A5B426E82D3,0xE,0x6,330,344,14,1,0x8,0x8,1,1,1002,5142,0.163085937500
17,6144,7,0x24795A5B426E82D3,0xE,0x4,324,346,22,1,0xA,0xA,1,1,1005,5139,0.163574218750
17,8192,0,0x24795A5B426E82D3,0xE,0xA,419,486,67,1,0x4,0x4,1,1,1370,6822,0.167236328125
17,8192,1,0x24795A5B426E82D3,0xE,0x0,413,487,74,1,0xE,0xE,1,1,1346,6846,0.164306640625
17,8192,2,0x24795A5B426E82D3,0xE,0xC,435,481,46,1,0x2,0x2,1,1,1398,6794,0.170654296875
17,8192,3,0x24795A5B426E82D3,0xE,0x4,403,474,71,1,0xA,0xA,1,1,1309,6883,0.159790039062
17,8192,4,0x24795A5B426E82D3,0xE,0x5,406,453,47,1,0xB,0xB,1,1,1362,6830,0.166259765625
17,8192,5,0x24795A5B426E82D3,0xE,0xB,397,493,96,1,0x5,0x5,1,1,1312,6880,0.160156250000
17,8192,6,0x24795A5B426E82D3,0xE,0x6,434,479,45,1,0x8,0x8,1,1,1345,6847,0.164184570312
17,8192,7,0x24795A5B426E82D3,0xE,0x4,425,478,53,1,0xA,0xA,1,1,1347,6845,0.164428710938
17,12288,0,0x24795A5B426E82D3,0xE,0xA,646,739,93,1,0x4,0x4,1,1,2006,10282,0.163248697917
17,12288,1,0x24795A5B426E82D3,0xE,0x0,633,748,115,1,0xE,0xE,1,1,2052,10236,0.166992187500
17,12288,2,0x24795A5B426E82D3,0xE,0xC,679,745,66,1,0x2,0x2,1,1,2077,10211,0.169026692708
17,12288,3,0x24795A5B426E82D3,0xE,0x4,632,737,105,1,0xA,0xA,1,1,1970,10318,0.160319010417
17,12288,4,0x24795A5B426E82D3,0xE,0x5,622,718,96,1,0xB,0xB,1,1,2027,10261,0.164957682292
17,12288,5,0x24795A5B426E82D3,0xE,0xB,607,741,134,1,0x5,0x5,1,1,1969,10319,0.160237630208
17,12288,6,0x24795A5B426E82D3,0xE,0x6,641,710,69,1,0x8,0x8,1,1,2007,10281,0.163330078125
17,12288,7,0x24795A5B426E82D3,0xE,0x4,633,733,100,1,0xA,0xA,1,1,2026,10262,0.164876302083
17,16384,0,0x24795A5B426E82D3,0xE,0xA,880,994,114,1,0x4,0x4,1,1,2712,13672,0.165527343750
17,16384,1,0x24795A5B426E82D3,0xE,0x0,834,998,164,1,0xE,0xE,1,1,2713,13671,0.165588378906
17,16384,2,0x24795A5B426E82D3,0xE,0xC,904,984,80,1,0x2,0x2,1,1,2742,13642,0.167358398438
17,16384,3,0x24795A5B426E82D3,0xE,0x4,860,1000,140,1,0xA,0xA,1,1,2628,13756,0.160400390625
17,16384,4,0x24795A5B426E82D3,0xE,0x5,849,979,130,1,0xB,0xB,1,1,2700,13684,0.164794921875
17,16384,5,0x24795A5B426E82D3,0xE,0xB,818,996,178,1,0x5,0x5,1,1,2611,13773,0.159362792969
17,16384,6,0x24795A5B426E82D3,0xE,0x6,848,950,102,1,0x8,0x8,1,1,2676,13708,0.163330078125
17,16384,7,0x24795A5B426E82D3,0xE,0x4,852,974,122,1,0xA,0xA,1,1,2699,13685,0.164733886719
17,24576,0,0x24795A5B426E82D3,0xE,0xA,1306,1482,176,1,0x4,0x4,1,1,4091,20485,0.166463216146
17,24576,1,0x24795A5B426E82D3,0xE,0x0,1218,1496,278,1,0xE,0xE,1,1,4046,20530,0.164632161458
17,24576,2,0x24795A5B426E82D3,0xE,0xC,1345,1487,142,1,0x2,0x2,1,1,4071,20505,0.165649414062
17,24576,3,0x24795A5B426E82D3,0xE,0x4,1276,1497,221,1,0xA,0xA,1,1,3913,20663,0.159220377604
17,24576,4,0x24795A5B426E82D3,0xE,0x5,1251,1489,238,1,0xB,0xB,1,1,4054,20522,0.164957682292
17,24576,5,0x24795A5B426E82D3,0xE,0xB,1251,1498,247,1,0x5,0x5,1,1,3957,20619,0.161010742188
17,24576,6,0x24795A5B426E82D3,0xE,0x6,1269,1474,205,1,0x8,0x8,1,1,3989,20587,0.162312825521
17,24576,7,0x24795A5B426E82D3,0xE,0x4,1252,1481,229,1,0xA,0xA,1,1,4015,20561,0.163370768229
17,32768,0,0x24795A5B426E82D3,0xE,0xA,1703,2006,303,1,0x4,0x4,1,1,5389,27379,0.164459228516
17,32768,1,0x24795A5B426E82D3,0xE,0x0,1670,1989,319,1,0xE,0xE,1,1,5399,27369,0.164764404297
17,32768,2,0x24795A5B426E82D3,0xE,0xC,1758,2006,248,1,0x2,0x2,1,1,5406,27362,0.164978027344
17,32768,3,0x24795A5B426E82D3,0xE,0x4,1721,2012,291,1,0xA,0xA,1,1,5218,27550,0.159240722656
17,32768,4,0x24795A5B426E82D3,0xE,0x5,1688,2021,333,1,0xB,0xB,1,1,5392,27376,0.164550781250
17,32768,5,0x24795A5B426E82D3,0xE,0xB,1683,2012,329,1,0x5,0x5,1,1,5381,27387,0.164215087891
17,32768,6,0x24795A5B426E82D3,0xE,0x6,1683,1994,311,1,0x8,0x8,1,1,5300,27468,0.161743164062
17,32768,7,0x24795A5B426E82D3,0xE,0x4,1678,1976,298,1,0xA,0xA,1,1,5366,27402,0.163757324219
18,512,0,0xAB92B620C427DD22,0x3,0x6,20,23,3,1,0x5,0x5,1,1,86,426,0.167968750000
18,512,1,0xAB92B620C427DD22,0x3,0xC,19,22,3,1,0xF,0xC,1,0,73,439,0.142578125000
18,512,2,0xAB92B620C427DD22,0x3,0x1,25,26,1,1,0x2,0x2,1,1,83,429,0.162109375000
18,512,3,0xAB92B620C427DD22,0x3,0xF,21,25,4,1,0xC,0xA,1,0,82,430,0.160156250000
18,512,4,0xAB92B620C427DD22,0x3,0xB,24,26,2,1,0x8,0x5,1,0,77,435,0.150390625000
18,512,5,0xAB92B620C427DD22,0x3,0x0,23,25,2,1,0x3,0xD,1,0,75,437,0.146484375000
18,512,6,0xAB92B620C427DD22,0x3,0x9,20,26,6,1,0xA,0xA,1,1,97,415,0.189453125000
18,512,7,0xAB92B620C427DD22,0x3,0x0,23,25,2,1,0x3,0x3,1,1,104,408,0.203125000000
18,1024,0,0xAB92B620C427DD22,0x3,0xF,50,55,5,1,0xC,0x5,1,0,165,859,0.161132812500
18,1024,1,0xAB92B620C427DD22,0x3,0xA,51,56,5,1,0x9,0xC,1,0,167,857,0.163085937500
18,1024,2,0xAB92B620C427DD22,0x3,0x1,58,60,2,3,0x0,0x2,0,0,155,869,0.151367187500
18,1024,3,0xAB92B620C427DD22,0x3,0xF,47,50,3,1,0xC,0xA,1,0,175,849,0.170898437500
18,1024,4,0xAB92B620C427DD22,0x3,0x3,51,53,2,2,0x0,0x5,0,0,168,856,0.164062500000
18,1024,5,0xAB92B620C427DD22,0x3,0x0,46,56,10,1,0x3,0xD,1,0,161,863,0.157226562500
18,1024,6,0xAB92B620C427DD22,0x3,0x9,47,48,1,1,0xA,0xA,1,1,178,846,0.173828125000
18,1024,7,0xAB92B620C427DD22,0x3,0x0,40,52,12,1,0x3,0x3,1,1,191,833,0.186523437500
18,1536,0,0xAB92B620C427DD22,0x3,0x6,82,84,2,1,0x5,0x5,1,1,264,1272,0.171875000000
18,1536,1,0xAB92B620C427DD22,0x3,0xF,82,83,1,1,0xC,0xC,1,1,244,1292,0.158854166667
18,1536,2,0xAB92B620C427DD22,0x3,0x9,85,88,3,1,0xA,0x2,1,0,240,1296,0.156250000000
18,1536,3,0xAB92B620C427DD22,0x3,0x9,76,82,6,1,0xA,0xA,1,1,260,1276,0.169270833333
18,1536,4,0xAB92B620C427DD22,0x3,0x3,81,86,5,1,0x0,0x5,1,0,236,1300,0.153645833333
18,1536,5,0xAB92B620C427DD22,0x3,0x0,73,79,6,1,0x3,0xD,1,0,249,1287,0.162109375000
18,1536,6,0xAB92B620C427DD22,0x3,0x9,76,82,6,1,0xA,0xA,1,1,261,1275,0.169921875000
18,1536,7,0xAB92B620C427DD22,0x3,0x0,75,81,6,1,0x3,0x3,1,1,267,1269,0.173828125000
18,2048,0,0xAB92B620C427DD22,0x3,0x6,107,117,10,1,0x5,0x5,1,1,349,1699,0.170410156250
18,2048,1,0xAB92B620C427DD22,0x3,0xF,105,111,6,1,0xC,0xC,1,1,341,1707,0.166503906250
18,2048,2,0xAB92B620C427DD22,0x3,0xF,112,116,4,1,0xC,0x2,1,0,328,1720,0.160156250000
18,2048,3,0xAB92B620C427DD22,0x3,0x9,99,108,9,1,0xA,0xA,1,1,342,1706,0.166992187500
18,2048,4,0xAB92B620C427DD22,0x3,0x3,112,120,8,1,0x0,0x5,1,0,316,1732,0.154296875000
18,2048,5,0xAB92B620C427DD22,0x3,0x0,105,114,9,2,0x0,0xD,0,0,346,1702,0.168945312500
18,2048,6,0xAB92B620C427DD22,0x3,0x9,100,109,9,1,0xA,0xA,1,1,335,1713,0.163574218750
18,2048,7,0xAB92B620C427DD22,0x3,0x0,93,113,20,1,0x3,0x3,1,1,346,1702,0.168945312500
18,3072,0,0xAB92B620C427DD22,0x3,0x6,158,172,14,1,0x5,0x5,1,1,505,2567,0.164388020833
18,3072,1,0xAB92B620C427DD22,0x3,0xF,165,173,8,1,0xC,0xC,1,1,486,2586,0.158203125000
18,3072,2,0xAB92B620C427DD22,0x3,0x1,159,168,9,1,0x2,0x2,1,1,496,2576,0.161458333333
18,3072,3,0xAB92B620C427DD22,0x3,0x9,158,177,19,1,0xA,0xA,1,1,511,2561,0.166341145833
18,3072,4,0xAB92B620C427DD22,0x3,0x4,166,168,2,1,0x7,0x5,1,0,489,2583,0.159179687500
18,3072,5,0xAB92B620C427DD22,0x3,0xE,155,171,16,1,0xD,0xD,1,1,520,2552,0.169270833333
18,3072,6,0xAB92B620C427DD22,0x3,0x9,159,169,10,1,0xA,0xA,1,1,502,2570,0.163411458333
18,3072,7,0xAB92B620C427DD22,0x3,0x0,137,175,38,1,0x3,0x3,1,1,516,2556,0.167968750000
18,4096,0,0xAB92B620C427DD22,0x3,0x6,214,235,21,1,0x5,0x5,1,1,672,3424,0.164062500000
18,4096,1,0xAB92B620C427DD22,0x3,0x4,236,237,1,1,0x7,0xC,1,0,665,3431,0.162353515625
18,4096,2,0xAB92B620C427DD22,0x3,0x1,209,229,20,1,0x2,0x2,1,1,673,3423,0.164306640625
18,4096,3,0xAB92B620C427DD22,0x3,0x9,202,241,39,1,0xA,0xA,1,1,678,3418,0.165527343750
18,4096,4,0xAB92B620C427DD22,0x3,0x6,213,231,18,1,0x5,0x5,1,1,651,3445,0.158935546875
18,4096,5,0xAB92B620C427DD22,0x3,0xE,203,238,35,1,0xD,0xD,1,1,683,3413,0.166748046875
18,4096,6,0xAB92B620C427DD22,0x3,0x9,211,227,16,1,0xA,0xA,1,1,667,3429,0.162841796875
18,4096,7,0xAB92B620C427DD22,0x3,0x0,193,235,42,1,0x3,0x3,1,1,691,3405,0.168701171875
18,6144,0,0xAB92B620C427DD22,0x3,0x6,323,351,28,1,0x5,0x5,1,1,961,5183,0.156412760417
18,6144,1,0xAB92B620C427DD22,0x3,0xF,335,362,27,1,0xC,0xC,1,1,1008,5136,0.164062500000
18,6144,2,0xAB92B620C427DD22,0x3,0x1,322,362,40,1,0x2,0x2,1,1,1014,5130,0.165039062500
18,6144,3,0xAB92B620C427DD22,0x3,0x9,298,360,62,1,0xA,0xA,1,1,1024,5120,0.166666666667
18,6144,4,0xAB92B620C427DD22,0x3,0x6,325,361,36,1,0x5,0x5,1,1,994,5150,0.161783854167
18,6144,5,0xAB92B620C427DD22,0x3,0xE,317,351,34,1,0xD,0xD,1,1,1041,5103,0.169433593750
18,6144,6,0xAB92B620C427DD22,0x3,0x9,317,356,39,1,0xA,0xA,1,1,1001,5143,0.162923177083
18,6144,7,0xAB92B620C427DD22,0x3,0x0,315,360,45,1,0x3,0x3,1,1,1031,5113,0.167805989583
18,8192,0,0xAB92B620C427DD22,0x3,0x6,420,472,52,1,0x5,0x5,1,1,1281,6911,0.156372070312
18,8192,1,0xAB92B620C427DD22,0x3,0xF,441,483,42,1,0xC,0xC,1,1,1368,6824,0.166992187500
18,8192,2,0xAB92B620C427DD22,0x3,0x1,436,488,52,1,0x2,0x2,1,1,1369,6823,0.167114257812
18,8192,3,0xAB92B620C427DD22,0x3,0x9,400,487,87,1,0xA,0xA,1,1,1386,6806,0.169189453125
18,8192,4,0xAB92B620C427DD22,0x3,0x6,434,490,56,1,0x5,0x5,1,1,1369,6823,0.167114257812
18,8192,5,0xAB92B620C427DD22,0x3,0xE,419,482,63,1,0xD,0xD,1,1,1400,6792,0.170898437500
18,8192,6,0xAB92B620C427DD22,0x3,0x9,408,485,77,1,0xA,0xA,1,1,1374,6818,0.167724609375
18,8192,7,0xAB92B620C427DD22,0x3,0x0,428,488,60,1,0x3,0x3,1,1,1362,6830,0.166259765625
18,12288,0,0xAB92B620C427DD22,0x3,0x6,626,730,104,1,0x5,0x5,1,1,1934,10354,0.157389322917
18,12288,1,0xAB92B620C427DD22,0x3,0xF,672,726,54,1,0xC,0xC,1,1,2040,10248,0.166015625000
18,12288,2,0xAB92B620C427DD22,0x3,0x1,628,732,104,1,0x2,0x2,1,1,2016,10272,0.164062500000
18,12288,3,0xAB92B620C427DD22,0x3,0x9,578,734,156,1,0xA,0xA,1,1,2079,10209,0.169189453125
18,12288,4,0xAB92B620C427DD22,0x3,0x6,627,741,114,1,0x5,0x5,1,1,2032,10256,0.165364583333
18,12288,5,0xAB92B620C427DD22,0x3,0xE,630,726,96,1,0xD,0xD,1,1,2071,10217,0.168538411458
18,12288,6,0xAB92B620C427DD22,0x3,0x9,621,738,117,1,0xA,0xA,1,1,2038,10250,0.165852864583
18,12288,7,0xAB92B620C427DD22,0x3,0x0,657,714,57,1,0x3,0x3,1,1,2038,10250,0.165852864583
18,16384,0,0xAB92B620C427DD22,0x3,0x6,852,970,118,1,0x5,0x5,1,1,2589,13795,0.158020019531
18,16384,1,0xAB92B620C427DD22,0x3,0xF,882,980,98,1,0xC,0xC,1,1,2708,13676,0.165283203125
18,16384,2,0xAB92B620C427DD22,0x3,0x1,846,972,126,1,0x2,0x2,1,1,2702,13682,0.164916992188
18,16384,3,0xAB92B620C427DD22,0x3,0x9,822,999,177,1,0xA,0xA,1,1,2763,13621,0.168640136719
18,16384,4,0xAB92B620C427DD22,0x3,0x6,843,984,141,1,0x5,0x5,1,1,2674,13710,0.163208007812
18,16384,5,0xAB92B620C427DD22,0x3,0xE,824,979,155,1,0xD,0xD,1,1,2792,13592,0.170410156250
18,16384,6,0xAB92B620C427DD22,0x3,0x9,868,988,120,1,0xA,0xA,1,1,2745,13639,0.167541503906
18,16384,7,0xAB92B620C427DD22,0x3,0x0,864,948,84,1,0x3,0x3,1,1,2731,13653,0.166687011719
18,24576,0,0xAB92B620C427DD22,0x3,0x6,1283,1494,211,1,0x5,0x5,1,1,3928,20648,0.159830729167
18,24576,1,0xAB92B620C427DD22,0x3,0xF,1313,1480,167,1,0xC,0xC,1,1,4036,20540,0.164225260417
18,24576,2,0xAB92B620C427DD22,0x3,0x1,1257,1504,247,1,0x2,0x2,1,1,4036,20540,0.164225260417
18,24576,3,0xAB92B620C427DD22,0x3,0x9,1248,1494,246,1,0xA,0xA,1,1,4029,20547,0.163940429688
18,24576,4,0xAB92B620C427DD22,0x3,0x6,1249,1444,195,1,0x5,0x5,1,1,3998,20578,0.162679036458
18,24576,5,0xAB92B620C427DD22,0x3,0xE,1249,1480,231,1,0xD,0xD,1,1,4089,20487,0.166381835938
18,24576,6,0xAB92B620C427DD22,0x3,0x9,1290,1484,194,1,0xA,0xA,1,1,4075,20501,0.165812174479
18,24576,7,0xAB92B620C427DD22,0x3,0x0,1269,1474,205,1,0x3,0x3,1,1,4053,20523,0.164916992188
18,32768,0,0xAB92B620C427DD22,0x3,0x6,1725,2012,287,1,0x5,0x5,1,1,5288,27480,0.161376953125
18,32768,1,0xAB92B620C427DD22,0x3,0xF,1778,1976,198,1,0xC,0xC,1,1,5387,27381,0.164398193359
18,32768,2,0xAB92B620C427DD22,0x3,0x1,1665,2015,350,1,0x2,0x2,1,1,5422,27346,0.165466308594
18,32768,3,0xAB92B620C427DD22,0x3,0x9,1680,2030,350,1,0xA,0xA,1,1,5387,27381,0.164398193359
18,32768,4,0xAB92B620C427DD22,0x3,0x6,1690,1994,304,1,0x5,0x5,1,1,5334,27434,0.162780761719
18,32768,5,0xAB92B620C427DD22,0x3,0xE,1658,1966,308,1,0xD,0xD,1,1,5483,27285,0.167327880859
18,32768,6,0xAB92B620C427DD22,0x3,0x9,1717,1982,265,1,0xA,0xA,1,1,5435,27333,0.165863037109
18,32768,7,0xAB92B620C427DD22,0x3,0x0,1675,2025,350,1,0x3,0x3,1,1,5495,27273,0.167694091797
19,512,0,0x60165B6034EFE981,0xE,0x4,20,29,9,1,0xA,0xA,1,1,97,415,0.189453125000
19,512,1,0x60165B6034EFE981,0xE,0x0,25,26,1,1,0xE,0xE,1,1,71,441,0.138671875000
19,512,2,0x60165B6034EFE981,0xE,0xF,24,26,2,1,0x1,0xF,1,0,87,425,0.169921875000
19,512,3,0x60165B6034EFE981,0xE,0x9,26,28,2,1,0x7,0x8,1,0,75,437,0.146484375000
19,512,4,0x60165B6034EFE981,0xE,0xF,21,24,3,1,0x1,0x0,1,0,79,433,0.154296875000
19,512,5,0x60165B6034EFE981,0xE,0xD,22,24,2,1,0x3,0x6,1,0,91,421,0.177734375000
19,512,6,0x60165B6034EFE981,0xE,0x4,21,25,4,1,0xA,0xA,1,1,96,416,0.187500000000
19,512,7,0x60165B6034EFE981,0xE,0x1,25,27,2,1,0xF,0xF,1,1,80,432,0.156250000000
19,1024,0,0x60165B6034EFE981,0xE,0x4,41,56,15,1,0xA,0xA,1,1,183,841,0.178710937500
19,1024,1,0x60165B6034EFE981,0xE,0x3,56,58,2,1,0xD,0xE,1,0,149,875,0.145507812500
19,1024,2,0x60165B6034EFE981,0xE,0xF,50,55,5,1,0x1,0xF,1,0,165,859,0.161132812500
19,1024,3,0x60165B6034EFE981,0xE,0xE,46,54,8,1,0x0,0x8,1,0,169,855,0.165039062500
19,1024,4,0x60165B6034EFE981,0xE,0xA,54,55,1,1,0x4,0x0,1,0,165,859,0.161132812500
19,1024,5,0x60165B6034EFE981,0xE,0x9,50,56,6,1,0x7,0x6,1,0,175,849,0.170898437500
19,1024,6,0x60165B6034EFE981,0xE,0x2,51,52,1,1,0xC,0xA,1,0,183,841,0.178710937500
19,1024,7,0x60165B6034EFE981,0xE,0x1,50,51,1,1,0xF,0xF,1,1,160,864,0.156250000000
19,1536,0,0x60165B6034EFE981,0xE,0x4,59,89,30,1,0xA,0xA,1,1,263,1273,0.171223958333
19,1536,1,0x60165B6034EFE981,0xE,0x5,80,84,4,1,0xB,0xE,1,0,242,1294,0.157552083333
19,1536,2,0x60165B6034EFE981,0xE,0xF,82,83,1,1,0x1,0xF,1,0,245,1291,0.159505208333
19,1536,3,0x60165B6034EFE981,0xE,0x6,80,89,9,1,0x8,0x8,1,1,254,1282,0.165364583333
19,1536,4,0x60165B6034EFE981,0xE,0xE,85,86,1,1,0x0,0x0,1,1,261,1275,0.169921875000
19,1536,5,0x60165B6034EFE981,0xE,0x9,71,87,16,1,0x7,0x6,1,0,260,1276,0.169270833333
19,1536,6,0x60165B6034EFE981,0xE,0x1,81,88,7,2,0x0,0xA,0,0,258,1278,0.167968750000
19,1536,7,0x60165B6034EFE981,0xE,0x1,77,85,8,1,0xF,0xF,1,1,231,1305,0.150390625000
19,2048,0,0x60165B6034EFE981,0xE,0x4,87,118,31,1,0xA,0xA,1,1,347,1701,0.169433593750
19,2048,1,0x60165B6034EFE981,0xE,0x5,106,111,5,1,0xB,0xE,1,0,317,1731,0.154785156250
19,2048,2,0x60165B6034EFE981,0xE,0xF,114,117,3,1,0x1,0xF,1,0,330,1718,0.161132812500
19,2048,3,0x60165B6034EFE981,0xE,0x6,101,116,15,1,0x8,0x8,1,1,325,1723,0.158691406250
19,2048,4,0x60165B6034EFE981,0xE,0xA,112,114,2,2,0x0,0x0,0,0,353,1695,0.172363281250
19,2048,5,0x60165B6034EFE981,0xE,0x9,95,111,16,1,0x7,0x6,1,0,347,1701,0.169433593750
19,2048,6,0x60165B6034EFE981,0xE,0x4,106,110,4,1,0xA,0xA,1,1,340,1708,0.166015625000
19,2048,7,0x60165B6034EFE981,0xE,0x1,107,114,7,1,0xF,0xF,1,1,307,1741,0.149902343750
19,3072,0,0x60165B6034EFE981,0xE,0x4,146,176,30,1,0xA,0xA,1,1,501,2571,0.163085937500
19,3072,1,0x60165B6034EFE981,0xE,0xC,159,172,13,1,0x2,0xE,1,0,492,2580,0.160156250000
19,3072,2,0x60165B6034EFE981,0xE,0x1,174,176,2,1,0xF,0xF,1,1,508,2564,0.165364583333
19,3072,3,0x60165B6034EFE981,0xE,0x6,145,184,39,1,0x8,0x8,1,1,508,2564,0.165364583333
19,3072,4,0x60165B6034EFE981,0xE,0xE,156,178,22,1,0x0,0x0,1,1,516,2556,0.167968750000
19,3072,5,0x60165B6034EFE981,0xE,0x8,165,169,4,1,0x6,0x6,1,1,519,2553,0.168945312500
19,3072,6,0x60165B6034EFE981,0xE,0x4,154,175,21,1,0xA,0xA,1,1,506,2566,0.164713541667
19,3072,7,0x60165B6034EFE981,0xE,0x1,154,171,17,1,0xF,0xF,1,1,480,2592,0.156250000000
19,4096,0,0x60165B6034EFE981,0xE,0x4,192,242,50,1,0xA,0xA,1,1,662,3434,0.161621093750
19,4096,1,0x60165B6034EFE981,0xE,0x0,226,235,9,1,0xE,0xE,1,1,664,3432,0.162109375000
19,4096,2,0x60165B6034EFE981,0xE,0x1,222,233,11,1,0xF,0xF,1,1,669,3427,0.163330078125
19,4096,3,0x60165B6034EFE981,0xE,0x6,199,246,47,1,0x8,0x8,1,1,683,3413,0.166748046875
19,4096,4,0x60165B6034EFE981,0xE,0xE,217,226,9,1,0x0,0x0,1,1,675,3421,0.164794921875
19,4096,5,0x60165B6034EFE981,0xE,0xD,213,216,3,1,0x3,0x6,1,0,677,3419,0.165283203125
19,4096,6,0x60165B6034EFE981,0xE,0x4,204,239,35,1,0xA,0xA,1,1,686,3410,0.167480468750
19,4096,7,0x60165B6034EFE981,0xE,0x1,208,229,21,1,0xF,0xF,1,1,644,3452,0.157226562500
19,6144,0,0x60165B6034EFE981,0xE,0x4,302,369,67,1,0xA,0xA,1,1,995,5149,0.161946614583
19,6144,1,0x60165B6034EFE981,0xE,0x0,345,355,10,1,0xE,0xE,1,1,980,5164,0.159505208333
19,6144,2,0x60165B6034EFE981,0xE,0x1,331,356,25,1,0xF,0xF,1,1,984,5160,0.160156250000
19,6144,3,0x60165B6034EFE981,0xE,0x6,309,366,57,1,0x8,0x8,1,1,1016,5128,0.165364583333
19,6144,4,0x60165B6034EFE981,0xE,0xE,323,356,33,1,0x0,0x0,1,1,1030,5114,0.167643229167
19,6144,5,0x60165B6034EFE981,0xE,0x8,326,350,24,1,0x6,0x6,1,1,1023,5121,0.166503906250
19,6144,6,0x60165B6034EFE981,0xE,0x4,288,376,88,1,0xA,0xA,1,1,984,5160,0.160156250000
19,6144,7,0x60165B6034EFE981,0xE,0x1,301,372,71,1,0xF,0xF,1,1,989,5155,0.160970052083
19,8192,0,0x60165B6034EFE981,0xE,0x4,403,489,86,1,0xA,0xA,1,1,1319,6873,0.161010742188
19,8192,1,0x60165B6034EFE981,0xE,0x0,444,480,36,1,0xE,0xE,1,1,1290,6902,0.157470703125
19,8192,2,0x60165B6034EFE981,0xE,0x1,462,483,21,1,0xF,0xF,1,1,1302,6890,0.158935546875
19,8192,3,0x60165B6034EFE981,0xE,0x6,404,483,79,1,0x8,0x8,1,1,1343,6849,0.163940429688
19,8192,4,0x60165B6034EFE981,0xE,0xE,451,474,23,1,0x0,0x0,1,1,1360,6832,0.166015625000
19,8192,5,0x60165B6034EFE981,0xE,0x8,443,475,32,1,0x6,0x6,1,1,1374,6818,0.167724609375
19,8192,6,0x60165B6034EFE981,0xE,0x4,390,499,109,1,0xA,0xA,1,1,1333,6859,0.162719726562
19,8192,7,0x60165B6034EFE981,0xE,0x1,406,491,85,1,0xF,0xF,1,1,1398,6794,0.170654296875
19,12288,0,0x60165B6034EFE981,0xE,0x4,606,748,142,1,0xA,0xA,1,1,1990,10298,0.161946614583
19,12288,1,0x60165B6034EFE981,0xE,0x0,660,734,74,1,0xE,0xE,1,1,1909,10379,0.155354817708
19,12288,2,0x60165B6034EFE981,0xE,0x1,689,717,28,1,0xF,0xF,1,1,1983,10305,0.161376953125
19,12288,3,0x60165B6034EFE981,0xE,0x6,626,746,120,1,0x8,0x8,1,1,2073,10215,0.168701171875
19,12288,4,0x60165B6034EFE981,0xE,0xE,644,737,93,1,0x0,0x0,1,1,2009,10279,0.163492838542
19,12288,5,0x60165B6034EFE981,0xE,0x8,673,720,47,1,0x6,0x6,1,1,2086,10202,0.169759114583
19,12288,6,0x60165B6034EFE981,0xE,0x4,603,754,151,1,0xA,0xA,1,1,2011,10277,0.163655598958
19,12288,7,0x60165B6034EFE981,0xE,0x1,627,728,101,1,0xF,0xF,1,1,2081,10207,0.169352213542
19,16384,0,0x60165B6034EFE981,0xE,0x4,839,1003,164,1,0xA,0xA,1,1,2634,13750,0.160766601562
19,16384,1,0x60165B6034EFE981,0xE,0x0,864,988,124,1,0xE,0xE,1,1,2577,13807,0.157287597656
19,16384,2,0x60165B6034EFE981,0xE,0x1,893,968,75,1,0xF,0xF,1,1,2651,13733,0.161804199219
19,16384,3,0x60165B6034EFE981,0xE,0x6,811,993,182,1,0x8,0x8,1,1,2782,13602,0.169799804688
19,16384,4,0x60165B6034EFE981,0xE,0xE,851,991,140,1,0x0,0x0,1,1,2651,13733,0.161804199219
19,16384,5,0x60165B6034EFE981,0xE,0x8,856,965,109,1,0x6,0x6,1,1,2778,13606,0.169555664062
19,16384,6,0x60165B6034EFE981,0xE,0x4,808,1007,199,1,0xA,0xA,1,1,2656,13728,0.162109375000
19,16384,7,0x60165B6034EFE981,0xE,0x1,846,954,108,1,0xF,0xF,1,1,2778,13606,0.169555664062
19,24576,0,0x60165B6034EFE981,0xE,0x4,1306,1497,191,1,0xA,0xA,1,1,3888,20688,0.158203125000
19,24576,1,0x60165B6034EFE981,0xE,0x0,1322,1475,153,1,0xE,0xE,1,1,3926,20650,0.159749348958
19,24576,2,0x60165B6034EFE981,0xE,0x1,1322,1466,144,1,0xF,0xF,1,1,4016,20560,0.163411458333
19,24576,3,0x60165B6034EFE981,0xE,0x6,1239,1504,265,1,0x8,0x8,1,1,4083,20493,0.166137695312
19,24576,4,0x60165B6034EFE981,0xE,0xE,1299,1480,181,1,0x0,0x0,1,1,4021,20555,0.163614908854
19,24576,5,0x60165B6034EFE981,0xE,0x8,1299,1444,145,1,0x6,0x6,1,1,4098,20478,0.166748046875
19,24576,6,0x60165B6034EFE981,0xE,0x4,1238,1511,273,1,0xA,0xA,1,1,3998,20578,0.162679036458
19,24576,7,0x60165B6034EFE981,0xE,0x1,1235,1482,247,1,0xF,0xF,1,1,4152,20424,0.168945312500
19,32768,0,0x60165B6034EFE981,0xE,0x4,1750,1981,231,1,0xA,0xA,1,1,5220,27548,0.159301757812
19,32768,1,0x60165B6034EFE981,0xE,0x0,1771,1938,167,1,0xE,0xE,1,1,5294,27474,0.161560058594
19,32768,2,0x60165B6034EFE981,0xE,0x1,1789,1999,210,1,0xF,0xF,1,1,5319,27449,0.162322998047
19,32768,3,0x60165B6034EFE981,0xE,0x6,1672,2001,329,1,0x8,0x8,1,1,5446,27322,0.166198730469
19,32768,4,0x60165B6034EFE981,0xE,0xE,1711,1998,287,1,0x0,0x0,1,1,5341,27427,0.162994384766
19,32768,5,0x60165B6034EFE981,0xE,0x8,1735,1943,208,1,0x6,0x6,1,1,5454,27314,0.166442871094
19,32768,6,0x60165B6034EFE981,0xE,0x4,1671,2024,353,1,0xA,0xA,1,1,5294,27474,0.161560058594
19,32768,7,0x60165B6034EFE981,0xE,0x1,1648,2007,359,1,0xF,0xF,1,1,5538,27230,0.169006347656
20,512,0,0x8DB931AC263FE341,0x1,0x7,23,26,3,1,0x6,0x9,1,0,78,434,0.152343750000
20,512,1,0x8DB931AC263FE341,0x1,0xF,23,25,2,1,0xE,0xE,1,1,72,440,0.140625000000
20,512,2,0x8DB931AC263FE341,0x1,0x0,21,25,4,1,0x1,0x7,1,0,89,423,0.173828125000
20,512,3,0x8DB931AC263FE341,0x1,0xF,22,24,2,1,0xE,0xA,1,0,91,421,0.177734375000
20,512,4,0x8DB931AC263FE341,0x1,0xF,20,22,2,1,0xE,0xF,1,0,77,435,0.150390625000
20,512,5,0x8DB931AC263FE341,0x1,0xA,21,23,2,1,0xB,0x0,1,0,94,418,0.183593750000
20,512,6,0x8DB931AC263FE341,0x1,0xE,23,26,3,1,0xF,0xF,1,1,89,423,0.173828125000
20,512,7,0x8DB931AC263FE341,0x1,0x7,23,26,3,2,0x0,0x7,0,0,84,428,0.164062500000
20,1024,0,0x8DB931AC263FE341,0x1,0xE,53,54,1,1,0xF,0x9,1,0,155,869,0.151367187500
20,1024,1,0x8DB931AC263FE341,0x1,0xF,47,52,5,1,0xE,0xE,1,1,152,872,0.148437500000
20,1024,2,0x8DB931AC263FE341,0x1,0x0,45,51,6,1,0x1,0x7,1,0,173,851,0.168945312500
20,1024,3,0x8DB931AC263FE341,0x1,0xF,48,51,3,1,0xE,0xA,1,0,167,857,0.163085937500
20,1024,4,0x8DB931AC263FE341,0x1,0xE,52,53,1,1,0xF,0xF,1,1,175,849,0.170898437500
20,1024,5,0x8DB931AC263FE341,0x1,0x1,45,52,7,1,0x0,0x0,1,1,183,841,0.178710937500
20,1024,6,0x8DB931AC263FE341,0x1,0xE,50,57,7,1,0xF,0xF,1,1,174,850,0.169921875000
20,1024,7,0x8DB931AC263FE341,0x1,0x2,53,55,2,1,0x3,0x7,1,0,160,864,0.156250000000
20,1536,0,0x8DB931AC263FE341,0x1,0xE,84,88,4,1,0xF,0x9,1,0,247,1289,0.160807291667
20,1536,1,0x8DB931AC263FE341,0x1,0xF,74,84,10,1,0xE,0xE,1,1,237,1299,0.154296875000
20,1536,2,0x8DB931AC263FE341,0x1,0x0,68,82,14,1,0x1,0x7,1,0,238,1298,0.154947916667
20,1536,3,0x8DB931AC263FE341,0x1,0xE,74,78,4,1,0xF,0xA,1,0,246,1290,0.160156250000
20,1536,4,0x8DB931AC263FE341,0x1,0xF,79,80,1,1,0xE,0xF,1,0,267,1269,0.173828125000
20,1536,5,0x8DB931AC263FE341,0x1,0x1,74,83,9,1,0x0,0x0,1,1,288,1248,0.187500000000
20,1536,6,0x8DB931AC263FE341,0x1,0xE,83,84,1,1,0xF,0xF,1,1,259,1277,0.168619791667
20,1536,7,0x8DB931AC263FE341,0x1,0x2,84,85,1,1,0x3,0x7,1,0,251,1285,0.163411458333
20,2048,0,0x8DB931AC263FE341,0x1,0xF,110,114,4,1,0xE,0x9,1,0,343,1705,0.167480468750
20,2048,1,0x8DB931AC263FE341,0x1,0xD,106,108,2,1,0xC,0xE,1,0,331,1717,0.161621093750
20,2048,2,0x8DB931AC263FE341,0x1,0x0,98,112,14,1,0x1,0x7,1,0,307,1741,0.149902343750
20,2048,3,0x8DB931AC263FE341,0x1,0xE,102,111,9,2,0x0,0xA,0,0,333,1715,0.162597656250
20,2048,4,0x8DB931AC263FE341,0x1,0xE,109,116,7,1,0xF,0xF,1,1,361,1687,0.176269531250
20,2048,5,0x8DB931AC263FE341,0x1,0x1,108,113,5,1,0x0,0x0,1,1,377,1671,0.184082031250
20,2048,6,0x8DB931AC263FE341,0x1,0x7,111,115,4,2,0x0,0xF,0,0,355,1693,0.173339843750
20,2048,7,0x8DB931AC263FE341,0x1,0x2,116,117,1,1,0x3,0x7,1,0,352,1696,0.171875000000
20,3072,0,0x8DB931AC263FE341,0x1,0xE,168,178,10,1,0xF,0x9,1,0,528,2544,0.171875000000
20,3072,1,0x8DB931AC263FE341,0x1,0x8,166,174,8,1,0x9,0xE,1,0,530,2542,0.172526041667
20,3072,2,0x8DB931AC263FE341,0x1,0x0,166,170,4,1,0x1,0x7,1,0,497,2575,0.161783854167
20,3072,3,0x8DB931AC263FE341,0x1,0xF,158,161,3,1,0xE,0xA,1,0,502,2570,0.163411458333
20,3072,4,0x8DB931AC263FE341,0x1,0xE,158,171,13,1,0xF,0xF,1,1,531,2541,0.172851562500
20,3072,5,0x8DB931AC263FE341,0x1,0x1,159,172,13,1,0x0,0x0,1,1,547,2525,0.178059895833
20,3072,6,0x8DB931AC263FE341,0x1,0xE,162,170,8,1,0xF,0xF,1,1,518,2554,0.168619791667
20,3072,7,0x8DB931AC263FE341,0x1,0x2,181,183,2,2,0x0,0x7,0,0,518,2554,0.168619791667
20,4096,0,0x8DB931AC263FE341,0x1,0x8,231,234,3,2,0x0,0x9,0,0,685,3411,0.167236328125
20,4096,1,0x8DB931AC263FE341,0x1,0xD,229,231,2,2,0x0,0xE,0,0,710,3386,0.173339843750
20,4096,2,0x8DB931AC263FE341,0x1,0x0,243,246,3,1,0x1,0x7,1,0,644,3452,0.157226562500
20,4096,3,0x8DB931AC263FE341,0x1,0x6,230,232,2,1,0x7,0xA,1,0,655,3441,0.159912109375
20,4096,4,0x8DB931AC263FE341,0x1,0xE,216,238,22,1,0xF,0xF,1,1,698,3398,0.170410156250
20,4096,5,0x8DB931AC263FE341,0x1,0x1,204,238,34,1,0x0,0x0,1,1,712,3384,0.173828125000
20,4096,6,0x8DB931AC263FE341,0x1,0xE,212,241,29,1,0xF,0xF,1,1,695,3401,0.169677734375
20,4096,7,0x8DB931AC263FE341,0x1,0x6,232,235,3,1,0x7,0x7,1,1,678,3418,0.165527343750
20,6144,0,0x8DB931AC263FE341,0x1,0x8,350,355,5,1,0x9,0x9,1,1,1020,5124,0.166015625000
20,6144,1,0x8DB931AC263FE341,0x1,0xF,330,358,28,1,0xE,0xE,1,1,1057,5087,0.172037760417
20,6144,2,0x8DB931AC263FE341,0x1,0x6,364,370,6,1,0x7,0x7,1,1,957,5187,0.155761718750
20,6144,3,0x8DB931AC263FE341,0x1,0xB,325,351,26,1,0xA,0xA,1,1,1005,5139,0.163574218750
20,6144,4,0x8DB931AC263FE341,0x1,0xE,333,353,20,1,0xF,0xF,1,1,1041,5103,0.169433593750
20,6144,5,0x8DB931AC263FE341,0x1,0x1,330,367,37,1,0x0,0x0,1,1,1058,5086,0.172200520833
20,6144,6,0x8DB931AC263FE341,0x1,0xE,326,345,19,1,0xF,0xF,1,1,1018,5126,0.165690104167
20,6144,7,0x8DB931AC263FE341,0x1,0x6,349,357,8,1,0x7,0x7,1,1,1009,5135,0.164225260417
20,8192,0,0x8DB931AC263FE341,0x1,0x8,472,486,14,1,0x9,0x9,1,1,1339,6853,0.163452148438
20,8192,1,0x8DB931AC263FE341,0x1,0xF,423,482,59,1,0xE,0xE,1,1,1405,6787,0.171508789062
20,8192,2,0x8DB931AC263FE341,0x1,0x6,473,483,10,1,0x7,0x7,1,1,1259,6933,0.153686523438
20,8192,3,0x8DB931AC263FE341,0x1,0xB,427,474,47,1,0xA,0xA,1,1,1347,6845,0.164428710938
20,8192,4,0x8DB931AC263FE341,0x1,0xE,434,477,43,1,0xF,0xF,1,1,1404,6788,0.171386718750
20,8192,5,0x8DB931AC263FE341,0x1,0x1,439,489,50,1,0x0,0x0,1,1,1382,6810,0.168701171875
20,8192,6,0x8DB931AC263FE341,0x1,0xE,440,479,39,1,0xF,0xF,1,1,1353,6839,0.165161132812
20,8192,7,0x8DB931AC263FE341,0x1,0x6,449,475,26,1,0x7,0x7,1,1,1362,6830,0.166259765625
20,12288,0,0x8DB931AC263FE341,0x1,0x8,693,733,40,1,0x9,0x9,1,1,2008,10280,0.163411458333
20,12288,1,0x8DB931AC263FE341,0x1,0xF,615,726,111,1,0xE,0xE,1,1,2050,10238,0.166829427083
20,12288,2,0x8DB931AC263FE341,0x1,0x6,701,706,5,1,0x7,0x7,1,1,1933,10355,0.157307942708
20,12288,3,0x8DB931AC263FE341,0x1,0xB,638,738,100,1,0xA,0xA,1,1,1996,10292,0.162434895833
20,12288,4,0x8DB931AC263FE341,0x1,0xE,672,730,58,1,0xF,0xF,1,1,2064,10224,0.167968750000
20,12288,5,0x8DB931AC263FE341,0x1,0x1,643,720,77,1,0x0,0x0,1,1,2039,10249,0.165934244792
20,12288,6,0x8DB931AC263FE341,0x1,0xE,686,738,52,1,0xF,0xF,1,1,2048,10240,0.166666666667
20,12288,7,0x8DB931AC263FE341,0x1,0x6,661,730,69,1,0x7,0x7,1,1,2043,10245,0.166259765625
20,16384,0,0x8DB931AC263FE341,0x1,0x8,909,989,80,1,0x9,0x9,1,1,2685,13699,0.163879394531
20,16384,1,0x8DB931AC263FE341,0x1,0xF,841,987,146,1,0xE,0xE,1,1,2674,13710,0.163208007812
20,16384,2,0x8DB931AC263FE341,0x1,0x6,902,968,66,1,0x7,0x7,1,1,2614,13770,0.159545898438
20,16384,3,0x8DB931AC263FE341,0x1,0xB,841,989,148,1,0xA,0xA,1,1,2699,13685,0.164733886719
20,16384,4,0x8DB931AC263FE341,0x1,0xE,886,1006,120,1,0xF,0xF,1,1,2762,13622,0.168579101562
20,16384,5,0x8DB931AC263FE341,0x1,0x1,862,972,110,1,0x0,0x0,1,1,2691,13693,0.164245605469
20,16384,6,0x8DB931AC263FE341,0x1,0xE,892,997,105,1,0xF,0xF,1,1,2721,13663,0.166076660156
20,16384,7,0x8DB931AC263FE341,0x1,0x6,875,983,108,1,0x7,0x7,1,1,2737,13647,0.167053222656
20,24576,0,0x8DB931AC263FE341,0x1,0x8,1353,1518,165,1,0x9,0x9,1,1,4014,20562,0.163330078125
20,24576,1,0x8DB931AC263FE341,0x1,0xF,1258,1468,210,1,0xE,0xE,1,1,4058,20518,0.165120442708
20,24576,2,0x8DB931AC263FE341,0x1,0x6,1328,1460,132,1,0x7,0x7,1,1,4019,20557,0.163533528646
20,24576,3,0x8DB931AC263FE341,0x1,0xB,1228,1511,283,1,0xA,0xA,1,1,4075,20501,0.165812174479
20,24576,4,0x8DB931AC263FE341,0x1,0xE,1325,1510,185,1,0xF,0xF,1,1,4074,20502,0.165771484375
20,24576,5,0x8DB931AC263FE341,0x1,0x1,1303,1493,190,1,0x0,0x0,1,1,4051,20525,0.164835611979
20,24576,6,0x8DB931AC263FE341,0x1,0xE,1338,1494,156,1,0xF,0xF,1,1,4055,20521,0.164998372396
20,24576,7,0x8DB931AC263FE341,0x1,0x6,1310,1480,170,1,0x7,0x7,1,1,4061,20515,0.165242513021
20,32768,0,0x8DB931AC263FE341,0x1,0x8,1800,2035,235,1,0x9,0x9,1,1,5334,27434,0.162780761719
20,32768,1,0x8DB931AC263FE341,0x1,0xF,1679,1952,273,1,0xE,0xE,1,1,5393,27375,0.164581298828
20,32768,2,0x8DB931AC263FE341,0x1,0x6,1751,1936,185,1,0x7,0x7,1,1,5329,27439,0.162628173828
20,32768,3,0x8DB931AC263FE341,0x1,0xB,1667,2006,339,1,0xA,0xA,1,1,5427,27341,0.165618896484
20,32768,4,0x8DB931AC263FE341,0x1,0xE,1743,2006,263,1,0xF,0xF,1,1,5404,27364,0.164916992188
20,32768,5,0x8DB931AC263FE341,0x1,0x1,1710,1988,278,1,0x0,0x0,1,1,5369,27399,0.163848876953
20,32768,6,0x8DB931AC263FE341,0x1,0xE,1777,1980,203,1,0xF,0xF,1,1,5451,27317,0.166351318359
20,32768,7,0x8DB931AC263FE341,0x1,0x6,1721,1993,272,1,0x7,0x7,1,1,5491,27277,0.167572021484
21,512,0,0xA152E2FD3A4D1421,0x1,0x5,24,27,3,2,0x0,0xE,0,0,75,437,0.146484375000
21,512,1,0xA152E2FD3A4D1421,0x1,0x6,20,27,7,1,0x7,0xF,1,0,90,422,0.175781250000
21,512,2,0xA152E2FD3A4D1421,0x1,0xC,18,22,4,1,0xD,0xD,1,1,93,419,0.181640625000
21,512,3,0xA152E2FD3A4D1421,0x1,0xE,22,26,4,1,0xF,0xF,1,1,95,417,0.185546875000
21,512,4,0xA152E2FD3A4D1421,0x1,0xE,23,26,3,1,0xF,0xB,1,0,91,421,0.177734375000
21,512,5,0xA152E2FD3A4D1421,0x1,0x2,24,26,2,1,0x3,0x3,1,1,93,419,0.181640625000
21,512,6,0xA152E2FD3A4D1421,0x1,0x8,23,25,2,1,0x9,0xE,1,0,72,440,0.140625000000
21,512,7,0xA152E2FD3A4D1421,0x1,0x8,19,24,5,1,0x9,0x1,1,0,71,441,0.138671875000
21,1024,0,0xA152E2FD3A4D1421,0x1,0xF,47,48,1,1,0xE,0xE,1,1,149,875,0.145507812500
21,1024,1,0xA152E2FD3A4D1421,0x1,0x6,51,59,8,1,0x7,0xF,1,0,178,846,0.173828125000
21,1024,2,0xA152E2FD3A4D1421,0x1,0xC,44,50,6,1,0xD,0xD,1,1,174,850,0.169921875000
21,1024,3,0xA152E2FD3A4D1421,0x1,0xE,41,54,13,1,0xF,0xF,1,1,177,847,0.172851562500
21,1024,4,0xA152E2FD3A4D1421,0x1,0x3,51,53,2,1,0x2,0xB,1,0,156,868,0.152343750000
21,1024,5,0xA152E2FD3A4D1421,0x1,0xF,54,55,1,1,0xE,0x3,1,0,180,844,0.175781250000
21,1024,6,0xA152E2FD3A4D1421,0x1,0xF,50,52,2,1,0xE,0xE,1,1,158,866,0.154296875000
21,1024,7,0xA152E2FD3A4D1421,0x1,0x7,51,53,2,1,0x6,0x1,1,0,145,879,0.141601562500
21,1536,0,0xA152E2FD3A4D1421,0x1,0x9,75,86,11,2,0x0,0xE,0,0,235,1301,0.152994791667
21,1536,1,0xA152E2FD3A4D1421,0x1,0x3,81,85,4,1,0x2,0xF,1,0,266,1270,0.173177083333
21,1536,2,0xA152E2FD3A4D1421,0x1,0xC,64,71,7,1,0xD,0xD,1,1,246,1290,0.160156250000
21,1536,3,0xA152E2FD3A4D1421,0x1,0xE,63,82,19,1,0xF,0xF,1,1,264,1272,0.171875000000
21,1536,4,0xA152E2FD3A4D1421,0x1,0xE,83,85,2,1,0xF,0xB,1,0,245,1291,0.159505208333
21,1536,5,0xA152E2FD3A4D1421,0x1,0x9,85,86,1,1,0x8,0x3,1,0,267,1269,0.173828125000
21,1536,6,0xA152E2FD3A4D1421,0x1,0x8,75,80,5,1,0x9,0xE,1,0,231,1305,0.150390625000
21,1536,7,0xA152E2FD3A4D1421,0x1,0x0,83,87,4,2,0x0,0x1,0,0,235,1301,0.152994791667
21,2048,0,0xA152E2FD3A4D1421,0x1,0xF,99,103,4,1,0xE,0xE,1,1,321,1727,0.156738281250
21,2048,1,0xA152E2FD3A4D1421,0x1,0x3,106,119,13,1,0x2,0xF,1,0,352,1696,0.171875000000
21,2048,2,0xA152E2FD3A4D1421,0x1,0xC,81,108,27,1,0xD,0xD,1,1,340,1708,0.166015625000
21,2048,3,0xA152E2FD3A4D1421,0x1,0xE,87,114,27,1,0xF,0xF,1,1,357,1691,0.174316406250
21,2048,4,0xA152E2FD3A4D1421,0x1,0x1,111,113,2,1,0x0,0xB,1,0,321,1727,0.156738281250
21,2048,5,0xA152E2FD3A4D1421,0x1,0x9,114,115,1,2,0x0,0x3,0,0,345,1703,0.168457031250
21,2048,6,0xA152E2FD3A4D1421,0x1,0x8,106,108,2,1,0x9,0xE,1,0,327,1721,0.159667968750
21,2048,7,0xA152E2FD3A4D1421,0x1,0x0,109,116,7,1,0x1,0x1,1,1,311,1737,0.151855468750
21,3072,0,0xA152E2FD3A4D1421,0x1,0xF,132,162,30,1,0xE,0xE,1,1,478,2594,0.155598958333
21,3072,1,0xA152E2FD3A4D1421,0x1,0x3,158,180,22,1,0x2,0xF,1,0,523,2549,0.170247395833
21,3072,2,0xA152E2FD3A4D1421,0x1,0xC,144,169,25,1,0xD,0xD,1,1,519,2553,0.168945312500
21,3072,3,0xA152E2FD3A4D1421,0x1,0xE,134,177,43,1,0xF,0xF,1,1,536,2536,0.174479166667
21,3072,4,0xA152E2FD3A4D1421,0x1,0xA,161,169,8,1,0xB,0xB,1,1,486,2586,0.158203125000
21,3072,5,0xA152E2FD3A4D1421,0x1,0x9,172,175,3,1,0x8,0x3,1,0,493,2579,0.160481770833
21,3072,6,0xA152E2FD3A4D1421,0x1,0x8,166,173,7,1,0x9,0xE,1,0,487,2585,0.158528645833
21,3072,7,0xA152E2FD3A4D1421,0x1,0x0,165,177,12,1,0x1,0x1,1,1,492,2580,0.160156250000
21,4096,0,0xA152E2FD3A4D1421,0x1,0xF,185,219,34,1,0xE,0xE,1,1,648,3448,0.158203125000
21,4096,1,0xA152E2FD3A4D1421,0x1,0xE,231,232,1,1,0xF,0xF,1,1,683,3413,0.166748046875
21,4096,2,0xA152E2FD3A4D1421,0x1,0xC,190,242,52,1,0xD,0xD,1,1,676,3420,0.165039062500
21,4096,3,0xA152E2FD3A4D1421,0x1,0xE,188,234,46,1,0xF,0xF,1,1,728,3368,0.177734375000
21,4096,4,0xA152E2FD3A4D1421,0x1,0xA,212,235,23,1,0xB,0xB,1,1,670,3426,0.163574218750
21,4096,5,0xA152E2FD3A4D1421,0x1,0x2,225,226,1,1,0x3,0x3,1,1,659,3437,0.160888671875
21,4096,6,0xA152E2FD3A4D1421,0x1,0xF,217,243,26,1,0xE,0xE,1,1,662,3434,0.161621093750
21,4096,7,0xA152E2FD3A4D1421,0x1,0x0,212,239,27,1,0x1,0x1,1,1,673,3423,0.164306640625
21,6144,0,0xA152E2FD3A4D1421,0x1,0xF,305,361,56,1,0xE,0xE,1,1,963,5181,0.156738281250
21,6144,1,0xA152E2FD3A4D1421,0x1,0x6,350,351,1,1,0x7,0xF,1,0,1006,5138,0.163736979167
21,6144,2,0xA152E2FD3A4D1421,0x1,0xC,288,364,76,1,0xD,0xD,1,1,996,5148,0.162109375000
21,6144,3,0xA152E2FD3A4D1421,0x1,0xE,285,354,69,1,0xF,0xF,1,1,1061,5083,0.172688802083
21,6144,4,0xA152E2FD3A4D1421,0x1,0xA,319,362,43,1,0xB,0xB,1,1,1006,5138,0.163736979167
21,6144,5,0xA152E2FD3A4D1421,0x1,0x2,316,362,46,1,0x3,0x3,1,1,1012,5132,0.164713541667
21,6144,6,0xA152E2FD3A4D1421,0x1,0xF,318,373,55,1,0xE,0xE,1,1,972,5172,0.158203125000
21,6144,7,0xA152E2FD3A4D1421,0x1,0x0,323,346,23,1,0x1,0x1,1,1,1001,5143,0.162923177083
21,8192,0,0xA152E2FD3A4D1421,0x1,0xF,419,487,68,1,0xE,0xE,1,1,1307,6885,0.159545898438
21,8192,1,0xA152E2FD3A4D1421,0x1,0xE,464,466,2,1,0xF,0xF,1,1,1350,6842,0.164794921875
21,8192,2,0xA152E2FD3A4D1421,0x1,0xC,396,476,80,1,0xD,0xD,1,1,1330,6862,0.162353515625
21,8192,3,0xA152E2FD3A4D1421,0x1,0xE,392,490,98,1,0xF,0xF,1,1,1398,6794,0.170654296875
21,8192,4,0xA152E2FD3A4D1421,0x1,0xA,432,477,45,1,0xB,0xB,1,1,1342,6850,0.163818359375
21,8192,5,0xA152E2FD3A4D1421,0x1,0x2,419,494,75,1,0x3,0x3,1,1,1354,6838,0.165283203125
21,8192,6,0xA152E2FD3A4D1421,0x1,0xF,429,489,60,1,0xE,0xE,1,1,1324,6868,0.161621093750
21,8192,7,0xA152E2FD3A4D1421,0x1,0x0,431,466,35,1,0x1,0x1,1,1,1349,6843,0.164672851562
21,12288,0,0xA152E2FD3A4D1421,0x1,0xF,643,731,88,1,0xE,0xE,1,1,1971,10317,0.160400390625
21,12288,1,0xA152E2FD3A4D1421,0x1,0xE,651,734,83,1,0xF,0xF,1,1,1970,10318,0.160319010417
21,12288,2,0xA152E2FD3A4D1421,0x1,0xC,608,736,128,1,0xD,0xD,1,1,2005,10283,0.163167317708
21,12288,3,0xA152E2FD3A4D1421,0x1,0xE,617,736,119,1,0xF,0xF,1,1,2072,10216,0.168619791667
21,12288,4,0xA152E2FD3A4D1421,0x1,0xA,668,725,57,1,0xB,0xB,1,1,2053,10235,0.167073567708
21,12288,5,0xA152E2FD3A4D1421,0x1,0x2,643,738,95,1,0x3,0x3,1,1,2044,10244,0.166341145833
21,12288,6,0xA152E2FD3A4D1421,0x1,0xF,642,714,72,1,0xE,0xE,1,1,1999,10289,0.162679036458
21,12288,7,0xA152E2FD3A4D1421,0x1,0x0,655,728,73,1,0x1,0x1,1,1,2013,10275,0.163818359375
21,16384,0,0xA152E2FD3A4D1421,0x1,0xF,868,978,110,1,0xE,0xE,1,1,2661,13723,0.162414550781
21,16384,1,0xA152E2FD3A4D1421,0x1,0xE,831,999,168,1,0xF,0xF,1,1,2675,13709,0.163269042969
21,16384,2,0xA152E2FD3A4D1421,0x1,0xC,835,986,151,1,0xD,0xD,1,1,2664,13720,0.162597656250
21,16384,3,0xA152E2FD3A4D1421,0x1,0xE,831,976,145,1,0xF,0xF,1,1,2771,13613,0.169128417969
21,16384,4,0xA152E2FD3A4D1421,0x1,0xA,864,1008,144,1,0xB,0xB,1,1,2705,13679,0.165100097656
21,16384,5,0xA152E2FD3A4D1421,0x1,0x2,832,992,160,1,0x3,0x3,1,1,2728,13656,0.166503906250
21,16384,6,0xA152E2FD3A4D1421,0x1,0xF,830,973,143,1,0xE,0xE,1,1,2653,13731,0.161926269531
21,16384,7,0xA152E2FD3A4D1421,0x1,0x0,845,942,97,1,0x1,0x1,1,1,2725,13659,0.166320800781
21,24576,0,0xA152E2FD3A4D1421,0x1,0xF,1334,1504,170,1,0xE,0xE,1,1,4029,20547,0.163940429688
21,24576,1,0xA152E2FD3A4D1421,0x1,0xE,1261,1506,245,1,0xF,0xF,1,1,3957,20619,0.161010742188
21,24576,2,0xA152E2FD3A4D1421,0x1,0xC,1261,1493,232,1,0xD,0xD,1,1,3972,20604,0.161621093750
21,24576,3,0xA152E2FD3A4D1421,0x1,0xE,1235,1477,242,1,0xF,0xF,1,1,4100,20476,0.166829427083
21,24576,4,0xA152E2FD3A4D1421,0x1,0xA,1292,1481,189,1,0xB,0xB,1,1,4019,20557,0.163533528646
21,24576,5,0xA152E2FD3A4D1421,0x1,0x2,1253,1490,237,1,0x3,0x3,1,1,4161,20415,0.169311523438
21,24576,6,0xA152E2FD3A4D1421,0x1,0xF,1296,1498,202,1,0xE,0xE,1,1,3994,20582,0.162516276042
21,24576,7,0xA152E2FD3A4D1421,0x1,0x0,1291,1441,150,1,0x1,0x1,1,1,4054,20522,0.164957682292
21,32768,0,0xA152E2FD3A4D1421,0x1,0xF,1783,1964,181,1,0xE,0xE,1,1,5411,27357,0.165130615234
21,32768,1,0xA152E2FD3A4D1421,0x1,0xE,1673,1989,316,1,0xF,0xF,1,1,5308,27460,0.161987304688
21,32768,2,0xA152E2FD3A4D1421,0x1,0xC,1690,1974,284,1,0xD,0xD,1,1,5357,27411,0.163482666016
21,32768,3,0xA152E2FD3A4D1421,0x1,0xE,1653,1997,344,1,0xF,0xF,1,1,5414,27354,0.165222167969
21,32768,4,0xA152E2FD3A4D1421,0x1,0xA,1674,1977,303,1,0xB,0xB,1,1,5323,27445,0.162445068359
21,32768,5,0xA152E2FD3A4D1421,0x1,0x2,1669,2037,368,1,0x3,0x3,1,1,5524,27244,0.168579101562
21,32768,6,0xA152E2FD3A4D1421,0x1,0xF,1702,2003,301,1,0xE,0xE,1,1,5417,27351,0.165313720703
21,32768,7,0xA152E2FD3A4D1421,0x1,0x0,1716,1963,247,1,0x1,0x1,1,1,5418,27350,0.165344238281
22,512,0,0x903F316B05DBD8F0,0xE,0xE,20,24,4,1,0x0,0x0,1,1,85,427,0.166015625000
22,512,1,0x903F316B05DBD8F0,0xE,0x1,25,27,2,2,0x0,0x3,0,0,86,426,0.167968750000
22,512,2,0x903F316B05DBD8F0,0xE,0x3,25,26,1,2,0x0,0x8,0,0,67,445,0.130859375000
22,512,3,0x903F316B05DBD8F0,0xE,0xD,22,24,2,1,0x3,0x0,1,0,70,442,0.136718750000
22,512,4,0x903F316B05DBD8F0,0xE,0xA,24,25,1,2,0x0,0x2,0,0,75,437,0.146484375000
22,512,5,0x903F316B05DBD8F0,0xE,0x8,21,25,4,1,0x6,0x6,1,1,90,422,0.175781250000
22,512,6,0x903F316B05DBD8F0,0xE,0x7,22,24,2,1,0x9,0x1,1,0,94,418,0.183593750000
22,512,7,0x903F316B05DBD8F0,0xE,0x0,24,27,3,1,0xE,0xE,1,1,102,410,0.199218750000
22,1024,0,0x903F316B05DBD8F0,0xE,0xA,47,50,3,1,0x4,0x0,1,0,174,850,0.169921875000
22,1024,1,0x903F316B05DBD8F0,0xE,0xB,53,54,1,1,0x5,0x3,1,0,176,848,0.171875000000
22,1024,2,0x903F316B05DBD8F0,0xE,0x2,54,55,1,1,0xC,0x8,1,0,158,866,0.154296875000
22,1024,3,0x903F316B05DBD8F0,0xE,0x6,48,51,3,1,0x8,0x0,1,0,162,862,0.158203125000
22,1024,4,0x903F316B05DBD8F0,0xE,0xC,44,54,10,1,0x2,0x2,1,1,165,859,0.161132812500
22,1024,5,0x903F316B05DBD8F0,0xE,0x8,46,47,1,1,0x6,0x6,1,1,169,855,0.165039062500
22,1024,6,0x903F316B05DBD8F0,0xE,0xF,50,53,3,1,0x1,0x1,1,1,185,839,0.180664062500
22,1024,7,0x903F316B05DBD8F0,0xE,0x0,49,52,3,1,0xE,0xE,1,1,174,850,0.169921875000
22,1536,0,0x903F316B05DBD8F0,0xE,0x6,70,81,11,1,0x8,0x0,1,0,252,1284,0.164062500000
22,1536,1,0x903F316B05DBD8F0,0xE,0x1,79,83,4,2,0x0,0x3,0,0,264,1272,0.171875000000
22,1536,2,0x903F316B05DBD8F0,0xE,0x6,76,78,2,1,0x8,0x8,1,1,238,1298,0.154947916667
22,1536,3,0x903F316B05DBD8F0,0xE,0x6,78,85,7,1,0x8,0x0,1,0,246,1290,0.160156250000
22,1536,4,0x903F316B05DBD8F0,0xE,0xC,70,84,14,1,0x2,0x2,1,1,254,1282,0.165364583333
22,1536,5,0x903F316B05DBD8F0,0xE,0x8,70,80,10,1,0x6,0x6,1,1,261,1275,0.169921875000
22,1536,6,0x903F316B05DBD8F0,0xE,0xF,76,82,6,1,0x1,0x1,1,1,266,1270,0.173177083333
22,1536,7,0x903F316B05DBD8F0,0xE,0x0,71,79,8,1,0xE,0xE,1,1,245,1291,0.159505208333
22,2048,0,0x903F316B05DBD8F0,0xE,0x6,101,110,9,1,0x8,0x0,1,0,341,1707,0.166503906250
22,2048,1,0x903F316B05DBD8F0,0xE,0xD,100,108,8,1,0x3,0x3,1,1,342,1706,0.166992187500
22,2048,2,0x903F316B05DBD8F0,0xE,0x2,102,105,3,1,0xC,0x8,1,0,326,1722,0.159179687500
22,2048,3,0x903F316B05DBD8F0,0xE,0x0,109,113,4,1,0xE,0x0,1,0,339,1709,0.165527343750
22,2048,4,0x903F316B05DBD8F0,0xE,0xC,91,117,26,1,0x2,0x2,1,1,350,1698,0.170898437500
22,2048,5,0x903F316B05DBD8F0,0xE,0x8,99,102,3,1,0x6,0x6,1,1,348,1700,0.169921875000
22,2048,6,0x903F316B05DBD8F0,0xE,0xF,100,105,5,1,0x1,0x1,1,1,344,1704,0.167968750000
22,2048,7,0x903F316B05DBD8F0,0xE,0x0,104,111,7,1,0xE,0xE,1,1,319,1729,0.155761718750
22,3072,0,0x903F316B05DBD8F0,0xE,0xE,147,169,22,1,0x0,0x0,1,1,508,2564,0.165364583333
22,3072,1,0x903F316B05DBD8F0,0xE,0xD,139,174,35,1,0x3,0x3,1,1,523,2549,0.170247395833
22,3072,2,0x903F316B05DBD8F0,0xE,0x6,159,169,10,1,0x8,0x8,1,1,501,2571,0.163085937500
22,3072,3,0x903F316B05DBD8F0,0xE,0xE,172,177,5,1,0x0,0x0,1,1,505,2567,0.164388020833
22,3072,4,0x903F316B05DBD8F0,0xE,0xC,150,181,31,1,0x2,0x2,1,1,507,2565,0.165039062500
22,3072,5,0x903F316B05DBD8F0,0xE,0x8,152,172,20,1,0x6,0x6,1,1,517,2555,0.168294270833
22,3072,6,0x903F316B05DBD8F0,0xE,0xF,147,165,18,1,0x1,0x1,1,1,531,2541,0.172851562500
22,3072,7,0x903F316B05DBD8F0,0xE,0x0,155,167,12,1,0xE,0xE,1,1,470,2602,0.152994791667
22,4096,0,0x903F316B05DBD8F0,0xE,0xE,191,235,44,1,0x0,0x0,1,1,676,3420,0.165039062500
22,4096,1,0x903F316B05DBD8F0,0xE,0xD,188,221,33,1,0x3,0x3,1,1,710,3386,0.173339843750
22,4096,2,0x903F316B05DBD8F0,0xE,0x6,216,226,10,1,0x8,0x8,1,1,679,3417,0.165771484375
22,4096,3,0x903F316B05DBD8F0,0xE,0xE,222,237,15,1,0x0,0x0,1,1,669,3427,0.163330078125
22,4096,4,0x903F316B05DBD8F0,0xE,0xC,210,245,35,1,0x2,0x2,1,1,684,3412,0.166992187500
22,4096,5,0x903F316B05DBD8F0,0xE,0x8,201,226,25,1,0x6,0x6,1,1,710,3386,0.173339843750
22,4096,6,0x903F316B05DBD8F0,0xE,0xF,198,225,27,1,0x1,0x1,1,1,698,3398,0.170410156250
22,4096,7,0x903F316B05DBD8F0,0xE,0x0,208,219,11,1,0xE,0xE,1,1,622,3474,0.151855468750
22,6144,0,0x903F316B05DBD8F0,0xE,0xE,307,348,41,1,0x0,0x0,1,1,1037,5107,0.168782552083
22,6144,1,0x903F316B05DBD8F0,0xE,0xD,302,353,51,1,0x3,0x3,1,1,1040,5104,0.169270833333
22,6144,2,0x903F316B05DBD8F0,0xE,0x6,328,343,15,1,0x8,0x8,1,1,1022,5122,0.166341145833
22,6144,3,0x903F316B05DBD8F0,0xE,0xE,324,352,28,1,0x0,0x0,1,1,1013,5131,0.164876302083
22,6144,4,0x903F316B05DBD8F0,0xE,0xC,309,358,49,1,0x2,0x2,1,1,1051,5093,0.171061197917
22,6144,5,0x903F316B05DBD8F0,0xE,0x8,314,347,33,1,0x6,0x6,1,1,1053,5091,0.171386718750
22,6144,6,0x903F316B05DBD8F0,0xE,0xF,303,349,46,1,0x1,0x1,1,1,1058,5086,0.172200520833
22,6144,7,0x903F316B05DBD8F0,0xE,0x0,319,337,18,1,0xE,0xE,1,1,941,5203,0.153157552083
22,8192,0,0x903F316B05DBD8F0,0xE,0xE,409,483,74,1,0x0,0x0,1,1,1381,6811,0.168579101562
22,8192,1,0x903F316B05DBD8F0,0xE,0xD,417,488,71,1,0x3,0x3,1,1,1364,6828,0.166503906250
22,8192,2,0x903F316B05DBD8F0,0xE,0x6,421,461,40,1,0x8,0x8,1,1,1336,6856,0.163085937500
22,8192,3,0x903F316B05DBD8F0,0xE,0xE,433,477,44,1,0x0,0x0,1,1,1360,6832,0.166015625000
22,8192,4,0x903F316B05DBD8F0,0xE,0xC,412,490,78,1,0x2,0x2,1,1,1387,6805,0.169311523438
22,8192,5,0x903F316B05DBD8F0,0xE,0x8,407,485,78,1,0x6,0x6,1,1,1396,6796,0.170410156250
22,8192,6,0x903F316B05DBD8F0,0xE,0xF,410,477,67,1,0x1,0x1,1,1,1423,6769,0.173706054688
22,8192,7,0x903F316B05DBD8F0,0xE,0x0,436,468,32,1,0xE,0xE,1,1,1266,6926,0.154541015625
22,12288,0,0x903F316B05DBD8F0,0xE,0xE,604,718,114,1,0x0,0x0,1,1,2059,10229,0.167561848958
22,12288,1,0x903F316B05DBD8F0,0xE,0xD,604,739,135,1,0x3,0x3,1,1,2004,10284,0.163085937500
22,12288,2,0x903F316B05DBD8F0,0xE,0x6,642,713,71,1,0x8,0x8,1,1,1980,10308,0.161132812500
22,12288,3,0x903F316B05DBD8F0,0xE,0xE,638,709,71,1,0x0,0x0,1,1,2026,10262,0.164876302083
22,12288,4,0x903F316B05DBD8F0,0xE,0xC,620,742,122,1,0x2,0x2,1,1,2098,10190,0.170735677083
22,12288,5,0x903F316B05DBD8F0,0xE,0x8,608,722,114,1,0x6,0x6,1,1,2058,10230,0.167480468750
22,12288,6,0x903F316B05DBD8F0,0xE,0xF,603,733,130,1,0x1,0x1,1,1,2074,10214,0.168782552083
22,12288,7,0x903F316B05DBD8F0,0xE,0x0,649,711,62,1,0xE,0xE,1,1,1945,10343,0.158284505208
22,16384,0,0x903F316B05DBD8F0,0xE,0xE,840,983,143,1,0x0,0x0,1,1,2723,13661,0.166198730469
22,16384,1,0x903F316B05DBD8F0,0xE,0xD,816,996,180,1,0x3,0x3,1,1,2708,13676,0.165283203125
22,16384,2,0x903F316B05DBD8F0,0xE,0x6,853,950,97,1,0x8,0x8,1,1,2635,13749,0.160827636719
22,16384,3,0x903F316B05DBD8F0,0xE,0xE,885,948,63,1,0x0,0x0,1,1,2691,13693,0.164245605469
22,16384,4,0x903F316B05DBD8F0,0xE,0xC,818,977,159,1,0x2,0x2,1,1,2744,13640,0.167480468750
22,16384,5,0x903F316B05DBD8F0,0xE,0x8,824,990,166,1,0x6,0x6,1,1,2714,13670,0.165649414062
22,16384,6,0x903F316B05DBD8F0,0xE,0xF,807,976,169,1,0x1,0x1,1,1,2735,13649,0.166931152344
22,16384,7,0x903F316B05DBD8F0,0xE,0x0,855,962,107,1,0xE,0xE,1,1,2630,13754,0.160522460938
22,24576,0,0x903F316B05DBD8F0,0xE,0xE,1254,1486,232,1,0x0,0x0,1,1,4073,20503,0.165730794271
22,24576,1,0x903F316B05DBD8F0,0xE,0xD,1211,1523,312,1,0x3,0x3,1,1,4045,20531,0.164591471354
22,24576,2,0x903F316B05DBD8F0,0xE,0x6,1276,1415,139,1,0x8,0x8,1,1,4007,20569,0.163045247396
22,24576,3,0x903F316B05DBD8F0,0xE,0xE,1331,1438,107,1,0x0,0x0,1,1,4037,20539,0.164265950521
22,24576,4,0x903F316B05DBD8F0,0xE,0xC,1238,1500,262,1,0x2,0x2,1,1,4137,20439,0.168334960938
22,24576,5,0x903F316B05DBD8F0,0xE,0x8,1285,1493,208,1,0x6,0x6,1,1,4076,20500,0.165852864583
22,24576,6,0x903F316B05DBD8F0,0xE,0xF,1238,1468,230,1,0x1,0x1,1,1,4096,20480,0.166666666667
22,24576,7,0x903F316B05DBD8F0,0xE,0x0,1263,1499,236,1,0xE,0xE,1,1,4003,20573,0.162882486979
22,32768,0,0x903F316B05DBD8F0,0xE,0xE,1670,1979,309,1,0x0,0x0,1,1,5461,27307,0.166656494141
22,32768,1,0x903F316B05DBD8F0,0xE,0xD,1638,2018,380,1,0x3,0x3,1,1,5378,27390,0.164123535156
22,32768,2,0x903F316B05DBD8F0,0xE,0x6,1735,1918,183,1,0x8,0x8,1,1,5356,27412,0.163452148438
22,32768,3,0x903F316B05DBD8F0,0xE,0xE,1757,1956,199,1,0x0,0x0,1,1,5378,27390,0.164123535156
22,32768,4,0x903F316B05DBD8F0,0xE,0xC,1677,2019,342,1,0x2,0x2,1,1,5518,27250,0.168395996094
22,32768,5,0x903F316B05DBD8F0,0xE,0x8,1710,2012,302,1,0x6,0x6,1,1,5406,27362,0.164978027344
22,32768,6,0x903F316B05DBD8F0,0xE,0xF,1675,1989,314,1,0x1,0x1,1,1,5395,27373,0.164642333984
22,32768,7,0x903F316B05DBD8F0,0xE,0x0,1686,1986,300,1,0xE,0xE,1,1,5353,27415,0.163360595703
23,512,0,0x00BDF75CEA5E4C76,0xF,0x9,26,27,1,1,0x6,0xC,1,0,72,440,0.140625000000
23,512,1,0x00BDF75CEA5E4C76,0xF,0x7,22,26,4,1,0x8,0x4,1,0,85,427,0.166015625000
23,512,2,0x00BDF75CEA5E4C76,0xF,0x7,19,25,6,1,0x8,0x4,1,0,71,441,0.138671875000
23,512,3,0x00BDF75CEA5E4C76,0xF,0x1,23,25,2,1,0xE,0x0,1,0,78,434,0.152343750000
23,512,4,0x00BDF75CEA5E4C76,0xF,0x0,22,24,2,2,0x0,0x4,0,0,86,426,0.167968750000
23,512,5,0x00BDF75CEA5E4C76,0xF,0x3,26,27,1,1,0xC,0xC,1,1,84,428,0.164062500000
23,512,6,0x00BDF75CEA5E4C76,0xF,0xE,19,21,2,1,0x1,0x1,1,1,83,429,0.162109375000
23,512,7,0x00BDF75CEA5E4C76,0xF,0x6,19,22,3,1,0x9,0xC,1,0,86,426,0.167968750000
23,1024,0,0x00BDF75CEA5E4C76,0xF,0x0,53,58,5,2,0x0,0xC,0,0,149,875,0.145507812500
23,1024,1,0x00BDF75CEA5E4C76,0xF,0xC,52,55,3,1,0x3,0x4,1,0,158,866,0.154296875000
23,1024,2,0x00BDF75CEA5E4C76,0xF,0x7,52,59,7,1,0x8,0x4,1,0,160,864,0.156250000000
23,1024,3,0x00BDF75CEA5E4C76,0xF,0x2,49,52,3,1,0xD,0x0,1,0,159,865,0.155273437500
23,1024,4,0x00BDF75CEA5E4C76,0xF,0xB,50,52,2,1,0x4,0x4,1,1,174,850,0.169921875000
23,1024,5,0x00BDF75CEA5E4C76,0xF,0xF,56,57,1,1,0x0,0xC,1,0,165,859,0.161132812500
23,1024,6,0x00BDF75CEA5E4C76,0xF,0xE,49,53,4,1,0x1,0x1,1,1,165,859,0.161132812500
23,1024,7,0x00BDF75CEA5E4C76,0xF,0x3,40,52,12,1,0xC,0xC,1,1,166,858,0.162109375000
23,1536,0,0x00BDF75CEA5E4C76,0xF,0xD,81,87,6,1,0x2,0xC,1,0,250,1286,0.162760416667
23,1536,1,0x00BDF75CEA5E4C76,0xF,0xC,79,84,5,1,0x3,0x4,1,0,239,1297,0.155598958333
23,1536,2,0x00BDF75CEA5E4C76,0xF,0xB,86,88,2,1,0x4,0x4,1,1,252,1284,0.164062500000
23,1536,3,0x00BDF75CEA5E4C76,0xF,0x2,72,77,5,1,0xD,0x0,1,0,255,1281,0.166015625000
23,1536,4,0x00BDF75CEA5E4C76,0xF,0xB,79,83,4,1,0x4,0x4,1,1,254,1282,0.165364583333
23,1536,5,0x00BDF75CEA5E4C76,0xF,0xF,79,82,3,1,0x0,0xC,1,0,234,1302,0.152343750000
23,1536,6,0x00BDF75CEA5E4C76,0xF,0xE,68,78,10,1,0x1,0x1,1,1,258,1278,0.167968750000
23,1536,7,0x00BDF75CEA5E4C76,0xF,0x3,79,82,3,1,0xC,0xC,1,1,256,1280,0.166666666667
23,2048,0,0x00BDF75CEA5E4C76,0xF,0xD,104,112,8,1,0x2,0xC,1,0,327,1721,0.159667968750
23,2048,1,0x00BDF75CEA5E4C76,0xF,0x2,104,109,5,1,0xD,0x4,1,0,330,1718,0.161132812500
23,2048,2,0x00BDF75CEA5E4C76,0xF,0xB,102,112,10,1,0x4,0x4,1,1,337,1711,0.164550781250
23,2048,3,0x00BDF75CEA5E4C76,0xF,0xF,104,105,1,1,0x0,0x0,1,1,340,1708,0.166015625000
23,2048,4,0x00BDF75CEA5E4C76,0xF,0xB,103,113,10,1,0x4,0x4,1,1,345,1703,0.168457031250
23,2048,5,0x00BDF75CEA5E4C76,0xF,0x3,107,115,8,1,0xC,0xC,1,1,316,1732,0.154296875000
23,2048,6,0x00BDF75CEA5E4C76,0xF,0xE,87,106,19,1,0x1,0x1,1,1,355,1693,0.173339843750
23,2048,7,0x00BDF75CEA5E4C76,0xF,0x3,108,113,5,1,0xC,0xC,1,1,331,1717,0.161621093750
23,3072,0,0x00BDF75CEA5E4C76,0xF,0xD,165,170,5,1,0x2,0xC,1,0,505,2567,0.164388020833
23,3072,1,0x00BDF75CEA5E4C76,0xF,0xB,155,163,8,1,0x4,0x4,1,1,517,2555,0.168294270833
23,3072,2,0x00BDF75CEA5E4C76,0xF,0xB,158,173,15,1,0x4,0x4,1,1,503,2569,0.163736979167
23,3072,3,0x00BDF75CEA5E4C76,0xF,0xF,157,164,7,1,0x0,0x0,1,1,509,2563,0.165690104167
23,3072,4,0x00BDF75CEA5E4C76,0xF,0xB,161,167,6,1,0x4,0x4,1,1,524,2548,0.170572916667
23,3072,5,0x00BDF75CEA5E4C76,0xF,0x3,172,173,1,1,0xC,0xC,1,1,485,2587,0.157877604167
23,3072,6,0x00BDF75CEA5E4C76,0xF,0xE,141,169,28,1,0x1,0x1,1,1,528,2544,0.171875000000
23,3072,7,0x00BDF75CEA5E4C76,0xF,0x9,173,178,5,1,0x6,0xC,1,0,493,2579,0.160481770833
23,4096,0,0x00BDF75CEA5E4C76,0xF,0x3,230,232,2,1,0xC,0xC,1,1,666,3430,0.162597656250
23,4096,1,0x00BDF75CEA5E4C76,0xF,0xB,197,229,32,1,0x4,0x4,1,1,686,3410,0.167480468750
23,4096,2,0x00BDF75CEA5E4C76,0xF,0xB,207,231,24,1,0x4,0x4,1,1,671,3425,0.163818359375
23,4096,3,0x00BDF75CEA5E4C76,0xF,0xF,201,218,17,1,0x0,0x0,1,1,687,3409,0.167724609375
23,4096,4,0x00BDF75CEA5E4C76,0xF,0xB,221,228,7,1,0x4,0x4,1,1,687,3409,0.167724609375
23,4096,5,0x00BDF75CEA5E4C76,0xF,0x3,206,233,27,1,0xC,0xC,1,1,652,3444,0.159179687500
23,4096,6,0x00BDF75CEA5E4C76,0xF,0xE,206,227,21,1,0x1,0x1,1,1,707,3389,0.172607421875
23,4096,7,0x00BDF75CEA5E4C76,0xF,0x3,227,242,15,2,0x0,0xC,0,0,672,3424,0.164062500000
23,6144,0,0x00BDF75CEA5E4C76,0xF,0x3,327,359,32,1,0xC,0xC,1,1,1003,5141,0.163248697917
23,6144,1,0x00BDF75CEA5E4C76,0xF,0xB,293,353,60,1,0x4,0x4,1,1,1028,5116,0.167317708333
23,6144,2,0x00BDF75CEA5E4C76,0xF,0xB,314,355,41,1,0x4,0x4,1,1,1001,5143,0.162923177083
23,6144,3,0x00BDF75CEA5E4C76,0xF,0xF,296,343,47,1,0x0,0x0,1,1,1033,5111,0.168131510417
23,6144,4,0x00BDF75CEA5E4C76,0xF,0xB,319,339,20,1,0x4,0x4,1,1,1016,5128,0.165364583333
23,6144,5,0x00BDF75CEA5E4C76,0xF,0x3,327,358,31,1,0xC,0xC,1,1,1017,5127,0.165527343750
23,6144,6,0x00BDF75CEA5E4C76,0xF,0xE,314,342,28,1,0x1,0x1,1,1,1021,5123,0.166178385417
23,6144,7,0x00BDF75CEA5E4C76,0xF,0x3,319,343,24,1,0xC,0xC,1,1,1011,5133,0.164550781250
23,8192,0,0x00BDF75CEA5E4C76,0xF,0x3,440,474,34,1,0xC,0xC,1,1,1342,6850,0.163818359375
23,8192,1,0x00BDF75CEA5E4C76,0xF,0xB,408,463,55,1,0x4,0x4,1,1,1369,6823,0.167114257812
23,8192,2,0x00BDF75CEA5E4C76,0xF,0xB,421,465,44,1,0x4,0x4,1,1,1357,6835,0.165649414062
23,8192,3,0x00BDF75CEA5E4C76,0xF,0xF,399,485,86,1,0x0,0x0,1,1,1353,6839,0.165161132812
23,8192,4,0x00BDF75CEA5E4C76,0xF,0xB,422,459,37,1,0x4,0x4,1,1,1358,6834,0.165771484375
23,8192,5,0x00BDF75CEA5E4C76,0xF,0x3,421,490,69,1,0xC,0xC,1,1,1375,6817,0.167846679688
23,8192,6,0x00BDF75CEA5E4C76,0xF,0xE,428,462,34,1,0x1,0x1,1,1,1348,6844,0.164550781250
23,8192,7,0x00BDF75CEA5E4C76,0xF,0x3,439,462,23,1,0xC,0xC,1,1,1371,6821,0.167358398438
23,12288,0,0x00BDF75CEA5E4C76,0xF,0x3,672,729,57,1,0xC,0xC,1,1,2002,10286,0.162923177083
23,12288,1,0x00BDF75CEA5E4C76,0xF,0xB,620,732,112,1,0x4,0x4,1,1,2064,10224,0.167968750000
23,12288,2,0x00BDF75CEA5E4C76,0xF,0xB,657,726,69,1,0x4,0x4,1,1,1996,10292,0.162434895833
23,12288,3,0x00BDF75CEA5E4C76,0xF,0xF,594,745,151,1,0x0,0x0,1,1,2008,10280,0.163411458333
23,12288,4,0x00BDF75CEA5E4C76,0xF,0xB,633,706,73,1,0x4,0x4,1,1,2012,10276,0.163736979167
23,12288,5,0x00BDF75CEA5E4C76,0xF,0x3,645,740,95,1,0xC,0xC,1,1,2051,10237,0.166910807292
23,12288,6,0x00BDF75CEA5E4C76,0xF,0xE,637,733,96,1,0x1,0x1,1,1,2002,10286,0.162923177083
23,12288,7,0x00BDF75CEA5E4C76,0xF,0x3,656,692,36,1,0xC,0xC,1,1,2045,10243,0.166422526042
23,16384,0,0x00BDF75CEA5E4C76,0xF,0x3,885,995,110,1,0xC,0xC,1,1,2651,13733,0.161804199219
23,16384,1,0x00BDF75CEA5E4C76,0xF,0xB,848,970,122,1,0x4,0x4,1,1,2756,13628,0.168212890625
23,16384,2,0x00BDF75CEA5E4C76,0xF,0xB,871,970,99,1,0x4,0x4,1,1,2703,13681,0.164978027344
23,16384,3,0x00BDF75CEA5E4C76,0xF,0xF,807,981,174,1,0x0,0x0,1,1,2698,13686,0.164672851562
23,16384,4,0x00BDF75CEA5E4C76,0xF,0xB,846,965,119,1,0x4,0x4,1,1,2682,13702,0.163696289062
23,16384,5,0x00BDF75CEA5E4C76,0xF,0x3,851,982,131,1,0xC,0xC,1,1,2785,13599,0.169982910156
23,16384,6,0x00BDF75CEA5E4C76,0xF,0xE,874,995,121,1,0x1,0x1,1,1,2669,13715,0.162902832031
23,16384,7,0x00BDF75CEA5E4C76,0xF,0x3,874,954,80,1,0xC,0xC,1,1,2703,13681,0.164978027344
23,24576,0,0x00BDF75CEA5E4C76,0xF,0x3,1291,1488,197,1,0xC,0xC,1,1,4014,20562,0.163330078125
23,24576,1,0x00BDF75CEA5E4C76,0xF,0xB,1303,1512,209,1,0x4,0x4,1,1,4111,20465,0.167277018229
23,24576,2,0x00BDF75CEA5E4C76,0xF,0xB,1291,1428,137,1,0x4,0x4,1,1,4060,20516,0.165201822917
23,24576,3,0x00BDF75CEA5E4C76,0xF,0xF,1210,1475,265,1,0x0,0x0,1,1,4090,20486,0.166422526042
23,24576,4,0x00BDF75CEA5E4C76,0xF,0xB,1279,1483,204,1,0x4,0x4,1,1,4038,20538,0.164306640625
23,24576,5,0x00BDF75CEA5E4C76,0xF,0x3,1252,1479,227,1,0xC,0xC,1,1,4096,20480,0.166666666667
23,24576,6,0x00BDF75CEA5E4C76,0xF,0xE,1301,1490,189,1,0x1,0x1,1,1,4000,20576,0.162760416667
23,24576,7,0x00BDF75CEA5E4C76,0xF,0x3,1312,1464,152,1,0xC,0xC,1,1,4091,20485,0.166463216146
23,32768,0,0x00BDF75CEA5E4C76,0xF,0x3,1737,1979,242,1,0xC,0xC,1,1,5358,27410,0.163513183594
23,32768,1,0x00BDF75CEA5E4C76,0xF,0xB,1748,1987,239,1,0x4,0x4,1,1,5382,27386,0.164245605469
23,32768,2,0x00BDF75CEA5E4C76,0xF,0xB,1722,1940,218,1,0x4,0x4,1,1,5373,27395,0.163970947266
23,32768,3,0x00BDF75CEA5E4C76,0xF,0xF,1640,2002,362,1,0x0,0x0,1,1,5443,27325,0.166107177734
23,32768,4,0x00BDF75CEA5E4C76,0xF,0xB,1698,2012,314,1,0x4,0x4,1,1,5351,27417,0.163299560547
23,32768,5,0x00BDF75CEA5E4C76,0xF,0x3,1683,1974,291,1,0xC,0xC,1,1,5395,27373,0.164642333984
23,32768,6,0x00BDF75CEA5E4C76,0xF,0xE,1734,1964,230,1,0x1,0x1,1,1,5358,27410,0.163513183594
23,32768,7,0x00BDF75CEA5E4C76,0xF,0x3,1750,1970,220,1,0xC,0xC,1,1,5374,27394,0.164001464844
24,512,0,0x8D02C839624726BA,0xD,0x8,25,26,1,1,0x5,0x2,1,0,95,417,0.185546875000
24,512,1,0x8D02C839624726BA,0xD,0x6,23,29,6,2,0x0,0x8,0,0,78,434,0.152343750000
24,512,2,0x8D02C839624726BA,0xD,0x2,22,23,1,1,0xF,0x6,1,0,54,458,0.105468750000
24,512,3,0x8D02C839624726BA,0xD,0x0,22,23,1,1,0xD,0x2,1,0,81,431,0.158203125000
24,512,4,0x8D02C839624726BA,0xD,0x0,20,25,5,1,0xD,0x6,1,0,72,440,0.140625000000
24,512,5,0x8D02C839624726BA,0xD,0xD,21,26,5,1,0x0,0x4,1,0,64,448,0.125000000000
24,512,6,0x8D02C839624726BA,0xD,0x5,18,24,6,1,0x8,0x8,1,1,62,450,0.121093750000
24,512,7,0x8D02C839624726BA,0xD,0x0,18,23,5,1,0xD,0xD,1,1,86,426,0.167968750000
24,1024,0,0x8D02C839624726BA,0xD,0xF,45,53,8,1,0x2,0x2,1,1,178,846,0.173828125000
24,1024,1,0x8D02C839624726BA,0xD,0x6,49,56,7,1,0xB,0x8,1,0,150,874,0.146484375000
24,1024,2,0x8D02C839624726BA,0xD,0x8,53,54,1,1,0x5,0x6,1,0,128,896,0.125000000000
24,1024,3,0x8D02C839624726BA,0xD,0x0,52,57,5,1,0xD,0x2,1,0,162,862,0.158203125000
24,1024,4,0x8D02C839624726BA,0xD,0x0,52,53,1,1,0xD,0x6,1,0,158,866,0.154296875000
24,1024,5,0x8D02C839624726BA,0xD,0xD,51,52,1,1,0x0,0x4,1,0,139,885,0.135742187500
24,1024,6,0x8D02C839624726BA,0xD,0x5,45,52,7,1,0x8,0x8,1,1,140,884,0.136718750000
24,1024,7,0x8D02C839624726BA,0xD,0x0,44,51,7,1,0xD,0xD,1,1,184,840,0.179687500000
24,1536,0,0x8D02C839624726BA,0xD,0xF,74,84,10,1,0x2,0x2,1,1,252,1284,0.164062500000
24,1536,1,0x8D02C839624726BA,0xD,0x5,78,80,2,1,0x8,0x8,1,1,249,1287,0.162109375000
24,1536,2,0x8D02C839624726BA,0xD,0xA,79,83,4,1,0x7,0x6,1,0,219,1317,0.142578125000
24,1536,3,0x8D02C839624726BA,0xD,0xF,75,84,9,1,0x2,0x2,1,1,255,1281,0.166015625000
24,1536,4,0x8D02C839624726BA,0xD,0x6,85,87,2,1,0xB,0x6,1,0,240,1296,0.156250000000
24,1536,5,0x8D02C839624726BA,0xD,0xF,83,84,1,1,0x2,0x4,1,0,217,1319,0.141276041667
24,1536,6,0x8D02C839624726BA,0xD,0x5,70,80,10,1,0x8,0x8,1,1,223,1313,0.145182291667
24,1536,7,0x8D02C839624726BA,0xD,0x0,74,81,7,1,0xD,0xD,1,1,262,1274,0.170572916667
24,2048,0,0x8D02C839624726BA,0xD,0xF,105,117,12,1,0x2,0x2,1,1,342,1706,0.166992187500
24,2048,1,0x8D02C839624726BA,0xD,0x5,103,119,16,1,0x8,0x8,1,1,335,1713,0.163574218750
24,2048,2,0x8D02C839624726BA,0xD,0xB,110,111,1,1,0x6,0x6,1,1,301,1747,0.146972656250
24,2048,3,0x8D02C839624726BA,0xD,0xF,98,113,15,1,0x2,0x2,1,1,337,1711,0.164550781250
24,2048,4,0x8D02C839624726BA,0xD,0x9,111,116,5,1,0x4,0x6,1,0,311,1737,0.151855468750
24,2048,5,0x8D02C839624726BA,0xD,0xD,109,116,7,1,0x0,0x4,1,0,325,1723,0.158691406250
24,2048,6,0x8D02C839624726BA,0xD,0x5,102,108,6,1,0x8,0x8,1,1,304,1744,0.148437500000
24,2048,7,0x8D02C839624726BA,0xD,0x0,100,107,7,1,0xD,0xD,1,1,339,1709,0.165527343750
24,3072,0,0x8D02C839624726BA,0xD,0xF,164,175,11,1,0x2,0x2,1,1,513,2559,0.166992187500
24,3072,1,0x8D02C839624726BA,0xD,0x5,158,177,19,1,0x8,0x8,1,1,495,2577,0.161132812500
24,3072,2,0x8D02C839624726BA,0xD,0xB,163,166,3,1,0x6,0x6,1,1,475,2597,0.154622395833
24,3072,3,0x8D02C839624726BA,0xD,0xF,154,176,22,1,0x2,0x2,1,1,503,2569,0.163736979167
24,3072,4,0x8D02C839624726BA,0xD,0xB,174,177,3,1,0x6,0x6,1,1,484,2588,0.157552083333
24,3072,5,0x8D02C839624726BA,0xD,0x9,160,171,11,1,0x4,0x4,1,1,506,2566,0.164713541667
24,3072,6,0x8D02C839624726BA,0xD,0x6,163,165,2,1,0xB,0x8,1,0,461,2611,0.150065104167
24,3072,7,0x8D02C839624726BA,0xD,0x0,155,164,9,1,0xD,0xD,1,1,507,2565,0.165039062500
24,4096,0,0x8D02C839624726BA,0xD,0xF,207,238,31,1,0x2,0x2,1,1,670,3426,0.163574218750
24,4096,1,0x8D02C839624726BA,0xD,0x5,217,246,29,1,0x8,0x8,1,1,630,3466,0.153808593750
24,4096,2,0x8D02C839624726BA,0xD,0xB,215,224,9,1,0x6,0x6,1,1,633,3463,0.154541015625
24,4096,3,0x8D02C839624726BA,0xD,0xF,214,232,18,1,0x2,0x2,1,1,658,3438,0.160644531250
24,4096,4,0x8D02C839624726BA,0xD,0xD,223,225,2,1,0x0,0x6,1,0,654,3442,0.159667968750
24,4096,5,0x8D02C839624726BA,0xD,0x9,209,240,31,1,0x4,0x4,1,1,666,3430,0.162597656250
24,4096,6,0x8D02C839624726BA,0xD,0x5,217,226,9,1,0x8,0x8,1,1,632,3464,0.154296875000
24,4096,7,0x8D02C839624726BA,0xD,0x0,214,229,15,1,0xD,0xD,1,1,645,3451,0.157470703125
24,6144,0,0x8D02C839624726BA,0xD,0xF,323,352,29,1,0x2,0x2,1,1,1005,5139,0.163574218750
24,6144,1,0x8D02C839624726BA,0xD,0x5,325,370,45,1,0x8,0x8,1,1,943,5201,0.153483072917
24,6144,2,0x8D02C839624726BA,0xD,0xB,312,352,40,1,0x6,0x6,1,1,984,5160,0.160156250000
24,6144,3,0x8D02C839624726BA,0xD,0xF,335,361,26,1,0x2,0x2,1,1,983,5161,0.159993489583
24,6144,4,0x8D02C839624726BA,0xD,0xB,316,352,36,1,0x6,0x6,1,1,996,5148,0.162109375000
24,6144,5,0x8D02C839624726BA,0xD,0x9,307,365,58,1,0x4,0x4,1,1,997,5147,0.162272135417
24,6144,6,0x8D02C839624726BA,0xD,0x5,316,362,46,1,0x8,0x8,1,1,986,5158,0.160481770833
24,6144,7,0x8D02C839624726BA,0xD,0x0,328,352,24,1,0xD,0xD,1,1,964,5180,0.156901041667
24,8192,0,0x8D02C839624726BA,0xD,0xF,438,479,41,1,0x2,0x2,1,1,1360,6832,0.166015625000
24,8192,1,0x8D02C839624726BA,0xD,0x5,424,476,52,1,0x8,0x8,1,1,1260,6932,0.153808593750
24,8192,2,0x8D02C839624726BA,0xD,0xB,425,486,61,1,0x6,0x6,1,1,1320,6872,0.161132812500
24,8192,3,0x8D02C839624726BA,0xD,0xF,454,494,40,1,0x2,0x2,1,1,1288,6904,0.157226562500
24,8192,4,0x8D02C839624726BA,0xD,0xB,415,491,76,1,0x6,0x6,1,1,1308,6884,0.159667968750
24,8192,5,0x8D02C839624726BA,0xD,0x9,408,489,81,1,0x4,0x4,1,1,1329,6863,0.162231445312
24,8192,6,0x8D02C839624726BA,0xD,0x5,433,471,38,1,0x8,0x8,1,1,1308,6884,0.159667968750
24,8192,7,0x8D02C839624726BA,0xD,0x0,431,474,43,1,0xD,0xD,1,1,1283,6909,0.156616210938
24,12288,0,0x8D02C839624726BA,0xD,0xF,643,739,96,1,0x2,0x2,1,1,2052,10236,0.166992187500
24,12288,1,0x8D02C839624726BA,0xD,0x5,648,730,82,1,0x8,0x8,1,1,1937,10351,0.157633463542
24,12288,2,0x8D02C839624726BA,0xD,0xB,641,754,113,1,0x6,0x6,1,1,1983,10305,0.161376953125
24,12288,3,0x8D02C839624726BA,0xD,0xF,673,753,80,1,0x2,0x2,1,1,1954,10334,0.159016927083
24,12288,4,0x8D02C839624726BA,0xD,0xB,629,732,103,1,0x6,0x6,1,1,1967,10321,0.160074869792
24,12288,5,0x8D02C839624726BA,0xD,0x9,628,726,98,1,0x4,0x4,1,1,2029,10259,0.165120442708
24,12288,6,0x8D02C839624726BA,0xD,0x5,630,743,113,1,0x8,0x8,1,1,2008,10280,0.163411458333
24,12288,7,0x8D02C839624726BA,0xD,0x0,645,736,91,1,0xD,0xD,1,1,1939,10349,0.157796223958
24,16384,0,0x8D02C839624726BA,0xD,0xF,841,986,145,1,0x2,0x2,1,1,2748,13636,0.167724609375
24,16384,1,0x8D02C839624726BA,0xD,0x5,870,971,101,1,0x8,0x8,1,1,2610,13774,0.159301757812
24,16384,2,0x8D02C839624726BA,0xD,0xB,833,1000,167,1,0x6,0x6,1,1,2660,13724,0.162353515625
24,16384,3,0x8D02C839624726BA,0xD,0xF,886,984,98,1,0x2,0x2,1,1,2680,13704,0.163574218750
24,16384,4,0x8D02C839624726BA,0xD,0xB,856,979,123,1,0x6,0x6,1,1,2619,13765,0.159851074219
24,16384,5,0x8D02C839624726BA,0xD,0x9,819,986,167,1,0x4,0x4,1,1,2711,13673,0.165466308594
24,16384,6,0x8D02C839624726BA,0xD,0x5,849,977,128,1,0x8,0x8,1,1,2745,13639,0.167541503906
24,16384,7,0x8D02C839624726BA,0xD,0x0,862,1005,143,1,0xD,0xD,1,1,2613,13771,0.159484863281
24,24576,0,0x8D02C839624726BA,0xD,0xF,1274,1489,215,1,0x2,0x2,1,1,4073,20503,0.165730794271
24,24576,1,0x8D02C839624726BA,0xD,0x5,1260,1486,226,1,0x8,0x8,1,1,3951,20625,0.160766601562
24,24576,2,0x8D02C839624726BA,0xD,0xB,1278,1490,212,1,0x6,0x6,1,1,4062,20514,0.165283203125
24,24576,3,0x8D02C839624726BA,0xD,0xF,1336,1475,139,1,0x2,0x2,1,1,4029,20547,0.163940429688
24,24576,4,0x8D02C839624726BA,0xD,0xB,1283,1516,233,1,0x6,0x6,1,1,3920,20656,0.159505208333
24,24576,5,0x8D02C839624726BA,0xD,0x9,1243,1471,228,1,0x4,0x4,1,1,4094,20482,0.166585286458
24,24576,6,0x8D02C839624726BA,0xD,0x5,1276,1480,204,1,0x8,0x8,1,1,4051,20525,0.164835611979
24,24576,7,0x8D02C839624726BA,0xD,0x0,1314,1511,197,1,0xD,0xD,1,1,3969,20607,0.161499023438
24,32768,0,0x8D02C839624726BA,0xD,0xF,1736,1959,223,1,0x2,0x2,1,1,5450,27318,0.166320800781
24,32768,1,0x8D02C839624726BA,0xD,0x5,1678,1993,315,1,0x8,0x8,1,1,5295,27473,0.161590576172
24,32768,2,0x8D02C839624726BA,0xD,0xB,1695,1999,304,1,0x6,0x6,1,1,5458,27310,0.166564941406
24,32768,3,0x8D02C839624726BA,0xD,0xF,1739,1964,225,1,0x2,0x2,1,1,5414,27354,0.165222167969
24,32768,4,0x8D02C839624726BA,0xD,0xB,1733,2019,286,1,0x6,0x6,1,1,5256,27512,0.160400390625
24,32768,5,0x8D02C839624726BA,0xD,0x9,1682,1990,308,1,0x4,0x4,1,1,5452,27316,0.166381835938
24,32768,6,0x8D02C839624726BA,0xD,0x5,1684,1989,305,1,0x8,0x8,1,1,5356,27412,0.163452148438
24,32768,7,0x8D02C839624726BA,0xD,0x0,1759,2000,241,1,0xD,0xD,1,1,5383,27385,0.164276123047
25,512,0,0x98B2BA44C4976579,0x3,0x1,26,27,1,2,0x0,0xE,0,0,92,420,0.179687500000
25,512,1,0x98B2BA44C4976579,0x3,0x7,25,27,2,2,0x0,0x4,0,0,74,438,0.144531250000
25,512,2,0x98B2BA44C4976579,0x3,0x2,21,22,1,1,0x1,0x3,1,0,95,417,0.185546875000
25,512,3,0x98B2BA44C4976579,0x3,0x8,23,26,3,1,0xB,0xC,1,0,78,434,0.152343750000
25,512,4,0x98B2BA44C4976579,0x3,0x4,19,26,7,1,0x7,0x2,1,0,91,421,0.177734375000
25,512,5,0x98B2BA44C4976579,0x3,0xC,14,24,10,1,0xF,0xA,1,0,90,422,0.175781250000
25,512,6,0x98B2BA44C4976579,0x3,0x6,25,26,1,1,0x5,0x7,1,0,86,426,0.167968750000
25,512,7,0x98B2BA44C4976579,0x3,0x6,22,24,2,1,0x5,0xF,1,0,81,431,0.158203125000
25,1024,0,0x98B2BA44C4976579,0x3,0xF,56,57,1,1,0xC,0xE,1,0,188,836,0.183593750000
25,1024,1,0x98B2BA44C4976579,0x3,0x7,49,54,5,1,0x4,0x4,1,1,164,860,0.160156250000
25,1024,2,0x98B2BA44C4976579,0x3,0x3,45,51,6,1,0x0,0x3,1,0,165,859,0.161132812500
25,1024,3,0x98B2BA44C4976579,0x3,0xF,51,59,8,1,0xC,0xC,1,1,177,847,0.172851562500
25,1024,4,0x98B2BA44C4976579,0x3,0x4,49,53,4,1,0x7,0x2,1,0,180,844,0.175781250000
25,1024,5,0x98B2BA44C4976579,0x3,0xC,50,51,1,1,0xF,0xA,1,0,175,849,0.170898437500
25,1024,6,0x98B2BA44C4976579,0x3,0xE,53,54,1,1,0xD,0x7,1,0,174,850,0.169921875000
25,1024,7,0x98B2BA44C4976579,0x3,0x7,56,57,1,1,0x4,0xF,1,0,174,850,0.169921875000
25,1536,0,0x98B2BA44C4976579,0x3,0x9,81,82,1,1,0xA,0xE,1,0,290,1246,0.188802083333
25,1536,1,0x98B2BA44C4976579,0x3,0x7,81,82,1,1,0x4,0x4,1,1,251,1285,0.163411458333
25,1536,2,0x98B2BA44C4976579,0x3,0x5,73,79,6,1,0x6,0x3,1,0,245,1291,0.159505208333
25,1536,3,0x98B2BA44C4976579,0x3,0xF,82,85,3,1,0xC,0xC,1,1,253,1283,0.164713541667
25,1536,4,0x98B2BA44C4976579,0x3,0x1,77,85,8,2,0x0,0x2,0,0,270,1266,0.175781250000
25,1536,5,0x98B2BA44C4976579,0x3,0xC,76,80,4,1,0xF,0xA,1,0,278,1258,0.180989583333
25,1536,6,0x98B2BA44C4976579,0x3,0x4,75,85,10,1,0x7,0x7,1,1,256,1280,0.166666666667
25,1536,7,0x98B2BA44C4976579,0x3,0xC,83,88,5,1,0xF,0xF,1,1,251,1285,0.163411458333
25,2048,0,0x98B2BA44C4976579,0x3,0xF,102,107,5,1,0xC,0xE,1,0,385,1663,0.187988281250
25,2048,1,0x98B2BA44C4976579,0x3,0x7,96,109,13,1,0x4,0x4,1,1,327,1721,0.159667968750
25,2048,2,0x98B2BA44C4976579,0x3,0x5,109,114,5,1,0x6,0x3,1,0,333,1715,0.162597656250
25,2048,3,0x98B2BA44C4976579,0x3,0xF,105,107,2,1,0xC,0xC,1,1,348,1700,0.169921875000
25,2048,4,0x98B2BA44C4976579,0x3,0x1,106,112,6,1,0x2,0x2,1,1,338,1710,0.165039062500
25,2048,5,0x98B2BA44C4976579,0x3,0x9,106,111,5,1,0xA,0xA,1,1,349,1699,0.170410156250
25,2048,6,0x98B2BA44C4976579,0x3,0x4,103,113,10,1,0x7,0x7,1,1,336,1712,0.164062500000
25,2048,7,0x98B2BA44C4976579,0x3,0xC,103,118,15,1,0xF,0xF,1,1,332,1716,0.162109375000
25,3072,0,0x98B2BA44C4976579,0x3,0xD,157,160,3,1,0xE,0xE,1,1,582,2490,0.189453125000
25,3072,1,0x98B2BA44C4976579,0x3,0x7,143,167,24,1,0x4,0x4,1,1,512,2560,0.166666666667
25,3072,2,0x98B2BA44C4976579,0x3,0x5,161,172,11,1,0x6,0x3,1,0,510,2562,0.166015625000
25,3072,3,0x98B2BA44C4976579,0x3,0xF,156,178,22,1,0xC,0xC,1,1,520,2552,0.169270833333
25,3072,4,0x98B2BA44C4976579,0x3,0x5,170,171,1,1,0x6,0x2,1,0,497,2575,0.161783854167
25,3072,5,0x98B2BA44C4976579,0x3,0x9,160,165,5,1,0xA,0xA,1,1,512,2560,0.166666666667
25,3072,6,0x98B2BA44C4976579,0x3,0x4,157,172,15,1,0x7,0x7,1,1,520,2552,0.169270833333
25,3072,7,0x98B2BA44C4976579,0x3,0xC,160,180,20,1,0xF,0xF,1,1,516,2556,0.167968750000
25,4096,0,0x98B2BA44C4976579,0x3,0xD,214,226,12,1,0xE,0xE,1,1,747,3349,0.182373046875
25,4096,1,0x98B2BA44C4976579,0x3,0x7,202,232,30,1,0x4,0x4,1,1,663,3433,0.161865234375
25,4096,2,0x98B2BA44C4976579,0x3,0x5,234,235,1,2,0x0,0x3,0,0,675,3421,0.164794921875
25,4096,3,0x98B2BA44C4976579,0x3,0xF,214,230,16,1,0xC,0xC,1,1,681,3415,0.166259765625
25,4096,4,0x98B2BA44C4976579,0x3,0x4,222,229,7,1,0x7,0x2,1,0,663,3433,0.161865234375
25,4096,5,0x98B2BA44C4976579,0x3,0x9,217,236,19,1,0xA,0xA,1,1,687,3409,0.167724609375
25,4096,6,0x98B2BA44C4976579,0x3,0x4,207,234,27,1,0x7,0x7,1,1,679,3417,0.165771484375
25,4096,7,0x98B2BA44C4976579,0x3,0xC,205,240,35,1,0xF,0xF,1,1,688,3408,0.167968750000
25,6144,0,0x98B2BA44C4976579,0x3,0xD,332,351,19,1,0xE,0xE,1,1,1088,5056,0.177083333333
25,6144,1,0x98B2BA44C4976579,0x3,0x7,299,356,57,1,0x4,0x4,1,1,990,5154,0.161132812500
25,6144,2,0x98B2BA44C4976579,0x3,0x0,326,351,25,1,0x3,0x3,1,1,1033,5111,0.168131510417
25,6144,3,0x98B2BA44C4976579,0x3,0xF,318,341,23,1,0xC,0xC,1,1,1003,5141,0.163248697917
25,6144,4,0x98B2BA44C4976579,0x3,0x1,327,351,24,1,0x2,0x2,1,1,1041,5103,0.169433593750
25,6144,5,0x98B2BA44C4976579,0x3,0x9,314,359,45,1,0xA,0xA,1,1,993,5151,0.161621093750
25,6144,6,0x98B2BA44C4976579,0x3,0x4,315,362,47,1,0x7,0x7,1,1,1020,5124,0.166015625000
25,6144,7,0x98B2BA44C4976579,0x3,0xC,312,367,55,1,0xF,0xF,1,1,1037,5107,0.168782552083
25,8192,0,0x98B2BA44C4976579,0x3,0xD,431,460,29,1,0xE,0xE,1,1,1405,6787,0.171508789062
25,8192,1,0x98B2BA44C4976579,0x3,0x7,431,472,41,1,0x4,0x4,1,1,1321,6871,0.161254882812
25,8192,2,0x98B2BA44C4976579,0x3,0x0,434,479,45,1,0x3,0x3,1,1,1352,6840,0.165039062500
25,8192,3,0x98B2BA44C4976579,0x3,0xF,419,463,44,1,0xC,0xC,1,1,1319,6873,0.161010742188
25,8192,4,0x98B2BA44C4976579,0x3,0x1,432,479,47,1,0x2,0x2,1,1,1365,6827,0.166625976562
25,8192,5,0x98B2BA44C4976579,0x3,0x9,435,489,54,1,0xA,0xA,1,1,1333,6859,0.162719726562
25,8192,6,0x98B2BA44C4976579,0x3,0x4,407,499,92,1,0x7,0x7,1,1,1336,6856,0.163085937500
25,8192,7,0x98B2BA44C4976579,0x3,0xC,400,486,86,1,0xF,0xF,1,1,1360,6832,0.166015625000
25,12288,0,0x98B2BA44C4976579,0x3,0xD,637,718,81,1,0xE,0xE,1,1,2058,10230,0.167480468750
25,12288,1,0x98B2BA44C4976579,0x3,0x7,630,734,104,1,0x4,0x4,1,1,1960,10328,0.159505208333
25,12288,2,0x98B2BA44C4976579,0x3,0x0,631,728,97,1,0x3,0x3,1,1,2021,10267,0.164469401042
25,12288,3,0x98B2BA44C4976579,0x3,0xF,620,726,106,1,0xC,0xC,1,1,1979,10309,0.161051432292
25,12288,4,0x98B2BA44C4976579,0x3,0x1,652,737,85,1,0x2,0x2,1,1,2016,10272,0.164062500000
25,12288,5,0x98B2BA44C4976579,0x3,0x9,649,735,86,1,0xA,0xA,1,1,1985,10303,0.161539713542
25,12288,6,0x98B2BA44C4976579,0x3,0x4,630,730,100,1,0x7,0x7,1,1,2019,10269,0.164306640625
25,12288,7,0x98B2BA44C4976579,0x3,0xC,639,744,105,1,0xF,0xF,1,1,2050,10238,0.166829427083
25,16384,0,0x98B2BA44C4976579,0x3,0xD,834,965,131,1,0xE,0xE,1,1,2748,13636,0.167724609375
25,16384,1,0x98B2BA44C4976579,0x3,0x7,850,987,137,1,0x4,0x4,1,1,2650,13734,0.161743164062
25,16384,2,0x98B2BA44C4976579,0x3,0x0,844,953,109,1,0x3,0x3,1,1,2651,13733,0.161804199219
25,16384,3,0x98B2BA44C4976579,0x3,0xF,812,942,130,1,0xC,0xC,1,1,2631,13753,0.160583496094
25,16384,4,0x98B2BA44C4976579,0x3,0x1,848,987,139,1,0x2,0x2,1,1,2686,13698,0.163940429688
25,16384,5,0x98B2BA44C4976579,0x3,0x9,869,997,128,1,0xA,0xA,1,1,2661,13723,0.162414550781
25,16384,6,0x98B2BA44C4976579,0x3,0x4,846,955,109,1,0x7,0x7,1,1,2706,13678,0.165161132812
25,16384,7,0x98B2BA44C4976579,0x3,0xC,856,998,142,1,0xF,0xF,1,1,2715,13669,0.165710449219
25,24576,0,0x98B2BA44C4976579,0x3,0xD,1278,1465,187,1,0xE,0xE,1,1,4140,20436,0.168457031250
25,24576,1,0x98B2BA44C4976579,0x3,0x7,1284,1481,197,1,0x4,0x4,1,1,3953,20623,0.160847981771
25,24576,2,0x98B2BA44C4976579,0x3,0x0,1232,1442,210,1,0x3,0x3,1,1,3972,20604,0.161621093750
25,24576,3,0x98B2BA44C4976579,0x3,0xF,1220,1479,259,1,0xC,0xC,1,1,3971,20605,0.161580403646
25,24576,4,0x98B2BA44C4976579,0x3,0x1,1288,1503,215,1,0x2,0x2,1,1,4073,20503,0.165730794271
25,24576,5,0x98B2BA44C4976579,0x3,0x9,1268,1507,239,1,0xA,0xA,1,1,3975,20601,0.161743164062
25,24576,6,0x98B2BA44C4976579,0x3,0x4,1256,1481,225,1,0x7,0x7,1,1,4042,20534,0.164469401042
25,24576,7,0x98B2BA44C4976579,0x3,0xC,1300,1473,173,1,0xF,0xF,1,1,4054,20522,0.164957682292
25,32768,0,0x98B2BA44C4976579,0x3,0xD,1716,1985,269,1,0xE,0xE,1,1,5426,27342,0.165588378906
25,32768,1,0x98B2BA44C4976579,0x3,0x7,1729,1968,239,1,0x4,0x4,1,1,5257,27511,0.160430908203
25,32768,2,0x98B2BA44C4976579,0x3,0x0,1671,1933,262,1,0x3,0x3,1,1,5271,27497,0.160858154297
25,32768,3,0x98B2BA44C4976579,0x3,0xF,1662,1993,331,1,0xC,0xC,1,1,5309,27459,0.162017822266
25,32768,4,0x98B2BA44C4976579,0x3,0x1,1708,1994,286,1,0x2,0x2,1,1,5420,27348,0.165405273438
25,32768,5,0x98B2BA44C4976579,0x3,0x9,1664,2013,349,1,0xA,0xA,1,1,5358,27410,0.163513183594
25,32768,6,0x98B2BA44C4976579,0x3,0x4,1677,1972,295,1,0x7,0x7,1,1,5379,27389,0.164154052734
25,32768,7,0x98B2BA44C4976579,0x3,0xC,1749,1980,231,1,0xF,0xF,1,1,5398,27370,0.164733886719
26,512,0,0x7F077B491951EF5B,0x8,0xE,24,26,2,1,0x6,0x4,1,0,82,430,0.160156250000
26,512,1,0x7F077B491951EF5B,0x8,0x4,19,21,2,1,0xC,0xC,1,1,79,433,0.154296875000
26,512,2,0x7F077B491951EF5B,0x8,0x1,22,24,2,1,0x9,0x0,1,0,86,426,0.167968750000
26,512,3,0x7F077B491951EF5B,0x8,0xF,14,25,11,1,0x7,0x7,1,1,86,426,0.167968750000
26,512,4,0x7F077B491951EF5B,0x8,0x7,19,22,3,1,0xF,0xF,1,1,84,428,0.164062500000
26,512,5,0x7F077B491951EF5B,0x8,0xB,24,25,1,1,0x3,0x2,1,0,90,422,0.175781250000
26,512,6,0x7F077B491951EF5B,0x8,0x0,16,25,9,1,0x8,0x8,1,1,94,418,0.183593750000
26,512,7,0x7F077B491951EF5B,0x8,0xD,24,25,1,1,0x5,0x7,1,0,92,420,0.179687500000
26,1024,0,0x7F077B491951EF5B,0x8,0xA,51,53,2,1,0x2,0x4,1,0,172,852,0.167968750000
26,1024,1,0x7F077B491951EF5B,0x8,0x4,39,53,14,1,0xC,0xC,1,1,168,856,0.164062500000
26,1024,2,0x7F077B491951EF5B,0x8,0xC,51,52,1,1,0x4,0x0,1,0,157,867,0.153320312500
26,1024,3,0x7F077B491951EF5B,0x8,0xF,45,52,7,1,0x7,0x7,1,1,168,856,0.164062500000
26,1024,4,0x7F077B491951EF5B,0x8,0x7,45,54,9,1,0xF,0xF,1,1,181,843,0.176757812500
26,1024,5,0x7F077B491951EF5B,0x8,0xB,48,56,8,1,0x3,0x2,1,0,199,825,0.194335937500
26,1024,6,0x7F077B491951EF5B,0x8,0x0,37,52,15,1,0x8,0x8,1,1,176,848,0.171875000000
26,1024,7,0x7F077B491951EF5B,0x8,0x3,51,54,3,1,0xB,0x7,1,0,175,849,0.170898437500
26,1536,0,0x7F077B491951EF5B,0x8,0xE,79,80,1,1,0x6,0x4,1,0,261,1275,0.169921875000
26,1536,1,0x7F077B491951EF5B,0x8,0x4,66,85,19,1,0xC,0xC,1,1,255,1281,0.166015625000
26,1536,2,0x7F077B491951EF5B,0x8,0x1,80,84,4,1,0x9,0x0,1,0,247,1289,0.160807291667
26,1536,3,0x7F077B491951EF5B,0x8,0xF,74,81,7,1,0x7,0x7,1,1,241,1295,0.156901041667
26,1536,4,0x7F077B491951EF5B,0x8,0x7,76,81,5,1,0xF,0xF,1,1,258,1278,0.167968750000
26,1536,5,0x7F077B491951EF5B,0x8,0xB,82,83,1,1,0x3,0x2,1,0,295,1241,0.192057291667
26,1536,6,0x7F077B491951EF5B,0x8,0x0,61,73,12,1,0x8,0x8,1,1,266,1270,0.173177083333
26,1536,7,0x7F077B491951EF5B,0x8,0x6,82,83,1,1,0xE,0x7,1,0,259,1277,0.168619791667
26,2048,0,0x7F077B491951EF5B,0x8,0xE,102,109,7,1,0x6,0x4,1,0,355,1693,0.173339843750
26,2048,1,0x7F077B491951EF5B,0x8,0x4,90,113,23,1,0xC,0xC,1,1,337,1711,0.164550781250
26,2048,2,0x7F077B491951EF5B,0x8,0x4,113,115,2,2,0x0,0x0,0,0,329,1719,0.160644531250
26,2048,3,0x7F077B491951EF5B,0x8,0xF,93,110,17,1,0x7,0x7,1,1,344,1704,0.167968750000
26,2048,4,0x7F077B491951EF5B,0x8,0x7,105,113,8,1,0xF,0xF,1,1,337,1711,0.164550781250
26,2048,5,0x7F077B491951EF5B,0x8,0xA,108,110,2,1,0x2,0x2,1,1,382,1666,0.186523437500
26,2048,6,0x7F077B491951EF5B,0x8,0x0,85,109,24,1,0x8,0x8,1,1,351,1697,0.171386718750
26,2048,7,0x7F077B491951EF5B,0x8,0x3,106,110,4,1,0xB,0x7,1,0,349,1699,0.170410156250
26,3072,0,0x7F077B491951EF5B,0x8,0xE,163,165,2,1,0x6,0x4,1,0,521,2551,0.169596354167
26,3072,1,0x7F077B491951EF5B,0x8,0x4,144,168,24,1,0xC,0xC,1,1,495,2577,0.161132812500
26,3072,2,0x7F077B491951EF5B,0x8,0x8,169,171,2,1,0x0,0x0,1,1,501,2571,0.163085937500
26,3072,3,0x7F077B491951EF5B,0x8,0xF,131,173,42,1,0x7,0x7,1,1,522,2550,0.169921875000
26,3072,4,0x7F077B491951EF5B,0x8,0x7,155,179,24,1,0xF,0xF,1,1,505,2567,0.164388020833
26,3072,5,0x7F077B491951EF5B,0x8,0xA,163,174,11,1,0x2,0x2,1,1,561,2511,0.182617187500
26,3072,6,0x7F077B491951EF5B,0x8,0x0,135,176,41,1,0x8,0x8,1,1,532,2540,0.173177083333
26,3072,7,0x7F077B491951EF5B,0x8,0x0,172,174,2,3,0x0,0x7,0,0,526,2546,0.171223958333
26,4096,0,0x7F077B491951EF5B,0x8,0xC,231,232,1,1,0x4,0x4,1,1,704,3392,0.171875000000
26,4096,1,0x7F077B491951EF5B,0x8,0x4,194,232,38,1,0xC,0xC,1,1,663,3433,0.161865234375
26,4096,2,0x7F077B491951EF5B,0x8,0x8,227,239,12,1,0x0,0x0,1,1,675,3421,0.164794921875
26,4096,3,0x7F077B491951EF5B,0x8,0xF,184,235,51,1,0x7,0x7,1,1,691,3405,0.168701171875
26,4096,4,0x7F077B491951EF5B,0x8,0x7,217,240,23,1,0xF,0xF,1,1,681,3415,0.166259765625
26,4096,5,0x7F077B491951EF5B,0x8,0xA,214,243,29,1,0x2,0x2,1,1,738,3358,0.180175781250
26,4096,6,0x7F077B491951EF5B,0x8,0x0,195,243,48,1,0x8,0x8,1,1,673,3423,0.164306640625
26,4096,7,0x7F077B491951EF5B,0x8,0x6,227,234,7,1,0xE,0x7,1,0,686,3410,0.167480468750
26,6144,0,0x7F077B491951EF5B,0x8,0xC,354,361,7,1,0x4,0x4,1,1,1047,5097,0.170410156250
26,6144,1,0x7F077B491951EF5B,0x8,0x4,317,349,32,1,0xC,0xC,1,1,1010,5134,0.164388020833
26,6144,2,0x7F077B491951EF5B,0x8,0x8,342,358,16,1,0x0,0x0,1,1,983,5161,0.159993489583
26,6144,3,0x7F077B491951EF5B,0x8,0xF,292,345,53,1,0x7,0x7,1,1,1026,5118,0.166992187500
26,6144,4,0x7F077B491951EF5B,0x8,0x7,317,371,54,1,0xF,0xF,1,1,1028,5116,0.167317708333
26,6144,5,0x7F077B491951EF5B,0x8,0xA,324,352,28,1,0x2,0x2,1,1,1060,5084,0.172526041667
26,6144,6,0x7F077B491951EF5B,0x8,0x0,294,366,72,1,0x8,0x8,1,1,1006,5138,0.163736979167
26,6144,7,0x7F077B491951EF5B,0x8,0x6,341,342,1,1,0xE,0x7,1,0,1040,5104,0.169270833333
26,8192,0,0x7F077B491951EF5B,0x8,0xC,456,495,39,1,0x4,0x4,1,1,1375,6817,0.167846679688
26,8192,1,0x7F077B491951EF5B,0x8,0x4,421,485,64,1,0xC,0xC,1,1,1330,6862,0.162353515625
26,8192,2,0x7F077B491951EF5B,0x8,0x8,463,490,27,1,0x0,0x0,1,1,1332,6860,0.162597656250
26,8192,3,0x7F077B491951EF5B,0x8,0xF,382,464,82,1,0x7,0x7,1,1,1388,6804,0.169433593750
26,8192,4,0x7F077B491951EF5B,0x8,0x7,444,482,38,1,0xF,0xF,1,1,1372,6820,0.167480468750
26,8192,5,0x7F077B491951EF5B,0x8,0xA,434,497,63,1,0x2,0x2,1,1,1406,6786,0.171630859375
26,8192,6,0x7F077B491951EF5B,0x8,0x0,423,492,69,1,0x8,0x8,1,1,1342,6850,0.163818359375
26,8192,7,0x7F077B491951EF5B,0x8,0x0,463,464,1,1,0x8,0x7,1,0,1368,6824,0.166992187500
26,12288,0,0x7F077B491951EF5B,0x8,0xC,651,741,90,1,0x4,0x4,1,1,2049,10239,0.166748046875
26,12288,1,0x7F077B491951EF5B,0x8,0x4,634,735,101,1,0xC,0xC,1,1,2042,10246,0.166178385417
26,12288,2,0x7F077B491951EF5B,0x8,0x8,690,725,35,1,0x0,0x0,1,1,1998,10290,0.162597656250
26,12288,3,0x7F077B491951EF5B,0x8,0xF,598,733,135,1,0x7,0x7,1,1,2075,10213,0.168863932292
26,12288,4,0x7F077B491951EF5B,0x8,0x7,659,750,91,1,0xF,0xF,1,1,2036,10252,0.165690104167
26,12288,5,0x7F077B491951EF5B,0x8,0xA,664,745,81,1,0x2,0x2,1,1,2048,10240,0.166666666667
26,12288,6,0x7F077B491951EF5B,0x8,0x0,621,739,118,1,0x8,0x8,1,1,1999,10289,0.162679036458
26,12288,7,0x7F077B491951EF5B,0x8,0xF,703,724,21,1,0x7,0x7,1,1,2031,10257,0.165283203125
26,16384,0,0x7F077B491951EF5B,0x8,0xC,876,1000,124,1,0x4,0x4,1,1,2692,13692,0.164306640625
26,16384,1,0x7F077B491951EF5B,0x8,0x4,861,989,128,1,0xC,0xC,1,1,2700,13684,0.164794921875
26,16384,2,0x7F077B491951EF5B,0x8,0x8,923,962,39,1,0x0,0x0,1,1,2650,13734,0.161743164062
26,16384,3,0x7F077B491951EF5B,0x8,0xF,821,989,168,1,0x7,0x7,1,1,2750,13634,0.167846679688
26,16384,4,0x7F077B491951EF5B,0x8,0x7,868,996,128,1,0xF,0xF,1,1,2729,13655,0.166564941406
26,16384,5,0x7F077B491951EF5B,0x8,0xA,879,1001,122,1,0x2,0x2,1,1,2655,13729,0.162048339844
26,16384,6,0x7F077B491951EF5B,0x8,0x0,846,978,132,1,0x8,0x8,1,1,2648,13736,0.161621093750
26,16384,7,0x7F077B491951EF5B,0x8,0xF,950,971,21,1,0x7,0x7,1,1,2654,13730,0.161987304688
26,24576,0,0x7F077B491951EF5B,0x8,0xC,1309,1492,183,1,0x4,0x4,1,1,4001,20575,0.162801106771
26,24576,1,0x7F077B491951EF5B,0x8,0x4,1306,1492,186,1,0xC,0xC,1,1,4034,20542,0.164143880208
26,24576,2,0x7F077B491951EF5B,0x8,0x8,1339,1502,163,1,0x0,0x0,1,1,3990,20586,0.162353515625
26,24576,3,0x7F077B491951EF5B,0x8,0xF,1280,1488,208,1,0x7,0x7,1,1,4147,20429,0.168741861979
26,24576,4,0x7F077B491951EF5B,0x8,0x7,1279,1513,234,1,0xF,0xF,1,1,4148,20428,0.168782552083
26,24576,5,0x7F077B491951EF5B,0x8,0xA,1293,1498,205,1,0x2,0x2,1,1,4046,20530,0.164632161458
26,24576,6,0x7F077B491951EF5B,0x8,0x0,1271,1488,217,1,0x8,0x8,1,1,3964,20612,0.161295572917
26,24576,7,0x7F077B491951EF5B,0x8,0xF,1363,1505,142,1,0x7,0x7,1,1,3983,20593,0.162068684896
26,32768,0,0x7F077B491951EF5B,0x8,0xC,1713,2009,296,1,0x4,0x4,1,1,5349,27419,0.163238525391
26,32768,1,0x7F077B491951EF5B,0x8,0x4,1757,1989,232,1,0xC,0xC,1,1,5386,27382,0.164367675781
26,32768,2,0x7F077B491951EF5B,0x8,0x8,1774,1985,211,1,0x0,0x0,1,1,5305,27463,0.161895751953
26,32768,3,0x7F077B491951EF5B,0x8,0xF,1676,1983,307,1,0x7,0x7,1,1,5563,27205,0.169769287109
26,32768,4,0x7F077B491951EF5B,0x8,0x7,1712,2023,311,1,0xF,0xF,1,1,5492,27276,0.167602539062
26,32768,5,0x7F077B491951EF5B,0x8,0xA,1710,2005,295,1,0x2,0x2,1,1,5395,27373,0.164642333984
26,32768,6,0x7F077B491951EF5B,0x8,0x0,1707,1983,276,1,0x8,0x8,1,1,5290,27478,0.161437988281
26,32768,7,0x7F077B491951EF5B,0x8,0xF,1793,2010,217,1,0x7,0x7,1,1,5279,27489,0.161102294922
27,512,0,0x93C72C2346761AE1,0xA,0x4,23,25,2,2,0x0,0x0,0,0,86,426,0.167968750000
27,512,1,0x93C72C2346761AE1,0xA,0x8,21,26,5,1,0x2,0x2,1,1,97,415,0.189453125000
27,512,2,0x93C72C2346761AE1,0xA,0x6,22,25,3,1,0xC,0x2,1,0,84,428,0.164062500000
27,512,3,0x93C72C2346761AE1,0xA,0xE,18,24,6,1,0x4,0x4,1,1,86,426,0.167968750000
27,512,4,0x93C72C2346761AE1,0xA,0x3,24,25,1,1,0x9,0x2,1,0,73,439,0.142578125000
27,512,5,0x93C72C2346761AE1,0xA,0x4,24,25,1,1,0xE,0xB,1,0,86,426,0.167968750000
27,512,6,0x93C72C2346761AE1,0xA,0x1,24,26,2,2,0x0,0x7,0,0,87,425,0.169921875000
27,512,7,0x93C72C2346761AE1,0xA,0x2,23,24,1,1,0x8,0x6,1,0,77,435,0.150390625000
27,1024,0,0x93C72C2346761AE1,0xA,0xA,43,49,6,1,0x0,0x0,1,1,166,858,0.162109375000
27,1024,1,0x93C72C2346761AE1,0xA,0xB,55,57,2,1,0x1,0x2,1,0,179,845,0.174804687500
27,1024,2,0x93C72C2346761AE1,0xA,0x6,48,51,3,1,0xC,0x2,1,0,172,852,0.167968750000
27,1024,3,0x93C72C2346761AE1,0xA,0xE,45,56,11,1,0x4,0x4,1,1,166,858,0.162109375000
27,1024,4,0x93C72C2346761AE1,0xA,0x7,54,55,1,2,0x0,0x2,0,0,153,871,0.149414062500
27,1024,5,0x93C72C2346761AE1,0xA,0x4,52,53,1,2,0x0,0xB,0,0,184,840,0.179687500000
27,1024,6,0x93C72C2346761AE1,0xA,0xB,54,56,2,1,0x1,0x7,1,0,167,857,0.163085937500
27,1024,7,0x93C72C2346761AE1,0xA,0xC,45,48,3,1,0x6,0x6,1,1,163,861,0.159179687500
27,1536,0,0x93C72C2346761AE1,0xA,0xA,69,77,8,1,0x0,0x0,1,1,248,1288,0.161458333333
27,1536,1,0x93C72C2346761AE1,0xA,0x8,88,89,1,2,0x0,0x2,0,0,269,1267,0.175130208333
27,1536,2,0x93C72C2346761AE1,0xA,0x8,81,82,1,1,0x2,0x2,1,1,256,1280,0.166666666667
27,1536,3,0x93C72C2346761AE1,0xA,0xE,77,79,2,1,0x4,0x4,1,1,238,1298,0.154947916667
27,1536,4,0x93C72C2346761AE1,0xA,0x8,79,84,5,1,0x2,0x2,1,1,226,1310,0.147135416667
27,1536,5,0x93C72C2346761AE1,0xA,0x4,76,89,13,1,0xE,0xB,1,0,258,1278,0.167968750000
27,1536,6,0x93C72C2346761AE1,0xA,0x1,81,89,8,1,0xB,0x7,1,0,258,1278,0.167968750000
27,1536,7,0x93C72C2346761AE1,0xA,0x2,72,80,8,1,0x8,0x6,1,0,231,1305,0.150390625000
27,2048,0,0x93C72C2346761AE1,0xA,0xA,89,107,18,1,0x0,0x0,1,1,346,1702,0.168945312500
27,2048,1,0x93C72C2346761AE1,0xA,0xA,113,121,8,2,0x0,0x2,0,0,358,1690,0.174804687500
27,2048,2,0x93C72C2346761AE1,0xA,0x1,111,112,1,1,0xB,0x2,1,0,348,1700,0.169921875000
27,2048,3,0x93C72C2346761AE1,0xA,0xE,101,106,5,1,0x4,0x4,1,1,315,1733,0.153808593750
27,2048,4,0x93C72C2346761AE1,0xA,0x8,108,111,3,1,0x2,0x2,1,1,313,1735,0.152832031250
27,2048,5,0x93C72C2346761AE1,0xA,0x4,106,115,9,1,0xE,0xB,1,0,344,1704,0.167968750000
27,2048,6,0x93C72C2346761AE1,0xA,0x1,114,119,5,1,0xB,0x7,1,0,349,1699,0.170410156250
27,2048,7,0x93C72C2346761AE1,0xA,0xC,105,111,6,1,0x6,0x6,1,1,320,1728,0.156250000000
27,3072,0,0x93C72C2346761AE1,0xA,0xA,137,166,29,1,0x0,0x0,1,1,507,2565,0.165039062500
27,3072,1,0x93C72C2346761AE1,0xA,0xA,159,172,13,1,0x0,0x2,1,0,534,2538,0.173828125000
27,3072,2,0x93C72C2346761AE1,0xA,0x8,172,173,1,1,0x2,0x2,1,1,522,2550,0.169921875000
27,3072,3,0x93C72C2346761AE1,0xA,0xE,146,168,22,1,0x4,0x4,1,1,479,2593,0.155924479167
27,3072,4,0x93C72C2346761AE1,0xA,0x8,161,172,11,1,0x2,0x2,1,1,472,2600,0.153645833333
27,3072,5,0x93C72C2346761AE1,0xA,0x1,171,173,2,1,0xB,0xB,1,1,524,2548,0.170572916667
27,3072,6,0x93C72C2346761AE1,0xA,0x2,174,180,6,2,0x0,0x7,0,0,507,2565,0.165039062500
27,3072,7,0x93C72C2346761AE1,0xA,0xC,144,168,24,1,0x6,0x6,1,1,489,2583,0.159179687500
27,4096,0,0x93C72C2346761AE1,0xA,0xA,190,231,41,1,0x0,0x0,1,1,676,3420,0.165039062500
27,4096,1,0x93C72C2346761AE1,0xA,0xB,228,231,3,1,0x1,0x2,1,0,710,3386,0.173339843750
27,4096,2,0x93C72C2346761AE1,0xA,0x8,227,236,9,2,0x0,0x2,0,0,678,3418,0.165527343750
27,4096,3,0x93C72C2346761AE1,0xA,0xE,210,234,24,1,0x4,0x4,1,1,636,3460,0.155273437500
27,4096,4,0x93C72C2346761AE1,0xA,0x8,203,239,36,1,0x2,0x2,1,1,662,3434,0.161621093750
27,4096,5,0x93C72C2346761AE1,0xA,0x1,231,236,5,2,0x0,0xB,0,0,694,3402,0.169433593750
27,4096,6,0x93C72C2346761AE1,0xA,0xD,227,236,9,1,0x7,0x7,1,1,680,3416,0.166015625000
27,4096,7,0x93C72C2346761AE1,0xA,0xC,204,231,27,1,0x6,0x6,1,1,648,3448,0.158203125000
27,6144,0,0x93C72C2346761AE1,0xA,0xA,298,344,46,1,0x0,0x0,1,1,1014,5130,0.165039062500
27,6144,1,0x93C72C2346761AE1,0xA,0xB,337,353,16,1,0x1,0x2,1,0,1033,5111,0.168131510417
27,6144,2,0x93C72C2346761AE1,0xA,0x8,332,349,17,1,0x2,0x2,1,1,1018,5126,0.165690104167
27,6144,3,0x93C72C2346761AE1,0xA,0xE,296,359,63,1,0x4,0x4,1,1,969,5175,0.157714843750
27,6144,4,0x93C72C2346761AE1,0xA,0x8,318,355,37,1,0x2,0x2,1,1,988,5156,0.160807291667
27,6144,5,0x93C72C2346761AE1,0xA,0x1,345,358,13,1,0xB,0xB,1,1,1049,5095,0.170735677083
27,6144,6,0x93C72C2346761AE1,0xA,0xD,319,356,37,1,0x7,0x7,1,1,1005,5139,0.163574218750
27,6144,7,0x93C72C2346761AE1,0xA,0xC,316,356,40,1,0x6,0x6,1,1,1007,5137,0.163899739583
27,8192,0,0x93C72C2346761AE1,0xA,0xA,405,470,65,1,0x0,0x0,1,1,1346,6846,0.164306640625
27,8192,1,0x93C72C2346761AE1,0xA,0x8,455,482,27,2,0x0,0x2,0,0,1387,6805,0.169311523438
27,8192,2,0x93C72C2346761AE1,0xA,0x8,428,474,46,1,0x2,0x2,1,1,1351,6841,0.164916992188
27,8192,3,0x93C72C2346761AE1,0xA,0xE,401,477,76,1,0x4,0x4,1,1,1282,6910,0.156494140625
27,8192,4,0x93C72C2346761AE1,0xA,0x8,426,468,42,1,0x2,0x2,1,1,1324,6868,0.161621093750
27,8192,5,0x93C72C2346761AE1,0xA,0x1,449,476,27,1,0xB,0xB,1,1,1393,6799,0.170043945312
27,8192,6,0x93C72C2346761AE1,0xA,0xD,439,481,42,1,0x7,0x7,1,1,1344,6848,0.164062500000
27,8192,7,0x93C72C2346761AE1,0xA,0xC,423,479,56,1,0x6,0x6,1,1,1374,6818,0.167724609375
27,12288,0,0x93C72C2346761AE1,0xA,0xA,609,753,144,1,0x0,0x0,1,1,1992,10296,0.162109375000
27,12288,1,0x93C72C2346761AE1,0xA,0x8,654,708,54,1,0x2,0x2,1,1,2050,10238,0.166829427083
27,12288,2,0x93C72C2346761AE1,0xA,0x8,647,715,68,1,0x2,0x2,1,1,2010,10278,0.163574218750
27,12288,3,0x93C72C2346761AE1,0xA,0xE,599,745,146,1,0x4,0x4,1,1,1940,10348,0.157877604167
27,12288,4,0x93C72C2346761AE1,0xA,0x8,633,721,88,1,0x2,0x2,1,1,1988,10300,0.161783854167
27,12288,5,0x93C72C2346761AE1,0xA,0x1,671,728,57,1,0xB,0xB,1,1,2062,10226,0.167805989583
27,12288,6,0x93C72C2346761AE1,0xA,0xD,655,737,82,1,0x7,0x7,1,1,1992,10296,0.162109375000
27,12288,7,0x93C72C2346761AE1,0xA,0xC,641,742,101,1,0x6,0x6,1,1,2043,10245,0.166259765625
27,16384,0,0x93C72C2346761AE1,0xA,0xA,819,1003,184,1,0x0,0x0,1,1,2652,13732,0.161865234375
27,16384,1,0x93C72C2346761AE1,0xA,0x8,856,947,91,1,0x2,0x2,1,1,2739,13645,0.167175292969
27,16384,2,0x93C72C2346761AE1,0xA,0x8,874,949,75,1,0x2,0x2,1,1,2676,13708,0.163330078125
27,16384,3,0x93C72C2346761AE1,0xA,0xE,823,989,166,1,0x4,0x4,1,1,2557,13827,0.156066894531
27,16384,4,0x93C72C2346761AE1,0xA,0x8,839,979,140,1,0x2,0x2,1,1,2675,13709,0.163269042969
27,16384,5,0x93C72C2346761AE1,0xA,0x1,874,988,114,1,0xB,0xB,1,1,2724,13660,0.166259765625
27,16384,6,0x93C72C2346761AE1,0xA,0xD,870,1005,135,1,0x7,0x7,1,1,2663,13721,0.162536621094
27,16384,7,0x93C72C2346761AE1,0xA,0xC,837,999,162,1,0x6,0x6,1,1,2715,13669,0.165710449219
27,24576,0,0x93C72C2346761AE1,0xA,0xA,1229,1469,240,1,0x0,0x0,1,1,4086,20490,0.166259765625
27,24576,1,0x93C72C2346761AE1,0xA,0x8,1300,1473,173,1,0x2,0x2,1,1,4079,20497,0.165974934896
27,24576,2,0x93C72C2346761AE1,0xA,0x8,1292,1474,182,1,0x2,0x2,1,1,4010,20566,0.163167317708
27,24576,3,0x93C72C2346761AE1,0xA,0xE,1247,1485,238,1,0x4,0x4,1,1,3922,20654,0.159586588542
27,24576,4,0x93C72C2346761AE1,0xA,0x8,1267,1481,214,1,0x2,0x2,1,1,3995,20581,0.162556966146
27,24576,5,0x93C72C2346761AE1,0xA,0x1,1302,1505,203,1,0xB,0xB,1,1,4104,20472,0.166992187500
27,24576,6,0x93C72C2346761AE1,0xA,0xD,1300,1495,195,1,0x7,0x7,1,1,4031,20545,0.164021809896
27,24576,7,0x93C72C2346761AE1,0xA,0xC,1274,1500,226,1,0x6,0x6,1,1,4073,20503,0.165730794271
27,32768,0,0x93C72C2346761AE1,0xA,0xA,1660,1991,331,1,0x0,0x0,1,1,5443,27325,0.166107177734
27,32768,1,0x93C72C2346761AE1,0xA,0x8,1744,1964,220,1,0x2,0x2,1,1,5437,27331,0.165924072266
27,32768,2,0x93C72C2346761AE1,0xA,0x8,1711,1988,277,1,0x2,0x2,1,1,5308,27460,0.161987304688
27,32768,3,0x93C72C2346761AE1,0xA,0xE,1688,1976,288,1,0x4,0x4,1,1,5279,27489,0.161102294922
27,32768,4,0x93C72C2346761AE1,0xA,0x8,1685,1960,275,1,0x2,0x2,1,1,5338,27430,0.162902832031
27,32768,5,0x93C72C2346761AE1,0xA,0x1,1763,1999,236,1,0xB,0xB,1,1,5439,27329,0.165985107422
27,32768,6,0x93C72C2346761AE1,0xA,0xD,1786,2000,214,1,0x7,0x7,1,1,5335,27433,0.162811279297
27,32768,7,0x93C72C2346761AE1,0xA,0xC,1732,1978,246,1,0x6,0x6,1,1,5381,27387,0.164215087891
28,512,0,0x632ED7E1B7EFA2F2,0x7,0x6,21,24,3,1,0x1,0x1,1,1,92,420,0.179687500000
28,512,1,0x632ED7E1B7EFA2F2,0x7,0xD,19,27,8,1,0xA,0x4,1,0,69,443,0.134765625000
28,512,2,0x632ED7E1B7EFA2F2,0x7,0x0,17,23,6,1,0x7,0xF,1,0,87,425,0.169921875000
28,512,3,0x632ED7E1B7EFA2F2,0x7,0x7,25,28,3,2,0x0,0x0,0,0,74,438,0.144531250000
28,512,4,0x632ED7E1B7EFA2F2,0x7,0x4,20,21,1,1,0x3,0x2,1,0,89,423,0.173828125000
28,512,5,0x632ED7E1B7EFA2F2,0x7,0x7,16,24,8,1,0x0,0x0,1,1,71,441,0.138671875000
28,512,6,0x632ED7E1B7EFA2F2,0x7,0xE,22,26,4,1,0x9,0xA,1,0,89,423,0.173828125000
28,512,7,0x632ED7E1B7EFA2F2,0x7,0xD,20,22,2,1,0xA,0xA,1,1,78,434,0.152343750000
28,1024,0,0x632ED7E1B7EFA2F2,0x7,0x6,48,51,3,1,0x1,0x1,1,1,177,847,0.172851562500
28,1024,1,0x632ED7E1B7EFA2F2,0x7,0x6,54,55,1,1,0x1,0x4,1,0,153,871,0.149414062500
28,1024,2,0x632ED7E1B7EFA2F2,0x7,0x0,41,53,12,1,0x7,0xF,1,0,179,845,0.174804687500
28,1024,3,0x632ED7E1B7EFA2F2,0x7,0x1,54,56,2,1,0x6,0x0,1,0,161,863,0.157226562500
28,1024,4,0x632ED7E1B7EFA2F2,0x7,0x3,50,55,5,2,0x0,0x2,0,0,171,853,0.166992187500
28,1024,5,0x632ED7E1B7EFA2F2,0x7,0x7,41,55,14,1,0x0,0x0,1,1,160,864,0.156250000000
28,1024,6,0x632ED7E1B7EFA2F2,0x7,0xE,50,55,5,1,0x9,0xA,1,0,168,856,0.164062500000
28,1024,7,0x632ED7E1B7EFA2F2,0x7,0xC,44,50,6,1,0xB,0xA,1,0,170,854,0.166015625000
28,1536,0,0x632ED7E1B7EFA2F2,0x7,0x2,79,81,2,1,0x5,0x1,1,0,260,1276,0.169270833333
28,1536,1,0x632ED7E1B7EFA2F2,0x7,0x3,74,79,5,1,0x4,0x4,1,1,264,1272,0.171875000000
28,1536,2,0x632ED7E1B7EFA2F2,0x7,0x8,77,79,2,1,0xF,0xF,1,1,268,1268,0.174479166667
28,1536,3,0x632ED7E1B7EFA2F2,0x7,0x1,80,83,3,1,0x6,0x0,1,0,248,1288,0.161458333333
28,1536,4,0x632ED7E1B7EFA2F2,0x7,0x5,80,82,2,1,0x2,0x2,1,1,258,1278,0.167968750000
28,1536,5,0x632ED7E1B7EFA2F2,0x7,0x7,67,89,22,1,0x0,0x0,1,1,235,1301,0.152994791667
28,1536,6,0x632ED7E1B7EFA2F2,0x7,0xD,79,85,6,1,0xA,0xA,1,1,261,1275,0.169921875000
28,1536,7,0x632ED7E1B7EFA2F2,0x7,0xC,70,71,1,1,0xB,0xA,1,0,265,1271,0.172526041667
28,2048,0,0x632ED7E1B7EFA2F2,0x7,0x6,108,112,4,1,0x1,0x1,1,1,354,1694,0.172851562500
28,2048,1,0x632ED7E1B7EFA2F2,0x7,0x3,100,114,14,1,0x4,0x4,1,1,326,1722,0.159179687500
28,2048,2,0x632ED7E1B7EFA2F2,0x7,0xD,109,114,5,1,0xA,0xF,1,0,333,1715,0.162597656250
28,2048,3,0x632ED7E1B7EFA2F2,0x7,0x9,110,113,3,1,0xE,0x0,1,0,326,1722,0.159179687500
28,2048,4,0x632ED7E1B7EFA2F2,0x7,0x5,106,116,10,1,0x2,0x2,1,1,351,1697,0.171386718750
28,2048,5,0x632ED7E1B7EFA2F2,0x7,0x7,94,113,19,1,0x0,0x0,1,1,313,1735,0.152832031250
28,2048,6,0x632ED7E1B7EFA2F2,0x7,0xD,107,116,9,1,0xA,0xA,1,1,341,1707,0.166503906250
28,2048,7,0x632ED7E1B7EFA2F2,0x7,0xC,101,102,1,1,0xB,0xA,1,0,344,1704,0.167968750000
28,3072,0,0x632ED7E1B7EFA2F2,0x7,0x6,147,175,28,1,0x1,0x1,1,1,542,2530,0.176432291667
28,3072,1,0x632ED7E1B7EFA2F2,0x7,0x3,150,180,30,1,0x4,0x4,1,1,515,2557,0.167643229167
28,3072,2,0x632ED7E1B7EFA2F2,0x7,0xD,160,169,9,1,0xA,0xF,1,0,486,2586,0.158203125000
28,3072,3,0x632ED7E1B7EFA2F2,0x7,0x9,163,169,6,1,0xE,0x0,1,0,475,2597,0.154622395833
28,3072,4,0x632ED7E1B7EFA2F2,0x7,0x5,163,170,7,1,0x2,0x2,1,1,533,2539,0.173502604167
28,3072,5,0x632ED7E1B7EFA2F2,0x7,0x7,153,174,21,1,0x0,0x0,1,1,494,2578,0.160807291667
28,3072,6,0x632ED7E1B7EFA2F2,0x7,0xD,162,168,6,1,0xA,0xA,1,1,524,2548,0.170572916667
28,3072,7,0x632ED7E1B7EFA2F2,0x7,0xD,152,154,2,1,0xA,0xA,1,1,522,2550,0.169921875000
28,4096,0,0x632ED7E1B7EFA2F2,0x7,0x6,207,236,29,1,0x1,0x1,1,1,701,3395,0.171142578125
28,4096,1,0x632ED7E1B7EFA2F2,0x7,0x3,205,233,28,1,0x4,0x4,1,1,677,3419,0.165283203125
28,4096,2,0x632ED7E1B7EFA2F2,0x7,0x8,212,218,6,1,0xF,0xF,1,1,668,3428,0.163085937500
28,4096,3,0x632ED7E1B7EFA2F2,0x7,0x7,220,241,21,1,0x0,0x0,1,1,627,3469,0.153076171875
28,4096,4,0x632ED7E1B7EFA2F2,0x7,0x5,204,223,19,1,0x2,0x2,1,1,700,3396,0.170898437500
28,4096,5,0x632ED7E1B7EFA2F2,0x7,0x7,204,242,38,1,0x0,0x0,1,1,662,3434,0.161621093750
28,4096,6,0x632ED7E1B7EFA2F2,0x7,0xD,205,241,36,1,0xA,0xA,1,1,690,3406,0.168457031250
28,4096,7,0x632ED7E1B7EFA2F2,0x7,0xD,208,211,3,1,0xA,0xA,1,1,696,3400,0.169921875000
28,6144,0,0x632ED7E1B7EFA2F2,0x7,0x6,306,352,46,1,0x1,0x1,1,1,1030,5114,0.167643229167
28,6144,1,0x632ED7E1B7EFA2F2,0x7,0x3,333,364,31,1,0x4,0x4,1,1,977,5167,0.159016927083
28,6144,2,0x632ED7E1B7EFA2F2,0x7,0x8,310,354,44,1,0xF,0xF,1,1,1010,5134,0.164388020833
28,6144,3,0x632ED7E1B7EFA2F2,0x7,0x7,333,365,32,1,0x0,0x0,1,1,950,5194,0.154622395833
28,6144,4,0x632ED7E1B7EFA2F2,0x7,0x5,297,359,62,1,0x2,0x2,1,1,1032,5112,0.167968750000
28,6144,5,0x632ED7E1B7EFA2F2,0x7,0x7,320,360,40,1,0x0,0x0,1,1,998,5146,0.162434895833
28,6144,6,0x632ED7E1B7EFA2F2,0x7,0xD,323,339,16,1,0xA,0xA,1,1,1042,5102,0.169596354167
28,6144,7,0x632ED7E1B7EFA2F2,0x7,0xD,323,335,12,1,0xA,0xA,1,1,1037,5107,0.168782552083
28,8192,0,0x632ED7E1B7EFA2F2,0x7,0x6,406,472,66,1,0x1,0x1,1,1,1389,6803,0.169555664062
28,8192,1,0x632ED7E1B7EFA2F2,0x7,0x3,430,485,55,1,0x4,0x4,1,1,1305,6887,0.159301757812
28,8192,2,0x632ED7E1B7EFA2F2,0x7,0x8,420,479,59,1,0xF,0xF,1,1,1335,6857,0.162963867188
28,8192,3,0x632ED7E1B7EFA2F2,0x7,0x7,430,485,55,1,0x0,0x0,1,1,1275,6917,0.155639648438
28,8192,4,0x632ED7E1B7EFA2F2,0x7,0x5,415,479,64,1,0x2,0x2,1,1,1376,6816,0.167968750000
28,8192,5,0x632ED7E1B7EFA2F2,0x7,0x7,429,480,51,1,0x0,0x0,1,1,1336,6856,0.163085937500
28,8192,6,0x632ED7E1B7EFA2F2,0x7,0xD,422,464,42,1,0xA,0xA,1,1,1375,6817,0.167846679688
28,8192,7,0x632ED7E1B7EFA2F2,0x7,0xD,428,455,27,1,0xA,0xA,1,1,1345,6847,0.164184570312
28,12288,0,0x632ED7E1B7EFA2F2,0x7,0x6,608,737,129,1,0x1,0x1,1,1,2078,10210,0.169108072917
28,12288,1,0x632ED7E1B7EFA2F2,0x7,0x3,667,712,45,1,0x4,0x4,1,1,2024,10264,0.164713541667
28,12288,2,0x632ED7E1B7EFA2F2,0x7,0x8,623,729,106,1,0xF,0xF,1,1,1987,10301,0.161702473958
28,12288,3,0x632ED7E1B7EFA2F2,0x7,0x7,632,731,99,1,0x0,0x0,1,1,1939,10349,0.157796223958
28,12288,4,0x632ED7E1B7EFA2F2,0x7,0x5,630,729,99,1,0x2,0x2,1,1,2064,10224,0.167968750000
28,12288,5,0x632ED7E1B7EFA2F2,0x7,0x7,628,717,89,1,0x0,0x0,1,1,1987,10301,0.161702473958
28,12288,6,0x632ED7E1B7EFA2F2,0x7,0xD,625,725,100,1,0xA,0xA,1,1,2048,10240,0.166666666667
28,12288,7,0x632ED7E1B7EFA2F2,0x7,0xD,641,731,90,1,0xA,0xA,1,1,2066,10222,0.168131510417
28,16384,0,0x632ED7E1B7EFA2F2,0x7,0x6,812,992,180,1,0x1,0x1,1,1,2757,13627,0.168273925781
28,16384,1,0x632ED7E1B7EFA2F2,0x7,0x3,879,982,103,1,0x4,0x4,1,1,2739,13645,0.167175292969
28,16384,2,0x632ED7E1B7EFA2F2,0x7,0x8,822,990,168,1,0xF,0xF,1,1,2669,13715,0.162902832031
28,16384,3,0x632ED7E1B7EFA2F2,0x7,0x7,831,965,134,1,0x0,0x0,1,1,2583,13801,0.157653808594
28,16384,4,0x632ED7E1B7EFA2F2,0x7,0x5,834,979,145,1,0x2,0x2,1,1,2715,13669,0.165710449219
28,16384,5,0x632ED7E1B7EFA2F2,0x7,0x7,855,996,141,1,0x0,0x0,1,1,2668,13716,0.162841796875
28,16384,6,0x632ED7E1B7EFA2F2,0x7,0xD,832,989,157,1,0xA,0xA,1,1,2712,13672,0.165527343750
28,16384,7,0x632ED7E1B7EFA2F2,0x7,0xD,842,978,136,1,0xA,0xA,1,1,2768,13616,0.168945312500
28,24576,0,0x632ED7E1B7EFA2F2,0x7,0x6,1229,1472,243,1,0x1,0x1,1,1,4078,20498,0.165934244792
28,24576,1,0x632ED7E1B7EFA2F2,0x7,0x3,1317,1473,156,1,0x4,0x4,1,1,4087,20489,0.166300455729
28,24576,2,0x632ED7E1B7EFA2F2,0x7,0x8,1239,1511,272,1,0xF,0xF,1,1,4005,20571,0.162963867188
28,24576,3,0x632ED7E1B7EFA2F2,0x7,0x7,1269,1482,213,1,0x0,0x0,1,1,3918,20658,0.159423828125
28,24576,4,0x632ED7E1B7EFA2F2,0x7,0x5,1259,1452,193,1,0x2,0x2,1,1,4078,20498,0.165934244792
28,24576,5,0x632ED7E1B7EFA2F2,0x7,0x7,1323,1504,181,1,0x0,0x0,1,1,3986,20590,0.162190755208
28,24576,6,0x632ED7E1B7EFA2F2,0x7,0xD,1280,1504,224,1,0xA,0xA,1,1,4039,20537,0.164347330729
28,24576,7,0x632ED7E1B7EFA2F2,0x7,0xD,1284,1491,207,1,0xA,0xA,1,1,4068,20508,0.165527343750
28,32768,0,0x632ED7E1B7EFA2F2,0x7,0x6,1643,1985,342,1,0x1,0x1,1,1,5411,27357,0.165130615234
28,32768,1,0x632ED7E1B7EFA2F2,0x7,0x3,1713,1970,257,1,0x4,0x4,1,1,5457,27311,0.166534423828
28,32768,2,0x632ED7E1B7EFA2F2,0x7,0x8,1679,2018,339,1,0xF,0xF,1,1,5379,27389,0.164154052734
28,32768,3,0x632ED7E1B7EFA2F2,0x7,0x7,1669,2015,346,1,0x0,0x0,1,1,5317,27451,0.162261962891
28,32768,4,0x632ED7E1B7EFA2F2,0x7,0x5,1667,1943,276,1,0x2,0x2,1,1,5406,27362,0.164978027344
28,32768,5,0x632ED7E1B7EFA2F2,0x7,0x7,1706,2011,305,1,0x0,0x0,1,1,5330,27438,0.162658691406
28,32768,6,0x632ED7E1B7EFA2F2,0x7,0xD,1715,1997,282,1,0xA,0xA,1,1,5355,27413,0.163421630859
28,32768,7,0x632ED7E1B7EFA2F2,0x7,0xD,1705,1983,278,1,0xA,0xA,1,1,5435,27333,0.165863037109
29,512,0,0xED41C93AED48D244,0xE,0xD,19,27,8,1,0x3,0x3,1,1,96,416,0.187500000000
29,512,1,0xED41C93AED48D244,0xE,0x1,19,23,4,1,0xF,0xF,1,1,89,423,0.173828125000
29,512,2,0xED41C93AED48D244,0xE,0x1,17,21,4,1,0xF,0xF,1,1,84,428,0.164062500000
29,512,3,0xED41C93AED48D244,0xE,0x8,27,28,1,1,0x6,0x0,1,0,79,433,0.154296875000
29,512,4,0xED41C93AED48D244,0xE,0x2,22,25,3,1,0xC,0x2,1,0,82,430,0.160156250000
29,512,5,0xED41C93AED48D244,0xE,0x5,24,26,2,1,0xB,0x1,1,0,72,440,0.140625000000
29,512,6,0xED41C93AED48D244,0xE,0x2,24,25,1,1,0xC,0x0,1,0,97,415,0.189453125000
29,512,7,0xED41C93AED48D244,0xE,0x1,22,25,3,1,0xF,0x7,1,0,75,437,0.146484375000
29,1024,0,0xED41C93AED48D244,0xE,0xD,46,54,8,1,0x3,0x3,1,1,183,841,0.178710937500
29,1024,1,0xED41C93AED48D244,0xE,0xE,39,47,8,1,0x0,0xF,1,0,155,869,0.151367187500
29,1024,2,0xED41C93AED48D244,0xE,0x1,46,51,5,1,0xF,0xF,1,1,164,860,0.160156250000
29,1024,3,0xED41C93AED48D244,0xE,0xE,53,54,1,1,0x0,0x0,1,1,148,876,0.144531250000
29,1024,4,0xED41C93AED48D244,0xE,0x1,47,49,2,1,0xF,0x2,1,0,165,859,0.161132812500
29,1024,5,0xED41C93AED48D244,0xE,0xF,48,50,2,1,0x1,0x1,1,1,159,865,0.155273437500
29,1024,6,0xED41C93AED48D244,0xE,0x8,52,54,2,1,0x6,0x0,1,0,181,843,0.176757812500
29,1024,7,0xED41C93AED48D244,0xE,0x1,45,50,5,1,0xF,0x7,1,0,156,868,0.152343750000
29,1536,0,0xED41C93AED48D244,0xE,0xD,78,83,5,1,0x3,0x3,1,1,266,1270,0.173177083333
29,1536,1,0xED41C93AED48D244,0xE,0x1,78,81,3,1,0xF,0xF,1,1,237,1299,0.154296875000
29,1536,2,0xED41C93AED48D244,0xE,0x2,77,79,2,1,0xC,0xF,1,0,246,1290,0.160156250000
29,1536,3,0xED41C93AED48D244,0xE,0x8,78,85,7,1,0x6,0x0,1,0,235,1301,0.152994791667
29,1536,4,0xED41C93AED48D244,0xE,0xC,74,80,6,1,0x2,0x2,1,1,258,1278,0.167968750000
29,1536,5,0xED41C93AED48D244,0xE,0xF,71,73,2,1,0x1,0x1,1,1,256,1280,0.166666666667
29,1536,6,0xED41C93AED48D244,0xE,0x8,73,80,7,1,0x6,0x0,1,0,270,1266,0.175781250000
29,1536,7,0xED41C93AED48D244,0xE,0x1,72,74,2,1,0xF,0x7,1,0,231,1305,0.150390625000
29,2048,0,0xED41C93AED48D244,0xE,0xD,93,120,27,1,0x3,0x3,1,1,347,1701,0.169433593750
29,2048,1,0xED41C93AED48D244,0xE,0x1,100,110,10,1,0xF,0xF,1,1,330,1718,0.161132812500
29,2048,2,0xED41C93AED48D244,0xE,0x1,106,113,7,1,0xF,0xF,1,1,326,1722,0.159179687500
29,2048,3,0xED41C93AED48D244,0xE,0x8,104,118,14,1,0x6,0x0,1,0,301,1747,0.146972656250
29,2048,4,0xED41C93AED48D244,0xE,0xC,106,113,7,1,0x2,0x2,1,1,341,1707,0.166503906250
29,2048,5,0xED41C93AED48D244,0xE,0xF,95,97,2,1,0x1,0x1,1,1,342,1706,0.166992187500
29,2048,6,0xED41C93AED48D244,0xE,0x8,98,105,7,1,0x6,0x0,1,0,347,1701,0.169433593750
29,2048,7,0xED41C93AED48D244,0xE,0x7,107,110,3,2,0x0,0x7,0,0,317,1731,0.154785156250
29,3072,0,0xED41C93AED48D244,0xE,0xD,150,172,22,1,0x3,0x3,1,1,513,2559,0.166992187500
29,3072,1,0xED41C93AED48D244,0xE,0x1,147,154,7,1,0xF,0xF,1,1,503,2569,0.163736979167
29,3072,2,0xED41C93AED48D244,0xE,0x1,162,176,14,1,0xF,0xF,1,1,512,2560,0.166666666667
29,3072,3,0xED41C93AED48D244,0xE,0xA,170,171,1,1,0x4,0x0,1,0,451,2621,0.146809895833
29,3072,4,0xED41C93AED48D244,0xE,0xC,152,169,17,1,0x2,0x2,1,1,510,2562,0.166015625000
29,3072,5,0xED41C93AED48D244,0xE,0xF,150,164,14,1,0x1,0x1,1,1,497,2575,0.161783854167
29,3072,6,0xED41C93AED48D244,0xE,0x8,162,165,3,1,0x6,0x0,1,0,512,2560,0.166666666667
29,3072,7,0xED41C93AED48D244,0xE,0x9,157,171,14,1,0x7,0x7,1,1,472,2600,0.153645833333
29,4096,0,0xED41C93AED48D244,0xE,0xD,204,232,28,1,0x3,0x3,1,1,666,3430,0.162597656250
29,4096,1,0xED41C93AED48D244,0xE,0x1,208,218,10,1,0xF,0xF,1,1,685,3411,0.167236328125
29,4096,2,0xED41C93AED48D244,0xE,0xF,233,237,4,1,0x1,0xF,1,0,677,3419,0.165283203125
29,4096,3,0xED41C93AED48D244,0xE,0xE,227,229,2,1,0x0,0x0,1,1,627,3469,0.153076171875
29,4096,4,0xED41C93AED48D244,0xE,0xC,200,229,29,1,0x2,0x2,1,1,649,3447,0.158447265625
29,4096,5,0xED41C93AED48D244,0xE,0xF,198,229,31,1,0x1,0x1,1,1,684,3412,0.166992187500
29,4096,6,0xED41C93AED48D244,0xE,0xE,224,230,6,1,0x0,0x0,1,1,661,3435,0.161376953125
29,4096,7,0xED41C93AED48D244,0xE,0x9,212,230,18,1,0x7,0x7,1,1,643,3453,0.156982421875
29,6144,0,0xED41C93AED48D244,0xE,0xD,313,361,48,1,0x3,0x3,1,1,1025,5119,0.166829427083
29,6144,1,0xED41C93AED48D244,0xE,0x1,317,344,27,1,0xF,0xF,1,1,1036,5108,0.168619791667
29,6144,2,0xED41C93AED48D244,0xE,0x1,345,361,16,1,0xF,0xF,1,1,1026,5118,0.166992187500
29,6144,3,0xED41C93AED48D244,0xE,0xE,319,370,51,1,0x0,0x0,1,1,966,5178,0.157226562500
29,6144,4,0xED41C93AED48D244,0xE,0xC,319,361,42,1,0x2,0x2,1,1,956,5188,0.155598958333
29,6144,5,0xED41C93AED48D244,0xE,0xF,305,348,43,1,0x1,0x1,1,1,1025,5119,0.166829427083
29,6144,6,0xED41C93AED48D244,0xE,0xE,306,361,55,1,0x0,0x0,1,1,1004,5140,0.163411458333
29,6144,7,0xED41C93AED48D244,0xE,0x9,322,355,33,1,0x7,0x7,1,1,980,5164,0.159505208333
29,8192,0,0xED41C93AED48D244,0xE,0xD,409,489,80,1,0x3,0x3,1,1,1356,6836,0.165527343750
29,8192,1,0xED41C93AED48D244,0xE,0x1,421,479,58,1,0xF,0xF,1,1,1369,6823,0.167114257812
29,8192,2,0xED41C93AED48D244,0xE,0x1,449,476,27,1,0xF,0xF,1,1,1352,6840,0.165039062500
29,8192,3,0xED41C93AED48D244,0xE,0xE,441,483,42,1,0x0,0x0,1,1,1284,6908,0.156738281250
29,8192,4,0xED41C93AED48D244,0xE,0xC,418,491,73,1,0x2,0x2,1,1,1280,6912,0.156250000000
29,8192,5,0xED41C93AED48D244,0xE,0xF,430,463,33,1,0x1,0x1,1,1,1368,6824,0.166992187500
29,8192,6,0xED41C93AED48D244,0xE,0xE,423,485,62,1,0x0,0x0,1,1,1337,6855,0.163208007812
29,8192,7,0xED41C93AED48D244,0xE,0x9,436,475,39,1,0x7,0x7,1,1,1316,6876,0.160644531250
29,12288,0,0xED41C93AED48D244,0xE,0xD,636,727,91,1,0x3,0x3,1,1,1981,10307,0.161214192708
29,12288,1,0xED41C93AED48D244,0xE,0x1,648,738,90,1,0xF,0xF,1,1,2028,10260,0.165039062500
29,12288,2,0xED41C93AED48D244,0xE,0x1,654,705,51,1,0xF,0xF,1,1,2028,10260,0.165039062500
29,12288,3,0xED41C93AED48D244,0xE,0xE,663,732,69,1,0x0,0x0,1,1,1954,10334,0.159016927083
29,12288,4,0xED41C93AED48D244,0xE,0xC,608,726,118,1,0x2,0x2,1,1,1956,10332,0.159179687500
29,12288,5,0xED41C93AED48D244,0xE,0xF,616,722,106,1,0x1,0x1,1,1,2070,10218,0.168457031250
29,12288,6,0xED41C93AED48D244,0xE,0xE,639,722,83,1,0x0,0x0,1,1,2032,10256,0.165364583333
29,12288,7,0xED41C93AED48D244,0xE,0x9,638,678,40,1,0x7,0x7,1,1,1983,10305,0.161376953125
29,16384,0,0xED41C93AED48D244,0xE,0xD,851,978,127,1,0x3,0x3,1,1,2637,13747,0.160949707031
29,16384,1,0xED41C93AED48D244,0xE,0x1,896,978,82,1,0xF,0xF,1,1,2690,13694,0.164184570312
29,16384,2,0xED41C93AED48D244,0xE,0x1,880,966,86,1,0xF,0xF,1,1,2688,13696,0.164062500000
29,16384,3,0xED41C93AED48D244,0xE,0xE,867,991,124,1,0x0,0x0,1,1,2631,13753,0.160583496094
29,16384,4,0xED41C93AED48D244,0xE,0xC,839,973,134,1,0x2,0x2,1,1,2674,13710,0.163208007812
29,16384,5,0xED41C93AED48D244,0xE,0xF,835,986,151,1,0x1,0x1,1,1,2739,13645,0.167175292969
29,16384,6,0xED41C93AED48D244,0xE,0xE,875,991,116,1,0x0,0x0,1,1,2672,13712,0.163085937500
29,16384,7,0xED41C93AED48D244,0xE,0x9,854,924,70,1,0x7,0x7,1,1,2651,13733,0.161804199219
29,24576,0,0xED41C93AED48D244,0xE,0xD,1277,1481,204,1,0x3,0x3,1,1,3898,20678,0.158610026042
29,24576,1,0xED41C93AED48D244,0xE,0x1,1344,1456,112,1,0xF,0xF,1,1,3997,20579,0.162638346354
29,24576,2,0xED41C93AED48D244,0xE,0x1,1345,1462,117,1,0xF,0xF,1,1,4030,20546,0.163981119792
29,24576,3,0xED41C93AED48D244,0xE,0xE,1292,1502,210,1,0x0,0x0,1,1,3978,20598,0.161865234375
29,24576,4,0xED41C93AED48D244,0xE,0xC,1267,1499,232,1,0x2,0x2,1,1,3995,20581,0.162556966146
29,24576,5,0xED41C93AED48D244,0xE,0xF,1253,1515,262,1,0x1,0x1,1,1,4061,20515,0.165242513021
29,24576,6,0xED41C93AED48D244,0xE,0xE,1272,1499,227,1,0x0,0x0,1,1,3982,20594,0.162027994792
29,24576,7,0xED41C93AED48D244,0xE,0x9,1266,1439,173,1,0x7,0x7,1,1,4010,20566,0.163167317708
29,32768,0,0xED41C93AED48D244,0xE,0xD,1723,1991,268,1,0x3,0x3,1,1,5248,27520,0.160156250000
29,32768,1,0xED41C93AED48D244,0xE,0x1,1748,2005,257,1,0xF,0xF,1,1,5369,27399,0.163848876953
29,32768,2,0xED41C93AED48D244,0xE,0x1,1757,1957,200,1,0xF,0xF,1,1,5382,27386,0.164245605469
29,32768,3,0xED41C93AED48D244,0xE,0xE,1716,2008,292,1,0x0,0x0,1,1,5262,27506,0.160583496094
29,32768,4,0xED41C93AED48D244,0xE,0xC,1692,1961,269,1,0x2,0x2,1,1,5316,27452,0.162231445312
29,32768,5,0xED41C93AED48D244,0xE,0xF,1645,2004,359,1,0x1,0x1,1,1,5433,27335,0.165802001953
29,32768,6,0xED41C93AED48D244,0xE,0xE,1686,2022,336,1,0x0,0x0,1,1,5350,27418,0.163269042969
29,32768,7,0xED41C93AED48D244,0xE,0x9,1699,1976,277,1,0x7,0x7,1,1,5366,27402,0.163757324219
30,512,0,0x5BA7D679DF65B9C3,0xC,0x9,23,28,5,1,0x5,0x5,1,1,85,427,0.166015625000
30,512,1,0x5BA7D679DF65B9C3,0xC,0xB,22,28,6,1,0x7,0x5,1,0,81,431,0.158203125000
30,512,2,0x5BA7D679DF65B9C3,0xC,0x0,25,27,2,2,0x0,0x3,0,0,75,437,0.146484375000
30,512,3,0x5BA7D679DF65B9C3,0xC,0xD,20,26,6,1,0x1,0x8,1,0,75,437,0.146484375000
30,512,4,0x5BA7D679DF65B9C3,0xC,0x3,18,21,3,1,0xF,0xF,1,1,95,417,0.185546875000
30,512,5,0x5BA7D679DF65B9C3,0xC,0x1,23,24,1,1,0xD,0xE,1,0,95,417,0.185546875000
30,512,6,0x5BA7D679DF65B9C3,0xC,0xE,21,25,4,1,0x2,0xF,1,0,89,423,0.173828125000
30,512,7,0x5BA7D679DF65B9C3,0xC,0xB,25,27,2,1,0x7,0xF,1,0,94,418,0.183593750000
30,1024,0,0x5BA7D679DF65B9C3,0xC,0x9,49,53,4,1,0x5,0x5,1,1,165,859,0.161132812500
30,1024,1,0x5BA7D679DF65B9C3,0xC,0xB,54,55,1,1,0x7,0x5,1,0,155,869,0.151367187500
30,1024,2,0x5BA7D679DF65B9C3,0xC,0xF,48,53,5,1,0x3,0x3,1,1,178,846,0.173828125000
30,1024,3,0x5BA7D679DF65B9C3,0xC,0x3,51,56,5,1,0xF,0x8,1,0,174,850,0.169921875000
30,1024,4,0x5BA7D679DF65B9C3,0xC,0x3,41,52,11,1,0xF,0xF,1,1,178,846,0.173828125000
30,1024,5,0x5BA7D679DF65B9C3,0xC,0x2,54,55,1,1,0xE,0xE,1,1,170,854,0.166015625000
30,1024,6,0x5BA7D679DF65B9C3,0xC,0xF,48,49,1,1,0x3,0xF,1,0,177,847,0.172851562500
30,1024,7,0x5BA7D679DF65B9C3,0xC,0x3,54,56,2,1,0xF,0xF,1,1,182,842,0.177734375000
30,1536,0,0x5BA7D679DF65B9C3,0xC,0x9,74,75,1,1,0x5,0x5,1,1,257,1279,0.167317708333
30,1536,1,0x5BA7D679DF65B9C3,0xC,0x9,85,88,3,1,0x5,0x5,1,1,237,1299,0.154296875000
30,1536,2,0x5BA7D679DF65B9C3,0xC,0xF,62,83,21,1,0x3,0x3,1,1,281,1255,0.182942708333
30,1536,3,0x5BA7D679DF65B9C3,0xC,0x4,83,88,5,1,0x8,0x8,1,1,255,1281,0.166015625000
30,1536,4,0x5BA7D679DF65B9C3,0xC,0x3,69,84,15,1,0xF,0xF,1,1,253,1283,0.164713541667
30,1536,5,0x5BA7D679DF65B9C3,0xC,0x2,84,85,1,1,0xE,0xE,1,1,266,1270,0.173177083333
30,1536,6,0x5BA7D679DF65B9C3,0xC,0x3,74,78,4,1,0xF,0xF,1,1,261,1275,0.169921875000
30,1536,7,0x5BA7D679DF65B9C3,0xC,0x3,80,86,6,1,0xF,0xF,1,1,250,1286,0.162760416667
30,2048,0,0x5BA7D679DF65B9C3,0xC,0x1,105,107,2,1,0xD,0x5,1,0,344,1704,0.167968750000
30,2048,1,0x5BA7D679DF65B9C3,0xC,0x3,112,116,4,1,0xF,0x5,1,0,324,1724,0.158203125000
30,2048,2,0x5BA7D679DF65B9C3,0xC,0xF,92,114,22,1,0x3,0x3,1,1,366,1682,0.178710937500
30,2048,3,0x5BA7D679DF65B9C3,0xC,0x4,107,113,6,1,0x8,0x8,1,1,319,1729,0.155761718750
30,2048,4,0x5BA7D679DF65B9C3,0xC,0x3,107,108,1,1,0xF,0xF,1,1,338,1710,0.165039062500
30,2048,5,0x5BA7D679DF65B9C3,0xC,0x2,106,119,13,1,0xE,0xE,1,1,348,1700,0.169921875000
30,2048,6,0x5BA7D679DF65B9C3,0xC,0x3,97,111,14,1,0xF,0xF,1,1,358,1690,0.174804687500
30,2048,7,0x5BA7D679DF65B9C3,0xC,0x0,110,113,3,1,0xC,0xF,1,0,333,1715,0.162597656250
30,3072,0,0x5BA7D679DF65B9C3,0xC,0x9,165,177,12,1,0x5,0x5,1,1,494,2578,0.160807291667
30,3072,1,0x5BA7D679DF65B9C3,0xC,0x3,160,169,9,1,0xF,0x5,1,0,497,2575,0.161783854167
30,3072,2,0x5BA7D679DF65B9C3,0xC,0xF,154,171,17,1,0x3,0x3,1,1,534,2538,0.173828125000
30,3072,3,0x5BA7D679DF65B9C3,0xC,0x4,146,172,26,1,0x8,0x8,1,1,503,2569,0.163736979167
30,3072,4,0x5BA7D679DF65B9C3,0xC,0x3,152,172,20,1,0xF,0xF,1,1,514,2558,0.167317708333
30,3072,5,0x5BA7D679DF65B9C3,0xC,0x2,155,177,22,1,0xE,0xE,1,1,526,2546,0.171223958333
30,3072,6,0x5BA7D679DF65B9C3,0xC,0x3,154,170,16,1,0xF,0xF,1,1,535,2537,0.174153645833
30,3072,7,0x5BA7D679DF65B9C3,0xC,0xB,165,166,1,1,0x7,0xF,1,0,492,2580,0.160156250000
30,4096,0,0x5BA7D679DF65B9C3,0xC,0x9,211,230,19,1,0x5,0x5,1,1,679,3417,0.165771484375
30,4096,1,0x5BA7D679DF65B9C3,0xC,0x9,228,229,1,1,0x5,0x5,1,1,669,3427,0.163330078125
30,4096,2,0x5BA7D679DF65B9C3,0xC,0xF,217,228,11,1,0x3,0x3,1,1,694,3402,0.169433593750
30,4096,3,0x5BA7D679DF65B9C3,0xC,0x4,200,232,32,1,0x8,0x8,1,1,689,3407,0.168212890625
30,4096,4,0x5BA7D679DF65B9C3,0xC,0x3,202,234,32,1,0xF,0xF,1,1,688,3408,0.167968750000
30,4096,5,0x5BA7D679DF65B9C3,0xC,0x2,210,238,28,1,0xE,0xE,1,1,694,3402,0.169433593750
30,4096,6,0x5BA7D679DF65B9C3,0xC,0x3,214,228,14,1,0xF,0xF,1,1,695,3401,0.169677734375
30,4096,7,0x5BA7D679DF65B9C3,0xC,0x3,228,237,9,2,0x0,0xF,0,0,661,3435,0.161376953125
30,6144,0,0x5BA7D679DF65B9C3,0xC,0x9,348,364,16,1,0x5,0x5,1,1,1032,5112,0.167968750000
30,6144,1,0x5BA7D679DF65B9C3,0xC,0x9,331,348,17,1,0x5,0x5,1,1,1015,5129,0.165201822917
30,6144,2,0x5BA7D679DF65B9C3,0xC,0xF,326,336,10,1,0x3,0x3,1,1,1015,5129,0.165201822917
30,6144,3,0x5BA7D679DF65B9C3,0xC,0x4,316,349,33,1,0x8,0x8,1,1,1027,5117,0.167154947917
30,6144,4,0x5BA7D679DF65B9C3,0xC,0x3,315,360,45,1,0xF,0xF,1,1,1017,5127,0.165527343750
30,6144,5,0x5BA7D679DF65B9C3,0xC,0x2,312,369,57,1,0xE,0xE,1,1,988,5156,0.160807291667
30,6144,6,0x5BA7D679DF65B9C3,0xC,0x3,312,351,39,1,0xF,0xF,1,1,1046,5098,0.170247395833
30,6144,7,0x5BA7D679DF65B9C3,0xC,0x3,339,354,15,1,0xF,0xF,1,1,1008,5136,0.164062500000
30,8192,0,0x5BA7D679DF65B9C3,0xC,0x9,466,481,15,1,0x5,0x5,1,1,1373,6819,0.167602539062
30,8192,1,0x5BA7D679DF65B9C3,0xC,0x9,427,470,43,1,0x5,0x5,1,1,1337,6855,0.163208007812
30,8192,2,0x5BA7D679DF65B9C3,0xC,0xF,459,468,9,1,0x3,0x3,1,1,1352,6840,0.165039062500
30,8192,3,0x5BA7D679DF65B9C3,0xC,0x4,424,464,40,1,0x8,0x8,1,1,1350,6842,0.164794921875
30,8192,4,0x5BA7D679DF65B9C3,0xC,0x3,412,494,82,1,0xF,0xF,1,1,1343,6849,0.163940429688
30,8192,5,0x5BA7D679DF65B9C3,0xC,0x2,424,497,73,1,0xE,0xE,1,1,1310,6882,0.159912109375
30,8192,6,0x5BA7D679DF65B9C3,0xC,0x3,418,475,57,1,0xF,0xF,1,1,1355,6837,0.165405273438
30,8192,7,0x5BA7D679DF65B9C3,0xC,0x3,426,480,54,1,0xF,0xF,1,1,1342,6850,0.163818359375
30,12288,0,0x5BA7D679DF65B9C3,0xC,0x9,688,739,51,1,0x5,0x5,1,1,1999,10289,0.162679036458
30,12288,1,0x5BA7D679DF65B9C3,0xC,0x9,634,733,99,1,0x5,0x5,1,1,2031,10257,0.165283203125
30,12288,2,0x5BA7D679DF65B9C3,0xC,0xF,661,731,70,1,0x3,0x3,1,1,2011,10277,0.163655598958
30,12288,3,0x5BA7D679DF65B9C3,0xC,0x4,638,726,88,1,0x8,0x8,1,1,2032,10256,0.165364583333
30,12288,4,0x5BA7D679DF65B9C3,0xC,0x3,634,760,126,1,0xF,0xF,1,1,2035,10253,0.165608723958
30,12288,5,0x5BA7D679DF65B9C3,0xC,0x2,637,740,103,1,0xE,0xE,1,1,1981,10307,0.161214192708
30,12288,6,0x5BA7D679DF65B9C3,0xC,0x3,643,704,61,1,0xF,0xF,1,1,2049,10239,0.166748046875
30,12288,7,0x5BA7D679DF65B9C3,0xC,0x3,631,733,102,1,0xF,0xF,1,1,1999,10289,0.162679036458
30,16384,0,0x5BA7D679DF65B9C3,0xC,0x9,919,987,68,1,0x5,0x5,1,1,2682,13702,0.163696289062
30,16384,1,0x5BA7D679DF65B9C3,0xC,0x9,855,967,112,1,0x5,0x5,1,1,2688,13696,0.164062500000
30,16384,2,0x5BA7D679DF65B9C3,0xC,0xF,856,978,122,1,0x3,0x3,1,1,2676,13708,0.163330078125
30,16384,3,0x5BA7D679DF65B9C3,0xC,0x4,859,980,121,1,0x8,0x8,1,1,2722,13662,0.166137695312
30,16384,4,0x5BA7D679DF65B9C3,0xC,0x3,840,1006,166,1,0xF,0xF,1,1,2663,13721,0.162536621094
30,16384,5,0x5BA7D679DF65B9C3,0xC,0x2,836,987,151,1,0xE,0xE,1,1,2653,13731,0.161926269531
30,16384,6,0x5BA7D679DF65B9C3,0xC,0x3,858,941,83,1,0xF,0xF,1,1,2719,13665,0.165954589844
30,16384,7,0x5BA7D679DF65B9C3,0xC,0x3,835,981,146,1,0xF,0xF,1,1,2716,13668,0.165771484375
30,24576,0,0x5BA7D679DF65B9C3,0xC,0x9,1372,1504,132,1,0x5,0x5,1,1,4035,20541,0.164184570312
30,24576,1,0x5BA7D679DF65B9C3,0xC,0x9,1281,1477,196,1,0x5,0x5,1,1,4033,20543,0.164103190104
30,24576,2,0x5BA7D679DF65B9C3,0xC,0xF,1265,1485,220,1,0x3,0x3,1,1,3988,20588,0.162272135417
30,24576,3,0x5BA7D679DF65B9C3,0xC,0x4,1308,1500,192,1,0x8,0x8,1,1,4019,20557,0.163533528646
30,24576,4,0x5BA7D679DF65B9C3,0xC,0x3,1308,1526,218,1,0xF,0xF,1,1,4027,20549,0.163859049479
30,24576,5,0x5BA7D679DF65B9C3,0xC,0x2,1253,1478,225,1,0xE,0xE,1,1,3971,20605,0.161580403646
30,24576,6,0x5BA7D679DF65B9C3,0xC,0x3,1302,1438,136,1,0xF,0xF,1,1,4059,20517,0.165161132812
30,24576,7,0x5BA7D679DF65B9C3,0xC,0x3,1268,1493,225,1,0xF,0xF,1,1,4036,20540,0.164225260417
30,32768,0,0x5BA7D679DF65B9C3,0xC,0x9,1825,1980,155,1,0x5,0x5,1,1,5385,27383,0.164337158203
30,32768,1,0x5BA7D679DF65B9C3,0xC,0x9,1714,1989,275,1,0x5,0x5,1,1,5390,27378,0.164489746094
30,32768,2,0x5BA7D679DF65B9C3,0xC,0xF,1696,1970,274,1,0x3,0x3,1,1,5338,27430,0.162902832031
30,32768,3,0x5BA7D679DF65B9C3,0xC,0x4,1772,1988,216,1,0x8,0x8,1,1,5347,27421,0.163177490234
30,32768,4,0x5BA7D679DF65B9C3,0xC,0x3,1707,2003,296,1,0xF,0xF,1,1,5332,27436,0.162719726562
30,32768,5,0x5BA7D679DF65B9C3,0xC,0x2,1676,2007,331,1,0xE,0xE,1,1,5305,27463,0.161895751953
30,32768,6,0x5BA7D679DF65B9C3,0xC,0x3,1748,1951,203,1,0xF,0xF,1,1,5360,27408,0.163574218750
30,32768,7,0x5BA7D679DF65B9C3,0xC,0x3,1690,1991,301,1,0xF,0xF,1,1,5354,27414,0.163391113281
31,512,0,0x96B74AA7305C1BE7,0xA,0x1,23,26,3,1,0xB,0x5,1,0,85,427,0.166015625000
31,512,1,0x96B74AA7305C1BE7,0xA,0xC,22,24,2,1,0x6,0xC,1,0,88,424,0.171875000000
31,512,2,0x96B74AA7305C1BE7,0xA,0x6,21,23,2,1,0xC,0x3,1,0,83,429,0.162109375000
31,512,3,0x96B74AA7305C1BE7,0xA,0xE,21,23,2,1,0x4,0x2,1,0,81,431,0.158203125000
31,512,4,0x96B74AA7305C1BE7,0xA,0xB,23,24,1,1,0x1,0xE,1,0,84,428,0.164062500000
31,512,5,0x96B74AA7305C1BE7,0xA,0xA,24,25,1,1,0x0,0x2,1,0,81,431,0.158203125000
31,512,6,0x96B74AA7305C1BE7,0xA,0x4,21,24,3,1,0xE,0x9,1,0,92,420,0.179687500000
31,512,7,0x96B74AA7305C1BE7,0xA,0x9,22,23,1,1,0x3,0xF,1,0,84,428,0.164062500000
31,1024,0,0x96B74AA7305C1BE7,0xA,0x1,52,53,1,1,0xB,0x5,1,0,167,857,0.163085937500
31,1024,1,0x96B74AA7305C1BE7,0xA,0x6,43,51,8,1,0xC,0xC,1,1,184,840,0.179687500000
31,1024,2,0x96B74AA7305C1BE7,0xA,0x0,42,49,7,1,0xA,0x3,1,0,175,849,0.170898437500
31,1024,3,0x96B74AA7305C1BE7,0xA,0x8,54,56,2,2,0x0,0x2,0,0,173,851,0.168945312500
31,1024,4,0x96B74AA7305C1BE7,0xA,0xB,49,53,4,1,0x1,0xE,1,0,173,851,0.168945312500
31,1024,5,0x96B74AA7305C1BE7,0xA,0x8,50,51,1,1,0x2,0x2,1,1,155,869,0.151367187500
31,1024,6,0x96B74AA7305C1BE7,0xA,0x3,49,53,4,1,0x9,0x9,1,1,180,844,0.175781250000
31,1024,7,0x96B74AA7305C1BE7,0xA,0x9,45,55,10,2,0x0,0xF,0,0,154,870,0.150390625000
31,1536,0,0x96B74AA7305C1BE7,0xA,0xA,74,79,5,1,0x0,0x5,1,0,253,1283,0.164713541667
31,1536,1,0x96B74AA7305C1BE7,0xA,0x6,73,78,5,1,0xC,0xC,1,1,257,1279,0.167317708333
31,1536,2,0x96B74AA7305C1BE7,0xA,0x6,80,83,3,1,0xC,0x3,1,0,264,1272,0.171875000000
31,1536,3,0x96B74AA7305C1BE7,0xA,0x8,82,87,5,1,0x2,0x2,1,1,268,1268,0.174479166667
31,1536,4,0x96B74AA7305C1BE7,0xA,0xB,77,84,7,1,0x1,0xE,1,0,249,1287,0.162109375000
31,1536,5,0x96B74AA7305C1BE7,0xA,0x8,72,79,7,1,0x2,0x2,1,1,243,1293,0.158203125000
31,1536,6,0x96B74AA7305C1BE7,0xA,0x3,72,76,4,1,0x9,0x9,1,1,255,1281,0.166015625000
31,1536,7,0x96B74AA7305C1BE7,0xA,0x9,70,73,3,1,0x3,0xF,1,0,245,1291,0.159505208333
31,2048,0,0x96B74AA7305C1BE7,0xA,0xF,107,109,2,1,0x5,0x5,1,1,344,1704,0.167968750000
31,2048,1,0x96B74AA7305C1BE7,0xA,0x6,103,105,2,1,0xC,0xC,1,1,334,1714,0.163085937500
31,2048,2,0x96B74AA7305C1BE7,0xA,0x6,113,115,2,1,0xC,0x3,1,0,341,1707,0.166503906250
31,2048,3,0x96B74AA7305C1BE7,0xA,0x8,106,111,5,1,0x2,0x2,1,1,353,1695,0.172363281250
31,2048,4,0x96B74AA7305C1BE7,0xA,0xB,110,111,1,1,0x1,0xE,1,0,323,1725,0.157714843750
31,2048,5,0x96B74AA7305C1BE7,0xA,0x1,110,113,3,1,0xB,0x2,1,0,325,1723,0.158691406250
31,2048,6,0x96B74AA7305C1BE7,0xA,0x3,96,109,13,1,0x9,0x9,1,1,348,1700,0.169921875000
31,2048,7,0x96B74AA7305C1BE7,0xA,0x9,103,106,3,1,0x3,0xF,1,0,335,1713,0.163574218750
31,3072,0,0x96B74AA7305C1BE7,0xA,0xA,167,169,2,1,0x0,0x5,1,0,498,2574,0.162109375000
31,3072,1,0x96B74AA7305C1BE7,0xA,0x6,150,154,4,1,0xC,0xC,1,1,514,2558,0.167317708333
31,3072,2,0x96B74AA7305C1BE7,0xA,0x9,164,175,11,1,0x3,0x3,1,1,515,2557,0.167643229167
31,3072,3,0x96B74AA7305C1BE7,0xA,0x8,161,180,19,1,0x2,0x2,1,1,503,2569,0.163736979167
31,3072,4,0x96B74AA7305C1BE7,0xA,0x5,170,171,1,1,0xF,0xE,1,0,467,2605,0.152018229167
31,3072,5,0x96B74AA7305C1BE7,0xA,0x8,165,176,11,1,0x2,0x2,1,1,500,2572,0.162760416667
31,3072,6,0x96B74AA7305C1BE7,0xA,0x3,150,177,27,1,0x9,0x9,1,1,524,2548,0.170572916667
31,3072,7,0x96B74AA7305C1BE7,0xA,0x9,157,167,10,1,0x3,0xF,1,0,497,2575,0.161783854167
31,4096,0,0x96B74AA7305C1BE7,0xA,0xF,215,225,10,1,0x5,0x5,1,1,651,3445,0.158935546875
31,4096,1,0x96B74AA7305C1BE7,0xA,0x6,193,222,29,1,0xC,0xC,1,1,669,3427,0.163330078125
31,4096,2,0x96B74AA7305C1BE7,0xA,0x9,232,237,5,1,0x3,0x3,1,1,670,3426,0.163574218750
31,4096,3,0x96B74AA7305C1BE7,0xA,0x8,212,234,22,1,0x2,0x2,1,1,682,3414,0.166503906250
31,4096,4,0x96B74AA7305C1BE7,0xA,0x4,220,240,20,1,0xE,0xE,1,1,616,3480,0.150390625000
31,4096,5,0x96B74AA7305C1BE7,0xA,0x8,208,239,31,1,0x2,0x2,1,1,680,3416,0.166015625000
31,4096,6,0x96B74AA7305C1BE7,0xA,0x3,199,231,32,1,0x9,0x9,1,1,679,3417,0.165771484375
31,4096,7,0x96B74AA7305C1BE7,0xA,0x7,225,230,5,1,0xD,0xF,1,0,658,3438,0.160644531250
31,6144,0,0x96B74AA7305C1BE7,0xA,0xF,324,344,20,1,0x5,0x5,1,1,1004,5140,0.163411458333
31,6144,1,0x96B74AA7305C1BE7,0xA,0x6,311,340,29,1,0xC,0xC,1,1,1009,5135,0.164225260417
31,6144,2,0x96B74AA7305C1BE7,0xA,0x9,336,350,14,1,0x3,0x3,1,1,1005,5139,0.163574218750
31,6144,3,0x96B74AA7305C1BE7,0xA,0x8,317,349,32,1,0x2,0x2,1,1,1012,5132,0.164713541667
31,6144,4,0x96B74AA7305C1BE7,0xA,0x4,314,351,37,1,0xE,0xE,1,1,962,5182,0.156575520833
31,6144,5,0x96B74AA7305C1BE7,0xA,0x8,310,357,47,1,0x2,0x2,1,1,1010,5134,0.164388020833
31,6144,6,0x96B74AA7305C1BE7,0xA,0x3,301,334,33,1,0x9,0x9,1,1,995,5149,0.161946614583
31,6144,7,0x96B74AA7305C1BE7,0xA,0x5,340,349,9,1,0xF,0xF,1,1,997,5147,0.162272135417
31,8192,0,0x96B74AA7305C1BE7,0xA,0xF,415,467,52,1,0x5,0x5,1,1,1331,6861,0.162475585938
31,8192,1,0x96B74AA7305C1BE7,0xA,0x6,416,467,51,1,0xC,0xC,1,1,1342,6850,0.163818359375
31,8192,2,0x96B74AA7305C1BE7,0xA,0x9,427,491,64,1,0x3,0x3,1,1,1344,6848,0.164062500000
31,8192,3,0x96B74AA7305C1BE7,0xA,0x8,417,468,51,1,0x2,0x2,1,1,1346,6846,0.164306640625
31,8192,4,0x96B74AA7305C1BE7,0xA,0x4,416,471,55,1,0xE,0xE,1,1,1283,6909,0.156616210938
31,8192,5,0x96B74AA7305C1BE7,0xA,0x8,401,473,72,1,0x2,0x2,1,1,1355,6837,0.165405273438
31,8192,6,0x96B74AA7305C1BE7,0xA,0x3,421,468,47,1,0x9,0x9,1,1,1321,6871,0.161254882812
31,8192,7,0x96B74AA7305C1BE7,0xA,0x5,452,474,22,1,0xF,0xF,1,1,1355,6837,0.165405273438
31,12288,0,0x96B74AA7305C1BE7,0xA,0xF,654,743,89,1,0x5,0x5,1,1,2011,10277,0.163655598958
31,12288,1,0x96B74AA7305C1BE7,0xA,0x6,632,696,64,1,0xC,0xC,1,1,1993,10295,0.162190755208
31,12288,2,0x96B74AA7305C1BE7,0xA,0x9,637,736,99,1,0x3,0x3,1,1,2041,10247,0.166097005208
31,12288,3,0x96B74AA7305C1BE7,0xA,0x8,652,711,59,1,0x2,0x2,1,1,1995,10293,0.162353515625
31,12288,4,0x96B74AA7305C1BE7,0xA,0x4,633,732,99,1,0xE,0xE,1,1,1985,10303,0.161539713542
31,12288,5,0x96B74AA7305C1BE7,0xA,0x8,616,739,123,1,0x2,0x2,1,1,2019,10269,0.164306640625
31,12288,6,0x96B74AA7305C1BE7,0xA,0x3,638,715,77,1,0x9,0x9,1,1,1977,10311,0.160888671875
31,12288,7,0x96B74AA7305C1BE7,0xA,0x5,692,707,15,1,0xF,0xF,1,1,1981,10307,0.161214192708
31,16384,0,0x96B74AA7305C1BE7,0xA,0xF,873,993,120,1,0x5,0x5,1,1,2668,13716,0.162841796875
31,16384,1,0x96B74AA7305C1BE7,0xA,0x6,828,978,150,1,0xC,0xC,1,1,2708,13676,0.165283203125
31,16384,2,0x96B74AA7305C1BE7,0xA,0x9,868,996,128,1,0x3,0x3,1,1,2684,13700,0.163818359375
31,16384,3,0x96B74AA7305C1BE7,0xA,0x8,853,960,107,1,0x2,0x2,1,1,2678,13706,0.163452148438
31,16384,4,0x96B74AA7305C1BE7,0xA,0x4,851,983,132,1,0xE,0xE,1,1,2664,13720,0.162597656250
31,16384,5,0x96B74AA7305C1BE7,0xA,0x8,833,984,151,1,0x2,0x2,1,1,2679,13705,0.163513183594
31,16384,6,0x96B74AA7305C1BE7,0xA,0x3,859,960,101,1,0x9,0x9,1,1,2623,13761,0.160095214844
31,16384,7,0x96B74AA7305C1BE7,0xA,0x5,886,941,55,1,0xF,0xF,1,1,2701,13683,0.164855957031
31,24576,0,0x96B74AA7305C1BE7,0xA,0xF,1289,1490,201,1,0x5,0x5,1,1,3977,20599,0.161824544271
31,24576,1,0x96B74AA7305C1BE7,0xA,0x6,1290,1487,197,1,0xC,0xC,1,1,4039,20537,0.164347330729
31,24576,2,0x96B74AA7305C1BE7,0xA,0x9,1285,1500,215,1,0x3,0x3,1,1,4045,20531,0.164591471354
31,24576,3,0x96B74AA7305C1BE7,0xA,0x8,1268,1480,212,1,0x2,0x2,1,1,4014,20562,0.163330078125
31,24576,4,0x96B74AA7305C1BE7,0xA,0x4,1279,1472,193,1,0xE,0xE,1,1,3947,20629,0.160603841146
31,24576,5,0x96B74AA7305C1BE7,0xA,0x8,1256,1475,219,1,0x2,0x2,1,1,4074,20502,0.165771484375
31,24576,6,0x96B74AA7305C1BE7,0xA,0x3,1289,1452,163,1,0x9,0x9,1,1,3930,20646,0.159912109375
31,24576,7,0x96B74AA7305C1BE7,0xA,0x5,1303,1411,108,1,0xF,0xF,1,1,4080,20496,0.166015625000
31,32768,0,0x96B74AA7305C1BE7,0xA,0xF,1710,2003,293,1,0x5,0x5,1,1,5346,27422,0.163146972656
31,32768,1,0x96B74AA7305C1BE7,0xA,0x6,1733,1962,229,1,0xC,0xC,1,1,5403,27365,0.164886474609
31,32768,2,0x96B74AA7305C1BE7,0xA,0x9,1732,2017,285,1,0x3,0x3,1,1,5375,27393,0.164031982422
31,32768,3,0x96B74AA7305C1BE7,0xA,0x8,1716,1989,273,1,0x2,0x2,1,1,5311,27457,0.162078857422
31,32768,4,0x96B74AA7305C1BE7,0xA,0x4,1700,1985,285,1,0xE,0xE,1,1,5325,27443,0.162506103516
31,32768,5,0x96B74AA7305C1BE7,0xA,0x8,1678,1985,307,1,0x2,0x2,1,1,5335,27433,0.162811279297
31,32768,6,0x96B74AA7305C1BE7,0xA,0x3,1721,1990,269,1,0x9,0x9,1,1,5351,27417,0.163299560547
31,32768,7,0x96B74AA7305C1BE7,0xA,0x5,1730,1905,175,1,0xF,0xF,1,1,5433,27335,0.165802001953
32,512,0,0x07C6CA4650C208B6,0xB,0xB,17,24,7,1,0x0,0x1,1,0,73,439,0.142578125000
32,512,1,0x07C6CA4650C208B6,0xB,0xB,18,23,5,1,0x0,0xA,1,0,70,442,0.136718750000
32,512,2,0x07C6CA4650C208B6,0xB,0x1,20,23,3,1,0xA,0xB,1,0,77,435,0.150390625000
32,512,3,0x07C6CA4650C208B6,0xB,0x0,21,27,6,1,0xB,0xB,1,1,81,431,0.158203125000
32,512,4,0x07C6CA4650C208B6,0xB,0xA,23,24,1,1,0x1,0xC,1,0,95,417,0.185546875000
32,512,5,0x07C6CA4650C208B6,0xB,0x4,19,26,7,1,0xF,0x4,1,0,69,443,0.134765625000
32,512,6,0x07C6CA4650C208B6,0xB,0xD,14,22,8,1,0x6,0x4,1,0,77,435,0.150390625000
32,512,7,0x07C6CA4650C208B6,0xB,0x1,22,28,6,3,0x0,0xA,0,0,87,425,0.169921875000
32,1024,0,0x07C6CA4650C208B6,0xB,0xB,46,52,6,1,0x0,0x1,1,0,158,866,0.154296875000
32,1024,1,0x07C6CA4650C208B6,0xB,0x1,52,55,3,1,0xA,0xA,1,1,145,879,0.141601562500
32,1024,2,0x07C6CA4650C208B6,0xB,0x1,46,54,8,1,0xA,0xB,1,0,165,859,0.161132812500
32,1024,3,0x07C6CA4650C208B6,0xB,0x0,51,58,7,2,0x0,0xB,0,0,157,867,0.153320312500
32,1024,4,0x07C6CA4650C208B6,0xB,0x0,53,55,2,1,0xB,0xC,1,0,185,839,0.180664062500
32,1024,5,0x07C6CA4650C208B6,0xB,0x4,52,54,2,1,0xF,0x4,1,0,141,883,0.137695312500
32,1024,6,0x07C6CA4650C208B6,0xB,0xD,44,50,6,1,0x6,0x4,1,0,171,853,0.166992187500
32,1024,7,0x07C6CA4650C208B6,0xB,0x1,45,53,8,1,0xA,0xA,1,1,176,848,0.171875000000
32,1536,0,0x07C6CA4650C208B6,0xB,0xA,75,87,12,2,0x0,0x1,0,0,249,1287,0.162109375000
32,1536,1,0x07C6CA4650C208B6,0xB,0x6,85,86,1,1,0xD,0xA,1,0,242,1294,0.157552083333
32,1536,2,0x07C6CA4650C208B6,0xB,0x0,80,81,1,1,0xB,0xB,1,1,247,1289,0.160807291667
32,1536,3,0x07C6CA4650C208B6,0xB,0x0,81,83,2,1,0xB,0xB,1,1,244,1292,0.158854166667
32,1536,4,0x07C6CA4650C208B6,0xB,0xB,81,83,2,1,0x0,0xC,1,0,257,1279,0.167317708333
32,1536,5,0x07C6CA4650C208B6,0xB,0x8,76,86,10,1,0x3,0x4,1,0,226,1310,0.147135416667
32,1536,6,0x07C6CA4650C208B6,0xB,0xD,79,80,1,1,0x6,0x4,1,0,251,1285,0.163411458333
32,1536,7,0x07C6CA4650C208B6,0xB,0x1,71,83,12,1,0xA,0xA,1,1,271,1265,0.176432291667
32,2048,0,0x07C6CA4650C208B6,0xB,0xA,103,110,7,1,0x1,0x1,1,1,322,1726,0.157226562500
32,2048,1,0x07C6CA4650C208B6,0xB,0x1,113,116,3,1,0xA,0xA,1,1,335,1713,0.163574218750
32,2048,2,0x07C6CA4650C208B6,0xB,0x0,104,108,4,1,0xB,0xB,1,1,332,1716,0.162109375000
32,2048,3,0x07C6CA4650C208B6,0xB,0x0,111,118,7,1,0xB,0xB,1,1,328,1720,0.160156250000
32,2048,4,0x07C6CA4650C208B6,0xB,0x7,108,115,7,1,0xC,0xC,1,1,339,1709,0.165527343750
32,2048,5,0x07C6CA4650C208B6,0xB,0xF,101,104,3,1,0x4,0x4,1,1,307,1741,0.149902343750
32,2048,6,0x07C6CA4650C208B6,0xB,0x9,109,112,3,1,0x2,0x4,1,0,344,1704,0.167968750000
32,2048,7,0x07C6CA4650C208B6,0xB,0x1,103,114,11,1,0xA,0xA,1,1,358,1690,0.174804687500
32,3072,0,0x07C6CA4650C208B6,0xB,0xA,150,167,17,1,0x1,0x1,1,1,494,2578,0.160807291667
32,3072,1,0x07C6CA4650C208B6,0xB,0x1,165,173,8,1,0xA,0xA,1,1,519,2553,0.168945312500
32,3072,2,0x07C6CA4650C208B6,0xB,0x0,155,175,20,1,0xB,0xB,1,1,489,2583,0.159179687500
32,3072,3,0x07C6CA4650C208B6,0xB,0x0,168,171,3,1,0xB,0xB,1,1,490,2582,0.159505208333
32,3072,4,0x07C6CA4650C208B6,0xB,0x7,163,171,8,1,0xC,0xC,1,1,504,2568,0.164062500000
32,3072,5,0x07C6CA4650C208B6,0xB,0xF,148,164,16,1,0x4,0x4,1,1,482,2590,0.156901041667
32,3072,6,0x07C6CA4650C208B6,0xB,0xF,158,166,8,1,0x4,0x4,1,1,531,2541,0.172851562500
32,3072,7,0x07C6CA4650C208B6,0xB,0x1,162,169,7,1,0xA,0xA,1,1,528,2544,0.171875000000
32,4096,0,0x07C6CA4650C208B6,0xB,0xA,198,237,39,1,0x1,0x1,1,1,644,3452,0.157226562500
32,4096,1,0x07C6CA4650C208B6,0xB,0x1,215,226,11,1,0xA,0xA,1,1,693,3403,0.169189453125
32,4096,2,0x07C6CA4650C208B6,0xB,0x0,205,226,21,1,0xB,0xB,1,1,658,3438,0.160644531250
32,4096,3,0x07C6CA4650C208B6,0xB,0x0,226,233,7,1,0xB,0xB,1,1,648,3448,0.158203125000
32,4096,4,0x07C6CA4650C208B6,0xB,0x7,211,244,33,1,0xC,0xC,1,1,671,3425,0.163818359375
32,4096,5,0x07C6CA4650C208B6,0xB,0xF,190,216,26,1,0x4,0x4,1,1,652,3444,0.159179687500
32,4096,6,0x07C6CA4650C208B6,0xB,0xF,200,233,33,1,0x4,0x4,1,1,696,3400,0.169921875000
32,4096,7,0x07C6CA4650C208B6,0xB,0x1,213,236,23,1,0xA,0xA,1,1,686,3410,0.167480468750
32,6144,0,0x07C6CA4650C208B6,0xB,0xA,295,350,55,1,0x1,0x1,1,1,947,5197,0.154134114583
32,6144,1,0x07C6CA4650C208B6,0xB,0x1,316,336,20,1,0xA,0xA,1,1,1026,5118,0.166992187500
32,6144,2,0x07C6CA4650C208B6,0xB,0x0,319,352,33,1,0xB,0xB,1,1,989,5155,0.160970052083
32,6144,3,0x07C6CA4650C208B6,0xB,0x0,337,366,29,1,0xB,0xB,1,1,986,5158,0.160481770833
32,6144,4,0x07C6CA4650C208B6,0xB,0x7,305,357,52,1,0xC,0xC,1,1,1020,5124,0.166015625000
32,6144,5,0x07C6CA4650C208B6,0xB,0xF,305,351,46,1,0x4,0x4,1,1,961,5183,0.156412760417
32,6144,6,0x07C6CA4650C208B6,0xB,0xF,311,355,44,1,0x4,0x4,1,1,1022,5122,0.166341145833
32,6144,7,0x07C6CA4650C208B6,0xB,0x1,306,365,59,1,0xA,0xA,1,1,1008,5136,0.164062500000
32,8192,0,0x07C6CA4650C208B6,0xB,0xA,398,474,76,1,0x1,0x1,1,1,1289,6903,0.157348632812
32,8192,1,0x07C6CA4650C208B6,0xB,0x1,419,471,52,1,0xA,0xA,1,1,1363,6829,0.166381835938
32,8192,2,0x07C6CA4650C208B6,0xB,0x0,428,477,49,1,0xB,0xB,1,1,1317,6875,0.160766601562
32,8192,3,0x07C6CA4650C208B6,0xB,0x0,437,480,43,1,0xB,0xB,1,1,1299,6893,0.158569335938
32,8192,4,0x07C6CA4650C208B6,0xB,0x7,424,485,61,1,0xC,0xC,1,1,1356,6836,0.165527343750
32,8192,5,0x07C6CA4650C208B6,0xB,0xF,403,467,64,1,0x4,0x4,1,1,1287,6905,0.157104492188
32,8192,6,0x07C6CA4650C208B6,0xB,0xF,427,480,53,1,0x4,0x4,1,1,1340,6852,0.163574218750
32,8192,7,0x07C6CA4650C208B6,0xB,0x1,430,483,53,1,0xA,0xA,1,1,1304,6888,0.159179687500
32,12288,0,0x07C6CA4650C208B6,0xB,0xA,599,734,135,1,0x1,0x1,1,1,1978,10310,0.160970052083
32,12288,1,0x07C6CA4650C208B6,0xB,0x1,614,717,103,1,0xA,0xA,1,1,2050,10238,0.166829427083
32,12288,2,0x07C6CA4650C208B6,0xB,0x0,627,738,111,1,0xB,0xB,1,1,2006,10282,0.163248697917
32,12288,3,0x07C6CA4650C208B6,0xB,0x0,625,722,97,1,0xB,0xB,1,1,1993,10295,0.162190755208
32,12288,4,0x07C6CA4650C208B6,0xB,0x7,625,739,114,1,0xC,0xC,1,1,2011,10277,0.163655598958
32,12288,5,0x07C6CA4650C208B6,0xB,0xF,613,719,106,1,0x4,0x4,1,1,1970,10318,0.160319010417
32,12288,6,0x07C6CA4650C208B6,0xB,0xF,639,710,71,1,0x4,0x4,1,1,1989,10299,0.161865234375
32,12288,7,0x07C6CA4650C208B6,0xB,0x1,627,738,111,1,0xA,0xA,1,1,2008,10280,0.163411458333
32,16384,0,0x07C6CA4650C208B6,0xB,0xA,806,962,156,1,0x1,0x1,1,1,2682,13702,0.163696289062
32,16384,1,0x07C6CA4650C208B6,0xB,0x1,853,960,107,1,0xA,0xA,1,1,2739,13645,0.167175292969
32,16384,2,0x07C6CA4650C208B6,0xB,0x0,855,976,121,1,0xB,0xB,1,1,2621,13763,0.159973144531
32,16384,3,0x07C6CA4650C208B6,0xB,0x0,820,966,146,1,0xB,0xB,1,1,2700,13684,0.164794921875
32,16384,4,0x07C6CA4650C208B6,0xB,0x7,828,979,151,1,0xC,0xC,1,1,2678,13706,0.163452148438
32,16384,5,0x07C6CA4650C208B6,0xB,0xF,811,957,146,1,0x4,0x4,1,1,2631,13753,0.160583496094
32,16384,6,0x07C6CA4650C208B6,0xB,0xF,864,973,109,1,0x4,0x4,1,1,2692,13692,0.164306640625
32,16384,7,0x07C6CA4650C208B6,0xB,0x1,838,973,135,1,0xA,0xA,1,1,2697,13687,0.164611816406
32,24576,0,0x07C6CA4650C208B6,0xB,0xA,1200,1485,285,1,0x1,0x1,1,1,4038,20538,0.164306640625
32,24576,1,0x07C6CA4650C208B6,0xB,0x1,1301,1460,159,1,0xA,0xA,1,1,4088,20488,0.166341145833
32,24576,2,0x07C6CA4650C208B6,0xB,0x0,1245,1492,247,1,0xB,0xB,1,1,3874,20702,0.157633463542
32,24576,3,0x07C6CA4650C208B6,0xB,0x0,1238,1460,222,1,0xB,0xB,1,1,4003,20573,0.162882486979
32,24576,4,0x07C6CA4650C208B6,0xB,0x7,1286,1481,195,1,0xC,0xC,1,1,3976,20600,0.161783854167
32,24576,5,0x07C6CA4650C208B6,0xB,0xF,1275,1476,201,1,0x4,0x4,1,1,3990,20586,0.162353515625
32,24576,6,0x07C6CA4650C208B6,0xB,0xF,1276,1474,198,1,0x4,0x4,1,1,3947,20629,0.160603841146
32,24576,7,0x07C6CA4650C208B6,0xB,0x1,1278,1479,201,1,0xA,0xA,1,1,3987,20589,0.162231445312
32,32768,0,0x07C6CA4650C208B6,0xB,0xA,1626,1987,361,1,0x1,0x1,1,1,5400,27368,0.164794921875
32,32768,1,0x07C6CA4650C208B6,0xB,0x1,1737,1941,204,1,0xA,0xA,1,1,5414,27354,0.165222167969
32,32768,2,0x07C6CA4650C208B6,0xB,0x0,1612,2017,405,1,0xB,0xB,1,1,5255,27513,0.160369873047
32,32768,3,0x07C6CA4650C208B6,0xB,0x0,1666,1972,306,1,0xB,0xB,1,1,5370,27398,0.163879394531
32,32768,4,0x07C6CA4650C208B6,0xB,0x7,1690,1972,282,1,0xC,0xC,1,1,5252,27516,0.160278320312
32,32768,5,0x07C6CA4650C208B6,0xB,0xF,1725,1971,246,1,0x4,0x4,1,1,5329,27439,0.162628173828
32,32768,6,0x07C6CA4650C208B6,0xB,0xF,1754,1996,242,1,0x4,0x4,1,1,5340,27428,0.162963867188
32,32768,7,0x07C6CA4650C208B6,0xB,0x1,1721,1997,276,1,0xA,0xA,1,1,5365,27403,0.163726806641
33,512,0,0x9AAF4DD05E434D99,0x1,0x0,19,23,4,1,0x1,0x1,1,1,86,426,0.167968750000
33,512,1,0x9AAF4DD05E434D99,0x1,0x8,24,25,1,1,0x9,0xD,1,0,83,429,0.162109375000
33,512,2,0x9AAF4DD05E434D99,0x1,0x7,18,22,4,1,0x6,0x2,1,0,88,424,0.171875000000
33,512,3,0x9AAF4DD05E434D99,0x1,0xD,24,25,1,1,0xC,0xC,1,1,72,440,0.140625000000
33,512,4,0x9AAF4DD05E434D99,0x1,0x1,18,25,7,1,0x0,0xC,1,0,101,411,0.197265625000
33,512,5,0x9AAF4DD05E434D99,0x1,0x5,23,25,2,1,0x4,0x6,1,0,91,421,0.177734375000
33,512,6,0x9AAF4DD05E434D99,0x1,0x1,24,30,6,3,0x0,0x0,0,0,103,409,0.201171875000
33,512,7,0x9AAF4DD05E434D99,0x1,0x7,22,23,1,1,0x6,0x1,1,0,84,428,0.164062500000
33,1024,0,0x9AAF4DD05E434D99,0x1,0x3,52,54,2,1,0x2,0x1,1,0,183,841,0.178710937500
33,1024,1,0x9AAF4DD05E434D99,0x1,0xC,45,53,8,1,0xD,0xD,1,1,162,862,0.158203125000
33,1024,2,0x9AAF4DD05E434D99,0x1,0x7,40,46,6,1,0x6,0x2,1,0,168,856,0.164062500000
33,1024,3,0x9AAF4DD05E434D99,0x1,0x5,54,56,2,1,0x4,0xC,1,0,165,859,0.161132812500
33,1024,4,0x9AAF4DD05E434D99,0x1,0x1,51,52,1,1,0x0,0xC,1,0,188,836,0.183593750000
33,1024,5,0x9AAF4DD05E434D99,0x1,0x7,53,56,3,1,0x6,0x6,1,1,174,850,0.169921875000
33,1024,6,0x9AAF4DD05E434D99,0x1,0x1,49,53,4,1,0x0,0x0,1,1,182,842,0.177734375000
33,1024,7,0x9AAF4DD05E434D99,0x1,0xB,51,53,2,1,0xA,0x1,1,0,181,843,0.176757812500
33,1536,0,0x9AAF4DD05E434D99,0x1,0x0,82,83,1,1,0x1,0x1,1,1,278,1258,0.180989583333
33,1536,1,0x9AAF4DD05E434D99,0x1,0xC,64,80,16,1,0xD,0xD,1,1,250,1286,0.162760416667
33,1536,2,0x9AAF4DD05E434D99,0x1,0x3,69,70,1,1,0x2,0x2,1,1,267,1269,0.173828125000
33,1536,3,0x9AAF4DD05E434D99,0x1,0xD,84,85,1,1,0xC,0xC,1,1,257,1279,0.167317708333
33,1536,4,0x9AAF4DD05E434D99,0x1,0x1,80,84,4,1,0x0,0xC,1,0,277,1259,0.180338541667
33,1536,5,0x9AAF4DD05E434D99,0x1,0x7,75,87,12,1,0x6,0x6,1,1,258,1278,0.167968750000
33,1536,6,0x9AAF4DD05E434D99,0x1,0x1,77,79,2,1,0x0,0x0,1,1,260,1276,0.169270833333
33,1536,7,0x9AAF4DD05E434D99,0x1,0xF,83,84,1,1,0xE,0x1,1,0,266,1270,0.173177083333
33,2048,0,0x9AAF4DD05E434D99,0x1,0x0,108,114,6,1,0x1,0x1,1,1,362,1686,0.176757812500
33,2048,1,0x9AAF4DD05E434D99,0x1,0xC,95,115,20,1,0xD,0xD,1,1,335,1713,0.163574218750
33,2048,2,0x9AAF4DD05E434D99,0x1,0x7,99,102,3,1,0x6,0x2,1,0,342,1706,0.166992187500
33,2048,3,0x9AAF4DD05E434D99,0x1,0xD,107,115,8,1,0xC,0xC,1,1,337,1711,0.164550781250
33,2048,4,0x9AAF4DD05E434D99,0x1,0xD,110,113,3,1,0xC,0xC,1,1,364,1684,0.177734375000
33,2048,5,0x9AAF4DD05E434D99,0x1,0x7,94,115,21,1,0x6,0x6,1,1,341,1707,0.166503906250
33,2048,6,0x9AAF4DD05E434D99,0x1,0x1,102,108,6,1,0x0,0x0,1,1,348,1700,0.169921875000
33,2048,7,0x9AAF4DD05E434D99,0x1,0x0,113,118,5,1,0x1,0x1,1,1,351,1697,0.171386718750
33,3072,0,0x9AAF4DD05E434D99,0x1,0x1,166,173,7,1,0x0,0x1,1,0,533,2539,0.173502604167
33,3072,1,0x9AAF4DD05E434D99,0x1,0xC,150,172,22,1,0xD,0xD,1,1,502,2570,0.163411458333
33,3072,2,0x9AAF4DD05E434D99,0x1,0x3,160,172,12,1,0x2,0x2,1,1,545,2527,0.177408854167
33,3072,3,0x9AAF4DD05E434D99,0x1,0xD,153,172,19,1,0xC,0xC,1,1,499,2573,0.162434895833
33,3072,4,0x9AAF4DD05E434D99,0x1,0xD,167,169,2,1,0xC,0xC,1,1,525,2547,0.170898437500
33,3072,5,0x9AAF4DD05E434D99,0x1,0x7,148,175,27,1,0x6,0x6,1,1,506,2566,0.164713541667
33,3072,6,0x9AAF4DD05E434D99,0x1,0x1,155,173,18,1,0x0,0x0,1,1,520,2552,0.169270833333
33,3072,7,0x9AAF4DD05E434D99,0x1,0xF,173,174,1,1,0xE,0x1,1,0,512,2560,0.166666666667
33,4096,0,0x9AAF4DD05E434D99,0x1,0x0,215,226,11,1,0x1,0x1,1,1,712,3384,0.173828125000
33,4096,1,0x9AAF4DD05E434D99,0x1,0xC,207,232,25,1,0xD,0xD,1,1,665,3431,0.162353515625
33,4096,2,0x9AAF4DD05E434D99,0x1,0x3,213,228,15,1,0x2,0x2,1,1,713,3383,0.174072265625
33,4096,3,0x9AAF4DD05E434D99,0x1,0xD,203,235,32,1,0xC,0xC,1,1,658,3438,0.160644531250
33,4096,4,0x9AAF4DD05E434D99,0x1,0xD,210,232,22,1,0xC,0xC,1,1,683,3413,0.166748046875
33,4096,5,0x9AAF4DD05E434D99,0x1,0x7,202,234,32,1,0x6,0x6,1,1,664,3432,0.162109375000
33,4096,6,0x9AAF4DD05E434D99,0x1,0x1,207,238,31,1,0x0,0x0,1,1,686,3410,0.167480468750
33,4096,7,0x9AAF4DD05E434D99,0x1,0x0,230,232,2,1,0x1,0x1,1,1,672,3424,0.164062500000
33,6144,0,0x9AAF4DD05E434D99,0x1,0x0,314,355,41,1,0x1,0x1,1,1,1015,5129,0.165201822917
33,6144,1,0x9AAF4DD05E434D99,0x1,0xC,310,349,39,1,0xD,0xD,1,1,1017,5127,0.165527343750
33,6144,2,0x9AAF4DD05E434D99,0x1,0x3,313,355,42,1,0x2,0x2,1,1,1064,5080,0.173177083333
33,6144,3,0x9AAF4DD05E434D99,0x1,0xD,308,367,59,1,0xC,0xC,1,1,1030,5114,0.167643229167
33,6144,4,0x9AAF4DD05E434D99,0x1,0xD,325,341,16,1,0xC,0xC,1,1,1007,5137,0.163899739583
33,6144,5,0x9AAF4DD05E434D99,0x1,0x7,304,358,54,1,0x6,0x6,1,1,991,5153,0.161295572917
33,6144,6,0x9AAF4DD05E434D99,0x1,0x1,306,363,57,1,0x0,0x0,1,1,1029,5115,0.167480468750
33,6144,7,0x9AAF4DD05E434D99,0x1,0x0,357,365,8,1,0x1,0x1,1,1,1005,5139,0.163574218750
33,8192,0,0x9AAF4DD05E434D99,0x1,0x0,415,475,60,1,0x1,0x1,1,1,1345,6847,0.164184570312
33,8192,1,0x9AAF4DD05E434D99,0x1,0xC,428,471,43,1,0xD,0xD,1,1,1337,6855,0.163208007812
33,8192,2,0x9AAF4DD05E434D99,0x1,0x3,421,472,51,1,0x2,0x2,1,1,1431,6761,0.174682617188
33,8192,3,0x9AAF4DD05E434D99,0x1,0xD,419,489,70,1,0xC,0xC,1,1,1361,6831,0.166137695312
33,8192,4,0x9AAF4DD05E434D99,0x1,0xD,418,482,64,1,0xC,0xC,1,1,1338,6854,0.163330078125
33,8192,5,0x9AAF4DD05E434D99,0x1,0x7,425,479,54,1,0x6,0x6,1,1,1325,6867,0.161743164062
33,8192,6,0x9AAF4DD05E434D99,0x1,0x1,413,482,69,1,0x0,0x0,1,1,1394,6798,0.170166015625
33,8192,7,0x9AAF4DD05E434D99,0x1,0x0,476,484,8,1,0x1,0x1,1,1,1326,6866,0.161865234375
33,12288,0,0x9AAF4DD05E434D99,0x1,0x0,630,731,101,1,0x1,0x1,1,1,2017,10271,0.164143880208
33,12288,1,0x9AAF4DD05E434D99,0x1,0xC,633,717,84,1,0xD,0xD,1,1,1999,10289,0.162679036458
33,12288,2,0x9AAF4DD05E434D99,0x1,0x3,642,720,78,1,0x2,0x2,1,1,2108,10180,0.171549479167
33,12288,3,0x9AAF4DD05E434D99,0x1,0xD,645,721,76,1,0xC,0xC,1,1,2042,10246,0.166178385417
33,12288,4,0x9AAF4DD05E434D99,0x1,0xD,637,741,104,1,0xC,0xC,1,1,2032,10256,0.165364583333
33,12288,5,0x9AAF4DD05E434D99,0x1,0x7,635,741,106,1,0x6,0x6,1,1,1996,10292,0.162434895833
33,12288,6,0x9AAF4DD05E434D99,0x1,0x1,626,713,87,1,0x0,0x0,1,1,2046,10242,0.166503906250
33,12288,7,0x9AAF4DD05E434D99,0x1,0x0,676,735,59,1,0x1,0x1,1,1,1964,10324,0.159830729167
33,16384,0,0x9AAF4DD05E434D99,0x1,0x0,825,988,163,1,0x1,0x1,1,1,2698,13686,0.164672851562
33,16384,1,0x9AAF4DD05E434D99,0x1,0xC,848,978,130,1,0xD,0xD,1,1,2674,13710,0.163208007812
33,16384,2,0x9AAF4DD05E434D99,0x1,0x3,850,960,110,1,0x2,0x2,1,1,2764,13620,0.168701171875
33,16384,3,0x9AAF4DD05E434D99,0x1,0xD,858,984,126,1,0xC,0xC,1,1,2734,13650,0.166870117188
33,16384,4,0x9AAF4DD05E434D99,0x1,0xD,854,978,124,1,0xC,0xC,1,1,2712,13672,0.165527343750
33,16384,5,0x9AAF4DD05E434D99,0x1,0x7,842,976,134,1,0x6,0x6,1,1,2643,13741,0.161315917969
33,16384,6,0x9AAF4DD05E434D99,0x1,0x1,835,943,108,1,0x0,0x0,1,1,2729,13655,0.166564941406
33,16384,7,0x9AAF4DD05E434D99,0x1,0x0,889,991,102,1,0x1,0x1,1,1,2640,13744,0.161132812500
33,24576,0,0x9AAF4DD05E434D99,0x1,0x0,1224,1491,267,1,0x1,0x1,1,1,4046,20530,0.164632161458
33,24576,1,0x9AAF4DD05E434D99,0x1,0xC,1279,1482,203,1,0xD,0xD,1,1,4078,20498,0.165934244792
33,24576,2,0x9AAF4DD05E434D99,0x1,0x3,1278,1456,178,1,0x2,0x2,1,1,4128,20448,0.167968750000
33,24576,3,0x9AAF4DD05E434D99,0x1,0xD,1290,1485,195,1,0xC,0xC,1,1,4047,20529,0.164672851562
33,24576,4,0x9AAF4DD05E434D99,0x1,0xD,1285,1503,218,1,0xC,0xC,1,1,4109,20467,0.167195638021
33,24576,5,0x9AAF4DD05E434D99,0x1,0x7,1254,1469,215,1,0x6,0x6,1,1,3986,20590,0.162190755208
33,24576,6,0x9AAF4DD05E434D99,0x1,0x1,1265,1465,200,1,0x0,0x0,1,1,4158,20418,0.169189453125
33,24576,7,0x9AAF4DD05E434D99,0x1,0x0,1291,1511,220,1,0x1,0x1,1,1,3960,20616,0.161132812500
33,32768,0,0x9AAF4DD05E434D99,0x1,0x0,1638,1994,356,1,0x1,0x1,1,1,5424,27344,0.165527343750
33,32768,1,0x9AAF4DD05E434D99,0x1,0xC,1723,1961,238,1,0xD,0xD,1,1,5386,27382,0.164367675781
33,32768,2,0x9AAF4DD05E434D99,0x1,0x3,1714,1989,275,1,0x2,0x2,1,1,5425,27343,0.165557861328
33,32768,3,0x9AAF4DD05E434D99,0x1,0xD,1725,1998,273,1,0xC,0xC,1,1,5343,27425,0.163055419922
33,32768,4,0x9AAF4DD05E434D99,0x1,0xD,1709,2012,303,1,0xC,0xC,1,1,5424,27344,0.165527343750
33,32768,5,0x9AAF4DD05E434D99,0x1,0x7,1693,1979,286,1,0x6,0x6,1,1,5323,27445,0.162445068359
33,32768,6,0x9AAF4DD05E434D99,0x1,0x1,1728,1971,243,1,0x0,0x0,1,1,5508,27260,0.168090820312
33,32768,7,0x9AAF4DD05E434D99,0x1,0x0,1753,2005,252,1,0x1,0x1,1,1,5330,27438,0.162658691406
34,512,0,0x0A3270EC897DEE2D,0x4,0x7,21,26,5,1,0x3,0xA,1,0,84,428,0.164062500000
34,512,1,0x0A3270EC897DEE2D,0x4,0x6,24,25,1,1,0x2,0x9,1,0,69,443,0.134765625000
34,512,2,0x0A3270EC897DEE2D,0x4,0x3,22,27,5,2,0x0,0x7,0,0,81,431,0.158203125000
34,512,3,0x0A3270EC897DEE2D,0x4,0xA,23,25,2,1,0xE,0xA,1,0,82,430,0.160156250000
34,512,4,0x0A3270EC897DEE2D,0x4,0xE,17,23,6,1,0xA,0xA,1,1,61,451,0.119140625000
34,512,5,0x0A3270EC897DEE2D,0x4,0xD,23,24,1,1,0x9,0xE,1,0,70,442,0.136718750000
34,512,6,0x0A3270EC897DEE2D,0x4,0xE,21,25,4,1,0xA,0xD,1,0,88,424,0.171875000000
34,512,7,0x0A3270EC897DEE2D,0x4,0x1,23,25,2,2,0x0,0xD,0,0,81,431,0.158203125000
34,1024,0,0x0A3270EC897DEE2D,0x4,0x7,47,53,6,1,0x3,0xA,1,0,157,867,0.153320312500
34,1024,1,0x0A3270EC897DEE2D,0x4,0x1,53,56,3,1,0x5,0x9,1,0,147,877,0.143554687500
34,1024,2,0x0A3270EC897DEE2D,0x4,0x3,41,52,11,1,0x7,0x7,1,1,176,848,0.171875000000
34,1024,3,0x0A3270EC897DEE2D,0x4,0x7,46,56,10,2,0x0,0xA,0,0,170,854,0.166015625000
34,1024,4,0x0A3270EC897DEE2D,0x4,0xE,34,53,19,1,0xA,0xA,1,1,149,875,0.145507812500
34,1024,5,0x0A3270EC897DEE2D,0x4,0xB,48,56,8,1,0xF,0xE,1,0,154,870,0.150390625000
34,1024,6,0x0A3270EC897DEE2D,0x4,0x9,50,53,3,1,0xD,0xD,1,1,185,839,0.180664062500
34,1024,7,0x0A3270EC897DEE2D,0x4,0x1,51,53,2,1,0x5,0xD,1,0,176,848,0.171875000000
34,1536,0,0x0A3270EC897DEE2D,0x4,0x7,77,87,10,1,0x3,0xA,1,0,243,1293,0.158203125000
34,1536,1,0x0A3270EC897DEE2D,0x4,0xD,83,86,3,1,0x9,0x9,1,1,240,1296,0.156250000000
34,1536,2,0x0A3270EC897DEE2D,0x4,0x3,69,81,12,1,0x7,0x7,1,1,268,1268,0.174479166667
34,1536,3,0x0A3270EC897DEE2D,0x4,0x7,68,81,13,1,0x3,0xA,1,0,254,1282,0.165364583333
34,1536,4,0x0A3270EC897DEE2D,0x4,0xE,59,87,28,1,0xA,0xA,1,1,254,1282,0.165364583333
34,1536,5,0x0A3270EC897DEE2D,0x4,0xB,80,88,8,1,0xF,0xE,1,0,238,1298,0.154947916667
34,1536,6,0x0A3270EC897DEE2D,0x4,0x9,74,83,9,1,0xD,0xD,1,1,259,1277,0.168619791667
34,1536,7,0x0A3270EC897DEE2D,0x4,0x9,81,83,2,1,0xD,0xD,1,1,264,1272,0.171875000000
34,2048,0,0x0A3270EC897DEE2D,0x4,0x7,115,123,8,2,0x0,0xA,0,0,338,1710,0.165039062500
34,2048,1,0x0A3270EC897DEE2D,0x4,0xD,107,113,6,1,0x9,0x9,1,1,326,1722,0.159179687500
34,2048,2,0x0A3270EC897DEE2D,0x4,0x3,93,114,21,1,0x7,0x7,1,1,332,1716,0.162109375000
34,2048,3,0x0A3270EC897DEE2D,0x4,0x8,104,105,1,1,0xC,0xA,1,0,332,1716,0.162109375000
34,2048,4,0x0A3270EC897DEE2D,0x4,0xE,81,110,29,1,0xA,0xA,1,1,338,1710,0.165039062500
34,2048,5,0x0A3270EC897DEE2D,0x4,0xB,101,108,7,1,0xF,0xE,1,0,328,1720,0.160156250000
34,2048,6,0x0A3270EC897DEE2D,0x4,0x9,110,116,6,1,0xD,0xD,1,1,351,1697,0.171386718750
34,2048,7,0x0A3270EC897DEE2D,0x4,0x9,103,107,4,1,0xD,0xD,1,1,362,1686,0.176757812500
34,3072,0,0x0A3270EC897DEE2D,0x4,0xE,164,180,16,1,0xA,0xA,1,1,505,2567,0.164388020833
34,3072,1,0x0A3270EC897DEE2D,0x4,0x6,157,159,2,1,0x2,0x9,1,0,475,2597,0.154622395833
34,3072,2,0x0A3270EC897DEE2D,0x4,0x3,154,164,10,1,0x7,0x7,1,1,511,2561,0.166341145833
34,3072,3,0x0A3270EC897DEE2D,0x4,0x8,159,162,3,1,0xC,0xA,1,0,487,2585,0.158528645833
34,3072,4,0x0A3270EC897DEE2D,0x4,0xE,131,173,42,1,0xA,0xA,1,1,534,2538,0.173828125000
34,3072,5,0x0A3270EC897DEE2D,0x4,0xA,147,169,22,1,0xE,0xE,1,1,531,2541,0.172851562500
34,3072,6,0x0A3270EC897DEE2D,0x4,0x9,156,178,22,1,0xD,0xD,1,1,520,2552,0.169270833333
34,3072,7,0x0A3270EC897DEE2D,0x4,0x9,156,167,11,1,0xD,0xD,1,1,554,2518,0.180338541667
34,4096,0,0x0A3270EC897DEE2D,0x4,0xE,221,239,18,1,0xA,0xA,1,1,661,3435,0.161376953125
34,4096,1,0x0A3270EC897DEE2D,0x4,0xD,213,223,10,1,0x9,0x9,1,1,635,3461,0.155029296875
34,4096,2,0x0A3270EC897DEE2D,0x4,0x3,208,234,26,1,0x7,0x7,1,1,684,3412,0.166992187500
34,4096,3,0x0A3270EC897DEE2D,0x4,0xE,219,226,7,1,0xA,0xA,1,1,665,3431,0.162353515625
34,4096,4,0x0A3270EC897DEE2D,0x4,0xE,190,238,48,1,0xA,0xA,1,1,697,3399,0.170166015625
34,4096,5,0x0A3270EC897DEE2D,0x4,0xA,205,225,20,1,0xE,0xE,1,1,689,3407,0.168212890625
34,4096,6,0x0A3270EC897DEE2D,0x4,0x9,216,242,26,1,0xD,0xD,1,1,676,3420,0.165039062500
34,4096,7,0x0A3270EC897DEE2D,0x4,0x9,221,230,9,1,0xD,0xD,1,1,738,3358,0.180175781250
34,6144,0,0x0A3270EC897DEE2D,0x4,0xE,328,357,29,1,0xA,0xA,1,1,1000,5144,0.162760416667
34,6144,1,0x0A3270EC897DEE2D,0x4,0xD,308,353,45,1,0x9,0x9,1,1,963,5181,0.156738281250
34,6144,2,0x0A3270EC897DEE2D,0x4,0x3,316,358,42,1,0x7,0x7,1,1,1003,5141,0.163248697917
34,6144,3,0x0A3270EC897DEE2D,0x4,0xE,319,348,29,1,0xA,0xA,1,1,1009,5135,0.164225260417
34,6144,4,0x0A3270EC897DEE2D,0x4,0xE,304,368,64,1,0xA,0xA,1,1,1075,5069,0.174967447917
34,6144,5,0x0A3270EC897DEE2D,0x4,0xA,302,343,41,1,0xE,0xE,1,1,1058,5086,0.172200520833
34,6144,6,0x0A3270EC897DEE2D,0x4,0x9,311,366,55,1,0xD,0xD,1,1,1016,5128,0.165364583333
34,6144,7,0x0A3270EC897DEE2D,0x4,0x9,334,354,20,1,0xD,0xD,1,1,1100,5044,0.179036458333
34,8192,0,0x0A3270EC897DEE2D,0x4,0xE,451,471,20,1,0xA,0xA,1,1,1339,6853,0.163452148438
34,8192,1,0x0A3270EC897DEE2D,0x4,0xD,405,483,78,1,0x9,0x9,1,1,1304,6888,0.159179687500
34,8192,2,0x0A3270EC897DEE2D,0x4,0x3,423,489,66,1,0x7,0x7,1,1,1322,6870,0.161376953125
34,8192,3,0x0A3270EC897DEE2D,0x4,0xE,434,466,32,1,0xA,0xA,1,1,1342,6850,0.163818359375
34,8192,4,0x0A3270EC897DEE2D,0x4,0xE,407,476,69,1,0xA,0xA,1,1,1417,6775,0.172973632812
34,8192,5,0x0A3270EC897DEE2D,0x4,0xA,409,471,62,1,0xE,0xE,1,1,1381,6811,0.168579101562
34,8192,6,0x0A3270EC897DEE2D,0x4,0x9,415,493,78,1,0xD,0xD,1,1,1337,6855,0.163208007812
34,8192,7,0x0A3270EC897DEE2D,0x4,0x9,438,470,32,1,0xD,0xD,1,1,1456,6736,0.177734375000
34,12288,0,0x0A3270EC897DEE2D,0x4,0xE,674,722,48,1,0xA,0xA,1,1,2005,10283,0.163167317708
34,12288,1,0x0A3270EC897DEE2D,0x4,0xD,600,734,134,1,0x9,0x9,1,1,1966,10322,0.159993489583
34,12288,2,0x0A3270EC897DEE2D,0x4,0x3,631,736,105,1,0x7,0x7,1,1,1935,10353,0.157470703125
34,12288,3,0x0A3270EC897DEE2D,0x4,0xE,645,722,77,1,0xA,0xA,1,1,2021,10267,0.164469401042
34,12288,4,0x0A3270EC897DEE2D,0x4,0xE,640,742,102,1,0xA,0xA,1,1,2085,10203,0.169677734375
34,12288,5,0x0A3270EC897DEE2D,0x4,0xA,619,716,97,1,0xE,0xE,1,1,2079,10209,0.169189453125
34,12288,6,0x0A3270EC897DEE2D,0x4,0x9,618,737,119,1,0xD,0xD,1,1,2001,10287,0.162841796875
34,12288,7,0x0A3270EC897DEE2D,0x4,0x9,661,726,65,1,0xD,0xD,1,1,2112,10176,0.171875000000
34,16384,0,0x0A3270EC897DEE2D,0x4,0xE,894,989,95,1,0xA,0xA,1,1,2667,13717,0.162780761719
34,16384,1,0x0A3270EC897DEE2D,0x4,0xD,817,990,173,1,0x9,0x9,1,1,2600,13784,0.158691406250
34,16384,2,0x0A3270EC897DEE2D,0x4,0x3,837,973,136,1,0x7,0x7,1,1,2588,13796,0.157958984375
34,16384,3,0x0A3270EC897DEE2D,0x4,0xE,867,953,86,1,0xA,0xA,1,1,2691,13693,0.164245605469
34,16384,4,0x0A3270EC897DEE2D,0x4,0xE,836,982,146,1,0xA,0xA,1,1,2753,13631,0.168029785156
34,16384,5,0x0A3270EC897DEE2D,0x4,0xA,853,963,110,1,0xE,0xE,1,1,2731,13653,0.166687011719
34,16384,6,0x0A3270EC897DEE2D,0x4,0x9,843,975,132,1,0xD,0xD,1,1,2669,13715,0.162902832031
34,16384,7,0x0A3270EC897DEE2D,0x4,0x9,869,961,92,1,0xD,0xD,1,1,2833,13551,0.172912597656
34,24576,0,0x0A3270EC897DEE2D,0x4,0xE,1323,1501,178,1,0xA,0xA,1,1,4033,20543,0.164103190104
34,24576,1,0x0A3270EC897DEE2D,0x4,0xD,1224,1474,250,1,0x9,0x9,1,1,3958,20618,0.161051432292
34,24576,2,0x0A3270EC897DEE2D,0x4,0x3,1285,1515,230,1,0x7,0x7,1,1,3947,20629,0.160603841146
34,24576,3,0x0A3270EC897DEE2D,0x4,0xE,1258,1454,196,1,0xA,0xA,1,1,4064,20512,0.165364583333
34,24576,4,0x0A3270EC897DEE2D,0x4,0xE,1249,1509,260,1,0xA,0xA,1,1,4102,20474,0.166910807292
34,24576,5,0x0A3270EC897DEE2D,0x4,0xA,1288,1447,159,1,0xE,0xE,1,1,4038,20538,0.164306640625
34,24576,6,0x0A3270EC897DEE2D,0x4,0x9,1314,1473,159,1,0xD,0xD,1,1,4028,20548,0.163899739583
34,24576,7,0x0A3270EC897DEE2D,0x4,0x9,1331,1440,109,1,0xD,0xD,1,1,4174,20402,0.169840494792
34,32768,0,0x0A3270EC897DEE2D,0x4,0xE,1709,2008,299,1,0xA,0xA,1,1,5436,27332,0.165893554688
34,32768,1,0x0A3270EC897DEE2D,0x4,0xD,1646,2031,385,1,0x9,0x9,1,1,5333,27435,0.162750244141
34,32768,2,0x0A3270EC897DEE2D,0x4,0x3,1732,2008,276,1,0x7,0x7,1,1,5264,27504,0.160644531250
34,32768,3,0x0A3270EC897DEE2D,0x4,0xE,1705,1991,286,1,0xA,0xA,1,1,5398,27370,0.164733886719
34,32768,4,0x0A3270EC897DEE2D,0x4,0xE,1692,2010,318,1,0xA,0xA,1,1,5409,27359,0.165069580078
34,32768,5,0x0A3270EC897DEE2D,0x4,0xA,1725,1931,206,1,0xE,0xE,1,1,5353,27415,0.163360595703
34,32768,6,0x0A3270EC897DEE2D,0x4,0x9,1723,1999,276,1,0xD,0xD,1,1,5341,27427,0.162994384766
34,32768,7,0x0A3270EC897DEE2D,0x4,0x9,1765,1916,151,1,0xD,0xD,1,1,5491,27277,0.167572021484
35,512,0,0x4B8F298BFC7BDC1A,0x5,0x0,23,27,4,1,0x5,0x2,1,0,84,428,0.164062500000
35,512,1,0x4B8F298BFC7BDC1A,0x5,0xB,21,25,4,1,0xE,0xF,1,0,73,439,0.142578125000
35,512,2,0x4B8F298BFC7BDC1A,0x5,0x7,21,26,5,1,0x2,0x5,1,0,76,436,0.148437500000
35,512,3,0x4B8F298BFC7BDC1A,0x5,0x5,19,24,5,1,0x0,0x0,1,1,72,440,0.140625000000
35,512,4,0x4B8F298BFC7BDC1A,0x5,0x4,17,24,7,1,0x1,0x5,1,0,61,451,0.119140625000
35,512,5,0x4B8F298BFC7BDC1A,0x5,0xD,21,25,4,1,0x8,0xF,1,0,79,433,0.154296875000
35,512,6,0x4B8F298BFC7BDC1A,0x5,0x3,25,26,1,1,0x6,0x2,1,0,104,408,0.203125000000
35,512,7,0x4B8F298BFC7BDC1A,0x5,0x4,21,28,7,1,0x1,0x4,1,0,70,442,0.136718750000
35,1024,0,0x4B8F298BFC7BDC1A,0x5,0x0,52,56,4,1,0x5,0x2,1,0,163,861,0.159179687500
35,1024,1,0x4B8F298BFC7BDC1A,0x5,0x0,50,52,2,1,0x5,0xF,1,0,140,884,0.136718750000
35,1024,2,0x4B8F298BFC7BDC1A,0x5,0x0,47,49,2,1,0x5,0x5,1,1,172,852,0.167968750000
35,1024,3,0x4B8F298BFC7BDC1A,0x5,0x8,46,47,1,1,0xD,0x0,1,0,160,864,0.156250000000
35,1024,4,0x4B8F298BFC7BDC1A,0x5,0x0,49,50,1,2,0x0,0x5,0,0,139,885,0.135742187500
35,1024,5,0x4B8F298BFC7BDC1A,0x5,0xD,48,49,1,1,0x8,0xF,1,0,170,854,0.166015625000
35,1024,6,0x4B8F298BFC7BDC1A,0x5,0x7,52,55,3,1,0x2,0x2,1,1,177,847,0.172851562500
35,1024,7,0x4B8F298BFC7BDC1A,0x5,0x1,52,54,2,1,0x4,0x4,1,1,164,860,0.160156250000
35,1536,0,0x4B8F298BFC7BDC1A,0x5,0x0,78,83,5,1,0x5,0x2,1,0,248,1288,0.161458333333
35,1536,1,0x4B8F298BFC7BDC1A,0x5,0xE,77,84,7,1,0xB,0xF,1,0,219,1317,0.142578125000
35,1536,2,0x4B8F298BFC7BDC1A,0x5,0x0,75,84,9,1,0x5,0x5,1,1,255,1281,0.166015625000
35,1536,3,0x4B8F298BFC7BDC1A,0x5,0x8,75,77,2,1,0xD,0x0,1,0,247,1289,0.160807291667
35,1536,4,0x4B8F298BFC7BDC1A,0x5,0x0,73,79,6,1,0x5,0x5,1,1,236,1300,0.153645833333
35,1536,5,0x4B8F298BFC7BDC1A,0x5,0xD,78,88,10,1,0x8,0xF,1,0,246,1290,0.160156250000
35,1536,6,0x4B8F298BFC7BDC1A,0x5,0x7,71,79,8,1,0x2,0x2,1,1,262,1274,0.170572916667
35,1536,7,0x4B8F298BFC7BDC1A,0x5,0x1,77,82,5,1,0x4,0x4,1,1,244,1292,0.158854166667
35,2048,0,0x4B8F298BFC7BDC1A,0x5,0x1,108,110,2,1,0x4,0x2,1,0,335,1713,0.163574218750
35,2048,1,0x4B8F298BFC7BDC1A,0x5,0x0,111,114,3,1,0x5,0xF,1,0,314,1734,0.153320312500
35,2048,2,0x4B8F298BFC7BDC1A,0x5,0x0,104,112,8,1,0x5,0x5,1,1,354,1694,0.172851562500
35,2048,3,0x4B8F298BFC7BDC1A,0x5,0x5,98,110,12,1,0x0,0x0,1,1,324,1724,0.158203125000
35,2048,4,0x4B8F298BFC7BDC1A,0x5,0x4,104,107,3,1,0x1,0x5,1,0,313,1735,0.152832031250
35,2048,5,0x4B8F298BFC7BDC1A,0x5,0xD,102,115,13,1,0x8,0xF,1,0,327,1721,0.159667968750
35,2048,6,0x4B8F298BFC7BDC1A,0x5,0x7,95,109,14,1,0x2,0x2,1,1,342,1706,0.166992187500
35,2048,7,0x4B8F298BFC7BDC1A,0x5,0x1,101,113,12,1,0x4,0x4,1,1,340,1708,0.166015625000
35,3072,0,0x4B8F298BFC7BDC1A,0x5,0x1,168,173,5,1,0x4,0x2,1,0,508,2564,0.165364583333
35,3072,1,0x4B8F298BFC7BDC1A,0x5,0xA,162,178,16,1,0xF,0xF,1,1,485,2587,0.157877604167
35,3072,2,0x4B8F298BFC7BDC1A,0x5,0x0,161,181,20,1,0x5,0x5,1,1,525,2547,0.170898437500
35,3072,3,0x4B8F298BFC7BDC1A,0x5,0x5,150,172,22,1,0x0,0x0,1,1,502,2570,0.163411458333
35,3072,4,0x4B8F298BFC7BDC1A,0x5,0x0,161,162,1,1,0x5,0x5,1,1,494,2578,0.160807291667
35,3072,5,0x4B8F298BFC7BDC1A,0x5,0xD,170,180,10,1,0x8,0xF,1,0,481,2591,0.156575520833
35,3072,6,0x4B8F298BFC7BDC1A,0x5,0x7,158,169,11,1,0x2,0x2,1,1,506,2566,0.164713541667
35,3072,7,0x4B8F298BFC7BDC1A,0x5,0x1,161,165,4,1,0x4,0x4,1,1,519,2553,0.168945312500
35,4096,0,0x4B8F298BFC7BDC1A,0x5,0x7,227,233,6,1,0x2,0x2,1,1,673,3423,0.164306640625
35,4096,1,0x4B8F298BFC7BDC1A,0x5,0xA,220,243,23,1,0xF,0xF,1,1,642,3454,0.156738281250
35,4096,2,0x4B8F298BFC7BDC1A,0x5,0x0,200,236,36,1,0x5,0x5,1,1,692,3404,0.168945312500
35,4096,3,0x4B8F298BFC7BDC1A,0x5,0x5,195,223,28,1,0x0,0x0,1,1,676,3420,0.165039062500
35,4096,4,0x4B8F298BFC7BDC1A,0x5,0x0,223,230,7,1,0x5,0x5,1,1,665,3431,0.162353515625
35,4096,5,0x4B8F298BFC7BDC1A,0x5,0x6,231,232,1,1,0x3,0xF,1,0,640,3456,0.156250000000
35,4096,6,0x4B8F298BFC7BDC1A,0x5,0x7,211,228,17,1,0x2,0x2,1,1,660,3436,0.161132812500
35,4096,7,0x4B8F298BFC7BDC1A,0x5,0x1,211,224,13,1,0x4,0x4,1,1,707,3389,0.172607421875
35,6144,0,0x4B8F298BFC7BDC1A,0x5,0x7,332,348,16,1,0x2,0x2,1,1,965,5179,0.157063802083
35,6144,1,0x4B8F298BFC7BDC1A,0x5,0xA,327,365,38,1,0xF,0xF,1,1,986,5158,0.160481770833
35,6144,2,0x4B8F298BFC7BDC1A,0x5,0x0,306,356,50,1,0x5,0x5,1,1,1023,5121,0.166503906250
35,6144,3,0x4B8F298BFC7BDC1A,0x5,0x5,286,342,56,1,0x0,0x0,1,1,985,5159,0.160319010417
35,6144,4,0x4B8F298BFC7BDC1A,0x5,0x0,321,333,12,1,0x5,0x5,1,1,1000,5144,0.162760416667
35,6144,5,0x4B8F298BFC7BDC1A,0x5,0xA,333,351,18,1,0xF,0xF,1,1,994,5150,0.161783854167
35,6144,6,0x4B8F298BFC7BDC1A,0x5,0x7,318,348,30,1,0x2,0x2,1,1,997,5147,0.162272135417
35,6144,7,0x4B8F298BFC7BDC1A,0x5,0x1,309,358,49,1,0x4,0x4,1,1,1063,5081,0.173014322917
35,8192,0,0x4B8F298BFC7BDC1A,0x5,0x7,438,458,20,1,0x2,0x2,1,1,1303,6889,0.159057617188
35,8192,1,0x4B8F298BFC7BDC1A,0x5,0xA,427,490,63,1,0xF,0xF,1,1,1349,6843,0.164672851562
35,8192,2,0x4B8F298BFC7BDC1A,0x5,0x0,408,474,66,1,0x5,0x5,1,1,1347,6845,0.164428710938
35,8192,3,0x4B8F298BFC7BDC1A,0x5,0x5,399,478,79,1,0x0,0x0,1,1,1332,6860,0.162597656250
35,8192,4,0x4B8F298BFC7BDC1A,0x5,0x0,430,458,28,1,0x5,0x5,1,1,1332,6860,0.162597656250
35,8192,5,0x4B8F298BFC7BDC1A,0x5,0xA,450,478,28,1,0xF,0xF,1,1,1339,6853,0.163452148438
35,8192,6,0x4B8F298BFC7BDC1A,0x5,0x7,420,465,45,1,0x2,0x2,1,1,1333,6859,0.162719726562
35,8192,7,0x4B8F298BFC7BDC1A,0x5,0x1,426,480,54,1,0x4,0x4,1,1,1427,6765,0.174194335938
35,12288,0,0x4B8F298BFC7BDC1A,0x5,0x7,639,728,89,1,0x2,0x2,1,1,1984,10304,0.161458333333
35,12288,1,0x4B8F298BFC7BDC1A,0x5,0xA,630,742,112,1,0xF,0xF,1,1,2037,10251,0.165771484375
35,12288,2,0x4B8F298BFC7BDC1A,0x5,0x0,626,727,101,1,0x5,0x5,1,1,2010,10278,0.163574218750
35,12288,3,0x4B8F298BFC7BDC1A,0x5,0x5,612,717,105,1,0x0,0x0,1,1,1970,10318,0.160319010417
35,12288,4,0x4B8F298BFC7BDC1A,0x5,0x0,641,708,67,1,0x5,0x5,1,1,1997,10291,0.162516276042
35,12288,5,0x4B8F298BFC7BDC1A,0x5,0xA,642,736,94,1,0xF,0xF,1,1,2012,10276,0.163736979167
35,12288,6,0x4B8F298BFC7BDC1A,0x5,0x7,605,699,94,1,0x2,0x2,1,1,2036,10252,0.165690104167
35,12288,7,0x4B8F298BFC7BDC1A,0x5,0x1,635,723,88,1,0x4,0x4,1,1,2140,10148,0.174153645833
35,16384,0,0x4B8F298BFC7BDC1A,0x5,0x7,858,974,116,1,0x2,0x2,1,1,2612,13772,0.159423828125
35,16384,1,0x4B8F298BFC7BDC1A,0x5,0xA,828,980,152,1,0xF,0xF,1,1,2792,13592,0.170410156250
35,16384,2,0x4B8F298BFC7BDC1A,0x5,0x0,829,967,138,1,0x5,0x5,1,1,2682,13702,0.163696289062
35,16384,3,0x4B8F298BFC7BDC1A,0x5,0x5,808,962,154,1,0x0,0x0,1,1,2630,13754,0.160522460938
35,16384,4,0x4B8F298BFC7BDC1A,0x5,0x0,849,955,106,1,0x5,0x5,1,1,2711,13673,0.165466308594
35,16384,5,0x4B8F298BFC7BDC1A,0x5,0xA,851,985,134,1,0xF,0xF,1,1,2675,13709,0.163269042969
35,16384,6,0x4B8F298BFC7BDC1A,0x5,0x7,811,973,162,1,0x2,0x2,1,1,2660,13724,0.162353515625
35,16384,7,0x4B8F298BFC7BDC1A,0x5,0x1,845,976,131,1,0x4,0x4,1,1,2818,13566,0.171997070312
35,24576,0,0x4B8F298BFC7BDC1A,0x5,0x7,1282,1501,219,1,0x2,0x2,1,1,3964,20612,0.161295572917
35,24576,1,0x4B8F298BFC7BDC1A,0x5,0xA,1253,1493,240,1,0xF,0xF,1,1,4126,20450,0.167887369792
35,24576,2,0x4B8F298BFC7BDC1A,0x5,0x0,1269,1484,215,1,0x5,0x5,1,1,3969,20607,0.161499023438
35,24576,3,0x4B8F298BFC7BDC1A,0x5,0x5,1209,1508,299,1,0x0,0x0,1,1,3951,20625,0.160766601562
35,24576,4,0x4B8F298BFC7BDC1A,0x5,0x0,1249,1478,229,1,0x5,0x5,1,1,4061,20515,0.165242513021
35,24576,5,0x4B8F298BFC7BDC1A,0x5,0xA,1284,1505,221,1,0xF,0xF,1,1,3967,20609,0.161417643229
35,24576,6,0x4B8F298BFC7BDC1A,0x5,0x7,1253,1442,189,1,0x2,0x2,1,1,3996,20580,0.162597656250
35,24576,7,0x4B8F298BFC7BDC1A,0x5,0x1,1303,1467,164,1,0x4,0x4,1,1,4129,20447,0.168009440104
35,32768,0,0x4B8F298BFC7BDC1A,0x5,0x7,1726,1980,254,1,0x2,0x2,1,1,5286,27482,0.161315917969
35,32768,1,0x4B8F298BFC7BDC1A,0x5,0xA,1671,1978,307,1,0xF,0xF,1,1,5501,27267,0.167877197266
35,32768,2,0x4B8F298BFC7BDC1A,0x5,0x0,1690,1995,305,1,0x5,0x5,1,1,5309,27459,0.162017822266
35,32768,3,0x4B8F298BFC7BDC1A,0x5,0x5,1640,2031,391,1,0x0,0x0,1,1,5290,27478,0.161437988281
35,32768,4,0x4B8F298BFC7BDC1A,0x5,0x0,1680,1986,306,1,0x5,0x5,1,1,5403,27365,0.164886474609
35,32768,5,0x4B8F298BFC7BDC1A,0x5,0xA,1695,2008,313,1,0xF,0xF,1,1,5317,27451,0.162261962891
35,32768,6,0x4B8F298BFC7BDC1A,0x5,0x7,1697,1942,245,1,0x2,0x2,1,1,5298,27470,0.161682128906
35,32768,7,0x4B8F298BFC7BDC1A,0x5,0x1,1779,2006,227,1,0x4,0x4,1,1,5466,27302,0.166809082031
36,512,0,0xB260865D201D2267,0xA,0x3,21,27,6,1,0x9,0x1,1,0,73,439,0.142578125000
36,512,1,0xB260865D201D2267,0xA,0xF,21,24,3,1,0x5,0x8,1,0,85,427,0.166015625000
36,512,2,0xB260865D201D2267,0xA,0xE,22,24,2,1,0x4,0xF,1,0,88,424,0.171875000000
36,512,3,0xB260865D201D2267,0xA,0xC,26,29,3,1,0x6,0xC,1,0,72,440,0.140625000000
36,512,4,0xB260865D201D2267,0xA,0xE,22,25,3,1,0x4,0x4,1,1,101,411,0.197265625000
36,512,5,0xB260865D201D2267,0xA,0x9,20,22,2,2,0x0,0x3,0,0,87,425,0.169921875000
36,512,6,0xB260865D201D2267,0xA,0xF,22,23,1,1,0x5,0x0,1,0,84,428,0.164062500000
36,512,7,0xB260865D201D2267,0xA,0xF,20,22,2,1,0x5,0x5,1,1,73,439,0.142578125000
36,1024,0,0xB260865D201D2267,0xA,0x3,56,58,2,2,0x0,0x1,0,0,160,864,0.156250000000
36,1024,1,0xB260865D201D2267,0xA,0x2,43,48,5,1,0x8,0x8,1,1,174,850,0.169921875000
36,1024,2,0xB260865D201D2267,0xA,0x5,50,53,3,1,0xF,0xF,1,1,170,854,0.166015625000
36,1024,3,0xB260865D201D2267,0xA,0xC,48,59,11,1,0x6,0xC,1,0,150,874,0.146484375000
36,1024,4,0xB260865D201D2267,0xA,0x4,50,56,6,1,0xE,0x4,1,0,181,843,0.176757812500
36,1024,5,0xB260865D201D2267,0xA,0x9,42,50,8,1,0x3,0x3,1,1,160,864,0.156250000000
36,1024,6,0xB260865D201D2267,0xA,0x7,57,59,2,2,0x0,0x0,0,0,170,854,0.166015625000
36,1024,7,0xB260865D201D2267,0xA,0xF,47,50,3,1,0x5,0x5,1,1,160,864,0.156250000000
36,1536,0,0xB260865D201D2267,0xA,0x3,83,87,4,2,0x0,0x1,0,0,250,1286,0.162760416667
36,1536,1,0xB260865D201D2267,0xA,0x2,63,80,17,1,0x8,0x8,1,1,260,1276,0.169270833333
36,1536,2,0xB260865D201D2267,0xA,0x5,77,83,6,1,0xF,0xF,1,1,271,1265,0.176432291667
36,1536,3,0xB260865D201D2267,0xA,0xC,83,84,1,1,0x6,0xC,1,0,222,1314,0.144531250000
36,1536,4,0xB260865D201D2267,0xA,0x4,76,88,12,1,0xE,0x4,1,0,270,1266,0.175781250000
36,1536,5,0xB260865D201D2267,0xA,0x9,68,72,4,1,0x3,0x3,1,1,248,1288,0.161458333333
36,1536,6,0xB260865D201D2267,0xA,0x6,82,86,4,1,0xC,0x0,1,0,254,1282,0.165364583333
36,1536,7,0xB260865D201D2267,0xA,0x1,76,81,5,1,0xB,0x5,1,0,250,1286,0.162760416667
36,2048,0,0xB260865D201D2267,0xA,0xB,102,116,14,1,0x1,0x1,1,1,326,1722,0.159179687500
36,2048,1,0xB260865D201D2267,0xA,0x2,89,114,25,1,0x8,0x8,1,1,343,1705,0.167480468750
36,2048,2,0xB260865D201D2267,0xA,0xF,111,113,2,1,0x5,0xF,1,0,351,1697,0.171386718750
36,2048,3,0xB260865D201D2267,0xA,0x6,109,113,4,1,0xC,0xC,1,1,321,1727,0.156738281250
36,2048,4,0xB260865D201D2267,0xA,0x4,109,111,2,1,0xE,0x4,1,0,343,1705,0.167480468750
36,2048,5,0xB260865D201D2267,0xA,0x9,93,101,8,1,0x3,0x3,1,1,335,1713,0.163574218750
36,2048,6,0xB260865D201D2267,0xA,0xA,111,112,1,1,0x0,0x0,1,1,349,1699,0.170410156250
36,2048,7,0xB260865D201D2267,0xA,0x1,102,112,10,1,0xB,0x5,1,0,325,1723,0.158691406250
36,3072,0,0xB260865D201D2267,0xA,0xB,165,170,5,1,0x1,0x1,1,1,489,2583,0.159179687500
36,3072,1,0xB260865D201D2267,0xA,0x2,146,169,23,1,0x8,0x8,1,1,521,2551,0.169596354167
36,3072,2,0xB260865D201D2267,0xA,0x5,169,175,6,1,0xF,0xF,1,1,501,2571,0.163085937500
36,3072,3,0xB260865D201D2267,0xA,0x6,163,174,11,1,0xC,0xC,1,1,510,2562,0.166015625000
36,3072,4,0xB260865D201D2267,0xA,0xE,161,178,17,1,0x4,0x4,1,1,516,2556,0.167968750000
36,3072,5,0xB260865D201D2267,0xA,0x9,151,169,18,1,0x3,0x3,1,1,510,2562,0.166015625000
36,3072,6,0xB260865D201D2267,0xA,0xA,159,173,14,1,0x0,0x0,1,1,496,2576,0.161458333333
36,3072,7,0xB260865D201D2267,0xA,0x1,162,166,4,1,0xB,0x5,1,0,486,2586,0.158203125000
36,4096,0,0xB260865D201D2267,0xA,0xB,222,235,13,1,0x1,0x1,1,1,649,3447,0.158447265625
36,4096,1,0xB260865D201D2267,0xA,0x2,198,231,33,1,0x8,0x8,1,1,671,3425,0.163818359375
36,4096,2,0xB260865D201D2267,0xA,0x5,237,240,3,1,0xF,0xF,1,1,666,3430,0.162597656250
36,4096,3,0xB260865D201D2267,0xA,0x6,211,235,24,1,0xC,0xC,1,1,691,3405,0.168701171875
36,4096,4,0xB260865D201D2267,0xA,0xE,224,234,10,1,0x4,0x4,1,1,685,3411,0.167236328125
36,4096,5,0xB260865D201D2267,0xA,0x9,198,234,36,1,0x3,0x3,1,1,677,3419,0.165283203125
36,4096,6,0xB260865D201D2267,0xA,0xA,209,236,27,1,0x0,0x0,1,1,653,3443,0.159423828125
36,4096,7,0xB260865D201D2267,0xA,0xF,221,235,14,1,0x5,0x5,1,1,677,3419,0.165283203125
36,6144,0,0xB260865D201D2267,0xA,0xB,326,364,38,1,0x1,0x1,1,1,983,5161,0.159993489583
36,6144,1,0xB260865D201D2267,0xA,0x2,300,341,41,1,0x8,0x8,1,1,1010,5134,0.164388020833
36,6144,2,0xB260865D201D2267,0xA,0x5,342,359,17,1,0xF,0xF,1,1,988,5156,0.160807291667
36,6144,3,0xB260865D201D2267,0xA,0x6,317,370,53,1,0xC,0xC,1,1,1003,5141,0.163248697917
36,6144,4,0xB260865D201D2267,0xA,0x4,344,345,1,1,0xE,0x4,1,0,1011,5133,0.164550781250
36,6144,5,0xB260865D201D2267,0xA,0x9,293,367,74,1,0x3,0x3,1,1,996,5148,0.162109375000
36,6144,6,0xB260865D201D2267,0xA,0xA,324,345,21,1,0x0,0x0,1,1,987,5157,0.160644531250
36,6144,7,0xB260865D201D2267,0xA,0xF,311,355,44,1,0x5,0x5,1,1,1011,5133,0.164550781250
36,8192,0,0xB260865D201D2267,0xA,0xB,432,479,47,1,0x1,0x1,1,1,1345,6847,0.164184570312
36,8192,1,0xB260865D201D2267,0xA,0x2,413,471,58,1,0x8,0x8,1,1,1338,6854,0.163330078125
36,8192,2,0xB260865D201D2267,0xA,0x5,444,477,33,1,0xF,0xF,1,1,1318,6874,0.160888671875
36,8192,3,0xB260865D201D2267,0xA,0x6,435,484,49,1,0xC,0xC,1,1,1334,6858,0.162841796875
36,8192,4,0xB260865D201D2267,0xA,0xE,440,476,36,1,0x4,0x4,1,1,1377,6815,0.168090820312
36,8192,5,0xB260865D201D2267,0xA,0x9,422,483,61,1,0x3,0x3,1,1,1316,6876,0.160644531250
36,8192,6,0xB260865D201D2267,0xA,0xA,417,483,66,1,0x0,0x0,1,1,1324,6868,0.161621093750
36,8192,7,0xB260865D201D2267,0xA,0xF,404,468,64,1,0x5,0x5,1,1,1349,6843,0.164672851562
36,12288,0,0xB260865D201D2267,0xA,0xB,627,716,89,1,0x1,0x1,1,1,2045,10243,0.166422526042
36,12288,1,0xB260865D201D2267,0xA,0x2,628,717,89,1,0x8,0x8,1,1,2028,10260,0.165039062500
36,12288,2,0xB260865D201D2267,0xA,0x5,652,722,70,1,0xF,0xF,1,1,1958,10330,0.159342447917
36,12288,3,0xB260865D201D2267,0xA,0x6,648,734,86,1,0xC,0xC,1,1,2014,10274,0.163899739583
36,12288,4,0xB260865D201D2267,0xA,0xE,669,728,59,1,0x4,0x4,1,1,2042,10246,0.166178385417
36,12288,5,0xB260865D201D2267,0xA,0x9,630,740,110,1,0x3,0x3,1,1,2011,10277,0.163655598958
36,12288,6,0xB260865D201D2267,0xA,0xA,630,731,101,1,0x0,0x0,1,1,2011,10277,0.163655598958
36,12288,7,0xB260865D201D2267,0xA,0xF,629,722,93,1,0x5,0x5,1,1,2008,10280,0.163411458333
36,16384,0,0xB260865D201D2267,0xA,0xB,854,956,102,1,0x1,0x1,1,1,2746,13638,0.167602539062
36,16384,1,0xB260865D201D2267,0xA,0x2,841,942,101,1,0x8,0x8,1,1,2727,13657,0.166442871094
36,16384,2,0xB260865D201D2267,0xA,0x5,875,954,79,1,0xF,0xF,1,1,2615,13769,0.159606933594
36,16384,3,0xB260865D201D2267,0xA,0x6,865,974,109,1,0xC,0xC,1,1,2634,13750,0.160766601562
36,16384,4,0xB260865D201D2267,0xA,0xE,859,985,126,1,0x4,0x4,1,1,2730,13654,0.166625976562
36,16384,5,0xB260865D201D2267,0xA,0x9,847,994,147,1,0x3,0x3,1,1,2682,13702,0.163696289062
36,16384,6,0xB260865D201D2267,0xA,0xA,831,996,165,1,0x0,0x0,1,1,2707,13677,0.165222167969
36,16384,7,0xB260865D201D2267,0xA,0xF,816,976,160,1,0x5,0x5,1,1,2683,13701,0.163757324219
36,24576,0,0xB260865D201D2267,0xA,0xB,1258,1447,189,1,0x1,0x1,1,1,4106,20470,0.167073567708
36,24576,1,0xB260865D201D2267,0xA,0x2,1293,1443,150,1,0x8,0x8,1,1,4000,20576,0.162760416667
36,24576,2,0xB260865D201D2267,0xA,0x5,1322,1487,165,1,0xF,0xF,1,1,4000,20576,0.162760416667
36,24576,3,0xB260865D201D2267,0xA,0x6,1303,1466,163,1,0xC,0xC,1,1,3958,20618,0.161051432292
36,24576,4,0xB260865D201D2267,0xA,0xE,1286,1491,205,1,0x4,0x4,1,1,4061,20515,0.165242513021
36,24576,5,0xB260865D201D2267,0xA,0x9,1286,1500,214,1,0x3,0x3,1,1,4086,20490,0.166259765625
36,24576,6,0xB260865D201D2267,0xA,0xA,1298,1450,152,1,0x0,0x0,1,1,4052,20524,0.164876302083
36,24576,7,0xB260865D201D2267,0xA,0xF,1244,1485,241,1,0x5,0x5,1,1,4046,20530,0.164632161458
36,32768,0,0xB260865D201D2267,0xA,0xB,1688,1946,258,1,0x1,0x1,1,1,5398,27370,0.164733886719
36,32768,1,0xB260865D201D2267,0xA,0x2,1702,1966,264,1,0x8,0x8,1,1,5341,27427,0.162994384766
36,32768,2,0xB260865D201D2267,0xA,0x5,1719,1978,259,1,0xF,0xF,1,1,5313,27455,0.162139892578
36,32768,3,0xB260865D201D2267,0xA,0x6,1750,1996,246,1,0xC,0xC,1,1,5284,27484,0.161254882812
36,32768,4,0xB260865D201D2267,0xA,0xE,1722,2007,285,1,0x4,0x4,1,1,5398,27370,0.164733886719
36,32768,5,0xB260865D201D2267,0xA,0x9,1720,1994,274,1,0x3,0x3,1,1,5435,27333,0.165863037109
36,32768,6,0xB260865D201D2267,0xA,0xA,1724,2001,277,1,0x0,0x0,1,1,5426,27342,0.165588378906
36,32768,7,0xB260865D201D2267,0xA,0xF,1716,1996,280,1,0x5,0x5,1,1,5421,27347,0.165435791016
37,512,0,0x9BB902F5DC3226B7,0xE,0x3,24,26,2,3,0x0,0x3,0,0,86,426,0.167968750000
37,512,1,0x9BB902F5DC3226B7,0xE,0x6,22,23,1,1,0x8,0x0,1,0,75,437,0.146484375000
37,512,2,0x9BB902F5DC3226B7,0xE,0x2,25,26,1,1,0xC,0xF,1,0,77,435,0.150390625000
37,512,3,0x9BB902F5DC3226B7,0xE,0x2,22,27,5,1,0xC,0x8,1,0,81,431,0.158203125000
37,512,4,0x9BB902F5DC3226B7,0xE,0x7,23,24,1,1,0x9,0x9,1,1,92,420,0.179687500000
37,512,5,0x9BB902F5DC3226B7,0xE,0x8,23,24,1,1,0x6,0x9,1,0,103,409,0.201171875000
37,512,6,0x9BB902F5DC3226B7,0xE,0xF,21,23,2,1,0x1,0x2,1,0,75,437,0.146484375000
37,512,7,0x9BB902F5DC3226B7,0xE,0x3,24,26,2,1,0xD,0xF,1,0,73,439,0.142578125000
37,1024,0,0x9BB902F5DC3226B7,0xE,0x8,51,52,1,1,0x6,0x3,1,0,166,858,0.162109375000
37,1024,1,0x9BB902F5DC3226B7,0xE,0xE,45,51,6,1,0x0,0x0,1,1,161,863,0.157226562500
37,1024,2,0x9BB902F5DC3226B7,0xE,0x1,54,58,4,1,0xF,0xF,1,1,173,851,0.168945312500
37,1024,3,0x9BB902F5DC3226B7,0xE,0x2,53,54,1,1,0xC,0x8,1,0,163,861,0.159179687500
37,1024,4,0x9BB902F5DC3226B7,0xE,0x7,48,55,7,1,0x9,0x9,1,1,189,835,0.184570312500
37,1024,5,0x9BB902F5DC3226B7,0xE,0xB,52,54,2,1,0x5,0x9,1,0,184,840,0.179687500000
37,1024,6,0x9BB902F5DC3226B7,0xE,0xF,53,54,1,1,0x1,0x2,1,0,154,870,0.150390625000
37,1024,7,0x9BB902F5DC3226B7,0xE,0xC,51,52,1,1,0x2,0xF,1,0,141,883,0.137695312500
37,1536,0,0x9BB902F5DC3226B7,0xE,0x8,78,83,5,1,0x6,0x3,1,0,258,1278,0.167968750000
37,1536,1,0x9BB902F5DC3226B7,0xE,0xE,74,85,11,1,0x0,0x0,1,1,234,1302,0.152343750000
37,1536,2,0x9BB902F5DC3226B7,0xE,0x1,78,80,2,1,0xF,0xF,1,1,254,1282,0.165364583333
37,1536,3,0x9BB902F5DC3226B7,0xE,0x2,82,86,4,1,0xC,0x8,1,0,253,1283,0.164713541667
37,1536,4,0x9BB902F5DC3226B7,0xE,0x7,75,84,9,1,0x9,0x9,1,1,297,1239,0.193359375000
37,1536,5,0x9BB902F5DC3226B7,0xE,0xB,79,85,6,1,0x5,0x9,1,0,263,1273,0.171223958333
37,1536,6,0x9BB902F5DC3226B7,0xE,0xF,73,78,5,1,0x1,0x2,1,0,233,1303,0.151692708333
37,1536,7,0x9BB902F5DC3226B7,0xE,0x3,80,84,4,1,0xD,0xF,1,0,222,1314,0.144531250000
37,2048,0,0x9BB902F5DC3226B7,0xE,0xD,106,112,6,1,0x3,0x3,1,1,337,1711,0.164550781250
37,2048,1,0x9BB902F5DC3226B7,0xE,0xE,103,118,15,1,0x0,0x0,1,1,325,1723,0.158691406250
37,2048,2,0x9BB902F5DC3226B7,0xE,0x1,102,115,13,1,0xF,0xF,1,1,344,1704,0.167968750000
37,2048,3,0x9BB902F5DC3226B7,0xE,0xC,111,113,2,1,0x2,0x8,1,0,340,1708,0.166015625000
37,2048,4,0x9BB902F5DC3226B7,0xE,0x6,115,116,1,1,0x8,0x9,1,0,385,1663,0.187988281250
37,2048,5,0x9BB902F5DC3226B7,0xE,0xB,98,113,15,1,0x5,0x9,1,0,347,1701,0.169433593750
37,2048,6,0x9BB902F5DC3226B7,0xE,0xC,94,105,11,1,0x2,0x2,1,1,324,1724,0.158203125000
37,2048,7,0x9BB902F5DC3226B7,0xE,0x1,110,114,4,1,0xF,0xF,1,1,302,1746,0.147460937500
37,3072,0,0x9BB902F5DC3226B7,0xE,0xD,162,168,6,1,0x3,0x3,1,1,504,2568,0.164062500000
37,3072,1,0x9BB902F5DC3226B7,0xE,0xE,147,179,32,1,0x0,0x0,1,1,488,2584,0.158854166667
37,3072,2,0x9BB902F5DC3226B7,0xE,0x1,146,167,21,1,0xF,0xF,1,1,521,2551,0.169596354167
37,3072,3,0x9BB902F5DC3226B7,0xE,0xC,162,173,11,1,0x2,0x8,1,0,516,2556,0.167968750000
37,3072,4,0x9BB902F5DC3226B7,0xE,0x7,171,176,5,2,0x0,0x9,0,0,555,2517,0.180664062500
37,3072,5,0x9BB902F5DC3226B7,0xE,0xB,158,175,17,1,0x5,0x9,1,0,504,2568,0.164062500000
37,3072,6,0x9BB902F5DC3226B7,0xE,0xC,136,160,24,1,0x2,0x2,1,1,503,2569,0.163736979167
37,3072,7,0x9BB902F5DC3226B7,0xE,0x1,151,173,22,1,0xF,0xF,1,1,468,2604,0.152343750000
37,4096,0,0x9BB902F5DC3226B7,0xE,0xD,201,233,32,1,0x3,0x3,1,1,662,3434,0.161621093750
37,4096,1,0x9BB902F5DC3226B7,0xE,0xE,204,239,35,1,0x0,0x0,1,1,661,3435,0.161376953125
37,4096,2,0x9BB902F5DC3226B7,0xE,0x1,194,225,31,1,0xF,0xF,1,1,695,3401,0.169677734375
37,4096,3,0x9BB902F5DC3226B7,0xE,0xC,218,233,15,1,0x2,0x8,1,0,686,3410,0.167480468750
37,4096,4,0x9BB902F5DC3226B7,0xE,0x5,225,232,7,1,0xB,0x9,1,0,693,3403,0.169189453125
37,4096,5,0x9BB902F5DC3226B7,0xE,0xB,227,232,5,1,0x5,0x9,1,0,665,3431,0.162353515625
37,4096,6,0x9BB902F5DC3226B7,0xE,0xC,185,227,42,1,0x2,0x2,1,1,692,3404,0.168945312500
37,4096,7,0x9BB902F5DC3226B7,0xE,0x1,197,232,35,1,0xF,0xF,1,1,630,3466,0.153808593750
37,6144,0,0x9BB902F5DC3226B7,0xE,0xD,315,351,36,1,0x3,0x3,1,1,973,5171,0.158365885417
37,6144,1,0x9BB902F5DC3226B7,0xE,0xE,315,374,59,1,0x0,0x0,1,1,1000,5144,0.162760416667
37,6144,2,0x9BB902F5DC3226B7,0xE,0x1,292,352,60,1,0xF,0xF,1,1,1017,5127,0.165527343750
37,6144,3,0x9BB902F5DC3226B7,0xE,0xC,311,356,45,1,0x2,0x8,1,0,1012,5132,0.164713541667
37,6144,4,0x9BB902F5DC3226B7,0xE,0x7,332,348,16,1,0x9,0x9,1,1,1008,5136,0.164062500000
37,6144,5,0x9BB902F5DC3226B7,0xE,0x7,340,362,22,1,0x9,0x9,1,1,996,5148,0.162109375000
37,6144,6,0x9BB902F5DC3226B7,0xE,0xC,289,346,57,1,0x2,0x2,1,1,1062,5082,0.172851562500
37,6144,7,0x9BB902F5DC3226B7,0xE,0x1,310,347,37,1,0xF,0xF,1,1,970,5174,0.157877604167
37,8192,0,0x9BB902F5DC3226B7,0xE,0xD,428,466,38,1,0x3,0x3,1,1,1303,6889,0.159057617188
37,8192,1,0x9BB902F5DC3226B7,0xE,0xE,423,496,73,1,0x0,0x0,1,1,1329,6863,0.162231445312
37,8192,2,0x9BB902F5DC3226B7,0xE,0x1,403,467,64,1,0xF,0xF,1,1,1340,6852,0.163574218750
37,8192,3,0x9BB902F5DC3226B7,0xE,0xC,437,473,36,1,0x2,0x8,1,0,1378,6814,0.168212890625
37,8192,4,0x9BB902F5DC3226B7,0xE,0x7,450,455,5,1,0x9,0x9,1,1,1350,6842,0.164794921875
37,8192,5,0x9BB902F5DC3226B7,0xE,0x7,442,479,37,1,0x9,0x9,1,1,1310,6882,0.159912109375
37,8192,6,0x9BB902F5DC3226B7,0xE,0xC,377,461,84,1,0x2,0x2,1,1,1389,6803,0.169555664062
37,8192,7,0x9BB902F5DC3226B7,0xE,0x1,424,476,52,1,0xF,0xF,1,1,1292,6900,0.157714843750
37,12288,0,0x9BB902F5DC3226B7,0xE,0xD,662,738,76,1,0x3,0x3,1,1,1983,10305,0.161376953125
37,12288,1,0x9BB902F5DC3226B7,0xE,0xE,660,728,68,1,0x0,0x0,1,1,2003,10285,0.163004557292
37,12288,2,0x9BB902F5DC3226B7,0xE,0x1,605,722,117,1,0xF,0xF,1,1,2021,10267,0.164469401042
37,12288,3,0x9BB902F5DC3226B7,0xE,0xC,677,684,7,1,0x2,0x8,1,0,2063,10225,0.167887369792
37,12288,4,0x9BB902F5DC3226B7,0xE,0x7,656,705,49,1,0x9,0x9,1,1,2039,10249,0.165934244792
37,12288,5,0x9BB902F5DC3226B7,0xE,0x7,649,724,75,1,0x9,0x9,1,1,1992,10296,0.162109375000
37,12288,6,0x9BB902F5DC3226B7,0xE,0xC,588,698,110,1,0x2,0x2,1,1,2054,10234,0.167154947917
37,12288,7,0x9BB902F5DC3226B7,0xE,0x1,631,733,102,1,0xF,0xF,1,1,1971,10317,0.160400390625
37,16384,0,0x9BB902F5DC3226B7,0xE,0xD,893,995,102,1,0x3,0x3,1,1,2662,13722,0.162475585938
37,16384,1,0x9BB902F5DC3226B7,0xE,0xE,847,998,151,1,0x0,0x0,1,1,2691,13693,0.164245605469
37,16384,2,0x9BB902F5DC3226B7,0xE,0x1,837,962,125,1,0xF,0xF,1,1,2738,13646,0.167114257812
37,16384,3,0x9BB902F5DC3226B7,0xE,0x6,891,936,45,1,0x8,0x8,1,1,2741,13643,0.167297363281
37,16384,4,0x9BB902F5DC3226B7,0xE,0x7,872,976,104,1,0x9,0x9,1,1,2706,13678,0.165161132812
37,16384,5,0x9BB902F5DC3226B7,0xE,0x7,853,979,126,1,0x9,0x9,1,1,2684,13700,0.163818359375
37,16384,6,0x9BB902F5DC3226B7,0xE,0xC,794,962,168,1,0x2,0x2,1,1,2745,13639,0.167541503906
37,16384,7,0x9BB902F5DC3226B7,0xE,0x1,854,982,128,1,0xF,0xF,1,1,2636,13748,0.160888671875
37,24576,0,0x9BB902F5DC3226B7,0xE,0xD,1329,1510,181,1,0x3,0x3,1,1,3935,20641,0.160115559896
37,24576,1,0x9BB902F5DC3226B7,0xE,0xE,1267,1490,223,1,0x0,0x0,1,1,4018,20558,0.163492838542
37,24576,2,0x9BB902F5DC3226B7,0xE,0x1,1256,1443,187,1,0xF,0xF,1,1,4113,20463,0.167358398438
37,24576,3,0x9BB902F5DC3226B7,0xE,0x6,1282,1446,164,1,0x8,0x8,1,1,4148,20428,0.168782552083
37,24576,4,0x9BB902F5DC3226B7,0xE,0x7,1285,1494,209,1,0x9,0x9,1,1,4088,20488,0.166341145833
37,24576,5,0x9BB902F5DC3226B7,0xE,0x7,1274,1483,209,1,0x9,0x9,1,1,4009,20567,0.163126627604
37,24576,6,0x9BB902F5DC3226B7,0xE,0xC,1198,1498,300,1,0x2,0x2,1,1,4093,20483,0.166544596354
37,24576,7,0x9BB902F5DC3226B7,0xE,0x1,1286,1494,208,1,0xF,0xF,1,1,3987,20589,0.162231445312
37,32768,0,0x9BB902F5DC3226B7,0xE,0xD,1769,2014,245,1,0x3,0x3,1,1,5323,27445,0.162445068359
37,32768,1,0x9BB902F5DC3226B7,0xE,0xE,1711,2010,299,1,0x0,0x0,1,1,5284,27484,0.161254882812
37,32768,2,0x9BB902F5DC3226B7,0xE,0x1,1692,1973,281,1,0xF,0xF,1,1,5504,27264,0.167968750000
37,32768,3,0x9BB902F5DC3226B7,0xE,0x6,1718,1937,219,1,0x8,0x8,1,1,5474,27294,0.167053222656
37,32768,4,0x9BB902F5DC3226B7,0xE,0x7,1728,2010,282,1,0x9,0x9,1,1,5438,27330,0.165954589844
37,32768,5,0x9BB902F5DC3226B7,0xE,0x7,1727,1990,263,1,0x9,0x9,1,1,5310,27458,0.162048339844
37,32768,6,0x9BB902F5DC3226B7,0xE,0xC,1629,2018,389,1,0x2,0x2,1,1,5462,27306,0.166687011719
37,32768,7,0x9BB902F5DC3226B7,0xE,0x1,1705,1980,275,1,0xF,0xF,1,1,5358,27410,0.163513183594
38,512,0,0x7D57E103F8E1C63D,0xD,0x7,23,24,1,1,0xA,0x4,1,0,73,439,0.142578125000
38,512,1,0x7D57E103F8E1C63D,0xD,0xA,22,25,3,1,0x7,0xC,1,0,92,420,0.179687500000
38,512,2,0x7D57E103F8E1C63D,0xD,0x8,21,22,1,1,0x5,0x0,1,0,103,409,0.201171875000
38,512,3,0x7D57E103F8E1C63D,0xD,0x5,25,28,3,1,0x8,0x8,1,1,79,433,0.154296875000
38,512,4,0x7D57E103F8E1C63D,0xD,0x4,21,24,3,1,0x9,0x4,1,0,95,417,0.185546875000
38,512,5,0x7D57E103F8E1C63D,0xD,0xB,26,27,1,2,0x0,0xF,0,0,92,420,0.179687500000
38,512,6,0x7D57E103F8E1C63D,0xD,0x2,24,27,3,1,0xF,0x2,1,0,98,414,0.191406250000
38,512,7,0x7D57E103F8E1C63D,0xD,0xB,21,23,2,1,0x6,0x8,1,0,90,422,0.175781250000
38,1024,0,0x7D57E103F8E1C63D,0xD,0x7,50,55,5,1,0xA,0x4,1,0,148,876,0.144531250000
38,1024,1,0x7D57E103F8E1C63D,0xD,0xA,51,55,4,1,0x7,0xC,1,0,178,846,0.173828125000
38,1024,2,0x7D57E103F8E1C63D,0xD,0x3,49,53,4,1,0xE,0x0,1,0,184,840,0.179687500000
38,1024,3,0x7D57E103F8E1C63D,0xD,0x5,55,57,2,2,0x0,0x8,0,0,165,859,0.161132812500
38,1024,4,0x7D57E103F8E1C63D,0xD,0x9,45,47,2,1,0x4,0x4,1,1,183,841,0.178710937500
38,1024,5,0x7D57E103F8E1C63D,0xD,0xC,53,55,2,1,0x1,0xF,1,0,179,845,0.174804687500
38,1024,6,0x7D57E103F8E1C63D,0xD,0x0,56,60,4,3,0x0,0x2,0,0,186,838,0.181640625000
38,1024,7,0x7D57E103F8E1C63D,0xD,0x2,49,55,6,1,0xF,0x8,1,0,174,850,0.169921875000
38,1536,0,0x7D57E103F8E1C63D,0xD,0x7,83,85,2,1,0xA,0x4,1,0,247,1289,0.160807291667
38,1536,1,0x7D57E103F8E1C63D,0xD,0x1,86,87,1,1,0xC,0xC,1,1,265,1271,0.172526041667
38,1536,2,0x7D57E103F8E1C63D,0xD,0xD,77,82,5,1,0x0,0x0,1,1,263,1273,0.171223958333
38,1536,3,0x7D57E103F8E1C63D,0xD,0x0,82,83,1,1,0xD,0x8,1,0,247,1289,0.160807291667
38,1536,4,0x7D57E103F8E1C63D,0xD,0x9,73,80,7,1,0x4,0x4,1,1,269,1267,0.175130208333
38,1536,5,0x7D57E103F8E1C63D,0xD,0x2,76,85,9,1,0xF,0xF,1,1,270,1266,0.175781250000
38,1536,6,0x7D57E103F8E1C63D,0xD,0x2,78,81,3,1,0xF,0x2,1,0,265,1271,0.172526041667
38,1536,7,0x7D57E103F8E1C63D,0xD,0xB,86,91,5,1,0x6,0x8,1,0,265,1271,0.172526041667
38,2048,0,0x7D57E103F8E1C63D,0xD,0xA,109,112,3,1,0x7,0x4,1,0,323,1725,0.157714843750
38,2048,1,0x7D57E103F8E1C63D,0xD,0x1,117,118,1,2,0x0,0xC,0,0,345,1703,0.168457031250
38,2048,2,0x7D57E103F8E1C63D,0xD,0xD,105,110,5,1,0x0,0x0,1,1,350,1698,0.170898437500
38,2048,3,0x7D57E103F8E1C63D,0xD,0x5,112,113,1,1,0x8,0x8,1,1,332,1716,0.162109375000
38,2048,4,0x7D57E103F8E1C63D,0xD,0xD,107,108,1,1,0x0,0x4,1,0,349,1699,0.170410156250
38,2048,5,0x7D57E103F8E1C63D,0xD,0x2,109,118,9,1,0xF,0xF,1,1,367,1681,0.179199218750
38,2048,6,0x7D57E103F8E1C63D,0xD,0x2,106,113,7,1,0xF,0x2,1,0,352,1696,0.171875000000
38,2048,7,0x7D57E103F8E1C63D,0xD,0x6,115,117,2,1,0xB,0x8,1,0,345,1703,0.168457031250
38,3072,0,0x7D57E103F8E1C63D,0xD,0x7,169,177,8,1,0xA,0x4,1,0,473,2599,0.153971354167
38,3072,1,0x7D57E103F8E1C63D,0xD,0x1,164,176,12,1,0xC,0xC,1,1,531,2541,0.172851562500
38,3072,2,0x7D57E103F8E1C63D,0xD,0x3,164,173,9,1,0xE,0x0,1,0,518,2554,0.168619791667
38,3072,3,0x7D57E103F8E1C63D,0xD,0x5,171,172,1,1,0x8,0x8,1,1,495,2577,0.161132812500
38,3072,4,0x7D57E103F8E1C63D,0xD,0x9,163,164,1,1,0x4,0x4,1,1,528,2544,0.171875000000
38,3072,5,0x7D57E103F8E1C63D,0xD,0x2,155,178,23,1,0xF,0xF,1,1,522,2550,0.169921875000
38,3072,6,0x7D57E103F8E1C63D,0xD,0xF,152,170,18,1,0x2,0x2,1,1,543,2529,0.176757812500
38,3072,7,0x7D57E103F8E1C63D,0xD,0x6,171,172,1,1,0xB,0x8,1,0,530,2542,0.172526041667
38,4096,0,0x7D57E103F8E1C63D,0xD,0x7,226,232,6,1,0xA,0x4,1,0,617,3479,0.150634765625
38,4096,1,0x7D57E103F8E1C63D,0xD,0x1,220,240,20,1,0xC,0xC,1,1,691,3405,0.168701171875
38,4096,2,0x7D57E103F8E1C63D,0xD,0xD,228,237,9,1,0x0,0x0,1,1,685,3411,0.167236328125
38,4096,3,0x7D57E103F8E1C63D,0xD,0x5,221,232,11,1,0x8,0x8,1,1,664,3432,0.162109375000
38,4096,4,0x7D57E103F8E1C63D,0xD,0x9,203,233,30,1,0x4,0x4,1,1,714,3382,0.174316406250
38,4096,5,0x7D57E103F8E1C63D,0xD,0x2,199,236,37,1,0xF,0xF,1,1,673,3423,0.164306640625
38,4096,6,0x7D57E103F8E1C63D,0xD,0xF,204,228,24,1,0x2,0x2,1,1,722,3374,0.176269531250
38,4096,7,0x7D57E103F8E1C63D,0xD,0x5,229,235,6,1,0x8,0x8,1,1,691,3405,0.168701171875
38,6144,0,0x7D57E103F8E1C63D,0xD,0x9,347,353,6,1,0x4,0x4,1,1,936,5208,0.152343750000
38,6144,1,0x7D57E103F8E1C63D,0xD,0x1,328,356,28,1,0xC,0xC,1,1,1011,5133,0.164550781250
38,6144,2,0x7D57E103F8E1C63D,0xD,0xD,344,353,9,1,0x0,0x0,1,1,1033,5111,0.168131510417
38,6144,3,0x7D57E103F8E1C63D,0xD,0x5,341,360,19,1,0x8,0x8,1,1,989,5155,0.160970052083
38,6144,4,0x7D57E103F8E1C63D,0xD,0x9,312,361,49,1,0x4,0x4,1,1,1026,5118,0.166992187500
38,6144,5,0x7D57E103F8E1C63D,0xD,0x2,312,364,52,1,0xF,0xF,1,1,1028,5116,0.167317708333
38,6144,6,0x7D57E103F8E1C63D,0xD,0xF,313,361,48,1,0x2,0x2,1,1,1078,5066,0.175455729167
38,6144,7,0x7D57E103F8E1C63D,0xD,0x5,329,355,26,1,0x8,0x8,1,1,1028,5116,0.167317708333
38,8192,0,0x7D57E103F8E1C63D,0xD,0x9,456,462,6,1,0x4,0x4,1,1,1246,6946,0.152099609375
38,8192,1,0x7D57E103F8E1C63D,0xD,0x1,435,474,39,1,0xC,0xC,1,1,1358,6834,0.165771484375
38,8192,2,0x7D57E103F8E1C63D,0xD,0xD,452,480,28,1,0x0,0x0,1,1,1377,6815,0.168090820312
38,8192,3,0x7D57E103F8E1C63D,0xD,0x5,442,476,34,1,0x8,0x8,1,1,1333,6859,0.162719726562
38,8192,4,0x7D57E103F8E1C63D,0xD,0x9,414,481,67,1,0x4,0x4,1,1,1389,6803,0.169555664062
38,8192,5,0x7D57E103F8E1C63D,0xD,0x2,421,464,43,1,0xF,0xF,1,1,1356,6836,0.165527343750
38,8192,6,0x7D57E103F8E1C63D,0xD,0xF,410,478,68,1,0x2,0x2,1,1,1394,6798,0.170166015625
38,8192,7,0x7D57E103F8E1C63D,0xD,0x5,419,481,62,1,0x8,0x8,1,1,1339,6853,0.163452148438
38,12288,0,0x7D57E103F8E1C63D,0xD,0x9,670,728,58,1,0x4,0x4,1,1,1976,10312,0.160807291667
38,12288,1,0x7D57E103F8E1C63D,0xD,0x1,641,738,97,1,0xC,0xC,1,1,2035,10253,0.165608723958
38,12288,2,0x7D57E103F8E1C63D,0xD,0xD,686,714,28,1,0x0,0x0,1,1,2050,10238,0.166829427083
38,12288,3,0x7D57E103F8E1C63D,0xD,0x5,658,738,80,1,0x8,0x8,1,1,2008,10280,0.163411458333
38,12288,4,0x7D57E103F8E1C63D,0xD,0x9,637,730,93,1,0x4,0x4,1,1,2058,10230,0.167480468750
38,12288,5,0x7D57E103F8E1C63D,0xD,0x2,642,731,89,1,0xF,0xF,1,1,2047,10241,0.166585286458
38,12288,6,0x7D57E103F8E1C63D,0xD,0xF,635,733,98,1,0x2,0x2,1,1,2036,10252,0.165690104167
38,12288,7,0x7D57E103F8E1C63D,0xD,0x5,640,717,77,1,0x8,0x8,1,1,1965,10323,0.159912109375
38,16384,0,0x7D57E103F8E1C63D,0xD,0x9,897,989,92,1,0x4,0x4,1,1,2601,13783,0.158752441406
38,16384,1,0x7D57E103F8E1C63D,0xD,0x1,862,997,135,1,0xC,0xC,1,1,2694,13690,0.164428710938
38,16384,2,0x7D57E103F8E1C63D,0xD,0xD,890,957,67,1,0x0,0x0,1,1,2766,13618,0.168823242188
38,16384,3,0x7D57E103F8E1C63D,0xD,0x5,908,981,73,1,0x8,0x8,1,1,2629,13755,0.160461425781
38,16384,4,0x7D57E103F8E1C63D,0xD,0x9,847,983,136,1,0x4,0x4,1,1,2730,13654,0.166625976562
38,16384,5,0x7D57E103F8E1C63D,0xD,0x2,829,974,145,1,0xF,0xF,1,1,2694,13690,0.164428710938
38,16384,6,0x7D57E103F8E1C63D,0xD,0xF,837,977,140,1,0x2,0x2,1,1,2713,13671,0.165588378906
38,16384,7,0x7D57E103F8E1C63D,0xD,0x5,850,953,103,1,0x8,0x8,1,1,2641,13743,0.161193847656
38,24576,0,0x7D57E103F8E1C63D,0xD,0x9,1340,1499,159,1,0x4,0x4,1,1,3975,20601,0.161743164062
38,24576,1,0x7D57E103F8E1C63D,0xD,0x1,1318,1498,180,1,0xC,0xC,1,1,4004,20572,0.162923177083
38,24576,2,0x7D57E103F8E1C63D,0xD,0xD,1286,1471,185,1,0x0,0x0,1,1,4105,20471,0.167032877604
38,24576,3,0x7D57E103F8E1C63D,0xD,0x5,1323,1493,170,1,0x8,0x8,1,1,4003,20573,0.162882486979
38,24576,4,0x7D57E103F8E1C63D,0xD,0x9,1243,1493,250,1,0x4,0x4,1,1,4068,20508,0.165527343750
38,24576,5,0x7D57E103F8E1C63D,0xD,0x2,1276,1469,193,1,0xF,0xF,1,1,4035,20541,0.164184570312
38,24576,6,0x7D57E103F8E1C63D,0xD,0xF,1259,1468,209,1,0x2,0x2,1,1,4062,20514,0.165283203125
38,24576,7,0x7D57E103F8E1C63D,0xD,0x5,1243,1457,214,1,0x8,0x8,1,1,3928,20648,0.159830729167
38,32768,0,0x7D57E103F8E1C63D,0xD,0x9,1753,1986,233,1,0x4,0x4,1,1,5326,27442,0.162536621094
38,32768,1,0x7D57E103F8E1C63D,0xD,0x1,1730,2000,270,1,0xC,0xC,1,1,5343,27425,0.163055419922
38,32768,2,0x7D57E103F8E1C63D,0xD,0xD,1712,1972,260,1,0x0,0x0,1,1,5456,27312,0.166503906250
38,32768,3,0x7D57E103F8E1C63D,0xD,0x5,1773,2010,237,1,0x8,0x8,1,1,5341,27427,0.162994384766
38,32768,4,0x7D57E103F8E1C63D,0xD,0x9,1689,2016,327,1,0x4,0x4,1,1,5438,27330,0.165954589844
38,32768,5,0x7D57E103F8E1C63D,0xD,0x2,1732,1991,259,1,0xF,0xF,1,1,5377,27391,0.164093017578
38,32768,6,0x7D57E103F8E1C63D,0xD,0xF,1732,1995,263,1,0x2,0x2,1,1,5345,27423,0.163116455078
38,32768,7,0x7D57E103F8E1C63D,0xD,0x5,1689,1995,306,1,0x8,0x8,1,1,5260,27508,0.160522460938
39,512,0,0xE747E6A5267C104D,0xA,0xB,22,24,2,2,0x0,0xC,0,0,94,418,0.183593750000
39,512,1,0xE747E6A5267C104D,0xA,0x3,21,25,4,1,0x9,0x6,1,0,72,440,0.140625000000
39,512,2,0xE747E6A5267C104D,0xA,0xD,23,24,1,1,0x7,0x7,1,1,73,439,0.142578125000
39,512,3,0xE747E6A5267C104D,0xA,0x1,22,26,4,1,0xB,0x2,1,0,85,427,0.166015625000
39,512,4,0xE747E6A5267C104D,0xA,0x0,24,25,1,2,0x0,0x4,0,0,88,424,0.171875000000
39,512,5,0xE747E6A5267C104D,0xA,0x8,22,23,1,1,0x2,0x0,1,0,89,423,0.173828125000
39,512,6,0xE747E6A5267C104D,0xA,0x1,23,25,2,2,0x0,0x4,0,0,79,433,0.154296875000
39,512,7,0xE747E6A5267C104D,0xA,0x4,25,27,2,1,0xE,0xD,1,0,81,431,0.158203125000
39,1024,0,0xE747E6A5267C104D,0xA,0x9,44,52,8,1,0x3,0xC,1,0,178,846,0.173828125000
39,1024,1,0xE747E6A5267C104D,0xA,0xB,49,51,2,1,0x1,0x6,1,0,160,864,0.156250000000
39,1024,2,0xE747E6A5267C104D,0xA,0xD,52,57,5,1,0x7,0x7,1,1,151,873,0.147460937500
39,1024,3,0xE747E6A5267C104D,0xA,0x1,48,53,5,1,0xB,0x2,1,0,162,862,0.158203125000
39,1024,4,0xE747E6A5267C104D,0xA,0x3,48,55,7,1,0x9,0x4,1,0,174,850,0.169921875000
39,1024,5,0xE747E6A5267C104D,0xA,0xA,45,54,9,1,0x0,0x0,1,1,173,851,0.168945312500
39,1024,6,0xE747E6A5267C104D,0xA,0xE,52,55,3,1,0x4,0x4,1,1,173,851,0.168945312500
39,1024,7,0xE747E6A5267C104D,0xA,0x6,48,51,3,1,0xC,0xD,1,0,150,874,0.146484375000
39,1536,0,0xE747E6A5267C104D,0xA,0x9,81,85,4,1,0x3,0xC,1,0,264,1272,0.171875000000
39,1536,1,0xE747E6A5267C104D,0xA,0xC,83,87,4,1,0x6,0x6,1,1,254,1282,0.165364583333
39,1536,2,0xE747E6A5267C104D,0xA,0xD,75,85,10,1,0x7,0x7,1,1,248,1288,0.161458333333
39,1536,3,0xE747E6A5267C104D,0xA,0x8,73,84,11,1,0x2,0x2,1,1,246,1290,0.160156250000
39,1536,4,0xE747E6A5267C104D,0xA,0xE,75,86,11,1,0x4,0x4,1,1,254,1282,0.165364583333
39,1536,5,0xE747E6A5267C104D,0xA,0xA,72,76,4,1,0x0,0x0,1,1,253,1283,0.164713541667
39,1536,6,0xE747E6A5267C104D,0xA,0xE,77,84,7,1,0x4,0x4,1,1,256,1280,0.166666666667
39,1536,7,0xE747E6A5267C104D,0xA,0x6,79,82,3,1,0xC,0xD,1,0,238,1298,0.154947916667
39,2048,0,0xE747E6A5267C104D,0xA,0x0,112,116,4,1,0xA,0xC,1,0,354,1694,0.172851562500
39,2048,1,0xE747E6A5267C104D,0xA,0xA,110,117,7,1,0x0,0x6,1,0,343,1705,0.167480468750
39,2048,2,0xE747E6A5267C104D,0xA,0x5,108,116,8,2,0x0,0x7,0,0,326,1722,0.159179687500
39,2048,3,0xE747E6A5267C104D,0xA,0x8,92,113,21,1,0x2,0x2,1,1,346,1702,0.168945312500
39,2048,4,0xE747E6A5267C104D,0xA,0xE,102,113,11,1,0x4,0x4,1,1,344,1704,0.167968750000
39,2048,5,0xE747E6A5267C104D,0xA,0xA,98,117,19,1,0x0,0x0,1,1,333,1715,0.162597656250
39,2048,6,0xE747E6A5267C104D,0xA,0xE,104,120,16,1,0x4,0x4,1,1,341,1707,0.166503906250
39,2048,7,0xE747E6A5267C104D,0xA,0x7,106,107,1,2,0x0,0xD,0,0,320,1728,0.156250000000
39,3072,0,0xE747E6A5267C104D,0xA,0x0,170,175,5,1,0xA,0xC,1,0,524,2548,0.170572916667
39,3072,1,0xE747E6A5267C104D,0xA,0xC,166,179,13,1,0x6,0x6,1,1,508,2564,0.165364583333
39,3072,2,0xE747E6A5267C104D,0xA,0x7,161,167,6,1,0xD,0x7,1,0,488,2584,0.158854166667
39,3072,3,0xE747E6A5267C104D,0xA,0x8,140,176,36,1,0x2,0x2,1,1,502,2570,0.163411458333
39,3072,4,0xE747E6A5267C104D,0xA,0xE,169,172,3,1,0x4,0x4,1,1,499,2573,0.162434895833
39,3072,5,0xE747E6A5267C104D,0xA,0xA,156,176,20,1,0x0,0x0,1,1,520,2552,0.169270833333
39,3072,6,0xE747E6A5267C104D,0xA,0xE,149,176,27,1,0x4,0x4,1,1,513,2559,0.166992187500
39,3072,7,0xE747E6A5267C104D,0xA,0xF,160,166,6,1,0x5,0xD,1,0,507,2565,0.165039062500
39,4096,0,0xE747E6A5267C104D,0xA,0x9,237,238,1,1,0x3,0xC,1,0,680,3416,0.166015625000
39,4096,1,0xE747E6A5267C104D,0xA,0xC,213,241,28,1,0x6,0x6,1,1,657,3439,0.160400390625
39,4096,2,0xE747E6A5267C104D,0xA,0x7,215,218,3,1,0xD,0x7,1,0,661,3435,0.161376953125
39,4096,3,0xE747E6A5267C104D,0xA,0x8,191,233,42,1,0x2,0x2,1,1,678,3418,0.165527343750
39,4096,4,0xE747E6A5267C104D,0xA,0xE,215,231,16,1,0x4,0x4,1,1,671,3425,0.163818359375
39,4096,5,0xE747E6A5267C104D,0xA,0xA,212,234,22,1,0x0,0x0,1,1,687,3409,0.167724609375
39,4096,6,0xE747E6A5267C104D,0xA,0xE,208,240,32,1,0x4,0x4,1,1,684,3412,0.166992187500
39,4096,7,0xE747E6A5267C104D,0xA,0xF,222,224,2,1,0x5,0xD,1,0,686,3410,0.167480468750
39,6144,0,0xE747E6A5267C104D,0xA,0x9,344,355,11,1,0x3,0xC,1,0,986,5158,0.160481770833
39,6144,1,0xE747E6A5267C104D,0xA,0xC,346,363,17,1,0x6,0x6,1,1,992,5152,0.161458333333
39,6144,2,0xE747E6A5267C104D,0xA,0xD,321,355,34,1,0x7,0x7,1,1,998,5146,0.162434895833
39,6144,3,0xE747E6A5267C104D,0xA,0x8,286,367,81,1,0x2,0x2,1,1,989,5155,0.160970052083
39,6144,4,0xE747E6A5267C104D,0xA,0xE,326,345,19,1,0x4,0x4,1,1,997,5147,0.162272135417
39,6144,5,0xE747E6A5267C104D,0xA,0xA,321,354,33,1,0x0,0x0,1,1,1026,5118,0.166992187500
39,6144,6,0xE747E6A5267C104D,0xA,0xE,303,355,52,1,0x4,0x4,1,1,1037,5107,0.168782552083
39,6144,7,0xE747E6A5267C104D,0xA,0x7,331,352,21,1,0xD,0xD,1,1,1000,5144,0.162760416667
39,8192,0,0xE747E6A5267C104D,0xA,0x6,451,474,23,1,0xC,0xC,1,1,1317,6875,0.160766601562
39,8192,1,0xE747E6A5267C104D,0xA,0xC,439,475,36,1,0x6,0x6,1,1,1372,6820,0.167480468750
39,8192,2,0xE747E6A5267C104D,0xA,0xD,432,475,43,1,0x7,0x7,1,1,1349,6843,0.164672851562
39,8192,3,0xE747E6A5267C104D,0xA,0x8,396,478,82,1,0x2,0x2,1,1,1306,6886,0.159423828125
39,8192,4,0xE747E6A5267C104D,0xA,0xE,422,470,48,1,0x4,0x4,1,1,1345,6847,0.164184570312
39,8192,5,0xE747E6A5267C104D,0xA,0xA,423,462,39,1,0x0,0x0,1,1,1360,6832,0.166015625000
39,8192,6,0xE747E6A5267C104D,0xA,0xE,408,477,69,1,0x4,0x4,1,1,1370,6822,0.167236328125
39,8192,7,0xE747E6A5267C104D,0xA,0x7,428,481,53,1,0xD,0xD,1,1,1349,6843,0.164672851562
39,12288,0,0xE747E6A5267C104D,0xA,0x6,684,707,23,1,0xC,0xC,1,1,2009,10279,0.163492838542
39,12288,1,0xE747E6A5267C104D,0xA,0xC,658,728,70,1,0x6,0x6,1,1,2027,10261,0.164957682292
39,12288,2,0xE747E6A5267C104D,0xA,0xD,660,710,50,1,0x7,0x7,1,1,1989,10299,0.161865234375
39,12288,3,0xE747E6A5267C104D,0xA,0x8,572,727,155,1,0x2,0x2,1,1,1987,10301,0.161702473958
39,12288,4,0xE747E6A5267C104D,0xA,0xE,648,729,81,1,0x4,0x4,1,1,2031,10257,0.165283203125
39,12288,5,0xE747E6A5267C104D,0xA,0xA,635,711,76,1,0x0,0x0,1,1,2013,10275,0.163818359375
39,12288,6,0xE747E6A5267C104D,0xA,0xE,627,708,81,1,0x4,0x4,1,1,2017,10271,0.164143880208
39,12288,7,0xE747E6A5267C104D,0xA,0x7,640,739,99,1,0xD,0xD,1,1,2020,10268,0.164388020833
39,16384,0,0xE747E6A5267C104D,0xA,0x6,917,962,45,1,0xC,0xC,1,1,2671,13713,0.163024902344
39,16384,1,0xE747E6A5267C104D,0xA,0xC,897,976,79,1,0x6,0x6,1,1,2676,13708,0.163330078125
39,16384,2,0xE747E6A5267C104D,0xA,0xD,881,961,80,1,0x7,0x7,1,1,2642,13742,0.161254882812
39,16384,3,0xE747E6A5267C104D,0xA,0x8,785,956,171,1,0x2,0x2,1,1,2657,13727,0.162170410156
39,16384,4,0xE747E6A5267C104D,0xA,0xE,868,973,105,1,0x4,0x4,1,1,2678,13706,0.163452148438
39,16384,5,0xE747E6A5267C104D,0xA,0xA,837,966,129,1,0x0,0x0,1,1,2715,13669,0.165710449219
39,16384,6,0xE747E6A5267C104D,0xA,0xE,848,959,111,1,0x4,0x4,1,1,2666,13718,0.162719726562
39,16384,7,0xE747E6A5267C104D,0xA,0x7,863,982,119,1,0xD,0xD,1,1,2725,13659,0.166320800781
39,24576,0,0xE747E6A5267C104D,0xA,0x6,1355,1454,99,1,0xC,0xC,1,1,3969,20607,0.161499023438
39,24576,1,0xE747E6A5267C104D,0xA,0xC,1363,1465,102,1,0x6,0x6,1,1,3993,20583,0.162475585938
39,24576,2,0xE747E6A5267C104D,0xA,0xD,1286,1460,174,1,0x7,0x7,1,1,4060,20516,0.165201822917
39,24576,3,0xE747E6A5267C104D,0xA,0x8,1227,1450,223,1,0x2,0x2,1,1,4045,20531,0.164591471354
39,24576,4,0xE747E6A5267C104D,0xA,0xE,1288,1489,201,1,0x4,0x4,1,1,4026,20550,0.163818359375
39,24576,5,0xE747E6A5267C104D,0xA,0xA,1259,1461,202,1,0x0,0x0,1,1,4020,20556,0.163574218750
39,24576,6,0xE747E6A5267C104D,0xA,0xE,1288,1461,173,1,0x4,0x4,1,1,3971,20605,0.161580403646
39,24576,7,0xE747E6A5267C104D,0xA,0x7,1300,1496,196,1,0xD,0xD,1,1,4079,20497,0.165974934896
39,32768,0,0xE747E6A5267C104D,0xA,0x6,1797,1970,173,1,0xC,0xC,1,1,5291,27477,0.161468505859
39,32768,1,0xE747E6A5267C104D,0xA,0xC,1782,1947,165,1,0x6,0x6,1,1,5336,27432,0.162841796875
39,32768,2,0xE747E6A5267C104D,0xA,0xD,1712,2005,293,1,0x7,0x7,1,1,5413,27355,0.165191650391
39,32768,3,0xE747E6A5267C104D,0xA,0x8,1688,1996,308,1,0x2,0x2,1,1,5368,27400,0.163818359375
39,32768,4,0xE747E6A5267C104D,0xA,0xE,1737,1997,260,1,0x4,0x4,1,1,5389,27379,0.164459228516
39,32768,5,0xE747E6A5267C104D,0xA,0xA,1675,1957,282,1,0x0,0x0,1,1,5372,27396,0.163940429688
39,32768,6,0xE747E6A5267C104D,0xA,0xE,1713,2026,313,1,0x4,0x4,1,1,5290,27478,0.161437988281
39,32768,7,0xE747E6A5267C104D,0xA,0x7,1741,1984,243,1,0xD,0xD,1,1,5398,27370,0.164733886719
40,512,0,0xC3C1FDFEE7243C98,0xD,0xA,25,26,1,1,0x7,0xD,1,0,89,423,0.173828125000
40,512,1,0xC3C1FDFEE7243C98,0xD,0x3,20,25,5,1,0xE,0xE,1,1,88,424,0.171875000000
40,512,2,0xC3C1FDFEE7243C98,0xD,0xE,22,23,1,1,0x3,0x5,1,0,88,424,0.171875000000
40,512,3,0xC3C1FDFEE7243C98,0xD,0xC,24,27,3,1,0x1,0x9,1,0,88,424,0.171875000000
40,512,4,0xC3C1FDFEE7243C98,0xD,0x0,22,28,6,2,0x0,0xC,0,0,82,430,0.160156250000
40,512,5,0xC3C1FDFEE7243C98,0xD,0x6,26,27,1,3,0x0,0x3,0,0,92,420,0.179687500000
40,512,6,0xC3C1FDFEE7243C98,0xD,0x1,24,26,2,2,0x0,0xF,0,0,66,446,0.128906250000
40,512,7,0xC3C1FDFEE7243C98,0xD,0x8,20,25,5,1,0x5,0x5,1,1,75,437,0.146484375000
40,1024,0,0xC3C1FDFEE7243C98,0xD,0xC,50,54,4,1,0x1,0xD,1,0,178,846,0.173828125000
40,1024,1,0xC3C1FDFEE7243C98,0xD,0x3,45,56,11,1,0xE,0xE,1,1,181,843,0.176757812500
40,1024,2,0xC3C1FDFEE7243C98,0xD,0x8,50,53,3,1,0x5,0x5,1,1,174,850,0.169921875000
40,1024,3,0xC3C1FDFEE7243C98,0xD,0x1,52,53,1,2,0x0,0x9,0,0,159,865,0.155273437500
40,1024,4,0xC3C1FDFEE7243C98,0xD,0x0,51,53,2,1,0xD,0xC,1,0,166,858,0.162109375000
40,1024,5,0xC3C1FDFEE7243C98,0xD,0xA,54,55,1,1,0x7,0x3,1,0,176,848,0.171875000000
40,1024,6,0xC3C1FDFEE7243C98,0xD,0x0,57,58,1,1,0xD,0xF,1,0,149,875,0.145507812500
40,1024,7,0xC3C1FDFEE7243C98,0xD,0x8,50,59,9,2,0x0,0x5,0,0,166,858,0.162109375000
40,1536,0,0xC3C1FDFEE7243C98,0xD,0x0,76,85,9,2,0x0,0xD,0,0,262,1274,0.170572916667
40,1536,1,0xC3C1FDFEE7243C98,0xD,0x3,79,80,1,1,0xE,0xE,1,1,261,1275,0.169921875000
40,1536,2,0xC3C1FDFEE7243C98,0xD,0x8,70,78,8,1,0x5,0x5,1,1,262,1274,0.170572916667
40,1536,3,0xC3C1FDFEE7243C98,0xD,0x4,79,81,2,1,0x9,0x9,1,1,249,1287,0.162109375000
40,1536,4,0xC3C1FDFEE7243C98,0xD,0x1,77,87,10,1,0xC,0xC,1,1,239,1297,0.155598958333
40,1536,5,0xC3C1FDFEE7243C98,0xD,0xB,84,88,4,1,0x6,0x3,1,0,252,1284,0.164062500000
40,1536,6,0xC3C1FDFEE7243C98,0xD,0x0,82,86,4,1,0xD,0xF,1,0,232,1304,0.151041666667
40,1536,7,0xC3C1FDFEE7243C98,0xD,0x8,70,83,13,1,0x5,0x5,1,1,255,1281,0.166015625000
40,2048,0,0xC3C1FDFEE7243C98,0xD,0x0,104,107,3,1,0xD,0xD,1,1,362,1686,0.176757812500
40,2048,1,0xC3C1FDFEE7243C98,0xD,0x3,100,112,12,1,0xE,0xE,1,1,356,1692,0.173828125000
40,2048,2,0xC3C1FDFEE7243C98,0xD,0x8,96,106,10,1,0x5,0x5,1,1,344,1704,0.167968750000
40,2048,3,0xC3C1FDFEE7243C98,0xD,0x4,102,115,13,1,0x9,0x9,1,1,329,1719,0.160644531250
40,2048,4,0xC3C1FDFEE7243C98,0xD,0x2,108,114,6,1,0xF,0xC,1,0,336,1712,0.164062500000
40,2048,5,0xC3C1FDFEE7243C98,0xD,0xE,106,112,6,1,0x3,0x3,1,1,328,1720,0.160156250000
40,2048,6,0xC3C1FDFEE7243C98,0xD,0x0,110,114,4,1,0xD,0xF,1,0,310,1738,0.151367187500
40,2048,7,0xC3C1FDFEE7243C98,0xD,0x8,95,117,22,1,0x5,0x5,1,1,337,1711,0.164550781250
40,3072,0,0xC3C1FDFEE7243C98,0xD,0x0,146,176,30,1,0xD,0xD,1,1,522,2550,0.169921875000
40,3072,1,0xC3C1FDFEE7243C98,0xD,0x3,162,164,2,1,0xE,0xE,1,1,523,2549,0.170247395833
40,3072,2,0xC3C1FDFEE7243C98,0xD,0x8,153,162,9,1,0x5,0x5,1,1,514,2558,0.167317708333
40,3072,3,0xC3C1FDFEE7243C98,0xD,0x4,157,177,20,1,0x9,0x9,1,1,500,2572,0.162760416667
40,3072,4,0xC3C1FDFEE7243C98,0xD,0x1,165,176,11,1,0xC,0xC,1,1,492,2580,0.160156250000
40,3072,5,0xC3C1FDFEE7243C98,0xD,0xE,158,168,10,1,0x3,0x3,1,1,500,2572,0.162760416667
40,3072,6,0xC3C1FDFEE7243C98,0xD,0x2,161,172,11,1,0xF,0xF,1,1,473,2599,0.153971354167
40,3072,7,0xC3C1FDFEE7243C98,0xD,0x8,141,178,37,1,0x5,0x5,1,1,498,2574,0.162109375000
40,4096,0,0xC3C1FDFEE7243C98,0xD,0x0,215,228,13,1,0xD,0xD,1,1,658,3438,0.160644531250
40,4096,1,0xC3C1FDFEE7243C98,0xD,0x3,221,224,3,1,0xE,0xE,1,1,675,3421,0.164794921875
40,4096,2,0xC3C1FDFEE7243C98,0xD,0x8,199,229,30,1,0x5,0x5,1,1,677,3419,0.165283203125
40,4096,3,0xC3C1FDFEE7243C98,0xD,0x4,204,239,35,1,0x9,0x9,1,1,650,3446,0.158691406250
40,4096,4,0xC3C1FDFEE7243C98,0xD,0x1,221,235,14,1,0xC,0xC,1,1,644,3452,0.157226562500
40,4096,5,0xC3C1FDFEE7243C98,0xD,0xE,208,230,22,1,0x3,0x3,1,1,665,3431,0.162353515625
40,4096,6,0xC3C1FDFEE7243C98,0xD,0x2,224,240,16,1,0xF,0xF,1,1,629,3467,0.153564453125
40,4096,7,0xC3C1FDFEE7243C98,0xD,0x8,201,229,28,1,0x5,0x5,1,1,675,3421,0.164794921875
40,6144,0,0xC3C1FDFEE7243C98,0xD,0x0,324,352,28,1,0xD,0xD,1,1,1012,5132,0.164713541667
40,6144,1,0xC3C1FDFEE7243C98,0xD,0x3,335,346,11,1,0xE,0xE,1,1,993,5151,0.161621093750
40,6144,2,0xC3C1FDFEE7243C98,0xD,0x8,337,346,9,1,0x5,0x5,1,1,1000,5144,0.162760416667
40,6144,3,0xC3C1FDFEE7243C98,0xD,0x4,298,362,64,1,0x9,0x9,1,1,978,5166,0.159179687500
40,6144,4,0xC3C1FDFEE7243C98,0xD,0xA,342,351,9,1,0x7,0xC,1,0,981,5163,0.159667968750
40,6144,5,0xC3C1FDFEE7243C98,0xD,0xE,315,366,51,1,0x3,0x3,1,1,1014,5130,0.165039062500
40,6144,6,0xC3C1FDFEE7243C98,0xD,0x2,333,367,34,1,0xF,0xF,1,1,961,5183,0.156412760417
40,6144,7,0xC3C1FDFEE7243C98,0xD,0x8,325,343,18,1,0x5,0x5,1,1,992,5152,0.161458333333
40,8192,0,0xC3C1FDFEE7243C98,0xD,0x0,439,466,27,1,0xD,0xD,1,1,1336,6856,0.163085937500
40,8192,1,0xC3C1FDFEE7243C98,0xD,0x3,439,473,34,1,0xE,0xE,1,1,1335,6857,0.162963867188
40,8192,2,0xC3C1FDFEE7243C98,0xD,0x8,445,473,28,1,0x5,0x5,1,1,1353,6839,0.165161132812
40,8192,3,0xC3C1FDFEE7243C98,0xD,0x4,429,476,47,1,0x9,0x9,1,1,1287,6905,0.157104492188
40,8192,4,0xC3C1FDFEE7243C98,0xD,0x1,447,488,41,1,0xC,0xC,1,1,1344,6848,0.164062500000
40,8192,5,0xC3C1FDFEE7243C98,0xD,0xE,438,486,48,1,0x3,0x3,1,1,1330,6862,0.162353515625
40,8192,6,0xC3C1FDFEE7243C98,0xD,0x2,439,497,58,1,0xF,0xF,1,1,1300,6892,0.158691406250
40,8192,7,0xC3C1FDFEE7243C98,0xD,0x8,437,464,27,1,0x5,0x5,1,1,1306,6886,0.159423828125
40,12288,0,0xC3C1FDFEE7243C98,0xD,0x0,643,719,76,1,0xD,0xD,1,1,1981,10307,0.161214192708
40,12288,1,0xC3C1FDFEE7243C98,0xD,0x3,676,723,47,1,0xE,0xE,1,1,2027,10261,0.164957682292
40,12288,2,0xC3C1FDFEE7243C98,0xD,0x8,670,723,53,1,0x5,0x5,1,1,2015,10273,0.163981119792
40,12288,3,0xC3C1FDFEE7243C98,0xD,0x4,658,737,79,1,0x9,0x9,1,1,1966,10322,0.159993489583
40,12288,4,0xC3C1FDFEE7243C98,0xD,0x1,650,731,81,1,0xC,0xC,1,1,2052,10236,0.166992187500
40,12288,5,0xC3C1FDFEE7243C98,0xD,0xE,667,743,76,1,0x3,0x3,1,1,1989,10299,0.161865234375
40,12288,6,0xC3C1FDFEE7243C98,0xD,0x2,684,727,43,1,0xF,0xF,1,1,1932,10356,0.157226562500
40,12288,7,0xC3C1FDFEE7243C98,0xD,0x8,687,723,36,1,0x5,0x5,1,1,1966,10322,0.159993489583
40,16384,0,0xC3C1FDFEE7243C98,0xD,0x0,863,987,124,1,0xD,0xD,1,1,2662,13722,0.162475585938
40,16384,1,0xC3C1FDFEE7243C98,0xD,0x3,894,986,92,1,0xE,0xE,1,1,2652,13732,0.161865234375
40,16384,2,0xC3C1FDFEE7243C98,0xD,0x8,901,955,54,1,0x5,0x5,1,1,2709,13675,0.165344238281
40,16384,3,0xC3C1FDFEE7243C98,0xD,0x4,866,987,121,1,0x9,0x9,1,1,2631,13753,0.160583496094
40,16384,4,0xC3C1FDFEE7243C98,0xD,0x1,846,978,132,1,0xC,0xC,1,1,2725,13659,0.166320800781
40,16384,5,0xC3C1FDFEE7243C98,0xD,0xE,880,1005,125,1,0x3,0x3,1,1,2661,13723,0.162414550781
40,16384,6,0xC3C1FDFEE7243C98,0xD,0x2,922,974,52,1,0xF,0xF,1,1,2569,13815,0.156799316406
40,16384,7,0xC3C1FDFEE7243C98,0xD,0x8,908,986,78,1,0x5,0x5,1,1,2611,13773,0.159362792969
40,24576,0,0xC3C1FDFEE7243C98,0xD,0x0,1306,1497,191,1,0xD,0xD,1,1,4073,20503,0.165730794271
40,24576,1,0xC3C1FDFEE7243C98,0xD,0x3,1329,1454,125,1,0xE,0xE,1,1,4018,20558,0.163492838542
40,24576,2,0xC3C1FDFEE7243C98,0xD,0x8,1318,1465,147,1,0x5,0x5,1,1,4082,20494,0.166097005208
40,24576,3,0xC3C1FDFEE7243C98,0xD,0x4,1313,1514,201,1,0x9,0x9,1,1,4003,20573,0.162882486979
40,24576,4,0xC3C1FDFEE7243C98,0xD,0x1,1254,1474,220,1,0xC,0xC,1,1,4091,20485,0.166463216146
40,24576,5,0xC3C1FDFEE7243C98,0xD,0xE,1297,1497,200,1,0x3,0x3,1,1,4020,20556,0.163574218750
40,24576,6,0xC3C1FDFEE7243C98,0xD,0x2,1343,1487,144,1,0xF,0xF,1,1,3884,20692,0.158040364583
40,24576,7,0xC3C1FDFEE7243C98,0xD,0x8,1347,1489,142,1,0x5,0x5,1,1,3960,20616,0.161132812500
40,32768,0,0xC3C1FDFEE7243C98,0xD,0x0,1718,2029,311,1,0xD,0xD,1,1,5437,27331,0.165924072266
40,32768,1,0xC3C1FDFEE7243C98,0xD,0x3,1754,1943,189,1,0xE,0xE,1,1,5371,27397,0.163909912109
40,32768,2,0xC3C1FDFEE7243C98,0xD,0x8,1734,1990,256,1,0x5,0x5,1,1,5508,27260,0.168090820312
40,32768,3,0xC3C1FDFEE7243C98,0xD,0x4,1754,2005,251,1,0x9,0x9,1,1,5339,27429,0.162933349609
40,32768,4,0xC3C1FDFEE7243C98,0xD,0x1,1689,1996,307,1,0xC,0xC,1,1,5442,27326,0.166076660156
40,32768,5,0xC3C1FDFEE7243C98,0xD,0xE,1687,2007,320,1,0x3,0x3,1,1,5379,27389,0.164154052734
40,32768,6,0xC3C1FDFEE7243C98,0xD,0x2,1794,1989,195,1,0xF,0xF,1,1,5200,27568,0.158691406250
40,32768,7,0xC3C1FDFEE7243C98,0xD,0x8,1758,2002,244,1,0x5,0x5,1,1,5345,27423,0.163116455078
41,512,0,0x6881D5ED790313B3,0xB,0x0,21,23,2,1,0xB,0xE,1,0,76,436,0.148437500000
41,512,1,0x6881D5ED790313B3,0xB,0x4,23,25,2,1,0xF,0xF,1,1,76,436,0.148437500000
41,512,2,0x6881D5ED790313B3,0xB,0x9,20,21,1,1,0x2,0x2,1,1,90,422,0.175781250000
41,512,3,0x6881D5ED790313B3,0xB,0x6,22,23,1,1,0xD,0xD,1,1,91,421,0.177734375000
41,512,4,0x6881D5ED790313B3,0xB,0x6,25,26,1,1,0xD,0xD,1,1,80,432,0.156250000000
41,512,5,0x6881D5ED790313B3,0xB,0x0,24,25,1,1,0xB,0x8,1,0,75,437,0.146484375000
41,512,6,0x6881D5ED790313B3,0xB,0xA,22,27,5,2,0x0,0x9,0,0,89,423,0.173828125000
41,512,7,0x6881D5ED790313B3,0xB,0xD,23,24,1,1,0x6,0x6,1,1,90,422,0.175781250000
41,1024,0,0x6881D5ED790313B3,0xB,0xB,45,46,1,1,0x0,0xE,1,0,167,857,0.163085937500
41,1024,1,0x6881D5ED790313B3,0xB,0xE,47,54,7,1,0x5,0xF,1,0,146,878,0.142578125000
41,1024,2,0x6881D5ED790313B3,0xB,0x5,49,54,5,3,0x0,0x2,0,0,166,858,0.162109375000
41,1024,3,0x6881D5ED790313B3,0xB,0x6,44,48,4,1,0xD,0xD,1,1,166,858,0.162109375000
41,1024,4,0x6881D5ED790313B3,0xB,0x6,46,54,8,1,0xD,0xD,1,1,170,854,0.166015625000
41,1024,5,0x6881D5ED790313B3,0xB,0x3,41,53,12,1,0x8,0x8,1,1,161,863,0.157226562500
41,1024,6,0x6881D5ED790313B3,0xB,0xF,47,55,8,1,0x4,0x9,1,0,175,849,0.170898437500
41,1024,7,0x6881D5ED790313B3,0xB,0xB,45,46,1,1,0x0,0x6,1,0,172,852,0.167968750000
41,1536,0,0x6881D5ED790313B3,0xB,0x5,76,77,1,1,0xE,0xE,1,1,254,1282,0.165364583333
41,1536,1,0x6881D5ED790313B3,0xB,0xE,74,80,6,1,0x5,0xF,1,0,238,1298,0.154947916667
41,1536,2,0x6881D5ED790313B3,0xB,0xE,81,82,1,1,0x5,0x2,1,0,258,1278,0.167968750000
41,1536,3,0x6881D5ED790313B3,0xB,0x6,66,76,10,1,0xD,0xD,1,1,277,1259,0.180338541667
41,1536,4,0x6881D5ED790313B3,0xB,0x6,74,86,12,1,0xD,0xD,1,1,254,1282,0.165364583333
41,1536,5,0x6881D5ED790313B3,0xB,0x3,68,82,14,1,0x8,0x8,1,1,230,1306,0.149739583333
41,1536,6,0x6881D5ED790313B3,0xB,0xF,74,88,14,1,0x4,0x9,1,0,237,1299,0.154296875000
41,1536,7,0x6881D5ED790313B3,0xB,0x0,70,80,10,1,0xB,0x6,1,0,244,1292,0.158854166667
41,2048,0,0x6881D5ED790313B3,0xB,0x5,97,106,9,1,0xE,0xE,1,1,354,1694,0.172851562500
41,2048,1,0x6881D5ED790313B3,0xB,0xE,109,110,1,1,0x5,0xF,1,0,332,1716,0.162109375000
41,2048,2,0x6881D5ED790313B3,0xB,0x9,100,110,10,1,0x2,0x2,1,1,352,1696,0.171875000000
41,2048,3,0x6881D5ED790313B3,0xB,0x6,95,107,12,1,0xD,0xD,1,1,347,1701,0.169433593750
41,2048,4,0x6881D5ED790313B3,0xB,0x6,98,110,12,1,0xD,0xD,1,1,322,1726,0.157226562500
41,2048,5,0x6881D5ED790313B3,0xB,0x3,101,118,17,1,0x8,0x8,1,1,323,1725,0.157714843750
41,2048,6,0x6881D5ED790313B3,0xB,0xF,100,113,13,1,0x4,0x9,1,0,311,1737,0.151855468750
41,2048,7,0x6881D5ED790313B3,0xB,0x0,104,109,5,1,0xB,0x6,1,0,314,1734,0.153320312500
41,3072,0,0x6881D5ED790313B3,0xB,0x5,153,169,16,1,0xE,0xE,1,1,538,2534,0.175130208333
41,3072,1,0x6881D5ED790313B3,0xB,0xE,169,175,6,1,0x5,0xF,1,0,485,2587,0.157877604167
41,3072,2,0x6881D5ED790313B3,0xB,0x9,150,176,26,1,0x2,0x2,1,1,515,2557,0.167643229167
41,3072,3,0x6881D5ED790313B3,0xB,0x6,153,173,20,1,0xD,0xD,1,1,525,2547,0.170898437500
41,3072,4,0x6881D5ED790313B3,0xB,0x6,144,160,16,1,0xD,0xD,1,1,492,2580,0.160156250000
41,3072,5,0x6881D5ED790313B3,0xB,0x3,150,170,20,1,0x8,0x8,1,1,483,2589,0.157226562500
41,3072,6,0x6881D5ED790313B3,0xB,0xF,159,170,11,1,0x4,0x9,1,0,475,2597,0.154622395833
41,3072,7,0x6881D5ED790313B3,0xB,0xD,157,168,11,1,0x6,0x6,1,1,467,2605,0.152018229167
41,4096,0,0x6881D5ED790313B3,0xB,0x5,212,216,4,1,0xE,0xE,1,1,712,3384,0.173828125000
41,4096,1,0x6881D5ED790313B3,0xB,0x8,226,229,3,1,0x3,0xF,1,0,638,3458,0.155761718750
41,4096,2,0x6881D5ED790313B3,0xB,0x9,213,240,27,1,0x2,0x2,1,1,695,3401,0.169677734375
41,4096,3,0x6881D5ED790313B3,0xB,0x6,211,225,14,1,0xD,0xD,1,1,704,3392,0.171875000000
41,4096,4,0x6881D5ED790313B3,0xB,0x6,203,222,19,1,0xD,0xD,1,1,675,3421,0.164794921875
41,4096,5,0x6881D5ED790313B3,0xB,0x3,206,234,28,1,0x8,0x8,1,1,659,3437,0.160888671875
41,4096,6,0x6881D5ED790313B3,0xB,0xF,222,225,3,1,0x4,0x9,1,0,654,3442,0.159667968750
41,4096,7,0x6881D5ED790313B3,0xB,0xD,214,221,7,1,0x6,0x6,1,1,615,3481,0.150146484375
41,6144,0,0x6881D5ED790313B3,0xB,0x5,316,333,17,1,0xE,0xE,1,1,1070,5074,0.174153645833
41,6144,1,0x6881D5ED790313B3,0xB,0xE,333,351,18,1,0x5,0xF,1,0,1015,5129,0.165201822917
41,6144,2,0x6881D5ED790313B3,0xB,0x9,318,366,48,1,0x2,0x2,1,1,1026,5118,0.166992187500
41,6144,3,0x6881D5ED790313B3,0xB,0x6,331,359,28,1,0xD,0xD,1,1,1028,5116,0.167317708333
41,6144,4,0x6881D5ED790313B3,0xB,0x6,311,358,47,1,0xD,0xD,1,1,996,5148,0.162109375000
41,6144,5,0x6881D5ED790313B3,0xB,0x3,321,361,40,1,0x8,0x8,1,1,1001,5143,0.162923177083
41,6144,6,0x6881D5ED790313B3,0xB,0x2,335,344,9,1,0x9,0x9,1,1,997,5147,0.162272135417
41,6144,7,0x6881D5ED790313B3,0xB,0xD,322,356,34,1,0x6,0x6,1,1,938,5206,0.152669270833
41,8192,0,0x6881D5ED790313B3,0xB,0x5,427,446,19,1,0xE,0xE,1,1,1392,6800,0.169921875000
41,8192,1,0x6881D5ED790313B3,0xB,0x4,460,466,6,1,0xF,0xF,1,1,1344,6848,0.164062500000
41,8192,2,0x6881D5ED790313B3,0xB,0x9,439,494,55,1,0x2,0x2,1,1,1358,6834,0.165771484375
41,8192,3,0x6881D5ED790313B3,0xB,0x6,437,467,30,1,0xD,0xD,1,1,1380,6812,0.168457031250
41,8192,4,0x6881D5ED790313B3,0xB,0x6,423,481,58,1,0xD,0xD,1,1,1318,6874,0.160888671875
41,8192,5,0x6881D5ED790313B3,0xB,0x3,428,473,45,1,0x8,0x8,1,1,1361,6831,0.166137695312
41,8192,6,0x6881D5ED790313B3,0xB,0x2,444,482,38,1,0x9,0x9,1,1,1336,6856,0.163085937500
41,8192,7,0x6881D5ED790313B3,0xB,0xD,433,483,50,1,0x6,0x6,1,1,1279,6913,0.156127929688
41,12288,0,0x6881D5ED790313B3,0xB,0x5,665,718,53,1,0xE,0xE,1,1,2022,10266,0.164550781250
41,12288,1,0x6881D5ED790313B3,0xB,0x4,703,726,23,1,0xF,0xF,1,1,2036,10252,0.165690104167
41,12288,2,0x6881D5ED790313B3,0xB,0x9,634,746,112,1,0x2,0x2,1,1,2052,10236,0.166992187500
41,12288,3,0x6881D5ED790313B3,0xB,0x6,652,748,96,1,0xD,0xD,1,1,2051,10237,0.166910807292
41,12288,4,0x6881D5ED790313B3,0xB,0x6,623,720,97,1,0xD,0xD,1,1,2015,10273,0.163981119792
41,12288,5,0x6881D5ED790313B3,0xB,0x3,611,726,115,1,0x8,0x8,1,1,2077,10211,0.169026692708
41,12288,6,0x6881D5ED790313B3,0xB,0x2,653,730,77,1,0x9,0x9,1,1,2018,10270,0.164225260417
41,12288,7,0x6881D5ED790313B3,0xB,0xD,655,732,77,1,0x6,0x6,1,1,1911,10377,0.155517578125
41,16384,0,0x6881D5ED790313B3,0xB,0x5,902,942,40,1,0xE,0xE,1,1,2697,13687,0.164611816406
41,16384,1,0x6881D5ED790313B3,0xB,0x4,948,976,28,1,0xF,0xF,1,1,2704,13680,0.165039062500
41,16384,2,0x6881D5ED790313B3,0xB,0x9,842,985,143,1,0x2,0x2,1,1,2736,13648,0.166992187500
41,16384,3,0x6881D5ED790313B3,0xB,0x6,874,997,123,1,0xD,0xD,1,1,2713,13671,0.165588378906
41,16384,4,0x6881D5ED790313B3,0xB,0x6,856,982,126,1,0xD,0xD,1,1,2665,13719,0.162658691406
41,16384,5,0x6881D5ED790313B3,0xB,0x3,834,968,134,1,0x8,0x8,1,1,2700,13684,0.164794921875
41,16384,6,0x6881D5ED790313B3,0xB,0x2,872,979,107,1,0x9,0x9,1,1,2682,13702,0.163696289062
41,16384,7,0x6881D5ED790313B3,0xB,0xD,876,994,118,1,0x6,0x6,1,1,2595,13789,0.158386230469
41,24576,0,0x6881D5ED790313B3,0xB,0x5,1365,1456,91,1,0xE,0xE,1,1,4081,20495,0.166056315104
41,24576,1,0x6881D5ED790313B3,0xB,0x4,1348,1498,150,1,0xF,0xF,1,1,4042,20534,0.164469401042
41,24576,2,0x6881D5ED790313B3,0xB,0x9,1289,1495,206,1,0x2,0x2,1,1,4118,20458,0.167561848958
41,24576,3,0x6881D5ED790313B3,0xB,0x6,1323,1498,175,1,0xD,0xD,1,1,4052,20524,0.164876302083
41,24576,4,0x6881D5ED790313B3,0xB,0x6,1299,1456,157,1,0xD,0xD,1,1,4064,20512,0.165364583333
41,24576,5,0x6881D5ED790313B3,0xB,0x3,1332,1484,152,1,0x8,0x8,1,1,4020,20556,0.163574218750
41,24576,6,0x6881D5ED790313B3,0xB,0x2,1320,1509,189,1,0x9,0x9,1,1,4027,20549,0.163859049479
41,24576,7,0x6881D5ED790313B3,0xB,0xD,1319,1511,192,1,0x6,0x6,1,1,3943,20633,0.160441080729
41,32768,0,0x6881D5ED790313B3,0xB,0x5,1764,1974,210,1,0xE,0xE,1,1,5410,27358,0.165100097656
41,32768,1,0x6881D5ED790313B3,0xB,0x4,1810,1995,185,1,0xF,0xF,1,1,5388,27380,0.164428710938
41,32768,2,0x6881D5ED790313B3,0xB,0x9,1697,1984,287,1,0x2,0x2,1,1,5495,27273,0.167694091797
41,32768,3,0x6881D5ED790313B3,0xB,0x6,1750,2005,255,1,0xD,0xD,1,1,5416,27352,0.165283203125
41,32768,4,0x6881D5ED790313B3,0xB,0x6,1710,1995,285,1,0xD,0xD,1,1,5385,27383,0.164337158203
41,32768,5,0x6881D5ED790313B3,0xB,0x3,1766,1944,178,1,0x8,0x8,1,1,5353,27415,0.163360595703
41,32768,6,0x6881D5ED790313B3,0xB,0x2,1751,2014,263,1,0x9,0x9,1,1,5394,27374,0.164611816406
41,32768,7,0x6881D5ED790313B3,0xB,0xD,1748,2002,254,1,0x6,0x6,1,1,5278,27490,0.161071777344
42,512,0,0x5FF69B82A8D8A825,0xE,0xD,21,25,4,1,0x3,0x3,1,1,85,427,0.166015625000
42,512,1,0x5FF69B82A8D8A825,0xE,0x9,22,27,5,1,0x7,0x0,1,0,82,430,0.160156250000
42,512,2,0x5FF69B82A8D8A825,0xE,0x4,21,24,3,1,0xA,0x6,1,0,94,418,0.183593750000
42,512,3,0x5FF69B82A8D8A825,0xE,0xD,22,23,1,1,0x3,0x3,1,1,80,432,0.156250000000
42,512,4,0x5FF69B82A8D8A825,0xE,0x6,24,26,2,1,0x8,0xA,1,0,79,433,0.154296875000
42,512,5,0x5FF69B82A8D8A825,0xE,0x1,21,24,3,1,0xF,0xE,1,0,95,417,0.185546875000
42,512,6,0x5FF69B82A8D8A825,0xE,0xA,22,26,4,1,0x4,0x4,1,1,71,441,0.138671875000
42,512,7,0x5FF69B82A8D8A825,0xE,0xE,22,24,2,1,0x0,0xE,1,0,87,425,0.169921875000
42,1024,0,0x5FF69B82A8D8A825,0xE,0xD,53,55,2,1,0x3,0x3,1,1,187,837,0.182617187500
42,1024,1,0x5FF69B82A8D8A825,0xE,0xC,56,58,2,1,0x2,0x0,1,0,163,861,0.159179687500
42,1024,2,0x5FF69B82A8D8A825,0xE,0x2,51,53,2,1,0xC,0x6,1,0,179,845,0.174804687500
42,1024,3,0x5FF69B82A8D8A825,0xE,0xD,42,54,12,1,0x3,0x3,1,1,157,867,0.153320312500
42,1024,4,0x5FF69B82A8D8A825,0xE,0xB,50,53,3,1,0x5,0xA,1,0,166,858,0.162109375000
42,1024,5,0x5FF69B82A8D8A825,0xE,0x1,45,54,9,1,0xF,0xE,1,0,187,837,0.182617187500
42,1024,6,0x5FF69B82A8D8A825,0xE,0x6,55,56,1,3,0x0,0x4,0,0,161,863,0.157226562500
42,1024,7,0x5FF69B82A8D8A825,0xE,0x0,46,51,5,1,0xE,0xE,1,1,182,842,0.177734375000
42,1536,0,0x5FF69B82A8D8A825,0xE,0x9,83,85,2,1,0x7,0x3,1,0,278,1258,0.180989583333
42,1536,1,0x5FF69B82A8D8A825,0xE,0x6,84,87,3,1,0x8,0x0,1,0,249,1287,0.162109375000
42,1536,2,0x5FF69B82A8D8A825,0xE,0x8,78,81,3,1,0x6,0x6,1,1,255,1281,0.166015625000
42,1536,3,0x5FF69B82A8D8A825,0xE,0xD,64,90,26,1,0x3,0x3,1,1,237,1299,0.154296875000
42,1536,4,0x5FF69B82A8D8A825,0xE,0x7,81,87,6,1,0x9,0xA,1,0,241,1295,0.156901041667
42,1536,5,0x5FF69B82A8D8A825,0xE,0x1,79,82,3,1,0xF,0xE,1,0,271,1265,0.176432291667
42,1536,6,0x5FF69B82A8D8A825,0xE,0xF,80,83,3,1,0x1,0x4,1,0,245,1291,0.159505208333
42,1536,7,0x5FF69B82A8D8A825,0xE,0x0,67,85,18,1,0xE,0xE,1,1,270,1266,0.175781250000
42,2048,0,0x5FF69B82A8D8A825,0xE,0xD,112,116,4,1,0x3,0x3,1,1,375,1673,0.183105468750
42,2048,1,0x5FF69B82A8D8A825,0xE,0x4,114,115,1,1,0xA,0x0,1,0,338,1710,0.165039062500
42,2048,2,0x5FF69B82A8D8A825,0xE,0x8,104,112,8,1,0x6,0x6,1,1,346,1702,0.168945312500
42,2048,3,0x5FF69B82A8D8A825,0xE,0xD,89,117,28,1,0x3,0x3,1,1,321,1727,0.156738281250
42,2048,4,0x5FF69B82A8D8A825,0xE,0x7,108,113,5,1,0x9,0xA,1,0,341,1707,0.166503906250
42,2048,5,0x5FF69B82A8D8A825,0xE,0x1,102,113,11,1,0xF,0xE,1,0,346,1702,0.168945312500
42,2048,6,0x5FF69B82A8D8A825,0xE,0xF,113,114,1,1,0x1,0x4,1,0,338,1710,0.165039062500
42,2048,7,0x5FF69B82A8D8A825,0xE,0x0,93,115,22,1,0xE,0xE,1,1,358,1690,0.174804687500
42,3072,0,0x5FF69B82A8D8A825,0xE,0xD,161,178,17,1,0x3,0x3,1,1,531,2541,0.172851562500
42,3072,1,0x5FF69B82A8D8A825,0xE,0x4,172,175,3,1,0xA,0x0,1,0,520,2552,0.169270833333
42,3072,2,0x5FF69B82A8D8A825,0xE,0x8,163,178,15,1,0x6,0x6,1,1,501,2571,0.163085937500
42,3072,3,0x5FF69B82A8D8A825,0xE,0xD,137,177,40,1,0x3,0x3,1,1,499,2573,0.162434895833
42,3072,4,0x5FF69B82A8D8A825,0xE,0x4,165,174,9,1,0xA,0xA,1,1,487,2585,0.158528645833
42,3072,5,0x5FF69B82A8D8A825,0xE,0x0,165,172,7,1,0xE,0xE,1,1,513,2559,0.166992187500
42,3072,6,0x5FF69B82A8D8A825,0xE,0xA,169,172,3,1,0x4,0x4,1,1,523,2549,0.170247395833
42,3072,7,0x5FF69B82A8D8A825,0xE,0x0,142,170,28,1,0xE,0xE,1,1,524,2548,0.170572916667
42,4096,0,0x5FF69B82A8D8A825,0xE,0xD,214,230,16,1,0x3,0x3,1,1,698,3398,0.170410156250
42,4096,1,0x5FF69B82A8D8A825,0xE,0xE,224,228,4,1,0x0,0x0,1,1,686,3410,0.167480468750
42,4096,2,0x5FF69B82A8D8A825,0xE,0x8,216,233,17,1,0x6,0x6,1,1,692,3404,0.168945312500
42,4096,3,0x5FF69B82A8D8A825,0xE,0xD,187,237,50,1,0x3,0x3,1,1,671,3425,0.163818359375
42,4096,4,0x5FF69B82A8D8A825,0xE,0x4,218,233,15,1,0xA,0xA,1,1,662,3434,0.161621093750
42,4096,5,0x5FF69B82A8D8A825,0xE,0x0,213,225,12,1,0xE,0xE,1,1,706,3390,0.172363281250
42,4096,6,0x5FF69B82A8D8A825,0xE,0xA,217,230,13,1,0x4,0x4,1,1,697,3399,0.170166015625
42,4096,7,0x5FF69B82A8D8A825,0xE,0x0,199,231,32,1,0xE,0xE,1,1,696,3400,0.169921875000
42,6144,0,0x5FF69B82A8D8A825,0xE,0xD,315,369,54,1,0x3,0x3,1,1,1027,5117,0.167154947917
42,6144,1,0x5FF69B82A8D8A825,0xE,0xE,326,356,30,1,0x0,0x0,1,1,993,5151,0.161621093750
42,6144,2,0x5FF69B82A8D8A825,0xE,0x8,312,357,45,1,0x6,0x6,1,1,1041,5103,0.169433593750
42,6144,3,0x5FF69B82A8D8A825,0xE,0xD,310,351,41,1,0x3,0x3,1,1,979,5165,0.159342447917
42,6144,4,0x5FF69B82A8D8A825,0xE,0x4,313,356,43,1,0xA,0xA,1,1,1007,5137,0.163899739583
42,6144,5,0x5FF69B82A8D8A825,0xE,0x0,315,347,32,1,0xE,0xE,1,1,1031,5113,0.167805989583
42,6144,6,0x5FF69B82A8D8A825,0xE,0xA,317,355,38,1,0x4,0x4,1,1,1027,5117,0.167154947917
42,6144,7,0x5FF69B82A8D8A825,0xE,0x0,319,348,29,1,0xE,0xE,1,1,1031,5113,0.167805989583
42,8192,0,0x5FF69B82A8D8A825,0xE,0xD,420,490,70,1,0x3,0x3,1,1,1378,6814,0.168212890625
42,8192,1,0x5FF69B82A8D8A825,0xE,0xE,441,483,42,1,0x0,0x0,1,1,1339,6853,0.163452148438
42,8192,2,0x5FF69B82A8D8A825,0xE,0x8,426,489,63,1,0x6,0x6,1,1,1393,6799,0.170043945312
42,8192,3,0x5FF69B82A8D8A825,0xE,0xD,421,494,73,1,0x3,0x3,1,1,1315,6877,0.160522460938
42,8192,4,0x5FF69B82A8D8A825,0xE,0x4,409,481,72,1,0xA,0xA,1,1,1360,6832,0.166015625000
42,8192,5,0x5FF69B82A8D8A825,0xE,0x0,437,469,32,1,0xE,0xE,1,1,1366,6826,0.166748046875
42,8192,6,0x5FF69B82A8D8A825,0xE,0xA,411,467,56,1,0x4,0x4,1,1,1355,6837,0.165405273438
42,8192,7,0x5FF69B82A8D8A825,0xE,0x0,408,470,62,1,0xE,0xE,1,1,1384,6808,0.168945312500
42,12288,0,0x5FF69B82A8D8A825,0xE,0xD,632,746,114,1,0x3,0x3,1,1,2058,10230,0.167480468750
42,12288,1,0x5FF69B82A8D8A825,0xE,0xE,660,731,71,1,0x0,0x0,1,1,1982,10306,0.161295572917
42,12288,2,0x5FF69B82A8D8A825,0xE,0x8,647,725,78,1,0x6,0x6,1,1,2041,10247,0.166097005208
42,12288,3,0x5FF69B82A8D8A825,0xE,0xD,649,755,106,1,0x3,0x3,1,1,1974,10314,0.160644531250
42,12288,4,0x5FF69B82A8D8A825,0xE,0x4,613,739,126,1,0xA,0xA,1,1,2010,10278,0.163574218750
42,12288,5,0x5FF69B82A8D8A825,0xE,0x0,664,712,48,1,0xE,0xE,1,1,2026,10262,0.164876302083
42,12288,6,0x5FF69B82A8D8A825,0xE,0xA,626,713,87,1,0x4,0x4,1,1,2009,10279,0.163492838542
42,12288,7,0x5FF69B82A8D8A825,0xE,0x0,626,738,112,1,0xE,0xE,1,1,2059,10229,0.167561848958
42,16384,0,0x5FF69B82A8D8A825,0xE,0xD,842,999,157,1,0x3,0x3,1,1,2738,13646,0.167114257812
42,16384,1,0x5FF69B82A8D8A825,0xE,0xE,885,982,97,1,0x0,0x0,1,1,2658,13726,0.162231445312
42,16384,2,0x5FF69B82A8D8A825,0xE,0x8,863,977,114,1,0x6,0x6,1,1,2708,13676,0.165283203125
42,16384,3,0x5FF69B82A8D8A825,0xE,0xD,855,1001,146,1,0x3,0x3,1,1,2639,13745,0.161071777344
42,16384,4,0x5FF69B82A8D8A825,0xE,0x4,806,974,168,1,0xA,0xA,1,1,2670,13714,0.162963867188
42,16384,5,0x5FF69B82A8D8A825,0xE,0x0,883,980,97,1,0xE,0xE,1,1,2680,13704,0.163574218750
42,16384,6,0x5FF69B82A8D8A825,0xE,0xA,847,972,125,1,0x4,0x4,1,1,2691,13693,0.164245605469
42,16384,7,0x5FF69B82A8D8A825,0xE,0x0,827,989,162,1,0xE,0xE,1,1,2694,13690,0.164428710938
42,24576,0,0x5FF69B82A8D8A825,0xE,0xD,1259,1487,228,1,0x3,0x3,1,1,4100,20476,0.166829427083
42,24576,1,0x5FF69B82A8D8A825,0xE,0xE,1334,1503,169,1,0x0,0x0,1,1,3958,20618,0.161051432292
42,24576,2,0x5FF69B82A8D8A825,0xE,0x8,1328,1483,155,1,0x6,0x6,1,1,4026,20550,0.163818359375
42,24576,3,0x5FF69B82A8D8A825,0xE,0xD,1280,1486,206,1,0x3,0x3,1,1,3987,20589,0.162231445312
42,24576,4,0x5FF69B82A8D8A825,0xE,0x4,1255,1459,204,1,0xA,0xA,1,1,3994,20582,0.162516276042
42,24576,5,0x5FF69B82A8D8A825,0xE,0x0,1314,1497,183,1,0xE,0xE,1,1,3941,20635,0.160359700521
42,24576,6,0x5FF69B82A8D8A825,0xE,0xA,1304,1487,183,1,0x4,0x4,1,1,4013,20563,0.163289388021
42,24576,7,0x5FF69B82A8D8A825,0xE,0x0,1284,1473,189,1,0xE,0xE,1,1,4052,20524,0.164876302083
42,32768,0,0x5FF69B82A8D8A825,0xE,0xD,1673,1978,305,1,0x3,0x3,1,1,5457,27311,0.166534423828
42,32768,1,0x5FF69B82A8D8A825,0xE,0xE,1733,1995,262,1,0x0,0x0,1,1,5264,27504,0.160644531250
42,32768,2,0x5FF69B82A8D8A825,0xE,0x8,1768,1967,199,1,0x6,0x6,1,1,5376,27392,0.164062500000
42,32768,3,0x5FF69B82A8D8A825,0xE,0xD,1724,1993,269,1,0x3,0x3,1,1,5347,27421,0.163177490234
42,32768,4,0x5FF69B82A8D8A825,0xE,0x4,1679,1998,319,1,0xA,0xA,1,1,5372,27396,0.163940429688
42,32768,5,0x5FF69B82A8D8A825,0xE,0x0,1744,2011,267,1,0xE,0xE,1,1,5296,27472,0.161621093750
42,32768,6,0x5FF69B82A8D8A825,0xE,0xA,1734,1979,245,1,0x4,0x4,1,1,5309,27459,0.162017822266
42,32768,7,0x5FF69B82A8D8A825,0xE,0x0,1687,2003,316,1,0xE,0xE,1,1,5414,27354,0.165222167969
43,512,0,0x912C6C9230F527CD,0x5,0xB,21,25,4,1,0xE,0x7,1,0,89,423,0.173828125000
43,512,1,0x912C6C9230F527CD,0x5,0x9,22,23,1,2,0x0,0x8,0,0,83,429,0.162109375000
43,512,2,0x912C6C9230F527CD,0x5,0x8,22,25,3,1,0xD,0xD,1,1,97,415,0.189453125000
43,512,3,0x912C6C9230F527CD,0x5,0x1,22,27,5,2,0x0,0x7,0,0,83,429,0.162109375000
43,512,4,0x912C6C9230F527CD,0x5,0x1,23,25,2,1,0x4,0x1,1,0,86,426,0.167968750000
43,512,5,0x912C6C9230F527CD,0x5,0xC,20,26,6,1,0x9,0x9,1,1,73,439,0.142578125000
43,512,6,0x912C6C9230F527CD,0x5,0x4,20,22,2,1,0x1,0x6,1,0,77,435,0.150390625000
43,512,7,0x912C6C9230F527CD,0x5,0x5,22,25,3,1,0x0,0xA,1,0,99,413,0.193359375000
43,1024,0,0x912C6C9230F527CD,0x5,0x9,55,57,2,2,0x0,0x7,0,0,180,844,0.175781250000
43,1024,1,0x912C6C9230F527CD,0x5,0xA,52,54,2,2,0x0,0x8,0,0,170,854,0.166015625000
43,1024,2,0x912C6C9230F527CD,0x5,0x8,51,56,5,1,0xD,0xD,1,1,182,842,0.177734375000
43,1024,3,0x912C6C9230F527CD,0x5,0x1,55,56,1,1,0x4,0x7,1,0,169,855,0.165039062500
43,1024,4,0x912C6C9230F527CD,0x5,0x1,46,49,3,1,0x4,0x1,1,0,169,855,0.165039062500
43,1024,5,0x912C6C9230F527CD,0x5,0xC,40,54,14,1,0x9,0x9,1,1,151,873,0.147460937500
43,1024,6,0x912C6C9230F527CD,0x5,0x3,52,53,1,1,0x6,0x6,1,1,163,861,0.159179687500
43,1024,7,0x912C6C9230F527CD,0x5,0x5,54,55,1,1,0x0,0xA,1,0,185,839,0.180664062500
43,1536,0,0x912C6C9230F527CD,0x5,0x9,87,89,2,1,0xC,0x7,1,0,260,1276,0.169270833333
43,1536,1,0x912C6C9230F527CD,0x5,0xD,79,80,1,1,0x8,0x8,1,1,248,1288,0.161458333333
43,1536,2,0x912C6C9230F527CD,0x5,0x8,70,84,14,1,0xD,0xD,1,1,269,1267,0.175130208333
43,1536,3,0x912C6C9230F527CD,0x5,0x6,80,83,3,1,0x3,0x7,1,0,253,1283,0.164713541667
43,1536,4,0x912C6C9230F527CD,0x5,0x1,73,81,8,1,0x4,0x1,1,0,259,1277,0.168619791667
43,1536,5,0x912C6C9230F527CD,0x5,0xC,75,86,11,1,0x9,0x9,1,1,245,1291,0.159505208333
43,1536,6,0x912C6C9230F527CD,0x5,0x4,79,82,3,1,0x1,0x6,1,0,252,1284,0.164062500000
43,1536,7,0x912C6C9230F527CD,0x5,0xF,77,82,5,1,0xA,0xA,1,1,267,1269,0.173828125000
43,2048,0,0x912C6C9230F527CD,0x5,0x8,115,122,7,1,0xD,0x7,1,0,335,1713,0.163574218750
43,2048,1,0x912C6C9230F527CD,0x5,0xD,108,112,4,1,0x8,0x8,1,1,331,1717,0.161621093750
43,2048,2,0x912C6C9230F527CD,0x5,0x8,97,117,20,1,0xD,0xD,1,1,355,1693,0.173339843750
43,2048,3,0x912C6C9230F527CD,0x5,0x6,105,112,7,1,0x3,0x7,1,0,355,1693,0.173339843750
43,2048,4,0x912C6C9230F527CD,0x5,0x1,110,111,1,1,0x4,0x1,1,0,344,1704,0.167968750000
43,2048,5,0x912C6C9230F527CD,0x5,0xC,96,111,15,1,0x9,0x9,1,1,324,1724,0.158203125000
43,2048,6,0x912C6C9230F527CD,0x5,0x4,108,111,3,1,0x1,0x6,1,0,336,1712,0.164062500000
43,2048,7,0x912C6C9230F527CD,0x5,0xF,98,116,18,1,0xA,0xA,1,1,358,1690,0.174804687500
43,3072,0,0x912C6C9230F527CD,0x5,0x1,171,176,5,1,0x4,0x7,1,0,496,2576,0.161458333333
43,3072,1,0x912C6C9230F527CD,0x5,0xD,168,177,9,1,0x8,0x8,1,1,505,2567,0.164388020833
43,3072,2,0x912C6C9230F527CD,0x5,0x8,142,171,29,1,0xD,0xD,1,1,526,2546,0.171223958333
43,3072,3,0x912C6C9230F527CD,0x5,0xB,172,174,2,1,0xE,0x7,1,0,529,2543,0.172200520833
43,3072,4,0x912C6C9230F527CD,0x5,0x4,165,169,4,1,0x1,0x1,1,1,518,2554,0.168619791667
43,3072,5,0x912C6C9230F527CD,0x5,0xC,146,175,29,1,0x9,0x9,1,1,497,2575,0.161783854167
43,3072,6,0x912C6C9230F527CD,0x5,0x4,168,172,4,1,0x1,0x6,1,0,513,2559,0.166992187500
43,3072,7,0x912C6C9230F527CD,0x5,0xF,155,169,14,1,0xA,0xA,1,1,512,2560,0.166666666667
43,4096,0,0x912C6C9230F527CD,0x5,0x1,235,245,10,1,0x4,0x7,1,0,672,3424,0.164062500000
43,4096,1,0x912C6C9230F527CD,0x5,0xD,222,238,16,1,0x8,0x8,1,1,669,3427,0.163330078125
43,4096,2,0x912C6C9230F527CD,0x5,0x8,198,239,41,1,0xD,0xD,1,1,690,3406,0.168457031250
43,4096,3,0x912C6C9230F527CD,0x5,0x2,213,239,26,1,0x7,0x7,1,1,699,3397,0.170654296875
43,4096,4,0x912C6C9230F527CD,0x5,0x4,209,228,19,1,0x1,0x1,1,1,679,3417,0.165771484375
43,4096,5,0x912C6C9230F527CD,0x5,0xC,209,237,28,1,0x9,0x9,1,1,687,3409,0.167724609375
43,4096,6,0x912C6C9230F527CD,0x5,0x3,228,234,6,2,0x0,0x6,0,0,686,3410,0.167480468750
43,4096,7,0x912C6C9230F527CD,0x5,0xF,219,231,12,1,0xA,0xA,1,1,682,3414,0.166503906250
43,6144,0,0x912C6C9230F527CD,0x5,0x8,364,365,1,1,0xD,0x7,1,0,993,5151,0.161621093750
43,6144,1,0x912C6C9230F527CD,0x5,0xD,332,360,28,1,0x8,0x8,1,1,1009,5135,0.164225260417
43,6144,2,0x912C6C9230F527CD,0x5,0x8,292,370,78,1,0xD,0xD,1,1,1025,5119,0.166829427083
43,6144,3,0x912C6C9230F527CD,0x5,0x2,309,365,56,1,0x7,0x7,1,1,1017,5127,0.165527343750
43,6144,4,0x912C6C9230F527CD,0x5,0x4,313,363,50,1,0x1,0x1,1,1,1019,5125,0.165852864583
43,6144,5,0x912C6C9230F527CD,0x5,0xC,311,370,59,1,0x9,0x9,1,1,1007,5137,0.163899739583
43,6144,6,0x912C6C9230F527CD,0x5,0x3,337,346,9,1,0x6,0x6,1,1,1020,5124,0.166015625000
43,6144,7,0x912C6C9230F527CD,0x5,0xF,327,345,18,1,0xA,0xA,1,1,1044,5100,0.169921875000
43,8192,0,0x912C6C9230F527CD,0x5,0x5,484,492,8,1,0x0,0x7,1,0,1349,6843,0.164672851562
43,8192,1,0x912C6C9230F527CD,0x5,0xD,434,490,56,1,0x8,0x8,1,1,1311,6881,0.160034179688
43,8192,2,0x912C6C9230F527CD,0x5,0x8,408,494,86,1,0xD,0xD,1,1,1367,6825,0.166870117188
43,8192,3,0x912C6C9230F527CD,0x5,0x2,401,493,92,1,0x7,0x7,1,1,1374,6818,0.167724609375
43,8192,4,0x912C6C9230F527CD,0x5,0x4,419,480,61,1,0x1,0x1,1,1,1350,6842,0.164794921875
43,8192,5,0x912C6C9230F527CD,0x5,0xC,416,493,77,1,0x9,0x9,1,1,1360,6832,0.166015625000
43,8192,6,0x912C6C9230F527CD,0x5,0x3,437,475,38,1,0x6,0x6,1,1,1368,6824,0.166992187500
43,8192,7,0x912C6C9230F527CD,0x5,0xF,440,479,39,1,0xA,0xA,1,1,1350,6842,0.164794921875
43,12288,0,0x912C6C9230F527CD,0x5,0x5,729,730,1,1,0x0,0x7,1,0,2008,10280,0.163411458333
43,12288,1,0x912C6C9230F527CD,0x5,0xD,655,728,73,1,0x8,0x8,1,1,2034,10254,0.165527343750
43,12288,2,0x912C6C9230F527CD,0x5,0x8,642,738,96,1,0xD,0xD,1,1,2038,10250,0.165852864583
43,12288,3,0x912C6C9230F527CD,0x5,0x2,657,736,79,1,0x7,0x7,1,1,2007,10281,0.163330078125
43,12288,4,0x912C6C9230F527CD,0x5,0x4,628,727,99,1,0x1,0x1,1,1,2021,10267,0.164469401042
43,12288,5,0x912C6C9230F527CD,0x5,0xC,621,737,116,1,0x9,0x9,1,1,2047,10241,0.166585286458
43,12288,6,0x912C6C9230F527CD,0x5,0x3,648,741,93,1,0x6,0x6,1,1,2083,10205,0.169514973958
43,12288,7,0x912C6C9230F527CD,0x5,0xF,656,725,69,1,0xA,0xA,1,1,2033,10255,0.165445963542
43,16384,0,0x912C6C9230F527CD,0x5,0x2,950,974,24,1,0x7,0x7,1,1,2701,13683,0.164855957031
43,16384,1,0x912C6C9230F527CD,0x5,0xD,833,988,155,1,0x8,0x8,1,1,2724,13660,0.166259765625
43,16384,2,0x912C6C9230F527CD,0x5,0x8,846,985,139,1,0xD,0xD,1,1,2724,13660,0.166259765625
43,16384,3,0x912C6C9230F527CD,0x5,0x2,880,988,108,1,0x7,0x7,1,1,2677,13707,0.163391113281
43,16384,4,0x912C6C9230F527CD,0x5,0x4,846,994,148,1,0x1,0x1,1,1,2629,13755,0.160461425781
43,16384,5,0x912C6C9230F527CD,0x5,0xC,862,991,129,1,0x9,0x9,1,1,2719,13665,0.165954589844
43,16384,6,0x912C6C9230F527CD,0x5,0x3,888,986,98,1,0x6,0x6,1,1,2751,13633,0.167907714844
43,16384,7,0x912C6C9230F527CD,0x5,0xF,873,962,89,1,0xA,0xA,1,1,2673,13711,0.163146972656
43,24576,0,0x912C6C9230F527CD,0x5,0x2,1357,1498,141,1,0x7,0x7,1,1,4029,20547,0.163940429688
43,24576,1,0x912C6C9230F527CD,0x5,0xD,1266,1500,234,1,0x8,0x8,1,1,4000,20576,0.162760416667
43,24576,2,0x912C6C9230F527CD,0x5,0x8,1273,1485,212,1,0xD,0xD,1,1,4064,20512,0.165364583333
43,24576,3,0x912C6C9230F527CD,0x5,0x2,1313,1501,188,1,0x7,0x7,1,1,4029,20547,0.163940429688
43,24576,4,0x912C6C9230F527CD,0x5,0x4,1250,1487,237,1,0x1,0x1,1,1,4048,20528,0.164713541667
43,24576,5,0x912C6C9230F527CD,0x5,0xC,1291,1485,194,1,0x9,0x9,1,1,4049,20527,0.164754231771
43,24576,6,0x912C6C9230F527CD,0x5,0x3,1302,1481,179,1,0x6,0x6,1,1,4055,20521,0.164998372396
43,24576,7,0x912C6C9230F527CD,0x5,0xF,1355,1466,111,1,0xA,0xA,1,1,4040,20536,0.164388020833
43,32768,0,0x912C6C9230F527CD,0x5,0x2,1773,1994,221,1,0x7,0x7,1,1,5370,27398,0.163879394531
43,32768,1,0x912C6C9230F527CD,0x5,0xD,1674,2015,341,1,0x8,0x8,1,1,5339,27429,0.162933349609
43,32768,2,0x912C6C9230F527CD,0x5,0x8,1659,1995,336,1,0xD,0xD,1,1,5360,27408,0.163574218750
43,32768,3,0x912C6C9230F527CD,0x5,0x2,1728,2006,278,1,0x7,0x7,1,1,5378,27390,0.164123535156
43,32768,4,0x912C6C9230F527CD,0x5,0x4,1676,1989,313,1,0x1,0x1,1,1,5371,27397,0.163909912109
43,32768,5,0x912C6C9230F527CD,0x5,0xC,1719,2032,313,1,0x9,0x9,1,1,5394,27374,0.164611816406
43,32768,6,0x912C6C9230F527CD,0x5,0x3,1729,1985,256,1,0x6,0x6,1,1,5363,27405,0.163665771484
43,32768,7,0x912C6C9230F527CD,0x5,0xF,1796,1983,187,1,0xA,0xA,1,1,5300,27468,0.161743164062
44,512,0,0x90A6B8BE78C5525E,0x3,0x3,23,27,4,1,0x0,0x7,1,0,91,421,0.177734375000
44,512,1,0x90A6B8BE78C5525E,0x3,0xA,19,23,4,1,0x9,0x9,1,1,85,427,0.166015625000
44,512,2,0x90A6B8BE78C5525E,0x3,0xC,22,24,2,1,0xF,0xF,1,1,93,419,0.181640625000
44,512,3,0x90A6B8BE78C5525E,0x3,0x7,28,29,1,2,0x0,0x0,0,0,70,442,0.136718750000
44,512,4,0x90A6B8BE78C5525E,0x3,0xB,23,27,4,1,0x8,0x8,1,1,81,431,0.158203125000
44,512,5,0x90A6B8BE78C5525E,0x3,0x1,24,25,1,1,0x2,0x3,1,0,103,409,0.201171875000
44,512,6,0x90A6B8BE78C5525E,0x3,0xD,23,24,1,1,0xE,0x7,1,0,87,425,0.169921875000
44,512,7,0x90A6B8BE78C5525E,0x3,0x7,25,27,2,1,0x4,0x4,1,1,66,446,0.128906250000
44,1024,0,0x90A6B8BE78C5525E,0x3,0x3,47,55,8,1,0x0,0x7,1,0,170,854,0.166015625000
44,1024,1,0x90A6B8BE78C5525E,0x3,0xA,49,58,9,1,0x9,0x9,1,1,165,859,0.161132812500
44,1024,2,0x90A6B8BE78C5525E,0x3,0x0,48,53,5,1,0x3,0xF,1,0,176,848,0.171875000000
44,1024,3,0x90A6B8BE78C5525E,0x3,0x3,50,52,2,1,0x0,0x0,1,1,166,858,0.162109375000
44,1024,4,0x90A6B8BE78C5525E,0x3,0xB,53,55,2,1,0x8,0x8,1,1,175,849,0.170898437500
44,1024,5,0x90A6B8BE78C5525E,0x3,0x0,48,54,6,1,0x3,0x3,1,1,194,830,0.189453125000
44,1024,6,0x90A6B8BE78C5525E,0x3,0x2,51,54,3,1,0x1,0x7,1,0,166,858,0.162109375000
44,1024,7,0x90A6B8BE78C5525E,0x3,0x7,48,51,3,1,0x4,0x4,1,1,154,870,0.150390625000
44,1536,0,0x90A6B8BE78C5525E,0x3,0x4,78,81,3,1,0x7,0x7,1,1,254,1282,0.165364583333
44,1536,1,0x90A6B8BE78C5525E,0x3,0xA,73,85,12,1,0x9,0x9,1,1,244,1292,0.158854166667
44,1536,2,0x90A6B8BE78C5525E,0x3,0xC,79,80,1,1,0xF,0xF,1,1,258,1278,0.167968750000
44,1536,3,0x90A6B8BE78C5525E,0x3,0x3,76,85,9,2,0x0,0x0,0,0,252,1284,0.164062500000
44,1536,4,0x90A6B8BE78C5525E,0x3,0xB,76,85,9,1,0x8,0x8,1,1,249,1287,0.162109375000
44,1536,5,0x90A6B8BE78C5525E,0x3,0x0,69,86,17,1,0x3,0x3,1,1,294,1242,0.191406250000
44,1536,6,0x90A6B8BE78C5525E,0x3,0x4,75,85,10,1,0x7,0x7,1,1,253,1283,0.164713541667
44,1536,7,0x90A6B8BE78C5525E,0x3,0x7,75,86,11,1,0x4,0x4,1,1,222,1314,0.144531250000
44,2048,0,0x90A6B8BE78C5525E,0x3,0x4,107,108,1,1,0x7,0x7,1,1,335,1713,0.163574218750
44,2048,1,0x90A6B8BE78C5525E,0x3,0xA,104,112,8,1,0x9,0x9,1,1,327,1721,0.159667968750
44,2048,2,0x90A6B8BE78C5525E,0x3,0xE,115,118,3,2,0x0,0xF,0,0,344,1704,0.167968750000
44,2048,3,0x90A6B8BE78C5525E,0x3,0x8,101,104,3,1,0xB,0x0,1,0,325,1723,0.158691406250
44,2048,4,0x90A6B8BE78C5525E,0x3,0xB,102,109,7,1,0x8,0x8,1,1,324,1724,0.158203125000
44,2048,5,0x90A6B8BE78C5525E,0x3,0x0,109,111,2,1,0x3,0x3,1,1,388,1660,0.189453125000
44,2048,6,0x90A6B8BE78C5525E,0x3,0x4,93,118,25,1,0x7,0x7,1,1,339,1709,0.165527343750
44,2048,7,0x90A6B8BE78C5525E,0x3,0x7,98,117,19,1,0x4,0x4,1,1,310,1738,0.151367187500
44,3072,0,0x90A6B8BE78C5525E,0x3,0x4,168,173,5,1,0x7,0x7,1,1,488,2584,0.158854166667
44,3072,1,0x90A6B8BE78C5525E,0x3,0x0,162,164,2,1,0x3,0x9,1,0,492,2580,0.160156250000
44,3072,2,0x90A6B8BE78C5525E,0x3,0xF,170,174,4,1,0xC,0xF,1,0,513,2559,0.166992187500
44,3072,3,0x90A6B8BE78C5525E,0x3,0x3,155,165,10,1,0x0,0x0,1,1,484,2588,0.157552083333
44,3072,4,0x90A6B8BE78C5525E,0x3,0xB,159,166,7,1,0x8,0x8,1,1,500,2572,0.162760416667
44,3072,5,0x90A6B8BE78C5525E,0x3,0x0,156,180,24,1,0x3,0x3,1,1,539,2533,0.175455729167
44,3072,6,0x90A6B8BE78C5525E,0x3,0x4,144,176,32,1,0x7,0x7,1,1,515,2557,0.167643229167
44,3072,7,0x90A6B8BE78C5525E,0x3,0x7,159,169,10,1,0x4,0x4,1,1,488,2584,0.158854166667
44,4096,0,0x90A6B8BE78C5525E,0x3,0x4,214,233,19,1,0x7,0x7,1,1,662,3434,0.161621093750
44,4096,1,0x90A6B8BE78C5525E,0x3,0xA,221,222,1,1,0x9,0x9,1,1,672,3424,0.164062500000
44,4096,2,0x90A6B8BE78C5525E,0x3,0xC,225,234,9,1,0xF,0xF,1,1,669,3427,0.163330078125
44,4096,3,0x90A6B8BE78C5525E,0x3,0x3,209,226,17,1,0x0,0x0,1,1,662,3434,0.161621093750
44,4096,4,0x90A6B8BE78C5525E,0x3,0xB,212,224,12,1,0x8,0x8,1,1,682,3414,0.166503906250
44,4096,5,0x90A6B8BE78C5525E,0x3,0x0,206,239,33,1,0x3,0x3,1,1,681,3415,0.166259765625
44,4096,6,0x90A6B8BE78C5525E,0x3,0x4,201,237,36,1,0x7,0x7,1,1,678,3418,0.165527343750
44,4096,7,0x90A6B8BE78C5525E,0x3,0x7,218,225,7,1,0x4,0x4,1,1,668,3428,0.163085937500
44,6144,0,0x90A6B8BE78C5525E,0x3,0x4,310,356,46,1,0x7,0x7,1,1,1026,5118,0.166992187500
44,6144,1,0x90A6B8BE78C5525E,0x3,0xA,340,348,8,1,0x9,0x9,1,1,995,5149,0.161946614583
44,6144,2,0x90A6B8BE78C5525E,0x3,0xC,338,345,7,1,0xF,0xF,1,1,988,5156,0.160807291667
44,6144,3,0x90A6B8BE78C5525E,0x3,0x3,337,359,22,1,0x0,0x0,1,1,967,5177,0.157389322917
44,6144,4,0x90A6B8BE78C5525E,0x3,0xB,306,354,48,1,0x8,0x8,1,1,995,5149,0.161946614583
44,6144,5,0x90A6B8BE78C5525E,0x3,0x0,296,353,57,1,0x3,0x3,1,1,1042,5102,0.169596354167
44,6144,6,0x90A6B8BE78C5525E,0x3,0x4,297,355,58,1,0x7,0x7,1,1,1038,5106,0.168945312500
44,6144,7,0x90A6B8BE78C5525E,0x3,0x7,323,351,28,1,0x4,0x4,1,1,992,5152,0.161458333333
44,8192,0,0x90A6B8BE78C5525E,0x3,0x4,407,483,76,1,0x7,0x7,1,1,1352,6840,0.165039062500
44,8192,1,0x90A6B8BE78C5525E,0x3,0xA,450,458,8,1,0x9,0x9,1,1,1333,6859,0.162719726562
44,8192,2,0x90A6B8BE78C5525E,0x3,0xC,428,451,23,1,0xF,0xF,1,1,1308,6884,0.159667968750
44,8192,3,0x90A6B8BE78C5525E,0x3,0x3,439,481,42,1,0x0,0x0,1,1,1321,6871,0.161254882812
44,8192,4,0x90A6B8BE78C5525E,0x3,0xB,423,458,35,1,0x8,0x8,1,1,1358,6834,0.165771484375
44,8192,5,0x90A6B8BE78C5525E,0x3,0x0,399,484,85,1,0x3,0x3,1,1,1397,6795,0.170532226562
44,8192,6,0x90A6B8BE78C5525E,0x3,0x4,413,488,75,1,0x7,0x7,1,1,1403,6789,0.171264648438
44,8192,7,0x90A6B8BE78C5525E,0x3,0x7,448,474,26,1,0x4,0x4,1,1,1308,6884,0.159667968750
44,12288,0,0x90A6B8BE78C5525E,0x3,0x4,621,729,108,1,0x7,0x7,1,1,2023,10265,0.164632161458
44,12288,1,0x90A6B8BE78C5525E,0x3,0xA,642,729,87,1,0x9,0x9,1,1,2029,10259,0.165120442708
44,12288,2,0x90A6B8BE78C5525E,0x3,0xC,642,688,46,1,0xF,0xF,1,1,1961,10327,0.159586588542
44,12288,3,0x90A6B8BE78C5525E,0x3,0x3,672,728,56,1,0x0,0x0,1,1,1968,10320,0.160156250000
44,12288,4,0x90A6B8BE78C5525E,0x3,0xB,639,707,68,1,0x8,0x8,1,1,2018,10270,0.164225260417
44,12288,5,0x90A6B8BE78C5525E,0x3,0x0,606,737,131,1,0x3,0x3,1,1,2086,10202,0.169759114583
44,12288,6,0x90A6B8BE78C5525E,0x3,0x4,642,744,102,1,0x7,0x7,1,1,2084,10204,0.169596354167
44,12288,7,0x90A6B8BE78C5525E,0x3,0x7,691,730,39,1,0x4,0x4,1,1,2009,10279,0.163492838542
44,16384,0,0x90A6B8BE78C5525E,0x3,0x4,836,987,151,1,0x7,0x7,1,1,2692,13692,0.164306640625
44,16384,1,0x90A6B8BE78C5525E,0x3,0xA,872,974,102,1,0x9,0x9,1,1,2730,13654,0.166625976562
44,16384,2,0x90A6B8BE78C5525E,0x3,0xC,867,954,87,1,0xF,0xF,1,1,2631,13753,0.160583496094
44,16384,3,0x90A6B8BE78C5525E,0x3,0x3,863,986,123,1,0x0,0x0,1,1,2634,13750,0.160766601562
44,16384,4,0x90A6B8BE78C5525E,0x3,0xB,852,947,95,1,0x8,0x8,1,1,2699,13685,0.164733886719
44,16384,5,0x90A6B8BE78C5525E,0x3,0x0,825,973,148,1,0x3,0x3,1,1,2780,13604,0.169677734375
44,16384,6,0x90A6B8BE78C5525E,0x3,0x4,849,992,143,1,0x7,0x7,1,1,2773,13611,0.169250488281
44,16384,7,0x90A6B8BE78C5525E,0x3,0x7,934,987,53,1,0x4,0x4,1,1,2690,13694,0.164184570312
44,24576,0,0x90A6B8BE78C5525E,0x3,0x4,1296,1485,189,1,0x7,0x7,1,1,4022,20554,0.163655598958
44,24576,1,0x90A6B8BE78C5525E,0x3,0xA,1269,1503,234,1,0x9,0x9,1,1,4111,20465,0.167277018229
44,24576,2,0x90A6B8BE78C5525E,0x3,0xC,1268,1448,180,1,0xF,0xF,1,1,4017,20559,0.163452148438
44,24576,3,0x90A6B8BE78C5525E,0x3,0x3,1285,1498,213,1,0x0,0x0,1,1,3935,20641,0.160115559896
44,24576,4,0x90A6B8BE78C5525E,0x3,0xB,1261,1451,190,1,0x8,0x8,1,1,3987,20589,0.162231445312
44,24576,5,0x90A6B8BE78C5525E,0x3,0x0,1267,1472,205,1,0x3,0x3,1,1,4113,20463,0.167358398438
44,24576,6,0x90A6B8BE78C5525E,0x3,0x4,1303,1468,165,1,0x7,0x7,1,1,4124,20452,0.167805989583
44,24576,7,0x90A6B8BE78C5525E,0x3,0x7,1387,1472,85,1,0x4,0x4,1,1,4033,20543,0.164103190104
44,32768,0,0x90A6B8BE78C5525E,0x3,0x4,1737,1980,243,1,0x7,0x7,1,1,5355,27413,0.163421630859
44,32768,1,0x90A6B8BE78C5525E,0x3,0xA,1706,2007,301,1,0x9,0x9,1,1,5478,27290,0.167175292969
44,32768,2,0x90A6B8BE78C5525E,0x3,0xC,1691,1958,267,1,0xF,0xF,1,1,5429,27339,0.165679931641
44,32768,3,0x90A6B8BE78C5525E,0x3,0x3,1717,2028,311,1,0x0,0x0,1,1,5272,27496,0.160888671875
44,32768,4,0x90A6B8BE78C5525E,0x3,0xB,1705,1977,272,1,0x8,0x8,1,1,5369,27399,0.163848876953
44,32768,5,0x90A6B8BE78C5525E,0x3,0x0,1694,2013,319,1,0x3,0x3,1,1,5450,27318,0.166320800781
44,32768,6,0x90A6B8BE78C5525E,0x3,0x4,1727,2019,292,1,0x7,0x7,1,1,5481,27287,0.167266845703
44,32768,7,0x90A6B8BE78C5525E,0x3,0x7,1816,1976,160,1,0x4,0x4,1,1,5419,27349,0.165374755859
45,512,0,0x0E5703C686B8EA19,0x0,0x2,26,27,1,2,0x0,0x2,0,0,91,421,0.177734375000
45,512,1,0x0E5703C686B8EA19,0x0,0x9,26,27,1,1,0x9,0x4,1,0,86,426,0.167968750000
45,512,2,0x0E5703C686B8EA19,0x0,0x7,25,26,1,1,0x7,0x2,1,0,88,424,0.171875000000
45,512,3,0x0E5703C686B8EA19,0x0,0x5,24,25,1,2,0x0,0x5,0,0,92,420,0.179687500000
45,512,4,0x0E5703C686B8EA19,0x0,0x2,26,27,1,2,0x0,0x2,0,0,76,436,0.148437500000
45,512,5,0x0E5703C686B8EA19,0x0,0x1,22,23,1,1,0x1,0xE,1,0,86,426,0.167968750000
45,512,6,0x0E5703C686B8EA19,0x0,0x5,21,24,3,1,0x5,0xE,1,0,81,431,0.158203125000
45,512,7,0x0E5703C686B8EA19,0x0,0x2,25,27,2,1,0x2,0xD,1,0,71,441,0.138671875000
45,1024,0,0x0E5703C686B8EA19,0x0,0x2,50,58,8,1,0x2,0x2,1,1,171,853,0.166992187500
45,1024,1,0x0E5703C686B8EA19,0x0,0x4,48,56,8,1,0x4,0x4,1,1,168,856,0.164062500000
45,1024,2,0x0E5703C686B8EA19,0x0,0x2,48,54,6,1,0x2,0x2,1,1,179,845,0.174804687500
45,1024,3,0x0E5703C686B8EA19,0x0,0x5,38,53,15,1,0x5,0x5,1,1,181,843,0.176757812500
45,1024,4,0x0E5703C686B8EA19,0x0,0x5,53,54,1,2,0x0,0x2,0,0,153,871,0.149414062500
45,1024,5,0x0E5703C686B8EA19,0x0,0x1,50,53,3,3,0x0,0xE,0,0,158,866,0.154296875000
45,1024,6,0x0E5703C686B8EA19,0x0,0x5,45,51,6,1,0x5,0xE,1,0,159,865,0.155273437500
45,1024,7,0x0E5703C686B8EA19,0x0,0x4,46,51,5,1,0x4,0xD,1,0,153,871,0.149414062500
45,1536,0,0x0E5703C686B8EA19,0x0,0x2,76,89,13,1,0x2,0x2,1,1,254,1282,0.165364583333
45,1536,1,0x0E5703C686B8EA19,0x0,0x4,78,88,10,1,0x4,0x4,1,1,257,1279,0.167317708333
45,1536,2,0x0E5703C686B8EA19,0x0,0x2,62,84,22,1,0x2,0x2,1,1,275,1261,0.179036458333
45,1536,3,0x0E5703C686B8EA19,0x0,0x5,71,84,13,1,0x5,0x5,1,1,257,1279,0.167317708333
45,1536,4,0x0E5703C686B8EA19,0x0,0x2,80,82,2,1,0x2,0x2,1,1,232,1304,0.151041666667
45,1536,5,0x0E5703C686B8EA19,0x0,0x1,80,82,2,1,0x1,0xE,1,0,240,1296,0.156250000000
45,1536,6,0x0E5703C686B8EA19,0x0,0x5,76,81,5,1,0x5,0xE,1,0,257,1279,0.167317708333
45,1536,7,0x0E5703C686B8EA19,0x0,0x4,67,81,14,1,0x4,0xD,1,0,239,1297,0.155598958333
45,2048,0,0x0E5703C686B8EA19,0x0,0x2,101,113,12,1,0x2,0x2,1,1,336,1712,0.164062500000
45,2048,1,0x0E5703C686B8EA19,0x0,0x4,104,117,13,1,0x4,0x4,1,1,338,1710,0.165039062500
45,2048,2,0x0E5703C686B8EA19,0x0,0x2,85,115,30,1,0x2,0x2,1,1,358,1690,0.174804687500
45,2048,3,0x0E5703C686B8EA19,0x0,0x5,103,116,13,1,0x5,0x5,1,1,355,1693,0.173339843750
45,2048,4,0x0E5703C686B8EA19,0x0,0x2,110,113,3,1,0x2,0x2,1,1,314,1734,0.153320312500
45,2048,5,0x0E5703C686B8EA19,0x0,0x1,106,114,8,1,0x1,0xE,1,0,326,1722,0.159179687500
45,2048,6,0x0E5703C686B8EA19,0x0,0xE,108,112,4,1,0xE,0xE,1,1,346,1702,0.168945312500
45,2048,7,0x0E5703C686B8EA19,0x0,0xD,104,111,7,1,0xD,0xD,1,1,322,1726,0.157226562500
45,3072,0,0x0E5703C686B8EA19,0x0,0x2,155,180,25,1,0x2,0x2,1,1,492,2580,0.160156250000
45,3072,1,0x0E5703C686B8EA19,0x0,0x4,157,176,19,1,0x4,0x4,1,1,516,2556,0.167968750000
45,3072,2,0x0E5703C686B8EA19,0x0,0x2,133,178,45,1,0x2,0x2,1,1,530,2542,0.172526041667
45,3072,3,0x0E5703C686B8EA19,0x0,0x5,150,178,28,1,0x5,0x5,1,1,498,2574,0.162109375000
45,3072,4,0x0E5703C686B8EA19,0x0,0x2,165,172,7,1,0x2,0x2,1,1,486,2586,0.158203125000
45,3072,5,0x0E5703C686B8EA19,0x0,0x0,172,174,2,1,0x0,0xE,1,0,483,2589,0.157226562500
45,3072,6,0x0E5703C686B8EA19,0x0,0xE,156,170,14,1,0xE,0xE,1,1,517,2555,0.168294270833
45,3072,7,0x0E5703C686B8EA19,0x0,0xD,152,169,17,1,0xD,0xD,1,1,515,2557,0.167643229167
45,4096,0,0x0E5703C686B8EA19,0x0,0x2,211,227,16,1,0x2,0x2,1,1,663,3433,0.161865234375
45,4096,1,0x0E5703C686B8EA19,0x0,0x4,206,236,30,1,0x4,0x4,1,1,681,3415,0.166259765625
45,4096,2,0x0E5703C686B8EA19,0x0,0x2,187,233,46,1,0x2,0x2,1,1,715,3381,0.174560546875
45,4096,3,0x0E5703C686B8EA19,0x0,0x5,202,238,36,1,0x5,0x5,1,1,671,3425,0.163818359375
45,4096,4,0x0E5703C686B8EA19,0x0,0x2,219,231,12,1,0x2,0x2,1,1,650,3446,0.158691406250
45,4096,5,0x0E5703C686B8EA19,0x0,0xE,224,232,8,1,0xE,0xE,1,1,654,3442,0.159667968750
45,4096,6,0x0E5703C686B8EA19,0x0,0xE,210,230,20,1,0xE,0xE,1,1,694,3402,0.169433593750
45,4096,7,0x0E5703C686B8EA19,0x0,0xD,198,229,31,1,0xD,0xD,1,1,669,3427,0.163330078125
45,6144,0,0x0E5703C686B8EA19,0x0,0x2,321,341,20,1,0x2,0x2,1,1,1014,5130,0.165039062500
45,6144,1,0x0E5703C686B8EA19,0x0,0x4,306,343,37,1,0x4,0x4,1,1,1044,5100,0.169921875000
45,6144,2,0x0E5703C686B8EA19,0x0,0x2,279,365,86,1,0x2,0x2,1,1,1083,5061,0.176269531250
45,6144,3,0x0E5703C686B8EA19,0x0,0x5,292,366,74,1,0x5,0x5,1,1,1024,5120,0.166666666667
45,6144,4,0x0E5703C686B8EA19,0x0,0x2,309,364,55,1,0x2,0x2,1,1,988,5156,0.160807291667
45,6144,5,0x0E5703C686B8EA19,0x0,0xE,325,350,25,1,0xE,0xE,1,1,977,5167,0.159016927083
45,6144,6,0x0E5703C686B8EA19,0x0,0xE,308,356,48,1,0xE,0xE,1,1,1053,5091,0.171386718750
45,6144,7,0x0E5703C686B8EA19,0x0,0xD,311,356,45,1,0xD,0xD,1,1,990,5154,0.161132812500
45,8192,0,0x0E5703C686B8EA19,0x0,0x2,433,474,41,1,0x2,0x2,1,1,1354,6838,0.165283203125
45,8192,1,0x0E5703C686B8EA19,0x0,0x4,429,458,29,1,0x4,0x4,1,1,1396,6796,0.170410156250
45,8192,2,0x0E5703C686B8EA19,0x0,0x2,384,489,105,1,0x2,0x2,1,1,1428,6764,0.174316406250
45,8192,3,0x0E5703C686B8EA19,0x0,0x5,404,487,83,1,0x5,0x5,1,1,1369,6823,0.167114257812
45,8192,4,0x0E5703C686B8EA19,0x0,0x2,415,485,70,1,0x2,0x2,1,1,1322,6870,0.161376953125
45,8192,5,0x0E5703C686B8EA19,0x0,0xE,432,488,56,1,0xE,0xE,1,1,1307,6885,0.159545898438
45,8192,6,0x0E5703C686B8EA19,0x0,0xE,404,474,70,1,0xE,0xE,1,1,1415,6777,0.172729492188
45,8192,7,0x0E5703C686B8EA19,0x0,0xD,426,468,42,1,0xD,0xD,1,1,1323,6869,0.161499023438
45,12288,0,0x0E5703C686B8EA19,0x0,0x2,622,734,112,1,0x2,0x2,1,1,1999,10289,0.162679036458
45,12288,1,0x0E5703C686B8EA19,0x0,0x4,637,720,83,1,0x4,0x4,1,1,2046,10242,0.166503906250
45,12288,2,0x0E5703C686B8EA19,0x0,0x2,612,721,109,1,0x2,0x2,1,1,2122,10166,0.172688802083
45,12288,3,0x0E5703C686B8EA19,0x0,0x5,614,751,137,1,0x5,0x5,1,1,2035,10253,0.165608723958
45,12288,4,0x0E5703C686B8EA19,0x0,0x2,621,725,104,1,0x2,0x2,1,1,1986,10302,0.161621093750
45,12288,5,0x0E5703C686B8EA19,0x0,0xE,662,738,76,1,0xE,0xE,1,1,2042,10246,0.166178385417
45,12288,6,0x0E5703C686B8EA19,0x0,0xE,603,718,115,1,0xE,0xE,1,1,2090,10198,0.170084635417
45,12288,7,0x0E5703C686B8EA19,0x0,0xD,657,730,73,1,0xD,0xD,1,1,2000,10288,0.162760416667
45,16384,0,0x0E5703C686B8EA19,0x0,0x2,827,1001,174,1,0x2,0x2,1,1,2695,13689,0.164489746094
45,16384,1,0x0E5703C686B8EA19,0x0,0x4,857,981,124,1,0x4,0x4,1,1,2760,13624,0.168457031250
45,16384,2,0x0E5703C686B8EA19,0x0,0x2,834,985,151,1,0x2,0x2,1,1,2834,13550,0.172973632812
45,16384,3,0x0E5703C686B8EA19,0x0,0x5,846,999,153,1,0x5,0x5,1,1,2681,13703,0.163635253906
45,16384,4,0x0E5703C686B8EA19,0x0,0x2,822,953,131,1,0x2,0x2,1,1,2624,13760,0.160156250000
45,16384,5,0x0E5703C686B8EA19,0x0,0xE,881,964,83,1,0xE,0xE,1,1,2686,13698,0.163940429688
45,16384,6,0x0E5703C686B8EA19,0x0,0xE,799,978,179,1,0xE,0xE,1,1,2769,13615,0.169006347656
45,16384,7,0x0E5703C686B8EA19,0x0,0xD,883,975,92,1,0xD,0xD,1,1,2635,13749,0.160827636719
45,24576,0,0x0E5703C686B8EA19,0x0,0x2,1277,1502,225,1,0x2,0x2,1,1,4042,20534,0.164469401042
45,24576,1,0x0E5703C686B8EA19,0x0,0x4,1274,1515,241,1,0x4,0x4,1,1,4129,20447,0.168009440104
45,24576,2,0x0E5703C686B8EA19,0x0,0x2,1281,1474,193,1,0x2,0x2,1,1,4235,20341,0.172322591146
45,24576,3,0x0E5703C686B8EA19,0x0,0x5,1269,1501,232,1,0x5,0x5,1,1,4028,20548,0.163899739583
45,24576,4,0x0E5703C686B8EA19,0x0,0x2,1252,1471,219,1,0x2,0x2,1,1,3924,20652,0.159667968750
45,24576,5,0x0E5703C686B8EA19,0x0,0xE,1299,1485,186,1,0xE,0xE,1,1,4082,20494,0.166097005208
45,24576,6,0x0E5703C686B8EA19,0x0,0xE,1237,1479,242,1,0xE,0xE,1,1,4144,20432,0.168619791667
45,24576,7,0x0E5703C686B8EA19,0x0,0xD,1334,1463,129,1,0xD,0xD,1,1,3901,20675,0.158732096354
45,32768,0,0x0E5703C686B8EA19,0x0,0x2,1673,1986,313,1,0x2,0x2,1,1,5434,27334,0.165832519531
45,32768,1,0x0E5703C686B8EA19,0x0,0x4,1694,2021,327,1,0x4,0x4,1,1,5473,27295,0.167022705078
45,32768,2,0x0E5703C686B8EA19,0x0,0x2,1688,2020,332,1,0x2,0x2,1,1,5603,27165,0.170989990234
45,32768,3,0x0E5703C686B8EA19,0x0,0x5,1673,2009,336,1,0x5,0x5,1,1,5311,27457,0.162078857422
45,32768,4,0x0E5703C686B8EA19,0x0,0x2,1667,1999,332,1,0x2,0x2,1,1,5246,27522,0.160095214844
45,32768,5,0x0E5703C686B8EA19,0x0,0xE,1714,1969,255,1,0xE,0xE,1,1,5451,27317,0.166351318359
45,32768,6,0x0E5703C686B8EA19,0x0,0xE,1637,1987,350,1,0xE,0xE,1,1,5527,27241,0.168670654297
45,32768,7,0x0E5703C686B8EA19,0x0,0xD,1781,1935,154,1,0xD,0xD,1,1,5224,27544,0.159423828125
46,512,0,0x92E28643D2ECE669,0x0,0xB,21,23,2,1,0xB,0xB,1,1,103,409,0.201171875000
46,512,1,0x92E28643D2ECE669,0x0,0xD,19,22,3,1,0xD,0xA,1,0,61,451,0.119140625000
46,512,2,0x92E28643D2ECE669,0x0,0x7,22,24,2,1,0x7,0x5,1,0,89,423,0.173828125000
46,512,3,0x92E28643D2ECE669,0x0,0x1,21,23,2,1,0x1,0x3,1,0,90,422,0.175781250000
46,512,4,0x92E28643D2ECE669,0x0,0x9,24,25,1,1,0x9,0x5,1,0,86,426,0.167968750000
46,512,5,0x92E28643D2ECE669,0x0,0x8,21,25,4,2,0x0,0x6,0,0,81,431,0.158203125000
46,512,6,0x92E28643D2ECE669,0x0,0xC,27,28,1,2,0x0,0x7,0,0,86,426,0.167968750000
46,512,7,0x92E28643D2ECE669,0x0,0xC,20,22,2,1,0xC,0xA,1,0,82,430,0.160156250000
46,1024,0,0x92E28643D2ECE669,0x0,0xB,49,56,7,1,0xB,0xB,1,1,180,844,0.175781250000
46,1024,1,0x92E28643D2ECE669,0x0,0x0,47,51,4,1,0x0,0xA,1,0,148,876,0.144531250000
46,1024,2,0x92E28643D2ECE669,0x0,0x9,41,52,11,1,0x9,0x5,1,0,171,853,0.166992187500
46,1024,3,0x92E28643D2ECE669,0x0,0x7,52,55,3,1,0x7,0x3,1,0,178,846,0.173828125000
46,1024,4,0x92E28643D2ECE669,0x0,0x5,54,55,1,1,0x5,0x5,1,1,188,836,0.183593750000
46,1024,5,0x92E28643D2ECE669,0x0,0x8,52,53,1,2,0x0,0x6,0,0,170,854,0.166015625000
46,1024,6,0x92E28643D2ECE669,0x0,0xC,55,56,1,1,0xC,0x7,1,0,166,858,0.162109375000
46,1024,7,0x92E28643D2ECE669,0x0,0xC,47,53,6,1,0xC,0xA,1,0,165,859,0.161132812500
46,1536,0,0x92E28643D2ECE669,0x0,0xB,76,85,9,1,0xB,0xB,1,1,261,1275,0.169921875000
46,1536,1,0x92E28643D2ECE669,0x0,0x0,78,88,10,1,0x0,0xA,1,0,232,1304,0.151041666667
46,1536,2,0x92E28643D2ECE669,0x0,0x9,71,79,8,1,0x9,0x5,1,0,255,1281,0.166015625000
46,1536,3,0x92E28643D2ECE669,0x0,0x3,79,81,2,1,0x3,0x3,1,1,279,1257,0.181640625000
46,1536,4,0x92E28643D2ECE669,0x0,0x5,82,88,6,1,0x5,0x5,1,1,264,1272,0.171875000000
46,1536,5,0x92E28643D2ECE669,0x0,0x6,76,81,5,1,0x6,0x6,1,1,273,1263,0.177734375000
46,1536,6,0x92E28643D2ECE669,0x0,0xC,86,87,1,2,0x0,0x7,0,0,258,1278,0.167968750000
46,1536,7,0x92E28643D2ECE669,0x0,0xA,71,78,7,1,0xA,0xA,1,1,265,1271,0.172526041667
46,2048,0,0x92E28643D2ECE669,0x0,0xB,101,115,14,1,0xB,0xB,1,1,348,1700,0.169921875000
46,2048,1,0x92E28643D2ECE669,0x0,0x0,111,117,6,1,0x0,0xA,1,0,305,1743,0.148925781250
46,2048,2,0x92E28643D2ECE669,0x0,0x9,97,109,12,1,0x9,0x5,1,0,330,1718,0.161132812500
46,2048,3,0x92E28643D2ECE669,0x0,0x3,114,118,4,1,0x3,0x3,1,1,358,1690,0.174804687500
46,2048,4,0x92E28643D2ECE669,0x0,0x5,111,119,8,1,0x5,0x5,1,1,339,1709,0.165527343750
46,2048,5,0x92E28643D2ECE669,0x0,0x6,102,113,11,1,0x6,0x6,1,1,357,1691,0.174316406250
46,2048,6,0x92E28643D2ECE669,0x0,0x4,111,113,2,1,0x4,0x7,1,0,343,1705,0.167480468750
46,2048,7,0x92E28643D2ECE669,0x0,0xA,110,114,4,1,0xA,0xA,1,1,354,1694,0.172851562500
46,3072,0,0x92E28643D2ECE669,0x0,0xB,150,179,29,1,0xB,0xB,1,1,518,2554,0.168619791667
46,3072,1,0x92E28643D2ECE669,0x0,0x0,172,176,4,1,0x0,0xA,1,0,472,2600,0.153645833333
46,3072,2,0x92E28643D2ECE669,0x0,0x5,153,169,16,1,0x5,0x5,1,1,500,2572,0.162760416667
46,3072,3,0x92E28643D2ECE669,0x0,0x8,174,175,1,1,0x8,0x3,1,0,518,2554,0.168619791667
46,3072,4,0x92E28643D2ECE669,0x0,0x5,165,171,6,1,0x5,0x5,1,1,505,2567,0.164388020833
46,3072,5,0x92E28643D2ECE669,0x0,0x6,159,175,16,1,0x6,0x6,1,1,529,2543,0.172200520833
46,3072,6,0x92E28643D2ECE669,0x0,0xD,154,172,18,1,0xD,0x7,1,0,517,2555,0.168294270833
46,3072,7,0x92E28643D2ECE669,0x0,0xA,150,163,13,1,0xA,0xA,1,1,523,2549,0.170247395833
46,4096,0,0x92E28643D2ECE669,0x0,0xB,197,232,35,1,0xB,0xB,1,1,683,3413,0.166748046875
46,4096,1,0x92E28643D2ECE669,0x0,0x5,226,235,9,1,0x5,0xA,1,0,632,3464,0.154296875000
46,4096,2,0x92E28643D2ECE669,0x0,0x5,210,228,18,1,0x5,0x5,1,1,653,3443,0.159423828125
46,4096,3,0x92E28643D2ECE669,0x0,0x3,239,243,4,1,0x3,0x3,1,1,679,3417,0.165771484375
46,4096,4,0x92E28643D2ECE669,0x0,0x5,225,235,10,1,0x5,0x5,1,1,676,3420,0.165039062500
46,4096,5,0x92E28643D2ECE669,0x0,0x6,212,234,22,1,0x6,0x6,1,1,694,3402,0.169433593750
46,4096,6,0x92E28643D2ECE669,0x0,0xD,225,231,6,1,0xD,0x7,1,0,699,3397,0.170654296875
46,4096,7,0x92E28643D2ECE669,0x0,0xA,194,217,23,1,0xA,0xA,1,1,687,3409,0.167724609375
46,6144,0,0x92E28643D2ECE669,0x0,0xB,309,361,52,1,0xB,0xB,1,1,1010,5134,0.164388020833
46,6144,1,0x92E28643D2ECE669,0x0,0xA,333,363,30,1,0xA,0xA,1,1,999,5145,0.162597656250
46,6144,2,0x92E28643D2ECE669,0x0,0x5,318,367,49,1,0x5,0x5,1,1,1002,5142,0.163085937500
46,6144,3,0x92E28643D2ECE669,0x0,0x3,345,360,15,1,0x3,0x3,1,1,1031,5113,0.167805989583
46,6144,4,0x92E28643D2ECE669,0x0,0x5,325,349,24,1,0x5,0x5,1,1,1002,5142,0.163085937500
46,6144,5,0x92E28643D2ECE669,0x0,0x6,317,351,34,1,0x6,0x6,1,1,1050,5094,0.170898437500
46,6144,6,0x92E28643D2ECE669,0x0,0x7,334,343,9,1,0x7,0x7,1,1,1027,5117,0.167154947917
46,6144,7,0x92E28643D2ECE669,0x0,0xA,301,338,37,1,0xA,0xA,1,1,1025,5119,0.166829427083
46,8192,0,0x92E28643D2ECE669,0x0,0xB,417,487,70,1,0xB,0xB,1,1,1346,6846,0.164306640625
46,8192,1,0x92E28643D2ECE669,0x0,0xA,434,485,51,1,0xA,0xA,1,1,1331,6861,0.162475585938
46,8192,2,0x92E28643D2ECE669,0x0,0x5,424,488,64,1,0x5,0x5,1,1,1337,6855,0.163208007812
46,8192,3,0x92E28643D2ECE669,0x0,0x3,447,484,37,1,0x3,0x3,1,1,1377,6815,0.168090820312
46,8192,4,0x92E28643D2ECE669,0x0,0x5,423,476,53,1,0x5,0x5,1,1,1308,6884,0.159667968750
46,8192,5,0x92E28643D2ECE669,0x0,0x6,432,467,35,1,0x6,0x6,1,1,1411,6781,0.172241210938
46,8192,6,0x92E28643D2ECE669,0x0,0x7,436,472,36,1,0x7,0x7,1,1,1375,6817,0.167846679688
46,8192,7,0x92E28643D2ECE669,0x0,0xA,410,471,61,1,0xA,0xA,1,1,1339,6853,0.163452148438
46,12288,0,0x92E28643D2ECE669,0x0,0xB,632,729,97,1,0xB,0xB,1,1,2001,10287,0.162841796875
46,12288,1,0x92E28643D2ECE669,0x0,0xA,623,721,98,1,0xA,0xA,1,1,2008,10280,0.163411458333
46,12288,2,0x92E28643D2ECE669,0x0,0x5,660,729,69,1,0x5,0x5,1,1,1997,10291,0.162516276042
46,12288,3,0x92E28643D2ECE669,0x0,0x3,626,745,119,1,0x3,0x3,1,1,2099,10189,0.170817057292
46,12288,4,0x92E28643D2ECE669,0x0,0x5,643,739,96,1,0x5,0x5,1,1,1967,10321,0.160074869792
46,12288,5,0x92E28643D2ECE669,0x0,0x6,660,741,81,1,0x6,0x6,1,1,2111,10177,0.171793619792
46,12288,6,0x92E28643D2ECE669,0x0,0x7,647,714,67,1,0x7,0x7,1,1,2033,10255,0.165445963542
46,12288,7,0x92E28643D2ECE669,0x0,0xA,629,712,83,1,0xA,0xA,1,1,2015,10273,0.163981119792
46,16384,0,0x92E28643D2ECE669,0x0,0xB,838,985,147,1,0xB,0xB,1,1,2660,13724,0.162353515625
46,16384,1,0x92E28643D2ECE669,0x0,0xA,841,1001,160,1,0xA,0xA,1,1,2721,13663,0.166076660156
46,16384,2,0x92E28643D2ECE669,0x0,0x5,872,984,112,1,0x5,0x5,1,1,2654,13730,0.161987304688
46,16384,3,0x92E28643D2ECE669,0x0,0x3,874,991,117,1,0x3,0x3,1,1,2806,13578,0.171264648438
46,16384,4,0x92E28643D2ECE669,0x0,0x5,866,984,118,1,0x5,0x5,1,1,2585,13799,0.157775878906
46,16384,5,0x92E28643D2ECE669,0x0,0x6,868,992,124,1,0x6,0x6,1,1,2807,13577,0.171325683594
46,16384,6,0x92E28643D2ECE669,0x0,0x7,862,949,87,1,0x7,0x7,1,1,2725,13659,0.166320800781
46,16384,7,0x92E28643D2ECE669,0x0,0xA,850,972,122,1,0xA,0xA,1,1,2695,13689,0.164489746094
46,24576,0,0x92E28643D2ECE669,0x0,0xB,1262,1479,217,1,0xB,0xB,1,1,3982,20594,0.162027994792
46,24576,1,0x92E28643D2ECE669,0x0,0xA,1269,1507,238,1,0xA,0xA,1,1,4109,20467,0.167195638021
46,24576,2,0x92E28643D2ECE669,0x0,0x5,1295,1485,190,1,0x5,0x5,1,1,3997,20579,0.162638346354
46,24576,3,0x92E28643D2ECE669,0x0,0x3,1272,1469,197,1,0x3,0x3,1,1,4169,20407,0.169637044271
46,24576,4,0x92E28643D2ECE669,0x0,0x5,1278,1482,204,1,0x5,0x5,1,1,3965,20611,0.161336263021
46,24576,5,0x92E28643D2ECE669,0x0,0x6,1319,1484,165,1,0x6,0x6,1,1,4206,20370,0.171142578125
46,24576,6,0x92E28643D2ECE669,0x0,0x7,1292,1458,166,1,0x7,0x7,1,1,4029,20547,0.163940429688
46,24576,7,0x92E28643D2ECE669,0x0,0xA,1263,1489,226,1,0xA,0xA,1,1,4044,20532,0.164550781250
46,32768,0,0x92E28643D2ECE669,0x0,0xB,1672,1991,319,1,0xB,0xB,1,1,5272,27496,0.160888671875
46,32768,1,0x92E28643D2ECE669,0x0,0xA,1703,1994,291,1,0xA,0xA,1,1,5466,27302,0.166809082031
46,32768,2,0x92E28643D2ECE669,0x0,0x5,1733,1975,242,1,0x5,0x5,1,1,5352,27416,0.163330078125
46,32768,3,0x92E28643D2ECE669,0x0,0x3,1696,1994,298,1,0x3,0x3,1,1,5508,27260,0.168090820312
46,32768,4,0x92E28643D2ECE669,0x0,0x5,1692,1995,303,1,0x5,0x5,1,1,5327,27441,0.162567138672
46,32768,5,0x92E28643D2ECE669,0x0,0x6,1782,1985,203,1,0x6,0x6,1,1,5574,27194,0.170104980469
46,32768,6,0x92E28643D2ECE669,0x0,0x7,1745,1933,188,1,0x7,0x7,1,1,5408,27360,0.165039062500
46,32768,7,0x92E28643D2ECE669,0x0,0xA,1726,2009,283,1,0xA,0xA,1,1,5418,27350,0.165344238281
47,512,0,0xD7F253473BA256F9,0x9,0xE,22,23,1,1,0x7,0x1,1,0,85,427,0.166015625000
47,512,1,0xD7F253473BA256F9,0x9,0x4,22,27,5,1,0xD,0xD,1,1,64,448,0.125000000000
47,512,2,0xD7F253473BA256F9,0x9,0x7,25,26,1,1,0xE,0xE,1,1,77,435,0.150390625000
47,512,3,0xD7F253473BA256F9,0x9,0x6,25,27,2,1,0xF,0xB,1,0,81,431,0.158203125000
47,512,4,0xD7F253473BA256F9,0x9,0x0,25,26,1,1,0x9,0x2,1,0,88,424,0.171875000000
47,512,5,0xD7F253473BA256F9,0x9,0x9,22,24,2,1,0x0,0x0,1,1,87,425,0.169921875000
47,512,6,0xD7F253473BA256F9,0x9,0x4,25,27,2,1,0xD,0x2,1,0,85,427,0.166015625000
47,512,7,0xD7F253473BA256F9,0x9,0x0,23,26,3,1,0x9,0xA,1,0,88,424,0.171875000000
47,1024,0,0xD7F253473BA256F9,0x9,0xB,47,54,7,1,0x2,0x1,1,0,166,858,0.162109375000
47,1024,1,0xD7F253473BA256F9,0x9,0x4,45,54,9,1,0xD,0xD,1,1,145,879,0.141601562500
47,1024,2,0xD7F253473BA256F9,0x9,0xC,53,55,2,1,0x5,0xE,1,0,165,859,0.161132812500
47,1024,3,0xD7F253473BA256F9,0x9,0x2,46,52,6,1,0xB,0xB,1,1,181,843,0.176757812500
47,1024,4,0xD7F253473BA256F9,0x9,0x8,50,52,2,1,0x1,0x2,1,0,174,850,0.169921875000
47,1024,5,0xD7F253473BA256F9,0x9,0x9,46,52,6,1,0x0,0x0,1,1,181,843,0.176757812500
47,1024,6,0xD7F253473BA256F9,0x9,0x9,50,53,3,1,0x0,0x2,1,0,181,843,0.176757812500
47,1024,7,0xD7F253473BA256F9,0x9,0xE,49,57,8,1,0x7,0xA,1,0,171,853,0.166992187500
47,1536,0,0xD7F253473BA256F9,0x9,0xB,74,84,10,1,0x2,0x1,1,0,252,1284,0.164062500000
47,1536,1,0xD7F253473BA256F9,0x9,0x4,74,81,7,1,0xD,0xD,1,1,225,1311,0.146484375000
47,1536,2,0xD7F253473BA256F9,0x9,0x7,81,85,4,1,0xE,0xE,1,1,249,1287,0.162109375000
47,1536,3,0xD7F253473BA256F9,0x9,0x2,74,79,5,1,0xB,0xB,1,1,260,1276,0.169270833333
47,1536,4,0xD7F253473BA256F9,0x9,0xB,81,85,4,1,0x2,0x2,1,1,268,1268,0.174479166667
47,1536,5,0xD7F253473BA256F9,0x9,0x9,67,85,18,1,0x0,0x0,1,1,264,1272,0.171875000000
47,1536,6,0xD7F253473BA256F9,0x9,0x6,80,85,5,1,0xF,0x2,1,0,259,1277,0.168619791667
47,1536,7,0xD7F253473BA256F9,0x9,0xE,73,90,17,1,0x7,0xA,1,0,249,1287,0.162109375000
47,2048,0,0xD7F253473BA256F9,0x9,0xB,105,106,1,1,0x2,0x1,1,0,341,1707,0.166503906250
47,2048,1,0xD7F253473BA256F9,0x9,0x4,104,112,8,1,0xD,0xD,1,1,311,1737,0.151855468750
47,2048,2,0xD7F253473BA256F9,0x9,0x7,108,116,8,1,0xE,0xE,1,1,329,1719,0.160644531250
47,2048,3,0xD7F253473BA256F9,0x9,0x2,95,111,16,1,0xB,0xB,1,1,350,1698,0.170898437500
47,2048,4,0xD7F253473BA256F9,0x9,0xB,104,111,7,1,0x2,0x2,1,1,347,1701,0.169433593750
47,2048,5,0xD7F253473BA256F9,0x9,0x9,100,111,11,1,0x0,0x0,1,1,344,1704,0.167968750000
47,2048,6,0xD7F253473BA256F9,0x9,0x6,108,111,3,1,0xF,0x2,1,0,348,1700,0.169921875000
47,2048,7,0xD7F253473BA256F9,0x9,0xE,105,110,5,1,0x7,0xA,1,0,357,1691,0.174316406250
47,3072,0,0xD7F253473BA256F9,0x9,0x8,153,162,9,1,0x1,0x1,1,1,498,2574,0.162109375000
47,3072,1,0xD7F253473BA256F9,0x9,0x4,160,177,17,1,0xD,0xD,1,1,489,2583,0.159179687500
47,3072,2,0xD7F253473BA256F9,0x9,0x1,170,172,2,1,0x8,0xE,1,0,488,2584,0.158854166667
47,3072,3,0xD7F253473BA256F9,0x9,0x2,146,179,33,1,0xB,0xB,1,1,536,2536,0.174479166667
47,3072,4,0xD7F253473BA256F9,0x9,0xB,162,170,8,1,0x2,0x2,1,1,501,2571,0.163085937500
47,3072,5,0xD7F253473BA256F9,0x9,0x9,156,172,16,1,0x0,0x0,1,1,518,2554,0.168619791667
47,3072,6,0xD7F253473BA256F9,0x9,0xB,153,177,24,1,0x2,0x2,1,1,524,2548,0.170572916667
47,3072,7,0xD7F253473BA256F9,0x9,0x3,167,175,8,1,0xA,0xA,1,1,531,2541,0.172851562500
47,4096,0,0xD7F253473BA256F9,0x9,0x8,210,232,22,1,0x1,0x1,1,1,676,3420,0.165039062500
47,4096,1,0xD7F253473BA256F9,0x9,0x4,212,240,28,1,0xD,0xD,1,1,673,3423,0.164306640625
47,4096,2,0xD7F253473BA256F9,0x9,0x7,212,242,30,1,0xE,0xE,1,1,640,3456,0.156250000000
47,4096,3,0xD7F253473BA256F9,0x9,0x2,193,244,51,1,0xB,0xB,1,1,703,3393,0.171630859375
47,4096,4,0xD7F253473BA256F9,0x9,0xB,206,235,29,1,0x2,0x2,1,1,664,3432,0.162109375000
47,4096,5,0xD7F253473BA256F9,0x9,0x9,207,235,28,1,0x0,0x0,1,1,667,3429,0.162841796875
47,4096,6,0xD7F253473BA256F9,0x9,0xB,212,236,24,1,0x2,0x2,1,1,696,3400,0.169921875000
47,4096,7,0xD7F253473BA256F9,0x9,0x3,224,234,10,1,0xA,0xA,1,1,679,3417,0.165771484375
47,6144,0,0xD7F253473BA256F9,0x9,0x8,319,361,42,1,0x1,0x1,1,1,1038,5106,0.168945312500
47,6144,1,0xD7F253473BA256F9,0x9,0x4,322,356,34,1,0xD,0xD,1,1,1038,5106,0.168945312500
47,6144,2,0xD7F253473BA256F9,0x9,0x7,315,370,55,1,0xE,0xE,1,1,983,5161,0.159993489583
47,6144,3,0xD7F253473BA256F9,0x9,0x2,292,375,83,1,0xB,0xB,1,1,1043,5101,0.169759114583
47,6144,4,0xD7F253473BA256F9,0x9,0xB,324,339,15,1,0x2,0x2,1,1,1014,5130,0.165039062500
47,6144,5,0xD7F253473BA256F9,0x9,0x9,322,348,26,1,0x0,0x0,1,1,1001,5143,0.162923177083
47,6144,6,0xD7F253473BA256F9,0x9,0xB,320,355,35,1,0x2,0x2,1,1,1052,5092,0.171223958333
47,6144,7,0xD7F253473BA256F9,0x9,0x3,316,360,44,1,0xA,0xA,1,1,1048,5096,0.170572916667
47,8192,0,0xD7F253473BA256F9,0x9,0x8,444,478,34,1,0x1,0x1,1,1,1372,6820,0.167480468750
47,8192,1,0xD7F253473BA256F9,0x9,0x4,434,477,43,1,0xD,0xD,1,1,1370,6822,0.167236328125
47,8192,2,0xD7F253473BA256F9,0x9,0x7,423,492,69,1,0xE,0xE,1,1,1342,6850,0.163818359375
47,8192,3,0xD7F253473BA256F9,0x9,0x2,398,501,103,1,0xB,0xB,1,1,1375,6817,0.167846679688
47,8192,4,0xD7F253473BA256F9,0x9,0xB,434,467,33,1,0x2,0x2,1,1,1346,6846,0.164306640625
47,8192,5,0xD7F253473BA256F9,0x9,0x9,427,476,49,1,0x0,0x0,1,1,1352,6840,0.165039062500
47,8192,6,0xD7F253473BA256F9,0x9,0xB,423,475,52,1,0x2,0x2,1,1,1417,6775,0.172973632812
47,8192,7,0xD7F253473BA256F9,0x9,0x3,438,481,43,1,0xA,0xA,1,1,1402,6790,0.171142578125
47,12288,0,0xD7F253473BA256F9,0x9,0x8,664,749,85,1,0x1,0x1,1,1,1993,10295,0.162190755208
47,12288,1,0xD7F253473BA256F9,0x9,0x4,662,740,78,1,0xD,0xD,1,1,2023,10265,0.164632161458
47,12288,2,0xD7F253473BA256F9,0x9,0x7,635,744,109,1,0xE,0xE,1,1,2003,10285,0.163004557292
47,12288,3,0xD7F253473BA256F9,0x9,0x2,580,727,147,1,0xB,0xB,1,1,2030,10258,0.165201822917
47,12288,4,0xD7F253473BA256F9,0x9,0xB,663,710,47,1,0x2,0x2,1,1,2039,10249,0.165934244792
47,12288,5,0xD7F253473BA256F9,0x9,0x9,628,733,105,1,0x0,0x0,1,1,1991,10297,0.162027994792
47,12288,6,0xD7F253473BA256F9,0x9,0xB,636,737,101,1,0x2,0x2,1,1,2082,10206,0.169433593750
47,12288,7,0xD7F253473BA256F9,0x9,0x3,632,724,92,1,0xA,0xA,1,1,2059,10229,0.167561848958
47,16384,0,0xD7F253473BA256F9,0x9,0x8,877,978,101,1,0x1,0x1,1,1,2677,13707,0.163391113281
47,16384,1,0xD7F253473BA256F9,0x9,0x4,875,978,103,1,0xD,0xD,1,1,2666,13718,0.162719726562
47,16384,2,0xD7F253473BA256F9,0x9,0x7,850,993,143,1,0xE,0xE,1,1,2688,13696,0.164062500000
47,16384,3,0xD7F253473BA256F9,0x9,0x2,799,987,188,1,0xB,0xB,1,1,2714,13670,0.165649414062
47,16384,4,0xD7F253473BA256F9,0x9,0xB,870,983,113,1,0x2,0x2,1,1,2721,13663,0.166076660156
47,16384,5,0xD7F253473BA256F9,0x9,0x9,860,987,127,1,0x0,0x0,1,1,2660,13724,0.162353515625
47,16384,6,0xD7F253473BA256F9,0x9,0xB,848,998,150,1,0x2,0x2,1,1,2711,13673,0.165466308594
47,16384,7,0xD7F253473BA256F9,0x9,0x3,838,989,151,1,0xA,0xA,1,1,2709,13675,0.165344238281
47,24576,0,0xD7F253473BA256F9,0x9,0x8,1313,1509,196,1,0x1,0x1,1,1,4078,20498,0.165934244792
47,24576,1,0xD7F253473BA256F9,0x9,0x4,1288,1501,213,1,0xD,0xD,1,1,4008,20568,0.163085937500
47,24576,2,0xD7F253473BA256F9,0x9,0x7,1296,1487,191,1,0xE,0xE,1,1,4003,20573,0.162882486979
47,24576,3,0xD7F253473BA256F9,0x9,0x2,1230,1494,264,1,0xB,0xB,1,1,4072,20504,0.165690104167
47,24576,4,0xD7F253473BA256F9,0x9,0xB,1301,1505,204,1,0x2,0x2,1,1,4075,20501,0.165812174479
47,24576,5,0xD7F253473BA256F9,0x9,0x9,1274,1490,216,1,0x0,0x0,1,1,3981,20595,0.161987304688
47,24576,6,0xD7F253473BA256F9,0x9,0xB,1293,1511,218,1,0x2,0x2,1,1,4007,20569,0.163045247396
47,24576,7,0xD7F253473BA256F9,0x9,0x3,1266,1454,188,1,0xA,0xA,1,1,3993,20583,0.162475585938
47,32768,0,0xD7F253473BA256F9,0x9,0x8,1738,2009,271,1,0x1,0x1,1,1,5396,27372,0.164672851562
47,32768,1,0xD7F253473BA256F9,0x9,0x4,1711,2025,314,1,0xD,0xD,1,1,5359,27409,0.163543701172
47,32768,2,0xD7F253473BA256F9,0x9,0x7,1710,1993,283,1,0xE,0xE,1,1,5400,27368,0.164794921875
47,32768,3,0xD7F253473BA256F9,0x9,0x2,1650,2022,372,1,0xB,0xB,1,1,5393,27375,0.164581298828
47,32768,4,0xD7F253473BA256F9,0x9,0xB,1765,1962,197,1,0x2,0x2,1,1,5412,27356,0.165161132812
47,32768,5,0xD7F253473BA256F9,0x9,0x9,1681,1963,282,1,0x0,0x0,1,1,5335,27433,0.162811279297
47,32768,6,0xD7F253473BA256F9,0x9,0xB,1741,1993,252,1,0x2,0x2,1,1,5391,27377,0.164520263672
47,32768,7,0xD7F253473BA256F9,0x9,0x3,1690,1995,305,1,0xA,0xA,1,1,5335,27433,0.162811279297
48,512,0,0x01511198836D8B5A,0x2,0x2,19,26,7,1,0x0,0x0,1,1,92,420,0.179687500000
48,512,1,0x01511198836D8B5A,0x2,0xF,25,26,1,1,0xD,0xD,1,1,80,432,0.156250000000
48,512,2,0x01511198836D8B5A,0x2,0x1,19,28,9,2,0x0,0x1,0,0,78,434,0.152343750000
48,512,3,0x01511198836D8B5A,0x2,0xC,25,26,1,1,0xE,0xF,1,0,93,419,0.181640625000
48,512,4,0x01511198836D8B5A,0x2,0xD,21,23,2,1,0xF,0x2,1,0,72,440,0.140625000000
48,512,5,0x01511198836D8B5A,0x2,0xB,25,28,3,1,0x9,0xB,1,0,87,425,0.169921875000
48,512,6,0x01511198836D8B5A,0x2,0xC,26,27,1,2,0x0,0x6,0,0,78,434,0.152343750000
48,512,7,0x01511198836D8B5A,0x2,0xC,21,22,1,1,0xE,0xB,1,0,72,440,0.140625000000
48,1024,0,0x01511198836D8B5A,0x2,0x2,50,51,1,1,0x0,0x0,1,1,162,862,0.158203125000
48,1024,1,0x01511198836D8B5A,0x2,0xF,48,52,4,1,0xD,0xD,1,1,169,855,0.165039062500
48,1024,2,0x01511198836D8B5A,0x2,0x3,51,52,1,1,0x1,0x1,1,1,160,864,0.156250000000
48,1024,3,0x01511198836D8B5A,0x2,0xB,53,55,2,1,0x9,0xF,1,0,184,840,0.179687500000
48,1024,4,0x01511198836D8B5A,0x2,0x0,46,55,9,1,0x2,0x2,1,1,149,875,0.145507812500
48,1024,5,0x01511198836D8B5A,0x2,0x5,54,56,2,1,0x7,0xB,1,0,176,848,0.171875000000
48,1024,6,0x01511198836D8B5A,0x2,0xC,53,54,1,1,0xE,0x6,1,0,159,865,0.155273437500
48,1024,7,0x01511198836D8B5A,0x2,0x7,46,52,6,1,0x5,0xB,1,0,140,884,0.136718750000
48,1536,0,0x01511198836D8B5A,0x2,0x2,73,84,11,1,0x0,0x0,1,1,253,1283,0.164713541667
48,1536,1,0x01511198836D8B5A,0x2,0xF,77,82,5,1,0xD,0xD,1,1,241,1295,0.156901041667
48,1536,2,0x01511198836D8B5A,0x2,0x3,80,83,3,1,0x1,0x1,1,1,242,1294,0.157552083333
48,1536,3,0x01511198836D8B5A,0x2,0xB,78,82,4,1,0x9,0xF,1,0,273,1263,0.177734375000
48,1536,4,0x01511198836D8B5A,0x2,0x0,62,80,18,1,0x2,0x2,1,1,233,1303,0.151692708333
48,1536,5,0x01511198836D8B5A,0x2,0x9,72,86,14,1,0xB,0xB,1,1,255,1281,0.166015625000
48,1536,6,0x01511198836D8B5A,0x2,0xC,82,83,1,2,0x0,0x6,0,0,235,1301,0.152994791667
48,1536,7,0x01511198836D8B5A,0x2,0x7,72,85,13,1,0x5,0xB,1,0,225,1311,0.146484375000
48,2048,0,0x01511198836D8B5A,0x2,0x2,94,113,19,1,0x0,0x0,1,1,338,1710,0.165039062500
48,2048,1,0x01511198836D8B5A,0x2,0xF,105,114,9,1,0xD,0xD,1,1,330,1718,0.161132812500
48,2048,2,0x01511198836D8B5A,0x2,0xE,116,117,1,1,0xC,0x1,1,0,332,1716,0.162109375000
48,2048,3,0x01511198836D8B5A,0x2,0xD,109,115,6,1,0xF,0xF,1,1,365,1683,0.178222656250
48,2048,4,0x01511198836D8B5A,0x2,0x0,83,108,25,1,0x2,0x2,1,1,336,1712,0.164062500000
48,2048,5,0x01511198836D8B5A,0x2,0x9,103,113,10,1,0xB,0xB,1,1,331,1717,0.161621093750
48,2048,6,0x01511198836D8B5A,0x2,0x4,107,112,5,1,0x6,0x6,1,1,328,1720,0.160156250000
48,2048,7,0x01511198836D8B5A,0x2,0x3,111,114,3,3,0x0,0xB,0,0,310,1738,0.151367187500
48,3072,0,0x01511198836D8B5A,0x2,0x2,157,168,11,1,0x0,0x0,1,1,480,2592,0.156250000000
48,3072,1,0x01511198836D8B5A,0x2,0xF,154,174,20,1,0xD,0xD,1,1,496,2576,0.161458333333
48,3072,2,0x01511198836D8B5A,0x2,0xD,169,171,2,1,0xF,0x1,1,0,499,2573,0.162434895833
48,3072,3,0x01511198836D8B5A,0x2,0xD,170,175,5,1,0xF,0xF,1,1,521,2551,0.169596354167
48,3072,4,0x01511198836D8B5A,0x2,0x0,140,173,33,1,0x2,0x2,1,1,521,2551,0.169596354167
48,3072,5,0x01511198836D8B5A,0x2,0x9,154,174,20,1,0xB,0xB,1,1,509,2563,0.165690104167
48,3072,6,0x01511198836D8B5A,0x2,0x4,158,170,12,1,0x6,0x6,1,1,497,2575,0.161783854167
48,3072,7,0x01511198836D8B5A,0x2,0x9,168,169,1,2,0x0,0xB,0,0,483,2589,0.157226562500
48,4096,0,0x01511198836D8B5A,0x2,0x2,200,230,30,1,0x0,0x0,1,1,647,3449,0.157958984375
48,4096,1,0x01511198836D8B5A,0x2,0xF,202,239,37,1,0xD,0xD,1,1,668,3428,0.163085937500
48,4096,2,0x01511198836D8B5A,0x2,0x3,221,229,8,1,0x1,0x1,1,1,669,3427,0.163330078125
48,4096,3,0x01511198836D8B5A,0x2,0xD,222,231,9,1,0xF,0xF,1,1,692,3404,0.168945312500
48,4096,4,0x01511198836D8B5A,0x2,0x0,185,233,48,1,0x2,0x2,1,1,675,3421,0.164794921875
48,4096,5,0x01511198836D8B5A,0x2,0x9,195,231,36,1,0xB,0xB,1,1,677,3419,0.165283203125
48,4096,6,0x01511198836D8B5A,0x2,0x4,205,238,33,1,0x6,0x6,1,1,662,3434,0.161621093750
48,4096,7,0x01511198836D8B5A,0x2,0x9,218,232,14,1,0xB,0xB,1,1,668,3428,0.163085937500
48,6144,0,0x01511198836D8B5A,0x2,0x2,296,369,73,1,0x0,0x0,1,1,953,5191,0.155110677083
48,6144,1,0x01511198836D8B5A,0x2,0xF,287,367,80,1,0xD,0xD,1,1,1037,5107,0.168782552083
48,6144,2,0x01511198836D8B5A,0x2,0x3,334,370,36,1,0x1,0x1,1,1,1001,5143,0.162923177083
48,6144,3,0x01511198836D8B5A,0x2,0xD,335,341,6,1,0xF,0xF,1,1,1040,5104,0.169270833333
48,6144,4,0x01511198836D8B5A,0x2,0x0,291,367,76,1,0x2,0x2,1,1,1009,5135,0.164225260417
48,6144,5,0x01511198836D8B5A,0x2,0x9,300,358,58,1,0xB,0xB,1,1,994,5150,0.161783854167
48,6144,6,0x01511198836D8B5A,0x2,0x4,314,359,45,1,0x6,0x6,1,1,1024,5120,0.166666666667
48,6144,7,0x01511198836D8B5A,0x2,0x9,337,346,9,1,0xB,0xB,1,1,1009,5135,0.164225260417
48,8192,0,0x01511198836D8B5A,0x2,0x2,402,492,90,1,0x0,0x0,1,1,1283,6909,0.156616210938
48,8192,1,0x01511198836D8B5A,0x2,0xF,407,486,79,1,0xD,0xD,1,1,1376,6816,0.167968750000
48,8192,2,0x01511198836D8B5A,0x2,0x3,438,482,44,1,0x1,0x1,1,1,1337,6855,0.163208007812
48,8192,3,0x01511198836D8B5A,0x2,0xD,442,477,35,1,0xF,0xF,1,1,1379,6813,0.168334960938
48,8192,4,0x01511198836D8B5A,0x2,0x0,391,494,103,1,0x2,0x2,1,1,1359,6833,0.165893554688
48,8192,5,0x01511198836D8B5A,0x2,0x9,411,473,62,1,0xB,0xB,1,1,1324,6868,0.161621093750
48,8192,6,0x01511198836D8B5A,0x2,0x4,427,465,38,1,0x6,0x6,1,1,1357,6835,0.165649414062
48,8192,7,0x01511198836D8B5A,0x2,0x9,439,486,47,1,0xB,0xB,1,1,1370,6822,0.167236328125
48,12288,0,0x01511198836D8B5A,0x2,0x2,621,735,114,1,0x0,0x0,1,1,1920,10368,0.156250000000
48,12288,1,0x01511198836D8B5A,0x2,0xF,624,719,95,1,0xD,0xD,1,1,2084,10204,0.169596354167
48,12288,2,0x01511198836D8B5A,0x2,0x3,640,744,104,1,0x1,0x1,1,1,2008,10280,0.163411458333
48,12288,3,0x01511198836D8B5A,0x2,0xD,651,733,82,1,0xF,0xF,1,1,2058,10230,0.167480468750
48,12288,4,0x01511198836D8B5A,0x2,0x0,610,756,146,1,0x2,0x2,1,1,2022,10266,0.164550781250
48,12288,5,0x01511198836D8B5A,0x2,0x9,625,734,109,1,0xB,0xB,1,1,2078,10210,0.169108072917
48,12288,6,0x01511198836D8B5A,0x2,0x4,647,728,81,1,0x6,0x6,1,1,1975,10313,0.160725911458
48,12288,7,0x01511198836D8B5A,0x2,0x9,650,744,94,1,0xB,0xB,1,1,2026,10262,0.164876302083
48,16384,0,0x01511198836D8B5A,0x2,0x2,854,989,135,1,0x0,0x0,1,1,2585,13799,0.157775878906
48,16384,1,0x01511198836D8B5A,0x2,0xF,827,977,150,1,0xD,0xD,1,1,2782,13602,0.169799804688
48,16384,2,0x01511198836D8B5A,0x2,0x3,861,985,124,1,0x1,0x1,1,1,2690,13694,0.164184570312
48,16384,3,0x01511198836D8B5A,0x2,0xD,877,987,110,1,0xF,0xF,1,1,2735,13649,0.166931152344
48,16384,4,0x01511198836D8B5A,0x2,0x0,829,1007,178,1,0x2,0x2,1,1,2692,13692,0.164306640625
48,16384,5,0x01511198836D8B5A,0x2,0x9,833,995,162,1,0xB,0xB,1,1,2730,13654,0.166625976562
48,16384,6,0x01511198836D8B5A,0x2,0x4,865,992,127,1,0x6,0x6,1,1,2646,13738,0.161499023438
48,16384,7,0x01511198836D8B5A,0x2,0x9,834,976,142,1,0xB,0xB,1,1,2700,13684,0.164794921875
48,24576,0,0x01511198836D8B5A,0x2,0x2,1302,1516,214,1,0x0,0x0,1,1,3928,20648,0.159830729167
48,24576,1,0x01511198836D8B5A,0x2,0xF,1274,1482,208,1,0xD,0xD,1,1,4159,20417,0.169230143229
48,24576,2,0x01511198836D8B5A,0x2,0x3,1278,1485,207,1,0x1,0x1,1,1,4085,20491,0.166219075521
48,24576,3,0x01511198836D8B5A,0x2,0xD,1379,1481,102,1,0xF,0xF,1,1,4075,20501,0.165812174479
48,24576,4,0x01511198836D8B5A,0x2,0x0,1258,1503,245,1,0x2,0x2,1,1,4075,20501,0.165812174479
48,24576,5,0x01511198836D8B5A,0x2,0x9,1236,1498,262,1,0xB,0xB,1,1,4033,20543,0.164103190104
48,24576,6,0x01511198836D8B5A,0x2,0x4,1335,1490,155,1,0x6,0x6,1,1,4024,20552,0.163736979167
48,24576,7,0x01511198836D8B5A,0x2,0x9,1251,1507,256,1,0xB,0xB,1,1,3998,20578,0.162679036458
48,32768,0,0x01511198836D8B5A,0x2,0x2,1709,2020,311,1,0x0,0x0,1,1,5258,27510,0.160461425781
48,32768,1,0x01511198836D8B5A,0x2,0xF,1723,1984,261,1,0xD,0xD,1,1,5499,27269,0.167816162109
48,32768,2,0x01511198836D8B5A,0x2,0x3,1726,1977,251,1,0x1,0x1,1,1,5430,27338,0.165710449219
48,32768,3,0x01511198836D8B5A,0x2,0xD,1810,1975,165,1,0xF,0xF,1,1,5381,27387,0.164215087891
48,32768,4,0x01511198836D8B5A,0x2,0x0,1681,2009,328,1,0x2,0x2,1,1,5405,27363,0.164947509766
48,32768,5,0x01511198836D8B5A,0x2,0x9,1692,2007,315,1,0xB,0xB,1,1,5386,27382,0.164367675781
48,32768,6,0x01511198836D8B5A,0x2,0x4,1773,2024,251,1,0x6,0x6,1,1,5350,27418,0.163269042969
48,32768,7,0x01511198836D8B5A,0x2,0x9,1679,2023,344,1,0xB,0xB,1,1,5355,27413,0.163421630859
49,512,0,0xD09660BD84111F02,0x0,0xF,22,26,4,1,0xF,0xF,1,1,91,421,0.177734375000
49,512,1,0xD09660BD84111F02,0x0,0x0,21,24,3,1,0x0,0xD,1,0,85,427,0.166015625000
49,512,2,0xD09660BD84111F02,0x0,0x2,21,23,2,1,0x2,0x2,1,1,101,411,0.197265625000
49,512,3,0xD09660BD84111F02,0x0,0x0,23,24,1,1,0x0,0x2,1,0,82,430,0.160156250000
49,512,4,0xD09660BD84111F02,0x0,0xC,17,24,7,1,0xC,0xC,1,1,82,430,0.160156250000
49,512,5,0xD09660BD84111F02,0x0,0x7,25,28,3,1,0x7,0xD,1,0,92,420,0.179687500000
49,512,6,0xD09660BD84111F02,0x0,0x5,18,23,5,1,0x5,0x5,1,1,94,418,0.183593750000
49,512,7,0xD09660BD84111F02,0x0,0x8,12,22,10,1,0x8,0x6,1,0,78,434,0.152343750000
49,1024,0,0xD09660BD84111F02,0x0,0xF,52,56,4,1,0xF,0xF,1,1,161,863,0.157226562500
49,1024,1,0xD09660BD84111F02,0x0,0x5,53,54,1,1,0x5,0xD,1,0,173,851,0.168945312500
49,1024,2,0xD09660BD84111F02,0x0,0x2,54,58,4,1,0x2,0x2,1,1,185,839,0.180664062500
49,1024,3,0xD09660BD84111F02,0x0,0x0,53,54,1,1,0x0,0x2,1,0,166,858,0.162109375000
49,1024,4,0xD09660BD84111F02,0x0,0xC,45,46,1,1,0xC,0xC,1,1,179,845,0.174804687500
49,1024,5,0xD09660BD84111F02,0x0,0x0,54,56,2,2,0x0,0xD,0,0,188,836,0.183593750000
49,1024,6,0xD09660BD84111F02,0x0,0x5,44,46,2,1,0x5,0x5,1,1,166,858,0.162109375000
49,1024,7,0xD09660BD84111F02,0x0,0x8,30,49,19,1,0x8,0x6,1,0,171,853,0.166992187500
49,1536,0,0xD09660BD84111F02,0x0,0xF,73,83,10,1,0xF,0xF,1,1,224,1312,0.145833333333
49,1536,1,0xD09660BD84111F02,0x0,0xD,81,83,2,1,0xD,0xD,1,1,258,1278,0.167968750000
49,1536,2,0xD09660BD84111F02,0x0,0x2,81,90,9,1,0x2,0x2,1,1,271,1265,0.176432291667
49,1536,3,0xD09660BD84111F02,0x0,0x0,78,80,2,2,0x0,0x2,0,0,251,1285,0.163411458333
49,1536,4,0xD09660BD84111F02,0x0,0x8,72,85,13,2,0x0,0xC,0,0,282,1254,0.183593750000
49,1536,5,0xD09660BD84111F02,0x0,0xE,83,85,2,1,0xE,0xD,1,0,289,1247,0.188151041667
49,1536,6,0xD09660BD84111F02,0x0,0x5,69,76,7,1,0x5,0x5,1,1,264,1272,0.171875000000
49,1536,7,0xD09660BD84111F02,0x0,0x8,59,82,23,1,0x8,0x6,1,0,255,1281,0.166015625000
49,2048,0,0xD09660BD84111F02,0x0,0xF,99,111,12,1,0xF,0xF,1,1,310,1738,0.151367187500
49,2048,1,0xD09660BD84111F02,0x0,0x5,108,115,7,1,0x5,0xD,1,0,352,1696,0.171875000000
49,2048,2,0xD09660BD84111F02,0x0,0x2,107,120,13,1,0x2,0x2,1,1,362,1686,0.176757812500
49,2048,3,0xD09660BD84111F02,0x0,0x7,98,108,10,1,0x7,0x2,1,0,346,1702,0.168945312500
49,2048,4,0xD09660BD84111F02,0x0,0xC,102,107,5,1,0xC,0xC,1,1,375,1673,0.183105468750
49,2048,5,0xD09660BD84111F02,0x0,0x0,110,116,6,1,0x0,0xD,1,0,383,1665,0.187011718750
49,2048,6,0xD09660BD84111F02,0x0,0x5,91,107,16,1,0x5,0x5,1,1,342,1706,0.166992187500
49,2048,7,0xD09660BD84111F02,0x0,0x8,91,116,25,1,0x8,0x6,1,0,335,1713,0.163574218750
49,3072,0,0xD09660BD84111F02,0x0,0xF,144,166,22,1,0xF,0xF,1,1,484,2588,0.157552083333
49,3072,1,0xD09660BD84111F02,0x0,0x8,174,176,2,1,0x8,0xD,1,0,533,2539,0.173502604167
49,3072,2,0xD09660BD84111F02,0x0,0x2,156,174,18,1,0x2,0x2,1,1,534,2538,0.173828125000
49,3072,3,0xD09660BD84111F02,0x0,0x7,156,160,4,1,0x7,0x2,1,0,502,2570,0.163411458333
49,3072,4,0xD09660BD84111F02,0x0,0xC,148,168,20,1,0xC,0xC,1,1,523,2549,0.170247395833
49,3072,5,0xD09660BD84111F02,0x0,0xD,158,174,16,1,0xD,0xD,1,1,545,2527,0.177408854167
49,3072,6,0xD09660BD84111F02,0x0,0x5,146,173,27,1,0x5,0x5,1,1,508,2564,0.165364583333
49,3072,7,0xD09660BD84111F02,0x0,0x8,152,171,19,1,0x8,0x6,1,0,499,2573,0.162434895833
49,4096,0,0xD09660BD84111F02,0x0,0xF,205,232,27,1,0xF,0xF,1,1,657,3439,0.160400390625
49,4096,1,0xD09660BD84111F02,0x0,0x8,232,233,1,1,0x8,0xD,1,0,711,3385,0.173583984375
49,4096,2,0xD09660BD84111F02,0x0,0x2,218,235,17,1,0x2,0x2,1,1,702,3394,0.171386718750
49,4096,3,0xD09660BD84111F02,0x0,0x2,211,221,10,1,0x2,0x2,1,1,680,3416,0.166015625000
49,4096,4,0xD09660BD84111F02,0x0,0xC,205,240,35,1,0xC,0xC,1,1,680,3416,0.166015625000
49,4096,5,0xD09660BD84111F02,0x0,0xD,212,245,33,1,0xD,0xD,1,1,696,3400,0.169921875000
49,4096,6,0xD09660BD84111F02,0x0,0x5,195,227,32,1,0x5,0x5,1,1,666,3430,0.162597656250
49,4096,7,0xD09660BD84111F02,0x0,0x6,221,223,2,1,0x6,0x6,1,1,678,3418,0.165527343750
49,6144,0,0xD09660BD84111F02,0x0,0xF,305,361,56,1,0xF,0xF,1,1,983,5161,0.159993489583
49,6144,1,0xD09660BD84111F02,0x0,0x4,357,361,4,2,0x0,0xD,0,0,1053,5091,0.171386718750
49,6144,2,0xD09660BD84111F02,0x0,0x2,318,356,38,1,0x2,0x2,1,1,1040,5104,0.169270833333
49,6144,3,0xD09660BD84111F02,0x0,0x2,310,344,34,1,0x2,0x2,1,1,995,5149,0.161946614583
49,6144,4,0xD09660BD84111F02,0x0,0xC,318,370,52,1,0xC,0xC,1,1,1016,5128,0.165364583333
49,6144,5,0xD09660BD84111F02,0x0,0xD,312,366,54,1,0xD,0xD,1,1,1024,5120,0.166666666667
49,6144,6,0xD09660BD84111F02,0x0,0x5,306,347,41,1,0x5,0x5,1,1,1008,5136,0.164062500000
49,6144,7,0xD09660BD84111F02,0x0,0x6,329,357,28,1,0x6,0x6,1,1,1043,5101,0.169759114583
49,8192,0,0xD09660BD84111F02,0x0,0xF,415,481,66,1,0xF,0xF,1,1,1337,6855,0.163208007812
49,8192,1,0xD09660BD84111F02,0x0,0xD,459,485,26,1,0xD,0xD,1,1,1393,6799,0.170043945312
49,8192,2,0xD09660BD84111F02,0x0,0x2,442,469,27,1,0x2,0x2,1,1,1390,6802,0.169677734375
49,8192,3,0xD09660BD84111F02,0x0,0x2,414,462,48,1,0x2,0x2,1,1,1342,6850,0.163818359375
49,8192,4,0xD09660BD84111F02,0x0,0xC,423,491,68,1,0xC,0xC,1,1,1354,6838,0.165283203125
49,8192,5,0xD09660BD84111F02,0x0,0xD,416,479,63,1,0xD,0xD,1,1,1355,6837,0.165405273438
49,8192,6,0xD09660BD84111F02,0x0,0x5,403,467,64,1,0x5,0x5,1,1,1357,6835,0.165649414062
49,8192,7,0xD09660BD84111F02,0x0,0x6,424,496,72,1,0x6,0x6,1,1,1376,6816,0.167968750000
49,12288,0,0xD09660BD84111F02,0x0,0xF,635,724,89,1,0xF,0xF,1,1,1949,10339,0.158610026042
49,12288,1,0xD09660BD84111F02,0x0,0xD,658,741,83,1,0xD,0xD,1,1,2122,10166,0.172688802083
49,12288,2,0xD09660BD84111F02,0x0,0x2,670,733,63,1,0x2,0x2,1,1,2073,10215,0.168701171875
49,12288,3,0xD09660BD84111F02,0x0,0x2,641,719,78,1,0x2,0x2,1,1,2048,10240,0.166666666667
49,12288,4,0xD09660BD84111F02,0x0,0xC,647,736,89,1,0xC,0xC,1,1,2031,10257,0.165283203125
49,12288,5,0xD09660BD84111F02,0x0,0xD,633,734,101,1,0xD,0xD,1,1,2053,10235,0.167073567708
49,12288,6,0xD09660BD84111F02,0x0,0x5,610,723,113,1,0x5,0x5,1,1,2014,10274,0.163899739583
49,12288,7,0xD09660BD84111F02,0x0,0x6,636,739,103,1,0x6,0x6,1,1,2065,10223,0.168050130208
49,16384,0,0xD09660BD84111F02,0x0,0xF,838,985,147,1,0xF,0xF,1,1,2613,13771,0.159484863281
49,16384,1,0xD09660BD84111F02,0x0,0xD,868,977,109,1,0xD,0xD,1,1,2795,13589,0.170593261719
49,16384,2,0xD09660BD84111F02,0x0,0x2,885,988,103,1,0x2,0x2,1,1,2726,13658,0.166381835938
49,16384,3,0xD09660BD84111F02,0x0,0x2,864,979,115,1,0x2,0x2,1,1,2665,13719,0.162658691406
49,16384,4,0xD09660BD84111F02,0x0,0xC,865,983,118,1,0xC,0xC,1,1,2706,13678,0.165161132812
49,16384,5,0xD09660BD84111F02,0x0,0xD,837,983,146,1,0xD,0xD,1,1,2732,13652,0.166748046875
49,16384,6,0xD09660BD84111F02,0x0,0x5,819,978,159,1,0x5,0x5,1,1,2676,13708,0.163330078125
49,16384,7,0xD09660BD84111F02,0x0,0x6,861,990,129,1,0x6,0x6,1,1,2704,13680,0.165039062500
49,24576,0,0xD09660BD84111F02,0x0,0xF,1274,1491,217,1,0xF,0xF,1,1,3962,20614,0.161214192708
49,24576,1,0xD09660BD84111F02,0x0,0xD,1297,1468,171,1,0xD,0xD,1,1,4169,20407,0.169637044271
49,24576,2,0xD09660BD84111F02,0x0,0x2,1303,1516,213,1,0x2,0x2,1,1,4028,20548,0.163899739583
49,24576,3,0xD09660BD84111F02,0x0,0x2,1304,1494,190,1,0x2,0x2,1,1,4036,20540,0.164225260417
49,24576,4,0xD09660BD84111F02,0x0,0xC,1284,1476,192,1,0xC,0xC,1,1,4052,20524,0.164876302083
49,24576,5,0xD09660BD84111F02,0x0,0xD,1247,1483,236,1,0xD,0xD,1,1,4169,20407,0.169637044271
49,24576,6,0xD09660BD84111F02,0x0,0x5,1237,1495,258,1,0x5,0x5,1,1,3989,20587,0.162312825521
49,24576,7,0xD09660BD84111F02,0x0,0x6,1301,1497,196,1,0x6,0x6,1,1,4008,20568,0.163085937500
49,32768,0,0xD09660BD84111F02,0x0,0xF,1705,2002,297,1,0xF,0xF,1,1,5336,27432,0.162841796875
49,32768,1,0xD09660BD84111F02,0x0,0xD,1700,1961,261,1,0xD,0xD,1,1,5495,27273,0.167694091797
49,32768,2,0xD09660BD84111F02,0x0,0x2,1725,2018,293,1,0x2,0x2,1,1,5399,27369,0.164764404297
49,32768,3,0xD09660BD84111F02,0x0,0x2,1722,1997,275,1,0x2,0x2,1,1,5430,27338,0.165710449219
49,32768,4,0xD09660BD84111F02,0x0,0xC,1699,2015,316,1,0xC,0xC,1,1,5376,27392,0.164062500000
49,32768,5,0xD09660BD84111F02,0x0,0xD,1663,2008,345,1,0xD,0xD,1,1,5472,27296,0.166992187500
49,32768,6,0xD09660BD84111F02,0x0,0x5,1647,2003,356,1,0x5,0x5,1,1,5382,27386,0.164245605469
49,32768,7,0xD09660BD84111F02,0x0,0x6,1727,1976,249,1,0x6,0x6,1,1,5377,27391,0.164093017578
50,512,0,0x6F26A44140CB97E4,0x5,0x7,20,25,5,1,0x2,0x3,1,0,84,428,0.164062500000
50,512,1,0x6F26A44140CB97E4,0x5,0xD,20,21,1,1,0x8,0x1,1,0,96,416,0.187500000000
50,512,2,0x6F26A44140CB97E4,0x5,0x6,23,24,1,1,0x3,0x1,1,0,79,433,0.154296875000
50,512,3,0x6F26A44140CB97E4,0x5,0xD,21,22,1,1,0x8,0x8,1,1,94,418,0.183593750000
50,512,4,0x6F26A44140CB97E4,0x5,0x4,18,20,2,1,0x1,0x1,1,1,94,418,0.183593750000
50,512,5,0x6F26A44140CB97E4,0x5,0xD,24,25,1,1,0x8,0xE,1,0,69,443,0.134765625000
50,512,6,0x6F26A44140CB97E4,0x5,0xC,20,22,2,1,0x9,0x9,1,1,70,442,0.136718750000
50,512,7,0x6F26A44140CB97E4,0x5,0x8,22,25,3,1,0xD,0x3,1,0,68,444,0.132812500000
50,1024,0,0x6F26A44140CB97E4,0x5,0x7,46,54,8,1,0x2,0x3,1,0,157,867,0.153320312500
50,1024,1,0x6F26A44140CB97E4,0x5,0xD,51,52,1,1,0x8,0x1,1,0,177,847,0.172851562500
50,1024,2,0x6F26A44140CB97E4,0x5,0xF,48,49,1,1,0xA,0x1,1,0,170,854,0.166015625000
50,1024,3,0x6F26A44140CB97E4,0x5,0x7,46,53,7,1,0x2,0x8,1,0,185,839,0.180664062500
50,1024,4,0x6F26A44140CB97E4,0x5,0xA,38,50,12,1,0xF,0x1,1,0,193,831,0.188476562500
50,1024,5,0x6F26A44140CB97E4,0x5,0xB,52,53,1,1,0xE,0xE,1,1,157,867,0.153320312500
50,1024,6,0x6F26A44140CB97E4,0x5,0xC,49,52,3,1,0x9,0x9,1,1,152,872,0.148437500000
50,1024,7,0x6F26A44140CB97E4,0x5,0x6,54,56,2,1,0x3,0x3,1,1,158,866,0.154296875000
50,1536,0,0x6F26A44140CB97E4,0x5,0x7,76,85,9,1,0x2,0x3,1,0,241,1295,0.156901041667
50,1536,1,0x6F26A44140CB97E4,0x5,0x4,69,76,7,1,0x1,0x1,1,1,264,1272,0.171875000000
50,1536,2,0x6F26A44140CB97E4,0x5,0xB,73,83,10,1,0xE,0x1,1,0,254,1282,0.165364583333
50,1536,3,0x6F26A44140CB97E4,0x5,0xD,72,74,2,1,0x8,0x8,1,1,276,1260,0.179687500000
50,1536,4,0x6F26A44140CB97E4,0x5,0xA,67,83,16,1,0xF,0x1,1,0,288,1248,0.187500000000
50,1536,5,0x6F26A44140CB97E4,0x5,0xB,74,78,4,1,0xE,0xE,1,1,227,1309,0.147786458333
50,1536,6,0x6F26A44140CB97E4,0x5,0xC,74,86,12,1,0x9,0x9,1,1,226,1310,0.147135416667
50,1536,7,0x6F26A44140CB97E4,0x5,0x6,77,86,9,1,0x3,0x3,1,1,238,1298,0.154947916667
50,2048,0,0x6F26A44140CB97E4,0x5,0x6,117,119,2,1,0x3,0x3,1,1,323,1725,0.157714843750
50,2048,1,0x6F26A44140CB97E4,0x5,0x4,105,116,11,1,0x1,0x1,1,1,343,1705,0.167480468750
50,2048,2,0x6F26A44140CB97E4,0x5,0xB,99,111,12,1,0xE,0x1,1,0,342,1706,0.166992187500
50,2048,3,0x6F26A44140CB97E4,0x5,0xD,102,109,7,1,0x8,0x8,1,1,357,1691,0.174316406250
50,2048,4,0x6F26A44140CB97E4,0x5,0xA,94,112,18,1,0xF,0x1,1,0,371,1677,0.181152343750
50,2048,5,0x6F26A44140CB97E4,0x5,0xB,103,110,7,1,0xE,0xE,1,1,315,1733,0.153808593750
50,2048,6,0x6F26A44140CB97E4,0x5,0xC,103,114,11,1,0x9,0x9,1,1,309,1739,0.150878906250
50,2048,7,0x6F26A44140CB97E4,0x5,0x6,108,117,9,1,0x3,0x3,1,1,322,1726,0.157226562500
50,3072,0,0x6F26A44140CB97E4,0x5,0x6,171,176,5,1,0x3,0x3,1,1,482,2590,0.156901041667
50,3072,1,0x6F26A44140CB97E4,0x5,0x4,147,178,31,1,0x1,0x1,1,1,520,2552,0.169270833333
50,3072,2,0x6F26A44140CB97E4,0x5,0xB,163,175,12,1,0xE,0x1,1,0,508,2564,0.165364583333
50,3072,3,0x6F26A44140CB97E4,0x5,0xD,157,173,16,1,0x8,0x8,1,1,548,2524,0.178385416667
50,3072,4,0x6F26A44140CB97E4,0x5,0xA,155,163,8,1,0xF,0x1,1,0,556,2516,0.180989583333
50,3072,5,0x6F26A44140CB97E4,0x5,0xB,148,168,20,1,0xE,0xE,1,1,483,2589,0.157226562500
50,3072,6,0x6F26A44140CB97E4,0x5,0xC,144,169,25,1,0x9,0x9,1,1,479,2593,0.155924479167
50,3072,7,0x6F26A44140CB97E4,0x5,0x6,145,179,34,1,0x3,0x3,1,1,475,2597,0.154622395833
50,4096,0,0x6F26A44140CB97E4,0x5,0x6,220,234,14,1,0x3,0x3,1,1,639,3457,0.156005859375
50,4096,1,0x6F26A44140CB97E4,0x5,0x4,189,233,44,1,0x1,0x1,1,1,693,3403,0.169189453125
50,4096,2,0x6F26A44140CB97E4,0x5,0xB,229,232,3,1,0xE,0x1,1,0,664,3432,0.162109375000
50,4096,3,0x6F26A44140CB97E4,0x5,0xD,207,241,34,1,0x8,0x8,1,1,706,3390,0.172363281250
50,4096,4,0x6F26A44140CB97E4,0x5,0x4,221,224,3,1,0x1,0x1,1,1,722,3374,0.176269531250
50,4096,5,0x6F26A44140CB97E4,0x5,0xB,199,228,29,1,0xE,0xE,1,1,651,3445,0.158935546875
50,4096,6,0x6F26A44140CB97E4,0x5,0xC,181,228,47,1,0x9,0x9,1,1,674,3422,0.164550781250
50,4096,7,0x6F26A44140CB97E4,0x5,0x6,203,236,33,1,0x3,0x3,1,1,651,3445,0.158935546875
50,6144,0,0x6F26A44140CB97E4,0x5,0x6,332,350,18,1,0x3,0x3,1,1,954,5190,0.155273437500
50,6144,1,0x6F26A44140CB97E4,0x5,0x4,298,344,46,1,0x1,0x1,1,1,1042,5102,0.169596354167
50,6144,2,0x6F26A44140CB97E4,0x5,0x4,345,349,4,1,0x1,0x1,1,1,972,5172,0.158203125000
50,6144,3,0x6F26A44140CB97E4,0x5,0xD,317,359,42,1,0x8,0x8,1,1,1038,5106,0.168945312500
50,6144,4,0x6F26A44140CB97E4,0x5,0x4,319,344,25,1,0x1,0x1,1,1,1063,5081,0.173014322917
50,6144,5,0x6F26A44140CB97E4,0x5,0xB,310,350,40,1,0xE,0xE,1,1,994,5150,0.161783854167
50,6144,6,0x6F26A44140CB97E4,0x5,0xC,292,370,78,1,0x9,0x9,1,1,1007,5137,0.163899739583
50,6144,7,0x6F26A44140CB97E4,0x5,0x6,317,360,43,1,0x3,0x3,1,1,955,5189,0.155436197917
50,8192,0,0x6F26A44140CB97E4,0x5,0x6,466,488,22,1,0x3,0x3,1,1,1276,6916,0.155761718750
50,8192,1,0x6F26A44140CB97E4,0x5,0x4,418,479,61,1,0x1,0x1,1,1,1384,6808,0.168945312500
50,8192,2,0x6F26A44140CB97E4,0x5,0x4,452,492,40,1,0x1,0x1,1,1,1333,6859,0.162719726562
50,8192,3,0x6F26A44140CB97E4,0x5,0xD,421,483,62,1,0x8,0x8,1,1,1385,6807,0.169067382812
50,8192,4,0x6F26A44140CB97E4,0x5,0x4,427,471,44,1,0x1,0x1,1,1,1418,6774,0.173095703125
50,8192,5,0x6F26A44140CB97E4,0x5,0xB,425,470,45,1,0xE,0xE,1,1,1335,6857,0.162963867188
50,8192,6,0x6F26A44140CB97E4,0x5,0xC,390,492,102,1,0x9,0x9,1,1,1340,6852,0.163574218750
50,8192,7,0x6F26A44140CB97E4,0x5,0x6,418,486,68,1,0x3,0x3,1,1,1277,6915,0.155883789062
50,12288,0,0x6F26A44140CB97E4,0x5,0x6,670,739,69,1,0x3,0x3,1,1,1927,10361,0.156819661458
50,12288,1,0x6F26A44140CB97E4,0x5,0x4,633,727,94,1,0x1,0x1,1,1,2069,10219,0.168375651042
50,12288,2,0x6F26A44140CB97E4,0x5,0x4,646,733,87,1,0x1,0x1,1,1,1970,10318,0.160319010417
50,12288,3,0x6F26A44140CB97E4,0x5,0xD,644,733,89,1,0x8,0x8,1,1,2056,10232,0.167317708333
50,12288,4,0x6F26A44140CB97E4,0x5,0x4,622,693,71,1,0x1,0x1,1,1,2093,10195,0.170328776042
50,12288,5,0x6F26A44140CB97E4,0x5,0xB,639,740,101,1,0xE,0xE,1,1,2059,10229,0.167561848958
50,12288,6,0x6F26A44140CB97E4,0x5,0xC,612,753,141,1,0x9,0x9,1,1,2035,10253,0.165608723958
50,12288,7,0x6F26A44140CB97E4,0x5,0x6,618,727,109,1,0x3,0x3,1,1,1997,10291,0.162516276042
50,16384,0,0x6F26A44140CB97E4,0x5,0x6,879,995,116,1,0x3,0x3,1,1,2558,13826,0.156127929688
50,16384,1,0x6F26A44140CB97E4,0x5,0x4,869,974,105,1,0x1,0x1,1,1,2726,13658,0.166381835938
50,16384,2,0x6F26A44140CB97E4,0x5,0x4,854,964,110,1,0x1,0x1,1,1,2602,13782,0.158813476562
50,16384,3,0x6F26A44140CB97E4,0x5,0xD,873,967,94,1,0x8,0x8,1,1,2746,13638,0.167602539062
50,16384,4,0x6F26A44140CB97E4,0x5,0x4,834,964,130,1,0x1,0x1,1,1,2764,13620,0.168701171875
50,16384,5,0x6F26A44140CB97E4,0x5,0xB,859,986,127,1,0xE,0xE,1,1,2725,13659,0.166320800781
50,16384,6,0x6F26A44140CB97E4,0x5,0xC,845,1006,161,1,0x9,0x9,1,1,2747,13637,0.167663574219
50,16384,7,0x6F26A44140CB97E4,0x5,0x6,841,977,136,1,0x3,0x3,1,1,2681,13703,0.163635253906
50,24576,0,0x6F26A44140CB97E4,0x5,0x6,1316,1466,150,1,0x3,0x3,1,1,3887,20689,0.158162434896
50,24576,1,0x6F26A44140CB97E4,0x5,0x4,1325,1445,120,1,0x1,0x1,1,1,4045,20531,0.164591471354
50,24576,2,0x6F26A44140CB97E4,0x5,0x4,1277,1440,163,1,0x1,0x1,1,1,3954,20622,0.160888671875
50,24576,3,0x6F26A44140CB97E4,0x5,0xD,1280,1518,238,1,0x8,0x8,1,1,4097,20479,0.166707356771
50,24576,4,0x6F26A44140CB97E4,0x5,0x4,1284,1450,166,1,0x1,0x1,1,1,4097,20479,0.166707356771
50,24576,5,0x6F26A44140CB97E4,0x5,0xB,1275,1478,203,1,0xE,0xE,1,1,4061,20515,0.165242513021
50,24576,6,0x6F26A44140CB97E4,0x5,0xC,1235,1489,254,1,0x9,0x9,1,1,4130,20446,0.168050130208
50,24576,7,0x6F26A44140CB97E4,0x5,0x6,1284,1480,196,1,0x3,0x3,1,1,4055,20521,0.164998372396
50,32768,0,0x6F26A44140CB97E4,0x5,0x6,1774,1980,206,1,0x3,0x3,1,1,5179,27589,0.158050537109
50,32768,1,0x6F26A44140CB97E4,0x5,0x4,1770,1927,157,1,0x1,0x1,1,1,5378,27390,0.164123535156
50,32768,2,0x6F26A44140CB97E4,0x5,0x4,1714,1933,219,1,0x1,0x1,1,1,5279,27489,0.161102294922
50,32768,3,0x6F26A44140CB97E4,0x5,0xD,1750,2026,276,1,0x8,0x8,1,1,5432,27336,0.165771484375
50,32768,4,0x6F26A44140CB97E4,0x5,0x4,1726,1986,260,1,0x1,0x1,1,1,5520,27248,0.168457031250
50,32768,5,0x6F26A44140CB97E4,0x5,0xB,1708,1968,260,1,0xE,0xE,1,1,5341,27427,0.162994384766
50,32768,6,0x6F26A44140CB97E4,0x5,0xC,1686,2002,316,1,0x9,0x9,1,1,5453,27315,0.166412353516
50,32768,7,0x6F26A44140CB97E4,0x5,0x6,1735,2022,287,1,0x3,0x3,1,1,5430,27338,0.165710449219
51,512,0,0xC4195C66D3670D08,0x8,0x3,26,28,2,2,0x0,0xE,0,0,83,429,0.162109375000
51,512,1,0xC4195C66D3670D08,0x8,0x2,26,27,1,2,0x0,0xA,0,0,91,421,0.177734375000
51,512,2,0xC4195C66D3670D08,0x8,0x2,24,26,2,1,0xA,0x7,1,0,92,420,0.179687500000
51,512,3,0xC4195C66D3670D08,0x8,0x1,23,25,2,1,0x9,0x5,1,0,94,418,0.183593750000
51,512,4,0xC4195C66D3670D08,0x8,0x9,17,21,4,1,0x1,0x4,1,0,75,437,0.146484375000
51,512,5,0xC4195C66D3670D08,0x8,0x0,21,23,2,2,0x0,0x4,0,0,82,430,0.160156250000
51,512,6,0xC4195C66D3670D08,0x8,0xF,25,27,2,1,0x7,0x3,1,0,83,429,0.162109375000
51,512,7,0xC4195C66D3670D08,0x8,0x4,22,23,1,1,0xC,0xC,1,1,82,430,0.160156250000
51,1024,0,0xC4195C66D3670D08,0x8,0x6,45,58,13,1,0xE,0xE,1,1,160,864,0.156250000000
51,1024,1,0xC4195C66D3670D08,0x8,0x2,55,57,2,2,0x0,0xA,0,0,183,841,0.178710937500
51,1024,2,0xC4195C66D3670D08,0x8,0xE,55,56,1,1,0x6,0x7,1,0,173,851,0.168945312500
51,1024,3,0xC4195C66D3670D08,0x8,0x3,48,52,4,1,0xB,0x5,1,0,175,849,0.170898437500
51,1024,4,0xC4195C66D3670D08,0x8,0x9,50,53,3,1,0x1,0x4,1,0,148,876,0.144531250000
51,1024,5,0xC4195C66D3670D08,0x8,0xC,38,55,17,1,0x4,0x4,1,1,153,871,0.149414062500
51,1024,6,0xC4195C66D3670D08,0x8,0xB,53,57,4,1,0x3,0x3,1,1,175,849,0.170898437500
51,1024,7,0xC4195C66D3670D08,0x8,0x4,43,53,10,1,0xC,0xC,1,1,159,865,0.155273437500
51,1536,0,0xC4195C66D3670D08,0x8,0x6,71,86,15,1,0xE,0xE,1,1,256,1280,0.166666666667
51,1536,1,0xC4195C66D3670D08,0x8,0x5,80,84,4,1,0xD,0xA,1,0,265,1271,0.172526041667
51,1536,2,0xC4195C66D3670D08,0x8,0x7,85,86,1,1,0xF,0x7,1,0,256,1280,0.166666666667
51,1536,3,0xC4195C66D3670D08,0x8,0xD,78,82,4,1,0x5,0x5,1,1,271,1265,0.176432291667
51,1536,4,0xC4195C66D3670D08,0x8,0xB,80,84,4,1,0x3,0x4,1,0,236,1300,0.153645833333
51,1536,5,0xC4195C66D3670D08,0x8,0xC,61,79,18,1,0x4,0x4,1,1,240,1296,0.156250000000
51,1536,6,0xC4195C66D3670D08,0x8,0xB,72,84,12,1,0x3,0x3,1,1,243,1293,0.158203125000
51,1536,7,0xC4195C66D3670D08,0x8,0x4,65,81,16,1,0xC,0xC,1,1,238,1298,0.154947916667
51,2048,0,0xC4195C66D3670D08,0x8,0x6,99,111,12,1,0xE,0xE,1,1,342,1706,0.166992187500
51,2048,1,0xC4195C66D3670D08,0x8,0x1,112,117,5,1,0x9,0xA,1,0,348,1700,0.169921875000
51,2048,2,0xC4195C66D3670D08,0x8,0xF,109,110,1,1,0x7,0x7,1,1,328,1720,0.160156250000
51,2048,3,0xC4195C66D3670D08,0x8,0xD,102,111,9,1,0x5,0x5,1,1,369,1679,0.180175781250
51,2048,4,0xC4195C66D3670D08,0x8,0x7,115,118,3,3,0x0,0x4,0,0,321,1727,0.156738281250
51,2048,5,0xC4195C66D3670D08,0x8,0xC,93,115,22,1,0x4,0x4,1,1,314,1734,0.153320312500
51,2048,6,0xC4195C66D3670D08,0x8,0xB,103,119,16,1,0x3,0x3,1,1,321,1727,0.156738281250
51,2048,7,0xC4195C66D3670D08,0x8,0x4,87,103,16,1,0xC,0xC,1,1,328,1720,0.160156250000
51,3072,0,0xC4195C66D3670D08,0x8,0x3,171,178,7,2,0x0,0xE,0,0,515,2557,0.167643229167
51,3072,1,0xC4195C66D3670D08,0x8,0x2,166,172,6,1,0xA,0xA,1,1,509,2563,0.165690104167
51,3072,2,0xC4195C66D3670D08,0x8,0xF,157,168,11,1,0x7,0x7,1,1,485,2587,0.157877604167
51,3072,3,0xC4195C66D3670D08,0x8,0xD,155,161,6,1,0x5,0x5,1,1,532,2540,0.173177083333
51,3072,4,0xC4195C66D3670D08,0x8,0xB,162,170,8,1,0x3,0x4,1,0,509,2563,0.165690104167
51,3072,5,0xC4195C66D3670D08,0x8,0xC,145,162,17,1,0x4,0x4,1,1,492,2580,0.160156250000
51,3072,6,0xC4195C66D3670D08,0x8,0xB,154,173,19,1,0x3,0x3,1,1,476,2596,0.154947916667
51,3072,7,0xC4195C66D3670D08,0x8,0x4,137,162,25,1,0xC,0xC,1,1,479,2593,0.155924479167
51,4096,0,0xC4195C66D3670D08,0x8,0x3,235,238,3,1,0xB,0xE,1,0,676,3420,0.165039062500
51,4096,1,0xC4195C66D3670D08,0x8,0x2,212,224,12,1,0xA,0xA,1,1,679,3417,0.165771484375
51,4096,2,0xC4195C66D3670D08,0x8,0xF,217,228,11,1,0x7,0x7,1,1,662,3434,0.161621093750
51,4096,3,0xC4195C66D3670D08,0x8,0xD,199,234,35,1,0x5,0x5,1,1,706,3390,0.172363281250
51,4096,4,0xC4195C66D3670D08,0x8,0xB,229,231,2,1,0x3,0x4,1,0,685,3411,0.167236328125
51,4096,5,0xC4195C66D3670D08,0x8,0xC,206,226,20,1,0x4,0x4,1,1,659,3437,0.160888671875
51,4096,6,0xC4195C66D3670D08,0x8,0xB,209,229,20,1,0x3,0x3,1,1,640,3456,0.156250000000
51,4096,7,0xC4195C66D3670D08,0x8,0x4,189,227,38,1,0xC,0xC,1,1,626,3470,0.152832031250
51,6144,0,0xC4195C66D3670D08,0x8,0x6,350,357,7,1,0xE,0xE,1,1,1023,5121,0.166503906250
51,6144,1,0xC4195C66D3670D08,0x8,0x2,330,368,38,1,0xA,0xA,1,1,993,5151,0.161621093750
51,6144,2,0xC4195C66D3670D08,0x8,0xF,319,351,32,1,0x7,0x7,1,1,987,5157,0.160644531250
51,6144,3,0xC4195C66D3670D08,0x8,0xD,302,369,67,1,0x5,0x5,1,1,1030,5114,0.167643229167
51,6144,4,0xC4195C66D3670D08,0x8,0xC,343,350,7,1,0x4,0x4,1,1,1025,5119,0.166829427083
51,6144,5,0xC4195C66D3670D08,0x8,0xC,322,344,22,1,0x4,0x4,1,1,968,5176,0.157552083333
51,6144,6,0xC4195C66D3670D08,0x8,0xB,327,353,26,1,0x3,0x3,1,1,973,5171,0.158365885417
51,6144,7,0xC4195C66D3670D08,0x8,0x4,291,341,50,1,0xC,0xC,1,1,974,5170,0.158528645833
51,8192,0,0xC4195C66D3670D08,0x8,0x6,451,492,41,1,0xE,0xE,1,1,1369,6823,0.167114257812
51,8192,1,0xC4195C66D3670D08,0x8,0x2,443,492,49,1,0xA,0xA,1,1,1338,6854,0.163330078125
51,8192,2,0xC4195C66D3670D08,0x8,0xF,421,477,56,1,0x7,0x7,1,1,1328,6864,0.162109375000
51,8192,3,0xC4195C66D3670D08,0x8,0xD,415,486,71,1,0x5,0x5,1,1,1357,6835,0.165649414062
51,8192,4,0xC4195C66D3670D08,0x8,0xC,445,471,26,1,0x4,0x4,1,1,1360,6832,0.166015625000
51,8192,5,0xC4195C66D3670D08,0x8,0xC,450,464,14,1,0x4,0x4,1,1,1328,6864,0.162109375000
51,8192,6,0xC4195C66D3670D08,0x8,0xB,437,487,50,1,0x3,0x3,1,1,1350,6842,0.164794921875
51,8192,7,0xC4195C66D3670D08,0x8,0x4,390,463,73,1,0xC,0xC,1,1,1320,6872,0.161132812500
51,12288,0,0xC4195C66D3670D08,0x8,0x6,653,729,76,1,0xE,0xE,1,1,2039,10249,0.165934244792
51,12288,1,0xC4195C66D3670D08,0x8,0x2,651,722,71,1,0xA,0xA,1,1,1991,10297,0.162027994792
51,12288,2,0xC4195C66D3670D08,0x8,0xF,613,733,120,1,0x7,0x7,1,1,1979,10309,0.161051432292
51,12288,3,0xC4195C66D3670D08,0x8,0xD,651,747,96,1,0x5,0x5,1,1,2003,10285,0.163004557292
51,12288,4,0xC4195C66D3670D08,0x8,0xC,645,706,61,1,0x4,0x4,1,1,2044,10244,0.166341145833
51,12288,5,0xC4195C66D3670D08,0x8,0xC,646,732,86,1,0x4,0x4,1,1,2064,10224,0.167968750000
51,12288,6,0xC4195C66D3670D08,0x8,0xB,655,733,78,1,0x3,0x3,1,1,2033,10255,0.165445963542
51,12288,7,0xC4195C66D3670D08,0x8,0x4,619,728,109,1,0xC,0xC,1,1,1953,10335,0.158935546875
51,16384,0,0xC4195C66D3670D08,0x8,0x6,870,975,105,1,0xE,0xE,1,1,2728,13656,0.166503906250
51,16384,1,0xC4195C66D3670D08,0x8,0x2,861,969,108,1,0xA,0xA,1,1,2653,13731,0.161926269531
51,16384,2,0xC4195C66D3670D08,0x8,0xF,826,992,166,1,0x7,0x7,1,1,2694,13690,0.164428710938
51,16384,3,0xC4195C66D3670D08,0x8,0xD,883,991,108,1,0x5,0x5,1,1,2666,13718,0.162719726562
51,16384,4,0xC4195C66D3670D08,0x8,0xC,867,968,101,1,0x4,0x4,1,1,2738,13646,0.167114257812
51,16384,5,0xC4195C66D3670D08,0x8,0xC,864,983,119,1,0x4,0x4,1,1,2728,13656,0.166503906250
51,16384,6,0xC4195C66D3670D08,0x8,0xB,878,988,110,1,0x3,0x3,1,1,2752,13632,0.167968750000
51,16384,7,0xC4195C66D3670D08,0x8,0x4,839,977,138,1,0xC,0xC,1,1,2627,13757,0.160339355469
51,24576,0,0xC4195C66D3670D08,0x8,0x6,1284,1484,200,1,0xE,0xE,1,1,4038,20538,0.164306640625
51,24576,1,0xC4195C66D3670D08,0x8,0x2,1280,1442,162,1,0xA,0xA,1,1,4021,20555,0.163614908854
51,24576,2,0xC4195C66D3670D08,0x8,0xF,1285,1494,209,1,0x7,0x7,1,1,4023,20553,0.163696289062
51,24576,3,0xC4195C66D3670D08,0x8,0xD,1307,1518,211,1,0x5,0x5,1,1,4029,20547,0.163940429688
51,24576,4,0xC4195C66D3670D08,0x8,0xC,1285,1435,150,1,0x4,0x4,1,1,4177,20399,0.169962565104
51,24576,5,0xC4195C66D3670D08,0x8,0xC,1296,1502,206,1,0x4,0x4,1,1,4145,20431,0.168660481771
51,24576,6,0xC4195C66D3670D08,0x8,0xB,1330,1473,143,1,0x3,0x3,1,1,4095,20481,0.166625976562
51,24576,7,0xC4195C66D3670D08,0x8,0x4,1292,1512,220,1,0xC,0xC,1,1,3972,20604,0.161621093750
51,32768,0,0xC4195C66D3670D08,0x8,0x6,1708,2001,293,1,0xE,0xE,1,1,5380,27388,0.164184570312
51,32768,1,0xC4195C66D3670D08,0x8,0x2,1723,1948,225,1,0xA,0xA,1,1,5315,27453,0.162200927734
51,32768,2,0xC4195C66D3670D08,0x8,0xF,1691,1998,307,1,0x7,0x7,1,1,5412,27356,0.165161132812
51,32768,3,0xC4195C66D3670D08,0x8,0xD,1719,2035,316,1,0x5,0x5,1,1,5379,27389,0.164154052734
51,32768,4,0xC4195C66D3670D08,0x8,0xC,1722,1949,227,1,0x4,0x4,1,1,5551,27217,0.169403076172
51,32768,5,0xC4195C66D3670D08,0x8,0xC,1721,2019,298,1,0x4,0x4,1,1,5515,27253,0.168304443359
51,32768,6,0xC4195C66D3670D08,0x8,0xB,1779,1974,195,1,0x3,0x3,1,1,5382,27386,0.164245605469
51,32768,7,0xC4195C66D3670D08,0x8,0x4,1741,1997,256,1,0xC,0xC,1,1,5313,27455,0.162139892578
52,512,0,0xE86EF855F4098091,0x6,0x4,23,25,2,1,0x2,0xA,1,0,86,426,0.167968750000
52,512,1,0xE86EF855F4098091,0x6,0x2,21,26,5,1,0x4,0x4,1,1,95,417,0.185546875000
52,512,2,0xE86EF855F4098091,0x6,0x0,23,25,2,1,0x6,0x5,1,0,85,427,0.166015625000
52,512,3,0xE86EF855F4098091,0x6,0xC,26,27,1,1,0xA,0x1,1,0,79,433,0.154296875000
52,512,4,0xE86EF855F4098091,0x6,0xC,18,19,1,1,0xA,0x1,1,0,71,441,0.138671875000
52,512,5,0xE86EF855F4098091,0x6,0x2,26,27,1,1,0x4,0xE,1,0,83,429,0.162109375000
52,512,6,0xE86EF855F4098091,0x6,0x3,19,23,4,1,0x5,0x5,1,1,114,398,0.222656250000
52,512,7,0xE86EF855F4098091,0x6,0xD,27,28,1,1,0xB,0x9,1,0,84,428,0.164062500000
52,1024,0,0xE86EF855F4098091,0x6,0xC,51,55,4,1,0xA,0xA,1,1,163,861,0.159179687500
52,1024,1,0xE86EF855F4098091,0x6,0xB,51,53,2,1,0xD,0x4,1,0,178,846,0.173828125000
52,1024,2,0xE86EF855F4098091,0x6,0x3,50,51,1,1,0x5,0x5,1,1,170,854,0.166015625000
52,1024,3,0xE86EF855F4098091,0x6,0x7,51,55,4,1,0x1,0x1,1,1,161,863,0.157226562500
52,1024,4,0xE86EF855F4098091,0x6,0x2,48,49,1,2,0x0,0x1,0,0,146,878,0.142578125000
52,1024,5,0xE86EF855F4098091,0x6,0x8,52,54,2,1,0xE,0xE,1,1,163,861,0.159179687500
52,1024,6,0xE86EF855F4098091,0x6,0x6,50,52,2,1,0x0,0x5,1,0,199,825,0.194335937500
52,1024,7,0xE86EF855F4098091,0x6,0x1,54,55,1,2,0x0,0x9,0,0,169,855,0.165039062500
52,1536,0,0xE86EF855F4098091,0x6,0xC,78,85,7,1,0xA,0xA,1,1,249,1287,0.162109375000
52,1536,1,0xE86EF855F4098091,0x6,0x2,81,84,3,1,0x4,0x4,1,1,256,1280,0.166666666667
52,1536,2,0xE86EF855F4098091,0x6,0x3,76,79,3,1,0x5,0x5,1,1,260,1276,0.169270833333
52,1536,3,0xE86EF855F4098091,0x6,0xF,82,83,1,1,0x9,0x1,1,0,235,1301,0.152994791667
52,1536,4,0xE86EF855F4098091,0x6,0x2,72,81,9,2,0x0,0x1,0,0,215,1321,0.139973958333
52,1536,5,0xE86EF855F4098091,0x6,0x8,85,88,3,1,0xE,0xE,1,1,254,1282,0.165364583333
52,1536,6,0xE86EF855F4098091,0x6,0x3,74,82,8,1,0x5,0x5,1,1,283,1253,0.184244791667
52,1536,7,0xE86EF855F4098091,0x6,0xB,74,76,2,1,0xD,0x9,1,0,256,1280,0.166666666667
52,2048,0,0xE86EF855F4098091,0x6,0xC,109,119,10,1,0xA,0xA,1,1,323,1725,0.157714843750
52,2048,1,0xE86EF855F4098091,0x6,0x8,109,114,5,1,0xE,0x4,1,0,350,1698,0.170898437500
52,2048,2,0xE86EF855F4098091,0x6,0x3,105,113,8,1,0x5,0x5,1,1,346,1702,0.168945312500
52,2048,3,0xE86EF855F4098091,0x6,0x7,100,108,8,1,0x1,0x1,1,1,309,1739,0.150878906250
52,2048,4,0xE86EF855F4098091,0x6,0x2,100,112,12,1,0x4,0x1,1,0,316,1732,0.154296875000
52,2048,5,0xE86EF855F4098091,0x6,0xE,111,113,2,1,0x8,0xE,1,0,344,1704,0.167968750000
52,2048,6,0xE86EF855F4098091,0x6,0x3,108,117,9,1,0x5,0x5,1,1,369,1679,0.180175781250
52,2048,7,0xE86EF855F4098091,0x6,0x1,103,112,9,2,0x0,0x9,0,0,355,1693,0.173339843750
52,3072,0,0xE86EF855F4098091,0x6,0xC,157,172,15,1,0xA,0xA,1,1,471,2601,0.153320312500
52,3072,1,0xE86EF855F4098091,0x6,0x2,161,178,17,1,0x4,0x4,1,1,508,2564,0.165364583333
52,3072,2,0xE86EF855F4098091,0x6,0x0,162,168,6,1,0x6,0x5,1,0,525,2547,0.170898437500
52,3072,3,0xE86EF855F4098091,0x6,0x7,148,164,16,1,0x1,0x1,1,1,472,2600,0.153645833333
52,3072,4,0xE86EF855F4098091,0x6,0x2,164,169,5,1,0x4,0x1,1,0,501,2571,0.163085937500
52,3072,5,0xE86EF855F4098091,0x6,0xE,163,177,14,1,0x8,0xE,1,0,504,2568,0.164062500000
52,3072,6,0xE86EF855F4098091,0x6,0x3,154,176,22,1,0x5,0x5,1,1,541,2531,0.176106770833
52,3072,7,0xE86EF855F4098091,0x6,0x1,158,166,8,1,0x7,0x9,1,0,503,2569,0.163736979167
52,4096,0,0xE86EF855F4098091,0x6,0xC,215,224,9,1,0xA,0xA,1,1,656,3440,0.160156250000
52,4096,1,0xE86EF855F4098091,0x6,0x2,221,231,10,1,0x4,0x4,1,1,666,3430,0.162597656250
52,4096,2,0xE86EF855F4098091,0x6,0x3,215,245,30,1,0x5,0x5,1,1,697,3399,0.170166015625
52,4096,3,0xE86EF855F4098091,0x6,0x7,202,235,33,1,0x1,0x1,1,1,635,3461,0.155029296875
52,4096,4,0xE86EF855F4098091,0x6,0x7,223,228,5,1,0x1,0x1,1,1,689,3407,0.168212890625
52,4096,5,0xE86EF855F4098091,0x6,0x8,233,238,5,2,0x0,0xE,0,0,676,3420,0.165039062500
52,4096,6,0xE86EF855F4098091,0x6,0x3,202,234,32,1,0x5,0x5,1,1,696,3400,0.169921875000
52,4096,7,0xE86EF855F4098091,0x6,0xF,219,230,11,1,0x9,0x9,1,1,665,3431,0.162353515625
52,6144,0,0xE86EF855F4098091,0x6,0xC,317,345,28,1,0xA,0xA,1,1,1000,5144,0.162760416667
52,6144,1,0xE86EF855F4098091,0x6,0x2,314,356,42,1,0x4,0x4,1,1,1014,5130,0.165039062500
52,6144,2,0xE86EF855F4098091,0x6,0x3,310,363,53,1,0x5,0x5,1,1,1012,5132,0.164713541667
52,6144,3,0xE86EF855F4098091,0x6,0x7,318,366,48,1,0x1,0x1,1,1,976,5168,0.158854166667
52,6144,4,0xE86EF855F4098091,0x6,0x7,334,344,10,1,0x1,0x1,1,1,1015,5129,0.165201822917
52,6144,5,0xE86EF855F4098091,0x6,0x8,336,357,21,1,0xE,0xE,1,1,1001,5143,0.162923177083
52,6144,6,0xE86EF855F4098091,0x6,0x3,311,362,51,1,0x5,0x5,1,1,1055,5089,0.171712239583
52,6144,7,0xE86EF855F4098091,0x6,0xF,354,358,4,1,0x9,0x9,1,1,988,5156,0.160807291667
52,8192,0,0xE86EF855F4098091,0x6,0xC,419,469,50,1,0xA,0xA,1,1,1337,6855,0.163208007812
52,8192,1,0xE86EF855F4098091,0x6,0x2,435,473,38,1,0x4,0x4,1,1,1357,6835,0.165649414062
52,8192,2,0xE86EF855F4098091,0x6,0x3,416,471,55,1,0x5,0x5,1,1,1339,6853,0.163452148438
52,8192,3,0xE86EF855F4098091,0x6,0x7,421,488,67,1,0x1,0x1,1,1,1308,6884,0.159667968750
52,8192,4,0xE86EF855F4098091,0x6,0x7,453,482,29,1,0x1,0x1,1,1,1364,6828,0.166503906250
52,8192,5,0xE86EF855F4098091,0x6,0x8,426,472,46,1,0xE,0xE,1,1,1355,6837,0.165405273438
52,8192,6,0xE86EF855F4098091,0x6,0x3,419,498,79,1,0x5,0x5,1,1,1378,6814,0.168212890625
52,8192,7,0xE86EF855F4098091,0x6,0xF,458,480,22,1,0x9,0x9,1,1,1324,6868,0.161621093750
52,12288,0,0xE86EF855F4098091,0x6,0xC,637,716,79,1,0xA,0xA,1,1,2011,10277,0.163655598958
52,12288,1,0xE86EF855F4098091,0x6,0x2,632,733,101,1,0x4,0x4,1,1,2031,10257,0.165283203125
52,12288,2,0xE86EF855F4098091,0x6,0x3,635,707,72,1,0x5,0x5,1,1,2023,10265,0.164632161458
52,12288,3,0xE86EF855F4098091,0x6,0x7,655,727,72,1,0x1,0x1,1,1,1969,10319,0.160237630208
52,12288,4,0xE86EF855F4098091,0x6,0x7,662,738,76,1,0x1,0x1,1,1,2066,10222,0.168131510417
52,12288,5,0xE86EF855F4098091,0x6,0x8,660,731,71,1,0xE,0xE,1,1,2054,10234,0.167154947917
52,12288,6,0xE86EF855F4098091,0x6,0x3,640,753,113,1,0x5,0x5,1,1,2047,10241,0.166585286458
52,12288,7,0xE86EF855F4098091,0x6,0xF,682,704,22,1,0x9,0x9,1,1,1991,10297,0.162027994792
52,16384,0,0xE86EF855F4098091,0x6,0xC,845,967,122,1,0xA,0xA,1,1,2701,13683,0.164855957031
52,16384,1,0xE86EF855F4098091,0x6,0x2,840,971,131,1,0x4,0x4,1,1,2688,13696,0.164062500000
52,16384,2,0xE86EF855F4098091,0x6,0x3,840,953,113,1,0x5,0x5,1,1,2673,13711,0.163146972656
52,16384,3,0xE86EF855F4098091,0x6,0x7,870,989,119,1,0x1,0x1,1,1,2648,13736,0.161621093750
52,16384,4,0xE86EF855F4098091,0x6,0x7,851,991,140,1,0x1,0x1,1,1,2724,13660,0.166259765625
52,16384,5,0xE86EF855F4098091,0x6,0x8,882,982,100,1,0xE,0xE,1,1,2707,13677,0.165222167969
52,16384,6,0xE86EF855F4098091,0x6,0x3,856,975,119,1,0x5,0x5,1,1,2726,13658,0.166381835938
52,16384,7,0xE86EF855F4098091,0x6,0xF,909,934,25,1,0x9,0x9,1,1,2636,13748,0.160888671875
52,24576,0,0xE86EF855F4098091,0x6,0xC,1266,1481,215,1,0xA,0xA,1,1,4004,20572,0.162923177083
52,24576,1,0xE86EF855F4098091,0x6,0x2,1264,1465,201,1,0x4,0x4,1,1,4050,20526,0.164794921875
52,24576,2,0xE86EF855F4098091,0x6,0x3,1245,1474,229,1,0x5,0x5,1,1,4038,20538,0.164306640625
52,24576,3,0xE86EF855F4098091,0x6,0x7,1264,1513,249,1,0x1,0x1,1,1,3962,20614,0.161214192708
52,24576,4,0xE86EF855F4098091,0x6,0x7,1307,1469,162,1,0x1,0x1,1,1,4090,20486,0.166422526042
52,24576,5,0xE86EF855F4098091,0x6,0x8,1285,1482,197,1,0xE,0xE,1,1,4054,20522,0.164957682292
52,24576,6,0xE86EF855F4098091,0x6,0x3,1281,1477,196,1,0x5,0x5,1,1,4052,20524,0.164876302083
52,24576,7,0xE86EF855F4098091,0x6,0xF,1307,1437,130,1,0x9,0x9,1,1,3966,20610,0.161376953125
52,32768,0,0xE86EF855F4098091,0x6,0xC,1714,1975,261,1,0xA,0xA,1,1,5359,27409,0.163543701172
52,32768,1,0xE86EF855F4098091,0x6,0x2,1700,1965,265,1,0x4,0x4,1,1,5302,27466,0.161804199219
52,32768,2,0xE86EF855F4098091,0x6,0x3,1636,1988,352,1,0x5,0x5,1,1,5362,27406,0.163635253906
52,32768,3,0xE86EF855F4098091,0x6,0x7,1675,2017,342,1,0x1,0x1,1,1,5326,27442,0.162536621094
52,32768,4,0xE86EF855F4098091,0x6,0x7,1733,1978,245,1,0x1,0x1,1,1,5394,27374,0.164611816406
52,32768,5,0xE86EF855F4098091,0x6,0x8,1708,1977,269,1,0xE,0xE,1,1,5370,27398,0.163879394531
52,32768,6,0xE86EF855F4098091,0x6,0x3,1692,2004,312,1,0x5,0x5,1,1,5429,27339,0.165679931641
52,32768,7,0xE86EF855F4098091,0x6,0xF,1732,1928,196,1,0x9,0x9,1,1,5328,27440,0.162597656250
53,512,0,0x22C10B5950E5EE13,0x0,0x4,26,27,1,1,0x4,0xF,1,0,75,437,0.146484375000
53,512,1,0x22C10B5950E5EE13,0x0,0x8,20,22,2,1,0x8,0x2,1,0,92,420,0.179687500000
53,512,2,0x22C10B5950E5EE13,0x0,0xD,15,23,8,1,0xD,0xD,1,1,96,416,0.187500000000
53,512,3,0x22C10B5950E5EE13,0x0,0xE,19,20,1,1,0xE,0x7,1,0,74,438,0.144531250000
53,512,4,0x22C10B5950E5EE13,0x0,0x6,17,23,6,1,0x6,0x6,1,1,95,417,0.185546875000
53,512,5,0x22C10B5950E5EE13,0x0,0x4,22,24,2,2,0x0,0xC,0,0,82,430,0.160156250000
53,512,6,0x22C10B5950E5EE13,0x0,0x1,25,26,1,3,0x0,0x9,0,0,84,428,0.164062500000
53,512,7,0x22C10B5950E5EE13,0x0,0xE,20,25,5,1,0xE,0x0,1,0,97,415,0.189453125000
53,1024,0,0x22C10B5950E5EE13,0x0,0xD,50,54,4,1,0xD,0xF,1,0,150,874,0.146484375000
53,1024,1,0x22C10B5950E5EE13,0x0,0xF,52,56,4,1,0xF,0x2,1,0,191,833,0.186523437500
53,1024,2,0x22C10B5950E5EE13,0x0,0xD,37,49,12,1,0xD,0xD,1,1,192,832,0.187500000000
53,1024,3,0x22C10B5950E5EE13,0x0,0x7,44,45,1,1,0x7,0x7,1,1,153,871,0.149414062500
53,1024,4,0x22C10B5950E5EE13,0x0,0x6,41,55,14,1,0x6,0x6,1,1,183,841,0.178710937500
53,1024,5,0x22C10B5950E5EE13,0x0,0x1,47,53,6,1,0x1,0xC,1,0,154,870,0.150390625000
53,1024,6,0x22C10B5950E5EE13,0x0,0xE,52,53,1,1,0xE,0x9,1,0,174,850,0.169921875000
53,1024,7,0x22C10B5950E5EE13,0x0,0x2,46,55,9,2,0x0,0x0,0,0,194,830,0.189453125000
53,1536,0,0x22C10B5950E5EE13,0x0,0xD,82,87,5,1,0xD,0xF,1,0,224,1312,0.145833333333
53,1536,1,0x22C10B5950E5EE13,0x0,0xD,84,85,1,1,0xD,0x2,1,0,277,1259,0.180338541667
53,1536,2,0x22C10B5950E5EE13,0x0,0xD,69,87,18,1,0xD,0xD,1,1,268,1268,0.174479166667
53,1536,3,0x22C10B5950E5EE13,0x0,0x7,73,75,2,1,0x7,0x7,1,1,231,1305,0.150390625000
53,1536,4,0x22C10B5950E5EE13,0x0,0x6,63,82,19,1,0x6,0x6,1,1,262,1274,0.170572916667
53,1536,5,0x22C10B5950E5EE13,0x0,0x1,73,80,7,1,0x1,0xC,1,0,263,1273,0.171223958333
53,1536,6,0x22C10B5950E5EE13,0x0,0x9,75,80,5,1,0x9,0x9,1,1,253,1283,0.164713541667
53,1536,7,0x22C10B5950E5EE13,0x0,0x2,72,76,4,1,0x2,0x0,1,0,277,1259,0.180338541667
53,2048,0,0x22C10B5950E5EE13,0x0,0xF,107,113,6,1,0xF,0xF,1,1,319,1729,0.155761718750
53,2048,1,0x22C10B5950E5EE13,0x0,0x3,110,115,5,1,0x3,0x2,1,0,366,1682,0.178710937500
53,2048,2,0x22C10B5950E5EE13,0x0,0xD,96,116,20,1,0xD,0xD,1,1,356,1692,0.173828125000
53,2048,3,0x22C10B5950E5EE13,0x0,0x7,103,109,6,1,0x7,0x7,1,1,320,1728,0.156250000000
53,2048,4,0x22C10B5950E5EE13,0x0,0x6,84,109,25,1,0x6,0x6,1,1,342,1706,0.166992187500
53,2048,5,0x22C10B5950E5EE13,0x0,0x1,97,104,7,1,0x1,0xC,1,0,346,1702,0.168945312500
53,2048,6,0x22C10B5950E5EE13,0x0,0x9,100,103,3,1,0x9,0x9,1,1,321,1727,0.156738281250
53,2048,7,0x22C10B5950E5EE13,0x0,0x2,103,112,9,1,0x2,0x0,1,0,372,1676,0.181640625000
53,3072,0,0x22C10B5950E5EE13,0x0,0xF,158,164,6,1,0xF,0xF,1,1,476,2596,0.154947916667
53,3072,1,0x22C10B5950E5EE13,0x0,0x3,168,172,4,1,0x3,0x2,1,0,546,2526,0.177734375000
53,3072,2,0x22C10B5950E5EE13,0x0,0xD,144,174,30,1,0xD,0xD,1,1,526,2546,0.171223958333
53,3072,3,0x22C10B5950E5EE13,0x0,0x7,157,172,15,1,0x7,0x7,1,1,475,2597,0.154622395833
53,3072,4,0x22C10B5950E5EE13,0x0,0x6,139,174,35,1,0x6,0x6,1,1,523,2549,0.170247395833
53,3072,5,0x22C10B5950E5EE13,0x0,0xC,160,162,2,1,0xC,0xC,1,1,499,2573,0.162434895833
53,3072,6,0x22C10B5950E5EE13,0x0,0x9,148,171,23,1,0x9,0x9,1,1,483,2589,0.157226562500
53,3072,7,0x22C10B5950E5EE13,0x0,0x2,162,179,17,1,0x2,0x0,1,0,527,2545,0.171549479167
53,4096,0,0x22C10B5950E5EE13,0x0,0xF,220,231,11,1,0xF,0xF,1,1,634,3462,0.154785156250
53,4096,1,0x22C10B5950E5EE13,0x0,0xD,231,233,2,1,0xD,0x2,1,0,715,3381,0.174560546875
53,4096,2,0x22C10B5950E5EE13,0x0,0xD,193,231,38,1,0xD,0xD,1,1,691,3405,0.168701171875
53,4096,3,0x22C10B5950E5EE13,0x0,0x7,209,228,19,1,0x7,0x7,1,1,629,3467,0.153564453125
53,4096,4,0x22C10B5950E5EE13,0x0,0x6,193,238,45,1,0x6,0x6,1,1,679,3417,0.165771484375
53,4096,5,0x22C10B5950E5EE13,0x0,0xC,205,221,16,1,0xC,0xC,1,1,666,3430,0.162597656250
53,4096,6,0x22C10B5950E5EE13,0x0,0x9,204,231,27,1,0x9,0x9,1,1,650,3446,0.158691406250
53,4096,7,0x22C10B5950E5EE13,0x0,0x2,224,241,17,1,0x2,0x0,1,0,687,3409,0.167724609375
53,6144,0,0x22C10B5950E5EE13,0x0,0xF,333,364,31,1,0xF,0xF,1,1,983,5161,0.159993489583
53,6144,1,0x22C10B5950E5EE13,0x0,0x2,352,356,4,1,0x2,0x2,1,1,1074,5070,0.174804687500
53,6144,2,0x22C10B5950E5EE13,0x0,0xD,284,354,70,1,0xD,0xD,1,1,1041,5103,0.169433593750
53,6144,3,0x22C10B5950E5EE13,0x0,0x7,308,350,42,1,0x7,0x7,1,1,986,5158,0.160481770833
53,6144,4,0x22C10B5950E5EE13,0x0,0x6,317,351,34,1,0x6,0x6,1,1,1007,5137,0.163899739583
53,6144,5,0x22C10B5950E5EE13,0x0,0xC,309,343,34,1,0xC,0xC,1,1,1008,5136,0.164062500000
53,6144,6,0x22C10B5950E5EE13,0x0,0x9,295,360,65,1,0x9,0x9,1,1,1020,5124,0.166015625000
53,6144,7,0x22C10B5950E5EE13,0x0,0x0,339,347,8,1,0x0,0x0,1,1,1047,5097,0.170410156250
53,8192,0,0x22C10B5950E5EE13,0x0,0xF,444,489,45,1,0xF,0xF,1,1,1302,6890,0.158935546875
53,8192,1,0x22C10B5950E5EE13,0x0,0x2,455,485,30,1,0x2,0x2,1,1,1429,6763,0.174438476562
53,8192,2,0x22C10B5950E5EE13,0x0,0xD,378,473,95,1,0xD,0xD,1,1,1366,6826,0.166748046875
53,8192,3,0x22C10B5950E5EE13,0x0,0x7,428,474,46,1,0x7,0x7,1,1,1319,6873,0.161010742188
53,8192,4,0x22C10B5950E5EE13,0x0,0x6,439,465,26,1,0x6,0x6,1,1,1352,6840,0.165039062500
53,8192,5,0x22C10B5950E5EE13,0x0,0xC,395,476,81,1,0xC,0xC,1,1,1346,6846,0.164306640625
53,8192,6,0x22C10B5950E5EE13,0x0,0x9,406,491,85,1,0x9,0x9,1,1,1355,6837,0.165405273438
53,8192,7,0x22C10B5950E5EE13,0x0,0x0,445,471,26,1,0x0,0x0,1,1,1403,6789,0.171264648438
53,12288,0,0x22C10B5950E5EE13,0x0,0xF,665,723,58,1,0xF,0xF,1,1,1948,10340,0.158528645833
53,12288,1,0x22C10B5950E5EE13,0x0,0x2,662,716,54,1,0x2,0x2,1,1,2099,10189,0.170817057292
53,12288,2,0x22C10B5950E5EE13,0x0,0xD,590,719,129,1,0xD,0xD,1,1,2042,10246,0.166178385417
53,12288,3,0x22C10B5950E5EE13,0x0,0x7,651,727,76,1,0x7,0x7,1,1,1976,10312,0.160807291667
53,12288,4,0x22C10B5950E5EE13,0x0,0x6,667,732,65,1,0x6,0x6,1,1,2013,10275,0.163818359375
53,12288,5,0x22C10B5950E5EE13,0x0,0xC,613,732,119,1,0xC,0xC,1,1,1994,10294,0.162272135417
53,12288,6,0x22C10B5950E5EE13,0x0,0x9,613,751,138,1,0x9,0x9,1,1,2045,10243,0.166422526042
53,12288,7,0x22C10B5950E5EE13,0x0,0x0,641,704,63,1,0x0,0x0,1,1,2068,10220,0.168294270833
53,16384,0,0x22C10B5950E5EE13,0x0,0xF,894,973,79,1,0xF,0xF,1,1,2583,13801,0.157653808594
53,16384,1,0x22C10B5950E5EE13,0x0,0x2,850,969,119,1,0x2,0x2,1,1,2743,13641,0.167419433594
53,16384,2,0x22C10B5950E5EE13,0x0,0xD,823,974,151,1,0xD,0xD,1,1,2675,13709,0.163269042969
53,16384,3,0x22C10B5950E5EE13,0x0,0x7,881,980,99,1,0x7,0x7,1,1,2670,13714,0.162963867188
53,16384,4,0x22C10B5950E5EE13,0x0,0x6,888,985,97,1,0x6,0x6,1,1,2651,13733,0.161804199219
53,16384,5,0x22C10B5950E5EE13,0x0,0xC,851,975,124,1,0xC,0xC,1,1,2661,13723,0.162414550781
53,16384,6,0x22C10B5950E5EE13,0x0,0x9,855,999,144,1,0x9,0x9,1,1,2679,13705,0.163513183594
53,16384,7,0x22C10B5950E5EE13,0x0,0x0,888,941,53,1,0x0,0x0,1,1,2767,13617,0.168884277344
53,24576,0,0x22C10B5950E5EE13,0x0,0xF,1344,1462,118,1,0xF,0xF,1,1,3925,20651,0.159708658854
53,24576,1,0x22C10B5950E5EE13,0x0,0x2,1259,1465,206,1,0x2,0x2,1,1,4058,20518,0.165120442708
53,24576,2,0x22C10B5950E5EE13,0x0,0xD,1241,1488,247,1,0xD,0xD,1,1,4050,20526,0.164794921875
53,24576,3,0x22C10B5950E5EE13,0x0,0x7,1315,1488,173,1,0x7,0x7,1,1,3998,20578,0.162679036458
53,24576,4,0x22C10B5950E5EE13,0x0,0x6,1322,1497,175,1,0x6,0x6,1,1,3996,20580,0.162597656250
53,24576,5,0x22C10B5950E5EE13,0x0,0xC,1278,1491,213,1,0xC,0xC,1,1,3967,20609,0.161417643229
53,24576,6,0x22C10B5950E5EE13,0x0,0x9,1289,1495,206,1,0x9,0x9,1,1,4044,20532,0.164550781250
53,24576,7,0x22C10B5950E5EE13,0x0,0x0,1352,1469,117,1,0x0,0x0,1,1,4116,20460,0.167480468750
53,32768,0,0x22C10B5950E5EE13,0x0,0xF,1747,1950,203,1,0xF,0xF,1,1,5296,27472,0.161621093750
53,32768,1,0x22C10B5950E5EE13,0x0,0x2,1674,1967,293,1,0x2,0x2,1,1,5434,27334,0.165832519531
53,32768,2,0x22C10B5950E5EE13,0x0,0xD,1648,1980,332,1,0xD,0xD,1,1,5412,27356,0.165161132812
53,32768,3,0x22C10B5950E5EE13,0x0,0x7,1724,1991,267,1,0x7,0x7,1,1,5275,27493,0.160980224609
53,32768,4,0x22C10B5950E5EE13,0x0,0x6,1775,2020,245,1,0x6,0x6,1,1,5288,27480,0.161376953125
53,32768,5,0x22C10B5950E5EE13,0x0,0xC,1700,2015,315,1,0xC,0xC,1,1,5305,27463,0.161895751953
53,32768,6,0x22C10B5950E5EE13,0x0,0x9,1684,2025,341,1,0x9,0x9,1,1,5361,27407,0.163604736328
53,32768,7,0x22C10B5950E5EE13,0x0,0x0,1775,2014,239,1,0x0,0x0,1,1,5491,27277,0.167572021484
54,512,0,0x9F35E4D7682DC83E,0xA,0x7,24,25,1,1,0xD,0x2,1,0,89,423,0.173828125000
54,512,1,0x9F35E4D7682DC83E,0xA,0xE,23,26,3,1,0x4,0xC,1,0,79,433,0.154296875000
54,512,2,0x9F35E4D7682DC83E,0xA,0xB,23,26,3,1,0x1,0x9,1,0,90,422,0.175781250000
54,512,3,0x9F35E4D7682DC83E,0xA,0x4,22,24,2,1,0xE,0xE,1,1,99,413,0.193359375000
54,512,4,0x9F35E4D7682DC83E,0xA,0x9,24,26,2,1,0x3,0x6,1,0,84,428,0.164062500000
54,512,5,0x9F35E4D7682DC83E,0xA,0xA,25,28,3,2,0x0,0x0,0,0,84,428,0.164062500000
54,512,6,0x9F35E4D7682DC83E,0xA,0xA,24,27,3,2,0x0,0x5,0,0,78,434,0.152343750000
54,512,7,0x9F35E4D7682DC83E,0xA,0x4,22,25,3,1,0xE,0xE,1,1,78,434,0.152343750000
54,1024,0,0x9F35E4D7682DC83E,0xA,0x8,51,52,1,1,0x2,0x2,1,1,174,850,0.169921875000
54,1024,1,0x9F35E4D7682DC83E,0xA,0x6,40,54,14,1,0xC,0xC,1,1,170,854,0.166015625000
54,1024,2,0x9F35E4D7682DC83E,0xA,0x4,53,54,1,1,0xE,0x9,1,0,188,836,0.183593750000
54,1024,3,0x9F35E4D7682DC83E,0xA,0xB,52,54,2,2,0x0,0xE,0,0,182,842,0.177734375000
54,1024,4,0x9F35E4D7682DC83E,0xA,0xC,53,54,1,1,0x6,0x6,1,1,167,857,0.163085937500
54,1024,5,0x9F35E4D7682DC83E,0xA,0xA,50,55,5,1,0x0,0x0,1,1,176,848,0.171875000000
54,1024,6,0x9F35E4D7682DC83E,0xA,0xA,47,51,4,1,0x0,0x5,1,0,156,868,0.152343750000
54,1024,7,0x9F35E4D7682DC83E,0xA,0x1,49,55,6,1,0xB,0xE,1,0,168,856,0.164062500000
54,1536,0,0x9F35E4D7682DC83E,0xA,0xA,79,80,1,1,0x0,0x2,1,0,254,1282,0.165364583333
54,1536,1,0x9F35E4D7682DC83E,0xA,0x6,72,82,10,1,0xC,0xC,1,1,257,1279,0.167317708333
54,1536,2,0x9F35E4D7682DC83E,0xA,0x3,81,84,3,1,0x9,0x9,1,1,264,1272,0.171875000000
54,1536,3,0x9F35E4D7682DC83E,0xA,0x4,80,82,2,1,0xE,0xE,1,1,268,1268,0.174479166667
54,1536,4,0x9F35E4D7682DC83E,0xA,0x7,76,81,5,1,0xD,0x6,1,0,231,1305,0.150390625000
54,1536,5,0x9F35E4D7682DC83E,0xA,0xA,72,84,12,1,0x0,0x0,1,1,272,1264,0.177083333333
54,1536,6,0x9F35E4D7682DC83E,0xA,0x2,83,86,3,2,0x0,0x5,0,0,239,1297,0.155598958333
54,1536,7,0x9F35E4D7682DC83E,0xA,0x1,79,80,1,1,0xB,0xE,1,0,259,1277,0.168619791667
54,2048,0,0x9F35E4D7682DC83E,0xA,0x8,111,112,1,1,0x2,0x2,1,1,334,1714,0.163085937500
54,2048,1,0x9F35E4D7682DC83E,0xA,0x6,100,107,7,1,0xC,0xC,1,1,339,1709,0.165527343750
54,2048,2,0x9F35E4D7682DC83E,0xA,0x3,110,112,2,1,0x9,0x9,1,1,352,1696,0.171875000000
54,2048,3,0x9F35E4D7682DC83E,0xA,0x4,104,114,10,1,0xE,0xE,1,1,342,1706,0.166992187500
54,2048,4,0x9F35E4D7682DC83E,0xA,0x2,111,113,2,2,0x0,0x6,0,0,325,1723,0.158691406250
54,2048,5,0x9F35E4D7682DC83E,0xA,0xA,101,113,12,1,0x0,0x0,1,1,360,1688,0.175781250000
54,2048,6,0x9F35E4D7682DC83E,0xA,0x2,112,117,5,1,0x8,0x5,1,0,343,1705,0.167480468750
54,2048,7,0x9F35E4D7682DC83E,0xA,0x1,106,113,7,1,0xB,0xE,1,0,338,1710,0.165039062500
54,3072,0,0x9F35E4D7682DC83E,0xA,0x8,156,174,18,1,0x2,0x2,1,1,475,2597,0.154622395833
54,3072,1,0x9F35E4D7682DC83E,0xA,0x6,161,166,5,1,0xC,0xC,1,1,514,2558,0.167317708333
54,3072,2,0x9F35E4D7682DC83E,0xA,0x3,164,178,14,1,0x9,0x9,1,1,529,2543,0.172200520833
54,3072,3,0x9F35E4D7682DC83E,0xA,0x4,158,176,18,1,0xE,0xE,1,1,503,2569,0.163736979167
54,3072,4,0x9F35E4D7682DC83E,0xA,0xC,149,173,24,1,0x6,0x6,1,1,505,2567,0.164388020833
54,3072,5,0x9F35E4D7682DC83E,0xA,0xA,150,169,19,1,0x0,0x0,1,1,537,2535,0.174804687500
54,3072,6,0x9F35E4D7682DC83E,0xA,0x1,178,179,1,1,0xB,0x5,1,0,521,2551,0.169596354167
54,3072,7,0x9F35E4D7682DC83E,0xA,0x1,165,168,3,1,0xB,0xE,1,0,516,2556,0.167968750000
54,4096,0,0x9F35E4D7682DC83E,0xA,0x8,214,238,24,1,0x2,0x2,1,1,648,3448,0.158203125000
54,4096,1,0x9F35E4D7682DC83E,0xA,0x6,216,224,8,1,0xC,0xC,1,1,689,3407,0.168212890625
54,4096,2,0x9F35E4D7682DC83E,0xA,0x3,222,234,12,1,0x9,0x9,1,1,713,3383,0.174072265625
54,4096,3,0x9F35E4D7682DC83E,0xA,0x4,209,241,32,1,0xE,0xE,1,1,669,3427,0.163330078125
54,4096,4,0x9F35E4D7682DC83E,0xA,0xC,200,229,29,1,0x6,0x6,1,1,673,3423,0.164306640625
54,4096,5,0x9F35E4D7682DC83E,0xA,0xA,208,230,22,1,0x0,0x0,1,1,709,3387,0.173095703125
54,4096,6,0x9F35E4D7682DC83E,0xA,0xF,218,242,24,1,0x5,0x5,1,1,681,3415,0.166259765625
54,4096,7,0x9F35E4D7682DC83E,0xA,0x4,222,231,9,1,0xE,0xE,1,1,685,3411,0.167236328125
54,6144,0,0x9F35E4D7682DC83E,0xA,0x8,323,356,33,1,0x2,0x2,1,1,1006,5138,0.163736979167
54,6144,1,0x9F35E4D7682DC83E,0xA,0x6,312,350,38,1,0xC,0xC,1,1,1025,5119,0.166829427083
54,6144,2,0x9F35E4D7682DC83E,0xA,0x3,338,352,14,1,0x9,0x9,1,1,1059,5085,0.172363281250
54,6144,3,0x9F35E4D7682DC83E,0xA,0x4,302,357,55,1,0xE,0xE,1,1,1009,5135,0.164225260417
54,6144,4,0x9F35E4D7682DC83E,0xA,0xC,298,357,59,1,0x6,0x6,1,1,1049,5095,0.170735677083
54,6144,5,0x9F35E4D7682DC83E,0xA,0xA,303,351,48,1,0x0,0x0,1,1,1033,5111,0.168131510417
54,6144,6,0x9F35E4D7682DC83E,0xA,0xF,329,368,39,1,0x5,0x5,1,1,1015,5129,0.165201822917
54,6144,7,0x9F35E4D7682DC83E,0xA,0x4,326,366,40,1,0xE,0xE,1,1,1031,5113,0.167805989583
54,8192,0,0x9F35E4D7682DC83E,0xA,0x8,431,471,40,1,0x2,0x2,1,1,1336,6856,0.163085937500
54,8192,1,0x9F35E4D7682DC83E,0xA,0x6,421,475,54,1,0xC,0xC,1,1,1355,6837,0.165405273438
54,8192,2,0x9F35E4D7682DC83E,0xA,0x3,438,458,20,1,0x9,0x9,1,1,1393,6799,0.170043945312
54,8192,3,0x9F35E4D7682DC83E,0xA,0x4,429,486,57,1,0xE,0xE,1,1,1366,6826,0.166748046875
54,8192,4,0x9F35E4D7682DC83E,0xA,0xC,388,495,107,1,0x6,0x6,1,1,1394,6798,0.170166015625
54,8192,5,0x9F35E4D7682DC83E,0xA,0xA,403,472,69,1,0x0,0x0,1,1,1340,6852,0.163574218750
54,8192,6,0x9F35E4D7682DC83E,0xA,0xF,431,484,53,1,0x5,0x5,1,1,1308,6884,0.159667968750
54,8192,7,0x9F35E4D7682DC83E,0xA,0x4,431,482,51,1,0xE,0xE,1,1,1357,6835,0.165649414062
54,12288,0,0x9F35E4D7682DC83E,0xA,0x8,639,714,75,1,0x2,0x2,1,1,2003,10285,0.163004557292
54,12288,1,0x9F35E4D7682DC83E,0xA,0x6,664,714,50,1,0xC,0xC,1,1,2053,10235,0.167073567708
54,12288,2,0x9F35E4D7682DC83E,0xA,0x3,639,720,81,1,0x9,0x9,1,1,2071,10217,0.168538411458
54,12288,3,0x9F35E4D7682DC83E,0xA,0x4,624,715,91,1,0xE,0xE,1,1,2088,10200,0.169921875000
54,12288,4,0x9F35E4D7682DC83E,0xA,0xC,580,728,148,1,0x6,0x6,1,1,2090,10198,0.170084635417
54,12288,5,0x9F35E4D7682DC83E,0xA,0xA,630,739,109,1,0x0,0x0,1,1,1993,10295,0.162190755208
54,12288,6,0x9F35E4D7682DC83E,0xA,0xF,622,720,98,1,0x5,0x5,1,1,1930,10358,0.157063802083
54,12288,7,0x9F35E4D7682DC83E,0xA,0x4,653,742,89,1,0xE,0xE,1,1,2038,10250,0.165852864583
54,16384,0,0x9F35E4D7682DC83E,0xA,0x8,859,990,131,1,0x2,0x2,1,1,2655,13729,0.162048339844
54,16384,1,0x9F35E4D7682DC83E,0xA,0x6,878,968,90,1,0xC,0xC,1,1,2716,13668,0.165771484375
54,16384,2,0x9F35E4D7682DC83E,0xA,0x3,843,965,122,1,0x9,0x9,1,1,2718,13666,0.165893554688
54,16384,3,0x9F35E4D7682DC83E,0xA,0x4,824,965,141,1,0xE,0xE,1,1,2746,13638,0.167602539062
54,16384,4,0x9F35E4D7682DC83E,0xA,0xC,777,972,195,1,0x6,0x6,1,1,2770,13614,0.169067382812
54,16384,5,0x9F35E4D7682DC83E,0xA,0xA,854,985,131,1,0x0,0x0,1,1,2667,13717,0.162780761719
54,16384,6,0x9F35E4D7682DC83E,0xA,0xF,835,966,131,1,0x5,0x5,1,1,2599,13785,0.158630371094
54,16384,7,0x9F35E4D7682DC83E,0xA,0x4,870,976,106,1,0xE,0xE,1,1,2711,13673,0.165466308594
54,24576,0,0x9F35E4D7682DC83E,0xA,0x8,1307,1492,185,1,0x2,0x2,1,1,3996,20580,0.162597656250
54,24576,1,0x9F35E4D7682DC83E,0xA,0x6,1323,1479,156,1,0xC,0xC,1,1,4046,20530,0.164632161458
54,24576,2,0x9F35E4D7682DC83E,0xA,0x3,1274,1479,205,1,0x9,0x9,1,1,4036,20540,0.164225260417
54,24576,3,0x9F35E4D7682DC83E,0xA,0x4,1298,1463,165,1,0xE,0xE,1,1,4073,20503,0.165730794271
54,24576,4,0x9F35E4D7682DC83E,0xA,0xC,1199,1456,257,1,0x6,0x6,1,1,4167,20409,0.169555664062
54,24576,5,0x9F35E4D7682DC83E,0xA,0xA,1268,1476,208,1,0x0,0x0,1,1,4050,20526,0.164794921875
54,24576,6,0x9F35E4D7682DC83E,0xA,0xF,1271,1497,226,1,0x5,0x5,1,1,3967,20609,0.161417643229
54,24576,7,0x9F35E4D7682DC83E,0xA,0x4,1253,1479,226,1,0xE,0xE,1,1,4065,20511,0.165405273438
54,32768,0,0x9F35E4D7682DC83E,0xA,0x8,1758,1999,241,1,0x2,0x2,1,1,5359,27409,0.163543701172
54,32768,1,0x9F35E4D7682DC83E,0xA,0x6,1730,1980,250,1,0xC,0xC,1,1,5420,27348,0.165405273438
54,32768,2,0x9F35E4D7682DC83E,0xA,0x3,1701,2015,314,1,0x9,0x9,1,1,5417,27351,0.165313720703
54,32768,3,0x9F35E4D7682DC83E,0xA,0x4,1712,1998,286,1,0xE,0xE,1,1,5398,27370,0.164733886719
54,32768,4,0x9F35E4D7682DC83E,0xA,0xC,1607,1955,348,1,0x6,0x6,1,1,5532,27236,0.168823242188
54,32768,5,0x9F35E4D7682DC83E,0xA,0xA,1709,1974,265,1,0x0,0x0,1,1,5392,27376,0.164550781250
54,32768,6,0x9F35E4D7682DC83E,0xA,0xF,1716,2006,290,1,0x5,0x5,1,1,5282,27486,0.161193847656
54,32768,7,0x9F35E4D7682DC83E,0xA,0x4,1693,1979,286,1,0xE,0xE,1,1,5363,27405,0.163665771484
55,512,0,0xB1B64CBA42C71D80,0x7,0xC,24,29,5,1,0xB,0x5,1,0,83,429,0.162109375000
55,512,1,0xB1B64CBA42C71D80,0x7,0x1,23,24,1,2,0x0,0xF,0,0,99,413,0.193359375000
55,512,2,0xB1B64CBA42C71D80,0x7,0x0,24,29,5,2,0x0,0x5,0,0,82,430,0.160156250000
55,512,3,0xB1B64CBA42C71D80,0x7,0x2,21,23,2,1,0x5,0x9,1,0,79,433,0.154296875000
55,512,4,0xB1B64CBA42C71D80,0x7,0xB,23,25,2,1,0xC,0xD,1,0,82,430,0.160156250000
55,512,5,0xB1B64CBA42C71D80,0x7,0xD,26,27,1,1,0xA,0xA,1,1,82,430,0.160156250000
55,512,6,0xB1B64CBA42C71D80,0x7,0x2,27,29,2,2,0x0,0xB,0,0,85,427,0.166015625000
55,512,7,0xB1B64CBA42C71D80,0x7,0xB,23,24,1,1,0xC,0x5,1,0,72,440,0.140625000000
55,1024,0,0xB1B64CBA42C71D80,0x7,0xD,51,54,3,1,0xA,0x5,1,0,167,857,0.163085937500
55,1024,1,0xB1B64CBA42C71D80,0x7,0x1,51,52,1,2,0x0,0xF,0,0,189,835,0.184570312500
55,1024,2,0xB1B64CBA42C71D80,0x7,0x6,52,53,1,1,0x1,0x5,1,0,168,856,0.164062500000
55,1024,3,0xB1B64CBA42C71D80,0x7,0xA,47,51,4,1,0xD,0x9,1,0,153,871,0.149414062500
55,1024,4,0xB1B64CBA42C71D80,0x7,0xA,48,57,9,1,0xD,0xD,1,1,179,845,0.174804687500
55,1024,5,0xB1B64CBA42C71D80,0x7,0xD,48,58,10,1,0xA,0xA,1,1,160,864,0.156250000000
55,1024,6,0xB1B64CBA42C71D80,0x7,0x2,57,58,1,2,0x0,0xB,0,0,175,849,0.170898437500
55,1024,7,0xB1B64CBA42C71D80,0x7,0x2,44,51,7,1,0x5,0x5,1,1,155,869,0.151367187500
55,1536,0,0xB1B64CBA42C71D80,0x7,0xD,79,80,1,1,0xA,0x5,1,0,241,1295,0.156901041667
55,1536,1,0xB1B64CBA42C71D80,0x7,0x8,76,81,5,1,0xF,0xF,1,1,283,1253,0.184244791667
55,1536,2,0xB1B64CBA42C71D80,0x7,0x6,76,79,3,1,0x1,0x5,1,0,252,1284,0.164062500000
55,1536,3,0xB1B64CBA42C71D80,0x7,0xA,73,78,5,1,0xD,0x9,1,0,240,1296,0.156250000000
55,1536,4,0xB1B64CBA42C71D80,0x7,0xA,77,84,7,1,0xD,0xD,1,1,253,1283,0.164713541667
55,1536,5,0xB1B64CBA42C71D80,0x7,0xD,66,84,18,1,0xA,0xA,1,1,235,1301,0.152994791667
55,1536,6,0xB1B64CBA42C71D80,0x7,0xC,84,88,4,1,0xB,0xB,1,1,262,1274,0.170572916667
55,1536,7,0xB1B64CBA42C71D80,0x7,0xA,79,85,6,1,0xD,0x5,1,0,240,1296,0.156250000000
55,2048,0,0xB1B64CBA42C71D80,0x7,0xD,109,114,5,1,0xA,0x5,1,0,316,1732,0.154296875000
55,2048,1,0xB1B64CBA42C71D80,0x7,0x8,99,107,8,1,0xF,0xF,1,1,375,1673,0.183105468750
55,2048,2,0xB1B64CBA42C71D80,0x7,0x6,108,115,7,1,0x1,0x5,1,0,335,1713,0.163574218750
55,2048,3,0xB1B64CBA42C71D80,0x7,0xA,99,104,5,1,0xD,0x9,1,0,319,1729,0.155761718750
55,2048,4,0xB1B64CBA42C71D80,0x7,0xA,101,111,10,1,0xD,0xD,1,1,345,1703,0.168457031250
55,2048,5,0xB1B64CBA42C71D80,0x7,0xD,91,106,15,1,0xA,0xA,1,1,334,1714,0.163085937500
55,2048,6,0xB1B64CBA42C71D80,0x7,0x8,112,117,5,1,0xF,0xB,1,0,318,1730,0.155273437500
55,2048,7,0xB1B64CBA42C71D80,0x7,0x2,113,114,1,1,0x5,0x5,1,1,326,1722,0.159179687500
55,3072,0,0xB1B64CBA42C71D80,0x7,0xD,168,172,4,1,0xA,0x5,1,0,488,2584,0.158854166667
55,3072,1,0xB1B64CBA42C71D80,0x7,0x8,156,168,12,1,0xF,0xF,1,1,533,2539,0.173502604167
55,3072,2,0xB1B64CBA42C71D80,0x7,0x2,164,175,11,1,0x5,0x5,1,1,491,2581,0.159830729167
55,3072,3,0xB1B64CBA42C71D80,0x7,0xA,146,171,25,1,0xD,0x9,1,0,482,2590,0.156901041667
55,3072,4,0xB1B64CBA42C71D80,0x7,0xA,154,175,21,1,0xD,0xD,1,1,509,2563,0.165690104167
55,3072,5,0xB1B64CBA42C71D80,0x7,0xD,134,165,31,1,0xA,0xA,1,1,499,2573,0.162434895833
55,3072,6,0xB1B64CBA42C71D80,0x7,0xC,168,171,3,1,0xB,0xB,1,1,484,2588,0.157552083333
55,3072,7,0xB1B64CBA42C71D80,0x7,0x2,166,169,3,1,0x5,0x5,1,1,499,2573,0.162434895833
55,4096,0,0xB1B64CBA42C71D80,0x7,0x2,233,237,4,1,0x5,0x5,1,1,656,3440,0.160156250000
55,4096,1,0xB1B64CBA42C71D80,0x7,0x8,215,230,15,1,0xF,0xF,1,1,685,3411,0.167236328125
55,4096,2,0xB1B64CBA42C71D80,0x7,0x2,219,240,21,1,0x5,0x5,1,1,668,3428,0.163085937500
55,4096,3,0xB1B64CBA42C71D80,0x7,0xA,210,228,18,1,0xD,0x9,1,0,638,3458,0.155761718750
55,4096,4,0xB1B64CBA42C71D80,0x7,0xA,208,241,33,1,0xD,0xD,1,1,671,3425,0.163818359375
55,4096,5,0xB1B64CBA42C71D80,0x7,0xD,189,226,37,1,0xA,0xA,1,1,669,3427,0.163330078125
55,4096,6,0xB1B64CBA42C71D80,0x7,0xC,216,238,22,1,0xB,0xB,1,1,650,3446,0.158691406250
55,4096,7,0xB1B64CBA42C71D80,0x7,0x2,219,234,15,1,0x5,0x5,1,1,669,3427,0.163330078125
55,6144,0,0xB1B64CBA42C71D80,0x7,0x2,363,370,7,1,0x5,0x5,1,1,976,5168,0.158854166667
55,6144,1,0xB1B64CBA42C71D80,0x7,0x8,318,351,33,1,0xF,0xF,1,1,1016,5128,0.165364583333
55,6144,2,0xB1B64CBA42C71D80,0x7,0x2,341,354,13,1,0x5,0x5,1,1,1009,5135,0.164225260417
55,6144,3,0xB1B64CBA42C71D80,0x7,0xA,332,335,3,1,0xD,0x9,1,0,961,5183,0.156412760417
55,6144,4,0xB1B64CBA42C71D80,0x7,0xA,312,368,56,1,0xD,0xD,1,1,991,5153,0.161295572917
55,6144,5,0xB1B64CBA42C71D80,0x7,0xD,297,350,53,1,0xA,0xA,1,1,1014,5130,0.165039062500
55,6144,6,0xB1B64CBA42C71D80,0x7,0xC,321,356,35,1,0xB,0xB,1,1,1000,5144,0.162760416667
55,6144,7,0xB1B64CBA42C71D80,0x7,0x2,331,357,26,1,0x5,0x5,1,1,1011,5133,0.164550781250
55,8192,0,0xB1B64CBA42C71D80,0x7,0x2,441,489,48,1,0x5,0x5,1,1,1298,6894,0.158447265625
55,8192,1,0xB1B64CBA42C71D80,0x7,0x8,427,478,51,1,0xF,0xF,1,1,1370,6822,0.167236328125
55,8192,2,0xB1B64CBA42C71D80,0x7,0x2,447,479,32,1,0x5,0x5,1,1,1377,6815,0.168090820312
55,8192,3,0xB1B64CBA42C71D80,0x7,0xE,444,457,13,1,0x9,0x9,1,1,1305,6887,0.159301757812
55,8192,4,0xB1B64CBA42C71D80,0x7,0xA,423,492,69,1,0xD,0xD,1,1,1344,6848,0.164062500000
55,8192,5,0xB1B64CBA42C71D80,0x7,0xD,389,494,105,1,0xA,0xA,1,1,1353,6839,0.165161132812
55,8192,6,0xB1B64CBA42C71D80,0x7,0xC,417,485,68,1,0xB,0xB,1,1,1337,6855,0.163208007812
55,8192,7,0xB1B64CBA42C71D80,0x7,0x2,438,478,40,1,0x5,0x5,1,1,1356,6836,0.165527343750
55,12288,0,0xB1B64CBA42C71D80,0x7,0x2,648,753,105,1,0x5,0x5,1,1,1978,10310,0.160970052083
55,12288,1,0xB1B64CBA42C71D80,0x7,0x8,647,715,68,1,0xF,0xF,1,1,2055,10233,0.167236328125
55,12288,2,0xB1B64CBA42C71D80,0x7,0x2,651,721,70,1,0x5,0x5,1,1,2092,10196,0.170247395833
55,12288,3,0xB1B64CBA42C71D80,0x7,0xE,668,726,58,1,0x9,0x9,1,1,1961,10327,0.159586588542
55,12288,4,0xB1B64CBA42C71D80,0x7,0xA,639,739,100,1,0xD,0xD,1,1,2048,10240,0.166666666667
55,12288,5,0xB1B64CBA42C71D80,0x7,0xD,608,740,132,1,0xA,0xA,1,1,2004,10284,0.163085937500
55,12288,6,0xB1B64CBA42C71D80,0x7,0xC,649,734,85,1,0xB,0xB,1,1,2003,10285,0.163004557292
55,12288,7,0xB1B64CBA42C71D80,0x7,0x2,648,731,83,1,0x5,0x5,1,1,2036,10252,0.165690104167
55,16384,0,0xB1B64CBA42C71D80,0x7,0x2,843,991,148,1,0x5,0x5,1,1,2668,13716,0.162841796875
55,16384,1,0xB1B64CBA42C71D80,0x7,0x8,868,952,84,1,0xF,0xF,1,1,2731,13653,0.166687011719
55,16384,2,0xB1B64CBA42C71D80,0x7,0x2,853,992,139,1,0x5,0x5,1,1,2758,13626,0.168334960938
55,16384,3,0xB1B64CBA42C71D80,0x7,0xE,886,990,104,1,0x9,0x9,1,1,2625,13759,0.160217285156
55,16384,4,0xB1B64CBA42C71D80,0x7,0xA,867,991,124,1,0xD,0xD,1,1,2734,13650,0.166870117188
55,16384,5,0xB1B64CBA42C71D80,0x7,0xD,827,968,141,1,0xA,0xA,1,1,2693,13691,0.164367675781
55,16384,6,0xB1B64CBA42C71D80,0x7,0xC,849,990,141,1,0xB,0xB,1,1,2658,13726,0.162231445312
55,16384,7,0xB1B64CBA42C71D80,0x7,0x2,859,961,102,1,0x5,0x5,1,1,2696,13688,0.164550781250
55,24576,0,0xB1B64CBA42C71D80,0x7,0x2,1270,1501,231,1,0x5,0x5,1,1,3971,20605,0.161580403646
55,24576,1,0xB1B64CBA42C71D80,0x7,0x8,1296,1440,144,1,0xF,0xF,1,1,4065,20511,0.165405273438
55,24576,2,0xB1B64CBA42C71D80,0x7,0x2,1326,1513,187,1,0x5,0x5,1,1,4099,20477,0.166788736979
55,24576,3,0xB1B64CBA42C71D80,0x7,0xE,1306,1498,192,1,0x9,0x9,1,1,3950,20626,0.160725911458
55,24576,4,0xB1B64CBA42C71D80,0x7,0xA,1288,1509,221,1,0xD,0xD,1,1,4116,20460,0.167480468750
55,24576,5,0xB1B64CBA42C71D80,0x7,0xD,1233,1483,250,1,0xA,0xA,1,1,4010,20566,0.163167317708
55,24576,6,0xB1B64CBA42C71D80,0x7,0xC,1280,1484,204,1,0xB,0xB,1,1,3972,20604,0.161621093750
55,24576,7,0xB1B64CBA42C71D80,0x7,0x2,1306,1463,157,1,0x5,0x5,1,1,3997,20579,0.162638346354
55,32768,0,0xB1B64CBA42C71D80,0x7,0x2,1686,1999,313,1,0x5,0x5,1,1,5306,27462,0.161926269531
55,32768,1,0xB1B64CBA42C71D80,0x7,0x8,1740,1944,204,1,0xF,0xF,1,1,5413,27355,0.165191650391
55,32768,2,0xB1B64CBA42C71D80,0x7,0x2,1760,2010,250,1,0x5,0x5,1,1,5435,27333,0.165863037109
55,32768,3,0xB1B64CBA42C71D80,0x7,0xE,1741,2001,260,1,0x9,0x9,1,1,5276,27492,0.161010742188
55,32768,4,0xB1B64CBA42C71D80,0x7,0xA,1683,2011,328,1,0xD,0xD,1,1,5468,27300,0.166870117188
55,32768,5,0xB1B64CBA42C71D80,0x7,0xD,1647,2028,381,1,0xA,0xA,1,1,5367,27401,0.163787841797
55,32768,6,0xB1B64CBA42C71D80,0x7,0xC,1664,1992,328,1,0xB,0xB,1,1,5300,27468,0.161743164062
55,32768,7,0xB1B64CBA42C71D80,0x7,0x2,1774,1958,184,1,0x5,0x5,1,1,5310,27458,0.162048339844
56,512,0,0x893A35A2367AEC04,0x0,0xC,20,23,3,1,0xC,0xF,1,0,78,434,0.152343750000
56,512,1,0x893A35A2367AEC04,0x0,0x9,22,24,2,1,0x9,0x1,1,0,95,417,0.185546875000
56,512,2,0x893A35A2367AEC04,0x0,0x5,19,25,6,1,0x5,0x9,1,0,93,419,0.181640625000
56,512,3,0x893A35A2367AEC04,0x0,0xE,25,27,2,1,0xE,0xE,1,1,92,420,0.179687500000
56,512,4,0x893A35A2367AEC04,0x0,0x5,23,24,1,1,0x5,0x7,1,0,82,430,0.160156250000
56,512,5,0x893A35A2367AEC04,0x0,0x3,22,23,1,1,0x3,0xD,1,0,76,436,0.148437500000
56,512,6,0x893A35A2367AEC04,0x0,0x9,23,25,2,2,0x0,0x9,0,0,81,431,0.158203125000
56,512,7,0x893A35A2367AEC04,0x0,0x7,21,25,4,1,0x7,0xC,1,0,97,415,0.189453125000
56,1024,0,0x893A35A2367AEC04,0x0,0x8,47,49,2,1,0x8,0xF,1,0,158,866,0.154296875000
56,1024,1,0x893A35A2367AEC04,0x0,0x9,50,51,1,1,0x9,0x1,1,0,188,836,0.183593750000
56,1024,2,0x893A35A2367AEC04,0x0,0x4,53,57,4,1,0x4,0x9,1,0,180,844,0.175781250000
56,1024,3,0x893A35A2367AEC04,0x0,0xE,47,52,5,1,0xE,0xE,1,1,185,839,0.180664062500
56,1024,4,0x893A35A2367AEC04,0x0,0x5,47,48,1,1,0x5,0x7,1,0,166,858,0.162109375000
56,1024,5,0x893A35A2367AEC04,0x0,0xD,47,58,11,1,0xD,0xD,1,1,153,871,0.149414062500
56,1024,6,0x893A35A2367AEC04,0x0,0x9,45,48,3,1,0x9,0x9,1,1,159,865,0.155273437500
56,1024,7,0x893A35A2367AEC04,0x0,0xC,52,56,4,1,0xC,0xC,1,1,174,850,0.169921875000
56,1536,0,0x893A35A2367AEC04,0x0,0x5,71,76,5,1,0x5,0xF,1,0,236,1300,0.153645833333
56,1536,1,0x893A35A2367AEC04,0x0,0x1,76,84,8,1,0x1,0x1,1,1,263,1273,0.171223958333
56,1536,2,0x893A35A2367AEC04,0x0,0x4,86,87,1,1,0x4,0x9,1,0,266,1270,0.173177083333
56,1536,3,0x893A35A2367AEC04,0x0,0xE,73,82,9,1,0xE,0xE,1,1,274,1262,0.178385416667
56,1536,4,0x893A35A2367AEC04,0x0,0x7,74,81,7,1,0x7,0x7,1,1,237,1299,0.154296875000
56,1536,5,0x893A35A2367AEC04,0x0,0xD,79,86,7,1,0xD,0xD,1,1,233,1303,0.151692708333
56,1536,6,0x893A35A2367AEC04,0x0,0x9,72,85,13,1,0x9,0x9,1,1,241,1295,0.156901041667
56,1536,7,0x893A35A2367AEC04,0x0,0xC,81,83,2,1,0xC,0xC,1,1,254,1282,0.165364583333
56,2048,0,0x893A35A2367AEC04,0x0,0x0,107,110,3,2,0x0,0xF,0,0,316,1732,0.154296875000
56,2048,1,0x893A35A2367AEC04,0x0,0x1,100,111,11,1,0x1,0x1,1,1,341,1707,0.166503906250
56,2048,2,0x893A35A2367AEC04,0x0,0x6,112,114,2,1,0x6,0x9,1,0,360,1688,0.175781250000
56,2048,3,0x893A35A2367AEC04,0x0,0xE,94,112,18,1,0xE,0xE,1,1,351,1697,0.171386718750
56,2048,4,0x893A35A2367AEC04,0x0,0x7,104,106,2,1,0x7,0x7,1,1,327,1721,0.159667968750
56,2048,5,0x893A35A2367AEC04,0x0,0xD,108,110,2,1,0xD,0xD,1,1,315,1733,0.153808593750
56,2048,6,0x893A35A2367AEC04,0x0,0x9,102,115,13,1,0x9,0x9,1,1,335,1713,0.163574218750
56,2048,7,0x893A35A2367AEC04,0x0,0xC,107,116,9,1,0xC,0xC,1,1,344,1704,0.167968750000
56,3072,0,0x893A35A2367AEC04,0x0,0x0,159,164,5,1,0x0,0xF,1,0,485,2587,0.157877604167
56,3072,1,0x893A35A2367AEC04,0x0,0x1,152,167,15,1,0x1,0x1,1,1,512,2560,0.166666666667
56,3072,2,0x893A35A2367AEC04,0x0,0x9,163,179,16,1,0x9,0x9,1,1,526,2546,0.171223958333
56,3072,3,0x893A35A2367AEC04,0x0,0xE,145,174,29,1,0xE,0xE,1,1,510,2562,0.166015625000
56,3072,4,0x893A35A2367AEC04,0x0,0x7,151,173,22,1,0x7,0x7,1,1,487,2585,0.158528645833
56,3072,5,0x893A35A2367AEC04,0x0,0xD,156,175,19,1,0xD,0xD,1,1,499,2573,0.162434895833
56,3072,6,0x893A35A2367AEC04,0x0,0x9,151,178,27,1,0x9,0x9,1,1,500,2572,0.162760416667
56,3072,7,0x893A35A2367AEC04,0x0,0xC,151,173,22,1,0xC,0xC,1,1,516,2556,0.167968750000
56,4096,0,0x893A35A2367AEC04,0x0,0x0,221,226,5,1,0x0,0xF,1,0,661,3435,0.161376953125
56,4096,1,0x893A35A2367AEC04,0x0,0x1,202,225,23,1,0x1,0x1,1,1,691,3405,0.168701171875
56,4096,2,0x893A35A2367AEC04,0x0,0x9,210,239,29,1,0x9,0x9,1,1,677,3419,0.165283203125
56,4096,3,0x893A35A2367AEC04,0x0,0xE,211,237,26,1,0xE,0xE,1,1,679,3417,0.165771484375
56,4096,4,0x893A35A2367AEC04,0x0,0x7,216,227,11,1,0x7,0x7,1,1,646,3450,0.157714843750
56,4096,5,0x893A35A2367AEC04,0x0,0xD,204,240,36,1,0xD,0xD,1,1,664,3432,0.162109375000
56,4096,6,0x893A35A2367AEC04,0x0,0x9,201,226,25,1,0x9,0x9,1,1,662,3434,0.161621093750
56,4096,7,0x893A35A2367AEC04,0x0,0xC,218,235,17,1,0xC,0xC,1,1,695,3401,0.169677734375
56,6144,0,0x893A35A2367AEC04,0x0,0xF,331,348,17,1,0xF,0xF,1,1,998,5146,0.162434895833
56,6144,1,0x893A35A2367AEC04,0x0,0x1,294,362,68,1,0x1,0x1,1,1,1025,5119,0.166829427083
56,6144,2,0x893A35A2367AEC04,0x0,0x9,308,366,58,1,0x9,0x9,1,1,1037,5107,0.168782552083
56,6144,3,0x893A35A2367AEC04,0x0,0xE,314,363,49,1,0xE,0xE,1,1,1020,5124,0.166015625000
56,6144,4,0x893A35A2367AEC04,0x0,0x7,323,357,34,1,0x7,0x7,1,1,996,5148,0.162109375000
56,6144,5,0x893A35A2367AEC04,0x0,0xD,294,354,60,1,0xD,0xD,1,1,994,5150,0.161783854167
56,6144,6,0x893A35A2367AEC04,0x0,0x9,301,349,48,1,0x9,0x9,1,1,997,5147,0.162272135417
56,6144,7,0x893A35A2367AEC04,0x0,0xC,319,347,28,1,0xC,0xC,1,1,1028,5116,0.167317708333
56,8192,0,0x893A35A2367AEC04,0x0,0xF,449,469,20,1,0xF,0xF,1,1,1326,6866,0.161865234375
56,8192,1,0x893A35A2367AEC04,0x0,0x1,406,486,80,1,0x1,0x1,1,1,1394,6798,0.170166015625
56,8192,2,0x893A35A2367AEC04,0x0,0x9,409,486,77,1,0x9,0x9,1,1,1390,6802,0.169677734375
56,8192,3,0x893A35A2367AEC04,0x0,0xE,431,492,61,1,0xE,0xE,1,1,1383,6809,0.168823242188
56,8192,4,0x893A35A2367AEC04,0x0,0x7,430,496,66,1,0x7,0x7,1,1,1323,6869,0.161499023438
56,8192,5,0x893A35A2367AEC04,0x0,0xD,386,475,89,1,0xD,0xD,1,1,1310,6882,0.159912109375
56,8192,6,0x893A35A2367AEC04,0x0,0x9,400,477,77,1,0x9,0x9,1,1,1338,6854,0.163330078125
56,8192,7,0x893A35A2367AEC04,0x0,0xC,430,482,52,1,0xC,0xC,1,1,1367,6825,0.166870117188
56,12288,0,0x893A35A2367AEC04,0x0,0xF,645,734,89,1,0xF,0xF,1,1,1993,10295,0.162190755208
56,12288,1,0x893A35A2367AEC04,0x0,0x1,615,746,131,1,0x1,0x1,1,1,2094,10194,0.170410156250
56,12288,2,0x893A35A2367AEC04,0x0,0x9,596,742,146,1,0x9,0x9,1,1,2050,10238,0.166829427083
56,12288,3,0x893A35A2367AEC04,0x0,0xE,661,731,70,1,0xE,0xE,1,1,2064,10224,0.167968750000
56,12288,4,0x893A35A2367AEC04,0x0,0x7,638,744,106,1,0x7,0x7,1,1,1987,10301,0.161702473958
56,12288,5,0x893A35A2367AEC04,0x0,0xD,609,735,126,1,0xD,0xD,1,1,1952,10336,0.158854166667
56,12288,6,0x893A35A2367AEC04,0x0,0x9,609,756,147,1,0x9,0x9,1,1,2028,10260,0.165039062500
56,12288,7,0x893A35A2367AEC04,0x0,0xC,627,724,97,1,0xC,0xC,1,1,2040,10248,0.166015625000
56,16384,0,0x893A35A2367AEC04,0x0,0xF,855,971,116,1,0xF,0xF,1,1,2653,13731,0.161926269531
56,16384,1,0x893A35A2367AEC04,0x0,0x1,835,989,154,1,0x1,0x1,1,1,2796,13588,0.170654296875
56,16384,2,0x893A35A2367AEC04,0x0,0x9,837,996,159,1,0x9,0x9,1,1,2742,13642,0.167358398438
56,16384,3,0x893A35A2367AEC04,0x0,0xE,872,997,125,1,0xE,0xE,1,1,2705,13679,0.165100097656
56,16384,4,0x893A35A2367AEC04,0x0,0x7,861,988,127,1,0x7,0x7,1,1,2677,13707,0.163391113281
56,16384,5,0x893A35A2367AEC04,0x0,0xD,792,985,193,1,0xD,0xD,1,1,2639,13745,0.161071777344
56,16384,6,0x893A35A2367AEC04,0x0,0x9,832,990,158,1,0x9,0x9,1,1,2697,13687,0.164611816406
56,16384,7,0x893A35A2367AEC04,0x0,0xC,857,955,98,1,0xC,0xC,1,1,2714,13670,0.165649414062
56,24576,0,0x893A35A2367AEC04,0x0,0xF,1280,1472,192,1,0xF,0xF,1,1,4007,20569,0.163045247396
56,24576,1,0x893A35A2367AEC04,0x0,0x1,1287,1507,220,1,0x1,0x1,1,1,4143,20433,0.168579101562
56,24576,2,0x893A35A2367AEC04,0x0,0x9,1289,1510,221,1,0x9,0x9,1,1,4076,20500,0.165852864583
56,24576,3,0x893A35A2367AEC04,0x0,0xE,1291,1494,203,1,0xE,0xE,1,1,3976,20600,0.161783854167
56,24576,4,0x893A35A2367AEC04,0x0,0x7,1289,1492,203,1,0x7,0x7,1,1,4005,20571,0.162963867188
56,24576,5,0x893A35A2367AEC04,0x0,0xD,1214,1501,287,1,0xD,0xD,1,1,3987,20589,0.162231445312
56,24576,6,0x893A35A2367AEC04,0x0,0x9,1261,1498,237,1,0x9,0x9,1,1,4050,20526,0.164794921875
56,24576,7,0x893A35A2367AEC04,0x0,0xC,1278,1422,144,1,0xC,0xC,1,1,4132,20444,0.168131510417
56,32768,0,0x893A35A2367AEC04,0x0,0xF,1691,1992,301,1,0xF,0xF,1,1,5339,27429,0.162933349609
56,32768,1,0x893A35A2367AEC04,0x0,0x1,1718,1994,276,1,0x1,0x1,1,1,5498,27270,0.167785644531
56,32768,2,0x893A35A2367AEC04,0x0,0x9,1701,2027,326,1,0x9,0x9,1,1,5429,27339,0.165679931641
56,32768,3,0x893A35A2367AEC04,0x0,0xE,1728,2007,279,1,0xE,0xE,1,1,5309,27459,0.162017822266
56,32768,4,0x893A35A2367AEC04,0x0,0x7,1701,1978,277,1,0x7,0x7,1,1,5392,27376,0.164550781250
56,32768,5,0x893A35A2367AEC04,0x0,0xD,1614,2000,386,1,0xD,0xD,1,1,5343,27425,0.163055419922
56,32768,6,0x893A35A2367AEC04,0x0,0x9,1685,1989,304,1,0x9,0x9,1,1,5380,27388,0.164184570312
56,32768,7,0x893A35A2367AEC04,0x0,0xC,1684,1970,286,1,0xC,0xC,1,1,5459,27309,0.166595458984
57,512,0,0x803EDBCFA490E8C4,0x1,0x4,19,22,3,1,0x5,0x5,1,1,74,438,0.144531250000
57,512,1,0x803EDBCFA490E8C4,0x1,0x3,24,27,3,2,0x0,0x7,0,0,72,440,0.140625000000
57,512,2,0x803EDBCFA490E8C4,0x1,0x4,21,22,1,1,0x5,0xE,1,0,88,424,0.171875000000
57,512,3,0x803EDBCFA490E8C4,0x1,0xE,16,18,2,1,0xF,0x2,1,0,88,424,0.171875000000
57,512,4,0x803EDBCFA490E8C4,0x1,0x2,24,25,1,2,0x0,0xE,0,0,80,432,0.156250000000
57,512,5,0x803EDBCFA490E8C4,0x1,0x4,24,25,1,1,0x5,0x5,1,1,72,440,0.140625000000
57,512,6,0x803EDBCFA490E8C4,0x1,0x9,25,26,1,1,0x8,0x1,1,0,75,437,0.146484375000
57,512,7,0x803EDBCFA490E8C4,0x1,0x5,22,27,5,2,0x0,0x4,0,0,76,436,0.148437500000
57,1024,0,0x803EDBCFA490E8C4,0x1,0x4,45,54,9,1,0x5,0x5,1,1,146,878,0.142578125000
57,1024,1,0x803EDBCFA490E8C4,0x1,0x6,44,57,13,1,0x7,0x7,1,1,168,856,0.164062500000
57,1024,2,0x803EDBCFA490E8C4,0x1,0x4,57,60,3,3,0x0,0xE,0,0,164,860,0.160156250000
57,1024,3,0x803EDBCFA490E8C4,0x1,0x3,46,53,7,1,0x2,0x2,1,1,170,854,0.166015625000
57,1024,4,0x803EDBCFA490E8C4,0x1,0x0,48,56,8,1,0x1,0xE,1,0,158,866,0.154296875000
57,1024,5,0x803EDBCFA490E8C4,0x1,0x6,52,53,1,1,0x7,0x5,1,0,153,871,0.149414062500
57,1024,6,0x803EDBCFA490E8C4,0x1,0xE,54,56,2,1,0xF,0x1,1,0,171,853,0.166992187500
57,1024,7,0x803EDBCFA490E8C4,0x1,0x1,45,53,8,1,0x0,0x4,1,0,154,870,0.150390625000
57,1536,0,0x803EDBCFA490E8C4,0x1,0x4,80,82,2,2,0x0,0x5,0,0,229,1307,0.149088541667
57,1536,1,0x803EDBCFA490E8C4,0x1,0x6,62,86,24,1,0x7,0x7,1,1,255,1281,0.166015625000
57,1536,2,0x803EDBCFA490E8C4,0x1,0x2,88,89,1,2,0x0,0xE,0,0,245,1291,0.159505208333
57,1536,3,0x803EDBCFA490E8C4,0x1,0x3,66,70,4,1,0x2,0x2,1,1,262,1274,0.170572916667
57,1536,4,0x803EDBCFA490E8C4,0x1,0xB,77,79,2,1,0xA,0xE,1,0,243,1293,0.158203125000
57,1536,5,0x803EDBCFA490E8C4,0x1,0x6,82,86,4,1,0x7,0x5,1,0,223,1313,0.145182291667
57,1536,6,0x803EDBCFA490E8C4,0x1,0x0,86,88,2,1,0x1,0x1,1,1,244,1292,0.158854166667
57,1536,7,0x803EDBCFA490E8C4,0x1,0x1,70,84,14,1,0x0,0x4,1,0,238,1298,0.154947916667
57,2048,0,0x803EDBCFA490E8C4,0x1,0x4,105,107,2,1,0x5,0x5,1,1,304,1744,0.148437500000
57,2048,1,0x803EDBCFA490E8C4,0x1,0x6,92,118,26,1,0x7,0x7,1,1,361,1687,0.176269531250
57,2048,2,0x803EDBCFA490E8C4,0x1,0x3,118,121,3,1,0x2,0xE,1,0,347,1701,0.169433593750
57,2048,3,0x803EDBCFA490E8C4,0x1,0x3,86,97,11,1,0x2,0x2,1,1,352,1696,0.171875000000
57,2048,4,0x803EDBCFA490E8C4,0x1,0x0,105,111,6,1,0x1,0xE,1,0,333,1715,0.162597656250
57,2048,5,0x803EDBCFA490E8C4,0x1,0x6,113,115,2,1,0x7,0x5,1,0,302,1746,0.147460937500
57,2048,6,0x803EDBCFA490E8C4,0x1,0x0,110,113,3,1,0x1,0x1,1,1,326,1722,0.159179687500
57,2048,7,0x803EDBCFA490E8C4,0x1,0x1,98,110,12,1,0x0,0x4,1,0,330,1718,0.161132812500
57,3072,0,0x803EDBCFA490E8C4,0x1,0x4,160,167,7,1,0x5,0x5,1,1,475,2597,0.154622395833
57,3072,1,0x803EDBCFA490E8C4,0x1,0x6,147,175,28,1,0x7,0x7,1,1,525,2547,0.170898437500
57,3072,2,0x803EDBCFA490E8C4,0x1,0xF,176,178,2,1,0xE,0xE,1,1,503,2569,0.163736979167
57,3072,3,0x803EDBCFA490E8C4,0x1,0x3,140,166,26,1,0x2,0x2,1,1,528,2544,0.171875000000
57,3072,4,0x803EDBCFA490E8C4,0x1,0x0,165,173,8,2,0x0,0xE,0,0,510,2562,0.166015625000
57,3072,5,0x803EDBCFA490E8C4,0x1,0x9,173,174,1,1,0x8,0x5,1,0,493,2579,0.160481770833
57,3072,6,0x803EDBCFA490E8C4,0x1,0x0,169,175,6,1,0x1,0x1,1,1,497,2575,0.161783854167
57,3072,7,0x803EDBCFA490E8C4,0x1,0x5,150,166,16,1,0x4,0x4,1,1,486,2586,0.158203125000
57,4096,0,0x803EDBCFA490E8C4,0x1,0x4,204,218,14,1,0x5,0x5,1,1,635,3461,0.155029296875
57,4096,1,0x803EDBCFA490E8C4,0x1,0x6,203,232,29,1,0x7,0x7,1,1,698,3398,0.170410156250
57,4096,2,0x803EDBCFA490E8C4,0x1,0xF,217,242,25,1,0xE,0xE,1,1,671,3425,0.163818359375
57,4096,3,0x803EDBCFA490E8C4,0x1,0x3,194,236,42,1,0x2,0x2,1,1,703,3393,0.171630859375
57,4096,4,0x803EDBCFA490E8C4,0x1,0xF,227,231,4,1,0xE,0xE,1,1,662,3434,0.161621093750
57,4096,5,0x803EDBCFA490E8C4,0x1,0x6,234,237,3,1,0x7,0x5,1,0,650,3446,0.158691406250
57,4096,6,0x803EDBCFA490E8C4,0x1,0x0,219,232,13,1,0x1,0x1,1,1,661,3435,0.161376953125
57,4096,7,0x803EDBCFA490E8C4,0x1,0x5,211,236,25,1,0x4,0x4,1,1,634,3462,0.154785156250
57,6144,0,0x803EDBCFA490E8C4,0x1,0x4,307,351,44,1,0x5,0x5,1,1,999,5145,0.162597656250
57,6144,1,0x803EDBCFA490E8C4,0x1,0x6,305,370,65,1,0x7,0x7,1,1,1033,5111,0.168131510417
57,6144,2,0x803EDBCFA490E8C4,0x1,0xF,313,361,48,1,0xE,0xE,1,1,1046,5098,0.170247395833
57,6144,3,0x803EDBCFA490E8C4,0x1,0x3,294,355,61,1,0x2,0x2,1,1,1062,5082,0.172851562500
57,6144,4,0x803EDBCFA490E8C4,0x1,0xF,326,339,13,1,0xE,0xE,1,1,1003,5141,0.163248697917
57,6144,5,0x803EDBCFA490E8C4,0x1,0x4,339,350,11,1,0x5,0x5,1,1,1002,5142,0.163085937500
57,6144,6,0x803EDBCFA490E8C4,0x1,0x0,333,362,29,1,0x1,0x1,1,1,1006,5138,0.163736979167
57,6144,7,0x803EDBCFA490E8C4,0x1,0x5,318,367,49,1,0x4,0x4,1,1,960,5184,0.156250000000
57,8192,0,0x803EDBCFA490E8C4,0x1,0x4,426,482,56,1,0x5,0x5,1,1,1310,6882,0.159912109375
57,8192,1,0x803EDBCFA490E8C4,0x1,0x6,422,479,57,1,0x7,0x7,1,1,1374,6818,0.167724609375
57,8192,2,0x803EDBCFA490E8C4,0x1,0xF,426,465,39,1,0xE,0xE,1,1,1374,6818,0.167724609375
57,8192,3,0x803EDBCFA490E8C4,0x1,0x3,403,482,79,1,0x2,0x2,1,1,1374,6818,0.167724609375
57,8192,4,0x803EDBCFA490E8C4,0x1,0xF,438,453,15,1,0xE,0xE,1,1,1350,6842,0.164794921875
57,8192,5,0x803EDBCFA490E8C4,0x1,0x4,456,465,9,1,0x5,0x5,1,1,1330,6862,0.162353515625
57,8192,6,0x803EDBCFA490E8C4,0x1,0x0,428,486,58,1,0x1,0x1,1,1,1306,6886,0.159423828125
57,8192,7,0x803EDBCFA490E8C4,0x1,0x5,426,488,62,1,0x4,0x4,1,1,1308,6884,0.159667968750
57,12288,0,0x803EDBCFA490E8C4,0x1,0x4,624,726,102,1,0x5,0x5,1,1,2005,10283,0.163167317708
57,12288,1,0x803EDBCFA490E8C4,0x1,0x6,627,730,103,1,0x7,0x7,1,1,2066,10222,0.168131510417
57,12288,2,0x803EDBCFA490E8C4,0x1,0xF,619,720,101,1,0xE,0xE,1,1,2032,10256,0.165364583333
57,12288,3,0x803EDBCFA490E8C4,0x1,0x3,599,738,139,1,0x2,0x2,1,1,2058,10230,0.167480468750
57,12288,4,0x803EDBCFA490E8C4,0x1,0xF,661,709,48,1,0xE,0xE,1,1,1974,10314,0.160644531250
57,12288,5,0x803EDBCFA490E8C4,0x1,0x4,662,716,54,1,0x5,0x5,1,1,2003,10285,0.163004557292
57,12288,6,0x803EDBCFA490E8C4,0x1,0x0,639,741,102,1,0x1,0x1,1,1,1953,10335,0.158935546875
57,12288,7,0x803EDBCFA490E8C4,0x1,0x5,649,740,91,1,0x4,0x4,1,1,1978,10310,0.160970052083
57,16384,0,0x803EDBCFA490E8C4,0x1,0x4,837,968,131,1,0x5,0x5,1,1,2698,13686,0.164672851562
57,16384,1,0x803EDBCFA490E8C4,0x1,0x6,841,984,143,1,0x7,0x7,1,1,2732,13652,0.166748046875
57,16384,2,0x803EDBCFA490E8C4,0x1,0xF,819,966,147,1,0xE,0xE,1,1,2702,13682,0.164916992188
57,16384,3,0x803EDBCFA490E8C4,0x1,0x3,853,975,122,1,0x2,0x2,1,1,2722,13662,0.166137695312
57,16384,4,0x803EDBCFA490E8C4,0x1,0xF,861,951,90,1,0xE,0xE,1,1,2657,13727,0.162170410156
57,16384,5,0x803EDBCFA490E8C4,0x1,0x4,870,944,74,1,0x5,0x5,1,1,2656,13728,0.162109375000
57,16384,6,0x803EDBCFA490E8C4,0x1,0x0,862,977,115,1,0x1,0x1,1,1,2643,13741,0.161315917969
57,16384,7,0x803EDBCFA490E8C4,0x1,0x5,879,1001,122,1,0x4,0x4,1,1,2608,13776,0.159179687500
57,24576,0,0x803EDBCFA490E8C4,0x1,0x4,1242,1472,230,1,0x5,0x5,1,1,4068,20508,0.165527343750
57,24576,1,0x803EDBCFA490E8C4,0x1,0x6,1267,1489,222,1,0x7,0x7,1,1,4080,20496,0.166015625000
57,24576,2,0x803EDBCFA490E8C4,0x1,0xF,1237,1465,228,1,0xE,0xE,1,1,4082,20494,0.166097005208
57,24576,3,0x803EDBCFA490E8C4,0x1,0x3,1297,1475,178,1,0x2,0x2,1,1,4021,20555,0.163614908854
57,24576,4,0x803EDBCFA490E8C4,0x1,0xF,1299,1452,153,1,0xE,0xE,1,1,4000,20576,0.162760416667
57,24576,5,0x803EDBCFA490E8C4,0x1,0x4,1269,1445,176,1,0x5,0x5,1,1,3982,20594,0.162027994792
57,24576,6,0x803EDBCFA490E8C4,0x1,0x0,1256,1504,248,1,0x1,0x1,1,1,3965,20611,0.161336263021
57,24576,7,0x803EDBCFA490E8C4,0x1,0x5,1324,1505,181,1,0x4,0x4,1,1,3938,20638,0.160237630208
57,32768,0,0x803EDBCFA490E8C4,0x1,0x4,1645,2018,373,1,0x5,0x5,1,1,5441,27327,0.166046142578
57,32768,1,0x803EDBCFA490E8C4,0x1,0x6,1696,2007,311,1,0x7,0x7,1,1,5400,27368,0.164794921875
57,32768,2,0x803EDBCFA490E8C4,0x1,0xF,1666,1984,318,1,0xE,0xE,1,1,5396,27372,0.164672851562
57,32768,3,0x803EDBCFA490E8C4,0x1,0x3,1725,1980,255,1,0x2,0x2,1,1,5410,27358,0.165100097656
57,32768,4,0x803EDBCFA490E8C4,0x1,0xF,1721,1945,224,1,0xE,0xE,1,1,5319,27449,0.162322998047
57,32768,5,0x803EDBCFA490E8C4,0x1,0x4,1698,1951,253,1,0x5,0x5,1,1,5332,27436,0.162719726562
57,32768,6,0x803EDBCFA490E8C4,0x1,0x0,1717,2004,287,1,0x1,0x1,1,1,5325,27443,0.162506103516
57,32768,7,0x803EDBCFA490E8C4,0x1,0x5,1779,2002,223,1,0x4,0x4,1,1,5304,27464,0.161865234375
58,512,0,0x2F6311B8B7ADBF31,0x7,0xE,23,25,2,1,0x9,0x8,1,0,82,430,0.160156250000
58,512,1,0x2F6311B8B7ADBF31,0x7,0x0,20,25,5,1,0x7,0x4,1,0,77,435,0.150390625000
58,512,2,0x2F6311B8B7ADBF31,0x7,0x4,22,27,5,1,0x3,0x3,1,1,79,433,0.154296875000
58,512,3,0x2F6311B8B7ADBF31,0x7,0x4,23,26,3,2,0x0,0xE,0,0,73,439,0.142578125000
58,512,4,0x2F6311B8B7ADBF31,0x7,0x9,19,22,3,1,0xE,0xD,1,0,85,427,0.166015625000
58,512,5,0x2F6311B8B7ADBF31,0x7,0xB,23,25,2,2,0x0,0x5,0,0,100,412,0.195312500000
58,512,6,0x2F6311B8B7ADBF31,0x7,0x9,24,26,2,1,0xE,0x3,1,0,88,424,0.171875000000
58,512,7,0x2F6311B8B7ADBF31,0x7,0x5,18,20,2,1,0x2,0x2,1,1,84,428,0.164062500000
58,1024,0,0x2F6311B8B7ADBF31,0x7,0x3,49,50,1,1,0x4,0x8,1,0,156,868,0.152343750000
58,1024,1,0x2F6311B8B7ADBF31,0x7,0x3,48,51,3,1,0x4,0x4,1,1,166,858,0.162109375000
58,1024,2,0x2F6311B8B7ADBF31,0x7,0x4,46,56,10,1,0x3,0x3,1,1,158,866,0.154296875000
58,1024,3,0x2F6311B8B7ADBF31,0x7,0x9,47,50,3,1,0xE,0xE,1,1,163,861,0.159179687500
58,1024,4,0x2F6311B8B7ADBF31,0x7,0x2,44,45,1,1,0x5,0xD,1,0,167,857,0.163085937500
58,1024,5,0x2F6311B8B7ADBF31,0x7,0xD,46,54,8,1,0xA,0x5,1,0,195,829,0.190429687500
58,1024,6,0x2F6311B8B7ADBF31,0x7,0x3,54,57,3,2,0x0,0x3,0,0,174,850,0.169921875000
58,1024,7,0x2F6311B8B7ADBF31,0x7,0x5,37,52,15,1,0x2,0x2,1,1,165,859,0.161132812500
58,1536,0,0x2F6311B8B7ADBF31,0x7,0x3,77,83,6,1,0x4,0x8,1,0,233,1303,0.151692708333
58,1536,1,0x2F6311B8B7ADBF31,0x7,0x3,71,84,13,1,0x4,0x4,1,1,259,1277,0.168619791667
58,1536,2,0x2F6311B8B7ADBF31,0x7,0x4,70,79,9,1,0x3,0x3,1,1,243,1293,0.158203125000
58,1536,3,0x2F6311B8B7ADBF31,0x7,0x9,66,79,13,1,0xE,0xE,1,1,250,1286,0.162760416667
58,1536,4,0x2F6311B8B7ADBF31,0x7,0x2,74,80,6,1,0x5,0xD,1,0,231,1305,0.150390625000
58,1536,5,0x2F6311B8B7ADBF31,0x7,0x3,75,78,3,1,0x4,0x5,1,0,275,1261,0.179036458333
58,1536,6,0x2F6311B8B7ADBF31,0x7,0x4,77,88,11,1,0x3,0x3,1,1,261,1275,0.169921875000
58,1536,7,0x2F6311B8B7ADBF31,0x7,0x5,57,85,28,1,0x2,0x2,1,1,260,1276,0.169270833333
58,2048,0,0x2F6311B8B7ADBF31,0x7,0x3,107,110,3,2,0x0,0x8,0,0,307,1741,0.149902343750
58,2048,1,0x2F6311B8B7ADBF31,0x7,0x3,100,114,14,1,0x4,0x4,1,1,339,1709,0.165527343750
58,2048,2,0x2F6311B8B7ADBF31,0x7,0x4,102,106,4,1,0x3,0x3,1,1,325,1723,0.158691406250
58,2048,3,0x2F6311B8B7ADBF31,0x7,0x9,92,116,24,1,0xE,0xE,1,1,330,1718,0.161132812500
58,2048,4,0x2F6311B8B7ADBF31,0x7,0xA,106,107,1,1,0xD,0xD,1,1,313,1735,0.152832031250
58,2048,5,0x2F6311B8B7ADBF31,0x7,0x2,101,105,4,1,0x5,0x5,1,1,357,1691,0.174316406250
58,2048,6,0x2F6311B8B7ADBF31,0x7,0x4,111,121,10,1,0x3,0x3,1,1,345,1703,0.168457031250
58,2048,7,0x2F6311B8B7ADBF31,0x7,0x5,80,114,34,1,0x2,0x2,1,1,337,1711,0.164550781250
58,3072,0,0x2F6311B8B7ADBF31,0x7,0xF,163,169,6,1,0x8,0x8,1,1,484,2588,0.157552083333
58,3072,1,0x2F6311B8B7ADBF31,0x7,0x3,155,175,20,1,0x4,0x4,1,1,508,2564,0.165364583333
58,3072,2,0x2F6311B8B7ADBF31,0x7,0x4,161,171,10,1,0x3,0x3,1,1,492,2580,0.160156250000
58,3072,3,0x2F6311B8B7ADBF31,0x7,0x9,157,181,24,1,0xE,0xE,1,1,495,2577,0.161132812500
58,3072,4,0x2F6311B8B7ADBF31,0x7,0xA,152,171,19,1,0xD,0xD,1,1,483,2589,0.157226562500
58,3072,5,0x2F6311B8B7ADBF31,0x7,0x2,157,166,9,1,0x5,0x5,1,1,532,2540,0.173177083333
58,3072,6,0x2F6311B8B7ADBF31,0x7,0x4,154,180,26,1,0x3,0x3,1,1,501,2571,0.163085937500
58,3072,7,0x2F6311B8B7ADBF31,0x7,0x5,132,163,31,1,0x2,0x2,1,1,519,2553,0.168945312500
58,4096,0,0x2F6311B8B7ADBF31,0x7,0xF,211,227,16,1,0x8,0x8,1,1,640,3456,0.156250000000
58,4096,1,0x2F6311B8B7ADBF31,0x7,0x3,211,231,20,1,0x4,0x4,1,1,680,3416,0.166015625000
58,4096,2,0x2F6311B8B7ADBF31,0x7,0x4,213,233,20,1,0x3,0x3,1,1,652,3444,0.159179687500
58,4096,3,0x2F6311B8B7ADBF31,0x7,0x9,209,231,22,1,0xE,0xE,1,1,681,3415,0.166259765625
58,4096,4,0x2F6311B8B7ADBF31,0x7,0xA,209,232,23,1,0xD,0xD,1,1,670,3426,0.163574218750
58,4096,5,0x2F6311B8B7ADBF31,0x7,0x2,211,220,9,1,0x5,0x5,1,1,709,3387,0.173095703125
58,4096,6,0x2F6311B8B7ADBF31,0x7,0x4,203,237,34,1,0x3,0x3,1,1,688,3408,0.167968750000
58,4096,7,0x2F6311B8B7ADBF31,0x7,0x5,183,227,44,1,0x2,0x2,1,1,698,3398,0.170410156250
58,6144,0,0x2F6311B8B7ADBF31,0x7,0xF,339,347,8,1,0x8,0x8,1,1,996,5148,0.162109375000
58,6144,1,0x2F6311B8B7ADBF31,0x7,0x3,325,363,38,1,0x4,0x4,1,1,1013,5131,0.164876302083
58,6144,2,0x2F6311B8B7ADBF31,0x7,0x4,317,358,41,1,0x3,0x3,1,1,976,5168,0.158854166667
58,6144,3,0x2F6311B8B7ADBF31,0x7,0x9,328,359,31,1,0xE,0xE,1,1,1016,5128,0.165364583333
58,6144,4,0x2F6311B8B7ADBF31,0x7,0xA,318,357,39,1,0xD,0xD,1,1,996,5148,0.162109375000
58,6144,5,0x2F6311B8B7ADBF31,0x7,0x2,333,349,16,1,0x5,0x5,1,1,1056,5088,0.171875000000
58,6144,6,0x2F6311B8B7ADBF31,0x7,0x4,298,348,50,1,0x3,0x3,1,1,1025,5119,0.166829427083
58,6144,7,0x2F6311B8B7ADBF31,0x7,0x5,256,359,103,1,0x2,0x2,1,1,1064,5080,0.173177083333
58,8192,0,0x2F6311B8B7ADBF31,0x7,0xF,458,480,22,1,0x8,0x8,1,1,1360,6832,0.166015625000
58,8192,1,0x2F6311B8B7ADBF31,0x7,0x3,445,480,35,1,0x4,0x4,1,1,1355,6837,0.165405273438
58,8192,2,0x2F6311B8B7ADBF31,0x7,0x4,428,473,45,1,0x3,0x3,1,1,1312,6880,0.160156250000
58,8192,3,0x2F6311B8B7ADBF31,0x7,0x9,432,482,50,1,0xE,0xE,1,1,1360,6832,0.166015625000
58,8192,4,0x2F6311B8B7ADBF31,0x7,0xA,444,486,42,1,0xD,0xD,1,1,1336,6856,0.163085937500
58,8192,5,0x2F6311B8B7ADBF31,0x7,0x2,447,460,13,1,0x5,0x5,1,1,1389,6803,0.169555664062
58,8192,6,0x2F6311B8B7ADBF31,0x7,0x4,402,481,79,1,0x3,0x3,1,1,1352,6840,0.165039062500
58,8192,7,0x2F6311B8B7ADBF31,0x7,0x5,362,478,116,1,0x2,0x2,1,1,1430,6762,0.174560546875
58,12288,0,0x2F6311B8B7ADBF31,0x7,0xF,663,734,71,1,0x8,0x8,1,1,1975,10313,0.160725911458
58,12288,1,0x2F6311B8B7ADBF31,0x7,0x3,660,748,88,1,0x4,0x4,1,1,2011,10277,0.163655598958
58,12288,2,0x2F6311B8B7ADBF31,0x7,0x4,626,714,88,1,0x3,0x3,1,1,1997,10291,0.162516276042
58,12288,3,0x2F6311B8B7ADBF31,0x7,0x9,640,710,70,1,0xE,0xE,1,1,2051,10237,0.166910807292
58,12288,4,0x2F6311B8B7ADBF31,0x7,0xA,660,728,68,1,0xD,0xD,1,1,2013,10275,0.163818359375
58,12288,5,0x2F6311B8B7ADBF31,0x7,0x2,664,735,71,1,0x5,0x5,1,1,2053,10235,0.167073567708
58,12288,6,0x2F6311B8B7ADBF31,0x7,0x4,617,731,114,1,0x3,0x3,1,1,2018,10270,0.164225260417
58,12288,7,0x2F6311B8B7ADBF31,0x7,0x5,570,733,163,1,0x2,0x2,1,1,2136,10152,0.173828125000
58,16384,0,0x2F6311B8B7ADBF31,0x7,0xF,882,999,117,1,0x8,0x8,1,1,2657,13727,0.162170410156
58,16384,1,0x2F6311B8B7ADBF31,0x7,0x3,839,1000,161,1,0x4,0x4,1,1,2736,13648,0.166992187500
58,16384,2,0x2F6311B8B7ADBF31,0x7,0x4,834,945,111,1,0x3,0x3,1,1,2689,13695,0.164123535156
58,16384,3,0x2F6311B8B7ADBF31,0x7,0x9,859,968,109,1,0xE,0xE,1,1,2736,13648,0.166992187500
58,16384,4,0x2F6311B8B7ADBF31,0x7,0xA,872,960,88,1,0xD,0xD,1,1,2668,13716,0.162841796875
58,16384,5,0x2F6311B8B7ADBF31,0x7,0x2,872,970,98,1,0x5,0x5,1,1,2755,13629,0.168151855469
58,16384,6,0x2F6311B8B7ADBF31,0x7,0x4,818,987,169,1,0x3,0x3,1,1,2692,13692,0.164306640625
58,16384,7,0x2F6311B8B7ADBF31,0x7,0x5,778,962,184,1,0x2,0x2,1,1,2799,13585,0.170837402344
58,24576,0,0x2F6311B8B7ADBF31,0x7,0xF,1335,1502,167,1,0x8,0x8,1,1,4014,20562,0.163330078125
58,24576,1,0x2F6311B8B7ADBF31,0x7,0x3,1259,1500,241,1,0x4,0x4,1,1,4049,20527,0.164754231771
58,24576,2,0x2F6311B8B7ADBF31,0x7,0x4,1283,1449,166,1,0x3,0x3,1,1,4060,20516,0.165201822917
58,24576,3,0x2F6311B8B7ADBF31,0x7,0x9,1287,1503,216,1,0xE,0xE,1,1,4132,20444,0.168131510417
58,24576,4,0x2F6311B8B7ADBF31,0x7,0xA,1317,1474,157,1,0xD,0xD,1,1,3952,20624,0.160807291667
58,24576,5,0x2F6311B8B7ADBF31,0x7,0x2,1289,1496,207,1,0x5,0x5,1,1,4109,20467,0.167195638021
58,24576,6,0x2F6311B8B7ADBF31,0x7,0x4,1266,1503,237,1,0x3,0x3,1,1,3981,20595,0.161987304688
58,24576,7,0x2F6311B8B7ADBF31,0x7,0x5,1205,1495,290,1,0x2,0x2,1,1,4179,20397,0.170043945312
58,32768,0,0x2F6311B8B7ADBF31,0x7,0xF,1747,2011,264,1,0x8,0x8,1,1,5373,27395,0.163970947266
58,32768,1,0x2F6311B8B7ADBF31,0x7,0x3,1716,2017,301,1,0x4,0x4,1,1,5358,27410,0.163513183594
58,32768,2,0x2F6311B8B7ADBF31,0x7,0x4,1751,1977,226,1,0x3,0x3,1,1,5370,27398,0.163879394531
58,32768,3,0x2F6311B8B7ADBF31,0x7,0x9,1707,1970,263,1,0xE,0xE,1,1,5497,27271,0.167755126953
58,32768,4,0x2F6311B8B7ADBF31,0x7,0xA,1722,1990,268,1,0xD,0xD,1,1,5365,27403,0.163726806641
58,32768,5,0x2F6311B8B7ADBF31,0x7,0x2,1731,1983,252,1,0x5,0x5,1,1,5469,27299,0.166900634766
58,32768,6,0x2F6311B8B7ADBF31,0x7,0x4,1719,1977,258,1,0x3,0x3,1,1,5340,27428,0.162963867188
58,32768,7,0x2F6311B8B7ADBF31,0x7,0x5,1621,1995,374,1,0x2,0x2,1,1,5516,27252,0.168334960938
59,512,0,0x19C3A6531A66E007,0xA,0xA,17,21,4,1,0x0,0x3,1,0,94,418,0.183593750000
59,512,1,0x19C3A6531A66E007,0xA,0x0,24,25,1,1,0xA,0xA,1,1,101,411,0.197265625000
59,512,2,0x19C3A6531A66E007,0xA,0x5,23,24,1,1,0xF,0xE,1,0,92,420,0.179687500000
59,512,3,0x19C3A6531A66E007,0xA,0x1,17,21,4,1,0xB,0x2,1,0,78,434,0.152343750000
59,512,4,0x19C3A6531A66E007,0xA,0x0,22,25,3,1,0xA,0xC,1,0,85,427,0.166015625000
59,512,5,0x19C3A6531A66E007,0xA,0x8,23,25,2,2,0x0,0x6,0,0,83,429,0.162109375000
59,512,6,0x19C3A6531A66E007,0xA,0x3,21,23,2,1,0x9,0x9,1,1,93,419,0.181640625000
59,512,7,0x19C3A6531A66E007,0xA,0xF,22,23,1,1,0x5,0x0,1,0,82,430,0.160156250000
59,1024,0,0x19C3A6531A66E007,0xA,0x9,44,47,3,1,0x3,0x3,1,1,182,842,0.177734375000
59,1024,1,0x19C3A6531A66E007,0xA,0x2,44,52,8,1,0x8,0xA,1,0,168,856,0.164062500000
59,1024,2,0x19C3A6531A66E007,0xA,0x4,47,49,2,1,0xE,0xE,1,1,182,842,0.177734375000
59,1024,3,0x19C3A6531A66E007,0xA,0x8,40,55,15,1,0x2,0x2,1,1,163,861,0.159179687500
59,1024,4,0x19C3A6531A66E007,0xA,0x8,50,54,4,1,0x2,0xC,1,0,176,848,0.171875000000
59,1024,5,0x19C3A6531A66E007,0xA,0xB,52,54,2,2,0x0,0x6,0,0,164,860,0.160156250000
59,1024,6,0x19C3A6531A66E007,0xA,0x3,46,54,8,1,0x9,0x9,1,1,187,837,0.182617187500
59,1024,7,0x19C3A6531A66E007,0xA,0xF,54,55,1,1,0x5,0x0,1,0,163,861,0.159179687500
59,1536,0,0x19C3A6531A66E007,0xA,0x9,75,81,6,1,0x3,0x3,1,1,270,1266,0.175781250000
59,1536,1,0x19C3A6531A66E007,0xA,0x2,76,83,7,1,0x8,0xA,1,0,234,1302,0.152343750000
59,1536,2,0x19C3A6531A66E007,0xA,0x4,70,80,10,1,0xE,0xE,1,1,274,1262,0.178385416667
59,1536,3,0x19C3A6531A66E007,0xA,0x8,61,76,15,1,0x2,0x2,1,1,243,1293,0.158203125000
59,1536,4,0x19C3A6531A66E007,0xA,0x8,75,83,8,1,0x2,0xC,1,0,258,1278,0.167968750000
59,1536,5,0x19C3A6531A66E007,0xA,0xB,75,89,14,1,0x1,0x6,1,0,252,1284,0.164062500000
59,1536,6,0x19C3A6531A66E007,0xA,0x3,81,82,1,1,0x9,0x9,1,1,270,1266,0.175781250000
59,1536,7,0x19C3A6531A66E007,0xA,0x1,80,81,1,1,0xB,0x0,1,0,243,1293,0.158203125000
59,2048,0,0x19C3A6531A66E007,0xA,0x9,100,116,16,1,0x3,0x3,1,1,368,1680,0.179687500000
59,2048,1,0x19C3A6531A66E007,0xA,0x2,106,113,7,1,0x8,0xA,1,0,305,1743,0.148925781250
59,2048,2,0x19C3A6531A66E007,0xA,0x4,91,117,26,1,0xE,0xE,1,1,360,1688,0.175781250000
59,2048,3,0x19C3A6531A66E007,0xA,0x8,91,101,10,1,0x2,0x2,1,1,333,1715,0.162597656250
59,2048,4,0x19C3A6531A66E007,0xA,0x6,114,115,1,1,0xC,0xC,1,1,339,1709,0.165527343750
59,2048,5,0x19C3A6531A66E007,0xA,0xB,111,115,4,1,0x1,0x6,1,0,327,1721,0.159667968750
59,2048,6,0x19C3A6531A66E007,0xA,0x3,98,111,13,1,0x9,0x9,1,1,357,1691,0.174316406250
59,2048,7,0x19C3A6531A66E007,0xA,0xA,115,117,2,1,0x0,0x0,1,1,338,1710,0.165039062500
59,3072,0,0x19C3A6531A66E007,0xA,0x9,141,175,34,1,0x3,0x3,1,1,549,2523,0.178710937500
59,3072,1,0x19C3A6531A66E007,0xA,0x2,168,171,3,1,0x8,0xA,1,0,464,2608,0.151041666667
59,3072,2,0x19C3A6531A66E007,0xA,0x4,148,177,29,1,0xE,0xE,1,1,502,2570,0.163411458333
59,3072,3,0x19C3A6531A66E007,0xA,0x8,154,161,7,1,0x2,0x2,1,1,489,2583,0.159179687500
59,3072,4,0x19C3A6531A66E007,0xA,0x6,164,179,15,1,0xC,0xC,1,1,528,2544,0.171875000000
59,3072,5,0x19C3A6531A66E007,0xA,0xB,176,181,5,1,0x1,0x6,1,0,472,2600,0.153645833333
59,3072,6,0x19C3A6531A66E007,0xA,0x3,158,165,7,1,0x9,0x9,1,1,533,2539,0.173502604167
59,3072,7,0x19C3A6531A66E007,0xA,0xA,170,175,5,1,0x0,0x0,1,1,512,2560,0.166666666667
59,4096,0,0x19C3A6531A66E007,0xA,0x9,181,244,63,1,0x3,0x3,1,1,719,3377,0.175537109375
59,4096,1,0x19C3A6531A66E007,0xA,0x0,225,230,5,1,0xA,0xA,1,1,649,3447,0.158447265625
59,4096,2,0x19C3A6531A66E007,0xA,0x4,201,240,39,1,0xE,0xE,1,1,678,3418,0.165527343750
59,4096,3,0x19C3A6531A66E007,0xA,0xE,210,213,3,1,0x4,0x2,1,0,648,3448,0.158203125000
59,4096,4,0x19C3A6531A66E007,0xA,0x6,211,235,24,1,0xC,0xC,1,1,705,3391,0.172119140625
59,4096,5,0x19C3A6531A66E007,0xA,0xB,232,235,3,1,0x1,0x6,1,0,633,3463,0.154541015625
59,4096,6,0x19C3A6531A66E007,0xA,0x3,203,233,30,1,0x9,0x9,1,1,712,3384,0.173828125000
59,4096,7,0x19C3A6531A66E007,0xA,0xA,214,231,17,1,0x0,0x0,1,1,682,3414,0.166503906250
59,6144,0,0x19C3A6531A66E007,0xA,0x9,301,368,67,1,0x3,0x3,1,1,1040,5104,0.169270833333
59,6144,1,0x19C3A6531A66E007,0xA,0x0,341,353,12,1,0xA,0xA,1,1,1007,5137,0.163899739583
59,6144,2,0x19C3A6531A66E007,0xA,0x4,342,364,22,1,0xE,0xE,1,1,1027,5117,0.167154947917
59,6144,3,0x19C3A6531A66E007,0xA,0x8,299,347,48,1,0x2,0x2,1,1,1000,5144,0.162760416667
59,6144,4,0x19C3A6531A66E007,0xA,0x6,313,360,47,1,0xC,0xC,1,1,1074,5070,0.174804687500
59,6144,5,0x19C3A6531A66E007,0xA,0xC,342,351,9,1,0x6,0x6,1,1,967,5177,0.157389322917
59,6144,6,0x19C3A6531A66E007,0xA,0x3,330,354,24,1,0x9,0x9,1,1,1019,5125,0.165852864583
59,6144,7,0x19C3A6531A66E007,0xA,0xA,330,358,28,1,0x0,0x0,1,1,1034,5110,0.168294270833
59,8192,0,0x19C3A6531A66E007,0xA,0x9,405,469,64,1,0x3,0x3,1,1,1368,6824,0.166992187500
59,8192,1,0x19C3A6531A66E007,0xA,0x0,458,468,10,1,0xA,0xA,1,1,1347,6845,0.164428710938
59,8192,2,0x19C3A6531A66E007,0xA,0x4,446,480,34,1,0xE,0xE,1,1,1371,6821,0.167358398438
59,8192,3,0x19C3A6531A66E007,0xA,0x8,422,483,61,1,0x2,0x2,1,1,1338,6854,0.163330078125
59,8192,4,0x19C3A6531A66E007,0xA,0x6,408,476,68,1,0xC,0xC,1,1,1416,6776,0.172851562500
59,8192,5,0x19C3A6531A66E007,0xA,0xC,445,479,34,1,0x6,0x6,1,1,1339,6853,0.163452148438
59,8192,6,0x19C3A6531A66E007,0xA,0x3,432,488,56,1,0x9,0x9,1,1,1368,6824,0.166992187500
59,8192,7,0x19C3A6531A66E007,0xA,0xA,438,485,47,1,0x0,0x0,1,1,1367,6825,0.166870117188
59,12288,0,0x19C3A6531A66E007,0xA,0x9,633,700,67,1,0x3,0x3,1,1,2007,10281,0.163330078125
59,12288,1,0x19C3A6531A66E007,0xA,0x0,687,715,28,1,0xA,0xA,1,1,2039,10249,0.165934244792
59,12288,2,0x19C3A6531A66E007,0xA,0x4,670,728,58,1,0xE,0xE,1,1,2040,10248,0.166015625000
59,12288,3,0x19C3A6531A66E007,0xA,0x8,629,744,115,1,0x2,0x2,1,1,2017,10271,0.164143880208
59,12288,4,0x19C3A6531A66E007,0xA,0x6,622,718,96,1,0xC,0xC,1,1,2102,10186,0.171061197917
59,12288,5,0x19C3A6531A66E007,0xA,0xC,643,719,76,1,0x6,0x6,1,1,1989,10299,0.161865234375
59,12288,6,0x19C3A6531A66E007,0xA,0x3,659,734,75,1,0x9,0x9,1,1,1995,10293,0.162353515625
59,12288,7,0x19C3A6531A66E007,0xA,0xA,649,717,68,1,0x0,0x0,1,1,2025,10263,0.164794921875
59,16384,0,0x19C3A6531A66E007,0xA,0x9,860,970,110,1,0x3,0x3,1,1,2656,13728,0.162109375000
59,16384,1,0x19C3A6531A66E007,0xA,0x0,895,975,80,1,0xA,0xA,1,1,2709,13675,0.165344238281
59,16384,2,0x19C3A6531A66E007,0xA,0x4,922,992,70,1,0xE,0xE,1,1,2749,13635,0.167785644531
59,16384,3,0x19C3A6531A66E007,0xA,0x8,852,987,135,1,0x2,0x2,1,1,2683,13701,0.163757324219
59,16384,4,0x19C3A6531A66E007,0xA,0x6,826,970,144,1,0xC,0xC,1,1,2750,13634,0.167846679688
59,16384,5,0x19C3A6531A66E007,0xA,0xC,854,962,108,1,0x6,0x6,1,1,2655,13729,0.162048339844
59,16384,6,0x19C3A6531A66E007,0xA,0x3,862,993,131,1,0x9,0x9,1,1,2677,13707,0.163391113281
59,16384,7,0x19C3A6531A66E007,0xA,0xA,858,975,117,1,0x0,0x0,1,1,2703,13681,0.164978027344
59,24576,0,0x19C3A6531A66E007,0xA,0x9,1300,1479,179,1,0x3,0x3,1,1,4001,20575,0.162801106771
59,24576,1,0x19C3A6531A66E007,0xA,0x0,1304,1513,209,1,0xA,0xA,1,1,4051,20525,0.164835611979
59,24576,2,0x19C3A6531A66E007,0xA,0x4,1404,1485,81,1,0xE,0xE,1,1,4077,20499,0.165893554688
59,24576,3,0x19C3A6531A66E007,0xA,0x8,1280,1468,188,1,0x2,0x2,1,1,3994,20582,0.162516276042
59,24576,4,0x19C3A6531A66E007,0xA,0x6,1237,1502,265,1,0xC,0xC,1,1,4073,20503,0.165730794271
59,24576,5,0x19C3A6531A66E007,0xA,0xC,1272,1472,200,1,0x6,0x6,1,1,3996,20580,0.162597656250
59,24576,6,0x19C3A6531A66E007,0xA,0x3,1343,1517,174,1,0x9,0x9,1,1,3982,20594,0.162027994792
59,24576,7,0x19C3A6531A66E007,0xA,0xA,1304,1468,164,1,0x0,0x0,1,1,4123,20453,0.167765299479
59,32768,0,0x19C3A6531A66E007,0xA,0x9,1692,1997,305,1,0x3,0x3,1,1,5358,27410,0.163513183594
59,32768,1,0x19C3A6531A66E007,0xA,0x0,1750,2023,273,1,0xA,0xA,1,1,5396,27372,0.164672851562
59,32768,2,0x19C3A6531A66E007,0xA,0x4,1817,1987,170,1,0xE,0xE,1,1,5409,27359,0.165069580078
59,32768,3,0x19C3A6531A66E007,0xA,0x8,1679,1954,275,1,0x2,0x2,1,1,5382,27386,0.164245605469
59,32768,4,0x19C3A6531A66E007,0xA,0x6,1673,2009,336,1,0xC,0xC,1,1,5437,27331,0.165924072266
59,32768,5,0x19C3A6531A66E007,0xA,0xC,1686,1994,308,1,0x6,0x6,1,1,5391,27377,0.164520263672
59,32768,6,0x19C3A6531A66E007,0xA,0x3,1770,2018,248,1,0x9,0x9,1,1,5348,27420,0.163208007812
59,32768,7,0x19C3A6531A66E007,0xA,0xA,1761,2006,245,1,0x0,0x0,1,1,5400,27368,0.164794921875
60,512,0,0xDC3625C31D0847D2,0x2,0x4,23,25,2,1,0x6,0x8,1,0,80,432,0.156250000000
60,512,1,0xDC3625C31D0847D2,0x2,0xE,23,26,3,1,0xC,0x5,1,0,91,421,0.177734375000
60,512,2,0xDC3625C31D0847D2,0x2,0x3,18,26,8,1,0x1,0x8,1,0,81,431,0.158203125000
60,512,3,0xDC3625C31D0847D2,0x2,0xB,22,26,4,1,0x9,0x0,1,0,94,418,0.183593750000
60,512,4,0xDC3625C31D0847D2,0x2,0xF,21,24,3,1,0xD,0x6,1,0,94,418,0.183593750000
60,512,5,0xDC3625C31D0847D2,0x2,0x3,22,27,5,2,0x0,0x1,0,0,88,424,0.171875000000
60,512,6,0xDC3625C31D0847D2,0x2,0xF,21,25,4,1,0xD,0xD,1,1,80,432,0.156250000000
60,512,7,0xDC3625C31D0847D2,0x2,0x2,21,27,6,1,0x0,0xC,1,0,87,425,0.169921875000
60,1024,0,0xDC3625C31D0847D2,0x2,0x4,44,51,7,1,0x6,0x8,1,0,163,861,0.159179687500
60,1024,1,0xDC3625C31D0847D2,0x2,0xE,51,54,3,1,0xC,0x5,1,0,174,850,0.169921875000
60,1024,2,0xDC3625C31D0847D2,0x2,0x3,45,47,2,1,0x1,0x8,1,0,167,857,0.163085937500
60,1024,3,0xDC3625C31D0847D2,0x2,0xC,52,57,5,1,0xE,0x0,1,0,178,846,0.173828125000
60,1024,4,0xDC3625C31D0847D2,0x2,0x0,48,50,2,3,0x0,0x6,0,0,187,837,0.182617187500
60,1024,5,0xDC3625C31D0847D2,0x2,0x3,49,52,3,1,0x1,0x1,1,1,169,855,0.165039062500
60,1024,6,0xDC3625C31D0847D2,0x2,0xF,46,56,10,1,0xD,0xD,1,1,174,850,0.169921875000
60,1024,7,0xDC3625C31D0847D2,0x2,0x2,48,52,4,1,0x0,0xC,1,0,177,847,0.172851562500
60,1536,0,0xDC3625C31D0847D2,0x2,0x5,79,89,10,1,0x7,0x8,1,0,270,1266,0.175781250000
60,1536,1,0xDC3625C31D0847D2,0x2,0xE,78,80,2,1,0xC,0x5,1,0,250,1286,0.162760416667
60,1536,2,0xDC3625C31D0847D2,0x2,0xA,68,77,9,1,0x8,0x8,1,1,245,1291,0.159505208333
60,1536,3,0xDC3625C31D0847D2,0x2,0xC,71,85,14,1,0xE,0x0,1,0,253,1283,0.164713541667
60,1536,4,0xDC3625C31D0847D2,0x2,0x0,74,77,3,1,0x2,0x6,1,0,262,1274,0.170572916667
60,1536,5,0xDC3625C31D0847D2,0x2,0x3,73,81,8,1,0x1,0x1,1,1,252,1284,0.164062500000
60,1536,6,0xDC3625C31D0847D2,0x2,0xF,76,89,13,1,0xD,0xD,1,1,266,1270,0.173177083333
60,1536,7,0xDC3625C31D0847D2,0x2,0xE,79,84,5,1,0xC,0xC,1,1,261,1275,0.169921875000
60,2048,0,0xDC3625C31D0847D2,0x2,0x5,112,116,4,1,0x7,0x8,1,0,358,1690,0.174804687500
60,2048,1,0xDC3625C31D0847D2,0x2,0xD,103,106,3,1,0xF,0x5,1,0,325,1723,0.158691406250
60,2048,2,0xDC3625C31D0847D2,0x2,0xA,89,104,15,1,0x8,0x8,1,1,339,1709,0.165527343750
60,2048,3,0xDC3625C31D0847D2,0x2,0xC,105,115,10,1,0xE,0x0,1,0,335,1713,0.163574218750
60,2048,4,0xDC3625C31D0847D2,0x2,0x0,103,110,7,1,0x2,0x6,1,0,339,1709,0.165527343750
60,2048,5,0xDC3625C31D0847D2,0x2,0x3,105,109,4,1,0x1,0x1,1,1,320,1728,0.156250000000
60,2048,6,0xDC3625C31D0847D2,0x2,0x4,112,115,3,1,0x6,0xD,1,0,369,1679,0.180175781250
60,2048,7,0xDC3625C31D0847D2,0x2,0xA,105,106,1,1,0x8,0xC,1,0,339,1709,0.165527343750
60,3072,0,0xDC3625C31D0847D2,0x2,0xA,172,178,6,1,0x8,0x8,1,1,518,2554,0.168619791667
60,3072,1,0xDC3625C31D0847D2,0x2,0xD,163,171,8,1,0xF,0x5,1,0,508,2564,0.165364583333
60,3072,2,0xDC3625C31D0847D2,0x2,0xA,129,165,36,1,0x8,0x8,1,1,492,2580,0.160156250000
60,3072,3,0xDC3625C31D0847D2,0x2,0x2,153,169,16,1,0x0,0x0,1,1,520,2552,0.169270833333
60,3072,4,0xDC3625C31D0847D2,0x2,0x4,165,167,2,1,0x6,0x6,1,1,501,2571,0.163085937500
60,3072,5,0xDC3625C31D0847D2,0x2,0x3,144,163,19,1,0x1,0x1,1,1,490,2582,0.159505208333
60,3072,6,0xDC3625C31D0847D2,0x2,0xF,158,177,19,1,0xD,0xD,1,1,548,2524,0.178385416667
60,3072,7,0xDC3625C31D0847D2,0x2,0xA,170,172,2,1,0x8,0xC,1,0,483,2589,0.157226562500
60,4096,0,0xDC3625C31D0847D2,0x2,0xA,232,239,7,1,0x8,0x8,1,1,681,3415,0.166259765625
60,4096,1,0xDC3625C31D0847D2,0x2,0x9,229,233,4,1,0xB,0x5,1,0,672,3424,0.164062500000
60,4096,2,0xDC3625C31D0847D2,0x2,0xA,186,229,43,1,0x8,0x8,1,1,660,3436,0.161132812500
60,4096,3,0xDC3625C31D0847D2,0x2,0x2,216,220,4,1,0x0,0x0,1,1,702,3394,0.171386718750
60,4096,4,0xDC3625C31D0847D2,0x2,0x4,209,234,25,1,0x6,0x6,1,1,663,3433,0.161865234375
60,4096,5,0xDC3625C31D0847D2,0x2,0x3,199,216,17,1,0x1,0x1,1,1,658,3438,0.160644531250
60,4096,6,0xDC3625C31D0847D2,0x2,0xF,197,238,41,1,0xD,0xD,1,1,728,3368,0.177734375000
60,4096,7,0xDC3625C31D0847D2,0x2,0xD,232,233,1,1,0xF,0xC,1,0,634,3462,0.154785156250
60,6144,0,0xDC3625C31D0847D2,0x2,0x8,355,362,7,1,0xA,0x8,1,0,1024,5120,0.166666666667
60,6144,1,0xDC3625C31D0847D2,0x2,0x7,329,351,22,1,0x5,0x5,1,1,1010,5134,0.164388020833
60,6144,2,0xDC3625C31D0847D2,0x2,0xA,292,350,58,1,0x8,0x8,1,1,1003,5141,0.163248697917
60,6144,3,0xDC3625C31D0847D2,0x2,0x2,321,349,28,1,0x0,0x0,1,1,1060,5084,0.172526041667
60,6144,4,0xDC3625C31D0847D2,0x2,0x4,318,355,37,1,0x6,0x6,1,1,1006,5138,0.163736979167
60,6144,5,0xDC3625C31D0847D2,0x2,0x3,312,342,30,1,0x1,0x1,1,1,982,5162,0.159830729167
60,6144,6,0xDC3625C31D0847D2,0x2,0xF,317,355,38,1,0xD,0xD,1,1,1058,5086,0.172200520833
60,6144,7,0xDC3625C31D0847D2,0x2,0xE,332,359,27,1,0xC,0xC,1,1,962,5182,0.156575520833
60,8192,0,0xDC3625C31D0847D2,0x2,0x1,481,493,12,2,0x0,0x8,0,0,1345,6847,0.164184570312
60,8192,1,0xDC3625C31D0847D2,0x2,0x7,437,474,37,1,0x5,0x5,1,1,1332,6860,0.162597656250
60,8192,2,0xDC3625C31D0847D2,0x2,0xA,407,486,79,1,0x8,0x8,1,1,1341,6851,0.163696289062
60,8192,3,0xDC3625C31D0847D2,0x2,0x2,421,463,42,1,0x0,0x0,1,1,1399,6793,0.170776367188
60,8192,4,0xDC3625C31D0847D2,0x2,0x4,407,475,68,1,0x6,0x6,1,1,1318,6874,0.160888671875
60,8192,5,0xDC3625C31D0847D2,0x2,0x3,413,480,67,1,0x1,0x1,1,1,1325,6867,0.161743164062
60,8192,6,0xDC3625C31D0847D2,0x2,0xF,422,484,62,1,0xD,0xD,1,1,1392,6800,0.169921875000
60,8192,7,0xDC3625C31D0847D2,0x2,0xE,457,476,19,1,0xC,0xC,1,1,1296,6896,0.158203125000
60,12288,0,0xDC3625C31D0847D2,0x2,0xA,716,720,4,1,0x8,0x8,1,1,1990,10298,0.161946614583
60,12288,1,0xDC3625C31D0847D2,0x2,0x7,665,717,52,1,0x5,0x5,1,1,1982,10306,0.161295572917
60,12288,2,0xDC3625C31D0847D2,0x2,0xA,616,735,119,1,0x8,0x8,1,1,1992,10296,0.162109375000
60,12288,3,0xDC3625C31D0847D2,0x2,0x2,634,717,83,1,0x0,0x0,1,1,2053,10235,0.167073567708
60,12288,4,0xDC3625C31D0847D2,0x2,0x4,606,728,122,1,0x6,0x6,1,1,1995,10293,0.162353515625
60,12288,5,0xDC3625C31D0847D2,0x2,0x3,609,734,125,1,0x1,0x1,1,1,2030,10258,0.165201822917
60,12288,6,0xDC3625C31D0847D2,0x2,0xF,654,742,88,1,0xD,0xD,1,1,2054,10234,0.167154947917
60,12288,7,0xDC3625C31D0847D2,0x2,0xE,652,749,97,1,0xC,0xC,1,1,1935,10353,0.157470703125
60,16384,0,0xDC3625C31D0847D2,0x2,0xA,946,981,35,1,0x8,0x8,1,1,2651,13733,0.161804199219
60,16384,1,0xDC3625C31D0847D2,0x2,0x7,901,989,88,1,0x5,0x5,1,1,2683,13701,0.163757324219
60,16384,2,0xDC3625C31D0847D2,0x2,0xA,830,991,161,1,0x8,0x8,1,1,2651,13733,0.161804199219
60,16384,3,0xDC3625C31D0847D2,0x2,0x2,827,990,163,1,0x0,0x0,1,1,2692,13692,0.164306640625
60,16384,4,0xDC3625C31D0847D2,0x2,0x4,828,978,150,1,0x6,0x6,1,1,2634,13750,0.160766601562
60,16384,5,0xDC3625C31D0847D2,0x2,0x3,821,981,160,1,0x1,0x1,1,1,2678,13706,0.163452148438
60,16384,6,0xDC3625C31D0847D2,0x2,0xF,850,985,135,1,0xD,0xD,1,1,2764,13620,0.168701171875
60,16384,7,0xDC3625C31D0847D2,0x2,0xE,882,984,102,1,0xC,0xC,1,1,2587,13797,0.157897949219
60,24576,0,0xDC3625C31D0847D2,0x2,0xA,1364,1479,115,1,0x8,0x8,1,1,3993,20583,0.162475585938
60,24576,1,0xDC3625C31D0847D2,0x2,0x7,1326,1492,166,1,0x5,0x5,1,1,4018,20558,0.163492838542
60,24576,2,0xDC3625C31D0847D2,0x2,0xA,1258,1499,241,1,0x8,0x8,1,1,4006,20570,0.163004557292
60,24576,3,0xDC3625C31D0847D2,0x2,0x2,1251,1474,223,1,0x0,0x0,1,1,3988,20588,0.162272135417
60,24576,4,0xDC3625C31D0847D2,0x2,0x4,1235,1486,251,1,0x6,0x6,1,1,4078,20498,0.165934244792
60,24576,5,0xDC3625C31D0847D2,0x2,0x3,1265,1461,196,1,0x1,0x1,1,1,3994,20582,0.162516276042
60,24576,6,0xDC3625C31D0847D2,0x2,0xF,1299,1494,195,1,0xD,0xD,1,1,4094,20482,0.166585286458
60,24576,7,0xDC3625C31D0847D2,0x2,0xE,1316,1487,171,1,0xC,0xC,1,1,3944,20632,0.160481770833
60,32768,0,0xDC3625C31D0847D2,0x2,0xA,1759,1988,229,1,0x8,0x8,1,1,5399,27369,0.164764404297
60,32768,1,0xDC3625C31D0847D2,0x2,0x7,1740,1981,241,1,0x5,0x5,1,1,5375,27393,0.164031982422
60,32768,2,0xDC3625C31D0847D2,0x2,0xA,1684,1997,313,1,0x8,0x8,1,1,5315,27453,0.162200927734
60,32768,3,0xDC3625C31D0847D2,0x2,0x2,1655,2005,350,1,0x0,0x0,1,1,5296,27472,0.161621093750
60,32768,4,0xDC3625C31D0847D2,0x2,0x4,1625,1999,374,1,0x6,0x6,1,1,5389,27379,0.164459228516
60,32768,5,0xDC3625C31D0847D2,0x2,0x3,1696,1989,293,1,0x1,0x1,1,1,5303,27465,0.161834716797
60,32768,6,0xDC3625C31D0847D2,0x2,0xF,1703,2002,299,1,0xD,0xD,1,1,5496,27272,0.167724609375
60,32768,7,0xDC3625C31D0847D2,0x2,0xE,1717,2024,307,1,0xC,0xC,1,1,5352,27416,0.163330078125
61,512,0,0xF4A08E397C96218D,0xB,0xE,21,26,5,1,0x5,0xF,1,0,80,432,0.156250000000
61,512,1,0xF4A08E397C96218D,0xB,0xE,23,26,3,1,0x5,0xB,1,0,92,420,0.179687500000
61,512,2,0xF4A08E397C96218D,0xB,0xF,24,26,2,1,0x4,0x2,1,0,77,435,0.150390625000
61,512,3,0xF4A08E397C96218D,0xB,0xF,21,26,5,1,0x4,0x9,1,0,66,446,0.128906250000
61,512,4,0xF4A08E397C96218D,0xB,0xB,18,23,5,1,0x0,0x4,1,0,78,434,0.152343750000
61,512,5,0xF4A08E397C96218D,0xB,0x1,26,27,1,2,0x0,0x4,0,0,79,433,0.154296875000
61,512,6,0xF4A08E397C96218D,0xB,0xC,16,23,7,1,0x7,0xB,1,0,94,418,0.183593750000
61,512,7,0xF4A08E397C96218D,0xB,0xB,21,23,2,1,0x0,0x7,1,0,78,434,0.152343750000
61,1024,0,0xF4A08E397C96218D,0xB,0xC,49,51,2,1,0x7,0xF,1,0,161,863,0.157226562500
61,1024,1,0xF4A08E397C96218D,0xB,0xE,50,55,5,1,0x5,0xB,1,0,178,846,0.173828125000
61,1024,2,0xF4A08E397C96218D,0xB,0xC,53,54,1,1,0x7,0x2,1,0,167,857,0.163085937500
61,1024,3,0xF4A08E397C96218D,0xB,0xF,56,57,1,1,0x4,0x9,1,0,138,886,0.134765625000
61,1024,4,0xF4A08E397C96218D,0xB,0xF,47,49,2,1,0x4,0x4,1,1,161,863,0.157226562500
61,1024,5,0xF4A08E397C96218D,0xB,0xF,53,54,1,1,0x4,0x4,1,1,177,847,0.172851562500
61,1024,6,0xF4A08E397C96218D,0xB,0xC,48,50,2,1,0x7,0xB,1,0,174,850,0.169921875000
61,1024,7,0xF4A08E397C96218D,0xB,0xB,45,49,4,1,0x0,0x7,1,0,165,859,0.161132812500
61,1536,0,0xF4A08E397C96218D,0xB,0xE,80,85,5,1,0x5,0xF,1,0,256,1280,0.166666666667
61,1536,1,0xF4A08E397C96218D,0xB,0x0,84,85,1,1,0xB,0xB,1,1,252,1284,0.164062500000
61,1536,2,0xF4A08E397C96218D,0xB,0x9,85,86,1,1,0x2,0x2,1,1,243,1293,0.158203125000
61,1536,3,0xF4A08E397C96218D,0xB,0x2,84,86,2,1,0x9,0x9,1,1,217,1319,0.141276041667
61,1536,4,0xF4A08E397C96218D,0xB,0x4,74,82,8,1,0xF,0x4,1,0,242,1294,0.157552083333
61,1536,5,0xF4A08E397C96218D,0xB,0xF,83,85,2,1,0x4,0x4,1,1,252,1284,0.164062500000
61,1536,6,0xF4A08E397C96218D,0xB,0xC,77,80,3,1,0x7,0xB,1,0,262,1274,0.170572916667
61,1536,7,0xF4A08E397C96218D,0xB,0xC,77,80,3,1,0x7,0x7,1,1,254,1282,0.165364583333
61,2048,0,0xF4A08E397C96218D,0xB,0xC,113,115,2,1,0x7,0xF,1,0,346,1702,0.168945312500
61,2048,1,0xF4A08E397C96218D,0xB,0xE,108,112,4,1,0x5,0xB,1,0,334,1714,0.163085937500
61,2048,2,0xF4A08E397C96218D,0xB,0x7,112,113,1,1,0xC,0x2,1,0,333,1715,0.162597656250
61,2048,3,0xF4A08E397C96218D,0xB,0x2,107,110,3,1,0x9,0x9,1,1,315,1733,0.153808593750
61,2048,4,0xF4A08E397C96218D,0xB,0x4,106,116,10,2,0x0,0x4,0,0,344,1704,0.167968750000
61,2048,5,0xF4A08E397C96218D,0xB,0x3,113,116,3,2,0x0,0x4,0,0,333,1715,0.162597656250
61,2048,6,0xF4A08E397C96218D,0xB,0xC,110,114,4,1,0x7,0xB,1,0,360,1688,0.175781250000
61,2048,7,0xF4A08E397C96218D,0xB,0xC,106,107,1,1,0x7,0x7,1,1,348,1700,0.169921875000
61,3072,0,0xF4A08E397C96218D,0xB,0x4,170,175,5,1,0xF,0xF,1,1,498,2574,0.162109375000
61,3072,1,0xF4A08E397C96218D,0xB,0x0,156,166,10,1,0xB,0xB,1,1,511,2561,0.166341145833
61,3072,2,0xF4A08E397C96218D,0xB,0x9,160,175,15,1,0x2,0x2,1,1,507,2565,0.165039062500
61,3072,3,0xF4A08E397C96218D,0xB,0x2,171,174,3,1,0x9,0x9,1,1,474,2598,0.154296875000
61,3072,4,0xF4A08E397C96218D,0xB,0xF,160,169,9,1,0x4,0x4,1,1,524,2548,0.170572916667
61,3072,5,0xF4A08E397C96218D,0xB,0xF,164,170,6,1,0x4,0x4,1,1,494,2578,0.160807291667
61,3072,6,0xF4A08E397C96218D,0xB,0xC,171,173,2,1,0x7,0xB,1,0,531,2541,0.172851562500
61,3072,7,0xF4A08E397C96218D,0xB,0xB,166,167,1,1,0x0,0x7,1,0,537,2535,0.174804687500
61,4096,0,0xF4A08E397C96218D,0xB,0x4,214,231,17,1,0xF,0xF,1,1,650,3446,0.158691406250
61,4096,1,0xF4A08E397C96218D,0xB,0x0,216,228,12,1,0xB,0xB,1,1,690,3406,0.168457031250
61,4096,2,0xF4A08E397C96218D,0xB,0x9,215,233,18,1,0x2,0x2,1,1,667,3429,0.162841796875
61,4096,3,0xF4A08E397C96218D,0xB,0x2,215,240,25,1,0x9,0x9,1,1,635,3461,0.155029296875
61,4096,4,0xF4A08E397C96218D,0xB,0xF,203,224,21,1,0x4,0x4,1,1,685,3411,0.167236328125
61,4096,5,0xF4A08E397C96218D,0xB,0xF,226,238,12,1,0x4,0x4,1,1,662,3434,0.161621093750
61,4096,6,0xF4A08E397C96218D,0xB,0xC,224,227,3,1,0x7,0xB,1,0,707,3389,0.172607421875
61,4096,7,0xF4A08E397C96218D,0xB,0xC,223,228,5,1,0x7,0x7,1,1,727,3369,0.177490234375
61,6144,0,0xF4A08E397C96218D,0xB,0x4,311,364,53,1,0xF,0xF,1,1,983,5161,0.159993489583
61,6144,1,0xF4A08E397C96218D,0xB,0x0,307,331,24,1,0xB,0xB,1,1,1030,5114,0.167643229167
61,6144,2,0xF4A08E397C96218D,0xB,0x9,332,364,32,1,0x2,0x2,1,1,991,5153,0.161295572917
61,6144,3,0xF4A08E397C96218D,0xB,0x2,344,356,12,1,0x9,0x9,1,1,956,5188,0.155598958333
61,6144,4,0xF4A08E397C96218D,0xB,0xF,320,362,42,1,0x4,0x4,1,1,1014,5130,0.165039062500
61,6144,5,0xF4A08E397C96218D,0xB,0xF,322,362,40,1,0x4,0x4,1,1,1000,5144,0.162760416667
61,6144,6,0xF4A08E397C96218D,0xB,0x7,350,355,5,1,0xC,0xB,1,0,1040,5104,0.169270833333
61,6144,7,0xF4A08E397C96218D,0xB,0xC,335,354,19,1,0x7,0x7,1,1,1038,5106,0.168945312500
61,8192,0,0xF4A08E397C96218D,0xB,0x4,405,488,83,1,0xF,0xF,1,1,1331,6861,0.162475585938
61,8192,1,0xF4A08E397C96218D,0xB,0x0,400,442,42,1,0xB,0xB,1,1,1367,6825,0.166870117188
61,8192,2,0xF4A08E397C96218D,0xB,0x9,421,492,71,1,0x2,0x2,1,1,1340,6852,0.163574218750
61,8192,3,0xF4A08E397C96218D,0xB,0x2,433,482,49,1,0x9,0x9,1,1,1266,6926,0.154541015625
61,8192,4,0xF4A08E397C96218D,0xB,0xF,411,489,78,1,0x4,0x4,1,1,1371,6821,0.167358398438
61,8192,5,0xF4A08E397C96218D,0xB,0xF,434,476,42,1,0x4,0x4,1,1,1353,6839,0.165161132812
61,8192,6,0xF4A08E397C96218D,0xB,0x0,468,478,10,1,0xB,0xB,1,1,1371,6821,0.167358398438
61,8192,7,0xF4A08E397C96218D,0xB,0xC,464,479,15,1,0x7,0x7,1,1,1380,6812,0.168457031250
61,12288,0,0xF4A08E397C96218D,0xB,0x4,610,752,142,1,0xF,0xF,1,1,1966,10322,0.159993489583
61,12288,1,0xF4A08E397C96218D,0xB,0x0,588,716,128,1,0xB,0xB,1,1,2051,10237,0.166910807292
61,12288,2,0xF4A08E397C96218D,0xB,0x9,646,732,86,1,0x2,0x2,1,1,1995,10293,0.162353515625
61,12288,3,0xF4A08E397C96218D,0xB,0x2,627,740,113,1,0x9,0x9,1,1,1960,10328,0.159505208333
61,12288,4,0xF4A08E397C96218D,0xB,0xF,623,745,122,1,0x4,0x4,1,1,2039,10249,0.165934244792
61,12288,5,0xF4A08E397C96218D,0xB,0xF,637,720,83,1,0x4,0x4,1,1,2016,10272,0.164062500000
61,12288,6,0xF4A08E397C96218D,0xB,0x0,677,729,52,1,0xB,0xB,1,1,1996,10292,0.162434895833
61,12288,7,0xF4A08E397C96218D,0xB,0xC,682,715,33,1,0x7,0x7,1,1,2014,10274,0.163899739583
61,16384,0,0xF4A08E397C96218D,0xB,0x4,825,995,170,1,0xF,0xF,1,1,2607,13777,0.159118652344
61,16384,1,0xF4A08E397C96218D,0xB,0x0,804,972,168,1,0xB,0xB,1,1,2682,13702,0.163696289062
61,16384,2,0xF4A08E397C96218D,0xB,0x9,838,1006,168,1,0x2,0x2,1,1,2662,13722,0.162475585938
61,16384,3,0xF4A08E397C96218D,0xB,0x2,840,1003,163,1,0x9,0x9,1,1,2671,13713,0.163024902344
61,16384,4,0xF4A08E397C96218D,0xB,0xF,833,986,153,1,0x4,0x4,1,1,2729,13655,0.166564941406
61,16384,5,0xF4A08E397C96218D,0xB,0xF,872,990,118,1,0x4,0x4,1,1,2697,13687,0.164611816406
61,16384,6,0xF4A08E397C96218D,0xB,0x0,896,982,86,1,0xB,0xB,1,1,2668,13716,0.162841796875
61,16384,7,0xF4A08E397C96218D,0xB,0xC,907,966,59,1,0x7,0x7,1,1,2688,13696,0.164062500000
61,24576,0,0xF4A08E397C96218D,0xB,0x4,1291,1498,207,1,0xF,0xF,1,1,3922,20654,0.159586588542
61,24576,1,0xF4A08E397C96218D,0xB,0x0,1194,1497,303,1,0xB,0xB,1,1,4021,20555,0.163614908854
61,24576,2,0xF4A08E397C96218D,0xB,0x9,1262,1510,248,1,0x2,0x2,1,1,3970,20606,0.161539713542
61,24576,3,0xF4A08E397C96218D,0xB,0x2,1285,1504,219,1,0x9,0x9,1,1,3957,20619,0.161010742188
61,24576,4,0xF4A08E397C96218D,0xB,0xF,1236,1509,273,1,0x4,0x4,1,1,4091,20485,0.166463216146
61,24576,5,0xF4A08E397C96218D,0xB,0xF,1325,1473,148,1,0x4,0x4,1,1,4053,20523,0.164916992188
61,24576,6,0xF4A08E397C96218D,0xB,0x0,1310,1477,167,1,0xB,0xB,1,1,4002,20574,0.162841796875
61,24576,7,0xF4A08E397C96218D,0xB,0xC,1326,1489,163,1,0x7,0x7,1,1,3991,20585,0.162394205729
61,32768,0,0xF4A08E397C96218D,0xB,0x4,1706,1998,292,1,0xF,0xF,1,1,5311,27457,0.162078857422
61,32768,1,0xF4A08E397C96218D,0xB,0x0,1598,2022,424,1,0xB,0xB,1,1,5342,27426,0.163024902344
61,32768,2,0xF4A08E397C96218D,0xB,0x9,1708,2012,304,1,0x2,0x2,1,1,5297,27471,0.161651611328
61,32768,3,0xF4A08E397C96218D,0xB,0x2,1713,2022,309,1,0x9,0x9,1,1,5218,27550,0.159240722656
61,32768,4,0xF4A08E397C96218D,0xB,0xF,1692,2010,318,1,0x4,0x4,1,1,5412,27356,0.165161132812
61,32768,5,0xF4A08E397C96218D,0xB,0xF,1728,1998,270,1,0x4,0x4,1,1,5457,27311,0.166534423828
61,32768,6,0xF4A08E397C96218D,0xB,0x0,1753,2009,256,1,0xB,0xB,1,1,5329,27439,0.162628173828
61,32768,7,0xF4A08E397C96218D,0xB,0xC,1759,1980,221,1,0x7,0x7,1,1,5306,27462,0.161926269531
62,512,0,0x585B05EC0392CD00,0xC,0x3,24,26,2,1,0xF,0x3,1,0,96,416,0.187500000000
62,512,1,0x585B05EC0392CD00,0xC,0xA,22,25,3,1,0x6,0xC,1,0,93,419,0.181640625000
62,512,2,0x585B05EC0392CD00,0xC,0xB,22,26,4,1,0x7,0xB,1,0,83,429,0.162109375000
62,512,3,0x585B05EC0392CD00,0xC,0xC,22,24,2,1,0x0,0x4,1,0,77,435,0.150390625000
62,512,4,0x585B05EC0392CD00,0xC,0x3,26,27,1,1,0xF,0x9,1,0,70,442,0.136718750000
62,512,5,0x585B05EC0392CD00,0xC,0x6,23,28,5,2,0x0,0x7,0,0,88,424,0.171875000000
62,512,6,0x585B05EC0392CD00,0xC,0x3,21,26,5,1,0xF,0x8,1,0,90,422,0.175781250000
62,512,7,0x585B05EC0392CD00,0xC,0xD,15,24,9,1,0x1,0xF,1,0,68,444,0.132812500000
62,1024,0,0x585B05EC0392CD00,0xC,0x9,52,55,3,1,0x5,0x3,1,0,189,835,0.184570312500
62,1024,1,0x585B05EC0392CD00,0xC,0x9,52,54,2,1,0x5,0xC,1,0,177,847,0.172851562500
62,1024,2,0x585B05EC0392CD00,0xC,0xB,49,55,6,1,0x7,0xB,1,0,177,847,0.172851562500
62,1024,3,0x585B05EC0392CD00,0xC,0x2,48,53,5,1,0xE,0x4,1,0,171,853,0.166992187500
62,1024,4,0x585B05EC0392CD00,0xC,0x2,54,55,1,1,0xE,0x9,1,0,155,869,0.151367187500
62,1024,5,0x585B05EC0392CD00,0xC,0x8,42,45,3,1,0x4,0x7,1,0,172,852,0.167968750000
62,1024,6,0x585B05EC0392CD00,0xC,0x3,45,59,14,1,0xF,0x8,1,0,178,846,0.173828125000
62,1024,7,0x585B05EC0392CD00,0xC,0xD,40,53,13,1,0x1,0xF,1,0,162,862,0.158203125000
62,1536,0,0x585B05EC0392CD00,0xC,0xF,77,85,8,1,0x3,0x3,1,1,275,1261,0.179036458333
62,1536,1,0x585B05EC0392CD00,0xC,0x4,78,81,3,1,0x8,0xC,1,0,267,1269,0.173828125000
62,1536,2,0x585B05EC0392CD00,0xC,0x7,81,86,5,2,0x0,0xB,0,0,263,1273,0.171223958333
62,1536,3,0x585B05EC0392CD00,0xC,0xD,73,81,8,1,0x1,0x4,1,0,251,1285,0.163411458333
62,1536,4,0x585B05EC0392CD00,0xC,0x1,80,83,3,2,0x0,0x9,0,0,245,1291,0.159505208333
62,1536,5,0x585B05EC0392CD00,0xC,0x8,76,83,7,1,0x4,0x7,1,0,253,1283,0.164713541667
62,1536,6,0x585B05EC0392CD00,0xC,0xC,79,85,6,1,0x0,0x8,1,0,268,1268,0.174479166667
62,1536,7,0x585B05EC0392CD00,0xC,0xD,68,75,7,1,0x1,0xF,1,0,224,1312,0.145833333333
62,2048,0,0x585B05EC0392CD00,0xC,0xF,103,113,10,1,0x3,0x3,1,1,366,1682,0.178710937500
62,2048,1,0x585B05EC0392CD00,0xC,0x4,109,111,2,2,0x0,0xC,0,0,345,1703,0.168457031250
62,2048,2,0x585B05EC0392CD00,0xC,0x7,108,114,6,1,0xB,0xB,1,1,353,1695,0.172363281250
62,2048,3,0x585B05EC0392CD00,0xC,0xD,101,115,14,1,0x1,0x4,1,0,325,1723,0.158691406250
62,2048,4,0x585B05EC0392CD00,0xC,0x2,109,113,4,1,0xE,0x9,1,0,323,1725,0.157714843750
62,2048,5,0x585B05EC0392CD00,0xC,0x6,103,106,3,1,0xA,0x7,1,0,327,1721,0.159667968750
62,2048,6,0x585B05EC0392CD00,0xC,0x8,115,116,1,1,0x4,0x8,1,0,355,1693,0.173339843750
62,2048,7,0x585B05EC0392CD00,0xC,0x3,101,102,1,1,0xF,0xF,1,1,310,1738,0.151367187500
62,3072,0,0x585B05EC0392CD00,0xC,0xF,158,172,14,1,0x3,0x3,1,1,529,2543,0.172200520833
62,3072,1,0x585B05EC0392CD00,0xC,0x0,164,177,13,1,0xC,0xC,1,1,505,2567,0.164388020833
62,3072,2,0x585B05EC0392CD00,0xC,0x7,165,176,11,2,0x0,0xB,0,0,534,2538,0.173828125000
62,3072,3,0x585B05EC0392CD00,0xC,0xD,153,176,23,1,0x1,0x4,1,0,483,2589,0.157226562500
62,3072,4,0x585B05EC0392CD00,0xC,0xB,159,166,7,1,0x7,0x9,1,0,501,2571,0.163085937500
62,3072,5,0x585B05EC0392CD00,0xC,0x5,159,176,17,1,0x9,0x7,1,0,494,2578,0.160807291667
62,3072,6,0x585B05EC0392CD00,0xC,0x4,166,180,14,1,0x8,0x8,1,1,515,2557,0.167643229167
62,3072,7,0x585B05EC0392CD00,0xC,0x3,157,167,10,1,0xF,0xF,1,1,466,2606,0.151692708333
62,4096,0,0x585B05EC0392CD00,0xC,0xF,222,228,6,1,0x3,0x3,1,1,693,3403,0.169189453125
62,4096,1,0x585B05EC0392CD00,0xC,0x0,222,234,12,1,0xC,0xC,1,1,676,3420,0.165039062500
62,4096,2,0x585B05EC0392CD00,0xC,0x7,221,230,9,1,0xB,0xB,1,1,683,3413,0.166748046875
62,4096,3,0x585B05EC0392CD00,0xC,0xD,211,223,12,1,0x1,0x4,1,0,633,3463,0.154541015625
62,4096,4,0x585B05EC0392CD00,0xC,0x5,213,228,15,1,0x9,0x9,1,1,671,3425,0.163818359375
62,4096,5,0x585B05EC0392CD00,0xC,0x5,225,235,10,1,0x9,0x7,1,0,663,3433,0.161865234375
62,4096,6,0x585B05EC0392CD00,0xC,0x4,217,237,20,1,0x8,0x8,1,1,668,3428,0.163085937500
62,4096,7,0x585B05EC0392CD00,0xC,0x3,199,234,35,1,0xF,0xF,1,1,618,3478,0.150878906250
62,6144,0,0x585B05EC0392CD00,0xC,0xF,330,348,18,1,0x3,0x3,1,1,1029,5115,0.167480468750
62,6144,1,0x585B05EC0392CD00,0xC,0x0,340,347,7,1,0xC,0xC,1,1,1022,5122,0.166341145833
62,6144,2,0x585B05EC0392CD00,0xC,0x7,331,359,28,1,0xB,0xB,1,1,987,5157,0.160644531250
62,6144,3,0x585B05EC0392CD00,0xC,0xA,345,348,3,1,0x6,0x4,1,0,975,5169,0.158691406250
62,6144,4,0x585B05EC0392CD00,0xC,0x5,337,348,11,1,0x9,0x9,1,1,1048,5096,0.170572916667
62,6144,5,0x585B05EC0392CD00,0xC,0xB,347,361,14,1,0x7,0x7,1,1,974,5170,0.158528645833
62,6144,6,0x585B05EC0392CD00,0xC,0x4,315,364,49,1,0x8,0x8,1,1,1010,5134,0.164388020833
62,6144,7,0x585B05EC0392CD00,0xC,0x3,318,354,36,1,0xF,0xF,1,1,926,5218,0.150716145833
62,8192,0,0x585B05EC0392CD00,0xC,0xF,460,463,3,1,0x3,0x3,1,1,1353,6839,0.165161132812
62,8192,1,0x585B05EC0392CD00,0xC,0x0,432,463,31,1,0xC,0xC,1,1,1369,6823,0.167114257812
62,8192,2,0x585B05EC0392CD00,0xC,0x7,455,476,21,1,0xB,0xB,1,1,1318,6874,0.160888671875
62,8192,3,0x585B05EC0392CD00,0xC,0x8,455,473,18,1,0x4,0x4,1,1,1273,6919,0.155395507812
62,8192,4,0x585B05EC0392CD00,0xC,0x5,443,467,24,1,0x9,0x9,1,1,1395,6797,0.170288085938
62,8192,5,0x585B05EC0392CD00,0xC,0xB,438,478,40,1,0x7,0x7,1,1,1296,6896,0.158203125000
62,8192,6,0x585B05EC0392CD00,0xC,0x4,434,468,34,1,0x8,0x8,1,1,1352,6840,0.165039062500
62,8192,7,0x585B05EC0392CD00,0xC,0x3,414,478,64,1,0xF,0xF,1,1,1263,6929,0.154174804688
62,12288,0,0x585B05EC0392CD00,0xC,0xF,688,704,16,1,0x3,0x3,1,1,2047,10241,0.166585286458
62,12288,1,0x585B05EC0392CD00,0xC,0x0,680,690,10,1,0xC,0xC,1,1,2019,10269,0.164306640625
62,12288,2,0x585B05EC0392CD00,0xC,0x7,670,745,75,1,0xB,0xB,1,1,2007,10281,0.163330078125
62,12288,3,0x585B05EC0392CD00,0xC,0x8,694,722,28,1,0x4,0x4,1,1,1912,10376,0.155598958333
62,12288,4,0x585B05EC0392CD00,0xC,0x5,643,723,80,1,0x9,0x9,1,1,2078,10210,0.169108072917
62,12288,5,0x585B05EC0392CD00,0xC,0xB,635,735,100,1,0x7,0x7,1,1,1944,10344,0.158203125000
62,12288,6,0x585B05EC0392CD00,0xC,0x4,661,737,76,1,0x8,0x8,1,1,2052,10236,0.166992187500
62,12288,7,0x585B05EC0392CD00,0xC,0x3,625,724,99,1,0xF,0xF,1,1,1967,10321,0.160074869792
62,16384,0,0x585B05EC0392CD00,0xC,0xF,917,953,36,1,0x3,0x3,1,1,2727,13657,0.166442871094
62,16384,1,0x585B05EC0392CD00,0xC,0x0,921,953,32,1,0xC,0xC,1,1,2695,13689,0.164489746094
62,16384,2,0x585B05EC0392CD00,0xC,0x7,872,974,102,1,0xB,0xB,1,1,2635,13749,0.160827636719
62,16384,3,0x585B05EC0392CD00,0xC,0x8,894,972,78,1,0x4,0x4,1,1,2610,13774,0.159301757812
62,16384,4,0x585B05EC0392CD00,0xC,0x5,848,997,149,1,0x9,0x9,1,1,2766,13618,0.168823242188
62,16384,5,0x585B05EC0392CD00,0xC,0xB,835,996,161,1,0x7,0x7,1,1,2601,13783,0.158752441406
62,16384,6,0x585B05EC0392CD00,0xC,0x4,859,975,116,1,0x8,0x8,1,1,2775,13609,0.169372558594
62,16384,7,0x585B05EC0392CD00,0xC,0x3,841,980,139,1,0xF,0xF,1,1,2605,13779,0.158996582031
62,24576,0,0x585B05EC0392CD00,0xC,0xF,1315,1491,176,1,0x3,0x3,1,1,4027,20549,0.163859049479
62,24576,1,0x585B05EC0392CD00,0xC,0x0,1359,1465,106,1,0xC,0xC,1,1,4020,20556,0.163574218750
62,24576,2,0x585B05EC0392CD00,0xC,0x7,1283,1492,209,1,0xB,0xB,1,1,3981,20595,0.161987304688
62,24576,3,0x585B05EC0392CD00,0xC,0x8,1352,1462,110,1,0x4,0x4,1,1,3949,20627,0.160685221354
62,24576,4,0x585B05EC0392CD00,0xC,0x5,1261,1512,251,1,0x9,0x9,1,1,4065,20511,0.165405273438
62,24576,5,0x585B05EC0392CD00,0xC,0xB,1260,1512,252,1,0x7,0x7,1,1,3928,20648,0.159830729167
62,24576,6,0x585B05EC0392CD00,0xC,0x4,1250,1478,228,1,0x8,0x8,1,1,4161,20415,0.169311523438
62,24576,7,0x585B05EC0392CD00,0xC,0x3,1268,1480,212,1,0xF,0xF,1,1,3956,20620,0.160970052083
62,32768,0,0x585B05EC0392CD00,0xC,0xF,1740,1964,224,1,0x3,0x3,1,1,5392,27376,0.164550781250
62,32768,1,0x585B05EC0392CD00,0xC,0x0,1789,1972,183,1,0xC,0xC,1,1,5346,27422,0.163146972656
62,32768,2,0x585B05EC0392CD00,0xC,0x7,1730,1990,260,1,0xB,0xB,1,1,5282,27486,0.161193847656
62,32768,3,0x585B05EC0392CD00,0xC,0x8,1782,1920,138,1,0x4,0x4,1,1,5280,27488,0.161132812500
62,32768,4,0x585B05EC0392CD00,0xC,0x5,1673,2011,338,1,0x9,0x9,1,1,5500,27268,0.167846679688
62,32768,5,0x585B05EC0392CD00,0xC,0xB,1685,2026,341,1,0x7,0x7,1,1,5228,27540,0.159545898438
62,32768,6,0x585B05EC0392CD00,0xC,0x4,1669,2003,334,1,0x8,0x8,1,1,5527,27241,0.168670654297
62,32768,7,0x585B05EC0392CD00,0xC,0x3,1688,1978,290,1,0xF,0xF,1,1,5311,27457,0.162078857422
63,512,0,0x5AA8C8FC35919F7B,0x0,0x0,22,25,3,1,0x0,0x5,1,0,77,435,0.150390625000
63,512,1,0x5AA8C8FC35919F7B,0x0,0x1,23,24,1,1,0x1,0x0,1,0,95,417,0.185546875000
63,512,2,0x5AA8C8FC35919F7B,0x0,0x5,23,28,5,2,0x0,0x3,0,0,89,423,0.173828125000
63,512,3,0x5AA8C8FC35919F7B,0x0,0x4,18,21,3,1,0x4,0x4,1,1,85,427,0.166015625000
63,512,4,0x5AA8C8FC35919F7B,0x0,0xB,23,24,1,1,0xB,0xB,1,1,93,419,0.181640625000
63,512,5,0x5AA8C8FC35919F7B,0x0,0xB,23,24,1,1,0xB,0x1,1,0,86,426,0.167968750000
63,512,6,0x5AA8C8FC35919F7B,0x0,0xC,22,23,1,1,0xC,0x3,1,0,77,435,0.150390625000
63,512,7,0x5AA8C8FC35919F7B,0x0,0x3,19,23,4,1,0x3,0x3,1,1,93,419,0.181640625000
63,1024,0,0x5AA8C8FC35919F7B,0x0,0x0,51,52,1,1,0x0,0x5,1,0,152,872,0.148437500000
63,1024,1,0x5AA8C8FC35919F7B,0x0,0x0,46,55,9,1,0x0,0x0,1,1,193,831,0.188476562500
63,1024,2,0x5AA8C8FC35919F7B,0x0,0xE,57,58,1,2,0x0,0x3,0,0,165,859,0.161132812500
63,1024,3,0x5AA8C8FC35919F7B,0x0,0x4,48,52,4,1,0x4,0x4,1,1,178,846,0.173828125000
63,1024,4,0x5AA8C8FC35919F7B,0x0,0x9,50,55,5,1,0x9,0xB,1,0,182,842,0.177734375000
63,1024,5,0x5AA8C8FC35919F7B,0x0,0x4,51,57,6,1,0x4,0x1,1,0,180,844,0.175781250000
63,1024,6,0x5AA8C8FC35919F7B,0x0,0xC,48,49,1,1,0xC,0x3,1,0,173,851,0.168945312500
63,1024,7,0x5AA8C8FC35919F7B,0x0,0x3,52,53,1,1,0x3,0x3,1,1,183,841,0.178710937500
63,1536,0,0x5AA8C8FC35919F7B,0x0,0x0,81,86,5,1,0x0,0x5,1,0,249,1287,0.162109375000
63,1536,1,0x5AA8C8FC35919F7B,0x0,0x0,72,81,9,1,0x0,0x0,1,1,263,1273,0.171223958333
63,1536,2,0x5AA8C8FC35919F7B,0x0,0x3,84,86,2,1,0x3,0x3,1,1,243,1293,0.158203125000
63,1536,3,0x5AA8C8FC35919F7B,0x0,0x4,71,80,9,1,0x4,0x4,1,1,258,1278,0.167968750000
63,1536,4,0x5AA8C8FC35919F7B,0x0,0xB,82,84,2,1,0xB,0xB,1,1,271,1265,0.176432291667
63,1536,5,0x5AA8C8FC35919F7B,0x0,0x4,79,85,6,1,0x4,0x1,1,0,265,1271,0.172526041667
63,1536,6,0x5AA8C8FC35919F7B,0x0,0x3,70,78,8,1,0x3,0x3,1,1,268,1268,0.174479166667
63,1536,7,0x5AA8C8FC35919F7B,0x0,0x3,73,75,2,1,0x3,0x3,1,1,270,1266,0.175781250000
63,2048,0,0x5AA8C8FC35919F7B,0x0,0x0,100,114,14,1,0x0,0x5,1,0,343,1705,0.167480468750
63,2048,1,0x5AA8C8FC35919F7B,0x0,0x0,98,114,16,1,0x0,0x0,1,1,343,1705,0.167480468750
63,2048,2,0x5AA8C8FC35919F7B,0x0,0x3,117,119,2,1,0x3,0x3,1,1,313,1735,0.152832031250
63,2048,3,0x5AA8C8FC35919F7B,0x0,0x4,95,108,13,1,0x4,0x4,1,1,349,1699,0.170410156250
63,2048,4,0x5AA8C8FC35919F7B,0x0,0xB,102,115,13,1,0xB,0xB,1,1,352,1696,0.171875000000
63,2048,5,0x5AA8C8FC35919F7B,0x0,0x7,118,121,3,1,0x7,0x1,1,0,354,1694,0.172851562500
63,2048,6,0x5AA8C8FC35919F7B,0x0,0x3,99,107,8,1,0x3,0x3,1,1,360,1688,0.175781250000
63,2048,7,0x5AA8C8FC35919F7B,0x0,0x3,95,111,16,1,0x3,0x3,1,1,343,1705,0.167480468750
63,3072,0,0x5AA8C8FC35919F7B,0x0,0x0,167,175,8,1,0x0,0x5,1,0,526,2546,0.171223958333
63,3072,1,0x5AA8C8FC35919F7B,0x0,0x0,162,180,18,1,0x0,0x0,1,1,525,2547,0.170898437500
63,3072,2,0x5AA8C8FC35919F7B,0x0,0x3,170,174,4,1,0x3,0x3,1,1,466,2606,0.151692708333
63,3072,3,0x5AA8C8FC35919F7B,0x0,0x4,155,178,23,1,0x4,0x4,1,1,510,2562,0.166015625000
63,3072,4,0x5AA8C8FC35919F7B,0x0,0xB,155,175,20,1,0xB,0xB,1,1,517,2555,0.168294270833
63,3072,5,0x5AA8C8FC35919F7B,0x0,0x1,162,172,10,1,0x1,0x1,1,1,531,2541,0.172851562500
63,3072,6,0x5AA8C8FC35919F7B,0x0,0x3,151,176,25,1,0x3,0x3,1,1,525,2547,0.170898437500
63,3072,7,0x5AA8C8FC35919F7B,0x0,0x3,149,170,21,1,0x3,0x3,1,1,498,2574,0.162109375000
63,4096,0,0x5AA8C8FC35919F7B,0x0,0x0,208,238,30,1,0x0,0x5,1,0,689,3407,0.168212890625
63,4096,1,0x5AA8C8FC35919F7B,0x0,0x0,215,234,19,1,0x0,0x0,1,1,678,3418,0.165527343750
63,4096,2,0x5AA8C8FC35919F7B,0x0,0x3,221,234,13,1,0x3,0x3,1,1,625,3471,0.152587890625
63,4096,3,0x5AA8C8FC35919F7B,0x0,0x4,197,239,42,1,0x4,0x4,1,1,682,3414,0.166503906250
63,4096,4,0x5AA8C8FC35919F7B,0x0,0xB,217,248,31,1,0xB,0xB,1,1,676,3420,0.165039062500
63,4096,5,0x5AA8C8FC35919F7B,0x0,0x1,216,238,22,1,0x1,0x1,1,1,674,3422,0.164550781250
63,4096,6,0x5AA8C8FC35919F7B,0x0,0x3,204,222,18,1,0x3,0x3,1,1,697,3399,0.170166015625
63,4096,7,0x5AA8C8FC35919F7B,0x0,0x3,193,244,51,1,0x3,0x3,1,1,688,3408,0.167968750000
63,6144,0,0x5AA8C8FC35919F7B,0x0,0x0,330,360,30,1,0x0,0x5,1,0,1015,5129,0.165201822917
63,6144,1,0x5AA8C8FC35919F7B,0x0,0x0,325,358,33,1,0x0,0x0,1,1,1000,5144,0.162760416667
63,6144,2,0x5AA8C8FC35919F7B,0x0,0x3,315,356,41,1,0x3,0x3,1,1,971,5173,0.158040364583
63,6144,3,0x5AA8C8FC35919F7B,0x0,0x4,308,360,52,1,0x4,0x4,1,1,1023,5121,0.166503906250
63,6144,4,0x5AA8C8FC35919F7B,0x0,0xB,319,373,54,1,0xB,0xB,1,1,987,5157,0.160644531250
63,6144,5,0x5AA8C8FC35919F7B,0x0,0x1,312,353,41,1,0x1,0x1,1,1,1025,5119,0.166829427083
63,6144,6,0x5AA8C8FC35919F7B,0x0,0x3,295,347,52,1,0x3,0x3,1,1,1041,5103,0.169433593750
63,6144,7,0x5AA8C8FC35919F7B,0x0,0x3,317,367,50,1,0x3,0x3,1,1,1019,5125,0.165852864583
63,8192,0,0x5AA8C8FC35919F7B,0x0,0x0,464,485,21,1,0x0,0x5,1,0,1358,6834,0.165771484375
63,8192,1,0x5AA8C8FC35919F7B,0x0,0x0,431,471,40,1,0x0,0x0,1,1,1337,6855,0.163208007812
63,8192,2,0x5AA8C8FC35919F7B,0x0,0x3,434,474,40,1,0x3,0x3,1,1,1299,6893,0.158569335938
63,8192,3,0x5AA8C8FC35919F7B,0x0,0x4,428,481,53,1,0x4,0x4,1,1,1358,6834,0.165771484375
63,8192,4,0x5AA8C8FC35919F7B,0x0,0xB,435,503,68,1,0xB,0xB,1,1,1333,6859,0.162719726562
63,8192,5,0x5AA8C8FC35919F7B,0x0,0x1,442,488,46,1,0x1,0x1,1,1,1364,6828,0.166503906250
63,8192,6,0x5AA8C8FC35919F7B,0x0,0x3,409,477,68,1,0x3,0x3,1,1,1380,6812,0.168457031250
63,8192,7,0x5AA8C8FC35919F7B,0x0,0x3,450,487,37,1,0x3,0x3,1,1,1372,6820,0.167480468750
63,12288,0,0x5AA8C8FC35919F7B,0x0,0x0,697,730,33,1,0x0,0x5,1,0,2032,10256,0.165364583333
63,12288,1,0x5AA8C8FC35919F7B,0x0,0x0,673,710,37,1,0x0,0x0,1,1,2046,10242,0.166503906250
63,12288,2,0x5AA8C8FC35919F7B,0x0,0x3,627,718,91,1,0x3,0x3,1,1,1962,10326,0.159667968750
63,12288,3,0x5AA8C8FC35919F7B,0x0,0x4,636,732,96,1,0x4,0x4,1,1,2051,10237,0.166910807292
63,12288,4,0x5AA8C8FC35919F7B,0x0,0xB,630,744,114,1,0xB,0xB,1,1,1983,10305,0.161376953125
63,12288,5,0x5AA8C8FC35919F7B,0x0,0x1,648,723,75,1,0x1,0x1,1,1,2002,10286,0.162923177083
63,12288,6,0x5AA8C8FC35919F7B,0x0,0x3,618,728,110,1,0x3,0x3,1,1,2062,10226,0.167805989583
63,12288,7,0x5AA8C8FC35919F7B,0x0,0x3,660,740,80,1,0x3,0x3,1,1,2056,10232,0.167317708333
63,16384,0,0x5AA8C8FC35919F7B,0x0,0x0,949,968,19,1,0x0,0x5,1,0,2692,13692,0.164306640625
63,16384,1,0x5AA8C8FC35919F7B,0x0,0x0,885,983,98,1,0x0,0x0,1,1,2731,13653,0.166687011719
63,16384,2,0x5AA8C8FC35919F7B,0x0,0x3,843,973,130,1,0x3,0x3,1,1,2643,13741,0.161315917969
63,16384,3,0x5AA8C8FC35919F7B,0x0,0x4,867,991,124,1,0x4,0x4,1,1,2755,13629,0.168151855469
63,16384,4,0x5AA8C8FC35919F7B,0x0,0xB,831,988,157,1,0xB,0xB,1,1,2649,13735,0.161682128906
63,16384,5,0x5AA8C8FC35919F7B,0x0,0x1,857,991,134,1,0x1,0x1,1,1,2687,13697,0.164001464844
63,16384,6,0x5AA8C8FC35919F7B,0x0,0x3,854,989,135,1,0x3,0x3,1,1,2721,13663,0.166076660156
63,16384,7,0x5AA8C8FC35919F7B,0x0,0x3,877,975,98,1,0x3,0x3,1,1,2753,13631,0.168029785156
63,24576,0,0x5AA8C8FC35919F7B,0x0,0x5,1374,1472,98,1,0x5,0x5,1,1,4009,20567,0.163126627604
63,24576,1,0x5AA8C8FC35919F7B,0x0,0x0,1315,1479,164,1,0x0,0x0,1,1,4089,20487,0.166381835938
63,24576,2,0x5AA8C8FC35919F7B,0x0,0x3,1260,1504,244,1,0x3,0x3,1,1,4039,20537,0.164347330729
63,24576,3,0x5AA8C8FC35919F7B,0x0,0x4,1294,1485,191,1,0x4,0x4,1,1,4098,20478,0.166748046875
63,24576,4,0x5AA8C8FC35919F7B,0x0,0xB,1284,1495,211,1,0xB,0xB,1,1,3991,20585,0.162394205729
63,24576,5,0x5AA8C8FC35919F7B,0x0,0x1,1327,1462,135,1,0x1,0x1,1,1,4026,20550,0.163818359375
63,24576,6,0x5AA8C8FC35919F7B,0x0,0x3,1260,1471,211,1,0x3,0x3,1,1,4044,20532,0.164550781250
63,24576,7,0x5AA8C8FC35919F7B,0x0,0x3,1289,1495,206,1,0x3,0x3,1,1,4155,20421,0.169067382812
63,32768,0,0x5AA8C8FC35919F7B,0x0,0x5,1781,1992,211,1,0x5,0x5,1,1,5387,27381,0.164398193359
63,32768,1,0x5AA8C8FC35919F7B,0x0,0x0,1747,1980,233,1,0x0,0x0,1,1,5404,27364,0.164916992188
63,32768,2,0x5AA8C8FC35919F7B,0x0,0x3,1698,2005,307,1,0x3,0x3,1,1,5380,27388,0.164184570312
63,32768,3,0x5AA8C8FC35919F7B,0x0,0x4,1714,1989,275,1,0x4,0x4,1,1,5486,27282,0.167419433594
63,32768,4,0x5AA8C8FC35919F7B,0x0,0xB,1739,1994,255,1,0xB,0xB,1,1,5335,27433,0.162811279297
63,32768,5,0x5AA8C8FC35919F7B,0x0,0x1,1767,1993,226,1,0x1,0x1,1,1,5360,27408,0.163574218750
63,32768,6,0x5AA8C8FC35919F7B,0x0,0x3,1705,1994,289,1,0x3,0x3,1,1,5345,27423,0.163116455078
63,32768,7,0x5AA8C8FC35919F7B,0x0,0x3,1674,2014,340,1,0x3,0x3,1,1,5492,27276,0.167602539062
64,512,0,0xCF3422CD8EB8BFB4,0xC,0x1,19,24,5,1,0xD,0x7,1,0,80,432,0.156250000000
64,512,1,0xCF3422CD8EB8BFB4,0xC,0x3,25,26,1,2,0x0,0xC,0,0,89,423,0.173828125000
64,512,2,0xCF3422CD8EB8BFB4,0xC,0x8,25,29,4,3,0x0,0x4,0,0,88,424,0.171875000000
64,512,3,0xCF3422CD8EB8BFB4,0xC,0x7,20,23,3,1,0xB,0x6,1,0,86,426,0.167968750000
64,512,4,0xCF3422CD8EB8BFB4,0xC,0xF,26,27,1,1,0x3,0xD,1,0,86,426,0.167968750000
64,512,5,0xCF3422CD8EB8BFB4,0xC,0xC,21,24,3,1,0x0,0x0,1,1,92,420,0.179687500000
64,512,6,0xCF3422CD8EB8BFB4,0xC,0xE,21,24,3,1,0x2,0xA,1,0,60,452,0.117187500000
64,512,7,0xCF3422CD8EB8BFB4,0xC,0xC,22,24,2,1,0x0,0xE,1,0,85,427,0.166015625000
64,1024,0,0xCF3422CD8EB8BFB4,0xC,0x1,41,48,7,1,0xD,0x7,1,0,161,863,0.157226562500
64,1024,1,0xCF3422CD8EB8BFB4,0xC,0xF,53,54,1,1,0x3,0xC,1,0,180,844,0.175781250000
64,1024,2,0xCF3422CD8EB8BFB4,0xC,0x8,51,57,6,2,0x0,0x4,0,0,165,859,0.161132812500
64,1024,3,0xCF3422CD8EB8BFB4,0xC,0x8,49,51,2,1,0x4,0x6,1,0,182,842,0.177734375000
64,1024,4,0xCF3422CD8EB8BFB4,0xC,0xF,53,54,1,1,0x3,0xD,1,0,173,851,0.168945312500
64,1024,5,0xCF3422CD8EB8BFB4,0xC,0x4,50,56,6,1,0x8,0x0,1,0,167,857,0.163085937500
64,1024,6,0xCF3422CD8EB8BFB4,0xC,0x6,40,52,12,1,0xA,0xA,1,1,147,877,0.143554687500
64,1024,7,0xCF3422CD8EB8BFB4,0xC,0x1,52,57,5,2,0x0,0xE,0,0,179,845,0.174804687500
64,1536,0,0xCF3422CD8EB8BFB4,0xC,0xB,70,77,7,1,0x7,0x7,1,1,238,1298,0.154947916667
64,1536,1,0xCF3422CD8EB8BFB4,0xC,0xC,82,83,1,1,0x0,0xC,1,0,253,1283,0.164713541667
64,1536,2,0xCF3422CD8EB8BFB4,0xC,0x8,75,83,8,1,0x4,0x4,1,1,252,1284,0.164062500000
64,1536,3,0xCF3422CD8EB8BFB4,0xC,0xA,70,81,11,1,0x6,0x6,1,1,265,1271,0.172526041667
64,1536,4,0xCF3422CD8EB8BFB4,0xC,0x4,80,83,3,1,0x8,0xD,1,0,249,1287,0.162109375000
64,1536,5,0xCF3422CD8EB8BFB4,0xC,0xC,78,84,6,1,0x0,0x0,1,1,240,1296,0.156250000000
64,1536,6,0xCF3422CD8EB8BFB4,0xC,0x6,68,86,18,1,0xA,0xA,1,1,243,1293,0.158203125000
64,1536,7,0xCF3422CD8EB8BFB4,0xC,0x2,82,87,5,1,0xE,0xE,1,1,257,1279,0.167317708333
64,2048,0,0xCF3422CD8EB8BFB4,0xC,0xB,100,111,11,1,0x7,0x7,1,1,335,1713,0.163574218750
64,2048,1,0xCF3422CD8EB8BFB4,0xC,0xC,108,115,7,1,0x0,0xC,1,0,339,1709,0.165527343750
64,2048,2,0xCF3422CD8EB8BFB4,0xC,0x8,100,111,11,1,0x4,0x4,1,1,353,1695,0.172363281250
64,2048,3,0xCF3422CD8EB8BFB4,0xC,0xA,93,111,18,1,0x6,0x6,1,1,343,1705,0.167480468750
64,2048,4,0xCF3422CD8EB8BFB4,0xC,0x4,105,114,9,1,0x8,0xD,1,0,330,1718,0.161132812500
64,2048,5,0xCF3422CD8EB8BFB4,0xC,0xC,106,115,9,1,0x0,0x0,1,1,329,1719,0.160644531250
64,2048,6,0xCF3422CD8EB8BFB4,0xC,0x6,90,110,20,1,0xA,0xA,1,1,327,1721,0.159667968750
64,2048,7,0xCF3422CD8EB8BFB4,0xC,0x2,112,118,6,1,0xE,0xE,1,1,332,1716,0.162109375000
64,3072,0,0xCF3422CD8EB8BFB4,0xC,0xB,158,169,11,1,0x7,0x7,1,1,488,2584,0.158854166667
64,3072,1,0xCF3422CD8EB8BFB4,0xC,0x0,165,171,6,1,0xC,0xC,1,1,497,2575,0.161783854167
64,3072,2,0xCF3422CD8EB8BFB4,0xC,0x8,156,176,20,1,0x4,0x4,1,1,521,2551,0.169596354167
64,3072,3,0xCF3422CD8EB8BFB4,0xC,0xA,144,176,32,1,0x6,0x6,1,1,518,2554,0.168619791667
64,3072,4,0xCF3422CD8EB8BFB4,0xC,0x4,159,173,14,1,0x8,0xD,1,0,488,2584,0.158854166667
64,3072,5,0xCF3422CD8EB8BFB4,0xC,0xC,168,175,7,1,0x0,0x0,1,1,503,2569,0.163736979167
64,3072,6,0xCF3422CD8EB8BFB4,0xC,0x6,153,176,23,1,0xA,0xA,1,1,468,2604,0.152343750000
64,3072,7,0xCF3422CD8EB8BFB4,0xC,0x2,157,178,21,1,0xE,0xE,1,1,501,2571,0.163085937500
64,4096,0,0xCF3422CD8EB8BFB4,0xC,0x1,215,225,10,1,0xD,0x7,1,0,672,3424,0.164062500000
64,4096,1,0xCF3422CD8EB8BFB4,0xC,0x0,221,234,13,1,0xC,0xC,1,1,675,3421,0.164794921875
64,4096,2,0xCF3422CD8EB8BFB4,0xC,0x8,215,244,29,1,0x4,0x4,1,1,691,3405,0.168701171875
64,4096,3,0xCF3422CD8EB8BFB4,0xC,0xA,186,238,52,1,0x6,0x6,1,1,678,3418,0.165527343750
64,4096,4,0xCF3422CD8EB8BFB4,0xC,0x4,226,239,13,1,0x8,0xD,1,0,661,3435,0.161376953125
64,4096,5,0xCF3422CD8EB8BFB4,0xC,0xC,213,245,32,1,0x0,0x0,1,1,666,3430,0.162597656250
64,4096,6,0xCF3422CD8EB8BFB4,0xC,0x6,213,224,11,1,0xA,0xA,1,1,620,3476,0.151367187500
64,4096,7,0xCF3422CD8EB8BFB4,0xC,0x2,204,235,31,1,0xE,0xE,1,1,672,3424,0.164062500000
64,6144,0,0xCF3422CD8EB8BFB4,0xC,0xB,336,346,10,1,0x7,0x7,1,1,1003,5141,0.163248697917
64,6144,1,0xCF3422CD8EB8BFB4,0xC,0x0,328,332,4,1,0xC,0xC,1,1,1011,5133,0.164550781250
64,6144,2,0xCF3422CD8EB8BFB4,0xC,0x8,336,358,22,1,0x4,0x4,1,1,1019,5125,0.165852864583
64,6144,3,0xCF3422CD8EB8BFB4,0xC,0xA,288,355,67,1,0x6,0x6,1,1,1015,5129,0.165201822917
64,6144,4,0xCF3422CD8EB8BFB4,0xC,0x1,338,351,13,1,0xD,0xD,1,1,1005,5139,0.163574218750
64,6144,5,0xCF3422CD8EB8BFB4,0xC,0xC,330,362,32,1,0x0,0x0,1,1,997,5147,0.162272135417
64,6144,6,0xCF3422CD8EB8BFB4,0xC,0x6,315,360,45,1,0xA,0xA,1,1,982,5162,0.159830729167
64,6144,7,0xCF3422CD8EB8BFB4,0xC,0x2,291,357,66,1,0xE,0xE,1,1,1016,5128,0.165364583333
64,8192,0,0xCF3422CD8EB8BFB4,0xC,0xB,448,479,31,1,0x7,0x7,1,1,1318,6874,0.160888671875
64,8192,1,0xCF3422CD8EB8BFB4,0xC,0x0,425,460,35,1,0xC,0xC,1,1,1342,6850,0.163818359375
64,8192,2,0xCF3422CD8EB8BFB4,0xC,0x8,439,493,54,1,0x4,0x4,1,1,1369,6823,0.167114257812
64,8192,3,0xCF3422CD8EB8BFB4,0xC,0xA,378,488,110,1,0x6,0x6,1,1,1363,6829,0.166381835938
64,8192,4,0xCF3422CD8EB8BFB4,0xC,0x1,427,480,53,1,0xD,0xD,1,1,1328,6864,0.162109375000
64,8192,5,0xCF3422CD8EB8BFB4,0xC,0xC,431,480,49,1,0x0,0x0,1,1,1343,6849,0.163940429688
64,8192,6,0xCF3422CD8EB8BFB4,0xC,0x6,428,481,53,1,0xA,0xA,1,1,1323,6869,0.161499023438
64,8192,7,0xCF3422CD8EB8BFB4,0xC,0x2,402,473,71,1,0xE,0xE,1,1,1352,6840,0.165039062500
64,12288,0,0xCF3422CD8EB8BFB4,0xC,0xB,682,735,53,1,0x7,0x7,1,1,1988,10300,0.161783854167
64,12288,1,0xCF3422CD8EB8BFB4,0xC,0x0,631,700,69,1,0xC,0xC,1,1,2021,10267,0.164469401042
64,12288,2,0xCF3422CD8EB8BFB4,0xC,0x8,650,731,81,1,0x4,0x4,1,1,2066,10222,0.168131510417
64,12288,3,0xCF3422CD8EB8BFB4,0xC,0xA,599,737,138,1,0x6,0x6,1,1,2066,10222,0.168131510417
64,12288,4,0xCF3422CD8EB8BFB4,0xC,0x1,648,729,81,1,0xD,0xD,1,1,1981,10307,0.161214192708
64,12288,5,0xCF3422CD8EB8BFB4,0xC,0xC,639,749,110,1,0x0,0x0,1,1,2019,10269,0.164306640625
64,12288,6,0xCF3422CD8EB8BFB4,0xC,0x6,636,733,97,1,0xA,0xA,1,1,1990,10298,0.161946614583
64,12288,7,0xCF3422CD8EB8BFB4,0xC,0x2,643,736,93,1,0xE,0xE,1,1,2003,10285,0.163004557292
64,16384,0,0xCF3422CD8EB8BFB4,0xC,0xB,906,975,69,1,0x7,0x7,1,1,2616,13768,0.159667968750
64,16384,1,0xCF3422CD8EB8BFB4,0xC,0x0,851,931,80,1,0xC,0xC,1,1,2674,13710,0.163208007812
64,16384,2,0xCF3422CD8EB8BFB4,0xC,0x8,844,983,139,1,0x4,0x4,1,1,2729,13655,0.166564941406
64,16384,3,0xCF3422CD8EB8BFB4,0xC,0xA,818,943,125,1,0x6,0x6,1,1,2737,13647,0.167053222656
64,16384,4,0xCF3422CD8EB8BFB4,0xC,0x1,842,968,126,1,0xD,0xD,1,1,2632,13752,0.160644531250
64,16384,5,0xCF3422CD8EB8BFB4,0xC,0xC,863,990,127,1,0x0,0x0,1,1,2714,13670,0.165649414062
64,16384,6,0xCF3422CD8EB8BFB4,0xC,0x6,860,979,119,1,0xA,0xA,1,1,2706,13678,0.165161132812
64,16384,7,0xCF3422CD8EB8BFB4,0xC,0x2,853,969,116,1,0xE,0xE,1,1,2720,13664,0.166015625000
64,24576,0,0xCF3422CD8EB8BFB4,0xC,0xB,1358,1466,108,1,0x7,0x7,1,1,3954,20622,0.160888671875
64,24576,1,0xCF3422CD8EB8BFB4,0xC,0x0,1318,1437,119,1,0xC,0xC,1,1,3960,20616,0.161132812500
64,24576,2,0xCF3422CD8EB8BFB4,0xC,0x8,1245,1484,239,1,0x4,0x4,1,1,4079,20497,0.165974934896
64,24576,3,0xCF3422CD8EB8BFB4,0xC,0xA,1254,1467,213,1,0x6,0x6,1,1,4075,20501,0.165812174479
64,24576,4,0xCF3422CD8EB8BFB4,0xC,0x1,1280,1460,180,1,0xD,0xD,1,1,3940,20636,0.160319010417
64,24576,5,0xCF3422CD8EB8BFB4,0xC,0xC,1269,1504,235,1,0x0,0x0,1,1,4071,20505,0.165649414062
64,24576,6,0xCF3422CD8EB8BFB4,0xC,0x6,1329,1445,116,1,0xA,0xA,1,1,4077,20499,0.165893554688
64,24576,7,0xCF3422CD8EB8BFB4,0xC,0x2,1273,1500,227,1,0xE,0xE,1,1,4042,20534,0.164469401042
64,32768,0,0xCF3422CD8EB8BFB4,0xC,0xB,1799,1973,174,1,0x7,0x7,1,1,5354,27414,0.163391113281
64,32768,1,0xCF3422CD8EB8BFB4,0xC,0x0,1747,1961,214,1,0xC,0xC,1,1,5323,27445,0.162445068359
64,32768,2,0xCF3422CD8EB8BFB4,0xC,0x8,1689,1968,279,1,0x4,0x4,1,1,5429,27339,0.165679931641
64,32768,3,0xCF3422CD8EB8BFB4,0xC,0xA,1699,1971,272,1,0x6,0x6,1,1,5379,27389,0.164154052734
64,32768,4,0xCF3422CD8EB8BFB4,0xC,0x1,1709,1975,266,1,0xD,0xD,1,1,5288,27480,0.161376953125
64,32768,5,0xCF3422CD8EB8BFB4,0xC,0xC,1692,2021,329,1,0x0,0x0,1,1,5356,27412,0.163452148438
64,32768,6,0xCF3422CD8EB8BFB4,0xC,0x6,1765,1964,199,1,0xA,0xA,1,1,5397,27371,0.164703369141
64,32768,7,0xCF3422CD8EB8BFB4,0xC,0x2,1737,1963,226,1,0xE,0xE,1,1,5324,27444,0.162475585938
65,512,0,0x82CCB28427A23833,0x5,0x4,25,27,2,1,0x1,0x0,1,0,88,424,0.171875000000
65,512,1,0x82CCB28427A23833,0x5,0x6,23,24,1,1,0x3,0x3,1,1,93,419,0.181640625000
65,512,2,0x82CCB28427A23833,0x5,0xE,25,26,1,1,0xB,0x3,1,0,67,445,0.130859375000
65,512,3,0x82CCB28427A23833,0x5,0x3,22,25,3,1,0x6,0x4,1,0,80,432,0.156250000000
65,512,4,0x82CCB28427A23833,0x5,0x4,23,26,3,2,0x0,0xB,0,0,81,431,0.158203125000
65,512,5,0x82CCB28427A23833,0x5,0x0,23,26,3,2,0x0,0x5,0,0,93,419,0.181640625000
65,512,6,0x82CCB28427A23833,0x5,0xD,24,27,3,1,0x8,0x8,1,1,77,435,0.150390625000
65,512,7,0x82CCB28427A23833,0x5,0x4,23,26,3,1,0x1,0x1,1,1,72,440,0.140625000000
65,1024,0,0x82CCB28427A23833,0x5,0xD,54,56,2,1,0x8,0x0,1,0,169,855,0.165039062500
65,1024,1,0x82CCB28427A23833,0x5,0x8,43,49,6,1,0xD,0x3,1,0,170,854,0.166015625000
65,1024,2,0x82CCB28427A23833,0x5,0xF,56,57,1,1,0xA,0x3,1,0,155,869,0.151367187500
65,1024,3,0x82CCB28427A23833,0x5,0xF,48,51,3,1,0xA,0x4,1,0,168,856,0.164062500000
65,1024,4,0x82CCB28427A23833,0x5,0xB,50,52,2,1,0xE,0xB,1,0,157,867,0.153320312500
65,1024,5,0x82CCB28427A23833,0x5,0x0,50,53,3,1,0x5,0x5,1,1,176,848,0.171875000000
65,1024,6,0x82CCB28427A23833,0x5,0xD,51,58,7,1,0x8,0x8,1,1,159,865,0.155273437500
65,1024,7,0x82CCB28427A23833,0x5,0x4,50,55,5,1,0x1,0x1,1,1,149,875,0.145507812500
65,1536,0,0x82CCB28427A23833,0x5,0x3,86,87,1,1,0x6,0x0,1,0,253,1283,0.164713541667
65,1536,1,0x82CCB28427A23833,0x5,0x8,77,82,5,1,0xD,0x3,1,0,249,1287,0.162109375000
65,1536,2,0x82CCB28427A23833,0x5,0x1,86,88,2,1,0x4,0x3,1,0,224,1312,0.145833333333
65,1536,3,0x82CCB28427A23833,0x5,0xF,81,83,2,1,0xA,0x4,1,0,248,1288,0.161458333333
65,1536,4,0x82CCB28427A23833,0x5,0xB,75,80,5,1,0xE,0xB,1,0,231,1305,0.150390625000
65,1536,5,0x82CCB28427A23833,0x5,0x3,81,83,2,1,0x6,0x5,1,0,264,1272,0.171875000000
65,1536,6,0x82CCB28427A23833,0x5,0xD,79,86,7,1,0x8,0x8,1,1,231,1305,0.150390625000
65,1536,7,0x82CCB28427A23833,0x5,0x4,78,86,8,1,0x1,0x1,1,1,252,1284,0.164062500000
65,2048,0,0x82CCB28427A23833,0x5,0xE,114,117,3,1,0xB,0x0,1,0,328,1720,0.160156250000
65,2048,1,0x82CCB28427A23833,0x5,0x8,114,115,1,1,0xD,0x3,1,0,337,1711,0.164550781250
65,2048,2,0x82CCB28427A23833,0x5,0x6,110,111,1,1,0x3,0x3,1,1,313,1735,0.152832031250
65,2048,3,0x82CCB28427A23833,0x5,0xF,110,116,6,1,0xA,0x4,1,0,330,1718,0.161132812500
65,2048,4,0x82CCB28427A23833,0x5,0xB,109,110,1,1,0xE,0xB,1,0,301,1747,0.146972656250
65,2048,5,0x82CCB28427A23833,0x5,0x0,104,115,11,1,0x5,0x5,1,1,355,1693,0.173339843750
65,2048,6,0x82CCB28427A23833,0x5,0xD,105,108,3,1,0x8,0x8,1,1,303,1745,0.147949218750
65,2048,7,0x82CCB28427A23833,0x5,0x4,104,110,6,1,0x1,0x1,1,1,337,1711,0.164550781250
65,3072,0,0x82CCB28427A23833,0x5,0x2,178,179,1,1,0x7,0x0,1,0,502,2570,0.163411458333
65,3072,1,0x82CCB28427A23833,0x5,0xC,167,172,5,1,0x9,0x3,1,0,498,2574,0.162109375000
65,3072,2,0x82CCB28427A23833,0x5,0x6,162,176,14,1,0x3,0x3,1,1,465,2607,0.151367187500
65,3072,3,0x82CCB28427A23833,0x5,0x1,164,166,2,1,0x4,0x4,1,1,511,2561,0.166341145833
65,3072,4,0x82CCB28427A23833,0x5,0x4,167,173,6,1,0x1,0xB,1,0,466,2606,0.151692708333
65,3072,5,0x82CCB28427A23833,0x5,0x0,150,176,26,1,0x5,0x5,1,1,502,2570,0.163411458333
65,3072,6,0x82CCB28427A23833,0x5,0xD,151,167,16,1,0x8,0x8,1,1,495,2577,0.161132812500
65,3072,7,0x82CCB28427A23833,0x5,0x4,153,168,15,1,0x1,0x1,1,1,512,2560,0.166666666667
65,4096,0,0x82CCB28427A23833,0x5,0x0,232,237,5,1,0x5,0x0,1,0,660,3436,0.161132812500
65,4096,1,0x82CCB28427A23833,0x5,0x6,234,236,2,1,0x3,0x3,1,1,671,3425,0.163818359375
65,4096,2,0x82CCB28427A23833,0x5,0x6,209,231,22,1,0x3,0x3,1,1,637,3459,0.155517578125
65,4096,3,0x82CCB28427A23833,0x5,0x1,217,222,5,1,0x4,0x4,1,1,678,3418,0.165527343750
65,4096,4,0x82CCB28427A23833,0x5,0xE,218,234,16,1,0xB,0xB,1,1,627,3469,0.153076171875
65,4096,5,0x82CCB28427A23833,0x5,0x0,213,229,16,1,0x5,0x5,1,1,650,3446,0.158691406250
65,4096,6,0x82CCB28427A23833,0x5,0xD,204,227,23,1,0x8,0x8,1,1,669,3427,0.163330078125
65,4096,7,0x82CCB28427A23833,0x5,0x4,219,231,12,1,0x1,0x1,1,1,678,3418,0.165527343750
65,6144,0,0x82CCB28427A23833,0x5,0x0,358,367,9,2,0x0,0x0,0,0,985,5159,0.160319010417
65,6144,1,0x82CCB28427A23833,0x5,0x6,344,359,15,1,0x3,0x3,1,1,1028,5116,0.167317708333
65,6144,2,0x82CCB28427A23833,0x5,0x6,317,351,34,1,0x3,0x3,1,1,982,5162,0.159830729167
65,6144,3,0x82CCB28427A23833,0x5,0x1,321,360,39,1,0x4,0x4,1,1,1016,5128,0.165364583333
65,6144,4,0x82CCB28427A23833,0x5,0xE,317,355,38,1,0xB,0xB,1,1,962,5182,0.156575520833
65,6144,5,0x82CCB28427A23833,0x5,0x0,333,350,17,1,0x5,0x5,1,1,1004,5140,0.163411458333
65,6144,6,0x82CCB28427A23833,0x5,0xD,333,357,24,1,0x8,0x8,1,1,987,5157,0.160644531250
65,6144,7,0x82CCB28427A23833,0x5,0x4,328,347,19,1,0x1,0x1,1,1,1010,5134,0.164388020833
65,8192,0,0x82CCB28427A23833,0x5,0x5,478,490,12,1,0x0,0x0,1,1,1321,6871,0.161254882812
65,8192,1,0x82CCB28427A23833,0x5,0x6,448,483,35,1,0x3,0x3,1,1,1393,6799,0.170043945312
65,8192,2,0x82CCB28427A23833,0x5,0x6,437,478,41,1,0x3,0x3,1,1,1307,6885,0.159545898438
65,8192,3,0x82CCB28427A23833,0x5,0x1,453,481,28,1,0x4,0x4,1,1,1357,6835,0.165649414062
65,8192,4,0x82CCB28427A23833,0x5,0xE,440,479,39,1,0xB,0xB,1,1,1303,6889,0.159057617188
65,8192,5,0x82CCB28427A23833,0x5,0x0,438,484,46,1,0x5,0x5,1,1,1372,6820,0.167480468750
65,8192,6,0x82CCB28427A23833,0x5,0xD,445,485,40,1,0x8,0x8,1,1,1339,6853,0.163452148438
65,8192,7,0x82CCB28427A23833,0x5,0x4,408,463,55,1,0x1,0x1,1,1,1359,6833,0.165893554688
65,12288,0,0x82CCB28427A23833,0x5,0x5,710,722,12,1,0x0,0x0,1,1,2008,10280,0.163411458333
65,12288,1,0x82CCB28427A23833,0x5,0x6,666,729,63,1,0x3,0x3,1,1,2083,10205,0.169514973958
65,12288,2,0x82CCB28427A23833,0x5,0x6,664,732,68,1,0x3,0x3,1,1,1998,10290,0.162597656250
65,12288,3,0x82CCB28427A23833,0x5,0x1,658,738,80,1,0x4,0x4,1,1,2004,10284,0.163085937500
65,12288,4,0x82CCB28427A23833,0x5,0xE,638,694,56,1,0xB,0xB,1,1,1952,10336,0.158854166667
65,12288,5,0x82CCB28427A23833,0x5,0x0,662,736,74,1,0x5,0x5,1,1,2041,10247,0.166097005208
65,12288,6,0x82CCB28427A23833,0x5,0xD,659,727,68,1,0x8,0x8,1,1,2007,10281,0.163330078125
65,12288,7,0x82CCB28427A23833,0x5,0x4,633,727,94,1,0x1,0x1,1,1,2034,10254,0.165527343750
65,16384,0,0x82CCB28427A23833,0x5,0x5,943,984,41,1,0x0,0x0,1,1,2668,13716,0.162841796875
65,16384,1,0x82CCB28427A23833,0x5,0x6,878,998,120,1,0x3,0x3,1,1,2730,13654,0.166625976562
65,16384,2,0x82CCB28427A23833,0x5,0x6,880,964,84,1,0x3,0x3,1,1,2650,13734,0.161743164062
65,16384,3,0x82CCB28427A23833,0x5,0x1,879,982,103,1,0x4,0x4,1,1,2688,13696,0.164062500000
65,16384,4,0x82CCB28427A23833,0x5,0xE,867,962,95,1,0xB,0xB,1,1,2620,13764,0.159912109375
65,16384,5,0x82CCB28427A23833,0x5,0x0,897,994,97,1,0x5,0x5,1,1,2746,13638,0.167602539062
65,16384,6,0x82CCB28427A23833,0x5,0xD,873,973,100,1,0x8,0x8,1,1,2660,13724,0.162353515625
65,16384,7,0x82CCB28427A23833,0x5,0x4,840,959,119,1,0x1,0x1,1,1,2679,13705,0.163513183594
65,24576,0,0x82CCB28427A23833,0x5,0x5,1368,1481,113,1,0x0,0x0,1,1,4008,20568,0.163085937500
65,24576,1,0x82CCB28427A23833,0x5,0x6,1313,1496,183,1,0x3,0x3,1,1,4097,20479,0.166707356771
65,24576,2,0x82CCB28427A23833,0x5,0x6,1306,1476,170,1,0x3,0x3,1,1,4000,20576,0.162760416667
65,24576,3,0x82CCB28427A23833,0x5,0x1,1326,1484,158,1,0x4,0x4,1,1,4027,20549,0.163859049479
65,24576,4,0x82CCB28427A23833,0x5,0xE,1312,1477,165,1,0xB,0xB,1,1,3875,20701,0.157674153646
65,24576,5,0x82CCB28427A23833,0x5,0x0,1363,1504,141,1,0x5,0x5,1,1,4069,20507,0.165568033854
65,24576,6,0x82CCB28427A23833,0x5,0xD,1285,1480,195,1,0x8,0x8,1,1,4003,20573,0.162882486979
65,24576,7,0x82CCB28427A23833,0x5,0x4,1267,1482,215,1,0x1,0x1,1,1,4040,20536,0.164388020833
65,32768,0,0x82CCB28427A23833,0x5,0x5,1759,1995,236,1,0x0,0x0,1,1,5357,27411,0.163482666016
65,32768,1,0x82CCB28427A23833,0x5,0x6,1775,2001,226,1,0x3,0x3,1,1,5418,27350,0.165344238281
65,32768,2,0x82CCB28427A23833,0x5,0x6,1717,1999,282,1,0x3,0x3,1,1,5310,27458,0.162048339844
65,32768,3,0x82CCB28427A23833,0x5,0x1,1780,1969,189,1,0x4,0x4,1,1,5373,27395,0.163970947266
65,32768,4,0x82CCB28427A23833,0x5,0xE,1709,2009,300,1,0xB,0xB,1,1,5230,27538,0.159606933594
65,32768,5,0x82CCB28427A23833,0x5,0x0,1758,1994,236,1,0x5,0x5,1,1,5389,27379,0.164459228516
65,32768,6,0x82CCB28427A23833,0x5,0xD,1704,1975,271,1,0x8,0x8,1,1,5333,27435,0.162750244141
65,32768,7,0x82CCB28427A23833,0x5,0x4,1674,2016,342,1,0x1,0x1,1,1,5393,27375,0.164581298828
66,512,0,0x1F36FC154F2C8F7F,0x9,0xD,24,26,2,1,0x4,0xA,1,0,94,418,0.183593750000
66,512,1,0x1F36FC154F2C8F7F,0x9,0x1,22,24,2,1,0x8,0xC,1,0,78,434,0.152343750000
66,512,2,0x1F36FC154F2C8F7F,0x9,0x1,18,23,5,1,0x8,0x8,1,1,89,423,0.173828125000
66,512,3,0x1F36FC154F2C8F7F,0x9,0x3,20,22,2,1,0xA,0xA,1,1,77,435,0.150390625000
66,512,4,0x1F36FC154F2C8F7F,0x9,0x9,19,26,7,1,0x0,0x0,1,1,75,437,0.146484375000
66,512,5,0x1F36FC154F2C8F7F,0x9,0xF,23,26,3,1,0x6,0x6,1,1,89,423,0.173828125000
66,512,6,0x1F36FC154F2C8F7F,0x9,0x2,23,26,3,1,0xB,0x3,1,0,78,434,0.152343750000
66,512,7,0x1F36FC154F2C8F7F,0x9,0x8,21,27,6,1,0x1,0x5,1,0,77,435,0.150390625000
66,1024,0,0x1F36FC154F2C8F7F,0x9,0x3,53,55,2,1,0xA,0xA,1,1,173,851,0.168945312500
66,1024,1,0x1F36FC154F2C8F7F,0x9,0x5,44,47,3,1,0xC,0xC,1,1,159,865,0.155273437500
66,1024,2,0x1F36FC154F2C8F7F,0x9,0x1,48,59,11,1,0x8,0x8,1,1,162,862,0.158203125000
66,1024,3,0x1F36FC154F2C8F7F,0x9,0x3,44,56,12,1,0xA,0xA,1,1,161,863,0.157226562500
66,1024,4,0x1F36FC154F2C8F7F,0x9,0x9,48,57,9,1,0x0,0x0,1,1,175,849,0.170898437500
66,1024,5,0x1F36FC154F2C8F7F,0x9,0xF,46,57,11,1,0x6,0x6,1,1,160,864,0.156250000000
66,1024,6,0x1F36FC154F2C8F7F,0x9,0x2,40,49,9,1,0xB,0x3,1,0,167,857,0.163085937500
66,1024,7,0x1F36FC154F2C8F7F,0x9,0x8,50,57,7,1,0x1,0x5,1,0,162,862,0.158203125000
66,1536,0,0x1F36FC154F2C8F7F,0x9,0x3,80,85,5,1,0xA,0xA,1,1,259,1277,0.168619791667
66,1536,1,0x1F36FC154F2C8F7F,0x9,0x5,66,81,15,1,0xC,0xC,1,1,244,1292,0.158854166667
66,1536,2,0x1F36FC154F2C8F7F,0x9,0x1,75,86,11,2,0x0,0x8,0,0,239,1297,0.155598958333
66,1536,3,0x1F36FC154F2C8F7F,0x9,0x3,76,87,11,1,0xA,0xA,1,1,242,1294,0.157552083333
66,1536,4,0x1F36FC154F2C8F7F,0x9,0x9,71,85,14,1,0x0,0x0,1,1,252,1284,0.164062500000
66,1536,5,0x1F36FC154F2C8F7F,0x9,0xF,79,82,3,1,0x6,0x6,1,1,250,1286,0.162760416667
66,1536,6,0x1F36FC154F2C8F7F,0x9,0x2,71,77,6,1,0xB,0x3,1,0,245,1291,0.159505208333
66,1536,7,0x1F36FC154F2C8F7F,0x9,0x8,79,89,10,1,0x1,0x5,1,0,229,1307,0.149088541667
66,2048,0,0x1F36FC154F2C8F7F,0x9,0x3,102,112,10,1,0xA,0xA,1,1,335,1713,0.163574218750
66,2048,1,0x1F36FC154F2C8F7F,0x9,0x5,98,103,5,1,0xC,0xC,1,1,338,1710,0.165039062500
66,2048,2,0x1F36FC154F2C8F7F,0x9,0x1,100,101,1,1,0x8,0x8,1,1,308,1740,0.150390625000
66,2048,3,0x1F36FC154F2C8F7F,0x9,0x3,101,119,18,1,0xA,0xA,1,1,311,1737,0.151855468750
66,2048,4,0x1F36FC154F2C8F7F,0x9,0x9,95,115,20,1,0x0,0x0,1,1,337,1711,0.164550781250
66,2048,5,0x1F36FC154F2C8F7F,0x9,0xF,107,108,1,1,0x6,0x6,1,1,333,1715,0.162597656250
66,2048,6,0x1F36FC154F2C8F7F,0x9,0xA,102,110,8,1,0x3,0x3,1,1,322,1726,0.157226562500
66,2048,7,0x1F36FC154F2C8F7F,0x9,0x8,106,118,12,1,0x1,0x5,1,0,304,1744,0.148437500000
66,3072,0,0x1F36FC154F2C8F7F,0x9,0x3,148,169,21,1,0xA,0xA,1,1,518,2554,0.168619791667
66,3072,1,0x1F36FC154F2C8F7F,0x9,0x1,150,162,12,1,0x8,0xC,1,0,486,2586,0.158203125000
66,3072,2,0x1F36FC154F2C8F7F,0x9,0x1,156,158,2,1,0x8,0x8,1,1,474,2598,0.154296875000
66,3072,3,0x1F36FC154F2C8F7F,0x9,0x3,149,182,33,1,0xA,0xA,1,1,465,2607,0.151367187500
66,3072,4,0x1F36FC154F2C8F7F,0x9,0x9,145,179,34,1,0x0,0x0,1,1,509,2563,0.165690104167
66,3072,5,0x1F36FC154F2C8F7F,0x9,0xF,163,168,5,1,0x6,0x6,1,1,500,2572,0.162760416667
66,3072,6,0x1F36FC154F2C8F7F,0x9,0xA,162,180,18,1,0x3,0x3,1,1,501,2571,0.163085937500
66,3072,7,0x1F36FC154F2C8F7F,0x9,0x8,152,171,19,1,0x1,0x5,1,0,475,2597,0.154622395833
66,4096,0,0x1F36FC154F2C8F7F,0x9,0x3,206,231,25,1,0xA,0xA,1,1,670,3426,0.163574218750
66,4096,1,0x1F36FC154F2C8F7F,0x9,0x1,212,214,2,1,0x8,0xC,1,0,647,3449,0.157958984375
66,4096,2,0x1F36FC154F2C8F7F,0x9,0x1,216,224,8,1,0x8,0x8,1,1,619,3477,0.151123046875
66,4096,3,0x1F36FC154F2C8F7F,0x9,0x3,200,240,40,1,0xA,0xA,1,1,649,3447,0.158447265625
66,4096,4,0x1F36FC154F2C8F7F,0x9,0x9,192,243,51,1,0x0,0x0,1,1,689,3407,0.168212890625
66,4096,5,0x1F36FC154F2C8F7F,0x9,0xF,210,238,28,1,0x6,0x6,1,1,670,3426,0.163574218750
66,4096,6,0x1F36FC154F2C8F7F,0x9,0xA,216,238,22,1,0x3,0x3,1,1,653,3443,0.159423828125
66,4096,7,0x1F36FC154F2C8F7F,0x9,0x8,216,229,13,1,0x1,0x5,1,0,641,3455,0.156494140625
66,6144,0,0x1F36FC154F2C8F7F,0x9,0x3,298,360,62,1,0xA,0xA,1,1,1021,5123,0.166178385417
66,6144,1,0x1F36FC154F2C8F7F,0x9,0x5,332,343,11,1,0xC,0xC,1,1,993,5151,0.161621093750
66,6144,2,0x1F36FC154F2C8F7F,0x9,0x1,313,350,37,1,0x8,0x8,1,1,967,5177,0.157389322917
66,6144,3,0x1F36FC154F2C8F7F,0x9,0x3,314,356,42,1,0xA,0xA,1,1,974,5170,0.158528645833
66,6144,4,0x1F36FC154F2C8F7F,0x9,0x9,314,363,49,1,0x0,0x0,1,1,1009,5135,0.164225260417
66,6144,5,0x1F36FC154F2C8F7F,0x9,0xF,317,358,41,1,0x6,0x6,1,1,1022,5122,0.166341145833
66,6144,6,0x1F36FC154F2C8F7F,0x9,0xA,334,365,31,1,0x3,0x3,1,1,996,5148,0.162109375000
66,6144,7,0x1F36FC154F2C8F7F,0x9,0x8,352,362,10,1,0x1,0x5,1,0,983,5161,0.159993489583
66,8192,0,0x1F36FC154F2C8F7F,0x9,0x3,402,480,78,1,0xA,0xA,1,1,1340,6852,0.163574218750
66,8192,1,0x1F36FC154F2C8F7F,0x9,0x5,446,457,11,1,0xC,0xC,1,1,1316,6876,0.160644531250
66,8192,2,0x1F36FC154F2C8F7F,0x9,0x1,432,472,40,1,0x8,0x8,1,1,1294,6898,0.157958984375
66,8192,3,0x1F36FC154F2C8F7F,0x9,0x3,421,476,55,1,0xA,0xA,1,1,1288,6904,0.157226562500
66,8192,4,0x1F36FC154F2C8F7F,0x9,0x9,434,487,53,1,0x0,0x0,1,1,1351,6841,0.164916992188
66,8192,5,0x1F36FC154F2C8F7F,0x9,0xF,421,486,65,1,0x6,0x6,1,1,1366,6826,0.166748046875
66,8192,6,0x1F36FC154F2C8F7F,0x9,0xA,435,488,53,1,0x3,0x3,1,1,1315,6877,0.160522460938
66,8192,7,0x1F36FC154F2C8F7F,0x9,0x8,473,485,12,1,0x1,0x5,1,0,1313,6879,0.160278320312
66,12288,0,0x1F36FC154F2C8F7F,0x9,0x3,624,726,102,1,0xA,0xA,1,1,1982,10306,0.161295572917
66,12288,1,0x1F36FC154F2C8F7F,0x9,0x5,672,723,51,1,0xC,0xC,1,1,1983,10305,0.161376953125
66,12288,2,0x1F36FC154F2C8F7F,0x9,0x1,662,693,31,1,0x8,0x8,1,1,1965,10323,0.159912109375
66,12288,3,0x1F36FC154F2C8F7F,0x9,0x3,616,723,107,1,0xA,0xA,1,1,1961,10327,0.159586588542
66,12288,4,0x1F36FC154F2C8F7F,0x9,0x9,653,722,69,1,0x0,0x0,1,1,2015,10273,0.163981119792
66,12288,5,0x1F36FC154F2C8F7F,0x9,0xF,605,708,103,1,0x6,0x6,1,1,2039,10249,0.165934244792
66,12288,6,0x1F36FC154F2C8F7F,0x9,0xA,643,736,93,1,0x3,0x3,1,1,1946,10342,0.158365885417
66,12288,7,0x1F36FC154F2C8F7F,0x9,0xC,712,722,10,1,0x5,0x5,1,1,2032,10256,0.165364583333
66,16384,0,0x1F36FC154F2C8F7F,0x9,0x3,837,966,129,1,0xA,0xA,1,1,2661,13723,0.162414550781
66,16384,1,0x1F36FC154F2C8F7F,0x9,0x5,859,989,130,1,0xC,0xC,1,1,2707,13677,0.165222167969
66,16384,2,0x1F36FC154F2C8F7F,0x9,0x1,868,972,104,1,0x8,0x8,1,1,2601,13783,0.158752441406
66,16384,3,0x1F36FC154F2C8F7F,0x9,0x3,833,988,155,1,0xA,0xA,1,1,2660,13724,0.162353515625
66,16384,4,0x1F36FC154F2C8F7F,0x9,0x9,868,958,90,1,0x0,0x0,1,1,2656,13728,0.162109375000
66,16384,5,0x1F36FC154F2C8F7F,0x9,0xF,829,982,153,1,0x6,0x6,1,1,2706,13678,0.165161132812
66,16384,6,0x1F36FC154F2C8F7F,0x9,0xA,855,990,135,1,0x3,0x3,1,1,2628,13756,0.160400390625
66,16384,7,0x1F36FC154F2C8F7F,0x9,0xC,889,989,100,1,0x5,0x5,1,1,2724,13660,0.166259765625
66,24576,0,0x1F36FC154F2C8F7F,0x9,0x3,1256,1497,241,1,0xA,0xA,1,1,4041,20535,0.164428710938
66,24576,1,0x1F36FC154F2C8F7F,0x9,0x5,1285,1511,226,1,0xC,0xC,1,1,4072,20504,0.165690104167
66,24576,2,0x1F36FC154F2C8F7F,0x9,0x1,1279,1491,212,1,0x8,0x8,1,1,3965,20611,0.161336263021
66,24576,3,0x1F36FC154F2C8F7F,0x9,0x3,1241,1487,246,1,0xA,0xA,1,1,4072,20504,0.165690104167
66,24576,4,0x1F36FC154F2C8F7F,0x9,0x9,1278,1504,226,1,0x0,0x0,1,1,4025,20551,0.163777669271
66,24576,5,0x1F36FC154F2C8F7F,0x9,0xF,1276,1489,213,1,0x6,0x6,1,1,3990,20586,0.162353515625
66,24576,6,0x1F36FC154F2C8F7F,0x9,0xA,1299,1485,186,1,0x3,0x3,1,1,3974,20602,0.161702473958
66,24576,7,0x1F36FC154F2C8F7F,0x9,0xC,1347,1461,114,1,0x5,0x5,1,1,4031,20545,0.164021809896
66,32768,0,0x1F36FC154F2C8F7F,0x9,0x3,1665,2026,361,1,0xA,0xA,1,1,5360,27408,0.163574218750
66,32768,1,0x1F36FC154F2C8F7F,0x9,0x5,1684,2024,340,1,0xC,0xC,1,1,5423,27345,0.165496826172
66,32768,2,0x1F36FC154F2C8F7F,0x9,0x1,1713,2005,292,1,0x8,0x8,1,1,5279,27489,0.161102294922
66,32768,3,0x1F36FC154F2C8F7F,0x9,0x3,1677,1982,305,1,0xA,0xA,1,1,5356,27412,0.163452148438
66,32768,4,0x1F36FC154F2C8F7F,0x9,0x9,1717,1985,268,1,0x0,0x0,1,1,5378,27390,0.164123535156
66,32768,5,0x1F36FC154F2C8F7F,0x9,0xF,1715,1990,275,1,0x6,0x6,1,1,5297,27471,0.161651611328
66,32768,6,0x1F36FC154F2C8F7F,0x9,0xA,1767,1997,230,1,0x3,0x3,1,1,5281,27487,0.161163330078
66,32768,7,0x1F36FC154F2C8F7F,0x9,0xC,1785,1978,193,1,0x5,0x5,1,1,5376,27392,0.164062500000
67,512,0,0x3E46413D2B419603,0x5,0x2,19,26,7,1,0x7,0x7,1,1,92,420,0.179687500000
67,512,1,0x3E46413D2B419603,0x5,0xF,15,23,8,1,0xA,0xA,1,1,82,430,0.160156250000
67,512,2,0x3E46413D2B419603,0x5,0x4,24,25,1,1,0x1,0xB,1,0,82,430,0.160156250000
67,512,3,0x3E46413D2B419603,0x5,0x5,22,24,2,1,0x0,0x4,1,0,75,437,0.146484375000
67,512,4,0x3E46413D2B419603,0x5,0xB,21,25,4,1,0xE,0xE,1,1,85,427,0.166015625000
67,512,5,0x3E46413D2B419603,0x5,0x1,22,25,3,1,0x4,0x4,1,1,79,433,0.154296875000
67,512,6,0x3E46413D2B419603,0x5,0x8,24,26,2,1,0xD,0xD,1,1,94,418,0.183593750000
67,512,7,0x3E46413D2B419603,0x5,0x0,24,26,2,1,0x5,0x3,1,0,97,415,0.189453125000
67,1024,0,0x3E46413D2B419603,0x5,0x2,49,54,5,1,0x7,0x7,1,1,176,848,0.171875000000
67,1024,1,0x3E46413D2B419603,0x5,0xF,48,54,6,1,0xA,0xA,1,1,166,858,0.162109375000
67,1024,2,0x3E46413D2B419603,0x5,0x4,46,49,3,1,0x1,0xB,1,0,175,849,0.170898437500
67,1024,3,0x3E46413D2B419603,0x5,0x1,55,57,2,2,0x0,0x4,0,0,154,870,0.150390625000
67,1024,4,0x3E46413D2B419603,0x5,0x6,53,55,2,1,0x3,0xE,1,0,167,857,0.163085937500
67,1024,5,0x3E46413D2B419603,0x5,0x1,47,54,7,1,0x4,0x4,1,1,165,859,0.161132812500
67,1024,6,0x3E46413D2B419603,0x5,0x8,46,51,5,1,0xD,0xD,1,1,184,840,0.179687500000
67,1024,7,0x3E46413D2B419603,0x5,0x6,54,57,3,1,0x3,0x3,1,1,174,850,0.169921875000
67,1536,0,0x3E46413D2B419603,0x5,0x2,67,79,12,1,0x7,0x7,1,1,255,1281,0.166015625000
67,1536,1,0x3E46413D2B419603,0x5,0xF,70,88,18,1,0xA,0xA,1,1,251,1285,0.163411458333
67,1536,2,0x3E46413D2B419603,0x5,0x4,74,75,1,1,0x1,0xB,1,0,253,1283,0.164713541667
67,1536,3,0x3E46413D2B419603,0x5,0x1,79,87,8,1,0x4,0x4,1,1,235,1301,0.152994791667
67,1536,4,0x3E46413D2B419603,0x5,0xB,85,87,2,1,0xE,0xE,1,1,232,1304,0.151041666667
67,1536,5,0x3E46413D2B419603,0x5,0x4,79,81,2,1,0x1,0x4,1,0,247,1289,0.160807291667
67,1536,6,0x3E46413D2B419603,0x5,0x8,67,80,13,1,0xD,0xD,1,1,269,1267,0.175130208333
67,1536,7,0x3E46413D2B419603,0x5,0x6,82,86,4,1,0x3,0x3,1,1,248,1288,0.161458333333
67,2048,0,0x3E46413D2B419603,0x5,0x2,102,105,3,1,0x7,0x7,1,1,332,1716,0.162109375000
67,2048,1,0x3E46413D2B419603,0x5,0xF,90,109,19,1,0xA,0xA,1,1,343,1705,0.167480468750
67,2048,2,0x3E46413D2B419603,0x5,0xF,102,104,2,1,0xA,0xB,1,0,349,1699,0.170410156250
67,2048,3,0x3E46413D2B419603,0x5,0x1,104,118,14,1,0x4,0x4,1,1,314,1734,0.153320312500
67,2048,4,0x3E46413D2B419603,0x5,0xB,111,114,3,1,0xE,0xE,1,1,306,1742,0.149414062500
67,2048,5,0x3E46413D2B419603,0x5,0x4,113,114,1,1,0x1,0x4,1,0,322,1726,0.157226562500
67,2048,6,0x3E46413D2B419603,0x5,0x8,95,104,9,1,0xD,0xD,1,1,353,1695,0.172363281250
67,2048,7,0x3E46413D2B419603,0x5,0x4,116,119,3,3,0x0,0x3,0,0,333,1715,0.162597656250
67,3072,0,0x3E46413D2B419603,0x5,0x2,152,171,19,1,0x7,0x7,1,1,510,2562,0.166015625000
67,3072,1,0x3E46413D2B419603,0x5,0xF,147,174,27,1,0xA,0xA,1,1,495,2577,0.161132812500
67,3072,2,0x3E46413D2B419603,0x5,0xE,148,168,20,1,0xB,0xB,1,1,516,2556,0.167968750000
67,3072,3,0x3E46413D2B419603,0x5,0x1,153,168,15,1,0x4,0x4,1,1,491,2581,0.159830729167
67,3072,4,0x3E46413D2B419603,0x5,0x6,167,171,4,1,0x3,0xE,1,0,492,2580,0.160156250000
67,3072,5,0x3E46413D2B419603,0x5,0x4,159,164,5,1,0x1,0x4,1,0,489,2583,0.159179687500
67,3072,6,0x3E46413D2B419603,0x5,0x8,174,179,5,1,0xD,0xD,1,1,499,2573,0.162434895833
67,3072,7,0x3E46413D2B419603,0x5,0x6,167,178,11,1,0x3,0x3,1,1,490,2582,0.159505208333
67,4096,0,0x3E46413D2B419603,0x5,0x2,211,235,24,1,0x7,0x7,1,1,669,3427,0.163330078125
67,4096,1,0x3E46413D2B419603,0x5,0xF,209,239,30,1,0xA,0xA,1,1,647,3449,0.157958984375
67,4096,2,0x3E46413D2B419603,0x5,0xE,198,226,28,1,0xB,0xB,1,1,682,3414,0.166503906250
67,4096,3,0x3E46413D2B419603,0x5,0x1,212,228,16,1,0x4,0x4,1,1,640,3456,0.156250000000
67,4096,4,0x3E46413D2B419603,0x5,0xB,225,235,10,1,0xE,0xE,1,1,665,3431,0.162353515625
67,4096,5,0x3E46413D2B419603,0x5,0x4,218,220,2,1,0x1,0x4,1,0,656,3440,0.160156250000
67,4096,6,0x3E46413D2B419603,0x5,0x8,233,238,5,1,0xD,0xD,1,1,671,3425,0.163818359375
67,4096,7,0x3E46413D2B419603,0x5,0x6,223,235,12,1,0x3,0x3,1,1,662,3434,0.161621093750
67,6144,0,0x3E46413D2B419603,0x5,0x2,316,344,28,1,0x7,0x7,1,1,1015,5129,0.165201822917
67,6144,1,0x3E46413D2B419603,0x5,0xF,315,360,45,1,0xA,0xA,1,1,989,5155,0.160970052083
67,6144,2,0x3E46413D2B419603,0x5,0xE,303,346,43,1,0xB,0xB,1,1,1014,5130,0.165039062500
67,6144,3,0x3E46413D2B419603,0x5,0x1,313,361,48,1,0x4,0x4,1,1,966,5178,0.157226562500
67,6144,4,0x3E46413D2B419603,0x5,0xB,330,362,32,1,0xE,0xE,1,1,1001,5143,0.162923177083
67,6144,5,0x3E46413D2B419603,0x5,0x1,317,331,14,1,0x4,0x4,1,1,998,5146,0.162434895833
67,6144,6,0x3E46413D2B419603,0x5,0x0,355,360,5,2,0x0,0xD,0,0,994,5150,0.161783854167
67,6144,7,0x3E46413D2B419603,0x5,0x6,352,363,11,1,0x3,0x3,1,1,977,5167,0.159016927083
67,8192,0,0x3E46413D2B419603,0x5,0x2,422,451,29,1,0x7,0x7,1,1,1347,6845,0.164428710938
67,8192,1,0x3E46413D2B419603,0x5,0xF,411,472,61,1,0xA,0xA,1,1,1314,6878,0.160400390625
67,8192,2,0x3E46413D2B419603,0x5,0xE,395,483,88,1,0xB,0xB,1,1,1352,6840,0.165039062500
67,8192,3,0x3E46413D2B419603,0x5,0x1,419,469,50,1,0x4,0x4,1,1,1306,6886,0.159423828125
67,8192,4,0x3E46413D2B419603,0x5,0xB,445,475,30,1,0xE,0xE,1,1,1313,6879,0.160278320312
67,8192,5,0x3E46413D2B419603,0x5,0x1,431,447,16,1,0x4,0x4,1,1,1334,6858,0.162841796875
67,8192,6,0x3E46413D2B419603,0x5,0x8,460,474,14,1,0xD,0xD,1,1,1322,6870,0.161376953125
67,8192,7,0x3E46413D2B419603,0x5,0x6,454,494,40,1,0x3,0x3,1,1,1292,6900,0.157714843750
67,12288,0,0x3E46413D2B419603,0x5,0x2,633,724,91,1,0x7,0x7,1,1,2040,10248,0.166015625000
67,12288,1,0x3E46413D2B419603,0x5,0xF,648,726,78,1,0xA,0xA,1,1,2001,10287,0.162841796875
67,12288,2,0x3E46413D2B419603,0x5,0xE,634,728,94,1,0xB,0xB,1,1,2040,10248,0.166015625000
67,12288,3,0x3E46413D2B419603,0x5,0x1,594,741,147,1,0x4,0x4,1,1,2008,10280,0.163411458333
67,12288,4,0x3E46413D2B419603,0x5,0xB,654,730,76,1,0xE,0xE,1,1,1974,10314,0.160644531250
67,12288,5,0x3E46413D2B419603,0x5,0x1,642,692,50,1,0x4,0x4,1,1,2047,10241,0.166585286458
67,12288,6,0x3E46413D2B419603,0x5,0x8,676,724,48,1,0xD,0xD,1,1,1958,10330,0.159342447917
67,12288,7,0x3E46413D2B419603,0x5,0x6,669,743,74,1,0x3,0x3,1,1,1963,10325,0.159749348958
67,16384,0,0x3E46413D2B419603,0x5,0x2,857,953,96,1,0x7,0x7,1,1,2739,13645,0.167175292969
67,16384,1,0x3E46413D2B419603,0x5,0xF,873,976,103,1,0xA,0xA,1,1,2653,13731,0.161926269531
67,16384,2,0x3E46413D2B419603,0x5,0xE,825,974,149,1,0xB,0xB,1,1,2709,13675,0.165344238281
67,16384,3,0x3E46413D2B419603,0x5,0x1,803,970,167,1,0x4,0x4,1,1,2703,13681,0.164978027344
67,16384,4,0x3E46413D2B419603,0x5,0xB,866,980,114,1,0xE,0xE,1,1,2673,13711,0.163146972656
67,16384,5,0x3E46413D2B419603,0x5,0x1,869,934,65,1,0x4,0x4,1,1,2759,13625,0.168395996094
67,16384,6,0x3E46413D2B419603,0x5,0x8,888,968,80,1,0xD,0xD,1,1,2627,13757,0.160339355469
67,16384,7,0x3E46413D2B419603,0x5,0x6,890,987,97,1,0x3,0x3,1,1,2588,13796,0.157958984375
67,24576,0,0x3E46413D2B419603,0x5,0x2,1283,1469,186,1,0x7,0x7,1,1,4041,20535,0.164428710938
67,24576,1,0x3E46413D2B419603,0x5,0xF,1331,1479,148,1,0xA,0xA,1,1,3992,20584,0.162434895833
67,24576,2,0x3E46413D2B419603,0x5,0xE,1248,1507,259,1,0xB,0xB,1,1,4076,20500,0.165852864583
67,24576,3,0x3E46413D2B419603,0x5,0x1,1242,1484,242,1,0x4,0x4,1,1,4014,20562,0.163330078125
67,24576,4,0x3E46413D2B419603,0x5,0xB,1300,1463,163,1,0xE,0xE,1,1,3983,20593,0.162068684896
67,24576,5,0x3E46413D2B419603,0x5,0x1,1330,1483,153,1,0x4,0x4,1,1,4166,20410,0.169514973958
67,24576,6,0x3E46413D2B419603,0x5,0x8,1297,1489,192,1,0xD,0xD,1,1,3976,20600,0.161783854167
67,24576,7,0x3E46413D2B419603,0x5,0x6,1316,1484,168,1,0x3,0x3,1,1,4009,20567,0.163126627604
67,32768,0,0x3E46413D2B419603,0x5,0x2,1706,1969,263,1,0x7,0x7,1,1,5419,27349,0.165374755859
67,32768,1,0x3E46413D2B419603,0x5,0xF,1770,1954,184,1,0xA,0xA,1,1,5353,27415,0.163360595703
67,32768,2,0x3E46413D2B419603,0x5,0xE,1668,2004,336,1,0xB,0xB,1,1,5507,27261,0.168060302734
67,32768,3,0x3E46413D2B419603,0x5,0x1,1659,1978,319,1,0x4,0x4,1,1,5372,27396,0.163940429688
67,32768,4,0x3E46413D2B419603,0x5,0xB,1763,1974,211,1,0xE,0xE,1,1,5349,27419,0.163238525391
67,32768,5,0x3E46413D2B419603,0x5,0x1,1820,1988,168,1,0x4,0x4,1,1,5540,27228,0.169067382812
67,32768,6,0x3E46413D2B419603,0x5,0x8,1714,1999,285,1,0xD,0xD,1,1,5338,27430,0.162902832031
67,32768,7,0x3E46413D2B419603,0x5,0x6,1766,1989,223,1,0x3,0x3,1,1,5324,27444,0.162475585938
68,512,0,0x37080F3207E36876,0x8,0x4,23,25,2,1,0xC,0x5,1,0,82,430,0.160156250000
68,512,1,0x37080F3207E36876,0x8,0x8,25,27,2,2,0x0,0x5,0,0,82,430,0.160156250000
68,512,2,0x37080F3207E36876,0x8,0x7,23,25,2,1,0xF,0x8,1,0,86,426,0.167968750000
68,512,3,0x37080F3207E36876,0x8,0x2,21,26,5,1,0xA,0x3,1,0,70,442,0.136718750000
68,512,4,0x37080F3207E36876,0x8,0xA,23,26,3,1,0x2,0x4,1,0,92,420,0.179687500000
68,512,5,0x37080F3207E36876,0x8,0xC,24,26,2,1,0x4,0xB,1,0,82,430,0.160156250000
68,512,6,0x37080F3207E36876,0x8,0x5,26,27,1,2,0x0,0x6,0,0,83,429,0.162109375000
68,512,7,0x37080F3207E36876,0x8,0x1,23,25,2,1,0x9,0x3,1,0,93,419,0.181640625000
68,1024,0,0x37080F3207E36876,0x8,0x4,50,51,1,1,0xC,0x5,1,0,183,841,0.178710937500
68,1024,1,0x37080F3207E36876,0x8,0xD,47,56,9,1,0x5,0x5,1,1,160,864,0.156250000000
68,1024,2,0x37080F3207E36876,0x8,0x0,51,54,3,1,0x8,0x8,1,1,171,853,0.166992187500
68,1024,3,0x37080F3207E36876,0x8,0x2,47,54,7,1,0xA,0x3,1,0,149,875,0.145507812500
68,1024,4,0x37080F3207E36876,0x8,0x4,47,54,7,1,0xC,0x4,1,0,158,866,0.154296875000
68,1024,5,0x37080F3207E36876,0x8,0xE,53,55,2,1,0x6,0xB,1,0,176,848,0.171875000000
68,1024,6,0x37080F3207E36876,0x8,0xE,52,55,3,1,0x6,0x6,1,1,160,864,0.156250000000
68,1024,7,0x37080F3207E36876,0x8,0xA,46,51,5,1,0x2,0x3,1,0,192,832,0.187500000000
68,1536,0,0x37080F3207E36876,0x8,0x4,79,81,2,1,0xC,0x5,1,0,254,1282,0.165364583333
68,1536,1,0x37080F3207E36876,0x8,0xD,75,83,8,1,0x5,0x5,1,1,241,1295,0.156901041667
68,1536,2,0x37080F3207E36876,0x8,0x0,79,83,4,1,0x8,0x8,1,1,270,1266,0.175781250000
68,1536,3,0x37080F3207E36876,0x8,0x2,74,81,7,1,0xA,0x3,1,0,239,1297,0.155598958333
68,1536,4,0x37080F3207E36876,0x8,0x3,80,82,2,1,0xB,0x4,1,0,251,1285,0.163411458333
68,1536,5,0x37080F3207E36876,0x8,0x6,86,87,1,1,0xE,0xB,1,0,253,1283,0.164713541667
68,1536,6,0x37080F3207E36876,0x8,0x5,83,86,3,2,0x0,0x6,0,0,240,1296,0.156250000000
68,1536,7,0x37080F3207E36876,0x8,0xA,64,85,21,1,0x2,0x3,1,0,295,1241,0.192057291667
68,2048,0,0x37080F3207E36876,0x8,0xD,104,116,12,1,0x5,0x5,1,1,332,1716,0.162109375000
68,2048,1,0x37080F3207E36876,0x8,0x2,107,109,2,1,0xA,0x5,1,0,322,1726,0.157226562500
68,2048,2,0x37080F3207E36876,0x8,0x0,100,111,11,1,0x8,0x8,1,1,360,1688,0.175781250000
68,2048,3,0x37080F3207E36876,0x8,0xB,104,110,6,1,0x3,0x3,1,1,334,1714,0.163085937500
68,2048,4,0x37080F3207E36876,0x8,0x0,108,111,3,1,0x8,0x4,1,0,339,1709,0.165527343750
68,2048,5,0x37080F3207E36876,0x8,0x3,107,119,12,1,0xB,0xB,1,1,337,1711,0.164550781250
68,2048,6,0x37080F3207E36876,0x8,0xE,107,113,6,1,0x6,0x6,1,1,331,1717,0.161621093750
68,2048,7,0x37080F3207E36876,0x8,0xA,94,114,20,1,0x2,0x3,1,0,376,1672,0.183593750000
68,3072,0,0x37080F3207E36876,0x8,0xD,149,176,27,1,0x5,0x5,1,1,490,2582,0.159505208333
68,3072,1,0x37080F3207E36876,0x8,0xD,158,175,17,1,0x5,0x5,1,1,470,2602,0.152994791667
68,3072,2,0x37080F3207E36876,0x8,0x0,159,174,15,1,0x8,0x8,1,1,523,2549,0.170247395833
68,3072,3,0x37080F3207E36876,0x8,0xB,158,173,15,1,0x3,0x3,1,1,504,2568,0.164062500000
68,3072,4,0x37080F3207E36876,0x8,0xC,156,178,22,1,0x4,0x4,1,1,501,2571,0.163085937500
68,3072,5,0x37080F3207E36876,0x8,0x3,153,177,24,1,0xB,0xB,1,1,501,2571,0.163085937500
68,3072,6,0x37080F3207E36876,0x8,0xE,159,180,21,1,0x6,0x6,1,1,521,2551,0.169596354167
68,3072,7,0x37080F3207E36876,0x8,0xA,150,177,27,1,0x2,0x3,1,0,558,2514,0.181640625000
68,4096,0,0x37080F3207E36876,0x8,0xD,189,238,49,1,0x5,0x5,1,1,639,3457,0.156005859375
68,4096,1,0x37080F3207E36876,0x8,0xD,216,238,22,1,0x5,0x5,1,1,630,3466,0.153808593750
68,4096,2,0x37080F3207E36876,0x8,0x0,214,236,22,1,0x8,0x8,1,1,704,3392,0.171875000000
68,4096,3,0x37080F3207E36876,0x8,0xB,219,238,19,1,0x3,0x3,1,1,666,3430,0.162597656250
68,4096,4,0x37080F3207E36876,0x8,0xC,214,236,22,1,0x4,0x4,1,1,674,3422,0.164550781250
68,4096,5,0x37080F3207E36876,0x8,0x3,207,232,25,1,0xB,0xB,1,1,668,3428,0.163085937500
68,4096,6,0x37080F3207E36876,0x8,0xE,210,239,29,1,0x6,0x6,1,1,686,3410,0.167480468750
68,4096,7,0x37080F3207E36876,0x8,0xA,211,231,20,1,0x2,0x3,1,0,752,3344,0.183593750000
68,6144,0,0x37080F3207E36876,0x8,0xD,290,362,72,1,0x5,0x5,1,1,967,5177,0.157389322917
68,6144,1,0x37080F3207E36876,0x8,0xD,326,362,36,1,0x5,0x5,1,1,1000,5144,0.162760416667
68,6144,2,0x37080F3207E36876,0x8,0x0,315,360,45,1,0x8,0x8,1,1,1011,5133,0.164550781250
68,6144,3,0x37080F3207E36876,0x8,0xB,328,362,34,1,0x3,0x3,1,1,977,5167,0.159016927083
68,6144,4,0x37080F3207E36876,0x8,0xC,321,349,28,1,0x4,0x4,1,1,1030,5114,0.167643229167
68,6144,5,0x37080F3207E36876,0x8,0x3,321,366,45,1,0xB,0xB,1,1,1027,5117,0.167154947917
68,6144,6,0x37080F3207E36876,0x8,0xE,299,355,56,1,0x6,0x6,1,1,1017,5127,0.165527343750
68,6144,7,0x37080F3207E36876,0x8,0xA,333,337,4,1,0x2,0x3,1,0,1115,5029,0.181477864583
68,8192,0,0x37080F3207E36876,0x8,0xD,407,487,80,1,0x5,0x5,1,1,1290,6902,0.157470703125
68,8192,1,0x37080F3207E36876,0x8,0xD,431,479,48,1,0x5,0x5,1,1,1350,6842,0.164794921875
68,8192,2,0x37080F3207E36876,0x8,0x0,428,479,51,1,0x8,0x8,1,1,1368,6824,0.166992187500
68,8192,3,0x37080F3207E36876,0x8,0xB,427,472,45,1,0x3,0x3,1,1,1281,6911,0.156372070312
68,8192,4,0x37080F3207E36876,0x8,0xC,439,474,35,1,0x4,0x4,1,1,1378,6814,0.168212890625
68,8192,5,0x37080F3207E36876,0x8,0x3,404,489,85,1,0xB,0xB,1,1,1376,6816,0.167968750000
68,8192,6,0x37080F3207E36876,0x8,0xE,424,479,55,1,0x6,0x6,1,1,1326,6866,0.161865234375
68,8192,7,0x37080F3207E36876,0x8,0xB,459,460,1,1,0x3,0x3,1,1,1476,6716,0.180175781250
68,12288,0,0x37080F3207E36876,0x8,0xD,619,745,126,1,0x5,0x5,1,1,1967,10321,0.160074869792
68,12288,1,0x37080F3207E36876,0x8,0xD,659,741,82,1,0x5,0x5,1,1,2039,10249,0.165934244792
68,12288,2,0x37080F3207E36876,0x8,0x0,653,729,76,1,0x8,0x8,1,1,2038,10250,0.165852864583
68,12288,3,0x37080F3207E36876,0x8,0xB,657,720,63,1,0x3,0x3,1,1,1925,10363,0.156656901042
68,12288,4,0x37080F3207E36876,0x8,0xC,669,724,55,1,0x4,0x4,1,1,2044,10244,0.166341145833
68,12288,5,0x37080F3207E36876,0x8,0x3,628,752,124,1,0xB,0xB,1,1,2061,10227,0.167724609375
68,12288,6,0x37080F3207E36876,0x8,0xE,620,745,125,1,0x6,0x6,1,1,1978,10310,0.160970052083
68,12288,7,0x37080F3207E36876,0x8,0xB,687,732,45,1,0x3,0x3,1,1,2138,10150,0.173990885417
68,16384,0,0x37080F3207E36876,0x8,0xD,812,984,172,1,0x5,0x5,1,1,2647,13737,0.161560058594
68,16384,1,0x37080F3207E36876,0x8,0xD,866,1003,137,1,0x5,0x5,1,1,2743,13641,0.167419433594
68,16384,2,0x37080F3207E36876,0x8,0x0,883,978,95,1,0x8,0x8,1,1,2720,13664,0.166015625000
68,16384,3,0x37080F3207E36876,0x8,0xB,890,965,75,1,0x3,0x3,1,1,2605,13779,0.158996582031
68,16384,4,0x37080F3207E36876,0x8,0xC,878,967,89,1,0x4,0x4,1,1,2712,13672,0.165527343750
68,16384,5,0x37080F3207E36876,0x8,0x3,825,1007,182,1,0xB,0xB,1,1,2763,13621,0.168640136719
68,16384,6,0x37080F3207E36876,0x8,0xE,836,998,162,1,0x6,0x6,1,1,2625,13759,0.160217285156
68,16384,7,0x37080F3207E36876,0x8,0xB,916,977,61,1,0x3,0x3,1,1,2812,13572,0.171630859375
68,24576,0,0x37080F3207E36876,0x8,0xD,1242,1477,235,1,0x5,0x5,1,1,3973,20603,0.161661783854
68,24576,1,0x37080F3207E36876,0x8,0xD,1292,1512,220,1,0x5,0x5,1,1,4043,20533,0.164510091146
68,24576,2,0x37080F3207E36876,0x8,0x0,1328,1469,141,1,0x8,0x8,1,1,4049,20527,0.164754231771
68,24576,3,0x37080F3207E36876,0x8,0xB,1330,1477,147,1,0x3,0x3,1,1,4015,20561,0.163370768229
68,24576,4,0x37080F3207E36876,0x8,0xC,1289,1483,194,1,0x4,0x4,1,1,4063,20513,0.165323893229
68,24576,5,0x37080F3207E36876,0x8,0x3,1230,1496,266,1,0xB,0xB,1,1,4080,20496,0.166015625000
68,24576,6,0x37080F3207E36876,0x8,0xE,1305,1493,188,1,0x6,0x6,1,1,3913,20663,0.159220377604
68,24576,7,0x37080F3207E36876,0x8,0xB,1329,1458,129,1,0x3,0x3,1,1,4126,20450,0.167887369792
68,32768,0,0x37080F3207E36876,0x8,0xD,1663,1995,332,1,0x5,0x5,1,1,5308,27460,0.161987304688
68,32768,1,0x37080F3207E36876,0x8,0xD,1711,2037,326,1,0x5,0x5,1,1,5401,27367,0.164825439453
68,32768,2,0x37080F3207E36876,0x8,0x0,1779,1968,189,1,0x8,0x8,1,1,5450,27318,0.166320800781
68,32768,3,0x37080F3207E36876,0x8,0xB,1802,1981,179,1,0x3,0x3,1,1,5398,27370,0.164733886719
68,32768,4,0x37080F3207E36876,0x8,0xC,1698,1987,289,1,0x4,0x4,1,1,5354,27414,0.163391113281
68,32768,5,0x37080F3207E36876,0x8,0x3,1638,2011,373,1,0xB,0xB,1,1,5444,27324,0.166137695312
68,32768,6,0x37080F3207E36876,0x8,0xE,1722,2005,283,1,0x6,0x6,1,1,5290,27478,0.161437988281
68,32768,7,0x37080F3207E36876,0x8,0xB,1772,1950,178,1,0x3,0x3,1,1,5489,27279,0.167510986328
69,512,0,0x8785272889310142,0xF,0x6,24,26,2,2,0x0,0x9,0,0,72,440,0.140625000000
69,512,1,0x8785272889310142,0xF,0x2,18,24,6,1,0xD,0x0,1,0,76,436,0.148437500000
69,512,2,0x8785272889310142,0xF,0x4,20,22,2,1,0xB,0x7,1,0,65,447,0.126953125000
69,512,3,0x8785272889310142,0xF,0xE,22,24,2,1,0x1,0x5,1,0,72,440,0.140625000000
69,512,4,0x8785272889310142,0xF,0x7,20,26,6,1,0x8,0x6,1,0,83,429,0.162109375000
69,512,5,0x8785272889310142,0xF,0x6,24,25,1,1,0x9,0xD,1,0,84,428,0.164062500000
69,512,6,0x8785272889310142,0xF,0x8,23,24,1,1,0x7,0xC,1,0,75,437,0.146484375000
69,512,7,0x8785272889310142,0xF,0x4,23,28,5,1,0xB,0xE,1,0,87,425,0.169921875000
69,1024,0,0x8785272889310142,0xF,0x6,40,54,14,1,0x9,0x9,1,1,154,870,0.150390625000
69,1024,1,0x8785272889310142,0xF,0x2,52,53,1,1,0xD,0x0,1,0,156,868,0.152343750000
69,1024,2,0x8785272889310142,0xF,0x4,49,53,4,1,0xB,0x7,1,0,153,871,0.149414062500
69,1024,3,0x8785272889310142,0xF,0x2,46,51,5,1,0xD,0x5,1,0,159,865,0.155273437500
69,1024,4,0x8785272889310142,0xF,0x9,52,53,1,1,0x6,0x6,1,1,162,862,0.158203125000
69,1024,5,0x8785272889310142,0xF,0x2,46,52,6,1,0xD,0xD,1,1,182,842,0.177734375000
69,1024,6,0x8785272889310142,0xF,0x1,54,55,1,2,0x0,0xC,0,0,156,868,0.152343750000
69,1024,7,0x8785272889310142,0xF,0x1,48,54,6,1,0xE,0xE,1,1,169,855,0.165039062500
69,1536,0,0x8785272889310142,0xF,0x6,79,82,3,1,0x9,0x9,1,1,241,1295,0.156901041667
69,1536,1,0x8785272889310142,0xF,0x2,77,81,4,1,0xD,0x0,1,0,240,1296,0.156250000000
69,1536,2,0x8785272889310142,0xF,0xB,78,79,1,1,0x4,0x7,1,0,239,1297,0.155598958333
69,1536,3,0x8785272889310142,0xF,0xA,74,81,7,1,0x5,0x5,1,1,246,1290,0.160156250000
69,1536,4,0x8785272889310142,0xF,0x9,76,81,5,1,0x6,0x6,1,1,245,1291,0.159505208333
69,1536,5,0x8785272889310142,0xF,0x2,73,77,4,1,0xD,0xD,1,1,266,1270,0.173177083333
69,1536,6,0x8785272889310142,0xF,0x1,82,84,2,1,0xE,0xC,1,0,240,1296,0.156250000000
69,1536,7,0x8785272889310142,0xF,0x1,80,83,3,1,0xE,0xE,1,1,250,1286,0.162760416667
69,2048,0,0x8785272889310142,0xF,0x6,105,114,9,1,0x9,0x9,1,1,311,1737,0.151855468750
69,2048,1,0x8785272889310142,0xF,0xA,105,106,1,2,0x0,0x0,0,0,345,1703,0.168457031250
69,2048,2,0x8785272889310142,0xF,0x8,99,110,11,1,0x7,0x7,1,1,309,1739,0.150878906250
69,2048,3,0x8785272889310142,0xF,0xA,101,105,4,1,0x5,0x5,1,1,339,1709,0.165527343750
69,2048,4,0x8785272889310142,0xF,0x9,105,114,9,1,0x6,0x6,1,1,325,1723,0.158691406250
69,2048,5,0x8785272889310142,0xF,0x2,100,111,11,1,0xD,0xD,1,1,355,1693,0.173339843750
69,2048,6,0x8785272889310142,0xF,0xF,113,118,5,1,0x0,0xC,1,0,323,1725,0.157714843750
69,2048,7,0x8785272889310142,0xF,0x1,93,110,17,1,0xE,0xE,1,1,355,1693,0.173339843750
69,3072,0,0x8785272889310142,0xF,0x6,156,181,25,1,0x9,0x9,1,1,486,2586,0.158203125000
69,3072,1,0x8785272889310142,0xF,0xA,157,163,6,1,0x5,0x0,1,0,508,2564,0.165364583333
69,3072,2,0x8785272889310142,0xF,0x8,152,174,22,1,0x7,0x7,1,1,477,2595,0.155273437500
69,3072,3,0x8785272889310142,0xF,0xA,156,163,7,1,0x5,0x5,1,1,513,2559,0.166992187500
69,3072,4,0x8785272889310142,0xF,0x9,156,174,18,1,0x6,0x6,1,1,484,2588,0.157552083333
69,3072,5,0x8785272889310142,0xF,0x2,152,166,14,1,0xD,0xD,1,1,538,2534,0.175130208333
69,3072,6,0x8785272889310142,0xF,0x9,170,171,1,1,0x6,0xC,1,0,498,2574,0.162109375000
69,3072,7,0x8785272889310142,0xF,0x1,156,178,22,1,0xE,0xE,1,1,513,2559,0.166992187500
69,4096,0,0x8785272889310142,0xF,0x6,201,239,38,1,0x9,0x9,1,1,646,3450,0.157714843750
69,4096,1,0x8785272889310142,0xF,0xA,213,219,6,1,0x5,0x0,1,0,684,3412,0.166992187500
69,4096,2,0x8785272889310142,0xF,0x8,206,234,28,1,0x7,0x7,1,1,626,3470,0.152832031250
69,4096,3,0x8785272889310142,0xF,0xA,193,232,39,1,0x5,0x5,1,1,689,3407,0.168212890625
69,4096,4,0x8785272889310142,0xF,0x9,197,231,34,1,0x6,0x6,1,1,637,3459,0.155517578125
69,4096,5,0x8785272889310142,0xF,0x2,218,228,10,1,0xD,0xD,1,1,707,3389,0.172607421875
69,4096,6,0x8785272889310142,0xF,0x3,228,232,4,1,0xC,0xC,1,1,677,3419,0.165283203125
69,4096,7,0x8785272889310142,0xF,0x1,210,237,27,1,0xE,0xE,1,1,661,3435,0.161376953125
69,6144,0,0x8785272889310142,0xF,0x6,320,365,45,1,0x9,0x9,1,1,970,5174,0.157877604167
69,6144,1,0x8785272889310142,0xF,0xF,311,352,41,1,0x0,0x0,1,1,1052,5092,0.171223958333
69,6144,2,0x8785272889310142,0xF,0x8,311,367,56,1,0x7,0x7,1,1,990,5154,0.161132812500
69,6144,3,0x8785272889310142,0xF,0xA,315,346,31,1,0x5,0x5,1,1,1022,5122,0.166341145833
69,6144,4,0x8785272889310142,0xF,0x9,307,348,41,1,0x6,0x6,1,1,944,5200,0.153645833333
69,6144,5,0x8785272889310142,0xF,0x2,322,352,30,1,0xD,0xD,1,1,1054,5090,0.171549479167
69,6144,6,0x8785272889310142,0xF,0x3,326,355,29,1,0xC,0xC,1,1,1006,5138,0.163736979167
69,6144,7,0x8785272889310142,0xF,0x1,312,369,57,1,0xE,0xE,1,1,975,5169,0.158691406250
69,8192,0,0x8785272889310142,0xF,0x6,420,494,74,1,0x9,0x9,1,1,1337,6855,0.163208007812
69,8192,1,0x8785272889310142,0xF,0xF,412,491,79,1,0x0,0x0,1,1,1394,6798,0.170166015625
69,8192,2,0x8785272889310142,0xF,0x8,411,497,86,1,0x7,0x7,1,1,1307,6885,0.159545898438
69,8192,3,0x8785272889310142,0xF,0xA,416,461,45,1,0x5,0x5,1,1,1345,6847,0.164184570312
69,8192,4,0x8785272889310142,0xF,0x9,410,461,51,1,0x6,0x6,1,1,1261,6931,0.153930664062
69,8192,5,0x8785272889310142,0xF,0x2,430,479,49,1,0xD,0xD,1,1,1383,6809,0.168823242188
69,8192,6,0x8785272889310142,0xF,0x3,442,484,42,1,0xC,0xC,1,1,1325,6867,0.161743164062
69,8192,7,0x8785272889310142,0xF,0x1,428,494,66,1,0xE,0xE,1,1,1314,6878,0.160400390625
69,12288,0,0x8785272889310142,0xF,0x6,628,745,117,1,0x9,0x9,1,1,2002,10286,0.162923177083
69,12288,1,0x8785272889310142,0xF,0xF,634,725,91,1,0x0,0x0,1,1,2048,10240,0.166666666667
69,12288,2,0x8785272889310142,0xF,0x8,635,754,119,1,0x7,0x7,1,1,1962,10326,0.159667968750
69,12288,3,0x8785272889310142,0xF,0xA,629,734,105,1,0x5,0x5,1,1,2019,10269,0.164306640625
69,12288,4,0x8785272889310142,0xF,0x9,616,716,100,1,0x6,0x6,1,1,1894,10394,0.154134114583
69,12288,5,0x8785272889310142,0xF,0x2,651,730,79,1,0xD,0xD,1,1,2047,10241,0.166585286458
69,12288,6,0x8785272889310142,0xF,0x3,666,720,54,1,0xC,0xC,1,1,1970,10318,0.160319010417
69,12288,7,0x8785272889310142,0xF,0x1,667,720,53,1,0xE,0xE,1,1,1984,10304,0.161458333333
69,16384,0,0x8785272889310142,0xF,0x6,834,975,141,1,0x9,0x9,1,1,2674,13710,0.163208007812
69,16384,1,0x8785272889310142,0xF,0xF,831,972,141,1,0x0,0x0,1,1,2762,13622,0.168579101562
69,16384,2,0x8785272889310142,0xF,0x8,840,1002,162,1,0x7,0x7,1,1,2634,13750,0.160766601562
69,16384,3,0x8785272889310142,0xF,0xA,856,984,128,1,0x5,0x5,1,1,2674,13710,0.163208007812
69,16384,4,0x8785272889310142,0xF,0x9,846,961,115,1,0x6,0x6,1,1,2557,13827,0.156066894531
69,16384,5,0x8785272889310142,0xF,0x2,848,999,151,1,0xD,0xD,1,1,2729,13655,0.166564941406
69,16384,6,0x8785272889310142,0xF,0x3,888,971,83,1,0xC,0xC,1,1,2666,13718,0.162719726562
69,16384,7,0x8785272889310142,0xF,0x1,874,974,100,1,0xE,0xE,1,1,2657,13727,0.162170410156
69,24576,0,0x8785272889310142,0xF,0x6,1281,1505,224,1,0x9,0x9,1,1,3977,20599,0.161824544271
69,24576,1,0x8785272889310142,0xF,0xF,1244,1470,226,1,0x0,0x0,1,1,4115,20461,0.167439778646
69,24576,2,0x8785272889310142,0xF,0x8,1271,1510,239,1,0x7,0x7,1,1,3980,20596,0.161946614583
69,24576,3,0x8785272889310142,0xF,0xA,1262,1501,239,1,0x5,0x5,1,1,4014,20562,0.163330078125
69,24576,4,0x8785272889310142,0xF,0x9,1299,1447,148,1,0x6,0x6,1,1,3826,20750,0.155680338542
69,24576,5,0x8785272889310142,0xF,0x2,1295,1495,200,1,0xD,0xD,1,1,4090,20486,0.166422526042
69,24576,6,0x8785272889310142,0xF,0x3,1270,1483,213,1,0xC,0xC,1,1,4006,20570,0.163004557292
69,24576,7,0x8785272889310142,0xF,0x1,1322,1490,168,1,0xE,0xE,1,1,4037,20539,0.164265950521
69,32768,0,0x8785272889310142,0xF,0x6,1694,1997,303,1,0x9,0x9,1,1,5357,27411,0.163482666016
69,32768,1,0x8785272889310142,0xF,0xF,1661,1980,319,1,0x0,0x0,1,1,5505,27263,0.167999267578
69,32768,2,0x8785272889310142,0xF,0x8,1704,2016,312,1,0x7,0x7,1,1,5327,27441,0.162567138672
69,32768,3,0x8785272889310142,0xF,0xA,1716,1992,276,1,0x5,0x5,1,1,5322,27446,0.162414550781
69,32768,4,0x8785272889310142,0xF,0x9,1725,1979,254,1,0x6,0x6,1,1,5199,27569,0.158660888672
69,32768,5,0x8785272889310142,0xF,0x2,1716,2022,306,1,0xD,0xD,1,1,5434,27334,0.165832519531
69,32768,6,0x8785272889310142,0xF,0x3,1711,1993,282,1,0xC,0xC,1,1,5410,27358,0.165100097656
69,32768,7,0x8785272889310142,0xF,0x1,1726,1983,257,1,0xE,0xE,1,1,5392,27376,0.164550781250
70,512,0,0x2430B88C41614895,0xF,0x0,21,23,2,1,0xF,0xD,1,0,95,417,0.185546875000
70,512,1,0x2430B88C41614895,0xF,0x2,17,23,6,1,0xD,0x5,1,0,85,427,0.166015625000
70,512,2,0x2430B88C41614895,0xF,0x4,25,26,1,1,0xB,0x3,1,0,86,426,0.167968750000
70,512,3,0x2430B88C41614895,0xF,0x1,25,26,1,1,0xE,0x2,1,0,84,428,0.164062500000
70,512,4,0x2430B88C41614895,0xF,0x7,22,23,1,1,0x8,0xF,1,0,97,415,0.189453125000
70,512,5,0x2430B88C41614895,0xF,0x8,24,25,1,1,0x7,0x9,1,0,92,420,0.179687500000
70,512,6,0x2430B88C41614895,0xF,0x5,23,26,3,1,0xA,0x6,1,0,88,424,0.171875000000
70,512,7,0x2430B88C41614895,0xF,0x2,23,24,1,2,0x0,0x1,0,0,76,436,0.148437500000
70,1024,0,0x2430B88C41614895,0xF,0x6,46,55,9,1,0x9,0xD,1,0,184,840,0.179687500000
70,1024,1,0x2430B88C41614895,0xF,0xA,47,50,3,1,0x5,0x5,1,1,168,856,0.164062500000
70,1024,2,0x2430B88C41614895,0xF,0x4,52,53,1,1,0xB,0x3,1,0,175,849,0.170898437500
70,1024,3,0x2430B88C41614895,0xF,0xA,53,56,3,1,0x5,0x2,1,0,165,859,0.161132812500
70,1024,4,0x2430B88C41614895,0xF,0x7,55,56,1,1,0x8,0xF,1,0,181,843,0.176757812500
70,1024,5,0x2430B88C41614895,0xF,0x6,51,59,8,2,0x0,0x9,0,0,186,838,0.181640625000
70,1024,6,0x2430B88C41614895,0xF,0x5,50,51,1,1,0xA,0x6,1,0,187,837,0.182617187500
70,1024,7,0x2430B88C41614895,0xF,0x4,53,54,1,1,0xB,0x1,1,0,174,850,0.169921875000
70,1536,0,0x2430B88C41614895,0xF,0x0,80,82,2,2,0x0,0xD,0,0,265,1271,0.172526041667
70,1536,1,0x2430B88C41614895,0xF,0xA,76,79,3,1,0x5,0x5,1,1,252,1284,0.164062500000
70,1536,2,0x2430B88C41614895,0xF,0xC,72,81,9,1,0x3,0x3,1,1,258,1278,0.167968750000
70,1536,3,0x2430B88C41614895,0xF,0xA,82,83,1,1,0x5,0x2,1,0,250,1286,0.162760416667
70,1536,4,0x2430B88C41614895,0xF,0x2,83,85,2,1,0xD,0xF,1,0,262,1274,0.170572916667
70,1536,5,0x2430B88C41614895,0xF,0x6,75,89,14,1,0x9,0x9,1,1,268,1268,0.174479166667
70,1536,6,0x2430B88C41614895,0xF,0x5,75,81,6,2,0x0,0x6,0,0,280,1256,0.182291666667
70,1536,7,0x2430B88C41614895,0xF,0xE,81,86,5,1,0x1,0x1,1,1,277,1259,0.180338541667
70,2048,0,0x2430B88C41614895,0xF,0x0,107,113,6,1,0xF,0xD,1,0,338,1710,0.165039062500
70,2048,1,0x2430B88C41614895,0xF,0xA,104,108,4,1,0x5,0x5,1,1,322,1726,0.157226562500
70,2048,2,0x2430B88C41614895,0xF,0xC,90,110,20,1,0x3,0x3,1,1,349,1699,0.170410156250
70,2048,3,0x2430B88C41614895,0xF,0x8,110,114,4,2,0x0,0x2,0,0,326,1722,0.159179687500
70,2048,4,0x2430B88C41614895,0xF,0x0,109,114,5,1,0xF,0xF,1,1,361,1687,0.176269531250
70,2048,5,0x2430B88C41614895,0xF,0x6,104,119,15,1,0x9,0x9,1,1,349,1699,0.170410156250
70,2048,6,0x2430B88C41614895,0xF,0x9,97,111,14,1,0x6,0x6,1,1,366,1682,0.178710937500
70,2048,7,0x2430B88C41614895,0xF,0xE,103,114,11,1,0x1,0x1,1,1,363,1685,0.177246093750
70,3072,0,0x2430B88C41614895,0xF,0x0,166,168,2,1,0xF,0xD,1,0,528,2544,0.171875000000
70,3072,1,0x2430B88C41614895,0xF,0xA,152,173,21,1,0x5,0x5,1,1,478,2594,0.155598958333
70,3072,2,0x2430B88C41614895,0xF,0xC,134,173,39,1,0x3,0x3,1,1,520,2552,0.169270833333
70,3072,3,0x2430B88C41614895,0xF,0xD,153,177,24,1,0x2,0x2,1,1,496,2576,0.161458333333
70,3072,4,0x2430B88C41614895,0xF,0x0,165,171,6,1,0xF,0xF,1,1,516,2556,0.167968750000
70,3072,5,0x2430B88C41614895,0xF,0x6,166,181,15,1,0x9,0x9,1,1,508,2564,0.165364583333
70,3072,6,0x2430B88C41614895,0xF,0x9,150,166,16,1,0x6,0x6,1,1,534,2538,0.173828125000
70,3072,7,0x2430B88C41614895,0xF,0xE,162,175,13,1,0x1,0x1,1,1,530,2542,0.172526041667
70,4096,0,0x2430B88C41614895,0xF,0x2,224,228,4,1,0xD,0xD,1,1,702,3394,0.171386718750
70,4096,1,0x2430B88C41614895,0xF,0xA,216,232,16,1,0x5,0x5,1,1,638,3458,0.155761718750
70,4096,2,0x2430B88C41614895,0xF,0xC,186,227,41,1,0x3,0x3,1,1,696,3400,0.169921875000
70,4096,3,0x2430B88C41614895,0xF,0xD,209,231,22,1,0x2,0x2,1,1,686,3410,0.167480468750
70,4096,4,0x2430B88C41614895,0xF,0x0,222,230,8,1,0xF,0xF,1,1,677,3419,0.165283203125
70,4096,5,0x2430B88C41614895,0xF,0x6,214,238,24,1,0x9,0x9,1,1,691,3405,0.168701171875
70,4096,6,0x2430B88C41614895,0xF,0x9,192,233,41,1,0x6,0x6,1,1,710,3386,0.173339843750
70,4096,7,0x2430B88C41614895,0xF,0xE,215,228,13,1,0x1,0x1,1,1,693,3403,0.169189453125
70,6144,0,0x2430B88C41614895,0xF,0x2,327,359,32,1,0xD,0xD,1,1,1028,5116,0.167317708333
70,6144,1,0x2430B88C41614895,0xF,0xA,330,335,5,1,0x5,0x5,1,1,994,5150,0.161783854167
70,6144,2,0x2430B88C41614895,0xF,0xC,290,343,53,1,0x3,0x3,1,1,1055,5089,0.171712239583
70,6144,3,0x2430B88C41614895,0xF,0xD,320,352,32,1,0x2,0x2,1,1,1001,5143,0.162923177083
70,6144,4,0x2430B88C41614895,0xF,0x0,333,345,12,1,0xF,0xF,1,1,1029,5115,0.167480468750
70,6144,5,0x2430B88C41614895,0xF,0x6,325,368,43,1,0x9,0x9,1,1,1062,5082,0.172851562500
70,6144,6,0x2430B88C41614895,0xF,0x9,302,345,43,1,0x6,0x6,1,1,1055,5089,0.171712239583
70,6144,7,0x2430B88C41614895,0xF,0xE,332,347,15,1,0x1,0x1,1,1,1062,5082,0.172851562500
70,8192,0,0x2430B88C41614895,0xF,0x2,441,477,36,1,0xD,0xD,1,1,1389,6803,0.169555664062
70,8192,1,0x2430B88C41614895,0xF,0xA,454,484,30,1,0x5,0x5,1,1,1328,6864,0.162109375000
70,8192,2,0x2430B88C41614895,0xF,0xC,410,472,62,1,0x3,0x3,1,1,1385,6807,0.169067382812
70,8192,3,0x2430B88C41614895,0xF,0xD,426,478,52,1,0x2,0x2,1,1,1336,6856,0.163085937500
70,8192,4,0x2430B88C41614895,0xF,0x0,431,479,48,1,0xF,0xF,1,1,1342,6850,0.163818359375
70,8192,5,0x2430B88C41614895,0xF,0x6,425,474,49,1,0x9,0x9,1,1,1394,6798,0.170166015625
70,8192,6,0x2430B88C41614895,0xF,0x9,424,478,54,1,0x6,0x6,1,1,1422,6770,0.173583984375
70,8192,7,0x2430B88C41614895,0xF,0xE,428,478,50,1,0x1,0x1,1,1,1403,6789,0.171264648438
70,12288,0,0x2430B88C41614895,0xF,0x2,667,718,51,1,0xD,0xD,1,1,2057,10231,0.167399088542
70,12288,1,0x2430B88C41614895,0xF,0xA,678,728,50,1,0x5,0x5,1,1,1972,10316,0.160481770833
70,12288,2,0x2430B88C41614895,0xF,0xC,636,711,75,1,0x3,0x3,1,1,2063,10225,0.167887369792
70,12288,3,0x2430B88C41614895,0xF,0xD,618,710,92,1,0x2,0x2,1,1,1991,10297,0.162027994792
70,12288,4,0x2430B88C41614895,0xF,0x0,647,735,88,1,0xF,0xF,1,1,2010,10278,0.163574218750
70,12288,5,0x2430B88C41614895,0xF,0x6,621,731,110,1,0x9,0x9,1,1,2073,10215,0.168701171875
70,12288,6,0x2430B88C41614895,0xF,0x9,646,740,94,1,0x6,0x6,1,1,2061,10227,0.167724609375
70,12288,7,0x2430B88C41614895,0xF,0xE,627,714,87,1,0x1,0x1,1,1,2070,10218,0.168457031250
70,16384,0,0x2430B88C41614895,0xF,0x2,895,967,72,1,0xD,0xD,1,1,2725,13659,0.166320800781
70,16384,1,0x2430B88C41614895,0xF,0xA,897,1005,108,1,0x5,0x5,1,1,2678,13706,0.163452148438
70,16384,2,0x2430B88C41614895,0xF,0xC,839,963,124,1,0x3,0x3,1,1,2728,13656,0.166503906250
70,16384,3,0x2430B88C41614895,0xF,0xD,843,969,126,1,0x2,0x2,1,1,2637,13747,0.160949707031
70,16384,4,0x2430B88C41614895,0xF,0x0,832,973,141,1,0xF,0xF,1,1,2669,13715,0.162902832031
70,16384,5,0x2430B88C41614895,0xF,0x6,841,975,134,1,0x9,0x9,1,1,2723,13661,0.166198730469
70,16384,6,0x2430B88C41614895,0xF,0x9,880,998,118,1,0x6,0x6,1,1,2731,13653,0.166687011719
70,16384,7,0x2430B88C41614895,0xF,0xE,863,966,103,1,0x1,0x1,1,1,2755,13629,0.168151855469
70,24576,0,0x2430B88C41614895,0xF,0x2,1311,1485,174,1,0xD,0xD,1,1,4040,20536,0.164388020833
70,24576,1,0x2430B88C41614895,0xF,0xA,1293,1511,218,1,0x5,0x5,1,1,4031,20545,0.164021809896
70,24576,2,0x2430B88C41614895,0xF,0xC,1287,1467,180,1,0x3,0x3,1,1,4058,20518,0.165120442708
70,24576,3,0x2430B88C41614895,0xF,0xD,1239,1475,236,1,0x2,0x2,1,1,4019,20557,0.163533528646
70,24576,4,0x2430B88C41614895,0xF,0x0,1287,1494,207,1,0xF,0xF,1,1,4020,20556,0.163574218750
70,24576,5,0x2430B88C41614895,0xF,0x6,1248,1488,240,1,0x9,0x9,1,1,4026,20550,0.163818359375
70,24576,6,0x2430B88C41614895,0xF,0x9,1282,1476,194,1,0x6,0x6,1,1,4102,20474,0.166910807292
70,24576,7,0x2430B88C41614895,0xF,0xE,1257,1489,232,1,0x1,0x1,1,1,4115,20461,0.167439778646
70,32768,0,0x2430B88C41614895,0xF,0x2,1727,1999,272,1,0xD,0xD,1,1,5451,27317,0.166351318359
70,32768,1,0x2430B88C41614895,0xF,0xA,1695,2026,331,1,0x5,0x5,1,1,5397,27371,0.164703369141
70,32768,2,0x2430B88C41614895,0xF,0xC,1714,1958,244,1,0x3,0x3,1,1,5418,27350,0.165344238281
70,32768,3,0x2430B88C41614895,0xF,0xD,1672,1961,289,1,0x2,0x2,1,1,5400,27368,0.164794921875
70,32768,4,0x2430B88C41614895,0xF,0x0,1706,1991,285,1,0xF,0xF,1,1,5352,27416,0.163330078125
70,32768,5,0x2430B88C41614895,0xF,0x6,1708,2007,299,1,0x9,0x9,1,1,5398,27370,0.164733886719
70,32768,6,0x2430B88C41614895,0xF,0x9,1722,2025,303,1,0x6,0x6,1,1,5465,27303,0.166778564453
70,32768,7,0x2430B88C41614895,0xF,0xE,1670,1967,297,1,0x1,0x1,1,1,5406,27362,0.164978027344
71,512,0,0x88587BC4B7F8D1CE,0xE,0x8,18,24,6,1,0x6,0x5,1,0,79,433,0.154296875000
71,512,1,0x88587BC4B7F8D1CE,0xE,0xF,20,22,2,1,0x1,0x9,1,0,88,424,0.171875000000
71,512,2,0x88587BC4B7F8D1CE,0xE,0x5,25,26,1,1,0xB,0xC,1,0,81,431,0.158203125000
71,512,3,0x88587BC4B7F8D1CE,0xE,0x3,21,22,1,1,0xD,0xD,1,1,95,417,0.185546875000
71,512,4,0x88587BC4B7F8D1CE,0xE,0x4,25,26,1,1,0xA,0x3,1,0,86,426,0.167968750000
71,512,5,0x88587BC4B7F8D1CE,0xE,0xC,25,26,1,1,0x2,0x7,1,0,65,447,0.126953125000
71,512,6,0x88587BC4B7F8D1CE,0xE,0x6,20,24,4,1,0x8,0x8,1,1,74,438,0.144531250000
71,512,7,0x88587BC4B7F8D1CE,0xE,0x6,17,20,3,1,0x8,0xF,1,0,86,426,0.167968750000
71,1024,0,0x88587BC4B7F8D1CE,0xE,0x3,50,53,3,1,0xD,0x5,1,0,171,853,0.166992187500
71,1024,1,0x88587BC4B7F8D1CE,0xE,0x7,50,51,1,1,0x9,0x9,1,1,178,846,0.173828125000
71,1024,2,0x88587BC4B7F8D1CE,0xE,0x5,50,59,9,1,0xB,0xC,1,0,161,863,0.157226562500
71,1024,3,0x88587BC4B7F8D1CE,0xE,0xA,51,53,2,1,0x4,0xD,1,0,195,829,0.190429687500
71,1024,4,0x88587BC4B7F8D1CE,0xE,0xD,52,53,1,1,0x3,0x3,1,1,155,869,0.151367187500
71,1024,5,0x88587BC4B7F8D1CE,0xE,0xE,53,58,5,1,0x0,0x7,1,0,145,879,0.141601562500
71,1024,6,0x88587BC4B7F8D1CE,0xE,0x6,46,52,6,1,0x8,0x8,1,1,162,862,0.158203125000
71,1024,7,0x88587BC4B7F8D1CE,0xE,0x1,42,51,9,1,0xF,0xF,1,1,166,858,0.162109375000
71,1536,0,0x88587BC4B7F8D1CE,0xE,0x3,85,86,1,2,0x0,0x5,0,0,253,1283,0.164713541667
71,1536,1,0x88587BC4B7F8D1CE,0xE,0x7,74,75,1,1,0x9,0x9,1,1,258,1278,0.167968750000
71,1536,2,0x88587BC4B7F8D1CE,0xE,0x2,81,86,5,1,0xC,0xC,1,1,248,1288,0.161458333333
71,1536,3,0x88587BC4B7F8D1CE,0xE,0xD,81,84,3,1,0x3,0xD,1,0,275,1261,0.179036458333
71,1536,4,0x88587BC4B7F8D1CE,0xE,0x2,78,82,4,1,0xC,0x3,1,0,228,1308,0.148437500000
71,1536,5,0x88587BC4B7F8D1CE,0xE,0xE,84,86,2,1,0x0,0x7,1,0,229,1307,0.149088541667
71,1536,6,0x88587BC4B7F8D1CE,0xE,0x6,71,74,3,1,0x8,0x8,1,1,250,1286,0.162760416667
71,1536,7,0x88587BC4B7F8D1CE,0xE,0x1,69,84,15,1,0xF,0xF,1,1,248,1288,0.161458333333
71,2048,0,0x88587BC4B7F8D1CE,0xE,0x3,115,117,2,1,0xD,0x5,1,0,336,1712,0.164062500000
71,2048,1,0x88587BC4B7F8D1CE,0xE,0x7,104,107,3,1,0x9,0x9,1,1,336,1712,0.164062500000
71,2048,2,0x88587BC4B7F8D1CE,0xE,0x2,103,114,11,1,0xC,0xC,1,1,348,1700,0.169921875000
71,2048,3,0x88587BC4B7F8D1CE,0xE,0xA,108,117,9,1,0x4,0xD,1,0,366,1682,0.178710937500
71,2048,4,0x88587BC4B7F8D1CE,0xE,0x2,114,116,2,1,0xC,0x3,1,0,302,1746,0.147460937500
71,2048,5,0x88587BC4B7F8D1CE,0xE,0x9,114,119,5,1,0x7,0x7,1,1,326,1722,0.159179687500
71,2048,6,0x88587BC4B7F8D1CE,0xE,0x6,93,108,15,1,0x8,0x8,1,1,317,1731,0.154785156250
71,2048,7,0x88587BC4B7F8D1CE,0xE,0x1,107,109,2,1,0xF,0xF,1,1,343,1705,0.167480468750
71,3072,0,0x88587BC4B7F8D1CE,0xE,0xD,172,174,2,1,0x3,0x5,1,0,503,2569,0.163736979167
71,3072,1,0x88587BC4B7F8D1CE,0xE,0x7,158,166,8,1,0x9,0x9,1,1,518,2554,0.168619791667
71,3072,2,0x88587BC4B7F8D1CE,0xE,0x2,166,175,9,1,0xC,0xC,1,1,504,2568,0.164062500000
71,3072,3,0x88587BC4B7F8D1CE,0xE,0xA,169,174,5,2,0x0,0xD,0,0,533,2539,0.173502604167
71,3072,4,0x88587BC4B7F8D1CE,0xE,0x2,171,176,5,1,0xC,0x3,1,0,473,2599,0.153971354167
71,3072,5,0x88587BC4B7F8D1CE,0xE,0x9,175,178,3,1,0x7,0x7,1,1,489,2583,0.159179687500
71,3072,6,0x88587BC4B7F8D1CE,0xE,0x6,139,175,36,1,0x8,0x8,1,1,488,2584,0.158854166667
71,3072,7,0x88587BC4B7F8D1CE,0xE,0x1,148,179,31,1,0xF,0xF,1,1,509,2563,0.165690104167
71,4096,0,0x88587BC4B7F8D1CE,0xE,0xB,223,225,2,1,0x5,0x5,1,1,692,3404,0.168945312500
71,4096,1,0x88587BC4B7F8D1CE,0xE,0x7,206,233,27,1,0x9,0x9,1,1,698,3398,0.170410156250
71,4096,2,0x88587BC4B7F8D1CE,0xE,0x2,227,238,11,1,0xC,0xC,1,1,662,3434,0.161621093750
71,4096,3,0x88587BC4B7F8D1CE,0xE,0x3,220,230,10,1,0xD,0xD,1,1,722,3374,0.176269531250
71,4096,4,0x88587BC4B7F8D1CE,0xE,0x2,210,241,31,1,0xC,0x3,1,0,659,3437,0.160888671875
71,4096,5,0x88587BC4B7F8D1CE,0xE,0x9,228,242,14,1,0x7,0x7,1,1,643,3453,0.156982421875
71,4096,6,0x88587BC4B7F8D1CE,0xE,0x6,191,231,40,1,0x8,0x8,1,1,658,3438,0.160644531250
71,4096,7,0x88587BC4B7F8D1CE,0xE,0x1,190,244,54,1,0xF,0xF,1,1,662,3434,0.161621093750
71,6144,0,0x88587BC4B7F8D1CE,0xE,0xB,313,356,43,1,0x5,0x5,1,1,1035,5109,0.168457031250
71,6144,1,0x88587BC4B7F8D1CE,0xE,0x7,305,345,40,1,0x9,0x9,1,1,1040,5104,0.169270833333
71,6144,2,0x88587BC4B7F8D1CE,0xE,0x2,346,351,5,1,0xC,0xC,1,1,1008,5136,0.164062500000
71,6144,3,0x88587BC4B7F8D1CE,0xE,0x3,336,366,30,1,0xD,0xD,1,1,1043,5101,0.169759114583
71,6144,4,0x88587BC4B7F8D1CE,0xE,0x2,332,341,9,1,0xC,0x3,1,0,1018,5126,0.165690104167
71,6144,5,0x88587BC4B7F8D1CE,0xE,0x9,348,355,7,1,0x7,0x7,1,1,972,5172,0.158203125000
71,6144,6,0x88587BC4B7F8D1CE,0xE,0x6,281,339,58,1,0x8,0x8,1,1,996,5148,0.162109375000
71,6144,7,0x88587BC4B7F8D1CE,0xE,0x1,314,363,49,1,0xF,0xF,1,1,960,5184,0.156250000000
71,8192,0,0x88587BC4B7F8D1CE,0xE,0xB,441,483,42,1,0x5,0x5,1,1,1349,6843,0.164672851562
71,8192,1,0x88587BC4B7F8D1CE,0xE,0x7,431,479,48,1,0x9,0x9,1,1,1370,6822,0.167236328125
71,8192,2,0x88587BC4B7F8D1CE,0xE,0x2,456,473,17,1,0xC,0xC,1,1,1340,6852,0.163574218750
71,8192,3,0x88587BC4B7F8D1CE,0xE,0x3,430,482,52,1,0xD,0xD,1,1,1369,6823,0.167114257812
71,8192,4,0x88587BC4B7F8D1CE,0xE,0xD,455,465,10,1,0x3,0x3,1,1,1370,6822,0.167236328125
71,8192,5,0x88587BC4B7F8D1CE,0xE,0x9,451,485,34,1,0x7,0x7,1,1,1305,6887,0.159301757812
71,8192,6,0x88587BC4B7F8D1CE,0xE,0x6,381,449,68,1,0x8,0x8,1,1,1327,6865,0.161987304688
71,8192,7,0x88587BC4B7F8D1CE,0xE,0x1,431,486,55,1,0xF,0xF,1,1,1311,6881,0.160034179688
71,12288,0,0x88587BC4B7F8D1CE,0xE,0xB,656,737,81,1,0x5,0x5,1,1,2007,10281,0.163330078125
71,12288,1,0x88587BC4B7F8D1CE,0xE,0x7,636,743,107,1,0x9,0x9,1,1,2026,10262,0.164876302083
71,12288,2,0x88587BC4B7F8D1CE,0xE,0x2,672,719,47,1,0xC,0xC,1,1,1969,10319,0.160237630208
71,12288,3,0x88587BC4B7F8D1CE,0xE,0x3,673,747,74,1,0xD,0xD,1,1,2031,10257,0.165283203125
71,12288,4,0x88587BC4B7F8D1CE,0xE,0xD,656,724,68,1,0x3,0x3,1,1,2028,10260,0.165039062500
71,12288,5,0x88587BC4B7F8D1CE,0xE,0x9,691,734,43,1,0x7,0x7,1,1,1966,10322,0.159993489583
71,12288,6,0x88587BC4B7F8D1CE,0xE,0x6,589,698,109,1,0x8,0x8,1,1,2030,10258,0.165201822917
71,12288,7,0x88587BC4B7F8D1CE,0xE,0x1,618,735,117,1,0xF,0xF,1,1,1982,10306,0.161295572917
71,16384,0,0x88587BC4B7F8D1CE,0xE,0xB,869,991,122,1,0x5,0x5,1,1,2669,13715,0.162902832031
71,16384,1,0x88587BC4B7F8D1CE,0xE,0x7,847,991,144,1,0x9,0x9,1,1,2699,13685,0.164733886719
71,16384,2,0x88587BC4B7F8D1CE,0xE,0x2,896,971,75,1,0xC,0xC,1,1,2675,13709,0.163269042969
71,16384,3,0x88587BC4B7F8D1CE,0xE,0x3,887,995,108,1,0xD,0xD,1,1,2727,13657,0.166442871094
71,16384,4,0x88587BC4B7F8D1CE,0xE,0xD,867,968,101,1,0x3,0x3,1,1,2659,13725,0.162292480469
71,16384,5,0x88587BC4B7F8D1CE,0xE,0x9,920,989,69,1,0x7,0x7,1,1,2627,13757,0.160339355469
71,16384,6,0x88587BC4B7F8D1CE,0xE,0x6,795,967,172,1,0x8,0x8,1,1,2686,13698,0.163940429688
71,16384,7,0x88587BC4B7F8D1CE,0xE,0x1,821,979,158,1,0xF,0xF,1,1,2671,13713,0.163024902344
71,24576,0,0x88587BC4B7F8D1CE,0xE,0xB,1317,1520,203,1,0x5,0x5,1,1,3995,20581,0.162556966146
71,24576,1,0x88587BC4B7F8D1CE,0xE,0x7,1289,1494,205,1,0x9,0x9,1,1,4090,20486,0.166422526042
71,24576,2,0x88587BC4B7F8D1CE,0xE,0x2,1309,1473,164,1,0xC,0xC,1,1,3997,20579,0.162638346354
71,24576,3,0x88587BC4B7F8D1CE,0xE,0x3,1293,1502,209,1,0xD,0xD,1,1,4133,20443,0.168172200521
71,24576,4,0x88587BC4B7F8D1CE,0xE,0xD,1301,1459,158,1,0x3,0x3,1,1,3998,20578,0.162679036458
71,24576,5,0x88587BC4B7F8D1CE,0xE,0x9,1351,1488,137,1,0x7,0x7,1,1,3954,20622,0.160888671875
71,24576,6,0x88587BC4B7F8D1CE,0xE,0x6,1213,1501,288,1,0x8,0x8,1,1,4103,20473,0.166951497396
71,24576,7,0x88587BC4B7F8D1CE,0xE,0x1,1248,1465,217,1,0xF,0xF,1,1,4044,20532,0.164550781250
71,32768,0,0x88587BC4B7F8D1CE,0xE,0xB,1729,2015,286,1,0x5,0x5,1,1,5354,27414,0.163391113281
71,32768,1,0x88587BC4B7F8D1CE,0xE,0x7,1759,2002,243,1,0x9,0x9,1,1,5514,27254,0.168273925781
71,32768,2,0x88587BC4B7F8D1CE,0xE,0x2,1736,1978,242,1,0xC,0xC,1,1,5292,27476,0.161499023438
71,32768,3,0x88587BC4B7F8D1CE,0xE,0x3,1741,2010,269,1,0xD,0xD,1,1,5472,27296,0.166992187500
71,32768,4,0x88587BC4B7F8D1CE,0xE,0xD,1735,1985,250,1,0x3,0x3,1,1,5360,27408,0.163574218750
71,32768,5,0x88587BC4B7F8D1CE,0xE,0x9,1757,1978,221,1,0x7,0x7,1,1,5310,27458,0.162048339844
71,32768,6,0x88587BC4B7F8D1CE,0xE,0x6,1629,1991,362,1,0x8,0x8,1,1,5445,27323,0.166168212891
71,32768,7,0x88587BC4B7F8D1CE,0xE,0x1,1672,1972,300,1,0xF,0xF,1,1,5385,27383,0.164337158203
72,512,0,0x8704AA02306F8F1F,0xB,0xC,22,24,2,1,0x7,0x2,1,0,73,439,0.142578125000
72,512,1,0x8704AA02306F8F1F,0xB,0x1,22,30,8,3,0x0,0x6,0,0,86,426,0.167968750000
72,512,2,0x8704AA02306F8F1F,0xB,0x6,22,23,1,1,0xD,0x3,1,0,73,439,0.142578125000
72,512,3,0x8704AA02306F8F1F,0xB,0x4,16,24,8,1,0xF,0xF,1,1,82,430,0.160156250000
72,512,4,0x8704AA02306F8F1F,0xB,0xB,18,22,4,1,0x0,0xC,1,0,95,417,0.185546875000
72,512,5,0x8704AA02306F8F1F,0xB,0x4,23,24,1,1,0xF,0xF,1,1,93,419,0.181640625000
72,512,6,0x8704AA02306F8F1F,0xB,0xB,19,27,8,1,0x0,0x0,1,1,100,412,0.195312500000
72,512,7,0x8704AA02306F8F1F,0xB,0xD,19,24,5,1,0x6,0xB,1,0,75,437,0.146484375000
72,1024,0,0x8704AA02306F8F1F,0xB,0x1,57,58,1,1,0xA,0x2,1,0,145,879,0.141601562500
72,1024,1,0x8704AA02306F8F1F,0xB,0x2,49,50,1,1,0x9,0x6,1,0,186,838,0.181640625000
72,1024,2,0x8704AA02306F8F1F,0xB,0x6,47,50,3,1,0xD,0x3,1,0,159,865,0.155273437500
72,1024,3,0x8704AA02306F8F1F,0xB,0x4,50,57,7,1,0xF,0xF,1,1,164,860,0.160156250000
72,1024,4,0x8704AA02306F8F1F,0xB,0xB,44,53,9,1,0x0,0xC,1,0,166,858,0.162109375000
72,1024,5,0x8704AA02306F8F1F,0xB,0x4,42,51,9,1,0xF,0xF,1,1,169,855,0.165039062500
72,1024,6,0x8704AA02306F8F1F,0xB,0xB,50,56,6,1,0x0,0x0,1,1,179,845,0.174804687500
72,1024,7,0x8704AA02306F8F1F,0xB,0x2,50,53,3,1,0x9,0xB,1,0,146,878,0.142578125000
72,1536,0,0x8704AA02306F8F1F,0xB,0x3,86,88,2,1,0x8,0x2,1,0,246,1290,0.160156250000
72,1536,1,0x8704AA02306F8F1F,0xB,0xA,78,79,1,1,0x1,0x6,1,0,267,1269,0.173828125000
72,1536,2,0x8704AA02306F8F1F,0xB,0x2,78,83,5,2,0x0,0x3,0,0,232,1304,0.151041666667
72,1536,3,0x8704AA02306F8F1F,0xB,0x4,71,82,11,1,0xF,0xF,1,1,226,1310,0.147135416667
72,1536,4,0x8704AA02306F8F1F,0xB,0xB,75,82,7,1,0x0,0xC,1,0,239,1297,0.155598958333
72,1536,5,0x8704AA02306F8F1F,0xB,0x4,65,80,15,1,0xF,0xF,1,1,258,1278,0.167968750000
72,1536,6,0x8704AA02306F8F1F,0xB,0xB,78,82,4,1,0x0,0x0,1,1,261,1275,0.169921875000
72,1536,7,0x8704AA02306F8F1F,0xB,0x0,81,88,7,1,0xB,0xB,1,1,245,1291,0.159505208333
72,2048,0,0x8704AA02306F8F1F,0xB,0x9,113,116,3,1,0x2,0x2,1,1,337,1711,0.164550781250
72,2048,1,0x8704AA02306F8F1F,0xB,0xA,108,112,4,1,0x1,0x6,1,0,347,1701,0.169433593750
72,2048,2,0x8704AA02306F8F1F,0xB,0x8,103,110,7,1,0x3,0x3,1,1,331,1717,0.161621093750
72,2048,3,0x8704AA02306F8F1F,0xB,0x4,99,105,6,1,0xF,0xF,1,1,311,1737,0.151855468750
72,2048,4,0x8704AA02306F8F1F,0xB,0xB,101,115,14,1,0x0,0xC,1,0,333,1715,0.162597656250
72,2048,5,0x8704AA02306F8F1F,0xB,0x4,85,110,25,1,0xF,0xF,1,1,341,1707,0.166503906250
72,2048,6,0x8704AA02306F8F1F,0xB,0xB,102,104,2,1,0x0,0x0,1,1,340,1708,0.166015625000
72,2048,7,0x8704AA02306F8F1F,0xB,0x0,102,120,18,1,0xB,0xB,1,1,326,1722,0.159179687500
72,3072,0,0x8704AA02306F8F1F,0xB,0x9,173,180,7,1,0x2,0x2,1,1,506,2566,0.164713541667
72,3072,1,0x8704AA02306F8F1F,0xB,0xD,166,176,10,1,0x6,0x6,1,1,528,2544,0.171875000000
72,3072,2,0x8704AA02306F8F1F,0xB,0x3,163,167,4,1,0x8,0x3,1,0,494,2578,0.160807291667
72,3072,3,0x8704AA02306F8F1F,0xB,0x4,140,165,25,1,0xF,0xF,1,1,494,2578,0.160807291667
72,3072,4,0x8704AA02306F8F1F,0xB,0x2,169,172,3,1,0x9,0xC,1,0,489,2583,0.159179687500
72,3072,5,0x8704AA02306F8F1F,0xB,0x4,144,171,27,1,0xF,0xF,1,1,524,2548,0.170572916667
72,3072,6,0x8704AA02306F8F1F,0xB,0xB,168,169,1,1,0x0,0x0,1,1,528,2544,0.171875000000
72,3072,7,0x8704AA02306F8F1F,0xB,0x0,152,174,22,1,0xB,0xB,1,1,469,2603,0.152669270833
72,4096,0,0x8704AA02306F8F1F,0xB,0x9,229,237,8,1,0x2,0x2,1,1,682,3414,0.166503906250
72,4096,1,0x8704AA02306F8F1F,0xB,0xD,235,247,12,1,0x6,0x6,1,1,694,3402,0.169433593750
72,4096,2,0x8704AA02306F8F1F,0xB,0x8,224,232,8,1,0x3,0x3,1,1,649,3447,0.158447265625
72,4096,3,0x8704AA02306F8F1F,0xB,0x4,194,229,35,1,0xF,0xF,1,1,658,3438,0.160644531250
72,4096,4,0x8704AA02306F8F1F,0xB,0x7,210,230,20,1,0xC,0xC,1,1,662,3434,0.161621093750
72,4096,5,0x8704AA02306F8F1F,0xB,0x4,197,227,30,1,0xF,0xF,1,1,670,3426,0.163574218750
72,4096,6,0x8704AA02306F8F1F,0xB,0x1,227,228,1,1,0xA,0x0,1,0,710,3386,0.173339843750
72,4096,7,0x8704AA02306F8F1F,0xB,0x0,194,247,53,1,0xB,0xB,1,1,644,3452,0.157226562500
72,6144,0,0x8704AA02306F8F1F,0xB,0x9,334,360,26,1,0x2,0x2,1,1,1009,5135,0.164225260417
72,6144,1,0x8704AA02306F8F1F,0xB,0xD,331,374,43,1,0x6,0x6,1,1,1028,5116,0.167317708333
72,6144,2,0x8704AA02306F8F1F,0xB,0x8,336,358,22,1,0x3,0x3,1,1,1010,5134,0.164388020833
72,6144,3,0x8704AA02306F8F1F,0xB,0x4,310,357,47,1,0xF,0xF,1,1,998,5146,0.162434895833
72,6144,4,0x8704AA02306F8F1F,0xB,0x7,321,357,36,1,0xC,0xC,1,1,973,5171,0.158365885417
72,6144,5,0x8704AA02306F8F1F,0xB,0x4,294,367,73,1,0xF,0xF,1,1,978,5166,0.159179687500
72,6144,6,0x8704AA02306F8F1F,0xB,0xB,339,355,16,1,0x0,0x0,1,1,1066,5078,0.173502604167
72,6144,7,0x8704AA02306F8F1F,0xB,0x0,300,362,62,1,0xB,0xB,1,1,999,5145,0.162597656250
72,8192,0,0x8704AA02306F8F1F,0xB,0x9,433,468,35,1,0x2,0x2,1,1,1355,6837,0.165405273438
72,8192,1,0x8704AA02306F8F1F,0xB,0xD,438,491,53,1,0x6,0x6,1,1,1375,6817,0.167846679688
72,8192,2,0x8704AA02306F8F1F,0xB,0x8,437,485,48,1,0x3,0x3,1,1,1344,6848,0.164062500000
72,8192,3,0x8704AA02306F8F1F,0xB,0x4,409,480,71,1,0xF,0xF,1,1,1322,6870,0.161376953125
72,8192,4,0x8704AA02306F8F1F,0xB,0x7,402,474,72,1,0xC,0xC,1,1,1302,6890,0.158935546875
72,8192,5,0x8704AA02306F8F1F,0xB,0x4,391,475,84,1,0xF,0xF,1,1,1306,6886,0.159423828125
72,8192,6,0x8704AA02306F8F1F,0xB,0xB,474,490,16,1,0x0,0x0,1,1,1412,6780,0.172363281250
72,8192,7,0x8704AA02306F8F1F,0xB,0x0,416,490,74,1,0xB,0xB,1,1,1332,6860,0.162597656250
72,12288,0,0x8704AA02306F8F1F,0xB,0x9,662,721,59,1,0x2,0x2,1,1,2010,10278,0.163574218750
72,12288,1,0x8704AA02306F8F1F,0xB,0xD,648,725,77,1,0x6,0x6,1,1,2022,10266,0.164550781250
72,12288,2,0x8704AA02306F8F1F,0xB,0x8,652,740,88,1,0x3,0x3,1,1,2042,10246,0.166178385417
72,12288,3,0x8704AA02306F8F1F,0xB,0x4,645,728,83,1,0xF,0xF,1,1,2027,10261,0.164957682292
72,12288,4,0x8704AA02306F8F1F,0xB,0x7,615,729,114,1,0xC,0xC,1,1,1979,10309,0.161051432292
72,12288,5,0x8704AA02306F8F1F,0xB,0x4,591,724,133,1,0xF,0xF,1,1,2010,10278,0.163574218750
72,12288,6,0x8704AA02306F8F1F,0xB,0xB,678,711,33,1,0x0,0x0,1,1,2067,10221,0.168212890625
72,12288,7,0x8704AA02306F8F1F,0xB,0x0,630,745,115,1,0xB,0xB,1,1,2029,10259,0.165120442708
72,16384,0,0x8704AA02306F8F1F,0xB,0x9,868,969,101,1,0x2,0x2,1,1,2684,13700,0.163818359375
72,16384,1,0x8704AA02306F8F1F,0xB,0xD,842,974,132,1,0x6,0x6,1,1,2700,13684,0.164794921875
72,16384,2,0x8704AA02306F8F1F,0xB,0x8,869,986,117,1,0x3,0x3,1,1,2735,13649,0.166931152344
72,16384,3,0x8704AA02306F8F1F,0xB,0x4,866,980,114,1,0xF,0xF,1,1,2665,13719,0.162658691406
72,16384,4,0x8704AA02306F8F1F,0xB,0x7,794,975,181,1,0xC,0xC,1,1,2643,13741,0.161315917969
72,16384,5,0x8704AA02306F8F1F,0xB,0x4,800,948,148,1,0xF,0xF,1,1,2697,13687,0.164611816406
72,16384,6,0x8704AA02306F8F1F,0xB,0xB,903,974,71,1,0x0,0x0,1,1,2738,13646,0.167114257812
72,16384,7,0x8704AA02306F8F1F,0xB,0x0,853,1000,147,1,0xB,0xB,1,1,2723,13661,0.166198730469
72,24576,0,0x8704AA02306F8F1F,0xB,0x9,1318,1468,150,1,0x2,0x2,1,1,4050,20526,0.164794921875
72,24576,1,0x8704AA02306F8F1F,0xB,0xD,1229,1496,267,1,0x6,0x6,1,1,4108,20468,0.167154947917
72,24576,2,0x8704AA02306F8F1F,0xB,0x8,1296,1499,203,1,0x3,0x3,1,1,4074,20502,0.165771484375
72,24576,3,0x8704AA02306F8F1F,0xB,0x4,1273,1470,197,1,0xF,0xF,1,1,3993,20583,0.162475585938
72,24576,4,0x8704AA02306F8F1F,0xB,0x7,1276,1475,199,1,0xC,0xC,1,1,3956,20620,0.160970052083
72,24576,5,0x8704AA02306F8F1F,0xB,0x4,1202,1462,260,1,0xF,0xF,1,1,4055,20521,0.164998372396
72,24576,6,0x8704AA02306F8F1F,0xB,0xB,1325,1484,159,1,0x0,0x0,1,1,4069,20507,0.165568033854
72,24576,7,0x8704AA02306F8F1F,0xB,0x0,1305,1492,187,1,0xB,0xB,1,1,4121,20455,0.167683919271
72,32768,0,0x8704AA02306F8F1F,0xB,0x9,1757,1976,219,1,0x2,0x2,1,1,5377,27391,0.164093017578
72,32768,1,0x8704AA02306F8F1F,0xB,0xD,1687,2009,322,1,0x6,0x6,1,1,5389,27379,0.164459228516
72,32768,2,0x8704AA02306F8F1F,0xB,0x8,1738,1997,259,1,0x3,0x3,1,1,5468,27300,0.166870117188
72,32768,3,0x8704AA02306F8F1F,0xB,0x4,1687,1991,304,1,0xF,0xF,1,1,5377,27391,0.164093017578
72,32768,4,0x8704AA02306F8F1F,0xB,0x7,1709,1996,287,1,0xC,0xC,1,1,5330,27438,0.162658691406
72,32768,5,0x8704AA02306F8F1F,0xB,0x4,1600,1985,385,1,0xF,0xF,1,1,5384,27384,0.164306640625
72,32768,6,0x8704AA02306F8F1F,0xB,0xB,1741,1976,235,1,0x0,0x0,1,1,5403,27365,0.164886474609
72,32768,7,0x8704AA02306F8F1F,0xB,0x0,1717,2004,287,1,0xB,0xB,1,1,5455,27313,0.166473388672
73,512,0,0x82BDA13182ED9F7D,0xD,0x0,25,26,1,2,0x0,0x0,0,0,78,434,0.152343750000
73,512,1,0x82BDA13182ED9F7D,0xD,0x6,26,27,1,1,0xB,0x6,1,0,79,433,0.154296875000
73,512,2,0x82BDA13182ED9F7D,0xD,0xF,26,27,1,1,0x2,0x7,1,0,78,434,0.152343750000
73,512,3,0x82BDA13182ED9F7D,0xD,0xA,16,28,12,1,0x7,0x7,1,1,72,440,0.140625000000
73,512,4,0x82BDA13182ED9F7D,0xD,0x7,23,24,1,1,0xA,0x8,1,0,92,420,0.179687500000
73,512,5,0x82BDA13182ED9F7D,0xD,0x8,18,26,8,1,0x5,0x6,1,0,79,433,0.154296875000
73,512,6,0x82BDA13182ED9F7D,0xD,0x1,25,26,1,1,0xC,0xC,1,1,83,429,0.162109375000
73,512,7,0x82BDA13182ED9F7D,0xD,0xB,18,21,3,1,0x6,0x5,1,0,92,420,0.179687500000
73,1024,0,0x82BDA13182ED9F7D,0xD,0x5,53,59,6,1,0x8,0x0,1,0,163,861,0.159179687500
73,1024,1,0x82BDA13182ED9F7D,0xD,0xF,54,57,3,1,0x2,0x6,1,0,168,856,0.164062500000
73,1024,2,0x82BDA13182ED9F7D,0xD,0xD,53,54,1,1,0x0,0x7,1,0,159,865,0.155273437500
73,1024,3,0x82BDA13182ED9F7D,0xD,0xA,41,58,17,1,0x7,0x7,1,1,155,869,0.151367187500
73,1024,4,0x82BDA13182ED9F7D,0xD,0xE,52,54,2,1,0x3,0x8,1,0,174,850,0.169921875000
73,1024,5,0x82BDA13182ED9F7D,0xD,0x8,54,55,1,1,0x5,0x6,1,0,162,862,0.158203125000
73,1024,6,0x82BDA13182ED9F7D,0xD,0x1,51,53,2,1,0xC,0xC,1,1,151,873,0.147460937500
73,1024,7,0x82BDA13182ED9F7D,0xD,0xB,47,48,1,1,0x6,0x5,1,0,180,844,0.175781250000
73,1536,0,0x82BDA13182ED9F7D,0xD,0xA,81,86,5,1,0x7,0x0,1,0,261,1275,0.169921875000
73,1536,1,0x82BDA13182ED9F7D,0xD,0xB,86,87,1,1,0x6,0x6,1,1,259,1277,0.168619791667
73,1536,2,0x82BDA13182ED9F7D,0xD,0xF,79,83,4,1,0x2,0x7,1,0,252,1284,0.164062500000
73,1536,3,0x82BDA13182ED9F7D,0xD,0xA,68,86,18,1,0x7,0x7,1,1,226,1310,0.147135416667
73,1536,4,0x82BDA13182ED9F7D,0xD,0xE,80,84,4,1,0x3,0x8,1,0,249,1287,0.162109375000
73,1536,5,0x82BDA13182ED9F7D,0xD,0x8,78,82,4,1,0x5,0x6,1,0,250,1286,0.162760416667
73,1536,6,0x82BDA13182ED9F7D,0xD,0x1,75,76,1,1,0xC,0xC,1,1,238,1298,0.154947916667
73,1536,7,0x82BDA13182ED9F7D,0xD,0xB,72,73,1,1,0x6,0x5,1,0,263,1273,0.171223958333
73,2048,0,0x82BDA13182ED9F7D,0xD,0xA,111,119,8,1,0x7,0x0,1,0,342,1706,0.166992187500
73,2048,1,0x82BDA13182ED9F7D,0xD,0x6,112,113,1,1,0xB,0x6,1,0,369,1679,0.180175781250
73,2048,2,0x82BDA13182ED9F7D,0xD,0xF,108,113,5,1,0x2,0x7,1,0,339,1709,0.165527343750
73,2048,3,0x82BDA13182ED9F7D,0xD,0xA,90,117,27,1,0x7,0x7,1,1,327,1721,0.159667968750
73,2048,4,0x82BDA13182ED9F7D,0xD,0x5,103,119,16,1,0x8,0x8,1,1,336,1712,0.164062500000
73,2048,5,0x82BDA13182ED9F7D,0xD,0x3,115,117,2,1,0xE,0x6,1,0,334,1714,0.163085937500
73,2048,6,0x82BDA13182ED9F7D,0xD,0x1,95,107,12,1,0xC,0xC,1,1,340,1708,0.166015625000
73,2048,7,0x82BDA13182ED9F7D,0xD,0xB,96,110,14,1,0x6,0x5,1,0,332,1716,0.162109375000
73,3072,0,0x82BDA13182ED9F7D,0xD,0x1,174,176,2,1,0xC,0x0,1,0,499,2573,0.162434895833
73,3072,1,0x82BDA13182ED9F7D,0xD,0x5,178,181,3,1,0x8,0x6,1,0,530,2542,0.172526041667
73,3072,2,0x82BDA13182ED9F7D,0xD,0xF,169,176,7,1,0x2,0x7,1,0,514,2558,0.167317708333
73,3072,3,0x82BDA13182ED9F7D,0xD,0xA,136,173,37,1,0x7,0x7,1,1,505,2567,0.164388020833
73,3072,4,0x82BDA13182ED9F7D,0xD,0x5,161,174,13,1,0x8,0x8,1,1,504,2568,0.164062500000
73,3072,5,0x82BDA13182ED9F7D,0xD,0xB,171,173,2,1,0x6,0x6,1,1,492,2580,0.160156250000
73,3072,6,0x82BDA13182ED9F7D,0xD,0x1,145,170,25,1,0xC,0xC,1,1,510,2562,0.166015625000
73,3072,7,0x82BDA13182ED9F7D,0xD,0x8,165,178,13,2,0x0,0x5,0,0,503,2569,0.163736979167
73,4096,0,0x82BDA13182ED9F7D,0xD,0x1,229,231,2,1,0xC,0x0,1,0,673,3423,0.164306640625
73,4096,1,0x82BDA13182ED9F7D,0xD,0x7,239,241,2,1,0xA,0x6,1,0,685,3411,0.167236328125
73,4096,2,0x82BDA13182ED9F7D,0xD,0xA,230,235,5,1,0x7,0x7,1,1,679,3417,0.165771484375
73,4096,3,0x82BDA13182ED9F7D,0xD,0xA,184,243,59,1,0x7,0x7,1,1,661,3435,0.161376953125
73,4096,4,0x82BDA13182ED9F7D,0xD,0x5,220,237,17,1,0x8,0x8,1,1,677,3419,0.165283203125
73,4096,5,0x82BDA13182ED9F7D,0xD,0xB,228,233,5,1,0x6,0x6,1,1,678,3418,0.165527343750
73,4096,6,0x82BDA13182ED9F7D,0xD,0x1,200,237,37,1,0xC,0xC,1,1,694,3402,0.169433593750
73,4096,7,0x82BDA13182ED9F7D,0xD,0x8,226,228,2,1,0x5,0x5,1,1,670,3426,0.163574218750
73,6144,0,0x82BDA13182ED9F7D,0xD,0xD,353,363,10,1,0x0,0x0,1,1,1016,5128,0.165364583333
73,6144,1,0x82BDA13182ED9F7D,0xD,0xB,346,364,18,1,0x6,0x6,1,1,1027,5117,0.167154947917
73,6144,2,0x82BDA13182ED9F7D,0xD,0xA,337,349,12,1,0x7,0x7,1,1,994,5150,0.161783854167
73,6144,3,0x82BDA13182ED9F7D,0xD,0xA,293,362,69,1,0x7,0x7,1,1,987,5157,0.160644531250
73,6144,4,0x82BDA13182ED9F7D,0xD,0x5,312,351,39,1,0x8,0x8,1,1,1030,5114,0.167643229167
73,6144,5,0x82BDA13182ED9F7D,0xD,0xB,336,358,22,1,0x6,0x6,1,1,1026,5118,0.166992187500
73,6144,6,0x82BDA13182ED9F7D,0xD,0x1,290,355,65,1,0xC,0xC,1,1,1033,5111,0.168131510417
73,6144,7,0x82BDA13182ED9F7D,0xD,0x8,328,331,3,1,0x5,0x5,1,1,1020,5124,0.166015625000
73,8192,0,0x82BDA13182ED9F7D,0xD,0xD,456,470,14,1,0x0,0x0,1,1,1331,6861,0.162475585938
73,8192,1,0x82BDA13182ED9F7D,0xD,0xB,453,475,22,1,0x6,0x6,1,1,1356,6836,0.165527343750
73,8192,2,0x82BDA13182ED9F7D,0xD,0xA,445,476,31,1,0x7,0x7,1,1,1327,6865,0.161987304688
73,8192,3,0x82BDA13182ED9F7D,0xD,0xA,405,475,70,1,0x7,0x7,1,1,1284,6908,0.156738281250
73,8192,4,0x82BDA13182ED9F7D,0xD,0x5,414,451,37,1,0x8,0x8,1,1,1352,6840,0.165039062500
73,8192,5,0x82BDA13182ED9F7D,0xD,0xB,449,464,15,1,0x6,0x6,1,1,1341,6851,0.163696289062
73,8192,6,0x82BDA13182ED9F7D,0xD,0x1,402,464,62,1,0xC,0xC,1,1,1393,6799,0.170043945312
73,8192,7,0x82BDA13182ED9F7D,0xD,0x8,422,464,42,1,0x5,0x5,1,1,1338,6854,0.163330078125
73,12288,0,0x82BDA13182ED9F7D,0xD,0xD,659,727,68,1,0x0,0x0,1,1,2045,10243,0.166422526042
73,12288,1,0x82BDA13182ED9F7D,0xD,0xB,656,725,69,1,0x6,0x6,1,1,2043,10245,0.166259765625
73,12288,2,0x82BDA13182ED9F7D,0xD,0xA,676,711,35,1,0x7,0x7,1,1,2027,10261,0.164957682292
73,12288,3,0x82BDA13182ED9F7D,0xD,0xA,622,732,110,1,0x7,0x7,1,1,1950,10338,0.158691406250
73,12288,4,0x82BDA13182ED9F7D,0xD,0x5,620,713,93,1,0x8,0x8,1,1,2034,10254,0.165527343750
73,12288,5,0x82BDA13182ED9F7D,0xD,0xB,655,734,79,1,0x6,0x6,1,1,1954,10334,0.159016927083
73,12288,6,0x82BDA13182ED9F7D,0xD,0x1,603,729,126,1,0xC,0xC,1,1,2128,10160,0.173177083333
73,12288,7,0x82BDA13182ED9F7D,0xD,0x8,628,716,88,1,0x5,0x5,1,1,1959,10329,0.159423828125
73,16384,0,0x82BDA13182ED9F7D,0xD,0xD,869,984,115,1,0x0,0x0,1,1,2730,13654,0.166625976562
73,16384,1,0x82BDA13182ED9F7D,0xD,0xB,867,985,118,1,0x6,0x6,1,1,2695,13689,0.164489746094
73,16384,2,0x82BDA13182ED9F7D,0xD,0xA,890,982,92,1,0x7,0x7,1,1,2707,13677,0.165222167969
73,16384,3,0x82BDA13182ED9F7D,0xD,0xA,813,997,184,1,0x7,0x7,1,1,2592,13792,0.158203125000
73,16384,4,0x82BDA13182ED9F7D,0xD,0x5,824,974,150,1,0x8,0x8,1,1,2700,13684,0.164794921875
73,16384,5,0x82BDA13182ED9F7D,0xD,0xB,888,987,99,1,0x6,0x6,1,1,2661,13723,0.162414550781
73,16384,6,0x82BDA13182ED9F7D,0xD,0x1,814,991,177,1,0xC,0xC,1,1,2819,13565,0.172058105469
73,16384,7,0x82BDA13182ED9F7D,0xD,0x8,846,968,122,1,0x5,0x5,1,1,2648,13736,0.161621093750
73,24576,0,0x82BDA13182ED9F7D,0xD,0xD,1288,1508,220,1,0x0,0x0,1,1,4134,20442,0.168212890625
73,24576,1,0x82BDA13182ED9F7D,0xD,0xB,1307,1483,176,1,0x6,0x6,1,1,4050,20526,0.164794921875
73,24576,2,0x82BDA13182ED9F7D,0xD,0xA,1325,1456,131,1,0x7,0x7,1,1,4017,20559,0.163452148438
73,24576,3,0x82BDA13182ED9F7D,0xD,0xA,1206,1466,260,1,0x7,0x7,1,1,3945,20631,0.160522460938
73,24576,4,0x82BDA13182ED9F7D,0xD,0x5,1266,1471,205,1,0x8,0x8,1,1,4092,20484,0.166503906250
73,24576,5,0x82BDA13182ED9F7D,0xD,0xB,1326,1490,164,1,0x6,0x6,1,1,4069,20507,0.165568033854
73,24576,6,0x82BDA13182ED9F7D,0xD,0x1,1242,1504,262,1,0xC,0xC,1,1,4167,20409,0.169555664062
73,24576,7,0x82BDA13182ED9F7D,0xD,0x8,1275,1497,222,1,0x5,0x5,1,1,4011,20565,0.163208007812
73,32768,0,0x82BDA13182ED9F7D,0xD,0xD,1754,1999,245,1,0x0,0x0,1,1,5473,27295,0.167022705078
73,32768,1,0x82BDA13182ED9F7D,0xD,0xB,1715,1965,250,1,0x6,0x6,1,1,5421,27347,0.165435791016
73,32768,2,0x82BDA13182ED9F7D,0xD,0xA,1718,1980,262,1,0x7,0x7,1,1,5334,27434,0.162780761719
73,32768,3,0x82BDA13182ED9F7D,0xD,0xA,1592,1962,370,1,0x7,0x7,1,1,5293,27475,0.161529541016
73,32768,4,0x82BDA13182ED9F7D,0xD,0x5,1667,1967,300,1,0x8,0x8,1,1,5463,27305,0.166717529297
73,32768,5,0x82BDA13182ED9F7D,0xD,0xB,1771,1996,225,1,0x6,0x6,1,1,5413,27355,0.165191650391
73,32768,6,0x82BDA13182ED9F7D,0xD,0x1,1648,2006,358,1,0xC,0xC,1,1,5495,27273,0.167694091797
73,32768,7,0x82BDA13182ED9F7D,0xD,0x8,1683,2007,324,1,0x5,0x5,1,1,5303,27465,0.161834716797
74,512,0,0xF22D05200BF4F8D1,0x4,0xF,23,24,1,1,0xB,0xB,1,1,77,435,0.150390625000
74,512,1,0xF22D05200BF4F8D1,0x4,0x1,27,28,1,4,0x0,0x4,0,0,85,427,0.166015625000
74,512,2,0xF22D05200BF4F8D1,0x4,0x0,21,22,1,1,0x4,0xB,1,0,101,411,0.197265625000
74,512,3,0xF22D05200BF4F8D1,0x4,0x8,23,24,1,1,0xC,0x0,1,0,81,431,0.158203125000
74,512,4,0xF22D05200BF4F8D1,0x4,0x7,23,24,1,1,0x3,0x3,1,1,79,433,0.154296875000
74,512,5,0xF22D05200BF4F8D1,0x4,0x7,24,26,2,2,0x0,0x5,0,0,86,426,0.167968750000
74,512,6,0xF22D05200BF4F8D1,0x4,0xD,23,24,1,1,0x9,0x6,1,0,92,420,0.179687500000
74,512,7,0xF22D05200BF4F8D1,0x4,0x6,22,24,2,1,0x2,0x7,1,0,91,421,0.177734375000
74,1024,0,0xF22D05200BF4F8D1,0x4,0xF,37,54,17,1,0xB,0xB,1,1,168,856,0.164062500000
74,1024,1,0xF22D05200BF4F8D1,0x4,0xA,48,50,2,1,0xE,0x4,1,0,165,859,0.161132812500
74,1024,2,0xF22D05200BF4F8D1,0x4,0x1,49,50,1,1,0x5,0xB,1,0,179,845,0.174804687500
74,1024,3,0xF22D05200BF4F8D1,0x4,0x8,48,55,7,1,0xC,0x0,1,0,170,854,0.166015625000
74,1024,4,0xF22D05200BF4F8D1,0x4,0x7,44,52,8,1,0x3,0x3,1,1,172,852,0.167968750000
74,1024,5,0xF22D05200BF4F8D1,0x4,0x7,45,56,11,1,0x3,0x5,1,0,175,849,0.170898437500
74,1024,6,0xF22D05200BF4F8D1,0x4,0x2,38,46,8,1,0x6,0x6,1,1,178,846,0.173828125000
74,1024,7,0xF22D05200BF4F8D1,0x4,0xD,49,56,7,1,0x9,0x7,1,0,174,850,0.169921875000
74,1536,0,0xF22D05200BF4F8D1,0x4,0xF,63,82,19,1,0xB,0xB,1,1,249,1287,0.162109375000
74,1536,1,0xF22D05200BF4F8D1,0x4,0xA,79,84,5,1,0xE,0x4,1,0,255,1281,0.166015625000
74,1536,2,0xF22D05200BF4F8D1,0x4,0x0,76,84,8,1,0x4,0xB,1,0,257,1279,0.167317708333
74,1536,3,0xF22D05200BF4F8D1,0x4,0x6,77,80,3,1,0x2,0x0,1,0,262,1274,0.170572916667
74,1536,4,0xF22D05200BF4F8D1,0x4,0x7,74,83,9,1,0x3,0x3,1,1,261,1275,0.169921875000
74,1536,5,0xF22D05200BF4F8D1,0x4,0x7,76,79,3,1,0x3,0x5,1,0,259,1277,0.168619791667
74,1536,6,0xF22D05200BF4F8D1,0x4,0x2,62,84,22,1,0x6,0x6,1,1,276,1260,0.179687500000
74,1536,7,0xF22D05200BF4F8D1,0x4,0xD,79,86,7,1,0x9,0x7,1,0,254,1282,0.165364583333
74,2048,0,0xF22D05200BF4F8D1,0x4,0xF,91,106,15,1,0xB,0xB,1,1,336,1712,0.164062500000
74,2048,1,0xF22D05200BF4F8D1,0x4,0xA,111,112,1,1,0xE,0x4,1,0,334,1714,0.163085937500
74,2048,2,0xF22D05200BF4F8D1,0x4,0x0,102,106,4,1,0x4,0xB,1,0,341,1707,0.166503906250
74,2048,3,0xF22D05200BF4F8D1,0x4,0x8,106,108,2,1,0xC,0x0,1,0,339,1709,0.165527343750
74,2048,4,0xF22D05200BF4F8D1,0x4,0x7,95,115,20,1,0x3,0x3,1,1,341,1707,0.166503906250
74,2048,5,0xF22D05200BF4F8D1,0x4,0x1,104,105,1,1,0x5,0x5,1,1,346,1702,0.168945312500
74,2048,6,0xF22D05200BF4F8D1,0x4,0x2,92,116,24,1,0x6,0x6,1,1,360,1688,0.175781250000
74,2048,7,0xF22D05200BF4F8D1,0x4,0x5,112,113,1,1,0x1,0x7,1,0,344,1704,0.167968750000
74,3072,0,0xF22D05200BF4F8D1,0x4,0xF,155,161,6,1,0xB,0xB,1,1,496,2576,0.161458333333
74,3072,1,0xF22D05200BF4F8D1,0x4,0x5,172,173,1,1,0x1,0x4,1,0,490,2582,0.159505208333
74,3072,2,0xF22D05200BF4F8D1,0x4,0xF,153,170,17,1,0xB,0xB,1,1,515,2557,0.167643229167
74,3072,3,0xF22D05200BF4F8D1,0x4,0x8,159,162,3,1,0xC,0x0,1,0,514,2558,0.167317708333
74,3072,4,0xF22D05200BF4F8D1,0x4,0x7,165,175,10,1,0x3,0x3,1,1,485,2587,0.157877604167
74,3072,5,0xF22D05200BF4F8D1,0x4,0xA,169,171,2,2,0x0,0x5,0,0,511,2561,0.166341145833
74,3072,6,0xF22D05200BF4F8D1,0x4,0x2,155,176,21,1,0x6,0x6,1,1,532,2540,0.173177083333
74,3072,7,0xF22D05200BF4F8D1,0x4,0xC,156,168,12,1,0x8,0x7,1,0,527,2545,0.171549479167
74,4096,0,0xF22D05200BF4F8D1,0x4,0xF,206,217,11,1,0xB,0xB,1,1,668,3428,0.163085937500
74,4096,1,0xF22D05200BF4F8D1,0x4,0x0,219,235,16,1,0x4,0x4,1,1,644,3452,0.157226562500
74,4096,2,0xF22D05200BF4F8D1,0x4,0xF,218,233,15,1,0xB,0xB,1,1,678,3418,0.165527343750
74,4096,3,0xF22D05200BF4F8D1,0x4,0x4,214,225,11,1,0x0,0x0,1,1,689,3407,0.168212890625
74,4096,4,0xF22D05200BF4F8D1,0x4,0x7,230,236,6,1,0x3,0x3,1,1,663,3433,0.161865234375
74,4096,5,0xF22D05200BF4F8D1,0x4,0x1,219,226,7,1,0x5,0x5,1,1,679,3417,0.165771484375
74,4096,6,0xF22D05200BF4F8D1,0x4,0x2,214,244,30,1,0x6,0x6,1,1,712,3384,0.173828125000
74,4096,7,0xF22D05200BF4F8D1,0x4,0xC,208,225,17,1,0x8,0x7,1,0,678,3418,0.165527343750
74,6144,0,0xF22D05200BF4F8D1,0x4,0xF,295,333,38,1,0xB,0xB,1,1,1001,5143,0.162923177083
74,6144,1,0xF22D05200BF4F8D1,0x4,0x0,333,348,15,1,0x4,0x4,1,1,1013,5131,0.164876302083
74,6144,2,0xF22D05200BF4F8D1,0x4,0xF,339,365,26,1,0xB,0xB,1,1,990,5154,0.161132812500
74,6144,3,0xF22D05200BF4F8D1,0x4,0x4,314,359,45,1,0x0,0x0,1,1,1043,5101,0.169759114583
74,6144,4,0xF22D05200BF4F8D1,0x4,0x7,347,357,10,1,0x3,0x3,1,1,993,5151,0.161621093750
74,6144,5,0xF22D05200BF4F8D1,0x4,0x1,320,368,48,1,0x5,0x5,1,1,1042,5102,0.169596354167
74,6144,6,0xF22D05200BF4F8D1,0x4,0x2,299,356,57,1,0x6,0x6,1,1,1034,5110,0.168294270833
74,6144,7,0xF22D05200BF4F8D1,0x4,0x3,337,341,4,1,0x7,0x7,1,1,1010,5134,0.164388020833
74,8192,0,0xF22D05200BF4F8D1,0x4,0xF,414,475,61,1,0xB,0xB,1,1,1353,6839,0.165161132812
74,8192,1,0xF22D05200BF4F8D1,0x4,0x0,444,480,36,1,0x4,0x4,1,1,1361,6831,0.166137695312
74,8192,2,0xF22D05200BF4F8D1,0x4,0xF,459,484,25,1,0xB,0xB,1,1,1318,6874,0.160888671875
74,8192,3,0xF22D05200BF4F8D1,0x4,0x4,407,485,78,1,0x0,0x0,1,1,1360,6832,0.166015625000
74,8192,4,0xF22D05200BF4F8D1,0x4,0x7,464,485,21,1,0x3,0x3,1,1,1324,6868,0.161621093750
74,8192,5,0xF22D05200BF4F8D1,0x4,0x1,421,497,76,1,0x5,0x5,1,1,1366,6826,0.166748046875
74,8192,6,0xF22D05200BF4F8D1,0x4,0x2,399,492,93,1,0x6,0x6,1,1,1365,6827,0.166625976562
74,8192,7,0xF22D05200BF4F8D1,0x4,0x3,445,469,24,1,0x7,0x7,1,1,1373,6819,0.167602539062
74,12288,0,0xF22D05200BF4F8D1,0x4,0xF,634,723,89,1,0xB,0xB,1,1,2025,10263,0.164794921875
74,12288,1,0xF22D05200BF4F8D1,0x4,0x0,678,721,43,1,0x4,0x4,1,1,2046,10242,0.166503906250
74,12288,2,0xF22D05200BF4F8D1,0x4,0xF,651,730,79,1,0xB,0xB,1,1,2003,10285,0.163004557292
74,12288,3,0xF22D05200BF4F8D1,0x4,0x4,633,731,98,1,0x0,0x0,1,1,2011,10277,0.163655598958
74,12288,4,0xF22D05200BF4F8D1,0x4,0x7,697,737,40,1,0x3,0x3,1,1,1983,10305,0.161376953125
74,12288,5,0xF22D05200BF4F8D1,0x4,0x1,637,748,111,1,0x5,0x5,1,1,2048,10240,0.166666666667
74,12288,6,0xF22D05200BF4F8D1,0x4,0x2,593,731,138,1,0x6,0x6,1,1,2021,10267,0.164469401042
74,12288,7,0xF22D05200BF4F8D1,0x4,0x3,631,733,102,1,0x7,0x7,1,1,2083,10205,0.169514973958
74,16384,0,0xF22D05200BF4F8D1,0x4,0xF,858,972,114,1,0xB,0xB,1,1,2688,13696,0.164062500000
74,16384,1,0xF22D05200BF4F8D1,0x4,0x0,894,979,85,1,0x4,0x4,1,1,2717,13667,0.165832519531
74,16384,2,0xF22D05200BF4F8D1,0x4,0xF,869,997,128,1,0xB,0xB,1,1,2686,13698,0.163940429688
74,16384,3,0xF22D05200BF4F8D1,0x4,0x4,843,979,136,1,0x0,0x0,1,1,2712,13672,0.165527343750
74,16384,4,0xF22D05200BF4F8D1,0x4,0x7,924,981,57,1,0x3,0x3,1,1,2727,13657,0.166442871094
74,16384,5,0xF22D05200BF4F8D1,0x4,0x1,878,995,117,1,0x5,0x5,1,1,2691,13693,0.164245605469
74,16384,6,0xF22D05200BF4F8D1,0x4,0x2,795,963,168,1,0x6,0x6,1,1,2722,13662,0.166137695312
74,16384,7,0xF22D05200BF4F8D1,0x4,0x3,841,982,141,1,0x7,0x7,1,1,2738,13646,0.167114257812
74,24576,0,0xF22D05200BF4F8D1,0x4,0xF,1281,1474,193,1,0xB,0xB,1,1,4074,20502,0.165771484375
74,24576,1,0xF22D05200BF4F8D1,0x4,0x0,1311,1457,146,1,0x4,0x4,1,1,4040,20536,0.164388020833
74,24576,2,0xF22D05200BF4F8D1,0x4,0xF,1300,1472,172,1,0xB,0xB,1,1,4084,20492,0.166178385417
74,24576,3,0xF22D05200BF4F8D1,0x4,0x4,1308,1495,187,1,0x0,0x0,1,1,4059,20517,0.165161132812
74,24576,4,0xF22D05200BF4F8D1,0x4,0x7,1326,1499,173,1,0x3,0x3,1,1,4057,20519,0.165079752604
74,24576,5,0xF22D05200BF4F8D1,0x4,0x1,1285,1484,199,1,0x5,0x5,1,1,4026,20550,0.163818359375
74,24576,6,0xF22D05200BF4F8D1,0x4,0x2,1242,1476,234,1,0x6,0x6,1,1,4094,20482,0.166585286458
74,24576,7,0xF22D05200BF4F8D1,0x4,0x3,1271,1498,227,1,0x7,0x7,1,1,4055,20521,0.164998372396
74,32768,0,0xF22D05200BF4F8D1,0x4,0xF,1724,2003,279,1,0xB,0xB,1,1,5411,27357,0.165130615234
74,32768,1,0xF22D05200BF4F8D1,0x4,0x0,1703,1971,268,1,0x4,0x4,1,1,5422,27346,0.165466308594
74,32768,2,0xF22D05200BF4F8D1,0x4,0xF,1766,1987,221,1,0xB,0xB,1,1,5362,27406,0.163635253906
74,32768,3,0xF22D05200BF4F8D1,0x4,0x4,1746,2011,265,1,0x0,0x0,1,1,5410,27358,0.165100097656
74,32768,4,0xF22D05200BF4F8D1,0x4,0x7,1751,2018,267,1,0x3,0x3,1,1,5405,27363,0.164947509766
74,32768,5,0xF22D05200BF4F8D1,0x4,0x1,1700,1998,298,1,0x5,0x5,1,1,5391,27377,0.164520263672
74,32768,6,0xF22D05200BF4F8D1,0x4,0x2,1672,2001,329,1,0x6,0x6,1,1,5454,27314,0.166442871094
74,32768,7,0xF22D05200BF4F8D1,0x4,0x3,1686,1991,305,1,0x7,0x7,1,1,5348,27420,0.163208007812
75,512,0,0xD77E01D849EEEDBE,0x1,0xC,22,28,6,1,0xD,0x9,1,0,81,431,0.158203125000
75,512,1,0xD77E01D849EEEDBE,0x1,0xD,22,24,2,1,0xC,0x2,1,0,77,435,0.150390625000
75,512,2,0xD77E01D849EEEDBE,0x1,0x1,20,24,4,1,0x0,0x6,1,0,95,417,0.185546875000
75,512,3,0xD77E01D849EEEDBE,0x1,0x7,22,27,5,1,0x6,0x6,1,1,67,445,0.130859375000
75,512,4,0xD77E01D849EEEDBE,0x1,0xC,24,25,1,1,0xD,0x3,1,0,95,417,0.185546875000
75,512,5,0xD77E01D849EEEDBE,0x1,0x9,19,27,8,1,0x8,0x8,1,1,99,413,0.193359375000
75,512,6,0xD77E01D849EEEDBE,0x1,0xD,22,23,1,1,0xC,0xF,1,0,98,414,0.191406250000
75,512,7,0xD77E01D849EEEDBE,0x1,0x0,25,26,1,3,0x0,0xF,0,0,64,448,0.125000000000
75,1024,0,0xD77E01D849EEEDBE,0x1,0x8,54,57,3,1,0x9,0x9,1,1,159,865,0.155273437500
75,1024,1,0xD77E01D849EEEDBE,0x1,0x6,49,54,5,1,0x7,0x2,1,0,159,865,0.155273437500
75,1024,2,0xD77E01D849EEEDBE,0x1,0x7,45,55,10,1,0x6,0x6,1,1,165,859,0.161132812500
75,1024,3,0xD77E01D849EEEDBE,0x1,0x7,54,55,1,1,0x6,0x6,1,1,162,862,0.158203125000
75,1024,4,0xD77E01D849EEEDBE,0x1,0xB,55,56,1,1,0xA,0x3,1,0,190,834,0.185546875000
75,1024,5,0xD77E01D849EEEDBE,0x1,0x9,47,56,9,1,0x8,0x8,1,1,181,843,0.176757812500
75,1024,6,0xD77E01D849EEEDBE,0x1,0x7,49,53,4,1,0x6,0xF,1,0,190,834,0.185546875000
75,1024,7,0xD77E01D849EEEDBE,0x1,0x0,53,56,3,1,0x1,0xF,1,0,147,877,0.143554687500
75,1536,0,0xD77E01D849EEEDBE,0x1,0x8,78,80,2,1,0x9,0x9,1,1,241,1295,0.156901041667
75,1536,1,0xD77E01D849EEEDBE,0x1,0x3,81,84,3,2,0x0,0x2,0,0,248,1288,0.161458333333
75,1536,2,0xD77E01D849EEEDBE,0x1,0x1,80,81,1,1,0x0,0x6,1,0,256,1280,0.166666666667
75,1536,3,0xD77E01D849EEEDBE,0x1,0x7,78,86,8,1,0x6,0x6,1,1,248,1288,0.161458333333
75,1536,4,0xD77E01D849EEEDBE,0x1,0xE,84,86,2,1,0xF,0x3,1,0,271,1265,0.176432291667
75,1536,5,0xD77E01D849EEEDBE,0x1,0x9,74,87,13,1,0x8,0x8,1,1,263,1273,0.171223958333
75,1536,6,0xD77E01D849EEEDBE,0x1,0xE,73,84,11,1,0xF,0xF,1,1,279,1257,0.181640625000
75,1536,7,0xD77E01D849EEEDBE,0x1,0x9,82,87,5,1,0x8,0xF,1,0,227,1309,0.147786458333
75,2048,0,0xD77E01D849EEEDBE,0x1,0x8,106,110,4,1,0x9,0x9,1,1,325,1723,0.158691406250
75,2048,1,0xD77E01D849EEEDBE,0x1,0x3,107,115,8,1,0x2,0x2,1,1,344,1704,0.167968750000
75,2048,2,0xD77E01D849EEEDBE,0x1,0x7,108,110,2,1,0x6,0x6,1,1,347,1701,0.169433593750
75,2048,3,0xD77E01D849EEEDBE,0x1,0x7,104,114,10,1,0x6,0x6,1,1,332,1716,0.162109375000
75,2048,4,0xD77E01D849EEEDBE,0x1,0x2,112,114,2,2,0x0,0x3,0,0,368,1680,0.179687500000
75,2048,5,0xD77E01D849EEEDBE,0x1,0x9,89,116,27,1,0x8,0x8,1,1,351,1697,0.171386718750
75,2048,6,0xD77E01D849EEEDBE,0x1,0xE,97,115,18,1,0xF,0xF,1,1,374,1674,0.182617187500
75,2048,7,0xD77E01D849EEEDBE,0x1,0xF,112,113,1,1,0xE,0xF,1,0,316,1732,0.154296875000
75,3072,0,0xD77E01D849EEEDBE,0x1,0x8,163,169,6,1,0x9,0x9,1,1,495,2577,0.161132812500
75,3072,1,0xD77E01D849EEEDBE,0x1,0x3,161,172,11,1,0x2,0x2,1,1,498,2574,0.162109375000
75,3072,2,0xD77E01D849EEEDBE,0x1,0x7,157,179,22,1,0x6,0x6,1,1,526,2546,0.171223958333
75,3072,3,0xD77E01D849EEEDBE,0x1,0x7,144,179,35,1,0x6,0x6,1,1,481,2591,0.156575520833
75,3072,4,0xD77E01D849EEEDBE,0x1,0x2,165,172,7,1,0x3,0x3,1,1,557,2515,0.181315104167
75,3072,5,0xD77E01D849EEEDBE,0x1,0x9,149,177,28,1,0x8,0x8,1,1,505,2567,0.164388020833
75,3072,6,0xD77E01D849EEEDBE,0x1,0xE,150,181,31,1,0xF,0xF,1,1,532,2540,0.173177083333
75,3072,7,0xD77E01D849EEEDBE,0x1,0xF,169,174,5,1,0xE,0xF,1,0,487,2585,0.158528645833
75,4096,0,0xD77E01D849EEEDBE,0x1,0x8,220,228,8,1,0x9,0x9,1,1,680,3416,0.166015625000
75,4096,1,0xD77E01D849EEEDBE,0x1,0x3,216,236,20,1,0x2,0x2,1,1,650,3446,0.158691406250
75,4096,2,0xD77E01D849EEEDBE,0x1,0x7,214,242,28,1,0x6,0x6,1,1,686,3410,0.167480468750
75,4096,3,0xD77E01D849EEEDBE,0x1,0x7,195,242,47,1,0x6,0x6,1,1,649,3447,0.158447265625
75,4096,4,0xD77E01D849EEEDBE,0x1,0x2,233,236,3,1,0x3,0x3,1,1,732,3364,0.178710937500
75,4096,5,0xD77E01D849EEEDBE,0x1,0x9,210,225,15,1,0x8,0x8,1,1,695,3401,0.169677734375
75,4096,6,0xD77E01D849EEEDBE,0x1,0xE,211,239,28,1,0xF,0xF,1,1,705,3391,0.172119140625
75,4096,7,0xD77E01D849EEEDBE,0x1,0xE,234,236,2,1,0xF,0xF,1,1,669,3427,0.163330078125
75,6144,0,0xD77E01D849EEEDBE,0x1,0x8,332,352,20,1,0x9,0x9,1,1,1019,5125,0.165852864583
75,6144,1,0xD77E01D849EEEDBE,0x1,0x3,339,357,18,1,0x2,0x2,1,1,1006,5138,0.163736979167
75,6144,2,0xD77E01D849EEEDBE,0x1,0x7,320,352,32,1,0x6,0x6,1,1,1018,5126,0.165690104167
75,6144,3,0xD77E01D849EEEDBE,0x1,0x7,311,369,58,1,0x6,0x6,1,1,1011,5133,0.164550781250
75,6144,4,0xD77E01D849EEEDBE,0x1,0x2,329,368,39,1,0x3,0x3,1,1,1056,5088,0.171875000000
75,6144,5,0xD77E01D849EEEDBE,0x1,0x9,330,335,5,1,0x8,0x8,1,1,1051,5093,0.171061197917
75,6144,6,0xD77E01D849EEEDBE,0x1,0xE,313,367,54,1,0xF,0xF,1,1,1041,5103,0.169433593750
75,6144,7,0xD77E01D849EEEDBE,0x1,0xB,355,358,3,1,0xA,0xF,1,0,1005,5139,0.163574218750
75,8192,0,0xD77E01D849EEEDBE,0x1,0x8,436,479,43,1,0x9,0x9,1,1,1377,6815,0.168090820312
75,8192,1,0xD77E01D849EEEDBE,0x1,0x3,445,479,34,1,0x2,0x2,1,1,1324,6868,0.161621093750
75,8192,2,0xD77E01D849EEEDBE,0x1,0x7,424,471,47,1,0x6,0x6,1,1,1342,6850,0.163818359375
75,8192,3,0xD77E01D849EEEDBE,0x1,0x7,437,485,48,1,0x6,0x6,1,1,1350,6842,0.164794921875
75,8192,4,0xD77E01D849EEEDBE,0x1,0x2,429,483,54,1,0x3,0x3,1,1,1385,6807,0.169067382812
75,8192,5,0xD77E01D849EEEDBE,0x1,0x9,418,464,46,1,0x8,0x8,1,1,1378,6814,0.168212890625
75,8192,6,0xD77E01D849EEEDBE,0x1,0xE,424,484,60,1,0xF,0xF,1,1,1389,6803,0.169555664062
75,8192,7,0xD77E01D849EEEDBE,0x1,0xE,465,485,20,1,0xF,0xF,1,1,1335,6857,0.162963867188
75,12288,0,0xD77E01D849EEEDBE,0x1,0x8,630,725,95,1,0x9,0x9,1,1,2081,10207,0.169352213542
75,12288,1,0xD77E01D849EEEDBE,0x1,0x3,657,735,78,1,0x2,0x2,1,1,2025,10263,0.164794921875
75,12288,2,0xD77E01D849EEEDBE,0x1,0x7,619,745,126,1,0x6,0x6,1,1,2005,10283,0.163167317708
75,12288,3,0xD77E01D849EEEDBE,0x1,0x7,663,731,68,1,0x6,0x6,1,1,2023,10265,0.164632161458
75,12288,4,0xD77E01D849EEEDBE,0x1,0x2,638,719,81,1,0x3,0x3,1,1,2045,10243,0.166422526042
75,12288,5,0xD77E01D849EEEDBE,0x1,0x9,624,734,110,1,0x8,0x8,1,1,2045,10243,0.166422526042
75,12288,6,0xD77E01D849EEEDBE,0x1,0xE,637,737,100,1,0xF,0xF,1,1,2086,10202,0.169759114583
75,12288,7,0xD77E01D849EEEDBE,0x1,0xE,693,740,47,1,0xF,0xF,1,1,2016,10272,0.164062500000
75,16384,0,0xD77E01D849EEEDBE,0x1,0x8,850,971,121,1,0x9,0x9,1,1,2755,13629,0.168151855469
75,16384,1,0xD77E01D849EEEDBE,0x1,0x3,873,987,114,1,0x2,0x2,1,1,2688,13696,0.164062500000
75,16384,2,0xD77E01D849EEEDBE,0x1,0x7,825,979,154,1,0x6,0x6,1,1,2723,13661,0.166198730469
75,16384,3,0xD77E01D849EEEDBE,0x1,0x7,872,978,106,1,0x6,0x6,1,1,2699,13685,0.164733886719
75,16384,4,0xD77E01D849EEEDBE,0x1,0x2,851,956,105,1,0x3,0x3,1,1,2687,13697,0.164001464844
75,16384,5,0xD77E01D849EEEDBE,0x1,0x9,824,997,173,1,0x8,0x8,1,1,2735,13649,0.166931152344
75,16384,6,0xD77E01D849EEEDBE,0x1,0xE,868,981,113,1,0xF,0xF,1,1,2753,13631,0.168029785156
75,16384,7,0xD77E01D849EEEDBE,0x1,0xE,887,979,92,1,0xF,0xF,1,1,2710,13674,0.165405273438
75,24576,0,0xD77E01D849EEEDBE,0x1,0x8,1293,1507,214,1,0x9,0x9,1,1,4093,20483,0.166544596354
75,24576,1,0xD77E01D849EEEDBE,0x1,0x3,1331,1481,150,1,0x2,0x2,1,1,3992,20584,0.162434895833
75,24576,2,0xD77E01D849EEEDBE,0x1,0x7,1280,1493,213,1,0x6,0x6,1,1,4053,20523,0.164916992188
75,24576,3,0xD77E01D849EEEDBE,0x1,0x7,1313,1496,183,1,0x6,0x6,1,1,4032,20544,0.164062500000
75,24576,4,0xD77E01D849EEEDBE,0x1,0x2,1290,1473,183,1,0x3,0x3,1,1,4001,20575,0.162801106771
75,24576,5,0xD77E01D849EEEDBE,0x1,0x9,1219,1497,278,1,0x8,0x8,1,1,4112,20464,0.167317708333
75,24576,6,0xD77E01D849EEEDBE,0x1,0xE,1274,1497,223,1,0xF,0xF,1,1,4152,20424,0.168945312500
75,24576,7,0xD77E01D849EEEDBE,0x1,0xE,1334,1491,157,1,0xF,0xF,1,1,4092,20484,0.166503906250
75,32768,0,0xD77E01D849EEEDBE,0x1,0x8,1684,2006,322,1,0x9,0x9,1,1,5408,27360,0.165039062500
75,32768,1,0xD77E01D849EEEDBE,0x1,0x3,1761,1987,226,1,0x2,0x2,1,1,5247,27521,0.160125732422
75,32768,2,0xD77E01D849EEEDBE,0x1,0x7,1681,1950,269,1,0x6,0x6,1,1,5349,27419,0.163238525391
75,32768,3,0xD77E01D849EEEDBE,0x1,0x7,1749,2006,257,1,0x6,0x6,1,1,5386,27382,0.164367675781
75,32768,4,0xD77E01D849EEEDBE,0x1,0x2,1696,1985,289,1,0x3,0x3,1,1,5306,27462,0.161926269531
75,32768,5,0xD77E01D849EEEDBE,0x1,0x9,1692,1993,301,1,0x8,0x8,1,1,5436,27332,0.165893554688
75,32768,6,0xD77E01D849EEEDBE,0x1,0xE,1723,2010,287,1,0xF,0xF,1,1,5524,27244,0.168579101562
75,32768,7,0xD77E01D849EEEDBE,0x1,0xE,1726,1997,271,1,0xF,0xF,1,1,5467,27301,0.166839599609
76,512,0,0x43124B074E88B76D,0xE,0x3,21,23,2,1,0xD,0x3,1,0,90,422,0.175781250000
76,512,1,0x43124B074E88B76D,0xE,0x9,22,25,3,1,0x7,0x7,1,1,82,430,0.160156250000
76,512,2,0x43124B074E88B76D,0xE,0xD,23,27,4,1,0x3,0xA,1,0,71,441,0.138671875000
76,512,3,0x43124B074E88B76D,0xE,0x6,17,22,5,1,0x8,0x5,1,0,79,433,0.154296875000
76,512,4,0x43124B074E88B76D,0xE,0xB,26,27,1,1,0x5,0x5,1,1,95,417,0.185546875000
76,512,5,0x43124B074E88B76D,0xE,0xE,23,24,1,1,0x0,0x8,1,0,85,427,0.166015625000
76,512,6,0x43124B074E88B76D,0xE,0xF,22,23,1,1,0x1,0x8,1,0,85,427,0.166015625000
76,512,7,0x43124B074E88B76D,0xE,0xB,16,22,6,1,0x5,0x5,1,1,97,415,0.189453125000
76,1024,0,0x43124B074E88B76D,0xE,0xD,53,58,5,1,0x3,0x3,1,1,198,826,0.193359375000
76,1024,1,0x43124B074E88B76D,0xE,0x9,43,47,4,1,0x7,0x7,1,1,155,869,0.151367187500
76,1024,2,0x43124B074E88B76D,0xE,0xD,46,53,7,1,0x3,0xA,1,0,149,875,0.145507812500
76,1024,3,0x43124B074E88B76D,0xE,0x6,40,57,17,1,0x8,0x5,1,0,162,862,0.158203125000
76,1024,4,0x43124B074E88B76D,0xE,0xB,54,55,1,1,0x5,0x5,1,1,185,839,0.180664062500
76,1024,5,0x43124B074E88B76D,0xE,0xE,49,54,5,1,0x0,0x8,1,0,159,865,0.155273437500
76,1024,6,0x43124B074E88B76D,0xE,0xF,46,55,9,1,0x1,0x8,1,0,170,854,0.166015625000
76,1024,7,0x43124B074E88B76D,0xE,0xB,40,54,14,1,0x5,0x5,1,1,189,835,0.184570312500
76,1536,0,0x43124B074E88B76D,0xE,0x9,81,85,4,1,0x7,0x3,1,0,270,1266,0.175781250000
76,1536,1,0x43124B074E88B76D,0xE,0x9,65,81,16,1,0x7,0x7,1,1,229,1307,0.149088541667
76,1536,2,0x43124B074E88B76D,0xE,0xD,76,87,11,1,0x3,0xA,1,0,233,1303,0.151692708333
76,1536,3,0x43124B074E88B76D,0xE,0x6,78,86,8,1,0x8,0x5,1,0,256,1280,0.166666666667
76,1536,4,0x43124B074E88B76D,0xE,0xB,73,77,4,1,0x5,0x5,1,1,266,1270,0.173177083333
76,1536,5,0x43124B074E88B76D,0xE,0xE,74,79,5,1,0x0,0x8,1,0,241,1295,0.156901041667
76,1536,6,0x43124B074E88B76D,0xE,0xF,72,87,15,1,0x1,0x8,1,0,254,1282,0.165364583333
76,1536,7,0x43124B074E88B76D,0xE,0xB,70,86,16,1,0x5,0x5,1,1,271,1265,0.176432291667
76,2048,0,0x43124B074E88B76D,0xE,0xD,106,120,14,1,0x3,0x3,1,1,371,1677,0.181152343750
76,2048,1,0x43124B074E88B76D,0xE,0x9,80,111,31,1,0x7,0x7,1,1,319,1729,0.155761718750
76,2048,2,0x43124B074E88B76D,0xE,0xD,101,115,14,1,0x3,0xA,1,0,325,1723,0.158691406250
76,2048,3,0x43124B074E88B76D,0xE,0x6,114,117,3,2,0x0,0x5,0,0,346,1702,0.168945312500
76,2048,4,0x43124B074E88B76D,0xE,0xF,110,115,5,1,0x1,0x5,1,0,343,1705,0.167480468750
76,2048,5,0x43124B074E88B76D,0xE,0x6,106,114,8,2,0x0,0x8,0,0,323,1725,0.157714843750
76,2048,6,0x43124B074E88B76D,0xE,0xF,103,105,2,1,0x1,0x8,1,0,353,1695,0.172363281250
76,2048,7,0x43124B074E88B76D,0xE,0xB,97,116,19,1,0x5,0x5,1,1,352,1696,0.171875000000
76,3072,0,0x43124B074E88B76D,0xE,0xD,154,186,32,1,0x3,0x3,1,1,540,2532,0.175781250000
76,3072,1,0x43124B074E88B76D,0xE,0x9,131,171,40,1,0x7,0x7,1,1,489,2583,0.159179687500
76,3072,2,0x43124B074E88B76D,0xE,0xD,167,174,7,1,0x3,0xA,1,0,505,2567,0.164388020833
76,3072,3,0x43124B074E88B76D,0xE,0xB,165,173,8,1,0x5,0x5,1,1,509,2563,0.165690104167
76,3072,4,0x43124B074E88B76D,0xE,0xB,160,175,15,1,0x5,0x5,1,1,516,2556,0.167968750000
76,3072,5,0x43124B074E88B76D,0xE,0x6,155,170,15,1,0x8,0x8,1,1,500,2572,0.162760416667
76,3072,6,0x43124B074E88B76D,0xE,0x6,159,178,19,1,0x8,0x8,1,1,513,2559,0.166992187500
76,3072,7,0x43124B074E88B76D,0xE,0xB,158,173,15,1,0x5,0x5,1,1,496,2576,0.161458333333
76,4096,0,0x43124B074E88B76D,0xE,0xD,199,241,42,1,0x3,0x3,1,1,691,3405,0.168701171875
76,4096,1,0x43124B074E88B76D,0xE,0x9,194,238,44,1,0x7,0x7,1,1,649,3447,0.158447265625
76,4096,2,0x43124B074E88B76D,0xE,0xD,225,233,8,1,0x3,0xA,1,0,650,3446,0.158691406250
76,4096,3,0x43124B074E88B76D,0xE,0xB,215,242,27,1,0x5,0x5,1,1,691,3405,0.168701171875
76,4096,4,0x43124B074E88B76D,0xE,0xB,223,239,16,1,0x5,0x5,1,1,679,3417,0.165771484375
76,4096,5,0x43124B074E88B76D,0xE,0x6,205,231,26,1,0x8,0x8,1,1,676,3420,0.165039062500
76,4096,6,0x43124B074E88B76D,0xE,0x6,209,243,34,1,0x8,0x8,1,1,672,3424,0.164062500000
76,4096,7,0x43124B074E88B76D,0xE,0xB,210,236,26,1,0x5,0x5,1,1,699,3397,0.170654296875
76,6144,0,0x43124B074E88B76D,0xE,0xD,283,356,73,1,0x3,0x3,1,1,1021,5123,0.166178385417
76,6144,1,0x43124B074E88B76D,0xE,0x9,286,355,69,1,0x7,0x7,1,1,992,5152,0.161458333333
76,6144,2,0x43124B074E88B76D,0xE,0xD,340,350,10,1,0x3,0xA,1,0,984,5160,0.160156250000
76,6144,3,0x43124B074E88B76D,0xE,0xB,304,371,67,1,0x5,0x5,1,1,1044,5100,0.169921875000
76,6144,4,0x43124B074E88B76D,0xE,0xB,316,369,53,1,0x5,0x5,1,1,1015,5129,0.165201822917
76,6144,5,0x43124B074E88B76D,0xE,0x6,314,350,36,1,0x8,0x8,1,1,1024,5120,0.166666666667
76,6144,6,0x43124B074E88B76D,0xE,0x6,336,371,35,1,0x8,0x8,1,1,995,5149,0.161946614583
76,6144,7,0x43124B074E88B76D,0xE,0xB,332,359,27,1,0x5,0x5,1,1,1048,5096,0.170572916667
76,8192,0,0x43124B074E88B76D,0xE,0xD,383,481,98,1,0x3,0x3,1,1,1389,6803,0.169555664062
76,8192,1,0x43124B074E88B76D,0xE,0x9,407,483,76,1,0x7,0x7,1,1,1334,6858,0.162841796875
76,8192,2,0x43124B074E88B76D,0xE,0x4,446,460,14,1,0xA,0xA,1,1,1328,6864,0.162109375000
76,8192,3,0x43124B074E88B76D,0xE,0xB,405,500,95,1,0x5,0x5,1,1,1354,6838,0.165283203125
76,8192,4,0x43124B074E88B76D,0xE,0xB,424,491,67,1,0x5,0x5,1,1,1345,6847,0.164184570312
76,8192,5,0x43124B074E88B76D,0xE,0x6,420,477,57,1,0x8,0x8,1,1,1367,6825,0.166870117188
76,8192,6,0x43124B074E88B76D,0xE,0x6,449,496,47,1,0x8,0x8,1,1,1340,6852,0.163574218750
76,8192,7,0x43124B074E88B76D,0xE,0xB,443,474,31,1,0x5,0x5,1,1,1352,6840,0.165039062500
76,12288,0,0x43124B074E88B76D,0xE,0xD,595,710,115,1,0x3,0x3,1,1,2061,10227,0.167724609375
76,12288,1,0x43124B074E88B76D,0xE,0x9,623,729,106,1,0x7,0x7,1,1,1996,10292,0.162434895833
76,12288,2,0x43124B074E88B76D,0xE,0x4,673,739,66,1,0xA,0xA,1,1,1968,10320,0.160156250000
76,12288,3,0x43124B074E88B76D,0xE,0xB,628,750,122,1,0x5,0x5,1,1,2020,10268,0.164388020833
76,12288,4,0x43124B074E88B76D,0xE,0xB,638,739,101,1,0x5,0x5,1,1,1978,10310,0.160970052083
76,12288,5,0x43124B074E88B76D,0xE,0x6,604,738,134,1,0x8,0x8,1,1,2012,10276,0.163736979167
76,12288,6,0x43124B074E88B76D,0xE,0x6,660,731,71,1,0x8,0x8,1,1,2028,10260,0.165039062500
76,12288,7,0x43124B074E88B76D,0xE,0xB,646,738,92,1,0x5,0x5,1,1,2045,10243,0.166422526042
76,16384,0,0x43124B074E88B76D,0xE,0xD,804,986,182,1,0x3,0x3,1,1,2731,13653,0.166687011719
76,16384,1,0x43124B074E88B76D,0xE,0x9,831,1000,169,1,0x7,0x7,1,1,2680,13704,0.163574218750
76,16384,2,0x43124B074E88B76D,0xE,0x4,871,985,114,1,0xA,0xA,1,1,2617,13767,0.159729003906
76,16384,3,0x43124B074E88B76D,0xE,0xB,835,990,155,1,0x5,0x5,1,1,2686,13698,0.163940429688
76,16384,4,0x43124B074E88B76D,0xE,0xB,854,982,128,1,0x5,0x5,1,1,2622,13762,0.160034179688
76,16384,5,0x43124B074E88B76D,0xE,0x6,817,982,165,1,0x8,0x8,1,1,2700,13684,0.164794921875
76,16384,6,0x43124B074E88B76D,0xE,0x6,881,962,81,1,0x8,0x8,1,1,2708,13676,0.165283203125
76,16384,7,0x43124B074E88B76D,0xE,0xB,881,988,107,1,0x5,0x5,1,1,2743,13641,0.167419433594
76,24576,0,0x43124B074E88B76D,0xE,0xD,1208,1497,289,1,0x3,0x3,1,1,4088,20488,0.166341145833
76,24576,1,0x43124B074E88B76D,0xE,0x9,1273,1507,234,1,0x7,0x7,1,1,3957,20619,0.161010742188
76,24576,2,0x43124B074E88B76D,0xE,0x4,1316,1488,172,1,0xA,0xA,1,1,3993,20583,0.162475585938
76,24576,3,0x43124B074E88B76D,0xE,0xB,1292,1505,213,1,0x5,0x5,1,1,4033,20543,0.164103190104
76,24576,4,0x43124B074E88B76D,0xE,0xB,1262,1491,229,1,0x5,0x5,1,1,4005,20571,0.162963867188
76,24576,5,0x43124B074E88B76D,0xE,0x6,1224,1439,215,1,0x8,0x8,1,1,4022,20554,0.163655598958
76,24576,6,0x43124B074E88B76D,0xE,0x6,1323,1484,161,1,0x8,0x8,1,1,4064,20512,0.165364583333
76,24576,7,0x43124B074E88B76D,0xE,0xB,1308,1502,194,1,0x5,0x5,1,1,4066,20510,0.165445963542
76,32768,0,0x43124B074E88B76D,0xE,0xD,1618,1986,368,1,0x3,0x3,1,1,5441,27327,0.166046142578
76,32768,1,0x43124B074E88B76D,0xE,0x9,1734,2009,275,1,0x7,0x7,1,1,5264,27504,0.160644531250
76,32768,2,0x43124B074E88B76D,0xE,0x4,1774,2016,242,1,0xA,0xA,1,1,5276,27492,0.161010742188
76,32768,3,0x43124B074E88B76D,0xE,0xB,1730,1977,247,1,0x5,0x5,1,1,5363,27405,0.163665771484
76,32768,4,0x43124B074E88B76D,0xE,0xB,1681,1993,312,1,0x5,0x5,1,1,5366,27402,0.163757324219
76,32768,5,0x43124B074E88B76D,0xE,0x6,1657,1972,315,1,0x8,0x8,1,1,5404,27364,0.164916992188
76,32768,6,0x43124B074E88B76D,0xE,0x6,1745,1989,244,1,0x8,0x8,1,1,5391,27377,0.164520263672
76,32768,7,0x43124B074E88B76D,0xE,0xB,1723,1991,268,1,0x5,0x5,1,1,5400,27368,0.164794921875
77,512,0,0xE1AB19F204949201,0xC,0x7,22,23,1,1,0xB,0x2,1,0,74,438,0.144531250000
77,512,1,0xE1AB19F204949201,0xC,0x5,21,25,4,1,0x9,0x9,1,1,91,421,0.177734375000
77,512,2,0xE1AB19F204949201,0xC,0x3,23,27,4,1,0xF,0xD,1,0,90,422,0.175781250000
77,512,3,0xE1AB19F204949201,0xC,0xF,23,24,1,1,0x3,0xD,1,0,90,422,0.175781250000
77,512,4,0xE1AB19F204949201,0xC,0x4,23,26,3,1,0x8,0x8,1,1,82,430,0.160156250000
77,512,5,0xE1AB19F204949201,0xC,0xF,24,26,2,1,0x3,0x1,1,0,77,435,0.150390625000
77,512,6,0xE1AB19F204949201,0xC,0x7,22,26,4,3,0x0,0x8,0,0,83,429,0.162109375000
77,512,7,0xE1AB19F204949201,0xC,0x8,20,22,2,1,0x4,0x1,1,0,75,437,0.146484375000
77,1024,0,0xE1AB19F204949201,0xC,0x1,49,54,5,1,0xD,0x2,1,0,170,854,0.166015625000
77,1024,1,0xE1AB19F204949201,0xC,0x5,41,55,14,1,0x9,0x9,1,1,181,843,0.176757812500
77,1024,2,0xE1AB19F204949201,0xC,0x3,52,57,5,1,0xF,0xD,1,0,172,852,0.167968750000
77,1024,3,0xE1AB19F204949201,0xC,0xF,45,46,1,1,0x3,0xD,1,0,173,851,0.168945312500
77,1024,4,0xE1AB19F204949201,0xC,0xF,50,52,2,1,0x3,0x8,1,0,164,860,0.160156250000
77,1024,5,0xE1AB19F204949201,0xC,0x7,50,56,6,1,0xB,0x1,1,0,164,860,0.160156250000
77,1024,6,0xE1AB19F204949201,0xC,0xD,52,53,1,1,0x1,0x8,1,0,161,863,0.157226562500
77,1024,7,0xE1AB19F204949201,0xC,0x8,52,55,3,1,0x4,0x1,1,0,154,870,0.150390625000
77,1536,0,0xE1AB19F204949201,0xC,0x1,80,81,1,1,0xD,0x2,1,0,244,1292,0.158854166667
77,1536,1,0xE1AB19F204949201,0xC,0x5,67,86,19,1,0x9,0x9,1,1,269,1267,0.175130208333
77,1536,2,0xE1AB19F204949201,0xC,0xB,82,83,1,1,0x7,0xD,1,0,260,1276,0.169270833333
77,1536,3,0xE1AB19F204949201,0xC,0x3,77,80,3,1,0xF,0xD,1,0,254,1282,0.165364583333
77,1536,4,0xE1AB19F204949201,0xC,0xF,73,82,9,1,0x3,0x8,1,0,243,1293,0.158203125000
77,1536,5,0xE1AB19F204949201,0xC,0x7,79,88,9,1,0xB,0x1,1,0,261,1275,0.169921875000
77,1536,6,0xE1AB19F204949201,0xC,0xD,72,89,17,1,0x1,0x8,1,0,253,1283,0.164713541667
77,1536,7,0xE1AB19F204949201,0xC,0x6,75,79,4,1,0xA,0x1,1,0,237,1299,0.154296875000
77,2048,0,0xE1AB19F204949201,0xC,0xE,104,109,5,1,0x2,0x2,1,1,317,1731,0.154785156250
77,2048,1,0xE1AB19F204949201,0xC,0x5,96,111,15,1,0x9,0x9,1,1,353,1695,0.172363281250
77,2048,2,0xE1AB19F204949201,0xC,0x6,107,112,5,1,0xA,0xD,1,0,350,1698,0.170898437500
77,2048,3,0xE1AB19F204949201,0xC,0x3,108,110,2,1,0xF,0xD,1,0,356,1692,0.173828125000
77,2048,4,0xE1AB19F204949201,0xC,0x8,106,110,4,1,0x4,0x8,1,0,330,1718,0.161132812500
77,2048,5,0xE1AB19F204949201,0xC,0x7,113,117,4,1,0xB,0x1,1,0,351,1697,0.171386718750
77,2048,6,0xE1AB19F204949201,0xC,0xD,100,115,15,1,0x1,0x8,1,0,330,1718,0.161132812500
77,2048,7,0xE1AB19F204949201,0xC,0xC,102,104,2,1,0x0,0x1,1,0,325,1723,0.158691406250
77,3072,0,0xE1AB19F204949201,0xC,0xE,159,168,9,1,0x2,0x2,1,1,463,2609,0.150716145833
77,3072,1,0xE1AB19F204949201,0xC,0x5,152,167,15,1,0x9,0x9,1,1,529,2543,0.172200520833
77,3072,2,0xE1AB19F204949201,0xC,0x2,160,171,11,1,0xE,0xD,1,0,530,2542,0.172526041667
77,3072,3,0xE1AB19F204949201,0xC,0x2,170,171,1,2,0x0,0xD,0,0,517,2555,0.168294270833
77,3072,4,0xE1AB19F204949201,0xC,0x4,165,174,9,1,0x8,0x8,1,1,492,2580,0.160156250000
77,3072,5,0xE1AB19F204949201,0xC,0x4,171,176,5,1,0x8,0x1,1,0,513,2559,0.166992187500
77,3072,6,0xE1AB19F204949201,0xC,0xD,176,181,5,1,0x1,0x8,1,0,502,2570,0.163411458333
77,3072,7,0xE1AB19F204949201,0xC,0x6,154,171,17,1,0xA,0x1,1,0,506,2566,0.164713541667
77,4096,0,0xE1AB19F204949201,0xC,0xE,216,221,5,1,0x2,0x2,1,1,642,3454,0.156738281250
77,4096,1,0xE1AB19F204949201,0xC,0x5,210,233,23,1,0x9,0x9,1,1,665,3431,0.162353515625
77,4096,2,0xE1AB19F204949201,0xC,0x1,228,230,2,1,0xD,0xD,1,1,705,3391,0.172119140625
77,4096,3,0xE1AB19F204949201,0xC,0x1,216,236,20,1,0xD,0xD,1,1,705,3391,0.172119140625
77,4096,4,0xE1AB19F204949201,0xC,0x4,216,232,16,1,0x8,0x8,1,1,651,3445,0.158935546875
77,4096,5,0xE1AB19F204949201,0xC,0x4,218,235,17,1,0x8,0x1,1,0,675,3421,0.164794921875
77,4096,6,0xE1AB19F204949201,0xC,0x2,238,239,1,1,0xE,0x8,1,0,683,3413,0.166748046875
77,4096,7,0xE1AB19F204949201,0xC,0x6,218,233,15,1,0xA,0x1,1,0,680,3416,0.166015625000
77,6144,0,0xE1AB19F204949201,0xC,0xE,320,339,19,1,0x2,0x2,1,1,952,5192,0.154947916667
77,6144,1,0xE1AB19F204949201,0xC,0x5,324,359,35,1,0x9,0x9,1,1,1007,5137,0.163899739583
77,6144,2,0xE1AB19F204949201,0xC,0x1,326,355,29,1,0xD,0xD,1,1,1045,5099,0.170084635417
77,6144,3,0xE1AB19F204949201,0xC,0x1,321,362,41,1,0xD,0xD,1,1,1027,5117,0.167154947917
77,6144,4,0xE1AB19F204949201,0xC,0x4,314,356,42,1,0x8,0x8,1,1,962,5182,0.156575520833
77,6144,5,0xE1AB19F204949201,0xC,0xD,348,352,4,1,0x1,0x1,1,1,1027,5117,0.167154947917
77,6144,6,0xE1AB19F204949201,0xC,0x4,360,361,1,1,0x8,0x8,1,1,1032,5112,0.167968750000
77,6144,7,0xE1AB19F204949201,0xC,0x6,360,366,6,1,0xA,0x1,1,0,1025,5119,0.166829427083
77,8192,0,0xE1AB19F204949201,0xC,0xE,427,466,39,1,0x2,0x2,1,1,1270,6922,0.155029296875
77,8192,1,0xE1AB19F204949201,0xC,0x5,432,475,43,1,0x9,0x9,1,1,1382,6810,0.168701171875
77,8192,2,0xE1AB19F204949201,0xC,0x1,443,449,6,1,0xD,0xD,1,1,1414,6778,0.172607421875
77,8192,3,0xE1AB19F204949201,0xC,0x1,431,489,58,1,0xD,0xD,1,1,1352,6840,0.165039062500
77,8192,4,0xE1AB19F204949201,0xC,0x4,434,480,46,1,0x8,0x8,1,1,1274,6918,0.155517578125
77,8192,5,0xE1AB19F204949201,0xC,0xD,449,483,34,1,0x1,0x1,1,1,1365,6827,0.166625976562
77,8192,6,0xE1AB19F204949201,0xC,0x4,477,491,14,1,0x8,0x8,1,1,1385,6807,0.169067382812
77,8192,7,0xE1AB19F204949201,0xC,0x6,473,480,7,1,0xA,0x1,1,0,1356,6836,0.165527343750
77,12288,0,0xE1AB19F204949201,0xC,0xE,639,705,66,1,0x2,0x2,1,1,1923,10365,0.156494140625
77,12288,1,0xE1AB19F204949201,0xC,0x5,648,728,80,1,0x9,0x9,1,1,2082,10206,0.169433593750
77,12288,2,0xE1AB19F204949201,0xC,0x1,655,701,46,1,0xD,0xD,1,1,2083,10205,0.169514973958
77,12288,3,0xE1AB19F204949201,0xC,0x1,653,729,76,1,0xD,0xD,1,1,2045,10243,0.166422526042
77,12288,4,0xE1AB19F204949201,0xC,0x4,654,733,79,1,0x8,0x8,1,1,1984,10304,0.161458333333
77,12288,5,0xE1AB19F204949201,0xC,0xD,638,740,102,1,0x1,0x1,1,1,2040,10248,0.166015625000
77,12288,6,0xE1AB19F204949201,0xC,0x4,701,721,20,1,0x8,0x8,1,1,2027,10261,0.164957682292
77,12288,7,0xE1AB19F204949201,0xC,0x6,708,715,7,1,0xA,0x1,1,0,1994,10294,0.162272135417
77,16384,0,0xE1AB19F204949201,0xC,0xE,851,972,121,1,0x2,0x2,1,1,2588,13796,0.157958984375
77,16384,1,0xE1AB19F204949201,0xC,0x5,881,980,99,1,0x9,0x9,1,1,2774,13610,0.169311523438
77,16384,2,0xE1AB19F204949201,0xC,0x1,842,941,99,1,0xD,0xD,1,1,2732,13652,0.166748046875
77,16384,3,0xE1AB19F204949201,0xC,0x1,862,978,116,1,0xD,0xD,1,1,2739,13645,0.167175292969
77,16384,4,0xE1AB19F204949201,0xC,0x4,868,981,113,1,0x8,0x8,1,1,2608,13776,0.159179687500
77,16384,5,0xE1AB19F204949201,0xC,0xD,861,980,119,1,0x1,0x1,1,1,2682,13702,0.163696289062
77,16384,6,0xE1AB19F204949201,0xC,0x4,928,993,65,1,0x8,0x8,1,1,2685,13699,0.163879394531
77,16384,7,0xE1AB19F204949201,0xC,0xD,939,949,10,1,0x1,0x1,1,1,2608,13776,0.159179687500
77,24576,0,0xE1AB19F204949201,0xC,0xE,1259,1509,250,1,0x2,0x2,1,1,3960,20616,0.161132812500
77,24576,1,0xE1AB19F204949201,0xC,0x5,1281,1468,187,1,0x9,0x9,1,1,4102,20474,0.166910807292
77,24576,2,0xE1AB19F204949201,0xC,0x1,1261,1449,188,1,0xD,0xD,1,1,4058,20518,0.165120442708
77,24576,3,0xE1AB19F204949201,0xC,0x1,1303,1499,196,1,0xD,0xD,1,1,4093,20483,0.166544596354
77,24576,4,0xE1AB19F204949201,0xC,0x4,1337,1442,105,1,0x8,0x8,1,1,3925,20651,0.159708658854
77,24576,5,0xE1AB19F204949201,0xC,0xD,1264,1482,218,1,0x1,0x1,1,1,4075,20501,0.165812174479
77,24576,6,0xE1AB19F204949201,0xC,0x4,1359,1501,142,1,0x8,0x8,1,1,4023,20553,0.163696289062
77,24576,7,0xE1AB19F204949201,0xC,0xD,1352,1465,113,1,0x1,0x1,1,1,3974,20602,0.161702473958
77,32768,0,0xE1AB19F204949201,0xC,0xE,1706,2008,302,1,0x2,0x2,1,1,5262,27506,0.160583496094
77,32768,1,0xE1AB19F204949201,0xC,0x5,1710,1962,252,1,0x9,0x9,1,1,5416,27352,0.165283203125
77,32768,2,0xE1AB19F204949201,0xC,0x1,1689,1950,261,1,0xD,0xD,1,1,5397,27371,0.164703369141
77,32768,3,0xE1AB19F204949201,0xC,0x1,1731,1982,251,1,0xD,0xD,1,1,5446,27322,0.166198730469
77,32768,4,0xE1AB19F204949201,0xC,0x4,1778,1963,185,1,0x8,0x8,1,1,5288,27480,0.161376953125
77,32768,5,0xE1AB19F204949201,0xC,0xD,1689,1953,264,1,0x1,0x1,1,1,5406,27362,0.164978027344
77,32768,6,0xE1AB19F204949201,0xC,0x4,1772,2027,255,1,0x8,0x8,1,1,5409,27359,0.165069580078
77,32768,7,0xE1AB19F204949201,0xC,0xD,1788,1988,200,1,0x1,0x1,1,1,5319,27449,0.162322998047
78,512,0,0x0D6001C9DBBE3322,0xD,0xF,20,23,3,1,0x2,0x6,1,0,84,428,0.164062500000
78,512,1,0x0D6001C9DBBE3322,0xD,0x1,22,23,1,1,0xC,0xD,1,0,87,425,0.169921875000
78,512,2,0x0D6001C9DBBE3322,0xD,0x6,24,26,2,2,0x0,0x7,0,0,79,433,0.154296875000
78,512,3,0x0D6001C9DBBE3322,0xD,0x3,24,26,2,2,0x0,0xA,0,0,77,435,0.150390625000
78,512,4,0x0D6001C9DBBE3322,0xD,0x5,26,28,2,2,0x0,0xE,0,0,75,437,0.146484375000
78,512,5,0x0D6001C9DBBE3322,0xD,0xC,23,25,2,1,0x1,0x5,1,0,84,428,0.164062500000
78,512,6,0x0D6001C9DBBE3322,0xD,0xE,26,27,1,1,0x3,0xA,1,0,85,427,0.166015625000
78,512,7,0x0D6001C9DBBE3322,0xD,0xA,26,27,1,1,0x7,0x4,1,0,85,427,0.166015625000
78,1024,0,0x0D6001C9DBBE3322,0xD,0x5,48,54,6,1,0x8,0x6,1,0,170,854,0.166015625000
78,1024,1,0x0D6001C9DBBE3322,0xD,0x0,46,52,6,1,0xD,0xD,1,1,183,841,0.178710937500
78,1024,2,0x0D6001C9DBBE3322,0xD,0x6,54,55,1,1,0xB,0x7,1,0,159,865,0.155273437500
78,1024,3,0x0D6001C9DBBE3322,0xD,0x7,49,52,3,1,0xA,0xA,1,1,157,867,0.153320312500
78,1024,4,0x0D6001C9DBBE3322,0xD,0x1,54,56,2,1,0xC,0xE,1,0,170,854,0.166015625000
78,1024,5,0x0D6001C9DBBE3322,0xD,0xC,51,52,1,1,0x1,0x5,1,0,164,860,0.160156250000
78,1024,6,0x0D6001C9DBBE3322,0xD,0xE,48,54,6,1,0x3,0xA,1,0,167,857,0.163085937500
78,1024,7,0x0D6001C9DBBE3322,0xD,0xA,47,57,10,1,0x7,0x4,1,0,179,845,0.174804687500
78,1536,0,0x0D6001C9DBBE3322,0xD,0x5,81,84,3,1,0x8,0x6,1,0,245,1291,0.159505208333
78,1536,1,0x0D6001C9DBBE3322,0xD,0x0,80,81,1,2,0x0,0xD,0,0,252,1284,0.164062500000
78,1536,2,0x0D6001C9DBBE3322,0xD,0xA,83,85,2,1,0x7,0x7,1,1,244,1292,0.158854166667
78,1536,3,0x0D6001C9DBBE3322,0xD,0x7,72,85,13,1,0xA,0xA,1,1,255,1281,0.166015625000
78,1536,4,0x0D6001C9DBBE3322,0xD,0x3,76,83,7,1,0xE,0xE,1,1,268,1268,0.174479166667
78,1536,5,0x0D6001C9DBBE3322,0xD,0x4,79,83,4,1,0x9,0x5,1,0,242,1294,0.157552083333
78,1536,6,0x0D6001C9DBBE3322,0xD,0xA,75,85,10,1,0x7,0xA,1,0,236,1300,0.153645833333
78,1536,7,0x0D6001C9DBBE3322,0xD,0xA,65,74,9,1,0x7,0x4,1,0,265,1271,0.172526041667
78,2048,0,0x0D6001C9DBBE3322,0xD,0x4,115,119,4,2,0x0,0x6,0,0,322,1726,0.157226562500
78,2048,1,0x0D6001C9DBBE3322,0xD,0x0,109,110,1,1,0xD,0xD,1,1,355,1693,0.173339843750
78,2048,2,0x0D6001C9DBBE3322,0xD,0x8,103,107,4,1,0x5,0x7,1,0,340,1708,0.166015625000
78,2048,3,0x0D6001C9DBBE3322,0xD,0x7,100,118,18,1,0xA,0xA,1,1,330,1718,0.161132812500
78,2048,4,0x0D6001C9DBBE3322,0xD,0x3,105,114,9,1,0xE,0xE,1,1,350,1698,0.170898437500
78,2048,5,0x0D6001C9DBBE3322,0xD,0x4,99,113,14,1,0x9,0x5,1,0,332,1716,0.162109375000
78,2048,6,0x0D6001C9DBBE3322,0xD,0xA,113,117,4,1,0x7,0xA,1,0,300,1748,0.146484375000
78,2048,7,0x0D6001C9DBBE3322,0xD,0xA,94,110,16,1,0x7,0x4,1,0,347,1701,0.169433593750
78,3072,0,0x0D6001C9DBBE3322,0xD,0x5,168,178,10,1,0x8,0x6,1,0,471,2601,0.153320312500
78,3072,1,0x0D6001C9DBBE3322,0xD,0x0,158,171,13,1,0xD,0xD,1,1,540,2532,0.175781250000
78,3072,2,0x0D6001C9DBBE3322,0xD,0xA,168,176,8,1,0x7,0x7,1,1,537,2535,0.174804687500
78,3072,3,0x0D6001C9DBBE3322,0xD,0x7,155,180,25,1,0xA,0xA,1,1,502,2570,0.163411458333
78,3072,4,0x0D6001C9DBBE3322,0xD,0x3,156,180,24,1,0xE,0xE,1,1,540,2532,0.175781250000
78,3072,5,0x0D6001C9DBBE3322,0xD,0x4,164,176,12,1,0x9,0x5,1,0,506,2566,0.164713541667
78,3072,6,0x0D6001C9DBBE3322,0xD,0x4,172,174,2,1,0x9,0xA,1,0,468,2604,0.152343750000
78,3072,7,0x0D6001C9DBBE3322,0xD,0xA,160,168,8,1,0x7,0x4,1,0,526,2546,0.171223958333
78,4096,0,0x0D6001C9DBBE3322,0xD,0xB,230,240,10,1,0x6,0x6,1,1,644,3452,0.157226562500
78,4096,1,0x0D6001C9DBBE3322,0xD,0x0,213,228,15,1,0xD,0xD,1,1,699,3397,0.170654296875
78,4096,2,0x0D6001C9DBBE3322,0xD,0xA,223,232,9,1,0x7,0x7,1,1,712,3384,0.173828125000
78,4096,3,0x0D6001C9DBBE3322,0xD,0x7,203,237,34,1,0xA,0xA,1,1,683,3413,0.166748046875
78,4096,4,0x0D6001C9DBBE3322,0xD,0x3,215,244,29,1,0xE,0xE,1,1,702,3394,0.171386718750
78,4096,5,0x0D6001C9DBBE3322,0xD,0x4,212,244,32,1,0x9,0x5,1,0,675,3421,0.164794921875
78,4096,6,0x0D6001C9DBBE3322,0xD,0x4,233,237,4,1,0x9,0xA,1,0,631,3465,0.154052734375
78,4096,7,0x0D6001C9DBBE3322,0xD,0x9,212,223,11,1,0x4,0x4,1,1,716,3380,0.174804687500
78,6144,0,0x0D6001C9DBBE3322,0xD,0xB,333,345,12,1,0x6,0x6,1,1,947,5197,0.154134114583
78,6144,1,0x0D6001C9DBBE3322,0xD,0x0,335,342,7,1,0xD,0xD,1,1,1022,5122,0.166341145833
78,6144,2,0x0D6001C9DBBE3322,0xD,0xA,324,360,36,1,0x7,0x7,1,1,1038,5106,0.168945312500
78,6144,3,0x0D6001C9DBBE3322,0xD,0x7,316,351,35,1,0xA,0xA,1,1,1027,5117,0.167154947917
78,6144,4,0x0D6001C9DBBE3322,0xD,0x3,314,359,45,1,0xE,0xE,1,1,1026,5118,0.166992187500
78,6144,5,0x0D6001C9DBBE3322,0xD,0x4,337,344,7,1,0x9,0x5,1,0,1010,5134,0.164388020833
78,6144,6,0x0D6001C9DBBE3322,0xD,0x4,355,357,2,1,0x9,0xA,1,0,965,5179,0.157063802083
78,6144,7,0x0D6001C9DBBE3322,0xD,0x9,310,371,61,1,0x4,0x4,1,1,1058,5086,0.172200520833
78,8192,0,0x0D6001C9DBBE3322,0xD,0xB,438,485,47,1,0x6,0x6,1,1,1286,6906,0.156982421875
78,8192,1,0x0D6001C9DBBE3322,0xD,0x0,465,474,9,1,0xD,0xD,1,1,1337,6855,0.163208007812
78,8192,2,0x0D6001C9DBBE3322,0xD,0xA,415,477,62,1,0x7,0x7,1,1,1362,6830,0.166259765625
78,8192,3,0x0D6001C9DBBE3322,0xD,0x7,412,483,71,1,0xA,0xA,1,1,1332,6860,0.162597656250
78,8192,4,0x0D6001C9DBBE3322,0xD,0x3,413,483,70,1,0xE,0xE,1,1,1358,6834,0.165771484375
78,8192,5,0x0D6001C9DBBE3322,0xD,0x8,449,476,27,1,0x5,0x5,1,1,1367,6825,0.166870117188
78,8192,6,0x0D6001C9DBBE3322,0xD,0x7,451,487,36,1,0xA,0xA,1,1,1291,6901,0.157592773438
78,8192,7,0x0D6001C9DBBE3322,0xD,0x9,405,497,92,1,0x4,0x4,1,1,1391,6801,0.169799804688
78,12288,0,0x0D6001C9DBBE3322,0xD,0xB,651,737,86,1,0x6,0x6,1,1,1926,10362,0.156738281250
78,12288,1,0x0D6001C9DBBE3322,0xD,0x0,683,739,56,1,0xD,0xD,1,1,2055,10233,0.167236328125
78,12288,2,0x0D6001C9DBBE3322,0xD,0xA,624,726,102,1,0x7,0x7,1,1,1970,10318,0.160319010417
78,12288,3,0x0D6001C9DBBE3322,0xD,0x7,632,721,89,1,0xA,0xA,1,1,2044,10244,0.166341145833
78,12288,4,0x0D6001C9DBBE3322,0xD,0x3,630,745,115,1,0xE,0xE,1,1,2023,10265,0.164632161458
78,12288,5,0x0D6001C9DBBE3322,0xD,0x8,672,721,49,1,0x5,0x5,1,1,2045,10243,0.166422526042
78,12288,6,0x0D6001C9DBBE3322,0xD,0x7,672,735,63,1,0xA,0xA,1,1,1970,10318,0.160319010417
78,12288,7,0x0D6001C9DBBE3322,0xD,0x9,601,736,135,1,0x4,0x4,1,1,2035,10253,0.165608723958
78,16384,0,0x0D6001C9DBBE3322,0xD,0xB,858,970,112,1,0x6,0x6,1,1,2606,13778,0.159057617188
78,16384,1,0x0D6001C9DBBE3322,0xD,0x0,888,970,82,1,0xD,0xD,1,1,2739,13645,0.167175292969
78,16384,2,0x0D6001C9DBBE3322,0xD,0xA,866,971,105,1,0x7,0x7,1,1,2644,13740,0.161376953125
78,16384,3,0x0D6001C9DBBE3322,0xD,0x7,857,968,111,1,0xA,0xA,1,1,2743,13641,0.167419433594
78,16384,4,0x0D6001C9DBBE3322,0xD,0x3,839,999,160,1,0xE,0xE,1,1,2670,13714,0.162963867188
78,16384,5,0x0D6001C9DBBE3322,0xD,0x8,892,949,57,1,0x5,0x5,1,1,2689,13695,0.164123535156
78,16384,6,0x0D6001C9DBBE3322,0xD,0x7,902,996,94,1,0xA,0xA,1,1,2649,13735,0.161682128906
78,16384,7,0x0D6001C9DBBE3322,0xD,0x9,815,1004,189,1,0x4,0x4,1,1,2717,13667,0.165832519531
78,24576,0,0x0D6001C9DBBE3322,0xD,0xB,1238,1509,271,1,0x6,0x6,1,1,3974,20602,0.161702473958
78,24576,1,0x0D6001C9DBBE3322,0xD,0x0,1336,1493,157,1,0xD,0xD,1,1,4083,20493,0.166137695312
78,24576,2,0x0D6001C9DBBE3322,0xD,0xA,1293,1458,165,1,0x7,0x7,1,1,3990,20586,0.162353515625
78,24576,3,0x0D6001C9DBBE3322,0xD,0x7,1281,1460,179,1,0xA,0xA,1,1,4102,20474,0.166910807292
78,24576,4,0x0D6001C9DBBE3322,0xD,0x3,1259,1520,261,1,0xE,0xE,1,1,4047,20529,0.164672851562
78,24576,5,0x0D6001C9DBBE3322,0xD,0x8,1323,1467,144,1,0x5,0x5,1,1,3995,20581,0.162556966146
78,24576,6,0x0D6001C9DBBE3322,0xD,0x7,1316,1512,196,1,0xA,0xA,1,1,3950,20626,0.160725911458
78,24576,7,0x0D6001C9DBBE3322,0xD,0x9,1256,1506,250,1,0x4,0x4,1,1,4038,20538,0.164306640625
78,32768,0,0x0D6001C9DBBE3322,0xD,0xB,1656,1994,338,1,0x6,0x6,1,1,5290,27478,0.161437988281
78,32768,1,0x0D6001C9DBBE3322,0xD,0x0,1744,1990,246,1,0xD,0xD,1,1,5468,27300,0.166870117188
78,32768,2,0x0D6001C9DBBE3322,0xD,0xA,1711,2007,296,1,0x7,0x7,1,1,5343,27425,0.163055419922
78,32768,3,0x0D6001C9DBBE3322,0xD,0x7,1720,1977,257,1,0xA,0xA,1,1,5460,27308,0.166625976562
78,32768,4,0x0D6001C9DBBE3322,0xD,0x3,1689,2027,338,1,0xE,0xE,1,1,5427,27341,0.165618896484
78,32768,5,0x0D6001C9DBBE3322,0xD,0x8,1744,2005,261,1,0x5,0x5,1,1,5353,27415,0.163360595703
78,32768,6,0x0D6001C9DBBE3322,0xD,0x7,1741,2017,276,1,0xA,0xA,1,1,5320,27448,0.162353515625
78,32768,7,0x0D6001C9DBBE3322,0xD,0x9,1674,1998,324,1,0x4,0x4,1,1,5315,27453,0.162200927734
79,512,0,0x5FB5A5DD89989208,0xE,0xC,24,25,1,1,0x2,0xF,1,0,92,420,0.179687500000
79,512,1,0x5FB5A5DD89989208,0xE,0x6,22,27,5,1,0x8,0x2,1,0,83,429,0.162109375000
79,512,2,0x5FB5A5DD89989208,0xE,0x1,24,25,1,1,0xF,0x9,1,0,88,424,0.171875000000
79,512,3,0x5FB5A5DD89989208,0xE,0x1,18,24,6,1,0xF,0xF,1,1,86,426,0.167968750000
79,512,4,0x5FB5A5DD89989208,0xE,0x3,26,27,1,2,0x0,0xB,0,0,80,432,0.156250000000
79,512,5,0x5FB5A5DD89989208,0xE,0x4,21,22,1,1,0xA,0xC,1,0,79,433,0.154296875000
79,512,6,0x5FB5A5DD89989208,0xE,0x6,21,25,4,1,0x8,0x3,1,0,87,425,0.169921875000
79,512,7,0x5FB5A5DD89989208,0xE,0x9,26,27,1,1,0x7,0xE,1,0,84,428,0.164062500000
79,1024,0,0x5FB5A5DD89989208,0xE,0x1,47,55,8,1,0xF,0xF,1,1,179,845,0.174804687500
79,1024,1,0x5FB5A5DD89989208,0xE,0x5,49,52,3,1,0xB,0x2,1,0,191,833,0.186523437500
79,1024,2,0x5FB5A5DD89989208,0xE,0x1,49,50,1,1,0xF,0x9,1,0,177,847,0.172851562500
79,1024,3,0x5FB5A5DD89989208,0xE,0x1,44,52,8,1,0xF,0xF,1,1,170,854,0.166015625000
79,1024,4,0x5FB5A5DD89989208,0xE,0xF,52,53,1,1,0x1,0xB,1,0,143,881,0.139648437500
79,1024,5,0x5FB5A5DD89989208,0xE,0x2,50,51,1,1,0xC,0xC,1,1,174,850,0.169921875000
79,1024,6,0x5FB5A5DD89989208,0xE,0x6,47,50,3,1,0x8,0x3,1,0,171,853,0.166992187500
79,1024,7,0x5FB5A5DD89989208,0xE,0x0,50,56,6,1,0xE,0xE,1,1,184,840,0.179687500000
79,1536,0,0x5FB5A5DD89989208,0xE,0x1,78,82,4,1,0xF,0xF,1,1,260,1276,0.169270833333
79,1536,1,0x5FB5A5DD89989208,0xE,0x5,76,82,6,1,0xB,0x2,1,0,276,1260,0.179687500000
79,1536,2,0x5FB5A5DD89989208,0xE,0xB,76,81,5,1,0x5,0x9,1,0,254,1282,0.165364583333
79,1536,3,0x5FB5A5DD89989208,0xE,0x1,70,89,19,1,0xF,0xF,1,1,250,1286,0.162760416667
79,1536,4,0x5FB5A5DD89989208,0xE,0xF,82,85,3,1,0x1,0xB,1,0,227,1309,0.147786458333
79,1536,5,0x5FB5A5DD89989208,0xE,0x4,76,78,2,1,0xA,0xC,1,0,259,1277,0.168619791667
79,1536,6,0x5FB5A5DD89989208,0xE,0xB,75,78,3,1,0x5,0x3,1,0,246,1290,0.160156250000
79,1536,7,0x5FB5A5DD89989208,0xE,0x0,72,82,10,1,0xE,0xE,1,1,267,1269,0.173828125000
79,2048,0,0x5FB5A5DD89989208,0xE,0x1,102,111,9,1,0xF,0xF,1,1,340,1708,0.166015625000
79,2048,1,0x5FB5A5DD89989208,0xE,0xC,110,111,1,1,0x2,0x2,1,1,361,1687,0.176269531250
79,2048,2,0x5FB5A5DD89989208,0xE,0xB,108,111,3,1,0x5,0x9,1,0,338,1710,0.165039062500
79,2048,3,0x5FB5A5DD89989208,0xE,0x1,99,118,19,1,0xF,0xF,1,1,336,1712,0.164062500000
79,2048,4,0x5FB5A5DD89989208,0xE,0xF,109,110,1,1,0x1,0xB,1,0,320,1728,0.156250000000
79,2048,5,0x5FB5A5DD89989208,0xE,0x2,105,107,2,1,0xC,0xC,1,1,346,1702,0.168945312500
79,2048,6,0x5FB5A5DD89989208,0xE,0xD,104,109,5,1,0x3,0x3,1,1,328,1720,0.160156250000
79,2048,7,0x5FB5A5DD89989208,0xE,0x0,93,115,22,1,0xE,0xE,1,1,348,1700,0.169921875000
79,3072,0,0x5FB5A5DD89989208,0xE,0x1,138,176,38,1,0xF,0xF,1,1,505,2567,0.164388020833
79,3072,1,0x5FB5A5DD89989208,0xE,0xC,162,178,16,1,0x2,0x2,1,1,521,2551,0.169596354167
79,3072,2,0x5FB5A5DD89989208,0xE,0x7,160,161,1,1,0x9,0x9,1,1,504,2568,0.164062500000
79,3072,3,0x5FB5A5DD89989208,0xE,0x1,151,176,25,1,0xF,0xF,1,1,495,2577,0.161132812500
79,3072,4,0x5FB5A5DD89989208,0xE,0x2,167,171,4,2,0x0,0xB,0,0,478,2594,0.155598958333
79,3072,5,0x5FB5A5DD89989208,0xE,0x2,153,172,19,1,0xC,0xC,1,1,499,2573,0.162434895833
79,3072,6,0x5FB5A5DD89989208,0xE,0xD,170,176,6,1,0x3,0x3,1,1,496,2576,0.161458333333
79,3072,7,0x5FB5A5DD89989208,0xE,0x0,137,174,37,1,0xE,0xE,1,1,523,2549,0.170247395833
79,4096,0,0x5FB5A5DD89989208,0xE,0x1,192,225,33,1,0xF,0xF,1,1,680,3416,0.166015625000
79,4096,1,0x5FB5A5DD89989208,0xE,0xC,208,238,30,1,0x2,0x2,1,1,683,3413,0.166748046875
79,4096,2,0x5FB5A5DD89989208,0xE,0x7,204,227,23,1,0x9,0x9,1,1,656,3440,0.160156250000
79,4096,3,0x5FB5A5DD89989208,0xE,0x1,202,237,35,1,0xF,0xF,1,1,684,3412,0.166992187500
79,4096,4,0x5FB5A5DD89989208,0xE,0xA,229,231,2,1,0x4,0xB,1,0,652,3444,0.159179687500
79,4096,5,0x5FB5A5DD89989208,0xE,0x2,211,233,22,1,0xC,0xC,1,1,668,3428,0.163085937500
79,4096,6,0x5FB5A5DD89989208,0xE,0xD,219,244,25,1,0x3,0x3,1,1,651,3445,0.158935546875
79,4096,7,0x5FB5A5DD89989208,0xE,0x0,167,244,77,1,0xE,0xE,1,1,687,3409,0.167724609375
79,6144,0,0x5FB5A5DD89989208,0xE,0x1,296,357,61,1,0xF,0xF,1,1,1056,5088,0.171875000000
79,6144,1,0x5FB5A5DD89989208,0xE,0xC,317,366,49,1,0x2,0x2,1,1,1013,5131,0.164876302083
79,6144,2,0x5FB5A5DD89989208,0xE,0x7,317,361,44,1,0x9,0x9,1,1,964,5180,0.156901041667
79,6144,3,0x5FB5A5DD89989208,0xE,0x1,312,357,45,1,0xF,0xF,1,1,1026,5118,0.166992187500
79,6144,4,0x5FB5A5DD89989208,0xE,0x5,338,346,8,1,0xB,0xB,1,1,996,5148,0.162109375000
79,6144,5,0x5FB5A5DD89989208,0xE,0x2,333,355,22,1,0xC,0xC,1,1,1034,5110,0.168294270833
79,6144,6,0x5FB5A5DD89989208,0xE,0xD,321,358,37,1,0x3,0x3,1,1,963,5181,0.156738281250
79,6144,7,0x5FB5A5DD89989208,0xE,0x0,277,370,93,1,0xE,0xE,1,1,1028,5116,0.167317708333
79,8192,0,0x5FB5A5DD89989208,0xE,0x1,409,490,81,1,0xF,0xF,1,1,1371,6821,0.167358398438
79,8192,1,0x5FB5A5DD89989208,0xE,0xC,407,494,87,1,0x2,0x2,1,1,1367,6825,0.166870117188
79,8192,2,0x5FB5A5DD89989208,0xE,0x7,435,483,48,1,0x9,0x9,1,1,1317,6875,0.160766601562
79,8192,3,0x5FB5A5DD89989208,0xE,0x1,420,482,62,1,0xF,0xF,1,1,1362,6830,0.166259765625
79,8192,4,0x5FB5A5DD89989208,0xE,0xA,456,464,8,1,0x4,0xB,1,0,1313,6879,0.160278320312
79,8192,5,0x5FB5A5DD89989208,0xE,0x2,425,466,41,1,0xC,0xC,1,1,1373,6819,0.167602539062
79,8192,6,0x5FB5A5DD89989208,0xE,0xD,435,482,47,1,0x3,0x3,1,1,1287,6905,0.157104492188
79,8192,7,0x5FB5A5DD89989208,0xE,0x0,371,486,115,1,0xE,0xE,1,1,1340,6852,0.163574218750
79,12288,0,0x5FB5A5DD89989208,0xE,0x1,637,721,84,1,0xF,0xF,1,1,2016,10272,0.164062500000
79,12288,1,0x5FB5A5DD89989208,0xE,0xC,642,749,107,1,0x2,0x2,1,1,2025,10263,0.164794921875
79,12288,2,0x5FB5A5DD89989208,0xE,0x7,669,731,62,1,0x9,0x9,1,1,2021,10267,0.164469401042
79,12288,3,0x5FB5A5DD89989208,0xE,0x1,624,710,86,1,0xF,0xF,1,1,2070,10218,0.168457031250
79,12288,4,0x5FB5A5DD89989208,0xE,0xA,694,701,7,1,0x4,0xB,1,0,1969,10319,0.160237630208
79,12288,5,0x5FB5A5DD89989208,0xE,0x2,626,718,92,1,0xC,0xC,1,1,2008,10280,0.163411458333
79,12288,6,0x5FB5A5DD89989208,0xE,0xD,625,741,116,1,0x3,0x3,1,1,2005,10283,0.163167317708
79,12288,7,0x5FB5A5DD89989208,0xE,0x0,582,738,156,1,0xE,0xE,1,1,2026,10262,0.164876302083
79,16384,0,0x5FB5A5DD89989208,0xE,0x1,846,995,149,1,0xF,0xF,1,1,2705,13679,0.165100097656
79,16384,1,0x5FB5A5DD89989208,0xE,0xC,837,983,146,1,0x2,0x2,1,1,2702,13682,0.164916992188
79,16384,2,0x5FB5A5DD89989208,0xE,0x7,874,989,115,1,0x9,0x9,1,1,2679,13705,0.163513183594
79,16384,3,0x5FB5A5DD89989208,0xE,0x1,832,962,130,1,0xF,0xF,1,1,2742,13642,0.167358398438
79,16384,4,0x5FB5A5DD89989208,0xE,0x5,893,956,63,1,0xB,0xB,1,1,2655,13729,0.162048339844
79,16384,5,0x5FB5A5DD89989208,0xE,0x2,838,972,134,1,0xC,0xC,1,1,2671,13713,0.163024902344
79,16384,6,0x5FB5A5DD89989208,0xE,0xD,834,986,152,1,0x3,0x3,1,1,2688,13696,0.164062500000
79,16384,7,0x5FB5A5DD89989208,0xE,0x0,795,989,194,1,0xE,0xE,1,1,2671,13713,0.163024902344
79,24576,0,0x5FB5A5DD89989208,0xE,0x1,1291,1497,206,1,0xF,0xF,1,1,4113,20463,0.167358398438
79,24576,1,0x5FB5A5DD89989208,0xE,0xC,1295,1503,208,1,0x2,0x2,1,1,4065,20511,0.165405273438
79,24576,2,0x5FB5A5DD89989208,0xE,0x7,1265,1510,245,1,0x9,0x9,1,1,4121,20455,0.167683919271
79,24576,3,0x5FB5A5DD89989208,0xE,0x1,1258,1462,204,1,0xF,0xF,1,1,4114,20462,0.167399088542
79,24576,4,0x5FB5A5DD89989208,0xE,0x5,1311,1466,155,1,0xB,0xB,1,1,4045,20531,0.164591471354
79,24576,5,0x5FB5A5DD89989208,0xE,0x2,1271,1484,213,1,0xC,0xC,1,1,4035,20541,0.164184570312
79,24576,6,0x5FB5A5DD89989208,0xE,0xD,1265,1449,184,1,0x3,0x3,1,1,3982,20594,0.162027994792
79,24576,7,0x5FB5A5DD89989208,0xE,0x0,1206,1503,297,1,0xE,0xE,1,1,4020,20556,0.163574218750
79,32768,0,0x5FB5A5DD89989208,0xE,0x1,1714,2010,296,1,0xF,0xF,1,1,5372,27396,0.163940429688
79,32768,1,0x5FB5A5DD89989208,0xE,0xC,1748,2015,267,1,0x2,0x2,1,1,5400,27368,0.164794921875
79,32768,2,0x5FB5A5DD89989208,0xE,0x7,1712,2007,295,1,0x9,0x9,1,1,5474,27294,0.167053222656
79,32768,3,0x5FB5A5DD89989208,0xE,0x1,1687,1996,309,1,0xF,0xF,1,1,5474,27294,0.167053222656
79,32768,4,0x5FB5A5DD89989208,0xE,0x5,1752,1996,244,1,0xB,0xB,1,1,5402,27366,0.164855957031
79,32768,5,0x5FB5A5DD89989208,0xE,0x2,1685,1990,305,1,0xC,0xC,1,1,5370,27398,0.163879394531
79,32768,6,0x5FB5A5DD89989208,0xE,0xD,1729,1957,228,1,0x3,0x3,1,1,5341,27427,0.162994384766
79,32768,7,0x5FB5A5DD89989208,0xE,0x0,1640,2028,388,1,0xE,0xE,1,1,5349,27419,0.163238525391
80,512,0,0xA174BF6DA309ADE7,0xB,0x3,23,25,2,1,0x8,0x2,1,0,82,430,0.160156250000
80,512,1,0xA174BF6DA309ADE7,0xB,0x6,21,22,1,1,0xD,0x8,1,0,77,435,0.150390625000
80,512,2,0xA174BF6DA309ADE7,0xB,0x5,25,26,1,2,0x0,0x4,0,0,90,422,0.175781250000
80,512,3,0xA174BF6DA309ADE7,0xB,0x6,23,25,2,1,0xD,0xE,1,0,81,431,0.158203125000
80,512,4,0xA174BF6DA309ADE7,0xB,0xE,21,24,3,1,0x5,0x3,1,0,93,419,0.181640625000
80,512,5,0xA174BF6DA309ADE7,0xB,0x7,18,26,8,1,0xC,0xF,1,0,83,429,0.162109375000
80,512,6,0xA174BF6DA309ADE7,0xB,0x9,20,22,2,1,0x2,0x2,1,1,86,426,0.167968750000
80,512,7,0xA174BF6DA309ADE7,0xB,0x5,24,25,1,1,0xE,0xE,1,1,68,444,0.132812500000
80,1024,0,0xA174BF6DA309ADE7,0xB,0x3,48,56,8,1,0x8,0x2,1,0,156,868,0.152343750000
80,1024,1,0xA174BF6DA309ADE7,0xB,0x4,45,51,6,1,0xF,0x8,1,0,158,866,0.154296875000
80,1024,2,0xA174BF6DA309ADE7,0xB,0xB,55,58,3,1,0x0,0x4,1,0,169,855,0.165039062500
80,1024,3,0xA174BF6DA309ADE7,0xB,0x5,46,57,11,1,0xE,0xE,1,1,172,852,0.167968750000
80,1024,4,0xA174BF6DA309ADE7,0xB,0xE,44,48,4,1,0x5,0x3,1,0,179,845,0.174804687500
80,1024,5,0xA174BF6DA309ADE7,0xB,0x4,47,54,7,1,0xF,0xF,1,1,163,861,0.159179687500
80,1024,6,0xA174BF6DA309ADE7,0xB,0x9,47,49,2,1,0x2,0x2,1,1,165,859,0.161132812500
80,1024,7,0xA174BF6DA309ADE7,0xB,0x9,50,55,5,1,0x2,0xE,1,0,168,856,0.164062500000
80,1536,0,0xA174BF6DA309ADE7,0xB,0xA,82,86,4,1,0x1,0x2,1,0,223,1313,0.145182291667
80,1536,1,0xA174BF6DA309ADE7,0xB,0xD,77,82,5,1,0x6,0x8,1,0,252,1284,0.164062500000
80,1536,2,0xA174BF6DA309ADE7,0xB,0xF,73,84,11,1,0x4,0x4,1,1,269,1267,0.175130208333
80,1536,3,0xA174BF6DA309ADE7,0xB,0x5,80,83,3,2,0x0,0xE,0,0,272,1264,0.177083333333
80,1536,4,0xA174BF6DA309ADE7,0xB,0x8,81,87,6,2,0x0,0x3,0,0,248,1288,0.161458333333
80,1536,5,0xA174BF6DA309ADE7,0xB,0x4,72,89,17,1,0xF,0xF,1,1,228,1308,0.148437500000
80,1536,6,0xA174BF6DA309ADE7,0xB,0x9,71,75,4,1,0x2,0x2,1,1,255,1281,0.166015625000
80,1536,7,0xA174BF6DA309ADE7,0xB,0x5,80,83,3,1,0xE,0xE,1,1,258,1278,0.167968750000
80,2048,0,0xA174BF6DA309ADE7,0xB,0x3,117,119,2,1,0x8,0x2,1,0,309,1739,0.150878906250
80,2048,1,0xA174BF6DA309ADE7,0xB,0x6,115,117,2,2,0x0,0x8,0,0,335,1713,0.163574218750
80,2048,2,0xA174BF6DA309ADE7,0xB,0xF,103,117,14,1,0x4,0x4,1,1,350,1698,0.170898437500
80,2048,3,0xA174BF6DA309ADE7,0xB,0x6,99,105,6,1,0xD,0xE,1,0,357,1691,0.174316406250
80,2048,4,0xA174BF6DA309ADE7,0xB,0x8,104,107,3,1,0x3,0x3,1,1,342,1706,0.166992187500
80,2048,5,0xA174BF6DA309ADE7,0xB,0x4,98,114,16,1,0xF,0xF,1,1,317,1731,0.154785156250
80,2048,6,0xA174BF6DA309ADE7,0xB,0x9,95,103,8,1,0x2,0x2,1,1,363,1685,0.177246093750
80,2048,7,0xA174BF6DA309ADE7,0xB,0x5,100,109,9,1,0xE,0xE,1,1,342,1706,0.166992187500
80,3072,0,0xA174BF6DA309ADE7,0xB,0x3,176,177,1,1,0x8,0x2,1,0,473,2599,0.153971354167
80,3072,1,0xA174BF6DA309ADE7,0xB,0x3,170,176,6,1,0x8,0x8,1,1,491,2581,0.159830729167
80,3072,2,0xA174BF6DA309ADE7,0xB,0x6,169,170,1,1,0xD,0x4,1,0,510,2562,0.166015625000
80,3072,3,0xA174BF6DA309ADE7,0xB,0x6,157,160,3,1,0xD,0xE,1,0,544,2528,0.177083333333
80,3072,4,0xA174BF6DA309ADE7,0xB,0x8,157,177,20,1,0x3,0x3,1,1,492,2580,0.160156250000
80,3072,5,0xA174BF6DA309ADE7,0xB,0x4,143,174,31,1,0xF,0xF,1,1,478,2594,0.155598958333
80,3072,6,0xA174BF6DA309ADE7,0xB,0x9,145,170,25,1,0x2,0x2,1,1,531,2541,0.172851562500
80,3072,7,0xA174BF6DA309ADE7,0xB,0x5,151,168,17,1,0xE,0xE,1,1,495,2577,0.161132812500
80,4096,0,0xA174BF6DA309ADE7,0xB,0x9,232,240,8,1,0x2,0x2,1,1,644,3452,0.157226562500
80,4096,1,0xA174BF6DA309ADE7,0xB,0x3,227,239,12,1,0x8,0x8,1,1,653,3443,0.159423828125
80,4096,2,0xA174BF6DA309ADE7,0xB,0xF,231,242,11,1,0x4,0x4,1,1,660,3436,0.161132812500
80,4096,3,0xA174BF6DA309ADE7,0xB,0x5,219,226,7,1,0xE,0xE,1,1,707,3389,0.172607421875
80,4096,4,0xA174BF6DA309ADE7,0xB,0x8,206,235,29,1,0x3,0x3,1,1,667,3429,0.162841796875
80,4096,5,0xA174BF6DA309ADE7,0xB,0x4,209,238,29,1,0xF,0xF,1,1,633,3463,0.154541015625
80,4096,6,0xA174BF6DA309ADE7,0xB,0x9,199,228,29,1,0x2,0x2,1,1,699,3397,0.170654296875
80,4096,7,0xA174BF6DA309ADE7,0xB,0x5,202,231,29,1,0xE,0xE,1,1,674,3422,0.164550781250
80,6144,0,0xA174BF6DA309ADE7,0xB,0x9,330,365,35,1,0x2,0x2,1,1,981,5163,0.159667968750
80,6144,1,0xA174BF6DA309ADE7,0xB,0x3,329,365,36,1,0x8,0x8,1,1,967,5177,0.157389322917
80,6144,2,0xA174BF6DA309ADE7,0xB,0xF,333,367,34,1,0x4,0x4,1,1,978,5166,0.159179687500
80,6144,3,0xA174BF6DA309ADE7,0xB,0x5,310,357,47,1,0xE,0xE,1,1,1021,5123,0.166178385417
80,6144,4,0xA174BF6DA309ADE7,0xB,0x8,310,366,56,1,0x3,0x3,1,1,1001,5143,0.162923177083
80,6144,5,0xA174BF6DA309ADE7,0xB,0x4,322,353,31,1,0xF,0xF,1,1,950,5194,0.154622395833
80,6144,6,0xA174BF6DA309ADE7,0xB,0x9,294,361,67,1,0x2,0x2,1,1,1036,5108,0.168619791667
80,6144,7,0xA174BF6DA309ADE7,0xB,0x5,310,369,59,1,0xE,0xE,1,1,1001,5143,0.162923177083
80,8192,0,0xA174BF6DA309ADE7,0xB,0x9,422,498,76,1,0x2,0x2,1,1,1316,6876,0.160644531250
80,8192,1,0xA174BF6DA309ADE7,0xB,0x3,429,495,66,1,0x8,0x8,1,1,1311,6881,0.160034179688
80,8192,2,0xA174BF6DA309ADE7,0xB,0xF,438,485,47,1,0x4,0x4,1,1,1297,6895,0.158325195312
80,8192,3,0xA174BF6DA309ADE7,0xB,0x5,403,490,87,1,0xE,0xE,1,1,1376,6816,0.167968750000
80,8192,4,0xA174BF6DA309ADE7,0xB,0x8,415,489,74,1,0x3,0x3,1,1,1328,6864,0.162109375000
80,8192,5,0xA174BF6DA309ADE7,0xB,0x4,440,481,41,1,0xF,0xF,1,1,1267,6925,0.154663085938
80,8192,6,0xA174BF6DA309ADE7,0xB,0x9,388,479,91,1,0x2,0x2,1,1,1368,6824,0.166992187500
80,8192,7,0xA174BF6DA309ADE7,0xB,0x5,418,497,79,1,0xE,0xE,1,1,1366,6826,0.166748046875
80,12288,0,0xA174BF6DA309ADE7,0xB,0x9,629,731,102,1,0x2,0x2,1,1,1987,10301,0.161702473958
80,12288,1,0xA174BF6DA309ADE7,0xB,0x3,646,732,86,1,0x8,0x8,1,1,2010,10278,0.163574218750
80,12288,2,0xA174BF6DA309ADE7,0xB,0xF,632,731,99,1,0x4,0x4,1,1,1955,10333,0.159098307292
80,12288,3,0xA174BF6DA309ADE7,0xB,0x5,602,753,151,1,0xE,0xE,1,1,2034,10254,0.165527343750
80,12288,4,0xA174BF6DA309ADE7,0xB,0x8,607,749,142,1,0x3,0x3,1,1,2024,10264,0.164713541667
80,12288,5,0xA174BF6DA309ADE7,0xB,0x4,637,724,87,1,0xF,0xF,1,1,1926,10362,0.156738281250
80,12288,6,0xA174BF6DA309ADE7,0xB,0x9,617,733,116,1,0x2,0x2,1,1,2069,10219,0.168375651042
80,12288,7,0xA174BF6DA309ADE7,0xB,0x5,632,741,109,1,0xE,0xE,1,1,1990,10298,0.161946614583
80,16384,0,0xA174BF6DA309ADE7,0xB,0x9,853,988,135,1,0x2,0x2,1,1,2657,13727,0.162170410156
80,16384,1,0xA174BF6DA309ADE7,0xB,0x3,867,982,115,1,0x8,0x8,1,1,2694,13690,0.164428710938
80,16384,2,0xA174BF6DA309ADE7,0xB,0xF,824,962,138,1,0x4,0x4,1,1,2598,13786,0.158569335938
80,16384,3,0xA174BF6DA309ADE7,0xB,0x5,805,980,175,1,0xE,0xE,1,1,2709,13675,0.165344238281
80,16384,4,0xA174BF6DA309ADE7,0xB,0x8,808,1003,195,1,0x3,0x3,1,1,2683,13701,0.163757324219
80,16384,5,0xA174BF6DA309ADE7,0xB,0x4,842,992,150,1,0xF,0xF,1,1,2560,13824,0.156250000000
80,16384,6,0xA174BF6DA309ADE7,0xB,0x9,828,976,148,1,0x2,0x2,1,1,2742,13642,0.167358398438
80,16384,7,0xA174BF6DA309ADE7,0xB,0x5,846,963,117,1,0xE,0xE,1,1,2678,13706,0.163452148438
80,24576,0,0xA174BF6DA309ADE7,0xB,0x9,1314,1470,156,1,0x2,0x2,1,1,3942,20634,0.160400390625
80,24576,1,0xA174BF6DA309ADE7,0xB,0x3,1288,1484,196,1,0x8,0x8,1,1,3996,20580,0.162597656250
80,24576,2,0xA174BF6DA309ADE7,0xB,0xF,1239,1484,245,1,0x4,0x4,1,1,3950,20626,0.160725911458
80,24576,3,0xA174BF6DA309ADE7,0xB,0x5,1257,1487,230,1,0xE,0xE,1,1,4008,20568,0.163085937500
80,24576,4,0xA174BF6DA309ADE7,0xB,0x8,1201,1502,301,1,0x3,0x3,1,1,4043,20533,0.164510091146
80,24576,5,0xA174BF6DA309ADE7,0xB,0x4,1290,1488,198,1,0xF,0xF,1,1,3912,20664,0.159179687500
80,24576,6,0xA174BF6DA309ADE7,0xB,0x9,1248,1467,219,1,0x2,0x2,1,1,4100,20476,0.166829427083
80,24576,7,0xA174BF6DA309ADE7,0xB,0x5,1282,1499,217,1,0xE,0xE,1,1,4070,20506,0.165608723958
80,32768,0,0xA174BF6DA309ADE7,0xB,0x9,1746,1998,252,1,0x2,0x2,1,1,5259,27509,0.160491943359
80,32768,1,0xA174BF6DA309ADE7,0xB,0x3,1726,1987,261,1,0x8,0x8,1,1,5340,27428,0.162963867188
80,32768,2,0xA174BF6DA309ADE7,0xB,0xF,1690,1995,305,1,0x4,0x4,1,1,5351,27417,0.163299560547
80,32768,3,0xA174BF6DA309ADE7,0xB,0x5,1723,1988,265,1,0xE,0xE,1,1,5351,27417,0.163299560547
80,32768,4,0xA174BF6DA309ADE7,0xB,0x8,1636,2009,373,1,0x3,0x3,1,1,5353,27415,0.163360595703
80,32768,5,0xA174BF6DA309ADE7,0xB,0x4,1714,1995,281,1,0xF,0xF,1,1,5239,27529,0.159881591797
80,32768,6,0xA174BF6DA309ADE7,0xB,0x9,1717,1954,237,1,0x2,0x2,1,1,5467,27301,0.166839599609
80,32768,7,0xA174BF6DA309ADE7,0xB,0x5,1730,1994,264,1,0xE,0xE,1,1,5418,27350,0.165344238281
81,512,0,0xBBA5C2CE4004DE1C,0xB,0x1,17,23,6,1,0xA,0xA,1,1,75,437,0.146484375000
81,512,1,0xBBA5C2CE4004DE1C,0xB,0xE,26,27,1,1,0x5,0x6,1,0,75,437,0.146484375000
81,512,2,0xBBA5C2CE4004DE1C,0xB,0xB,24,25,1,1,0x0,0xA,1,0,86,426,0.167968750000
81,512,3,0xBBA5C2CE4004DE1C,0xB,0x5,23,25,2,1,0xE,0xE,1,1,76,436,0.148437500000
81,512,4,0xBBA5C2CE4004DE1C,0xB,0x7,16,24,8,1,0xC,0xC,1,1,84,428,0.164062500000
81,512,5,0xBBA5C2CE4004DE1C,0xB,0x7,26,28,2,1,0xC,0xB,1,0,80,432,0.156250000000
81,512,6,0xBBA5C2CE4004DE1C,0xB,0x7,22,24,2,1,0xC,0x0,1,0,85,427,0.166015625000
81,512,7,0xBBA5C2CE4004DE1C,0xB,0x8,18,21,3,1,0x3,0x9,1,0,86,426,0.167968750000
81,1024,0,0xBBA5C2CE4004DE1C,0xB,0x1,44,52,8,1,0xA,0xA,1,1,156,868,0.152343750000
81,1024,1,0xBBA5C2CE4004DE1C,0xB,0x0,52,54,2,1,0xB,0x6,1,0,147,877,0.143554687500
81,1024,2,0xBBA5C2CE4004DE1C,0xB,0x1,50,56,6,1,0xA,0xA,1,1,171,853,0.166992187500
81,1024,3,0xBBA5C2CE4004DE1C,0xB,0x5,50,56,6,1,0xE,0xE,1,1,145,879,0.141601562500
81,1024,4,0xBBA5C2CE4004DE1C,0xB,0x7,49,54,5,1,0xC,0xC,1,1,181,843,0.176757812500
81,1024,5,0xBBA5C2CE4004DE1C,0xB,0x2,54,55,1,1,0x9,0xB,1,0,164,860,0.160156250000
81,1024,6,0xBBA5C2CE4004DE1C,0xB,0x8,50,52,2,1,0x3,0x0,1,0,164,860,0.160156250000
81,1024,7,0xBBA5C2CE4004DE1C,0xB,0x8,43,45,2,1,0x3,0x9,1,0,158,866,0.154296875000
81,1536,0,0xBBA5C2CE4004DE1C,0xB,0x1,63,83,20,1,0xA,0xA,1,1,230,1306,0.149739583333
81,1536,1,0xBBA5C2CE4004DE1C,0xB,0xE,81,83,2,1,0x5,0x6,1,0,254,1282,0.165364583333
81,1536,2,0xBBA5C2CE4004DE1C,0xB,0x9,82,83,1,1,0x2,0xA,1,0,251,1285,0.163411458333
81,1536,3,0xBBA5C2CE4004DE1C,0xB,0x5,77,83,6,1,0xE,0xE,1,1,249,1287,0.162109375000
81,1536,4,0xBBA5C2CE4004DE1C,0xB,0x7,71,81,10,1,0xC,0xC,1,1,257,1279,0.167317708333
81,1536,5,0xBBA5C2CE4004DE1C,0xB,0x6,84,87,3,1,0xD,0xB,1,0,238,1298,0.154947916667
81,1536,6,0xBBA5C2CE4004DE1C,0xB,0x1,82,83,1,1,0xA,0x0,1,0,243,1293,0.158203125000
81,1536,7,0xBBA5C2CE4004DE1C,0xB,0x7,76,80,4,1,0xC,0x9,1,0,225,1311,0.146484375000
81,2048,0,0xBBA5C2CE4004DE1C,0xB,0x1,88,107,19,1,0xA,0xA,1,1,305,1743,0.148925781250
81,2048,1,0xBBA5C2CE4004DE1C,0xB,0x0,107,111,4,1,0xB,0x6,1,0,335,1713,0.163574218750
81,2048,2,0xBBA5C2CE4004DE1C,0xB,0x1,110,114,4,1,0xA,0xA,1,1,343,1705,0.167480468750
81,2048,3,0xBBA5C2CE4004DE1C,0xB,0x5,106,111,5,1,0xE,0xE,1,1,327,1721,0.159667968750
81,2048,4,0xBBA5C2CE4004DE1C,0xB,0x7,97,107,10,1,0xC,0xC,1,1,343,1705,0.167480468750
81,2048,5,0xBBA5C2CE4004DE1C,0xB,0x6,115,120,5,2,0x0,0xB,0,0,324,1724,0.158203125000
81,2048,6,0xBBA5C2CE4004DE1C,0xB,0x1,108,116,8,1,0xA,0x0,1,0,336,1712,0.164062500000
81,2048,7,0xBBA5C2CE4004DE1C,0xB,0x7,107,114,7,1,0xC,0x9,1,0,307,1741,0.149902343750
81,3072,0,0xBBA5C2CE4004DE1C,0xB,0x1,134,151,17,1,0xA,0xA,1,1,457,2615,0.148763020833
81,3072,1,0xBBA5C2CE4004DE1C,0xB,0xD,161,170,9,1,0x6,0x6,1,1,500,2572,0.162760416667
81,3072,2,0xBBA5C2CE4004DE1C,0xB,0x1,160,172,12,1,0xA,0xA,1,1,491,2581,0.159830729167
81,3072,3,0xBBA5C2CE4004DE1C,0xB,0x5,170,171,1,1,0xE,0xE,1,1,496,2576,0.161458333333
81,3072,4,0xBBA5C2CE4004DE1C,0xB,0xC,160,173,13,1,0x7,0xC,1,0,499,2573,0.162434895833
81,3072,5,0xBBA5C2CE4004DE1C,0xB,0xC,172,174,2,1,0x7,0xB,1,0,501,2571,0.163085937500
81,3072,6,0xBBA5C2CE4004DE1C,0xB,0x1,163,179,16,1,0xA,0x0,1,0,513,2559,0.166992187500
81,3072,7,0xBBA5C2CE4004DE1C,0xB,0x9,167,169,2,1,0x2,0x9,1,0,478,2594,0.155598958333
81,4096,0,0xBBA5C2CE4004DE1C,0xB,0x1,199,214,15,1,0xA,0xA,1,1,615,3481,0.150146484375
81,4096,1,0xBBA5C2CE4004DE1C,0xB,0xD,219,225,6,1,0x6,0x6,1,1,672,3424,0.164062500000
81,4096,2,0xBBA5C2CE4004DE1C,0xB,0x1,214,231,17,1,0xA,0xA,1,1,649,3447,0.158447265625
81,4096,3,0xBBA5C2CE4004DE1C,0xB,0xC,222,231,9,1,0x7,0xE,1,0,646,3450,0.157714843750
81,4096,4,0xBBA5C2CE4004DE1C,0xB,0xC,223,227,4,1,0x7,0xC,1,0,688,3408,0.167968750000
81,4096,5,0xBBA5C2CE4004DE1C,0xB,0xF,238,239,1,1,0x4,0xB,1,0,672,3424,0.164062500000
81,4096,6,0xBBA5C2CE4004DE1C,0xB,0x1,231,233,2,1,0xA,0x0,1,0,686,3410,0.167480468750
81,4096,7,0xBBA5C2CE4004DE1C,0xB,0x9,226,227,1,1,0x2,0x9,1,0,642,3454,0.156738281250
81,6144,0,0xBBA5C2CE4004DE1C,0xB,0x1,313,355,42,1,0xA,0xA,1,1,949,5195,0.154459635417
81,6144,1,0xBBA5C2CE4004DE1C,0xB,0xD,312,339,27,1,0x6,0x6,1,1,1020,5124,0.166015625000
81,6144,2,0xBBA5C2CE4004DE1C,0xB,0x1,337,363,26,1,0xA,0xA,1,1,1003,5141,0.163248697917
81,6144,3,0xBBA5C2CE4004DE1C,0xB,0xC,329,339,10,1,0x7,0xE,1,0,966,5178,0.157226562500
81,6144,4,0xBBA5C2CE4004DE1C,0xB,0x7,311,347,36,1,0xC,0xC,1,1,1044,5100,0.169921875000
81,6144,5,0xBBA5C2CE4004DE1C,0xB,0x0,345,361,16,1,0xB,0xB,1,1,1001,5143,0.162923177083
81,6144,6,0xBBA5C2CE4004DE1C,0xB,0xB,338,362,24,1,0x0,0x0,1,1,991,5153,0.161295572917
81,6144,7,0xBBA5C2CE4004DE1C,0xB,0x2,338,351,13,1,0x9,0x9,1,1,982,5162,0.159830729167
81,8192,0,0xBBA5C2CE4004DE1C,0xB,0x1,428,475,47,1,0xA,0xA,1,1,1268,6924,0.154785156250
81,8192,1,0xBBA5C2CE4004DE1C,0xB,0xD,415,451,36,1,0x6,0x6,1,1,1348,6844,0.164550781250
81,8192,2,0xBBA5C2CE4004DE1C,0xB,0x1,453,466,13,1,0xA,0xA,1,1,1323,6869,0.161499023438
81,8192,3,0xBBA5C2CE4004DE1C,0xB,0x5,438,460,22,1,0xE,0xE,1,1,1302,6890,0.158935546875
81,8192,4,0xBBA5C2CE4004DE1C,0xB,0x7,421,466,45,1,0xC,0xC,1,1,1397,6795,0.170532226562
81,8192,5,0xBBA5C2CE4004DE1C,0xB,0x0,457,485,28,1,0xB,0xB,1,1,1337,6855,0.163208007812
81,8192,6,0xBBA5C2CE4004DE1C,0xB,0xB,440,487,47,1,0x0,0x0,1,1,1334,6858,0.162841796875
81,8192,7,0xBBA5C2CE4004DE1C,0xB,0x2,452,493,41,1,0x9,0x9,1,1,1318,6874,0.160888671875
81,12288,0,0xBBA5C2CE4004DE1C,0xB,0x1,652,729,77,1,0xA,0xA,1,1,1947,10341,0.158447265625
81,12288,1,0xBBA5C2CE4004DE1C,0xB,0xD,669,726,57,1,0x6,0x6,1,1,2021,10267,0.164469401042
81,12288,2,0xBBA5C2CE4004DE1C,0xB,0x1,655,716,61,1,0xA,0xA,1,1,2003,10285,0.163004557292
81,12288,3,0xBBA5C2CE4004DE1C,0xB,0x5,674,732,58,1,0xE,0xE,1,1,1969,10319,0.160237630208
81,12288,4,0xBBA5C2CE4004DE1C,0xB,0x7,615,729,114,1,0xC,0xC,1,1,2069,10219,0.168375651042
81,12288,5,0xBBA5C2CE4004DE1C,0xB,0x0,666,722,56,1,0xB,0xB,1,1,2049,10239,0.166748046875
81,12288,6,0xBBA5C2CE4004DE1C,0xB,0xB,645,740,95,1,0x0,0x0,1,1,1986,10302,0.161621093750
81,12288,7,0xBBA5C2CE4004DE1C,0xB,0x2,648,746,98,1,0x9,0x9,1,1,2042,10246,0.166178385417
81,16384,0,0xBBA5C2CE4004DE1C,0xB,0x1,882,994,112,1,0xA,0xA,1,1,2667,13717,0.162780761719
81,16384,1,0xBBA5C2CE4004DE1C,0xB,0xD,866,971,105,1,0x6,0x6,1,1,2681,13703,0.163635253906
81,16384,2,0xBBA5C2CE4004DE1C,0xB,0x1,839,968,129,1,0xA,0xA,1,1,2682,13702,0.163696289062
81,16384,3,0xBBA5C2CE4004DE1C,0xB,0x5,905,984,79,1,0xE,0xE,1,1,2620,13764,0.159912109375
81,16384,4,0xBBA5C2CE4004DE1C,0xB,0x7,816,979,163,1,0xC,0xC,1,1,2744,13640,0.167480468750
81,16384,5,0xBBA5C2CE4004DE1C,0xB,0x0,862,988,126,1,0xB,0xB,1,1,2690,13694,0.164184570312
81,16384,6,0xBBA5C2CE4004DE1C,0xB,0xB,875,994,119,1,0x0,0x0,1,1,2654,13730,0.161987304688
81,16384,7,0xBBA5C2CE4004DE1C,0xB,0x2,859,995,136,1,0x9,0x9,1,1,2718,13666,0.165893554688
81,24576,0,0xBBA5C2CE4004DE1C,0xB,0x1,1337,1501,164,1,0xA,0xA,1,1,4025,20551,0.163777669271
81,24576,1,0xBBA5C2CE4004DE1C,0xB,0xD,1317,1474,157,1,0x6,0x6,1,1,3958,20618,0.161051432292
81,24576,2,0xBBA5C2CE4004DE1C,0xB,0x1,1236,1488,252,1,0xA,0xA,1,1,4054,20522,0.164957682292
81,24576,3,0xBBA5C2CE4004DE1C,0xB,0x5,1360,1493,133,1,0xE,0xE,1,1,3969,20607,0.161499023438
81,24576,4,0xBBA5C2CE4004DE1C,0xB,0x7,1238,1474,236,1,0xC,0xC,1,1,4116,20460,0.167480468750
81,24576,5,0xBBA5C2CE4004DE1C,0xB,0x0,1274,1475,201,1,0xB,0xB,1,1,4027,20549,0.163859049479
81,24576,6,0xBBA5C2CE4004DE1C,0xB,0xB,1339,1510,171,1,0x0,0x0,1,1,4022,20554,0.163655598958
81,24576,7,0xBBA5C2CE4004DE1C,0xB,0x2,1308,1480,172,1,0x9,0x9,1,1,4085,20491,0.166219075521
81,32768,0,0xBBA5C2CE4004DE1C,0xB,0x1,1784,1996,212,1,0xA,0xA,1,1,5357,27411,0.163482666016
81,32768,1,0xBBA5C2CE4004DE1C,0xB,0xD,1766,1992,226,1,0x6,0x6,1,1,5299,27469,0.161712646484
81,32768,2,0xBBA5C2CE4004DE1C,0xB,0x1,1665,2000,335,1,0xA,0xA,1,1,5362,27406,0.163635253906
81,32768,3,0xBBA5C2CE4004DE1C,0xB,0x5,1764,2014,250,1,0xE,0xE,1,1,5284,27484,0.161254882812
81,32768,4,0xBBA5C2CE4004DE1C,0xB,0x7,1675,1982,307,1,0xC,0xC,1,1,5394,27374,0.164611816406
81,32768,5,0xBBA5C2CE4004DE1C,0xB,0x0,1730,2003,273,1,0xB,0xB,1,1,5371,27397,0.163909912109
81,32768,6,0xBBA5C2CE4004DE1C,0xB,0xB,1735,2035,300,1,0x0,0x0,1,1,5370,27398,0.163879394531
81,32768,7,0xBBA5C2CE4004DE1C,0xB,0x2,1753,1998,245,1,0x9,0x9,1,1,5441,27327,0.166046142578
82,512,0,0xEB8F59BD3867B52E,0x5,0x1,21,23,2,1,0x4,0x4,1,1,76,436,0.148437500000
82,512,1,0xEB8F59BD3867B52E,0x5,0x4,21,25,4,1,0x1,0x1,1,1,97,415,0.189453125000
82,512,2,0xEB8F59BD3867B52E,0x5,0xB,25,26,1,2,0x0,0xE,0,0,79,433,0.154296875000
82,512,3,0xEB8F59BD3867B52E,0x5,0x4,19,22,3,1,0x1,0x4,1,0,91,421,0.177734375000
82,512,4,0xEB8F59BD3867B52E,0x5,0x5,24,25,1,1,0x0,0x0,1,1,73,439,0.142578125000
82,512,5,0xEB8F59BD3867B52E,0x5,0x6,14,23,9,1,0x3,0xB,1,0,73,439,0.142578125000
82,512,6,0xEB8F59BD3867B52E,0x5,0x1,22,25,3,1,0x4,0x4,1,1,88,424,0.171875000000
82,512,7,0xEB8F59BD3867B52E,0x5,0x4,24,25,1,2,0x0,0x8,0,0,72,440,0.140625000000
82,1024,0,0xEB8F59BD3867B52E,0x5,0x1,48,52,4,2,0x0,0x4,0,0,151,873,0.147460937500
82,1024,1,0xEB8F59BD3867B52E,0x5,0x4,48,55,7,1,0x1,0x1,1,1,187,837,0.182617187500
82,1024,2,0xEB8F59BD3867B52E,0x5,0xB,51,54,3,1,0xE,0xE,1,1,159,865,0.155273437500
82,1024,3,0xEB8F59BD3867B52E,0x5,0x4,51,53,2,1,0x1,0x4,1,0,195,829,0.190429687500
82,1024,4,0xEB8F59BD3867B52E,0x5,0x0,48,52,4,1,0x5,0x0,1,0,145,879,0.141601562500
82,1024,5,0xEB8F59BD3867B52E,0x5,0x6,44,48,4,1,0x3,0xB,1,0,150,874,0.146484375000
82,1024,6,0xEB8F59BD3867B52E,0x5,0x1,53,55,2,1,0x4,0x4,1,1,172,852,0.167968750000
82,1024,7,0xEB8F59BD3867B52E,0x5,0xD,47,49,2,1,0x8,0x8,1,1,150,874,0.146484375000
82,1536,0,0xEB8F59BD3867B52E,0x5,0x1,71,82,11,1,0x4,0x4,1,1,230,1306,0.149739583333
82,1536,1,0xEB8F59BD3867B52E,0x5,0x4,79,85,6,1,0x1,0x1,1,1,268,1268,0.174479166667
82,1536,2,0xEB8F59BD3867B52E,0x5,0xB,78,85,7,1,0xE,0xE,1,1,245,1291,0.159505208333
82,1536,3,0xEB8F59BD3867B52E,0x5,0x4,82,85,3,1,0x1,0x4,1,0,261,1275,0.169921875000
82,1536,4,0xEB8F59BD3867B52E,0x5,0x0,73,81,8,1,0x5,0x0,1,0,231,1305,0.150390625000
82,1536,5,0xEB8F59BD3867B52E,0x5,0xE,80,81,1,1,0xB,0xB,1,1,246,1290,0.160156250000
82,1536,6,0xEB8F59BD3867B52E,0x5,0x1,76,89,13,1,0x4,0x4,1,1,251,1285,0.163411458333
82,1536,7,0xEB8F59BD3867B52E,0x5,0xD,72,83,11,1,0x8,0x8,1,1,226,1310,0.147135416667
82,2048,0,0xEB8F59BD3867B52E,0x5,0x1,101,116,15,1,0x4,0x4,1,1,314,1734,0.153320312500
82,2048,1,0xEB8F59BD3867B52E,0x5,0x3,106,108,2,1,0x6,0x1,1,0,346,1702,0.168945312500
82,2048,2,0xEB8F59BD3867B52E,0x5,0x5,113,118,5,1,0x0,0xE,1,0,329,1719,0.160644531250
82,2048,3,0xEB8F59BD3867B52E,0x5,0x1,108,109,1,1,0x4,0x4,1,1,345,1703,0.168457031250
82,2048,4,0xEB8F59BD3867B52E,0x5,0x5,103,107,4,1,0x0,0x0,1,1,314,1734,0.153320312500
82,2048,5,0xEB8F59BD3867B52E,0x5,0xE,105,112,7,1,0xB,0xB,1,1,338,1710,0.165039062500
82,2048,6,0xEB8F59BD3867B52E,0x5,0x1,106,121,15,1,0x4,0x4,1,1,346,1702,0.168945312500
82,2048,7,0xEB8F59BD3867B52E,0x5,0xD,104,117,13,1,0x8,0x8,1,1,315,1733,0.153808593750
82,3072,0,0xEB8F59BD3867B52E,0x5,0x1,156,177,21,1,0x4,0x4,1,1,461,2611,0.150065104167
82,3072,1,0xEB8F59BD3867B52E,0x5,0x3,167,170,3,1,0x6,0x1,1,0,498,2574,0.162109375000
82,3072,2,0xEB8F59BD3867B52E,0x5,0x8,169,180,11,1,0xD,0xE,1,0,504,2568,0.164062500000
82,3072,3,0xEB8F59BD3867B52E,0x5,0x1,158,170,12,1,0x4,0x4,1,1,525,2547,0.170898437500
82,3072,4,0xEB8F59BD3867B52E,0x5,0x5,141,164,23,1,0x0,0x0,1,1,489,2583,0.159179687500
82,3072,5,0xEB8F59BD3867B52E,0x5,0xE,157,176,19,1,0xB,0xB,1,1,523,2549,0.170247395833
82,3072,6,0xEB8F59BD3867B52E,0x5,0x1,164,180,16,1,0x4,0x4,1,1,500,2572,0.162760416667
82,3072,7,0xEB8F59BD3867B52E,0x5,0xD,166,181,15,1,0x8,0x8,1,1,487,2585,0.158528645833
82,4096,0,0xEB8F59BD3867B52E,0x5,0x1,211,238,27,1,0x4,0x4,1,1,638,3458,0.155761718750
82,4096,1,0xEB8F59BD3867B52E,0x5,0x3,228,229,1,1,0x6,0x1,1,0,654,3442,0.159667968750
82,4096,2,0xEB8F59BD3867B52E,0x5,0xB,225,230,5,1,0xE,0xE,1,1,676,3420,0.165039062500
82,4096,3,0xEB8F59BD3867B52E,0x5,0xC,228,229,1,1,0x9,0x4,1,0,687,3409,0.167724609375
82,4096,4,0xEB8F59BD3867B52E,0x5,0x5,195,223,28,1,0x0,0x0,1,1,660,3436,0.161132812500
82,4096,5,0xEB8F59BD3867B52E,0x5,0xE,216,236,20,1,0xB,0xB,1,1,686,3410,0.167480468750
82,4096,6,0xEB8F59BD3867B52E,0x5,0x1,210,239,29,1,0x4,0x4,1,1,662,3434,0.161621093750
82,4096,7,0xEB8F59BD3867B52E,0x5,0xD,212,240,28,1,0x8,0x8,1,1,673,3423,0.164306640625
82,6144,0,0xEB8F59BD3867B52E,0x5,0x1,323,362,39,1,0x4,0x4,1,1,954,5190,0.155273437500
82,6144,1,0xEB8F59BD3867B52E,0x5,0x4,339,353,14,1,0x1,0x1,1,1,1010,5134,0.164388020833
82,6144,2,0xEB8F59BD3867B52E,0x5,0xB,333,354,21,1,0xE,0xE,1,1,1012,5132,0.164713541667
82,6144,3,0xEB8F59BD3867B52E,0x5,0x1,338,356,18,1,0x4,0x4,1,1,1026,5118,0.166992187500
82,6144,4,0xEB8F59BD3867B52E,0x5,0x5,310,351,41,1,0x0,0x0,1,1,1006,5138,0.163736979167
82,6144,5,0xEB8F59BD3867B52E,0x5,0xE,336,352,16,1,0xB,0xB,1,1,996,5148,0.162109375000
82,6144,6,0xEB8F59BD3867B52E,0x5,0x1,326,350,24,1,0x4,0x4,1,1,1008,5136,0.164062500000
82,6144,7,0xEB8F59BD3867B52E,0x5,0xD,319,338,19,1,0x8,0x8,1,1,1038,5106,0.168945312500
82,8192,0,0xEB8F59BD3867B52E,0x5,0x1,416,499,83,1,0x4,0x4,1,1,1295,6897,0.158081054688
82,8192,1,0xEB8F59BD3867B52E,0x5,0x4,464,484,20,1,0x1,0x1,1,1,1364,6828,0.166503906250
82,8192,2,0xEB8F59BD3867B52E,0x5,0xB,444,489,45,1,0xE,0xE,1,1,1371,6821,0.167358398438
82,8192,3,0xEB8F59BD3867B52E,0x5,0x1,425,476,51,1,0x4,0x4,1,1,1382,6810,0.168701171875
82,8192,4,0xEB8F59BD3867B52E,0x5,0x5,405,476,71,1,0x0,0x0,1,1,1324,6868,0.161621093750
82,8192,5,0xEB8F59BD3867B52E,0x5,0xE,458,464,6,1,0xB,0xB,1,1,1326,6866,0.161865234375
82,8192,6,0xEB8F59BD3867B52E,0x5,0x1,437,479,42,1,0x4,0x4,1,1,1362,6830,0.166259765625
82,8192,7,0xEB8F59BD3867B52E,0x5,0xD,434,472,38,1,0x8,0x8,1,1,1374,6818,0.167724609375
82,12288,0,0xEB8F59BD3867B52E,0x5,0x1,621,738,117,1,0x4,0x4,1,1,1968,10320,0.160156250000
82,12288,1,0xEB8F59BD3867B52E,0x5,0x4,699,728,29,1,0x1,0x1,1,1,2003,10285,0.163004557292
82,12288,2,0xEB8F59BD3867B52E,0x5,0xB,642,737,95,1,0xE,0xE,1,1,2042,10246,0.166178385417
82,12288,3,0xEB8F59BD3867B52E,0x5,0x1,641,726,85,1,0x4,0x4,1,1,2052,10236,0.166992187500
82,12288,4,0xEB8F59BD3867B52E,0x5,0x5,617,736,119,1,0x0,0x0,1,1,1942,10346,0.158040364583
82,12288,5,0xEB8F59BD3867B52E,0x5,0xE,680,728,48,1,0xB,0xB,1,1,1983,10305,0.161376953125
82,12288,6,0xEB8F59BD3867B52E,0x5,0x1,660,733,73,1,0x4,0x4,1,1,2034,10254,0.165527343750
82,12288,7,0xEB8F59BD3867B52E,0x5,0xD,658,723,65,1,0x8,0x8,1,1,2028,10260,0.165039062500
82,16384,0,0xEB8F59BD3867B52E,0x5,0x1,840,995,155,1,0x4,0x4,1,1,2674,13710,0.163208007812
82,16384,1,0xEB8F59BD3867B52E,0x5,0x4,893,967,74,1,0x1,0x1,1,1,2684,13700,0.163818359375
82,16384,2,0xEB8F59BD3867B52E,0x5,0xB,850,990,140,1,0xE,0xE,1,1,2731,13653,0.166687011719
82,16384,3,0xEB8F59BD3867B52E,0x5,0x1,866,950,84,1,0x4,0x4,1,1,2719,13665,0.165954589844
82,16384,4,0xEB8F59BD3867B52E,0x5,0x5,825,991,166,1,0x0,0x0,1,1,2611,13773,0.159362792969
82,16384,5,0xEB8F59BD3867B52E,0x5,0xE,890,985,95,1,0xB,0xB,1,1,2670,13714,0.162963867188
82,16384,6,0xEB8F59BD3867B52E,0x5,0x1,859,979,120,1,0x4,0x4,1,1,2735,13649,0.166931152344
82,16384,7,0xEB8F59BD3867B52E,0x5,0xD,865,948,83,1,0x8,0x8,1,1,2705,13679,0.165100097656
82,24576,0,0xEB8F59BD3867B52E,0x5,0x1,1266,1508,242,1,0x4,0x4,1,1,3994,20582,0.162516276042
82,24576,1,0xEB8F59BD3867B52E,0x5,0x4,1327,1484,157,1,0x1,0x1,1,1,4050,20526,0.164794921875
82,24576,2,0xEB8F59BD3867B52E,0x5,0xB,1275,1493,218,1,0xE,0xE,1,1,4109,20467,0.167195638021
82,24576,3,0xEB8F59BD3867B52E,0x5,0x1,1298,1458,160,1,0x4,0x4,1,1,4065,20511,0.165405273438
82,24576,4,0xEB8F59BD3867B52E,0x5,0x5,1256,1492,236,1,0x0,0x0,1,1,3941,20635,0.160359700521
82,24576,5,0xEB8F59BD3867B52E,0x5,0xE,1314,1506,192,1,0xB,0xB,1,1,3933,20643,0.160034179688
82,24576,6,0xEB8F59BD3867B52E,0x5,0x1,1289,1449,160,1,0x4,0x4,1,1,4123,20453,0.167765299479
82,24576,7,0xEB8F59BD3867B52E,0x5,0xD,1285,1420,135,1,0x8,0x8,1,1,4017,20559,0.163452148438
82,32768,0,0xEB8F59BD3867B52E,0x5,0x1,1691,2023,332,1,0x4,0x4,1,1,5218,27550,0.159240722656
82,32768,1,0xEB8F59BD3867B52E,0x5,0x4,1730,1976,246,1,0x1,0x1,1,1,5374,27394,0.164001464844
82,32768,2,0xEB8F59BD3867B52E,0x5,0xB,1706,1993,287,1,0xE,0xE,1,1,5480,27288,0.167236328125
82,32768,3,0xEB8F59BD3867B52E,0x5,0x1,1706,1975,269,1,0x4,0x4,1,1,5438,27330,0.165954589844
82,32768,4,0xEB8F59BD3867B52E,0x5,0x5,1697,2013,316,1,0x0,0x0,1,1,5255,27513,0.160369873047
82,32768,5,0xEB8F59BD3867B52E,0x5,0xE,1765,1994,229,1,0xB,0xB,1,1,5240,27528,0.159912109375
82,32768,6,0xEB8F59BD3867B52E,0x5,0x1,1729,1951,222,1,0x4,0x4,1,1,5455,27313,0.166473388672
82,32768,7,0xEB8F59BD3867B52E,0x5,0xD,1723,1901,178,1,0x8,0x8,1,1,5377,27391,0.164093017578
83,512,0,0xE9D1AB28CB7E7D5F,0xE,0xD,25,26,1,1,0x3,0x3,1,1,72,440,0.140625000000
83,512,1,0xE9D1AB28CB7E7D5F,0xE,0xB,26,28,2,2,0x0,0x3,0,0,84,428,0.164062500000
83,512,2,0xE9D1AB28CB7E7D5F,0xE,0xA,25,26,1,1,0x4,0x7,1,0,82,430,0.160156250000
83,512,3,0xE9D1AB28CB7E7D5F,0xE,0xC,22,25,3,1,0x2,0x8,1,0,87,425,0.169921875000
83,512,4,0xE9D1AB28CB7E7D5F,0xE,0xF,22,25,3,1,0x1,0x4,1,0,76,436,0.148437500000
83,512,5,0xE9D1AB28CB7E7D5F,0xE,0x7,23,26,3,2,0x0,0xE,0,0,80,432,0.156250000000
83,512,6,0xE9D1AB28CB7E7D5F,0xE,0xF,20,27,7,1,0x1,0x1,1,1,83,429,0.162109375000
83,512,7,0xE9D1AB28CB7E7D5F,0xE,0x0,24,27,3,2,0x0,0x9,0,0,72,440,0.140625000000
83,1024,0,0xE9D1AB28CB7E7D5F,0xE,0xD,50,54,4,1,0x3,0x3,1,1,154,870,0.150390625000
83,1024,1,0xE9D1AB28CB7E7D5F,0xE,0xD,56,57,1,1,0x3,0x3,1,1,170,854,0.166015625000
83,1024,2,0xE9D1AB28CB7E7D5F,0xE,0x9,50,51,1,1,0x7,0x7,1,1,170,854,0.166015625000
83,1024,3,0xE9D1AB28CB7E7D5F,0xE,0x1,55,57,2,1,0xF,0x8,1,0,164,860,0.160156250000
83,1024,4,0xE9D1AB28CB7E7D5F,0xE,0x6,55,56,1,1,0x8,0x4,1,0,164,860,0.160156250000
83,1024,5,0xE9D1AB28CB7E7D5F,0xE,0x7,47,53,6,1,0x9,0xE,1,0,181,843,0.176757812500
83,1024,6,0xE9D1AB28CB7E7D5F,0xE,0xF,47,55,8,1,0x1,0x1,1,1,181,843,0.176757812500
83,1024,7,0xE9D1AB28CB7E7D5F,0xE,0xF,52,54,2,1,0x1,0x9,1,0,161,863,0.157226562500
83,1536,0,0xE9D1AB28CB7E7D5F,0xE,0xC,82,90,8,1,0x2,0x3,1,0,229,1307,0.149088541667
83,1536,1,0xE9D1AB28CB7E7D5F,0xE,0x2,83,84,1,1,0xC,0x3,1,0,261,1275,0.169921875000
83,1536,2,0xE9D1AB28CB7E7D5F,0xE,0x9,72,79,7,1,0x7,0x7,1,1,237,1299,0.154296875000
83,1536,3,0xE9D1AB28CB7E7D5F,0xE,0x0,85,86,1,3,0x0,0x8,0,0,247,1289,0.160807291667
83,1536,4,0xE9D1AB28CB7E7D5F,0xE,0x3,72,81,9,1,0xD,0x4,1,0,258,1278,0.167968750000
83,1536,5,0xE9D1AB28CB7E7D5F,0xE,0x8,74,76,2,1,0x6,0xE,1,0,261,1275,0.169921875000
83,1536,6,0xE9D1AB28CB7E7D5F,0xE,0xF,78,83,5,1,0x1,0x1,1,1,263,1273,0.171223958333
83,1536,7,0xE9D1AB28CB7E7D5F,0xE,0x7,80,87,7,1,0x9,0x9,1,1,239,1297,0.155598958333
83,2048,0,0xE9D1AB28CB7E7D5F,0xE,0xC,103,114,11,1,0x2,0x3,1,0,314,1734,0.153320312500
83,2048,1,0xE9D1AB28CB7E7D5F,0xE,0xD,106,119,13,1,0x3,0x3,1,1,346,1702,0.168945312500
83,2048,2,0xE9D1AB28CB7E7D5F,0xE,0x9,99,108,9,1,0x7,0x7,1,1,310,1738,0.151367187500
83,2048,3,0xE9D1AB28CB7E7D5F,0xE,0x6,114,120,6,1,0x8,0x8,1,1,342,1706,0.166992187500
83,2048,4,0xE9D1AB28CB7E7D5F,0xE,0x3,101,111,10,1,0xD,0x4,1,0,351,1697,0.171386718750
83,2048,5,0xE9D1AB28CB7E7D5F,0xE,0x7,107,114,7,1,0x9,0xE,1,0,332,1716,0.162109375000
83,2048,6,0xE9D1AB28CB7E7D5F,0xE,0xF,106,107,1,1,0x1,0x1,1,1,342,1706,0.166992187500
83,2048,7,0xE9D1AB28CB7E7D5F,0xE,0x7,108,111,3,1,0x9,0x9,1,1,321,1727,0.156738281250
83,3072,0,0xE9D1AB28CB7E7D5F,0xE,0xD,169,170,1,1,0x3,0x3,1,1,483,2589,0.157226562500
83,3072,1,0xE9D1AB28CB7E7D5F,0xE,0xD,160,170,10,1,0x3,0x3,1,1,526,2546,0.171223958333
83,3072,2,0xE9D1AB28CB7E7D5F,0xE,0x9,153,162,9,1,0x7,0x7,1,1,484,2588,0.157552083333
83,3072,3,0xE9D1AB28CB7E7D5F,0xE,0x6,172,180,8,1,0x8,0x8,1,1,504,2568,0.164062500000
83,3072,4,0xE9D1AB28CB7E7D5F,0xE,0x3,172,173,1,1,0xD,0x4,1,0,517,2555,0.168294270833
83,3072,5,0xE9D1AB28CB7E7D5F,0xE,0x7,170,171,1,1,0x9,0xE,1,0,500,2572,0.162760416667
83,3072,6,0xE9D1AB28CB7E7D5F,0xE,0xF,150,170,20,1,0x1,0x1,1,1,515,2557,0.167643229167
83,3072,7,0xE9D1AB28CB7E7D5F,0xE,0xF,170,171,1,1,0x1,0x9,1,0,485,2587,0.157877604167
83,4096,0,0xE9D1AB28CB7E7D5F,0xE,0x9,229,231,2,1,0x7,0x3,1,0,664,3432,0.162109375000
83,4096,1,0xE9D1AB28CB7E7D5F,0xE,0xD,212,232,20,1,0x3,0x3,1,1,701,3395,0.171142578125
83,4096,2,0xE9D1AB28CB7E7D5F,0xE,0x9,215,227,12,1,0x7,0x7,1,1,647,3449,0.157958984375
83,4096,3,0xE9D1AB28CB7E7D5F,0xE,0x6,220,241,21,1,0x8,0x8,1,1,654,3442,0.159667968750
83,4096,4,0xE9D1AB28CB7E7D5F,0xE,0xA,227,231,4,1,0x4,0x4,1,1,681,3415,0.166259765625
83,4096,5,0xE9D1AB28CB7E7D5F,0xE,0x0,227,229,2,1,0xE,0xE,1,1,700,3396,0.170898437500
83,4096,6,0xE9D1AB28CB7E7D5F,0xE,0xF,212,228,16,1,0x1,0x1,1,1,669,3427,0.163330078125
83,4096,7,0xE9D1AB28CB7E7D5F,0xE,0x7,223,235,12,1,0x9,0x9,1,1,658,3438,0.160644531250
83,6144,0,0xE9D1AB28CB7E7D5F,0xE,0x9,325,335,10,1,0x7,0x3,1,0,992,5152,0.161458333333
83,6144,1,0xE9D1AB28CB7E7D5F,0xE,0xD,331,361,30,1,0x3,0x3,1,1,1012,5132,0.164713541667
83,6144,2,0xE9D1AB28CB7E7D5F,0xE,0x9,329,345,16,1,0x7,0x7,1,1,991,5153,0.161295572917
83,6144,3,0xE9D1AB28CB7E7D5F,0xE,0x6,323,368,45,1,0x8,0x8,1,1,1013,5131,0.164876302083
83,6144,4,0xE9D1AB28CB7E7D5F,0xE,0xA,320,340,20,1,0x4,0x4,1,1,1057,5087,0.172037760417
83,6144,5,0xE9D1AB28CB7E7D5F,0xE,0xE,348,351,3,1,0x0,0xE,1,0,1029,5115,0.167480468750
83,6144,6,0xE9D1AB28CB7E7D5F,0xE,0xF,329,354,25,1,0x1,0x1,1,1,1005,5139,0.163574218750
83,6144,7,0xE9D1AB28CB7E7D5F,0xE,0x7,321,359,38,1,0x9,0x9,1,1,1001,5143,0.162923177083
83,8192,0,0xE9D1AB28CB7E7D5F,0xE,0xD,455,459,4,1,0x3,0x3,1,1,1337,6855,0.163208007812
83,8192,1,0xE9D1AB28CB7E7D5F,0xE,0xD,434,490,56,1,0x3,0x3,1,1,1339,6853,0.163452148438
83,8192,2,0xE9D1AB28CB7E7D5F,0xE,0x9,429,455,26,1,0x7,0x7,1,1,1301,6891,0.158813476562
83,8192,3,0xE9D1AB28CB7E7D5F,0xE,0x6,420,489,69,1,0x8,0x8,1,1,1345,6847,0.164184570312
83,8192,4,0xE9D1AB28CB7E7D5F,0xE,0xA,422,456,34,1,0x4,0x4,1,1,1375,6817,0.167846679688
83,8192,5,0xE9D1AB28CB7E7D5F,0xE,0x0,459,474,15,1,0xE,0xE,1,1,1371,6821,0.167358398438
83,8192,6,0xE9D1AB28CB7E7D5F,0xE,0xF,434,478,44,1,0x1,0x1,1,1,1363,6829,0.166381835938
83,8192,7,0xE9D1AB28CB7E7D5F,0xE,0x7,427,482,55,1,0x9,0x9,1,1,1346,6846,0.164306640625
83,12288,0,0xE9D1AB28CB7E7D5F,0xE,0xD,679,701,22,1,0x3,0x3,1,1,2009,10279,0.163492838542
83,12288,1,0xE9D1AB28CB7E7D5F,0xE,0xD,629,734,105,1,0x3,0x3,1,1,2020,10268,0.164388020833
83,12288,2,0xE9D1AB28CB7E7D5F,0xE,0x9,651,711,60,1,0x7,0x7,1,1,1997,10291,0.162516276042
83,12288,3,0xE9D1AB28CB7E7D5F,0xE,0x6,647,723,76,1,0x8,0x8,1,1,2007,10281,0.163330078125
83,12288,4,0xE9D1AB28CB7E7D5F,0xE,0xA,646,715,69,1,0x4,0x4,1,1,2014,10274,0.163899739583
83,12288,5,0xE9D1AB28CB7E7D5F,0xE,0x0,666,739,73,1,0xE,0xE,1,1,2054,10234,0.167154947917
83,12288,6,0xE9D1AB28CB7E7D5F,0xE,0xF,664,728,64,1,0x1,0x1,1,1,2044,10244,0.166341145833
83,12288,7,0xE9D1AB28CB7E7D5F,0xE,0x7,654,710,56,1,0x9,0x9,1,1,2023,10265,0.164632161458
83,16384,0,0xE9D1AB28CB7E7D5F,0xE,0xD,893,951,58,1,0x3,0x3,1,1,2664,13720,0.162597656250
83,16384,1,0xE9D1AB28CB7E7D5F,0xE,0xD,864,990,126,1,0x3,0x3,1,1,2699,13685,0.164733886719
83,16384,2,0xE9D1AB28CB7E7D5F,0xE,0x9,851,983,132,1,0x7,0x7,1,1,2669,13715,0.162902832031
83,16384,3,0xE9D1AB28CB7E7D5F,0xE,0x6,860,989,129,1,0x8,0x8,1,1,2688,13696,0.164062500000
83,16384,4,0xE9D1AB28CB7E7D5F,0xE,0xA,857,981,124,1,0x4,0x4,1,1,2695,13689,0.164489746094
83,16384,5,0xE9D1AB28CB7E7D5F,0xE,0x0,867,993,126,1,0xE,0xE,1,1,2697,13687,0.164611816406
83,16384,6,0xE9D1AB28CB7E7D5F,0xE,0xF,874,953,79,1,0x1,0x1,1,1,2736,13648,0.166992187500
83,16384,7,0xE9D1AB28CB7E7D5F,0xE,0x7,841,966,125,1,0x9,0x9,1,1,2681,13703,0.163635253906
83,24576,0,0xE9D1AB28CB7E7D5F,0xE,0xD,1364,1457,93,1,0x3,0x3,1,1,4013,20563,0.163289388021
83,24576,1,0xE9D1AB28CB7E7D5F,0xE,0xD,1278,1499,221,1,0x3,0x3,1,1,4057,20519,0.165079752604
83,24576,2,0xE9D1AB28CB7E7D5F,0xE,0x9,1285,1494,209,1,0x7,0x7,1,1,4026,20550,0.163818359375
83,24576,3,0xE9D1AB28CB7E7D5F,0xE,0x6,1299,1482,183,1,0x8,0x8,1,1,4017,20559,0.163452148438
83,24576,4,0xE9D1AB28CB7E7D5F,0xE,0xA,1311,1493,182,1,0x4,0x4,1,1,4036,20540,0.164225260417
83,24576,5,0xE9D1AB28CB7E7D5F,0xE,0x0,1297,1502,205,1,0xE,0xE,1,1,3978,20598,0.161865234375
83,24576,6,0xE9D1AB28CB7E7D5F,0xE,0xF,1329,1464,135,1,0x1,0x1,1,1,4074,20502,0.165771484375
83,24576,7,0xE9D1AB28CB7E7D5F,0xE,0x7,1280,1486,206,1,0x9,0x9,1,1,3954,20622,0.160888671875
83,32768,0,0xE9D1AB28CB7E7D5F,0xE,0xD,1832,1978,146,1,0x3,0x3,1,1,5380,27388,0.164184570312
83,32768,1,0xE9D1AB28CB7E7D5F,0xE,0xD,1719,1985,266,1,0x3,0x3,1,1,5390,27378,0.164489746094
83,32768,2,0xE9D1AB28CB7E7D5F,0xE,0x9,1729,1990,261,1,0x7,0x7,1,1,5320,27448,0.162353515625
83,32768,3,0xE9D1AB28CB7E7D5F,0xE,0x6,1742,1984,242,1,0x8,0x8,1,1,5318,27450,0.162292480469
83,32768,4,0xE9D1AB28CB7E7D5F,0xE,0xA,1733,1996,263,1,0x4,0x4,1,1,5377,27391,0.164093017578
83,32768,5,0xE9D1AB28CB7E7D5F,0xE,0x0,1697,2013,316,1,0xE,0xE,1,1,5287,27481,0.161346435547
83,32768,6,0xE9D1AB28CB7E7D5F,0xE,0xF,1739,1958,219,1,0x1,0x1,1,1,5432,27336,0.165771484375
83,32768,7,0xE9D1AB28CB7E7D5F,0xE,0x7,1723,1990,267,1,0x9,0x9,1,1,5295,27473,0.161590576172
84,512,0,0x537645FBEAAC5B37,0x9,0xF,25,27,2,1,0x6,0xC,1,0,80,432,0.156250000000
84,512,1,0x537645FBEAAC5B37,0x9,0x2,24,25,1,1,0xB,0x3,1,0,83,429,0.162109375000
84,512,2,0x537645FBEAAC5B37,0x9,0x9,21,26,5,1,0x0,0xE,1,0,68,444,0.132812500000
84,512,3,0x537645FBEAAC5B37,0x9,0x0,19,23,4,1,0x9,0xE,1,0,81,431,0.158203125000
84,512,4,0x537645FBEAAC5B37,0x9,0x8,23,26,3,1,0x1,0x5,1,0,79,433,0.154296875000
84,512,5,0x537645FBEAAC5B37,0x9,0x2,24,25,1,1,0xB,0x5,1,0,81,431,0.158203125000
84,512,6,0x537645FBEAAC5B37,0x9,0x0,24,27,3,1,0x9,0xF,1,0,66,446,0.128906250000
84,512,7,0x537645FBEAAC5B37,0x9,0x4,21,23,2,1,0xD,0x6,1,0,70,442,0.136718750000
84,1024,0,0x537645FBEAAC5B37,0x9,0x1,52,55,3,1,0x8,0xC,1,0,167,857,0.163085937500
84,1024,1,0x537645FBEAAC5B37,0x9,0xA,50,55,5,1,0x3,0x3,1,1,179,845,0.174804687500
84,1024,2,0x537645FBEAAC5B37,0x9,0xB,53,55,2,1,0x2,0xE,1,0,144,880,0.140625000000
84,1024,3,0x537645FBEAAC5B37,0x9,0x0,45,48,3,1,0x9,0xE,1,0,165,859,0.161132812500
84,1024,4,0x537645FBEAAC5B37,0x9,0xC,47,50,3,1,0x5,0x5,1,1,163,861,0.159179687500
84,1024,5,0x537645FBEAAC5B37,0x9,0x0,52,53,1,1,0x9,0x5,1,0,174,850,0.169921875000
84,1024,6,0x537645FBEAAC5B37,0x9,0x8,53,56,3,1,0x1,0xF,1,0,161,863,0.157226562500
84,1024,7,0x537645FBEAAC5B37,0x9,0xE,49,53,4,1,0x7,0x6,1,0,177,847,0.172851562500
84,1536,0,0x537645FBEAAC5B37,0x9,0x1,85,86,1,1,0x8,0xC,1,0,245,1291,0.159505208333
84,1536,1,0x537645FBEAAC5B37,0x9,0xA,77,78,1,1,0x3,0x3,1,1,267,1269,0.173828125000
84,1536,2,0x537645FBEAAC5B37,0x9,0xB,82,87,5,1,0x2,0xE,1,0,226,1310,0.147135416667
84,1536,3,0x537645FBEAAC5B37,0x9,0x0,78,79,1,1,0x9,0xE,1,0,238,1298,0.154947916667
84,1536,4,0x537645FBEAAC5B37,0x9,0xC,76,80,4,1,0x5,0x5,1,1,267,1269,0.173828125000
84,1536,5,0x537645FBEAAC5B37,0x9,0x1,82,83,1,1,0x8,0x5,1,0,242,1294,0.157552083333
84,1536,6,0x537645FBEAAC5B37,0x9,0x5,74,88,14,1,0xC,0xF,1,0,244,1292,0.158854166667
84,1536,7,0x537645FBEAAC5B37,0x9,0xE,81,85,4,1,0x7,0x6,1,0,261,1275,0.169921875000
84,2048,0,0x537645FBEAAC5B37,0x9,0x5,108,113,5,1,0xC,0xC,1,1,313,1735,0.152832031250
84,2048,1,0x537645FBEAAC5B37,0x9,0xA,106,111,5,1,0x3,0x3,1,1,355,1693,0.173339843750
84,2048,2,0x537645FBEAAC5B37,0x9,0x7,109,116,7,1,0xE,0xE,1,1,333,1715,0.162597656250
84,2048,3,0x537645FBEAAC5B37,0x9,0x0,108,109,1,1,0x9,0xE,1,0,321,1727,0.156738281250
84,2048,4,0x537645FBEAAC5B37,0x9,0xC,99,112,13,1,0x5,0x5,1,1,350,1698,0.170898437500
84,2048,5,0x537645FBEAAC5B37,0x9,0x0,111,113,2,1,0x9,0x5,1,0,329,1719,0.160644531250
84,2048,6,0x537645FBEAAC5B37,0x9,0x5,109,118,9,1,0xC,0xF,1,0,328,1720,0.160156250000
84,2048,7,0x537645FBEAAC5B37,0x9,0xE,112,113,1,1,0x7,0x6,1,0,357,1691,0.174316406250
84,3072,0,0x537645FBEAAC5B37,0x9,0x5,161,173,12,1,0xC,0xC,1,1,469,2603,0.152669270833
84,3072,1,0x537645FBEAAC5B37,0x9,0xA,162,179,17,1,0x3,0x3,1,1,515,2557,0.167643229167
84,3072,2,0x537645FBEAAC5B37,0x9,0x7,151,174,23,1,0xE,0xE,1,1,526,2546,0.171223958333
84,3072,3,0x537645FBEAAC5B37,0x9,0x0,169,173,4,1,0x9,0xE,1,0,490,2582,0.159505208333
84,3072,4,0x537645FBEAAC5B37,0x9,0xC,141,175,34,1,0x5,0x5,1,1,525,2547,0.170898437500
84,3072,5,0x537645FBEAAC5B37,0x9,0xC,170,171,1,1,0x5,0x5,1,1,492,2580,0.160156250000
84,3072,6,0x537645FBEAAC5B37,0x9,0x9,170,174,4,1,0x0,0xF,1,0,501,2571,0.163085937500
84,3072,7,0x537645FBEAAC5B37,0x9,0xD,176,180,4,2,0x0,0x6,0,0,520,2552,0.169270833333
84,4096,0,0x537645FBEAAC5B37,0x9,0x5,216,240,24,1,0xC,0xC,1,1,632,3464,0.154296875000
84,4096,1,0x537645FBEAAC5B37,0x9,0xA,223,238,15,1,0x3,0x3,1,1,678,3418,0.165527343750
84,4096,2,0x537645FBEAAC5B37,0x9,0x7,214,230,16,1,0xE,0xE,1,1,686,3410,0.167480468750
84,4096,3,0x537645FBEAAC5B37,0x9,0x7,227,229,2,1,0xE,0xE,1,1,641,3455,0.156494140625
84,4096,4,0x537645FBEAAC5B37,0x9,0xC,193,229,36,1,0x5,0x5,1,1,693,3403,0.169189453125
84,4096,5,0x537645FBEAAC5B37,0x9,0xC,231,238,7,1,0x5,0x5,1,1,645,3451,0.157470703125
84,4096,6,0x537645FBEAAC5B37,0x9,0x9,215,231,16,1,0x0,0xF,1,0,676,3420,0.165039062500
84,4096,7,0x537645FBEAAC5B37,0x9,0xF,218,224,6,1,0x6,0x6,1,1,681,3415,0.166259765625
84,6144,0,0x537645FBEAAC5B37,0x9,0x5,328,365,37,1,0xC,0xC,1,1,986,5158,0.160481770833
84,6144,1,0x537645FBEAAC5B37,0x9,0xA,327,368,41,1,0x3,0x3,1,1,1015,5129,0.165201822917
84,6144,2,0x537645FBEAAC5B37,0x9,0x7,328,359,31,1,0xE,0xE,1,1,1050,5094,0.170898437500
84,6144,3,0x537645FBEAAC5B37,0x9,0x7,349,358,9,1,0xE,0xE,1,1,959,5185,0.156087239583
84,6144,4,0x537645FBEAAC5B37,0x9,0xC,302,354,52,1,0x5,0x5,1,1,1019,5125,0.165852864583
84,6144,5,0x537645FBEAAC5B37,0x9,0xC,341,359,18,1,0x5,0x5,1,1,995,5149,0.161946614583
84,6144,6,0x537645FBEAAC5B37,0x9,0x6,330,332,2,1,0xF,0xF,1,1,1007,5137,0.163899739583
84,6144,7,0x537645FBEAAC5B37,0x9,0xF,324,351,27,1,0x6,0x6,1,1,1034,5110,0.168294270833
84,8192,0,0x537645FBEAAC5B37,0x9,0x5,435,477,42,1,0xC,0xC,1,1,1319,6873,0.161010742188
84,8192,1,0x537645FBEAAC5B37,0x9,0xA,411,496,85,1,0x3,0x3,1,1,1353,6839,0.165161132812
84,8192,2,0x537645FBEAAC5B37,0x9,0x7,433,464,31,1,0xE,0xE,1,1,1380,6812,0.168457031250
84,8192,3,0x537645FBEAAC5B37,0x9,0x7,433,487,54,1,0xE,0xE,1,1,1304,6888,0.159179687500
84,8192,4,0x537645FBEAAC5B37,0x9,0xC,405,479,74,1,0x5,0x5,1,1,1359,6833,0.165893554688
84,8192,5,0x537645FBEAAC5B37,0x9,0xC,446,490,44,1,0x5,0x5,1,1,1343,6849,0.163940429688
84,8192,6,0x537645FBEAAC5B37,0x9,0x6,445,456,11,1,0xF,0xF,1,1,1345,6847,0.164184570312
84,8192,7,0x537645FBEAAC5B37,0x9,0xF,441,472,31,1,0x6,0x6,1,1,1367,6825,0.166870117188
84,12288,0,0x537645FBEAAC5B37,0x9,0x5,654,717,63,1,0xC,0xC,1,1,1985,10303,0.161539713542
84,12288,1,0x537645FBEAAC5B37,0x9,0xA,638,726,88,1,0x3,0x3,1,1,2008,10280,0.163411458333
84,12288,2,0x537645FBEAAC5B37,0x9,0x7,638,714,76,1,0xE,0xE,1,1,2049,10239,0.166748046875
84,12288,3,0x537645FBEAAC5B37,0x9,0x7,641,735,94,1,0xE,0xE,1,1,1961,10327,0.159586588542
84,12288,4,0x537645FBEAAC5B37,0x9,0xC,614,737,123,1,0x5,0x5,1,1,2077,10211,0.169026692708
84,12288,5,0x537645FBEAAC5B37,0x9,0xC,665,739,74,1,0x5,0x5,1,1,2008,10280,0.163411458333
84,12288,6,0x537645FBEAAC5B37,0x9,0x6,651,736,85,1,0xF,0xF,1,1,2051,10237,0.166910807292
84,12288,7,0x537645FBEAAC5B37,0x9,0xF,643,726,83,1,0x6,0x6,1,1,2026,10262,0.164876302083
84,16384,0,0x537645FBEAAC5B37,0x9,0x5,853,990,137,1,0xC,0xC,1,1,2679,13705,0.163513183594
84,16384,1,0x537645FBEAAC5B37,0x9,0xA,859,973,114,1,0x3,0x3,1,1,2725,13659,0.166320800781
84,16384,2,0x537645FBEAAC5B37,0x9,0x7,849,953,104,1,0xE,0xE,1,1,2725,13659,0.166320800781
84,16384,3,0x537645FBEAAC5B37,0x9,0x7,854,993,139,1,0xE,0xE,1,1,2668,13716,0.162841796875
84,16384,4,0x537645FBEAAC5B37,0x9,0xC,810,982,172,1,0x5,0x5,1,1,2724,13660,0.166259765625
84,16384,5,0x537645FBEAAC5B37,0x9,0xC,861,984,123,1,0x5,0x5,1,1,2678,13706,0.163452148438
84,16384,6,0x537645FBEAAC5B37,0x9,0x6,858,985,127,1,0xF,0xF,1,1,2757,13627,0.168273925781
84,16384,7,0x537645FBEAAC5B37,0x9,0xF,875,967,92,1,0x6,0x6,1,1,2667,13717,0.162780761719
84,24576,0,0x537645FBEAAC5B37,0x9,0x5,1294,1507,213,1,0xC,0xC,1,1,4047,20529,0.164672851562
84,24576,1,0x537645FBEAAC5B37,0x9,0xA,1334,1487,153,1,0x3,0x3,1,1,4053,20523,0.164916992188
84,24576,2,0x537645FBEAAC5B37,0x9,0x7,1271,1444,173,1,0xE,0xE,1,1,4067,20509,0.165486653646
84,24576,3,0x537645FBEAAC5B37,0x9,0x7,1291,1501,210,1,0xE,0xE,1,1,4008,20568,0.163085937500
84,24576,4,0x537645FBEAAC5B37,0x9,0xC,1246,1494,248,1,0x5,0x5,1,1,4020,20556,0.163574218750
84,24576,5,0x537645FBEAAC5B37,0x9,0xC,1283,1500,217,1,0x5,0x5,1,1,4064,20512,0.165364583333
84,24576,6,0x537645FBEAAC5B37,0x9,0x6,1280,1482,202,1,0xF,0xF,1,1,4131,20445,0.168090820312
84,24576,7,0x537645FBEAAC5B37,0x9,0xF,1306,1479,173,1,0x6,0x6,1,1,4045,20531,0.164591471354
84,32768,0,0x537645FBEAAC5B37,0x9,0x5,1685,2005,320,1,0xC,0xC,1,1,5419,27349,0.165374755859
84,32768,1,0x537645FBEAAC5B37,0x9,0xA,1763,1983,220,1,0x3,0x3,1,1,5397,27371,0.164703369141
84,32768,2,0x537645FBEAAC5B37,0x9,0x7,1722,1953,231,1,0xE,0xE,1,1,5433,27335,0.165802001953
84,32768,3,0x537645FBEAAC5B37,0x9,0x7,1669,2021,352,1,0xE,0xE,1,1,5328,27440,0.162597656250
84,32768,4,0x537645FBEAAC5B37,0x9,0xC,1650,2016,366,1,0x5,0x5,1,1,5392,27376,0.164550781250
84,32768,5,0x537645FBEAAC5B37,0x9,0xC,1698,1988,290,1,0x5,0x5,1,1,5413,27355,0.165191650391
84,32768,6,0x537645FBEAAC5B37,0x9,0x6,1665,2003,338,1,0xF,0xF,1,1,5516,27252,0.168334960938
84,32768,7,0x537645FBEAAC5B37,0x9,0xF,1736,1973,237,1,0x6,0x6,1,1,5486,27282,0.167419433594
85,512,0,0x108941F348FFCE69,0xC,0x1,20,22,2,1,0xD,0xD,1,1,85,427,0.166015625000
85,512,1,0x108941F348FFCE69,0xC,0x8,21,26,5,1,0x4,0x4,1,1,86,426,0.167968750000
85,512,2,0x108941F348FFCE69,0xC,0x2,21,22,1,1,0xE,0x4,1,0,55,457,0.107421875000
85,512,3,0x108941F348FFCE69,0xC,0xD,26,27,1,1,0x1,0x2,1,0,79,433,0.154296875000
85,512,4,0x108941F348FFCE69,0xC,0x5,24,27,3,1,0x9,0x1,1,0,77,435,0.150390625000
85,512,5,0x108941F348FFCE69,0xC,0xD,17,20,3,1,0x1,0x1,1,1,84,428,0.164062500000
85,512,6,0x108941F348FFCE69,0xC,0x5,21,26,5,1,0x9,0x9,1,1,95,417,0.185546875000
85,512,7,0x108941F348FFCE69,0xC,0xB,25,26,1,1,0x7,0xE,1,0,75,437,0.146484375000
85,1024,0,0x108941F348FFCE69,0xC,0x1,43,54,11,1,0xD,0xD,1,1,162,862,0.158203125000
85,1024,1,0x108941F348FFCE69,0xC,0x8,43,49,6,1,0x4,0x4,1,1,164,860,0.160156250000
85,1024,2,0x108941F348FFCE69,0xC,0x2,46,53,7,1,0xE,0x4,1,0,137,887,0.133789062500
85,1024,3,0x108941F348FFCE69,0xC,0x4,56,57,1,1,0x8,0x2,1,0,166,858,0.162109375000
85,1024,4,0x108941F348FFCE69,0xC,0xD,53,55,2,1,0x1,0x1,1,1,150,874,0.146484375000
85,1024,5,0x108941F348FFCE69,0xC,0xD,42,50,8,1,0x1,0x1,1,1,183,841,0.178710937500
85,1024,6,0x108941F348FFCE69,0xC,0x5,45,53,8,1,0x9,0x9,1,1,187,837,0.182617187500
85,1024,7,0x108941F348FFCE69,0xC,0xB,53,58,5,1,0x7,0xE,1,0,144,880,0.140625000000
85,1536,0,0x108941F348FFCE69,0xC,0x1,77,84,7,1,0xD,0xD,1,1,244,1292,0.158854166667
85,1536,1,0x108941F348FFCE69,0xC,0x8,70,79,9,1,0x4,0x4,1,1,248,1288,0.161458333333
85,1536,2,0x108941F348FFCE69,0xC,0x8,76,85,9,1,0x4,0x4,1,1,211,1325,0.137369791667
85,1536,3,0x108941F348FFCE69,0xC,0xB,85,88,3,2,0x0,0x2,0,0,242,1294,0.157552083333
85,1536,4,0x108941F348FFCE69,0xC,0x3,83,85,2,2,0x0,0x1,0,0,217,1319,0.141276041667
85,1536,5,0x108941F348FFCE69,0xC,0xD,73,79,6,1,0x1,0x1,1,1,272,1264,0.177083333333
85,1536,6,0x108941F348FFCE69,0xC,0x5,66,81,15,1,0x9,0x9,1,1,276,1260,0.179687500000
85,1536,7,0x108941F348FFCE69,0xC,0x0,85,88,3,1,0xC,0xE,1,0,240,1296,0.156250000000
85,2048,0,0x108941F348FFCE69,0xC,0x9,105,110,5,1,0x5,0xD,1,0,320,1728,0.156250000000
85,2048,1,0x108941F348FFCE69,0xC,0x8,98,106,8,1,0x4,0x4,1,1,323,1725,0.157714843750
85,2048,2,0x108941F348FFCE69,0xC,0x8,103,115,12,1,0x4,0x4,1,1,305,1743,0.148925781250
85,2048,3,0x108941F348FFCE69,0xC,0xB,114,120,6,2,0x0,0x2,0,0,317,1731,0.154785156250
85,2048,4,0x108941F348FFCE69,0xC,0xD,110,116,6,1,0x1,0x1,1,1,286,1762,0.139648437500
85,2048,5,0x108941F348FFCE69,0xC,0xD,93,116,23,1,0x1,0x1,1,1,359,1689,0.175292968750
85,2048,6,0x108941F348FFCE69,0xC,0x5,88,113,25,1,0x9,0x9,1,1,346,1702,0.168945312500
85,2048,7,0x108941F348FFCE69,0xC,0x0,112,113,1,1,0xC,0xE,1,0,340,1708,0.166015625000
85,3072,0,0x108941F348FFCE69,0xC,0x1,160,173,13,1,0xD,0xD,1,1,504,2568,0.164062500000
85,3072,1,0x108941F348FFCE69,0xC,0x8,151,177,26,1,0x4,0x4,1,1,491,2581,0.159830729167
85,3072,2,0x108941F348FFCE69,0xC,0x8,166,172,6,1,0x4,0x4,1,1,491,2581,0.159830729167
85,3072,3,0x108941F348FFCE69,0xC,0xF,173,177,4,1,0x3,0x2,1,0,488,2584,0.158854166667
85,3072,4,0x108941F348FFCE69,0xC,0xD,157,173,16,1,0x1,0x1,1,1,446,2626,0.145182291667
85,3072,5,0x108941F348FFCE69,0xC,0xD,141,171,30,1,0x1,0x1,1,1,514,2558,0.167317708333
85,3072,6,0x108941F348FFCE69,0xC,0x5,138,176,38,1,0x9,0x9,1,1,524,2548,0.170572916667
85,3072,7,0x108941F348FFCE69,0xC,0xE,168,179,11,1,0x2,0xE,1,0,524,2548,0.170572916667
85,4096,0,0x108941F348FFCE69,0xC,0x1,214,239,25,1,0xD,0xD,1,1,679,3417,0.165771484375
85,4096,1,0x108941F348FFCE69,0xC,0x8,201,241,40,1,0x4,0x4,1,1,645,3451,0.157470703125
85,4096,2,0x108941F348FFCE69,0xC,0x8,224,239,15,1,0x4,0x4,1,1,666,3430,0.162597656250
85,4096,3,0x108941F348FFCE69,0xC,0x2,240,242,2,2,0x0,0x2,0,0,650,3446,0.158691406250
85,4096,4,0x108941F348FFCE69,0xC,0xD,217,240,23,1,0x1,0x1,1,1,616,3480,0.150390625000
85,4096,5,0x108941F348FFCE69,0xC,0xD,190,236,46,1,0x1,0x1,1,1,680,3416,0.166015625000
85,4096,6,0x108941F348FFCE69,0xC,0x5,182,229,47,1,0x9,0x9,1,1,688,3408,0.167968750000
85,4096,7,0x108941F348FFCE69,0xC,0xE,216,225,9,1,0x2,0xE,1,0,685,3411,0.167236328125
85,6144,0,0x108941F348FFCE69,0xC,0x1,315,354,39,1,0xD,0xD,1,1,1016,5128,0.165364583333
85,6144,1,0x108941F348FFCE69,0xC,0x8,314,359,45,1,0x4,0x4,1,1,962,5182,0.156575520833
85,6144,2,0x108941F348FFCE69,0xC,0x4,354,359,5,1,0x8,0x4,1,0,1018,5126,0.165690104167
85,6144,3,0x108941F348FFCE69,0xC,0xE,349,366,17,1,0x2,0x2,1,1,992,5152,0.161458333333
85,6144,4,0x108941F348FFCE69,0xC,0xD,329,345,16,1,0x1,0x1,1,1,964,5180,0.156901041667
85,6144,5,0x108941F348FFCE69,0xC,0xD,291,364,73,1,0x1,0x1,1,1,1019,5125,0.165852864583
85,6144,6,0x108941F348FFCE69,0xC,0x5,296,358,62,1,0x9,0x9,1,1,1021,5123,0.166178385417
85,6144,7,0x108941F348FFCE69,0xC,0x2,335,353,18,1,0xE,0xE,1,1,1024,5120,0.166666666667
85,8192,0,0x108941F348FFCE69,0xC,0x1,415,482,67,1,0xD,0xD,1,1,1358,6834,0.165771484375
85,8192,1,0x108941F348FFCE69,0xC,0x8,410,479,69,1,0x4,0x4,1,1,1280,6912,0.156250000000
85,8192,2,0x108941F348FFCE69,0xC,0x8,449,481,32,1,0x4,0x4,1,1,1380,6812,0.168457031250
85,8192,3,0x108941F348FFCE69,0xC,0xE,454,484,30,1,0x2,0x2,1,1,1358,6834,0.165771484375
85,8192,4,0x108941F348FFCE69,0xC,0xD,437,465,28,1,0x1,0x1,1,1,1295,6897,0.158081054688
85,8192,5,0x108941F348FFCE69,0xC,0xD,395,479,84,1,0x1,0x1,1,1,1375,6817,0.167846679688
85,8192,6,0x108941F348FFCE69,0xC,0x5,392,488,96,1,0x9,0x9,1,1,1378,6814,0.168212890625
85,8192,7,0x108941F348FFCE69,0xC,0x2,455,486,31,1,0xE,0xE,1,1,1368,6824,0.166992187500
85,12288,0,0x108941F348FFCE69,0xC,0x1,619,721,102,1,0xD,0xD,1,1,2066,10222,0.168131510417
85,12288,1,0x108941F348FFCE69,0xC,0x8,632,721,89,1,0x4,0x4,1,1,1992,10296,0.162109375000
85,12288,2,0x108941F348FFCE69,0xC,0x8,662,737,75,1,0x4,0x4,1,1,2021,10267,0.164469401042
85,12288,3,0x108941F348FFCE69,0xC,0xE,675,724,49,1,0x2,0x2,1,1,2020,10268,0.164388020833
85,12288,4,0x108941F348FFCE69,0xC,0xD,689,736,47,1,0x1,0x1,1,1,1937,10351,0.157633463542
85,12288,5,0x108941F348FFCE69,0xC,0xD,623,731,108,1,0x1,0x1,1,1,2051,10237,0.166910807292
85,12288,6,0x108941F348FFCE69,0xC,0x5,621,740,119,1,0x9,0x9,1,1,2044,10244,0.166341145833
85,12288,7,0x108941F348FFCE69,0xC,0x2,656,735,79,1,0xE,0xE,1,1,2073,10215,0.168701171875
85,16384,0,0x108941F348FFCE69,0xC,0x1,832,996,164,1,0xD,0xD,1,1,2726,13658,0.166381835938
85,16384,1,0x108941F348FFCE69,0xC,0x8,857,981,124,1,0x4,0x4,1,1,2676,13708,0.163330078125
85,16384,2,0x108941F348FFCE69,0xC,0x8,863,990,127,1,0x4,0x4,1,1,2680,13704,0.163574218750
85,16384,3,0x108941F348FFCE69,0xC,0xE,888,970,82,1,0x2,0x2,1,1,2673,13711,0.163146972656
85,16384,4,0x108941F348FFCE69,0xC,0xD,875,997,122,1,0x1,0x1,1,1,2593,13791,0.158264160156
85,16384,5,0x108941F348FFCE69,0xC,0xD,841,982,141,1,0x1,0x1,1,1,2730,13654,0.166625976562
85,16384,6,0x108941F348FFCE69,0xC,0x5,833,998,165,1,0x9,0x9,1,1,2701,13683,0.164855957031
85,16384,7,0x108941F348FFCE69,0xC,0x2,884,986,102,1,0xE,0xE,1,1,2740,13644,0.167236328125
85,24576,0,0x108941F348FFCE69,0xC,0x1,1262,1474,212,1,0xD,0xD,1,1,4066,20510,0.165445963542
85,24576,1,0x108941F348FFCE69,0xC,0x8,1273,1460,187,1,0x4,0x4,1,1,4010,20566,0.163167317708
85,24576,2,0x108941F348FFCE69,0xC,0x8,1284,1472,188,1,0x4,0x4,1,1,3961,20615,0.161173502604
85,24576,3,0x108941F348FFCE69,0xC,0xE,1304,1502,198,1,0x2,0x2,1,1,3986,20590,0.162190755208
85,24576,4,0x108941F348FFCE69,0xC,0xD,1308,1496,188,1,0x1,0x1,1,1,3920,20656,0.159505208333
85,24576,5,0x108941F348FFCE69,0xC,0xD,1291,1482,191,1,0x1,0x1,1,1,4029,20547,0.163940429688
85,24576,6,0x108941F348FFCE69,0xC,0x5,1252,1505,253,1,0x9,0x9,1,1,4074,20502,0.165771484375
85,24576,7,0x108941F348FFCE69,0xC,0x2,1300,1460,160,1,0xE,0xE,1,1,4051,20525,0.164835611979
85,32768,0,0x108941F348FFCE69,0xC,0x1,1668,1998,330,1,0xD,0xD,1,1,5363,27405,0.163665771484
85,32768,1,0x108941F348FFCE69,0xC,0x8,1722,1992,270,1,0x4,0x4,1,1,5334,27434,0.162780761719
85,32768,2,0x108941F348FFCE69,0xC,0x8,1682,1995,313,1,0x4,0x4,1,1,5318,27450,0.162292480469
85,32768,3,0x108941F348FFCE69,0xC,0xE,1764,1986,222,1,0x2,0x2,1,1,5265,27503,0.160675048828
85,32768,4,0x108941F348FFCE69,0xC,0xD,1723,2021,298,1,0x1,0x1,1,1,5290,27478,0.161437988281
85,32768,5,0x108941F348FFCE69,0xC,0xD,1697,1993,296,1,0x1,0x1,1,1,5433,27335,0.165802001953
85,32768,6,0x108941F348FFCE69,0xC,0x5,1663,1985,322,1,0x9,0x9,1,1,5440,27328,0.166015625000
85,32768,7,0x108941F348FFCE69,0xC,0x2,1750,1984,234,1,0xE,0xE,1,1,5410,27358,0.165100097656
86,512,0,0x2DA0A59EE11B7FE8,0x5,0x2,24,27,3,1,0x7,0x7,1,1,79,433,0.154296875000
86,512,1,0x2DA0A59EE11B7FE8,0x5,0x4,22,26,4,1,0x1,0x3,1,0,83,429,0.162109375000
86,512,2,0x2DA0A59EE11B7FE8,0x5,0x8,23,24,1,1,0xD,0xD,1,1,73,439,0.142578125000
86,512,3,0x2DA0A59EE11B7FE8,0x5,0x2,26,27,1,4,0x0,0x1,0,0,91,421,0.177734375000
86,512,4,0x2DA0A59EE11B7FE8,0x5,0x1,24,27,3,2,0x0,0x6,0,0,77,435,0.150390625000
86,512,5,0x2DA0A59EE11B7FE8,0x5,0x3,15,21,6,1,0x6,0x6,1,1,85,427,0.166015625000
86,512,6,0x2DA0A59EE11B7FE8,0x5,0x4,19,26,7,1,0x1,0x1,1,1,80,432,0.156250000000
86,512,7,0x2DA0A59EE11B7FE8,0x5,0x1,20,23,3,1,0x4,0x4,1,1,77,435,0.150390625000
86,1024,0,0x2DA0A59EE11B7FE8,0x5,0x1,53,56,3,1,0x4,0x7,1,0,169,855,0.165039062500
86,1024,1,0x2DA0A59EE11B7FE8,0x5,0xC,55,57,2,1,0x9,0x3,1,0,177,847,0.172851562500
86,1024,2,0x2DA0A59EE11B7FE8,0x5,0x8,47,53,6,1,0xD,0xD,1,1,155,869,0.151367187500
86,1024,3,0x2DA0A59EE11B7FE8,0x5,0x4,53,54,1,1,0x1,0x1,1,1,176,848,0.171875000000
86,1024,4,0x2DA0A59EE11B7FE8,0x5,0x1,49,56,7,1,0x4,0x6,1,0,159,865,0.155273437500
86,1024,5,0x2DA0A59EE11B7FE8,0x5,0x3,42,49,7,1,0x6,0x6,1,1,168,856,0.164062500000
86,1024,6,0x2DA0A59EE11B7FE8,0x5,0x4,48,50,2,1,0x1,0x1,1,1,151,873,0.147460937500
86,1024,7,0x2DA0A59EE11B7FE8,0x5,0x1,46,60,14,1,0x4,0x4,1,1,152,872,0.148437500000
86,1536,0,0x2DA0A59EE11B7FE8,0x5,0x2,84,86,2,1,0x7,0x7,1,1,256,1280,0.166666666667
86,1536,1,0x2DA0A59EE11B7FE8,0x5,0x4,87,88,1,1,0x1,0x3,1,0,248,1288,0.161458333333
86,1536,2,0x2DA0A59EE11B7FE8,0x5,0x8,71,82,11,1,0xD,0xD,1,1,239,1297,0.155598958333
86,1536,3,0x2DA0A59EE11B7FE8,0x5,0x4,77,80,3,1,0x1,0x1,1,1,261,1275,0.169921875000
86,1536,4,0x2DA0A59EE11B7FE8,0x5,0x1,77,84,7,1,0x4,0x6,1,0,249,1287,0.162109375000
86,1536,5,0x2DA0A59EE11B7FE8,0x5,0x3,70,77,7,1,0x6,0x6,1,1,252,1284,0.164062500000
86,1536,6,0x2DA0A59EE11B7FE8,0x5,0x4,67,78,11,1,0x1,0x1,1,1,244,1292,0.158854166667
86,1536,7,0x2DA0A59EE11B7FE8,0x5,0x1,72,84,12,1,0x4,0x4,1,1,223,1313,0.145182291667
86,2048,0,0x2DA0A59EE11B7FE8,0x5,0x2,110,116,6,1,0x7,0x7,1,1,332,1716,0.162109375000
86,2048,1,0x2DA0A59EE11B7FE8,0x5,0x1,118,119,1,1,0x4,0x3,1,0,332,1716,0.162109375000
86,2048,2,0x2DA0A59EE11B7FE8,0x5,0x8,102,116,14,1,0xD,0xD,1,1,322,1726,0.157226562500
86,2048,3,0x2DA0A59EE11B7FE8,0x5,0x4,96,107,11,1,0x1,0x1,1,1,337,1711,0.164550781250
86,2048,4,0x2DA0A59EE11B7FE8,0x5,0x1,106,118,12,1,0x4,0x6,1,0,333,1715,0.162597656250
86,2048,5,0x2DA0A59EE11B7FE8,0x5,0x3,94,116,22,1,0x6,0x6,1,1,335,1713,0.163574218750
86,2048,6,0x2DA0A59EE11B7FE8,0x5,0x4,92,115,23,1,0x1,0x1,1,1,317,1731,0.154785156250
86,2048,7,0x2DA0A59EE11B7FE8,0x5,0x1,94,116,22,1,0x4,0x4,1,1,303,1745,0.147949218750
86,3072,0,0x2DA0A59EE11B7FE8,0x5,0x2,159,168,9,1,0x7,0x7,1,1,496,2576,0.161458333333
86,3072,1,0x2DA0A59EE11B7FE8,0x5,0x6,171,173,2,1,0x3,0x3,1,1,481,2591,0.156575520833
86,3072,2,0x2DA0A59EE11B7FE8,0x5,0x8,160,173,13,1,0xD,0xD,1,1,517,2555,0.168294270833
86,3072,3,0x2DA0A59EE11B7FE8,0x5,0x4,143,174,31,1,0x1,0x1,1,1,506,2566,0.164713541667
86,3072,4,0x2DA0A59EE11B7FE8,0x5,0x3,167,176,9,1,0x6,0x6,1,1,478,2594,0.155598958333
86,3072,5,0x2DA0A59EE11B7FE8,0x5,0x3,152,168,16,1,0x6,0x6,1,1,490,2582,0.159505208333
86,3072,6,0x2DA0A59EE11B7FE8,0x5,0x4,152,177,25,1,0x1,0x1,1,1,499,2573,0.162434895833
86,3072,7,0x2DA0A59EE11B7FE8,0x5,0x1,150,180,30,1,0x4,0x4,1,1,481,2591,0.156575520833
86,4096,0,0x2DA0A59EE11B7FE8,0x5,0x2,209,224,15,1,0x7,0x7,1,1,660,3436,0.161132812500
86,4096,1,0x2DA0A59EE11B7FE8,0x5,0x1,226,229,3,1,0x4,0x3,1,0,647,3449,0.157958984375
86,4096,2,0x2DA0A59EE11B7FE8,0x5,0x8,224,238,14,1,0xD,0xD,1,1,689,3407,0.168212890625
86,4096,3,0x2DA0A59EE11B7FE8,0x5,0x4,210,236,26,1,0x1,0x1,1,1,679,3417,0.165771484375
86,4096,4,0x2DA0A59EE11B7FE8,0x5,0x3,222,232,10,1,0x6,0x6,1,1,673,3423,0.164306640625
86,4096,5,0x2DA0A59EE11B7FE8,0x5,0x3,197,224,27,1,0x6,0x6,1,1,675,3421,0.164794921875
86,4096,6,0x2DA0A59EE11B7FE8,0x5,0x4,191,241,50,1,0x1,0x1,1,1,667,3429,0.162841796875
86,4096,7,0x2DA0A59EE11B7FE8,0x5,0x1,193,241,48,1,0x4,0x4,1,1,635,3461,0.155029296875
86,6144,0,0x2DA0A59EE11B7FE8,0x5,0x2,320,354,34,1,0x7,0x7,1,1,983,5161,0.159993489583
86,6144,1,0x2DA0A59EE11B7FE8,0x5,0x6,331,353,22,1,0x3,0x3,1,1,1005,5139,0.163574218750
86,6144,2,0x2DA0A59EE11B7FE8,0x5,0xC,339,349,10,1,0x9,0xD,1,0,989,5155,0.160970052083
86,6144,3,0x2DA0A59EE11B7FE8,0x5,0x4,346,355,9,1,0x1,0x1,1,1,1032,5112,0.167968750000
86,6144,4,0x2DA0A59EE11B7FE8,0x5,0x3,328,362,34,1,0x6,0x6,1,1,989,5155,0.160970052083
86,6144,5,0x2DA0A59EE11B7FE8,0x5,0x3,303,354,51,1,0x6,0x6,1,1,1013,5131,0.164876302083
86,6144,6,0x2DA0A59EE11B7FE8,0x5,0x4,312,360,48,1,0x1,0x1,1,1,1009,5135,0.164225260417
86,6144,7,0x2DA0A59EE11B7FE8,0x5,0x1,299,365,66,1,0x4,0x4,1,1,968,5176,0.157552083333
86,8192,0,0x2DA0A59EE11B7FE8,0x5,0x2,426,472,46,1,0x7,0x7,1,1,1309,6883,0.159790039062
86,8192,1,0x2DA0A59EE11B7FE8,0x5,0x6,428,478,50,1,0x3,0x3,1,1,1332,6860,0.162597656250
86,8192,2,0x2DA0A59EE11B7FE8,0x5,0x8,471,473,2,1,0xD,0xD,1,1,1291,6901,0.157592773438
86,8192,3,0x2DA0A59EE11B7FE8,0x5,0x4,464,467,3,1,0x1,0x1,1,1,1386,6806,0.169189453125
86,8192,4,0x2DA0A59EE11B7FE8,0x5,0x3,427,486,59,1,0x6,0x6,1,1,1321,6871,0.161254882812
86,8192,5,0x2DA0A59EE11B7FE8,0x5,0x3,418,469,51,1,0x6,0x6,1,1,1348,6844,0.164550781250
86,8192,6,0x2DA0A59EE11B7FE8,0x5,0x4,427,494,67,1,0x1,0x1,1,1,1352,6840,0.165039062500
86,8192,7,0x2DA0A59EE11B7FE8,0x5,0x1,415,489,74,1,0x4,0x4,1,1,1343,6849,0.163940429688
86,12288,0,0x2DA0A59EE11B7FE8,0x5,0x2,633,698,65,1,0x7,0x7,1,1,1957,10331,0.159261067708
86,12288,1,0x2DA0A59EE11B7FE8,0x5,0x6,650,703,53,1,0x3,0x3,1,1,2030,10258,0.165201822917
86,12288,2,0x2DA0A59EE11B7FE8,0x5,0x8,668,738,70,1,0xD,0xD,1,1,1949,10339,0.158610026042
86,12288,3,0x2DA0A59EE11B7FE8,0x5,0x4,685,718,33,1,0x1,0x1,1,1,2057,10231,0.167399088542
86,12288,4,0x2DA0A59EE11B7FE8,0x5,0x3,638,723,85,1,0x6,0x6,1,1,2010,10278,0.163574218750
86,12288,5,0x2DA0A59EE11B7FE8,0x5,0x3,603,738,135,1,0x6,0x6,1,1,2017,10271,0.164143880208
86,12288,6,0x2DA0A59EE11B7FE8,0x5,0x4,657,721,64,1,0x1,0x1,1,1,2022,10266,0.164550781250
86,12288,7,0x2DA0A59EE11B7FE8,0x5,0x1,640,744,104,1,0x4,0x4,1,1,2018,10270,0.164225260417
86,16384,0,0x2DA0A59EE11B7FE8,0x5,0x2,830,961,131,1,0x7,0x7,1,1,2631,13753,0.160583496094
86,16384,1,0x2DA0A59EE11B7FE8,0x5,0x6,873,945,72,1,0x3,0x3,1,1,2688,13696,0.164062500000
86,16384,2,0x2DA0A59EE11B7FE8,0x5,0x8,873,990,117,1,0xD,0xD,1,1,2641,13743,0.161193847656
86,16384,3,0x2DA0A59EE11B7FE8,0x5,0x4,885,980,95,1,0x1,0x1,1,1,2728,13656,0.166503906250
86,16384,4,0x2DA0A59EE11B7FE8,0x5,0x3,849,997,148,1,0x6,0x6,1,1,2740,13644,0.167236328125
86,16384,5,0x2DA0A59EE11B7FE8,0x5,0x3,824,993,169,1,0x6,0x6,1,1,2696,13688,0.164550781250
86,16384,6,0x2DA0A59EE11B7FE8,0x5,0x4,888,962,74,1,0x1,0x1,1,1,2708,13676,0.165283203125
86,16384,7,0x2DA0A59EE11B7FE8,0x5,0x1,857,994,137,1,0x4,0x4,1,1,2689,13695,0.164123535156
86,24576,0,0x2DA0A59EE11B7FE8,0x5,0x2,1285,1457,172,1,0x7,0x7,1,1,3946,20630,0.160563151042
86,24576,1,0x2DA0A59EE11B7FE8,0x5,0x6,1331,1450,119,1,0x3,0x3,1,1,4039,20537,0.164347330729
86,24576,2,0x2DA0A59EE11B7FE8,0x5,0x8,1300,1488,188,1,0xD,0xD,1,1,4004,20572,0.162923177083
86,24576,3,0x2DA0A59EE11B7FE8,0x5,0x4,1315,1505,190,1,0x1,0x1,1,1,4109,20467,0.167195638021
86,24576,4,0x2DA0A59EE11B7FE8,0x5,0x3,1291,1516,225,1,0x6,0x6,1,1,4111,20465,0.167277018229
86,24576,5,0x2DA0A59EE11B7FE8,0x5,0x3,1210,1477,267,1,0x6,0x6,1,1,4003,20573,0.162882486979
86,24576,6,0x2DA0A59EE11B7FE8,0x5,0x4,1278,1498,220,1,0x1,0x1,1,1,4032,20544,0.164062500000
86,24576,7,0x2DA0A59EE11B7FE8,0x5,0x1,1305,1494,189,1,0x4,0x4,1,1,4016,20560,0.163411458333
86,32768,0,0x2DA0A59EE11B7FE8,0x5,0x2,1687,1981,294,1,0x7,0x7,1,1,5269,27499,0.160797119141
86,32768,1,0x2DA0A59EE11B7FE8,0x5,0x6,1773,1963,190,1,0x3,0x3,1,1,5361,27407,0.163604736328
86,32768,2,0x2DA0A59EE11B7FE8,0x5,0x8,1709,1977,268,1,0xD,0xD,1,1,5352,27416,0.163330078125
86,32768,3,0x2DA0A59EE11B7FE8,0x5,0x4,1690,2025,335,1,0x1,0x1,1,1,5499,27269,0.167816162109
86,32768,4,0x2DA0A59EE11B7FE8,0x5,0x3,1719,2019,300,1,0x6,0x6,1,1,5486,27282,0.167419433594
86,32768,5,0x2DA0A59EE11B7FE8,0x5,0x3,1631,2022,391,1,0x6,0x6,1,1,5340,27428,0.162963867188
86,32768,6,0x2DA0A59EE11B7FE8,0x5,0x4,1721,1998,277,1,0x1,0x1,1,1,5370,27398,0.163879394531
86,32768,7,0x2DA0A59EE11B7FE8,0x5,0x1,1698,1986,288,1,0x4,0x4,1,1,5381,27387,0.164215087891
87,512,0,0x459B5D1FAE4F3D9A,0x9,0xC,21,22,1,1,0x5,0x7,1,0,89,423,0.173828125000
87,512,1,0x459B5D1FAE4F3D9A,0x9,0x6,22,23,1,1,0xF,0xE,1,0,73,439,0.142578125000
87,512,2,0x459B5D1FAE4F3D9A,0x9,0xC,24,25,1,1,0x5,0x5,1,1,75,437,0.146484375000
87,512,3,0x459B5D1FAE4F3D9A,0x9,0xC,20,29,9,1,0x5,0xE,1,0,84,428,0.164062500000
87,512,4,0x459B5D1FAE4F3D9A,0x9,0x4,23,24,1,1,0xD,0x4,1,0,87,425,0.169921875000
87,512,5,0x459B5D1FAE4F3D9A,0x9,0x7,22,24,2,1,0xE,0x0,1,0,83,429,0.162109375000
87,512,6,0x459B5D1FAE4F3D9A,0x9,0x6,22,25,3,1,0xF,0x0,1,0,76,436,0.148437500000
87,512,7,0x459B5D1FAE4F3D9A,0x9,0x8,22,25,3,1,0x1,0x8,1,0,72,440,0.140625000000
87,1024,0,0x459B5D1FAE4F3D9A,0x9,0xA,49,54,5,1,0x3,0x7,1,0,170,854,0.166015625000
87,1024,1,0x459B5D1FAE4F3D9A,0x9,0x7,45,53,8,1,0xE,0xE,1,1,170,854,0.166015625000
87,1024,2,0x459B5D1FAE4F3D9A,0x9,0xC,46,54,8,1,0x5,0x5,1,1,157,867,0.153320312500
87,1024,3,0x459B5D1FAE4F3D9A,0x9,0xC,48,56,8,1,0x5,0xE,1,0,167,857,0.163085937500
87,1024,4,0x459B5D1FAE4F3D9A,0x9,0xB,53,54,1,1,0x2,0x4,1,0,168,856,0.164062500000
87,1024,5,0x459B5D1FAE4F3D9A,0x9,0x7,47,51,4,1,0xE,0x0,1,0,161,863,0.157226562500
87,1024,6,0x459B5D1FAE4F3D9A,0x9,0xC,54,56,2,1,0x5,0x0,1,0,160,864,0.156250000000
87,1024,7,0x459B5D1FAE4F3D9A,0x9,0xD,56,57,1,1,0x4,0x8,1,0,159,865,0.155273437500
87,1536,0,0x459B5D1FAE4F3D9A,0x9,0xE,73,81,8,1,0x7,0x7,1,1,249,1287,0.162109375000
87,1536,1,0x459B5D1FAE4F3D9A,0x9,0x7,73,86,13,1,0xE,0xE,1,1,257,1279,0.167317708333
87,1536,2,0x459B5D1FAE4F3D9A,0x9,0xC,73,86,13,1,0x5,0x5,1,1,224,1312,0.145833333333
87,1536,3,0x459B5D1FAE4F3D9A,0x9,0xC,79,86,7,1,0x5,0xE,1,0,257,1279,0.167317708333
87,1536,4,0x459B5D1FAE4F3D9A,0x9,0xB,78,81,3,1,0x2,0x4,1,0,263,1273,0.171223958333
87,1536,5,0x459B5D1FAE4F3D9A,0x9,0x2,79,80,1,1,0xB,0x0,1,0,256,1280,0.166666666667
87,1536,6,0x459B5D1FAE4F3D9A,0x9,0x5,84,86,2,1,0xC,0x0,1,0,245,1291,0.159505208333
87,1536,7,0x459B5D1FAE4F3D9A,0x9,0xE,85,88,3,1,0x7,0x8,1,0,238,1298,0.154947916667
87,2048,0,0x459B5D1FAE4F3D9A,0x9,0xE,95,120,25,1,0x7,0x7,1,1,325,1723,0.158691406250
87,2048,1,0x459B5D1FAE4F3D9A,0x9,0x7,108,116,8,1,0xE,0xE,1,1,334,1714,0.163085937500
87,2048,2,0x459B5D1FAE4F3D9A,0x9,0xC,106,109,3,1,0x5,0x5,1,1,298,1750,0.145507812500
87,2048,3,0x459B5D1FAE4F3D9A,0x9,0xC,101,111,10,1,0x5,0xE,1,0,342,1706,0.166992187500
87,2048,4,0x459B5D1FAE4F3D9A,0x9,0x4,111,115,4,2,0x0,0x4,0,0,343,1705,0.167480468750
87,2048,5,0x459B5D1FAE4F3D9A,0x9,0x2,108,111,3,1,0xB,0x0,1,0,327,1721,0.159667968750
87,2048,6,0x459B5D1FAE4F3D9A,0x9,0x5,111,113,2,1,0xC,0x0,1,0,322,1726,0.157226562500
87,2048,7,0x459B5D1FAE4F3D9A,0x9,0x1,114,116,2,1,0x8,0x8,1,1,319,1729,0.155761718750
87,3072,0,0x459B5D1FAE4F3D9A,0x9,0xE,152,173,21,1,0x7,0x7,1,1,485,2587,0.157877604167
87,3072,1,0x459B5D1FAE4F3D9A,0x9,0x7,169,177,8,1,0xE,0xE,1,1,482,2590,0.156901041667
87,3072,2,0x459B5D1FAE4F3D9A,0x9,0xC,161,173,12,1,0x5,0x5,1,1,468,2604,0.152343750000
87,3072,3,0x459B5D1FAE4F3D9A,0x9,0xC,156,162,6,1,0x5,0xE,1,0,505,2567,0.164388020833
87,3072,4,0x459B5D1FAE4F3D9A,0x9,0xD,165,175,10,1,0x4,0x4,1,1,511,2561,0.166341145833
87,3072,5,0x459B5D1FAE4F3D9A,0x9,0x4,166,173,7,1,0xD,0x0,1,0,508,2564,0.165364583333
87,3072,6,0x459B5D1FAE4F3D9A,0x9,0x5,172,173,1,1,0xC,0x0,1,0,488,2584,0.158854166667
87,3072,7,0x459B5D1FAE4F3D9A,0x9,0x1,172,184,12,1,0x8,0x8,1,1,481,2591,0.156575520833
87,4096,0,0x459B5D1FAE4F3D9A,0x9,0xE,199,245,46,1,0x7,0x7,1,1,642,3454,0.156738281250
87,4096,1,0x459B5D1FAE4F3D9A,0x9,0x7,212,234,22,1,0xE,0xE,1,1,660,3436,0.161132812500
87,4096,2,0x459B5D1FAE4F3D9A,0x9,0xC,206,231,25,1,0x5,0x5,1,1,648,3448,0.158203125000
87,4096,3,0x459B5D1FAE4F3D9A,0x9,0x7,203,221,18,1,0xE,0xE,1,1,675,3421,0.164794921875
87,4096,4,0x459B5D1FAE4F3D9A,0x9,0xD,222,226,4,1,0x4,0x4,1,1,681,3415,0.166259765625
87,4096,5,0x459B5D1FAE4F3D9A,0x9,0x4,230,239,9,1,0xD,0x0,1,0,670,3426,0.163574218750
87,4096,6,0x459B5D1FAE4F3D9A,0x9,0x9,222,229,7,1,0x0,0x0,1,1,662,3434,0.161621093750
87,4096,7,0x459B5D1FAE4F3D9A,0x9,0x1,224,239,15,1,0x8,0x8,1,1,651,3445,0.158935546875
87,6144,0,0x459B5D1FAE4F3D9A,0x9,0xE,323,346,23,1,0x7,0x7,1,1,977,5167,0.159016927083
87,6144,1,0x459B5D1FAE4F3D9A,0x9,0x7,329,369,40,1,0xE,0xE,1,1,993,5151,0.161621093750
87,6144,2,0x459B5D1FAE4F3D9A,0x9,0xC,325,361,36,1,0x5,0x5,1,1,987,5157,0.160644531250
87,6144,3,0x459B5D1FAE4F3D9A,0x9,0x7,315,343,28,1,0xE,0xE,1,1,989,5155,0.160970052083
87,6144,4,0x459B5D1FAE4F3D9A,0x9,0xD,323,358,35,1,0x4,0x4,1,1,1032,5112,0.167968750000
87,6144,5,0x459B5D1FAE4F3D9A,0x9,0x9,344,355,11,1,0x0,0x0,1,1,1019,5125,0.165852864583
87,6144,6,0x459B5D1FAE4F3D9A,0x9,0x9,332,363,31,1,0x0,0x0,1,1,1018,5126,0.165690104167
87,6144,7,0x459B5D1FAE4F3D9A,0x9,0x1,335,351,16,1,0x8,0x8,1,1,1019,5125,0.165852864583
87,8192,0,0x459B5D1FAE4F3D9A,0x9,0xE,424,477,53,1,0x7,0x7,1,1,1308,6884,0.159667968750
87,8192,1,0x459B5D1FAE4F3D9A,0x9,0x7,437,491,54,1,0xE,0xE,1,1,1325,6867,0.161743164062
87,8192,2,0x459B5D1FAE4F3D9A,0x9,0xC,444,470,26,1,0x5,0x5,1,1,1367,6825,0.166870117188
87,8192,3,0x459B5D1FAE4F3D9A,0x9,0x7,437,474,37,1,0xE,0xE,1,1,1350,6842,0.164794921875
87,8192,4,0x459B5D1FAE4F3D9A,0x9,0xD,422,472,50,1,0x4,0x4,1,1,1379,6813,0.168334960938
87,8192,5,0x459B5D1FAE4F3D9A,0x9,0x9,458,477,19,1,0x0,0x0,1,1,1334,6858,0.162841796875
87,8192,6,0x459B5D1FAE4F3D9A,0x9,0x9,436,485,49,1,0x0,0x0,1,1,1347,6845,0.164428710938
87,8192,7,0x459B5D1FAE4F3D9A,0x9,0x1,439,486,47,1,0x8,0x8,1,1,1339,6853,0.163452148438
87,12288,0,0x459B5D1FAE4F3D9A,0x9,0xE,634,725,91,1,0x7,0x7,1,1,1999,10289,0.162679036458
87,12288,1,0x459B5D1FAE4F3D9A,0x9,0x7,645,739,94,1,0xE,0xE,1,1,1997,10291,0.162516276042
87,12288,2,0x459B5D1FAE4F3D9A,0x9,0xC,665,741,76,1,0x5,0x5,1,1,2052,10236,0.166992187500
87,12288,3,0x459B5D1FAE4F3D9A,0x9,0x7,680,722,42,1,0xE,0xE,1,1,1991,10297,0.162027994792
87,12288,4,0x459B5D1FAE4F3D9A,0x9,0xD,626,720,94,1,0x4,0x4,1,1,2028,10260,0.165039062500
87,12288,5,0x459B5D1FAE4F3D9A,0x9,0x9,663,733,70,1,0x0,0x0,1,1,2027,10261,0.164957682292
87,12288,6,0x459B5D1FAE4F3D9A,0x9,0x9,664,729,65,1,0x0,0x0,1,1,2011,10277,0.163655598958
87,12288,7,0x459B5D1FAE4F3D9A,0x9,0x1,647,749,102,1,0x8,0x8,1,1,2038,10250,0.165852864583
87,16384,0,0x459B5D1FAE4F3D9A,0x9,0xE,853,975,122,1,0x7,0x7,1,1,2667,13717,0.162780761719
87,16384,1,0x459B5D1FAE4F3D9A,0x9,0x7,871,982,111,1,0xE,0xE,1,1,2621,13763,0.159973144531
87,16384,2,0x459B5D1FAE4F3D9A,0x9,0xC,875,995,120,1,0x5,0x5,1,1,2738,13646,0.167114257812
87,16384,3,0x459B5D1FAE4F3D9A,0x9,0x7,900,979,79,1,0xE,0xE,1,1,2639,13745,0.161071777344
87,16384,4,0x459B5D1FAE4F3D9A,0x9,0xD,836,969,133,1,0x4,0x4,1,1,2726,13658,0.166381835938
87,16384,5,0x459B5D1FAE4F3D9A,0x9,0x9,864,989,125,1,0x0,0x0,1,1,2683,13701,0.163757324219
87,16384,6,0x459B5D1FAE4F3D9A,0x9,0x9,879,992,113,1,0x0,0x0,1,1,2652,13732,0.161865234375
87,16384,7,0x459B5D1FAE4F3D9A,0x9,0x1,870,1002,132,1,0x8,0x8,1,1,2696,13688,0.164550781250
87,24576,0,0x459B5D1FAE4F3D9A,0x9,0xE,1282,1474,192,1,0x7,0x7,1,1,4008,20568,0.163085937500
87,24576,1,0x459B5D1FAE4F3D9A,0x9,0x7,1289,1499,210,1,0xE,0xE,1,1,3922,20654,0.159586588542
87,24576,2,0x459B5D1FAE4F3D9A,0x9,0xC,1303,1503,200,1,0x5,0x5,1,1,4089,20487,0.166381835938
87,24576,3,0x459B5D1FAE4F3D9A,0x9,0x7,1335,1508,173,1,0xE,0xE,1,1,3926,20650,0.159749348958
87,24576,4,0x459B5D1FAE4F3D9A,0x9,0xD,1280,1491,211,1,0x4,0x4,1,1,4034,20542,0.164143880208
87,24576,5,0x459B5D1FAE4F3D9A,0x9,0x9,1302,1469,167,1,0x0,0x0,1,1,4030,20546,0.163981119792
87,24576,6,0x459B5D1FAE4F3D9A,0x9,0x9,1279,1493,214,1,0x0,0x0,1,1,3922,20654,0.159586588542
87,24576,7,0x459B5D1FAE4F3D9A,0x9,0x1,1294,1498,204,1,0x8,0x8,1,1,4030,20546,0.163981119792
87,32768,0,0x459B5D1FAE4F3D9A,0x9,0xE,1723,2020,297,1,0x7,0x7,1,1,5338,27430,0.162902832031
87,32768,1,0x459B5D1FAE4F3D9A,0x9,0x7,1708,1991,283,1,0xE,0xE,1,1,5288,27480,0.161376953125
87,32768,2,0x459B5D1FAE4F3D9A,0x9,0xC,1740,2014,274,1,0x5,0x5,1,1,5424,27344,0.165527343750
87,32768,3,0x459B5D1FAE4F3D9A,0x9,0x7,1789,2027,238,1,0xE,0xE,1,1,5248,27520,0.160156250000
87,32768,4,0x459B5D1FAE4F3D9A,0x9,0xD,1722,2009,287,1,0x4,0x4,1,1,5380,27388,0.164184570312
87,32768,5,0x459B5D1FAE4F3D9A,0x9,0x9,1749,1965,216,1,0x0,0x0,1,1,5431,27337,0.165740966797
87,32768,6,0x459B5D1FAE4F3D9A,0x9,0x9,1667,2023,356,1,0x0,0x0,1,1,5302,27466,0.161804199219
87,32768,7,0x459B5D1FAE4F3D9A,0x9,0x1,1697,2002,305,1,0x8,0x8,1,1,5313,27455,0.162139892578
88,512,0,0x0ED06D2424D7F1C4,0x1,0xD,23,26,3,1,0xC,0xC,1,1,94,418,0.183593750000
88,512,1,0x0ED06D2424D7F1C4,0x1,0x5,21,22,1,1,0x4,0xF,1,0,74,438,0.144531250000
88,512,2,0x0ED06D2424D7F1C4,0x1,0x9,19,22,3,1,0x8,0x8,1,1,81,431,0.158203125000
88,512,3,0x0ED06D2424D7F1C4,0x1,0x0,23,28,5,1,0x1,0xE,1,0,70,442,0.136718750000
88,512,4,0x0ED06D2424D7F1C4,0x1,0xF,18,24,6,1,0xE,0xE,1,1,87,425,0.169921875000
88,512,5,0x0ED06D2424D7F1C4,0x1,0xE,20,25,5,1,0xF,0xF,1,1,82,430,0.160156250000
88,512,6,0x0ED06D2424D7F1C4,0x1,0x1,24,25,1,2,0x0,0x4,0,0,95,417,0.185546875000
88,512,7,0x0ED06D2424D7F1C4,0x1,0x7,25,26,1,1,0x6,0xD,1,0,65,447,0.126953125000
88,1024,0,0x0ED06D2424D7F1C4,0x1,0x3,50,52,2,1,0x2,0xC,1,0,176,848,0.171875000000
88,1024,1,0x0ED06D2424D7F1C4,0x1,0xF,47,48,1,1,0xE,0xF,1,0,159,865,0.155273437500
88,1024,2,0x0ED06D2424D7F1C4,0x1,0x1,49,50,1,1,0x0,0x8,1,0,156,868,0.152343750000
88,1024,3,0x0ED06D2424D7F1C4,0x1,0x0,46,50,4,1,0x1,0xE,1,0,158,866,0.154296875000
88,1024,4,0x0ED06D2424D7F1C4,0x1,0xF,38,50,12,1,0xE,0xE,1,1,178,846,0.173828125000
88,1024,5,0x0ED06D2424D7F1C4,0x1,0xE,41,54,13,1,0xF,0xF,1,1,156,868,0.152343750000
88,1024,6,0x0ED06D2424D7F1C4,0x1,0xD,48,51,3,1,0xC,0x4,1,0,207,817,0.202148437500
88,1024,7,0x0ED06D2424D7F1C4,0x1,0xC,48,52,4,1,0xD,0xD,1,1,154,870,0.150390625000
88,1536,0,0x0ED06D2424D7F1C4,0x1,0xD,84,87,3,1,0xC,0xC,1,1,252,1284,0.164062500000
88,1536,1,0x0ED06D2424D7F1C4,0x1,0x7,78,80,2,1,0x6,0xF,1,0,254,1282,0.165364583333
88,1536,2,0x0ED06D2424D7F1C4,0x1,0x9,78,81,3,1,0x8,0x8,1,1,229,1307,0.149088541667
88,1536,3,0x0ED06D2424D7F1C4,0x1,0x0,71,76,5,1,0x1,0xE,1,0,243,1293,0.158203125000
88,1536,4,0x0ED06D2424D7F1C4,0x1,0xF,67,85,18,1,0xE,0xE,1,1,258,1278,0.167968750000
88,1536,5,0x0ED06D2424D7F1C4,0x1,0xE,68,82,14,1,0xF,0xF,1,1,242,1294,0.157552083333
88,1536,6,0x0ED06D2424D7F1C4,0x1,0x5,76,84,8,1,0x4,0x4,1,1,267,1269,0.173828125000
88,1536,7,0x0ED06D2424D7F1C4,0x1,0xC,74,79,5,1,0xD,0xD,1,1,239,1297,0.155598958333
88,2048,0,0x0ED06D2424D7F1C4,0x1,0xD,111,114,3,1,0xC,0xC,1,1,334,1714,0.163085937500
88,2048,1,0x0ED06D2424D7F1C4,0x1,0x3,107,108,1,1,0x2,0xF,1,0,328,1720,0.160156250000
88,2048,2,0x0ED06D2424D7F1C4,0x1,0x9,105,114,9,1,0x8,0x8,1,1,312,1736,0.152343750000
88,2048,3,0x0ED06D2424D7F1C4,0x1,0x0,100,105,5,1,0x1,0xE,1,0,329,1719,0.160644531250
88,2048,4,0x0ED06D2424D7F1C4,0x1,0xF,84,115,31,1,0xE,0xE,1,1,345,1703,0.168457031250
88,2048,5,0x0ED06D2424D7F1C4,0x1,0xE,92,112,20,1,0xF,0xF,1,1,321,1727,0.156738281250
88,2048,6,0x0ED06D2424D7F1C4,0x1,0x5,102,116,14,1,0x4,0x4,1,1,354,1694,0.172851562500
88,2048,7,0x0ED06D2424D7F1C4,0x1,0xC,109,114,5,1,0xD,0xD,1,1,330,1718,0.161132812500
88,3072,0,0x0ED06D2424D7F1C4,0x1,0xD,172,178,6,1,0xC,0xC,1,1,505,2567,0.164388020833
88,3072,1,0x0ED06D2424D7F1C4,0x1,0xE,163,168,5,1,0xF,0xF,1,1,509,2563,0.165690104167
88,3072,2,0x0ED06D2424D7F1C4,0x1,0x9,168,178,10,1,0x8,0x8,1,1,460,2612,0.149739583333
88,3072,3,0x0ED06D2424D7F1C4,0x1,0x0,163,165,2,1,0x1,0xE,1,0,476,2596,0.154947916667
88,3072,4,0x0ED06D2424D7F1C4,0x1,0xF,143,167,24,1,0xE,0xE,1,1,524,2548,0.170572916667
88,3072,5,0x0ED06D2424D7F1C4,0x1,0xE,135,175,40,1,0xF,0xF,1,1,472,2600,0.153645833333
88,3072,6,0x0ED06D2424D7F1C4,0x1,0x5,171,174,3,1,0x4,0x4,1,1,522,2550,0.169921875000
88,3072,7,0x0ED06D2424D7F1C4,0x1,0xC,164,171,7,1,0xD,0xD,1,1,506,2566,0.164713541667
88,4096,0,0x0ED06D2424D7F1C4,0x1,0xD,212,240,28,1,0xC,0xC,1,1,676,3420,0.165039062500
88,4096,1,0x0ED06D2424D7F1C4,0x1,0xE,218,225,7,1,0xF,0xF,1,1,681,3415,0.166259765625
88,4096,2,0x0ED06D2424D7F1C4,0x1,0x9,228,238,10,1,0x8,0x8,1,1,621,3475,0.151611328125
88,4096,3,0x0ED06D2424D7F1C4,0x1,0xF,220,224,4,1,0xE,0xE,1,1,651,3445,0.158935546875
88,4096,4,0x0ED06D2424D7F1C4,0x1,0xF,180,218,38,1,0xE,0xE,1,1,690,3406,0.168457031250
88,4096,5,0x0ED06D2424D7F1C4,0x1,0xE,189,237,48,1,0xF,0xF,1,1,654,3442,0.159667968750
88,4096,6,0x0ED06D2424D7F1C4,0x1,0x5,217,241,24,1,0x4,0x4,1,1,710,3386,0.173339843750
88,4096,7,0x0ED06D2424D7F1C4,0x1,0xC,216,233,17,1,0xD,0xD,1,1,654,3442,0.159667968750
88,6144,0,0x0ED06D2424D7F1C4,0x1,0xD,318,360,42,1,0xC,0xC,1,1,1020,5124,0.166015625000
88,6144,1,0x0ED06D2424D7F1C4,0x1,0xE,328,351,23,1,0xF,0xF,1,1,1034,5110,0.168294270833
88,6144,2,0x0ED06D2424D7F1C4,0x1,0x9,341,359,18,1,0x8,0x8,1,1,967,5177,0.157389322917
88,6144,3,0x0ED06D2424D7F1C4,0x1,0xF,329,352,23,1,0xE,0xE,1,1,990,5154,0.161132812500
88,6144,4,0x0ED06D2424D7F1C4,0x1,0xF,295,346,51,1,0xE,0xE,1,1,997,5147,0.162272135417
88,6144,5,0x0ED06D2424D7F1C4,0x1,0xE,290,367,77,1,0xF,0xF,1,1,1016,5128,0.165364583333
88,6144,6,0x0ED06D2424D7F1C4,0x1,0x5,332,354,22,1,0x4,0x4,1,1,1017,5127,0.165527343750
88,6144,7,0x0ED06D2424D7F1C4,0x1,0xC,316,363,47,1,0xD,0xD,1,1,1016,5128,0.165364583333
88,8192,0,0x0ED06D2424D7F1C4,0x1,0xD,417,492,75,1,0xC,0xC,1,1,1393,6799,0.170043945312
88,8192,1,0x0ED06D2424D7F1C4,0x1,0xE,440,465,25,1,0xF,0xF,1,1,1375,6817,0.167846679688
88,8192,2,0x0ED06D2424D7F1C4,0x1,0x9,459,490,31,1,0x8,0x8,1,1,1298,6894,0.158447265625
88,8192,3,0x0ED06D2424D7F1C4,0x1,0xF,436,476,40,1,0xE,0xE,1,1,1349,6843,0.164672851562
88,8192,4,0x0ED06D2424D7F1C4,0x1,0xF,401,480,79,1,0xE,0xE,1,1,1329,6863,0.162231445312
88,8192,5,0x0ED06D2424D7F1C4,0x1,0xE,399,490,91,1,0xF,0xF,1,1,1329,6863,0.162231445312
88,8192,6,0x0ED06D2424D7F1C4,0x1,0x5,428,474,46,1,0x4,0x4,1,1,1385,6807,0.169067382812
88,8192,7,0x0ED06D2424D7F1C4,0x1,0xC,429,476,47,1,0xD,0xD,1,1,1370,6822,0.167236328125
88,12288,0,0x0ED06D2424D7F1C4,0x1,0xD,647,712,65,1,0xC,0xC,1,1,2100,10188,0.170898437500
88,12288,1,0x0ED06D2424D7F1C4,0x1,0xE,667,729,62,1,0xF,0xF,1,1,2048,10240,0.166666666667
88,12288,2,0x0ED06D2424D7F1C4,0x1,0x9,671,734,63,1,0x8,0x8,1,1,1962,10326,0.159667968750
88,12288,3,0x0ED06D2424D7F1C4,0x1,0xF,628,725,97,1,0xE,0xE,1,1,2036,10252,0.165690104167
88,12288,4,0x0ED06D2424D7F1C4,0x1,0xF,643,737,94,1,0xE,0xE,1,1,2003,10285,0.163004557292
88,12288,5,0x0ED06D2424D7F1C4,0x1,0xE,610,732,122,1,0xF,0xF,1,1,1970,10318,0.160319010417
88,12288,6,0x0ED06D2424D7F1C4,0x1,0x5,636,696,60,1,0x4,0x4,1,1,2081,10207,0.169352213542
88,12288,7,0x0ED06D2424D7F1C4,0x1,0xC,673,738,65,1,0xD,0xD,1,1,2018,10270,0.164225260417
88,16384,0,0x0ED06D2424D7F1C4,0x1,0xD,842,972,130,1,0xC,0xC,1,1,2784,13600,0.169921875000
88,16384,1,0x0ED06D2424D7F1C4,0x1,0xE,888,978,90,1,0xF,0xF,1,1,2694,13690,0.164428710938
88,16384,2,0x0ED06D2424D7F1C4,0x1,0x9,889,979,90,1,0x8,0x8,1,1,2640,13744,0.161132812500
88,16384,3,0x0ED06D2424D7F1C4,0x1,0xF,875,956,81,1,0xE,0xE,1,1,2672,13712,0.163085937500
88,16384,4,0x0ED06D2424D7F1C4,0x1,0xF,873,979,106,1,0xE,0xE,1,1,2657,13727,0.162170410156
88,16384,5,0x0ED06D2424D7F1C4,0x1,0xE,820,990,170,1,0xF,0xF,1,1,2655,13729,0.162048339844
88,16384,6,0x0ED06D2424D7F1C4,0x1,0x5,862,905,43,1,0x4,0x4,1,1,2708,13676,0.165283203125
88,16384,7,0x0ED06D2424D7F1C4,0x1,0xC,869,984,115,1,0xD,0xD,1,1,2720,13664,0.166015625000
88,24576,0,0x0ED06D2424D7F1C4,0x1,0xD,1263,1487,224,1,0xC,0xC,1,1,4134,20442,0.168212890625
88,24576,1,0x0ED06D2424D7F1C4,0x1,0xE,1309,1493,184,1,0xF,0xF,1,1,4018,20558,0.163492838542
88,24576,2,0x0ED06D2424D7F1C4,0x1,0x9,1331,1507,176,1,0x8,0x8,1,1,3977,20599,0.161824544271
88,24576,3,0x0ED06D2424D7F1C4,0x1,0xF,1308,1471,163,1,0xE,0xE,1,1,3988,20588,0.162272135417
88,24576,4,0x0ED06D2424D7F1C4,0x1,0xF,1296,1497,201,1,0xE,0xE,1,1,4006,20570,0.163004557292
88,24576,5,0x0ED06D2424D7F1C4,0x1,0xE,1271,1509,238,1,0xF,0xF,1,1,4025,20551,0.163777669271
88,24576,6,0x0ED06D2424D7F1C4,0x1,0x5,1300,1422,122,1,0x4,0x4,1,1,4071,20505,0.165649414062
88,24576,7,0x0ED06D2424D7F1C4,0x1,0xC,1337,1463,126,1,0xD,0xD,1,1,4031,20545,0.164021809896
88,32768,0,0x0ED06D2424D7F1C4,0x1,0xD,1688,1986,298,1,0xC,0xC,1,1,5489,27279,0.167510986328
88,32768,1,0x0ED06D2424D7F1C4,0x1,0xE,1742,2007,265,1,0xF,0xF,1,1,5412,27356,0.165161132812
88,32768,2,0x0ED06D2424D7F1C4,0x1,0x9,1769,1995,226,1,0x8,0x8,1,1,5291,27477,0.161468505859
88,32768,3,0x0ED06D2424D7F1C4,0x1,0xF,1746,2008,262,1,0xE,0xE,1,1,5273,27495,0.160919189453
88,32768,4,0x0ED06D2424D7F1C4,0x1,0xF,1701,2024,323,1,0xE,0xE,1,1,5352,27416,0.163330078125
88,32768,5,0x0ED06D2424D7F1C4,0x1,0xE,1689,2016,327,1,0xF,0xF,1,1,5386,27382,0.164367675781
88,32768,6,0x0ED06D2424D7F1C4,0x1,0x5,1717,1924,207,1,0x4,0x4,1,1,5391,27377,0.164520263672
88,32768,7,0x0ED06D2424D7F1C4,0x1,0xC,1753,1991,238,1,0xD,0xD,1,1,5388,27380,0.164428710938
89,512,0,0x8CDB49F5D4081EA9,0x7,0x8,22,24,2,1,0xF,0xD,1,0,81,431,0.158203125000
89,512,1,0x8CDB49F5D4081EA9,0x7,0x3,21,27,6,1,0x4,0x5,1,0,85,427,0.166015625000
89,512,2,0x8CDB49F5D4081EA9,0x7,0x0,17,23,6,2,0x0,0xB,0,0,86,426,0.167968750000
89,512,3,0x8CDB49F5D4081EA9,0x7,0x5,25,27,2,1,0x2,0x2,1,1,88,424,0.171875000000
89,512,4,0x8CDB49F5D4081EA9,0x7,0x0,22,26,4,1,0x7,0x9,1,0,73,439,0.142578125000
89,512,5,0x8CDB49F5D4081EA9,0x7,0x4,23,24,1,1,0x3,0x3,1,1,83,429,0.162109375000
89,512,6,0x8CDB49F5D4081EA9,0x7,0x2,24,25,1,1,0x5,0x6,1,0,78,434,0.152343750000
89,512,7,0x8CDB49F5D4081EA9,0x7,0xE,21,23,2,1,0x9,0x9,1,1,89,423,0.173828125000
89,1024,0,0x8CDB49F5D4081EA9,0x7,0x8,51,54,3,1,0xF,0xD,1,0,166,858,0.162109375000
89,1024,1,0x8CDB49F5D4081EA9,0x7,0x2,50,52,2,2,0x0,0x5,0,0,165,859,0.161132812500
89,1024,2,0x8CDB49F5D4081EA9,0x7,0xC,39,56,17,1,0xB,0xB,1,1,181,843,0.176757812500
89,1024,3,0x8CDB49F5D4081EA9,0x7,0x4,56,57,1,1,0x3,0x2,1,0,159,865,0.155273437500
89,1024,4,0x8CDB49F5D4081EA9,0x7,0x7,51,54,3,1,0x0,0x9,1,0,156,868,0.152343750000
89,1024,5,0x8CDB49F5D4081EA9,0x7,0x4,45,54,9,1,0x3,0x3,1,1,173,851,0.168945312500
89,1024,6,0x8CDB49F5D4081EA9,0x7,0x2,52,56,4,1,0x5,0x6,1,0,148,876,0.144531250000
89,1024,7,0x8CDB49F5D4081EA9,0x7,0x2,49,55,6,1,0x5,0x9,1,0,188,836,0.183593750000
89,1536,0,0x8CDB49F5D4081EA9,0x7,0xA,81,83,2,1,0xD,0xD,1,1,261,1275,0.169921875000
89,1536,1,0x8CDB49F5D4081EA9,0x7,0x2,76,81,5,1,0x5,0x5,1,1,245,1291,0.159505208333
89,1536,2,0x8CDB49F5D4081EA9,0x7,0xC,62,85,23,1,0xB,0xB,1,1,255,1281,0.166015625000
89,1536,3,0x8CDB49F5D4081EA9,0x7,0x5,82,86,4,2,0x0,0x2,0,0,238,1298,0.154947916667
89,1536,4,0x8CDB49F5D4081EA9,0x7,0x7,79,84,5,1,0x0,0x9,1,0,246,1290,0.160156250000
89,1536,5,0x8CDB49F5D4081EA9,0x7,0x4,70,83,13,1,0x3,0x3,1,1,263,1273,0.171223958333
89,1536,6,0x8CDB49F5D4081EA9,0x7,0x2,82,85,3,1,0x5,0x6,1,0,229,1307,0.149088541667
89,1536,7,0x8CDB49F5D4081EA9,0x7,0xE,80,83,3,1,0x9,0x9,1,1,276,1260,0.179687500000
89,2048,0,0x8CDB49F5D4081EA9,0x7,0xA,107,117,10,1,0xD,0xD,1,1,329,1719,0.160644531250
89,2048,1,0x8CDB49F5D4081EA9,0x7,0x2,97,110,13,1,0x5,0x5,1,1,323,1725,0.157714843750
89,2048,2,0x8CDB49F5D4081EA9,0x7,0xC,90,120,30,1,0xB,0xB,1,1,330,1718,0.161132812500
89,2048,3,0x8CDB49F5D4081EA9,0x7,0x5,106,114,8,1,0x2,0x2,1,1,326,1722,0.159179687500
89,2048,4,0x8CDB49F5D4081EA9,0x7,0xE,109,112,3,1,0x9,0x9,1,1,341,1707,0.166503906250
89,2048,5,0x8CDB49F5D4081EA9,0x7,0x4,91,107,16,1,0x3,0x3,1,1,353,1695,0.172363281250
89,2048,6,0x8CDB49F5D4081EA9,0x7,0x2,110,112,2,1,0x5,0x6,1,0,313,1735,0.152832031250
89,2048,7,0x8CDB49F5D4081EA9,0x7,0xE,108,109,1,1,0x9,0x9,1,1,359,1689,0.175292968750
89,3072,0,0x8CDB49F5D4081EA9,0x7,0xA,165,170,5,1,0xD,0xD,1,1,486,2586,0.158203125000
89,3072,1,0x8CDB49F5D4081EA9,0x7,0x2,138,167,29,1,0x5,0x5,1,1,511,2561,0.166341145833
89,3072,2,0x8CDB49F5D4081EA9,0x7,0xC,152,180,28,1,0xB,0xB,1,1,482,2590,0.156901041667
89,3072,3,0x8CDB49F5D4081EA9,0x7,0x5,155,171,16,1,0x2,0x2,1,1,472,2600,0.153645833333
89,3072,4,0x8CDB49F5D4081EA9,0x7,0xE,168,174,6,1,0x9,0x9,1,1,514,2558,0.167317708333
89,3072,5,0x8CDB49F5D4081EA9,0x7,0x4,152,168,16,1,0x3,0x3,1,1,518,2554,0.168619791667
89,3072,6,0x8CDB49F5D4081EA9,0x7,0x1,161,166,5,1,0x6,0x6,1,1,500,2572,0.162760416667
89,3072,7,0x8CDB49F5D4081EA9,0x7,0xE,158,166,8,1,0x9,0x9,1,1,541,2531,0.176106770833
89,4096,0,0x8CDB49F5D4081EA9,0x7,0xA,218,235,17,1,0xD,0xD,1,1,661,3435,0.161376953125
89,4096,1,0x8CDB49F5D4081EA9,0x7,0x2,186,226,40,1,0x5,0x5,1,1,670,3426,0.163574218750
89,4096,2,0x8CDB49F5D4081EA9,0x7,0xC,208,244,36,1,0xB,0xB,1,1,665,3431,0.162353515625
89,4096,3,0x8CDB49F5D4081EA9,0x7,0x5,206,237,31,1,0x2,0x2,1,1,637,3459,0.155517578125
89,4096,4,0x8CDB49F5D4081EA9,0x7,0xE,222,233,11,1,0x9,0x9,1,1,691,3405,0.168701171875
89,4096,5,0x8CDB49F5D4081EA9,0x7,0x4,193,228,35,1,0x3,0x3,1,1,700,3396,0.170898437500
89,4096,6,0x8CDB49F5D4081EA9,0x7,0x9,227,228,1,1,0xE,0x6,1,0,661,3435,0.161376953125
89,4096,7,0x8CDB49F5D4081EA9,0x7,0xE,201,231,30,1,0x9,0x9,1,1,731,3365,0.178466796875
89,6144,0,0x8CDB49F5D4081EA9,0x7,0xA,337,360,23,1,0xD,0xD,1,1,990,5154,0.161132812500
89,6144,1,0x8CDB49F5D4081EA9,0x7,0x2,291,351,60,1,0x5,0x5,1,1,1001,5143,0.162923177083
89,6144,2,0x8CDB49F5D4081EA9,0x7,0xC,312,369,57,1,0xB,0xB,1,1,992,5152,0.161458333333
89,6144,3,0x8CDB49F5D4081EA9,0x7,0x5,311,352,41,1,0x2,0x2,1,1,975,5169,0.158691406250
89,6144,4,0x8CDB49F5D4081EA9,0x7,0xE,331,353,22,1,0x9,0x9,1,1,1004,5140,0.163411458333
89,6144,5,0x8CDB49F5D4081EA9,0x7,0x4,306,355,49,1,0x3,0x3,1,1,1039,5105,0.169108072917
89,6144,6,0x8CDB49F5D4081EA9,0x7,0x1,321,356,35,1,0x6,0x6,1,1,1011,5133,0.164550781250
89,6144,7,0x8CDB49F5D4081EA9,0x7,0xE,307,348,41,1,0x9,0x9,1,1,1069,5075,0.173990885417
89,8192,0,0x8CDB49F5D4081EA9,0x7,0xA,451,488,37,1,0xD,0xD,1,1,1317,6875,0.160766601562
89,8192,1,0x8CDB49F5D4081EA9,0x7,0x2,407,479,72,1,0x5,0x5,1,1,1328,6864,0.162109375000
89,8192,2,0x8CDB49F5D4081EA9,0x7,0xC,452,481,29,1,0xB,0xB,1,1,1340,6852,0.163574218750
89,8192,3,0x8CDB49F5D4081EA9,0x7,0x5,417,475,58,1,0x2,0x2,1,1,1344,6848,0.164062500000
89,8192,4,0x8CDB49F5D4081EA9,0x7,0xE,449,478,29,1,0x9,0x9,1,1,1339,6853,0.163452148438
89,8192,5,0x8CDB49F5D4081EA9,0x7,0x4,405,493,88,1,0x3,0x3,1,1,1395,6797,0.170288085938
89,8192,6,0x8CDB49F5D4081EA9,0x7,0x1,410,482,72,1,0x6,0x6,1,1,1343,6849,0.163940429688
89,8192,7,0x8CDB49F5D4081EA9,0x7,0xE,430,491,61,1,0x9,0x9,1,1,1407,6785,0.171752929688
89,12288,0,0x8CDB49F5D4081EA9,0x7,0xA,672,729,57,1,0xD,0xD,1,1,1967,10321,0.160074869792
89,12288,1,0x8CDB49F5D4081EA9,0x7,0x2,604,733,129,1,0x5,0x5,1,1,1970,10318,0.160319010417
89,12288,2,0x8CDB49F5D4081EA9,0x7,0xC,650,712,62,1,0xB,0xB,1,1,2066,10222,0.168131510417
89,12288,3,0x8CDB49F5D4081EA9,0x7,0x5,644,741,97,1,0x2,0x2,1,1,2033,10255,0.165445963542
89,12288,4,0x8CDB49F5D4081EA9,0x7,0xE,667,741,74,1,0x9,0x9,1,1,2021,10267,0.164469401042
89,12288,5,0x8CDB49F5D4081EA9,0x7,0x4,626,727,101,1,0x3,0x3,1,1,2036,10252,0.165690104167
89,12288,6,0x8CDB49F5D4081EA9,0x7,0x1,587,741,154,1,0x6,0x6,1,1,1982,10306,0.161295572917
89,12288,7,0x8CDB49F5D4081EA9,0x7,0xE,605,728,123,1,0x9,0x9,1,1,2083,10205,0.169514973958
89,16384,0,0x8CDB49F5D4081EA9,0x7,0xA,880,996,116,1,0xD,0xD,1,1,2638,13746,0.161010742188
89,16384,1,0x8CDB49F5D4081EA9,0x7,0x2,817,982,165,1,0x5,0x5,1,1,2629,13755,0.160461425781
89,16384,2,0x8CDB49F5D4081EA9,0x7,0xC,888,967,79,1,0xB,0xB,1,1,2720,13664,0.166015625000
89,16384,3,0x8CDB49F5D4081EA9,0x7,0x5,835,989,154,1,0x2,0x2,1,1,2689,13695,0.164123535156
89,16384,4,0x8CDB49F5D4081EA9,0x7,0xE,896,966,70,1,0x9,0x9,1,1,2676,13708,0.163330078125
89,16384,5,0x8CDB49F5D4081EA9,0x7,0x4,844,995,151,1,0x3,0x3,1,1,2707,13677,0.165222167969
89,16384,6,0x8CDB49F5D4081EA9,0x7,0x1,812,994,182,1,0x6,0x6,1,1,2643,13741,0.161315917969
89,16384,7,0x8CDB49F5D4081EA9,0x7,0xE,813,982,169,1,0x9,0x9,1,1,2718,13666,0.165893554688
89,24576,0,0x8CDB49F5D4081EA9,0x7,0xA,1314,1486,172,1,0xD,0xD,1,1,3962,20614,0.161214192708
89,24576,1,0x8CDB49F5D4081EA9,0x7,0x2,1231,1453,222,1,0x5,0x5,1,1,3930,20646,0.159912109375
89,24576,2,0x8CDB49F5D4081EA9,0x7,0xC,1286,1466,180,1,0xB,0xB,1,1,4095,20481,0.166625976562
89,24576,3,0x8CDB49F5D4081EA9,0x7,0x5,1267,1514,247,1,0x2,0x2,1,1,3940,20636,0.160319010417
89,24576,4,0x8CDB49F5D4081EA9,0x7,0xE,1335,1480,145,1,0x9,0x9,1,1,3999,20577,0.162719726562
89,24576,5,0x8CDB49F5D4081EA9,0x7,0x4,1252,1475,223,1,0x3,0x3,1,1,4045,20531,0.164591471354
89,24576,6,0x8CDB49F5D4081EA9,0x7,0x1,1212,1496,284,1,0x6,0x6,1,1,3990,20586,0.162353515625
89,24576,7,0x8CDB49F5D4081EA9,0x7,0xE,1203,1489,286,1,0x9,0x9,1,1,4072,20504,0.165690104167
89,32768,0,0x8CDB49F5D4081EA9,0x7,0xA,1732,1977,245,1,0xD,0xD,1,1,5326,27442,0.162536621094
89,32768,1,0x8CDB49F5D4081EA9,0x7,0x2,1616,1954,338,1,0x5,0x5,1,1,5229,27539,0.159576416016
89,32768,2,0x8CDB49F5D4081EA9,0x7,0xC,1732,1971,239,1,0xB,0xB,1,1,5435,27333,0.165863037109
89,32768,3,0x8CDB49F5D4081EA9,0x7,0x5,1692,2016,324,1,0x2,0x2,1,1,5332,27436,0.162719726562
89,32768,4,0x8CDB49F5D4081EA9,0x7,0xE,1730,1973,243,1,0x9,0x9,1,1,5325,27443,0.162506103516
89,32768,5,0x8CDB49F5D4081EA9,0x7,0x4,1677,2023,346,1,0x3,0x3,1,1,5392,27376,0.164550781250
89,32768,6,0x8CDB49F5D4081EA9,0x7,0x1,1662,1978,316,1,0x6,0x6,1,1,5349,27419,0.163238525391
89,32768,7,0x8CDB49F5D4081EA9,0x7,0xE,1686,1976,290,1,0x9,0x9,1,1,5392,27376,0.164550781250
90,512,0,0x324979413914B319,0xE,0x9,19,24,5,1,0x7,0xC,1,0,81,431,0.158203125000
90,512,1,0x324979413914B319,0xE,0x8,25,29,4,1,0x6,0xE,1,0,91,421,0.177734375000
90,512,2,0x324979413914B319,0xE,0x3,20,24,4,1,0xD,0xD,1,1,89,423,0.173828125000
90,512,3,0x324979413914B319,0xE,0xA,25,28,3,1,0x4,0xF,1,0,82,430,0.160156250000
90,512,4,0x324979413914B319,0xE,0x0,20,26,6,2,0x0,0xE,0,0,75,437,0.146484375000
90,512,5,0x324979413914B319,0xE,0x4,19,24,5,1,0xA,0x1,1,0,87,425,0.169921875000
90,512,6,0x324979413914B319,0xE,0xC,23,24,1,1,0x2,0x9,1,0,65,447,0.126953125000
90,512,7,0x324979413914B319,0xE,0xE,23,26,3,1,0x0,0x1,1,0,88,424,0.171875000000
90,1024,0,0x324979413914B319,0xE,0x2,44,52,8,1,0xC,0xC,1,1,165,859,0.161132812500
90,1024,1,0x324979413914B319,0xE,0x8,52,55,3,1,0x6,0xE,1,0,178,846,0.173828125000
90,1024,2,0x324979413914B319,0xE,0x3,40,48,8,1,0xD,0xD,1,1,174,850,0.169921875000
90,1024,3,0x324979413914B319,0xE,0x1,50,58,8,1,0xF,0xF,1,1,163,861,0.159179687500
90,1024,4,0x324979413914B319,0xE,0x0,52,57,5,1,0xE,0xE,1,1,177,847,0.172851562500
90,1024,5,0x324979413914B319,0xE,0x4,43,51,8,1,0xA,0x1,1,0,162,862,0.158203125000
90,1024,6,0x324979413914B319,0xE,0x9,57,58,1,2,0x0,0x9,0,0,141,883,0.137695312500
90,1024,7,0x324979413914B319,0xE,0x0,56,57,1,2,0x0,0x1,0,0,175,849,0.170898437500
90,1536,0,0x324979413914B319,0xE,0x6,79,80,1,1,0x8,0xC,1,0,247,1289,0.160807291667
90,1536,1,0x324979413914B319,0xE,0x0,77,86,9,1,0xE,0xE,1,1,255,1281,0.166015625000
90,1536,2,0x324979413914B319,0xE,0x3,72,75,3,1,0xD,0xD,1,1,258,1278,0.167968750000
90,1536,3,0x324979413914B319,0xE,0x1,75,84,9,1,0xF,0xF,1,1,244,1292,0.158854166667
90,1536,4,0x324979413914B319,0xE,0x0,83,85,2,1,0xE,0xE,1,1,265,1271,0.172526041667
90,1536,5,0x324979413914B319,0xE,0x4,70,81,11,1,0xA,0x1,1,0,245,1291,0.159505208333
90,1536,6,0x324979413914B319,0xE,0xC,83,87,4,1,0x2,0x9,1,0,239,1297,0.155598958333
90,1536,7,0x324979413914B319,0xE,0x0,85,86,1,1,0xE,0x1,1,0,258,1278,0.167968750000
90,2048,0,0x324979413914B319,0xE,0x2,102,105,3,1,0xC,0xC,1,1,337,1711,0.164550781250
90,2048,1,0x324979413914B319,0xE,0x0,103,121,18,1,0xE,0xE,1,1,339,1709,0.165527343750
90,2048,2,0x324979413914B319,0xE,0x3,101,113,12,1,0xD,0xD,1,1,338,1710,0.165039062500
90,2048,3,0x324979413914B319,0xE,0x1,100,116,16,1,0xF,0xF,1,1,326,1722,0.159179687500
90,2048,4,0x324979413914B319,0xE,0x0,108,118,10,1,0xE,0xE,1,1,360,1688,0.175781250000
90,2048,5,0x324979413914B319,0xE,0x4,99,117,18,1,0xA,0x1,1,0,337,1711,0.164550781250
90,2048,6,0x324979413914B319,0xE,0xE,104,113,9,1,0x0,0x9,1,0,319,1729,0.155761718750
90,2048,7,0x324979413914B319,0xE,0xE,112,114,2,1,0x0,0x1,1,0,358,1690,0.174804687500
90,3072,0,0x324979413914B319,0xE,0x2,154,164,10,1,0xC,0xC,1,1,487,2585,0.158528645833
90,3072,1,0x324979413914B319,0xE,0x0,150,180,30,1,0xE,0xE,1,1,508,2564,0.165364583333
90,3072,2,0x324979413914B319,0xE,0x3,153,175,22,1,0xD,0xD,1,1,494,2578,0.160807291667
90,3072,3,0x324979413914B319,0xE,0x1,153,176,23,1,0xF,0xF,1,1,518,2554,0.168619791667
90,3072,4,0x324979413914B319,0xE,0x0,157,182,25,1,0xE,0xE,1,1,531,2541,0.172851562500
90,3072,5,0x324979413914B319,0xE,0x4,163,174,11,1,0xA,0x1,1,0,495,2577,0.161132812500
90,3072,6,0x324979413914B319,0xE,0xE,166,176,10,1,0x0,0x9,1,0,504,2568,0.164062500000
90,3072,7,0x324979413914B319,0xE,0xF,169,174,5,1,0x1,0x1,1,1,524,2548,0.170572916667
90,4096,0,0x324979413914B319,0xE,0x2,200,235,35,1,0xC,0xC,1,1,672,3424,0.164062500000
90,4096,1,0x324979413914B319,0xE,0x0,187,240,53,1,0xE,0xE,1,1,673,3423,0.164306640625
90,4096,2,0x324979413914B319,0xE,0x3,192,237,45,1,0xD,0xD,1,1,673,3423,0.164306640625
90,4096,3,0x324979413914B319,0xE,0x1,207,227,20,1,0xF,0xF,1,1,684,3412,0.166992187500
90,4096,4,0x324979413914B319,0xE,0x0,223,239,16,1,0xE,0xE,1,1,684,3412,0.166992187500
90,4096,5,0x324979413914B319,0xE,0xF,231,234,3,1,0x1,0x1,1,1,663,3433,0.161865234375
90,4096,6,0x324979413914B319,0xE,0xE,225,233,8,1,0x0,0x9,1,0,669,3427,0.163330078125
90,4096,7,0x324979413914B319,0xE,0xF,231,234,3,1,0x1,0x1,1,1,698,3398,0.170410156250
90,6144,0,0x324979413914B319,0xE,0x2,311,363,52,1,0xC,0xC,1,1,1019,5125,0.165852864583
90,6144,1,0x324979413914B319,0xE,0x0,306,363,57,1,0xE,0xE,1,1,998,5146,0.162434895833
90,6144,2,0x324979413914B319,0xE,0x3,319,361,42,1,0xD,0xD,1,1,1014,5130,0.165039062500
90,6144,3,0x324979413914B319,0xE,0x1,314,353,39,1,0xF,0xF,1,1,1019,5125,0.165852864583
90,6144,4,0x324979413914B319,0xE,0x0,331,359,28,1,0xE,0xE,1,1,996,5148,0.162109375000
90,6144,5,0x324979413914B319,0xE,0xF,326,358,32,1,0x1,0x1,1,1,992,5152,0.161458333333
90,6144,6,0x324979413914B319,0xE,0xE,360,363,3,1,0x0,0x9,1,0,985,5159,0.160319010417
90,6144,7,0x324979413914B319,0xE,0xF,326,345,19,1,0x1,0x1,1,1,1023,5121,0.166503906250
90,8192,0,0x324979413914B319,0xE,0x2,416,482,66,1,0xC,0xC,1,1,1358,6834,0.165771484375
90,8192,1,0x324979413914B319,0xE,0x0,421,479,58,1,0xE,0xE,1,1,1359,6833,0.165893554688
90,8192,2,0x324979413914B319,0xE,0x3,428,483,55,1,0xD,0xD,1,1,1353,6839,0.165161132812
90,8192,3,0x324979413914B319,0xE,0x1,433,473,40,1,0xF,0xF,1,1,1360,6832,0.166015625000
90,8192,4,0x324979413914B319,0xE,0x0,428,482,54,1,0xE,0xE,1,1,1338,6854,0.163330078125
90,8192,5,0x324979413914B319,0xE,0xF,423,482,59,1,0x1,0x1,1,1,1340,6852,0.163574218750
90,8192,6,0x324979413914B319,0xE,0x7,480,490,10,1,0x9,0x9,1,1,1313,6879,0.160278320312
90,8192,7,0x324979413914B319,0xE,0xF,426,475,49,1,0x1,0x1,1,1,1352,6840,0.165039062500
90,12288,0,0x324979413914B319,0xE,0x2,617,740,123,1,0xC,0xC,1,1,2048,10240,0.166666666667
90,12288,1,0x324979413914B319,0xE,0x0,634,717,83,1,0xE,0xE,1,1,2057,10231,0.167399088542
90,12288,2,0x324979413914B319,0xE,0x3,653,736,83,1,0xD,0xD,1,1,2013,10275,0.163818359375
90,12288,3,0x324979413914B319,0xE,0x1,636,723,87,1,0xF,0xF,1,1,2035,10253,0.165608723958
90,12288,4,0x324979413914B319,0xE,0x0,609,746,137,1,0xE,0xE,1,1,2024,10264,0.164713541667
90,12288,5,0x324979413914B319,0xE,0xF,672,729,57,1,0x1,0x1,1,1,2042,10246,0.166178385417
90,12288,6,0x324979413914B319,0xE,0x7,702,741,39,1,0x9,0x9,1,1,2007,10281,0.163330078125
90,12288,7,0x324979413914B319,0xE,0xF,654,721,67,1,0x1,0x1,1,1,1990,10298,0.161946614583
90,16384,0,0x324979413914B319,0xE,0x2,823,983,160,1,0xC,0xC,1,1,2725,13659,0.166320800781
90,16384,1,0x324979413914B319,0xE,0x0,833,960,127,1,0xE,0xE,1,1,2767,13617,0.168884277344
90,16384,2,0x324979413914B319,0xE,0x3,881,997,116,1,0xD,0xD,1,1,2609,13775,0.159240722656
90,16384,3,0x324979413914B319,0xE,0x1,855,949,94,1,0xF,0xF,1,1,2669,13715,0.162902832031
90,16384,4,0x324979413914B319,0xE,0x0,794,984,190,1,0xE,0xE,1,1,2704,13680,0.165039062500
90,16384,5,0x324979413914B319,0xE,0xF,895,970,75,1,0x1,0x1,1,1,2701,13683,0.164855957031
90,16384,6,0x324979413914B319,0xE,0x7,905,989,84,1,0x9,0x9,1,1,2711,13673,0.165466308594
90,16384,7,0x324979413914B319,0xE,0xF,850,978,128,1,0x1,0x1,1,1,2669,13715,0.162902832031
90,24576,0,0x324979413914B319,0xE,0x2,1242,1482,240,1,0xC,0xC,1,1,4050,20526,0.164794921875
90,24576,1,0x324979413914B319,0xE,0x0,1310,1455,145,1,0xE,0xE,1,1,4098,20478,0.166748046875
90,24576,2,0x324979413914B319,0xE,0x3,1327,1488,161,1,0xD,0xD,1,1,3921,20655,0.159545898438
90,24576,3,0x324979413914B319,0xE,0x1,1335,1495,160,1,0xF,0xF,1,1,4035,20541,0.164184570312
90,24576,4,0x324979413914B319,0xE,0x0,1244,1490,246,1,0xE,0xE,1,1,4024,20552,0.163736979167
90,24576,5,0x324979413914B319,0xE,0xF,1299,1496,197,1,0x1,0x1,1,1,4040,20536,0.164388020833
90,24576,6,0x324979413914B319,0xE,0x7,1313,1510,197,1,0x9,0x9,1,1,4077,20499,0.165893554688
90,24576,7,0x324979413914B319,0xE,0xF,1249,1505,256,1,0x1,0x1,1,1,4037,20539,0.164265950521
90,32768,0,0x324979413914B319,0xE,0x2,1707,2001,294,1,0xC,0xC,1,1,5361,27407,0.163604736328
90,32768,1,0x324979413914B319,0xE,0x0,1762,1963,201,1,0xE,0xE,1,1,5451,27317,0.166351318359
90,32768,2,0x324979413914B319,0xE,0x3,1800,1993,193,1,0xD,0xD,1,1,5265,27503,0.160675048828
90,32768,3,0x324979413914B319,0xE,0x1,1764,2022,258,1,0xF,0xF,1,1,5358,27410,0.163513183594
90,32768,4,0x324979413914B319,0xE,0x0,1691,2007,316,1,0xE,0xE,1,1,5347,27421,0.163177490234
90,32768,5,0x324979413914B319,0xE,0xF,1705,1976,271,1,0x1,0x1,1,1,5393,27375,0.164581298828
90,32768,6,0x324979413914B319,0xE,0x7,1728,2021,293,1,0x9,0x9,1,1,5407,27361,0.165008544922
90,32768,7,0x324979413914B319,0xE,0xF,1637,2007,370,1,0x1,0x1,1,1,5414,27354,0.165222167969
91,512,0,0x869C2020605A8B1C,0x2,0x9,20,24,4,1,0xB,0xF,1,0,80,432,0.156250000000
91,512,1,0x869C2020605A8B1C,0x2,0x8,24,26,2,1,0xA,0x2,1,0,79,433,0.154296875000
91,512,2,0x869C2020605A8B1C,0x2,0x6,17,25,8,1,0x4,0x3,1,0,82,430,0.160156250000
91,512,3,0x869C2020605A8B1C,0x2,0x3,23,27,4,1,0x1,0x1,1,1,90,422,0.175781250000
91,512,4,0x869C2020605A8B1C,0x2,0x0,21,22,1,1,0x2,0x2,1,1,79,433,0.154296875000
91,512,5,0x869C2020605A8B1C,0x2,0x8,23,26,3,1,0xA,0x2,1,0,79,433,0.154296875000
91,512,6,0x869C2020605A8B1C,0x2,0xF,23,25,2,1,0xD,0x7,1,0,92,420,0.179687500000
91,512,7,0x869C2020605A8B1C,0x2,0xE,22,23,1,1,0xC,0xB,1,0,80,432,0.156250000000
91,1024,0,0x869C2020605A8B1C,0x2,0x2,48,50,2,1,0x0,0xF,1,0,164,860,0.160156250000
91,1024,1,0x869C2020605A8B1C,0x2,0x8,49,54,5,1,0xA,0x2,1,0,162,862,0.158203125000
91,1024,2,0x869C2020605A8B1C,0x2,0x6,52,56,4,1,0x4,0x3,1,0,163,861,0.159179687500
91,1024,3,0x869C2020605A8B1C,0x2,0x2,52,54,2,1,0x0,0x1,1,0,174,850,0.169921875000
91,1024,4,0x869C2020605A8B1C,0x2,0x0,45,50,5,1,0x2,0x2,1,1,170,854,0.166015625000
91,1024,5,0x869C2020605A8B1C,0x2,0x0,50,53,3,1,0x2,0x2,1,1,159,865,0.155273437500
91,1024,6,0x869C2020605A8B1C,0x2,0x6,47,49,2,1,0x4,0x7,1,0,178,846,0.173828125000
91,1024,7,0x869C2020605A8B1C,0x2,0x9,48,50,2,1,0xB,0xB,1,1,174,850,0.169921875000
91,1536,0,0x869C2020605A8B1C,0x2,0x9,72,78,6,1,0xB,0xF,1,0,249,1287,0.162109375000
91,1536,1,0x869C2020605A8B1C,0x2,0x5,72,83,11,1,0x7,0x2,1,0,255,1281,0.166015625000
91,1536,2,0x869C2020605A8B1C,0x2,0x1,82,88,6,1,0x3,0x3,1,1,233,1303,0.151692708333
91,1536,3,0x869C2020605A8B1C,0x2,0x2,81,86,5,1,0x0,0x1,1,0,249,1287,0.162109375000
91,1536,4,0x869C2020605A8B1C,0x2,0x0,73,86,13,1,0x2,0x2,1,1,258,1278,0.167968750000
91,1536,5,0x869C2020605A8B1C,0x2,0x0,78,83,5,1,0x2,0x2,1,1,225,1311,0.146484375000
91,1536,6,0x869C2020605A8B1C,0x2,0x5,71,77,6,1,0x7,0x7,1,1,271,1265,0.176432291667
91,1536,7,0x869C2020605A8B1C,0x2,0xE,80,81,1,1,0xC,0xB,1,0,266,1270,0.173177083333
91,2048,0,0x869C2020605A8B1C,0x2,0xD,109,112,3,1,0xF,0xF,1,1,333,1715,0.162597656250
91,2048,1,0x869C2020605A8B1C,0x2,0x5,94,116,22,1,0x7,0x2,1,0,339,1709,0.165527343750
91,2048,2,0x869C2020605A8B1C,0x2,0x0,112,116,4,1,0x2,0x3,1,0,314,1734,0.153320312500
91,2048,3,0x869C2020605A8B1C,0x2,0x2,111,115,4,2,0x0,0x1,0,0,337,1711,0.164550781250
91,2048,4,0x869C2020605A8B1C,0x2,0x0,95,115,20,1,0x2,0x2,1,1,342,1706,0.166992187500
91,2048,5,0x869C2020605A8B1C,0x2,0x0,103,114,11,1,0x2,0x2,1,1,305,1743,0.148925781250
91,2048,6,0x869C2020605A8B1C,0x2,0x5,92,109,17,1,0x7,0x7,1,1,361,1687,0.176269531250
91,2048,7,0x869C2020605A8B1C,0x2,0xE,108,110,2,1,0xC,0xB,1,0,347,1701,0.169433593750
91,3072,0,0x869C2020605A8B1C,0x2,0xD,167,171,4,1,0xF,0xF,1,1,496,2576,0.161458333333
91,3072,1,0x869C2020605A8B1C,0x2,0x5,150,173,23,1,0x7,0x2,1,0,524,2548,0.170572916667
91,3072,2,0x869C2020605A8B1C,0x2,0x1,172,173,1,1,0x3,0x3,1,1,474,2598,0.154296875000
91,3072,3,0x869C2020605A8B1C,0x2,0x3,164,176,12,1,0x1,0x1,1,1,499,2573,0.162434895833
91,3072,4,0x869C2020605A8B1C,0x2,0x0,150,184,34,1,0x2,0x2,1,1,514,2558,0.167317708333
91,3072,5,0x869C2020605A8B1C,0x2,0x0,153,179,26,1,0x2,0x2,1,1,473,2599,0.153971354167
91,3072,6,0x869C2020605A8B1C,0x2,0x5,140,177,37,1,0x7,0x7,1,1,535,2537,0.174153645833
91,3072,7,0x869C2020605A8B1C,0x2,0x9,159,168,9,1,0xB,0xB,1,1,518,2554,0.168619791667
91,4096,0,0x869C2020605A8B1C,0x2,0xD,214,234,20,1,0xF,0xF,1,1,647,3449,0.157958984375
91,4096,1,0x869C2020605A8B1C,0x2,0x5,219,233,14,1,0x7,0x2,1,0,674,3422,0.164550781250
91,4096,2,0x869C2020605A8B1C,0x2,0x1,224,233,9,1,0x3,0x3,1,1,630,3466,0.153808593750
91,4096,3,0x869C2020605A8B1C,0x2,0x3,223,239,16,1,0x1,0x1,1,1,669,3427,0.163330078125
91,4096,4,0x869C2020605A8B1C,0x2,0x0,193,237,44,1,0x2,0x2,1,1,693,3403,0.169189453125
91,4096,5,0x869C2020605A8B1C,0x2,0x0,196,234,38,1,0x2,0x2,1,1,638,3458,0.155761718750
91,4096,6,0x869C2020605A8B1C,0x2,0x5,188,242,54,1,0x7,0x7,1,1,710,3386,0.173339843750
91,4096,7,0x869C2020605A8B1C,0x2,0x9,207,230,23,1,0xB,0xB,1,1,691,3405,0.168701171875
91,6144,0,0x869C2020605A8B1C,0x2,0xD,331,362,31,1,0xF,0xF,1,1,994,5150,0.161783854167
91,6144,1,0x869C2020605A8B1C,0x2,0x0,331,341,10,1,0x2,0x2,1,1,990,5154,0.161132812500
91,6144,2,0x869C2020605A8B1C,0x2,0x1,335,348,13,1,0x3,0x3,1,1,962,5182,0.156575520833
91,6144,3,0x869C2020605A8B1C,0x2,0x3,311,370,59,1,0x1,0x1,1,1,978,5166,0.159179687500
91,6144,4,0x869C2020605A8B1C,0x2,0x0,301,367,66,1,0x2,0x2,1,1,1058,5086,0.172200520833
91,6144,5,0x869C2020605A8B1C,0x2,0x0,309,345,36,1,0x2,0x2,1,1,990,5154,0.161132812500
91,6144,6,0x869C2020605A8B1C,0x2,0x5,305,364,59,1,0x7,0x7,1,1,1037,5107,0.168782552083
91,6144,7,0x869C2020605A8B1C,0x2,0x9,332,346,14,1,0xB,0xB,1,1,1011,5133,0.164550781250
91,8192,0,0x869C2020605A8B1C,0x2,0xD,430,488,58,1,0xF,0xF,1,1,1325,6867,0.161743164062
91,8192,1,0x869C2020605A8B1C,0x2,0x0,441,481,40,1,0x2,0x2,1,1,1331,6861,0.162475585938
91,8192,2,0x869C2020605A8B1C,0x2,0x1,443,474,31,1,0x3,0x3,1,1,1312,6880,0.160156250000
91,8192,3,0x869C2020605A8B1C,0x2,0x3,414,488,74,1,0x1,0x1,1,1,1309,6883,0.159790039062
91,8192,4,0x869C2020605A8B1C,0x2,0x0,392,493,101,1,0x2,0x2,1,1,1382,6810,0.168701171875
91,8192,5,0x869C2020605A8B1C,0x2,0x0,396,459,63,1,0x2,0x2,1,1,1369,6823,0.167114257812
91,8192,6,0x869C2020605A8B1C,0x2,0x5,419,493,74,1,0x7,0x7,1,1,1368,6824,0.166992187500
91,8192,7,0x869C2020605A8B1C,0x2,0x9,428,472,44,1,0xB,0xB,1,1,1320,6872,0.161132812500
91,12288,0,0x869C2020605A8B1C,0x2,0xD,635,730,95,1,0xF,0xF,1,1,2018,10270,0.164225260417
91,12288,1,0x869C2020605A8B1C,0x2,0x0,678,726,48,1,0x2,0x2,1,1,1981,10307,0.161214192708
91,12288,2,0x869C2020605A8B1C,0x2,0x1,662,703,41,1,0x3,0x3,1,1,1942,10346,0.158040364583
91,12288,3,0x869C2020605A8B1C,0x2,0x3,627,734,107,1,0x1,0x1,1,1,1974,10314,0.160644531250
91,12288,4,0x869C2020605A8B1C,0x2,0x0,609,738,129,1,0x2,0x2,1,1,2081,10207,0.169352213542
91,12288,5,0x869C2020605A8B1C,0x2,0x0,610,724,114,1,0x2,0x2,1,1,2049,10239,0.166748046875
91,12288,6,0x869C2020605A8B1C,0x2,0x5,623,737,114,1,0x7,0x7,1,1,2086,10202,0.169759114583
91,12288,7,0x869C2020605A8B1C,0x2,0x9,626,722,96,1,0xB,0xB,1,1,2005,10283,0.163167317708
91,16384,0,0x869C2020605A8B1C,0x2,0xD,833,961,128,1,0xF,0xF,1,1,2683,13701,0.163757324219
91,16384,1,0x869C2020605A8B1C,0x2,0x0,874,981,107,1,0x2,0x2,1,1,2641,13743,0.161193847656
91,16384,2,0x869C2020605A8B1C,0x2,0x1,873,960,87,1,0x3,0x3,1,1,2653,13731,0.161926269531
91,16384,3,0x869C2020605A8B1C,0x2,0x3,843,979,136,1,0x1,0x1,1,1,2665,13719,0.162658691406
91,16384,4,0x869C2020605A8B1C,0x2,0x0,793,986,193,1,0x2,0x2,1,1,2772,13612,0.169189453125
91,16384,5,0x869C2020605A8B1C,0x2,0x0,816,953,137,1,0x2,0x2,1,1,2696,13688,0.164550781250
91,16384,6,0x869C2020605A8B1C,0x2,0x5,819,979,160,1,0x7,0x7,1,1,2753,13631,0.168029785156
91,16384,7,0x869C2020605A8B1C,0x2,0x9,828,975,147,1,0xB,0xB,1,1,2664,13720,0.162597656250
91,24576,0,0x869C2020605A8B1C,0x2,0xD,1263,1467,204,1,0xF,0xF,1,1,4076,20500,0.165852864583
91,24576,1,0x869C2020605A8B1C,0x2,0x0,1328,1476,148,1,0x2,0x2,1,1,4028,20548,0.163899739583
91,24576,2,0x869C2020605A8B1C,0x2,0x1,1304,1473,169,1,0x3,0x3,1,1,3967,20609,0.161417643229
91,24576,3,0x869C2020605A8B1C,0x2,0x3,1286,1461,175,1,0x1,0x1,1,1,3993,20583,0.162475585938
91,24576,4,0x869C2020605A8B1C,0x2,0x0,1236,1487,251,1,0x2,0x2,1,1,4113,20463,0.167358398438
91,24576,5,0x869C2020605A8B1C,0x2,0x0,1261,1421,160,1,0x2,0x2,1,1,4036,20540,0.164225260417
91,24576,6,0x869C2020605A8B1C,0x2,0x5,1220,1513,293,1,0x7,0x7,1,1,4119,20457,0.167602539062
91,24576,7,0x869C2020605A8B1C,0x2,0x9,1252,1487,235,1,0xB,0xB,1,1,4016,20560,0.163411458333
91,32768,0,0x869C2020605A8B1C,0x2,0xD,1693,1972,279,1,0xF,0xF,1,1,5453,27315,0.166412353516
91,32768,1,0x869C2020605A8B1C,0x2,0x0,1719,1988,269,1,0x2,0x2,1,1,5385,27383,0.164337158203
91,32768,2,0x869C2020605A8B1C,0x2,0x1,1732,1991,259,1,0x3,0x3,1,1,5310,27458,0.162048339844
91,32768,3,0x869C2020605A8B1C,0x2,0x3,1707,2008,301,1,0x1,0x1,1,1,5361,27407,0.163604736328
91,32768,4,0x869C2020605A8B1C,0x2,0x0,1679,1996,317,1,0x2,0x2,1,1,5474,27294,0.167053222656
91,32768,5,0x869C2020605A8B1C,0x2,0x0,1665,1970,305,1,0x2,0x2,1,1,5393,27375,0.164581298828
91,32768,6,0x869C2020605A8B1C,0x2,0x5,1636,2017,381,1,0x7,0x7,1,1,5478,27290,0.167175292969
91,32768,7,0x869C2020605A8B1C,0x2,0x9,1660,1962,302,1,0xB,0xB,1,1,5361,27407,0.163604736328
92,512,0,0xC6614E165DA61E3C,0xB,0x2,18,22,4,1,0x9,0x9,1,1,93,419,0.181640625000
92,512,1,0xC6614E165DA61E3C,0xB,0xA,25,27,2,3,0x0,0xA,0,0,89,423,0.173828125000
92,512,2,0xC6614E165DA61E3C,0xB,0x9,23,25,2,1,0x2,0x8,1,0,86,426,0.167968750000
92,512,3,0xC6614E165DA61E3C,0xB,0x2,23,24,1,1,0x9,0x2,1,0,79,433,0.154296875000
92,512,4,0xC6614E165DA61E3C,0xB,0x6,23,24,1,1,0xD,0x0,1,0,68,444,0.132812500000
92,512,5,0xC6614E165DA61E3C,0xB,0x2,24,25,1,2,0x0,0xD,0,0,86,426,0.167968750000
92,512,6,0xC6614E165DA61E3C,0xB,0x5,21,26,5,1,0xE,0x3,1,0,86,426,0.167968750000
92,512,7,0xC6614E165DA61E3C,0xB,0x8,23,26,3,1,0x3,0x6,1,0,77,435,0.150390625000
92,1024,0,0xC6614E165DA61E3C,0xB,0x2,51,52,1,1,0x9,0x9,1,1,174,850,0.169921875000
92,1024,1,0xC6614E165DA61E3C,0xB,0x1,47,49,2,1,0xA,0xA,1,1,174,850,0.169921875000
92,1024,2,0xC6614E165DA61E3C,0xB,0x3,53,56,3,1,0x8,0x8,1,1,177,847,0.172851562500
92,1024,3,0xC6614E165DA61E3C,0xB,0x3,53,54,1,1,0x8,0x2,1,0,174,850,0.169921875000
92,1024,4,0xC6614E165DA61E3C,0xB,0xC,52,54,2,1,0x7,0x0,1,0,144,880,0.140625000000
92,1024,5,0xC6614E165DA61E3C,0xB,0x6,52,55,3,1,0xD,0xD,1,1,177,847,0.172851562500
92,1024,6,0xC6614E165DA61E3C,0xB,0x2,50,53,3,1,0x9,0x3,1,0,158,866,0.154296875000
92,1024,7,0xC6614E165DA61E3C,0xB,0x8,48,54,6,1,0x3,0x6,1,0,151,873,0.147460937500
92,1536,0,0xC6614E165DA61E3C,0xB,0x5,80,81,1,1,0xE,0x9,1,0,258,1278,0.167968750000
92,1536,1,0xC6614E165DA61E3C,0xB,0x1,78,81,3,1,0xA,0xA,1,1,265,1271,0.172526041667
92,1536,2,0xC6614E165DA61E3C,0xB,0x3,82,87,5,1,0x8,0x8,1,1,257,1279,0.167317708333
92,1536,3,0xC6614E165DA61E3C,0xB,0x3,83,86,3,1,0x8,0x2,1,0,256,1280,0.166666666667
92,1536,4,0xC6614E165DA61E3C,0xB,0xC,83,91,8,1,0x7,0x0,1,0,221,1315,0.143880208333
92,1536,5,0xC6614E165DA61E3C,0xB,0x2,79,81,2,1,0x9,0xD,1,0,268,1268,0.174479166667
92,1536,6,0xC6614E165DA61E3C,0xB,0x8,79,81,2,1,0x3,0x3,1,1,257,1279,0.167317708333
92,1536,7,0xC6614E165DA61E3C,0xB,0xD,69,83,14,1,0x6,0x6,1,1,232,1304,0.151041666667
92,2048,0,0xC6614E165DA61E3C,0xB,0x2,109,110,1,1,0x9,0x9,1,1,361,1687,0.176269531250
92,2048,1,0xC6614E165DA61E3C,0xB,0x1,102,108,6,1,0xA,0xA,1,1,350,1698,0.170898437500
92,2048,2,0xC6614E165DA61E3C,0xB,0x3,114,119,5,2,0x0,0x8,0,0,335,1713,0.163574218750
92,2048,3,0xC6614E165DA61E3C,0xB,0xB,110,113,3,1,0x0,0x2,1,0,367,1681,0.179199218750
92,2048,4,0xC6614E165DA61E3C,0xB,0xF,116,121,5,1,0x4,0x0,1,0,301,1747,0.146972656250
92,2048,5,0xC6614E165DA61E3C,0xB,0x6,105,118,13,1,0xD,0xD,1,1,356,1692,0.173828125000
92,2048,6,0xC6614E165DA61E3C,0xB,0x8,110,118,8,1,0x3,0x3,1,1,329,1719,0.160644531250
92,2048,7,0xC6614E165DA61E3C,0xB,0x8,107,109,2,1,0x3,0x6,1,0,319,1729,0.155761718750
92,3072,0,0xC6614E165DA61E3C,0xB,0x2,152,166,14,1,0x9,0x9,1,1,529,2543,0.172200520833
92,3072,1,0xC6614E165DA61E3C,0xB,0x1,143,165,22,1,0xA,0xA,1,1,541,2531,0.176106770833
92,3072,2,0xC6614E165DA61E3C,0xB,0x3,166,178,12,1,0x8,0x8,1,1,527,2545,0.171549479167
92,3072,3,0xC6614E165DA61E3C,0xB,0x8,161,173,12,1,0x3,0x2,1,0,540,2532,0.175781250000
92,3072,4,0xC6614E165DA61E3C,0xB,0xB,176,181,5,1,0x0,0x0,1,1,476,2596,0.154947916667
92,3072,5,0xC6614E165DA61E3C,0xB,0x6,145,167,22,1,0xD,0xD,1,1,528,2544,0.171875000000
92,3072,6,0xC6614E165DA61E3C,0xB,0x8,156,178,22,1,0x3,0x3,1,1,493,2579,0.160481770833
92,3072,7,0xC6614E165DA61E3C,0xB,0xD,162,175,13,1,0x6,0x6,1,1,495,2577,0.161132812500
92,4096,0,0xC6614E165DA61E3C,0xB,0x2,196,219,23,1,0x9,0x9,1,1,699,3397,0.170654296875
92,4096,1,0xC6614E165DA61E3C,0xB,0x1,204,229,25,1,0xA,0xA,1,1,709,3387,0.173095703125
92,4096,2,0xC6614E165DA61E3C,0xB,0x3,224,233,9,1,0x8,0x8,1,1,691,3405,0.168701171875
92,4096,3,0xC6614E165DA61E3C,0xB,0x8,223,235,12,1,0x3,0x2,1,0,709,3387,0.173095703125
92,4096,4,0xC6614E165DA61E3C,0xB,0xB,227,237,10,1,0x0,0x0,1,1,647,3449,0.157958984375
92,4096,5,0xC6614E165DA61E3C,0xB,0x6,203,240,37,1,0xD,0xD,1,1,689,3407,0.168212890625
92,4096,6,0xC6614E165DA61E3C,0xB,0x8,208,239,31,1,0x3,0x3,1,1,648,3448,0.158203125000
92,4096,7,0xC6614E165DA61E3C,0xB,0xD,209,237,28,1,0x6,0x6,1,1,682,3414,0.166503906250
92,6144,0,0xC6614E165DA61E3C,0xB,0x2,292,340,48,1,0x9,0x9,1,1,1011,5133,0.164550781250
92,6144,1,0xC6614E165DA61E3C,0xB,0x1,307,348,41,1,0xA,0xA,1,1,1021,5123,0.166178385417
92,6144,2,0xC6614E165DA61E3C,0xB,0x3,309,359,50,1,0x8,0x8,1,1,1019,5125,0.165852864583
92,6144,3,0xC6614E165DA61E3C,0xB,0x8,351,354,3,1,0x3,0x2,1,0,1053,5091,0.171386718750
92,6144,4,0xC6614E165DA61E3C,0xB,0xB,333,366,33,1,0x0,0x0,1,1,988,5156,0.160807291667
92,6144,5,0xC6614E165DA61E3C,0xB,0x6,312,356,44,1,0xD,0xD,1,1,1034,5110,0.168294270833
92,6144,6,0xC6614E165DA61E3C,0xB,0x8,318,365,47,1,0x3,0x3,1,1,975,5169,0.158691406250
92,6144,7,0xC6614E165DA61E3C,0xB,0xD,314,351,37,1,0x6,0x6,1,1,1006,5138,0.163736979167
92,8192,0,0xC6614E165DA61E3C,0xB,0x2,392,464,72,1,0x9,0x9,1,1,1352,6840,0.165039062500
92,8192,1,0xC6614E165DA61E3C,0xB,0x1,411,486,75,1,0xA,0xA,1,1,1365,6827,0.166625976562
92,8192,2,0xC6614E165DA61E3C,0xB,0x3,426,483,57,1,0x8,0x8,1,1,1358,6834,0.165771484375
92,8192,3,0xC6614E165DA61E3C,0xB,0xB,476,483,7,1,0x0,0x2,1,0,1373,6819,0.167602539062
92,8192,4,0xC6614E165DA61E3C,0xB,0xB,439,492,53,1,0x0,0x0,1,1,1309,6883,0.159790039062
92,8192,5,0xC6614E165DA61E3C,0xB,0x6,413,485,72,1,0xD,0xD,1,1,1364,6828,0.166503906250
92,8192,6,0xC6614E165DA61E3C,0xB,0x8,403,490,87,1,0x3,0x3,1,1,1318,6874,0.160888671875
92,8192,7,0xC6614E165DA61E3C,0xB,0xD,417,488,71,1,0x6,0x6,1,1,1302,6890,0.158935546875
92,12288,0,0xC6614E165DA61E3C,0xB,0x2,609,715,106,1,0x9,0x9,1,1,2027,10261,0.164957682292
92,12288,1,0xC6614E165DA61E3C,0xB,0x1,625,718,93,1,0xA,0xA,1,1,2036,10252,0.165690104167
92,12288,2,0xC6614E165DA61E3C,0xB,0x3,648,716,68,1,0x8,0x8,1,1,1977,10311,0.160888671875
92,12288,3,0xC6614E165DA61E3C,0xB,0x9,707,731,24,1,0x2,0x2,1,1,2046,10242,0.166503906250
92,12288,4,0xC6614E165DA61E3C,0xB,0xB,658,733,75,1,0x0,0x0,1,1,1970,10318,0.160319010417
92,12288,5,0xC6614E165DA61E3C,0xB,0x6,643,742,99,1,0xD,0xD,1,1,2026,10262,0.164876302083
92,12288,6,0xC6614E165DA61E3C,0xB,0x8,615,732,117,1,0x3,0x3,1,1,1968,10320,0.160156250000
92,12288,7,0xC6614E165DA61E3C,0xB,0xD,637,723,86,1,0x6,0x6,1,1,1947,10341,0.158447265625
92,16384,0,0xC6614E165DA61E3C,0xB,0x2,817,972,155,1,0x9,0x9,1,1,2734,13650,0.166870117188
92,16384,1,0xC6614E165DA61E3C,0xB,0x1,806,969,163,1,0xA,0xA,1,1,2707,13677,0.165222167969
92,16384,2,0xC6614E165DA61E3C,0xB,0x3,890,962,72,1,0x8,0x8,1,1,2662,13722,0.162475585938
92,16384,3,0xC6614E165DA61E3C,0xB,0x9,931,987,56,1,0x2,0x2,1,1,2744,13640,0.167480468750
92,16384,4,0xC6614E165DA61E3C,0xB,0xB,880,985,105,1,0x0,0x0,1,1,2663,13721,0.162536621094
92,16384,5,0xC6614E165DA61E3C,0xB,0x6,857,984,127,1,0xD,0xD,1,1,2691,13693,0.164245605469
92,16384,6,0xC6614E165DA61E3C,0xB,0x8,824,949,125,1,0x3,0x3,1,1,2622,13762,0.160034179688
92,16384,7,0xC6614E165DA61E3C,0xB,0xD,865,977,112,1,0x6,0x6,1,1,2630,13754,0.160522460938
92,24576,0,0xC6614E165DA61E3C,0xB,0x2,1288,1470,182,1,0x9,0x9,1,1,4082,20494,0.166097005208
92,24576,1,0xC6614E165DA61E3C,0xB,0x1,1226,1486,260,1,0xA,0xA,1,1,4062,20514,0.165283203125
92,24576,2,0xC6614E165DA61E3C,0xB,0x3,1308,1484,176,1,0x8,0x8,1,1,3923,20653,0.159627278646
92,24576,3,0xC6614E165DA61E3C,0xB,0x9,1341,1487,146,1,0x2,0x2,1,1,4119,20457,0.167602539062
92,24576,4,0xC6614E165DA61E3C,0xB,0xB,1298,1469,171,1,0x0,0x0,1,1,3954,20622,0.160888671875
92,24576,5,0xC6614E165DA61E3C,0xB,0x6,1266,1489,223,1,0xD,0xD,1,1,3979,20597,0.161905924479
92,24576,6,0xC6614E165DA61E3C,0xB,0x8,1265,1471,206,1,0x3,0x3,1,1,3937,20639,0.160196940104
92,24576,7,0xC6614E165DA61E3C,0xB,0xD,1292,1497,205,1,0x6,0x6,1,1,3950,20626,0.160725911458
92,32768,0,0xC6614E165DA61E3C,0xB,0x2,1732,1977,245,1,0x9,0x9,1,1,5467,27301,0.166839599609
92,32768,1,0xC6614E165DA61E3C,0xB,0x1,1647,1977,330,1,0xA,0xA,1,1,5383,27385,0.164276123047
92,32768,2,0xC6614E165DA61E3C,0xB,0x3,1733,1987,254,1,0x8,0x8,1,1,5290,27478,0.161437988281
92,32768,3,0xC6614E165DA61E3C,0xB,0x9,1753,1989,236,1,0x2,0x2,1,1,5412,27356,0.165161132812
92,32768,4,0xC6614E165DA61E3C,0xB,0xB,1728,2009,281,1,0x0,0x0,1,1,5259,27509,0.160491943359
92,32768,5,0xC6614E165DA61E3C,0xB,0x6,1697,1972,275,1,0xD,0xD,1,1,5314,27454,0.162170410156
92,32768,6,0xC6614E165DA61E3C,0xB,0x8,1670,2004,334,1,0x3,0x3,1,1,5275,27493,0.160980224609
92,32768,7,0xC6614E165DA61E3C,0xB,0xD,1754,2014,260,1,0x6,0x6,1,1,5271,27497,0.160858154297
93,512,0,0xD4DFA6EA709FE6CA,0x1,0x4,27,28,1,1,0x5,0xD,1,0,69,443,0.134765625000
93,512,1,0xD4DFA6EA709FE6CA,0x1,0xB,22,24,2,1,0xA,0x6,1,0,79,433,0.154296875000
93,512,2,0xD4DFA6EA709FE6CA,0x1,0x4,20,23,3,1,0x5,0x8,1,0,85,427,0.166015625000
93,512,3,0xD4DFA6EA709FE6CA,0x1,0xA,23,26,3,1,0xB,0x7,1,0,73,439,0.142578125000
93,512,4,0xD4DFA6EA709FE6CA,0x1,0x7,26,28,2,2,0x0,0x3,0,0,85,427,0.166015625000
93,512,5,0xD4DFA6EA709FE6CA,0x1,0x2,25,27,2,3,0x0,0x9,0,0,96,416,0.187500000000
93,512,6,0xD4DFA6EA709FE6CA,0x1,0x7,21,27,6,1,0x6,0x8,1,0,78,434,0.152343750000
93,512,7,0xD4DFA6EA709FE6CA,0x1,0xA,20,24,4,1,0xB,0x8,1,0,76,436,0.148437500000
93,1024,0,0xD4DFA6EA709FE6CA,0x1,0x4,51,55,4,1,0x5,0xD,1,0,163,861,0.159179687500
93,1024,1,0xD4DFA6EA709FE6CA,0x1,0xA,52,53,1,1,0xB,0x6,1,0,176,848,0.171875000000
93,1024,2,0xD4DFA6EA709FE6CA,0x1,0x9,51,52,1,1,0x8,0x8,1,1,187,837,0.182617187500
93,1024,3,0xD4DFA6EA709FE6CA,0x1,0x5,51,54,3,1,0x4,0x7,1,0,162,862,0.158203125000
93,1024,4,0xD4DFA6EA709FE6CA,0x1,0x2,53,55,2,1,0x3,0x3,1,1,154,870,0.150390625000
93,1024,5,0xD4DFA6EA709FE6CA,0x1,0x2,53,55,2,2,0x0,0x9,0,0,199,825,0.194335937500
93,1024,6,0xD4DFA6EA709FE6CA,0x1,0x9,52,54,2,1,0x8,0x8,1,1,167,857,0.163085937500
93,1024,7,0xD4DFA6EA709FE6CA,0x1,0x8,50,52,2,1,0x9,0x8,1,0,158,866,0.154296875000
93,1536,0,0xD4DFA6EA709FE6CA,0x1,0x4,87,88,1,1,0x5,0xD,1,0,246,1290,0.160156250000
93,1536,1,0xD4DFA6EA709FE6CA,0x1,0xA,78,86,8,1,0xB,0x6,1,0,254,1282,0.165364583333
93,1536,2,0xD4DFA6EA709FE6CA,0x1,0x7,69,81,12,1,0x6,0x8,1,0,258,1278,0.167968750000
93,1536,3,0xD4DFA6EA709FE6CA,0x1,0x4,82,84,2,1,0x5,0x7,1,0,235,1301,0.152994791667
93,1536,4,0xD4DFA6EA709FE6CA,0x1,0x2,75,84,9,1,0x3,0x3,1,1,245,1291,0.159505208333
93,1536,5,0xD4DFA6EA709FE6CA,0x1,0x2,85,86,1,1,0x3,0x9,1,0,301,1235,0.195963541667
93,1536,6,0xD4DFA6EA709FE6CA,0x1,0x8,75,78,3,1,0x9,0x8,1,0,247,1289,0.160807291667
93,1536,7,0xD4DFA6EA709FE6CA,0x1,0x8,77,85,8,1,0x9,0x8,1,0,250,1286,0.162760416667
93,2048,0,0xD4DFA6EA709FE6CA,0x1,0xC,113,114,1,1,0xD,0xD,1,1,324,1724,0.158203125000
93,2048,1,0xD4DFA6EA709FE6CA,0x1,0xB,113,115,2,1,0xA,0x6,1,0,331,1717,0.161621093750
93,2048,2,0xD4DFA6EA709FE6CA,0x1,0x9,103,112,9,1,0x8,0x8,1,1,344,1704,0.167968750000
93,2048,3,0xD4DFA6EA709FE6CA,0x1,0x4,112,115,3,1,0x5,0x7,1,0,331,1717,0.161621093750
93,2048,4,0xD4DFA6EA709FE6CA,0x1,0x2,103,109,6,1,0x3,0x3,1,1,323,1725,0.157714843750
93,2048,5,0xD4DFA6EA709FE6CA,0x1,0xB,112,115,3,1,0xA,0x9,1,0,398,1650,0.194335937500
93,2048,6,0xD4DFA6EA709FE6CA,0x1,0x8,103,107,4,1,0x9,0x8,1,0,341,1707,0.166503906250
93,2048,7,0xD4DFA6EA709FE6CA,0x1,0xA,113,114,1,1,0xB,0x8,1,0,335,1713,0.163574218750
93,3072,0,0xD4DFA6EA709FE6CA,0x1,0xC,162,172,10,1,0xD,0xD,1,1,476,2596,0.154947916667
93,3072,1,0xD4DFA6EA709FE6CA,0x1,0x7,164,182,18,1,0x6,0x6,1,1,486,2586,0.158203125000
93,3072,2,0xD4DFA6EA709FE6CA,0x1,0x9,159,171,12,1,0x8,0x8,1,1,536,2536,0.174479166667
93,3072,3,0xD4DFA6EA709FE6CA,0x1,0xB,174,176,2,1,0xA,0x7,1,0,509,2563,0.165690104167
93,3072,4,0xD4DFA6EA709FE6CA,0x1,0x2,161,175,14,1,0x3,0x3,1,1,479,2593,0.155924479167
93,3072,5,0xD4DFA6EA709FE6CA,0x1,0x8,170,172,2,1,0x9,0x9,1,1,578,2494,0.188151041667
93,3072,6,0xD4DFA6EA709FE6CA,0x1,0x8,164,171,7,1,0x9,0x8,1,0,499,2573,0.162434895833
93,3072,7,0xD4DFA6EA709FE6CA,0x1,0xA,172,174,2,1,0xB,0x8,1,0,492,2580,0.160156250000
93,4096,0,0xD4DFA6EA709FE6CA,0x1,0xC,217,237,20,1,0xD,0xD,1,1,659,3437,0.160888671875
93,4096,1,0xD4DFA6EA709FE6CA,0x1,0x7,220,240,20,1,0x6,0x6,1,1,649,3447,0.158447265625
93,4096,2,0xD4DFA6EA709FE6CA,0x1,0x9,210,236,26,1,0x8,0x8,1,1,689,3407,0.168212890625
93,4096,3,0xD4DFA6EA709FE6CA,0x1,0x6,223,241,18,1,0x7,0x7,1,1,683,3413,0.166748046875
93,4096,4,0xD4DFA6EA709FE6CA,0x1,0x2,208,235,27,1,0x3,0x3,1,1,648,3448,0.158203125000
93,4096,5,0xD4DFA6EA709FE6CA,0x1,0x8,227,228,1,1,0x9,0x9,1,1,743,3353,0.181396484375
93,4096,6,0xD4DFA6EA709FE6CA,0x1,0x9,219,240,21,1,0x8,0x8,1,1,656,3440,0.160156250000
93,4096,7,0xD4DFA6EA709FE6CA,0x1,0x9,223,235,12,1,0x8,0x8,1,1,663,3433,0.161865234375
93,6144,0,0xD4DFA6EA709FE6CA,0x1,0xC,324,354,30,1,0xD,0xD,1,1,975,5169,0.158691406250
93,6144,1,0xD4DFA6EA709FE6CA,0x1,0x7,350,356,6,1,0x6,0x6,1,1,1003,5141,0.163248697917
93,6144,2,0xD4DFA6EA709FE6CA,0x1,0x9,320,369,49,1,0x8,0x8,1,1,1041,5103,0.169433593750
93,6144,3,0xD4DFA6EA709FE6CA,0x1,0x6,315,361,46,1,0x7,0x7,1,1,1041,5103,0.169433593750
93,6144,4,0xD4DFA6EA709FE6CA,0x1,0x2,308,343,35,1,0x3,0x3,1,1,996,5148,0.162109375000
93,6144,5,0xD4DFA6EA709FE6CA,0x1,0x8,334,365,31,1,0x9,0x9,1,1,1061,5083,0.172688802083
93,6144,6,0xD4DFA6EA709FE6CA,0x1,0x9,323,352,29,1,0x8,0x8,1,1,976,5168,0.158854166667
93,6144,7,0xD4DFA6EA709FE6CA,0x1,0x9,317,353,36,1,0x8,0x8,1,1,1002,5142,0.163085937500
93,8192,0,0xD4DFA6EA709FE6CA,0x1,0xC,421,488,67,1,0xD,0xD,1,1,1325,6867,0.161743164062
93,8192,1,0xD4DFA6EA709FE6CA,0x1,0x7,452,487,35,1,0x6,0x6,1,1,1326,6866,0.161865234375
93,8192,2,0xD4DFA6EA709FE6CA,0x1,0x9,429,486,57,1,0x8,0x8,1,1,1390,6802,0.169677734375
93,8192,3,0xD4DFA6EA709FE6CA,0x1,0x6,408,493,85,1,0x7,0x7,1,1,1384,6808,0.168945312500
93,8192,4,0xD4DFA6EA709FE6CA,0x1,0x2,416,471,55,1,0x3,0x3,1,1,1334,6858,0.162841796875
93,8192,5,0xD4DFA6EA709FE6CA,0x1,0x8,444,481,37,1,0x9,0x9,1,1,1414,6778,0.172607421875
93,8192,6,0xD4DFA6EA709FE6CA,0x1,0x9,410,491,81,1,0x8,0x8,1,1,1310,6882,0.159912109375
93,8192,7,0xD4DFA6EA709FE6CA,0x1,0x9,416,481,65,1,0x8,0x8,1,1,1330,6862,0.162353515625
93,12288,0,0xD4DFA6EA709FE6CA,0x1,0xC,659,726,67,1,0xD,0xD,1,1,2024,10264,0.164713541667
93,12288,1,0xD4DFA6EA709FE6CA,0x1,0x7,679,726,47,1,0x6,0x6,1,1,1990,10298,0.161946614583
93,12288,2,0xD4DFA6EA709FE6CA,0x1,0x9,658,742,84,1,0x8,0x8,1,1,2013,10275,0.163818359375
93,12288,3,0xD4DFA6EA709FE6CA,0x1,0x6,617,740,123,1,0x7,0x7,1,1,2068,10220,0.168294270833
93,12288,4,0xD4DFA6EA709FE6CA,0x1,0x2,643,748,105,1,0x3,0x3,1,1,1980,10308,0.161132812500
93,12288,5,0xD4DFA6EA709FE6CA,0x1,0x8,642,740,98,1,0x9,0x9,1,1,2089,10199,0.170003255208
93,12288,6,0xD4DFA6EA709FE6CA,0x1,0x9,609,749,140,1,0x8,0x8,1,1,1980,10308,0.161132812500
93,12288,7,0xD4DFA6EA709FE6CA,0x1,0x9,646,715,69,1,0x8,0x8,1,1,2000,10288,0.162760416667
93,16384,0,0xD4DFA6EA709FE6CA,0x1,0xC,875,990,115,1,0xD,0xD,1,1,2718,13666,0.165893554688
93,16384,1,0xD4DFA6EA709FE6CA,0x1,0x7,873,980,107,1,0x6,0x6,1,1,2672,13712,0.163085937500
93,16384,2,0xD4DFA6EA709FE6CA,0x1,0x9,858,993,135,1,0x8,0x8,1,1,2687,13697,0.164001464844
93,16384,3,0xD4DFA6EA709FE6CA,0x1,0x6,829,999,170,1,0x7,0x7,1,1,2711,13673,0.165466308594
93,16384,4,0xD4DFA6EA709FE6CA,0x1,0x2,865,1003,138,1,0x3,0x3,1,1,2636,13748,0.160888671875
93,16384,5,0xD4DFA6EA709FE6CA,0x1,0x8,827,990,163,1,0x9,0x9,1,1,2716,13668,0.165771484375
93,16384,6,0xD4DFA6EA709FE6CA,0x1,0x9,817,998,181,1,0x8,0x8,1,1,2695,13689,0.164489746094
93,16384,7,0xD4DFA6EA709FE6CA,0x1,0x9,857,976,119,1,0x8,0x8,1,1,2661,13723,0.162414550781
93,24576,0,0xD4DFA6EA709FE6CA,0x1,0xC,1296,1497,201,1,0xD,0xD,1,1,4021,20555,0.163614908854
93,24576,1,0xD4DFA6EA709FE6CA,0x1,0x7,1305,1478,173,1,0x6,0x6,1,1,4058,20518,0.165120442708
93,24576,2,0xD4DFA6EA709FE6CA,0x1,0x9,1232,1522,290,1,0x8,0x8,1,1,4083,20493,0.166137695312
93,24576,3,0xD4DFA6EA709FE6CA,0x1,0x6,1245,1482,237,1,0x7,0x7,1,1,4063,20513,0.165323893229
93,24576,4,0xD4DFA6EA709FE6CA,0x1,0x2,1298,1495,197,1,0x3,0x3,1,1,3963,20613,0.161254882812
93,24576,5,0xD4DFA6EA709FE6CA,0x1,0x8,1267,1482,215,1,0x9,0x9,1,1,4049,20527,0.164754231771
93,24576,6,0xD4DFA6EA709FE6CA,0x1,0x9,1249,1506,257,1,0x8,0x8,1,1,4060,20516,0.165201822917
93,24576,7,0xD4DFA6EA709FE6CA,0x1,0x9,1321,1465,144,1,0x8,0x8,1,1,3948,20628,0.160644531250
93,32768,0,0xD4DFA6EA709FE6CA,0x1,0xC,1714,2024,310,1,0xD,0xD,1,1,5369,27399,0.163848876953
93,32768,1,0xD4DFA6EA709FE6CA,0x1,0x7,1748,1954,206,1,0x6,0x6,1,1,5420,27348,0.165405273438
93,32768,2,0xD4DFA6EA709FE6CA,0x1,0x9,1683,2001,318,1,0x8,0x8,1,1,5443,27325,0.166107177734
93,32768,3,0xD4DFA6EA709FE6CA,0x1,0x6,1673,1995,322,1,0x7,0x7,1,1,5413,27355,0.165191650391
93,32768,4,0xD4DFA6EA709FE6CA,0x1,0x2,1738,2001,263,1,0x3,0x3,1,1,5334,27434,0.162780761719
93,32768,5,0xD4DFA6EA709FE6CA,0x1,0x8,1717,1993,276,1,0x9,0x9,1,1,5388,27380,0.164428710938
93,32768,6,0xD4DFA6EA709FE6CA,0x1,0x9,1682,2002,320,1,0x8,0x8,1,1,5366,27402,0.163757324219
93,32768,7,0xD4DFA6EA709FE6CA,0x1,0x9,1734,1953,219,1,0x8,0x8,1,1,5240,27528,0.159912109375
94,512,0,0xDBFAD08814EEB81B,0x3,0x7,20,23,3,1,0x4,0x1,1,0,86,426,0.167968750000
94,512,1,0xDBFAD08814EEB81B,0x3,0xC,24,26,2,1,0xF,0x0,1,0,83,429,0.162109375000
94,512,2,0xDBFAD08814EEB81B,0x3,0x7,25,26,1,1,0x4,0xF,1,0,85,427,0.166015625000
94,512,3,0xDBFAD08814EEB81B,0x3,0x3,24,25,1,1,0x0,0x3,1,0,96,416,0.187500000000
94,512,4,0xDBFAD08814EEB81B,0x3,0x1,22,26,4,2,0x0,0x2,0,0,88,424,0.171875000000
94,512,5,0xDBFAD08814EEB81B,0x3,0xE,24,25,1,1,0xD,0x5,1,0,78,434,0.152343750000
94,512,6,0xDBFAD08814EEB81B,0x3,0xB,24,25,1,1,0x8,0xE,1,0,78,434,0.152343750000
94,512,7,0xDBFAD08814EEB81B,0x3,0xA,20,24,4,1,0x9,0x9,1,1,83,429,0.162109375000
94,1024,0,0xDBFAD08814EEB81B,0x3,0x0,54,55,1,3,0x0,0x1,0,0,176,848,0.171875000000
94,1024,1,0xDBFAD08814EEB81B,0x3,0x3,47,59,12,1,0x0,0x0,1,1,162,862,0.158203125000
94,1024,2,0xDBFAD08814EEB81B,0x3,0x7,49,56,7,1,0x4,0xF,1,0,167,857,0.163085937500
94,1024,3,0xDBFAD08814EEB81B,0x3,0x9,45,56,11,1,0xA,0x3,1,0,176,848,0.171875000000
94,1024,4,0xDBFAD08814EEB81B,0x3,0x1,44,50,6,1,0x2,0x2,1,1,170,854,0.166015625000
94,1024,5,0xDBFAD08814EEB81B,0x3,0x8,52,53,1,1,0xB,0x5,1,0,146,878,0.142578125000
94,1024,6,0xDBFAD08814EEB81B,0x3,0xB,53,56,3,1,0x8,0xE,1,0,166,858,0.162109375000
94,1024,7,0xDBFAD08814EEB81B,0x3,0xA,49,53,4,1,0x9,0x9,1,1,170,854,0.166015625000
94,1536,0,0xDBFAD08814EEB81B,0x3,0x2,75,83,8,1,0x1,0x1,1,1,254,1282,0.165364583333
94,1536,1,0xDBFAD08814EEB81B,0x3,0x3,69,88,19,1,0x0,0x0,1,1,261,1275,0.169921875000
94,1536,2,0xDBFAD08814EEB81B,0x3,0xC,77,87,10,1,0xF,0xF,1,1,250,1286,0.162760416667
94,1536,3,0xDBFAD08814EEB81B,0x3,0x9,77,85,8,1,0xA,0x3,1,0,283,1253,0.184244791667
94,1536,4,0xDBFAD08814EEB81B,0x3,0x1,67,81,14,1,0x2,0x2,1,1,266,1270,0.173177083333
94,1536,5,0xDBFAD08814EEB81B,0x3,0x6,85,86,1,1,0x5,0x5,1,1,225,1311,0.146484375000
94,1536,6,0xDBFAD08814EEB81B,0x3,0x0,85,88,3,3,0x0,0xE,0,0,247,1289,0.160807291667
94,1536,7,0xDBFAD08814EEB81B,0x3,0x2,75,81,6,1,0x1,0x9,1,0,249,1287,0.162109375000
94,2048,0,0xDBFAD08814EEB81B,0x3,0x2,92,113,21,1,0x1,0x1,1,1,346,1702,0.168945312500
94,2048,1,0xDBFAD08814EEB81B,0x3,0x3,98,113,15,1,0x0,0x0,1,1,353,1695,0.172363281250
94,2048,2,0xDBFAD08814EEB81B,0x3,0xC,104,117,13,1,0xF,0xF,1,1,333,1715,0.162597656250
94,2048,3,0xDBFAD08814EEB81B,0x3,0x9,108,111,3,1,0xA,0x3,1,0,362,1686,0.176757812500
94,2048,4,0xDBFAD08814EEB81B,0x3,0x1,104,108,4,1,0x2,0x2,1,1,340,1708,0.166015625000
94,2048,5,0xDBFAD08814EEB81B,0x3,0x6,114,117,3,1,0x5,0x5,1,1,296,1752,0.144531250000
94,2048,6,0xDBFAD08814EEB81B,0x3,0x0,111,118,7,1,0x3,0xE,1,0,311,1737,0.151855468750
94,2048,7,0xDBFAD08814EEB81B,0x3,0xA,104,110,6,1,0x9,0x9,1,1,329,1719,0.160644531250
94,3072,0,0xDBFAD08814EEB81B,0x3,0x2,149,169,20,1,0x1,0x1,1,1,525,2547,0.170898437500
94,3072,1,0xDBFAD08814EEB81B,0x3,0x3,159,167,8,1,0x0,0x0,1,1,509,2563,0.165690104167
94,3072,2,0xDBFAD08814EEB81B,0x3,0xC,154,180,26,1,0xF,0xF,1,1,512,2560,0.166666666667
94,3072,3,0xDBFAD08814EEB81B,0x3,0x0,172,173,1,1,0x3,0x3,1,1,540,2532,0.175781250000
94,3072,4,0xDBFAD08814EEB81B,0x3,0x1,153,171,18,1,0x2,0x2,1,1,507,2565,0.165039062500
94,3072,5,0xDBFAD08814EEB81B,0x3,0x6,168,176,8,1,0x5,0x5,1,1,457,2615,0.148763020833
94,3072,6,0xDBFAD08814EEB81B,0x3,0x0,174,175,1,2,0x0,0xE,0,0,473,2599,0.153971354167
94,3072,7,0xDBFAD08814EEB81B,0x3,0xA,159,175,16,1,0x9,0x9,1,1,509,2563,0.165690104167
94,4096,0,0xDBFAD08814EEB81B,0x3,0x2,211,232,21,1,0x1,0x1,1,1,695,3401,0.169677734375
94,4096,1,0xDBFAD08814EEB81B,0x3,0x3,214,229,15,1,0x0,0x0,1,1,687,3409,0.167724609375
94,4096,2,0xDBFAD08814EEB81B,0x3,0xC,199,231,32,1,0xF,0xF,1,1,685,3411,0.167236328125
94,4096,3,0xDBFAD08814EEB81B,0x3,0x0,226,231,5,1,0x3,0x3,1,1,722,3374,0.176269531250
94,4096,4,0xDBFAD08814EEB81B,0x3,0x1,203,225,22,1,0x2,0x2,1,1,689,3407,0.168212890625
94,4096,5,0xDBFAD08814EEB81B,0x3,0x6,221,228,7,1,0x5,0x5,1,1,605,3491,0.147705078125
94,4096,6,0xDBFAD08814EEB81B,0x3,0xD,225,241,16,1,0xE,0xE,1,1,622,3474,0.151855468750
94,4096,7,0xDBFAD08814EEB81B,0x3,0xA,217,229,12,1,0x9,0x9,1,1,687,3409,0.167724609375
94,6144,0,0xDBFAD08814EEB81B,0x3,0x2,313,363,50,1,0x1,0x1,1,1,1045,5099,0.170084635417
94,6144,1,0xDBFAD08814EEB81B,0x3,0x3,320,361,41,1,0x0,0x0,1,1,1070,5074,0.174153645833
94,6144,2,0xDBFAD08814EEB81B,0x3,0xC,311,361,50,1,0xF,0xF,1,1,1002,5142,0.163085937500
94,6144,3,0xDBFAD08814EEB81B,0x3,0x0,334,346,12,1,0x3,0x3,1,1,1048,5096,0.170572916667
94,6144,4,0xDBFAD08814EEB81B,0x3,0x1,297,345,48,1,0x2,0x2,1,1,1045,5099,0.170084635417
94,6144,5,0xDBFAD08814EEB81B,0x3,0x6,322,354,32,1,0x5,0x5,1,1,945,5199,0.153808593750
94,6144,6,0xDBFAD08814EEB81B,0x3,0xD,337,360,23,1,0xE,0xE,1,1,972,5172,0.158203125000
94,6144,7,0xDBFAD08814EEB81B,0x3,0xA,320,366,46,1,0x9,0x9,1,1,1001,5143,0.162923177083
94,8192,0,0xDBFAD08814EEB81B,0x3,0x2,420,481,61,1,0x1,0x1,1,1,1385,6807,0.169067382812
94,8192,1,0xDBFAD08814EEB81B,0x3,0x3,437,490,53,1,0x0,0x0,1,1,1411,6781,0.172241210938
94,8192,2,0xDBFAD08814EEB81B,0x3,0xC,402,495,93,1,0xF,0xF,1,1,1350,6842,0.164794921875
94,8192,3,0xDBFAD08814EEB81B,0x3,0x0,448,478,30,1,0x3,0x3,1,1,1410,6782,0.172119140625
94,8192,4,0xDBFAD08814EEB81B,0x3,0x1,391,474,83,1,0x2,0x2,1,1,1384,6808,0.168945312500
94,8192,5,0xDBFAD08814EEB81B,0x3,0x6,460,473,13,1,0x5,0x5,1,1,1278,6914,0.156005859375
94,8192,6,0xDBFAD08814EEB81B,0x3,0xD,447,473,26,1,0xE,0xE,1,1,1324,6868,0.161621093750
94,8192,7,0xDBFAD08814EEB81B,0x3,0xA,441,483,42,1,0x9,0x9,1,1,1322,6870,0.161376953125
94,12288,0,0xDBFAD08814EEB81B,0x3,0x2,641,732,91,1,0x1,0x1,1,1,2060,10228,0.167643229167
94,12288,1,0xDBFAD08814EEB81B,0x3,0x3,674,738,64,1,0x0,0x0,1,1,2069,10219,0.168375651042
94,12288,2,0xDBFAD08814EEB81B,0x3,0xC,605,742,137,1,0xF,0xF,1,1,2107,10181,0.171468098958
94,12288,3,0xDBFAD08814EEB81B,0x3,0x0,663,709,46,1,0x3,0x3,1,1,2128,10160,0.173177083333
94,12288,4,0xDBFAD08814EEB81B,0x3,0x1,603,716,113,1,0x2,0x2,1,1,2039,10249,0.165934244792
94,12288,5,0xDBFAD08814EEB81B,0x3,0x6,685,729,44,1,0x5,0x5,1,1,1906,10382,0.155110677083
94,12288,6,0xDBFAD08814EEB81B,0x3,0xD,639,733,94,1,0xE,0xE,1,1,1970,10318,0.160319010417
94,12288,7,0xDBFAD08814EEB81B,0x3,0xA,637,745,108,1,0x9,0x9,1,1,1955,10333,0.159098307292
94,16384,0,0xDBFAD08814EEB81B,0x3,0x2,868,970,102,1,0x1,0x1,1,1,2739,13645,0.167175292969
94,16384,1,0xDBFAD08814EEB81B,0x3,0x3,881,1005,124,1,0x0,0x0,1,1,2778,13606,0.169555664062
94,16384,2,0xDBFAD08814EEB81B,0x3,0xC,827,997,170,1,0xF,0xF,1,1,2816,13568,0.171875000000
94,16384,3,0xDBFAD08814EEB81B,0x3,0x0,879,980,101,1,0x3,0x3,1,1,2775,13609,0.169372558594
94,16384,4,0xDBFAD08814EEB81B,0x3,0x1,823,979,156,1,0x2,0x2,1,1,2704,13680,0.165039062500
94,16384,5,0xDBFAD08814EEB81B,0x3,0x6,912,987,75,1,0x5,0x5,1,1,2586,13798,0.157836914062
94,16384,6,0xDBFAD08814EEB81B,0x3,0xD,851,992,141,1,0xE,0xE,1,1,2627,13757,0.160339355469
94,16384,7,0xDBFAD08814EEB81B,0x3,0xA,857,991,134,1,0x9,0x9,1,1,2618,13766,0.159790039062
94,24576,0,0xDBFAD08814EEB81B,0x3,0x2,1280,1478,198,1,0x1,0x1,1,1,4070,20506,0.165608723958
94,24576,1,0xDBFAD08814EEB81B,0x3,0x3,1321,1515,194,1,0x0,0x0,1,1,4176,20400,0.169921875000
94,24576,2,0xDBFAD08814EEB81B,0x3,0xC,1238,1500,262,1,0xF,0xF,1,1,4153,20423,0.168986002604
94,24576,3,0xDBFAD08814EEB81B,0x3,0x0,1275,1494,219,1,0x3,0x3,1,1,4065,20511,0.165405273438
94,24576,4,0xDBFAD08814EEB81B,0x3,0x1,1269,1483,214,1,0x2,0x2,1,1,3987,20589,0.162231445312
94,24576,5,0xDBFAD08814EEB81B,0x3,0x6,1301,1522,221,1,0x5,0x5,1,1,3906,20670,0.158935546875
94,24576,6,0xDBFAD08814EEB81B,0x3,0xD,1261,1484,223,1,0xE,0xE,1,1,3999,20577,0.162719726562
94,24576,7,0xDBFAD08814EEB81B,0x3,0xA,1291,1505,214,1,0x9,0x9,1,1,3987,20589,0.162231445312
94,32768,0,0xDBFAD08814EEB81B,0x3,0x2,1715,2001,286,1,0x1,0x1,1,1,5386,27382,0.164367675781
94,32768,1,0xDBFAD08814EEB81B,0x3,0x3,1756,2017,261,1,0x0,0x0,1,1,5480,27288,0.167236328125
94,32768,2,0xDBFAD08814EEB81B,0x3,0xC,1683,1999,316,1,0xF,0xF,1,1,5542,27226,0.169128417969
94,32768,3,0xDBFAD08814EEB81B,0x3,0x0,1727,2005,278,1,0x3,0x3,1,1,5407,27361,0.165008544922
94,32768,4,0xDBFAD08814EEB81B,0x3,0x1,1693,2000,307,1,0x2,0x2,1,1,5347,27421,0.163177490234
94,32768,5,0xDBFAD08814EEB81B,0x3,0x6,1750,2019,269,1,0x5,0x5,1,1,5276,27492,0.161010742188
94,32768,6,0xDBFAD08814EEB81B,0x3,0xD,1681,2014,333,1,0xE,0xE,1,1,5316,27452,0.162231445312
94,32768,7,0xDBFAD08814EEB81B,0x3,0xA,1742,2007,265,1,0x9,0x9,1,1,5345,27423,0.163116455078
95,512,0,0x29FB0072002889C9,0xF,0x2,24,26,2,2,0x0,0xF,0,0,79,433,0.154296875000
95,512,1,0x29FB0072002889C9,0xF,0x1,17,25,8,1,0xE,0xE,1,1,91,421,0.177734375000
95,512,2,0x29FB0072002889C9,0xF,0x7,25,26,1,4,0x0,0x2,0,0,86,426,0.167968750000
95,512,3,0x29FB0072002889C9,0xF,0x6,18,25,7,1,0x9,0xD,1,0,85,427,0.166015625000
95,512,4,0x29FB0072002889C9,0xF,0x9,19,25,6,1,0x6,0xA,1,0,87,425,0.169921875000
95,512,5,0x29FB0072002889C9,0xF,0xD,18,24,6,1,0x2,0x5,1,0,76,436,0.148437500000
95,512,6,0x29FB0072002889C9,0xF,0x9,20,23,3,1,0x6,0x6,1,1,91,421,0.177734375000
95,512,7,0x29FB0072002889C9,0xF,0xC,19,20,1,1,0x3,0x6,1,0,88,424,0.171875000000
95,1024,0,0x29FB0072002889C9,0xF,0x2,49,56,7,2,0x0,0xF,0,0,167,857,0.163085937500
95,1024,1,0x29FB0072002889C9,0xF,0x1,41,55,14,1,0xE,0xE,1,1,175,849,0.170898437500
95,1024,2,0x29FB0072002889C9,0xF,0xD,43,50,7,1,0x2,0x2,1,1,165,859,0.161132812500
95,1024,3,0x29FB0072002889C9,0xF,0x6,45,49,4,1,0x9,0xD,1,0,187,837,0.182617187500
95,1024,4,0x29FB0072002889C9,0xF,0x9,49,57,8,1,0x6,0xA,1,0,163,861,0.159179687500
95,1024,5,0x29FB0072002889C9,0xF,0x2,44,49,5,1,0xD,0x5,1,0,145,879,0.141601562500
95,1024,6,0x29FB0072002889C9,0xF,0x8,53,56,3,1,0x7,0x6,1,0,178,846,0.173828125000
95,1024,7,0x29FB0072002889C9,0xF,0x5,39,53,14,1,0xA,0x6,1,0,173,851,0.168945312500
95,1536,0,0x29FB0072002889C9,0xF,0x2,76,78,2,1,0xD,0xF,1,0,244,1292,0.158854166667
95,1536,1,0x29FB0072002889C9,0xF,0x1,68,87,19,1,0xE,0xE,1,1,253,1283,0.164713541667
95,1536,2,0x29FB0072002889C9,0xF,0xD,65,78,13,1,0x2,0x2,1,1,243,1293,0.158203125000
95,1536,3,0x29FB0072002889C9,0xF,0x6,76,78,2,1,0x9,0xD,1,0,275,1261,0.179036458333
95,1536,4,0x29FB0072002889C9,0xF,0x9,83,86,3,1,0x6,0xA,1,0,244,1292,0.158854166667
95,1536,5,0x29FB0072002889C9,0xF,0xA,75,83,8,1,0x5,0x5,1,1,236,1300,0.153645833333
95,1536,6,0x29FB0072002889C9,0xF,0xF,86,87,1,1,0x0,0x6,1,0,261,1275,0.169921875000
95,1536,7,0x29FB0072002889C9,0xF,0x5,68,77,9,1,0xA,0x6,1,0,262,1274,0.170572916667
95,2048,0,0x29FB0072002889C9,0xF,0x2,104,111,7,1,0xD,0xF,1,0,331,1717,0.161621093750
95,2048,1,0x29FB0072002889C9,0xF,0x1,95,112,17,1,0xE,0xE,1,1,341,1707,0.166503906250
95,2048,2,0x29FB0072002889C9,0xF,0xD,90,107,17,1,0x2,0x2,1,1,328,1720,0.160156250000
95,2048,3,0x29FB0072002889C9,0xF,0x2,95,108,13,1,0xD,0xD,1,1,342,1706,0.166992187500
95,2048,4,0x29FB0072002889C9,0xF,0x9,110,118,8,1,0x6,0xA,1,0,330,1718,0.161132812500
95,2048,5,0x29FB0072002889C9,0xF,0xA,110,115,5,1,0x5,0x5,1,1,315,1733,0.153808593750
95,2048,6,0x29FB0072002889C9,0xF,0x9,107,116,9,1,0x6,0x6,1,1,327,1721,0.159667968750
95,2048,7,0x29FB0072002889C9,0xF,0x5,88,103,15,1,0xA,0x6,1,0,354,1694,0.172851562500
95,3072,0,0x29FB0072002889C9,0xF,0x0,165,174,9,1,0xF,0xF,1,1,503,2569,0.163736979167
95,3072,1,0x29FB0072002889C9,0xF,0x1,140,157,17,1,0xE,0xE,1,1,519,2553,0.168945312500
95,3072,2,0x29FB0072002889C9,0xF,0xD,137,163,26,1,0x2,0x2,1,1,485,2587,0.157877604167
95,3072,3,0x29FB0072002889C9,0xF,0x2,129,170,41,1,0xD,0xD,1,1,515,2557,0.167643229167
95,3072,4,0x29FB0072002889C9,0xF,0x8,176,177,1,1,0x7,0xA,1,0,513,2559,0.166992187500
95,3072,5,0x29FB0072002889C9,0xF,0xA,166,175,9,1,0x5,0x5,1,1,481,2591,0.156575520833
95,3072,6,0x29FB0072002889C9,0xF,0x9,153,180,27,1,0x6,0x6,1,1,500,2572,0.162760416667
95,3072,7,0x29FB0072002889C9,0xF,0x9,149,160,11,1,0x6,0x6,1,1,523,2549,0.170247395833
95,4096,0,0x29FB0072002889C9,0xF,0x0,217,236,19,1,0xF,0xF,1,1,670,3426,0.163574218750
95,4096,1,0x29FB0072002889C9,0xF,0x1,186,230,44,1,0xE,0xE,1,1,688,3408,0.167968750000
95,4096,2,0x29FB0072002889C9,0xF,0xD,190,227,37,1,0x2,0x2,1,1,663,3433,0.161865234375
95,4096,3,0x29FB0072002889C9,0xF,0x2,178,223,45,1,0xD,0xD,1,1,706,3390,0.172363281250
95,4096,4,0x29FB0072002889C9,0xF,0x8,231,233,2,1,0x7,0xA,1,0,683,3413,0.166748046875
95,4096,5,0x29FB0072002889C9,0xF,0xA,219,237,18,1,0x5,0x5,1,1,643,3453,0.156982421875
95,4096,6,0x29FB0072002889C9,0xF,0x9,200,245,45,1,0x6,0x6,1,1,681,3415,0.166259765625
95,4096,7,0x29FB0072002889C9,0xF,0x9,207,219,12,1,0x6,0x6,1,1,685,3411,0.167236328125
95,6144,0,0x29FB0072002889C9,0xF,0x0,329,343,14,1,0xF,0xF,1,1,994,5150,0.161783854167
95,6144,1,0x29FB0072002889C9,0xF,0x1,270,360,90,1,0xE,0xE,1,1,1039,5105,0.169108072917
95,6144,2,0x29FB0072002889C9,0xF,0xD,304,364,60,1,0x2,0x2,1,1,1007,5137,0.163899739583
95,6144,3,0x29FB0072002889C9,0xF,0x2,287,346,59,1,0xD,0xD,1,1,1073,5071,0.174641927083
95,6144,4,0x29FB0072002889C9,0xF,0x5,339,361,22,1,0xA,0xA,1,1,1000,5144,0.162760416667
95,6144,5,0x29FB0072002889C9,0xF,0xA,333,345,12,1,0x5,0x5,1,1,965,5179,0.157063802083
95,6144,6,0x29FB0072002889C9,0xF,0x9,297,369,72,1,0x6,0x6,1,1,1040,5104,0.169270833333
95,6144,7,0x29FB0072002889C9,0xF,0x9,321,342,21,1,0x6,0x6,1,1,1024,5120,0.166666666667
95,8192,0,0x29FB0072002889C9,0xF,0x0,439,483,44,1,0xF,0xF,1,1,1341,6851,0.163696289062
95,8192,1,0x29FB0072002889C9,0xF,0x1,375,487,112,1,0xE,0xE,1,1,1386,6806,0.169189453125
95,8192,2,0x29FB0072002889C9,0xF,0xD,402,497,95,1,0x2,0x2,1,1,1334,6858,0.162841796875
95,8192,3,0x29FB0072002889C9,0xF,0x2,386,469,83,1,0xD,0xD,1,1,1402,6790,0.171142578125
95,8192,4,0x29FB0072002889C9,0xF,0x5,440,498,58,1,0xA,0xA,1,1,1342,6850,0.163818359375
95,8192,5,0x29FB0072002889C9,0xF,0xA,443,477,34,1,0x5,0x5,1,1,1308,6884,0.159667968750
95,8192,6,0x29FB0072002889C9,0xF,0x9,401,497,96,1,0x6,0x6,1,1,1348,6844,0.164550781250
95,8192,7,0x29FB0072002889C9,0xF,0x9,417,470,53,1,0x6,0x6,1,1,1347,6845,0.164428710938
95,12288,0,0x29FB0072002889C9,0xF,0x0,634,725,91,1,0xF,0xF,1,1,2004,10284,0.163085937500
95,12288,1,0x29FB0072002889C9,0xF,0x1,570,732,162,1,0xE,0xE,1,1,2044,10244,0.166341145833
95,12288,2,0x29FB0072002889C9,0xF,0xD,612,737,125,1,0x2,0x2,1,1,2010,10278,0.163574218750
95,12288,3,0x29FB0072002889C9,0xF,0x2,590,732,142,1,0xD,0xD,1,1,2048,10240,0.166666666667
95,12288,4,0x29FB0072002889C9,0xF,0x5,645,739,94,1,0xA,0xA,1,1,2020,10268,0.164388020833
95,12288,5,0x29FB0072002889C9,0xF,0xA,653,698,45,1,0x5,0x5,1,1,1989,10299,0.161865234375
95,12288,6,0x29FB0072002889C9,0xF,0x9,612,710,98,1,0x6,0x6,1,1,2028,10260,0.165039062500
95,12288,7,0x29FB0072002889C9,0xF,0x9,611,743,132,1,0x6,0x6,1,1,2027,10261,0.164957682292
95,16384,0,0x29FB0072002889C9,0xF,0x0,867,990,123,1,0xF,0xF,1,1,2709,13675,0.165344238281
95,16384,1,0x29FB0072002889C9,0xF,0x1,769,969,200,1,0xE,0xE,1,1,2712,13672,0.165527343750
95,16384,2,0x29FB0072002889C9,0xF,0xD,839,985,146,1,0x2,0x2,1,1,2709,13675,0.165344238281
95,16384,3,0x29FB0072002889C9,0xF,0x2,795,986,191,1,0xD,0xD,1,1,2703,13681,0.164978027344
95,16384,4,0x29FB0072002889C9,0xF,0x5,841,1003,162,1,0xA,0xA,1,1,2734,13650,0.166870117188
95,16384,5,0x29FB0072002889C9,0xF,0xA,879,943,64,1,0x5,0x5,1,1,2660,13724,0.162353515625
95,16384,6,0x29FB0072002889C9,0xF,0x9,811,983,172,1,0x6,0x6,1,1,2682,13702,0.163696289062
95,16384,7,0x29FB0072002889C9,0xF,0x9,808,994,186,1,0x6,0x6,1,1,2745,13639,0.167541503906
95,24576,0,0x29FB0072002889C9,0xF,0x0,1299,1489,190,1,0xF,0xF,1,1,4111,20465,0.167277018229
95,24576,1,0x29FB0072002889C9,0xF,0x1,1176,1515,339,1,0xE,0xE,1,1,4011,20565,0.163208007812
95,24576,2,0x29FB0072002889C9,0xF,0xD,1256,1499,243,1,0x2,0x2,1,1,4114,20462,0.167399088542
95,24576,3,0x29FB0072002889C9,0xF,0x2,1208,1467,259,1,0xD,0xD,1,1,4032,20544,0.164062500000
95,24576,4,0x29FB0072002889C9,0xF,0x5,1254,1495,241,1,0xA,0xA,1,1,4101,20475,0.166870117188
95,24576,5,0x29FB0072002889C9,0xF,0xA,1309,1446,137,1,0x5,0x5,1,1,4019,20557,0.163533528646
95,24576,6,0x29FB0072002889C9,0xF,0x9,1227,1507,280,1,0x6,0x6,1,1,4053,20523,0.164916992188
95,24576,7,0x29FB0072002889C9,0xF,0x9,1213,1498,285,1,0x6,0x6,1,1,4138,20438,0.168375651042
95,32768,0,0x29FB0072002889C9,0xF,0x0,1717,2007,290,1,0xF,0xF,1,1,5488,27280,0.167480468750
95,32768,1,0x29FB0072002889C9,0xF,0x1,1604,2007,403,1,0xE,0xE,1,1,5287,27481,0.161346435547
95,32768,2,0x29FB0072002889C9,0xF,0xD,1684,1983,299,1,0x2,0x2,1,1,5476,27292,0.167114257812
95,32768,3,0x29FB0072002889C9,0xF,0x2,1614,1934,320,1,0xD,0xD,1,1,5362,27406,0.163635253906
95,32768,4,0x29FB0072002889C9,0xF,0x5,1693,1975,282,1,0xA,0xA,1,1,5462,27306,0.166687011719
95,32768,5,0x29FB0072002889C9,0xF,0xA,1747,1971,224,1,0x5,0x5,1,1,5349,27419,0.163238525391
95,32768,6,0x29FB0072002889C9,0xF,0x9,1646,2016,370,1,0x6,0x6,1,1,5409,27359,0.165069580078
95,32768,7,0x29FB0072002889C9,0xF,0x9,1635,2006,371,1,0x6,0x6,1,1,5481,27287,0.167266845703
96,512,0,0x9DE4764C6EFD0450,0xB,0x1,24,25,1,1,0xA,0x2,1,0,83,429,0.162109375000
96,512,1,0x9DE4764C6EFD0450,0xB,0xC,22,24,2,1,0x7,0x5,1,0,82,430,0.160156250000
96,512,2,0x9DE4764C6EFD0450,0xB,0x6,19,23,4,1,0xD,0x9,1,0,78,434,0.152343750000
96,512,3,0x9DE4764C6EFD0450,0xB,0x8,25,27,2,2,0x0,0x3,0,0,76,436,0.148437500000
96,512,4,0x9DE4764C6EFD0450,0xB,0x9,15,16,1,1,0x2,0x6,1,0,87,425,0.169921875000
96,512,5,0x9DE4764C6EFD0450,0xB,0xA,24,26,2,1,0x1,0x1,1,1,90,422,0.175781250000
96,512,6,0x9DE4764C6EFD0450,0xB,0xC,24,26,2,1,0x7,0x7,1,1,79,433,0.154296875000
96,512,7,0x9DE4764C6EFD0450,0xB,0x3,22,24,2,1,0x8,0x4,1,0,78,434,0.152343750000
96,1024,0,0x9DE4764C6EFD0450,0xB,0xF,51,55,4,1,0x4,0x2,1,0,163,861,0.159179687500
96,1024,1,0x9DE4764C6EFD0450,0xB,0xE,51,52,1,1,0x5,0x5,1,1,163,861,0.159179687500
96,1024,2,0x9DE4764C6EFD0450,0xB,0x2,49,54,5,1,0x9,0x9,1,1,151,873,0.147460937500
96,1024,3,0x9DE4764C6EFD0450,0xB,0x8,50,51,1,2,0x0,0x3,0,0,162,862,0.158203125000
96,1024,4,0x9DE4764C6EFD0450,0xB,0x9,47,51,4,1,0x2,0x6,1,0,185,839,0.180664062500
96,1024,5,0x9DE4764C6EFD0450,0xB,0xA,52,55,3,1,0x1,0x1,1,1,185,839,0.180664062500
96,1024,6,0x9DE4764C6EFD0450,0xB,0x0,56,58,2,2,0x0,0x7,0,0,154,870,0.150390625000
96,1024,7,0x9DE4764C6EFD0450,0xB,0x9,46,54,8,1,0x2,0x4,1,0,158,866,0.154296875000
96,1536,0,0x9DE4764C6EFD0450,0xB,0x1,83,87,4,2,0x0,0x2,0,0,257,1279,0.167317708333
96,1536,1,0x9DE4764C6EFD0450,0xB,0x9,82,87,5,1,0x2,0x5,1,0,236,1300,0.153645833333
96,1536,2,0x9DE4764C6EFD0450,0xB,0x2,68,86,18,1,0x9,0x9,1,1,243,1293,0.158203125000
96,1536,3,0x9DE4764C6EFD0450,0xB,0x8,77,80,3,2,0x0,0x3,0,0,250,1286,0.162760416667
96,1536,4,0x9DE4764C6EFD0450,0xB,0xD,74,77,3,1,0x6,0x6,1,1,284,1252,0.184895833333
96,1536,5,0x9DE4764C6EFD0450,0xB,0xA,76,87,11,1,0x1,0x1,1,1,267,1269,0.173828125000
96,1536,6,0x9DE4764C6EFD0450,0xB,0x0,85,87,2,1,0xB,0x7,1,0,230,1306,0.149739583333
96,1536,7,0x9DE4764C6EFD0450,0xB,0x3,79,83,4,2,0x0,0x4,0,0,247,1289,0.160807291667
96,2048,0,0x9DE4764C6EFD0450,0xB,0x0,108,111,3,1,0xB,0x2,1,0,347,1701,0.169433593750
96,2048,1,0x9DE4764C6EFD0450,0xB,0x9,116,118,2,1,0x2,0x5,1,0,306,1742,0.149414062500
96,2048,2,0x9DE4764C6EFD0450,0xB,0x2,99,116,17,1,0x9,0x9,1,1,342,1706,0.166992187500
96,2048,3,0x9DE4764C6EFD0450,0xB,0xE,105,112,7,1,0x5,0x3,1,0,347,1701,0.169433593750
96,2048,4,0x9DE4764C6EFD0450,0xB,0xD,94,113,19,1,0x6,0x6,1,1,365,1683,0.178222656250
96,2048,5,0x9DE4764C6EFD0450,0xB,0xA,102,118,16,1,0x1,0x1,1,1,344,1704,0.167968750000
96,2048,6,0x9DE4764C6EFD0450,0xB,0x8,102,106,4,1,0x3,0x7,1,0,315,1733,0.153808593750
96,2048,7,0x9DE4764C6EFD0450,0xB,0x6,112,114,2,1,0xD,0x4,1,0,321,1727,0.156738281250
96,3072,0,0x9DE4764C6EFD0450,0xB,0x1,166,169,3,1,0xA,0x2,1,0,497,2575,0.161783854167
96,3072,1,0x9DE4764C6EFD0450,0xB,0xE,167,171,4,1,0x5,0x5,1,1,479,2593,0.155924479167
96,3072,2,0x9DE4764C6EFD0450,0xB,0x2,154,173,19,1,0x9,0x9,1,1,494,2578,0.160807291667
96,3072,3,0x9DE4764C6EFD0450,0xB,0x8,171,175,4,2,0x0,0x3,0,0,506,2566,0.164713541667
96,3072,4,0x9DE4764C6EFD0450,0xB,0xD,144,170,26,1,0x6,0x6,1,1,536,2536,0.174479166667
96,3072,5,0x9DE4764C6EFD0450,0xB,0xA,160,183,23,1,0x1,0x1,1,1,532,2540,0.173177083333
96,3072,6,0x9DE4764C6EFD0450,0xB,0xC,157,166,9,1,0x7,0x7,1,1,494,2578,0.160807291667
96,3072,7,0x9DE4764C6EFD0450,0xB,0xF,162,178,16,1,0x4,0x4,1,1,487,2585,0.158528645833
96,4096,0,0x9DE4764C6EFD0450,0xB,0x1,226,238,12,1,0xA,0x2,1,0,657,3439,0.160400390625
96,4096,1,0x9DE4764C6EFD0450,0xB,0xE,225,240,15,1,0x5,0x5,1,1,638,3458,0.155761718750
96,4096,2,0x9DE4764C6EFD0450,0xB,0x2,203,241,38,1,0x9,0x9,1,1,659,3437,0.160888671875
96,4096,3,0x9DE4764C6EFD0450,0xB,0x8,219,232,13,1,0x3,0x3,1,1,686,3410,0.167480468750
96,4096,4,0x9DE4764C6EFD0450,0xB,0xD,200,220,20,1,0x6,0x6,1,1,709,3387,0.173095703125
96,4096,5,0x9DE4764C6EFD0450,0xB,0xA,226,237,11,1,0x1,0x1,1,1,692,3404,0.168945312500
96,4096,6,0x9DE4764C6EFD0450,0xB,0xC,211,231,20,1,0x7,0x7,1,1,653,3443,0.159423828125
96,4096,7,0x9DE4764C6EFD0450,0xB,0xF,206,241,35,1,0x4,0x4,1,1,653,3443,0.159423828125
96,6144,0,0x9DE4764C6EFD0450,0xB,0x9,357,360,3,2,0x0,0x2,0,0,980,5164,0.159505208333
96,6144,1,0x9DE4764C6EFD0450,0xB,0xE,328,364,36,1,0x5,0x5,1,1,965,5179,0.157063802083
96,6144,2,0x9DE4764C6EFD0450,0xB,0x2,314,344,30,1,0x9,0x9,1,1,981,5163,0.159667968750
96,6144,3,0x9DE4764C6EFD0450,0xB,0x8,338,357,19,1,0x3,0x3,1,1,1048,5096,0.170572916667
96,6144,4,0x9DE4764C6EFD0450,0xB,0xD,286,348,62,1,0x6,0x6,1,1,1060,5084,0.172526041667
96,6144,5,0x9DE4764C6EFD0450,0xB,0xA,341,351,10,1,0x1,0x1,1,1,1025,5119,0.166829427083
96,6144,6,0x9DE4764C6EFD0450,0xB,0xC,299,354,55,1,0x7,0x7,1,1,969,5175,0.157714843750
96,6144,7,0x9DE4764C6EFD0450,0xB,0xF,312,371,59,1,0x4,0x4,1,1,1016,5128,0.165364583333
96,8192,0,0x9DE4764C6EFD0450,0xB,0x9,473,480,7,1,0x2,0x2,1,1,1310,6882,0.159912109375
96,8192,1,0x9DE4764C6EFD0450,0xB,0xE,443,490,47,1,0x5,0x5,1,1,1289,6903,0.157348632812
96,8192,2,0x9DE4764C6EFD0450,0xB,0x2,421,470,49,1,0x9,0x9,1,1,1320,6872,0.161132812500
96,8192,3,0x9DE4764C6EFD0450,0xB,0x8,449,493,44,1,0x3,0x3,1,1,1391,6801,0.169799804688
96,8192,4,0x9DE4764C6EFD0450,0xB,0xD,413,461,48,1,0x6,0x6,1,1,1390,6802,0.169677734375
96,8192,5,0x9DE4764C6EFD0450,0xB,0xA,438,463,25,1,0x1,0x1,1,1,1362,6830,0.166259765625
96,8192,6,0x9DE4764C6EFD0450,0xB,0xC,420,478,58,1,0x7,0x7,1,1,1330,6862,0.162353515625
96,8192,7,0x9DE4764C6EFD0450,0xB,0xF,406,491,85,1,0x4,0x4,1,1,1355,6837,0.165405273438
96,12288,0,0x9DE4764C6EFD0450,0xB,0x9,676,722,46,1,0x2,0x2,1,1,1961,10327,0.159586588542
96,12288,1,0x9DE4764C6EFD0450,0xB,0xE,647,725,78,1,0x5,0x5,1,1,2005,10283,0.163167317708
96,12288,2,0x9DE4764C6EFD0450,0xB,0x2,621,732,111,1,0x9,0x9,1,1,1997,10291,0.162516276042
96,12288,3,0x9DE4764C6EFD0450,0xB,0x8,651,740,89,1,0x3,0x3,1,1,2066,10222,0.168131510417
96,12288,4,0x9DE4764C6EFD0450,0xB,0xD,602,733,131,1,0x6,0x6,1,1,2089,10199,0.170003255208
96,12288,5,0x9DE4764C6EFD0450,0xB,0xA,656,722,66,1,0x1,0x1,1,1,2038,10250,0.165852864583
96,12288,6,0x9DE4764C6EFD0450,0xB,0xC,650,732,82,1,0x7,0x7,1,1,2017,10271,0.164143880208
96,12288,7,0x9DE4764C6EFD0450,0xB,0xF,643,735,92,1,0x4,0x4,1,1,2036,10252,0.165690104167
96,16384,0,0x9DE4764C6EFD0450,0xB,0x9,921,987,66,1,0x2,0x2,1,1,2658,13726,0.162231445312
96,16384,1,0x9DE4764C6EFD0450,0xB,0xE,846,976,130,1,0x5,0x5,1,1,2668,13716,0.162841796875
96,16384,2,0x9DE4764C6EFD0450,0xB,0x2,827,996,169,1,0x9,0x9,1,1,2686,13698,0.163940429688
96,16384,3,0x9DE4764C6EFD0450,0xB,0x8,862,1001,139,1,0x3,0x3,1,1,2742,13642,0.167358398438
96,16384,4,0x9DE4764C6EFD0450,0xB,0xD,819,985,166,1,0x6,0x6,1,1,2758,13626,0.168334960938
96,16384,5,0x9DE4764C6EFD0450,0xB,0xA,870,970,100,1,0x1,0x1,1,1,2756,13628,0.168212890625
96,16384,6,0x9DE4764C6EFD0450,0xB,0xC,871,991,120,1,0x7,0x7,1,1,2690,13694,0.164184570312
96,16384,7,0x9DE4764C6EFD0450,0xB,0xF,843,966,123,1,0x4,0x4,1,1,2730,13654,0.166625976562
96,24576,0,0x9DE4764C6EFD0450,0xB,0x9,1324,1503,179,1,0x2,0x2,1,1,4051,20525,0.164835611979
96,24576,1,0x9DE4764C6EFD0450,0xB,0xE,1287,1474,187,1,0x5,0x5,1,1,4081,20495,0.166056315104
96,24576,2,0x9DE4764C6EFD0450,0xB,0x2,1256,1496,240,1,0x9,0x9,1,1,3976,20600,0.161783854167
96,24576,3,0x9DE4764C6EFD0450,0xB,0x8,1281,1511,230,1,0x3,0x3,1,1,4125,20451,0.167846679688
96,24576,4,0x9DE4764C6EFD0450,0xB,0xD,1269,1485,216,1,0x6,0x6,1,1,4079,20497,0.165974934896
96,24576,5,0x9DE4764C6EFD0450,0xB,0xA,1296,1487,191,1,0x1,0x1,1,1,4071,20505,0.165649414062
96,24576,6,0x9DE4764C6EFD0450,0xB,0xC,1318,1488,170,1,0x7,0x7,1,1,4036,20540,0.164225260417
96,24576,7,0x9DE4764C6EFD0450,0xB,0xF,1246,1512,266,1,0x4,0x4,1,1,4071,20505,0.165649414062
96,32768,0,0x9DE4764C6EFD0450,0xB,0x9,1737,1986,249,1,0x2,0x2,1,1,5389,27379,0.164459228516
96,32768,1,0x9DE4764C6EFD0450,0xB,0xE,1715,1978,263,1,0x5,0x5,1,1,5451,27317,0.166351318359
96,32768,2,0x9DE4764C6EFD0450,0xB,0x2,1674,2007,333,1,0x9,0x9,1,1,5312,27456,0.162109375000
96,32768,3,0x9DE4764C6EFD0450,0xB,0x8,1732,2021,289,1,0x3,0x3,1,1,5458,27310,0.166564941406
96,32768,4,0x9DE4764C6EFD0450,0xB,0xD,1674,2005,331,1,0x6,0x6,1,1,5472,27296,0.166992187500
96,32768,5,0x9DE4764C6EFD0450,0xB,0xA,1719,2005,286,1,0x1,0x1,1,1,5441,27327,0.166046142578
96,32768,6,0x9DE4764C6EFD0450,0xB,0xC,1762,1997,235,1,0x7,0x7,1,1,5370,27398,0.163879394531
96,32768,7,0x9DE4764C6EFD0450,0xB,0xF,1671,2007,336,1,0x4,0x4,1,1,5483,27285,0.167327880859
97,512,0,0x7A6613735F638510,0x5,0x3,22,24,2,1,0x6,0x7,1,0,86,426,0.167968750000
97,512,1,0x7A6613735F638510,0x5,0xE,23,24,1,1,0xB,0xA,1,0,88,424,0.171875000000
97,512,2,0x7A6613735F638510,0x5,0x5,24,25,1,3,0x0,0x7,0,0,83,429,0.162109375000
97,512,3,0x7A6613735F638510,0x5,0xD,28,29,1,1,0x8,0x1,1,0,79,433,0.154296875000
97,512,4,0x7A6613735F638510,0x5,0x5,16,21,5,1,0x0,0x2,1,0,85,427,0.166015625000
97,512,5,0x7A6613735F638510,0x5,0xA,22,24,2,1,0xF,0xC,1,0,87,425,0.169921875000
97,512,6,0x7A6613735F638510,0x5,0x4,25,26,1,1,0x1,0xA,1,0,82,430,0.160156250000
97,512,7,0x7A6613735F638510,0x5,0xA,24,26,2,2,0x0,0x4,0,0,88,424,0.171875000000
97,1024,0,0x7A6613735F638510,0x5,0x2,45,50,5,1,0x7,0x7,1,1,168,856,0.164062500000
97,1024,1,0x7A6613735F638510,0x5,0xC,52,53,1,2,0x0,0xA,0,0,175,849,0.170898437500
97,1024,2,0x7A6613735F638510,0x5,0xB,52,54,2,1,0xE,0x7,1,0,169,855,0.165039062500
97,1024,3,0x7A6613735F638510,0x5,0xF,56,57,1,1,0xA,0x1,1,0,171,853,0.166992187500
97,1024,4,0x7A6613735F638510,0x5,0x7,47,55,8,1,0x2,0x2,1,1,180,844,0.175781250000
97,1024,5,0x7A6613735F638510,0x5,0x2,52,55,3,1,0x7,0xC,1,0,180,844,0.175781250000
97,1024,6,0x7A6613735F638510,0x5,0x4,53,55,2,2,0x0,0xA,0,0,156,868,0.152343750000
97,1024,7,0x7A6613735F638510,0x5,0x2,56,57,1,3,0x0,0x4,0,0,166,858,0.162109375000
97,1536,0,0x7A6613735F638510,0x5,0x2,72,78,6,1,0x7,0x7,1,1,244,1292,0.158854166667
97,1536,1,0x7A6613735F638510,0x5,0x8,81,84,3,2,0x0,0xA,0,0,255,1281,0.166015625000
97,1536,2,0x7A6613735F638510,0x5,0xB,80,81,1,1,0xE,0x7,1,0,262,1274,0.170572916667
97,1536,3,0x7A6613735F638510,0x5,0xC,85,86,1,2,0x0,0x1,0,0,269,1267,0.175130208333
97,1536,4,0x7A6613735F638510,0x5,0x7,72,81,9,1,0x2,0x2,1,1,264,1272,0.171875000000
97,1536,5,0x7A6613735F638510,0x5,0x9,79,85,6,1,0xC,0xC,1,1,255,1281,0.166015625000
97,1536,6,0x7A6613735F638510,0x5,0xC,74,77,3,1,0x9,0xA,1,0,241,1295,0.156901041667
97,1536,7,0x7A6613735F638510,0x5,0x8,83,84,1,2,0x0,0x4,0,0,241,1295,0.156901041667
97,2048,0,0x7A6613735F638510,0x5,0x2,99,113,14,1,0x7,0x7,1,1,333,1715,0.162597656250
97,2048,1,0x7A6613735F638510,0x5,0x8,111,113,2,1,0xD,0xA,1,0,333,1715,0.162597656250
97,2048,2,0x7A6613735F638510,0x5,0xB,106,119,13,1,0xE,0x7,1,0,346,1702,0.168945312500
97,2048,3,0x7A6613735F638510,0x5,0xC,110,116,6,1,0x9,0x1,1,0,352,1696,0.171875000000
97,2048,4,0x7A6613735F638510,0x5,0x7,94,118,24,1,0x2,0x2,1,1,342,1706,0.166992187500
97,2048,5,0x7A6613735F638510,0x5,0x9,107,113,6,1,0xC,0xC,1,1,330,1718,0.161132812500
97,2048,6,0x7A6613735F638510,0x5,0xC,105,113,8,1,0x9,0xA,1,0,333,1715,0.162597656250
97,2048,7,0x7A6613735F638510,0x5,0xD,110,113,3,1,0x8,0x4,1,0,321,1727,0.156738281250
97,3072,0,0x7A6613735F638510,0x5,0x2,167,177,10,1,0x7,0x7,1,1,508,2564,0.165364583333
97,3072,1,0x7A6613735F638510,0x5,0xF,162,178,16,1,0xA,0xA,1,1,497,2575,0.161783854167
97,3072,2,0x7A6613735F638510,0x5,0x4,180,182,2,1,0x1,0x7,1,0,522,2550,0.169921875000
97,3072,3,0x7A6613735F638510,0x5,0xD,169,170,1,1,0x8,0x1,1,0,518,2554,0.168619791667
97,3072,4,0x7A6613735F638510,0x5,0x7,153,173,20,1,0x2,0x2,1,1,518,2554,0.168619791667
97,3072,5,0x7A6613735F638510,0x5,0x9,166,167,1,1,0xC,0xC,1,1,501,2571,0.163085937500
97,3072,6,0x7A6613735F638510,0x5,0xF,169,172,3,1,0xA,0xA,1,1,497,2575,0.161783854167
97,3072,7,0x7A6613735F638510,0x5,0x1,163,177,14,1,0x4,0x4,1,1,486,2586,0.158203125000
97,4096,0,0x7A6613735F638510,0x5,0x2,223,245,22,1,0x7,0x7,1,1,682,3414,0.166503906250
97,4096,1,0x7A6613735F638510,0x5,0xF,216,242,26,1,0xA,0xA,1,1,679,3417,0.165771484375
97,4096,2,0x7A6613735F638510,0x5,0x2,232,242,10,1,0x7,0x7,1,1,695,3401,0.169677734375
97,4096,3,0x7A6613735F638510,0x5,0xD,227,233,6,1,0x8,0x1,1,0,693,3403,0.169189453125
97,4096,4,0x7A6613735F638510,0x5,0x7,196,234,38,1,0x2,0x2,1,1,702,3394,0.171386718750
97,4096,5,0x7A6613735F638510,0x5,0x9,215,220,5,1,0xC,0xC,1,1,676,3420,0.165039062500
97,4096,6,0x7A6613735F638510,0x5,0xF,218,238,20,1,0xA,0xA,1,1,666,3430,0.162597656250
97,4096,7,0x7A6613735F638510,0x5,0x1,213,234,21,1,0x4,0x4,1,1,651,3445,0.158935546875
97,6144,0,0x7A6613735F638510,0x5,0x2,333,368,35,1,0x7,0x7,1,1,1031,5113,0.167805989583
97,6144,1,0x7A6613735F638510,0x5,0xF,331,345,14,1,0xA,0xA,1,1,1038,5106,0.168945312500
97,6144,2,0x7A6613735F638510,0x5,0x2,320,365,45,1,0x7,0x7,1,1,1018,5126,0.165690104167
97,6144,3,0x7A6613735F638510,0x5,0xF,347,357,10,1,0xA,0x1,1,0,1031,5113,0.167805989583
97,6144,4,0x7A6613735F638510,0x5,0x7,306,363,57,1,0x2,0x2,1,1,1020,5124,0.166015625000
97,6144,5,0x7A6613735F638510,0x5,0x9,328,345,17,1,0xC,0xC,1,1,999,5145,0.162597656250
97,6144,6,0x7A6613735F638510,0x5,0xF,319,351,32,1,0xA,0xA,1,1,995,5149,0.161946614583
97,6144,7,0x7A6613735F638510,0x5,0x1,324,364,40,1,0x4,0x4,1,1,989,5155,0.160970052083
97,8192,0,0x7A6613735F638510,0x5,0x2,442,489,47,1,0x7,0x7,1,1,1364,6828,0.166503906250
97,8192,1,0x7A6613735F638510,0x5,0xF,443,447,4,1,0xA,0xA,1,1,1346,6846,0.164306640625
97,8192,2,0x7A6613735F638510,0x5,0x2,410,489,79,1,0x7,0x7,1,1,1383,6809,0.168823242188
97,8192,3,0x7A6613735F638510,0x5,0x4,455,472,17,1,0x1,0x1,1,1,1384,6808,0.168945312500
97,8192,4,0x7A6613735F638510,0x5,0x7,404,485,81,1,0x2,0x2,1,1,1364,6828,0.166503906250
97,8192,5,0x7A6613735F638510,0x5,0x9,437,480,43,1,0xC,0xC,1,1,1343,6849,0.163940429688
97,8192,6,0x7A6613735F638510,0x5,0xF,422,482,60,1,0xA,0xA,1,1,1358,6834,0.165771484375
97,8192,7,0x7A6613735F638510,0x5,0x1,431,489,58,1,0x4,0x4,1,1,1327,6865,0.161987304688
97,12288,0,0x7A6613735F638510,0x5,0x2,617,722,105,1,0x7,0x7,1,1,2043,10245,0.166259765625
97,12288,1,0x7A6613735F638510,0x5,0xF,659,728,69,1,0xA,0xA,1,1,2010,10278,0.163574218750
97,12288,2,0x7A6613735F638510,0x5,0x2,610,754,144,1,0x7,0x7,1,1,2060,10228,0.167643229167
97,12288,3,0x7A6613735F638510,0x5,0x4,691,726,35,1,0x1,0x1,1,1,2055,10233,0.167236328125
97,12288,4,0x7A6613735F638510,0x5,0x7,608,735,127,1,0x2,0x2,1,1,1999,10289,0.162679036458
97,12288,5,0x7A6613735F638510,0x5,0x9,657,721,64,1,0xC,0xC,1,1,2029,10259,0.165120442708
97,12288,6,0x7A6613735F638510,0x5,0xF,613,709,96,1,0xA,0xA,1,1,2020,10268,0.164388020833
97,12288,7,0x7A6613735F638510,0x5,0x1,624,734,110,1,0x4,0x4,1,1,2033,10255,0.165445963542
97,16384,0,0x7A6613735F638510,0x5,0x2,819,972,153,1,0x7,0x7,1,1,2719,13665,0.165954589844
97,16384,1,0x7A6613735F638510,0x5,0xF,889,976,87,1,0xA,0xA,1,1,2724,13660,0.166259765625
97,16384,2,0x7A6613735F638510,0x5,0x2,838,1002,164,1,0x7,0x7,1,1,2685,13699,0.163879394531
97,16384,3,0x7A6613735F638510,0x5,0x4,880,989,109,1,0x1,0x1,1,1,2736,13648,0.166992187500
97,16384,4,0x7A6613735F638510,0x5,0x7,806,1002,196,1,0x2,0x2,1,1,2652,13732,0.161865234375
97,16384,5,0x7A6613735F638510,0x5,0x9,859,997,138,1,0xC,0xC,1,1,2738,13646,0.167114257812
97,16384,6,0x7A6613735F638510,0x5,0xF,834,963,129,1,0xA,0xA,1,1,2694,13690,0.164428710938
97,16384,7,0x7A6613735F638510,0x5,0x1,824,971,147,1,0x4,0x4,1,1,2685,13699,0.163879394531
97,24576,0,0x7A6613735F638510,0x5,0x2,1231,1487,256,1,0x7,0x7,1,1,4047,20529,0.164672851562
97,24576,1,0x7A6613735F638510,0x5,0xF,1289,1469,180,1,0xA,0xA,1,1,4097,20479,0.166707356771
97,24576,2,0x7A6613735F638510,0x5,0x2,1252,1509,257,1,0x7,0x7,1,1,4013,20563,0.163289388021
97,24576,3,0x7A6613735F638510,0x5,0x4,1330,1505,175,1,0x1,0x1,1,1,4075,20501,0.165812174479
97,24576,4,0x7A6613735F638510,0x5,0x7,1230,1472,242,1,0x2,0x2,1,1,4061,20515,0.165242513021
97,24576,5,0x7A6613735F638510,0x5,0x9,1311,1490,179,1,0xC,0xC,1,1,4075,20501,0.165812174479
97,24576,6,0x7A6613735F638510,0x5,0xF,1268,1453,185,1,0xA,0xA,1,1,4064,20512,0.165364583333
97,24576,7,0x7A6613735F638510,0x5,0x1,1237,1503,266,1,0x4,0x4,1,1,3986,20590,0.162190755208
97,32768,0,0x7A6613735F638510,0x5,0x2,1712,2001,289,1,0x7,0x7,1,1,5412,27356,0.165161132812
97,32768,1,0x7A6613735F638510,0x5,0xF,1720,1955,235,1,0xA,0xA,1,1,5403,27365,0.164886474609
97,32768,2,0x7A6613735F638510,0x5,0x2,1646,2003,357,1,0x7,0x7,1,1,5350,27418,0.163269042969
97,32768,3,0x7A6613735F638510,0x5,0x4,1769,1999,230,1,0x1,0x1,1,1,5371,27397,0.163909912109
97,32768,4,0x7A6613735F638510,0x5,0x7,1668,1931,263,1,0x2,0x2,1,1,5347,27421,0.163177490234
97,32768,5,0x7A6613735F638510,0x5,0x9,1713,2020,307,1,0xC,0xC,1,1,5485,27283,0.167388916016
97,32768,6,0x7A6613735F638510,0x5,0xF,1692,1959,267,1,0xA,0xA,1,1,5377,27391,0.164093017578
97,32768,7,0x7A6613735F638510,0x5,0x1,1670,2010,340,1,0x4,0x4,1,1,5330,27438,0.162658691406
98,512,0,0xE05B64DCEBB1AA94,0x9,0x6,18,22,4,1,0xF,0x9,1,0,91,421,0.177734375000
98,512,1,0xE05B64DCEBB1AA94,0x9,0xF,25,27,2,1,0x6,0x2,1,0,74,438,0.144531250000
98,512,2,0xE05B64DCEBB1AA94,0x9,0xB,15,21,6,1,0x2,0x4,1,0,81,431,0.158203125000
98,512,3,0xE05B64DCEBB1AA94,0x9,0x4,23,26,3,1,0xD,0xD,1,1,80,432,0.156250000000
98,512,4,0xE05B64DCEBB1AA94,0x9,0xF,23,26,3,1,0x6,0xF,1,0,81,431,0.158203125000
98,512,5,0xE05B64DCEBB1AA94,0x9,0xB,19,22,3,1,0x2,0x2,1,1,82,430,0.160156250000
98,512,6,0xE05B64DCEBB1AA94,0x9,0x6,17,23,6,1,0xF,0xF,1,1,93,419,0.181640625000
98,512,7,0xE05B64DCEBB1AA94,0x9,0x5,21,28,7,1,0xC,0xC,1,1,84,428,0.164062500000
98,1024,0,0xE05B64DCEBB1AA94,0x9,0x0,46,52,6,1,0x9,0x9,1,1,169,855,0.165039062500
98,1024,1,0xE05B64DCEBB1AA94,0x9,0xB,53,56,3,1,0x2,0x2,1,1,154,870,0.150390625000
98,1024,2,0xE05B64DCEBB1AA94,0x9,0xD,43,52,9,1,0x4,0x4,1,1,169,855,0.165039062500
98,1024,3,0xE05B64DCEBB1AA94,0x9,0x4,44,52,8,1,0xD,0xD,1,1,151,873,0.147460937500
98,1024,4,0xE05B64DCEBB1AA94,0x9,0xF,46,52,6,1,0x6,0xF,1,0,161,863,0.157226562500
98,1024,5,0xE05B64DCEBB1AA94,0x9,0xB,47,48,1,1,0x2,0x2,1,1,159,865,0.155273437500
98,1024,6,0xE05B64DCEBB1AA94,0x9,0x6,38,45,7,1,0xF,0xF,1,1,169,855,0.165039062500
98,1024,7,0xE05B64DCEBB1AA94,0x9,0x5,50,52,2,1,0xC,0xC,1,1,167,857,0.163085937500
98,1536,0,0xE05B64DCEBB1AA94,0x9,0x3,72,84,12,1,0xA,0x9,1,0,245,1291,0.159505208333
98,1536,1,0xE05B64DCEBB1AA94,0x9,0xB,79,89,10,1,0x2,0x2,1,1,237,1299,0.154296875000
98,1536,2,0xE05B64DCEBB1AA94,0x9,0xD,66,86,20,1,0x4,0x4,1,1,244,1292,0.158854166667
98,1536,3,0xE05B64DCEBB1AA94,0x9,0x4,73,86,13,1,0xD,0xD,1,1,247,1289,0.160807291667
98,1536,4,0xE05B64DCEBB1AA94,0x9,0x6,75,76,1,1,0xF,0xF,1,1,247,1289,0.160807291667
98,1536,5,0xE05B64DCEBB1AA94,0x9,0xB,67,80,13,1,0x2,0x2,1,1,239,1297,0.155598958333
98,1536,6,0xE05B64DCEBB1AA94,0x9,0x6,56,69,13,1,0xF,0xF,1,1,253,1283,0.164713541667
98,1536,7,0xE05B64DCEBB1AA94,0x9,0x5,79,84,5,1,0xC,0xC,1,1,241,1295,0.156901041667
98,2048,0,0xE05B64DCEBB1AA94,0x9,0x3,101,112,11,1,0xA,0x9,1,0,332,1716,0.162109375000
98,2048,1,0xE05B64DCEBB1AA94,0x9,0xB,106,109,3,1,0x2,0x2,1,1,326,1722,0.159179687500
98,2048,2,0xE05B64DCEBB1AA94,0x9,0xD,89,109,20,1,0x4,0x4,1,1,333,1715,0.162597656250
98,2048,3,0xE05B64DCEBB1AA94,0x9,0x4,100,114,14,1,0xD,0xD,1,1,331,1717,0.161621093750
98,2048,4,0xE05B64DCEBB1AA94,0x9,0x6,99,109,10,1,0xF,0xF,1,1,323,1725,0.157714843750
98,2048,5,0xE05B64DCEBB1AA94,0x9,0xB,92,102,10,1,0x2,0x2,1,1,323,1725,0.157714843750
98,2048,6,0xE05B64DCEBB1AA94,0x9,0x6,83,98,15,1,0xF,0xF,1,1,323,1725,0.157714843750
98,2048,7,0xE05B64DCEBB1AA94,0x9,0x5,99,114,15,1,0xC,0xC,1,1,338,1710,0.165039062500
98,3072,0,0xE05B64DCEBB1AA94,0x9,0x3,158,167,9,1,0xA,0x9,1,0,493,2579,0.160481770833
98,3072,1,0xE05B64DCEBB1AA94,0x9,0xB,153,166,13,1,0x2,0x2,1,1,484,2588,0.157552083333
98,3072,2,0xE05B64DCEBB1AA94,0x9,0xD,139,164,25,1,0x4,0x4,1,1,534,2538,0.173828125000
98,3072,3,0xE05B64DCEBB1AA94,0x9,0x4,149,180,31,1,0xD,0xD,1,1,502,2570,0.163411458333
98,3072,4,0xE05B64DCEBB1AA94,0x9,0x6,144,173,29,1,0xF,0xF,1,1,517,2555,0.168294270833
98,3072,5,0xE05B64DCEBB1AA94,0x9,0xB,144,165,21,1,0x2,0x2,1,1,478,2594,0.155598958333
98,3072,6,0xE05B64DCEBB1AA94,0x9,0x6,143,157,14,1,0xF,0xF,1,1,487,2585,0.158528645833
98,3072,7,0xE05B64DCEBB1AA94,0x9,0x5,147,173,26,1,0xC,0xC,1,1,520,2552,0.169270833333
98,4096,0,0xE05B64DCEBB1AA94,0x9,0x3,223,228,5,1,0xA,0x9,1,0,666,3430,0.162597656250
98,4096,1,0xE05B64DCEBB1AA94,0x9,0xB,214,225,11,1,0x2,0x2,1,1,622,3474,0.151855468750
98,4096,2,0xE05B64DCEBB1AA94,0x9,0xD,201,231,30,1,0x4,0x4,1,1,710,3386,0.173339843750
98,4096,3,0xE05B64DCEBB1AA94,0x9,0x4,204,235,31,1,0xD,0xD,1,1,671,3425,0.163818359375
98,4096,4,0xE05B64DCEBB1AA94,0x9,0x6,204,225,21,1,0xF,0xF,1,1,683,3413,0.166748046875
98,4096,5,0xE05B64DCEBB1AA94,0x9,0xB,204,228,24,1,0x2,0x2,1,1,647,3449,0.157958984375
98,4096,6,0xE05B64DCEBB1AA94,0x9,0x6,195,236,41,1,0xF,0xF,1,1,672,3424,0.164062500000
98,4096,7,0xE05B64DCEBB1AA94,0x9,0x5,208,233,25,1,0xC,0xC,1,1,699,3397,0.170654296875
98,6144,0,0xE05B64DCEBB1AA94,0x9,0x0,336,355,19,1,0x9,0x9,1,1,1005,5139,0.163574218750
98,6144,1,0xE05B64DCEBB1AA94,0x9,0xB,329,366,37,1,0x2,0x2,1,1,956,5188,0.155598958333
98,6144,2,0xE05B64DCEBB1AA94,0x9,0xD,298,366,68,1,0x4,0x4,1,1,1052,5092,0.171223958333
98,6144,3,0xE05B64DCEBB1AA94,0x9,0x4,325,366,41,1,0xD,0xD,1,1,1036,5108,0.168619791667
98,6144,4,0xE05B64DCEBB1AA94,0x9,0x6,303,352,49,1,0xF,0xF,1,1,1007,5137,0.163899739583
98,6144,5,0xE05B64DCEBB1AA94,0x9,0xB,309,360,51,1,0x2,0x2,1,1,981,5163,0.159667968750
98,6144,6,0xE05B64DCEBB1AA94,0x9,0x6,294,336,42,1,0xF,0xF,1,1,994,5150,0.161783854167
98,6144,7,0xE05B64DCEBB1AA94,0x9,0x5,315,359,44,1,0xC,0xC,1,1,1058,5086,0.172200520833
98,8192,0,0xE05B64DCEBB1AA94,0x9,0x0,445,485,40,1,0x9,0x9,1,1,1315,6877,0.160522460938
98,8192,1,0xE05B64DCEBB1AA94,0x9,0xB,448,483,35,1,0x2,0x2,1,1,1286,6906,0.156982421875
98,8192,2,0xE05B64DCEBB1AA94,0x9,0xD,403,477,74,1,0x4,0x4,1,1,1422,6770,0.173583984375
98,8192,3,0xE05B64DCEBB1AA94,0x9,0x4,441,492,51,1,0xD,0xD,1,1,1381,6811,0.168579101562
98,8192,4,0xE05B64DCEBB1AA94,0x9,0x6,410,456,46,1,0xF,0xF,1,1,1377,6815,0.168090820312
98,8192,5,0xE05B64DCEBB1AA94,0x9,0xB,414,485,71,1,0x2,0x2,1,1,1330,6862,0.162353515625
98,8192,6,0xE05B64DCEBB1AA94,0x9,0x6,404,467,63,1,0xF,0xF,1,1,1317,6875,0.160766601562
98,8192,7,0xE05B64DCEBB1AA94,0x9,0x5,440,482,42,1,0xC,0xC,1,1,1412,6780,0.172363281250
98,12288,0,0xE05B64DCEBB1AA94,0x9,0x0,682,716,34,1,0x9,0x9,1,1,1940,10348,0.157877604167
98,12288,1,0xE05B64DCEBB1AA94,0x9,0xB,701,724,23,1,0x2,0x2,1,1,1942,10346,0.158040364583
98,12288,2,0xE05B64DCEBB1AA94,0x9,0xD,628,739,111,1,0x4,0x4,1,1,2110,10178,0.171712239583
98,12288,3,0xE05B64DCEBB1AA94,0x9,0x4,636,740,104,1,0xD,0xD,1,1,2053,10235,0.167073567708
98,12288,4,0xE05B64DCEBB1AA94,0x9,0x6,612,714,102,1,0xF,0xF,1,1,2037,10251,0.165771484375
98,12288,5,0xE05B64DCEBB1AA94,0x9,0xB,629,730,101,1,0x2,0x2,1,1,2019,10269,0.164306640625
98,12288,6,0xE05B64DCEBB1AA94,0x9,0x6,607,717,110,1,0xF,0xF,1,1,1987,10301,0.161702473958
98,12288,7,0xE05B64DCEBB1AA94,0x9,0x5,654,725,71,1,0xC,0xC,1,1,2088,10200,0.169921875000
98,16384,0,0xE05B64DCEBB1AA94,0x9,0x0,897,970,73,1,0x9,0x9,1,1,2616,13768,0.159667968750
98,16384,1,0xE05B64DCEBB1AA94,0x9,0xB,919,974,55,1,0x2,0x2,1,1,2644,13740,0.161376953125
98,16384,2,0xE05B64DCEBB1AA94,0x9,0xD,819,979,160,1,0x4,0x4,1,1,2730,13654,0.166625976562
98,16384,3,0xE05B64DCEBB1AA94,0x9,0x4,845,984,139,1,0xD,0xD,1,1,2735,13649,0.166931152344
98,16384,4,0xE05B64DCEBB1AA94,0x9,0x6,816,969,153,1,0xF,0xF,1,1,2744,13640,0.167480468750
98,16384,5,0xE05B64DCEBB1AA94,0x9,0xB,876,959,83,1,0x2,0x2,1,1,2667,13717,0.162780761719
98,16384,6,0xE05B64DCEBB1AA94,0x9,0x6,806,997,191,1,0xF,0xF,1,1,2704,13680,0.165039062500
98,16384,7,0xE05B64DCEBB1AA94,0x9,0x5,848,968,120,1,0xC,0xC,1,1,2740,13644,0.167236328125
98,24576,0,0xE05B64DCEBB1AA94,0x9,0x0,1326,1459,133,1,0x9,0x9,1,1,3928,20648,0.159830729167
98,24576,1,0xE05B64DCEBB1AA94,0x9,0xB,1337,1499,162,1,0x2,0x2,1,1,3991,20585,0.162394205729
98,24576,2,0xE05B64DCEBB1AA94,0x9,0xD,1234,1484,250,1,0x4,0x4,1,1,4103,20473,0.166951497396
98,24576,3,0xE05B64DCEBB1AA94,0x9,0x4,1254,1466,212,1,0xD,0xD,1,1,4090,20486,0.166422526042
98,24576,4,0xE05B64DCEBB1AA94,0x9,0x6,1207,1482,275,1,0xF,0xF,1,1,4132,20444,0.168131510417
98,24576,5,0xE05B64DCEBB1AA94,0x9,0xB,1298,1441,143,1,0x2,0x2,1,1,3996,20580,0.162597656250
98,24576,6,0xE05B64DCEBB1AA94,0x9,0x6,1277,1486,209,1,0xF,0xF,1,1,4034,20542,0.164143880208
98,24576,7,0xE05B64DCEBB1AA94,0x9,0x5,1290,1454,164,1,0xC,0xC,1,1,4089,20487,0.166381835938
98,32768,0,0xE05B64DCEBB1AA94,0x9,0x0,1721,1984,263,1,0x9,0x9,1,1,5297,27471,0.161651611328
98,32768,1,0xE05B64DCEBB1AA94,0x9,0xB,1734,1995,261,1,0x2,0x2,1,1,5331,27437,0.162689208984
98,32768,2,0xE05B64DCEBB1AA94,0x9,0xD,1647,2011,364,1,0x4,0x4,1,1,5503,27265,0.167938232422
98,32768,3,0xE05B64DCEBB1AA94,0x9,0x4,1661,1985,324,1,0xD,0xD,1,1,5442,27326,0.166076660156
98,32768,4,0xE05B64DCEBB1AA94,0x9,0x6,1626,1990,364,1,0xF,0xF,1,1,5528,27240,0.168701171875
98,32768,5,0xE05B64DCEBB1AA94,0x9,0xB,1727,1980,253,1,0x2,0x2,1,1,5303,27465,0.161834716797
98,32768,6,0xE05B64DCEBB1AA94,0x9,0x6,1706,1993,287,1,0xF,0xF,1,1,5421,27347,0.165435791016
98,32768,7,0xE05B64DCEBB1AA94,0x9,0x5,1696,1989,293,1,0xC,0xC,1,1,5416,27352,0.165283203125
99,512,0,0x84357702EC09CF6C,0x9,0x8,23,24,1,1,0x1,0xA,1,0,88,424,0.171875000000
99,512,1,0x84357702EC09CF6C,0x9,0x7,21,25,4,1,0xE,0x7,1,0,84,428,0.164062500000
99,512,2,0x84357702EC09CF6C,0x9,0x9,25,28,3,2,0x0,0x4,0,0,82,430,0.160156250000
99,512,3,0x84357702EC09CF6C,0x9,0x4,24,25,1,1,0xD,0xB,1,0,89,423,0.173828125000
99,512,4,0x84357702EC09CF6C,0x9,0x5,20,24,4,1,0xC,0x5,1,0,88,424,0.171875000000
99,512,5,0x84357702EC09CF6C,0x9,0x5,22,25,3,2,0x0,0xF,0,0,81,431,0.158203125000
99,512,6,0x84357702EC09CF6C,0x9,0xE,17,23,6,1,0x7,0xA,1,0,71,441,0.138671875000
99,512,7,0x84357702EC09CF6C,0x9,0xA,21,23,2,1,0x3,0x5,1,0,78,434,0.152343750000
99,1024,0,0x84357702EC09CF6C,0x9,0x2,46,52,6,1,0xB,0xA,1,0,175,849,0.170898437500
99,1024,1,0x84357702EC09CF6C,0x9,0xE,49,54,5,1,0x7,0x7,1,1,166,858,0.162109375000
99,1024,2,0x84357702EC09CF6C,0x9,0xD,47,52,5,1,0x4,0x4,1,1,160,864,0.156250000000
99,1024,3,0x84357702EC09CF6C,0x9,0x8,49,56,7,1,0x1,0xB,1,0,186,838,0.181640625000
99,1024,4,0x84357702EC09CF6C,0x9,0x5,45,53,8,1,0xC,0x5,1,0,184,840,0.179687500000
99,1024,5,0x84357702EC09CF6C,0x9,0xC,45,51,6,1,0x5,0xF,1,0,159,865,0.155273437500
99,1024,6,0x84357702EC09CF6C,0x9,0xD,52,54,2,1,0x4,0xA,1,0,154,870,0.150390625000
99,1024,7,0x84357702EC09CF6C,0x9,0xA,48,49,1,1,0x3,0x5,1,0,178,846,0.173828125000
99,1536,0,0x84357702EC09CF6C,0x9,0x2,73,80,7,1,0xB,0xA,1,0,260,1276,0.169270833333
99,1536,1,0x84357702EC09CF6C,0x9,0xE,71,77,6,1,0x7,0x7,1,1,265,1271,0.172526041667
99,1536,2,0x84357702EC09CF6C,0x9,0xD,78,84,6,1,0x4,0x4,1,1,239,1297,0.155598958333
99,1536,3,0x84357702EC09CF6C,0x9,0x2,82,83,1,1,0xB,0xB,1,1,269,1267,0.175130208333
99,1536,4,0x84357702EC09CF6C,0x9,0x5,72,77,5,1,0xC,0x5,1,0,252,1284,0.164062500000
99,1536,5,0x84357702EC09CF6C,0x9,0xC,72,81,9,1,0x5,0xF,1,0,232,1304,0.151041666667
99,1536,6,0x84357702EC09CF6C,0x9,0xE,81,85,4,2,0x0,0xA,0,0,238,1298,0.154947916667
99,1536,7,0x84357702EC09CF6C,0x9,0xA,72,80,8,1,0x3,0x5,1,0,263,1273,0.171223958333
99,2048,0,0x84357702EC09CF6C,0x9,0x3,101,109,8,1,0xA,0xA,1,1,359,1689,0.175292968750
99,2048,1,0x84357702EC09CF6C,0x9,0xE,101,105,4,1,0x7,0x7,1,1,346,1702,0.168945312500
99,2048,2,0x84357702EC09CF6C,0x9,0xD,97,107,10,1,0x4,0x4,1,1,329,1719,0.160644531250
99,2048,3,0x84357702EC09CF6C,0x9,0x2,109,115,6,1,0xB,0xB,1,1,366,1682,0.178710937500
99,2048,4,0x84357702EC09CF6C,0x9,0x5,95,108,13,1,0xC,0x5,1,0,328,1720,0.160156250000
99,2048,5,0x84357702EC09CF6C,0x9,0xC,108,115,7,1,0x5,0xF,1,0,317,1731,0.154785156250
99,2048,6,0x84357702EC09CF6C,0x9,0xE,105,110,5,1,0x7,0xA,1,0,323,1725,0.157714843750
99,2048,7,0x84357702EC09CF6C,0x9,0xC,105,107,2,1,0x5,0x5,1,1,348,1700,0.169921875000
99,3072,0,0x84357702EC09CF6C,0x9,0x3,161,167,6,1,0xA,0xA,1,1,520,2552,0.169270833333
99,3072,1,0x84357702EC09CF6C,0x9,0xE,158,161,3,1,0x7,0x7,1,1,518,2554,0.168619791667
99,3072,2,0x84357702EC09CF6C,0x9,0xD,154,169,15,1,0x4,0x4,1,1,500,2572,0.162760416667
99,3072,3,0x84357702EC09CF6C,0x9,0x2,156,171,15,1,0xB,0xB,1,1,539,2533,0.175455729167
99,3072,4,0x84357702EC09CF6C,0x9,0x5,165,174,9,1,0xC,0x5,1,0,494,2578,0.160807291667
99,3072,5,0x84357702EC09CF6C,0x9,0x6,165,167,2,1,0xF,0xF,1,1,478,2594,0.155598958333
99,3072,6,0x84357702EC09CF6C,0x9,0x3,167,174,7,1,0xA,0xA,1,1,480,2592,0.156250000000
99,3072,7,0x84357702EC09CF6C,0x9,0xC,157,177,20,1,0x5,0x5,1,1,508,2564,0.165364583333
99,4096,0,0x84357702EC09CF6C,0x9,0x3,222,228,6,1,0xA,0xA,1,1,693,3403,0.169189453125
99,4096,1,0x84357702EC09CF6C,0x9,0xE,200,224,24,1,0x7,0x7,1,1,695,3401,0.169677734375
99,4096,2,0x84357702EC09CF6C,0x9,0xD,209,219,10,1,0x4,0x4,1,1,667,3429,0.162841796875
99,4096,3,0x84357702EC09CF6C,0x9,0x2,217,244,27,1,0xB,0xB,1,1,712,3384,0.173828125000
99,4096,4,0x84357702EC09CF6C,0x9,0xC,227,228,1,1,0x5,0x5,1,1,640,3456,0.156250000000
99,4096,5,0x84357702EC09CF6C,0x9,0x6,214,218,4,1,0xF,0xF,1,1,664,3432,0.162109375000
99,4096,6,0x84357702EC09CF6C,0x9,0x3,219,236,17,1,0xA,0xA,1,1,654,3442,0.159667968750
99,4096,7,0x84357702EC09CF6C,0x9,0xC,218,238,20,1,0x5,0x5,1,1,693,3403,0.169189453125
99,6144,0,0x84357702EC09CF6C,0x9,0x3,335,352,17,1,0xA,0xA,1,1,998,5146,0.162434895833
99,6144,1,0x84357702EC09CF6C,0x9,0xE,297,352,55,1,0x7,0x7,1,1,1047,5097,0.170410156250
99,6144,2,0x84357702EC09CF6C,0x9,0xD,310,340,30,1,0x4,0x4,1,1,998,5146,0.162434895833
99,6144,3,0x84357702EC09CF6C,0x9,0x2,320,361,41,1,0xB,0xB,1,1,1044,5100,0.169921875000
99,6144,4,0x84357702EC09CF6C,0x9,0xC,324,362,38,1,0x5,0x5,1,1,961,5183,0.156412760417
99,6144,5,0x84357702EC09CF6C,0x9,0x6,322,343,21,1,0xF,0xF,1,1,1012,5132,0.164713541667
99,6144,6,0x84357702EC09CF6C,0x9,0x3,304,362,58,1,0xA,0xA,1,1,979,5165,0.159342447917
99,6144,7,0x84357702EC09CF6C,0x9,0xC,331,359,28,1,0x5,0x5,1,1,1050,5094,0.170898437500
99,8192,0,0x84357702EC09CF6C,0x9,0x3,446,491,45,1,0xA,0xA,1,1,1342,6850,0.163818359375
99,8192,1,0x84357702EC09CF6C,0x9,0xE,408,458,50,1,0x7,0x7,1,1,1380,6812,0.168457031250
99,8192,2,0x84357702EC09CF6C,0x9,0xD,420,475,55,1,0x4,0x4,1,1,1361,6831,0.166137695312
99,8192,3,0x84357702EC09CF6C,0x9,0x2,411,478,67,1,0xB,0xB,1,1,1378,6814,0.168212890625
99,8192,4,0x84357702EC09CF6C,0x9,0xC,432,478,46,1,0x5,0x5,1,1,1306,6886,0.159423828125
99,8192,5,0x84357702EC09CF6C,0x9,0x6,433,468,35,1,0xF,0xF,1,1,1364,6828,0.166503906250
99,8192,6,0x84357702EC09CF6C,0x9,0x3,400,484,84,1,0xA,0xA,1,1,1314,6878,0.160400390625
99,8192,7,0x84357702EC09CF6C,0x9,0xC,431,490,59,1,0x5,0x5,1,1,1407,6785,0.171752929688
99,12288,0,0x84357702EC09CF6C,0x9,0x3,651,739,88,1,0xA,0xA,1,1,1983,10305,0.161376953125
99,12288,1,0x84357702EC09CF6C,0x9,0xE,631,742,111,1,0x7,0x7,1,1,2033,10255,0.165445963542
99,12288,2,0x84357702EC09CF6C,0x9,0xD,624,732,108,1,0x4,0x4,1,1,2032,10256,0.165364583333
99,12288,3,0x84357702EC09CF6C,0x9,0x2,635,742,107,1,0xB,0xB,1,1,2049,10239,0.166748046875
99,12288,4,0x84357702EC09CF6C,0x9,0xC,659,747,88,1,0x5,0x5,1,1,1979,10309,0.161051432292
99,12288,5,0x84357702EC09CF6C,0x9,0x6,637,727,90,1,0xF,0xF,1,1,2036,10252,0.165690104167
99,12288,6,0x84357702EC09CF6C,0x9,0x3,608,702,94,1,0xA,0xA,1,1,1983,10305,0.161376953125
99,12288,7,0x84357702EC09CF6C,0x9,0xC,639,743,104,1,0x5,0x5,1,1,2079,10209,0.169189453125
99,16384,0,0x84357702EC09CF6C,0x9,0x3,870,981,111,1,0xA,0xA,1,1,2685,13699,0.163879394531
99,16384,1,0x84357702EC09CF6C,0x9,0xE,839,1000,161,1,0x7,0x7,1,1,2720,13664,0.166015625000
99,16384,2,0x84357702EC09CF6C,0x9,0xD,826,984,158,1,0x4,0x4,1,1,2713,13671,0.165588378906
99,16384,3,0x84357702EC09CF6C,0x9,0x2,857,1002,145,1,0xB,0xB,1,1,2763,13621,0.168640136719
99,16384,4,0x84357702EC09CF6C,0x9,0xC,862,995,133,1,0x5,0x5,1,1,2668,13716,0.162841796875
99,16384,5,0x84357702EC09CF6C,0x9,0x6,841,980,139,1,0xF,0xF,1,1,2686,13698,0.163940429688
99,16384,6,0x84357702EC09CF6C,0x9,0x3,827,943,116,1,0xA,0xA,1,1,2649,13735,0.161682128906
99,16384,7,0x84357702EC09CF6C,0x9,0xC,838,975,137,1,0x5,0x5,1,1,2715,13669,0.165710449219
99,24576,0,0x84357702EC09CF6C,0x9,0x3,1277,1496,219,1,0xA,0xA,1,1,3996,20580,0.162597656250
99,24576,1,0x84357702EC09CF6C,0x9,0xE,1264,1497,233,1,0x7,0x7,1,1,3999,20577,0.162719726562
99,24576,2,0x84357702EC09CF6C,0x9,0xD,1259,1499,240,1,0x4,0x4,1,1,4074,20502,0.165771484375
99,24576,3,0x84357702EC09CF6C,0x9,0x2,1341,1504,163,1,0xB,0xB,1,1,4105,20471,0.167032877604
99,24576,4,0x84357702EC09CF6C,0x9,0xC,1321,1473,152,1,0x5,0x5,1,1,3998,20578,0.162679036458
99,24576,5,0x84357702EC09CF6C,0x9,0x6,1299,1507,208,1,0xF,0xF,1,1,4079,20497,0.165974934896
99,24576,6,0x84357702EC09CF6C,0x9,0x3,1241,1436,195,1,0xA,0xA,1,1,3952,20624,0.160807291667
99,24576,7,0x84357702EC09CF6C,0x9,0xC,1311,1461,150,1,0x5,0x5,1,1,4022,20554,0.163655598958
99,32768,0,0x84357702EC09CF6C,0x9,0x3,1695,2007,312,1,0xA,0xA,1,1,5409,27359,0.165069580078
99,32768,1,0x84357702EC09CF6C,0x9,0xE,1668,1994,326,1,0x7,0x7,1,1,5408,27360,0.165039062500
99,32768,2,0x84357702EC09CF6C,0x9,0xD,1662,1998,336,1,0x4,0x4,1,1,5425,27343,0.165557861328
99,32768,3,0x84357702EC09CF6C,0x9,0x2,1749,2003,254,1,0xB,0xB,1,1,5463,27305,0.166717529297
99,32768,4,0x84357702EC09CF6C,0x9,0xC,1709,1950,241,1,0x5,0x5,1,1,5341,27427,0.162994384766
99,32768,5,0x84357702EC09CF6C,0x9,0x6,1738,2028,290,1,0xF,0xF,1,1,5417,27351,0.165313720703
99,32768,6,0x84357702EC09CF6C,0x9,0x3,1658,1926,268,1,0xA,0xA,1,1,5286,27482,0.161315917969
99,32768,7,0x84357702EC09CF6C,0x9,0xC,1748,1992,244,1,0x5,0x5,1,1,5373,27395,0.163970947266
